random_seed,split_seed,sample_ratio,r2
0,0,0.05,0.8072133487598583
0,0,0.10,0.9918995769494029
0,0,0.15,0.9744972301304938
0,0,0.20,0.9998759411330767
0,0,0.25,0.9997912368735754
0,0,0.30,0.9998929062823183
0,0,0.35,0.9824744125317565
0,0,0.40,0.999274448043305
0,0,0.45,0.9999536852026297
0,0,0.50,0.999531775454368
0,0,0.55,0.9993208860627971
0,0,0.60,0.6135351043653631
0,0,0.65,0.999952675814994
0,0,0.70,0.9999454059436774
0,0,0.75,0.999964791028104
0,0,0.80,0.9999438674233647
0,0,0.85,0.9999372985774903
0,0,0.90,0.9997572178530159
0,0,0.95,0.9994826699273892
0,1,0.05,0.4275876205995357
0,1,0.10,0.9884676783380817
0,1,0.15,0.997047163996871
0,1,0.20,0.9924045310006633
0,1,0.25,0.9995320594560507
0,1,0.30,0.9998242781352968
0,1,0.35,0.9933178384575404
0,1,0.40,0.9991607040634876
0,1,0.45,0.6126336499276654
0,1,0.50,0.99947413812485
0,1,0.55,0.6586885775384018
0,1,0.60,0.9998471196177031
0,1,0.65,0.6544410493722321
0,1,0.70,0.9957040953014739
0,1,0.75,0.9996681016674478
0,1,0.80,0.9999698221175918
0,1,0.85,0.9994972814917239
0,1,0.90,0.999292745100784
0,1,0.95,0.999508137579108
0,2,0.05,0.8583819766909291
0,2,0.10,0.9927808261823804
0,2,0.15,0.9865704789862209
0,2,0.20,0.5988768304548011
0,2,0.25,0.9996151709414425
0,2,0.30,0.9989275065909454
0,2,0.35,0.9997141226042301
0,2,0.40,0.9649205457311031
0,2,0.45,0.6431869148949925
0,2,0.50,0.9998668798922946
0,2,0.55,0.9998603345305715
0,2,0.60,0.9809599184996001
0,2,0.65,0.6194178749184673
0,2,0.70,0.9999008735119309
0,2,0.75,0.9956982704245834
0,2,0.80,0.9999411321281171
0,2,0.85,0.999963186405797
0,2,0.90,0.9998810211851319
0,2,0.95,0.9975459375830777
0,3,0.05,0.9914821197062725
0,3,0.10,0.9565999110193997
0,3,0.15,0.9974359410426503
0,3,0.20,0.739722256025543
0,3,0.25,0.5948225727162895
0,3,0.30,0.9998461189056103
0,3,0.35,0.9999240235381109
0,3,0.40,0.9995512402146952
0,3,0.45,0.6370840136007438
0,3,0.50,0.572817231919797
0,3,0.55,0.9938209996721157
0,3,0.60,0.9998575686624596
0,3,0.65,0.9938517003504507
0,3,0.70,0.9999565260442164
0,3,0.75,0.9955366720067784
0,3,0.80,0.99995752296755
0,3,0.85,0.9998896438208302
0,3,0.90,0.9995741826859393
0,3,0.95,0.9985757070805364
0,4,0.05,0.04037155710222451
0,4,0.10,0.48240166714959587
0,4,0.15,0.9665927936252677
0,4,0.20,0.9778137890215728
0,4,0.25,0.9777910021855915
0,4,0.30,0.9994060671755899
0,4,0.35,0.9998382129534839
0,4,0.40,0.9954195151380869
0,4,0.45,0.9999679196451814
0,4,0.50,0.9994006699248359
0,4,0.55,0.9998940208488577
0,4,0.60,0.6460106058201733
0,4,0.65,0.9998642647605284
0,4,0.70,0.9994833659063725
0,4,0.75,0.9999372961736387
0,4,0.80,0.9971220441422979
0,4,0.85,0.9905108398752643
0,4,0.90,0.9994698959106537
0,4,0.95,0.9954171832397086
0,5,0.05,0.44939398414596676
0,5,0.10,0.9501612649090005
0,5,0.15,0.9804725725795864
0,5,0.20,0.9992143929794222
0,5,0.25,0.9994555650316811
0,5,0.30,0.9894071337119013
0,5,0.35,0.9996005189395344
0,5,0.40,0.995061823455438
0,5,0.45,0.9964115424645024
0,5,0.50,0.7170726906847986
0,5,0.55,0.9954926447624212
0,5,0.60,0.9999170730739441
0,5,0.65,0.9997718843428416
0,5,0.70,0.9998181753351206
0,5,0.75,0.9997567946191347
0,5,0.80,0.9999703338618645
0,5,0.85,0.9999322585475819
0,5,0.90,0.9980921990365228
0,5,0.95,0.9961333383067575
0,6,0.05,-1.0341148320824303
0,6,0.10,0.9622121473896039
0,6,0.15,0.994009643157629
0,6,0.20,0.7343569247632644
0,6,0.25,0.9998678444079101
0,6,0.30,0.99739331452399
0,6,0.35,0.9947343549488414
0,6,0.40,0.9993396965582675
0,6,0.45,0.6734941738698321
0,6,0.50,0.99976377947594
0,6,0.55,0.9951462140770688
0,6,0.60,0.9996104073526492
0,6,0.65,0.6947805561545091
0,6,0.70,0.9999552909712561
0,6,0.75,0.9996388616532252
0,6,0.80,0.9999595366820624
0,6,0.85,0.9978276424502505
0,6,0.90,0.9998745328676958
0,6,0.95,0.9999671400613807
0,7,0.05,0.5520605378335806
0,7,0.10,0.9815730941909385
0,7,0.15,0.9944141468496762
0,7,0.20,0.9976596927115872
0,7,0.25,0.9999129509989466
0,7,0.30,0.9972364122968929
0,7,0.35,0.9997075376053314
0,7,0.40,0.9970160315090054
0,7,0.45,0.5874728734752273
0,7,0.50,0.5688883593707983
0,7,0.55,0.9993493345993143
0,7,0.60,0.9985793568086385
0,7,0.65,0.9996751588577589
0,7,0.70,0.9995620112499044
0,7,0.75,0.9998932320450762
0,7,0.80,0.9950197544553366
0,7,0.85,0.9999710328151091
0,7,0.90,0.9999065043050124
0,7,0.95,0.985004158757168
0,8,0.05,0.9539927740686218
0,8,0.10,0.9745729465710056
0,8,0.15,0.9944446108982566
0,8,0.20,0.5339950431557776
0,8,0.25,0.5724350505389519
0,8,0.30,0.9906516282234126
0,8,0.35,0.9989880552569326
0,8,0.40,0.9962601477954279
0,8,0.45,0.9996800089975009
0,8,0.50,0.9993338680994613
0,8,0.55,0.9989624043076456
0,8,0.60,0.6169741437943408
0,8,0.65,0.6395902445980708
0,8,0.70,0.999941591672666
0,8,0.75,0.9999670011737162
0,8,0.80,0.9999641796771392
0,8,0.85,0.998998531244238
0,8,0.90,0.9999639560379323
0,8,0.95,0.6763692952432736
0,9,0.05,0.799537105074034
0,9,0.10,0.9846079510255882
0,9,0.15,0.9890236254555433
0,9,0.20,0.5797977083103705
0,9,0.25,0.9964636989067442
0,9,0.30,0.9949779069890724
0,9,0.35,0.9999275028967073
0,9,0.40,0.9998904659938472
0,9,0.45,0.9960628692309098
0,9,0.50,0.6331348819767619
0,9,0.55,0.9982044001807068
0,9,0.60,0.9992620512213621
0,9,0.65,0.9999233033638373
0,9,0.70,0.9969654233905784
0,9,0.75,0.999397162664697
0,9,0.80,0.9999181777774809
0,9,0.85,0.999958884790539
0,9,0.90,0.9998411386111761
0,9,0.95,0.9985770799823276
1,0,0.05,0.43714243999738667
1,0,0.10,0.9973468725124012
1,0,0.15,0.9987499358840132
1,0,0.20,0.5680568218950747
1,0,0.25,0.9999540271133127
1,0,0.30,0.9920657010353799
1,0,0.35,0.9995901310228547
1,0,0.40,0.9999505620683765
1,0,0.45,0.9998603928975514
1,0,0.50,0.9999084631885435
1,0,0.55,0.9996127019404528
1,0,0.60,0.9979383930642743
1,0,0.65,0.999900701810078
1,0,0.70,0.9988051100587225
1,0,0.75,0.9966420594172941
1,0,0.80,0.9982753609458245
1,0,0.85,0.9992627519885177
1,0,0.90,0.9866607559338763
1,0,0.95,0.9962402374690545
1,1,0.05,0.942169705100347
1,1,0.10,0.993428217904233
1,1,0.15,0.9877342563689309
1,1,0.20,0.9883162208499026
1,1,0.25,0.9993064987315209
1,1,0.30,0.9989794727345074
1,1,0.35,0.9990689300129844
1,1,0.40,0.9993844353296106
1,1,0.45,0.9999262631359929
1,1,0.50,0.9995589699726007
1,1,0.55,0.9999667856677384
1,1,0.60,0.9844749653262338
1,1,0.65,0.9999463106114078
1,1,0.70,0.9996119662593751
1,1,0.75,0.9999466030867292
1,1,0.80,0.9998772742112759
1,1,0.85,0.9997734767617893
1,1,0.90,0.9999731106448344
1,1,0.95,0.9991194552882451
1,2,0.05,0.9558310548793602
1,2,0.10,0.9561189286456826
1,2,0.15,0.9976236958814462
1,2,0.20,0.6440111254943024
1,2,0.25,0.9994379922824566
1,2,0.30,0.9995713581798444
1,2,0.35,0.9997010849957642
1,2,0.40,0.9999446481188299
1,2,0.45,0.9966998486872194
1,2,0.50,0.9999566904163244
1,2,0.55,0.9994995810300773
1,2,0.60,0.6095529669889089
1,2,0.65,0.9999181306642231
1,2,0.70,0.999970942976765
1,2,0.75,0.9992380480627794
1,2,0.80,0.9999284936996075
1,2,0.85,0.9999028797297458
1,2,0.90,0.9992794384333721
1,2,0.95,0.9947110660161732
1,3,0.05,0.9112005119061243
1,3,0.10,0.9657028237276104
1,3,0.15,0.9999623229473388
1,3,0.20,0.9904040446751022
1,3,0.25,0.9998913654174668
1,3,0.30,0.99992938803127
1,3,0.35,0.9976098828296933
1,3,0.40,0.9991878062235167
1,3,0.45,0.9980188466552457
1,3,0.50,0.9999606715931029
1,3,0.55,0.9998285815197093
1,3,0.60,0.6311290307218318
1,3,0.65,0.99612209064303
1,3,0.70,0.9999562340116689
1,3,0.75,0.9993636153721828
1,3,0.80,0.9995042424695569
1,3,0.85,0.9996645377818009
1,3,0.90,0.9979922742801539
1,3,0.95,0.9997233540043239
1,4,0.05,0.9731344585540176
1,4,0.10,0.9783898400136256
1,4,0.15,0.9997519807739748
1,4,0.20,0.9957668394466809
1,4,0.25,0.9974172847395117
1,4,0.30,0.9987838436299348
1,4,0.35,0.9998792508474454
1,4,0.40,0.9999778707330454
1,4,0.45,0.9999185384162468
1,4,0.50,0.9999372463909224
1,4,0.55,0.9996529931791822
1,4,0.60,0.9992425218217782
1,4,0.65,0.9995013292804549
1,4,0.70,0.999970915294419
1,4,0.75,0.9978985909510079
1,4,0.80,0.9990825817014259
1,4,0.85,0.9995989114750523
1,4,0.90,0.9993670409996659
1,4,0.95,0.9999250437530296
1,5,0.05,0.913116592059979
1,5,0.10,0.9979564466226081
1,5,0.15,0.9610636240189394
1,5,0.20,0.9596762448464331
1,5,0.25,0.9999217271563152
1,5,0.30,0.9906942423762051
1,5,0.35,0.9997083892316787
1,5,0.40,0.9999645407858437
1,5,0.45,0.9999558765526874
1,5,0.50,0.9999696895917989
1,5,0.55,0.9997341132704548
1,5,0.60,0.9997260935367902
1,5,0.65,0.9999034218688486
1,5,0.70,0.9992926488049693
1,5,0.75,0.9997571476738605
1,5,0.80,0.9999601732183564
1,5,0.85,0.999875638919813
1,5,0.90,0.9998601166217583
1,5,0.95,0.998895002814742
1,6,0.05,0.08262825074880609
1,6,0.10,0.9937721786212034
1,6,0.15,0.999726000162997
1,6,0.20,0.631147171086176
1,6,0.25,0.9910554685952395
1,6,0.30,0.9999507160754775
1,6,0.35,0.9991043923492906
1,6,0.40,0.9999601826495381
1,6,0.45,0.9999311702520494
1,6,0.50,0.9999181945342053
1,6,0.55,0.9999582639248616
1,6,0.60,0.9965173107981319
1,6,0.65,0.9999697004076206
1,6,0.70,0.9995794430499262
1,6,0.75,0.9998888380173584
1,6,0.80,0.9981024559051169
1,6,0.85,0.9999463161409775
1,6,0.90,0.9997869028492664
1,6,0.95,0.9999626371720371
1,7,0.05,0.9257698228030685
1,7,0.10,0.923292161967265
1,7,0.15,0.9980360500181116
1,7,0.20,0.6295803708973623
1,7,0.25,0.999391360058946
1,7,0.30,0.9995017264845203
1,7,0.35,0.9999503830720242
1,7,0.40,0.9997491696479194
1,7,0.45,0.9996486350689047
1,7,0.50,0.9999492983374685
1,7,0.55,0.9999534490689815
1,7,0.60,0.6330784206309673
1,7,0.65,0.9987727884507859
1,7,0.70,0.9999129570145362
1,7,0.75,0.999957030847829
1,7,0.80,0.9998260369834319
1,7,0.85,0.9889297234799863
1,7,0.90,0.9999609014837318
1,7,0.95,0.9972851893715804
1,8,0.05,0.8474431809117379
1,8,0.10,0.9877689852383775
1,8,0.15,0.9983801883177588
1,8,0.20,0.9964073302636092
1,8,0.25,0.9968263181529862
1,8,0.30,0.9999483062689891
1,8,0.35,0.999184267931696
1,8,0.40,0.9999266918071925
1,8,0.45,0.9958627204238015
1,8,0.50,0.9999471083899877
1,8,0.55,0.9994916056948434
1,8,0.60,0.9955213765791806
1,8,0.65,0.9997253049485249
1,8,0.70,0.9998028781518383
1,8,0.75,0.9986319881784559
1,8,0.80,0.9999356660925319
1,8,0.85,0.9999032593526298
1,8,0.90,0.999963091392817
1,8,0.95,0.99807404154808
1,9,0.05,0.2766355948626741
1,9,0.10,0.9817895566443134
1,9,0.15,0.9891692843380029
1,9,0.20,0.9922727707366047
1,9,0.25,0.9994913923567501
1,9,0.30,0.999925288459319
1,9,0.35,0.9808902312639882
1,9,0.40,0.9748234497402981
1,9,0.45,0.9954715820121866
1,9,0.50,0.9999652061369352
1,9,0.55,0.998340803976882
1,9,0.60,0.9999549865518735
1,9,0.65,0.9999448211655875
1,9,0.70,0.9999244095855426
1,9,0.75,0.9968493699264408
1,9,0.80,0.9995397306788073
1,9,0.85,0.9999404198510804
1,9,0.90,0.9948246582606894
1,9,0.95,0.9999306001243229
2,0,0.05,0.9600177730484657
2,0,0.10,0.9790159675363579
2,0,0.15,0.9952100817984333
2,0,0.20,0.9999227132851912
2,0,0.25,0.9950282968845628
2,0,0.30,0.9882750404274736
2,0,0.35,0.994088055967554
2,0,0.40,0.9999344783283691
2,0,0.45,0.9997417870098415
2,0,0.50,0.9990571412436124
2,0,0.55,0.9934164710775567
2,0,0.60,0.9914179601201898
2,0,0.65,0.999783035980593
2,0,0.70,0.9999397759153047
2,0,0.75,0.9998686308576751
2,0,0.80,0.9999579148616944
2,0,0.85,0.9999628774706519
2,0,0.90,0.9997291530124383
2,0,0.95,0.9999850973022578
2,1,0.05,0.8467887702557371
2,1,0.10,0.98177844139583
2,1,0.15,0.9866060667873024
2,1,0.20,0.9878126589080686
2,1,0.25,0.9940683188473687
2,1,0.30,0.9992442538438193
2,1,0.35,0.9980545173328693
2,1,0.40,0.9995572413880685
2,1,0.45,0.999440816685315
2,1,0.50,0.9998797139665961
2,1,0.55,0.6554879416129478
2,1,0.60,0.9997581836053046
2,1,0.65,0.999891117941631
2,1,0.70,0.9975506861490909
2,1,0.75,0.9999401787904254
2,1,0.80,0.9956367875310206
2,1,0.85,0.9995694288845703
2,1,0.90,0.999901257949878
2,1,0.95,0.9985413658070106
2,2,0.05,0.28238011809382335
2,2,0.10,0.9668679613730564
2,2,0.15,0.9990145550124724
2,2,0.20,0.5680012072020868
2,2,0.25,0.9989584386860819
2,2,0.30,0.6580810807865456
2,2,0.35,0.9995664287096423
2,2,0.40,0.998796430380421
2,2,0.45,0.9955509914375046
2,2,0.50,0.9959632198939498
2,2,0.55,0.994270619787452
2,2,0.60,0.9999193820917768
2,2,0.65,0.9996512557142849
2,2,0.70,0.9993873313471088
2,2,0.75,0.9999302220935604
2,2,0.80,0.9991856193308398
2,2,0.85,0.9998226830553795
2,2,0.90,0.9999642704036378
2,2,0.95,0.9998018454050898
2,3,0.05,0.8816592783330373
2,3,0.10,0.9957613717449034
2,3,0.15,0.996986914935744
2,3,0.20,0.9947085143590814
2,3,0.25,0.999964683049893
2,3,0.30,0.5952001639331674
2,3,0.35,0.9996729357586365
2,3,0.40,0.9934338588196375
2,3,0.45,0.9996716372342539
2,3,0.50,0.999268461980526
2,3,0.55,0.9994105419764959
2,3,0.60,0.9998955737129505
2,3,0.65,0.9997890211622068
2,3,0.70,0.9989567403656915
2,3,0.75,0.9998610717131994
2,3,0.80,0.9998045583260212
2,3,0.85,0.9999489514841998
2,3,0.90,0.9992762448625211
2,3,0.95,0.9937204337243973
2,4,0.05,0.931527722443528
2,4,0.10,0.9378566001306345
2,4,0.15,0.9893502089247489
2,4,0.20,0.9954621969615104
2,4,0.25,0.9997854966514768
2,4,0.30,0.9998874524182579
2,4,0.35,0.9927891871674284
2,4,0.40,0.9988653292855162
2,4,0.45,0.9938779780643991
2,4,0.50,0.9927569307435994
2,4,0.55,0.9993225965139739
2,4,0.60,0.9997547842020688
2,4,0.65,0.9968459442557628
2,4,0.70,0.9938488937816119
2,4,0.75,0.9995793800733545
2,4,0.80,0.9965419577354065
2,4,0.85,0.9999189944131052
2,4,0.90,0.9999634354107948
2,4,0.95,0.9993160294661303
2,5,0.05,0.90609392271241
2,5,0.10,0.9834722883395672
2,5,0.15,0.9995615194744942
2,5,0.20,0.999410170177415
2,5,0.25,0.998458639132768
2,5,0.30,0.9996042889554233
2,5,0.35,0.9999347220121448
2,5,0.40,0.999906004601786
2,5,0.45,0.9945333923873788
2,5,0.50,0.9994270095104136
2,5,0.55,0.999149346734861
2,5,0.60,0.9913081188237068
2,5,0.65,0.998985735200021
2,5,0.70,0.9998484621828673
2,5,0.75,0.9998684137272575
2,5,0.80,0.9998908772410873
2,5,0.85,0.9992527764373212
2,5,0.90,0.9999236616863368
2,5,0.95,0.9999435973408577
2,6,0.05,0.49943006029684756
2,6,0.10,0.9536195638523314
2,6,0.15,0.9998581933682797
2,6,0.20,0.9999168010441916
2,6,0.25,0.9993917206817414
2,6,0.30,0.9964340991461935
2,6,0.35,0.9953390794747152
2,6,0.40,0.9949514253449451
2,6,0.45,0.9970678360514726
2,6,0.50,0.9949549885717186
2,6,0.55,0.9999095305010184
2,6,0.60,0.998824996970314
2,6,0.65,0.9993627990137645
2,6,0.70,0.9998799868710965
2,6,0.75,0.9998724137128099
2,6,0.80,0.9986877159067741
2,6,0.85,0.9937503490150086
2,6,0.90,0.9983414651217336
2,6,0.95,0.9999015602474958
2,7,0.05,0.7737390192817953
2,7,0.10,0.927546245557907
2,7,0.15,0.9862723049174826
2,7,0.20,0.9969533191061882
2,7,0.25,0.9954851351323001
2,7,0.30,0.9975005844275249
2,7,0.35,0.9997483046699396
2,7,0.40,0.9968396131715583
2,7,0.45,0.999882689371998
2,7,0.50,0.6063405931847883
2,7,0.55,0.9977770267476579
2,7,0.60,0.9933814767503086
2,7,0.65,0.9972935722542835
2,7,0.70,0.9974364440024047
2,7,0.75,0.9981533792051964
2,7,0.80,0.9999613190929972
2,7,0.85,0.9997412359131862
2,7,0.90,0.999950813197723
2,7,0.95,0.9916421498663341
2,8,0.05,0.7840983514711047
2,8,0.10,0.860709777951539
2,8,0.15,0.9984872849232926
2,8,0.20,0.9997528429480111
2,8,0.25,0.9997783662622051
2,8,0.30,0.9990864207385929
2,8,0.35,0.9969285715672829
2,8,0.40,0.9932008254544763
2,8,0.45,0.9999024762313029
2,8,0.50,0.9838241129848252
2,8,0.55,0.9947305501862803
2,8,0.60,0.9999034620226295
2,8,0.65,0.9980088429259019
2,8,0.70,0.9946630020498789
2,8,0.75,0.999363315476648
2,8,0.80,0.9999663771557163
2,8,0.85,0.9996405536844243
2,8,0.90,0.9998924746193499
2,8,0.95,0.9958875937935349
2,9,0.05,0.3362971222875105
2,9,0.10,0.9985464679486993
2,9,0.15,0.9998867711150744
2,9,0.20,0.9987561444556315
2,9,0.25,0.9999769612440544
2,9,0.30,0.9998150969390529
2,9,0.35,0.9999636483169819
2,9,0.40,0.9938853990485255
2,9,0.45,0.9998736892846422
2,9,0.50,0.9996128155486348
2,9,0.55,0.9972368730803266
2,9,0.60,0.9997060744453182
2,9,0.65,0.999819136029019
2,9,0.70,0.9950913887025611
2,9,0.75,0.9970933231843103
2,9,0.80,0.9996764547733611
2,9,0.85,0.9999371309016188
2,9,0.90,0.999889536922724
2,9,0.95,0.6688401452367616
3,0,0.05,-0.4617001445843134
3,0,0.10,0.6775508316715186
3,0,0.15,0.9996065756184841
3,0,0.20,0.9995894871863119
3,0,0.25,0.9996356425395317
3,0,0.30,0.9938447843825464
3,0,0.35,0.9960509319608202
3,0,0.40,0.995713238336916
3,0,0.45,0.999692284706619
3,0,0.50,0.998108083979812
3,0,0.55,0.9996616788245906
3,0,0.60,0.9991626785550247
3,0,0.65,0.999967767597173
3,0,0.70,0.9995637294890141
3,0,0.75,0.9993843405510912
3,0,0.80,0.9979805765554611
3,0,0.85,0.999870128595257
3,0,0.90,0.999340714210899
3,0,0.95,0.9958304721591711
3,1,0.05,-0.054958244807085554
3,1,0.10,0.9984560355333346
3,1,0.15,0.9990382405344488
3,1,0.20,0.9930487578782763
3,1,0.25,0.9970346572924144
3,1,0.30,0.9964588839246497
3,1,0.35,0.9838921651454686
3,1,0.40,0.6632908758299045
3,1,0.45,0.992289520307795
3,1,0.50,0.6182330243502228
3,1,0.55,0.9999479737651114
3,1,0.60,0.9982340957443128
3,1,0.65,0.9999505974423366
3,1,0.70,0.9999697342245237
3,1,0.75,0.999308154063744
3,1,0.80,0.999253591666807
3,1,0.85,0.6420891022424607
3,1,0.90,0.9942804747479441
3,1,0.95,0.9999598659846443
3,2,0.05,0.7747195921181738
3,2,0.10,0.9952328630859879
3,2,0.15,0.9958419102359463
3,2,0.20,0.6252402812513757
3,2,0.25,0.999754072651015
3,2,0.30,0.9997749738812474
3,2,0.35,0.9999041406408253
3,2,0.40,0.9824744521855034
3,2,0.45,0.9993745951967817
3,2,0.50,0.9942024074974023
3,2,0.55,0.9969002400265241
3,2,0.60,0.9767009041545881
3,2,0.65,0.9999589789495581
3,2,0.70,0.9998414935385438
3,2,0.75,0.9999270512547717
3,2,0.80,0.9999652719249432
3,2,0.85,0.9996535392148441
3,2,0.90,0.9983212240033867
3,2,0.95,0.9999280325547314
3,3,0.05,0.9299864296403753
3,3,0.10,0.9806650552883873
3,3,0.15,0.986113563633467
3,3,0.20,0.98902111019547
3,3,0.25,0.9946997553309941
3,3,0.30,0.6993849189065839
3,3,0.35,0.9994939326268547
3,3,0.40,0.997615556180115
3,3,0.45,0.9978125365484656
3,3,0.50,0.6564883447014723
3,3,0.55,0.9993441021425977
3,3,0.60,0.6184088902180821
3,3,0.65,0.9998661263133477
3,3,0.70,0.9999757072278714
3,3,0.75,0.9998153332322044
3,3,0.80,0.9952312377755104
3,3,0.85,0.9953924453503197
3,3,0.90,0.9999109773913771
3,3,0.95,0.9970899728504459
3,4,0.05,-0.27078411406438563
3,4,0.10,0.9976054208771812
3,4,0.15,0.9983645221599556
3,4,0.20,0.9960133662316013
3,4,0.25,0.9992556565318861
3,4,0.30,0.6346333549322722
3,4,0.35,0.9946980033642879
3,4,0.40,0.6288888876436467
3,4,0.45,0.9979348778068917
3,4,0.50,0.9991175374927506
3,4,0.55,0.999901128923983
3,4,0.60,0.9990206330598197
3,4,0.65,0.9958213303510131
3,4,0.70,0.9999320954098487
3,4,0.75,0.9999334861294984
3,4,0.80,0.9994215137683428
3,4,0.85,0.9995119282472686
3,4,0.90,0.9996290075088509
3,4,0.95,0.9998828974481898
3,5,0.05,0.9646960472464036
3,5,0.10,0.9415548944985305
3,5,0.15,0.9979700714055986
3,5,0.20,0.9990513193984871
3,5,0.25,0.7352688606832061
3,5,0.30,0.612899636307896
3,5,0.35,0.9967615975951072
3,5,0.40,0.9855932992511376
3,5,0.45,0.9991580441774517
3,5,0.50,0.6376586169525926
3,5,0.55,0.9990654517917026
3,5,0.60,0.6471387277138382
3,5,0.65,0.9999540783156154
3,5,0.70,0.9995917989155092
3,5,0.75,0.9994427725390174
3,5,0.80,0.9993147677181968
3,5,0.85,0.9993669495888778
3,5,0.90,0.9998586870614511
3,5,0.95,0.9999321608351086
3,6,0.05,0.948999500711899
3,6,0.10,0.8533788534518391
3,6,0.15,0.9990648371549592
3,6,0.20,0.996611109680257
3,6,0.25,0.9986008152090261
3,6,0.30,0.9927544063441859
3,6,0.35,0.9978419062394888
3,6,0.40,0.9808233856309584
3,6,0.45,0.9997773190029288
3,6,0.50,0.643216150439516
3,6,0.55,0.9994518464604948
3,6,0.60,0.6960938874234743
3,6,0.65,0.9998266934051068
3,6,0.70,0.9999617389853778
3,6,0.75,0.999945874977806
3,6,0.80,0.9998907211815522
3,6,0.85,0.9974738929611298
3,6,0.90,0.9994471487050599
3,6,0.95,0.996435035848386
3,7,0.05,-41.45233092027499
3,7,0.10,0.9482881678174194
3,7,0.15,0.9998659962000599
3,7,0.20,0.9999080778797345
3,7,0.25,0.6134378057123311
3,7,0.30,0.6691249111476794
3,7,0.35,0.6188191863275198
3,7,0.40,0.9999139949794572
3,7,0.45,0.6747934123647976
3,7,0.50,0.998523289762536
3,7,0.55,0.9856027204795743
3,7,0.60,0.9997454271290439
3,7,0.65,0.9967615927468912
3,7,0.70,0.997457527411163
3,7,0.75,0.9999124747812755
3,7,0.80,0.9871683137097778
3,7,0.85,0.9999499959890444
3,7,0.90,0.9994451971599128
3,7,0.95,0.999795816636045
3,8,0.05,0.8461408844779785
3,8,0.10,0.9709181109615931
3,8,0.15,0.9918799054347683
3,8,0.20,0.9998757363035127
3,8,0.25,0.9997187605664889
3,8,0.30,0.5978817317502279
3,8,0.35,0.9967418178925741
3,8,0.40,0.64094689788953
3,8,0.45,0.9993891042725177
3,8,0.50,0.9998732934749041
3,8,0.55,0.9998013237023822
3,8,0.60,0.9998274995880633
3,8,0.65,0.999787366685536
3,8,0.70,0.9995755116128068
3,8,0.75,0.9999262026589417
3,8,0.80,0.999562947394459
3,8,0.85,0.9998169718164097
3,8,0.90,0.9998804697168115
3,8,0.95,0.9999557104351956
3,9,0.05,0.8921801753178268
3,9,0.10,0.9394548128136638
3,9,0.15,0.9855245924026496
3,9,0.20,0.9973819914633146
3,9,0.25,0.9996863060314296
3,9,0.30,0.998313906874343
3,9,0.35,0.9968346562605986
3,9,0.40,0.7250176517683561
3,9,0.45,0.9927452375851146
3,9,0.50,0.9950720024966211
3,9,0.55,0.9953691644690434
3,9,0.60,0.9999546211874474
3,9,0.65,0.9998954702013795
3,9,0.70,0.9999707007951639
3,9,0.75,0.9999424961535591
3,9,0.80,0.9999499045125424
3,9,0.85,0.9942142582289287
3,9,0.90,0.9996523473800093
3,9,0.95,0.9999229206534394
4,0,0.05,0.3246406021558591
4,0,0.10,0.5323080927810612
4,0,0.15,0.13868800987277452
4,0,0.20,0.4954636486026932
4,0,0.25,0.9788218646958506
4,0,0.30,0.43449625275546666
4,0,0.35,0.9997537326844174
4,0,0.40,0.9958698241875498
4,0,0.45,0.9999645441644411
4,0,0.50,0.9998479803679219
4,0,0.55,0.9998150807002105
4,0,0.60,0.995280501348472
4,0,0.65,0.9998867319830587
4,0,0.70,0.9999733910369927
4,0,0.75,0.9999072036245782
4,0,0.80,0.9998498318629325
4,0,0.85,0.9999248080103723
4,0,0.90,0.999841890083733
4,0,0.95,0.999895275055335
4,1,0.05,-1.385882389375392
4,1,0.10,0.9762169691038827
4,1,0.15,0.5834054462960007
4,1,0.20,0.9998705991848902
4,1,0.25,0.999856469190705
4,1,0.30,0.6647649992381901
4,1,0.35,0.9999351207469838
4,1,0.40,0.5743883470107836
4,1,0.45,0.9997063616366705
4,1,0.50,0.9977386678408795
4,1,0.55,0.9997683477919076
4,1,0.60,0.9998818692764373
4,1,0.65,0.9985215251605427
4,1,0.70,0.9999460911648932
4,1,0.75,0.9999469144778405
4,1,0.80,0.9999405144092185
4,1,0.85,0.996185839497329
4,1,0.90,0.9993297164755829
4,1,0.95,0.9957806183821616
4,2,0.05,0.1978505441194054
4,2,0.10,0.999614840649067
4,2,0.15,0.9982373001561838
4,2,0.20,0.9986217975966563
4,2,0.25,0.9962537608141521
4,2,0.30,0.9975596614928235
4,2,0.35,0.9987669962337525
4,2,0.40,0.6350981258908199
4,2,0.45,0.9999529373940056
4,2,0.50,0.9999022180808598
4,2,0.55,0.5934297656887968
4,2,0.60,0.9999481641001372
4,2,0.65,0.9999201481110352
4,2,0.70,0.9999461518590654
4,2,0.75,0.9998599744861372
4,2,0.80,0.9999626979904435
4,2,0.85,0.9982872377683759
4,2,0.90,0.9998539091211706
4,2,0.95,0.9990828618698054
4,3,0.05,0.9023055673719149
4,3,0.10,0.9827127518435231
4,3,0.15,0.9959600374609204
4,3,0.20,0.6134458176742368
4,3,0.25,0.9984286010817959
4,3,0.30,0.9993794287660203
4,3,0.35,0.5390103852479693
4,3,0.40,0.999648157908169
4,3,0.45,0.9943099363356048
4,3,0.50,0.9984833461229373
4,3,0.55,0.9999167595985484
4,3,0.60,0.5729355173357678
4,3,0.65,0.703135692806385
4,3,0.70,0.9998949912206965
4,3,0.75,0.9979074929647416
4,3,0.80,0.9995261623296998
4,3,0.85,0.9995775231569883
4,3,0.90,0.9999533097694948
4,3,0.95,0.9999806375718463
4,4,0.05,0.6419741618764367
4,4,0.10,0.6528039614523816
4,4,0.15,0.5615215603615613
4,4,0.20,0.9984010679748568
4,4,0.25,0.6190351626884147
4,4,0.30,0.6200735789736114
4,4,0.35,0.9999154722512507
4,4,0.40,0.9974225003780137
4,4,0.45,0.9999170214379524
4,4,0.50,0.7278877236438136
4,4,0.55,0.9998739515526813
4,4,0.60,0.9997853426919074
4,4,0.65,0.9968429996739416
4,4,0.70,0.9999696101471642
4,4,0.75,0.9993910158840773
4,4,0.80,0.9999184358004264
4,4,0.85,0.9999595888074719
4,4,0.90,0.9999624688030477
4,4,0.95,0.9999590703013119
4,5,0.05,0.9193990070543948
4,5,0.10,-0.2458238130613044
4,5,0.15,0.636440873980863
4,5,0.20,0.9918914730142653
4,5,0.25,0.6507919258171782
4,5,0.30,0.6820291506922309
4,5,0.35,0.9993865183676156
4,5,0.40,0.9980573389228949
4,5,0.45,0.9955760818944107
4,5,0.50,0.9987104685270985
4,5,0.55,0.994937089137481
4,5,0.60,0.9999265581132247
4,5,0.65,0.9894571208773216
4,5,0.70,0.9999305609080322
4,5,0.75,0.9999595297088029
4,5,0.80,0.9973964272027893
4,5,0.85,0.9994339730491774
4,5,0.90,0.9977786545324445
4,5,0.95,0.9997575935717903
4,6,0.05,0.026351788013610378
4,6,0.10,0.9663198617118862
4,6,0.15,0.6046840823877816
4,6,0.20,0.6787921557393739
4,6,0.25,0.6526145545532809
4,6,0.30,0.9971878336490272
4,6,0.35,0.9999281123355666
4,6,0.40,0.9738807720862511
4,6,0.45,0.9952574217836939
4,6,0.50,0.9993230821969157
4,6,0.55,0.9999481312691256
4,6,0.60,0.9998012312664636
4,6,0.65,0.9992710358778685
4,6,0.70,0.9999548339653715
4,6,0.75,0.9999530558315098
4,6,0.80,0.9998099297516685
4,6,0.85,0.9996671698169101
4,6,0.90,0.9959447586458202
4,6,0.95,0.9999675495711066
4,7,0.05,0.41736427730284253
4,7,0.10,0.41391998042996025
4,7,0.15,0.5558013096507515
4,7,0.20,0.9981914102762118
4,7,0.25,0.648188216131138
4,7,0.30,0.6672821659000301
4,7,0.35,0.9988826333815991
4,7,0.40,0.9997823998543853
4,7,0.45,0.9898499077738965
4,7,0.50,0.9990124264341989
4,7,0.55,0.9998542718536855
4,7,0.60,0.9896109339493414
4,7,0.65,0.9998520839289886
4,7,0.70,0.9999429708392248
4,7,0.75,0.9954717269628699
4,7,0.80,0.9999367918320258
4,7,0.85,0.9997729937368346
4,7,0.90,0.9954156535459773
4,7,0.95,0.9999139335115743
4,8,0.05,-1.5686318732670372
4,8,0.10,0.7239518760400603
4,8,0.15,0.4946372423377813
4,8,0.20,0.7616928328841464
4,8,0.25,0.6819669125980852
4,8,0.30,0.6338989447383019
4,8,0.35,0.9990185969651405
4,8,0.40,0.998826179600496
4,8,0.45,0.9999296217701771
4,8,0.50,0.9941595467436773
4,8,0.55,0.9998266560461158
4,8,0.60,0.9999733164837306
4,8,0.65,0.9997450419265671
4,8,0.70,0.9999578356064218
4,8,0.75,0.9992151165521073
4,8,0.80,0.9999401154980159
4,8,0.85,0.993957907566284
4,8,0.90,0.9960636965743043
4,8,0.95,0.9946447484891686
4,9,0.05,-27.804482407579425
4,9,0.10,0.9862737978765016
4,9,0.15,0.9985477181608904
4,9,0.20,0.995578479462565
4,9,0.25,0.9993222820893876
4,9,0.30,0.667742945915629
4,9,0.35,0.9996807279800086
4,9,0.40,0.6484959233575363
4,9,0.45,0.9977439135802648
4,9,0.50,0.9988775091024453
4,9,0.55,0.9997444613899394
4,9,0.60,0.9998917545270773
4,9,0.65,0.9999644643678073
4,9,0.70,0.9999312496534808
4,9,0.75,0.9985523468330054
4,9,0.80,0.9999542882505609
4,9,0.85,0.9990417747370813
4,9,0.90,0.999781245187645
4,9,0.95,0.9995566031971501
5,0,0.05,-0.2771283373079372
5,0,0.10,0.9878523216999272
5,0,0.15,0.9822301799088733
5,0,0.20,0.9949260127632348
5,0,0.25,0.9984381558903396
5,0,0.30,0.9994796207842349
5,0,0.35,0.9991272180594128
5,0,0.40,0.9996898565424452
5,0,0.45,0.9993257342868478
5,0,0.50,0.9993015577883897
5,0,0.55,0.997194931577133
5,0,0.60,0.9999101944754688
5,0,0.65,0.9999653746926268
5,0,0.70,0.9972721026664271
5,0,0.75,0.9995305524071976
5,0,0.80,0.9943235195851039
5,0,0.85,0.9994014062684287
5,0,0.90,0.9999271641850035
5,0,0.95,0.9988635044690324
5,1,0.05,-5.208558899506223
5,1,0.10,0.990976336928322
5,1,0.15,0.997635445704169
5,1,0.20,0.9993096393277436
5,1,0.25,0.9981429083631875
5,1,0.30,0.9999211154609107
5,1,0.35,0.9999712297436103
5,1,0.40,0.9991228190801158
5,1,0.45,0.9995704040326219
5,1,0.50,0.9985708614801089
5,1,0.55,0.614434074490853
5,1,0.60,0.9999243584678623
5,1,0.65,0.9992158972252579
5,1,0.70,0.9997222657869513
5,1,0.75,0.9961059854342321
5,1,0.80,0.995320858439085
5,1,0.85,0.9974303456768381
5,1,0.90,0.9980847258597669
5,1,0.95,0.9994057088352045
5,2,0.05,-0.5603860176994526
5,2,0.10,0.9951564932196587
5,2,0.15,0.9981165128763588
5,2,0.20,0.9943852967068147
5,2,0.25,0.9998967511693335
5,2,0.30,0.9993446399573592
5,2,0.35,0.9999165341896831
5,2,0.40,0.9972947680827073
5,2,0.45,0.9982623292743114
5,2,0.50,0.9998994782683246
5,2,0.55,0.9998521301682388
5,2,0.60,0.9993478771158315
5,2,0.65,0.9988400514965726
5,2,0.70,0.9992326604472956
5,2,0.75,0.9998568672422254
5,2,0.80,0.999422901705875
5,2,0.85,0.9997894551118082
5,2,0.90,0.9992796876296424
5,2,0.95,0.9999506173851576
5,3,0.05,0.6953284120209747
5,3,0.10,0.9896721437513154
5,3,0.15,0.9989365964233626
5,3,0.20,0.9993944824583901
5,3,0.25,0.997404149123758
5,3,0.30,0.9989327544190466
5,3,0.35,0.9940610457684971
5,3,0.40,0.9999404741476527
5,3,0.45,0.9996820633722883
5,3,0.50,0.9999583354701751
5,3,0.55,0.9998943625352444
5,3,0.60,0.9999459349954077
5,3,0.65,0.9999773352111498
5,3,0.70,0.9992197456242901
5,3,0.75,0.9994754351640616
5,3,0.80,0.998084101476139
5,3,0.85,0.9971778554719637
5,3,0.90,0.996664337186842
5,3,0.95,0.9995541524714222
5,4,0.05,0.8215109123800903
5,4,0.10,0.8318418683065663
5,4,0.15,0.9965982055007775
5,4,0.20,0.9926660393966947
5,4,0.25,0.9985859035829645
5,4,0.30,0.9991311802360269
5,4,0.35,0.999216729972488
5,4,0.40,0.999154673774508
5,4,0.45,0.999405198569727
5,4,0.50,0.9999620390204668
5,4,0.55,0.9998122870009911
5,4,0.60,0.9990365297255523
5,4,0.65,0.998199596988018
5,4,0.70,0.9994684395769647
5,4,0.75,0.9954638446996162
5,4,0.80,0.99990649468274
5,4,0.85,0.999954537716293
5,4,0.90,0.9999624926191981
5,4,0.95,0.9999576789662702
5,5,0.05,0.9854693965765164
5,5,0.10,0.962309739590161
5,5,0.15,0.9998866793568735
5,5,0.20,0.9997316880165545
5,5,0.25,0.9988326620546436
5,5,0.30,0.999141292198313
5,5,0.35,0.9978032745866856
5,5,0.40,0.9958455140287269
5,5,0.45,0.9999658675732395
5,5,0.50,0.9998810230835675
5,5,0.55,0.9986135537378661
5,5,0.60,0.9995108594057882
5,5,0.65,0.999833531823884
5,5,0.70,0.9990782668066687
5,5,0.75,0.9896572958612124
5,5,0.80,0.9999325334805749
5,5,0.85,0.9998813453402983
5,5,0.90,0.9980249337471343
5,5,0.95,0.9999704348829244
5,6,0.05,0.9172189615377885
5,6,0.10,0.986888109211517
5,6,0.15,0.9944367539312762
5,6,0.20,0.9927090851928198
5,6,0.25,0.9990322530604403
5,6,0.30,0.9998601252933575
5,6,0.35,0.9999009601496291
5,6,0.40,0.9724626332664784
5,6,0.45,0.9923370923341478
5,6,0.50,0.9998897501395207
5,6,0.55,0.9998692293077861
5,6,0.60,0.9999192539195051
5,6,0.65,0.9998733291713425
5,6,0.70,0.9993749607828084
5,6,0.75,0.999454288221377
5,6,0.80,0.997919161563199
5,6,0.85,0.9991318007851036
5,6,0.90,0.999246934816229
5,6,0.95,0.999941115937625
5,7,0.05,0.272774065645241
5,7,0.10,0.9841535342715202
5,7,0.15,0.9890142881189373
5,7,0.20,0.9996586495398426
5,7,0.25,0.9997851698202394
5,7,0.30,0.9998829262764566
5,7,0.35,0.6331597336033847
5,7,0.40,0.9995221120607517
5,7,0.45,0.9950945267720943
5,7,0.50,0.9991513259066745
5,7,0.55,0.9998914846869511
5,7,0.60,0.9928366900771205
5,7,0.65,0.9990718459831861
5,7,0.70,0.9978085406501916
5,7,0.75,0.9981926964613895
5,7,0.80,0.999292270808131
5,7,0.85,0.9992779599850212
5,7,0.90,0.999500626320401
5,7,0.95,0.9999183086133976
5,8,0.05,0.7967512835785087
5,8,0.10,0.9829504408171246
5,8,0.15,0.9999111928628827
5,8,0.20,0.9893410969534046
5,8,0.25,0.9996179048285123
5,8,0.30,0.9997407534930844
5,8,0.35,0.9955481214379788
5,8,0.40,0.9999471451434088
5,8,0.45,0.9686580450765669
5,8,0.50,0.9983845487794114
5,8,0.55,0.9998854019856794
5,8,0.60,0.999886864244201
5,8,0.65,0.9957679866342836
5,8,0.70,0.9972910503514716
5,8,0.75,0.9997295365941439
5,8,0.80,0.9999643842365783
5,8,0.85,0.999460562294684
5,8,0.90,0.9992169587275618
5,8,0.95,0.9994389000086462
5,9,0.05,0.9647124445953867
5,9,0.10,0.9964119431585702
5,9,0.15,0.9958737531578029
5,9,0.20,0.988478357850586
5,9,0.25,0.9984602238329845
5,9,0.30,0.9981069629229861
5,9,0.35,0.9997880843132384
5,9,0.40,0.9991868424530436
5,9,0.45,0.9984196072011278
5,9,0.50,0.9998843852748615
5,9,0.55,0.9996611487302182
5,9,0.60,0.9999568177874602
5,9,0.65,0.9991017585008887
5,9,0.70,0.9998800720517156
5,9,0.75,0.9994642680793292
5,9,0.80,0.9961207956774126
5,9,0.85,0.9999419445745366
5,9,0.90,0.9999357036653298
5,9,0.95,0.9995232802522642
6,0,0.05,0.11664144395101195
6,0,0.10,0.9975577404224133
6,0,0.15,0.9243053142881249
6,0,0.20,0.9998827828143582
6,0,0.25,0.9996008516355147
6,0,0.30,0.581296438748375
6,0,0.35,0.9992819519460927
6,0,0.40,0.9997410255006143
6,0,0.45,0.9999086812437832
6,0,0.50,0.9999262866519089
6,0,0.55,0.9976183713918428
6,0,0.60,0.9999352879083696
6,0,0.65,0.9996770437309602
6,0,0.70,0.9941685625627256
6,0,0.75,0.9994789696979868
6,0,0.80,0.9999445793922492
6,0,0.85,0.9998782182232637
6,0,0.90,0.9994826346705616
6,0,0.95,0.9995494977279209
6,1,0.05,0.471256466363134
6,1,0.10,0.9710668540827899
6,1,0.15,0.6034083800699048
6,1,0.20,0.9996635357217111
6,1,0.25,0.9927980342079002
6,1,0.30,0.6698186603145461
6,1,0.35,0.999930542919378
6,1,0.40,0.9998500791257974
6,1,0.45,0.995607911894215
6,1,0.50,0.9985456541396464
6,1,0.55,0.9964239296766456
6,1,0.60,0.9996707125030001
6,1,0.65,0.9999478801669184
6,1,0.70,0.9993974127771963
6,1,0.75,0.9974387647403082
6,1,0.80,0.9996259417774981
6,1,0.85,0.9998944208222794
6,1,0.90,0.9999683867764849
6,1,0.95,0.9999516626121637
6,2,0.05,0.7721405692244194
6,2,0.10,0.8761479853890665
6,2,0.15,0.9906886003041733
6,2,0.20,0.9946757073163571
6,2,0.25,0.6778598605195603
6,2,0.30,0.9941922158344046
6,2,0.35,0.6548014827603477
6,2,0.40,0.9998061245053725
6,2,0.45,0.6253158076803003
6,2,0.50,0.9962196797772417
6,2,0.55,0.9997395092230155
6,2,0.60,0.9999588219374032
6,2,0.65,0.9999556635935689
6,2,0.70,0.9991033340440542
6,2,0.75,0.99646692493949
6,2,0.80,0.9999636296848438
6,2,0.85,0.9998917755845016
6,2,0.90,0.999955630457446
6,2,0.95,0.9963538328576675
6,3,0.05,0.9609527287530341
6,3,0.10,0.999066224853981
6,3,0.15,0.5649120649188256
6,3,0.20,0.999535575172478
6,3,0.25,0.9991350234770102
6,3,0.30,0.9957171168612762
6,3,0.35,0.9984727983989726
6,3,0.40,0.5663859232347834
6,3,0.45,0.9999667897769398
6,3,0.50,0.9999544690570975
6,3,0.55,0.9999453744001293
6,3,0.60,0.999955442517188
6,3,0.65,0.9999722594495745
6,3,0.70,0.998076656313954
6,3,0.75,0.9972308084849082
6,3,0.80,0.9982476737284853
6,3,0.85,0.9999734308267512
6,3,0.90,0.9999010019252709
6,3,0.95,0.9998443456479522
6,4,0.05,-1.0638359335619159
6,4,0.10,0.9871910425009062
6,4,0.15,0.5333991994260597
6,4,0.20,0.9810583717325894
6,4,0.25,0.9908058854401619
6,4,0.30,0.9879587561684784
6,4,0.35,0.9973804811251121
6,4,0.40,0.9979191583170157
6,4,0.45,0.999732282370069
6,4,0.50,0.998965112872823
6,4,0.55,0.9990161898118703
6,4,0.60,0.9999171292995724
6,4,0.65,0.9999497082119981
6,4,0.70,0.999962743253573
6,4,0.75,0.9997391261903014
6,4,0.80,0.9999702113267793
6,4,0.85,0.9956579085453245
6,4,0.90,0.9998634768515929
6,4,0.95,0.9959369270605636
6,5,0.05,0.8604377098158267
6,5,0.10,0.9946451957838413
6,5,0.15,0.6800234466784574
6,5,0.20,0.9942150408985982
6,5,0.25,0.9981317965392371
6,5,0.30,0.9928102177150518
6,5,0.35,0.9995755756922838
6,5,0.40,0.6832108750316307
6,5,0.45,0.9850662187540529
6,5,0.50,0.9987526795835852
6,5,0.55,0.999909198969986
6,5,0.60,0.9994342670808024
6,5,0.65,0.9994895653282198
6,5,0.70,0.9999121684813702
6,5,0.75,0.9999154800008007
6,5,0.80,0.9997198599899288
6,5,0.85,0.9999685716855483
6,5,0.90,0.9998747885892114
6,5,0.95,0.9994635165012399
6,6,0.05,0.14904625451516984
6,6,0.10,0.9908361238718222
6,6,0.15,0.9872652167492663
6,6,0.20,0.9990310327480212
6,6,0.25,0.993151182115872
6,6,0.30,0.9950264847493129
6,6,0.35,0.9979838984682361
6,6,0.40,0.9997122915626274
6,6,0.45,0.9895545079981194
6,6,0.50,0.9995044323868384
6,6,0.55,0.9994036883776396
6,6,0.60,0.999957999096753
6,6,0.65,0.9741477446985742
6,6,0.70,0.999914377127301
6,6,0.75,0.9995601680682727
6,6,0.80,0.6719622691558201
6,6,0.85,0.9999631135792888
6,6,0.90,0.9960276162752119
6,6,0.95,0.9998743872998341
6,7,0.05,0.6620039705742545
6,7,0.10,0.9850407054305449
6,7,0.15,0.9969390414711785
6,7,0.20,0.9997850167765515
6,7,0.25,0.6861017182614725
6,7,0.30,0.9990113976803577
6,7,0.35,0.9998185177987781
6,7,0.40,0.9998915088188178
6,7,0.45,0.9994751561225681
6,7,0.50,0.9996308960300447
6,7,0.55,0.998246461793829
6,7,0.60,0.9999516345348489
6,7,0.65,0.9993837867651452
6,7,0.70,0.9998931109391582
6,7,0.75,0.9995734200965308
6,7,0.80,0.9999360369689677
6,7,0.85,0.9957637973529393
6,7,0.90,0.9964812531010155
6,7,0.95,0.9999430715120597
6,8,0.05,0.9156692785567329
6,8,0.10,0.956489429915133
6,8,0.15,0.9775702905086967
6,8,0.20,0.9969335919357537
6,8,0.25,0.9988923650791642
6,8,0.30,0.6618657484473913
6,8,0.35,0.9996680720772292
6,8,0.40,0.9981300760750528
6,8,0.45,0.69582142785425
6,8,0.50,0.9999677638024799
6,8,0.55,0.9999708439547611
6,8,0.60,0.9983765508180674
6,8,0.65,0.9998018690344487
6,8,0.70,0.9999547148907157
6,8,0.75,0.9990402618078601
6,8,0.80,0.9999188799359917
6,8,0.85,0.9998071486139607
6,8,0.90,0.9997945424538403
6,8,0.95,0.9999294308533596
6,9,0.05,0.5562447413418293
6,9,0.10,0.5699311841946937
6,9,0.15,0.9551320763446958
6,9,0.20,0.9983411907327626
6,9,0.25,0.9996723128036308
6,9,0.30,0.5696817249739693
6,9,0.35,0.9998459911342337
6,9,0.40,0.9991534300184961
6,9,0.45,0.9999203557135496
6,9,0.50,0.9999591365579638
6,9,0.55,0.9995777459399587
6,9,0.60,0.9615280645106774
6,9,0.65,0.9974288149501261
6,9,0.70,0.999902255211229
6,9,0.75,0.999879533861526
6,9,0.80,0.9999307404842266
6,9,0.85,0.9999639014346539
6,9,0.90,0.9996932035549262
6,9,0.95,0.9956045316507147
7,0,0.05,0.5297194231983184
7,0,0.10,0.9868450801284204
7,0,0.15,0.9996119261789074
7,0,0.20,0.9992046427191832
7,0,0.25,0.9996538042583734
7,0,0.30,0.9993057903933651
7,0,0.35,0.9998601645011905
7,0,0.40,0.41949317855186885
7,0,0.45,0.9967190403648943
7,0,0.50,0.9990970713871626
7,0,0.55,0.6534085659575963
7,0,0.60,0.9988812704067956
7,0,0.65,0.9983427263696949
7,0,0.70,0.9999422769992606
7,0,0.75,0.5653105806812688
7,0,0.80,0.9999571157359443
7,0,0.85,0.9988771029582084
7,0,0.90,0.9999388806514716
7,0,0.95,0.9988625712182445
7,1,0.05,0.7976830740105882
7,1,0.10,0.9830493838683865
7,1,0.15,0.9957741805974979
7,1,0.20,0.9893530084780682
7,1,0.25,0.9981130062250226
7,1,0.30,0.9937382266041316
7,1,0.35,0.9995734657375369
7,1,0.40,0.5517329186910878
7,1,0.45,0.9993050220867213
7,1,0.50,0.9997963186011927
7,1,0.55,0.9991538406431566
7,1,0.60,0.9989423507495042
7,1,0.65,0.9993810612386734
7,1,0.70,0.9943128909413766
7,1,0.75,0.99954398146912
7,1,0.80,0.9992028653737898
7,1,0.85,0.9963989676065804
7,1,0.90,0.9919643533963278
7,1,0.95,0.6199115392889749
7,2,0.05,0.7472701331847291
7,2,0.10,0.9827115820372153
7,2,0.15,0.981342284754245
7,2,0.20,0.9896133740999459
7,2,0.25,0.9996658988305982
7,2,0.30,0.9995689603795938
7,2,0.35,0.9991968013146466
7,2,0.40,0.9977640817497655
7,2,0.45,0.9933634674745798
7,2,0.50,0.9939247373614009
7,2,0.55,0.9999297327863991
7,2,0.60,0.9999712945368098
7,2,0.65,0.9940626338958936
7,2,0.70,0.999895489111195
7,2,0.75,0.9999635607908044
7,2,0.80,0.999910824081929
7,2,0.85,0.9964474923423804
7,2,0.90,0.9999468320429074
7,2,0.95,0.9975519074655878
7,3,0.05,0.990006344156584
7,3,0.10,0.9669803226027504
7,3,0.15,0.9678730269996696
7,3,0.20,0.9886930355593107
7,3,0.25,0.5363044773655352
7,3,0.30,0.9992427301346948
7,3,0.35,0.9999099674838994
7,3,0.40,0.5157833042331235
7,3,0.45,0.6001506214614936
7,3,0.50,0.9955374586662606
7,3,0.55,0.9999324754966814
7,3,0.60,0.9995915290330069
7,3,0.65,0.98011849532387
7,3,0.70,0.986753599685186
7,3,0.75,0.9983153689351917
7,3,0.80,0.9999307253218839
7,3,0.85,0.9957508166338207
7,3,0.90,0.9997777346747819
7,3,0.95,0.999950128852839
7,4,0.05,-0.1775833177782642
7,4,0.10,0.9797271908422611
7,4,0.15,0.9982295245631547
7,4,0.20,0.9997586821423267
7,4,0.25,0.9995078337782584
7,4,0.30,0.9997372196214471
7,4,0.35,0.9990941270167996
7,4,0.40,0.9992209872020593
7,4,0.45,0.9958708322343635
7,4,0.50,0.9920219564820718
7,4,0.55,0.9999580173434459
7,4,0.60,0.9979277789794131
7,4,0.65,0.9988550900504315
7,4,0.70,0.995467296491254
7,4,0.75,0.9956779168868632
7,4,0.80,0.9993866925751032
7,4,0.85,0.9997454759611633
7,4,0.90,0.999911365845073
7,4,0.95,0.9999250799703261
7,5,0.05,0.753886511774848
7,5,0.10,0.9942578368530647
7,5,0.15,0.9998938989841614
7,5,0.20,0.9996346611802001
7,5,0.25,0.9953663304752969
7,5,0.30,0.9986457718378857
7,5,0.35,0.9998444589320579
7,5,0.40,0.9981358601348895
7,5,0.45,0.9947064467993785
7,5,0.50,0.9936880280658454
7,5,0.55,0.9999586529063906
7,5,0.60,0.9999532303368954
7,5,0.65,0.9999517508673634
7,5,0.70,0.9960597187994853
7,5,0.75,0.9974501195017296
7,5,0.80,0.995167157950606
7,5,0.85,0.9994861766328474
7,5,0.90,0.999571889774566
7,5,0.95,0.9992889053905927
7,6,0.05,0.6970494034405774
7,6,0.10,0.9964808733505721
7,6,0.15,0.9997651008420358
7,6,0.20,0.9998593145514383
7,6,0.25,0.9990245225809538
7,6,0.30,0.9998671939398749
7,6,0.35,0.9960066940377954
7,6,0.40,0.6367089813883217
7,6,0.45,0.9966326591344898
7,6,0.50,0.993608082876841
7,6,0.55,0.9968864581205584
7,6,0.60,0.9997387206884649
7,6,0.65,0.9925724473196258
7,6,0.70,0.9950721469233897
7,6,0.75,0.9956591428676569
7,6,0.80,0.9957781599333295
7,6,0.85,0.9993855932274958
7,6,0.90,0.9998926587428714
7,6,0.95,0.9951981728640183
7,7,0.05,0.4908879437417777
7,7,0.10,0.9961559244762473
7,7,0.15,0.9966113226638345
7,7,0.20,0.9983230654907267
7,7,0.25,0.9999372379100372
7,7,0.30,0.9999551331558981
7,7,0.35,0.9998638627602219
7,7,0.40,0.9987509511819672
7,7,0.45,0.9999418317664587
7,7,0.50,0.9954675413060387
7,7,0.55,0.9993456152846592
7,7,0.60,0.9997962230449052
7,7,0.65,0.9975083860129461
7,7,0.70,0.6043460595967007
7,7,0.75,0.9999448994039029
7,7,0.80,0.9998918477116476
7,7,0.85,0.9997999069385192
7,7,0.90,0.997852639429783
7,7,0.95,0.994121385865792
7,8,0.05,0.9978618174355678
7,8,0.10,0.9408810018585982
7,8,0.15,0.9997517382326367
7,8,0.20,0.9997316830276506
7,8,0.25,0.9984920186803532
7,8,0.30,0.9920185020960561
7,8,0.35,0.9981042302651688
7,8,0.40,0.999975474003643
7,8,0.45,0.9921172303087181
7,8,0.50,0.9999428071461325
7,8,0.55,0.9757316720003083
7,8,0.60,0.9997041512513218
7,8,0.65,0.9991939973046683
7,8,0.70,0.9991677527648457
7,8,0.75,0.9962741517701181
7,8,0.80,0.9949739531003111
7,8,0.85,0.9999487144563488
7,8,0.90,0.9999522717753988
7,8,0.95,0.9990486398144293
7,9,0.05,0.7344518890439644
7,9,0.10,0.9941930929395968
7,9,0.15,0.9878086643955138
7,9,0.20,0.9987601300554622
7,9,0.25,0.992379574001008
7,9,0.30,0.9954268410992042
7,9,0.35,0.9999010937822617
7,9,0.40,0.9626698175871936
7,9,0.45,0.9989945705071827
7,9,0.50,0.9998701764453087
7,9,0.55,0.9960177196755942
7,9,0.60,0.9993722400977961
7,9,0.65,0.9955114775559584
7,9,0.70,0.6375175207570578
7,9,0.75,0.9994783698007046
7,9,0.80,0.9999146808036773
7,9,0.85,0.994839591296937
7,9,0.90,0.9999101855823684
7,9,0.95,0.9999433919401012
8,0,0.05,0.9946195724742682
8,0,0.10,0.9948584874988
8,0,0.15,0.9966476260964933
8,0,0.20,0.9998193498200023
8,0,0.25,0.9995084181028507
8,0,0.30,0.9971264540278121
8,0,0.35,0.999849150853344
8,0,0.40,0.9952540509945312
8,0,0.45,0.9889016057899976
8,0,0.50,0.999908240042665
8,0,0.55,0.9997976772441954
8,0,0.60,0.9998400341906436
8,0,0.65,0.9985214123531474
8,0,0.70,0.9986689279652176
8,0,0.75,0.573970904029771
8,0,0.80,0.9999203659674248
8,0,0.85,0.9999232812539888
8,0,0.90,0.9983790113370353
8,0,0.95,0.9995753334252339
8,1,0.05,0.839315093323571
8,1,0.10,0.9852415835559551
8,1,0.15,0.9994572867547437
8,1,0.20,0.977994311706213
8,1,0.25,0.9995026309085829
8,1,0.30,0.9998583367839166
8,1,0.35,0.9999246137765251
8,1,0.40,0.9999521345074731
8,1,0.45,0.9937189631182551
8,1,0.50,0.9660511485128681
8,1,0.55,0.9998123499605637
8,1,0.60,0.9995559934458703
8,1,0.65,0.9762493549048099
8,1,0.70,0.9886863798877626
8,1,0.75,0.9957335174217891
8,1,0.80,0.9999514924321431
8,1,0.85,0.9987123289453206
8,1,0.90,0.9999744532929871
8,1,0.95,0.995965220326263
8,2,0.05,0.9841962596216932
8,2,0.10,0.9442659270395887
8,2,0.15,0.9912806796262337
8,2,0.20,0.9877969942536647
8,2,0.25,0.9803264698793853
8,2,0.30,0.9996996799905872
8,2,0.35,0.999932842178511
8,2,0.40,0.9996491435847716
8,2,0.45,0.9999756852184439
8,2,0.50,0.9999087931119278
8,2,0.55,0.9998411319538795
8,2,0.60,0.976981490141164
8,2,0.65,0.9999336337060667
8,2,0.70,0.9999344101855295
8,2,0.75,0.9998024539108944
8,2,0.80,0.9936816429717945
8,2,0.85,0.9986882100602542
8,2,0.90,0.9999615314955255
8,2,0.95,0.9987303321367671
8,3,0.05,0.17734817456052177
8,3,0.10,0.9877520023676213
8,3,0.15,0.9817592815841144
8,3,0.20,0.9669094660733759
8,3,0.25,0.9994561383715392
8,3,0.30,0.9988092188744597
8,3,0.35,0.9999228858190133
8,3,0.40,0.998795146649197
8,3,0.45,0.9993186662578475
8,3,0.50,0.9999734773190467
8,3,0.55,0.9996762950895947
8,3,0.60,0.9998898679481857
8,3,0.65,0.6850157367737846
8,3,0.70,0.693351475655561
8,3,0.75,0.9967000038045727
8,3,0.80,0.9993925864932391
8,3,0.85,0.9997545512607068
8,3,0.90,0.9957779146426786
8,3,0.95,0.9962436219593169
8,4,0.05,0.5168312199679496
8,4,0.10,0.9990482327692027
8,4,0.15,0.9987142456005484
8,4,0.20,0.991837157164965
8,4,0.25,0.9997780294572248
8,4,0.30,0.9993678452170861
8,4,0.35,0.9993001757948156
8,4,0.40,0.9945372883957413
8,4,0.45,0.9983917876660183
8,4,0.50,0.9999221977880873
8,4,0.55,0.9998579689373961
8,4,0.60,0.9996338067911119
8,4,0.65,0.6397977016804343
8,4,0.70,0.999161402248792
8,4,0.75,0.6527848022628603
8,4,0.80,0.9998291070656865
8,4,0.85,0.9999663308861265
8,4,0.90,0.9999273944519559
8,4,0.95,0.9999086724623686
8,5,0.05,0.8298425504473346
8,5,0.10,0.99921599665685
8,5,0.15,0.9981217731390679
8,5,0.20,0.9999094210632582
8,5,0.25,0.999002825920536
8,5,0.30,0.9998627750805548
8,5,0.35,0.978812901173777
8,5,0.40,0.999918109965591
8,5,0.45,0.9997705782998813
8,5,0.50,0.9977891993257499
8,5,0.55,0.9752121026541277
8,5,0.60,0.9999564568799413
8,5,0.65,0.9998670215967502
8,5,0.70,0.6579111112503915
8,5,0.75,0.993715918641558
8,5,0.80,0.9996242151475806
8,5,0.85,0.9995476558219614
8,5,0.90,0.9999600321653885
8,5,0.95,0.9994278713345209
8,6,0.05,0.988570059519761
8,6,0.10,0.9978331713183977
8,6,0.15,0.9989667225183381
8,6,0.20,0.9989982882550613
8,6,0.25,0.9998982156269968
8,6,0.30,0.9998670781345396
8,6,0.35,0.999059954719915
8,6,0.40,0.9999525295759449
8,6,0.45,0.999935566890564
8,6,0.50,0.9999222616267684
8,6,0.55,0.9999232989575345
8,6,0.60,0.6645715142069165
8,6,0.65,0.9992228482906831
8,6,0.70,0.6836472326034434
8,6,0.75,0.9992654367496007
8,6,0.80,0.9996026815619079
8,6,0.85,0.9995266806966135
8,6,0.90,0.9999437993247712
8,6,0.95,0.9957999583075149
8,7,0.05,0.9570947560108335
8,7,0.10,0.9878073246532241
8,7,0.15,0.9833167223828697
8,7,0.20,0.9701185844706007
8,7,0.25,0.9998288396296112
8,7,0.30,0.9996334175570282
8,7,0.35,0.9999382670559886
8,7,0.40,0.994400106843228
8,7,0.45,0.996211645434618
8,7,0.50,0.9999123861482561
8,7,0.55,0.644110408020931
8,7,0.60,0.9999286902222585
8,7,0.65,0.9958907872129957
8,7,0.70,0.9991791024106039
8,7,0.75,0.9998659135092499
8,7,0.80,0.9998861621399522
8,7,0.85,0.9993886761054195
8,7,0.90,0.9998957021803826
8,7,0.95,0.9992207703549657
8,8,0.05,-0.1328993385314774
8,8,0.10,0.9966223603806501
8,8,0.15,0.9994006832058148
8,8,0.20,0.9985214455904244
8,8,0.25,0.9637072815790566
8,8,0.30,0.9996431659304509
8,8,0.35,0.9995913603062263
8,8,0.40,0.9999049768162585
8,8,0.45,0.9952835404466541
8,8,0.50,0.9998587850015248
8,8,0.55,0.9999350949079964
8,8,0.60,0.9994165130676492
8,8,0.65,0.9999756212695516
8,8,0.70,0.9998719783977439
8,8,0.75,0.9999494705345884
8,8,0.80,0.9999381230901547
8,8,0.85,0.9999629827717876
8,8,0.90,0.9995022786895791
8,8,0.95,0.9830867873801409
8,9,0.05,0.6336536832411486
8,9,0.10,0.9982975880496915
8,9,0.15,0.9964328241605377
8,9,0.20,0.9995428359968594
8,9,0.25,0.9953361419297639
8,9,0.30,0.9981811803514219
8,9,0.35,0.9909672580069823
8,9,0.40,0.9999379368593962
8,9,0.45,0.9951938858048228
8,9,0.50,0.9999693860091665
8,9,0.55,0.9997300461388571
8,9,0.60,0.9987962188541845
8,9,0.65,0.6211665813396325
8,9,0.70,0.9998730445175856
8,9,0.75,0.9979377600048644
8,9,0.80,0.9999068479599956
8,9,0.85,0.9993599775973712
8,9,0.90,0.9996533371760206
8,9,0.95,0.9999257975788407
9,0,0.05,-2.3167635739429304
9,0,0.10,0.5311931452670524
9,0,0.15,0.9996367439645516
9,0,0.20,0.9987335647871073
9,0,0.25,0.998535959818007
9,0,0.30,0.9828274533549388
9,0,0.35,0.9999500829581472
9,0,0.40,0.9999424924618477
9,0,0.45,0.9999270009749119
9,0,0.50,0.9997713254210873
9,0,0.55,0.9998998116268656
9,0,0.60,0.9946098420007289
9,0,0.65,0.9999262347638057
9,0,0.70,0.99925988779246
9,0,0.75,0.9993746695754346
9,0,0.80,0.9991828396387734
9,0,0.85,0.9999686538729862
9,0,0.90,0.9999506368126452
9,0,0.95,0.9996991942227079
9,1,0.05,0.9902596867832154
9,1,0.10,0.9992989535196284
9,1,0.15,0.999597320817029
9,1,0.20,0.9847037558849702
9,1,0.25,0.6914953883843238
9,1,0.30,0.9998727904164233
9,1,0.35,0.9948519569831829
9,1,0.40,0.9815502500084318
9,1,0.45,0.9999462811097655
9,1,0.50,0.9999524150465766
9,1,0.55,0.9972570530372293
9,1,0.60,0.9995786158541123
9,1,0.65,0.995630066955564
9,1,0.70,0.9989391971381025
9,1,0.75,0.9999267511453833
9,1,0.80,0.9998227961445344
9,1,0.85,0.9993720110612263
9,1,0.90,0.9994161839400253
9,1,0.95,0.9996124599471656
9,2,0.05,0.5520237030923787
9,2,0.10,0.5852772605830988
9,2,0.15,0.9928282814939421
9,2,0.20,0.9917061384594402
9,2,0.25,0.9998141542460854
9,2,0.30,0.9997267344500884
9,2,0.35,0.9999200259262785
9,2,0.40,0.9998234480882382
9,2,0.45,0.9931065513838657
9,2,0.50,0.9990669656766971
9,2,0.55,0.9967404890317295
9,2,0.60,0.9998539930218342
9,2,0.65,0.9999382261472295
9,2,0.70,0.9977869573047258
9,2,0.75,0.5402983968885737
9,2,0.80,0.9999640396694812
9,2,0.85,0.999926904151164
9,2,0.90,0.9999242166769076
9,2,0.95,0.9845895359200171
9,3,0.05,0.9999177508648724
9,3,0.10,0.9874985764735962
9,3,0.15,0.9978270286661759
9,3,0.20,0.5973903640933733
9,3,0.25,0.9986375597461916
9,3,0.30,0.9960849804470869
9,3,0.35,0.9996803137377107
9,3,0.40,0.999641677041763
9,3,0.45,0.9996615123032927
9,3,0.50,0.6179185869772749
9,3,0.55,0.6013906987790587
9,3,0.60,0.9999215527801244
9,3,0.65,0.999937965162734
9,3,0.70,0.9944749578758282
9,3,0.75,0.6701878504662846
9,3,0.80,0.9987763470217925
9,3,0.85,0.9999547500641458
9,3,0.90,0.999956035492882
9,3,0.95,0.9998849757431585
9,4,0.05,0.7200443718228684
9,4,0.10,0.718363007464399
9,4,0.15,0.9997147641043165
9,4,0.20,0.9955530987843231
9,4,0.25,0.9998676870982769
9,4,0.30,0.9998275098966083
9,4,0.35,0.9999205170966177
9,4,0.40,0.9998332370665837
9,4,0.45,0.9995426491580929
9,4,0.50,0.9999453115393434
9,4,0.55,0.9997150995958588
9,4,0.60,0.99996329777235
9,4,0.65,0.9961942626865103
9,4,0.70,0.9996706703801024
9,4,0.75,0.6934841330559816
9,4,0.80,0.999921156157581
9,4,0.85,0.9994680324036184
9,4,0.90,0.999971579768632
9,4,0.95,0.9991675203608645
9,5,0.05,0.45723295953259613
9,5,0.10,0.5371343245578694
9,5,0.15,0.9996115034391974
9,5,0.20,0.5152896467940898
9,5,0.25,0.9998342387309249
9,5,0.30,0.9999647571162956
9,5,0.35,0.9999599552328963
9,5,0.40,0.9998358144488687
9,5,0.45,0.9977555181547543
9,5,0.50,0.9997100300676575
9,5,0.55,0.9999490660556184
9,5,0.60,0.9999323609767393
9,5,0.65,0.9994762276338484
9,5,0.70,0.9993413444618487
9,5,0.75,0.9997150815184103
9,5,0.80,0.9985964058772792
9,5,0.85,0.9999090735613002
9,5,0.90,0.999959859983979
9,5,0.95,0.9998951356539287
9,6,0.05,0.764220060101418
9,6,0.10,0.49216000227837486
9,6,0.15,0.9997939645511148
9,6,0.20,0.9805538380771897
9,6,0.25,0.9998499792194551
9,6,0.30,0.9998659297528036
9,6,0.35,0.9998103028630199
9,6,0.40,0.9998616193076564
9,6,0.45,0.9990759527245493
9,6,0.50,0.999767667801609
9,6,0.55,0.6624942291131316
9,6,0.60,0.9966487766075018
9,6,0.65,0.9934980001306185
9,6,0.70,0.6292529857445721
9,6,0.75,0.9998970402573546
9,6,0.80,0.9999289911108259
9,6,0.85,0.9994001527036027
9,6,0.90,0.9999751015355761
9,6,0.95,0.9999626288803968
9,7,0.05,0.9612300922754032
9,7,0.10,0.4519414986343381
9,7,0.15,0.37366360877858207
9,7,0.20,0.6119738725974415
9,7,0.25,0.5646455101594356
9,7,0.30,0.5445731752113299
9,7,0.35,0.9999648959217028
9,7,0.40,0.9998739606861163
9,7,0.45,0.9998499021472902
9,7,0.50,0.9994272414658679
9,7,0.55,0.9999091359977277
9,7,0.60,0.9998841768532627
9,7,0.65,0.9999787944020972
9,7,0.70,0.9981942513265423
9,7,0.75,0.9999252067494736
9,7,0.80,0.999907767017345
9,7,0.85,0.9952962807600302
9,7,0.90,0.9999585277654743
9,7,0.95,0.9999572947287093
9,8,0.05,-1.6810591932503511
9,8,0.10,0.26018187173509144
9,8,0.15,0.9974222612884508
9,8,0.20,0.999839855641676
9,8,0.25,0.6410422696570393
9,8,0.30,0.999811900241331
9,8,0.35,0.999846958128059
9,8,0.40,0.9998911843408347
9,8,0.45,0.9999006797586576
9,8,0.50,0.9999239268833875
9,8,0.55,0.9999130059319118
9,8,0.60,0.9999696577223177
9,8,0.65,0.9993579389955851
9,8,0.70,0.655952942243348
9,8,0.75,0.9958967075942201
9,8,0.80,0.9998799518781327
9,8,0.85,0.9994453921404685
9,8,0.90,0.999383113408568
9,8,0.95,0.9999604841804711
9,9,0.05,0.777867969129052
9,9,0.10,0.9988739397668929
9,9,0.15,0.9996730308958285
9,9,0.20,0.9997159353713829
9,9,0.25,0.9997123882902584
9,9,0.30,0.9953870695177314
9,9,0.35,0.9996528889956212
9,9,0.40,0.9999464359183798
9,9,0.45,0.9960175089016937
9,9,0.50,0.9952609563507685
9,9,0.55,0.9962242884903123
9,9,0.60,0.9998460294515873
9,9,0.65,0.9927759812302954
9,9,0.70,0.9996041667503873
9,9,0.75,0.995490186939605
9,9,0.80,0.99034664576891
9,9,0.85,0.9995981971849229
9,9,0.90,0.9998636225823684
9,9,0.95,0.9999433915813682
10,0,0.05,0.9795842724136725
10,0,0.10,0.5707059819511446
10,0,0.15,0.6728386286306343
10,0,0.20,0.999865986156981
10,0,0.25,0.996353613666411
10,0,0.30,0.9971365649541419
10,0,0.35,0.9982858827209814
10,0,0.40,0.9992221763898597
10,0,0.45,0.9774815549646575
10,0,0.50,0.9954146802899732
10,0,0.55,0.9974746636216794
10,0,0.60,0.9982701874053245
10,0,0.65,0.9885465424453173
10,0,0.70,0.6067464479764064
10,0,0.75,0.6114330261706131
10,0,0.80,0.9996491707969984
10,0,0.85,0.6936437105609601
10,0,0.90,0.9999257903135622
10,0,0.95,0.999954046836245
10,1,0.05,0.9186603265369588
10,1,0.10,0.9886047300874702
10,1,0.15,0.9978591020654853
10,1,0.20,0.9993193863767025
10,1,0.25,0.9973202058325966
10,1,0.30,0.9606830631964683
10,1,0.35,0.9999451779112253
10,1,0.40,0.9998983979833322
10,1,0.45,0.99990432226048
10,1,0.50,0.9992050045823463
10,1,0.55,0.9998747291334366
10,1,0.60,0.995492293784284
10,1,0.65,0.9859608332510075
10,1,0.70,0.693834323148314
10,1,0.75,0.9961983120430081
10,1,0.80,0.9999546620289743
10,1,0.85,0.998270369513535
10,1,0.90,0.6983806377459528
10,1,0.95,0.9994368660207159
10,2,0.05,0.9255753584924776
10,2,0.10,0.9962095847727943
10,2,0.15,0.9969904197143409
10,2,0.20,0.9998879139490839
10,2,0.25,0.9998282095615029
10,2,0.30,0.9975950528011533
10,2,0.35,0.9993445165122665
10,2,0.40,0.9991247830859495
10,2,0.45,0.9967465364352949
10,2,0.50,0.9784391814414376
10,2,0.55,0.999296047353843
10,2,0.60,0.984129202576723
10,2,0.65,0.9999555559437457
10,2,0.70,0.9973550084263124
10,2,0.75,0.9993878726114167
10,2,0.80,0.9998093530026475
10,2,0.85,0.9999694783098126
10,2,0.90,0.9993407268572787
10,2,0.95,0.9998121363277563
10,3,0.05,-0.18402701355115747
10,3,0.10,0.9690961267753527
10,3,0.15,0.9868195768446488
10,3,0.20,0.9992403304107613
10,3,0.25,0.9975521382715741
10,3,0.30,0.999387760961337
10,3,0.35,0.9996386154000747
10,3,0.40,0.9988121110114891
10,3,0.45,0.9997682653630204
10,3,0.50,0.999480094478204
10,3,0.55,0.987237244617046
10,3,0.60,0.6044931911412905
10,3,0.65,0.9927320857222806
10,3,0.70,0.9994586404878377
10,3,0.75,0.9970884634732783
10,3,0.80,0.994138374311973
10,3,0.85,0.9998542343419786
10,3,0.90,0.9994014832249669
10,3,0.95,0.9781591522602261
10,4,0.05,-80.10419807296032
10,4,0.10,0.9731519962460048
10,4,0.15,0.9936367826634088
10,4,0.20,0.9994140771598287
10,4,0.25,0.9999610554271026
10,4,0.30,0.9859761150052593
10,4,0.35,0.9918005056214161
10,4,0.40,0.9998617109240239
10,4,0.45,0.9959942905054876
10,4,0.50,0.6154531649838046
10,4,0.55,0.9949470777724359
10,4,0.60,0.9980327771373211
10,4,0.65,0.9999673964921373
10,4,0.70,0.9966382657639659
10,4,0.75,0.9999483390211716
10,4,0.80,0.9995655037328055
10,4,0.85,0.9999312688243879
10,4,0.90,0.9962723442138292
10,4,0.95,0.9958103997197915
10,5,0.05,-0.13971020896824893
10,5,0.10,0.3325226477612284
10,5,0.15,0.9764751544586607
10,5,0.20,0.9999737582707612
10,5,0.25,0.9959399079533375
10,5,0.30,0.999678374602167
10,5,0.35,0.9954191403989365
10,5,0.40,0.9992663065761723
10,5,0.45,0.9950885527284151
10,5,0.50,0.9998767981441619
10,5,0.55,0.9991676889617443
10,5,0.60,0.9997081850760181
10,5,0.65,0.9993456512078585
10,5,0.70,0.6412183553793396
10,5,0.75,0.999158436557541
10,5,0.80,0.9999543637728414
10,5,0.85,0.9995912585332747
10,5,0.90,0.9975440777801385
10,5,0.95,0.9999371920262303
10,6,0.05,-1.0266108664300906
10,6,0.10,0.9957249574240021
10,6,0.15,0.9999224806029248
10,6,0.20,0.9993828310091599
10,6,0.25,0.999881379229449
10,6,0.30,0.9985179789405138
10,6,0.35,0.9996539554604771
10,6,0.40,0.6935882150029012
10,6,0.45,0.67096628293073
10,6,0.50,0.9999577959784629
10,6,0.55,0.9965598934816279
10,6,0.60,0.9996685587548553
10,6,0.65,0.988607326746945
10,6,0.70,0.6853044398293875
10,6,0.75,0.9996161578623683
10,6,0.80,0.9991170641398198
10,6,0.85,0.6448964221311093
10,6,0.90,0.9999641479392777
10,6,0.95,0.9875588678801254
10,7,0.05,0.9477901689011036
10,7,0.10,0.9950472889316687
10,7,0.15,0.9992073689760383
10,7,0.20,0.9980899219108061
10,7,0.25,0.9938938332920512
10,7,0.30,0.9991929468139917
10,7,0.35,0.9995460663406838
10,7,0.40,0.9595888890789595
10,7,0.45,0.9958673911426441
10,7,0.50,0.6650108788259432
10,7,0.55,0.9977964689070791
10,7,0.60,0.999609213820304
10,7,0.65,0.9970374045855858
10,7,0.70,0.6674205658841234
10,7,0.75,0.9992365822016177
10,7,0.80,0.9999665549488728
10,7,0.85,0.996026914520774
10,7,0.90,0.9992025114036106
10,7,0.95,0.9999193531182667
10,8,0.05,0.9892193433030761
10,8,0.10,0.9703942449235975
10,8,0.15,0.9944316486415274
10,8,0.20,0.9977267416250347
10,8,0.25,0.9857392832353079
10,8,0.30,0.999613220894772
10,8,0.35,0.999395450109899
10,8,0.40,0.9987005269577897
10,8,0.45,0.9999496797924685
10,8,0.50,0.9999535365143527
10,8,0.55,0.9993486323036104
10,8,0.60,0.6723956461479914
10,8,0.65,0.9973416797733313
10,8,0.70,0.9983269744352334
10,8,0.75,0.9998697987388191
10,8,0.80,0.9994210090157937
10,8,0.85,0.9991133664774737
10,8,0.90,0.9999246271380561
10,8,0.95,0.9999351881531982
10,9,0.05,0.1514436868366379
10,9,0.10,0.9992769137436797
10,9,0.15,0.9969018847655732
10,9,0.20,0.9995191173912225
10,9,0.25,0.9867001844731731
10,9,0.30,0.9994676538913408
10,9,0.35,0.9992216347582993
10,9,0.40,0.9993851871324818
10,9,0.45,0.9998933085999054
10,9,0.50,0.9978040431068109
10,9,0.55,0.9913376874032439
10,9,0.60,0.9995756929596749
10,9,0.65,0.9996313489325622
10,9,0.70,0.9993662931810158
10,9,0.75,0.9995900886253399
10,9,0.80,0.9981440297925336
10,9,0.85,0.9987986398452849
10,9,0.90,0.9998813317752606
10,9,0.95,0.9990893402488785
11,0,0.05,0.4470629213597699
11,0,0.10,0.9977906019541378
11,0,0.15,0.9996694203410469
11,0,0.20,0.9998410896478224
11,0,0.25,0.5943001395698122
11,0,0.30,0.5245458908670944
11,0,0.35,0.5547582857285851
11,0,0.40,0.9993462388188302
11,0,0.45,0.9970049143521116
11,0,0.50,0.999467211434837
11,0,0.55,0.6395637891040841
11,0,0.60,0.9847865947628941
11,0,0.65,0.9998508697021046
11,0,0.70,0.99521841177832
11,0,0.75,0.6038566767775642
11,0,0.80,0.9857024459019827
11,0,0.85,0.9964009837469323
11,0,0.90,0.999864549619076
11,0,0.95,0.9993856537170637
11,1,0.05,-1.378480590085553
11,1,0.10,0.9690233144550942
11,1,0.15,0.9469734912489869
11,1,0.20,0.9455513101684118
11,1,0.25,0.9991321679192932
11,1,0.30,0.9963301974795835
11,1,0.35,0.9991396701979111
11,1,0.40,0.9972773889559987
11,1,0.45,0.9999582479211652
11,1,0.50,0.9998547503054878
11,1,0.55,0.9997562715401159
11,1,0.60,0.9998096149617774
11,1,0.65,0.999902289162074
11,1,0.70,0.999955973929649
11,1,0.75,0.9955544249409959
11,1,0.80,0.9951899071885655
11,1,0.85,0.999059775505318
11,1,0.90,0.9985511830915439
11,1,0.95,0.9997427596463514
11,2,0.05,0.7179139459986911
11,2,0.10,0.99973898823277
11,2,0.15,0.9618462938623497
11,2,0.20,0.99486661757389
11,2,0.25,0.6673125299690255
11,2,0.30,0.9997219942822614
11,2,0.35,0.9919068488752202
11,2,0.40,0.9991737072526082
11,2,0.45,0.993643012694758
11,2,0.50,0.9981369970520132
11,2,0.55,0.9957319485609273
11,2,0.60,0.9980726712467921
11,2,0.65,0.999944215217453
11,2,0.70,0.999567903957423
11,2,0.75,0.9997785695152609
11,2,0.80,0.9997429856566211
11,2,0.85,0.9960364268249567
11,2,0.90,0.9998244677730787
11,2,0.95,0.9997606364802315
11,3,0.05,-2.820440727148369
11,3,0.10,0.9891001404921025
11,3,0.15,0.6372694923023944
11,3,0.20,0.40932726833726796
11,3,0.25,0.9870709408662612
11,3,0.30,0.6527695393155197
11,3,0.35,0.9999195999962097
11,3,0.40,0.9998386065021414
11,3,0.45,0.9853749461689693
11,3,0.50,0.9996606664773698
11,3,0.55,0.6490063947691453
11,3,0.60,0.9944122366237033
11,3,0.65,0.9835194613176415
11,3,0.70,0.9970311753882559
11,3,0.75,0.9999524677841365
11,3,0.80,0.9939778353416584
11,3,0.85,0.9978049209516141
11,3,0.90,0.9992659368748384
11,3,0.95,0.9995694158199754
11,4,0.05,0.7538705321747063
11,4,0.10,0.9417314305863622
11,4,0.15,0.9973905588179937
11,4,0.20,0.9996875603033855
11,4,0.25,0.9965666753284761
11,4,0.30,0.6815861031441444
11,4,0.35,0.5954073778564242
11,4,0.40,0.9998288839593303
11,4,0.45,0.9999022893017983
11,4,0.50,0.9998906791459133
11,4,0.55,0.999469526225205
11,4,0.60,0.9995288287966592
11,4,0.65,0.9995121768739265
11,4,0.70,0.9996278206252492
11,4,0.75,0.9985664907180394
11,4,0.80,0.9940144275558643
11,4,0.85,0.9981364867176308
11,4,0.90,0.9999560353695605
11,4,0.95,0.999910988444144
11,5,0.05,0.9880811164531452
11,5,0.10,0.9789881714589187
11,5,0.15,0.9913113837789016
11,5,0.20,0.9986008041987869
11,5,0.25,0.9916234590963968
11,5,0.30,0.9995426361389533
11,5,0.35,0.6541411029777251
11,5,0.40,0.6963800957839168
11,5,0.45,0.997067071945772
11,5,0.50,0.9979388797297586
11,5,0.55,0.9995045081091211
11,5,0.60,0.999611678800822
11,5,0.65,0.999469948260038
11,5,0.70,0.9989178535726844
11,5,0.75,0.6312515124335748
11,5,0.80,0.9977546254606837
11,5,0.85,0.9997545319242064
11,5,0.90,0.9997725031083249
11,5,0.95,0.999902723432083
11,6,0.05,-7.71196334372849
11,6,0.10,0.9931222702084828
11,6,0.15,0.7840951746752377
11,6,0.20,0.9998608292284734
11,6,0.25,0.9946784276558379
11,6,0.30,0.9995281715045143
11,6,0.35,0.9964156087360425
11,6,0.40,0.9997596188713871
11,6,0.45,0.9930337695504782
11,6,0.50,0.9993365212302798
11,6,0.55,0.6482431117933585
11,6,0.60,0.9993023157688844
11,6,0.65,0.9994268932547944
11,6,0.70,0.999899322996619
11,6,0.75,0.9997490905344792
11,6,0.80,0.9994155851321126
11,6,0.85,0.9989035460643401
11,6,0.90,0.9950476727553832
11,6,0.95,0.999933530906696
11,7,0.05,0.4295276401113667
11,7,0.10,0.8621385016596008
11,7,0.15,0.9974078925864245
11,7,0.20,0.9996911177005829
11,7,0.25,0.9664294074442505
11,7,0.30,0.6515199869438062
11,7,0.35,0.9684943541776012
11,7,0.40,0.6724221564374513
11,7,0.45,0.9932128539534651
11,7,0.50,0.9939513106315364
11,7,0.55,0.9942193114462793
11,7,0.60,0.999933875655309
11,7,0.65,0.9999525669851941
11,7,0.70,0.9922805993593482
11,7,0.75,0.9953741808096092
11,7,0.80,0.9999667290729856
11,7,0.85,0.9953337330652279
11,7,0.90,0.9999153709091184
11,7,0.95,0.9997159724170127
11,8,0.05,0.9482427906539084
11,8,0.10,0.9991755980859702
11,8,0.15,0.9819075781050612
11,8,0.20,0.6360214319376989
11,8,0.25,0.9803284356475289
11,8,0.30,0.9997999349276546
11,8,0.35,0.9999120906101874
11,8,0.40,0.6765748397862354
11,8,0.45,0.9942400287123494
11,8,0.50,0.9999424761120205
11,8,0.55,0.9998898127444756
11,8,0.60,0.9998731872542956
11,8,0.65,0.9999297642328191
11,8,0.70,0.9999422079761997
11,8,0.75,0.9997242496143142
11,8,0.80,0.9995771242605787
11,8,0.85,0.994930820003288
11,8,0.90,0.9997511601928789
11,8,0.95,0.9954836687335469
11,9,0.05,-2.170987722896052
11,9,0.10,0.9789353725241683
11,9,0.15,0.9997504398826494
11,9,0.20,0.9996000101330514
11,9,0.25,0.9999604615201749
11,9,0.30,0.9940815730508188
11,9,0.35,0.9997343749303808
11,9,0.40,0.9997612072157012
11,9,0.45,0.9992166513803198
11,9,0.50,0.9949261689965057
11,9,0.55,0.9960924406591668
11,9,0.60,0.999296797270227
11,9,0.65,0.6850725580781636
11,9,0.70,0.9995231865908413
11,9,0.75,0.9999651142885677
11,9,0.80,0.9999391871580253
11,9,0.85,0.9953315036411303
11,9,0.90,0.9998940014835429
11,9,0.95,0.9936592198972164
12,0,0.05,0.9281221374761299
12,0,0.10,0.9977361020153126
12,0,0.15,0.9986253405344455
12,0,0.20,0.9733275660850069
12,0,0.25,0.9998131220574727
12,0,0.30,0.9943314656788667
12,0,0.35,0.995676849659929
12,0,0.40,0.999934270583161
12,0,0.45,0.9987449985613928
12,0,0.50,0.999900243733079
12,0,0.55,0.999882021987124
12,0,0.60,0.9998063870092644
12,0,0.65,0.999971140142743
12,0,0.70,0.9999211627430007
12,0,0.75,0.6462148689493007
12,0,0.80,0.994845753430218
12,0,0.85,0.9825281037559604
12,0,0.90,0.6747479358405535
12,0,0.95,0.9998744933025899
12,1,0.05,0.5053476473584673
12,1,0.10,0.9884672055357208
12,1,0.15,0.9994637155766417
12,1,0.20,0.9985284943480641
12,1,0.25,0.9966822735249157
12,1,0.30,0.9948068605266376
12,1,0.35,0.9994712887106529
12,1,0.40,0.9996306252868801
12,1,0.45,0.9999075621383466
12,1,0.50,0.9999464697655306
12,1,0.55,0.9993256473440888
12,1,0.60,0.9999507948778241
12,1,0.65,0.9995602514015884
12,1,0.70,0.9999214353967306
12,1,0.75,0.9998048297786355
12,1,0.80,0.9999458729557543
12,1,0.85,0.9993737127638308
12,1,0.90,0.999684354100498
12,1,0.95,0.9999710518014572
12,2,0.05,0.3948618359913846
12,2,0.10,0.9951661241503122
12,2,0.15,0.9967722237340814
12,2,0.20,0.9997324448658246
12,2,0.25,0.998310543650317
12,2,0.30,0.999660837911556
12,2,0.35,0.9998723728479212
12,2,0.40,0.9985943396753542
12,2,0.45,0.9963769332660005
12,2,0.50,0.9965811810199121
12,2,0.55,0.9997600127098384
12,2,0.60,0.9992590632016294
12,2,0.65,0.9999652718964211
12,2,0.70,0.9999683195199651
12,2,0.75,0.9999561015404743
12,2,0.80,0.9999042341484383
12,2,0.85,0.9998274123260137
12,2,0.90,0.9994639556948377
12,2,0.95,0.9998379152808732
12,3,0.05,-0.1831863734146979
12,3,0.10,0.9627559918771769
12,3,0.15,0.9992106451447954
12,3,0.20,0.9996298119263606
12,3,0.25,0.9984818991544719
12,3,0.30,0.9990681953743799
12,3,0.35,0.9953601435109255
12,3,0.40,0.9998930608327083
12,3,0.45,0.9999506544584973
12,3,0.50,0.999964567765527
12,3,0.55,0.9994736613684752
12,3,0.60,0.9963137246927407
12,3,0.65,0.9998802948945528
12,3,0.70,0.9994190876056502
12,3,0.75,0.9999534021972979
12,3,0.80,0.9999305125288177
12,3,0.85,0.9998682502409346
12,3,0.90,0.9993887096572621
12,3,0.95,0.9873129130553857
12,4,0.05,-0.24199235394848495
12,4,0.10,0.5087574539497268
12,4,0.15,0.9976962490800908
12,4,0.20,0.997273681027856
12,4,0.25,0.9998669028494883
12,4,0.30,0.9999055485787578
12,4,0.35,0.9999574033990716
12,4,0.40,0.9939829702734234
12,4,0.45,0.9976512420620041
12,4,0.50,0.979399457752502
12,4,0.55,0.999397526468283
12,4,0.60,0.999484614617736
12,4,0.65,0.9999317313532797
12,4,0.70,0.9999800442201101
12,4,0.75,0.9999432285206412
12,4,0.80,0.9985000845354411
12,4,0.85,0.9999074501604467
12,4,0.90,0.9991497267451235
12,4,0.95,0.9982282724894709
12,5,0.05,-0.3323586914244807
12,5,0.10,0.9997302195707173
12,5,0.15,0.9936121783300821
12,5,0.20,0.9949940360280773
12,5,0.25,0.9998912309810364
12,5,0.30,0.9998095238326776
12,5,0.35,0.9988778122208257
12,5,0.40,0.9947136341844499
12,5,0.45,0.6301774644312432
12,5,0.50,0.9952059347035822
12,5,0.55,0.9999722908785061
12,5,0.60,0.9999109537745864
12,5,0.65,0.9960974986778088
12,5,0.70,0.99874043848252
12,5,0.75,0.9998958191397129
12,5,0.80,0.9957897427145803
12,5,0.85,0.9997087569336895
12,5,0.90,0.9999482359536651
12,5,0.95,0.9995120240799651
12,6,0.05,-9.073163226421013
12,6,0.10,0.9937614419916643
12,6,0.15,0.9997315506895987
12,6,0.20,0.9642068745094576
12,6,0.25,0.9534775740945701
12,6,0.30,0.9912122746426127
12,6,0.35,0.9965404758805761
12,6,0.40,0.9987147302933763
12,6,0.45,0.9993737087966236
12,6,0.50,0.9994428762142255
12,6,0.55,0.999749904272296
12,6,0.60,0.9722190041333088
12,6,0.65,0.999945455080757
12,6,0.70,0.9999358523971088
12,6,0.75,0.9999739701776876
12,6,0.80,0.9999754011816476
12,6,0.85,0.9991793460120402
12,6,0.90,0.9997875863252296
12,6,0.95,0.9993901494565989
12,7,0.05,0.9703783429608089
12,7,0.10,0.9915977590241697
12,7,0.15,0.9875999676887373
12,7,0.20,0.9999070597893039
12,7,0.25,0.9998139927618477
12,7,0.30,0.9998958230598233
12,7,0.35,0.9998666056463962
12,7,0.40,0.9999049665286461
12,7,0.45,0.9925441615702585
12,7,0.50,0.9999602942017056
12,7,0.55,0.9994595074825726
12,7,0.60,0.9996688536586985
12,7,0.65,0.9999352624888584
12,7,0.70,0.9999725503939136
12,7,0.75,0.9994615757772641
12,7,0.80,0.9993696936627684
12,7,0.85,0.9997515615017386
12,7,0.90,0.9979775681682991
12,7,0.95,0.9999504736807997
12,8,0.05,0.4816329431623728
12,8,0.10,0.9971075116209148
12,8,0.15,0.9983177328869124
12,8,0.20,0.9675127610344131
12,8,0.25,0.9940393848942455
12,8,0.30,0.9994967428075078
12,8,0.35,0.9978671206024464
12,8,0.40,0.9997678270897414
12,8,0.45,0.9966751814774433
12,8,0.50,0.9995807523626137
12,8,0.55,0.99980700371962
12,8,0.60,0.999291735202951
12,8,0.65,0.9986055020879434
12,8,0.70,0.999983920617568
12,8,0.75,0.9999108886695797
12,8,0.80,0.9999666439645425
12,8,0.85,0.9999392437614191
12,8,0.90,0.9986685649815673
12,8,0.95,0.9986858114162964
12,9,0.05,0.07471883827963877
12,9,0.10,0.999598612713873
12,9,0.15,0.9988892005672003
12,9,0.20,0.9996616113250809
12,9,0.25,0.9998503702559818
12,9,0.30,0.9998110733540999
12,9,0.35,0.9999411378936656
12,9,0.40,0.9997376201377083
12,9,0.45,0.639193565083545
12,9,0.50,0.9993207241133311
12,9,0.55,0.9994050341226826
12,9,0.60,0.9983401979103332
12,9,0.65,0.9999698057600497
12,9,0.70,0.9979395108310605
12,9,0.75,0.9999605991919609
12,9,0.80,0.9966464562069546
12,9,0.85,0.9999234409125916
12,9,0.90,0.9999640104056671
12,9,0.95,0.9998813529217562
13,0,0.05,0.9565506311663096
13,0,0.10,0.9990190804846497
13,0,0.15,0.9995098468280115
13,0,0.20,0.9995763671859123
13,0,0.25,0.9999254894397034
13,0,0.30,0.9999197680215466
13,0,0.35,0.9999205972633677
13,0,0.40,0.9986430482907879
13,0,0.45,0.9996767160101153
13,0,0.50,0.9998906895727614
13,0,0.55,0.9999506506804126
13,0,0.60,0.9999558097365352
13,0,0.65,0.9999842032610288
13,0,0.70,0.9999584171580274
13,0,0.75,0.9999583954917485
13,0,0.80,0.9999722170940878
13,0,0.85,0.9996829950613936
13,0,0.90,0.9999569227628897
13,0,0.95,0.9955646986379367
13,1,0.05,0.02229700565874415
13,1,0.10,0.9981265954912039
13,1,0.15,0.9996265345102218
13,1,0.20,0.9985607840124735
13,1,0.25,0.9993956615025568
13,1,0.30,0.9999218019320072
13,1,0.35,0.9997484513517139
13,1,0.40,0.9998412578216747
13,1,0.45,0.9999450146596374
13,1,0.50,0.9998489160438436
13,1,0.55,0.9995594780082255
13,1,0.60,0.9996210242449672
13,1,0.65,0.999976729888176
13,1,0.70,0.999917194118554
13,1,0.75,0.9999618277723017
13,1,0.80,0.9999656357494136
13,1,0.85,0.9998296174150972
13,1,0.90,0.9999263905793488
13,1,0.95,0.9999058748995626
13,2,0.05,0.031409687705256206
13,2,0.10,0.9665401503884671
13,2,0.15,0.9991056003379857
13,2,0.20,0.9996511232226981
13,2,0.25,0.9972384419660754
13,2,0.30,0.99983817120341
13,2,0.35,0.9999019193287232
13,2,0.40,0.9999428943773132
13,2,0.45,0.9999356792909502
13,2,0.50,0.9999598838590549
13,2,0.55,0.9999641095549993
13,2,0.60,0.9994761337666097
13,2,0.65,0.9999529748594772
13,2,0.70,0.9999691399048035
13,2,0.75,0.999915311738097
13,2,0.80,0.9995319390089926
13,2,0.85,0.9999030706537966
13,2,0.90,0.9993003086202797
13,2,0.95,0.9996377567415671
13,3,0.05,0.8217857984986081
13,3,0.10,0.9803377692098539
13,3,0.15,0.9679833539074639
13,3,0.20,0.9996624403405275
13,3,0.25,0.9961848689658858
13,3,0.30,0.9998413324470297
13,3,0.35,0.9999168564650197
13,3,0.40,0.9998778233919157
13,3,0.45,0.9999580811412749
13,3,0.50,0.997957199255175
13,3,0.55,0.9998951063724428
13,3,0.60,0.9998135675321314
13,3,0.65,0.999880647882584
13,3,0.70,0.9998360424183383
13,3,0.75,0.999666074935898
13,3,0.80,0.9998763502299441
13,3,0.85,0.9997967671229118
13,3,0.90,0.9997799444940584
13,3,0.95,0.9938930575161438
13,4,0.05,0.19771269710531725
13,4,0.10,0.9997584019892978
13,4,0.15,0.9373830643326349
13,4,0.20,0.9994558205767892
13,4,0.25,0.99961034884012
13,4,0.30,0.9997072823996436
13,4,0.35,0.9981237238289764
13,4,0.40,0.9999534230901934
13,4,0.45,0.9999167838531017
13,4,0.50,0.9999658503580752
13,4,0.55,0.9993003599373406
13,4,0.60,0.9999638470131552
13,4,0.65,0.9999051235172159
13,4,0.70,0.9999399698462386
13,4,0.75,0.9995127840831881
13,4,0.80,0.9999578439894032
13,4,0.85,0.9995846785577547
13,4,0.90,0.999971874618358
13,4,0.95,0.9999543022935724
13,5,0.05,-0.33215913073073655
13,5,0.10,0.9993298263031687
13,5,0.15,0.9981632477234635
13,5,0.20,0.999926471858221
13,5,0.25,0.9999092575735822
13,5,0.30,0.999297574362547
13,5,0.35,0.999697056048179
13,5,0.40,0.9998571529249393
13,5,0.45,0.9994307918282358
13,5,0.50,0.9993994320610279
13,5,0.55,0.9999691460858262
13,5,0.60,0.9998826387091847
13,5,0.65,0.9998646000791807
13,5,0.70,0.9999389121707596
13,5,0.75,0.9993180898133489
13,5,0.80,0.9986817152715199
13,5,0.85,0.9821887158894621
13,5,0.90,0.999095342253912
13,5,0.95,0.9990236495564897
13,6,0.05,0.9850075064680013
13,6,0.10,0.9742413207325751
13,6,0.15,0.9919886665932787
13,6,0.20,0.9993358990739365
13,6,0.25,0.9998111979232219
13,6,0.30,0.9976771215456266
13,6,0.35,0.9997858992902534
13,6,0.40,0.9999743637076375
13,6,0.45,0.99993694238934
13,6,0.50,0.998864524625983
13,6,0.55,0.9830071518261696
13,6,0.60,0.9997935392571401
13,6,0.65,0.9980716265097431
13,6,0.70,0.999768717284912
13,6,0.75,0.9999713234537797
13,6,0.80,0.9999569051792738
13,6,0.85,0.9992530104868211
13,6,0.90,0.9986312294614688
13,6,0.95,0.9998727376057751
13,7,0.05,0.8544719388370945
13,7,0.10,0.9708845132424725
13,7,0.15,0.9991769309518226
13,7,0.20,0.9947704067303486
13,7,0.25,0.9999367085614184
13,7,0.30,0.9983753387201445
13,7,0.35,0.9998471122682575
13,7,0.40,0.998816951650105
13,7,0.45,0.9999402401426394
13,7,0.50,0.9999267432910411
13,7,0.55,0.9995342699353669
13,7,0.60,0.9999559448106362
13,7,0.65,0.9981460982542425
13,7,0.70,0.9993637843548353
13,7,0.75,0.9999542762393728
13,7,0.80,0.9999375839690887
13,7,0.85,0.9993656456231739
13,7,0.90,0.9997871792365829
13,7,0.95,0.9995106525155193
13,8,0.05,0.8876776070848171
13,8,0.10,0.9943944885689022
13,8,0.15,0.9993627949289696
13,8,0.20,0.9992933176288171
13,8,0.25,0.9997509612596409
13,8,0.30,0.9999444916751364
13,8,0.35,0.9990601566473889
13,8,0.40,0.9999514219729801
13,8,0.45,0.9997576645748717
13,8,0.50,0.9999074976695755
13,8,0.55,0.9999607806953603
13,8,0.60,0.9999463985367423
13,8,0.65,0.9999689452434218
13,8,0.70,0.9999684639288583
13,8,0.75,0.9999502379323734
13,8,0.80,0.9995442101065581
13,8,0.85,0.9999514750411852
13,8,0.90,0.9993198923774589
13,8,0.95,0.999921439947727
13,9,0.05,0.534680399699244
13,9,0.10,0.9777112668568675
13,9,0.15,0.9996092256352354
13,9,0.20,0.999471485961279
13,9,0.25,0.999653428491819
13,9,0.30,0.999550823034531
13,9,0.35,0.9999341321662029
13,9,0.40,0.9999608788127631
13,9,0.45,0.9997265804003537
13,9,0.50,0.9993553008786603
13,9,0.55,0.9994777734148333
13,9,0.60,0.9995028280170396
13,9,0.65,0.998463746325356
13,9,0.70,0.9999643089310893
13,9,0.75,0.9990009962872898
13,9,0.80,0.9999477972952038
13,9,0.85,0.9998432936312205
13,9,0.90,0.9998167125818876
13,9,0.95,0.9999380612858747
14,0,0.05,-1.4179687227862718
14,0,0.10,0.9686608317998002
14,0,0.15,0.9984501533383229
14,0,0.20,0.999865570103245
14,0,0.25,0.9970992213075232
14,0,0.30,0.9997052015903758
14,0,0.35,0.9974975788118965
14,0,0.40,0.6698029467514947
14,0,0.45,0.9992341071933442
14,0,0.50,0.999970823965321
14,0,0.55,0.9995688329240924
14,0,0.60,0.9999586989908936
14,0,0.65,0.6265704374329724
14,0,0.70,0.9999437964407453
14,0,0.75,0.9964478603134015
14,0,0.80,0.9995155552982583
14,0,0.85,0.9998954410969609
14,0,0.90,0.9998644341006632
14,0,0.95,0.9999634146318822
14,1,0.05,0.8770768380803089
14,1,0.10,0.907210929611221
14,1,0.15,0.9988280125812237
14,1,0.20,0.999866352229843
14,1,0.25,0.6763396582888912
14,1,0.30,0.6560473880493423
14,1,0.35,0.5077690258313601
14,1,0.40,0.6773869565581179
14,1,0.45,0.6733422714993555
14,1,0.50,0.6251268070003193
14,1,0.55,0.9999024804238136
14,1,0.60,0.9999383662407308
14,1,0.65,0.9998927912433112
14,1,0.70,0.9999469240153561
14,1,0.75,0.999949729777198
14,1,0.80,0.9992977071709733
14,1,0.85,0.9998047753965147
14,1,0.90,0.9995170193982199
14,1,0.95,0.9946251569412704
14,2,0.05,0.9253130023666043
14,2,0.10,0.9890236684774502
14,2,0.15,0.9995910763837543
14,2,0.20,0.9940555912595624
14,2,0.25,0.9967551838753149
14,2,0.30,0.9993692792756682
14,2,0.35,0.998382501062244
14,2,0.40,0.9931166443301549
14,2,0.45,0.9962783176230825
14,2,0.50,0.9998396283106039
14,2,0.55,0.9951447813388784
14,2,0.60,0.9999700151946782
14,2,0.65,0.9988158439944487
14,2,0.70,0.9998840289084457
14,2,0.75,0.9997983603794507
14,2,0.80,0.9980812323131543
14,2,0.85,0.9999157188162201
14,2,0.90,0.9971926015297191
14,2,0.95,0.9999485048462569
14,3,0.05,0.9616857599481146
14,3,0.10,0.9941928931338552
14,3,0.15,0.9949995559221665
14,3,0.20,0.999857863939862
14,3,0.25,0.9983952574341464
14,3,0.30,0.9946208943121089
14,3,0.35,0.9985176695965257
14,3,0.40,0.7274492791707405
14,3,0.45,0.9961613957324204
14,3,0.50,0.995803179778218
14,3,0.55,0.9999391616159486
14,3,0.60,0.9996600641762258
14,3,0.65,0.6645939951758586
14,3,0.70,0.9951387967310061
14,3,0.75,0.99531182055963
14,3,0.80,0.9997721824230482
14,3,0.85,0.9981029742085923
14,3,0.90,0.9946363974527312
14,3,0.95,0.9999345765043676
14,4,0.05,0.8886086747148857
14,4,0.10,0.9645889313607494
14,4,0.15,0.9996917007316868
14,4,0.20,0.9998962797317986
14,4,0.25,0.9973101288120114
14,4,0.30,0.6433643763716552
14,4,0.35,0.9987430829043774
14,4,0.40,0.9976096174324582
14,4,0.45,0.9993097598607028
14,4,0.50,0.9907656529130247
14,4,0.55,0.9996825439648989
14,4,0.60,0.9999537782606485
14,4,0.65,0.9997881958053472
14,4,0.70,0.9999235899542294
14,4,0.75,0.9998271719310855
14,4,0.80,0.991046140149932
14,4,0.85,0.9993515188887363
14,4,0.90,0.9999782859248089
14,4,0.95,0.9999310471805781
14,5,0.05,0.8274440397547131
14,5,0.10,0.9856851163852703
14,5,0.15,0.9977300805614293
14,5,0.20,0.999649727541703
14,5,0.25,0.9909773328695075
14,5,0.30,0.6073090331115591
14,5,0.35,0.9990803801465349
14,5,0.40,0.9997808823634446
14,5,0.45,0.9998750083938466
14,5,0.50,0.9955351973608516
14,5,0.55,0.9998836854339088
14,5,0.60,0.9999305751568662
14,5,0.65,0.9963586158878007
14,5,0.70,0.9999490947557748
14,5,0.75,0.9998746211996555
14,5,0.80,0.99921803188107
14,5,0.85,0.999617305428193
14,5,0.90,0.9999809245208273
14,5,0.95,0.9999601449876622
14,6,0.05,0.9948473489251684
14,6,0.10,0.952548902318949
14,6,0.15,0.9998028991892998
14,6,0.20,0.9949601466892453
14,6,0.25,0.9999275528201806
14,6,0.30,0.7568941682060027
14,6,0.35,0.9999473134622142
14,6,0.40,0.9998322756860268
14,6,0.45,0.9967675672145494
14,6,0.50,0.9999310712472242
14,6,0.55,0.9998253213500379
14,6,0.60,0.9995993502028458
14,6,0.65,0.9964886567828655
14,6,0.70,0.9994824767941093
14,6,0.75,0.999768948425688
14,6,0.80,0.9999320363526133
14,6,0.85,0.9992939941454534
14,6,0.90,0.9999693829940884
14,6,0.95,0.9997953455697898
14,7,0.05,-3.340343541434203
14,7,0.10,0.9759841372275477
14,7,0.15,0.9997953477252209
14,7,0.20,0.9870765481521755
14,7,0.25,0.9974022049436492
14,7,0.30,0.9994541376046184
14,7,0.35,0.9991524399968675
14,7,0.40,0.9998915935205317
14,7,0.45,0.9859295132757304
14,7,0.50,0.9999608945290418
14,7,0.55,0.6799967247425979
14,7,0.60,0.9999612348527023
14,7,0.65,0.999860886842135
14,7,0.70,0.999736479288789
14,7,0.75,0.9992245315074916
14,7,0.80,0.9999502371189949
14,7,0.85,0.9907511030244868
14,7,0.90,0.999961145473502
14,7,0.95,0.9999535109560455
14,8,0.05,0.9899846008358417
14,8,0.10,0.9738260988328348
14,8,0.15,0.9912467570801128
14,8,0.20,0.9936835382903337
14,8,0.25,0.9999105135714573
14,8,0.30,0.9999178772116042
14,8,0.35,0.9978307344808873
14,8,0.40,0.9983741909050434
14,8,0.45,0.9943214485184204
14,8,0.50,0.9999158673326378
14,8,0.55,0.99989220806662
14,8,0.60,0.999930155319876
14,8,0.65,0.999829713490057
14,8,0.70,0.9999356891174955
14,8,0.75,0.99445269416921
14,8,0.80,0.9996217256651861
14,8,0.85,0.9999477484975884
14,8,0.90,0.9999163026932466
14,8,0.95,0.9999082671704439
14,9,0.05,0.8010102711038947
14,9,0.10,0.9388659502100833
14,9,0.15,0.9948651956328738
14,9,0.20,0.9901229648776936
14,9,0.25,0.9954135540214815
14,9,0.30,0.9998089619537248
14,9,0.35,0.9879821946615368
14,9,0.40,0.9964815218340727
14,9,0.45,0.9966145196167111
14,9,0.50,0.9999144134469821
14,9,0.55,0.6112915634644862
14,9,0.60,0.9990033311831722
14,9,0.65,0.9946433000264882
14,9,0.70,0.9951177747479018
14,9,0.75,0.9997808903889083
14,9,0.80,0.999527878000966
14,9,0.85,0.9997410689101991
14,9,0.90,0.9999285380322824
14,9,0.95,0.9999632806442273
15,0,0.05,0.7026134117468057
15,0,0.10,0.9964741272022876
15,0,0.15,0.9964718112855562
15,0,0.20,0.9999253731743921
15,0,0.25,0.999699194076334
15,0,0.30,0.9999465954926782
15,0,0.35,0.9998213505707644
15,0,0.40,0.9957666316536303
15,0,0.45,0.9918499201200129
15,0,0.50,0.9997102226230329
15,0,0.55,0.9999314893994861
15,0,0.60,0.6523736823516982
15,0,0.65,0.9999624385410275
15,0,0.70,0.9991637038981236
15,0,0.75,0.9993522416702091
15,0,0.80,0.9993452808335539
15,0,0.85,0.9999511408023026
15,0,0.90,0.9999241324241689
15,0,0.95,0.997187082741599
15,1,0.05,0.8887230835900355
15,1,0.10,0.9569002028562299
15,1,0.15,0.9955203921912781
15,1,0.20,0.9967608720204851
15,1,0.25,0.9931380265839034
15,1,0.30,0.9984264754727705
15,1,0.35,0.9998255508448727
15,1,0.40,0.9992792253370988
15,1,0.45,0.992325896634308
15,1,0.50,0.9946346497045543
15,1,0.55,0.9999037970397706
15,1,0.60,0.6306528894577248
15,1,0.65,0.9998936131666047
15,1,0.70,0.9991860145589948
15,1,0.75,0.9999776983058001
15,1,0.80,0.999921088873627
15,1,0.85,0.9950840759225899
15,1,0.90,0.998783894649998
15,1,0.95,0.9991104972851411
15,2,0.05,0.9587853302481922
15,2,0.10,0.9551290585152866
15,2,0.15,0.9983498533991713
15,2,0.20,0.9997954075619008
15,2,0.25,0.9960459913081323
15,2,0.30,0.9987236179340722
15,2,0.35,0.9999294869065688
15,2,0.40,0.9998998265476662
15,2,0.45,0.9943357911006586
15,2,0.50,0.9999381329696709
15,2,0.55,0.9993710030480634
15,2,0.60,0.9992405439909986
15,2,0.65,0.9999309268919382
15,2,0.70,0.9991788162558973
15,2,0.75,0.9953576751751363
15,2,0.80,0.9995586264924046
15,2,0.85,0.9998801361930826
15,2,0.90,0.99997031222933
15,2,0.95,0.9938703250859984
15,3,0.05,0.6572970909730247
15,3,0.10,0.9686179598281083
15,3,0.15,0.9997804069439625
15,3,0.20,0.9979967288389507
15,3,0.25,0.9977211964612556
15,3,0.30,0.9998354067378571
15,3,0.35,0.9987377509851393
15,3,0.40,0.9945161863455436
15,3,0.45,0.9998830485777747
15,3,0.50,0.995585442445972
15,3,0.55,0.9992992947001224
15,3,0.60,0.6262265231888506
15,3,0.65,0.9999081148978858
15,3,0.70,0.9997917934801472
15,3,0.75,0.9999095193800112
15,3,0.80,0.9992727241146747
15,3,0.85,0.9995373482112616
15,3,0.90,0.9999520711865532
15,3,0.95,0.9998133233859048
15,4,0.05,0.7477341546334566
15,4,0.10,0.95933637320598
15,4,0.15,0.9990006954908891
15,4,0.20,0.9881216777872608
15,4,0.25,0.9963870651297733
15,4,0.30,0.9998537159521809
15,4,0.35,0.9963887853366463
15,4,0.40,0.9999321224219513
15,4,0.45,0.9999431549574975
15,4,0.50,0.9987582936508226
15,4,0.55,0.9932998905586101
15,4,0.60,0.6435651640407865
15,4,0.65,0.9954652260579653
15,4,0.70,0.9998924299018107
15,4,0.75,0.9998758204578321
15,4,0.80,0.9999708943108292
15,4,0.85,0.9999543016643322
15,4,0.90,0.9999716408794852
15,4,0.95,0.9973226802930537
15,5,0.05,-3.1163184877891323
15,5,0.10,0.4881670115331007
15,5,0.15,0.9960940668202204
15,5,0.20,0.9996828896073106
15,5,0.25,0.9988294754907153
15,5,0.30,0.9996980861553513
15,5,0.35,0.9998171225473377
15,5,0.40,0.9983353038549161
15,5,0.45,0.9999122478594977
15,5,0.50,0.9959202768715992
15,5,0.55,0.9999325152296052
15,5,0.60,0.9691058925009601
15,5,0.65,0.5920466906524242
15,5,0.70,0.9992297649990015
15,5,0.75,0.9998626665886913
15,5,0.80,0.9998911648112423
15,5,0.85,0.9999290919636149
15,5,0.90,0.9977174733801775
15,5,0.95,0.9994015306081641
15,6,0.05,0.35840721161587474
15,6,0.10,0.9753097130865015
15,6,0.15,0.9998033223717232
15,6,0.20,0.9996185737506735
15,6,0.25,0.9987908581586924
15,6,0.30,0.9983782009692734
15,6,0.35,0.9999433318095372
15,6,0.40,0.9970819702916216
15,6,0.45,0.994891650670023
15,6,0.50,0.9994812438712245
15,6,0.55,0.9999742831092306
15,6,0.60,0.6137393633228388
15,6,0.65,0.9960081727056939
15,6,0.70,0.9999068419128697
15,6,0.75,0.9998927014013101
15,6,0.80,0.9998743090182625
15,6,0.85,0.9994913958547605
15,6,0.90,0.9999194867548467
15,6,0.95,0.6310109690806176
15,7,0.05,0.9918075625994294
15,7,0.10,0.8347044709365562
15,7,0.15,0.9913951533333082
15,7,0.20,0.9974162915771522
15,7,0.25,0.998288040512289
15,7,0.30,0.9995164813568019
15,7,0.35,0.9997332953670899
15,7,0.40,0.9968169672772582
15,7,0.45,0.9996538943901502
15,7,0.50,0.999890342592253
15,7,0.55,0.9999005395341394
15,7,0.60,0.9999514878251656
15,7,0.65,0.9992227918371537
15,7,0.70,0.9995734298052187
15,7,0.75,0.9988679956289694
15,7,0.80,0.9995738089258499
15,7,0.85,0.9991603204931826
15,7,0.90,0.9956160174754806
15,7,0.95,0.9998265340254288
15,8,0.05,0.28190146043505726
15,8,0.10,0.5873247012806133
15,8,0.15,0.9945473753684604
15,8,0.20,0.9888477047771506
15,8,0.25,0.9998433901103525
15,8,0.30,0.9998610129638905
15,8,0.35,0.9999634416279064
15,8,0.40,0.9972032712429749
15,8,0.45,0.9976555237669154
15,8,0.50,0.9996875933418481
15,8,0.55,0.9999649362834406
15,8,0.60,0.9999402821610389
15,8,0.65,0.9999243157792067
15,8,0.70,0.9966733522404678
15,8,0.75,0.9839307075432417
15,8,0.80,0.9999175387432134
15,8,0.85,0.999956334037656
15,8,0.90,0.9999510502098187
15,8,0.95,0.9999637503756501
15,9,0.05,0.4589851655725573
15,9,0.10,0.9991303674099014
15,9,0.15,0.999791768192874
15,9,0.20,0.9971035733132169
15,9,0.25,0.9999319662994894
15,9,0.30,0.9957092047986564
15,9,0.35,0.9977057693846008
15,9,0.40,0.9989843688459911
15,9,0.45,0.9972212273538148
15,9,0.50,0.9999077985224237
15,9,0.55,0.99995947053034
15,9,0.60,0.9982210054058958
15,9,0.65,0.999710461078423
15,9,0.70,0.9999119971933066
15,9,0.75,0.9999593217449706
15,9,0.80,0.9999133239422919
15,9,0.85,0.6376161668411007
15,9,0.90,0.9999067677634136
15,9,0.95,0.9947508593801092
16,0,0.05,0.5647114524081165
16,0,0.10,0.9912267318827472
16,0,0.15,0.9989769200629337
16,0,0.20,0.9650962683812844
16,0,0.25,0.9896703780271576
16,0,0.30,0.9986212327226233
16,0,0.35,0.9991089656123296
16,0,0.40,0.9949640076105796
16,0,0.45,0.998759677216842
16,0,0.50,0.9950182757032181
16,0,0.55,0.9999162591422731
16,0,0.60,0.998436163534464
16,0,0.65,0.9999713026979358
16,0,0.70,0.9998147316545998
16,0,0.75,0.9999434610591075
16,0,0.80,0.6751486576387967
16,0,0.85,0.9995736802840596
16,0,0.90,0.9994349286432792
16,0,0.95,0.9999365949608535
16,1,0.05,0.9575554188216453
16,1,0.10,0.9450934813268187
16,1,0.15,0.995552781434859
16,1,0.20,0.9936424934518526
16,1,0.25,0.9954167460167236
16,1,0.30,0.9975344908701442
16,1,0.35,0.9995602464274737
16,1,0.40,0.9938035839759846
16,1,0.45,0.5472841640737844
16,1,0.50,0.9999353149321779
16,1,0.55,0.9999558458108235
16,1,0.60,0.9832417736020125
16,1,0.65,0.9951122783082286
16,1,0.70,0.999638212239906
16,1,0.75,0.9995038423341657
16,1,0.80,0.9999706927082436
16,1,0.85,0.9998484436506343
16,1,0.90,0.9999580111211268
16,1,0.95,0.9999405634232701
16,2,0.05,0.9683528152436726
16,2,0.10,0.9991155605433978
16,2,0.15,0.9929801765865562
16,2,0.20,0.9950419687384154
16,2,0.25,0.9821476701996276
16,2,0.30,0.9985139782112363
16,2,0.35,0.9947807134170504
16,2,0.40,0.9997386194741077
16,2,0.45,0.633123973473622
16,2,0.50,0.9999171422207715
16,2,0.55,0.9999646725839814
16,2,0.60,0.9999434826986509
16,2,0.65,0.9993563582584959
16,2,0.70,0.9764619423987699
16,2,0.75,0.999812770737616
16,2,0.80,0.9956862463881225
16,2,0.85,0.9997949734194682
16,2,0.90,0.9999359038193545
16,2,0.95,0.9998969465979783
16,3,0.05,0.4557141371429657
16,3,0.10,0.9885809852439549
16,3,0.15,0.9984992696870315
16,3,0.20,0.9975961458437687
16,3,0.25,0.9899378920526258
16,3,0.30,0.9996323132470677
16,3,0.35,0.9998998392743348
16,3,0.40,0.999219537192615
16,3,0.45,0.9999188766461427
16,3,0.50,0.9958244062775787
16,3,0.55,0.600869911401309
16,3,0.60,0.9999607626564598
16,3,0.65,0.9999239854418759
16,3,0.70,0.9994800957836478
16,3,0.75,0.6660066679548983
16,3,0.80,0.9999477063038337
16,3,0.85,0.999944294305798
16,3,0.90,0.9998804382525794
16,3,0.95,0.9997604844775515
16,4,0.05,0.7406514427211118
16,4,0.10,0.9978336495838243
16,4,0.15,0.999463828260183
16,4,0.20,0.6043906208485921
16,4,0.25,0.9998596442522263
16,4,0.30,0.9994590784575849
16,4,0.35,0.9996430954619501
16,4,0.40,0.999352121526332
16,4,0.45,0.9995468688599117
16,4,0.50,0.999971793742933
16,4,0.55,0.9997990300451255
16,4,0.60,0.99994074604804
16,4,0.65,0.9999577116637871
16,4,0.70,0.9999073027548495
16,4,0.75,0.9993009087969821
16,4,0.80,0.9995624829527028
16,4,0.85,0.9999193088495697
16,4,0.90,0.9999435483837067
16,4,0.95,0.9999382113187096
16,5,0.05,0.9937859537040424
16,5,0.10,0.999142506206815
16,5,0.15,0.9913492157040564
16,5,0.20,0.9962268197694548
16,5,0.25,0.982507650267213
16,5,0.30,0.998782388148909
16,5,0.35,0.9999215350759222
16,5,0.40,0.9992327185730646
16,5,0.45,0.9940019059508544
16,5,0.50,0.999910679964579
16,5,0.55,0.9997183671248981
16,5,0.60,0.9999544301523526
16,5,0.65,0.9999568480336614
16,5,0.70,0.9994624687803562
16,5,0.75,0.999870470570893
16,5,0.80,0.9974451929693037
16,5,0.85,0.9998922637557205
16,5,0.90,0.9999094012980833
16,5,0.95,0.9997073932789344
16,6,0.05,0.804417700885178
16,6,0.10,0.9998417772920217
16,6,0.15,0.994589160716456
16,6,0.20,0.999583167227201
16,6,0.25,0.9998650986173571
16,6,0.30,0.9990402224626005
16,6,0.35,0.9999234186607376
16,6,0.40,0.9960238642036318
16,6,0.45,0.9998578968388004
16,6,0.50,0.9915849380268288
16,6,0.55,0.9999030905260796
16,6,0.60,0.9950903850619304
16,6,0.65,0.9928310133077459
16,6,0.70,0.9995994409042144
16,6,0.75,0.9999524672555073
16,6,0.80,0.9955338577767329
16,6,0.85,0.9999337074310437
16,6,0.90,0.9965790997072929
16,6,0.95,0.9991615013145363
16,7,0.05,0.8818338124131946
16,7,0.10,0.9980911715161908
16,7,0.15,0.9996562227596636
16,7,0.20,0.997410877863487
16,7,0.25,0.9997912300779935
16,7,0.30,0.9942866884730747
16,7,0.35,0.9999309538829683
16,7,0.40,0.9998299521318735
16,7,0.45,0.9997688174490196
16,7,0.50,0.9997958814404806
16,7,0.55,0.9987202281811082
16,7,0.60,0.9990016045142328
16,7,0.65,0.999900624601345
16,7,0.70,0.999885393585049
16,7,0.75,0.994805544740552
16,7,0.80,0.9999738511186199
16,7,0.85,0.9998298430658632
16,7,0.90,0.9999643298947672
16,7,0.95,0.9994927642231158
16,8,0.05,0.9906991016401744
16,8,0.10,0.9975254651705544
16,8,0.15,0.9793098927828219
16,8,0.20,0.9995311244249325
16,8,0.25,0.9999276271910782
16,8,0.30,0.9853453667513317
16,8,0.35,0.9989210610363413
16,8,0.40,0.9882795197049953
16,8,0.45,0.9948975252018926
16,8,0.50,0.9996939622107952
16,8,0.55,0.9999538614471023
16,8,0.60,0.6999222488284794
16,8,0.65,0.9998441648007818
16,8,0.70,0.9997777966481559
16,8,0.75,0.9949985922094179
16,8,0.80,0.6040794107535459
16,8,0.85,0.999927937428414
16,8,0.90,0.9998973703419404
16,8,0.95,0.9998295340676678
16,9,0.05,-74963.72672365472
16,9,0.10,0.7021362708266092
16,9,0.15,0.9995448267127511
16,9,0.20,0.5765547709438297
16,9,0.25,0.9989038459901314
16,9,0.30,0.9998683068174645
16,9,0.35,0.999551868946725
16,9,0.40,0.9996977987941194
16,9,0.45,0.9999293856475412
16,9,0.50,0.9997603170253528
16,9,0.55,0.9952272840191905
16,9,0.60,0.9957929640197817
16,9,0.65,0.9999591302751105
16,9,0.70,0.9999455257124488
16,9,0.75,0.9999502019386106
16,9,0.80,0.9999697275042299
16,9,0.85,0.9995369260346753
16,9,0.90,0.9999775516160891
16,9,0.95,0.9999643324772405
17,0,0.05,0.8286554402848779
17,0,0.10,0.9986858928328751
17,0,0.15,0.5436264962882009
17,0,0.20,0.9998655623449206
17,0,0.25,0.9974829639206026
17,0,0.30,0.9998451644650859
17,0,0.35,0.9998949562229117
17,0,0.40,0.9996491163189544
17,0,0.45,0.9983498224133915
17,0,0.50,0.9994868672598207
17,0,0.55,0.9999748948202802
17,0,0.60,0.999736049574408
17,0,0.65,0.9998324251477771
17,0,0.70,0.9999217265448606
17,0,0.75,0.9702431565053485
17,0,0.80,0.999921925499958
17,0,0.85,0.9998936669764688
17,0,0.90,0.9989741133100956
17,0,0.95,0.999905326988058
17,1,0.05,0.5657041755298797
17,1,0.10,0.6873157472163959
17,1,0.15,0.8955939377336821
17,1,0.20,0.9991344265762419
17,1,0.25,0.6068607774182646
17,1,0.30,0.9977441813101567
17,1,0.35,0.9997979275748123
17,1,0.40,0.9994169659073726
17,1,0.45,0.9999496157769336
17,1,0.50,0.9984493579980651
17,1,0.55,0.9999139995038555
17,1,0.60,0.9995675492924199
17,1,0.65,0.999921548049789
17,1,0.70,0.9999484686569649
17,1,0.75,0.9998807647126368
17,1,0.80,0.9990252261363265
17,1,0.85,0.9996938530811456
17,1,0.90,0.998495265537605
17,1,0.95,0.9999604390303197
17,2,0.05,0.8008132897427158
17,2,0.10,0.9910480106877164
17,2,0.15,0.9951617833996727
17,2,0.20,0.9948782552831251
17,2,0.25,0.7035722035555882
17,2,0.30,0.999920568626739
17,2,0.35,0.9998014131528095
17,2,0.40,0.9998015452707288
17,2,0.45,0.5919610326567897
17,2,0.50,0.9991400830139332
17,2,0.55,0.9711067465378262
17,2,0.60,0.9996413896287221
17,2,0.65,0.9999570170205621
17,2,0.70,0.9990376435534192
17,2,0.75,0.9993901595097693
17,2,0.80,0.9999200732223728
17,2,0.85,0.9998720440500927
17,2,0.90,0.9999278811798636
17,2,0.95,0.6743861501067776
17,3,0.05,0.1967741410210273
17,3,0.10,0.9130086581889353
17,3,0.15,0.9792976752363267
17,3,0.20,0.9662026880767169
17,3,0.25,0.999144153875226
17,3,0.30,0.9997494414990584
17,3,0.35,0.9970751962413809
17,3,0.40,0.9999472166289053
17,3,0.45,0.9950889386881195
17,3,0.50,0.9999124393748138
17,3,0.55,0.9996717157974851
17,3,0.60,0.9998770186470486
17,3,0.65,0.9998818640772419
17,3,0.70,0.999950462613425
17,3,0.75,0.9894499910726374
17,3,0.80,0.9997792197283311
17,3,0.85,0.6304110083558586
17,3,0.90,0.9947855293623961
17,3,0.95,0.9993333924618529
17,4,0.05,0.10089466366139643
17,4,0.10,0.5760155501990187
17,4,0.15,0.9984061840370138
17,4,0.20,0.9985329417545902
17,4,0.25,0.6689358738751587
17,4,0.30,0.9991633713672721
17,4,0.35,0.9998178880485221
17,4,0.40,0.9999192382114102
17,4,0.45,0.9999392940530635
17,4,0.50,0.9929227115373501
17,4,0.55,0.997664267920659
17,4,0.60,0.9997486563474011
17,4,0.65,0.9980341231108503
17,4,0.70,0.9994688844115132
17,4,0.75,0.9982854043235238
17,4,0.80,0.9982873080269364
17,4,0.85,0.9999479334381712
17,4,0.90,0.999579417060615
17,4,0.95,0.999807311124132
17,5,0.05,0.6423153982373162
17,5,0.10,0.957665286710958
17,5,0.15,0.88336101071739
17,5,0.20,0.9888387786815512
17,5,0.25,0.9994707383966924
17,5,0.30,0.9950499608389134
17,5,0.35,0.9996629978264101
17,5,0.40,0.9991678432931882
17,5,0.45,0.9999340959711952
17,5,0.50,0.9999382677267863
17,5,0.55,0.999485511679671
17,5,0.60,0.9991201574411646
17,5,0.65,0.9998368594376766
17,5,0.70,0.9999316664215061
17,5,0.75,0.9954866672789221
17,5,0.80,0.9999041487952478
17,5,0.85,0.9999491285607659
17,5,0.90,0.9993540355011588
17,5,0.95,0.9999372682826758
17,6,0.05,0.5425058969543479
17,6,0.10,0.964565192542991
17,6,0.15,0.9794595429052985
17,6,0.20,0.9999057092767467
17,6,0.25,0.9999343515391506
17,6,0.30,0.9997499645547363
17,6,0.35,0.9998187477380622
17,6,0.40,0.9999504446299475
17,6,0.45,0.9999584926739415
17,6,0.50,0.9999204024679224
17,6,0.55,0.9998140385059705
17,6,0.60,0.9999117270376917
17,6,0.65,0.9999653173178563
17,6,0.70,0.9999351349565941
17,6,0.75,0.9951085657227827
17,6,0.80,0.6708324112844268
17,6,0.85,0.9950896118492966
17,6,0.90,0.9930999996433209
17,6,0.95,0.9999461814419489
17,7,0.05,-2.4439577528911394
17,7,0.10,0.9699494456809561
17,7,0.15,0.9779651601845146
17,7,0.20,0.9995222418474399
17,7,0.25,0.9999481415827549
17,7,0.30,0.999840862374266
17,7,0.35,0.9999276660878061
17,7,0.40,0.9999146645201741
17,7,0.45,0.9999244196916655
17,7,0.50,0.999821578266975
17,7,0.55,0.9888656469914977
17,7,0.60,0.9999502528526397
17,7,0.65,0.9999748171612505
17,7,0.70,0.9999657058015835
17,7,0.75,0.9999393951995397
17,7,0.80,0.6427040291568947
17,7,0.85,0.6132419455607148
17,7,0.90,0.9995801150305944
17,7,0.95,0.9991297526687394
17,8,0.05,0.9680221426158054
17,8,0.10,0.968251509325707
17,8,0.15,0.9205690265161298
17,8,0.20,0.9999355119987123
17,8,0.25,0.999506572409603
17,8,0.30,0.9808881742865608
17,8,0.35,0.9998348354000237
17,8,0.40,0.9999242206302754
17,8,0.45,0.9998905178597159
17,8,0.50,0.9978826863572977
17,8,0.55,0.9999263910812404
17,8,0.60,0.9991935679239408
17,8,0.65,0.9993652213104126
17,8,0.70,0.9997505441386528
17,8,0.75,0.9799345127721074
17,8,0.80,0.9976004137705401
17,8,0.85,0.9998137121570521
17,8,0.90,0.9999529791624304
17,8,0.95,0.9999713311887525
17,9,0.05,0.579279144404204
17,9,0.10,0.9660445792423086
17,9,0.15,0.9966449560340642
17,9,0.20,0.9708497172586206
17,9,0.25,0.9994562914908423
17,9,0.30,0.9998639827650344
17,9,0.35,0.999648996946395
17,9,0.40,0.9995521254363853
17,9,0.45,0.9999354737250291
17,9,0.50,0.9998697707822892
17,9,0.55,0.999959960981384
17,9,0.60,0.9999594818993802
17,9,0.65,0.9993234653168951
17,9,0.70,0.9999287529499763
17,9,0.75,0.9962993551618259
17,9,0.80,0.9903378081986652
17,9,0.85,0.9994193059485486
17,9,0.90,0.9998938073884363
17,9,0.95,0.9995786326166302
18,0,0.05,0.9237506908873027
18,0,0.10,0.9448204004499702
18,0,0.15,0.9959430815588652
18,0,0.20,0.9970528409343548
18,0,0.25,0.9998667229320608
18,0,0.30,0.9998630155753804
18,0,0.35,0.9792961768229596
18,0,0.40,0.9985157052174952
18,0,0.45,0.9779465090563737
18,0,0.50,0.5549384992937372
18,0,0.55,0.9999055814884574
18,0,0.60,0.9860015533791356
18,0,0.65,0.988171817320368
18,0,0.70,0.6161793213500646
18,0,0.75,0.9998952716632784
18,0,0.80,0.9990473822105852
18,0,0.85,0.652268703142195
18,0,0.90,0.9999571997211639
18,0,0.95,0.9997540218006097
18,1,0.05,0.47543618336651616
18,1,0.10,0.9797286172849435
18,1,0.15,0.9989665883386556
18,1,0.20,0.9866380805344955
18,1,0.25,0.9997441388604232
18,1,0.30,0.9988871689981773
18,1,0.35,0.9995218612217321
18,1,0.40,0.5398997688165645
18,1,0.45,0.974844854408921
18,1,0.50,0.9997611303025341
18,1,0.55,0.9999290321240962
18,1,0.60,0.9999258407000562
18,1,0.65,0.9889914994928446
18,1,0.70,0.99994317925287
18,1,0.75,0.9997822508193965
18,1,0.80,0.9999523766494058
18,1,0.85,0.999679803672386
18,1,0.90,0.9999614149495363
18,1,0.95,0.9999369412666388
18,2,0.05,0.4240818073921837
18,2,0.10,0.9894859404864447
18,2,0.15,0.9999333276700889
18,2,0.20,0.9983668457480712
18,2,0.25,0.9997765164935234
18,2,0.30,0.9998371945853329
18,2,0.35,0.9824796820273316
18,2,0.40,0.9982519420013641
18,2,0.45,0.9982345694467507
18,2,0.50,0.9999531984875988
18,2,0.55,0.9997326594096806
18,2,0.60,0.9998824637811607
18,2,0.65,0.9998806464049148
18,2,0.70,0.9966529299090412
18,2,0.75,0.5952520592782949
18,2,0.80,0.9998959016135119
18,2,0.85,0.9999632576818269
18,2,0.90,0.9996074404491853
18,2,0.95,0.9995094692189477
18,3,0.05,0.29066802002178127
18,3,0.10,0.9987510892866159
18,3,0.15,0.9992306683280633
18,3,0.20,0.6233983261563731
18,3,0.25,0.9998628346488161
18,3,0.30,0.9976089446652958
18,3,0.35,0.9975355239400047
18,3,0.40,0.9750990998215489
18,3,0.45,0.9490637507749895
18,3,0.50,0.9983125425945094
18,3,0.55,0.9999233923350607
18,3,0.60,0.9996737597536642
18,3,0.65,0.9992196797646598
18,3,0.70,0.6239434766938461
18,3,0.75,0.984844938462556
18,3,0.80,0.9998702539847419
18,3,0.85,0.9994201549364176
18,3,0.90,0.9996223166768637
18,3,0.95,0.9992370900708685
18,4,0.05,0.8492256458807356
18,4,0.10,0.997582123526656
18,4,0.15,0.9992704094926435
18,4,0.20,0.7486572483330085
18,4,0.25,0.9997133249076325
18,4,0.30,0.999384852746112
18,4,0.35,0.9999626114200537
18,4,0.40,0.9998047219966861
18,4,0.45,0.9960222237514427
18,4,0.50,0.9999552180921425
18,4,0.55,0.6405719639381457
18,4,0.60,0.9991496735118947
18,4,0.65,0.9963752676087331
18,4,0.70,0.999931119304663
18,4,0.75,0.9999335753854067
18,4,0.80,0.9999125292623638
18,4,0.85,0.9996737388190339
18,4,0.90,0.9992706730437475
18,4,0.95,0.9999427746751026
18,5,0.05,0.630948542175524
18,5,0.10,0.9881985541226831
18,5,0.15,0.9998322461492465
18,5,0.20,0.9991730483204523
18,5,0.25,0.9998345107135769
18,5,0.30,0.9847811077344915
18,5,0.35,0.99984600203961
18,5,0.40,0.9993901090275781
18,5,0.45,0.5894737336394085
18,5,0.50,0.9842311977766006
18,5,0.55,0.9997935700027001
18,5,0.60,0.9998519683793827
18,5,0.65,0.999763469607889
18,5,0.70,0.9996411156052569
18,5,0.75,0.9995238833822545
18,5,0.80,0.9999373772117042
18,5,0.85,0.9998644342973145
18,5,0.90,0.9999322374665661
18,5,0.95,0.9978350920029968
18,6,0.05,0.9693768882719469
18,6,0.10,0.9876930424119474
18,6,0.15,0.9995043476493998
18,6,0.20,0.5651314609524302
18,6,0.25,0.9995503458007272
18,6,0.30,0.9984232883675719
18,6,0.35,0.9966988634337762
18,6,0.40,0.6448326658345229
18,6,0.45,0.5849312572054646
18,6,0.50,0.9998515459912193
18,6,0.55,0.9968399006239705
18,6,0.60,0.999901331478784
18,6,0.65,0.9707503057089869
18,6,0.70,0.9999599403409725
18,6,0.75,0.6644177903731732
18,6,0.80,0.9995639825782717
18,6,0.85,0.9999261189203914
18,6,0.90,0.9998816804701449
18,6,0.95,0.9944325076791048
18,7,0.05,0.8371358131633716
18,7,0.10,0.9650530153723006
18,7,0.15,0.9962590797996521
18,7,0.20,0.9995240087216468
18,7,0.25,0.9995085168235293
18,7,0.30,0.9999586468556012
18,7,0.35,0.9979013209143108
18,7,0.40,0.9997263674672763
18,7,0.45,0.9721361349110992
18,7,0.50,0.5683805822727062
18,7,0.55,0.5980960446140957
18,7,0.60,0.9989097892484683
18,7,0.65,0.9945713498229671
18,7,0.70,0.9991819998910129
18,7,0.75,0.9998838477164635
18,7,0.80,0.9992279575052143
18,7,0.85,0.5864505245785545
18,7,0.90,0.9992884884083055
18,7,0.95,0.9997603452154019
18,8,0.05,-15.73582967789083
18,8,0.10,0.9996486866321913
18,8,0.15,0.9925287882660345
18,8,0.20,0.9650501842529474
18,8,0.25,0.9997796917029067
18,8,0.30,0.9765118770527891
18,8,0.35,0.6030688933421633
18,8,0.40,0.6141295435075874
18,8,0.45,0.9985551766787941
18,8,0.50,0.603806280343097
18,8,0.55,0.9888426933884789
18,8,0.60,0.6135916974303546
18,8,0.65,0.9944547985285423
18,8,0.70,0.9962989470000518
18,8,0.75,0.99947504175895
18,8,0.80,0.6589552569713835
18,8,0.85,0.9999163969541481
18,8,0.90,0.9953504945828193
18,8,0.95,0.999848914177056
18,9,0.05,0.7654188742311483
18,9,0.10,0.9985923960012436
18,9,0.15,0.9977245287819022
18,9,0.20,0.9988413416105941
18,9,0.25,0.9727251221232839
18,9,0.30,0.9994332359304233
18,9,0.35,0.674721872704239
18,9,0.40,0.6257352636293094
18,9,0.45,0.9996694603535491
18,9,0.50,0.6002919655900123
18,9,0.55,0.9957618469563269
18,9,0.60,0.9994453592485758
18,9,0.65,0.5654026242577948
18,9,0.70,0.9912563666667448
18,9,0.75,0.9998681663690188
18,9,0.80,0.999967983678592
18,9,0.85,0.99929805802782
18,9,0.90,0.9999124222616057
18,9,0.95,0.9999328839541675
19,0,0.05,0.9112961389119576
19,0,0.10,0.9946475405913696
19,0,0.15,0.9947967772315193
19,0,0.20,0.99991909531559
19,0,0.25,0.9992419899907012
19,0,0.30,0.9953533972214539
19,0,0.35,0.9933048482207726
19,0,0.40,0.9995573678341148
19,0,0.45,0.9998826925666086
19,0,0.50,0.9997801390661719
19,0,0.55,0.9994818758864004
19,0,0.60,0.9997406363453079
19,0,0.65,0.9959659127314577
19,0,0.70,0.9999480605923317
19,0,0.75,0.9979981847110917
19,0,0.80,0.9999483725538869
19,0,0.85,0.9999085338862664
19,0,0.90,0.9999490366680908
19,0,0.95,0.9999431196954628
19,1,0.05,-4.566514155453488
19,1,0.10,0.9986012490709177
19,1,0.15,0.9950359677521882
19,1,0.20,0.9997940561350367
19,1,0.25,0.9996339523322941
19,1,0.30,0.9999508646284034
19,1,0.35,0.9999161378996538
19,1,0.40,0.9995029917988513
19,1,0.45,0.9998720378827558
19,1,0.50,0.9971625820106689
19,1,0.55,0.999856035953649
19,1,0.60,0.9942230261281089
19,1,0.65,0.9998470519136353
19,1,0.70,0.99973456670645
19,1,0.75,0.9998691146685535
19,1,0.80,0.9995392448395354
19,1,0.85,0.9992073860032209
19,1,0.90,0.9997083997337215
19,1,0.95,0.99988009829939
19,2,0.05,0.9172952763654273
19,2,0.10,0.9948404808071426
19,2,0.15,0.9899259658586084
19,2,0.20,0.6706610790124006
19,2,0.25,0.9998206053880222
19,2,0.30,0.9999055629845627
19,2,0.35,0.999953547608356
19,2,0.40,0.9998816326046459
19,2,0.45,0.9999166867420342
19,2,0.50,0.999960746941761
19,2,0.55,0.994447646188451
19,2,0.60,0.9999108182800259
19,2,0.65,0.9995992633482019
19,2,0.70,0.9993264055669703
19,2,0.75,0.9996340184000109
19,2,0.80,0.6682888360807575
19,2,0.85,0.9991974608359362
19,2,0.90,0.621234121069959
19,2,0.95,0.9998394985810114
19,3,0.05,0.9485072277057969
19,3,0.10,0.9988304514419937
19,3,0.15,0.9991170829088369
19,3,0.20,0.6309236838598834
19,3,0.25,0.9998812368211136
19,3,0.30,0.9999420429701134
19,3,0.35,0.9999570059796693
19,3,0.40,0.9998750715600708
19,3,0.45,0.9997238202680062
19,3,0.50,0.9980671165580133
19,3,0.55,0.9996375510317346
19,3,0.60,0.9999113426096654
19,3,0.65,0.9998956127692487
19,3,0.70,0.9957669924221091
19,3,0.75,0.999923028989218
19,3,0.80,0.9999677492820546
19,3,0.85,0.9999007855621668
19,3,0.90,0.9999611786649385
19,3,0.95,0.9999752081211938
19,4,0.05,0.8432337268196513
19,4,0.10,0.9971582686311536
19,4,0.15,0.9998444869502113
19,4,0.20,0.9747209596316099
19,4,0.25,0.9993088803993874
19,4,0.30,0.9994567223575059
19,4,0.35,0.9989034431769427
19,4,0.40,0.9999066819086518
19,4,0.45,0.999811981587596
19,4,0.50,0.9999529390413294
19,4,0.55,0.9998345221866799
19,4,0.60,0.9993680540817662
19,4,0.65,0.9995005635845939
19,4,0.70,0.998468401943513
19,4,0.75,0.9999684010360635
19,4,0.80,0.9997696596466485
19,4,0.85,0.9995144619192381
19,4,0.90,0.9942589030086689
19,4,0.95,0.999028841860154
19,5,0.05,0.6495470869257299
19,5,0.10,0.9873761374247021
19,5,0.15,0.9998172292186368
19,5,0.20,0.983235374449554
19,5,0.25,0.9995398433606184
19,5,0.30,0.9993920011975859
19,5,0.35,0.9949981206504122
19,5,0.40,0.9999341072591585
19,5,0.45,0.9994071256443975
19,5,0.50,0.9994178547092597
19,5,0.55,0.9991859431031306
19,5,0.60,0.9995976906044355
19,5,0.65,0.9999487370807224
19,5,0.70,0.9979156092108447
19,5,0.75,0.9992001587050771
19,5,0.80,0.9999514776642787
19,5,0.85,0.997907779098318
19,5,0.90,0.999977830195242
19,5,0.95,0.9999025541309919
19,6,0.05,0.8780010259501779
19,6,0.10,0.9754784392186617
19,6,0.15,0.9999627482341444
19,6,0.20,0.9994724970232455
19,6,0.25,0.9965831689541959
19,6,0.30,0.9996472554219448
19,6,0.35,0.9999567232535747
19,6,0.40,0.9998291591019922
19,6,0.45,0.9994790419839245
19,6,0.50,0.9958779982068482
19,6,0.55,0.9965863752872496
19,6,0.60,0.9954759238073727
19,6,0.65,0.9999673135664262
19,6,0.70,0.999928089101957
19,6,0.75,0.9998010715404373
19,6,0.80,0.9952091213837824
19,6,0.85,0.999942809296642
19,6,0.90,0.9999496937481769
19,6,0.95,0.999601185226943
19,7,0.05,0.9466475067899037
19,7,0.10,0.965373641681977
19,7,0.15,0.9738320723108841
19,7,0.20,0.9996503289686618
19,7,0.25,0.998943633584414
19,7,0.30,0.9999319843359461
19,7,0.35,0.9996414797538549
19,7,0.40,0.9998761197207751
19,7,0.45,0.999813823290424
19,7,0.50,0.9995909603899779
19,7,0.55,0.9990215992556627
19,7,0.60,0.9888307122110158
19,7,0.65,0.9998610665671628
19,7,0.70,0.9994233748627478
19,7,0.75,0.9996485324951594
19,7,0.80,0.9999347681090911
19,7,0.85,0.9942416708750862
19,7,0.90,0.9942209597092833
19,7,0.95,0.9945162567986962
19,8,0.05,-0.8527782352441959
19,8,0.10,0.9927776604955827
19,8,0.15,0.6271474905733493
19,8,0.20,0.9774525717113165
19,8,0.25,0.9993555588958914
19,8,0.30,0.999927809176904
19,8,0.35,0.9998739630984411
19,8,0.40,0.9999019175505229
19,8,0.45,0.9998864882860053
19,8,0.50,0.9994302504087311
19,8,0.55,0.9981940459999056
19,8,0.60,0.9968989148764926
19,8,0.65,0.9963494054081367
19,8,0.70,0.9999550977256901
19,8,0.75,0.9959228130266555
19,8,0.80,0.9999695366080148
19,8,0.85,0.9998776643676369
19,8,0.90,0.9952845437255036
19,8,0.95,0.6480389912157758
19,9,0.05,0.9526574175017712
19,9,0.10,0.9671375374427187
19,9,0.15,0.9992200484701098
19,9,0.20,0.9998623050043843
19,9,0.25,0.9999264000532795
19,9,0.30,0.9990731173006284
19,9,0.35,0.9999077843764713
19,9,0.40,0.997709004520038
19,9,0.45,0.9999494044741322
19,9,0.50,0.9998576089621931
19,9,0.55,0.9991132220780014
19,9,0.60,0.9862763870872402
19,9,0.65,0.9992848177380569
19,9,0.70,0.9923787477414286
19,9,0.75,0.9729648918431383
19,9,0.80,0.9998596992126125
19,9,0.85,0.9995164042359787
19,9,0.90,0.9948504866833043
19,9,0.95,0.999954868622273
20,0,0.05,-1.3924771761897894
20,0,0.10,0.9958248289244322
20,0,0.15,0.9994004658429371
20,0,0.20,0.9975530624228118
20,0,0.25,0.991428761152181
20,0,0.30,0.9999169424760698
20,0,0.35,0.9999651092371595
20,0,0.40,0.9997595430307571
20,0,0.45,0.9979861447449206
20,0,0.50,0.9996762414651369
20,0,0.55,0.9997095572665959
20,0,0.60,0.9993349892055715
20,0,0.65,0.9999574099305575
20,0,0.70,0.9992392611929495
20,0,0.75,0.999146650320119
20,0,0.80,0.9994882902511449
20,0,0.85,0.9999676106839078
20,0,0.90,0.9995882532328503
20,0,0.95,0.9860410227467339
20,1,0.05,0.991776053532988
20,1,0.10,0.9952356450174359
20,1,0.15,0.994082249162557
20,1,0.20,0.9792785259558399
20,1,0.25,0.9971681982901567
20,1,0.30,0.997883202782618
20,1,0.35,0.9999469123229487
20,1,0.40,0.999873352813632
20,1,0.45,0.9998629780819307
20,1,0.50,0.9965234852599915
20,1,0.55,0.9999317752993964
20,1,0.60,0.9968884732922866
20,1,0.65,0.9999033195904133
20,1,0.70,0.9992345933488717
20,1,0.75,0.9998781325045625
20,1,0.80,0.9999330856388262
20,1,0.85,0.9999071273615296
20,1,0.90,0.9999625831834718
20,1,0.95,0.9999466549316883
20,2,0.05,0.9975554654006237
20,2,0.10,0.938461561883224
20,2,0.15,0.9964502521884467
20,2,0.20,0.9993696169806218
20,2,0.25,0.9993226744570907
20,2,0.30,0.999312893349279
20,2,0.35,0.9999542164314028
20,2,0.40,0.9998623568335561
20,2,0.45,0.9999629019164222
20,2,0.50,0.9997367066051187
20,2,0.55,0.9999323533828531
20,2,0.60,0.9999356417316639
20,2,0.65,0.9997166843354032
20,2,0.70,0.9979197196560663
20,2,0.75,0.9990885658383485
20,2,0.80,0.9999521306653768
20,2,0.85,0.9999696513314017
20,2,0.90,0.9988641400050661
20,2,0.95,0.9998730690494965
20,3,0.05,0.7951240775093742
20,3,0.10,0.9834491103981455
20,3,0.15,0.9999096009577326
20,3,0.20,0.9777233571040719
20,3,0.25,0.9997528805693724
20,3,0.30,0.999764384807553
20,3,0.35,0.9998126640670404
20,3,0.40,0.9998963825153014
20,3,0.45,0.9999510843518896
20,3,0.50,0.9999299395067511
20,3,0.55,0.9999274538337807
20,3,0.60,0.9995478188928182
20,3,0.65,0.9998695238805427
20,3,0.70,0.9999582064477645
20,3,0.75,0.9999469141889071
20,3,0.80,0.9991045116161181
20,3,0.85,0.9999350960283329
20,3,0.90,0.9992929525023103
20,3,0.95,0.9995382190897684
20,4,0.05,0.9784752748216983
20,4,0.10,0.9902735594711423
20,4,0.15,0.9973129085788853
20,4,0.20,0.4572026049543435
20,4,0.25,0.9991386226803632
20,4,0.30,0.9999035936808185
20,4,0.35,0.7284655844457186
20,4,0.40,0.9999372423723908
20,4,0.45,0.9997978386766041
20,4,0.50,0.9967070186481428
20,4,0.55,0.9997776728367788
20,4,0.60,0.9998859505485161
20,4,0.65,0.9997268541197029
20,4,0.70,0.9999590338720196
20,4,0.75,0.9993972299613606
20,4,0.80,0.999587910430085
20,4,0.85,0.9998114634717373
20,4,0.90,0.9999524652473597
20,4,0.95,0.9978857130832083
20,5,0.05,0.5416685284412285
20,5,0.10,0.9848915232226336
20,5,0.15,0.980822066541143
20,5,0.20,0.9901454093712118
20,5,0.25,0.9937486441896679
20,5,0.30,0.999944765479781
20,5,0.35,0.693252634068818
20,5,0.40,0.6714007981766492
20,5,0.45,0.9949971496430333
20,5,0.50,0.9997268250079657
20,5,0.55,0.9977735455376006
20,5,0.60,0.9999462464484848
20,5,0.65,0.9994765756177283
20,5,0.70,0.9993904881932123
20,5,0.75,0.9992363097995143
20,5,0.80,0.9999559560093997
20,5,0.85,0.9999652217842487
20,5,0.90,0.9999031243563363
20,5,0.95,0.9994977651367958
20,6,0.05,0.57480258498091
20,6,0.10,0.9844189823159241
20,6,0.15,0.9791091364263604
20,6,0.20,0.9981122518297997
20,6,0.25,0.9972967472743159
20,6,0.30,0.9998295270869657
20,6,0.35,0.9999448453176328
20,6,0.40,0.9999436468054987
20,6,0.45,0.9998824023297392
20,6,0.50,0.9998992493586618
20,6,0.55,0.9999419987052937
20,6,0.60,0.9752862961939384
20,6,0.65,0.9999655185694736
20,6,0.70,0.9991133744954339
20,6,0.75,0.9999037427356526
20,6,0.80,0.9999575271232914
20,6,0.85,0.9999461556958371
20,6,0.90,0.999507032996848
20,6,0.95,0.9992002562877609
20,7,0.05,0.9204400586197367
20,7,0.10,0.9989326684147588
20,7,0.15,0.9938229935602753
20,7,0.20,0.9886654822758224
20,7,0.25,0.9998356453899451
20,7,0.30,0.9997055594528568
20,7,0.35,0.9934510388040287
20,7,0.40,0.9980265971610313
20,7,0.45,0.9999633201096885
20,7,0.50,0.999969009722024
20,7,0.55,0.9999592719114124
20,7,0.60,0.9999455622702802
20,7,0.65,0.9999553834227042
20,7,0.70,0.9994001624994276
20,7,0.75,0.9999586061459546
20,7,0.80,0.9967939881613532
20,7,0.85,0.9999605284432118
20,7,0.90,0.9991098486720869
20,7,0.95,0.999060843679404
20,8,0.05,0.7892451692659304
20,8,0.10,0.9876943026670476
20,8,0.15,0.99982555915745
20,8,0.20,0.9562916283253895
20,8,0.25,0.9955012910869764
20,8,0.30,0.9991630174837824
20,8,0.35,0.9998393077317921
20,8,0.40,0.9996220834697902
20,8,0.45,0.9951299593016669
20,8,0.50,0.9996109587187008
20,8,0.55,0.9998236691259533
20,8,0.60,0.9945709464848672
20,8,0.65,0.9999056352036723
20,8,0.70,0.9999235054062952
20,8,0.75,0.9999647102331871
20,8,0.80,0.9998960163344413
20,8,0.85,0.9998554361711764
20,8,0.90,0.9992735885190361
20,8,0.95,0.9999612072900127
20,9,0.05,0.1388862405191833
20,9,0.10,0.9739080591755059
20,9,0.15,0.9896353333183013
20,9,0.20,0.9997961909269828
20,9,0.25,0.9997940656342666
20,9,0.30,0.9894322859346691
20,9,0.35,0.9993968630723502
20,9,0.40,0.9999158293748092
20,9,0.45,0.999880209963826
20,9,0.50,0.9998880050230268
20,9,0.55,0.9999414465333929
20,9,0.60,0.9993604535623615
20,9,0.65,0.9999434708447589
20,9,0.70,0.9999763992249371
20,9,0.75,0.9999453586256009
20,9,0.80,0.9999565509650048
20,9,0.85,0.9981006303919623
20,9,0.90,0.9995450392836442
20,9,0.95,0.9999579973865192
21,0,0.05,0.06251773098709468
21,0,0.10,0.539305178426617
21,0,0.15,0.7505210524550046
21,0,0.20,0.6651419969219082
21,0,0.25,0.6726232758875225
21,0,0.30,0.9996529201594336
21,0,0.35,0.9964147590199137
21,0,0.40,0.9984366428055179
21,0,0.45,0.9998058758744073
21,0,0.50,0.9720597537680704
21,0,0.55,0.9994680593654638
21,0,0.60,0.9991855700897024
21,0,0.65,0.6637795823504034
21,0,0.70,0.9972763898495528
21,0,0.75,0.635787588108284
21,0,0.80,0.9999237843079517
21,0,0.85,0.9999524806256546
21,0,0.90,0.999879806818074
21,0,0.95,0.9962914871636462
21,1,0.05,-0.033795458371763454
21,1,0.10,0.6202490901439297
21,1,0.15,0.47536405260776904
21,1,0.20,0.5920982062799124
21,1,0.25,0.9879995630749883
21,1,0.30,0.6774612507011959
21,1,0.35,0.9969564065368884
21,1,0.40,0.6289409821950961
21,1,0.45,0.9992796845421874
21,1,0.50,0.6961115751985689
21,1,0.55,0.9936140742237746
21,1,0.60,0.6358693889846686
21,1,0.65,0.9999294173465679
21,1,0.70,0.9999347600616553
21,1,0.75,0.9996847649725421
21,1,0.80,0.9999716892384063
21,1,0.85,0.9945534894641443
21,1,0.90,0.999971517358153
21,1,0.95,0.9999620361986008
21,2,0.05,0.26249156964790543
21,2,0.10,0.9720130121542284
21,2,0.15,0.4804148033960669
21,2,0.20,0.6546252479399867
21,2,0.25,0.730207507105485
21,2,0.30,0.630450844789489
21,2,0.35,0.9651580751381951
21,2,0.40,0.5983366346425796
21,2,0.45,0.9843213731533353
21,2,0.50,0.6239847579672767
21,2,0.55,0.9964847986841099
21,2,0.60,0.9998510788114825
21,2,0.65,0.6521924154026479
21,2,0.70,0.9942570667324104
21,2,0.75,0.9993239281868812
21,2,0.80,0.9999411484595334
21,2,0.85,0.9958520619961067
21,2,0.90,0.9967312966884997
21,2,0.95,0.9999584927344511
21,3,0.05,0.48657477191648046
21,3,0.10,0.9384106267301775
21,3,0.15,0.5924160716428925
21,3,0.20,0.6612429017642935
21,3,0.25,0.9847438823730039
21,3,0.30,0.9947745089740032
21,3,0.35,0.6499094364772352
21,3,0.40,0.5833906785052941
21,3,0.45,0.9956095544714147
21,3,0.50,0.9887148550518259
21,3,0.55,0.9998758423814461
21,3,0.60,0.9999005643097224
21,3,0.65,0.9855746362049796
21,3,0.70,0.9958237327365428
21,3,0.75,0.9998881396770383
21,3,0.80,0.9981462710594475
21,3,0.85,0.9993297669143028
21,3,0.90,0.9999028515929114
21,3,0.95,0.9999652282547801
21,4,0.05,0.9772518875529616
21,4,0.10,0.937380794775009
21,4,0.15,0.5419541499480339
21,4,0.20,0.9894488368689053
21,4,0.25,0.6805198830575255
21,4,0.30,0.6180154883991804
21,4,0.35,0.9976212066956571
21,4,0.40,0.6294137412572562
21,4,0.45,0.661951829576398
21,4,0.50,0.6782724179242625
21,4,0.55,0.9998354188938291
21,4,0.60,0.9999750328447781
21,4,0.65,0.5913663162202047
21,4,0.70,0.9999330505179185
21,4,0.75,0.9955850337510118
21,4,0.80,0.9947985511633382
21,4,0.85,0.9816617011207698
21,4,0.90,0.9999006894643571
21,4,0.95,0.9992742076988043
21,5,0.05,0.9547651820649844
21,5,0.10,0.5266595254907179
21,5,0.15,0.5968103775817131
21,5,0.20,0.6169138064621424
21,5,0.25,0.9859582269254143
21,5,0.30,0.9983345336272402
21,5,0.35,0.6354175217287945
21,5,0.40,0.5984876699032415
21,5,0.45,0.7100379980692397
21,5,0.50,0.6889554045860623
21,5,0.55,0.6628322330237126
21,5,0.60,0.6904928398333947
21,5,0.65,0.611591029943332
21,5,0.70,0.9990726063706947
21,5,0.75,0.9999118378329853
21,5,0.80,0.9926350541422131
21,5,0.85,0.994714689701687
21,5,0.90,0.999374228212571
21,5,0.95,0.9999735628905164
21,6,0.05,0.9686584744754537
21,6,0.10,0.9923240725533763
21,6,0.15,0.6464139086188568
21,6,0.20,0.5311358031638449
21,6,0.25,0.7252249849038743
21,6,0.30,0.7204425607129354
21,6,0.35,0.9998706198383872
21,6,0.40,0.6084979696270982
21,6,0.45,0.98630347907933
21,6,0.50,0.6569166548244726
21,6,0.55,0.9999647966139595
21,6,0.60,0.9998892559459217
21,6,0.65,0.6760428799406897
21,6,0.70,0.9990882614439647
21,6,0.75,0.9937721677598764
21,6,0.80,0.9961156970882357
21,6,0.85,0.9999135917271612
21,6,0.90,0.9830204621202304
21,6,0.95,0.9955336689516552
21,7,0.05,0.14640147149990124
21,7,0.10,0.4145394511397005
21,7,0.15,0.6809416633293055
21,7,0.20,0.6071230360860338
21,7,0.25,0.9838742797896697
21,7,0.30,0.995120657463972
21,7,0.35,0.5864086147971767
21,7,0.40,0.9980269583203212
21,7,0.45,0.9995576959374519
21,7,0.50,0.669282411142655
21,7,0.55,0.9968600830276416
21,7,0.60,0.999928671432933
21,7,0.65,0.9999744357508521
21,7,0.70,0.998907089007885
21,7,0.75,0.9860423641097988
21,7,0.80,0.6489358087927026
21,7,0.85,0.994132576844815
21,7,0.90,0.9993822729335987
21,7,0.95,0.9980469368898043
21,8,0.05,0.9891875021890195
21,8,0.10,0.6046031092992074
21,8,0.15,0.9588807541258333
21,8,0.20,0.5937882835641145
21,8,0.25,0.5719564616144763
21,8,0.30,0.9711094980723921
21,8,0.35,0.9994072747132369
21,8,0.40,0.5729374322015977
21,8,0.45,0.9992584685406356
21,8,0.50,0.6902970185973414
21,8,0.55,0.9993825038770133
21,8,0.60,0.9953326871645445
21,8,0.65,0.9870911207788305
21,8,0.70,0.9992635917620596
21,8,0.75,0.999923923872008
21,8,0.80,0.9993963347671871
21,8,0.85,0.5989557616618162
21,8,0.90,0.9998611059462961
21,8,0.95,0.9998157767026645
21,9,0.05,0.2809884056770334
21,9,0.10,0.1559448185212986
21,9,0.15,0.6249256976934314
21,9,0.20,0.9961878581504549
21,9,0.25,0.617091781825289
21,9,0.30,0.6426921444690135
21,9,0.35,0.573791146001682
21,9,0.40,0.9925351942640765
21,9,0.45,0.9998634735789536
21,9,0.50,0.6291487275607504
21,9,0.55,0.9999649767552934
21,9,0.60,0.999842143610762
21,9,0.65,0.5855384654519348
21,9,0.70,0.9944219139298586
21,9,0.75,0.999925187736069
21,9,0.80,0.9997611524748029
21,9,0.85,0.9999511719574901
21,9,0.90,0.9997848894117058
21,9,0.95,0.9999485612010603
22,0,0.05,0.9948745921553975
22,0,0.10,0.9824526595918076
22,0,0.15,0.998140590022222
22,0,0.20,0.9998883515916814
22,0,0.25,0.9894869026127634
22,0,0.30,0.9870115957288189
22,0,0.35,0.9998636315958572
22,0,0.40,0.9999519016671629
22,0,0.45,0.9998929115834246
22,0,0.50,0.9958510423097495
22,0,0.55,0.996826021002462
22,0,0.60,0.6643258448960273
22,0,0.65,0.9997728920719895
22,0,0.70,0.9985128119524608
22,0,0.75,0.999870117005541
22,0,0.80,0.9999386106489525
22,0,0.85,0.9994826685776782
22,0,0.90,0.9998100072825912
22,0,0.95,0.9999737853366643
22,1,0.05,0.5695013938462686
22,1,0.10,0.9828529068693964
22,1,0.15,0.9972400563071967
22,1,0.20,0.9994135195411067
22,1,0.25,0.9968602465622299
22,1,0.30,0.9958320422794139
22,1,0.35,0.9959269378924752
22,1,0.40,0.9997845170933467
22,1,0.45,0.9996994873614977
22,1,0.50,0.9992897959979788
22,1,0.55,0.9948416907998628
22,1,0.60,0.9996015746406978
22,1,0.65,0.6693204583004184
22,1,0.70,0.9993893830081595
22,1,0.75,0.9999349542972397
22,1,0.80,0.9992810900639167
22,1,0.85,0.9999069960617366
22,1,0.90,0.9999623214703479
22,1,0.95,0.9995240582496635
22,2,0.05,0.8837226891788758
22,2,0.10,0.9447663493365149
22,2,0.15,0.9965630579292727
22,2,0.20,0.9957635937006228
22,2,0.25,0.9999054097989405
22,2,0.30,0.9987378721232727
22,2,0.35,0.9957610607940989
22,2,0.40,0.999856481288582
22,2,0.45,0.9770710983762338
22,2,0.50,0.9996888558787558
22,2,0.55,0.9962695943079586
22,2,0.60,0.9999433101869426
22,2,0.65,0.999207941589867
22,2,0.70,0.9996314371802707
22,2,0.75,0.9996121957838142
22,2,0.80,0.999891926935389
22,2,0.85,0.9985930576362718
22,2,0.90,0.9998726940543758
22,2,0.95,0.9999414798904517
22,3,0.05,0.9816656835133558
22,3,0.10,0.9716331583589057
22,3,0.15,0.9991892683870045
22,3,0.20,0.9872622767096968
22,3,0.25,0.9999151518293169
22,3,0.30,0.996035445968049
22,3,0.35,0.9995584360639983
22,3,0.40,0.9993384827889179
22,3,0.45,0.9985845701836967
22,3,0.50,0.9996369511079437
22,3,0.55,0.998039263851319
22,3,0.60,0.9700278122793142
22,3,0.65,0.9995431286406237
22,3,0.70,0.9996483398973126
22,3,0.75,0.9999171672346978
22,3,0.80,0.992663525241601
22,3,0.85,0.9999474968939792
22,3,0.90,0.9999163672623658
22,3,0.95,0.999897458237613
22,4,0.05,0.987471780923895
22,4,0.10,0.5347961808599326
22,4,0.15,0.9989860773385506
22,4,0.20,0.9865057176522085
22,4,0.25,0.9998873795738846
22,4,0.30,0.9997679191190656
22,4,0.35,0.9997419144184024
22,4,0.40,0.9952528363658639
22,4,0.45,0.9998993470862187
22,4,0.50,0.9999374706515645
22,4,0.55,0.9999295857464521
22,4,0.60,0.9999506508071112
22,4,0.65,0.6364469260637469
22,4,0.70,0.9998814280187519
22,4,0.75,0.9991920393993304
22,4,0.80,0.6097629034360548
22,4,0.85,0.999795226571884
22,4,0.90,0.9997031934745059
22,4,0.95,0.9995653358185127
22,5,0.05,0.33932922666205356
22,5,0.10,0.9990798134384932
22,5,0.15,0.9563941481161597
22,5,0.20,0.999840480763808
22,5,0.25,0.9997863297268232
22,5,0.30,0.6228826967066131
22,5,0.35,0.9994928155944242
22,5,0.40,0.9996621561730631
22,5,0.45,0.9954212888524379
22,5,0.50,0.9990757451975333
22,5,0.55,0.9999413932958524
22,5,0.60,0.6691107111703187
22,5,0.65,0.9993093727720455
22,5,0.70,0.9879290389234865
22,5,0.75,0.9970208072322948
22,5,0.80,0.997778368740135
22,5,0.85,0.9999170074179884
22,5,0.90,0.9999595577391116
22,5,0.95,0.9997546548135425
22,6,0.05,0.9462921979137324
22,6,0.10,0.9995134281342525
22,6,0.15,0.9956031281530743
22,6,0.20,0.9880539474614396
22,6,0.25,0.9995739408894851
22,6,0.30,0.9997854533563356
22,6,0.35,0.9989824535276863
22,6,0.40,0.9943454504832782
22,6,0.45,0.9985817869423694
22,6,0.50,0.9999085053152434
22,6,0.55,0.9998682818147866
22,6,0.60,0.6275276333935828
22,6,0.65,0.5777414161934691
22,6,0.70,0.9988522982573688
22,6,0.75,0.9952194739650014
22,6,0.80,0.9967665433407679
22,6,0.85,0.9999519427239403
22,6,0.90,0.9996812402875399
22,6,0.95,0.9993488321661954
22,7,0.05,0.5958996155613939
22,7,0.10,0.9987209901469929
22,7,0.15,0.9994702108220076
22,7,0.20,0.9999466570386909
22,7,0.25,0.9997003311763182
22,7,0.30,0.9997673785562916
22,7,0.35,0.9970802181184261
22,7,0.40,0.9999382451869677
22,7,0.45,0.999354178338705
22,7,0.50,0.9998055024630155
22,7,0.55,0.9998672562489129
22,7,0.60,0.6381976450575384
22,7,0.65,0.9999118160126632
22,7,0.70,0.9999143774278283
22,7,0.75,0.9999585577707557
22,7,0.80,0.9994298052316063
22,7,0.85,0.9963955597790376
22,7,0.90,0.9999614098131748
22,7,0.95,0.999972486900736
22,8,0.05,-0.20085647339075807
22,8,0.10,0.8429682225490163
22,8,0.15,0.999870823133684
22,8,0.20,0.9999357735099985
22,8,0.25,0.9992221390682182
22,8,0.30,0.996675405423467
22,8,0.35,0.9998835187767255
22,8,0.40,0.9694509266676075
22,8,0.45,0.9999073507483618
22,8,0.50,0.9999160668456384
22,8,0.55,0.9995542017537754
22,8,0.60,0.9998434649913428
22,8,0.65,0.9999674451599851
22,8,0.70,0.9989030908592662
22,8,0.75,0.9998146990869375
22,8,0.80,0.9994640876358242
22,8,0.85,0.9997487569796132
22,8,0.90,0.9998139345673416
22,8,0.95,0.9999489299007528
22,9,0.05,-1.9936790975057392
22,9,0.10,0.9985442612104575
22,9,0.15,0.9997623535102472
22,9,0.20,0.9982436596013813
22,9,0.25,0.9997854344009145
22,9,0.30,0.9995727029834749
22,9,0.35,0.9995894440785249
22,9,0.40,0.9999373361247648
22,9,0.45,0.6667076934244703
22,9,0.50,0.9998833542332105
22,9,0.55,0.9999309082530279
22,9,0.60,0.9993078082038416
22,9,0.65,0.9959082256484904
22,9,0.70,0.9999590102994361
22,9,0.75,0.9999001291509045
22,9,0.80,0.9961816684571241
22,9,0.85,0.9998834245249787
22,9,0.90,0.9999557453696245
22,9,0.95,0.9998491857451917
23,0,0.05,0.8329036759738323
23,0,0.10,0.9513791282365207
23,0,0.15,0.9740356206695887
23,0,0.20,0.9942284154108761
23,0,0.25,0.9973562843094275
23,0,0.30,0.9999512743789883
23,0,0.35,0.9997507312048369
23,0,0.40,0.9999538571691707
23,0,0.45,0.9914030496763113
23,0,0.50,0.9998042933233016
23,0,0.55,0.9927233914833604
23,0,0.60,0.9977873214738385
23,0,0.65,0.9998875664609151
23,0,0.70,0.9999521153235201
23,0,0.75,0.9880122848297526
23,0,0.80,0.999953482102056
23,0,0.85,0.9997876035728088
23,0,0.90,0.9998321278646747
23,0,0.95,0.9999478350648965
23,1,0.05,0.6321619162893541
23,1,0.10,0.962119951520632
23,1,0.15,0.9634659401374979
23,1,0.20,0.9997684295524426
23,1,0.25,0.9743052261704782
23,1,0.30,0.9998463532824196
23,1,0.35,0.999933603728903
23,1,0.40,0.9998053778235778
23,1,0.45,0.9976385502203147
23,1,0.50,0.9942305794679168
23,1,0.55,0.9999198808630168
23,1,0.60,0.9999690470443332
23,1,0.65,0.9999490256916904
23,1,0.70,0.9999409803224034
23,1,0.75,0.9993510575132225
23,1,0.80,0.9779810297804803
23,1,0.85,0.999136313254517
23,1,0.90,0.9999458308409526
23,1,0.95,0.9993193155058164
23,2,0.05,-3.407420690459735
23,2,0.10,0.40866937082709853
23,2,0.15,0.999102959724792
23,2,0.20,0.9604211984246063
23,2,0.25,0.9997122230369407
23,2,0.30,0.9985493778619338
23,2,0.35,0.9998841161803442
23,2,0.40,0.9996334963829394
23,2,0.45,0.9998863726315858
23,2,0.50,0.9998420820775759
23,2,0.55,0.9867205749739479
23,2,0.60,0.9992410352919552
23,2,0.65,0.9981496415550963
23,2,0.70,0.9990858225146533
23,2,0.75,0.9992081111658642
23,2,0.80,0.997966230747981
23,2,0.85,0.9998385007061852
23,2,0.90,0.9996085817665572
23,2,0.95,0.9994404042679363
23,3,0.05,0.7419143366875548
23,3,0.10,0.9226298234498418
23,3,0.15,0.9998278248591994
23,3,0.20,0.990804671069199
23,3,0.25,0.9998762005049122
23,3,0.30,0.9991356522255337
23,3,0.35,0.9995445124218638
23,3,0.40,0.9895205841111043
23,3,0.45,0.9999026183519285
23,3,0.50,0.9997422933385776
23,3,0.55,0.9995260347684047
23,3,0.60,0.9984859637489887
23,3,0.65,0.9999592709110515
23,3,0.70,0.9999308325472408
23,3,0.75,0.9847857193873591
23,3,0.80,0.9952623072759758
23,3,0.85,0.9944646855624605
23,3,0.90,0.9950451836828088
23,3,0.95,0.9999588212602083
23,4,0.05,0.8192263849112281
23,4,0.10,0.9171969651475397
23,4,0.15,0.9987852148268304
23,4,0.20,0.9991254201073568
23,4,0.25,0.7291806175170734
23,4,0.30,0.9991840764348245
23,4,0.35,0.999938121920597
23,4,0.40,0.7093878057761478
23,4,0.45,0.9997975934817003
23,4,0.50,0.6526706839488396
23,4,0.55,0.9998850897684023
23,4,0.60,0.9953153631315692
23,4,0.65,0.993518183178296
23,4,0.70,0.99528341384007
23,4,0.75,0.9998779764282071
23,4,0.80,0.9986184657227484
23,4,0.85,0.99950935590486
23,4,0.90,0.9999342802456699
23,4,0.95,0.9764027329652323
23,5,0.05,0.9922400589590077
23,5,0.10,0.9864065642854073
23,5,0.15,0.9806714450755307
23,5,0.20,0.5167826510151561
23,5,0.25,0.9995716060441457
23,5,0.30,0.9993604824210842
23,5,0.35,0.9994552914319146
23,5,0.40,0.6674272785547166
23,5,0.45,0.9931743880906875
23,5,0.50,0.9999007122449252
23,5,0.55,0.999843772088642
23,5,0.60,0.9997320190727073
23,5,0.65,0.602496302712296
23,5,0.70,0.997253436095829
23,5,0.75,0.9936220317605371
23,5,0.80,0.9943708211906869
23,5,0.85,0.9999455808877846
23,5,0.90,0.650572595860813
23,5,0.95,0.9956646482684125
23,6,0.05,0.21825571441154035
23,6,0.10,0.6833889288578011
23,6,0.15,0.986954222222168
23,6,0.20,0.6286411676758257
23,6,0.25,0.9998534627545971
23,6,0.30,0.9907838012338736
23,6,0.35,0.9947814152576789
23,6,0.40,0.5689418211685662
23,6,0.45,0.9999632280828774
23,6,0.50,0.999256468444064
23,6,0.55,0.9999534423909129
23,6,0.60,0.9946907287971933
23,6,0.65,0.9999183004525554
23,6,0.70,0.9984714651761016
23,6,0.75,0.9997488960926204
23,6,0.80,0.9937576112069325
23,6,0.85,0.9970388276818765
23,6,0.90,0.9999711856907403
23,6,0.95,0.9999520642110902
23,7,0.05,0.8577441589637176
23,7,0.10,0.9503857823234387
23,7,0.15,0.9784483059889525
23,7,0.20,0.9962900562436128
23,7,0.25,0.996040076241058
23,7,0.30,0.9994980667584423
23,7,0.35,0.9999359965633473
23,7,0.40,0.9998389346356654
23,7,0.45,0.9998482434911377
23,7,0.50,0.9962038986252233
23,7,0.55,0.9999326711269996
23,7,0.60,0.9999064083816226
23,7,0.65,0.9943559938242287
23,7,0.70,0.998403191419553
23,7,0.75,0.9998114827008142
23,7,0.80,0.999959860138306
23,7,0.85,0.9935975296944217
23,7,0.90,0.9999598697635986
23,7,0.95,0.9981996719034754
23,8,0.05,0.8696633074299523
23,8,0.10,0.9937102161077751
23,8,0.15,0.9963555741614564
23,8,0.20,0.9965299352197694
23,8,0.25,0.7279707543398557
23,8,0.30,0.9973071339172206
23,8,0.35,0.9990126888864238
23,8,0.40,0.9997090322677116
23,8,0.45,0.9940897531475897
23,8,0.50,0.999947663769418
23,8,0.55,0.9996804044919879
23,8,0.60,0.9959826724725088
23,8,0.65,0.9993408757996255
23,8,0.70,0.999843411489732
23,8,0.75,0.9992461249624847
23,8,0.80,0.9935889135043402
23,8,0.85,0.999859676169237
23,8,0.90,0.6119888401777565
23,8,0.95,0.999974998883936
23,9,0.05,0.8767166366200996
23,9,0.10,0.9919750420075347
23,9,0.15,0.9927232625538832
23,9,0.20,0.9976715144749466
23,9,0.25,0.9962883358454404
23,9,0.30,0.9978250382368199
23,9,0.35,0.9998528998442877
23,9,0.40,0.9997212248335999
23,9,0.45,0.9997219229543116
23,9,0.50,0.6359897590649817
23,9,0.55,0.999896985273006
23,9,0.60,0.9997193562380224
23,9,0.65,0.999812458402054
23,9,0.70,0.9999670833459324
23,9,0.75,0.999517488007631
23,9,0.80,0.9999200228684054
23,9,0.85,0.9999287199311714
23,9,0.90,0.997657140607957
23,9,0.95,0.9995719812369748
24,0,0.05,0.6229639208659165
24,0,0.10,0.9409398878616108
24,0,0.15,0.998515975391376
24,0,0.20,0.9960561404657383
24,0,0.25,0.9998930477748595
24,0,0.30,0.9984069422073223
24,0,0.35,0.998302341898604
24,0,0.40,0.9934714927518216
24,0,0.45,0.6008118947881689
24,0,0.50,0.9999404947361104
24,0,0.55,0.6012297723292019
24,0,0.60,0.9999036141627003
24,0,0.65,0.9995773206429471
24,0,0.70,0.9997778929713644
24,0,0.75,0.9996170180143084
24,0,0.80,0.9999054309489034
24,0,0.85,0.999781131904894
24,0,0.90,0.9999727243518806
24,0,0.95,0.9999701548838232
24,1,0.05,0.6750372679293966
24,1,0.10,0.9820969182191909
24,1,0.15,0.9995857373199764
24,1,0.20,0.999867312570793
24,1,0.25,0.9978025472239369
24,1,0.30,0.9998575061358398
24,1,0.35,0.9995636323233504
24,1,0.40,0.9995698681504506
24,1,0.45,0.5549830311124766
24,1,0.50,0.9976544029933586
24,1,0.55,0.9841320113488109
24,1,0.60,0.999966169751621
24,1,0.65,0.9969915378066527
24,1,0.70,0.9877179450641115
24,1,0.75,0.9998776276390542
24,1,0.80,0.9997279997105534
24,1,0.85,0.9997862489384153
24,1,0.90,0.9992382325693396
24,1,0.95,0.9996400320177802
24,2,0.05,-0.48523718327178345
24,2,0.10,0.9926870959993694
24,2,0.15,0.9945613710176103
24,2,0.20,0.9754785643351572
24,2,0.25,0.6066592893581135
24,2,0.30,0.9970649015018248
24,2,0.35,0.9881392556068918
24,2,0.40,0.9994814016278851
24,2,0.45,0.5267328674578577
24,2,0.50,0.9999198061222783
24,2,0.55,0.9999463495224074
24,2,0.60,0.9999795569055234
24,2,0.65,0.999660479342093
24,2,0.70,0.9985832557354288
24,2,0.75,0.642050249044977
24,2,0.80,0.9999617477729533
24,2,0.85,0.9995352470085832
24,2,0.90,0.9991111818820003
24,2,0.95,0.9999533427103157
24,3,0.05,0.9892757922354344
24,3,0.10,0.9886470310846078
24,3,0.15,0.9994785246015897
24,3,0.20,0.9987339283780794
24,3,0.25,0.9965011473098151
24,3,0.30,0.996740991553231
24,3,0.35,0.674400407036552
24,3,0.40,0.99985662367876
24,3,0.45,0.9960633083585074
24,3,0.50,0.6248811292277225
24,3,0.55,0.999864637996472
24,3,0.60,0.9994786227555359
24,3,0.65,0.9977732923952048
24,3,0.70,0.996681944340415
24,3,0.75,0.9999439682079005
24,3,0.80,0.9997590354507814
24,3,0.85,0.9950681060072679
24,3,0.90,0.9992182870669786
24,3,0.95,0.9998846847205609
24,4,0.05,0.8730200425116575
24,4,0.10,0.9992778167770501
24,4,0.15,0.9963443268978974
24,4,0.20,0.5786953023830607
24,4,0.25,0.997512582213022
24,4,0.30,0.9943419111009874
24,4,0.35,0.6347729468732636
24,4,0.40,0.9998728659718585
24,4,0.45,0.9995414646372899
24,4,0.50,0.659003272421435
24,4,0.55,0.999879907286238
24,4,0.60,0.994837086101977
24,4,0.65,0.9999677084647013
24,4,0.70,0.9993120322520919
24,4,0.75,0.9997436654296707
24,4,0.80,0.9999729081903063
24,4,0.85,0.999950560404894
24,4,0.90,0.9995958291551295
24,4,0.95,0.999959620339109
24,5,0.05,-1.062279607130943
24,5,0.10,0.995692521498493
24,5,0.15,0.5546798466060963
24,5,0.20,0.9998279566259939
24,5,0.25,0.6284511332834125
24,5,0.30,0.9996441565621845
24,5,0.35,0.9981719610006841
24,5,0.40,0.9992542749776774
24,5,0.45,0.9993365799151274
24,5,0.50,0.6632594560887488
24,5,0.55,0.996331685873411
24,5,0.60,0.9999244782958278
24,5,0.65,0.9949097965766153
24,5,0.70,0.9955836207830533
24,5,0.75,0.9995466894353783
24,5,0.80,0.9995193785448493
24,5,0.85,0.9999440781989725
24,5,0.90,0.9869906105937502
24,5,0.95,0.9999721877404074
24,6,0.05,0.2772897214195901
24,6,0.10,0.9971579521166205
24,6,0.15,0.9988844518302561
24,6,0.20,0.9820296211099138
24,6,0.25,0.9999035880490927
24,6,0.30,0.9967033013848796
24,6,0.35,0.9999281411783741
24,6,0.40,0.999906218935586
24,6,0.45,0.9937705783092945
24,6,0.50,0.6957913668426724
24,6,0.55,0.5479686483313784
24,6,0.60,0.9944788466851028
24,6,0.65,0.9963982785351414
24,6,0.70,0.9998675827980761
24,6,0.75,0.9999274624111922
24,6,0.80,0.9972392797570864
24,6,0.85,0.6461890170734993
24,6,0.90,0.9998347845180555
24,6,0.95,0.999924309508133
24,7,0.05,-0.09441815990256242
24,7,0.10,0.9766798530534668
24,7,0.15,0.9949474722653308
24,7,0.20,0.9995322877657153
24,7,0.25,0.9904758740280544
24,7,0.30,0.5959984989975631
24,7,0.35,0.6503227558748308
24,7,0.40,0.9940630709554019
24,7,0.45,0.9999425763421783
24,7,0.50,0.9998192370736412
24,7,0.55,0.6074103769259115
24,7,0.60,0.9997127807232116
24,7,0.65,0.9998246836488524
24,7,0.70,0.995603575654113
24,7,0.75,0.9998840220240123
24,7,0.80,0.9999630538857057
24,7,0.85,0.9999015201753807
24,7,0.90,0.9999529170892237
24,7,0.95,0.9992591544251845
24,8,0.05,0.5349345160877208
24,8,0.10,0.99770048886595
24,8,0.15,0.9977319651363206
24,8,0.20,0.9976873032190353
24,8,0.25,0.6096260757221454
24,8,0.30,0.9994960570696176
24,8,0.35,0.9999559652126381
24,8,0.40,0.6010122338887293
24,8,0.45,0.604778145512084
24,8,0.50,0.9999336929780176
24,8,0.55,0.9999675172676827
24,8,0.60,0.9999014685213872
24,8,0.65,0.9838659352545203
24,8,0.70,0.9991773368852651
24,8,0.75,0.9993206011874666
24,8,0.80,0.9993462186236138
24,8,0.85,0.9997964271986818
24,8,0.90,0.9992547360351375
24,8,0.95,0.9997258163222413
24,9,0.05,0.5399252213115868
24,9,0.10,0.9962384994810122
24,9,0.15,0.9988783431112455
24,9,0.20,0.9979495304200622
24,9,0.25,0.9989087596213919
24,9,0.30,0.9979552082656022
24,9,0.35,0.6217541766074063
24,9,0.40,0.9754419244143815
24,9,0.45,0.6337222314929856
24,9,0.50,0.9856129978658837
24,9,0.55,0.9995728389676766
24,9,0.60,0.9995032224879745
24,9,0.65,0.9999647724217969
24,9,0.70,0.6606885488569604
24,9,0.75,0.99975963589078
24,9,0.80,0.9999472381501736
24,9,0.85,0.9956330405149334
24,9,0.90,0.9994961132622361
24,9,0.95,0.9999676579006842
25,0,0.05,0.9856041252020087
25,0,0.10,0.9585421747478304
25,0,0.15,0.9988403002085007
25,0,0.20,0.9992493402014472
25,0,0.25,0.9999231017156377
25,0,0.30,0.9989596064470175
25,0,0.35,0.9990487770542418
25,0,0.40,0.5553544802650814
25,0,0.45,0.635441118954591
25,0,0.50,0.9998435199892557
25,0,0.55,0.999426296631225
25,0,0.60,0.6265007953563959
25,0,0.65,0.9990191110560407
25,0,0.70,0.999895698456788
25,0,0.75,0.9996817936690943
25,0,0.80,0.5744494124343602
25,0,0.85,0.9993739620827495
25,0,0.90,0.9993001077153466
25,0,0.95,0.9700440597560663
25,1,0.05,0.9811189902373226
25,1,0.10,0.9797171880340584
25,1,0.15,0.9989718603367294
25,1,0.20,0.9932924028536126
25,1,0.25,0.9999063947319
25,1,0.30,0.9998698668783345
25,1,0.35,0.9995051038505686
25,1,0.40,0.650796364133823
25,1,0.45,0.9998929335037653
25,1,0.50,0.9999324493371706
25,1,0.55,0.5826416092923878
25,1,0.60,0.653350913704735
25,1,0.65,0.9996686973638411
25,1,0.70,0.9938170005489969
25,1,0.75,0.9998726697067066
25,1,0.80,0.9999632480887383
25,1,0.85,0.9999320629113454
25,1,0.90,0.9993148762004384
25,1,0.95,0.9991588836024512
25,2,0.05,0.8076451119985915
25,2,0.10,0.9738951928751122
25,2,0.15,0.9990900348261996
25,2,0.20,0.6802122872040128
25,2,0.25,0.999805128161471
25,2,0.30,0.9999265679480749
25,2,0.35,0.999319612818834
25,2,0.40,0.9992151243812574
25,2,0.45,0.9996087586439754
25,2,0.50,0.9998229281474572
25,2,0.55,0.6163667216289952
25,2,0.60,0.6343790745157971
25,2,0.65,0.9999055688389249
25,2,0.70,0.9999215002560563
25,2,0.75,0.9969329518418709
25,2,0.80,0.9998073187048276
25,2,0.85,0.9946148696437259
25,2,0.90,0.9998430900242835
25,2,0.95,0.9998528266769655
25,3,0.05,0.5983502316117828
25,3,0.10,0.9519567767688619
25,3,0.15,0.9852796695327837
25,3,0.20,0.9940063548044987
25,3,0.25,0.9998999834105812
25,3,0.30,0.9998305361825421
25,3,0.35,0.9993697177315058
25,3,0.40,0.6897437647034212
25,3,0.45,0.9981955947219514
25,3,0.50,0.9955915180922222
25,3,0.55,0.9999672973180695
25,3,0.60,0.9998833127575518
25,3,0.65,0.9999774110594414
25,3,0.70,0.5869810936045672
25,3,0.75,0.9931719152264491
25,3,0.80,0.6169596474628158
25,3,0.85,0.9999453384680095
25,3,0.90,0.9995423914553173
25,3,0.95,0.9998245331249286
25,4,0.05,0.45240754429256047
25,4,0.10,0.9988631394386707
25,4,0.15,0.9992873657846268
25,4,0.20,0.530806778296734
25,4,0.25,0.9996329154474282
25,4,0.30,0.9999170962104158
25,4,0.35,0.9998471013864173
25,4,0.40,0.595380055133419
25,4,0.45,0.6648216679971455
25,4,0.50,0.9992634680440139
25,4,0.55,0.6384698461338645
25,4,0.60,0.996149743538387
25,4,0.65,0.6572084604830644
25,4,0.70,0.9996930469536286
25,4,0.75,0.9999697817509455
25,4,0.80,0.9998331889392693
25,4,0.85,0.9923318156982005
25,4,0.90,0.9993709319458393
25,4,0.95,0.9960191415774697
25,5,0.05,-0.08133311862273351
25,5,0.10,0.9949293054068203
25,5,0.15,0.9984843503091042
25,5,0.20,0.5859624326934305
25,5,0.25,0.9999209642784709
25,5,0.30,0.9938353194984766
25,5,0.35,0.9988891948300181
25,5,0.40,0.9996775239892502
25,5,0.45,0.9913132370026249
25,5,0.50,0.9997658850253873
25,5,0.55,0.9999483412569258
25,5,0.60,0.9921423087578882
25,5,0.65,0.9996050243378559
25,5,0.70,0.9990468029096143
25,5,0.75,0.9996495523089086
25,5,0.80,0.5811200495140761
25,5,0.85,0.9995870635165052
25,5,0.90,0.9751711597265525
25,5,0.95,0.9993102583568767
25,6,0.05,0.9798975370657191
25,6,0.10,0.9964190807835628
25,6,0.15,0.9992548121512556
25,6,0.20,0.5617372608633873
25,6,0.25,0.9994355217202825
25,6,0.30,0.9994385099991668
25,6,0.35,0.9959947594452734
25,6,0.40,0.9931364034127613
25,6,0.45,0.999917633863065
25,6,0.50,0.9943322100443303
25,6,0.55,0.9981498484600443
25,6,0.60,0.6337999012211835
25,6,0.65,0.9999270566851056
25,6,0.70,0.6408143830721226
25,6,0.75,0.999314660523197
25,6,0.80,0.9999137388260215
25,6,0.85,0.9945007322629549
25,6,0.90,0.9999621158176478
25,6,0.95,0.9999290624518365
25,7,0.05,0.9911155348218619
25,7,0.10,0.9973957990416942
25,7,0.15,0.9976592200398517
25,7,0.20,0.44571296930244286
25,7,0.25,0.9999317378523827
25,7,0.30,0.9997830866501756
25,7,0.35,0.9930455545042866
25,7,0.40,0.9996877401499178
25,7,0.45,0.9999113006328165
25,7,0.50,0.999904418422698
25,7,0.55,0.9998863035138646
25,7,0.60,0.6036643852366267
25,7,0.65,0.9993628334116103
25,7,0.70,0.9999458371944488
25,7,0.75,0.9994397481289966
25,7,0.80,0.6225371891718245
25,7,0.85,0.9998972436327118
25,7,0.90,0.9987637408125936
25,7,0.95,0.9999291450413067
25,8,0.05,0.963056123866908
25,8,0.10,0.9985891271445531
25,8,0.15,0.9888925149305556
25,8,0.20,0.9999264376240673
25,8,0.25,0.9998647900843276
25,8,0.30,0.9999241184101283
25,8,0.35,0.999851961903423
25,8,0.40,0.9992382505894372
25,8,0.45,0.9999227677847604
25,8,0.50,0.9999567346521168
25,8,0.55,0.9999509216660845
25,8,0.60,0.9941646747829737
25,8,0.65,0.9999185236771808
25,8,0.70,0.999902000302767
25,8,0.75,0.999924953165351
25,8,0.80,0.6423621186171267
25,8,0.85,0.9948702417113899
25,8,0.90,0.9994264089679029
25,8,0.95,0.9993566952428733
25,9,0.05,0.5843150270096962
25,9,0.10,0.9986336300850504
25,9,0.15,0.9971793059336183
25,9,0.20,0.5273981044714079
25,9,0.25,0.993850676514883
25,9,0.30,0.9997770557857064
25,9,0.35,0.9999528246639342
25,9,0.40,0.998413453660797
25,9,0.45,0.9926141482599843
25,9,0.50,0.9999494094269907
25,9,0.55,0.9907850906770811
25,9,0.60,0.9999296669476034
25,9,0.65,0.9992786489307743
25,9,0.70,0.999898881376898
25,9,0.75,0.9998812527518516
25,9,0.80,0.9968738129534834
25,9,0.85,0.6546424255970522
25,9,0.90,0.9994503250533837
25,9,0.95,0.9999595224959922
26,0,0.05,0.9705063145480008
26,0,0.10,0.9920444930959046
26,0,0.15,0.6133933237592069
26,0,0.20,0.9982375205599671
26,0,0.25,0.9993696262175839
26,0,0.30,0.993575689016358
26,0,0.35,0.9999417898905536
26,0,0.40,0.9965641706985715
26,0,0.45,0.9994979875980116
26,0,0.50,0.9999276894398428
26,0,0.55,0.9955959426621636
26,0,0.60,0.9987999741325194
26,0,0.65,0.9996122992845805
26,0,0.70,0.9987068997192323
26,0,0.75,0.9997014973989401
26,0,0.80,0.9999328139614811
26,0,0.85,0.9998131053736511
26,0,0.90,0.9998843270227097
26,0,0.95,0.9999611800019226
26,1,0.05,0.9050815961700163
26,1,0.10,0.9703051091499798
26,1,0.15,0.99923876198161
26,1,0.20,0.9998547249466186
26,1,0.25,0.9997586727838302
26,1,0.30,0.9992293379234265
26,1,0.35,0.9998555421752211
26,1,0.40,0.9956989069115775
26,1,0.45,0.9817453876604404
26,1,0.50,0.9998604621221666
26,1,0.55,0.9993136884282539
26,1,0.60,0.9968199576288708
26,1,0.65,0.999776896073461
26,1,0.70,0.9999838857235172
26,1,0.75,0.9999194063844152
26,1,0.80,0.9993989553616397
26,1,0.85,0.9999517366895802
26,1,0.90,0.9992697148793159
26,1,0.95,0.9994898950326769
26,2,0.05,0.9520092353532876
26,2,0.10,0.9996755836014906
26,2,0.15,0.9998406137077241
26,2,0.20,0.997056966698177
26,2,0.25,0.9992046757660004
26,2,0.30,0.999901729990201
26,2,0.35,0.526821592762539
26,2,0.40,0.6649695601442184
26,2,0.45,0.9945633501436046
26,2,0.50,0.996004340214565
26,2,0.55,0.9998395630548551
26,2,0.60,0.9847644665529286
26,2,0.65,0.9996429343670331
26,2,0.70,0.9999568853284533
26,2,0.75,0.9999392311970137
26,2,0.80,0.997584286598355
26,2,0.85,0.9999139327147989
26,2,0.90,0.9999460163115897
26,2,0.95,0.9999752658916711
26,3,0.05,-0.21312296378292017
26,3,0.10,0.9984943665897501
26,3,0.15,0.9987126692649523
26,3,0.20,0.9917735377981204
26,3,0.25,0.9985294914356004
26,3,0.30,0.9994779951882249
26,3,0.35,0.9995551759246696
26,3,0.40,0.6767455782898344
26,3,0.45,0.9998677289763822
26,3,0.50,0.9996092137878463
26,3,0.55,0.999900026595357
26,3,0.60,0.9976722004225477
26,3,0.65,0.9999052235218995
26,3,0.70,0.9995841034213278
26,3,0.75,0.9999691621995946
26,3,0.80,0.9993824231542936
26,3,0.85,0.9985310173726734
26,3,0.90,0.9995673387105218
26,3,0.95,0.9988908305440322
26,4,0.05,-0.5815317120419796
26,4,0.10,0.9871014905894474
26,4,0.15,0.6721288277716269
26,4,0.20,0.9649846331542534
26,4,0.25,0.9992966666051154
26,4,0.30,0.9982012854633365
26,4,0.35,0.999372236969148
26,4,0.40,0.9998783104778376
26,4,0.45,0.9999239744212122
26,4,0.50,0.9999495053992813
26,4,0.55,0.9962358700967331
26,4,0.60,0.9932515071992761
26,4,0.65,0.9999368375135543
26,4,0.70,0.9943190762081877
26,4,0.75,0.9995845156906916
26,4,0.80,0.9995950205827854
26,4,0.85,0.9992379072856002
26,4,0.90,0.9951771820871695
26,4,0.95,0.6602369169777564
26,5,0.05,0.6494001282636352
26,5,0.10,0.9963109370285428
26,5,0.15,0.5095576152602113
26,5,0.20,0.9964688940417011
26,5,0.25,0.9998647149924743
26,5,0.30,0.997821038453478
26,5,0.35,0.99627313606053
26,5,0.40,0.6659817286392381
26,5,0.45,0.9997994635096535
26,5,0.50,0.5275002013732304
26,5,0.55,0.9984847677159641
26,5,0.60,0.9761000286403789
26,5,0.65,0.9996078534690885
26,5,0.70,0.9995175336962498
26,5,0.75,0.9966061159775604
26,5,0.80,0.9993002792809157
26,5,0.85,0.9999467227649245
26,5,0.90,0.9999207837721119
26,5,0.95,0.9999504316570903
26,6,0.05,0.259116085372332
26,6,0.10,0.9982455534537368
26,6,0.15,0.999179533207426
26,6,0.20,0.9726372187429339
26,6,0.25,0.9962143250762868
26,6,0.30,0.992094483199628
26,6,0.35,0.6468337255495803
26,6,0.40,0.9996704497962463
26,6,0.45,0.9985654106093188
26,6,0.50,0.9992509409741542
26,6,0.55,0.9994929875052508
26,6,0.60,0.9953581854503161
26,6,0.65,0.9999520419264296
26,6,0.70,0.9980839446255254
26,6,0.75,0.9999419668437457
26,6,0.80,0.9999521279345565
26,6,0.85,0.9999699003567551
26,6,0.90,0.9993563427678547
26,6,0.95,0.9937941106957615
26,7,0.05,0.7848439384614958
26,7,0.10,0.9676628432531198
26,7,0.15,0.9938675196914596
26,7,0.20,0.999134693774972
26,7,0.25,0.6278000118527605
26,7,0.30,0.9950654093264151
26,7,0.35,0.9985273788213903
26,7,0.40,0.6849400341544599
26,7,0.45,0.9999544331307115
26,7,0.50,0.6638462099653706
26,7,0.55,0.9951519658841629
26,7,0.60,0.6377406096032848
26,7,0.65,0.9996342817205485
26,7,0.70,0.9999336285318933
26,7,0.75,0.9996034429081423
26,7,0.80,0.9999088527326216
26,7,0.85,0.9993763746143969
26,7,0.90,0.9999602545800665
26,7,0.95,0.9995434054782333
26,8,0.05,0.16224941835129436
26,8,0.10,0.9993607346050819
26,8,0.15,0.9988136681722347
26,8,0.20,0.9996258834638064
26,8,0.25,0.9997202274064907
26,8,0.30,0.9994090375158078
26,8,0.35,0.998577371321885
26,8,0.40,0.6860994251735473
26,8,0.45,0.9992798512861985
26,8,0.50,0.9994355701071928
26,8,0.55,0.9999467961473668
26,8,0.60,0.9940324185793865
26,8,0.65,0.9999559579844391
26,8,0.70,0.9942036295759977
26,8,0.75,0.999937112576164
26,8,0.80,0.9984541590186341
26,8,0.85,0.9999776267734859
26,8,0.90,0.9999503270621495
26,8,0.95,0.9994173587787544
26,9,0.05,0.824933658221044
26,9,0.10,0.9925065515292595
26,9,0.15,0.9696202803156627
26,9,0.20,0.9953972332997122
26,9,0.25,0.9994177067371812
26,9,0.30,0.9999416521718414
26,9,0.35,0.9925065230538416
26,9,0.40,0.9945361972834725
26,9,0.45,0.9997410426389857
26,9,0.50,0.9993910373804353
26,9,0.55,0.9998078159258605
26,9,0.60,0.9990128267847251
26,9,0.65,0.999490488305267
26,9,0.70,0.6421352464719559
26,9,0.75,0.9950878281505703
26,9,0.80,0.9999583727367619
26,9,0.85,0.9992391013033145
26,9,0.90,0.9999235220948538
26,9,0.95,0.999950811849686
27,0,0.05,0.9948159489363588
27,0,0.10,0.9898672860690998
27,0,0.15,0.9968564906182105
27,0,0.20,0.9998446300089195
27,0,0.25,0.9996649879803466
27,0,0.30,0.675287393312956
27,0,0.35,0.9910898796588428
27,0,0.40,0.9992419217447955
27,0,0.45,0.9999093626487368
27,0,0.50,0.9822691149167723
27,0,0.55,0.9999473348080412
27,0,0.60,0.995631114751818
27,0,0.65,0.9997089547717596
27,0,0.70,0.9998801216358476
27,0,0.75,0.9999690713913179
27,0,0.80,0.9999609332922389
27,0,0.85,0.9999546071629369
27,0,0.90,0.9994747188697756
27,0,0.95,0.999786196186014
27,1,0.05,0.9495160806923825
27,1,0.10,0.9706040272338288
27,1,0.15,0.9975556780497626
27,1,0.20,0.9997935479875172
27,1,0.25,0.9998970806566485
27,1,0.30,0.9999293794335219
27,1,0.35,0.6358618693912266
27,1,0.40,0.9999232400322254
27,1,0.45,0.9998751351471304
27,1,0.50,0.9949794100518201
27,1,0.55,0.9995292520852814
27,1,0.60,0.9998863145142802
27,1,0.65,0.9950593948338975
27,1,0.70,0.9998021234715764
27,1,0.75,0.999334438551599
27,1,0.80,0.9923506695094835
27,1,0.85,0.9990310852759153
27,1,0.90,0.9993479523374408
27,1,0.95,0.9984199762198183
27,2,0.05,-0.9735355139681579
27,2,0.10,0.972472472513129
27,2,0.15,0.708995996506584
27,2,0.20,0.9404273445189686
27,2,0.25,0.9950820557636142
27,2,0.30,0.9958379578666858
27,2,0.35,0.9985803923551935
27,2,0.40,0.9953052598956648
27,2,0.45,0.9990080841042452
27,2,0.50,0.9987938047284619
27,2,0.55,0.9999609988183914
27,2,0.60,0.9997046803381504
27,2,0.65,0.9998374305611308
27,2,0.70,0.999900464839526
27,2,0.75,0.9999735054779161
27,2,0.80,0.9995039190972445
27,2,0.85,0.9988333739098009
27,2,0.90,0.9998332784766985
27,2,0.95,0.9991973193565857
27,3,0.05,0.910464842876782
27,3,0.10,0.9992983111541107
27,3,0.15,0.9976675139809539
27,3,0.20,0.9699278350345689
27,3,0.25,0.9998273769139877
27,3,0.30,0.6118065737380673
27,3,0.35,0.9997180069531011
27,3,0.40,0.9988829645299102
27,3,0.45,0.5921144432153671
27,3,0.50,0.9999353493892272
27,3,0.55,0.638048787934846
27,3,0.60,0.9998216869914694
27,3,0.65,0.9995319915528622
27,3,0.70,0.9999498997717634
27,3,0.75,0.9999669785084975
27,3,0.80,0.9999599489178651
27,3,0.85,0.9961435741178589
27,3,0.90,0.9994184886614866
27,3,0.95,0.9998816258283678
27,4,0.05,0.519119453681197
27,4,0.10,0.9884254111829247
27,4,0.15,0.9980520905934703
27,4,0.20,0.998682700078375
27,4,0.25,0.9985791314635538
27,4,0.30,0.6363225632579802
27,4,0.35,0.6186490933234983
27,4,0.40,0.998962907163906
27,4,0.45,0.9997887176201495
27,4,0.50,0.999313177137968
27,4,0.55,0.9891568557283503
27,4,0.60,0.9991136707047427
27,4,0.65,0.9997075311664202
27,4,0.70,0.9971573291171063
27,4,0.75,0.999279924931628
27,4,0.80,0.9995860163471956
27,4,0.85,0.9999256238596703
27,4,0.90,0.9986041076918061
27,4,0.95,0.9994815427582937
27,5,0.05,0.9746640156738999
27,5,0.10,0.762125599035653
27,5,0.15,0.9951172897335953
27,5,0.20,0.999947017455909
27,5,0.25,0.9984834291423382
27,5,0.30,0.9999224938466916
27,5,0.35,0.9999190949585872
27,5,0.40,0.9970147136062456
27,5,0.45,0.9994569107767978
27,5,0.50,0.9993847485270627
27,5,0.55,0.9996502690214593
27,5,0.60,0.9999090442277248
27,5,0.65,0.9999537872209726
27,5,0.70,0.9999350279422144
27,5,0.75,0.998837229831925
27,5,0.80,0.995324275892736
27,5,0.85,0.9995193650229502
27,5,0.90,0.9987979033563633
27,5,0.95,0.9999626707011692
27,6,0.05,0.9930015025969198
27,6,0.10,0.9731938435986334
27,6,0.15,0.9468762642926931
27,6,0.20,0.9983792022696724
27,6,0.25,0.9979541351202048
27,6,0.30,0.6048376087852908
27,6,0.35,0.9999345442939301
27,6,0.40,0.9993313008837669
27,6,0.45,0.9959599856812303
27,6,0.50,0.9995044638447065
27,6,0.55,0.9995395887396091
27,6,0.60,0.9951699956897746
27,6,0.65,0.9957957832524428
27,6,0.70,0.9979558378055806
27,6,0.75,0.9997913495171085
27,6,0.80,0.9995782800509605
27,6,0.85,0.9955196929687308
27,6,0.90,0.9999372171504081
27,6,0.95,0.999949603446164
27,7,0.05,-0.30190748588220573
27,7,0.10,0.9787186961117847
27,7,0.15,0.9763758855093985
27,7,0.20,0.9968380910043768
27,7,0.25,0.9978394125552748
27,7,0.30,0.99997085494379
27,7,0.35,0.9999257799832398
27,7,0.40,0.9999289594734412
27,7,0.45,0.9996555855510569
27,7,0.50,0.9999405920339127
27,7,0.55,0.9992849873792431
27,7,0.60,0.9983423002298083
27,7,0.65,0.9999587297688871
27,7,0.70,0.9982602000546462
27,7,0.75,0.9999747996071843
27,7,0.80,0.9998995328549446
27,7,0.85,0.9992522290629626
27,7,0.90,0.9999548648406285
27,7,0.95,0.9999356868685912
27,8,0.05,0.9975647560149355
27,8,0.10,0.9912770810476967
27,8,0.15,0.9920081253126588
27,8,0.20,0.999849952550013
27,8,0.25,0.99988158289636
27,8,0.30,0.9990312416223074
27,8,0.35,0.5715520099037569
27,8,0.40,0.9999117533211636
27,8,0.45,0.9999422450082746
27,8,0.50,0.9930789502362719
27,8,0.55,0.9984736033421788
27,8,0.60,0.9996995457273015
27,8,0.65,0.9995308195918029
27,8,0.70,0.9999319170003662
27,8,0.75,0.999960790434375
27,8,0.80,0.9999488386273835
27,8,0.85,0.9999715919382691
27,8,0.90,0.99434367943029
27,8,0.95,0.9995400298322152
27,9,0.05,0.8835802266222818
27,9,0.10,0.984435124996282
27,9,0.15,0.9800077791482149
27,9,0.20,0.9955474984697826
27,9,0.25,0.9838621497881691
27,9,0.30,0.9737611299082416
27,9,0.35,0.9999348144176129
27,9,0.40,0.9683617698583068
27,9,0.45,0.9998484602116268
27,9,0.50,0.9994383450448937
27,9,0.55,0.9989877911463141
27,9,0.60,0.9999142303778693
27,9,0.65,0.9999171352607548
27,9,0.70,0.9993161428183548
27,9,0.75,0.998193410789886
27,9,0.80,0.9997454231881031
27,9,0.85,0.9999591221347073
27,9,0.90,0.9999484305437374
27,9,0.95,0.9997134178533607
28,0,0.05,0.992496591267654
28,0,0.10,0.9801687495328157
28,0,0.15,0.997741965365423
28,0,0.20,0.9997957451862697
28,0,0.25,0.9962116448217593
28,0,0.30,0.9822888894429569
28,0,0.35,0.9982854707874536
28,0,0.40,0.9950775401833464
28,0,0.45,0.702428998237549
28,0,0.50,0.9981885936929307
28,0,0.55,0.9964845603853986
28,0,0.60,0.9786168337592104
28,0,0.65,0.6110510416745347
28,0,0.70,0.995983211624504
28,0,0.75,0.9953161473795795
28,0,0.80,0.6902529765431131
28,0,0.85,0.9956207078789833
28,0,0.90,0.9999741257090129
28,0,0.95,0.9998920032888134
28,1,0.05,0.9186250409378458
28,1,0.10,0.9991311614220945
28,1,0.15,0.9601175562222356
28,1,0.20,0.5707196277056881
28,1,0.25,0.9997513542855028
28,1,0.30,0.9952210669247592
28,1,0.35,0.9971282537605074
28,1,0.40,0.9994029122156577
28,1,0.45,0.9989122028578526
28,1,0.50,0.7094254627249804
28,1,0.55,0.9999310777959233
28,1,0.60,0.64057668417645
28,1,0.65,0.9985258168993734
28,1,0.70,0.9971098302544467
28,1,0.75,0.9999438676717605
28,1,0.80,0.9949528531985332
28,1,0.85,0.6690240458883288
28,1,0.90,0.9990631837858142
28,1,0.95,0.9999244261945974
28,2,0.05,0.6537742268258699
28,2,0.10,0.9945976460168019
28,2,0.15,0.9978290952254086
28,2,0.20,0.9999259329447674
28,2,0.25,0.9997553673456965
28,2,0.30,0.6864849221476886
28,2,0.35,0.9934459616265764
28,2,0.40,0.9878227010566016
28,2,0.45,0.6945840771563343
28,2,0.50,0.9945057803481209
28,2,0.55,0.9877586388558042
28,2,0.60,0.9997633278843281
28,2,0.65,0.9958217692400361
28,2,0.70,0.9973559100460272
28,2,0.75,0.98801681620286
28,2,0.80,0.9998999302444125
28,2,0.85,0.9994206814094804
28,2,0.90,0.9999598933910305
28,2,0.95,0.994050206237546
28,3,0.05,-0.0394603781024081
28,3,0.10,0.993273792463821
28,3,0.15,0.9999023167137981
28,3,0.20,0.9718317072818227
28,3,0.25,0.9997153563227882
28,3,0.30,0.9987525040304938
28,3,0.35,0.505358780136351
28,3,0.40,0.9928051021909958
28,3,0.45,0.5470518646612631
28,3,0.50,0.9982830846066248
28,3,0.55,0.99985260064897
28,3,0.60,0.9998056603501231
28,3,0.65,0.9989487856316983
28,3,0.70,0.9961937447644612
28,3,0.75,0.9994069438154498
28,3,0.80,0.6781443329225256
28,3,0.85,0.9993285746971109
28,3,0.90,0.9999613597149575
28,3,0.95,0.9999663423510529
28,4,0.05,0.9847156220506967
28,4,0.10,0.9883354865382146
28,4,0.15,0.9631505013732962
28,4,0.20,0.9982399977944079
28,4,0.25,0.9996414192697445
28,4,0.30,0.9998106940471864
28,4,0.35,0.9831513060084133
28,4,0.40,0.9864071122946967
28,4,0.45,0.9962994567238315
28,4,0.50,0.9998044023368107
28,4,0.55,0.9997403947578941
28,4,0.60,0.9991926223921617
28,4,0.65,0.9875800301163161
28,4,0.70,0.9994611476881893
28,4,0.75,0.998427421111792
28,4,0.80,0.9963220257628059
28,4,0.85,0.650296139738395
28,4,0.90,0.9999197938361004
28,4,0.95,0.997513559594996
28,5,0.05,0.9625122463701111
28,5,0.10,0.9990034496660345
28,5,0.15,0.9761498220888072
28,5,0.20,0.9878163383116106
28,5,0.25,0.9997388471883849
28,5,0.30,0.9947916898730206
28,5,0.35,0.9998355937504255
28,5,0.40,0.9986599325428035
28,5,0.45,0.99488012030095
28,5,0.50,0.9966600558969313
28,5,0.55,0.9993750703964142
28,5,0.60,0.9830561186678483
28,5,0.65,0.9934687092107622
28,5,0.70,0.9998323371295068
28,5,0.75,0.9959280381799276
28,5,0.80,0.9978712009263613
28,5,0.85,0.9945532746587323
28,5,0.90,0.6255195312743576
28,5,0.95,0.9998357180947437
28,6,0.05,0.8638572090637158
28,6,0.10,0.999708142989691
28,6,0.15,0.9993813647811042
28,6,0.20,0.9998995834335928
28,6,0.25,0.981108455149878
28,6,0.30,0.9809745436181297
28,6,0.35,0.996233321495394
28,6,0.40,0.9998785853271148
28,6,0.45,0.995449887451656
28,6,0.50,0.9971406556204138
28,6,0.55,0.9998940019399253
28,6,0.60,0.9973033473240005
28,6,0.65,0.9999054110444435
28,6,0.70,0.9994834531609438
28,6,0.75,0.9860205638849928
28,6,0.80,0.9998936410794584
28,6,0.85,0.9945789019071063
28,6,0.90,0.999263118890573
28,6,0.95,0.9999511432550873
28,7,0.05,0.8630972162820304
28,7,0.10,0.9848670100779149
28,7,0.15,0.576047834516052
28,7,0.20,0.9991507675179266
28,7,0.25,0.9932539445582909
28,7,0.30,0.9993744828897382
28,7,0.35,0.9995916402999263
28,7,0.40,0.9944866583787418
28,7,0.45,0.9952569410699397
28,7,0.50,0.9998874654987635
28,7,0.55,0.9950367262628899
28,7,0.60,0.9856624174517432
28,7,0.65,0.9932602574165943
28,7,0.70,0.9888686819383236
28,7,0.75,0.9850973087326762
28,7,0.80,0.6538343065311114
28,7,0.85,0.9999438197394606
28,7,0.90,0.999168276124868
28,7,0.95,0.9993860709857346
28,8,0.05,0.9469325276114243
28,8,0.10,0.9989386391579196
28,8,0.15,0.9979395212239536
28,8,0.20,0.9993951270916593
28,8,0.25,0.9916992335195232
28,8,0.30,0.9661298790686785
28,8,0.35,0.9923618542963809
28,8,0.40,0.995305047019524
28,8,0.45,0.6848637724639227
28,8,0.50,0.9989695295823392
28,8,0.55,0.9852068547370508
28,8,0.60,0.9995042646001077
28,8,0.65,0.9998142898541016
28,8,0.70,0.9971064183386842
28,8,0.75,0.9827772813797491
28,8,0.80,0.6245751805324014
28,8,0.85,0.9999450790975023
28,8,0.90,0.9998931718906633
28,8,0.95,0.6532506351939162
28,9,0.05,0.9805664514264375
28,9,0.10,0.962632932870491
28,9,0.15,0.9939763013986949
28,9,0.20,0.9996341159604863
28,9,0.25,0.9963420808346898
28,9,0.30,0.9930154356081722
28,9,0.35,0.9957013281306462
28,9,0.40,0.991839315060586
28,9,0.45,0.9985001110459684
28,9,0.50,0.9992070105807145
28,9,0.55,0.9830138609713448
28,9,0.60,0.9987953625435166
28,9,0.65,0.9958412495142314
28,9,0.70,0.99515038953383
28,9,0.75,0.9995369241009103
28,9,0.80,0.9938121583700732
28,9,0.85,0.9983066991643605
28,9,0.90,0.667789035312053
28,9,0.95,0.9968524688545546
29,0,0.05,0.7571736479454757
29,0,0.10,0.9989047572510227
29,0,0.15,0.6171344666796285
29,0,0.20,0.9961228629472527
29,0,0.25,0.9944652070203285
29,0,0.30,0.9997877738393715
29,0,0.35,0.9999550238125482
29,0,0.40,0.6318863739545633
29,0,0.45,0.9996566261053108
29,0,0.50,0.6902004008297965
29,0,0.55,0.9999444024929747
29,0,0.60,0.9737385900530847
29,0,0.65,0.6397743485502846
29,0,0.70,0.6534946541082816
29,0,0.75,0.9997516447988318
29,0,0.80,0.9996262167367373
29,0,0.85,0.9998276583198746
29,0,0.90,0.9993157276126258
29,0,0.95,0.9972302939628008
29,1,0.05,0.9113919496587547
29,1,0.10,0.9926558279037275
29,1,0.15,0.998918205502857
29,1,0.20,0.9970248094478689
29,1,0.25,0.9998214132642599
29,1,0.30,0.9988113629503139
29,1,0.35,0.9992610797080318
29,1,0.40,0.9945311151334307
29,1,0.45,0.9975453671328561
29,1,0.50,0.9985295706881919
29,1,0.55,0.9987021203619192
29,1,0.60,0.9993238741084266
29,1,0.65,0.9978803435017274
29,1,0.70,0.6257776808915372
29,1,0.75,0.6541793097628525
29,1,0.80,0.9999367411811354
29,1,0.85,0.9989893852116651
29,1,0.90,0.9994357460175483
29,1,0.95,0.999958027655224
29,2,0.05,0.7327983013306367
29,2,0.10,0.9905513989840175
29,2,0.15,0.9644986378268308
29,2,0.20,0.998627810362098
29,2,0.25,0.9996100572525587
29,2,0.30,0.974549745554042
29,2,0.35,0.9976624562506465
29,2,0.40,0.9997051122282482
29,2,0.45,0.999719618709034
29,2,0.50,0.6072382281422608
29,2,0.55,0.999330698150308
29,2,0.60,0.9945689874706953
29,2,0.65,0.9999595863846968
29,2,0.70,0.999953147399743
29,2,0.75,0.9998926499424413
29,2,0.80,0.9999398330933744
29,2,0.85,0.9998306055996594
29,2,0.90,0.9999055138609974
29,2,0.95,0.9953378597046859
29,3,0.05,0.9544011932328137
29,3,0.10,0.9972584452496175
29,3,0.15,0.9996469249655229
29,3,0.20,0.9896233691969166
29,3,0.25,0.9956970366588525
29,3,0.30,0.6137373164194877
29,3,0.35,0.9836509761597962
29,3,0.40,0.9992065982729579
29,3,0.45,0.9997194960222425
29,3,0.50,0.9999465815191714
29,3,0.55,0.9999781759139552
29,3,0.60,0.9997808323791808
29,3,0.65,0.9948107210053101
29,3,0.70,0.9998750798490443
29,3,0.75,0.6714689377406537
29,3,0.80,0.9984222593340603
29,3,0.85,0.9986662559341752
29,3,0.90,0.9999686102866673
29,3,0.95,0.9999084355727439
29,4,0.05,0.8682372067646029
29,4,0.10,0.9970042457816758
29,4,0.15,0.9604652584878164
29,4,0.20,0.9975419719660922
29,4,0.25,0.999215729152437
29,4,0.30,0.9995919420496523
29,4,0.35,0.9997164552127314
29,4,0.40,0.9954187982808205
29,4,0.45,0.5867405458942629
29,4,0.50,0.9998826351159419
29,4,0.55,0.5824943644283876
29,4,0.60,0.9999390651109121
29,4,0.65,0.9890190213952411
29,4,0.70,0.999780854262095
29,4,0.75,0.656579343978439
29,4,0.80,0.9856806174875486
29,4,0.85,0.9999674557550361
29,4,0.90,0.9998870882220906
29,4,0.95,0.9984740326376322
29,5,0.05,0.5371694199519181
29,5,0.10,0.99757521157298
29,5,0.15,0.9971908659047012
29,5,0.20,0.9993608754588533
29,5,0.25,0.9997727643488704
29,5,0.30,0.9942394908209484
29,5,0.35,0.9993909844305864
29,5,0.40,0.9955812274454414
29,5,0.45,0.9997877763352501
29,5,0.50,0.9996603384654045
29,5,0.55,0.6626682507041752
29,5,0.60,0.9988671005913712
29,5,0.65,0.9999102226481471
29,5,0.70,0.649154240515559
29,5,0.75,0.9996521310583267
29,5,0.80,0.9948801043769616
29,5,0.85,0.9999446849266569
29,5,0.90,0.9991061475800337
29,5,0.95,0.9995105315780934
29,6,0.05,0.40380784579575346
29,6,0.10,0.833026914502514
29,6,0.15,0.9990665578707545
29,6,0.20,0.9978263570179358
29,6,0.25,0.9997979086155226
29,6,0.30,0.9968180271398694
29,6,0.35,0.9994647806357642
29,6,0.40,0.6236361375552775
29,6,0.45,0.9950612169991067
29,6,0.50,0.9936868584673514
29,6,0.55,0.9959846641985226
29,6,0.60,0.9997733085461199
29,6,0.65,0.9976040000462861
29,6,0.70,0.9977568871487337
29,6,0.75,0.9999554989524889
29,6,0.80,0.9951403643777926
29,6,0.85,0.9988143309280828
29,6,0.90,0.9998383344388118
29,6,0.95,0.9995960707223739
29,7,0.05,0.8995843441244962
29,7,0.10,0.9280959386275954
29,7,0.15,0.9958373153353108
29,7,0.20,0.9843689033869301
29,7,0.25,0.998632863262196
29,7,0.30,0.9995462122972111
29,7,0.35,0.992186108368712
29,7,0.40,0.999776177197268
29,7,0.45,0.999180252700908
29,7,0.50,0.6128950092326583
29,7,0.55,0.9998759699104134
29,7,0.60,0.9998513797957603
29,7,0.65,0.635858834758938
29,7,0.70,0.9999669538555211
29,7,0.75,0.9996487437654837
29,7,0.80,0.9989210407091696
29,7,0.85,0.9993362246037129
29,7,0.90,0.9999296453007245
29,7,0.95,0.9973492900907881
29,8,0.05,0.5157509247688485
29,8,0.10,0.9673970842034539
29,8,0.15,0.9996158897358719
29,8,0.20,0.9939422411442167
29,8,0.25,0.9996775263716817
29,8,0.30,0.9997756840864576
29,8,0.35,0.9996372464887141
29,8,0.40,0.9994997950568303
29,8,0.45,0.6537546067476121
29,8,0.50,0.9998640475036468
29,8,0.55,0.9955505381094958
29,8,0.60,0.9997612546459795
29,8,0.65,0.985136339960096
29,8,0.70,0.6487750576293517
29,8,0.75,0.9999605815468345
29,8,0.80,0.99966071969802
29,8,0.85,0.9999019787495725
29,8,0.90,0.9999573171691818
29,8,0.95,0.999857792846539
29,9,0.05,0.6143075058263963
29,9,0.10,0.9989762814046034
29,9,0.15,0.9996621772628655
29,9,0.20,0.9997066179343039
29,9,0.25,0.9921657250745933
29,9,0.30,0.9998697059651578
29,9,0.35,0.9999510131803286
29,9,0.40,0.994893090721642
29,9,0.45,0.62497754424107
29,9,0.50,0.9999643783458338
29,9,0.55,0.5997877166441332
29,9,0.60,0.9999394915871254
29,9,0.65,0.999951600611404
29,9,0.70,0.9999595423318159
29,9,0.75,0.9999016030396433
29,9,0.80,0.9999254072651799
29,9,0.85,0.9960426879403459
29,9,0.90,0.9994154948781488
29,9,0.95,0.999971933883749
30,0,0.05,0.9450683697923514
30,0,0.10,0.9908026812472304
30,0,0.15,0.9994473633744797
30,0,0.20,0.9996562768962528
30,0,0.25,0.9986125702548667
30,0,0.30,0.998688349414164
30,0,0.35,0.9999454839860031
30,0,0.40,0.9992030989850025
30,0,0.45,0.9934406015477094
30,0,0.50,0.6349305401357431
30,0,0.55,0.9972451606962012
30,0,0.60,0.9999024005635047
30,0,0.65,0.9826066110953123
30,0,0.70,0.9938153108125282
30,0,0.75,0.999467770445878
30,0,0.80,0.9998777250703567
30,0,0.85,0.9999706743674154
30,0,0.90,0.9999778549234989
30,0,0.95,0.9999675142561743
30,1,0.05,0.7600441026580436
30,1,0.10,0.9979747341878827
30,1,0.15,0.9560807181858416
30,1,0.20,0.9989051701462439
30,1,0.25,0.6739395842456014
30,1,0.30,0.9989091907027344
30,1,0.35,0.9999272680722069
30,1,0.40,0.9998375272083598
30,1,0.45,0.9999136504082469
30,1,0.50,0.9993942092949241
30,1,0.55,0.671061684236247
30,1,0.60,0.9941550292017048
30,1,0.65,0.6434369307079046
30,1,0.70,0.6123819371736572
30,1,0.75,0.9982745484398223
30,1,0.80,0.9994519982087479
30,1,0.85,0.9999666717937171
30,1,0.90,0.9999539520334778
30,1,0.95,0.9999424115976119
30,2,0.05,0.3772455604788393
30,2,0.10,0.9935942565043301
30,2,0.15,0.9959130637962021
30,2,0.20,0.9964610545958973
30,2,0.25,0.9992042210312917
30,2,0.30,0.97917479140081
30,2,0.35,0.9993773897679977
30,2,0.40,0.9998660448512271
30,2,0.45,0.9991113922934419
30,2,0.50,0.5466930059904216
30,2,0.55,0.9998234019392649
30,2,0.60,0.999578408045974
30,2,0.65,0.9946686342277383
30,2,0.70,0.9998560330720517
30,2,0.75,0.9996340963652586
30,2,0.80,0.9991137109664212
30,2,0.85,0.9957040260058188
30,2,0.90,0.9999591946904429
30,2,0.95,0.9999516976140594
30,3,0.05,0.9527509357026637
30,3,0.10,0.9969393356718238
30,3,0.15,0.9998710037613303
30,3,0.20,0.99921314662215
30,3,0.25,0.9995709201814423
30,3,0.30,0.9978575839974139
30,3,0.35,0.9972247374500404
30,3,0.40,0.999919019797661
30,3,0.45,0.9985478865699411
30,3,0.50,0.998928905977354
30,3,0.55,0.999278618375172
30,3,0.60,0.9964274498596659
30,3,0.65,0.9727635471112203
30,3,0.70,0.9971232513137622
30,3,0.75,0.9999370601249129
30,3,0.80,0.6470672148553629
30,3,0.85,0.6548293757589518
30,3,0.90,0.9998270197680746
30,3,0.95,0.9964611104250224
30,4,0.05,0.9030009040131903
30,4,0.10,0.984151625656835
30,4,0.15,0.9997190891132975
30,4,0.20,0.9995988976451734
30,4,0.25,0.9940955254916514
30,4,0.30,0.9988700179037534
30,4,0.35,0.9989818933527463
30,4,0.40,0.9995561336717248
30,4,0.45,0.9998543532271581
30,4,0.50,0.9985327034113503
30,4,0.55,0.9999451324326359
30,4,0.60,0.9999045145964112
30,4,0.65,0.9998589254161693
30,4,0.70,0.9997925430153414
30,4,0.75,0.9999559590576192
30,4,0.80,0.9997907910414467
30,4,0.85,0.9998157525917426
30,4,0.90,0.9998864066351901
30,4,0.95,0.9999685601122427
30,5,0.05,0.9247930208625723
30,5,0.10,0.9920416211833303
30,5,0.15,0.9752127960059971
30,5,0.20,0.9974611753658211
30,5,0.25,0.9995139163798797
30,5,0.30,0.9998725792431914
30,5,0.35,0.9999269364423451
30,5,0.40,0.9999249244471586
30,5,0.45,0.9998353896432371
30,5,0.50,0.9999474982158824
30,5,0.55,0.9990591135486634
30,5,0.60,0.9986669518070832
30,5,0.65,0.9964278366899632
30,5,0.70,0.9974274048818589
30,5,0.75,0.9998988727988317
30,5,0.80,0.9922461379037629
30,5,0.85,0.9978324887423172
30,5,0.90,0.9986284586566788
30,5,0.95,0.9994223471582577
30,6,0.05,0.906452715107622
30,6,0.10,0.9283488939240533
30,6,0.15,0.996346202405835
30,6,0.20,0.9990313038507921
30,6,0.25,0.7052348862835736
30,6,0.30,0.9926706700579244
30,6,0.35,0.999761637846392
30,6,0.40,0.9997091458449586
30,6,0.45,0.9985939621538285
30,6,0.50,0.9995501592726318
30,6,0.55,0.9962555621748959
30,6,0.60,0.999935315990149
30,6,0.65,0.5563453192637623
30,6,0.70,0.9922340808708731
30,6,0.75,0.9990390830214051
30,6,0.80,0.9993634576105072
30,6,0.85,0.9999369949757545
30,6,0.90,0.9973669059404533
30,6,0.95,0.6893823774656082
30,7,0.05,0.969514120176697
30,7,0.10,0.9992662065487592
30,7,0.15,0.9977520829198596
30,7,0.20,0.9995538308847338
30,7,0.25,0.9996386920513448
30,7,0.30,0.9998988941916533
30,7,0.35,0.9886582403049753
30,7,0.40,0.9999558134914114
30,7,0.45,0.9992584228755499
30,7,0.50,0.9951970190296886
30,7,0.55,0.9999407683819369
30,7,0.60,0.9950383286131946
30,7,0.65,0.9992535899903437
30,7,0.70,0.9859585880433827
30,7,0.75,0.6813367142912581
30,7,0.80,0.9949858175494202
30,7,0.85,0.9998490588082363
30,7,0.90,0.9999301633788724
30,7,0.95,0.9999496870386613
30,8,0.05,0.1453119309553107
30,8,0.10,0.9795492954300613
30,8,0.15,0.9986627576921299
30,8,0.20,0.9863222754741909
30,8,0.25,0.9992542463563
30,8,0.30,0.9990917188486087
30,8,0.35,0.6993078187844335
30,8,0.40,0.9992969391480084
30,8,0.45,0.9999233778792693
30,8,0.50,0.9937229624410189
30,8,0.55,0.9962480808306967
30,8,0.60,0.9999414254408158
30,8,0.65,0.9959766645908347
30,8,0.70,0.9962883289531439
30,8,0.75,0.9989778009672293
30,8,0.80,0.9999546953381458
30,8,0.85,0.9988373917697869
30,8,0.90,0.999880591212685
30,8,0.95,0.643070423301052
30,9,0.05,0.9084823821690806
30,9,0.10,0.9917478359746915
30,9,0.15,0.8809002111536538
30,9,0.20,0.9966776025481856
30,9,0.25,0.999238526719988
30,9,0.30,0.999897896720636
30,9,0.35,0.9959767052014746
30,9,0.40,0.999752128087687
30,9,0.45,0.9993921352973008
30,9,0.50,0.9883776481701673
30,9,0.55,0.9994261739204113
30,9,0.60,0.9991075743682324
30,9,0.65,0.999866326934421
30,9,0.70,0.9944626027357938
30,9,0.75,0.999499728693648
30,9,0.80,0.9979551464571733
30,9,0.85,0.9999787794682146
30,9,0.90,0.9954367274819543
30,9,0.95,0.9998277150666913
31,0,0.05,0.9289885389448074
31,0,0.10,0.9975971383125056
31,0,0.15,0.998249339257949
31,0,0.20,0.9953344369594782
31,0,0.25,0.9980918173109884
31,0,0.30,0.9998443044307354
31,0,0.35,0.9998894557568987
31,0,0.40,0.9999509073796804
31,0,0.45,0.9995604623757502
31,0,0.50,0.999790124230031
31,0,0.55,0.9999524254358514
31,0,0.60,0.9999504700231903
31,0,0.65,0.9953614247325808
31,0,0.70,0.9998132742414786
31,0,0.75,0.9998643769890734
31,0,0.80,0.9999549663041323
31,0,0.85,0.9804553498650395
31,0,0.90,0.9994799332717903
31,0,0.95,0.9943300458860445
31,1,0.05,0.4714673513126223
31,1,0.10,0.9756251718442412
31,1,0.15,0.995948764157425
31,1,0.20,0.5827710374966126
31,1,0.25,0.999718825866114
31,1,0.30,0.999900605569734
31,1,0.35,0.9996714504183605
31,1,0.40,0.9998036166013352
31,1,0.45,0.9992822115656137
31,1,0.50,0.9996178047585864
31,1,0.55,0.9999552309940437
31,1,0.60,0.999857813353481
31,1,0.65,0.999114700078047
31,1,0.70,0.9999629132655837
31,1,0.75,0.9997327887799331
31,1,0.80,0.9999658518336731
31,1,0.85,0.999878286691217
31,1,0.90,0.9999228770086147
31,1,0.95,0.9953924069949919
31,2,0.05,-0.5418662819869762
31,2,0.10,0.979524819155463
31,2,0.15,0.9990861062715887
31,2,0.20,0.9994348482734088
31,2,0.25,0.9998572533537672
31,2,0.30,0.9997756418803883
31,2,0.35,0.9999556840111333
31,2,0.40,0.999715047102243
31,2,0.45,0.9999437306619603
31,2,0.50,0.9993561734046206
31,2,0.55,0.9993671208136975
31,2,0.60,0.9997277919372752
31,2,0.65,0.9995512304830891
31,2,0.70,0.9997768708871849
31,2,0.75,0.9996243293603583
31,2,0.80,0.9992641772103776
31,2,0.85,0.9997836350934977
31,2,0.90,0.9999496989970448
31,2,0.95,0.9999645330409251
31,3,0.05,0.8868138704326465
31,3,0.10,0.950658245408535
31,3,0.15,0.9987941163380639
31,3,0.20,0.9998976906555794
31,3,0.25,0.9998962547127881
31,3,0.30,0.9997410839275792
31,3,0.35,0.999920714207424
31,3,0.40,0.9999396460371128
31,3,0.45,0.9998701882619526
31,3,0.50,0.9999587783581847
31,3,0.55,0.9998649565869799
31,3,0.60,0.9999542533056313
31,3,0.65,0.9996930622901565
31,3,0.70,0.9994242462106415
31,3,0.75,0.9997844334804332
31,3,0.80,0.9968374966065747
31,3,0.85,0.9999653648046698
31,3,0.90,0.9999435141498192
31,3,0.95,0.9999520438854838
31,4,0.05,0.9849253014449258
31,4,0.10,0.9890276284419397
31,4,0.15,0.5876190805018005
31,4,0.20,0.996317186384493
31,4,0.25,0.9999211653717859
31,4,0.30,0.9997608415771958
31,4,0.35,0.9999123414039347
31,4,0.40,0.9995030513189536
31,4,0.45,0.9998835623384568
31,4,0.50,0.9999612391113278
31,4,0.55,0.9979469553364924
31,4,0.60,0.9954325268829866
31,4,0.65,0.9999766064094803
31,4,0.70,0.9999298786732336
31,4,0.75,0.9999601698102526
31,4,0.80,0.9999101356000143
31,4,0.85,0.9994137522885976
31,4,0.90,0.9999376007357447
31,4,0.95,0.9954497870898878
31,5,0.05,0.736940141199719
31,5,0.10,0.9885930228392676
31,5,0.15,0.9594778759390321
31,5,0.20,0.9999019249680575
31,5,0.25,0.9996970874465044
31,5,0.30,0.9988081273040594
31,5,0.35,0.9998980503463301
31,5,0.40,0.9995905055235669
31,5,0.45,0.9999303509678799
31,5,0.50,0.9999668336126922
31,5,0.55,0.9995465440348843
31,5,0.60,0.9980926124890901
31,5,0.65,0.9990734326480845
31,5,0.70,0.9993567598044831
31,5,0.75,0.9998922850382318
31,5,0.80,0.9999103063884115
31,5,0.85,0.999922711586539
31,5,0.90,0.9942270511452475
31,5,0.95,0.9998971966917671
31,6,0.05,0.9148481929007335
31,6,0.10,0.6794521425014102
31,6,0.15,0.9994570250198178
31,6,0.20,0.9999059139855915
31,6,0.25,0.9997764116860631
31,6,0.30,0.9999426531270156
31,6,0.35,0.9999085780255756
31,6,0.40,0.9834212664637837
31,6,0.45,0.9992149726459114
31,6,0.50,0.9986011946308174
31,6,0.55,0.9991602429364965
31,6,0.60,0.9985345070402238
31,6,0.65,0.9991671807406884
31,6,0.70,0.9995405081811389
31,6,0.75,0.9995474970012285
31,6,0.80,0.999913040942773
31,6,0.85,0.999277471967445
31,6,0.90,0.9953731009645512
31,6,0.95,0.9993431665710774
31,7,0.05,0.9947429529995575
31,7,0.10,0.9749580668415632
31,7,0.15,0.9998707965836421
31,7,0.20,0.9993313582960692
31,7,0.25,0.999423089411988
31,7,0.30,0.9999421170827534
31,7,0.35,0.9996007635232927
31,7,0.40,0.9982077919051777
31,7,0.45,0.9998207750752468
31,7,0.50,0.999792321008893
31,7,0.55,0.999272771028462
31,7,0.60,0.9999605001873849
31,7,0.65,0.9868013925083748
31,7,0.70,0.9999075891877008
31,7,0.75,0.9999243377394745
31,7,0.80,0.9997288022916282
31,7,0.85,0.9993351728060762
31,7,0.90,0.9949647680737157
31,7,0.95,0.9999605846357288
31,8,0.05,0.5063484331595227
31,8,0.10,0.9550262517382377
31,8,0.15,0.9998303052247886
31,8,0.20,0.9997919968798088
31,8,0.25,0.999056062618127
31,8,0.30,0.9998418221596873
31,8,0.35,0.9999096636524005
31,8,0.40,0.9994582535603305
31,8,0.45,0.9998687739635681
31,8,0.50,0.9997836363911615
31,8,0.55,0.9999231132714356
31,8,0.60,0.9984645185218786
31,8,0.65,0.99991144357806
31,8,0.70,0.9999411141315504
31,8,0.75,0.9998538457015175
31,8,0.80,0.9999524047189662
31,8,0.85,0.9954312377979241
31,8,0.90,0.9981364353898163
31,8,0.95,0.9998936385518028
31,9,0.05,0.3897872732677322
31,9,0.10,0.9803166436877971
31,9,0.15,0.9995735957380247
31,9,0.20,0.9998069965239397
31,9,0.25,0.9999768060822536
31,9,0.30,0.9998970976517764
31,9,0.35,0.9999278066902454
31,9,0.40,0.9982012666981924
31,9,0.45,0.9993524171254009
31,9,0.50,0.9998795771515738
31,9,0.55,0.9995999820735499
31,9,0.60,0.9998776985586162
31,9,0.65,0.9995194000549583
31,9,0.70,0.9999098468260108
31,9,0.75,0.9999213193863704
31,9,0.80,0.9999415690645842
31,9,0.85,0.9999488946765622
31,9,0.90,0.9999452025537742
31,9,0.95,0.9999794870717357
32,0,0.05,0.5777775591809735
32,0,0.10,0.8946872351405264
32,0,0.15,0.98795416825443
32,0,0.20,0.9944299599717737
32,0,0.25,0.9998424689327503
32,0,0.30,0.9943987017780209
32,0,0.35,0.9992114006970668
32,0,0.40,0.9994716481864578
32,0,0.45,0.9998015725634317
32,0,0.50,0.9999539540289621
32,0,0.55,0.999876673166006
32,0,0.60,0.995051676784344
32,0,0.65,0.9995555497041148
32,0,0.70,0.9992528769468628
32,0,0.75,0.9999718750954157
32,0,0.80,0.9947597442506066
32,0,0.85,0.9992991152754946
32,0,0.90,0.9998711061083708
32,0,0.95,0.9998320395713114
32,1,0.05,-0.24848069416563345
32,1,0.10,0.9888112921062339
32,1,0.15,0.4526522486119855
32,1,0.20,0.9796070903971282
32,1,0.25,0.9993910581852593
32,1,0.30,0.9996529904383992
32,1,0.35,0.9948287626181996
32,1,0.40,0.9947704252175534
32,1,0.45,0.9999629724464905
32,1,0.50,0.999208714488586
32,1,0.55,0.9999421436328035
32,1,0.60,0.6382332007167355
32,1,0.65,0.9969524165974701
32,1,0.70,0.9993937708519879
32,1,0.75,0.9998494277384288
32,1,0.80,0.9999214084318238
32,1,0.85,0.9952288770430229
32,1,0.90,0.9953064588585178
32,1,0.95,0.9998917599889593
32,2,0.05,0.7975343082624597
32,2,0.10,0.977164012559893
32,2,0.15,0.5183996588343633
32,2,0.20,0.9994877141620202
32,2,0.25,0.9988342318131365
32,2,0.30,0.9997137275636131
32,2,0.35,0.9994352435481512
32,2,0.40,0.9998983935857833
32,2,0.45,0.9998340917177551
32,2,0.50,0.9974088032447833
32,2,0.55,0.9993598420061937
32,2,0.60,0.9997586123170377
32,2,0.65,0.9995902306158125
32,2,0.70,0.9946251345627832
32,2,0.75,0.9997781394170295
32,2,0.80,0.9980808907646196
32,2,0.85,0.9976648247748314
32,2,0.90,0.9998875241200272
32,2,0.95,0.9981760417922063
32,3,0.05,0.8572377403027094
32,3,0.10,0.9986856595069082
32,3,0.15,0.9998436400129356
32,3,0.20,0.993086485264367
32,3,0.25,0.9998220155219707
32,3,0.30,0.9930343780308609
32,3,0.35,0.997611957144166
32,3,0.40,0.9919300784426992
32,3,0.45,0.9999675026747669
32,3,0.50,0.9997076987738063
32,3,0.55,0.9981466742225398
32,3,0.60,0.9998584561908299
32,3,0.65,0.9995440975598765
32,3,0.70,0.9961324970729574
32,3,0.75,0.9971696895576737
32,3,0.80,0.9992433329058441
32,3,0.85,0.9899502209384066
32,3,0.90,0.999867811834252
32,3,0.95,0.9999233030602717
32,4,0.05,0.5258763507605768
32,4,0.10,0.9465972760527749
32,4,0.15,0.9236304704163096
32,4,0.20,0.9669360820414128
32,4,0.25,0.9998127493417537
32,4,0.30,0.9977289116085984
32,4,0.35,0.9973380229514753
32,4,0.40,0.9998745722991662
32,4,0.45,0.9991462050320763
32,4,0.50,0.9999432906479823
32,4,0.55,0.9992373149732179
32,4,0.60,0.9997571880546973
32,4,0.65,0.9992618814287747
32,4,0.70,0.9991560683824416
32,4,0.75,0.9962253242721089
32,4,0.80,0.9999710847676566
32,4,0.85,0.9961626512562889
32,4,0.90,0.9999523893056409
32,4,0.95,0.9999530029548311
32,5,0.05,0.9588407623422858
32,5,0.10,0.8872817378245235
32,5,0.15,0.979043232204573
32,5,0.20,0.9997873793002723
32,5,0.25,0.9994533989565788
32,5,0.30,0.999931750754874
32,5,0.35,0.9999346619606271
32,5,0.40,0.9999755202217504
32,5,0.45,0.9814577141107319
32,5,0.50,0.9999768996133236
32,5,0.55,0.9995189073061621
32,5,0.60,0.9989956328906199
32,5,0.65,0.9994404232248352
32,5,0.70,0.9999411720755272
32,5,0.75,0.6630438770235887
32,5,0.80,0.9999645514772371
32,5,0.85,0.9999729514800386
32,5,0.90,0.9992018054224757
32,5,0.95,0.9949291877054881
32,6,0.05,0.6037242764869031
32,6,0.10,0.9853113214595194
32,6,0.15,0.33361234894404546
32,6,0.20,0.9997342453740315
32,6,0.25,0.9995406713356606
32,6,0.30,0.9944690434192647
32,6,0.35,0.9999391388383437
32,6,0.40,0.9996382767944089
32,6,0.45,0.997069116231713
32,6,0.50,0.9962166458737004
32,6,0.55,0.9999514083042218
32,6,0.60,0.9999581818658824
32,6,0.65,0.9998762010743917
32,6,0.70,0.5967172009312044
32,6,0.75,0.9998604216968934
32,6,0.80,0.9999620278711764
32,6,0.85,0.9999480268788647
32,6,0.90,0.9999716100887597
32,6,0.95,0.9999775973836864
32,7,0.05,-1.5983914716527945
32,7,0.10,0.9982280831501711
32,7,0.15,0.45844597793890673
32,7,0.20,0.9998063171307229
32,7,0.25,0.5591656575236978
32,7,0.30,0.9997358520252786
32,7,0.35,0.9995470476263318
32,7,0.40,0.9992480750341326
32,7,0.45,0.9825232094698433
32,7,0.50,0.9998424091378215
32,7,0.55,0.999945396320948
32,7,0.60,0.9955795652288875
32,7,0.65,0.9991039261025071
32,7,0.70,0.9999509081334639
32,7,0.75,0.9995817707922459
32,7,0.80,0.9999618193547195
32,7,0.85,0.9998815814966714
32,7,0.90,0.9998752790883373
32,7,0.95,0.9995052538995887
32,8,0.05,0.850827547489474
32,8,0.10,0.9865716972918535
32,8,0.15,0.4662962786283743
32,8,0.20,0.9991027592315234
32,8,0.25,0.9911523571393775
32,8,0.30,0.9998667573507698
32,8,0.35,0.9998433711393093
32,8,0.40,0.9998215807774091
32,8,0.45,0.9914961062428557
32,8,0.50,0.9998940466446318
32,8,0.55,0.9947258226019562
32,8,0.60,0.9985157825545378
32,8,0.65,0.9999683984024011
32,8,0.70,0.9977727853988763
32,8,0.75,0.9995464185950381
32,8,0.80,0.6950056905434168
32,8,0.85,0.9999020872293173
32,8,0.90,0.9992165041043248
32,8,0.95,0.9999356526656541
32,9,0.05,0.8538588586750424
32,9,0.10,0.5582075066992327
32,9,0.15,0.9996309897287395
32,9,0.20,0.9869426295291068
32,9,0.25,0.9998644212260376
32,9,0.30,0.9999653259465753
32,9,0.35,0.5503844632924698
32,9,0.40,0.9997324554075484
32,9,0.45,0.5923019665759028
32,9,0.50,0.9998912313358592
32,9,0.55,0.9985259900657745
32,9,0.60,0.9999365961282399
32,9,0.65,0.9961251629780864
32,9,0.70,0.9992287629139058
32,9,0.75,0.9995422337013213
32,9,0.80,0.9998806093881124
32,9,0.85,0.9995685574793752
32,9,0.90,0.9997580625442256
32,9,0.95,0.9999367365382684
33,0,0.05,-0.21761625221084402
33,0,0.10,0.5462420001621027
33,0,0.15,0.5602046937331504
33,0,0.20,0.9889340544840767
33,0,0.25,0.999321363869721
33,0,0.30,0.9948757188167245
33,0,0.35,0.9857603980436981
33,0,0.40,0.9995482048175833
33,0,0.45,0.9999202451677641
33,0,0.50,0.9941794286562381
33,0,0.55,0.9990352768229289
33,0,0.60,0.9966828472515579
33,0,0.65,0.9987285211757763
33,0,0.70,0.9999124196425426
33,0,0.75,0.9999451174679719
33,0,0.80,0.9999185951637193
33,0,0.85,0.9996490128690955
33,0,0.90,0.999927886923907
33,0,0.95,0.9997748203517985
33,1,0.05,0.16745961615215077
33,1,0.10,0.7286778367019788
33,1,0.15,0.9966427285042295
33,1,0.20,0.9996739161074375
33,1,0.25,0.9999296353022737
33,1,0.30,0.9843894074233979
33,1,0.35,0.9782535786024641
33,1,0.40,0.9954669763550926
33,1,0.45,0.9998589487520578
33,1,0.50,0.9943614125969806
33,1,0.55,0.6697127783632002
33,1,0.60,0.9941470260458561
33,1,0.65,0.9997341044778887
33,1,0.70,0.9999373751203077
33,1,0.75,0.9980228240919784
33,1,0.80,0.999929145305404
33,1,0.85,0.9998057877649104
33,1,0.90,0.9999530057311041
33,1,0.95,0.9949064433244819
33,2,0.05,0.3208833243981797
33,2,0.10,0.9870943821694997
33,2,0.15,0.9988656386566751
33,2,0.20,0.9997945809512213
33,2,0.25,0.6250745557582472
33,2,0.30,0.9959695821832724
33,2,0.35,0.5385976735966793
33,2,0.40,0.9998109375617779
33,2,0.45,0.9997591668376603
33,2,0.50,0.9976483480662597
33,2,0.55,0.9999260096285592
33,2,0.60,0.665450033807506
33,2,0.65,0.9999608126990633
33,2,0.70,0.9996489525617314
33,2,0.75,0.9991389922590017
33,2,0.80,0.9995495220077975
33,2,0.85,0.999975141696651
33,2,0.90,0.9977381116795053
33,2,0.95,0.9999364484023232
33,3,0.05,-7.975904699815864
33,3,0.10,0.9495862730453197
33,3,0.15,0.9988995644217259
33,3,0.20,0.9971529097605254
33,3,0.25,0.6626978653513643
33,3,0.30,0.4297604740184975
33,3,0.35,0.9938964115006949
33,3,0.40,0.9996138283570216
33,3,0.45,0.9944283506455378
33,3,0.50,0.9999040641471741
33,3,0.55,0.9977145743426888
33,3,0.60,0.9992365687656483
33,3,0.65,0.9999169425442622
33,3,0.70,0.9996499553958293
33,3,0.75,0.9998842634822089
33,3,0.80,0.6395631325807647
33,3,0.85,0.9994014854638175
33,3,0.90,0.9999690226150469
33,3,0.95,0.9941190507461929
33,4,0.05,0.8394545346814896
33,4,0.10,0.9987364578483138
33,4,0.15,0.9996614217902553
33,4,0.20,0.9978452512116419
33,4,0.25,0.5588498260928195
33,4,0.30,0.5858759342254527
33,4,0.35,0.9997697654987768
33,4,0.40,0.9923570490596579
33,4,0.45,0.9998424611854313
33,4,0.50,0.9998740738893798
33,4,0.55,0.9994984764620992
33,4,0.60,0.6810075625221848
33,4,0.65,0.9999396828292821
33,4,0.70,0.999765053622492
33,4,0.75,0.9997988608265229
33,4,0.80,0.9991565282742735
33,4,0.85,0.9963193797834631
33,4,0.90,0.9998549053713482
33,4,0.95,0.9999621295823392
33,5,0.05,-12.825697287326188
33,5,0.10,0.1800437966341788
33,5,0.15,0.9768084581249318
33,5,0.20,0.9979728830121763
33,5,0.25,0.6247564051723687
33,5,0.30,0.9917332223580315
33,5,0.35,0.9896304555538379
33,5,0.40,0.5956319003848888
33,5,0.45,0.9995984350843723
33,5,0.50,0.9992989315535596
33,5,0.55,0.9999187031849631
33,5,0.60,0.6361009368204041
33,5,0.65,0.9999261735960626
33,5,0.70,0.9999352561097627
33,5,0.75,0.9998973321184593
33,5,0.80,0.9999829433975272
33,5,0.85,0.9999603067173253
33,5,0.90,0.9995049955539705
33,5,0.95,0.9994541029614101
33,6,0.05,0.8050144367958793
33,6,0.10,-0.39308171646101275
33,6,0.15,0.47093189044485473
33,6,0.20,0.9994763676575997
33,6,0.25,0.5732999564948025
33,6,0.30,0.9996083604905232
33,6,0.35,0.9960678187664477
33,6,0.40,0.9947986874189753
33,6,0.45,0.999951024375101
33,6,0.50,0.9995813531607646
33,6,0.55,0.9934438035642519
33,6,0.60,0.9993953806039488
33,6,0.65,0.9997498281445422
33,6,0.70,0.9992517808137983
33,6,0.75,0.9998482825423112
33,6,0.80,0.9999058764890423
33,6,0.85,0.9995122137992002
33,6,0.90,0.9995627201301878
33,6,0.95,0.994502882850948
33,7,0.05,0.8874518463331444
33,7,0.10,0.953793250240202
33,7,0.15,0.9990322198589996
33,7,0.20,0.9982116069561507
33,7,0.25,0.6159356916074779
33,7,0.30,0.9979214560609303
33,7,0.35,0.9575026559752533
33,7,0.40,0.9999510006451101
33,7,0.45,0.997805113575342
33,7,0.50,0.9998901531305817
33,7,0.55,0.9964061164359844
33,7,0.60,0.9998409159016785
33,7,0.65,0.9970501683129537
33,7,0.70,0.9999302938850937
33,7,0.75,0.9999212222073054
33,7,0.80,0.9998949996514791
33,7,0.85,0.9946327362513028
33,7,0.90,0.9997023409570517
33,7,0.95,0.9979844391684839
33,8,0.05,0.30380319666471345
33,8,0.10,0.950847518548166
33,8,0.15,0.96787264122816
33,8,0.20,0.9999417495022662
33,8,0.25,0.9999345675243303
33,8,0.30,0.9986506165699998
33,8,0.35,0.5800714064438381
33,8,0.40,0.9997523114780291
33,8,0.45,0.9991654049784663
33,8,0.50,0.9976230599465389
33,8,0.55,0.6566084998318265
33,8,0.60,0.9998374872713965
33,8,0.65,0.994532046780425
33,8,0.70,0.9998726883946274
33,8,0.75,0.9996418916067524
33,8,0.80,0.9999453405485238
33,8,0.85,0.9999611851446868
33,8,0.90,0.9997362040258018
33,8,0.95,0.9996761678969566
33,9,0.05,0.6519560346452554
33,9,0.10,0.9983861325931463
33,9,0.15,0.9987215444260231
33,9,0.20,0.9995909191993138
33,9,0.25,0.9996289458587516
33,9,0.30,0.9910388138396986
33,9,0.35,0.9993011117433568
33,9,0.40,0.9947419770455072
33,9,0.45,0.9965182955695038
33,9,0.50,0.9999588377047253
33,9,0.55,0.6351720725187775
33,9,0.60,0.9945348147667867
33,9,0.65,0.9999612862698868
33,9,0.70,0.999836024520848
33,9,0.75,0.9993683799033728
33,9,0.80,0.9998855365207712
33,9,0.85,0.9999548182633388
33,9,0.90,0.9999351496991707
33,9,0.95,0.9995073571755956
34,0,0.05,0.5813411906105485
34,0,0.10,0.9990106110975185
34,0,0.15,0.9995596446651708
34,0,0.20,0.9993987283680807
34,0,0.25,0.9985996895763095
34,0,0.30,0.9999170345384579
34,0,0.35,0.9971703782131858
34,0,0.40,0.9993680398857381
34,0,0.45,0.9996809769344552
34,0,0.50,0.9999724785739774
34,0,0.55,0.9996052446635546
34,0,0.60,0.6038347577197476
34,0,0.65,0.9998311386191796
34,0,0.70,0.9998935115257536
34,0,0.75,0.9992732444285196
34,0,0.80,0.9999656688206572
34,0,0.85,0.9995848873331751
34,0,0.90,0.9996382020614448
34,0,0.95,0.9998194675127439
34,1,0.05,0.7095879963844539
34,1,0.10,0.9906292218579688
34,1,0.15,0.9994986627149705
34,1,0.20,0.9997963441712625
34,1,0.25,0.9993292370129514
34,1,0.30,0.999015346913627
34,1,0.35,0.9999663414885218
34,1,0.40,0.9999339599707203
34,1,0.45,0.9982756832745583
34,1,0.50,0.9999360985334859
34,1,0.55,0.9994282913445659
34,1,0.60,0.998414490565555
34,1,0.65,0.9994803528007263
34,1,0.70,0.9994596781259159
34,1,0.75,0.9996433890117025
34,1,0.80,0.9981874590746113
34,1,0.85,0.9998995911945827
34,1,0.90,0.9998953206343075
34,1,0.95,0.9758127588555552
34,2,0.05,-0.4309762461009199
34,2,0.10,0.998946367322444
34,2,0.15,0.9985136799835865
34,2,0.20,0.9997012772983823
34,2,0.25,0.9967816405809814
34,2,0.30,0.9998103951636319
34,2,0.35,0.9962074414857781
34,2,0.40,0.9994050627600554
34,2,0.45,0.9999386829280472
34,2,0.50,0.9994752110337618
34,2,0.55,0.9984241954029666
34,2,0.60,0.9999005892261524
34,2,0.65,0.9993177719255542
34,2,0.70,0.9986494046701562
34,2,0.75,0.9989607851331196
34,2,0.80,0.999414569899028
34,2,0.85,0.9999663736244091
34,2,0.90,0.9994743249699011
34,2,0.95,0.9994364542790894
34,3,0.05,0.9961385501148788
34,3,0.10,0.9818002869668567
34,3,0.15,0.9986137263066358
34,3,0.20,0.9980567474996397
34,3,0.25,0.9749239260091334
34,3,0.30,0.9955456578156701
34,3,0.35,0.9999497423356909
34,3,0.40,0.9996202633299927
34,3,0.45,0.9994349250013637
34,3,0.50,0.9999651246551082
34,3,0.55,0.9999502044488395
34,3,0.60,0.9999507422754803
34,3,0.65,0.9999698312507022
34,3,0.70,0.9999268643274842
34,3,0.75,0.999258498101305
34,3,0.80,0.9998627517398482
34,3,0.85,0.9999841596671566
34,3,0.90,0.9996201049867897
34,3,0.95,0.9995163224317282
34,4,0.05,0.977018321237691
34,4,0.10,0.9441771501441864
34,4,0.15,0.9862920209595538
34,4,0.20,0.9996425060367393
34,4,0.25,0.999758801496859
34,4,0.30,0.985150646203814
34,4,0.35,0.9907639688498944
34,4,0.40,0.9992459125386088
34,4,0.45,0.999877090664146
34,4,0.50,0.9996046243821796
34,4,0.55,0.9974319514969824
34,4,0.60,0.6131916817266636
34,4,0.65,0.9991782545727461
34,4,0.70,0.9999662101195482
34,4,0.75,0.999810492477865
34,4,0.80,0.999902865655546
34,4,0.85,0.9999356837751197
34,4,0.90,0.9995598810401198
34,4,0.95,0.9998917738273125
34,5,0.05,0.9871964603973491
34,5,0.10,0.9976884901664222
34,5,0.15,0.960381408121541
34,5,0.20,0.9723245046919056
34,5,0.25,0.9777258982115254
34,5,0.30,0.9999316798860286
34,5,0.35,0.9996059798969145
34,5,0.40,0.999948416292164
34,5,0.45,0.998006839424042
34,5,0.50,0.9998833484661558
34,5,0.55,0.9958585853258874
34,5,0.60,0.9720704834399222
34,5,0.65,0.9999377688307722
34,5,0.70,0.9980202688065216
34,5,0.75,0.9999578638323494
34,5,0.80,0.9988403900726172
34,5,0.85,0.9999611110861214
34,5,0.90,0.9997457330843552
34,5,0.95,0.9959545588437329
34,6,0.05,0.918039394561147
34,6,0.10,0.9754910362381293
34,6,0.15,0.6198506249504233
34,6,0.20,0.9909401693422984
34,6,0.25,0.9987930550480989
34,6,0.30,0.6896084034897683
34,6,0.35,0.9905354026325003
34,6,0.40,0.9996885601840142
34,6,0.45,0.9997760257119175
34,6,0.50,0.9999539283232868
34,6,0.55,0.999960172554284
34,6,0.60,0.9993262322118202
34,6,0.65,0.9997550418943018
34,6,0.70,0.9999672814335712
34,6,0.75,0.9993686189829882
34,6,0.80,0.9999154579009614
34,6,0.85,0.9999180644412925
34,6,0.90,0.9992555090550523
34,6,0.95,0.9999373132793682
34,7,0.05,0.9894947713277783
34,7,0.10,0.9817761865479566
34,7,0.15,0.9996126460623102
34,7,0.20,0.9994742595034253
34,7,0.25,0.9971002582860349
34,7,0.30,0.9989102566992066
34,7,0.35,0.9999263830790072
34,7,0.40,0.9999228835996858
34,7,0.45,0.9999328498231751
34,7,0.50,0.9990102777987511
34,7,0.55,0.9999451687312394
34,7,0.60,0.9988660969187554
34,7,0.65,0.9999364667049303
34,7,0.70,0.9999487186536372
34,7,0.75,0.9983206997154915
34,7,0.80,0.9995406252093627
34,7,0.85,0.9962361180353986
34,7,0.90,0.9999580994534507
34,7,0.95,0.9999632085500068
34,8,0.05,0.7272264771782015
34,8,0.10,0.9980013373931431
34,8,0.15,0.9994238118973121
34,8,0.20,0.9987875224519606
34,8,0.25,0.9955674840665222
34,8,0.30,0.9984368236396596
34,8,0.35,0.9994788781101531
34,8,0.40,0.9945385912234859
34,8,0.45,0.9998107404788169
34,8,0.50,0.9991190388904028
34,8,0.55,0.9995308747092844
34,8,0.60,0.5995576357267227
34,8,0.65,0.9993646712432492
34,8,0.70,0.9999611809169995
34,8,0.75,0.9999631643916912
34,8,0.80,0.9999634597410892
34,8,0.85,0.9999378254101137
34,8,0.90,0.9998603064625031
34,8,0.95,0.9999373869724255
34,9,0.05,0.9633050516108809
34,9,0.10,0.9998395038412637
34,9,0.15,0.9937604265779169
34,9,0.20,0.9997604178151287
34,9,0.25,0.9978636660952064
34,9,0.30,0.9999149319945794
34,9,0.35,0.99983276729245
34,9,0.40,0.9998275291226083
34,9,0.45,0.9998336711169934
34,9,0.50,0.9999260845837944
34,9,0.55,0.9999535540967448
34,9,0.60,0.9862012489254236
34,9,0.65,0.999973578844788
34,9,0.70,0.9994720879361229
34,9,0.75,0.9981646922672498
34,9,0.80,0.9999400684220607
34,9,0.85,0.9999483207829891
34,9,0.90,0.9995885208982426
34,9,0.95,0.9999422746493751
35,0,0.05,0.9730910063356581
35,0,0.10,0.9834983866696776
35,0,0.15,0.999158219634748
35,0,0.20,0.9969027198407112
35,0,0.25,0.9970233368399823
35,0,0.30,0.9998718485430664
35,0,0.35,0.9999656928346682
35,0,0.40,0.9995014025066484
35,0,0.45,0.5712716042493866
35,0,0.50,0.6652427382998004
35,0,0.55,0.9967306964818292
35,0,0.60,0.6060491372678964
35,0,0.65,0.9994381215989363
35,0,0.70,0.9999569249750616
35,0,0.75,0.9894643598163173
35,0,0.80,0.999477333373625
35,0,0.85,0.9977895740423165
35,0,0.90,0.999930667695442
35,0,0.95,0.9965886802503977
35,1,0.05,0.7445722851371382
35,1,0.10,0.9930386584895099
35,1,0.15,0.9995920800273909
35,1,0.20,0.9988717551711973
35,1,0.25,0.9994474764485378
35,1,0.30,0.9999510403776063
35,1,0.35,0.9998158067807773
35,1,0.40,0.9999407079416707
35,1,0.45,0.5003278748677333
35,1,0.50,0.9936535770096577
35,1,0.55,0.9998307185948054
35,1,0.60,0.9947540162059179
35,1,0.65,0.999939639761816
35,1,0.70,0.9999228557088636
35,1,0.75,0.9778092413153542
35,1,0.80,0.9958061514270036
35,1,0.85,0.9994532605374186
35,1,0.90,0.9968259178622824
35,1,0.95,0.6039899168625792
35,2,0.05,0.7504030055464501
35,2,0.10,0.9958409046472991
35,2,0.15,0.9980650109424792
35,2,0.20,0.9772719327198967
35,2,0.25,0.9939858291447702
35,2,0.30,0.5376886351135803
35,2,0.35,0.9956585370095872
35,2,0.40,0.9994135118791377
35,2,0.45,0.5692322659977768
35,2,0.50,0.9983464506029763
35,2,0.55,0.9942774096637715
35,2,0.60,0.9992829735916737
35,2,0.65,0.9999574049130341
35,2,0.70,0.9999844102352321
35,2,0.75,0.999317598089132
35,2,0.80,0.9980345809108903
35,2,0.85,0.9977796486486092
35,2,0.90,0.99995009742481
35,2,0.95,0.9998616694919066
35,3,0.05,0.7330472593557817
35,3,0.10,0.9866711149454358
35,3,0.15,0.9965970804016476
35,3,0.20,0.9495244440701623
35,3,0.25,0.9999689480997337
35,3,0.30,0.9694767278733227
35,3,0.35,0.9920326034132236
35,3,0.40,0.9998461395318519
35,3,0.45,0.9987201881105319
35,3,0.50,0.9992470603588135
35,3,0.55,0.9994102223812591
35,3,0.60,0.9999008153116915
35,3,0.65,0.6170878580295626
35,3,0.70,0.9999481823234243
35,3,0.75,0.9999605795070508
35,3,0.80,0.9999247388382416
35,3,0.85,0.9995094452922908
35,3,0.90,0.999921637389067
35,3,0.95,0.9996570010886535
35,4,0.05,0.9544861831808906
35,4,0.10,0.9897718685543216
35,4,0.15,0.9985277704364727
35,4,0.20,0.6998709077307592
35,4,0.25,0.695034856014652
35,4,0.30,0.9992407004636834
35,4,0.35,0.9999301494321703
35,4,0.40,0.9993949134985872
35,4,0.45,0.6130690049401841
35,4,0.50,0.9943215975184373
35,4,0.55,0.9974450112747254
35,4,0.60,0.6012443559502739
35,4,0.65,0.5965970481252083
35,4,0.70,0.9973671310885324
35,4,0.75,0.999884250749655
35,4,0.80,0.9998651762191613
35,4,0.85,0.9998591717184983
35,4,0.90,0.9999728379614939
35,4,0.95,0.9999730065652292
35,5,0.05,0.4497825066538056
35,5,0.10,0.9994733426602193
35,5,0.15,0.9895600404697619
35,5,0.20,0.9987037162517828
35,5,0.25,0.9859042856645295
35,5,0.30,0.999122082869905
35,5,0.35,0.9998975137405806
35,5,0.40,0.9945538871529381
35,5,0.45,0.9993965682297881
35,5,0.50,0.9993394103451455
35,5,0.55,0.6569644437686903
35,5,0.60,0.9994191422150921
35,5,0.65,0.9979507808256591
35,5,0.70,0.9993884701137732
35,5,0.75,0.6584272053972711
35,5,0.80,0.9998987661188554
35,5,0.85,0.9999622758788665
35,5,0.90,0.9998993398508008
35,5,0.95,0.9996277239999256
35,6,0.05,0.8945984230899903
35,6,0.10,0.9995230578292623
35,6,0.15,0.996190237161524
35,6,0.20,0.9981324508713618
35,6,0.25,0.531767461216614
35,6,0.30,0.9908897819357251
35,6,0.35,0.9998633501280547
35,6,0.40,0.9958233064639397
35,6,0.45,0.997002758489868
35,6,0.50,0.9997925103541226
35,6,0.55,0.9976122968936229
35,6,0.60,0.5995243121003064
35,6,0.65,0.9999579125537316
35,6,0.70,0.9992114325440229
35,6,0.75,0.9999466231027844
35,6,0.80,0.9994578278362678
35,6,0.85,0.997334842085137
35,6,0.90,0.9998969195798768
35,6,0.95,0.6471187698238778
35,7,0.05,0.7651703846131622
35,7,0.10,0.9964857362019458
35,7,0.15,0.9987071374336696
35,7,0.20,0.9864031537575284
35,7,0.25,0.9987770754635522
35,7,0.30,0.9997530562214751
35,7,0.35,0.9950461962303713
35,7,0.40,0.9912117229208237
35,7,0.45,0.9992780500423227
35,7,0.50,0.9995347034432994
35,7,0.55,0.6047782328010267
35,7,0.60,0.9907061850584724
35,7,0.65,0.9999146523073787
35,7,0.70,0.9998948220226718
35,7,0.75,0.9755201870105603
35,7,0.80,0.9999595651507782
35,7,0.85,0.9980182732480729
35,7,0.90,0.9999146573655321
35,7,0.95,0.9995514071802044
35,8,0.05,0.8979727895682811
35,8,0.10,0.9770805462769133
35,8,0.15,0.9346104179601805
35,8,0.20,0.998103554320131
35,8,0.25,0.9999088939842112
35,8,0.30,0.9997822804313038
35,8,0.35,0.9852255322298662
35,8,0.40,0.9969296734093933
35,8,0.45,0.9993441858490015
35,8,0.50,0.9997942450347674
35,8,0.55,0.9995604206007197
35,8,0.60,0.9999458995272652
35,8,0.65,0.9966136758981405
35,8,0.70,0.6651741219913946
35,8,0.75,0.9995750883176476
35,8,0.80,0.9999191342212366
35,8,0.85,0.9985283364708437
35,8,0.90,0.9999704948004257
35,8,0.95,0.9999342498761224
35,9,0.05,0.9797076018841339
35,9,0.10,0.9995477371331947
35,9,0.15,0.9986320198648418
35,9,0.20,0.9997440260316762
35,9,0.25,0.9998333680001211
35,9,0.30,0.9996626387156018
35,9,0.35,0.9998466483669736
35,9,0.40,0.999817150793141
35,9,0.45,0.9935322078456974
35,9,0.50,0.6392118849479865
35,9,0.55,0.6979852898035186
35,9,0.60,0.9935512335650586
35,9,0.65,0.6926953701975271
35,9,0.70,0.9998573505690126
35,9,0.75,0.9999032961024741
35,9,0.80,0.9992150766443564
35,9,0.85,0.9999164817088801
35,9,0.90,0.9999322750701051
35,9,0.95,0.9998457231824627
36,0,0.05,0.2976866095944529
36,0,0.10,0.9973200357063972
36,0,0.15,0.9913598637599677
36,0,0.20,0.9982588445674199
36,0,0.25,0.9998210543457081
36,0,0.30,0.9960968939373971
36,0,0.35,0.9999611258364745
36,0,0.40,0.9995686402890104
36,0,0.45,0.9917694335135964
36,0,0.50,0.6075523366922919
36,0,0.55,0.5631139636178786
36,0,0.60,0.9994182256693324
36,0,0.65,0.9998589415877569
36,0,0.70,0.9999559412390199
36,0,0.75,0.9994098688547903
36,0,0.80,0.9944883478434672
36,0,0.85,0.9959597667891904
36,0,0.90,0.9974668472741575
36,0,0.95,0.9999481611666339
36,1,0.05,0.8495918321955944
36,1,0.10,0.9827568920227892
36,1,0.15,0.9940385470602184
36,1,0.20,-1.9384305741227466
36,1,0.25,0.9934456951491528
36,1,0.30,0.9998232504950044
36,1,0.35,0.5402980780740607
36,1,0.40,0.9923351757697553
36,1,0.45,0.9998498320717796
36,1,0.50,0.9966725712217553
36,1,0.55,0.9951757360380413
36,1,0.60,0.5941353748968028
36,1,0.65,0.999973317688819
36,1,0.70,0.9956786733851681
36,1,0.75,0.9999634396595706
36,1,0.80,0.9999647231022742
36,1,0.85,0.999655315377028
36,1,0.90,0.9951466296587651
36,1,0.95,0.9933943627747066
36,2,0.05,0.4261857394462938
36,2,0.10,0.4550272425192672
36,2,0.15,0.9952335601596709
36,2,0.20,0.9905710175942186
36,2,0.25,0.5006347062515102
36,2,0.30,0.999245128641125
36,2,0.35,0.9932551048740627
36,2,0.40,0.5046125366259486
36,2,0.45,0.9947013166443983
36,2,0.50,0.6686807418850904
36,2,0.55,0.9802183511996355
36,2,0.60,0.9999696906108926
36,2,0.65,0.9999107031848657
36,2,0.70,0.9933155355238823
36,2,0.75,0.5910038009608205
36,2,0.80,0.9999503067158563
36,2,0.85,0.9999661971463374
36,2,0.90,0.9992221348260361
36,2,0.95,0.9998131180818749
36,3,0.05,0.9118799433372902
36,3,0.10,0.9591972960431319
36,3,0.15,0.12560434034776125
36,3,0.20,0.9998389697663315
36,3,0.25,0.999914552823043
36,3,0.30,0.997829646110655
36,3,0.35,0.9976409635392928
36,3,0.40,0.9996670824626578
36,3,0.45,0.9856098061445129
36,3,0.50,0.5816907586086515
36,3,0.55,0.9948379852368218
36,3,0.60,0.9999690705587089
36,3,0.65,0.9993509931059905
36,3,0.70,0.9957952314773715
36,3,0.75,0.9999672282104176
36,3,0.80,0.9995689544787267
36,3,0.85,0.9994558413955128
36,3,0.90,0.9996795523146383
36,3,0.95,0.9999518685947288
36,4,0.05,-17.793704972547182
36,4,0.10,0.9940850538781639
36,4,0.15,0.9989204775530771
36,4,0.20,0.9716293225332672
36,4,0.25,0.9687611309977026
36,4,0.30,0.9866741811314792
36,4,0.35,0.9809961659599193
36,4,0.40,0.9998985314055032
36,4,0.45,0.9818475022358598
36,4,0.50,0.9999237049139746
36,4,0.55,0.9990630939479721
36,4,0.60,0.9999350527233268
36,4,0.65,0.9877751643275473
36,4,0.70,0.648205213364948
36,4,0.75,0.6937705860672599
36,4,0.80,0.9989762562573178
36,4,0.85,0.9997804006861997
36,4,0.90,0.9999435308643655
36,4,0.95,0.995641663998978
36,5,0.05,-1.0625894941596572
36,5,0.10,0.9852551479581736
36,5,0.15,0.9904857049534261
36,5,0.20,0.9998616450118544
36,5,0.25,0.9827749491497467
36,5,0.30,0.9999023957857941
36,5,0.35,0.9970200826420816
36,5,0.40,0.6178777704963282
36,5,0.45,0.9991067257627632
36,5,0.50,0.6876228885492393
36,5,0.55,0.6294838347983337
36,5,0.60,0.9997762512544631
36,5,0.65,0.9994374177453291
36,5,0.70,0.5668772063763531
36,5,0.75,0.9995009345863857
36,5,0.80,0.9998861198935877
36,5,0.85,0.9995355836802681
36,5,0.90,0.9999373844963446
36,5,0.95,0.9992472773792956
36,6,0.05,0.8239313739481349
36,6,0.10,0.9978325462297959
36,6,0.15,0.9996694721573437
36,6,0.20,0.9977291342020806
36,6,0.25,0.5204870991885535
36,6,0.30,0.9999006778932563
36,6,0.35,0.6441430051431802
36,6,0.40,0.5700537768131243
36,6,0.45,0.9948136587627466
36,6,0.50,0.9857759528161049
36,6,0.55,0.5237304688725837
36,6,0.60,0.9995703424949989
36,6,0.65,0.9999740640404401
36,6,0.70,0.9999239249796041
36,6,0.75,0.6118767381042758
36,6,0.80,0.9949864595145226
36,6,0.85,0.999972202481757
36,6,0.90,0.9994231476700627
36,6,0.95,0.9957271851156461
36,7,0.05,0.5626659708685517
36,7,0.10,0.9689880729052092
36,7,0.15,0.9849132500949949
36,7,0.20,0.9948985721408201
36,7,0.25,0.9995761593133128
36,7,0.30,0.999216307215493
36,7,0.35,0.6267185874877237
36,7,0.40,0.9928972803595701
36,7,0.45,0.59053709337147
36,7,0.50,0.9945126445540334
36,7,0.55,0.6634493358887978
36,7,0.60,0.9981178007487136
36,7,0.65,0.9989311801349412
36,7,0.70,0.9976825892558527
36,7,0.75,0.999315297997248
36,7,0.80,0.9999401147758563
36,7,0.85,0.9998998086551334
36,7,0.90,0.994425898993783
36,7,0.95,0.9996069185836801
36,8,0.05,0.9344283114833818
36,8,0.10,0.9986266426652317
36,8,0.15,0.6077851196372026
36,8,0.20,0.9868625915282236
36,8,0.25,0.9996373636273518
36,8,0.30,0.9997397509217448
36,8,0.35,0.9950669905599455
36,8,0.40,0.9986880274795306
36,8,0.45,0.6033500555031336
36,8,0.50,0.9945363973302079
36,8,0.55,0.9993946296104106
36,8,0.60,0.9994276058004858
36,8,0.65,0.9994722596347551
36,8,0.70,0.999975460995155
36,8,0.75,0.9954299656160993
36,8,0.80,0.999765159518326
36,8,0.85,0.999980233974055
36,8,0.90,0.9999663554806258
36,8,0.95,0.9999656621508941
36,9,0.05,0.63222213428196
36,9,0.10,0.9719701030611924
36,9,0.15,0.983290137160418
36,9,0.20,0.5486965549310217
36,9,0.25,0.9878786743117667
36,9,0.30,0.5689846549761174
36,9,0.35,0.9991670413139163
36,9,0.40,0.9998556865245912
36,9,0.45,0.9951394337923053
36,9,0.50,0.9999364290347312
36,9,0.55,0.5937354904675972
36,9,0.60,0.9998439903837705
36,9,0.65,0.9999254604144556
36,9,0.70,0.9991091199524715
36,9,0.75,0.9998748007969559
36,9,0.80,0.9993186308967066
36,9,0.85,0.9952995196175723
36,9,0.90,0.9999750613031657
36,9,0.95,0.9945058405465051
37,0,0.05,0.5156365889669301
37,0,0.10,0.9770305155719119
37,0,0.15,0.9745420640616463
37,0,0.20,0.998988867324435
37,0,0.25,0.5577369951299471
37,0,0.30,0.9996145687569783
37,0,0.35,0.9931171392838669
37,0,0.40,0.9999175335265345
37,0,0.45,0.9999665614549899
37,0,0.50,0.99886920895572
37,0,0.55,0.9997502216630851
37,0,0.60,0.9993395836773548
37,0,0.65,0.9999570518177501
37,0,0.70,0.9999553724781498
37,0,0.75,0.9969521584716081
37,0,0.80,0.9992018887895121
37,0,0.85,0.9998205163098473
37,0,0.90,0.9999431895080976
37,0,0.95,0.9961231784181688
37,1,0.05,0.9273508187720491
37,1,0.10,0.5639761590270613
37,1,0.15,0.9995166722083281
37,1,0.20,0.9977023268484175
37,1,0.25,0.9997923175113631
37,1,0.30,0.9998834306215488
37,1,0.35,0.9998654158070841
37,1,0.40,0.9881927042392503
37,1,0.45,0.9840829822252233
37,1,0.50,0.9999125684339636
37,1,0.55,0.9998262146625839
37,1,0.60,0.9998951760634802
37,1,0.65,0.9964475980341279
37,1,0.70,0.9935669821603494
37,1,0.75,0.996890381799495
37,1,0.80,0.9997709368670857
37,1,0.85,0.9999151339986612
37,1,0.90,0.6545955180919605
37,1,0.95,0.9960845800014172
37,2,0.05,0.36736068054972004
37,2,0.10,0.9910083615529551
37,2,0.15,0.6160318968937548
37,2,0.20,0.9997677805096142
37,2,0.25,0.9979163182911355
37,2,0.30,0.9998999029570378
37,2,0.35,0.996639163198362
37,2,0.40,0.9898207103620695
37,2,0.45,0.9993572397362065
37,2,0.50,0.9994254582245071
37,2,0.55,0.9998642751468392
37,2,0.60,0.9991867794220448
37,2,0.65,0.9999362473566105
37,2,0.70,0.9999620784470209
37,2,0.75,0.9955727194766804
37,2,0.80,0.9996312758399276
37,2,0.85,0.9999700515928125
37,2,0.90,0.9999163179958351
37,2,0.95,0.9999627939810237
37,3,0.05,0.45632604579623137
37,3,0.10,0.984535013636255
37,3,0.15,0.9769674852081527
37,3,0.20,0.9996626176069534
37,3,0.25,0.9978804074306036
37,3,0.30,0.9930082740240374
37,3,0.35,0.7242967327496141
37,3,0.40,0.9992896032939417
37,3,0.45,0.9979899387378559
37,3,0.50,0.9999521343869084
37,3,0.55,0.9993352069788857
37,3,0.60,0.9985523161282952
37,3,0.65,0.9997803091978447
37,3,0.70,0.999718346888463
37,3,0.75,0.9949707469954864
37,3,0.80,0.9997032929391365
37,3,0.85,0.9999668474500886
37,3,0.90,0.9992394238200308
37,3,0.95,0.9992047026541349
37,4,0.05,0.8075656764509449
37,4,0.10,0.8351122142102707
37,4,0.15,0.9873547893588214
37,4,0.20,0.9782555523307436
37,4,0.25,0.9997887952410126
37,4,0.30,0.9965168536324897
37,4,0.35,0.9999670539098661
37,4,0.40,0.9850303055732058
37,4,0.45,0.9995952023102008
37,4,0.50,0.9998286953128899
37,4,0.55,0.9998906783769451
37,4,0.60,0.999917627028187
37,4,0.65,0.9991929657800578
37,4,0.70,0.9994065655580106
37,4,0.75,0.9998829553426984
37,4,0.80,0.9982655312406615
37,4,0.85,0.9999135125965897
37,4,0.90,0.9999494823363434
37,4,0.95,0.9998686673977023
37,5,0.05,0.9823996536907226
37,5,0.10,0.9952604804508077
37,5,0.15,0.9993591475466117
37,5,0.20,0.989370595199244
37,5,0.25,0.999942663705938
37,5,0.30,0.997062535958033
37,5,0.35,0.6330677315945364
37,5,0.40,0.9999226050330162
37,5,0.45,0.999958413300883
37,5,0.50,0.9982464035023559
37,5,0.55,0.6044674356143742
37,5,0.60,0.9998967459405885
37,5,0.65,0.9992963392384993
37,5,0.70,0.9972576081237527
37,5,0.75,0.9946335156703442
37,5,0.80,0.9746709453216991
37,5,0.85,0.9996409629495667
37,5,0.90,0.9999630973013484
37,5,0.95,0.9945379101296896
37,6,0.05,0.977805112946419
37,6,0.10,0.9878978350434537
37,6,0.15,0.9890548501395536
37,6,0.20,0.999644080070887
37,6,0.25,0.9998349802346624
37,6,0.30,0.9989941112130297
37,6,0.35,0.9998170165196986
37,6,0.40,0.9998396378953408
37,6,0.45,0.9993385492009469
37,6,0.50,0.9999733651633689
37,6,0.55,0.9996818935290497
37,6,0.60,0.9998490871742326
37,6,0.65,0.9947006181067177
37,6,0.70,0.98773136864153
37,6,0.75,0.9961638525274173
37,6,0.80,0.9999618569661408
37,6,0.85,0.999937485810602
37,6,0.90,0.9952272716493402
37,6,0.95,0.9999510244778157
37,7,0.05,-0.056900749537023065
37,7,0.10,0.9934432982104547
37,7,0.15,0.994252761300589
37,7,0.20,0.9976219629290455
37,7,0.25,0.9987781489201357
37,7,0.30,0.9977827898028798
37,7,0.35,0.9999166497947831
37,7,0.40,0.9990707888754561
37,7,0.45,0.999940555215859
37,7,0.50,0.999479379513087
37,7,0.55,0.9999649323061872
37,7,0.60,0.9990933407810795
37,7,0.65,0.6125819991304159
37,7,0.70,0.9999176720994644
37,7,0.75,0.9998846704630097
37,7,0.80,0.9998381486822695
37,7,0.85,0.9993139736211112
37,7,0.90,0.9999611343965275
37,7,0.95,0.9999586260073096
37,8,0.05,0.1280963913270856
37,8,0.10,0.9997805528790655
37,8,0.15,0.9997711486799787
37,8,0.20,0.9956919107398166
37,8,0.25,0.9999643219362783
37,8,0.30,0.9980456441059196
37,8,0.35,0.9980863781979489
37,8,0.40,0.997907286056954
37,8,0.45,0.9999215953772589
37,8,0.50,0.9945234053408928
37,8,0.55,0.9995559842515783
37,8,0.60,0.999947227718771
37,8,0.65,0.9942620104223956
37,8,0.70,0.9999137571869906
37,8,0.75,0.9847559374945087
37,8,0.80,0.9999436740086742
37,8,0.85,0.9999464974651014
37,8,0.90,0.9993312585388664
37,8,0.95,0.9999487995555542
37,9,0.05,0.37343023995114033
37,9,0.10,0.9690200164915297
37,9,0.15,0.9953593699250033
37,9,0.20,0.9997988555239999
37,9,0.25,0.999119961019859
37,9,0.30,0.9996648889827243
37,9,0.35,0.9991416731589673
37,9,0.40,0.9998800254389805
37,9,0.45,0.5923825857410095
37,9,0.50,0.9984974959808199
37,9,0.55,0.9992624107520538
37,9,0.60,0.9883655229511847
37,9,0.65,0.9993129940089005
37,9,0.70,0.9994787875451638
37,9,0.75,0.999004119625374
37,9,0.80,0.9996885542149201
37,9,0.85,0.9998387989932718
37,9,0.90,0.9999466398021781
37,9,0.95,0.9993103931866358
38,0,0.05,0.9935650683853993
38,0,0.10,0.4329159528986971
38,0,0.15,0.996760889709347
38,0,0.20,0.9983583848001649
38,0,0.25,0.9990101667483077
38,0,0.30,0.9999553880118839
38,0,0.35,0.9998373397588193
38,0,0.40,0.9975726261355755
38,0,0.45,0.9943249206250823
38,0,0.50,0.9994122767349007
38,0,0.55,0.9998470307023197
38,0,0.60,0.9982477602079082
38,0,0.65,0.9999354556335884
38,0,0.70,0.9997166756773715
38,0,0.75,0.9999645735101361
38,0,0.80,0.9999724152100788
38,0,0.85,0.6091712199971182
38,0,0.90,0.9999237961296636
38,0,0.95,0.9998635541904768
38,1,0.05,0.9224990723564459
38,1,0.10,0.9982140746499873
38,1,0.15,0.9966872294333785
38,1,0.20,0.9997540854126017
38,1,0.25,0.9967463905874291
38,1,0.30,0.999060282593337
38,1,0.35,0.9999689397731047
38,1,0.40,0.9999628857174573
38,1,0.45,0.997221303070689
38,1,0.50,0.9998769130441039
38,1,0.55,0.9998983332216015
38,1,0.60,0.9994427240209205
38,1,0.65,0.9948880830687541
38,1,0.70,0.9998121827866703
38,1,0.75,0.9932851195697965
38,1,0.80,0.9998813650664673
38,1,0.85,0.9999673850898577
38,1,0.90,0.9994029067346374
38,1,0.95,0.9999638153969416
38,2,0.05,-0.8409553389469582
38,2,0.10,0.9112208625570248
38,2,0.15,0.9968352377735482
38,2,0.20,0.9624261963638518
38,2,0.25,0.998627243045172
38,2,0.30,0.9998911465385263
38,2,0.35,0.9999396839235349
38,2,0.40,0.9999100539654489
38,2,0.45,0.9998665220887442
38,2,0.50,0.9999329460434141
38,2,0.55,0.9999769547886129
38,2,0.60,0.9982393574383807
38,2,0.65,0.654260634786976
38,2,0.70,0.999906614645803
38,2,0.75,0.9961495990505816
38,2,0.80,0.9957828092636972
38,2,0.85,0.6683485547472587
38,2,0.90,0.6628186508973768
38,2,0.95,0.999967623844229
38,3,0.05,0.658702362970154
38,3,0.10,0.9954300636256059
38,3,0.15,0.9987337671698632
38,3,0.20,0.9887913847652472
38,3,0.25,0.9998333709760762
38,3,0.30,0.9999132769100232
38,3,0.35,0.9999788601973185
38,3,0.40,0.9999742933229611
38,3,0.45,0.9999151607761014
38,3,0.50,0.9999486270464515
38,3,0.55,0.9790636005196387
38,3,0.60,0.999235719445879
38,3,0.65,0.5551028399456146
38,3,0.70,0.5940840384986049
38,3,0.75,0.9898448073381522
38,3,0.80,0.9997689663312876
38,3,0.85,0.9998990643417646
38,3,0.90,0.9998982661649559
38,3,0.95,0.9999566073722399
38,4,0.05,0.8944015297598448
38,4,0.10,0.871149318664834
38,4,0.15,0.9905154867098925
38,4,0.20,0.9978574691530632
38,4,0.25,0.9997153092848828
38,4,0.30,0.9995720735650171
38,4,0.35,0.99992523906433
38,4,0.40,0.9997975118901336
38,4,0.45,0.9999604003602321
38,4,0.50,0.9990479990424767
38,4,0.55,0.9971940318094279
38,4,0.60,0.999752986191661
38,4,0.65,0.9957063946080635
38,4,0.70,0.9992437258843284
38,4,0.75,0.9999475051344571
38,4,0.80,0.9999246686504475
38,4,0.85,0.9992582932656493
38,4,0.90,0.9959330284316315
38,4,0.95,0.999485122897454
38,5,0.05,0.5783479561747973
38,5,0.10,0.9987039995176256
38,5,0.15,0.9972745316484526
38,5,0.20,0.9978128732123484
38,5,0.25,0.9998776853172717
38,5,0.30,0.9997311310248317
38,5,0.35,0.9998831999521035
38,5,0.40,0.9995630893271189
38,5,0.45,0.9999343123170639
38,5,0.50,0.9996743960433679
38,5,0.55,0.9999656094262974
38,5,0.60,0.9999394995566381
38,5,0.65,0.9953304659866244
38,5,0.70,0.999386325006762
38,5,0.75,0.9956055711863873
38,5,0.80,0.9914880770243669
38,5,0.85,0.9995791531368505
38,5,0.90,0.999935611342387
38,5,0.95,0.9926584908956344
38,6,0.05,0.9252950574087643
38,6,0.10,0.9747916403177956
38,6,0.15,0.9984995991322019
38,6,0.20,0.999501443294721
38,6,0.25,0.9964943015956145
38,6,0.30,0.9951835439158864
38,6,0.35,0.9999615815507489
38,6,0.40,0.9999543762156733
38,6,0.45,0.9993519770674245
38,6,0.50,0.9999542392624078
38,6,0.55,0.999954288436364
38,6,0.60,0.999660614558706
38,6,0.65,0.998710025675915
38,6,0.70,0.9999061366624882
38,6,0.75,0.9999588422725871
38,6,0.80,0.9993791411824576
38,6,0.85,0.5961367079790441
38,6,0.90,0.9999334140518815
38,6,0.95,0.9985137130695938
38,7,0.05,0.48157167882592833
38,7,0.10,0.9939091584713866
38,7,0.15,0.9998128057705816
38,7,0.20,0.990879694143678
38,7,0.25,0.997998793881398
38,7,0.30,0.9998248521396687
38,7,0.35,0.9998020649123525
38,7,0.40,0.9993140634879416
38,7,0.45,0.9998625489685974
38,7,0.50,0.9999745435307457
38,7,0.55,0.9999636033361642
38,7,0.60,0.9991872909487002
38,7,0.65,0.9949365035929476
38,7,0.70,0.999807316175325
38,7,0.75,0.999494203722804
38,7,0.80,0.9994432290206774
38,7,0.85,0.9999031964306279
38,7,0.90,0.662973158852749
38,7,0.95,0.9994796386439878
38,8,0.05,0.6566863122438178
38,8,0.10,0.9697141680602237
38,8,0.15,0.9949854089960687
38,8,0.20,0.9996863720339189
38,8,0.25,0.9994473779657427
38,8,0.30,0.999770098350055
38,8,0.35,0.9999033063983087
38,8,0.40,0.9996701778907237
38,8,0.45,0.9999736961378889
38,8,0.50,0.9968051532373908
38,8,0.55,0.9988789620422428
38,8,0.60,0.9860572527466649
38,8,0.65,0.9997826624759462
38,8,0.70,0.9995957440626339
38,8,0.75,0.9900717270478046
38,8,0.80,0.9997824833784242
38,8,0.85,0.9998983081012816
38,8,0.90,0.9982884498872582
38,8,0.95,0.9884639991160499
38,9,0.05,0.9945419572797501
38,9,0.10,0.9991579222505621
38,9,0.15,0.994337095425102
38,9,0.20,0.999670348946023
38,9,0.25,0.999737054442443
38,9,0.30,0.9999120809355081
38,9,0.35,0.9993785632139806
38,9,0.40,0.9978124013274579
38,9,0.45,0.996461541826722
38,9,0.50,0.997559381512263
38,9,0.55,0.9995561067263173
38,9,0.60,0.9987092405234586
38,9,0.65,0.9983775327190286
38,9,0.70,0.9992269348436442
38,9,0.75,0.9999421816506233
38,9,0.80,0.9953408217465578
38,9,0.85,0.599158101374163
38,9,0.90,0.9998850875143562
38,9,0.95,0.9978634072096344
39,0,0.05,-5.91190831287688
39,0,0.10,0.2727040583073611
39,0,0.15,0.9981932050812997
39,0,0.20,0.9978691131208434
39,0,0.25,0.9999566855399303
39,0,0.30,0.687702910972602
39,0,0.35,0.9987658383277385
39,0,0.40,0.9996125092709901
39,0,0.45,0.9999220350460906
39,0,0.50,0.9996600766126079
39,0,0.55,0.9997450434011174
39,0,0.60,0.9949931393509828
39,0,0.65,0.9999662043712766
39,0,0.70,0.9989243225738692
39,0,0.75,0.9999452637997064
39,0,0.80,0.9999599871499621
39,0,0.85,0.9992669248478698
39,0,0.90,0.9999227247965824
39,0,0.95,0.9999182495062451
39,1,0.05,0.6156455773130995
39,1,0.10,0.9995362769972129
39,1,0.15,0.9925862568573595
39,1,0.20,0.9995277763432331
39,1,0.25,0.9958575469626308
39,1,0.30,0.9999638089363763
39,1,0.35,0.9981455338925287
39,1,0.40,0.9997584800880405
39,1,0.45,0.9999205241233144
39,1,0.50,0.9999458053739968
39,1,0.55,0.9998766924817266
39,1,0.60,0.9867712925566556
39,1,0.65,0.9998525635732303
39,1,0.70,0.9926974710048437
39,1,0.75,0.9992217752849764
39,1,0.80,0.9996452953553681
39,1,0.85,0.9999344353857267
39,1,0.90,0.9999009622969763
39,1,0.95,0.9999497084676531
39,2,0.05,0.8968210764096334
39,2,0.10,0.9912478611368343
39,2,0.15,0.9999156711329346
39,2,0.20,0.5218786450157239
39,2,0.25,0.9989602363500304
39,2,0.30,0.9999126089449403
39,2,0.35,0.9996920988488773
39,2,0.40,0.9986601254800105
39,2,0.45,0.9997872276372657
39,2,0.50,0.995246713980052
39,2,0.55,0.9999169135200192
39,2,0.60,0.9999031941837166
39,2,0.65,0.9994665919032776
39,2,0.70,0.6337821587908363
39,2,0.75,0.9999466304191708
39,2,0.80,0.9989620271803721
39,2,0.85,0.9973156563176397
39,2,0.90,0.9999522605958758
39,2,0.95,0.999562984898201
39,3,0.05,-0.44042168745803334
39,3,0.10,0.9978011960923664
39,3,0.15,0.99243637050238
39,3,0.20,0.6463533495739842
39,3,0.25,0.9999486494796648
39,3,0.30,0.9999434335849118
39,3,0.35,0.999923632562149
39,3,0.40,0.9984489197609862
39,3,0.45,0.9996603848654302
39,3,0.50,0.994542127958634
39,3,0.55,0.6588767884006379
39,3,0.60,0.9992665013020419
39,3,0.65,0.9980319673022605
39,3,0.70,0.9909660766308572
39,3,0.75,0.9994357283631107
39,3,0.80,0.9999648242589234
39,3,0.85,0.9995747115356097
39,3,0.90,0.9999574235547509
39,3,0.95,0.9999674989028867
39,4,0.05,-1.2629846617022888
39,4,0.10,0.9015896615836705
39,4,0.15,0.9991785333484692
39,4,0.20,0.9997952782708246
39,4,0.25,0.9999475844524713
39,4,0.30,0.9996992564163256
39,4,0.35,0.9953377582650913
39,4,0.40,0.6153844718667503
39,4,0.45,0.9998979618637405
39,4,0.50,0.9982091498943966
39,4,0.55,0.9888327796044527
39,4,0.60,0.9998377887004152
39,4,0.65,0.6322260649860343
39,4,0.70,0.9998665179482314
39,4,0.75,0.9995968524191413
39,4,0.80,0.9999623576015694
39,4,0.85,0.9973739380005573
39,4,0.90,0.9998655626705358
39,4,0.95,0.9946699351950166
39,5,0.05,0.8001664629738579
39,5,0.10,0.9503650313314362
39,5,0.15,0.9896742393079603
39,5,0.20,0.9962459566235533
39,5,0.25,0.9998862353152645
39,5,0.30,0.9996730279673669
39,5,0.35,0.9992640857567381
39,5,0.40,0.579663665537667
39,5,0.45,0.9998143588860045
39,5,0.50,0.6508279975015122
39,5,0.55,0.9999252010373549
39,5,0.60,0.9994089093542005
39,5,0.65,0.9997157678954395
39,5,0.70,0.9998864835537905
39,5,0.75,0.9999666067111561
39,5,0.80,0.9999479748901379
39,5,0.85,0.9969183895320184
39,5,0.90,0.9999460377466675
39,5,0.95,0.9995592683984543
39,6,0.05,0.4216402056356757
39,6,0.10,0.9455114582571986
39,6,0.15,0.9996037985777122
39,6,0.20,0.9815961394155722
39,6,0.25,0.9981169229799693
39,6,0.30,0.9992472144533708
39,6,0.35,0.647229417818797
39,6,0.40,0.9991887115936271
39,6,0.45,0.996706770356744
39,6,0.50,0.9944816923260358
39,6,0.55,0.9998420982670952
39,6,0.60,0.9995531931766723
39,6,0.65,0.6801514717625163
39,6,0.70,0.6355019638117189
39,6,0.75,0.9999524971000228
39,6,0.80,0.9993983228217123
39,6,0.85,0.9975600844649068
39,6,0.90,0.9998856869539192
39,6,0.95,0.9958309151405597
39,7,0.05,0.9527852271477109
39,7,0.10,0.5436430933167329
39,7,0.15,0.9934371598236643
39,7,0.20,0.9899828443806009
39,7,0.25,0.9997909637325938
39,7,0.30,0.9992483468526948
39,7,0.35,0.9996988054958952
39,7,0.40,0.9949781471650481
39,7,0.45,0.9957297753743336
39,7,0.50,0.5244168913062337
39,7,0.55,0.990521459017833
39,7,0.60,0.9999648378549604
39,7,0.65,0.9922913142151942
39,7,0.70,0.9855476298453579
39,7,0.75,0.9999776219268595
39,7,0.80,0.9999603494395585
39,7,0.85,0.9999588926110049
39,7,0.90,0.9999053617377075
39,7,0.95,0.6488739707191267
39,8,0.05,-4.2352475599154396
39,8,0.10,0.9412142132470771
39,8,0.15,0.999465282115525
39,8,0.20,0.9993037143393929
39,8,0.25,0.999948845914645
39,8,0.30,0.9999066170176046
39,8,0.35,0.9994301377938265
39,8,0.40,0.9979674170852628
39,8,0.45,0.9959804711355671
39,8,0.50,0.6542853001238349
39,8,0.55,0.5277913887572212
39,8,0.60,0.9955269057369718
39,8,0.65,0.5622681101343536
39,8,0.70,0.9964068796399099
39,8,0.75,0.9998992090273395
39,8,0.80,0.9999685564669567
39,8,0.85,0.9993591475118989
39,8,0.90,0.999976144017204
39,8,0.95,0.9981057906824848
39,9,0.05,0.9188966033025321
39,9,0.10,0.9914805963469409
39,9,0.15,0.6610933910015266
39,9,0.20,0.9988193148282702
39,9,0.25,0.9893536275916829
39,9,0.30,0.9999113516967644
39,9,0.35,0.9982964410959716
39,9,0.40,0.9995473583496282
39,9,0.45,0.9998679421376974
39,9,0.50,0.9862617733198668
39,9,0.55,0.9954109565742343
39,9,0.60,0.9951291711105636
39,9,0.65,0.9962498243124639
39,9,0.70,0.9996840816122756
39,9,0.75,0.9996142975011156
39,9,0.80,0.9998198784769313
39,9,0.85,0.9999527272354116
39,9,0.90,0.9998206018708642
39,9,0.95,0.9999090648927341
40,0,0.05,0.8980553186143796
40,0,0.10,0.9526210189202577
40,0,0.15,0.9918798619229262
40,0,0.20,0.994994554298058
40,0,0.25,0.9994073116421065
40,0,0.30,0.9993684437922156
40,0,0.35,0.994827498279094
40,0,0.40,0.9994083179323753
40,0,0.45,0.995553700309513
40,0,0.50,0.993712633984275
40,0,0.55,0.9999146135514306
40,0,0.60,0.9993584835098314
40,0,0.65,0.9931711882139075
40,0,0.70,0.9994712556080617
40,0,0.75,0.9999517215693022
40,0,0.80,0.9999676388842312
40,0,0.85,0.9997636988527726
40,0,0.90,0.9999577205339847
40,0,0.95,0.9999238556223713
40,1,0.05,0.9212606291027057
40,1,0.10,0.9794834118302022
40,1,0.15,0.986012784689262
40,1,0.20,0.9999351982705623
40,1,0.25,0.9898325324685291
40,1,0.30,0.9993475557237611
40,1,0.35,0.9999397604499661
40,1,0.40,0.9999338122812796
40,1,0.45,0.9996482498182176
40,1,0.50,0.999928703049237
40,1,0.55,0.9999254893789521
40,1,0.60,0.9999041630400994
40,1,0.65,0.9974650233674419
40,1,0.70,0.9879140319811734
40,1,0.75,0.9993841731307344
40,1,0.80,0.9999537566502272
40,1,0.85,0.6104574701739538
40,1,0.90,0.9995304944476928
40,1,0.95,0.9996167867171751
40,2,0.05,0.900190897043875
40,2,0.10,0.9785969937880917
40,2,0.15,0.9857180404180339
40,2,0.20,0.997126402372794
40,2,0.25,0.999799238172489
40,2,0.30,0.9998089482250851
40,2,0.35,0.9949003338686998
40,2,0.40,0.9849309241077655
40,2,0.45,0.9998277757360455
40,2,0.50,0.9998906398960568
40,2,0.55,0.9993772810518586
40,2,0.60,0.9954186677122123
40,2,0.65,0.9999237363295788
40,2,0.70,0.9938686094601543
40,2,0.75,0.9999411222841429
40,2,0.80,0.9996721235705501
40,2,0.85,0.9945931552731538
40,2,0.90,0.9996161405523585
40,2,0.95,0.9947652570886102
40,3,0.05,0.9901778540858388
40,3,0.10,0.9116372098843638
40,3,0.15,0.9998604466182985
40,3,0.20,0.9983450696206506
40,3,0.25,0.9859451924978777
40,3,0.30,0.6458887968265306
40,3,0.35,0.59616611916376
40,3,0.40,0.9998675226433197
40,3,0.45,0.9920311142184877
40,3,0.50,0.9998809304656521
40,3,0.55,0.9998032471587003
40,3,0.60,0.9999610200373598
40,3,0.65,0.9997088356218188
40,3,0.70,0.9999180186568357
40,3,0.75,0.9999711111254682
40,3,0.80,0.9997974311187003
40,3,0.85,0.9999662827054205
40,3,0.90,0.9999674376811158
40,3,0.95,0.9969007973560817
40,4,0.05,0.9573983205930825
40,4,0.10,0.9059399557508581
40,4,0.15,0.9943741354999908
40,4,0.20,0.9981775088421967
40,4,0.25,0.999479038547831
40,4,0.30,0.9999409916082079
40,4,0.35,0.9785254860411972
40,4,0.40,0.9997566018209532
40,4,0.45,0.9998186536282505
40,4,0.50,0.9951758583739898
40,4,0.55,0.9998582814532962
40,4,0.60,0.9999190506205154
40,4,0.65,0.9998122099626863
40,4,0.70,0.995590983278884
40,4,0.75,0.9996163126528436
40,4,0.80,0.9994962476093
40,4,0.85,0.9999488895975482
40,4,0.90,0.9999435148560953
40,4,0.95,0.9988436091958468
40,5,0.05,0.8632672688236244
40,5,0.10,0.9950900255499995
40,5,0.15,0.9805278174090697
40,5,0.20,0.9996314622926022
40,5,0.25,0.9972387099458675
40,5,0.30,0.9998510848557332
40,5,0.35,0.9998339653347905
40,5,0.40,0.9917362636416825
40,5,0.45,0.9960899274763871
40,5,0.50,0.9998388749624477
40,5,0.55,0.9999248271192662
40,5,0.60,0.9999387984458592
40,5,0.65,0.9980916462254383
40,5,0.70,0.9957215720442651
40,5,0.75,0.9942041888841346
40,5,0.80,0.9998866375481215
40,5,0.85,0.9702540213206301
40,5,0.90,0.999945463668375
40,5,0.95,0.9994472551722955
40,6,0.05,0.9065165750069186
40,6,0.10,0.9877975273334805
40,6,0.15,0.9971067024294439
40,6,0.20,0.9924020131825019
40,6,0.25,0.9951580851157443
40,6,0.30,0.9880462594163941
40,6,0.35,0.9820539641848668
40,6,0.40,0.9996880149923615
40,6,0.45,0.9975919164883819
40,6,0.50,0.9997094712265833
40,6,0.55,0.9990763340147019
40,6,0.60,0.9999385212045261
40,6,0.65,0.999903923097959
40,6,0.70,0.9995660935250797
40,6,0.75,0.9999373793726141
40,6,0.80,0.9996686343116417
40,6,0.85,0.9995128097875555
40,6,0.90,0.9961443879387976
40,6,0.95,0.9951849948613087
40,7,0.05,0.9776594734621001
40,7,0.10,0.9949014575301967
40,7,0.15,0.9673844407052132
40,7,0.20,0.9995931471744737
40,7,0.25,0.9998079885289582
40,7,0.30,0.9863791293443062
40,7,0.35,0.9926032742536257
40,7,0.40,0.9987940148472009
40,7,0.45,0.9692576641193712
40,7,0.50,0.9999501023981447
40,7,0.55,0.9998705667586878
40,7,0.60,0.9998196393371805
40,7,0.65,0.9983468317972282
40,7,0.70,0.9995209411800019
40,7,0.75,0.9996839251984853
40,7,0.80,0.9999792981150801
40,7,0.85,0.9999013533258717
40,7,0.90,0.9993402128783218
40,7,0.95,0.9998519402632609
40,8,0.05,0.9651009420385617
40,8,0.10,0.9680667822249945
40,8,0.15,0.9956326163970509
40,8,0.20,0.9986650039471154
40,8,0.25,0.9784325207157752
40,8,0.30,0.6141772002145349
40,8,0.35,0.9998503727851543
40,8,0.40,0.9998789469302856
40,8,0.45,0.9999615755683856
40,8,0.50,0.9998896363138596
40,8,0.55,0.999911376939519
40,8,0.60,0.9931277195863192
40,8,0.65,0.9998358847637595
40,8,0.70,0.9994064075828849
40,8,0.75,0.9995177709079778
40,8,0.80,0.9994472330094661
40,8,0.85,0.9995444840995668
40,8,0.90,0.9994950254382731
40,8,0.95,0.9961298180597711
40,9,0.05,0.9632389611375187
40,9,0.10,0.9870797155789449
40,9,0.15,0.9974932739361272
40,9,0.20,0.9977953337379165
40,9,0.25,0.9967341418284462
40,9,0.30,0.9988786617349873
40,9,0.35,0.9998342356535228
40,9,0.40,0.5540032869629303
40,9,0.45,0.9941099142998636
40,9,0.50,0.9999532742775102
40,9,0.55,0.9959102931252981
40,9,0.60,0.9995284148827952
40,9,0.65,0.9944906545040576
40,9,0.70,0.9999087585312217
40,9,0.75,0.9993769421908733
40,9,0.80,0.9995684106879822
40,9,0.85,0.9981873663368456
40,9,0.90,0.99956173610193
40,9,0.95,0.6391926467187927
41,0,0.05,0.4129939626559629
41,0,0.10,0.9787751164101994
41,0,0.15,0.9978681599768063
41,0,0.20,0.9954301832347049
41,0,0.25,0.9679048742314628
41,0,0.30,0.9998613306359799
41,0,0.35,0.7009567880441462
41,0,0.40,0.698382796097917
41,0,0.45,0.9999140161158844
41,0,0.50,0.9997094605470653
41,0,0.55,0.9947480365675604
41,0,0.60,0.9944033936268246
41,0,0.65,0.9999365859882261
41,0,0.70,0.9997615054374658
41,0,0.75,0.9999310480471527
41,0,0.80,0.9949272005449329
41,0,0.85,0.5957958589034952
41,0,0.90,0.9999100181501522
41,0,0.95,0.9998848262554978
41,1,0.05,0.9520394457601271
41,1,0.10,0.9612001111597381
41,1,0.15,0.9899041670859056
41,1,0.20,0.9905566641516002
41,1,0.25,0.6654490896590305
41,1,0.30,0.9997583256799424
41,1,0.35,0.6086518558581525
41,1,0.40,0.9994179312058334
41,1,0.45,0.620854554766348
41,1,0.50,0.9885264318181181
41,1,0.55,0.9998492360765895
41,1,0.60,0.9997471600210799
41,1,0.65,0.6304222121365164
41,1,0.70,0.995613107280552
41,1,0.75,0.999944709822682
41,1,0.80,0.9998917176101814
41,1,0.85,0.9999421859480762
41,1,0.90,0.9997992793329151
41,1,0.95,0.9999629363134432
41,2,0.05,0.8975381489824911
41,2,0.10,0.8952591779405357
41,2,0.15,0.9957934400656764
41,2,0.20,0.9995759238164219
41,2,0.25,0.9858111472344355
41,2,0.30,0.986718220918845
41,2,0.35,0.6371089860416868
41,2,0.40,0.689790870058383
41,2,0.45,0.9999568282623161
41,2,0.50,0.996590687556393
41,2,0.55,0.9955310263642528
41,2,0.60,0.6592935453320082
41,2,0.65,0.5929407110260609
41,2,0.70,0.9974233392730273
41,2,0.75,0.9999496604700109
41,2,0.80,0.9999178474651526
41,2,0.85,0.9994092096306105
41,2,0.90,0.9995230452382257
41,2,0.95,0.999970184140279
41,3,0.05,0.5174452744655379
41,3,0.10,0.9779664452804029
41,3,0.15,0.9998199573257556
41,3,0.20,0.6110113703394309
41,3,0.25,0.9989711489566709
41,3,0.30,0.5880129337102897
41,3,0.35,0.6393294989750584
41,3,0.40,0.9989009267573682
41,3,0.45,0.6468898204702365
41,3,0.50,0.999088967291308
41,3,0.55,0.9956739033444272
41,3,0.60,0.9998309612976315
41,3,0.65,0.9999563104158689
41,3,0.70,0.9999117365290743
41,3,0.75,0.9999423849265549
41,3,0.80,0.9847320743764233
41,3,0.85,0.9999369079934748
41,3,0.90,0.9995808668703878
41,3,0.95,0.9999672291914071
41,4,0.05,0.9255849573516998
41,4,0.10,0.991085208270453
41,4,0.15,0.992986497788228
41,4,0.20,0.9995488639651728
41,4,0.25,0.6378935441720905
41,4,0.30,0.616273142112141
41,4,0.35,0.6447456016399701
41,4,0.40,0.9976951009520927
41,4,0.45,0.6443003309306032
41,4,0.50,0.9953202150952951
41,4,0.55,0.9999692105211966
41,4,0.60,0.9968928487827317
41,4,0.65,0.9954086056983827
41,4,0.70,0.9998701079347168
41,4,0.75,0.5782900767908485
41,4,0.80,0.99960000931895
41,4,0.85,0.9999592298270538
41,4,0.90,0.9977476812533135
41,4,0.95,0.9998978636024816
41,5,0.05,-0.2557950735529566
41,5,0.10,0.9817404453072319
41,5,0.15,0.9948091570698541
41,5,0.20,0.9951195647129193
41,5,0.25,0.6457874653466436
41,5,0.30,0.6516433779625311
41,5,0.35,0.995971303122224
41,5,0.40,0.6494649821960718
41,5,0.45,0.6620205412674831
41,5,0.50,0.9990151639641502
41,5,0.55,0.9993558270190837
41,5,0.60,0.9942077343389379
41,5,0.65,0.9999609927588842
41,5,0.70,0.9999389439802278
41,5,0.75,0.9993172970719619
41,5,0.80,0.9994049152346899
41,5,0.85,0.9916696194822741
41,5,0.90,0.996903368287498
41,5,0.95,0.9998675415850486
41,6,0.05,0.9298550402805021
41,6,0.10,0.8992695593624866
41,6,0.15,0.9751325389966053
41,6,0.20,0.9996997421318126
41,6,0.25,0.9995522389299968
41,6,0.30,0.9883893216441734
41,6,0.35,0.6938399114787923
41,6,0.40,0.9806083163288002
41,6,0.45,0.9994110821834721
41,6,0.50,0.9977233667151866
41,6,0.55,0.5970367925705931
41,6,0.60,0.9978782552059757
41,6,0.65,0.9997858976953818
41,6,0.70,0.9987969822042331
41,6,0.75,0.9993689567450496
41,6,0.80,0.9999628763510091
41,6,0.85,0.9999671293824194
41,6,0.90,0.9997470763944547
41,6,0.95,0.9991673896962807
41,7,0.05,0.27819181962431194
41,7,0.10,0.6108255978633843
41,7,0.15,0.995823344338065
41,7,0.20,0.9994609578953115
41,7,0.25,0.9991822836229539
41,7,0.30,0.9990696243290366
41,7,0.35,0.5689296064212415
41,7,0.40,0.9862239170707141
41,7,0.45,0.9983392502914437
41,7,0.50,0.9996962177085752
41,7,0.55,0.9974128991534713
41,7,0.60,0.9960299259944306
41,7,0.65,0.9999259365358105
41,7,0.70,0.9991489451846972
41,7,0.75,0.995579963875543
41,7,0.80,0.9999159074482252
41,7,0.85,0.9997317474165921
41,7,0.90,0.9974460733390558
41,7,0.95,0.9999669870354525
41,8,0.05,0.9442559307441123
41,8,0.10,0.9989527512080889
41,8,0.15,0.9811631032538844
41,8,0.20,0.9995150331031336
41,8,0.25,0.6598909831473458
41,8,0.30,0.9915907880951295
41,8,0.35,0.9943587860534672
41,8,0.40,0.9934842431334899
41,8,0.45,0.9998964452067324
41,8,0.50,0.9983072741921796
41,8,0.55,0.5979296214640328
41,8,0.60,0.9994596306202357
41,8,0.65,0.9956371333080106
41,8,0.70,0.625856944233017
41,8,0.75,0.9993786958631937
41,8,0.80,0.9998534714099339
41,8,0.85,0.9996085003332866
41,8,0.90,0.9998236049937198
41,8,0.95,0.9993680951057968
41,9,0.05,0.8677104695736245
41,9,0.10,0.9860067538602519
41,9,0.15,0.9995509814085903
41,9,0.20,0.9990294980389952
41,9,0.25,0.9999431797119925
41,9,0.30,0.5711450691094266
41,9,0.35,0.985890836764837
41,9,0.40,0.6587605850648846
41,9,0.45,0.9983313714397954
41,9,0.50,0.99622522536065
41,9,0.55,0.9992146232382837
41,9,0.60,0.9880794877048219
41,9,0.65,0.6248099361660843
41,9,0.70,0.9963631555824274
41,9,0.75,0.9999284121309748
41,9,0.80,0.9994826400157235
41,9,0.85,0.999554450480659
41,9,0.90,0.6788223254721663
41,9,0.95,0.9980006368004577
42,0,0.05,0.7821700503588445
42,0,0.10,0.9929762407223257
42,0,0.15,0.9997662578856344
42,0,0.20,0.9991577001037457
42,0,0.25,0.9988489316771813
42,0,0.30,0.5548287353052446
42,0,0.35,0.9998345099557224
42,0,0.40,0.9875358200701987
42,0,0.45,0.9969911964911405
42,0,0.50,0.9942846885824064
42,0,0.55,0.9998950760244129
42,0,0.60,0.9838609870548487
42,0,0.65,0.9999533287247445
42,0,0.70,0.999853536718429
42,0,0.75,0.9992866677349279
42,0,0.80,0.9993298910499185
42,0,0.85,0.9997136771800242
42,0,0.90,0.9999047710935662
42,0,0.95,0.9999620747324167
42,1,0.05,0.8755031176230477
42,1,0.10,0.9743093236346015
42,1,0.15,0.9930781686127963
42,1,0.20,0.9987506459493162
42,1,0.25,0.6012582302974296
42,1,0.30,0.6509571544529925
42,1,0.35,0.5983951576770408
42,1,0.40,0.9998227207473812
42,1,0.45,0.9989452311641475
42,1,0.50,0.6782891163465663
42,1,0.55,0.996306889231994
42,1,0.60,0.6040656985320003
42,1,0.65,0.9992981489024519
42,1,0.70,0.9962475424208513
42,1,0.75,0.6944944299479745
42,1,0.80,0.9975585596112527
42,1,0.85,0.997647896211952
42,1,0.90,0.9971862222295631
42,1,0.95,0.9994808089572366
42,2,0.05,0.8908828459093655
42,2,0.10,0.9987321000390311
42,2,0.15,0.9998961573659186
42,2,0.20,0.9993232779468061
42,2,0.25,0.8760577611937341
42,2,0.30,0.7097520409901991
42,2,0.35,0.987330504634296
42,2,0.40,0.9980673547484797
42,2,0.45,0.9998444604219054
42,2,0.50,0.9975850693782023
42,2,0.55,0.9995279360779769
42,2,0.60,0.9994135559259842
42,2,0.65,0.9995765283683868
42,2,0.70,0.5964421226091929
42,2,0.75,0.9932375167902001
42,2,0.80,0.6712662609378661
42,2,0.85,0.9999290471771206
42,2,0.90,0.999954246640853
42,2,0.95,0.9886005934337633
42,3,0.05,0.3418985974437422
42,3,0.10,0.9964007732040857
42,3,0.15,0.9996613211877013
42,3,0.20,0.9961680470392567
42,3,0.25,0.6592338699035954
42,3,0.30,0.7058423821446738
42,3,0.35,0.6459630344688239
42,3,0.40,0.9997658007095661
42,3,0.45,0.9999617698926256
42,3,0.50,0.9955204432088811
42,3,0.55,0.9999266912479119
42,3,0.60,0.999651354153689
42,3,0.65,0.9995144294576771
42,3,0.70,0.9996637704976604
42,3,0.75,0.9999668282852717
42,3,0.80,0.9989617281653295
42,3,0.85,0.9997651520773129
42,3,0.90,0.999809030851761
42,3,0.95,0.9961709538165957
42,4,0.05,0.6337892069416523
42,4,0.10,0.968156848600856
42,4,0.15,0.9955411152559777
42,4,0.20,0.9996399456953644
42,4,0.25,0.4921858129465342
42,4,0.30,0.5719391806780879
42,4,0.35,0.9978485155577042
42,4,0.40,0.9996335683405125
42,4,0.45,0.9998836293930969
42,4,0.50,0.6473139218034342
42,4,0.55,0.9999354132261764
42,4,0.60,0.9999523638176269
42,4,0.65,0.6304190176344614
42,4,0.70,0.9994513541857032
42,4,0.75,0.9981768106314963
42,4,0.80,0.9999742489665054
42,4,0.85,0.9994256559300944
42,4,0.90,0.9996431697051111
42,4,0.95,0.9999734919310543
42,5,0.05,0.8283099335589971
42,5,0.10,0.9747912063722719
42,5,0.15,0.9997325282008422
42,5,0.20,0.9975244715482847
42,5,0.25,0.9991968994325868
42,5,0.30,0.9979444476670867
42,5,0.35,0.9935753336290021
42,5,0.40,0.9996313011249814
42,5,0.45,0.9998367767146898
42,5,0.50,0.9995055175088359
42,5,0.55,0.984096144976416
42,5,0.60,0.9958455742100915
42,5,0.65,0.9964658810426719
42,5,0.70,0.9946252544714895
42,5,0.75,0.999855796076407
42,5,0.80,0.9999598369512832
42,5,0.85,0.9994385975702886
42,5,0.90,0.9999298679499014
42,5,0.95,0.9999560048766855
42,6,0.05,0.7854868748346108
42,6,0.10,0.9841092451428533
42,6,0.15,0.996748634752609
42,6,0.20,0.9998116844338515
42,6,0.25,0.9998980199879924
42,6,0.30,0.999705156615841
42,6,0.35,0.9831732299581746
42,6,0.40,0.9999095467534944
42,6,0.45,0.9994562304496579
42,6,0.50,0.6708089154855519
42,6,0.55,0.989818519449458
42,6,0.60,0.9999037992796166
42,6,0.65,0.9997192663427835
42,6,0.70,0.9999673343836557
42,6,0.75,0.999960254567788
42,6,0.80,0.6503762310713677
42,6,0.85,0.9999669102346322
42,6,0.90,0.999960253515725
42,6,0.95,0.995033400171914
42,7,0.05,0.9700200374930645
42,7,0.10,0.9708340936317443
42,7,0.15,0.993614544893284
42,7,0.20,0.9993469107576781
42,7,0.25,0.6280344020879777
42,7,0.30,0.9998347362533277
42,7,0.35,0.6517766360177009
42,7,0.40,0.9954498720576564
42,7,0.45,0.9957113346314757
42,7,0.50,0.5866591726433757
42,7,0.55,0.6871469514120222
42,7,0.60,0.996847528818993
42,7,0.65,0.9999465185708848
42,7,0.70,0.9993711072653019
42,7,0.75,0.99728120749205
42,7,0.80,0.9974377414060355
42,7,0.85,0.9970187331752005
42,7,0.90,0.9993921117117307
42,7,0.95,0.9998771590042179
42,8,0.05,0.8424325369534829
42,8,0.10,0.997674011021065
42,8,0.15,0.6222666282535607
42,8,0.20,0.9994670880017374
42,8,0.25,0.6013951003886145
42,8,0.30,0.6817866367637004
42,8,0.35,0.9998323713202522
42,8,0.40,0.9996957451651926
42,8,0.45,0.9999490980615442
42,8,0.50,0.6133829306541951
42,8,0.55,0.9853630114330102
42,8,0.60,0.9996000853973437
42,8,0.65,0.999966677570068
42,8,0.70,0.9997641685530051
42,8,0.75,0.9997236712492421
42,8,0.80,0.6234507591727345
42,8,0.85,0.9861867922267944
42,8,0.90,0.9998719792251545
42,8,0.95,0.9998563258729981
42,9,0.05,0.9781688750640842
42,9,0.10,0.9964808324606115
42,9,0.15,0.9995717668114524
42,9,0.20,0.9826233490778091
42,9,0.25,0.9972267000797915
42,9,0.30,0.6666449697959325
42,9,0.35,0.6316665289216878
42,9,0.40,0.6314234670677994
42,9,0.45,0.6386843423567123
42,9,0.50,0.9973500911423244
42,9,0.55,0.9999271639790649
42,9,0.60,0.9999211389833004
42,9,0.65,0.999918698669496
42,9,0.70,0.9990973054394175
42,9,0.75,0.9970026786294812
42,9,0.80,0.9981300809896658
42,9,0.85,0.9987800623532168
42,9,0.90,0.9999264138444343
42,9,0.95,0.9995861290665109
43,0,0.05,0.6940329228898505
43,0,0.10,0.9653580095457253
43,0,0.15,0.9995683708555272
43,0,0.20,0.9986729682801728
43,0,0.25,0.9994883469668353
43,0,0.30,0.9911640566599845
43,0,0.35,0.9998682936873554
43,0,0.40,0.99413746877613
43,0,0.45,0.9998714624136151
43,0,0.50,0.9981950606032182
43,0,0.55,0.9999697361397658
43,0,0.60,0.9999199923244476
43,0,0.65,0.9998448535704099
43,0,0.70,0.9976538883064544
43,0,0.75,0.9993132829399993
43,0,0.80,0.999539066887486
43,0,0.85,0.9983335350153052
43,0,0.90,0.9992084358085551
43,0,0.95,0.9996060913177583
43,1,0.05,-14.401649814392849
43,1,0.10,0.8178165857803411
43,1,0.15,0.9924712920869744
43,1,0.20,0.995580859156799
43,1,0.25,0.9970812805641984
43,1,0.30,0.9998032430305536
43,1,0.35,0.9997123902396606
43,1,0.40,0.9966006505519974
43,1,0.45,0.9999344977993038
43,1,0.50,0.9999651732229609
43,1,0.55,0.9999700095889748
43,1,0.60,0.9998900213960262
43,1,0.65,0.9990436863048453
43,1,0.70,0.9999567184894737
43,1,0.75,0.9999595849727735
43,1,0.80,0.9998657949613176
43,1,0.85,0.9999457882845916
43,1,0.90,0.999244020130004
43,1,0.95,0.9999144852179848
43,2,0.05,0.4801058466311554
43,2,0.10,0.996987121309761
43,2,0.15,0.9773595494270685
43,2,0.20,0.9996839345728081
43,2,0.25,0.9980240630608777
43,2,0.30,0.9994808832228205
43,2,0.35,0.9999041288861361
43,2,0.40,0.9999084937971817
43,2,0.45,0.9998568892130016
43,2,0.50,0.9984796395586871
43,2,0.55,0.9999775036710344
43,2,0.60,0.9999097999635502
43,2,0.65,0.999966623938584
43,2,0.70,0.9999634067545111
43,2,0.75,0.9994771203973543
43,2,0.80,0.9999671362573902
43,2,0.85,0.9999560652486751
43,2,0.90,0.9999284618617683
43,2,0.95,0.9998308054525167
43,3,0.05,0.5301341845517474
43,3,0.10,0.9946371566717777
43,3,0.15,0.9938187431827797
43,3,0.20,0.9970148368695405
43,3,0.25,0.9969693886257023
43,3,0.30,0.9997611216739866
43,3,0.35,0.9999195607325709
43,3,0.40,0.9857368644822154
43,3,0.45,0.9998432845067905
43,3,0.50,0.9998724281283397
43,3,0.55,0.9999336028666056
43,3,0.60,0.9999587758719015
43,3,0.65,0.999938475077116
43,3,0.70,0.9964570071660545
43,3,0.75,0.9997493511772955
43,3,0.80,0.999838172558542
43,3,0.85,0.9999826587454219
43,3,0.90,0.9999673061074098
43,3,0.95,0.9992956738826869
43,4,0.05,0.6612395340665455
43,4,0.10,0.9999377974082098
43,4,0.15,0.9983095865100247
43,4,0.20,0.9979773772122121
43,4,0.25,0.9978109531707867
43,4,0.30,0.9990966108053466
43,4,0.35,0.9998075452139162
43,4,0.40,0.9985996235533269
43,4,0.45,0.9963743066791197
43,4,0.50,0.9999251650174107
43,4,0.55,0.9999569360886077
43,4,0.60,0.9998942779053949
43,4,0.65,0.9999554050093453
43,4,0.70,0.9999150946259865
43,4,0.75,0.9998557988705988
43,4,0.80,0.9994934073252758
43,4,0.85,0.999968336486074
43,4,0.90,0.9998671842064725
43,4,0.95,0.9999662397568498
43,5,0.05,0.9089404571897561
43,5,0.10,0.9442600556782677
43,5,0.15,0.9472646210393723
43,5,0.20,0.9901930343134895
43,5,0.25,0.9919797143919924
43,5,0.30,0.9993901064336476
43,5,0.35,0.9944944319612085
43,5,0.40,0.9981605785803078
43,5,0.45,0.9999681865197659
43,5,0.50,0.9999271939458885
43,5,0.55,0.9959142007239662
43,5,0.60,0.9999455168728905
43,5,0.65,0.9999344514529638
43,5,0.70,0.9999374149072914
43,5,0.75,0.9999694619004124
43,5,0.80,0.9999515151349113
43,5,0.85,0.9987794458589202
43,5,0.90,0.9991234916241135
43,5,0.95,0.9999703846810332
43,6,0.05,0.7464120273015994
43,6,0.10,0.9666735931739616
43,6,0.15,0.9791960685302563
43,6,0.20,0.9998302737880912
43,6,0.25,0.9993678859977364
43,6,0.30,0.9831726593013345
43,6,0.35,0.999716613920196
43,6,0.40,0.9985718027065882
43,6,0.45,0.9999540534783097
43,6,0.50,0.9999518518763756
43,6,0.55,0.9999674963500439
43,6,0.60,0.9988884436933364
43,6,0.65,0.9999542917746808
43,6,0.70,0.9999599428261643
43,6,0.75,0.9999566972212673
43,6,0.80,0.9995267581155199
43,6,0.85,0.9999713493558917
43,6,0.90,0.9994229078148155
43,6,0.95,0.9995145464115115
43,7,0.05,0.5072908848480808
43,7,0.10,0.9872776390896693
43,7,0.15,0.9840707533451056
43,7,0.20,0.6619292195574944
43,7,0.25,0.9986141348380339
43,7,0.30,0.9997482235461941
43,7,0.35,0.9968914388530911
43,7,0.40,0.9997536907352436
43,7,0.45,0.9994952100906445
43,7,0.50,0.9999451614525432
43,7,0.55,0.9983936343838373
43,7,0.60,0.9999303456528515
43,7,0.65,0.9993040771506889
43,7,0.70,0.9944960525026788
43,7,0.75,0.9999747833938057
43,7,0.80,0.9998594791287648
43,7,0.85,0.9999674573530345
43,7,0.90,0.9993842564013168
43,7,0.95,0.9999800881900411
43,8,0.05,-0.3303837621257588
43,8,0.10,0.9976834691205054
43,8,0.15,0.9869842394650798
43,8,0.20,0.6238689185722357
43,8,0.25,0.9990631339882781
43,8,0.30,0.9999332596534422
43,8,0.35,0.9999002698970227
43,8,0.40,0.9999348246539264
43,8,0.45,0.9949782456052252
43,8,0.50,0.9998440391286035
43,8,0.55,0.9994051936132126
43,8,0.60,0.9999624144919017
43,8,0.65,0.9999194737241609
43,8,0.70,0.9999193977328508
43,8,0.75,0.9999480909189064
43,8,0.80,0.9999630555733349
43,8,0.85,0.999765785108281
43,8,0.90,0.999946861004804
43,8,0.95,0.9999565958088864
43,9,0.05,0.421839407983868
43,9,0.10,0.552768114637405
43,9,0.15,0.9923779923822273
43,9,0.20,0.9985601752316272
43,9,0.25,0.9989501255097261
43,9,0.30,0.9994353911094356
43,9,0.35,0.9996682808829105
43,9,0.40,0.9996148633191108
43,9,0.45,0.9999294708879954
43,9,0.50,0.9995051041007683
43,9,0.55,0.9992293771668646
43,9,0.60,0.9991761271556918
43,9,0.65,0.9999657237522764
43,9,0.70,0.9999530817395074
43,9,0.75,0.9994901482175153
43,9,0.80,0.9999742453004413
43,9,0.85,0.9995400343255783
43,9,0.90,0.9999559412955499
43,9,0.95,0.9961446908289739
44,0,0.05,0.867282711091938
44,0,0.10,0.9985572471240398
44,0,0.15,0.996272426948188
44,0,0.20,0.9943186219718181
44,0,0.25,0.9999149038482961
44,0,0.30,0.9897191069221624
44,0,0.35,0.9999593638032315
44,0,0.40,0.9995661169995916
44,0,0.45,0.9945797435007228
44,0,0.50,0.9997661896114809
44,0,0.55,0.9998267220397882
44,0,0.60,0.9999127305088121
44,0,0.65,0.9994806088830523
44,0,0.70,0.9999615984678326
44,0,0.75,0.998612613901478
44,0,0.80,0.9983136006958806
44,0,0.85,0.9999527465066568
44,0,0.90,0.9995799285667238
44,0,0.95,0.9962958245729875
44,1,0.05,0.5548630347096899
44,1,0.10,0.9863884860343476
44,1,0.15,0.41736826801610893
44,1,0.20,0.9941448654801742
44,1,0.25,0.9997647175490968
44,1,0.30,0.9999444186483696
44,1,0.35,0.9995057819609058
44,1,0.40,0.9992354520043014
44,1,0.45,0.9987235249081514
44,1,0.50,0.9949683582169581
44,1,0.55,0.9999629250574448
44,1,0.60,0.999956559369954
44,1,0.65,0.9948157666160669
44,1,0.70,0.9999416650526075
44,1,0.75,0.999960113774879
44,1,0.80,0.9999261400010904
44,1,0.85,0.9993248965887755
44,1,0.90,0.9997794167690729
44,1,0.95,0.99982449878516
44,2,0.05,0.8972524731570171
44,2,0.10,0.9938263045571935
44,2,0.15,0.6068444406595133
44,2,0.20,0.9971525057377552
44,2,0.25,0.9999638667512225
44,2,0.30,0.9987811934819899
44,2,0.35,0.9999507053148875
44,2,0.40,0.9999572524976436
44,2,0.45,0.9999129630018269
44,2,0.50,0.9998914997895196
44,2,0.55,0.9919862712283573
44,2,0.60,0.9999413526924632
44,2,0.65,0.9993804233520908
44,2,0.70,0.99939604335623
44,2,0.75,0.9947400735578942
44,2,0.80,0.9937944101090043
44,2,0.85,0.9997107747885974
44,2,0.90,0.9999544512433416
44,2,0.95,0.9999562741364245
44,3,0.05,0.89800783120188
44,3,0.10,0.9970650778795089
44,3,0.15,0.989474313331064
44,3,0.20,0.5394321528707298
44,3,0.25,0.9999233955138129
44,3,0.30,0.9978242946256435
44,3,0.35,0.9993352895882834
44,3,0.40,0.9994417156826167
44,3,0.45,0.9998425599412553
44,3,0.50,0.9998571095692658
44,3,0.55,0.999911983022888
44,3,0.60,0.9992649942051008
44,3,0.65,0.9992211803638211
44,3,0.70,0.9998347098869893
44,3,0.75,0.9999667178823098
44,3,0.80,0.9997767133860154
44,3,0.85,0.9999501320072017
44,3,0.90,0.9973759115242227
44,3,0.95,0.9993100055554556
44,4,0.05,0.9864271569529093
44,4,0.10,0.94457701515408
44,4,0.15,0.5242205325882865
44,4,0.20,0.9785634026523073
44,4,0.25,0.9993836027235533
44,4,0.30,0.9948767658795982
44,4,0.35,0.9978266356526084
44,4,0.40,0.9999544357367265
44,4,0.45,0.9998093036602248
44,4,0.50,0.9998424579778921
44,4,0.55,0.9998121700482405
44,4,0.60,0.998306298332576
44,4,0.65,0.9994041282476006
44,4,0.70,0.9999410508941642
44,4,0.75,0.9999008410819216
44,4,0.80,0.9993304743521069
44,4,0.85,0.9870657098817709
44,4,0.90,0.9995573326783025
44,4,0.95,0.9986064370857013
44,5,0.05,0.8052668774253608
44,5,0.10,0.9944600760636411
44,5,0.15,0.9995743680952175
44,5,0.20,0.9965953436157109
44,5,0.25,0.9996538232448912
44,5,0.30,0.9999147957104928
44,5,0.35,0.9994850942690153
44,5,0.40,0.9976815215803512
44,5,0.45,0.9994089082603469
44,5,0.50,0.9995723086252785
44,5,0.55,0.9944765981488388
44,5,0.60,0.999946938287594
44,5,0.65,0.9992296379640364
44,5,0.70,0.9998097438565732
44,5,0.75,0.9999465564905966
44,5,0.80,0.9999471800093365
44,5,0.85,0.999939687411589
44,5,0.90,0.9999227939631801
44,5,0.95,0.995101122730312
44,6,0.05,0.9896833000740479
44,6,0.10,0.9486000256050989
44,6,0.15,0.9930470793218935
44,6,0.20,0.40016037046631525
44,6,0.25,0.998945027528527
44,6,0.30,0.9997255877457317
44,6,0.35,0.9999487682237438
44,6,0.40,0.9999510885481955
44,6,0.45,0.9978794657922974
44,6,0.50,0.9993541501930221
44,6,0.55,0.9995411137725474
44,6,0.60,0.9999275602509434
44,6,0.65,0.999967545055546
44,6,0.70,0.999936645331835
44,6,0.75,0.9966236498458331
44,6,0.80,0.9999059708911154
44,6,0.85,0.9999657436730979
44,6,0.90,0.6726131778966029
44,6,0.95,0.998589635046065
44,7,0.05,0.9569433971278299
44,7,0.10,0.9848151142388425
44,7,0.15,0.5305235219855462
44,7,0.20,0.9992718990065509
44,7,0.25,0.9998639378931439
44,7,0.30,0.9992908256975989
44,7,0.35,0.999961859211389
44,7,0.40,0.9999464005503994
44,7,0.45,0.9999419408728788
44,7,0.50,0.9945813310291696
44,7,0.55,0.9998848132276211
44,7,0.60,0.9999258635320579
44,7,0.65,0.9995966569911832
44,7,0.70,0.9999545742304513
44,7,0.75,0.9999151768687695
44,7,0.80,0.9999104344482387
44,7,0.85,0.6186423579833916
44,7,0.90,0.9999728288239915
44,7,0.95,0.999958200510436
44,8,0.05,0.9395375550314554
44,8,0.10,0.8382352581951453
44,8,0.15,0.4503682683276016
44,8,0.20,0.6599479991151125
44,8,0.25,0.9998557507882331
44,8,0.30,0.9998278594042863
44,8,0.35,0.9997698534268423
44,8,0.40,0.9999120309279977
44,8,0.45,0.9998393549502869
44,8,0.50,0.9982382152302043
44,8,0.55,0.9981524728508324
44,8,0.60,0.9989984526441175
44,8,0.65,0.9998388039139595
44,8,0.70,0.9992000633972149
44,8,0.75,0.999715713446854
44,8,0.80,0.9998001689325566
44,8,0.85,0.9998132392617003
44,8,0.90,0.9998460369720635
44,8,0.95,0.9993858695224369
44,9,0.05,0.987653166096688
44,9,0.10,0.9979891976471517
44,9,0.15,0.9961237508763204
44,9,0.20,0.9999352629149001
44,9,0.25,0.9995846373600926
44,9,0.30,0.9993548110489913
44,9,0.35,0.9896279824802097
44,9,0.40,0.9998458347242751
44,9,0.45,0.9999435969065595
44,9,0.50,0.9998586794519512
44,9,0.55,0.9999007089018994
44,9,0.60,0.9955838202371635
44,9,0.65,0.9999771881604662
44,9,0.70,0.9999606992778853
44,9,0.75,0.9997817937698029
44,9,0.80,0.9999401745300722
44,9,0.85,0.999576743402896
44,9,0.90,0.9999762249279769
44,9,0.95,0.9998828236957409
45,0,0.05,0.954809758477188
45,0,0.10,0.9218385322197903
45,0,0.15,0.9701752257111548
45,0,0.20,0.9998209388366466
45,0,0.25,0.6643353180856943
45,0,0.30,0.9950280722005276
45,0,0.35,0.9989607146506424
45,0,0.40,0.9998403037100944
45,0,0.45,0.999948120001699
45,0,0.50,0.9994985762808557
45,0,0.55,0.9994156436447647
45,0,0.60,0.9999619654007005
45,0,0.65,0.9935348249709284
45,0,0.70,0.9997694939641644
45,0,0.75,0.9999407830757696
45,0,0.80,0.9999426900611306
45,0,0.85,0.999932187485403
45,0,0.90,0.9998334963363417
45,0,0.95,0.9996725604188439
45,1,0.05,0.9916957043487219
45,1,0.10,0.9506882937190234
45,1,0.15,0.9867615580235015
45,1,0.20,0.997121153833188
45,1,0.25,0.9994164694671852
45,1,0.30,0.6093014798127224
45,1,0.35,0.9999298855327895
45,1,0.40,0.9972115334435909
45,1,0.45,0.9950967831952809
45,1,0.50,0.9999307948429759
45,1,0.55,0.9997998746366297
45,1,0.60,0.9994815589131539
45,1,0.65,0.9999568244844695
45,1,0.70,0.9952247635143932
45,1,0.75,0.9999123904996274
45,1,0.80,0.9999270854435366
45,1,0.85,0.9994766854328694
45,1,0.90,0.9998028669362736
45,1,0.95,0.999747021791982
45,2,0.05,0.8065218592414949
45,2,0.10,0.9999411680031041
45,2,0.15,0.9395093764560114
45,2,0.20,0.9910943283797125
45,2,0.25,0.71621705510611
45,2,0.30,0.9798376951654623
45,2,0.35,0.9999696696607147
45,2,0.40,0.9896024212364687
45,2,0.45,0.9993984010187298
45,2,0.50,0.9995325993688646
45,2,0.55,0.999881743543335
45,2,0.60,0.9998848395647032
45,2,0.65,0.9998387104133503
45,2,0.70,0.9999296857211306
45,2,0.75,0.9999339511530331
45,2,0.80,0.9995149549825132
45,2,0.85,0.9993415209970531
45,2,0.90,0.9999197945541718
45,2,0.95,0.9998276458834089
45,3,0.05,0.9404587976576249
45,3,0.10,0.9562758990092625
45,3,0.15,0.9956415347170857
45,3,0.20,0.9999032997096653
45,3,0.25,0.99729000620435
45,3,0.30,0.9996319150254852
45,3,0.35,0.9926387504186034
45,3,0.40,0.9972825524959119
45,3,0.45,0.6176677737743754
45,3,0.50,0.9998276748333343
45,3,0.55,0.9998474805654751
45,3,0.60,0.9999674676759124
45,3,0.65,0.9998379395587926
45,3,0.70,0.9997603300097326
45,3,0.75,0.9994126539444702
45,3,0.80,0.9995001237974601
45,3,0.85,0.9999564503255709
45,3,0.90,0.9999095377182662
45,3,0.95,0.9999599690468091
45,4,0.05,0.9872337513605203
45,4,0.10,0.7542196656622603
45,4,0.15,0.9974123300006522
45,4,0.20,0.6418093883107079
45,4,0.25,0.9948239720272053
45,4,0.30,0.9988339677173895
45,4,0.35,0.9999053557933533
45,4,0.40,0.9997831914744376
45,4,0.45,0.9985477153190696
45,4,0.50,0.9998888617139076
45,4,0.55,0.9998927759366474
45,4,0.60,0.9994666189953221
45,4,0.65,0.9970184018197955
45,4,0.70,0.9880666321548925
45,4,0.75,0.6392146165790753
45,4,0.80,0.9971303396727889
45,4,0.85,0.9999418571702948
45,4,0.90,0.9996129197122472
45,4,0.95,0.9944796631509186
45,5,0.05,-1.725079535822481
45,5,0.10,0.9976768180169654
45,5,0.15,0.9948830980519613
45,5,0.20,0.9889516053589692
45,5,0.25,0.9973994912873211
45,5,0.30,0.9998700242855455
45,5,0.35,0.9999384674811442
45,5,0.40,0.9994457253603269
45,5,0.45,0.9999151901241402
45,5,0.50,0.9990778092620703
45,5,0.55,0.9986577601709431
45,5,0.60,0.9992430876012878
45,5,0.65,0.9999262151346351
45,5,0.70,0.9995990073197223
45,5,0.75,0.9997289737222284
45,5,0.80,0.9999321398312833
45,5,0.85,0.9995360076868263
45,5,0.90,0.9992223563805728
45,5,0.95,0.9992300956684511
45,6,0.05,0.029260135555404188
45,6,0.10,0.45240241810139603
45,6,0.15,0.9847607360302295
45,6,0.20,0.999692403900086
45,6,0.25,0.9762434771204915
45,6,0.30,0.9999053317470905
45,6,0.35,0.9969578711044532
45,6,0.40,0.9998680539392951
45,6,0.45,0.9994223271358876
45,6,0.50,0.9977001791192571
45,6,0.55,0.9999453173881412
45,6,0.60,0.9999007231403004
45,6,0.65,0.9999292099629021
45,6,0.70,0.9996907513796472
45,6,0.75,0.9989174117658154
45,6,0.80,0.9998103805839316
45,6,0.85,0.9997822539894713
45,6,0.90,0.9962677077723484
45,6,0.95,0.9964656823902418
45,7,0.05,0.5381602856106655
45,7,0.10,0.9994790549703105
45,7,0.15,0.9989681485786058
45,7,0.20,0.9997292483829847
45,7,0.25,0.9997504407990309
45,7,0.30,0.9999428054196929
45,7,0.35,0.9966501353672791
45,7,0.40,0.9999816464495328
45,7,0.45,0.9981149525562452
45,7,0.50,0.9995282179172053
45,7,0.55,0.999928745789956
45,7,0.60,0.999962226730685
45,7,0.65,0.999326395720533
45,7,0.70,0.9958503833174835
45,7,0.75,0.9998337079895152
45,7,0.80,0.999957468453895
45,7,0.85,0.9992272672874141
45,7,0.90,0.9997527162501352
45,7,0.95,0.9999141538385292
45,8,0.05,0.9621269768829287
45,8,0.10,0.9985776759101693
45,8,0.15,0.9996294234586509
45,8,0.20,0.9894208941149725
45,8,0.25,0.9543659748607892
45,8,0.30,0.6702247491676472
45,8,0.35,0.9983690026377376
45,8,0.40,0.9999066350244387
45,8,0.45,0.9975500259070055
45,8,0.50,0.5483005822095668
45,8,0.55,0.9998481396077652
45,8,0.60,0.9999551800155039
45,8,0.65,0.9993488067870613
45,8,0.70,0.9998352805864783
45,8,0.75,0.99991583622182
45,8,0.80,0.9993192347055975
45,8,0.85,0.6320386946461245
45,8,0.90,0.9999579783435043
45,8,0.95,0.9945943468772024
45,9,0.05,0.9324337247574989
45,9,0.10,0.638549609904333
45,9,0.15,0.9557288518941058
45,9,0.20,0.9998776977242708
45,9,0.25,0.7006532624136929
45,9,0.30,0.9999203606538759
45,9,0.35,0.999920752779524
45,9,0.40,0.9998976124749254
45,9,0.45,0.9995057044123213
45,9,0.50,0.9997024152676006
45,9,0.55,0.9981193529380583
45,9,0.60,0.9999652849877079
45,9,0.65,0.9998081767966821
45,9,0.70,0.9924025134797786
45,9,0.75,0.9997890352678853
45,9,0.80,0.9982181943874836
45,9,0.85,0.9996397083323556
45,9,0.90,0.9983495471765833
45,9,0.95,0.6454928521772867
46,0,0.05,0.08563458837287252
46,0,0.10,0.9635605501634024
46,0,0.15,0.9988761033533465
46,0,0.20,0.5196887708407396
46,0,0.25,0.997700142777579
46,0,0.30,0.9999439934195871
46,0,0.35,0.9998953850285055
46,0,0.40,0.9999747038042419
46,0,0.45,0.9968355582030275
46,0,0.50,0.9999793365626877
46,0,0.55,0.9959827757711538
46,0,0.60,0.9994397866069944
46,0,0.65,0.9999457369481459
46,0,0.70,0.9999663640541097
46,0,0.75,0.9991122648288213
46,0,0.80,0.9979820989875948
46,0,0.85,0.9999278089860512
46,0,0.90,0.9992803452600459
46,0,0.95,0.9998970965762778
46,1,0.05,-9.575778533065996
46,1,0.10,0.9651700132209182
46,1,0.15,0.9996196412195845
46,1,0.20,0.9983748543392215
46,1,0.25,0.9997188047350739
46,1,0.30,0.996556282695011
46,1,0.35,0.9999325329687
46,1,0.40,0.9999328807997716
46,1,0.45,0.9996675401921971
46,1,0.50,0.9997535335176287
46,1,0.55,0.99992170162124
46,1,0.60,0.99949012110772
46,1,0.65,0.999827089692213
46,1,0.70,0.999279066719686
46,1,0.75,0.9999188059530731
46,1,0.80,0.9994379845004253
46,1,0.85,0.9998469432568854
46,1,0.90,0.9999662270290423
46,1,0.95,0.9981767050697853
46,2,0.05,-1.2662560525171322
46,2,0.10,0.99917824240359
46,2,0.15,0.9945018884341784
46,2,0.20,0.6008937935606156
46,2,0.25,0.9991396942879236
46,2,0.30,0.9998650286829964
46,2,0.35,0.999930094907816
46,2,0.40,0.9999160872425981
46,2,0.45,0.9997117898707363
46,2,0.50,0.9999571985044773
46,2,0.55,0.9998888443952028
46,2,0.60,0.9988543196323134
46,2,0.65,0.9990206750109764
46,2,0.70,0.9999489015231999
46,2,0.75,0.9955484701025152
46,2,0.80,0.9982270511421335
46,2,0.85,0.9998976772556587
46,2,0.90,0.9999144102519137
46,2,0.95,0.9999678980386297
46,3,0.05,0.9081616842680729
46,3,0.10,0.9992512164815225
46,3,0.15,0.9980559138495031
46,3,0.20,0.6845622657081214
46,3,0.25,0.9998995607847323
46,3,0.30,0.9999626687262229
46,3,0.35,0.9999097917936797
46,3,0.40,0.9997789432581512
46,3,0.45,0.9995720963230879
46,3,0.50,0.9982268578196292
46,3,0.55,0.9994670235553192
46,3,0.60,0.9995878755234617
46,3,0.65,0.999922521405898
46,3,0.70,0.9999292706675926
46,3,0.75,0.9994191883052002
46,3,0.80,0.9999485104852097
46,3,0.85,0.9953575478867019
46,3,0.90,0.9991563865002624
46,3,0.95,0.9999736668185985
46,4,0.05,0.0279352564995482
46,4,0.10,0.9888643911030667
46,4,0.15,0.9995347664546432
46,4,0.20,0.6898321466269683
46,4,0.25,0.9918305160861063
46,4,0.30,0.9997074279177193
46,4,0.35,0.9997136772968003
46,4,0.40,0.9989733818754092
46,4,0.45,0.6256491790203971
46,4,0.50,0.9986830653184527
46,4,0.55,0.9999611535056364
46,4,0.60,0.999971870066771
46,4,0.65,0.9999241901590109
46,4,0.70,0.999946915942558
46,4,0.75,0.999009843148852
46,4,0.80,0.9999314796995616
46,4,0.85,0.9999436007858165
46,4,0.90,0.9970355031974335
46,4,0.95,0.9999550102587345
46,5,0.05,0.3822033886574161
46,5,0.10,0.9400942371413389
46,5,0.15,0.9936092084200319
46,5,0.20,0.6839949293080605
46,5,0.25,0.9997012587099514
46,5,0.30,0.9973018599905603
46,5,0.35,0.9984605930509632
46,5,0.40,0.999251508734114
46,5,0.45,0.9998753036699427
46,5,0.50,0.9924918094169145
46,5,0.55,0.9992342001887796
46,5,0.60,0.9990218760086251
46,5,0.65,0.9975623347777592
46,5,0.70,0.9981066078820147
46,5,0.75,0.9998792890091316
46,5,0.80,0.9999439417073116
46,5,0.85,0.9999415554610664
46,5,0.90,0.9991965831248747
46,5,0.95,0.9999078091536044
46,6,0.05,0.8293451704330637
46,6,0.10,0.9817308107089352
46,6,0.15,0.9997809263806832
46,6,0.20,0.6852979379900115
46,6,0.25,0.9995675379475092
46,6,0.30,0.997838240356926
46,6,0.35,0.9994382907817785
46,6,0.40,0.999934200183596
46,6,0.45,0.9999460317211593
46,6,0.50,0.9999267793982155
46,6,0.55,0.9987171764539958
46,6,0.60,0.9856333230254034
46,6,0.65,0.993995028025824
46,6,0.70,0.9994307825454136
46,6,0.75,0.9998965324045831
46,6,0.80,0.999366280746426
46,6,0.85,0.6744678131447868
46,6,0.90,0.9969630271871714
46,6,0.95,0.9999396321330928
46,7,0.05,0.9737503251869497
46,7,0.10,0.9925120088824165
46,7,0.15,0.6323192190527718
46,7,0.20,0.982005861517702
46,7,0.25,0.9963497636732421
46,7,0.30,0.9995950079632172
46,7,0.35,0.9999672376139004
46,7,0.40,0.9999688747432922
46,7,0.45,0.9999167882005785
46,7,0.50,0.9994621084993177
46,7,0.55,0.9994023082844324
46,7,0.60,0.9987687429193749
46,7,0.65,0.9998277000273077
46,7,0.70,0.9999064071528466
46,7,0.75,0.9999223379063384
46,7,0.80,0.9995634136981805
46,7,0.85,0.999838709157403
46,7,0.90,0.999367253267588
46,7,0.95,0.9999188367198197
46,8,0.05,0.48779183736677256
46,8,0.10,0.9847683167800545
46,8,0.15,0.9976611881023644
46,8,0.20,0.9977620957251929
46,8,0.25,0.9998025201585236
46,8,0.30,0.999783787852827
46,8,0.35,0.9998756545068878
46,8,0.40,0.9998699092726169
46,8,0.45,0.9958366870085483
46,8,0.50,0.9995980197084332
46,8,0.55,0.9999182382728639
46,8,0.60,0.6229318328176008
46,8,0.65,0.9998420487070042
46,8,0.70,0.9997722525379378
46,8,0.75,0.9974774139451428
46,8,0.80,0.9998385080426967
46,8,0.85,0.9999583136267172
46,8,0.90,0.9999535665872493
46,8,0.95,0.9999278340062934
46,9,0.05,0.9975807855770287
46,9,0.10,0.9981563110430399
46,9,0.15,0.9981598168301694
46,9,0.20,0.999634412951024
46,9,0.25,0.9993568229768539
46,9,0.30,0.9975147778927558
46,9,0.35,0.998648967750245
46,9,0.40,0.999374345286972
46,9,0.45,0.9998412598824464
46,9,0.50,0.9999525889119107
46,9,0.55,0.9982473518045879
46,9,0.60,0.9999522276990904
46,9,0.65,0.9999189718292647
46,9,0.70,0.9956316441352516
46,9,0.75,0.9999470361524232
46,9,0.80,0.9995755278277848
46,9,0.85,0.9997272115124834
46,9,0.90,0.9979433895997701
46,9,0.95,0.9999558936078983
47,0,0.05,0.9878587700636001
47,0,0.10,0.9989999056309459
47,0,0.15,0.5063634634226865
47,0,0.20,0.9906006102049854
47,0,0.25,0.998890444285446
47,0,0.30,0.9998690551978238
47,0,0.35,0.9998054783132811
47,0,0.40,0.9949539650491581
47,0,0.45,0.9997979114887546
47,0,0.50,0.9989417854199476
47,0,0.55,0.9935372536249865
47,0,0.60,0.9976350832810226
47,0,0.65,0.9999390514456277
47,0,0.70,0.9923591646807883
47,0,0.75,0.9989925679935365
47,0,0.80,0.9974428890986564
47,0,0.85,0.9993144644229933
47,0,0.90,0.9997577311042412
47,0,0.95,0.9991015011049149
47,1,0.05,0.9747734939768984
47,1,0.10,0.9724529788601248
47,1,0.15,0.9761175284149815
47,1,0.20,0.9987767345166905
47,1,0.25,0.4920843998126151
47,1,0.30,0.9966443284279948
47,1,0.35,0.9980311742781144
47,1,0.40,0.981151792921691
47,1,0.45,0.9998098752280588
47,1,0.50,0.9990257005566349
47,1,0.55,0.652323654637156
47,1,0.60,0.9940101360416211
47,1,0.65,0.999401189253927
47,1,0.70,0.9999694180374253
47,1,0.75,0.9999054188821105
47,1,0.80,0.9999523028209462
47,1,0.85,0.9999631397764513
47,1,0.90,0.9910642341898204
47,1,0.95,0.9950335120428936
47,2,0.05,0.9819785479748298
47,2,0.10,0.6420959218143358
47,2,0.15,0.9981335790609747
47,2,0.20,0.9889810629864417
47,2,0.25,0.9999213088723697
47,2,0.30,0.99974843325224
47,2,0.35,0.9976401476610083
47,2,0.40,0.9982824921277825
47,2,0.45,0.5936243121571195
47,2,0.50,0.9964786734634767
47,2,0.55,0.9993250073398433
47,2,0.60,0.9953097932755137
47,2,0.65,0.9999785742535351
47,2,0.70,0.9992926119610838
47,2,0.75,0.9997775120791744
47,2,0.80,0.9999618975127283
47,2,0.85,0.9979716380936645
47,2,0.90,0.9999116385596802
47,2,0.95,0.9999784338346905
47,3,0.05,-0.817173020824207
47,3,0.10,0.113627589412154
47,3,0.15,0.9993840009704575
47,3,0.20,0.9852467954320829
47,3,0.25,0.5388576419217568
47,3,0.30,0.997292666159126
47,3,0.35,0.9707500442174399
47,3,0.40,0.9996175517096937
47,3,0.45,0.9998730260361145
47,3,0.50,0.9975449678831181
47,3,0.55,0.6303479768350797
47,3,0.60,0.9931940981282013
47,3,0.65,0.992648394074406
47,3,0.70,0.9999721563465868
47,3,0.75,0.9998956121086822
47,3,0.80,0.9999234931670097
47,3,0.85,0.9971201535581585
47,3,0.90,0.9998778728549258
47,3,0.95,0.9998509128973746
47,4,0.05,0.9391636906435903
47,4,0.10,0.9997789880282767
47,4,0.15,0.5615842237846829
47,4,0.20,0.9996457354270346
47,4,0.25,0.9754928632144055
47,4,0.30,0.9962258400240208
47,4,0.35,0.9999105546818614
47,4,0.40,0.9856429178317021
47,4,0.45,0.6151553827237716
47,4,0.50,0.9997305758039091
47,4,0.55,0.9980298978761609
47,4,0.60,0.9988852895830759
47,4,0.65,0.9999691342357765
47,4,0.70,0.9999519798032283
47,4,0.75,0.9994707035625773
47,4,0.80,0.9999483841290175
47,4,0.85,0.6329467642862208
47,4,0.90,0.9999518806597233
47,4,0.95,0.994485688692132
47,5,0.05,0.927230052705313
47,5,0.10,0.9936636752426128
47,5,0.15,0.9993294503654382
47,5,0.20,0.9834040718797699
47,5,0.25,0.9998007571586917
47,5,0.30,0.9987177833415407
47,5,0.35,0.9931609195976404
47,5,0.40,0.9959217425570189
47,5,0.45,0.5960593927630502
47,5,0.50,0.9933485331804005
47,5,0.55,0.9999004922877491
47,5,0.60,0.99997247257817
47,5,0.65,0.9998610987098813
47,5,0.70,0.9996246656636665
47,5,0.75,0.9999536011476359
47,5,0.80,0.9992533457150284
47,5,0.85,0.9999590157653137
47,5,0.90,0.9998446271973374
47,5,0.95,0.6791565181167238
47,6,0.05,0.9916916182079283
47,6,0.10,0.9958070614601494
47,6,0.15,0.4780392022818156
47,6,0.20,0.9995783724111815
47,6,0.25,0.9989872509753128
47,6,0.30,0.996312070628349
47,6,0.35,0.9958284827837659
47,6,0.40,0.9999573546066158
47,6,0.45,0.9695588649189735
47,6,0.50,0.5886298493575457
47,6,0.55,0.6875562403791942
47,6,0.60,0.9953017319395162
47,6,0.65,0.999968572986459
47,6,0.70,0.9999715026665202
47,6,0.75,0.9996915229390041
47,6,0.80,0.9871513269603095
47,6,0.85,0.9999414302948167
47,6,0.90,0.9999465691594627
47,6,0.95,0.9964108948543811
47,7,0.05,0.9906759468718783
47,7,0.10,0.8806736260238464
47,7,0.15,0.41633091568167613
47,7,0.20,0.946365998781678
47,7,0.25,0.9997654878523948
47,7,0.30,0.994648423498511
47,7,0.35,0.586759766751742
47,7,0.40,0.6370201528144975
47,7,0.45,0.9991423725403327
47,7,0.50,0.9832676263600469
47,7,0.55,0.9967927213881546
47,7,0.60,0.9866164574628234
47,7,0.65,0.9948003548549289
47,7,0.70,0.9945189684493094
47,7,0.75,0.6146370986185308
47,7,0.80,0.9999486796665319
47,7,0.85,0.999862627942094
47,7,0.90,0.9999352681282285
47,7,0.95,0.9998760235988574
47,8,0.05,0.8142443598948494
47,8,0.10,0.586377071112691
47,8,0.15,0.5795567532937301
47,8,0.20,0.9997213660339133
47,8,0.25,0.9987203567508792
47,8,0.30,0.999638302535288
47,8,0.35,0.9998905900190415
47,8,0.40,0.999886888911743
47,8,0.45,0.999596164210481
47,8,0.50,0.9998265441803461
47,8,0.55,0.9891792703366897
47,8,0.60,0.9959154454517568
47,8,0.65,0.6363852803062966
47,8,0.70,0.9999487883652456
47,8,0.75,0.9993000352220188
47,8,0.80,0.9996806135597806
47,8,0.85,0.9992749784639271
47,8,0.90,0.9998504271011865
47,8,0.95,0.9993338680696842
47,9,0.05,0.8731711348695055
47,9,0.10,0.9901322907894041
47,9,0.15,0.9997470974227222
47,9,0.20,0.9980339766549008
47,9,0.25,0.9954667587185051
47,9,0.30,0.9853586534212392
47,9,0.35,0.9958397058086279
47,9,0.40,0.9945946386772806
47,9,0.45,0.999019819338961
47,9,0.50,0.6531825312380293
47,9,0.55,0.995690195579618
47,9,0.60,0.9930571543890108
47,9,0.65,0.9867022095563268
47,9,0.70,0.6223951953730866
47,9,0.75,0.6317929011724095
47,9,0.80,0.9965813051156863
47,9,0.85,0.9967628874777601
47,9,0.90,0.9983792199726665
47,9,0.95,0.9993789663915855
48,0,0.05,0.7094588369300536
48,0,0.10,0.9944326872303412
48,0,0.15,0.7079793503663813
48,0,0.20,0.9986179998050811
48,0,0.25,0.9998292693162303
48,0,0.30,0.9998401619188869
48,0,0.35,0.9996202913178033
48,0,0.40,0.9998717420191369
48,0,0.45,0.9999397442444721
48,0,0.50,0.9998999709831132
48,0,0.55,0.999944330114419
48,0,0.60,0.9977782083300648
48,0,0.65,0.9998363865652492
48,0,0.70,0.99950747059004
48,0,0.75,0.9999488627327162
48,0,0.80,0.9990787849563396
48,0,0.85,0.9994882448635473
48,0,0.90,0.9998574052935041
48,0,0.95,0.9999177591131263
48,1,0.05,0.9614772243067184
48,1,0.10,0.9981132438987569
48,1,0.15,0.9884183866441697
48,1,0.20,0.9999238941865053
48,1,0.25,0.9997707548692717
48,1,0.30,0.9997941852120642
48,1,0.35,0.9998574853563315
48,1,0.40,0.5297690423915533
48,1,0.45,0.9997331038707189
48,1,0.50,0.9990205277159863
48,1,0.55,0.9986024201707943
48,1,0.60,0.9997054853719691
48,1,0.65,0.9998268366134514
48,1,0.70,0.998098100802349
48,1,0.75,0.9993128851894424
48,1,0.80,0.9999601768590749
48,1,0.85,0.9994683154171979
48,1,0.90,0.9999478704995297
48,1,0.95,0.9955961669023466
48,2,0.05,-1.0616629939351871
48,2,0.10,0.9650626918901655
48,2,0.15,0.9975209474037615
48,2,0.20,0.9992892399216062
48,2,0.25,0.9851340284407378
48,2,0.30,0.6839883212293345
48,2,0.35,0.9977698870438764
48,2,0.40,0.997606587623618
48,2,0.45,0.9998212735917396
48,2,0.50,0.9998968569417387
48,2,0.55,0.9999529578138319
48,2,0.60,0.9976626973207434
48,2,0.65,0.9981960221816791
48,2,0.70,0.9999281406969535
48,2,0.75,0.9999183147964038
48,2,0.80,0.999924271552989
48,2,0.85,0.9996245676909027
48,2,0.90,0.9986829907926451
48,2,0.95,0.9999437199973162
48,3,0.05,-2.241433337884428
48,3,0.10,0.9786077113008909
48,3,0.15,0.9978410524310227
48,3,0.20,0.9995463494329185
48,3,0.25,0.999752049773519
48,3,0.30,0.5687630788545819
48,3,0.35,0.9961269116009817
48,3,0.40,0.997750287218072
48,3,0.45,0.9992711487610412
48,3,0.50,0.9980263004801724
48,3,0.55,0.9998580867915735
48,3,0.60,0.9998993268785122
48,3,0.65,0.9994173190329997
48,3,0.70,0.9998929324752057
48,3,0.75,0.9998557965428446
48,3,0.80,0.99988166330252
48,3,0.85,0.9949921263277443
48,3,0.90,0.9992219931661179
48,3,0.95,0.9999618949619825
48,4,0.05,0.9938179720614672
48,4,0.10,0.9984531031420536
48,4,0.15,0.9924176444164118
48,4,0.20,0.9972929342532091
48,4,0.25,0.5370016042879648
48,4,0.30,0.7019148096364376
48,4,0.35,0.9996902457218181
48,4,0.40,0.9999629672680702
48,4,0.45,0.9990899285635143
48,4,0.50,0.9999236332764786
48,4,0.55,0.9993360129003945
48,4,0.60,0.9942420594071023
48,4,0.65,0.9754646941208371
48,4,0.70,0.9946173338492761
48,4,0.75,0.6356793000683808
48,4,0.80,0.9956585310196115
48,4,0.85,0.9966638145559504
48,4,0.90,0.9999221692608252
48,4,0.95,0.9957239217474018
48,5,0.05,-7.27615248813432
48,5,0.10,0.8959342159946593
48,5,0.15,0.9991778117995768
48,5,0.20,0.9992792953581258
48,5,0.25,0.9999336541057645
48,5,0.30,0.9998176393789513
48,5,0.35,0.9999343813227439
48,5,0.40,0.9998172342862859
48,5,0.45,0.9999282941803285
48,5,0.50,0.9998623968654313
48,5,0.55,0.9999091220898794
48,5,0.60,0.9956595069316778
48,5,0.65,0.99971467132125
48,5,0.70,0.9950429663134281
48,5,0.75,0.9994634908145007
48,5,0.80,0.9999502971414532
48,5,0.85,0.998166365227583
48,5,0.90,0.9994580306957045
48,5,0.95,0.9999129252196721
48,6,0.05,0.9519637206514877
48,6,0.10,0.9951104697770621
48,6,0.15,0.9999195882399818
48,6,0.20,0.9992682658618389
48,6,0.25,0.9998395317674024
48,6,0.30,0.9996114045834712
48,6,0.35,0.9987157569843127
48,6,0.40,0.9965001588388849
48,6,0.45,0.9998844970861146
48,6,0.50,0.9940387781555222
48,6,0.55,0.999895931654485
48,6,0.60,0.9998942619643911
48,6,0.65,0.9998970340765969
48,6,0.70,0.9999417616574727
48,6,0.75,0.9994872154284471
48,6,0.80,0.9999179908910472
48,6,0.85,0.9999005606622042
48,6,0.90,0.9986184683900697
48,6,0.95,0.9997931198572211
48,7,0.05,0.753583947672098
48,7,0.10,0.9901723281350644
48,7,0.15,0.9724033332207351
48,7,0.20,0.9998581762847607
48,7,0.25,0.99366165604083
48,7,0.30,0.9966483445614935
48,7,0.35,0.9998221247016494
48,7,0.40,0.5722518752034464
48,7,0.45,0.9989806127893895
48,7,0.50,0.9976908830630861
48,7,0.55,0.9999449882418037
48,7,0.60,0.9958525687161001
48,7,0.65,0.9999658928242774
48,7,0.70,0.5910152760636351
48,7,0.75,0.99997436447977
48,7,0.80,0.9999626053978969
48,7,0.85,0.9821449678092153
48,7,0.90,0.9946215236429304
48,7,0.95,0.9996306103113366
48,8,0.05,0.0501527390957367
48,8,0.10,0.9990395118964147
48,8,0.15,0.9994318794103431
48,8,0.20,0.9936822959324937
48,8,0.25,0.6349811939690756
48,8,0.30,0.9970096870036027
48,8,0.35,0.9996196772238349
48,8,0.40,0.9999312575681936
48,8,0.45,0.9998002955887555
48,8,0.50,0.9997848988206037
48,8,0.55,0.9999609617856218
48,8,0.60,0.9954128814443863
48,8,0.65,0.9999098701149601
48,8,0.70,0.9999306465856233
48,8,0.75,0.9998796571619946
48,8,0.80,0.9999675035897526
48,8,0.85,0.9997899383603727
48,8,0.90,0.9999156832988828
48,8,0.95,0.999961338454545
48,9,0.05,0.8282894367084122
48,9,0.10,0.6912179545151516
48,9,0.15,0.3964733470283096
48,9,0.20,0.999801724841707
48,9,0.25,0.9997481329881406
48,9,0.30,0.9831927905035466
48,9,0.35,0.9994742569399839
48,9,0.40,0.9993264293475312
48,9,0.45,0.9998913714195242
48,9,0.50,0.9995852432454093
48,9,0.55,0.994647644267115
48,9,0.60,0.9983298198471463
48,9,0.65,0.6226555994112036
48,9,0.70,0.9950900364038643
48,9,0.75,0.9999394467964661
48,9,0.80,0.9949738011234388
48,9,0.85,0.9998407056345698
48,9,0.90,0.9954747071641593
48,9,0.95,0.9994333034660866
49,0,0.05,0.8995925727914745
49,0,0.10,0.9954689794596517
49,0,0.15,0.9810118785917764
49,0,0.20,0.9963338526372044
49,0,0.25,0.9997082337974733
49,0,0.30,0.9829892459408384
49,0,0.35,0.9938610618288124
49,0,0.40,0.9973787664531479
49,0,0.45,0.9988358464235501
49,0,0.50,0.9974867686725982
49,0,0.55,0.9987976949941192
49,0,0.60,0.9999114469740956
49,0,0.65,0.999546657488856
49,0,0.70,0.9998507614220652
49,0,0.75,0.9999298441996417
49,0,0.80,0.9994105576876674
49,0,0.85,0.9997833197439385
49,0,0.90,0.9995158396724706
49,0,0.95,0.9999724466387839
49,1,0.05,-0.3145576794084559
49,1,0.10,0.9909291299497263
49,1,0.15,0.9979190983926852
49,1,0.20,0.9981144314227954
49,1,0.25,0.6693908402555713
49,1,0.30,0.995177281999501
49,1,0.35,0.9960073933382029
49,1,0.40,0.9999257795934617
49,1,0.45,0.9881966054351207
49,1,0.50,0.9996985870045694
49,1,0.55,0.998918780631168
49,1,0.60,0.999864724053618
49,1,0.65,0.9999591121063222
49,1,0.70,0.9998769074850549
49,1,0.75,0.9999719157148477
49,1,0.80,0.9997905383942257
49,1,0.85,0.9991609528120536
49,1,0.90,0.9994629813726171
49,1,0.95,0.999659317294541
49,2,0.05,0.7404734836714845
49,2,0.10,0.9972844684460476
49,2,0.15,0.9780663054285027
49,2,0.20,0.9974017316067165
49,2,0.25,0.9821772568690638
49,2,0.30,0.6775735841006872
49,2,0.35,0.9997938827187285
49,2,0.40,0.9984732478284578
49,2,0.45,0.999822038188364
49,2,0.50,0.9999613156490212
49,2,0.55,0.9995165480790481
49,2,0.60,0.9997319738929252
49,2,0.65,0.9985629272781724
49,2,0.70,0.9999760649980698
49,2,0.75,0.9999147857780607
49,2,0.80,0.9958805903947126
49,2,0.85,0.9998234996835577
49,2,0.90,0.9956917813793356
49,2,0.95,0.9940689583336366
49,3,0.05,0.7736955159942129
49,3,0.10,0.5433320389968627
49,3,0.15,0.9801451744150268
49,3,0.20,0.9997763786587881
49,3,0.25,0.9997992706939551
49,3,0.30,0.9965672821397017
49,3,0.35,0.9999196940016247
49,3,0.40,0.687493753038959
49,3,0.45,0.9986025695311151
49,3,0.50,0.9870016883327714
49,3,0.55,0.9990054965683286
49,3,0.60,0.9953413482484932
49,3,0.65,0.996948175230374
49,3,0.70,0.9999579286828139
49,3,0.75,0.9999735410709472
49,3,0.80,0.9994423131714214
49,3,0.85,0.9994486590194288
49,3,0.90,0.9994844149190468
49,3,0.95,0.9999406153999578
49,4,0.05,-2.0535291781397587
49,4,0.10,0.9800995354456842
49,4,0.15,0.9820642568018834
49,4,0.20,0.9989506556804151
49,4,0.25,0.9979064889097825
49,4,0.30,0.6599738744955344
49,4,0.35,0.9985022755309366
49,4,0.40,0.994425589083845
49,4,0.45,0.999787149559299
49,4,0.50,0.9998940047528109
49,4,0.55,0.9999622487572988
49,4,0.60,0.9999545970537108
49,4,0.65,0.9983399665667164
49,4,0.70,0.9961511275443485
49,4,0.75,0.9999532110711387
49,4,0.80,0.999927411590054
49,4,0.85,0.9991602531530566
49,4,0.90,0.9993766879091484
49,4,0.95,0.9998544253092855
49,5,0.05,0.996276398377036
49,5,0.10,0.9645080707625335
49,5,0.15,0.9977932138714452
49,5,0.20,0.9917245164427105
49,5,0.25,0.9992851282031869
49,5,0.30,0.9996588786203049
49,5,0.35,0.9988644147608498
49,5,0.40,0.9998294314515066
49,5,0.45,0.9997127112777335
49,5,0.50,0.9988866212897913
49,5,0.55,0.998916125254209
49,5,0.60,0.9930205397427398
49,5,0.65,0.9994407999508474
49,5,0.70,0.9997126560300233
49,5,0.75,0.9998126044595861
49,5,0.80,0.9999468905895459
49,5,0.85,0.9997525013582431
49,5,0.90,0.9999628316496414
49,5,0.95,0.9992320354444094
49,6,0.05,0.9377103591280589
49,6,0.10,0.9947129567086003
49,6,0.15,0.9755361980651115
49,6,0.20,0.999590089496779
49,6,0.25,0.6208215773231955
49,6,0.30,0.510195318547453
49,6,0.35,0.999746339991881
49,6,0.40,0.9998907071260102
49,6,0.45,0.9986438239983715
49,6,0.50,0.9918863875833152
49,6,0.55,0.9999460975109191
49,6,0.60,0.9999583487023265
49,6,0.65,0.99662576512545
49,6,0.70,0.9993306229310135
49,6,0.75,0.9998500301376891
49,6,0.80,0.9997540690053717
49,6,0.85,0.9999642740519049
49,6,0.90,0.9999521593563981
49,6,0.95,0.6323674767141338
49,7,0.05,0.9780961212230174
49,7,0.10,0.9897163198500554
49,7,0.15,0.9969760787872006
49,7,0.20,0.9991518801209319
49,7,0.25,0.5683378125543436
49,7,0.30,0.9998348790660846
49,7,0.35,0.9944720683798971
49,7,0.40,0.9970163471503336
49,7,0.45,0.9998354169700758
49,7,0.50,0.6518273766597523
49,7,0.55,0.9971101233829679
49,7,0.60,0.9999506325583103
49,7,0.65,0.9999731303498367
49,7,0.70,0.6648327196267699
49,7,0.75,0.9997916451002851
49,7,0.80,0.9999451441076419
49,7,0.85,0.9998426508514944
49,7,0.90,0.9998277928144992
49,7,0.95,0.9940208137872414
49,8,0.05,0.8224345257513175
49,8,0.10,0.9968989148962085
49,8,0.15,0.9997654154216976
49,8,0.20,0.9998757950729389
49,8,0.25,0.9920193328672338
49,8,0.30,0.9852312556285155
49,8,0.35,0.9992802486696929
49,8,0.40,0.9996759960252393
49,8,0.45,0.9975143619970415
49,8,0.50,0.993946440530618
49,8,0.55,0.9992936606972738
49,8,0.60,0.9991656213301859
49,8,0.65,0.9997927416356399
49,8,0.70,0.99984268910474
49,8,0.75,0.9999125293449699
49,8,0.80,0.9999397005644672
49,8,0.85,0.9999412603211635
49,8,0.90,0.9999321854938262
49,8,0.95,0.9995673283951749
49,9,0.05,0.8069128992305602
49,9,0.10,0.5971158414356732
49,9,0.15,0.9994347960252457
49,9,0.20,0.9967980098349364
49,9,0.25,0.996883924765412
49,9,0.30,0.6239834633924007
49,9,0.35,0.9757535732767371
49,9,0.40,0.999419915131853
49,9,0.45,0.9939131969216187
49,9,0.50,0.9996819672892278
49,9,0.55,0.999276586173545
49,9,0.60,0.9991091784196299
49,9,0.65,0.9999288285502969
49,9,0.70,0.999932115782745
49,9,0.75,0.9940371397557315
49,9,0.80,0.9998590163722193
49,9,0.85,0.9999263774615315
49,9,0.90,0.9976320135169314
49,9,0.95,0.9999745710564324
50,0,0.05,0.3834083487380693
50,0,0.10,0.9866609128985286
50,0,0.15,0.9718459508769806
50,0,0.20,0.2762392530655863
50,0,0.25,0.9996521175496126
50,0,0.30,0.9996865515006338
50,0,0.35,0.9997571150148972
50,0,0.40,0.999345032379263
50,0,0.45,0.9996582869980298
50,0,0.50,0.9999364771257984
50,0,0.55,0.9993045512409916
50,0,0.60,0.9994244185803155
50,0,0.65,0.9999579103429517
50,0,0.70,0.9978714236560898
50,0,0.75,0.9994073061952321
50,0,0.80,0.9999542238408686
50,0,0.85,0.994517771424045
50,0,0.90,0.9993543243028523
50,0,0.95,0.9992330258212461
50,1,0.05,-0.015637175372097856
50,1,0.10,0.6012141614083293
50,1,0.15,0.9947167929275053
50,1,0.20,0.9981386502445107
50,1,0.25,0.9997475374493899
50,1,0.30,0.9997595237400265
50,1,0.35,0.9999723837046562
50,1,0.40,0.9988377817255065
50,1,0.45,0.999901595941297
50,1,0.50,0.9999710798090666
50,1,0.55,0.9995569446347449
50,1,0.60,0.9958149026690554
50,1,0.65,0.9999536382641615
50,1,0.70,0.9999666452752654
50,1,0.75,0.9998690780028027
50,1,0.80,0.9999081308828369
50,1,0.85,0.9999776913064892
50,1,0.90,0.9999519612476326
50,1,0.95,0.9999515892508047
50,2,0.05,0.17033053962093336
50,2,0.10,0.9942400732357402
50,2,0.15,0.9789175961519934
50,2,0.20,0.9994258667272639
50,2,0.25,0.9997145202865357
50,2,0.30,0.9934793812868405
50,2,0.35,0.9931242284761146
50,2,0.40,0.9993780496576334
50,2,0.45,0.9966676974098
50,2,0.50,0.9992849991722464
50,2,0.55,0.9999614396721662
50,2,0.60,0.9999535377205505
50,2,0.65,0.9999600626292716
50,2,0.70,0.9999254853791415
50,2,0.75,0.9995520262159794
50,2,0.80,0.9992496102651103
50,2,0.85,0.9999371375733679
50,2,0.90,0.9999504700362566
50,2,0.95,0.9997428250032919
50,3,0.05,-14.689323982199799
50,3,0.10,0.7221511046717382
50,3,0.15,0.9758784418034225
50,3,0.20,0.5799341176230786
50,3,0.25,0.9998957590172618
50,3,0.30,0.5970587416958146
50,3,0.35,0.9959003768658049
50,3,0.40,0.9971520022758807
50,3,0.45,0.9984356334623326
50,3,0.50,0.9990063255321785
50,3,0.55,0.9993989881166795
50,3,0.60,0.9995677634443536
50,3,0.65,0.9991519068399657
50,3,0.70,0.992195001989137
50,3,0.75,0.9998023106454291
50,3,0.80,0.9997627368612497
50,3,0.85,0.9999075830810679
50,3,0.90,0.9999688272703037
50,3,0.95,0.9996049487089438
50,4,0.05,-0.8747046598526438
50,4,0.10,0.9631454987632216
50,4,0.15,0.9987607099115978
50,4,0.20,0.3970789593212716
50,4,0.25,0.9848921133075156
50,4,0.30,0.9999139491299306
50,4,0.35,0.9969358380885779
50,4,0.40,0.9991610974292621
50,4,0.45,0.9894874653738701
50,4,0.50,0.9999587085254322
50,4,0.55,0.9981173365858348
50,4,0.60,0.9993440659264295
50,4,0.65,0.9998509693973743
50,4,0.70,0.9992154079341115
50,4,0.75,0.9897922016341388
50,4,0.80,0.999548136121864
50,4,0.85,0.9953530655053728
50,4,0.90,0.9756725653642492
50,4,0.95,0.9995693226809282
50,5,0.05,-0.2263560231887034
50,5,0.10,0.8940686141845194
50,5,0.15,0.9995035411677712
50,5,0.20,0.9668016139063579
50,5,0.25,0.9960347826320493
50,5,0.30,0.9996911520802231
50,5,0.35,0.9999432760251671
50,5,0.40,0.9999062696310896
50,5,0.45,0.9999532913356969
50,5,0.50,0.999911296589764
50,5,0.55,0.9999395839584863
50,5,0.60,0.9997295815975129
50,5,0.65,0.9999553991195029
50,5,0.70,0.9992137574315547
50,5,0.75,0.9995805796170661
50,5,0.80,0.9985337290260251
50,5,0.85,0.9989469459392898
50,5,0.90,0.9761614577878189
50,5,0.95,0.9998210019730137
50,6,0.05,0.6504136520557428
50,6,0.10,0.997435072398844
50,6,0.15,0.9864056556539763
50,6,0.20,0.994735274401139
50,6,0.25,0.9998105721866367
50,6,0.30,0.9993731364571493
50,6,0.35,0.9988265615811218
50,6,0.40,0.9996834460175847
50,6,0.45,0.9989182250167564
50,6,0.50,0.9976428746388939
50,6,0.55,0.9997017694870717
50,6,0.60,0.9998940009757863
50,6,0.65,0.9999013720141504
50,6,0.70,0.999497490200549
50,6,0.75,0.9940448477172182
50,6,0.80,0.9999468090564915
50,6,0.85,0.998282108739859
50,6,0.90,0.9762673793895567
50,6,0.95,0.9999317334226647
50,7,0.05,0.6954555814996566
50,7,0.10,0.9955749608807781
50,7,0.15,0.5748342672800598
50,7,0.20,0.5302530782286619
50,7,0.25,0.974665891421704
50,7,0.30,0.9984907192724732
50,7,0.35,0.9995748287460079
50,7,0.40,0.9998141706792668
50,7,0.45,0.9999804736828314
50,7,0.50,0.9999663511408761
50,7,0.55,0.9999562855070807
50,7,0.60,0.9999676685967162
50,7,0.65,0.9999660689058539
50,7,0.70,0.9992521631430415
50,7,0.75,0.9977410409954373
50,7,0.80,0.9995091032326556
50,7,0.85,0.9991864988356376
50,7,0.90,0.9944446122473288
50,7,0.95,0.9994314838555484
50,8,0.05,0.9143102329794436
50,8,0.10,0.9755567951927047
50,8,0.15,0.999816822421646
50,8,0.20,0.9907389351172814
50,8,0.25,0.994378568935792
50,8,0.30,0.9990330370186349
50,8,0.35,0.9997878011551188
50,8,0.40,0.9995915894721216
50,8,0.45,0.9860610321289098
50,8,0.50,0.9997577426438952
50,8,0.55,0.9998331149826637
50,8,0.60,0.9979509210741998
50,8,0.65,0.990040493507763
50,8,0.70,0.9896258525565875
50,8,0.75,0.9995784973399663
50,8,0.80,0.999911895253587
50,8,0.85,0.9995515202586479
50,8,0.90,0.995881235249539
50,8,0.95,0.993513620672713
50,9,0.05,0.9269526412413881
50,9,0.10,0.9838412604566437
50,9,0.15,0.9869037092133326
50,9,0.20,0.9968918050961223
50,9,0.25,0.9900141874686731
50,9,0.30,0.9999186764253695
50,9,0.35,0.9996746152189352
50,9,0.40,0.9954319160089693
50,9,0.45,0.999971500642722
50,9,0.50,0.9999241207650189
50,9,0.55,0.9975694746246476
50,9,0.60,0.9998075216926146
50,9,0.65,0.9994604861348468
50,9,0.70,0.9999318092569656
50,9,0.75,0.9999662243467012
50,9,0.80,0.9971364539708948
50,9,0.85,0.9997817990082545
50,9,0.90,0.9991184393087537
50,9,0.95,0.6585669490052823
51,0,0.05,0.8380208947248718
51,0,0.10,0.5823623166427117
51,0,0.15,0.9997725831496872
51,0,0.20,0.9969968739376321
51,0,0.25,0.9943541850130783
51,0,0.30,0.9997165312485662
51,0,0.35,0.9997110931444979
51,0,0.40,0.9998898827768137
51,0,0.45,0.9998793530439986
51,0,0.50,0.9997442614687104
51,0,0.55,0.999295408698693
51,0,0.60,0.9994171491315564
51,0,0.65,0.9950736608341028
51,0,0.70,0.9999283924621323
51,0,0.75,0.9999153153639754
51,0,0.80,0.9998869852402361
51,0,0.85,0.9998646922210193
51,0,0.90,0.9993073867259662
51,0,0.95,0.999935401373259
51,1,0.05,0.5717916730464002
51,1,0.10,0.9922605838671797
51,1,0.15,0.9992462456332544
51,1,0.20,0.9938439787314134
51,1,0.25,0.999603027604824
51,1,0.30,0.9996612229744066
51,1,0.35,0.9998717268281939
51,1,0.40,0.9999267911101528
51,1,0.45,0.9999011497910422
51,1,0.50,0.9991973950240324
51,1,0.55,0.9978153741744957
51,1,0.60,0.9978838530261578
51,1,0.65,0.9998317645523779
51,1,0.70,0.999943374593148
51,1,0.75,0.9999619522065483
51,1,0.80,0.999867883611403
51,1,0.85,0.9981800783460627
51,1,0.90,0.9992669488557302
51,1,0.95,0.999396848954354
51,2,0.05,0.9802609352205527
51,2,0.10,0.983529731973032
51,2,0.15,0.9994383510272931
51,2,0.20,0.9999098628098296
51,2,0.25,0.9994209879270584
51,2,0.30,0.9682069468951178
51,2,0.35,0.9995685907586755
51,2,0.40,0.9946937864820784
51,2,0.45,0.9998484321898351
51,2,0.50,0.9999097328953355
51,2,0.55,0.9947706005450361
51,2,0.60,0.9947095285969084
51,2,0.65,0.9999426676484006
51,2,0.70,0.9999074584307012
51,2,0.75,0.9996808909739414
51,2,0.80,0.9991510125921932
51,2,0.85,0.9999525484781002
51,2,0.90,0.9998450309431505
51,2,0.95,0.9818630165641052
51,3,0.05,0.5061805842775613
51,3,0.10,0.9881303172278275
51,3,0.15,0.9984547598944734
51,3,0.20,0.9914744839759948
51,3,0.25,0.9998749024232662
51,3,0.30,0.9998683952872903
51,3,0.35,0.9999444796665277
51,3,0.40,0.9996798982017925
51,3,0.45,0.9982551296406628
51,3,0.50,0.9982767318161676
51,3,0.55,0.9996822909584092
51,3,0.60,0.9994235541100973
51,3,0.65,0.9995618109593688
51,3,0.70,0.9998455314623095
51,3,0.75,0.9998863502776026
51,3,0.80,0.9997088458620985
51,3,0.85,0.9999498855825751
51,3,0.90,0.9999633506046096
51,3,0.95,0.9864047051440519
51,4,0.05,0.5588382181015419
51,4,0.10,0.9975057435994427
51,4,0.15,0.9972148890998987
51,4,0.20,0.9997869794144829
51,4,0.25,0.6012826261290103
51,4,0.30,0.99969046332669
51,4,0.35,0.9998739881925297
51,4,0.40,0.9997966670183975
51,4,0.45,0.9998509637561362
51,4,0.50,0.9999042342999134
51,4,0.55,0.9998858984474018
51,4,0.60,0.9998930545166371
51,4,0.65,0.9998762372158448
51,4,0.70,0.9989109350617743
51,4,0.75,0.9999451410207386
51,4,0.80,0.9983798015457973
51,4,0.85,0.9999461079517263
51,4,0.90,0.9975850820065655
51,4,0.95,0.9857838513908675
51,5,0.05,0.8725910141192753
51,5,0.10,0.9975959067417113
51,5,0.15,0.9937733896238885
51,5,0.20,0.9969210311917355
51,5,0.25,0.9998098578940476
51,5,0.30,0.9994932414897588
51,5,0.35,0.9997370295685122
51,5,0.40,0.9931770727267114
51,5,0.45,0.9999238421008833
51,5,0.50,0.9999521195835788
51,5,0.55,0.9968416485224866
51,5,0.60,0.9999175232759961
51,5,0.65,0.9983242056347841
51,5,0.70,0.9999476392113761
51,5,0.75,0.9999017623612299
51,5,0.80,0.9998250626366445
51,5,0.85,0.9992650184700116
51,5,0.90,0.9998978821092036
51,5,0.95,0.9999566798893956
51,6,0.05,0.4389575558449441
51,6,0.10,0.9960127047090352
51,6,0.15,0.987336766839412
51,6,0.20,0.6439190234943146
51,6,0.25,0.9997753609585633
51,6,0.30,0.9798872401417283
51,6,0.35,0.6555127494389754
51,6,0.40,0.9997629620622187
51,6,0.45,0.9999572605884864
51,6,0.50,0.9994548173095695
51,6,0.55,0.991251752205971
51,6,0.60,0.9999784066639683
51,6,0.65,0.9999530201826468
51,6,0.70,0.9999463946518858
51,6,0.75,0.9999143131272726
51,6,0.80,0.9924857219275838
51,6,0.85,0.998816745618829
51,6,0.90,0.9993743644789745
51,6,0.95,0.9991538186917738
51,7,0.05,-2.2227508323253957
51,7,0.10,0.9776006718599308
51,7,0.15,0.9998229767582492
51,7,0.20,0.999829318713404
51,7,0.25,0.9999360101378089
51,7,0.30,0.9995572758488881
51,7,0.35,0.9999219960178465
51,7,0.40,0.9993983785302178
51,7,0.45,0.9999375761536516
51,7,0.50,0.9997013672782112
51,7,0.55,0.9998573602364809
51,7,0.60,0.9993488981132188
51,7,0.65,0.9995010885290885
51,7,0.70,0.9999470876343094
51,7,0.75,0.9993533457618838
51,7,0.80,0.9992808042399409
51,7,0.85,0.9998974608305442
51,7,0.90,0.9998971575848213
51,7,0.95,0.9999660570272544
51,8,0.05,0.935318506980699
51,8,0.10,0.9820299919312921
51,8,0.15,0.9994679393755228
51,8,0.20,0.9998162667033277
51,8,0.25,0.9865556048418637
51,8,0.30,0.999434338287065
51,8,0.35,0.9999323690367897
51,8,0.40,0.999312477509675
51,8,0.45,0.9998931723772653
51,8,0.50,0.9993355072954678
51,8,0.55,0.9999386177510802
51,8,0.60,0.9993971071003933
51,8,0.65,0.9998538401892739
51,8,0.70,0.9997433924814683
51,8,0.75,0.9757330058981494
51,8,0.80,0.999402744835977
51,8,0.85,0.9998538224196705
51,8,0.90,0.9997263919548464
51,8,0.95,0.9998498862812236
51,9,0.05,0.9656206406138778
51,9,0.10,0.9962209802635391
51,9,0.15,0.9997296119829886
51,9,0.20,0.9778804385667573
51,9,0.25,0.4891948933460494
51,9,0.30,0.9995634224526814
51,9,0.35,0.9998667165647731
51,9,0.40,0.9979129447576219
51,9,0.45,0.9999246284471868
51,9,0.50,0.999937442032987
51,9,0.55,0.9999327053929712
51,9,0.60,0.9993885610080565
51,9,0.65,0.9968322280539519
51,9,0.70,0.9999095502846522
51,9,0.75,0.9998970170258659
51,9,0.80,0.9999597306238954
51,9,0.85,0.9999729329029771
51,9,0.90,0.9998137231614063
51,9,0.95,0.9923508401076214
52,0,0.05,-0.49569164475321226
52,0,0.10,0.9969826477490323
52,0,0.15,0.9977820602854253
52,0,0.20,0.9857391017857515
52,0,0.25,0.9991852277275881
52,0,0.30,0.9961366215871461
52,0,0.35,0.999856419143576
52,0,0.40,0.9981901019346745
52,0,0.45,0.9965185789201783
52,0,0.50,0.9995372783803004
52,0,0.55,0.9994795068036572
52,0,0.60,0.9999453336095957
52,0,0.65,0.9999456799982945
52,0,0.70,0.9961025784023815
52,0,0.75,0.999838251399227
52,0,0.80,0.9987961763544856
52,0,0.85,0.9999455210815642
52,0,0.90,0.9999218267933704
52,0,0.95,0.9998120614040606
52,1,0.05,0.9578706002183783
52,1,0.10,0.9574810479875205
52,1,0.15,0.9975683710311842
52,1,0.20,0.9997228296111
52,1,0.25,0.9960170925475571
52,1,0.30,0.999903452432804
52,1,0.35,0.9996784919417995
52,1,0.40,0.9991768072787256
52,1,0.45,0.999899899988958
52,1,0.50,0.9780064700652658
52,1,0.55,0.999452624796226
52,1,0.60,0.9989073018797643
52,1,0.65,0.9994763386115555
52,1,0.70,0.9999264999869578
52,1,0.75,0.6605436394787914
52,1,0.80,0.9971455770527724
52,1,0.85,0.9961816327325774
52,1,0.90,0.9992236024022854
52,1,0.95,0.9998983042415199
52,2,0.05,0.962568227249039
52,2,0.10,0.9952002688624579
52,2,0.15,0.9995562863042466
52,2,0.20,0.5962570705967261
52,2,0.25,0.9999056281494115
52,2,0.30,0.9999157913919775
52,2,0.35,0.9999318374437011
52,2,0.40,0.6149081506774678
52,2,0.45,0.9990039016995466
52,2,0.50,0.9998481836726778
52,2,0.55,0.9982886077379436
52,2,0.60,0.9999026859106723
52,2,0.65,0.9999278933270938
52,2,0.70,0.9995196883269035
52,2,0.75,0.9946708615327291
52,2,0.80,0.9999571764437362
52,2,0.85,0.9999445966409429
52,2,0.90,0.99995082036872
52,2,0.95,0.9993213501925401
52,3,0.05,0.8839718158619084
52,3,0.10,0.9853704370832618
52,3,0.15,0.9989953278902695
52,3,0.20,0.9930739473845124
52,3,0.25,0.966567489284061
52,3,0.30,0.999899704855113
52,3,0.35,0.9999197681074402
52,3,0.40,0.9997668172341676
52,3,0.45,0.9993144268927197
52,3,0.50,0.9999819747091258
52,3,0.55,0.9999559279000914
52,3,0.60,0.9979565227581296
52,3,0.65,0.998101382576483
52,3,0.70,0.999935952218425
52,3,0.75,0.9994935978120784
52,3,0.80,0.9973393676751922
52,3,0.85,0.9951179892561972
52,3,0.90,0.6484372385039288
52,3,0.95,0.9983010388375085
52,4,0.05,0.7018548798346809
52,4,0.10,0.9851592487627494
52,4,0.15,0.9663249718372743
52,4,0.20,0.9978960649852074
52,4,0.25,0.9919516255754119
52,4,0.30,0.9973882768195105
52,4,0.35,0.999942934390545
52,4,0.40,0.9998501636869536
52,4,0.45,0.9992693635204833
52,4,0.50,0.9998904429062605
52,4,0.55,0.9999567667993722
52,4,0.60,0.9999374705604367
52,4,0.65,0.9998121774955236
52,4,0.70,0.9996350950710093
52,4,0.75,0.9997966764531081
52,4,0.80,0.999771483446546
52,4,0.85,0.9992307704476726
52,4,0.90,0.9999599160282993
52,4,0.95,0.9999589629147333
52,5,0.05,0.5941661713404047
52,5,0.10,0.9943921798322494
52,5,0.15,0.9890054658686898
52,5,0.20,0.999414049853885
52,5,0.25,0.9998208951207128
52,5,0.30,0.9988586550466306
52,5,0.35,0.9957245862103978
52,5,0.40,0.6846336380057807
52,5,0.45,0.9993355512617704
52,5,0.50,0.9996430501494886
52,5,0.55,0.9963587454776865
52,5,0.60,0.9998368666275168
52,5,0.65,0.9999538692068924
52,5,0.70,0.9994822631112298
52,5,0.75,0.9999507117747788
52,5,0.80,0.9999631993347293
52,5,0.85,0.9998594902248128
52,5,0.90,0.9998979764144047
52,5,0.95,0.9917900734644896
52,6,0.05,0.9822909452488433
52,6,0.10,0.9870371012888038
52,6,0.15,0.99674406100187
52,6,0.20,0.6826672078238303
52,6,0.25,0.6438071882951617
52,6,0.30,0.9776382663005674
52,6,0.35,0.6486877903795685
52,6,0.40,0.9963518764443172
52,6,0.45,0.9999132879561363
52,6,0.50,0.9999430833099593
52,6,0.55,0.9998868666941325
52,6,0.60,0.9990604725813391
52,6,0.65,0.9986664154024268
52,6,0.70,0.9999170876002915
52,6,0.75,0.9992412022370512
52,6,0.80,0.9944258681812554
52,6,0.85,0.9998884117547139
52,6,0.90,0.9999470746470679
52,6,0.95,0.999946317313958
52,7,0.05,0.3961880485466428
52,7,0.10,0.9977288004605851
52,7,0.15,0.9961914394310908
52,7,0.20,0.9998100070187463
52,7,0.25,0.9826414772753503
52,7,0.30,0.9964760561536022
52,7,0.35,0.9994690773016965
52,7,0.40,0.9927699125673863
52,7,0.45,0.9989741488822861
52,7,0.50,0.9998844801916219
52,7,0.55,0.6381185476167857
52,7,0.60,0.9998983584188507
52,7,0.65,0.9998768246146286
52,7,0.70,0.9995734191068183
52,7,0.75,0.9950016254726248
52,7,0.80,0.6180990961514876
52,7,0.85,0.9951755078398512
52,7,0.90,0.9999503133601431
52,7,0.95,0.994192093128199
52,8,0.05,0.7443405237305033
52,8,0.10,0.9947498879163496
52,8,0.15,0.9922235580061884
52,8,0.20,0.9989280281835599
52,8,0.25,0.6432001119389474
52,8,0.30,0.999751384973945
52,8,0.35,0.999926170989418
52,8,0.40,0.9994192823600799
52,8,0.45,0.9998304209692913
52,8,0.50,0.9994370416383208
52,8,0.55,0.9998993785760423
52,8,0.60,0.9978684540902444
52,8,0.65,0.9998955185291335
52,8,0.70,0.9985651225970175
52,8,0.75,0.9999531467801179
52,8,0.80,0.9994655229930073
52,8,0.85,0.9942737108035077
52,8,0.90,0.9999487066447162
52,8,0.95,0.9998430075113655
52,9,0.05,0.9218099960448867
52,9,0.10,0.9811735490659481
52,9,0.15,0.9982763473591993
52,9,0.20,0.975065178362181
52,9,0.25,0.9955677424923766
52,9,0.30,0.9999591550371172
52,9,0.35,0.999421985213134
52,9,0.40,0.999449997061813
52,9,0.45,0.9969150175092776
52,9,0.50,0.9994707093412815
52,9,0.55,0.9999228023213889
52,9,0.60,0.999077112427201
52,9,0.65,0.9999426895635914
52,9,0.70,0.9995321423836301
52,9,0.75,0.9999609241099696
52,9,0.80,0.9952196077407426
52,9,0.85,0.9999635342167498
52,9,0.90,0.9999744842556431
52,9,0.95,0.999944292132947
53,0,0.05,-0.21649655064837292
53,0,0.10,0.9966374122413197
53,0,0.15,0.995201512200579
53,0,0.20,0.9980461248826545
53,0,0.25,0.998900573536978
53,0,0.30,0.9998548096763706
53,0,0.35,0.6662124957553547
53,0,0.40,0.9997480784019055
53,0,0.45,0.9998841633695927
53,0,0.50,0.9846168631974311
53,0,0.55,0.9999263705035196
53,0,0.60,0.999937288126646
53,0,0.65,0.9999660090587135
53,0,0.70,0.9990951355008075
53,0,0.75,0.9942373059350343
53,0,0.80,0.9998990429056027
53,0,0.85,0.997054299436383
53,0,0.90,0.9994592930541591
53,0,0.95,0.9999533404210204
53,1,0.05,0.9362176782808287
53,1,0.10,0.9817203819854795
53,1,0.15,0.9341273518738638
53,1,0.20,0.9980285847095598
53,1,0.25,0.9997204315845089
53,1,0.30,0.9998849529757321
53,1,0.35,0.9998939385617829
53,1,0.40,0.9978535682213344
53,1,0.45,0.9996856028408158
53,1,0.50,0.999933661147709
53,1,0.55,0.9999625497802287
53,1,0.60,0.999975212021317
53,1,0.65,0.9989569488263006
53,1,0.70,0.9999633223661754
53,1,0.75,0.9997664528096092
53,1,0.80,0.9999321000729408
53,1,0.85,0.9999485278912273
53,1,0.90,0.9999572701678814
53,1,0.95,0.9995384294834188
53,2,0.05,0.6989616290027292
53,2,0.10,0.9961926333525208
53,2,0.15,0.9989696015071007
53,2,0.20,0.9876156422046078
53,2,0.25,0.9998013333775709
53,2,0.30,0.9998712284858507
53,2,0.35,0.9838432757062798
53,2,0.40,0.9998124675108739
53,2,0.45,0.9996513912551943
53,2,0.50,0.9996861446078817
53,2,0.55,0.9998839601374334
53,2,0.60,0.9999005177960372
53,2,0.65,0.9998105045736638
53,2,0.70,0.9994977094203631
53,2,0.75,0.99782966217391
53,2,0.80,0.9999494224748361
53,2,0.85,0.9986637589983256
53,2,0.90,0.9932051518224524
53,2,0.95,0.999927012746238
53,3,0.05,0.7223129545327807
53,3,0.10,0.9410850854245658
53,3,0.15,0.998866791292035
53,3,0.20,0.9978251759115809
53,3,0.25,0.9987088516842074
53,3,0.30,0.999847328615458
53,3,0.35,0.9972989616078896
53,3,0.40,0.9998845932304672
53,3,0.45,0.9869353820400599
53,3,0.50,0.999934903136411
53,3,0.55,0.9998484740219811
53,3,0.60,0.9963123007963101
53,3,0.65,0.9999645002420103
53,3,0.70,0.9978218304338677
53,3,0.75,0.999587163500804
53,3,0.80,0.9997004111956678
53,3,0.85,0.9991373708807103
53,3,0.90,0.9999098167983335
53,3,0.95,0.9993372175248051
53,4,0.05,0.8679137318686198
53,4,0.10,0.7675119250541524
53,4,0.15,0.9940287045307129
53,4,0.20,0.9996119387940493
53,4,0.25,0.9999516948443739
53,4,0.30,0.9998961393293561
53,4,0.35,0.9995481263637405
53,4,0.40,0.9998823236117688
53,4,0.45,0.9997410743501262
53,4,0.50,0.9999303270041741
53,4,0.55,0.9982506430089918
53,4,0.60,0.9765451773703598
53,4,0.65,0.9999011670041974
53,4,0.70,0.9980349729511131
53,4,0.75,0.998729839784002
53,4,0.80,0.9993471141764134
53,4,0.85,0.9971253433192705
53,4,0.90,0.9998357046078231
53,4,0.95,0.9998503873531576
53,5,0.05,-1.5173798123858528
53,5,0.10,0.9849349476489134
53,5,0.15,0.9965392910363139
53,5,0.20,0.9997248642568005
53,5,0.25,0.9997502579125422
53,5,0.30,0.9997151766087591
53,5,0.35,0.9995555946058547
53,5,0.40,0.9999413393231568
53,5,0.45,0.9998713300233422
53,5,0.50,0.9982926399457538
53,5,0.55,0.9999044971709373
53,5,0.60,0.9994338282496549
53,5,0.65,0.9938474029876747
53,5,0.70,0.998414196874912
53,5,0.75,0.9952059459500212
53,5,0.80,0.9999460017812645
53,5,0.85,0.994803760407236
53,5,0.90,0.998440136414223
53,5,0.95,0.9943033109975485
53,6,0.05,0.7075509131374029
53,6,0.10,0.9959348116271834
53,6,0.15,0.9989118703153785
53,6,0.20,0.9996405649138824
53,6,0.25,0.9997378928480499
53,6,0.30,0.9990765125777721
53,6,0.35,0.9983057792690719
53,6,0.40,0.999495234151141
53,6,0.45,0.9975897135133843
53,6,0.50,0.9994050127890649
53,6,0.55,0.9999691865075153
53,6,0.60,0.9987001245720332
53,6,0.65,0.9998702301504865
53,6,0.70,0.9977207077336586
53,6,0.75,0.9994649825315188
53,6,0.80,0.9984035920692094
53,6,0.85,0.9994580720213594
53,6,0.90,0.9947782533619913
53,6,0.95,0.9947305767239479
53,7,0.05,0.9738888997265783
53,7,0.10,0.8186981817684851
53,7,0.15,0.9927657457870488
53,7,0.20,0.9985479192414178
53,7,0.25,0.9998360637381852
53,7,0.30,0.9995099784072996
53,7,0.35,0.9976697964802616
53,7,0.40,0.9985533649819122
53,7,0.45,0.9998888595509573
53,7,0.50,0.999723532598426
53,7,0.55,0.9999741188699877
53,7,0.60,0.9997968847013642
53,7,0.65,0.9999415895451531
53,7,0.70,0.9998449041417575
53,7,0.75,0.9995113375528306
53,7,0.80,0.9996140340687975
53,7,0.85,0.9999483082877246
53,7,0.90,0.9994200193232491
53,7,0.95,0.9908445669078938
53,8,0.05,0.8664326564253972
53,8,0.10,0.9349606913331653
53,8,0.15,0.9991038611879739
53,8,0.20,0.9999029631813132
53,8,0.25,0.997179707290293
53,8,0.30,0.9999259015893147
53,8,0.35,0.9966487269283222
53,8,0.40,0.6011540142220558
53,8,0.45,0.9999350074383904
53,8,0.50,0.9998774851564798
53,8,0.55,0.999945172175789
53,8,0.60,0.9998175708089124
53,8,0.65,0.9988410536982358
53,8,0.70,0.9990162440696418
53,8,0.75,0.9999436791080786
53,8,0.80,0.9995046769807773
53,8,0.85,0.9997490429753431
53,8,0.90,0.9999207559046746
53,8,0.95,0.9997804179238972
53,9,0.05,0.9314950355375922
53,9,0.10,0.9250095571729308
53,9,0.15,0.9936692307902495
53,9,0.20,0.9991651164375042
53,9,0.25,0.9992449401970354
53,9,0.30,0.9990100112900365
53,9,0.35,0.9983032557381676
53,9,0.40,0.9998661415650265
53,9,0.45,0.9994667819424872
53,9,0.50,0.9993087001716133
53,9,0.55,0.9951543462440253
53,9,0.60,0.9999459968067156
53,9,0.65,0.9975572684792262
53,9,0.70,0.9999566237191515
53,9,0.75,0.999937310912627
53,9,0.80,0.9999765982614354
53,9,0.85,0.9998661406362271
53,9,0.90,0.9873339870726228
53,9,0.95,0.617689494327246
54,0,0.05,0.739335415541333
54,0,0.10,0.5703362931811948
54,0,0.15,0.9162936498072168
54,0,0.20,0.999355805840248
54,0,0.25,0.99996409135635
54,0,0.30,0.9999537648760435
54,0,0.35,0.6428534641710417
54,0,0.40,0.999761255050255
54,0,0.45,0.9998652751994945
54,0,0.50,0.5585799869581686
54,0,0.55,0.9995116361430246
54,0,0.60,0.9934351891940135
54,0,0.65,0.999934427645289
54,0,0.70,0.9998640406855118
54,0,0.75,0.9999595099334939
54,0,0.80,0.9999752172093593
54,0,0.85,0.999888381985874
54,0,0.90,0.9998785568412555
54,0,0.95,0.6105495071697079
54,1,0.05,0.7005763972700378
54,1,0.10,0.4495069476358886
54,1,0.15,0.7481010630021487
54,1,0.20,0.9993246060966288
54,1,0.25,0.9998007583395525
54,1,0.30,0.9966788459866828
54,1,0.35,0.9933414692253181
54,1,0.40,0.9998826979982364
54,1,0.45,0.988690998974887
54,1,0.50,0.9900751448410702
54,1,0.55,0.9998031532469571
54,1,0.60,0.9998961894547473
54,1,0.65,0.9997571203022706
54,1,0.70,0.999480300910278
54,1,0.75,0.9999247453764284
54,1,0.80,0.9999521142341287
54,1,0.85,0.9999575131240387
54,1,0.90,0.9999029282077635
54,1,0.95,0.9999460640139395
54,2,0.05,-55.46671201664398
54,2,0.10,0.9887998714229742
54,2,0.15,0.9880765261083666
54,2,0.20,0.997529988451208
54,2,0.25,0.9990497341502571
54,2,0.30,0.9998435023366314
54,2,0.35,0.9999270365778135
54,2,0.40,0.9923053522457618
54,2,0.45,0.9963558989262473
54,2,0.50,0.9996289380609833
54,2,0.55,0.9999693350151624
54,2,0.60,0.9999805095612508
54,2,0.65,0.9996297041851382
54,2,0.70,0.9998157705057937
54,2,0.75,0.9998424466606118
54,2,0.80,0.9976224065632104
54,2,0.85,0.9961829783913223
54,2,0.90,0.9998259442849288
54,2,0.95,0.9980798513476226
54,3,0.05,0.932818042940602
54,3,0.10,0.8979780159012121
54,3,0.15,0.6538811774800957
54,3,0.20,0.9958298340317678
54,3,0.25,0.9880830022183321
54,3,0.30,0.9998529634390424
54,3,0.35,0.9999213190111749
54,3,0.40,0.9999191547934272
54,3,0.45,0.9989539862519378
54,3,0.50,0.9992846925628983
54,3,0.55,0.9999586933633917
54,3,0.60,0.9998981634371851
54,3,0.65,0.9999157620599406
54,3,0.70,0.9999267363179273
54,3,0.75,0.9998890561267925
54,3,0.80,0.9999026999924854
54,3,0.85,0.9991241939835648
54,3,0.90,0.9999304093296599
54,3,0.95,0.9993722753176408
54,4,0.05,0.7999998297051087
54,4,0.10,0.6356977134411386
54,4,0.15,0.660079843237626
54,4,0.20,0.9964156321222278
54,4,0.25,0.9996889692631771
54,4,0.30,0.9995694268320593
54,4,0.35,0.996772837773706
54,4,0.40,0.9988706605793787
54,4,0.45,0.9999627847361362
54,4,0.50,0.9882272045644488
54,4,0.55,0.9996707680111272
54,4,0.60,0.9941003942841629
54,4,0.65,0.9999173873864661
54,4,0.70,0.9999065864575554
54,4,0.75,0.9999498806033195
54,4,0.80,0.9998811541051287
54,4,0.85,0.9934363833196254
54,4,0.90,0.9999560258228284
54,4,0.95,0.9999405483868187
54,5,0.05,0.6004672245350137
54,5,0.10,0.5249014045782745
54,5,0.15,0.9991785641999676
54,5,0.20,0.9995497927031918
54,5,0.25,0.9993262701987453
54,5,0.30,0.9998921593232989
54,5,0.35,0.9969520423718966
54,5,0.40,0.9998871695712547
54,5,0.45,0.9999432648883926
54,5,0.50,0.9999657126089785
54,5,0.55,0.9999312549646421
54,5,0.60,0.999806880976664
54,5,0.65,0.9999374409563407
54,5,0.70,0.9997830207778988
54,5,0.75,0.9999457588647425
54,5,0.80,0.9998661555631475
54,5,0.85,0.9998901289938615
54,5,0.90,0.9885091925070258
54,5,0.95,0.9947852304503193
54,6,0.05,0.7038959624844688
54,6,0.10,0.9310340182556408
54,6,0.15,0.9980769743267561
54,6,0.20,0.9964971119617019
54,6,0.25,0.526006406501903
54,6,0.30,0.9999676000522292
54,6,0.35,0.9999032197541171
54,6,0.40,0.9999167303835812
54,6,0.45,0.9986731614912909
54,6,0.50,0.9993396158223825
54,6,0.55,0.999938892460067
54,6,0.60,0.9949580974226034
54,6,0.65,0.9999413237669247
54,6,0.70,0.9956289863583635
54,6,0.75,0.9999584217999924
54,6,0.80,0.9997766210619539
54,6,0.85,0.9899594829343679
54,6,0.90,0.999430520638929
54,6,0.95,0.9994032315905105
54,7,0.05,0.5736133159248364
54,7,0.10,0.37460850731954076
54,7,0.15,0.9992539106614076
54,7,0.20,0.9978072629936334
54,7,0.25,0.9999550909754614
54,7,0.30,0.9995463541058299
54,7,0.35,0.9995274699323208
54,7,0.40,0.9992473537869007
54,7,0.45,0.999464887867175
54,7,0.50,0.9999717758411799
54,7,0.55,0.9999753745400018
54,7,0.60,0.9998812691360665
54,7,0.65,0.9988965795740737
54,7,0.70,0.9999261316457368
54,7,0.75,0.9999340627612705
54,7,0.80,0.9999651270667209
54,7,0.85,0.9999712076812867
54,7,0.90,0.999448232191284
54,7,0.95,0.9993858476969184
54,8,0.05,0.3631847300016958
54,8,0.10,0.967294515021379
54,8,0.15,0.6360895679085603
54,8,0.20,0.9999194493930804
54,8,0.25,0.9996881011717043
54,8,0.30,0.9926378479111414
54,8,0.35,0.6560436203453688
54,8,0.40,0.9986627738434497
54,8,0.45,0.9999217764098998
54,8,0.50,0.664138129362873
54,8,0.55,0.9999101522990425
54,8,0.60,0.9995314925600302
54,8,0.65,0.999943382011831
54,8,0.70,0.9999360555419379
54,8,0.75,0.999945520786832
54,8,0.80,0.9999507931358095
54,8,0.85,0.9995811865679256
54,8,0.90,0.9997996588141695
54,8,0.95,0.9951196392863814
54,9,0.05,0.49317119998363
54,9,0.10,0.46368692104289577
54,9,0.15,0.9918541304674542
54,9,0.20,0.998736355549959
54,9,0.25,0.6949504923941272
54,9,0.30,0.5820073208992602
54,9,0.35,0.999451151104512
54,9,0.40,0.9983091048290783
54,9,0.45,0.9998767729764045
54,9,0.50,0.9989848987995328
54,9,0.55,0.9976392021941526
54,9,0.60,0.9951184735498595
54,9,0.65,0.9986201073730683
54,9,0.70,0.9999420271986619
54,9,0.75,0.9998927273557302
54,9,0.80,0.999977904628308
54,9,0.85,0.9999527983099746
54,9,0.90,0.9945528147337733
54,9,0.95,0.9994389317052444
55,0,0.05,0.9015863681457347
55,0,0.10,0.9703556037243574
55,0,0.15,0.9996197051840335
55,0,0.20,0.9999354330385475
55,0,0.25,0.9996628083948264
55,0,0.30,0.9986199942035113
55,0,0.35,0.995975545687623
55,0,0.40,0.9925068834578492
55,0,0.45,0.9997774773654529
55,0,0.50,0.9999532530660041
55,0,0.55,0.9995757755321878
55,0,0.60,0.9585855097110275
55,0,0.65,0.9985218377881555
55,0,0.70,0.9999161322409722
55,0,0.75,0.9999317926828544
55,0,0.80,0.994152007345432
55,0,0.85,0.9953487797165574
55,0,0.90,0.981250507361567
55,0,0.95,0.9956378110316861
55,1,0.05,-0.14400152326530025
55,1,0.10,0.9828956589850667
55,1,0.15,0.999444529763902
55,1,0.20,0.9993053159593313
55,1,0.25,0.9990909030480789
55,1,0.30,0.9937968972034829
55,1,0.35,0.9999322700480274
55,1,0.40,0.9950600033155622
55,1,0.45,0.9971332112128906
55,1,0.50,0.9867712136626882
55,1,0.55,0.9998115509792453
55,1,0.60,0.9997995837415763
55,1,0.65,0.9998959213119978
55,1,0.70,0.9994650018887568
55,1,0.75,0.9999420875455836
55,1,0.80,0.9998786693159005
55,1,0.85,0.9999504345841435
55,1,0.90,0.9979445487819093
55,1,0.95,0.9999346387271889
55,2,0.05,0.2656986568278471
55,2,0.10,0.9956169140889597
55,2,0.15,0.9977783921446343
55,2,0.20,0.99994770230828
55,2,0.25,0.9979556759995607
55,2,0.30,0.9996861233627174
55,2,0.35,0.9986621015232008
55,2,0.40,0.9997240259896776
55,2,0.45,0.6729865591195692
55,2,0.50,0.6913933015758752
55,2,0.55,0.9991821360504214
55,2,0.60,0.9999192229404164
55,2,0.65,0.9990968720453148
55,2,0.70,0.9993430112721139
55,2,0.75,0.9999347325283046
55,2,0.80,0.9979860671327445
55,2,0.85,0.9999330995790304
55,2,0.90,0.9999625784905203
55,2,0.95,0.999867992417703
55,3,0.05,0.8522694458248581
55,3,0.10,0.9954807921281444
55,3,0.15,0.9990571791998553
55,3,0.20,0.9992962607389149
55,3,0.25,0.9510706141698793
55,3,0.30,0.9997840884574618
55,3,0.35,0.9998834207145181
55,3,0.40,0.9998524363139928
55,3,0.45,0.9994871205190796
55,3,0.50,0.9985275454347063
55,3,0.55,0.9999457656548341
55,3,0.60,0.9995092580497087
55,3,0.65,0.9967701950914681
55,3,0.70,0.9998847583768435
55,3,0.75,0.9929611587556587
55,3,0.80,0.9997549106478884
55,3,0.85,0.9999574848210105
55,3,0.90,0.9997437072991255
55,3,0.95,0.9999730592201457
55,4,0.05,0.741269043049728
55,4,0.10,0.9736883638971933
55,4,0.15,0.6954309638426399
55,4,0.20,0.9999741127296093
55,4,0.25,0.9998737558067117
55,4,0.30,0.9984336426812139
55,4,0.35,0.9999523066937684
55,4,0.40,0.9997306459144824
55,4,0.45,0.9906837103754748
55,4,0.50,0.99970107163073
55,4,0.55,0.9999429153351026
55,4,0.60,0.9999666739468287
55,4,0.65,0.9998276612755086
55,4,0.70,0.9979923882149233
55,4,0.75,0.9999542883321753
55,4,0.80,0.9996962617985953
55,4,0.85,0.9999023280104943
55,4,0.90,0.9998903826751535
55,4,0.95,0.9902865091791356
55,5,0.05,-0.3681138292002497
55,5,0.10,0.9040265586170961
55,5,0.15,0.997220582348143
55,5,0.20,0.9984394589741569
55,5,0.25,0.9999633544708582
55,5,0.30,0.9969037967048894
55,5,0.35,0.9980917922444814
55,5,0.40,0.9997928396704242
55,5,0.45,0.9959340453927837
55,5,0.50,0.9979114376147982
55,5,0.55,0.9938564362922003
55,5,0.60,0.9994610659527042
55,5,0.65,0.6563161411169232
55,5,0.70,0.9999541571968598
55,5,0.75,0.9999658784044456
55,5,0.80,0.9984687460042396
55,5,0.85,0.9956318867433072
55,5,0.90,0.9993128696998292
55,5,0.95,0.9999633036146834
55,6,0.05,0.953653504906555
55,6,0.10,0.9930013642869607
55,6,0.15,0.9989936629101657
55,6,0.20,0.9978360829722811
55,6,0.25,0.9993356364541346
55,6,0.30,0.9966380366019939
55,6,0.35,0.999943810914064
55,6,0.40,0.9844697008439405
55,6,0.45,0.9999539477761397
55,6,0.50,0.6685560051358115
55,6,0.55,0.9999563848465921
55,6,0.60,0.9996833972741013
55,6,0.65,0.9999469611373077
55,6,0.70,0.9992846708360598
55,6,0.75,0.9993685720310196
55,6,0.80,0.9992834697874342
55,6,0.85,0.9947070876080294
55,6,0.90,0.9996525224980405
55,6,0.95,0.9999172807929699
55,7,0.05,0.2850495846939758
55,7,0.10,0.9967616567368861
55,7,0.15,0.9995345162199315
55,7,0.20,0.496587965607048
55,7,0.25,0.9997488247907675
55,7,0.30,0.9940191211581009
55,7,0.35,0.7308343792114428
55,7,0.40,0.999838302703083
55,7,0.45,0.9995253906282464
55,7,0.50,0.9999505997875052
55,7,0.55,0.9952308498203778
55,7,0.60,0.999967214592876
55,7,0.65,0.9978966286580052
55,7,0.70,0.9984126988756461
55,7,0.75,0.9997637808495997
55,7,0.80,0.9998273824135095
55,7,0.85,0.984248057834216
55,7,0.90,0.9998611517599375
55,7,0.95,0.9997553342871641
55,8,0.05,0.9291206732497271
55,8,0.10,0.9986815370126096
55,8,0.15,0.9942536318428639
55,8,0.20,0.9999264216495585
55,8,0.25,0.9994023494726778
55,8,0.30,0.9995943038630787
55,8,0.35,0.9998738164952395
55,8,0.40,0.9979899729721259
55,8,0.45,0.999914953866521
55,8,0.50,0.9999529070745845
55,8,0.55,0.9985974949518651
55,8,0.60,0.9999273889567794
55,8,0.65,0.999494640950153
55,8,0.70,0.9998144284989837
55,8,0.75,0.9998003594651499
55,8,0.80,0.9959543011081107
55,8,0.85,0.9999120440340229
55,8,0.90,0.9995178997597871
55,8,0.95,0.9999734056769212
55,9,0.05,0.9600341324881915
55,9,0.10,0.9908046509741714
55,9,0.15,0.9927223451212205
55,9,0.20,0.9993428028605258
55,9,0.25,0.9983713734374832
55,9,0.30,0.9999269892634985
55,9,0.35,0.9991781707367595
55,9,0.40,0.9999516808959954
55,9,0.45,0.9998547410737157
55,9,0.50,0.6643986972504188
55,9,0.55,0.9998896460214612
55,9,0.60,0.9999499412631
55,9,0.65,0.9997298001302511
55,9,0.70,0.9999334358443229
55,9,0.75,0.9999671871565733
55,9,0.80,0.6059513765315103
55,9,0.85,0.9998228172394025
55,9,0.90,0.9957215107626324
55,9,0.95,0.9999459914746791
56,0,0.05,0.9473751426631257
56,0,0.10,0.9989403228177113
56,0,0.15,0.9998428123940879
56,0,0.20,0.9999348490839263
56,0,0.25,0.9999452450347883
56,0,0.30,0.9992354758337105
56,0,0.35,0.9999314939548153
56,0,0.40,0.9936395763286845
56,0,0.45,0.9999691395338665
56,0,0.50,0.999519996667929
56,0,0.55,0.6300848923443965
56,0,0.60,0.9950958200937844
56,0,0.65,0.9973884325549347
56,0,0.70,0.9986427268949278
56,0,0.75,0.9956879817299066
56,0,0.80,0.9999103452081893
56,0,0.85,0.9997725243982479
56,0,0.90,0.9999381336527062
56,0,0.95,0.9999341816637507
56,1,0.05,0.9827706522500889
56,1,0.10,0.9918386059482921
56,1,0.15,0.9996201550937979
56,1,0.20,0.9898669653697371
56,1,0.25,0.9999176246537678
56,1,0.30,0.9966887250266894
56,1,0.35,0.9992955816321842
56,1,0.40,0.9981340148937714
56,1,0.45,0.9980163949704465
56,1,0.50,0.9986068655059532
56,1,0.55,0.987789962101566
56,1,0.60,0.999558817088825
56,1,0.65,0.9989183935183794
56,1,0.70,0.9998416030785364
56,1,0.75,0.9998692166103925
56,1,0.80,0.9957661139124919
56,1,0.85,0.9910599757632093
56,1,0.90,0.9966308689232708
56,1,0.95,0.9998851495615274
56,2,0.05,0.8305247316017864
56,2,0.10,0.9518690086785692
56,2,0.15,0.9993355841159045
56,2,0.20,0.9994804422365966
56,2,0.25,0.9999005580819927
56,2,0.30,0.6497957537891023
56,2,0.35,0.9998615602259261
56,2,0.40,0.9909491978307025
56,2,0.45,0.5708998086358811
56,2,0.50,0.9999532827561182
56,2,0.55,0.997325339366397
56,2,0.60,0.9996112855866179
56,2,0.65,0.9997297043265329
56,2,0.70,0.9999596685877054
56,2,0.75,0.9989784070123945
56,2,0.80,0.9991667737015107
56,2,0.85,0.9998879905528223
56,2,0.90,0.9998780670720882
56,2,0.95,0.998560289941666
56,3,0.05,0.8688469055954038
56,3,0.10,0.9931304839991206
56,3,0.15,0.9985357917350817
56,3,0.20,0.9879440811670461
56,3,0.25,0.9997768365853865
56,3,0.30,0.9999453111283196
56,3,0.35,0.999847385253082
56,3,0.40,0.9964329466629831
56,3,0.45,0.9944915938887876
56,3,0.50,0.9993415011988364
56,3,0.55,0.9920586571896373
56,3,0.60,0.9804388818839843
56,3,0.65,0.9999286396921835
56,3,0.70,0.9992575209120979
56,3,0.75,0.9999452495377752
56,3,0.80,0.998601064008477
56,3,0.85,0.9999150112432091
56,3,0.90,0.9999596316748496
56,3,0.95,0.9961084555077363
56,4,0.05,0.8997021323986127
56,4,0.10,0.9546412149969321
56,4,0.15,0.9991060895209224
56,4,0.20,0.9998950287996824
56,4,0.25,0.9999724158937712
56,4,0.30,0.995546729417855
56,4,0.35,0.6463584590114337
56,4,0.40,0.9998911834073855
56,4,0.45,0.9990893483845621
56,4,0.50,0.9951169535785981
56,4,0.55,0.9999246058936334
56,4,0.60,0.9999432427369906
56,4,0.65,0.9998381712150455
56,4,0.70,0.9965080839421916
56,4,0.75,0.9999491870994915
56,4,0.80,0.9993288763402752
56,4,0.85,0.9993568262623083
56,4,0.90,0.9999353659674446
56,4,0.95,0.9992764186486905
56,5,0.05,0.9674365070538798
56,5,0.10,0.9887953173659203
56,5,0.15,0.9997298117428111
56,5,0.20,0.9992333217731806
56,5,0.25,0.9915807924436673
56,5,0.30,0.9995154661117299
56,5,0.35,0.9999026228903257
56,5,0.40,0.9990607795523527
56,5,0.45,0.9970095089486529
56,5,0.50,0.6366242174903177
56,5,0.55,0.6478440747084462
56,5,0.60,0.9998747683901046
56,5,0.65,0.9999413782681492
56,5,0.70,0.9997205433117712
56,5,0.75,0.9998619545028398
56,5,0.80,0.9999574038734274
56,5,0.85,0.9994614988180076
56,5,0.90,0.9999429295511988
56,5,0.95,0.9997643182856029
56,6,0.05,0.9428155949828569
56,6,0.10,0.9989608901560719
56,6,0.15,0.9977143161114674
56,6,0.20,0.99981009971704
56,6,0.25,0.9997904865435776
56,6,0.30,0.9988987992388977
56,6,0.35,0.9997111304411358
56,6,0.40,0.9999205438638318
56,6,0.45,0.9977296079023763
56,6,0.50,0.9996350443027863
56,6,0.55,0.6344846165507233
56,6,0.60,0.9943190501719393
56,6,0.65,0.999536234104562
56,6,0.70,0.9999591963146701
56,6,0.75,0.9998570203900871
56,6,0.80,0.9977390557466127
56,6,0.85,0.9981249414024614
56,6,0.90,0.9999705457852032
56,6,0.95,0.9993103860952677
56,7,0.05,0.9423797362508685
56,7,0.10,0.9838866645287978
56,7,0.15,0.9997242957837503
56,7,0.20,0.999700616648474
56,7,0.25,0.9999182019883801
56,7,0.30,0.9997276487911194
56,7,0.35,0.9999407085609311
56,7,0.40,0.9996725102969803
56,7,0.45,0.9962487659952822
56,7,0.50,0.9999469492535779
56,7,0.55,0.9995434554224288
56,7,0.60,0.9952777546985804
56,7,0.65,0.9999191334460467
56,7,0.70,0.9999244348110728
56,7,0.75,0.9999248049927576
56,7,0.80,0.9954512135333943
56,7,0.85,0.9999656301831897
56,7,0.90,0.9972838880058026
56,7,0.95,0.9998060912192938
56,8,0.05,0.581149108812743
56,8,0.10,0.996685453943634
56,8,0.15,0.9954240206070923
56,8,0.20,0.9998827591575649
56,8,0.25,0.9996410970178138
56,8,0.30,0.993794281379954
56,8,0.35,0.9998792752117167
56,8,0.40,0.999939518864127
56,8,0.45,0.9984047323684744
56,8,0.50,0.9992696369098515
56,8,0.55,0.9996604840783873
56,8,0.60,0.9997034465419136
56,8,0.65,0.9958398370958665
56,8,0.70,0.9999742691531167
56,8,0.75,0.999932809215333
56,8,0.80,0.9999662024389578
56,8,0.85,0.9940672221170702
56,8,0.90,0.9996772094486249
56,8,0.95,0.9997749690174099
56,9,0.05,0.8666026902737236
56,9,0.10,0.9986689246799942
56,9,0.15,0.9993417199063762
56,9,0.20,0.9937490458165001
56,9,0.25,0.9998838026004179
56,9,0.30,0.9998856135995902
56,9,0.35,0.6207887921016664
56,9,0.40,0.9746999348172615
56,9,0.45,0.9959175430210363
56,9,0.50,0.9999170508872077
56,9,0.55,0.6138448974059967
56,9,0.60,0.9964256600359778
56,9,0.65,0.9999273523345277
56,9,0.70,0.9992531239433342
56,9,0.75,0.9999736440218857
56,9,0.80,0.9992331487241541
56,9,0.85,0.999383015039313
56,9,0.90,0.9993279359263972
56,9,0.95,0.9999626991261561
57,0,0.05,0.9301641874319728
57,0,0.10,0.9793666150635184
57,0,0.15,0.670567558011937
57,0,0.20,0.9814065306586036
57,0,0.25,0.6501580236627966
57,0,0.30,0.9999042726163421
57,0,0.35,0.9998852047809899
57,0,0.40,0.9993245787800842
57,0,0.45,0.9955251393616079
57,0,0.50,0.6207196720915628
57,0,0.55,0.6130150576368337
57,0,0.60,0.9999642028709048
57,0,0.65,0.9997436229691664
57,0,0.70,0.9998461727592947
57,0,0.75,0.9996169042624425
57,0,0.80,0.9949212230749134
57,0,0.85,0.9999535429643415
57,0,0.90,0.9957991190412856
57,0,0.95,0.9999569866048503
57,1,0.05,0.8454990720190569
57,1,0.10,0.9859896393706635
57,1,0.15,0.6061555628482742
57,1,0.20,0.6558611375907604
57,1,0.25,0.9658758680772005
57,1,0.30,0.9871729223160786
57,1,0.35,0.6025649951490429
57,1,0.40,0.9999499520411093
57,1,0.45,0.9993606424407686
57,1,0.50,0.9792475340830747
57,1,0.55,0.9980277328485022
57,1,0.60,0.999159479406578
57,1,0.65,0.6699262921290936
57,1,0.70,0.9994016992619188
57,1,0.75,0.999093732185037
57,1,0.80,0.9995419592398445
57,1,0.85,0.999663838131259
57,1,0.90,0.9993470111259353
57,1,0.95,0.9999439692790176
57,2,0.05,0.649329297531333
57,2,0.10,0.9670525415516628
57,2,0.15,0.9923559267523158
57,2,0.20,0.5513679810600397
57,2,0.25,0.6126251501855944
57,2,0.30,0.9997315662973524
57,2,0.35,0.9996748050719908
57,2,0.40,0.9983422283399267
57,2,0.45,0.9993370237994041
57,2,0.50,0.9742023699694491
57,2,0.55,0.9993289881577319
57,2,0.60,0.9923153882307112
57,2,0.65,0.9999373957509792
57,2,0.70,0.9999291432593238
57,2,0.75,0.9996957230157028
57,2,0.80,0.9999174046636253
57,2,0.85,0.9995527765217618
57,2,0.90,0.9996663153056903
57,2,0.95,0.9997594664100736
57,3,0.05,0.32365886441011893
57,3,0.10,0.9729165908008117
57,3,0.15,0.9987399498767952
57,3,0.20,0.9997322250426399
57,3,0.25,0.9992187058569515
57,3,0.30,0.9963274703774575
57,3,0.35,0.996938865086383
57,3,0.40,0.9989594052711852
57,3,0.45,0.999899579202991
57,3,0.50,0.9963078126321928
57,3,0.55,0.9993722113862117
57,3,0.60,0.9936897423086555
57,3,0.65,0.9994877986594519
57,3,0.70,0.9951344457732065
57,3,0.75,0.9997684363242081
57,3,0.80,0.6873701233831613
57,3,0.85,0.9998179020715944
57,3,0.90,0.9991476371672736
57,3,0.95,0.9998523260796304
57,4,0.05,0.9701924277294858
57,4,0.10,0.9688876230584654
57,4,0.15,0.6111023554816213
57,4,0.20,0.9920212003189101
57,4,0.25,0.9991714487672342
57,4,0.30,0.9788328095817186
57,4,0.35,0.9991915317496568
57,4,0.40,0.9981670112860477
57,4,0.45,0.9832277038999304
57,4,0.50,0.9991219357753909
57,4,0.55,0.9998064177581795
57,4,0.60,0.9882262942659558
57,4,0.65,0.97499506616327
57,4,0.70,0.9966858208536544
57,4,0.75,0.9999559197764831
57,4,0.80,0.6698235892672464
57,4,0.85,0.999428976163542
57,4,0.90,0.9995937527203989
57,4,0.95,0.9998505281777945
57,5,0.05,0.9912533167360138
57,5,0.10,0.9370279174192035
57,5,0.15,0.9918298590076494
57,5,0.20,0.6509619317851143
57,5,0.25,0.6368799666385605
57,5,0.30,0.6265281089423289
57,5,0.35,0.4725707567344821
57,5,0.40,0.9985589934612739
57,5,0.45,0.9994548603878881
57,5,0.50,0.9696396819831881
57,5,0.55,0.998224766540677
57,5,0.60,0.6164162819553539
57,5,0.65,0.9998691373685814
57,5,0.70,0.9968805332950044
57,5,0.75,0.9999263537342034
57,5,0.80,0.9816460459650285
57,5,0.85,0.9986795030356618
57,5,0.90,0.9999703863034526
57,5,0.95,0.9999635370657475
57,6,0.05,0.805495542001438
57,6,0.10,0.5226275887670239
57,6,0.15,0.5721462952588011
57,6,0.20,0.9894918259501221
57,6,0.25,0.5948960229913403
57,6,0.30,0.9977858236870161
57,6,0.35,0.9994891610161861
57,6,0.40,0.9995070376992405
57,6,0.45,0.9998894836245918
57,6,0.50,0.9964443747846473
57,6,0.55,0.9757351958444326
57,6,0.60,0.9996343464467677
57,6,0.65,0.678705224694685
57,6,0.70,0.9992237627411046
57,6,0.75,0.9923502972061553
57,6,0.80,0.9954756850599282
57,6,0.85,0.9943031911775091
57,6,0.90,0.999798618111526
57,6,0.95,0.9995104469339551
57,7,0.05,0.9954336964400275
57,7,0.10,0.9913113322749527
57,7,0.15,0.5548150069898425
57,7,0.20,0.4343993756257313
57,7,0.25,0.9959420156847287
57,7,0.30,0.9870365907339846
57,7,0.35,0.9999244143349973
57,7,0.40,0.9959306955312034
57,7,0.45,0.9999722987448736
57,7,0.50,0.9983721664702833
57,7,0.55,0.9995675062897255
57,7,0.60,0.999499072935086
57,7,0.65,0.6501356592003619
57,7,0.70,0.9999591044169516
57,7,0.75,0.9994075865175721
57,7,0.80,0.999900998868971
57,7,0.85,0.6597239787528352
57,7,0.90,0.9999547975949536
57,7,0.95,0.9994472662490453
57,8,0.05,0.7141167524288281
57,8,0.10,0.9896098660072613
57,8,0.15,0.999766359655102
57,8,0.20,0.9990551671257886
57,8,0.25,0.9980078967828981
57,8,0.30,0.5429533467206875
57,8,0.35,0.6435288838538268
57,8,0.40,0.6019118996482655
57,8,0.45,0.9971778444726577
57,8,0.50,0.9999549402959991
57,8,0.55,0.9996208230573824
57,8,0.60,0.999877550841704
57,8,0.65,0.9997455747205619
57,8,0.70,0.995361782275678
57,8,0.75,0.6800107349898714
57,8,0.80,0.6472000088058534
57,8,0.85,0.9991717209726817
57,8,0.90,0.9999043100648958
57,8,0.95,0.9995486142581379
57,9,0.05,0.9681494731690494
57,9,0.10,0.999050840800184
57,9,0.15,0.9876919573535083
57,9,0.20,0.988663879977554
57,9,0.25,0.5689857257383517
57,9,0.30,0.5130999740522371
57,9,0.35,0.9992156704140612
57,9,0.40,0.6413836099059873
57,9,0.45,0.9959349140993203
57,9,0.50,0.9763497208369726
57,9,0.55,0.999967587468941
57,9,0.60,0.9992927465063388
57,9,0.65,0.9959197244015192
57,9,0.70,0.9999615713868026
57,9,0.75,0.9978980078828648
57,9,0.80,0.603735193283305
57,9,0.85,0.9972532057045297
57,9,0.90,0.9995453822649657
57,9,0.95,0.9999473896371847
58,0,0.05,0.9624152844337018
58,0,0.10,0.9982304070861093
58,0,0.15,0.5714999320975696
58,0,0.20,0.9995269396485008
58,0,0.25,0.47709389310207995
58,0,0.30,0.9996996063388153
58,0,0.35,0.9988271164706523
58,0,0.40,0.9995526274556406
58,0,0.45,0.9956919052575866
58,0,0.50,0.6028449791933572
58,0,0.55,0.9972744297992712
58,0,0.60,0.9973805917049536
58,0,0.65,0.9999475825374635
58,0,0.70,0.9976935527562513
58,0,0.75,0.9997295276998186
58,0,0.80,0.9999304925229824
58,0,0.85,0.9949501757977688
58,0,0.90,0.9999318377153362
58,0,0.95,0.9991458439874791
58,1,0.05,0.5545766850154308
58,1,0.10,0.9720756768208878
58,1,0.15,0.9994423437267328
58,1,0.20,0.9792078714977922
58,1,0.25,0.9963128491507683
58,1,0.30,0.9964379747746405
58,1,0.35,0.9997587110091828
58,1,0.40,0.6299592772535245
58,1,0.45,0.9993305608150723
58,1,0.50,0.9999349330944747
58,1,0.55,0.9999192425367164
58,1,0.60,0.9997047326479728
58,1,0.65,0.995773084868646
58,1,0.70,0.9994982883406465
58,1,0.75,0.9752168416378456
58,1,0.80,0.649751542900793
58,1,0.85,0.9992917628986523
58,1,0.90,0.9999398465757623
58,1,0.95,0.9998938773157519
58,2,0.05,-0.12124868762687746
58,2,0.10,0.9989961387830396
58,2,0.15,0.9816310290125964
58,2,0.20,0.9995156443691844
58,2,0.25,0.6719767731490035
58,2,0.30,0.9997938796153149
58,2,0.35,0.9999143377431159
58,2,0.40,0.9990823754151181
58,2,0.45,0.9931787342341241
58,2,0.50,0.9993549994987393
58,2,0.55,0.999074505243649
58,2,0.60,0.9993310717822612
58,2,0.65,0.6473041935189952
58,2,0.70,0.9952642801732037
58,2,0.75,0.9956396743807254
58,2,0.80,0.9998726844524192
58,2,0.85,0.999893348088393
58,2,0.90,0.9994396946456445
58,2,0.95,0.9885312090057964
58,3,0.05,-0.5990219838790387
58,3,0.10,0.993668924972305
58,3,0.15,0.9969134708137121
58,3,0.20,0.944156802189499
58,3,0.25,0.9972586370091661
58,3,0.30,0.9952293185977513
58,3,0.35,0.9990624204555255
58,3,0.40,0.9997279055840764
58,3,0.45,0.5676262677501887
58,3,0.50,0.9998674177513642
58,3,0.55,0.9982398630686414
58,3,0.60,0.9999258452540272
58,3,0.65,0.6570925109783601
58,3,0.70,0.9946495016012077
58,3,0.75,0.9940562946439736
58,3,0.80,0.9993047985585926
58,3,0.85,0.9998107579914999
58,3,0.90,0.9999637002190719
58,3,0.95,0.9999634753122993
58,4,0.05,0.9422751469790119
58,4,0.10,0.9989029964024115
58,4,0.15,0.9970865268217375
58,4,0.20,0.9998398929879155
58,4,0.25,0.6656546634275715
58,4,0.30,0.9965348679223628
58,4,0.35,0.999519452656579
58,4,0.40,0.994102036889202
58,4,0.45,0.9986667280175222
58,4,0.50,0.9999140651162634
58,4,0.55,0.9678360740872556
58,4,0.60,0.9998394307411578
58,4,0.65,0.593871012044268
58,4,0.70,0.9998037883659825
58,4,0.75,0.9998636706201044
58,4,0.80,0.9992369315880433
58,4,0.85,0.9995358153800182
58,4,0.90,0.9980731190328344
58,4,0.95,0.9981856717982007
58,5,0.05,0.7740806884792193
58,5,0.10,0.9669178382208755
58,5,0.15,0.9993995850232833
58,5,0.20,0.9983255335816354
58,5,0.25,0.9838687103753672
58,5,0.30,0.9996876088501165
58,5,0.35,0.999854013272243
58,5,0.40,0.604431054206447
58,5,0.45,0.9998084256706737
58,5,0.50,0.9998528447872257
58,5,0.55,0.9992403409948433
58,5,0.60,0.9998985058560067
58,5,0.65,0.9999222796806
58,5,0.70,0.9993077158888726
58,5,0.75,0.9999200442355958
58,5,0.80,0.99928680221642
58,5,0.85,0.9999171836321239
58,5,0.90,0.9988567164839434
58,5,0.95,0.9999382506933524
58,6,0.05,0.8976435828187521
58,6,0.10,0.9994633165582931
58,6,0.15,0.9970948832739239
58,6,0.20,0.9923480549674945
58,6,0.25,0.5688145010435319
58,6,0.30,0.5497519098608268
58,6,0.35,0.999862451785925
58,6,0.40,0.999512322136886
58,6,0.45,0.9999326982847175
58,6,0.50,0.5884037710920899
58,6,0.55,0.613360164892973
58,6,0.60,0.9965906749799007
58,6,0.65,0.9999175061334308
58,6,0.70,0.9998316196630408
58,6,0.75,0.9981635299323519
58,6,0.80,0.9877847898137893
58,6,0.85,0.9954994379574101
58,6,0.90,0.994966398243433
58,6,0.95,0.999969115129298
58,7,0.05,0.4529110577289507
58,7,0.10,0.9933384335637648
58,7,0.15,0.9998731738702247
58,7,0.20,0.999019012743515
58,7,0.25,0.9982409035906207
58,7,0.30,0.6141262280816979
58,7,0.35,0.5825802121236695
58,7,0.40,0.9925678518606481
58,7,0.45,0.5953310537618276
58,7,0.50,0.9996781002783225
58,7,0.55,0.9765450393313571
58,7,0.60,0.9929719450752698
58,7,0.65,0.9724909393690713
58,7,0.70,0.9998407943337888
58,7,0.75,0.999491743676053
58,7,0.80,0.9997103769228852
58,7,0.85,0.9997823028979658
58,7,0.90,0.9999695099840303
58,7,0.95,0.9997822499911371
58,8,0.05,0.6368547442018184
58,8,0.10,0.9985787975229398
58,8,0.15,0.9998106491745697
58,8,0.20,0.9909231918894029
58,8,0.25,0.9983888434484479
58,8,0.30,0.5736384279206099
58,8,0.35,0.9998963262324819
58,8,0.40,0.9974400724193963
58,8,0.45,0.998189656240021
58,8,0.50,0.9999751294726414
58,8,0.55,0.9998769452149806
58,8,0.60,0.9972167727252329
58,8,0.65,0.9999108540723508
58,8,0.70,0.9827940567429608
58,8,0.75,0.9994288282305798
58,8,0.80,0.999861873165506
58,8,0.85,0.9944183390403658
58,8,0.90,0.6719590755610594
58,8,0.95,0.9993969438218929
58,9,0.05,0.8044275280942177
58,9,0.10,0.9968725224824214
58,9,0.15,0.9988221271708455
58,9,0.20,0.9966699417788092
58,9,0.25,0.3105339684286531
58,9,0.30,0.9988188188903063
58,9,0.35,0.9996832449084595
58,9,0.40,0.9999336912119017
58,9,0.45,0.9897360588022446
58,9,0.50,0.9997651656656249
58,9,0.55,0.6345629951270189
58,9,0.60,0.9999641469649152
58,9,0.65,0.9999809693263482
58,9,0.70,0.6526176662740282
58,9,0.75,0.9999585787166041
58,9,0.80,0.9987366548345388
58,9,0.85,0.9845679135057639
58,9,0.90,0.9998814947903107
58,9,0.95,0.999714311802576
59,0,0.05,0.9445369803412202
59,0,0.10,0.9651465361523293
59,0,0.15,0.9989218356876466
59,0,0.20,0.500483443137694
59,0,0.25,0.9982688994083673
59,0,0.30,0.9998322045185005
59,0,0.35,0.9999480367769172
59,0,0.40,0.9999303567190972
59,0,0.45,0.9999630196994052
59,0,0.50,0.9998586200000679
59,0,0.55,0.9998913900734869
59,0,0.60,0.9999587056821906
59,0,0.65,0.9995713260240989
59,0,0.70,0.9996093496927426
59,0,0.75,0.9894242227804132
59,0,0.80,0.9996592745081098
59,0,0.85,0.9995839471854535
59,0,0.90,0.9957185336635348
59,0,0.95,0.999214329578745
59,1,0.05,0.9638743388755919
59,1,0.10,0.9762692628815258
59,1,0.15,0.9979565984138934
59,1,0.20,0.9983566296381865
59,1,0.25,0.9955999719130196
59,1,0.30,0.9996001701328308
59,1,0.35,0.9995438508353448
59,1,0.40,0.9996260880824741
59,1,0.45,0.9995059725458658
59,1,0.50,0.9999633020267055
59,1,0.55,0.9998989578255684
59,1,0.60,0.9998752498858505
59,1,0.65,0.9999168203363313
59,1,0.70,0.9991616384390544
59,1,0.75,0.9999392410845378
59,1,0.80,0.9992328107272014
59,1,0.85,0.9998127014013263
59,1,0.90,0.9999405880757097
59,1,0.95,0.9938654522027659
59,2,0.05,-5.114489111609884
59,2,0.10,0.9913836885442443
59,2,0.15,0.9986182063664772
59,2,0.20,0.9999256084594224
59,2,0.25,0.9625587619671966
59,2,0.30,0.9999138064319991
59,2,0.35,0.998435398094367
59,2,0.40,0.9999054794612984
59,2,0.45,0.9991567914994299
59,2,0.50,0.999925248078023
59,2,0.55,0.9947303622187142
59,2,0.60,0.999883253856624
59,2,0.65,0.99971232874873
59,2,0.70,0.9946445142319998
59,2,0.75,0.9995999880632666
59,2,0.80,0.9999110291709862
59,2,0.85,0.9998692184656518
59,2,0.90,0.9995403724307604
59,2,0.95,0.9999267749918198
59,3,0.05,0.9687415601559556
59,3,0.10,0.9954346768819694
59,3,0.15,0.9951160624245623
59,3,0.20,0.9971318948906734
59,3,0.25,0.9982769492691284
59,3,0.30,0.9978779076384671
59,3,0.35,0.999104502689169
59,3,0.40,0.9998987999323269
59,3,0.45,0.9998693261203283
59,3,0.50,0.9992915343938572
59,3,0.55,0.999955091329337
59,3,0.60,0.9999768844724507
59,3,0.65,0.9998244261390336
59,3,0.70,0.9999676483600778
59,3,0.75,0.9993516131927201
59,3,0.80,0.9999344116139962
59,3,0.85,0.9999226176757834
59,3,0.90,0.9959521783998443
59,3,0.95,0.9999333710350019
59,4,0.05,0.8135983503712416
59,4,0.10,0.9977390819894558
59,4,0.15,0.9980757934684295
59,4,0.20,0.996862865699477
59,4,0.25,0.9995547579411869
59,4,0.30,0.9998824992973807
59,4,0.35,0.9999544234237978
59,4,0.40,0.9999117819337265
59,4,0.45,0.9997886870095208
59,4,0.50,0.9999341184944945
59,4,0.55,0.999723329038885
59,4,0.60,0.992954525156753
59,4,0.65,0.9998474634627418
59,4,0.70,0.9979828764806847
59,4,0.75,0.9999287422857497
59,4,0.80,0.9992817765757006
59,4,0.85,0.999957694226755
59,4,0.90,0.9994640575335335
59,4,0.95,0.9999609527037547
59,5,0.05,0.7064471085855475
59,5,0.10,0.9996677053309356
59,5,0.15,0.9980303397300327
59,5,0.20,0.9999326461914014
59,5,0.25,0.9992269038730012
59,5,0.30,0.9996396326173592
59,5,0.35,0.9999694323128181
59,5,0.40,0.9999519433983551
59,5,0.45,0.9999791828656875
59,5,0.50,0.9993301544378334
59,5,0.55,0.9997667305335403
59,5,0.60,0.9992910467191957
59,5,0.65,0.9999706760598575
59,5,0.70,0.9999821781669833
59,5,0.75,0.9998344856954824
59,5,0.80,0.9998011432309757
59,5,0.85,0.9999321894726974
59,5,0.90,0.9999077434756037
59,5,0.95,0.9997316156407856
59,6,0.05,0.9659688633308505
59,6,0.10,0.9988785281323894
59,6,0.15,0.9992537665691534
59,6,0.20,0.997186477011889
59,6,0.25,0.9994192441199641
59,6,0.30,0.9983445843765962
59,6,0.35,0.998637015763576
59,6,0.40,0.9999456562460954
59,6,0.45,0.9997075432027723
59,6,0.50,0.9999584945101079
59,6,0.55,0.999943482281357
59,6,0.60,0.9994972940299612
59,6,0.65,0.999963748175677
59,6,0.70,0.9992678972201607
59,6,0.75,0.999939102160249
59,6,0.80,0.6556888645264953
59,6,0.85,0.9961055510299301
59,6,0.90,0.9999497345234679
59,6,0.95,0.9985137659009796
59,7,0.05,0.83588192255843
59,7,0.10,0.9974232076037345
59,7,0.15,0.998732900066982
59,7,0.20,0.9994148412291763
59,7,0.25,0.9978003533512309
59,7,0.30,0.9996281467070156
59,7,0.35,0.9995862960294297
59,7,0.40,0.99986791053085
59,7,0.45,0.9998155931539177
59,7,0.50,0.9997874955958509
59,7,0.55,0.999838081664035
59,7,0.60,0.9981526280702995
59,7,0.65,0.9997165996246906
59,7,0.70,0.9993897017709039
59,7,0.75,0.999975278742453
59,7,0.80,0.998072660922144
59,7,0.85,0.9999429914434307
59,7,0.90,0.9999637424657652
59,7,0.95,0.9993981677664995
59,8,0.05,0.9985610739583515
59,8,0.10,0.9958450154597522
59,8,0.15,0.9976448146809332
59,8,0.20,0.9975377037873919
59,8,0.25,0.9999306705597599
59,8,0.30,0.998433821774716
59,8,0.35,0.999957471401332
59,8,0.40,0.9999450068676494
59,8,0.45,0.999966873141142
59,8,0.50,0.9995077290122583
59,8,0.55,0.9999554958243171
59,8,0.60,0.9999148757448171
59,8,0.65,0.9995921066809509
59,8,0.70,0.9998986317475048
59,8,0.75,0.999897799377059
59,8,0.80,0.9999232192343868
59,8,0.85,0.9999436540293904
59,8,0.90,0.9995969892627499
59,8,0.95,0.9991796914109748
59,9,0.05,0.8897547562773181
59,9,0.10,0.9967810521359701
59,9,0.15,0.997198281313276
59,9,0.20,0.9999061185902729
59,9,0.25,0.9985939795757992
59,9,0.30,0.9999718268410438
59,9,0.35,0.9999321033405882
59,9,0.40,0.9993290879326269
59,9,0.45,0.999974342103822
59,9,0.50,0.999227670183462
59,9,0.55,0.999871621510727
59,9,0.60,0.9999135553809273
59,9,0.65,0.9999214035737833
59,9,0.70,0.9984259634024597
59,9,0.75,0.9993613315780919
59,9,0.80,0.9998788729621918
59,9,0.85,0.9999342401631391
59,9,0.90,0.999817884100269
59,9,0.95,0.9999442946846627
60,0,0.05,0.9097105003697206
60,0,0.10,0.9892342630055971
60,0,0.15,0.9969563447864618
60,0,0.20,0.9982861947375098
60,0,0.25,0.9975197053214055
60,0,0.30,0.9999429780246316
60,0,0.35,0.9997484564720317
60,0,0.40,0.9954803490699167
60,0,0.45,0.9999172634726486
60,0,0.50,0.9999071238062114
60,0,0.55,0.9999771285245768
60,0,0.60,0.9998212010686431
60,0,0.65,0.9999237075082719
60,0,0.70,0.6385073145752336
60,0,0.75,0.9997782841267513
60,0,0.80,0.9986287425538161
60,0,0.85,0.9992206580105499
60,0,0.90,0.9999745941326619
60,0,0.95,0.9954523642806702
60,1,0.05,0.9703630352173773
60,1,0.10,0.9999410561382314
60,1,0.15,0.9979602302241297
60,1,0.20,0.9708851374303418
60,1,0.25,0.9997504213182774
60,1,0.30,0.9998368564531193
60,1,0.35,0.9960614623855134
60,1,0.40,0.9999315091390047
60,1,0.45,0.9996515118495052
60,1,0.50,0.9998321031622617
60,1,0.55,0.9996065770242499
60,1,0.60,0.999963085371767
60,1,0.65,0.9976916370951169
60,1,0.70,0.996301591735719
60,1,0.75,0.9998154875390867
60,1,0.80,0.9999340279533661
60,1,0.85,0.9995255151574599
60,1,0.90,0.996174604849367
60,1,0.95,0.9999535234481652
60,2,0.05,0.9532731656758477
60,2,0.10,0.9867105054071766
60,2,0.15,0.9972084418230496
60,2,0.20,0.9742067781213427
60,2,0.25,0.9992593615367704
60,2,0.30,0.9996277374562396
60,2,0.35,0.996881034907152
60,2,0.40,0.9968746341413688
60,2,0.45,0.9998488707439604
60,2,0.50,0.9998801986163529
60,2,0.55,0.9990497194319798
60,2,0.60,0.999894017122481
60,2,0.65,0.9851057181873614
60,2,0.70,0.9992298421242162
60,2,0.75,0.9977625149264777
60,2,0.80,0.9987458573484365
60,2,0.85,0.996103270154033
60,2,0.90,0.6500834599812751
60,2,0.95,0.9940205856313985
60,3,0.05,0.8014549417621599
60,3,0.10,0.9959762805816569
60,3,0.15,0.994558659617735
60,3,0.20,0.9996510653832195
60,3,0.25,0.9968602268649422
60,3,0.30,0.9996104077814142
60,3,0.35,0.9995302966324006
60,3,0.40,0.9997224723568908
60,3,0.45,0.9975963569683506
60,3,0.50,0.9999119343281353
60,3,0.55,0.9993302993662114
60,3,0.60,0.9991183661679142
60,3,0.65,0.9999004166641752
60,3,0.70,0.9999744710319479
60,3,0.75,0.99921996995093
60,3,0.80,0.9999422792767017
60,3,0.85,0.9999707160069202
60,3,0.90,0.997987793276895
60,3,0.95,0.9990435459094786
60,4,0.05,0.9819965389122207
60,4,0.10,0.9963097797810605
60,4,0.15,0.9983830957814003
60,4,0.20,0.999464164032047
60,4,0.25,0.9998044122434768
60,4,0.30,0.9998980546652547
60,4,0.35,0.9989734641954681
60,4,0.40,0.9999416436958752
60,4,0.45,0.99672907179205
60,4,0.50,0.9999623147119342
60,4,0.55,0.9999584591567422
60,4,0.60,0.9999179042167967
60,4,0.65,0.9993495704517572
60,4,0.70,0.9999754497078202
60,4,0.75,0.9999478086041649
60,4,0.80,0.99978443401656
60,4,0.85,0.9997680730976902
60,4,0.90,0.9991798937909099
60,4,0.95,0.9993210866831961
60,5,0.05,0.9800215477031664
60,5,0.10,0.9449571236025948
60,5,0.15,0.9991824521492095
60,5,0.20,0.9998145141366485
60,5,0.25,0.9991696632486274
60,5,0.30,0.9992219059392008
60,5,0.35,0.9997135284903286
60,5,0.40,0.995592424882928
60,5,0.45,0.9999683246954013
60,5,0.50,0.9997360821693058
60,5,0.55,0.9999546310766217
60,5,0.60,0.9997490611252753
60,5,0.65,0.9846346581451458
60,5,0.70,0.9993473221110101
60,5,0.75,0.9991706845584911
60,5,0.80,0.9999520446631587
60,5,0.85,0.6528628376311713
60,5,0.90,0.9994792618394928
60,5,0.95,0.9999676810308328
60,6,0.05,0.9564378985995308
60,6,0.10,0.9973028033124538
60,6,0.15,0.9912675147675121
60,6,0.20,0.9994430988107903
60,6,0.25,0.9998618628666868
60,6,0.30,0.9997794587408301
60,6,0.35,0.9998515180682137
60,6,0.40,0.999935454524553
60,6,0.45,0.9999568815626174
60,6,0.50,0.9998962645438706
60,6,0.55,0.9979279303857324
60,6,0.60,0.9999461814666045
60,6,0.65,0.9999418285500722
60,6,0.70,0.9998271610022748
60,6,0.75,0.9995237222294159
60,6,0.80,0.9999561968525983
60,6,0.85,0.9999389210561412
60,6,0.90,0.9985509901220277
60,6,0.95,0.9956011583787047
60,7,0.05,0.8247775293595142
60,7,0.10,0.7711010703642004
60,7,0.15,0.998033361431959
60,7,0.20,0.9999234113577983
60,7,0.25,0.9986778791294352
60,7,0.30,0.9997241944546823
60,7,0.35,0.999982327654922
60,7,0.40,0.9997780793556182
60,7,0.45,0.6383420981225876
60,7,0.50,0.9999147842990616
60,7,0.55,0.9994310834378063
60,7,0.60,0.9951123348358462
60,7,0.65,0.9999467051487158
60,7,0.70,0.9944728230633864
60,7,0.75,0.999948568897097
60,7,0.80,0.9962625596203881
60,7,0.85,0.9994381075335251
60,7,0.90,0.9920559440453071
60,7,0.95,0.9990393409598713
60,8,0.05,0.9913955818151402
60,8,0.10,0.9987007191579745
60,8,0.15,0.9977770040660853
60,8,0.20,0.9994380989689711
60,8,0.25,0.9979902977689434
60,8,0.30,0.99880035027947
60,8,0.35,0.9990377206596043
60,8,0.40,0.999954939457765
60,8,0.45,0.9997588832598101
60,8,0.50,0.999652902871345
60,8,0.55,0.9999054414441098
60,8,0.60,0.9998675481768744
60,8,0.65,0.999130397850552
60,8,0.70,0.6088578246116332
60,8,0.75,0.9996421993159325
60,8,0.80,0.9952675506372731
60,8,0.85,0.999386349261133
60,8,0.90,0.9999389631722659
60,8,0.95,0.9999270606958207
60,9,0.05,0.870828233005565
60,9,0.10,0.9779166493035972
60,9,0.15,0.9996012228449164
60,9,0.20,0.9970496308387016
60,9,0.25,0.9912385455526932
60,9,0.30,0.9705349709168951
60,9,0.35,0.9817581176745033
60,9,0.40,0.9996124754707592
60,9,0.45,0.999922150273749
60,9,0.50,0.9999178099021814
60,9,0.55,0.9999521004966813
60,9,0.60,0.9999519398251276
60,9,0.65,0.6521751076799733
60,9,0.70,0.9999380796313233
60,9,0.75,0.9999515117256744
60,9,0.80,0.6377397560532785
60,9,0.85,0.9994811318600062
60,9,0.90,0.9999363803947652
60,9,0.95,0.9995289588608046
61,0,0.05,0.9216863964863473
61,0,0.10,0.99910154269464
61,0,0.15,0.9959224370949175
61,0,0.20,0.997528894634517
61,0,0.25,0.9967206681283829
61,0,0.30,0.9998137265695339
61,0,0.35,0.9999295785629171
61,0,0.40,0.9997090594264386
61,0,0.45,0.999547447121007
61,0,0.50,0.9999352512330615
61,0,0.55,0.9998940977966562
61,0,0.60,0.9934862788654184
61,0,0.65,0.9998654431394628
61,0,0.70,0.9999687173340394
61,0,0.75,0.9984312866326035
61,0,0.80,0.9994090630193138
61,0,0.85,0.9990856565161936
61,0,0.90,0.9957576151021125
61,0,0.95,0.9999589293955532
61,1,0.05,0.9073041404757457
61,1,0.10,0.9944335596536897
61,1,0.15,0.9973029176767376
61,1,0.20,0.9870252737529883
61,1,0.25,0.9998231490734675
61,1,0.30,0.9998853015902956
61,1,0.35,0.9998600771620264
61,1,0.40,0.9743288404329339
61,1,0.45,0.9948226871755441
61,1,0.50,0.9937444863485361
61,1,0.55,0.9997014337845865
61,1,0.60,0.9993669246340886
61,1,0.65,0.9956927870723608
61,1,0.70,0.6180378880500452
61,1,0.75,0.9948430318316527
61,1,0.80,0.654113435329387
61,1,0.85,0.9999041458508438
61,1,0.90,0.9997469012543554
61,1,0.95,0.9997554616160016
61,2,0.05,0.8414175979991063
61,2,0.10,0.9974237833948725
61,2,0.15,0.9877283087244854
61,2,0.20,0.9996062789818534
61,2,0.25,0.9997306860507263
61,2,0.30,0.9999539339473567
61,2,0.35,0.9998267909146927
61,2,0.40,0.9946568003932543
61,2,0.45,0.9997148824351247
61,2,0.50,0.9998416077026939
61,2,0.55,0.9999479054722691
61,2,0.60,0.9999732220507079
61,2,0.65,0.9999248053306263
61,2,0.70,0.9986554594710003
61,2,0.75,0.9994713436817402
61,2,0.80,0.9998689877253096
61,2,0.85,0.9999485738323166
61,2,0.90,0.9994685845881396
61,2,0.95,0.9999580439273891
61,3,0.05,0.4359119507060526
61,3,0.10,0.9990991848842388
61,3,0.15,0.9995579628933452
61,3,0.20,0.997187684510545
61,3,0.25,0.994192364583019
61,3,0.30,0.999896917313931
61,3,0.35,0.9995812436833508
61,3,0.40,0.9998678338664096
61,3,0.45,0.9994101204545982
61,3,0.50,0.9998942479301358
61,3,0.55,0.9999406410087677
61,3,0.60,0.9999008578884179
61,3,0.65,0.9999748406334468
61,3,0.70,0.9970850326231586
61,3,0.75,0.988467465989498
61,3,0.80,0.6719804315275852
61,3,0.85,0.9974058464444558
61,3,0.90,0.9996384566268702
61,3,0.95,0.9863804560263543
61,4,0.05,0.27956680479383134
61,4,0.10,0.9974203349726861
61,4,0.15,0.9995687573183835
61,4,0.20,0.5483722214197926
61,4,0.25,0.9985321900101741
61,4,0.30,0.9999302851335338
61,4,0.35,0.999666053528923
61,4,0.40,0.991318887044057
61,4,0.45,0.9999240737975545
61,4,0.50,0.994021005515504
61,4,0.55,0.9999377127787661
61,4,0.60,0.998128745184437
61,4,0.65,0.99986561540276
61,4,0.70,0.9956625118121125
61,4,0.75,0.9948709917310995
61,4,0.80,0.9995183094596855
61,4,0.85,0.999379606981018
61,4,0.90,0.9998967832098656
61,4,0.95,0.9940376289381331
61,5,0.05,-0.01850839655687908
61,5,0.10,0.9854504606719533
61,5,0.15,0.9546579809157949
61,5,0.20,0.9992020274370176
61,5,0.25,0.9997874869050367
61,5,0.30,0.9995803780736773
61,5,0.35,0.9999123125914803
61,5,0.40,0.999952896562783
61,5,0.45,0.9998326185828341
61,5,0.50,0.9999281956581506
61,5,0.55,0.9998169834135258
61,5,0.60,0.999964775615926
61,5,0.65,0.999951322803691
61,5,0.70,0.9788239279370355
61,5,0.75,0.9999042185050369
61,5,0.80,0.9992779635698349
61,5,0.85,0.9999139446971776
61,5,0.90,0.9999647508391666
61,5,0.95,0.9995539323362564
61,6,0.05,0.9425745716656064
61,6,0.10,0.988430635569401
61,6,0.15,0.9996056087550056
61,6,0.20,0.6848675923740917
61,6,0.25,0.9915589865129039
61,6,0.30,0.9980562013178091
61,6,0.35,0.999554561960992
61,6,0.40,0.9928271768896461
61,6,0.45,0.9999478068196685
61,6,0.50,0.9928423734136391
61,6,0.55,0.9997853711419322
61,6,0.60,0.9998595072792803
61,6,0.65,0.99911251078855
61,6,0.70,0.9973074972047768
61,6,0.75,0.9999601038651934
61,6,0.80,0.9997894814366195
61,6,0.85,0.9995803732174252
61,6,0.90,0.6495738139720874
61,6,0.95,0.9998393600231004
61,7,0.05,0.9455627221218286
61,7,0.10,0.9837021058029007
61,7,0.15,0.9948698327576052
61,7,0.20,0.998056134136205
61,7,0.25,0.9996978170235881
61,7,0.30,0.9995677763718459
61,7,0.35,0.9959285339284193
61,7,0.40,0.9999414933724418
61,7,0.45,0.9987759181843415
61,7,0.50,0.9998413068352651
61,7,0.55,0.9999799261786353
61,7,0.60,0.99991083699193
61,7,0.65,0.9998534661555633
61,7,0.70,0.999145148637424
61,7,0.75,0.999649770536182
61,7,0.80,0.9999622559778873
61,7,0.85,0.9999540379246016
61,7,0.90,0.9989199369994278
61,7,0.95,0.9999581635154282
61,8,0.05,0.9978409535162935
61,8,0.10,0.9994983386703312
61,8,0.15,0.9991920299378328
61,8,0.20,0.9999351921291133
61,8,0.25,0.9999094778124108
61,8,0.30,0.9979143371000446
61,8,0.35,0.9998924422675279
61,8,0.40,0.9999176506278046
61,8,0.45,0.9996575109129534
61,8,0.50,0.9999580563732092
61,8,0.55,0.9998240414685933
61,8,0.60,0.9999616701637963
61,8,0.65,0.9999336528565161
61,8,0.70,0.9953112522544812
61,8,0.75,0.9957351058640508
61,8,0.80,0.9951391763193859
61,8,0.85,0.9999730157224006
61,8,0.90,0.9998752736523836
61,8,0.95,0.9999308385089108
61,9,0.05,0.9150136791264329
61,9,0.10,0.4341567225611207
61,9,0.15,0.9994948408005225
61,9,0.20,0.9996297288152474
61,9,0.25,0.998874574711461
61,9,0.30,0.6336284193392118
61,9,0.35,0.9989779370910842
61,9,0.40,0.9999093570264083
61,9,0.45,0.9998770852870973
61,9,0.50,0.998093092114425
61,9,0.55,0.999631609715624
61,9,0.60,0.9999474599199679
61,9,0.65,0.9999334467672458
61,9,0.70,0.9999228374475003
61,9,0.75,0.9995167883253485
61,9,0.80,0.9997781482979647
61,9,0.85,0.9998485821774491
61,9,0.90,0.9993800658915092
61,9,0.95,0.9998440008531443
62,0,0.05,0.258974073579159
62,0,0.10,0.9984648655406146
62,0,0.15,0.8585809240615714
62,0,0.20,0.9992167370824815
62,0,0.25,0.9997152381881149
62,0,0.30,0.9914838104046674
62,0,0.35,0.9999350356160043
62,0,0.40,0.9998130780795601
62,0,0.45,0.9997583259245982
62,0,0.50,0.9879712347343766
62,0,0.55,0.9999521097684487
62,0,0.60,0.9999434672366141
62,0,0.65,0.9999223363275688
62,0,0.70,0.9999150056777095
62,0,0.75,0.9956061572459115
62,0,0.80,0.9998772530990985
62,0,0.85,0.9999166212735516
62,0,0.90,0.9999078317824801
62,0,0.95,0.9999377164632861
62,1,0.05,0.8905549222653455
62,1,0.10,0.9890150153025379
62,1,0.15,0.9936783424379165
62,1,0.20,0.9996322424451268
62,1,0.25,0.9972158191831999
62,1,0.30,0.9997291844868604
62,1,0.35,0.999949979680788
62,1,0.40,0.679375675036765
62,1,0.45,0.9995373142720597
62,1,0.50,0.9993426561250571
62,1,0.55,0.9998656176550241
62,1,0.60,0.9999627525168723
62,1,0.65,0.994501956766069
62,1,0.70,0.998462645040683
62,1,0.75,0.9999556015609197
62,1,0.80,0.9994760271486617
62,1,0.85,0.9999371525613587
62,1,0.90,0.999929402640518
62,1,0.95,0.9999637283831632
62,2,0.05,-6.1918259441747985
62,2,0.10,0.9654014677491392
62,2,0.15,0.9995676433414435
62,2,0.20,0.9998407728026726
62,2,0.25,0.9864381617369715
62,2,0.30,0.9996583033602349
62,2,0.35,0.9998669401808773
62,2,0.40,0.9999298393622479
62,2,0.45,0.9988058180673163
62,2,0.50,0.9993873238981184
62,2,0.55,0.9997883002832397
62,2,0.60,0.9996997044810669
62,2,0.65,0.9999754001222162
62,2,0.70,0.9954487968184142
62,2,0.75,0.6475158558880529
62,2,0.80,0.985317649836052
62,2,0.85,0.9760196091137059
62,2,0.90,0.9993841712457756
62,2,0.95,0.9999353125320211
62,3,0.05,0.2702511030401551
62,3,0.10,0.9907401459126888
62,3,0.15,0.9762573622911663
62,3,0.20,0.9998964825630552
62,3,0.25,0.9998468664561058
62,3,0.30,0.9994803087892894
62,3,0.35,0.9999493102032604
62,3,0.40,0.6474786224095652
62,3,0.45,0.9989984169707355
62,3,0.50,0.9995341267576228
62,3,0.55,0.999288354945715
62,3,0.60,0.9999474658566727
62,3,0.65,0.9998404818012161
62,3,0.70,0.9998933649992665
62,3,0.75,0.9993644031053329
62,3,0.80,0.9995335439537671
62,3,0.85,0.9999416678457309
62,3,0.90,0.9949151378819111
62,3,0.95,0.9999791366039348
62,4,0.05,0.9365595335450522
62,4,0.10,0.9419377449984229
62,4,0.15,0.9918693329819889
62,4,0.20,0.9994458302701926
62,4,0.25,0.9996891821229911
62,4,0.30,0.9978500996971297
62,4,0.35,0.9998843913007008
62,4,0.40,0.6113852571430327
62,4,0.45,0.6819490179589613
62,4,0.50,0.9999567485216984
62,4,0.55,0.9999360531075516
62,4,0.60,0.9998681052830841
62,4,0.65,0.9999504179699278
62,4,0.70,0.993427773006811
62,4,0.75,0.9999606394841108
62,4,0.80,0.9947531290447214
62,4,0.85,0.9999238033798612
62,4,0.90,0.9995896162137976
62,4,0.95,0.9998667591491355
62,5,0.05,0.4086178320540246
62,5,0.10,0.9904590735203105
62,5,0.15,0.9985538345382794
62,5,0.20,0.9966878878559571
62,5,0.25,0.9999465873695947
62,5,0.30,0.9966631344613839
62,5,0.35,0.9984443256929469
62,5,0.40,0.9979384956985906
62,5,0.45,0.999952219003602
62,5,0.50,0.9979318140459362
62,5,0.55,0.9998986551150562
62,5,0.60,0.9998674410286569
62,5,0.65,0.9996106621679902
62,5,0.70,0.9999339248492717
62,5,0.75,0.9999505323801642
62,5,0.80,0.9999264575997915
62,5,0.85,0.9988859251672272
62,5,0.90,0.999195764771835
62,5,0.95,0.9995979142258078
62,6,0.05,-39.262168615618926
62,6,0.10,0.9976686363476269
62,6,0.15,0.9861480172084213
62,6,0.20,0.9943424181549476
62,6,0.25,0.9998513444807545
62,6,0.30,0.9994541533864483
62,6,0.35,0.9993746704509849
62,6,0.40,0.9986925459814008
62,6,0.45,0.9999130991810877
62,6,0.50,0.9997988580783375
62,6,0.55,0.9996364205756927
62,6,0.60,0.9999572931284656
62,6,0.65,0.9999241137013769
62,6,0.70,0.9999614703425295
62,6,0.75,0.6565837346009131
62,6,0.80,0.9980885959001324
62,6,0.85,0.99839309376441
62,6,0.90,0.9999551937367981
62,6,0.95,0.9989464553729547
62,7,0.05,0.9295697289317322
62,7,0.10,0.6866170496342241
62,7,0.15,0.9960173372946014
62,7,0.20,0.9989603844079863
62,7,0.25,0.9999312264759872
62,7,0.30,0.5918941633244745
62,7,0.35,0.6793288801440961
62,7,0.40,0.9851445577464626
62,7,0.45,0.999953174581918
62,7,0.50,0.6358664758919532
62,7,0.55,0.9999575318713882
62,7,0.60,0.9999006580558966
62,7,0.65,0.9999577961752787
62,7,0.70,0.9921049131110874
62,7,0.75,0.9999657892901642
62,7,0.80,0.9999091309078394
62,7,0.85,0.9943961598899962
62,7,0.90,0.9999748869776299
62,7,0.95,0.9994044853458836
62,8,0.05,0.7346268702828327
62,8,0.10,0.9981073650417706
62,8,0.15,0.9965738135644073
62,8,0.20,0.9992250340354017
62,8,0.25,0.9979283491670219
62,8,0.30,0.9905381061928267
62,8,0.35,0.5375529575458999
62,8,0.40,0.9999593138207878
62,8,0.45,0.9997206151651947
62,8,0.50,0.9757267525072493
62,8,0.55,0.9999238908106176
62,8,0.60,0.9997195388163641
62,8,0.65,0.9996894354019328
62,8,0.70,0.99909806338086
62,8,0.75,0.9991413137403675
62,8,0.80,0.9995269815147038
62,8,0.85,0.9999111918861571
62,8,0.90,0.9999640815787189
62,8,0.95,0.9997230349917675
62,9,0.05,0.6728227425264772
62,9,0.10,0.9973934101384702
62,9,0.15,0.9951379057167402
62,9,0.20,0.9999580382847292
62,9,0.25,0.9874926597751312
62,9,0.30,0.9993678162926134
62,9,0.35,0.9982491563560084
62,9,0.40,0.9945484878812336
62,9,0.45,0.9999383255572265
62,9,0.50,0.9996034245228047
62,9,0.55,0.9911942115779643
62,9,0.60,0.9988804647569266
62,9,0.65,0.9997725446619288
62,9,0.70,0.9944281437460534
62,9,0.75,0.9999680254098838
62,9,0.80,0.9999442133036254
62,9,0.85,0.9991703374252063
62,9,0.90,0.9998004225490748
62,9,0.95,0.9999268287886475
63,0,0.05,0.8935829203049473
63,0,0.10,0.9989258422060008
63,0,0.15,0.9812106343550586
63,0,0.20,0.9993818384022795
63,0,0.25,0.554205365729922
63,0,0.30,0.9993756253666403
63,0,0.35,0.558546512374763
63,0,0.40,0.9995397844873115
63,0,0.45,0.9978479709043809
63,0,0.50,0.9992911000074258
63,0,0.55,0.999625889154183
63,0,0.60,0.9962595157015615
63,0,0.65,0.9999403038945545
63,0,0.70,0.9999355385971437
63,0,0.75,0.9992791436307815
63,0,0.80,0.9998580352836626
63,0,0.85,0.99596475149813
63,0,0.90,0.999934525384673
63,0,0.95,0.9951388961025222
63,1,0.05,0.9666413333363075
63,1,0.10,0.9895785860780332
63,1,0.15,0.9989334491147257
63,1,0.20,0.9997645145961281
63,1,0.25,0.9749767982247071
63,1,0.30,0.9999658802554824
63,1,0.35,0.9777775735458782
63,1,0.40,0.9999281979139519
63,1,0.45,0.9999490104867669
63,1,0.50,0.9999460667423209
63,1,0.55,0.9999621368150552
63,1,0.60,0.9884066033912429
63,1,0.65,0.9852558059890256
63,1,0.70,0.999927650953465
63,1,0.75,0.9998148547677864
63,1,0.80,0.9992709148506722
63,1,0.85,0.9999385148037016
63,1,0.90,0.999934501070103
63,1,0.95,0.9991172667888384
63,2,0.05,0.9059833008343691
63,2,0.10,0.9376612539533549
63,2,0.15,0.9974028618860931
63,2,0.20,0.9979379225686672
63,2,0.25,0.6327785581746221
63,2,0.30,0.9998902790341964
63,2,0.35,0.9986476886104143
63,2,0.40,0.6686371363987429
63,2,0.45,0.6242329329816317
63,2,0.50,0.999947298184068
63,2,0.55,0.9996163935769824
63,2,0.60,0.9997730793514492
63,2,0.65,0.9999611856941528
63,2,0.70,0.9950663618136318
63,2,0.75,0.9896658629221886
63,2,0.80,0.9999083628114633
63,2,0.85,0.9998845718752587
63,2,0.90,0.9956943299354435
63,2,0.95,0.9999558346922827
63,3,0.05,0.9359263050937797
63,3,0.10,0.9922139563485878
63,3,0.15,0.9993078878944284
63,3,0.20,0.9812039685155879
63,3,0.25,0.5626400666120357
63,3,0.30,0.9949644687833096
63,3,0.35,0.999922362032013
63,3,0.40,0.9999288402117555
63,3,0.45,0.9998953995494229
63,3,0.50,0.9996036769824999
63,3,0.55,0.9955586279868706
63,3,0.60,0.9979546719252234
63,3,0.65,0.9992702458448594
63,3,0.70,0.9999291782288916
63,3,0.75,0.6080225231058274
63,3,0.80,0.9999659246379948
63,3,0.85,0.9984440644643988
63,3,0.90,0.9998922193604475
63,3,0.95,0.9998731192782754
63,4,0.05,0.8403934445885785
63,4,0.10,0.9960845329707518
63,4,0.15,0.9990142926106123
63,4,0.20,0.994623262896676
63,4,0.25,0.9994244725787877
63,4,0.30,0.9976313866737461
63,4,0.35,0.9920094766583792
63,4,0.40,0.9999344063234775
63,4,0.45,0.9999514099094723
63,4,0.50,0.9980612660842175
63,4,0.55,0.9992058776882677
63,4,0.60,0.6152663051562739
63,4,0.65,0.9993901613488935
63,4,0.70,0.9993002443386563
63,4,0.75,0.9999567314184464
63,4,0.80,0.9996155674650558
63,4,0.85,0.9997282434707103
63,4,0.90,0.9999285633832663
63,4,0.95,0.9999185779568132
63,5,0.05,0.8471110088947803
63,5,0.10,0.9978301902952011
63,5,0.15,0.9991511799660885
63,5,0.20,0.9690627775706667
63,5,0.25,0.9994511183838659
63,5,0.30,0.9998460835430057
63,5,0.35,0.9997600832382593
63,5,0.40,0.9999254325188459
63,5,0.45,0.9972086983155877
63,5,0.50,0.9983727172721213
63,5,0.55,0.9959024935863017
63,5,0.60,0.99964826690131
63,5,0.65,0.9999180362132744
63,5,0.70,0.9991953100505296
63,5,0.75,0.9999738041243891
63,5,0.80,0.9988721609128155
63,5,0.85,0.9920737596155791
63,5,0.90,0.9955794120840409
63,5,0.95,0.9999175044836102
63,6,0.05,-0.9546660462145893
63,6,0.10,0.9953164234717264
63,6,0.15,0.9978560312678078
63,6,0.20,0.9917688117158915
63,6,0.25,0.6358343521439642
63,6,0.30,0.5704540149384556
63,6,0.35,0.6489926320065003
63,6,0.40,0.9998256908376948
63,6,0.45,0.9984525924934171
63,6,0.50,0.9993752968262374
63,6,0.55,0.999478033278639
63,6,0.60,0.9947534000603432
63,6,0.65,0.9998041647638916
63,6,0.70,0.9992675931136628
63,6,0.75,0.9956804009152945
63,6,0.80,0.9999585148073944
63,6,0.85,0.9999151499339847
63,6,0.90,0.9998746560683833
63,6,0.95,0.9999221105328149
63,7,0.05,0.958071559812011
63,7,0.10,0.9998328274922478
63,7,0.15,0.9998246237023324
63,7,0.20,0.9962202064429598
63,7,0.25,0.29348593921040456
63,7,0.30,0.9997723833114978
63,7,0.35,0.9979845700480661
63,7,0.40,0.9948786915366404
63,7,0.45,0.9998681903182329
63,7,0.50,0.6446339231085891
63,7,0.55,0.9995904904585391
63,7,0.60,0.9966546580081054
63,7,0.65,0.9998407813398839
63,7,0.70,0.999860481829037
63,7,0.75,0.9999633473324295
63,7,0.80,0.9915197962274536
63,7,0.85,0.6225517903794863
63,7,0.90,0.996963665711969
63,7,0.95,0.9999435572035019
63,8,0.05,0.9181057863131753
63,8,0.10,0.9841552990457246
63,8,0.15,0.9960335265030018
63,8,0.20,0.996608507814593
63,8,0.25,0.9998683926778607
63,8,0.30,0.9993070650744859
63,8,0.35,0.999945935394496
63,8,0.40,0.9999102844815563
63,8,0.45,0.9999506517085615
63,8,0.50,0.9996972163007193
63,8,0.55,0.9996424414139783
63,8,0.60,0.9854792049600241
63,8,0.65,0.9993675074464285
63,8,0.70,0.9997969501548423
63,8,0.75,0.9995229780645413
63,8,0.80,0.9995423468713925
63,8,0.85,0.9992015113595871
63,8,0.90,0.9985198285540124
63,8,0.95,0.9998410420499997
63,9,0.05,0.9209340362550529
63,9,0.10,0.99752799373211
63,9,0.15,0.9931000487863829
63,9,0.20,0.9982449994351247
63,9,0.25,0.5633861353741856
63,9,0.30,0.999869730354974
63,9,0.35,0.6567937516271378
63,9,0.40,0.9999561571807978
63,9,0.45,0.9958270302958497
63,9,0.50,0.9996739133245214
63,9,0.55,0.9998312892059089
63,9,0.60,0.9782513883199446
63,9,0.65,0.9996933970523182
63,9,0.70,0.9999072833649936
63,9,0.75,0.9997329263294175
63,9,0.80,0.9978622243325638
63,9,0.85,0.9953678200973755
63,9,0.90,0.9994108193526277
63,9,0.95,0.9994784842045922
64,0,0.05,-0.6855059789993381
64,0,0.10,0.8004214876580696
64,0,0.15,0.9988877233643991
64,0,0.20,0.9999221455300462
64,0,0.25,0.9979094623029684
64,0,0.30,0.9811324684887277
64,0,0.35,0.9999017210654618
64,0,0.40,0.9995118913551283
64,0,0.45,0.9998094234617989
64,0,0.50,0.9999362253027536
64,0,0.55,0.9998706207605118
64,0,0.60,0.9999608095005212
64,0,0.65,0.9987165798222019
64,0,0.70,0.999501434823475
64,0,0.75,0.999402368697154
64,0,0.80,0.9998722789353386
64,0,0.85,0.9992044739497958
64,0,0.90,0.9996717285445106
64,0,0.95,0.9994490499720255
64,1,0.05,0.8317135096679208
64,1,0.10,0.9801051838351453
64,1,0.15,0.9670632536843344
64,1,0.20,0.987553254840618
64,1,0.25,0.9994819218072158
64,1,0.30,0.9945896997410132
64,1,0.35,0.999912162150406
64,1,0.40,0.9976595479249928
64,1,0.45,0.9999283321277499
64,1,0.50,0.9997111458058636
64,1,0.55,0.9995069760057443
64,1,0.60,0.9995848734969336
64,1,0.65,0.9993448368158089
64,1,0.70,0.9999421115830425
64,1,0.75,0.9955496108552844
64,1,0.80,0.9997881571463116
64,1,0.85,0.9998707632456061
64,1,0.90,0.9994300156769255
64,1,0.95,0.9999611156007377
64,2,0.05,-56.227717284840196
64,2,0.10,0.9659290231901844
64,2,0.15,0.995285176110526
64,2,0.20,0.9989468590442591
64,2,0.25,0.9941025725506517
64,2,0.30,0.999450061612329
64,2,0.35,0.9999084850080296
64,2,0.40,0.9998810311536503
64,2,0.45,0.9972450726679973
64,2,0.50,0.9997863263523025
64,2,0.55,0.999574967983562
64,2,0.60,0.6883572680620054
64,2,0.65,0.9990650780243272
64,2,0.70,0.9998910851692727
64,2,0.75,0.9999499898102172
64,2,0.80,0.9951852038658574
64,2,0.85,0.9997933405380095
64,2,0.90,0.9994315926760983
64,2,0.95,0.999918048472377
64,3,0.05,0.7792576321325513
64,3,0.10,0.8874629011954149
64,3,0.15,0.998457255510339
64,3,0.20,0.9999086744792964
64,3,0.25,0.9999509265004941
64,3,0.30,0.999856561559905
64,3,0.35,0.995832888820207
64,3,0.40,0.967849711030674
64,3,0.45,0.999962098393898
64,3,0.50,0.9998254693134176
64,3,0.55,0.9978231131893642
64,3,0.60,0.9999061025364709
64,3,0.65,0.99951429524694
64,3,0.70,0.9999368175754808
64,3,0.75,0.9999358802454282
64,3,0.80,0.9995923557218906
64,3,0.85,0.9996133080765258
64,3,0.90,0.9999466758308568
64,3,0.95,0.9994365528691141
64,4,0.05,0.9338400966373247
64,4,0.10,0.8158975759425662
64,4,0.15,0.9990617053427425
64,4,0.20,0.9995717357757905
64,4,0.25,0.9998741220278349
64,4,0.30,0.9998970492964357
64,4,0.35,0.9998663438961775
64,4,0.40,0.9974542384023942
64,4,0.45,0.9974640712421488
64,4,0.50,0.9995380003488343
64,4,0.55,0.9997835339098392
64,4,0.60,0.9995185684968512
64,4,0.65,0.997610427753121
64,4,0.70,0.9997673584169796
64,4,0.75,0.9999686905843109
64,4,0.80,0.9882960975103342
64,4,0.85,0.9995371697032203
64,4,0.90,0.9950105648154864
64,4,0.95,0.9867147747694486
64,5,0.05,0.3753782384641787
64,5,0.10,0.917501249196295
64,5,0.15,0.9949464551416248
64,5,0.20,0.9929234300344402
64,5,0.25,0.9994699214684976
64,5,0.30,0.9970393384301323
64,5,0.35,0.9999047491449186
64,5,0.40,0.9997146849803198
64,5,0.45,0.9995003335580405
64,5,0.50,0.9836741351538016
64,5,0.55,0.999499073979912
64,5,0.60,0.9999398113895487
64,5,0.65,0.9993335141338089
64,5,0.70,0.9998755458596791
64,5,0.75,0.9993310294244092
64,5,0.80,0.9988418546644756
64,5,0.85,0.9999619716395903
64,5,0.90,0.9995632298423094
64,5,0.95,0.9998799406563179
64,6,0.05,0.3841359163246235
64,6,0.10,0.9466065934003078
64,6,0.15,0.999188351450543
64,6,0.20,0.9939796991671259
64,6,0.25,0.9985720932437971
64,6,0.30,0.999952427605116
64,6,0.35,0.999496119547853
64,6,0.40,0.9997704955834759
64,6,0.45,0.9999445091708632
64,6,0.50,0.9746839025354391
64,6,0.55,0.9999718917735412
64,6,0.60,0.9999065276182312
64,6,0.65,0.9994767551069403
64,6,0.70,0.9987839797256405
64,6,0.75,0.9998290763873893
64,6,0.80,0.9999753545292722
64,6,0.85,0.9981729261324594
64,6,0.90,0.9996770276386019
64,6,0.95,0.999886393877198
64,7,0.05,-0.20270457024291466
64,7,0.10,0.9927791650283304
64,7,0.15,0.9957231654943344
64,7,0.20,0.9984515316264622
64,7,0.25,0.9981852738096932
64,7,0.30,0.9997080229603093
64,7,0.35,0.9999410985632697
64,7,0.40,0.9961500483805156
64,7,0.45,0.9999648498569256
64,7,0.50,0.9999304803863575
64,7,0.55,0.9982767710101788
64,7,0.60,0.9932017928686145
64,7,0.65,0.9949235884173006
64,7,0.70,0.9981745831424842
64,7,0.75,0.9996034508494519
64,7,0.80,0.9999428893680441
64,7,0.85,0.9932622804522008
64,7,0.90,0.9999732055458078
64,7,0.95,0.9999008501318447
64,8,0.05,0.49202819322239766
64,8,0.10,0.9817497114010623
64,8,0.15,0.9975517266339505
64,8,0.20,0.9996969910155618
64,8,0.25,0.9999458017475295
64,8,0.30,0.999257364983743
64,8,0.35,0.9998804903113503
64,8,0.40,0.9999622683679801
64,8,0.45,0.9999350881990564
64,8,0.50,0.9999347872876965
64,8,0.55,0.9999350919025533
64,8,0.60,0.9993672862278155
64,8,0.65,0.9999611278030093
64,8,0.70,0.9946617349532166
64,8,0.75,0.9994950432605527
64,8,0.80,0.9995006452070624
64,8,0.85,0.9999505651523309
64,8,0.90,0.9994168912613002
64,8,0.95,0.9999160307010269
64,9,0.05,0.9064905050136846
64,9,0.10,0.9924779333667898
64,9,0.15,0.9999614533342878
64,9,0.20,0.9921206562696471
64,9,0.25,0.9997965402703477
64,9,0.30,0.9997787315282407
64,9,0.35,0.9997175105563814
64,9,0.40,0.9999609175133789
64,9,0.45,0.9999105579052394
64,9,0.50,0.9999595554635813
64,9,0.55,0.9999237958373601
64,9,0.60,0.999608241236807
64,9,0.65,0.9994562369441796
64,9,0.70,0.9996724099119308
64,9,0.75,0.9995490136550076
64,9,0.80,0.9999635797927955
64,9,0.85,0.9993521899376666
64,9,0.90,0.9996379711221691
64,9,0.95,0.9976581435507782
65,0,0.05,0.9480736116824382
65,0,0.10,0.9664181340492158
65,0,0.15,0.9908132896944921
65,0,0.20,0.6693209256953813
65,0,0.25,0.9929852503957922
65,0,0.30,0.5134775087174404
65,0,0.35,0.9837703547807671
65,0,0.40,0.9930248770519275
65,0,0.45,0.9931045111827813
65,0,0.50,0.6313530175150498
65,0,0.55,0.9987160976000256
65,0,0.60,0.991650492971853
65,0,0.65,0.9965193190705846
65,0,0.70,0.6244278230644145
65,0,0.75,0.9999558893807703
65,0,0.80,0.9999035367053392
65,0,0.85,0.998145881311618
65,0,0.90,0.9999064831430469
65,0,0.95,0.9998759703137169
65,1,0.05,0.2336453305073798
65,1,0.10,0.9993760122682688
65,1,0.15,0.9642816506353497
65,1,0.20,0.6298108080285467
65,1,0.25,0.9879990557015492
65,1,0.30,0.9714594509742503
65,1,0.35,0.9999058892290374
65,1,0.40,0.9801479947101209
65,1,0.45,0.9785266865457442
65,1,0.50,0.9979128976796938
65,1,0.55,0.620206366680534
65,1,0.60,0.9998789400058153
65,1,0.65,0.9938267099228908
65,1,0.70,0.9996428256801658
65,1,0.75,0.9993755978692976
65,1,0.80,0.9994088395059745
65,1,0.85,0.9997411044788062
65,1,0.90,0.9999647388799335
65,1,0.95,0.99992205229318
65,2,0.05,0.6028836766215183
65,2,0.10,0.9956759574459345
65,2,0.15,0.9986028879146497
65,2,0.20,0.6715698959593864
65,2,0.25,0.5676073657200772
65,2,0.30,0.9963348151228167
65,2,0.35,0.9890624085207324
65,2,0.40,0.9949669986507379
65,2,0.45,0.9997082400226747
65,2,0.50,0.994395228434989
65,2,0.55,0.9963816627375164
65,2,0.60,0.9936427080658834
65,2,0.65,0.9997882574975538
65,2,0.70,0.9999453674870776
65,2,0.75,0.9993267797304629
65,2,0.80,0.9999200098230193
65,2,0.85,0.999593843747974
65,2,0.90,0.9994077091171697
65,2,0.95,0.9955907010415949
65,3,0.05,-1.1780513309485823
65,3,0.10,0.9994135425525655
65,3,0.15,0.9919362180667065
65,3,0.20,0.5921589702676576
65,3,0.25,0.9998179304397521
65,3,0.30,0.9982580004924624
65,3,0.35,0.9984489240249417
65,3,0.40,0.9837540163795447
65,3,0.45,0.9829484271498641
65,3,0.50,0.9984539284403406
65,3,0.55,0.9996130512889126
65,3,0.60,0.9930886100844639
65,3,0.65,0.9999444036400169
65,3,0.70,0.999873922316804
65,3,0.75,0.9999460467268553
65,3,0.80,0.9999505174088922
65,3,0.85,0.999901212069909
65,3,0.90,0.9995174025869712
65,3,0.95,0.995059553075092
65,4,0.05,0.9386114235534407
65,4,0.10,0.9965553831778515
65,4,0.15,0.9930698455974697
65,4,0.20,0.5493815747980393
65,4,0.25,0.9831899427689431
65,4,0.30,0.9940683533049285
65,4,0.35,0.9935929008870724
65,4,0.40,0.9958119372785821
65,4,0.45,0.9826418229731737
65,4,0.50,0.9994304241425896
65,4,0.55,0.9845128154020368
65,4,0.60,0.9999585102682239
65,4,0.65,0.9997391623945081
65,4,0.70,0.9956011372420568
65,4,0.75,0.9999464759428226
65,4,0.80,0.9966522574541801
65,4,0.85,0.9997322206656923
65,4,0.90,0.9999288223947741
65,4,0.95,0.9999680807466191
65,5,0.05,0.7485231139318547
65,5,0.10,0.9764750137641893
65,5,0.15,0.9999218626478635
65,5,0.20,0.6070520845932093
65,5,0.25,0.9994844086502199
65,5,0.30,0.9810844009950876
65,5,0.35,0.9945185274474642
65,5,0.40,0.9850415935706799
65,5,0.45,0.999921532516667
65,5,0.50,0.9842861796452651
65,5,0.55,0.9994945556556438
65,5,0.60,0.9997021105329243
65,5,0.65,0.9999603640949207
65,5,0.70,0.9994037090216285
65,5,0.75,0.9950749472794074
65,5,0.80,0.994674662878475
65,5,0.85,0.9999273131333577
65,5,0.90,0.9999011674405345
65,5,0.95,0.9994259667264188
65,6,0.05,0.8806348777163587
65,6,0.10,0.6874291914512809
65,6,0.15,0.9993644038433481
65,6,0.20,0.9955236616031944
65,6,0.25,0.9931966047120367
65,6,0.30,0.995263747535758
65,6,0.35,0.9967132412021736
65,6,0.40,0.9810918203563911
65,6,0.45,0.9992353005971554
65,6,0.50,0.9956358332845937
65,6,0.55,0.9982452551278599
65,6,0.60,0.9979689612692025
65,6,0.65,0.9864075941018956
65,6,0.70,0.9958081166724464
65,6,0.75,0.9995648552387985
65,6,0.80,0.9995136740884947
65,6,0.85,0.9936612870114466
65,6,0.90,0.999786559302023
65,6,0.95,0.9993166279955543
65,7,0.05,-3.030097945090585
65,7,0.10,0.9953911202945622
65,7,0.15,0.9899024892986011
65,7,0.20,0.5755763280524157
65,7,0.25,0.9983757613839149
65,7,0.30,0.9782027386703969
65,7,0.35,0.5992211723345644
65,7,0.40,0.9746826299926429
65,7,0.45,0.9998280228148325
65,7,0.50,0.9947272510001085
65,7,0.55,0.9964469565631293
65,7,0.60,0.9974639815131949
65,7,0.65,0.9954738440898171
65,7,0.70,0.9993543015959232
65,7,0.75,0.9996032936605728
65,7,0.80,0.6482652704848546
65,7,0.85,0.9973365280945912
65,7,0.90,0.9941216934083847
65,7,0.95,0.9950123718930874
65,8,0.05,0.768187982116963
65,8,0.10,0.9489815475691623
65,8,0.15,0.9816139306224788
65,8,0.20,0.45969033261927517
65,8,0.25,0.9980351621324248
65,8,0.30,0.9932168927651969
65,8,0.35,0.9855772682288698
65,8,0.40,0.9817449552002191
65,8,0.45,0.9940575370937996
65,8,0.50,0.9994762915456801
65,8,0.55,0.9928720902231346
65,8,0.60,0.9998685418317722
65,8,0.65,0.9830297255260977
65,8,0.70,0.9958614064026682
65,8,0.75,0.9962008042682209
65,8,0.80,0.9953338608374622
65,8,0.85,0.9999258479051405
65,8,0.90,0.9999183977316224
65,8,0.95,0.9999327679840676
65,9,0.05,0.5179607887678459
65,9,0.10,0.9634604824999914
65,9,0.15,0.9973244853715438
65,9,0.20,0.6737888016429346
65,9,0.25,0.990366104534718
65,9,0.30,0.9935066065591625
65,9,0.35,0.9909574541245424
65,9,0.40,0.9928230077053138
65,9,0.45,0.9833557604178159
65,9,0.50,0.9981498815628811
65,9,0.55,0.993104731838075
65,9,0.60,0.9993190383018968
65,9,0.65,0.6433499696598917
65,9,0.70,0.9999529385748006
65,9,0.75,0.9995074377542639
65,9,0.80,0.9999743176605477
65,9,0.85,0.9961212435334539
65,9,0.90,0.9992823108311737
65,9,0.95,0.9991762401437316
66,0,0.05,0.9153525705638752
66,0,0.10,0.7560415653560375
66,0,0.15,0.9978743996255459
66,0,0.20,0.9955945163147992
66,0,0.25,0.996114756191634
66,0,0.30,0.65614707018703
66,0,0.35,0.990606792090286
66,0,0.40,0.9958351323321435
66,0,0.45,0.997958683188696
66,0,0.50,0.9980940359216363
66,0,0.55,0.6478141747936562
66,0,0.60,0.9953741678844644
66,0,0.65,0.9944906928532444
66,0,0.70,0.9966829430971352
66,0,0.75,0.9991900643371819
66,0,0.80,0.9995132657835119
66,0,0.85,0.995404944732331
66,0,0.90,0.9998800982574223
66,0,0.95,0.9995239648935401
66,1,0.05,-0.97291388145246
66,1,0.10,0.9965060120956878
66,1,0.15,0.49112312487609444
66,1,0.20,0.9982343933001336
66,1,0.25,0.5837324473204099
66,1,0.30,0.999156088924299
66,1,0.35,0.992431051352323
66,1,0.40,0.9908892137820874
66,1,0.45,0.9844646980820386
66,1,0.50,0.9998810173656343
66,1,0.55,0.9997824370935171
66,1,0.60,0.999485040058767
66,1,0.65,0.9990216473495318
66,1,0.70,0.9988955591512434
66,1,0.75,0.9993538311797844
66,1,0.80,0.9824286640723255
66,1,0.85,0.9934798410488072
66,1,0.90,0.9997740580307313
66,1,0.95,0.9997557237104182
66,2,0.05,0.6414016266390674
66,2,0.10,0.9995641064996338
66,2,0.15,0.9988751587078019
66,2,0.20,0.999896018649706
66,2,0.25,0.9750715739889411
66,2,0.30,0.9972419820114352
66,2,0.35,0.6365284193646443
66,2,0.40,0.9850487453033393
66,2,0.45,0.9998351659614333
66,2,0.50,0.9991378968382985
66,2,0.55,0.9998062241740552
66,2,0.60,0.9998138928286681
66,2,0.65,0.9991161892188712
66,2,0.70,0.9953912036347841
66,2,0.75,0.9999123801831798
66,2,0.80,0.9987707731271763
66,2,0.85,0.9998269610272411
66,2,0.90,0.9999405720648241
66,2,0.95,0.9993009418798282
66,3,0.05,0.8519452956219772
66,3,0.10,0.9885751999311475
66,3,0.15,0.9923375563846915
66,3,0.20,0.49862100241415785
66,3,0.25,0.9940160247810917
66,3,0.30,0.9953736116131215
66,3,0.35,0.9998451904036307
66,3,0.40,0.9835786873999542
66,3,0.45,0.6691420946672615
66,3,0.50,0.9995199439260277
66,3,0.55,0.9995878062029526
66,3,0.60,0.9999139459460147
66,3,0.65,0.999117046882248
66,3,0.70,0.9999546565530774
66,3,0.75,0.9999477997007258
66,3,0.80,0.9999232835600215
66,3,0.85,0.99996279023976
66,3,0.90,0.9798885228137597
66,3,0.95,0.9998080777106071
66,4,0.05,0.9834931767628861
66,4,0.10,0.9993533992329462
66,4,0.15,0.9998121400117885
66,4,0.20,0.9997968769995371
66,4,0.25,0.9923377172478158
66,4,0.30,0.9997658469718302
66,4,0.35,0.9954862015300494
66,4,0.40,0.6452707979983014
66,4,0.45,0.9952663361448868
66,4,0.50,0.9992978931790909
66,4,0.55,0.9943115971560594
66,4,0.60,0.9996628839266918
66,4,0.65,0.9999078211709634
66,4,0.70,0.9978014302059469
66,4,0.75,0.9999620797631072
66,4,0.80,0.9907083490922197
66,4,0.85,0.9981268239100234
66,4,0.90,0.9960064251356631
66,4,0.95,0.9994658563850274
66,5,0.05,0.8805097305421536
66,5,0.10,0.9984654786522049
66,5,0.15,0.9980374674293592
66,5,0.20,0.999260090672313
66,5,0.25,0.9992040959626791
66,5,0.30,0.9754915004901308
66,5,0.35,0.9961567756193783
66,5,0.40,0.9934726715060435
66,5,0.45,0.982195347786437
66,5,0.50,0.9997490059625131
66,5,0.55,0.9996218294569306
66,5,0.60,0.9995370339895512
66,5,0.65,0.99685218994957
66,5,0.70,0.9971510367094114
66,5,0.75,0.9999052376543309
66,5,0.80,0.9999483681653473
66,5,0.85,0.9998506628084722
66,5,0.90,0.9979370334618529
66,5,0.95,0.9710843235934572
66,6,0.05,0.8575494812691391
66,6,0.10,0.9657090206795514
66,6,0.15,0.9742740719708
66,6,0.20,0.9998813044186302
66,6,0.25,0.9702655710288471
66,6,0.30,0.9991441131337334
66,6,0.35,0.5685856826701895
66,6,0.40,0.9957190164664401
66,6,0.45,0.9972002570878278
66,6,0.50,0.9999452429883907
66,6,0.55,0.986993260597574
66,6,0.60,0.9999119450520567
66,6,0.65,0.9852193285705405
66,6,0.70,0.9948971316417778
66,6,0.75,0.9995078411026304
66,6,0.80,0.999824638961985
66,6,0.85,0.9946061715010068
66,6,0.90,0.9997715688634095
66,6,0.95,0.9993587797428946
66,7,0.05,0.9593829231810386
66,7,0.10,0.9998698494127571
66,7,0.15,0.9997809151350091
66,7,0.20,0.9998251144682208
66,7,0.25,0.9903322340703624
66,7,0.30,0.999808903887554
66,7,0.35,0.9991255517275854
66,7,0.40,0.9999578878093605
66,7,0.45,0.622255697015766
66,7,0.50,0.9966932567325801
66,7,0.55,0.994150734556112
66,7,0.60,0.9992699730078775
66,7,0.65,0.9975766474233387
66,7,0.70,0.9992814077344003
66,7,0.75,0.9999007589640988
66,7,0.80,0.9877473076124978
66,7,0.85,0.9996599659779349
66,7,0.90,0.9995319172542629
66,7,0.95,0.9968175171849667
66,8,0.05,0.6758811038302719
66,8,0.10,0.8851605778256113
66,8,0.15,0.9800973844333652
66,8,0.20,0.999799128713973
66,8,0.25,0.9955950533060429
66,8,0.30,0.9986389207584895
66,8,0.35,0.9859397159213041
66,8,0.40,0.9978920550725362
66,8,0.45,0.6224540976523985
66,8,0.50,0.9967106326901757
66,8,0.55,0.999795949143975
66,8,0.60,0.9999000846469315
66,8,0.65,0.9999353348477681
66,8,0.70,0.9999258677414757
66,8,0.75,0.9999263132190552
66,8,0.80,0.9953548334286892
66,8,0.85,0.9959359285380226
66,8,0.90,0.63536272353485
66,8,0.95,0.9998874122622652
66,9,0.05,0.9836750825761534
66,9,0.10,0.995481179881278
66,9,0.15,-0.061027772230415334
66,9,0.20,0.9927447211478596
66,9,0.25,0.9836443474571536
66,9,0.30,0.9600892261175679
66,9,0.35,0.9734383670841644
66,9,0.40,0.9917348666048241
66,9,0.45,0.5816808541006014
66,9,0.50,0.9943580679495093
66,9,0.55,0.9963939615760256
66,9,0.60,0.9996997825210209
66,9,0.65,0.9607271463618111
66,9,0.70,0.9999068331880343
66,9,0.75,0.9994667697939403
66,9,0.80,0.6279206926863057
66,9,0.85,0.9999668063945509
66,9,0.90,0.9998842698745548
66,9,0.95,0.9996957391137216
67,0,0.05,0.3854080184344477
67,0,0.10,0.9906257505970497
67,0,0.15,0.9955270759145971
67,0,0.20,0.9999399741690603
67,0,0.25,0.9999021677893769
67,0,0.30,0.9998892200122158
67,0,0.35,0.9998485264288078
67,0,0.40,0.9995593634096963
67,0,0.45,0.9999180087253023
67,0,0.50,0.9998311119263831
67,0,0.55,0.9999084300633515
67,0,0.60,0.9797205587109038
67,0,0.65,0.995139182642087
67,0,0.70,0.9907189804274128
67,0,0.75,0.9960889345184359
67,0,0.80,0.9998794103468411
67,0,0.85,0.9998288652688627
67,0,0.90,0.9979063251921074
67,0,0.95,0.9992478775728102
67,1,0.05,0.9536200504763033
67,1,0.10,0.7550041404936922
67,1,0.15,0.9963727796703256
67,1,0.20,0.9901006298743954
67,1,0.25,0.9991707029225142
67,1,0.30,0.9998563535853303
67,1,0.35,0.9997224790672393
67,1,0.40,0.9999281456594814
67,1,0.45,0.9998334543229913
67,1,0.50,0.99981790130235
67,1,0.55,0.9982365454800824
67,1,0.60,0.9998708981503603
67,1,0.65,0.9902702430038436
67,1,0.70,0.9996707692399774
67,1,0.75,0.9853049609002729
67,1,0.80,0.9996429487714932
67,1,0.85,0.9998162012718701
67,1,0.90,0.9999464467039167
67,1,0.95,0.9997931739654817
67,2,0.05,0.972233863537434
67,2,0.10,0.9982385763023874
67,2,0.15,0.9994585330583532
67,2,0.20,0.99971348770847
67,2,0.25,0.9943387176550925
67,2,0.30,0.9924197085468968
67,2,0.35,0.999363486592834
67,2,0.40,0.9996853161295568
67,2,0.45,0.999907853552803
67,2,0.50,0.9999080472527307
67,2,0.55,0.9995183965816421
67,2,0.60,0.9998695752725643
67,2,0.65,0.9999104086261028
67,2,0.70,0.9999598541014955
67,2,0.75,0.9998240425109312
67,2,0.80,0.9998087058136796
67,2,0.85,0.9977551460036287
67,2,0.90,0.9946619975320719
67,2,0.95,0.9999299136966984
67,3,0.05,-15.00705707698637
67,3,0.10,0.9920596217476291
67,3,0.15,0.995773058040278
67,3,0.20,0.9996819182767881
67,3,0.25,0.9998686843067792
67,3,0.30,0.9998025860410964
67,3,0.35,0.9998406254784648
67,3,0.40,0.9999515592111794
67,3,0.45,0.9999229154353431
67,3,0.50,0.9997693430748914
67,3,0.55,0.9960782601765216
67,3,0.60,0.9991036099018242
67,3,0.65,0.999905355276074
67,3,0.70,0.9999753943223436
67,3,0.75,0.9966150244409455
67,3,0.80,0.999565771977987
67,3,0.85,0.9999258141983779
67,3,0.90,0.9998036217206419
67,3,0.95,0.9993167799284409
67,4,0.05,0.16339429237247172
67,4,0.10,0.986333994318447
67,4,0.15,0.9631527876274838
67,4,0.20,0.9994419105906888
67,4,0.25,0.9996278171069288
67,4,0.30,0.9978135161494744
67,4,0.35,0.9998031388935598
67,4,0.40,0.9996794913648246
67,4,0.45,0.9999685413785667
67,4,0.50,0.9999524634712759
67,4,0.55,0.9996502975089561
67,4,0.60,0.9988193889629376
67,4,0.65,0.9999362388876261
67,4,0.70,0.9998153505873154
67,4,0.75,0.9999522200598854
67,4,0.80,0.9997094326195289
67,4,0.85,0.9998930454606441
67,4,0.90,0.9996089125265805
67,4,0.95,0.9981700166233382
67,5,0.05,-0.08680039151502772
67,5,0.10,0.9947753686552998
67,5,0.15,0.996359023696262
67,5,0.20,0.9998729770473938
67,5,0.25,0.9804154127457978
67,5,0.30,0.9979498415947448
67,5,0.35,0.999923307691108
67,5,0.40,0.9984163389465697
67,5,0.45,0.9996995351007583
67,5,0.50,0.9999123364347224
67,5,0.55,0.9999500116301654
67,5,0.60,0.9843889593994748
67,5,0.65,0.9999395947832372
67,5,0.70,0.9965751889260229
67,5,0.75,0.9999495656676046
67,5,0.80,0.9998479682120119
67,5,0.85,0.9999499694769189
67,5,0.90,0.9998037873431814
67,5,0.95,0.9999572016640345
67,6,0.05,-0.7015328031272894
67,6,0.10,0.9866472538042453
67,6,0.15,0.9648770249712625
67,6,0.20,0.998200366025881
67,6,0.25,0.9995816347162358
67,6,0.30,0.9999083487099771
67,6,0.35,0.9922553955872481
67,6,0.40,0.9943937002634516
67,6,0.45,0.9994382826469496
67,6,0.50,0.9702908172457279
67,6,0.55,0.9994066765537855
67,6,0.60,0.9986443667210719
67,6,0.65,0.9976089333726228
67,6,0.70,0.9999489801490653
67,6,0.75,0.9999562865129669
67,6,0.80,0.9986813108666385
67,6,0.85,0.9981067601891783
67,6,0.90,0.9999546351974311
67,6,0.95,0.9975683032689742
67,7,0.05,0.6548752295023954
67,7,0.10,0.15335964001461233
67,7,0.15,0.9933121308281122
67,7,0.20,0.9961374197351288
67,7,0.25,0.9997043435803767
67,7,0.30,0.9938020690610413
67,7,0.35,0.9996608663148355
67,7,0.40,0.9998725198893778
67,7,0.45,0.999908041964441
67,7,0.50,0.9989798178762839
67,7,0.55,0.9997495425826957
67,7,0.60,0.9998938511191248
67,7,0.65,0.9999205448098787
67,7,0.70,0.9993912152679432
67,7,0.75,0.9971417252144431
67,7,0.80,0.9998533518672894
67,7,0.85,0.9999060169481232
67,7,0.90,0.9986046810558222
67,7,0.95,0.9999663450605168
67,8,0.05,-272.5179857456962
67,8,0.10,0.9669439028562553
67,8,0.15,0.9975802854660933
67,8,0.20,0.9966819889428012
67,8,0.25,0.9954172930751312
67,8,0.30,0.9996064557468286
67,8,0.35,0.9998263138185832
67,8,0.40,0.9934346201619587
67,8,0.45,0.9997969818897662
67,8,0.50,0.9948468275764396
67,8,0.55,0.9992845379676906
67,8,0.60,0.9999449043419386
67,8,0.65,0.9998884887636286
67,8,0.70,0.9966524225608014
67,8,0.75,0.9747989031455216
67,8,0.80,0.9911172134201092
67,8,0.85,0.9994540904723703
67,8,0.90,0.9997567731535267
67,8,0.95,0.9999431269834607
67,9,0.05,-6.645298410226162
67,9,0.10,0.9822785405348318
67,9,0.15,0.999540087421893
67,9,0.20,0.998255356240389
67,9,0.25,0.9987731745763646
67,9,0.30,0.9998049684778846
67,9,0.35,0.9998364284013705
67,9,0.40,0.9933357077864222
67,9,0.45,0.9998089117668337
67,9,0.50,0.9999819307386683
67,9,0.55,0.9956997203355814
67,9,0.60,0.9999246530051482
67,9,0.65,0.672586126911181
67,9,0.70,0.9978810604960249
67,9,0.75,0.9984281576784624
67,9,0.80,0.9998206148146267
67,9,0.85,0.9995496643263347
67,9,0.90,0.9965189501011558
67,9,0.95,0.998209319867165
68,0,0.05,0.7584503160801683
68,0,0.10,0.9962039074729604
68,0,0.15,0.9874744762909211
68,0,0.20,0.9995056404750163
68,0,0.25,0.99990561730536
68,0,0.30,0.9997179699042286
68,0,0.35,0.9933567600343414
68,0,0.40,0.9993984240365008
68,0,0.45,0.9998686551049435
68,0,0.50,0.9990682454576915
68,0,0.55,0.9999477983632853
68,0,0.60,0.9998759553339349
68,0,0.65,0.999508117769567
68,0,0.70,0.9972854534749773
68,0,0.75,0.9948843322828488
68,0,0.80,0.9993890823872942
68,0,0.85,0.9983989828601094
68,0,0.90,0.9999474889788429
68,0,0.95,0.9996724111689469
68,1,0.05,0.5053332774958048
68,1,0.10,0.9917940176996304
68,1,0.15,0.9935752693615144
68,1,0.20,0.9997490024145395
68,1,0.25,0.9999128236994894
68,1,0.30,0.9994115940264034
68,1,0.35,0.9994350591620057
68,1,0.40,0.9997810159623326
68,1,0.45,0.9991233864704002
68,1,0.50,0.9998609600098074
68,1,0.55,0.9999267888502001
68,1,0.60,0.9957997024992024
68,1,0.65,0.9999520130028708
68,1,0.70,0.9999430070836054
68,1,0.75,0.9998758499130765
68,1,0.80,0.9975822170006251
68,1,0.85,0.9995999826194323
68,1,0.90,0.9996225912866246
68,1,0.95,0.9993858402506922
68,2,0.05,-0.28770438268343757
68,2,0.10,0.9921029820247717
68,2,0.15,0.9910614408241452
68,2,0.20,0.9998486179565397
68,2,0.25,0.9997206735871726
68,2,0.30,0.9999355784254379
68,2,0.35,0.9998847269918255
68,2,0.40,0.9881907710137399
68,2,0.45,0.9998498108191182
68,2,0.50,0.9998176542410948
68,2,0.55,0.9858887358959615
68,2,0.60,0.6731243470616837
68,2,0.65,0.9999105209631539
68,2,0.70,0.9999505104735373
68,2,0.75,0.9998043818797403
68,2,0.80,0.9995855850902642
68,2,0.85,0.6435899136776415
68,2,0.90,0.9999161152703605
68,2,0.95,0.9999666733112841
68,3,0.05,0.9569050485031823
68,3,0.10,0.9730245469791758
68,3,0.15,0.9986854474599588
68,3,0.20,0.9995566333545204
68,3,0.25,0.998745330144433
68,3,0.30,0.9998888342800206
68,3,0.35,0.999215446136752
68,3,0.40,0.9996572831786141
68,3,0.45,0.9993994484008667
68,3,0.50,0.9946034032163631
68,3,0.55,0.9999413602613257
68,3,0.60,0.9999473213697704
68,3,0.65,0.9999490745395965
68,3,0.70,0.999792630008048
68,3,0.75,0.9994469823091621
68,3,0.80,0.9744687415328579
68,3,0.85,0.999964347832047
68,3,0.90,0.9993975693105773
68,3,0.95,0.9993013219359035
68,4,0.05,0.9516899808184944
68,4,0.10,0.9916067680968589
68,4,0.15,0.9996030488711873
68,4,0.20,0.997826254162103
68,4,0.25,0.998011594843107
68,4,0.30,0.9997531747893829
68,4,0.35,0.9999064066916173
68,4,0.40,0.9998457261662245
68,4,0.45,0.9999063685275599
68,4,0.50,0.9999631825890877
68,4,0.55,0.9998189998462196
68,4,0.60,0.99986833111908
68,4,0.65,0.9980830499738814
68,4,0.70,0.9995026669932198
68,4,0.75,0.99988575925712
68,4,0.80,0.9997845483069192
68,4,0.85,0.9999525048889606
68,4,0.90,0.9999351632569516
68,4,0.95,0.9999686521153427
68,5,0.05,0.9733782822033019
68,5,0.10,0.9311573664626969
68,5,0.15,0.9867320743551456
68,5,0.20,0.9991605891753803
68,5,0.25,0.9644691716695691
68,5,0.30,0.9998471176017532
68,5,0.35,0.9999639256281917
68,5,0.40,0.9994653802393444
68,5,0.45,0.9993905562351781
68,5,0.50,0.9999157774165748
68,5,0.55,0.9999100062104395
68,5,0.60,0.9999072587065987
68,5,0.65,0.999968897129494
68,5,0.70,0.9947428508612881
68,5,0.75,0.9999456971092461
68,5,0.80,0.9999661109130394
68,5,0.85,0.9999267862649922
68,5,0.90,0.999945682379145
68,5,0.95,0.9991449051196791
68,6,0.05,0.7920690027338739
68,6,0.10,0.9902319392193374
68,6,0.15,0.9995917166815995
68,6,0.20,0.9974486428733742
68,6,0.25,0.9995802041303162
68,6,0.30,0.9999002208584507
68,6,0.35,0.9999119233421702
68,6,0.40,0.9994573134765223
68,6,0.45,0.9999058851981489
68,6,0.50,0.9968916639793425
68,6,0.55,0.9996139588833323
68,6,0.60,0.6723668344548412
68,6,0.65,0.9994537497685753
68,6,0.70,0.9993804838859881
68,6,0.75,0.9998677281265631
68,6,0.80,0.9999034643015837
68,6,0.85,0.9997266030784732
68,6,0.90,0.999940241683702
68,6,0.95,0.999903861473011
68,7,0.05,0.9871339099712841
68,7,0.10,0.9914179969388897
68,7,0.15,0.9993861604242009
68,7,0.20,0.9935320797231917
68,7,0.25,0.9998617764601461
68,7,0.30,0.9969607144629642
68,7,0.35,0.9996285744284452
68,7,0.40,0.9961484651107123
68,7,0.45,0.9981539232031792
68,7,0.50,0.999950397215669
68,7,0.55,0.9999311276513091
68,7,0.60,0.9999349537593334
68,7,0.65,0.999825014177221
68,7,0.70,0.9781097014151388
68,7,0.75,0.99995729661894
68,7,0.80,0.9958693873671719
68,7,0.85,0.9933050741676934
68,7,0.90,0.9995996441875002
68,7,0.95,0.9999069122820818
68,8,0.05,0.7109426858881984
68,8,0.10,0.981374584224273
68,8,0.15,0.9940426076098478
68,8,0.20,0.9983343089070638
68,8,0.25,0.9986938607317232
68,8,0.30,0.9999575732768352
68,8,0.35,0.9960973983873551
68,8,0.40,0.9999273231897723
68,8,0.45,0.9999498772718212
68,8,0.50,0.9995538842599252
68,8,0.55,0.9865173919418563
68,8,0.60,0.9997438810786242
68,8,0.65,0.9999352522944452
68,8,0.70,0.9997541758612084
68,8,0.75,0.9998011567591261
68,8,0.80,0.9999810113998081
68,8,0.85,0.9999597750125974
68,8,0.90,0.9991413614098941
68,8,0.95,0.9999257439733193
68,9,0.05,0.7755329967707608
68,9,0.10,0.9959969935239845
68,9,0.15,0.9994542788651894
68,9,0.20,0.9991642434653386
68,9,0.25,0.9998830992903032
68,9,0.30,0.9998711850712823
68,9,0.35,0.9999021398617648
68,9,0.40,0.9981821978987079
68,9,0.45,0.9959975946566373
68,9,0.50,0.9997146326386451
68,9,0.55,0.9998809609429548
68,9,0.60,0.9999797177809798
68,9,0.65,0.9992891309307003
68,9,0.70,0.9999502823786923
68,9,0.75,0.999940060446642
68,9,0.80,0.9999669065231744
68,9,0.85,0.9992820842368578
68,9,0.90,0.9955945545376876
68,9,0.95,0.999897730346822
69,0,0.05,0.9052151079313515
69,0,0.10,0.9984347888621324
69,0,0.15,0.9989002152318551
69,0,0.20,0.99555814278094
69,0,0.25,0.9997857028395591
69,0,0.30,0.9997315420980282
69,0,0.35,0.9999538790674978
69,0,0.40,0.9928980668694022
69,0,0.45,0.99967771739563
69,0,0.50,0.9955115080335897
69,0,0.55,0.6667680364070881
69,0,0.60,0.9993737678712823
69,0,0.65,0.999764418357051
69,0,0.70,0.999921420027216
69,0,0.75,0.993485525327215
69,0,0.80,0.9999446599413213
69,0,0.85,0.996791554187245
69,0,0.90,0.999896321283103
69,0,0.95,0.9999673989653532
69,1,0.05,0.9771259397511858
69,1,0.10,0.9986688023628646
69,1,0.15,0.9051404523861357
69,1,0.20,0.9938019079460729
69,1,0.25,0.9999453126213314
69,1,0.30,0.999846119249436
69,1,0.35,0.9996443084778647
69,1,0.40,0.9979332032718589
69,1,0.45,0.9998750151602384
69,1,0.50,0.9999369580082595
69,1,0.55,0.9999528810417134
69,1,0.60,0.9999327803875339
69,1,0.65,0.9998311011922623
69,1,0.70,0.9989439664745972
69,1,0.75,0.9999334651465058
69,1,0.80,0.9999425992010954
69,1,0.85,0.9969379805797214
69,1,0.90,0.9867766537406332
69,1,0.95,0.9996827004638303
69,2,0.05,0.9227714379077773
69,2,0.10,0.975679635138573
69,2,0.15,0.9998414347666098
69,2,0.20,0.9907897546317074
69,2,0.25,0.9968838625100446
69,2,0.30,0.9998304213555737
69,2,0.35,0.9999671983992487
69,2,0.40,0.9998158020837176
69,2,0.45,0.9998652262866278
69,2,0.50,0.9999476608375583
69,2,0.55,0.9996260523077363
69,2,0.60,0.9977106466226451
69,2,0.65,0.9999238329576363
69,2,0.70,0.9998541314986658
69,2,0.75,0.9999378104927914
69,2,0.80,0.9986893177277472
69,2,0.85,0.9956399454725756
69,2,0.90,0.9999523839089196
69,2,0.95,0.9991236397702334
69,3,0.05,-1.0791690846054949
69,3,0.10,0.9848574206723357
69,3,0.15,0.9923686589630591
69,3,0.20,0.999775164489573
69,3,0.25,0.9997822856179334
69,3,0.30,0.9996053802867997
69,3,0.35,0.999920309976402
69,3,0.40,0.9999625796155653
69,3,0.45,0.9999253202006061
69,3,0.50,0.9998111949021339
69,3,0.55,0.9998832749543971
69,3,0.60,0.9999702569506165
69,3,0.65,0.9944006259544727
69,3,0.70,0.9989080357925095
69,3,0.75,0.9999115594966513
69,3,0.80,0.9999319388607139
69,3,0.85,0.9982929736131755
69,3,0.90,0.9997056680201624
69,3,0.95,0.9999526634256626
69,4,0.05,0.9876155666554237
69,4,0.10,0.9940560085806365
69,4,0.15,0.9984889705455928
69,4,0.20,0.688730118143003
69,4,0.25,0.9997466964512158
69,4,0.30,0.9999738724874271
69,4,0.35,0.9957292072073721
69,4,0.40,0.999972055033933
69,4,0.45,0.9957000570205918
69,4,0.50,0.9999730217814236
69,4,0.55,0.9999133781018986
69,4,0.60,0.9998970423538914
69,4,0.65,0.9998738969526987
69,4,0.70,0.9999654634378918
69,4,0.75,0.9904523086076202
69,4,0.80,0.9999336637203461
69,4,0.85,0.999975018096065
69,4,0.90,0.9993884385980487
69,4,0.95,0.9997535606654704
69,5,0.05,0.2359238464435578
69,5,0.10,0.9945714715762393
69,5,0.15,0.9981683112611042
69,5,0.20,0.9866688044113381
69,5,0.25,0.999834382212781
69,5,0.30,0.9997980587939272
69,5,0.35,0.9999492850304286
69,5,0.40,0.9999403882968404
69,5,0.45,0.9997634273688085
69,5,0.50,0.9999373538571723
69,5,0.55,0.9999521108210669
69,5,0.60,0.9999659996796723
69,5,0.65,0.9942371119542402
69,5,0.70,0.9962521895296877
69,5,0.75,0.9994929399187819
69,5,0.80,0.9999022820945642
69,5,0.85,0.9998986025559864
69,5,0.90,0.9999296816697155
69,5,0.95,0.999843621989257
69,6,0.05,0.7963679230266332
69,6,0.10,0.9987057734265673
69,6,0.15,0.9972937178682864
69,6,0.20,0.9987628828349827
69,6,0.25,0.9995495835541398
69,6,0.30,0.9993438654379685
69,6,0.35,0.9998012488493803
69,6,0.40,0.9969705655222835
69,6,0.45,0.9961043956587349
69,6,0.50,0.9993853302789322
69,6,0.55,0.9997340739920935
69,6,0.60,0.9990339125232782
69,6,0.65,0.9920922714754632
69,6,0.70,0.9929963374436732
69,6,0.75,0.9951307846527198
69,6,0.80,0.9998110405213869
69,6,0.85,0.9999500835526272
69,6,0.90,0.9996464381819015
69,6,0.95,0.9993974050496497
69,7,0.05,0.9523152400549747
69,7,0.10,0.992510694828948
69,7,0.15,0.9989332402930845
69,7,0.20,0.9862653345883682
69,7,0.25,0.9936057866468353
69,7,0.30,0.9996766659459668
69,7,0.35,0.9877635448201465
69,7,0.40,0.986262966131472
69,7,0.45,0.9999022197569934
69,7,0.50,0.999859256042128
69,7,0.55,0.9930061027046688
69,7,0.60,0.9999737240083477
69,7,0.65,0.9992480759268928
69,7,0.70,0.9977627631632185
69,7,0.75,0.9989754873590498
69,7,0.80,0.9991591543664109
69,7,0.85,0.9993595673529363
69,7,0.90,0.9997630932371966
69,7,0.95,0.9999616518440441
69,8,0.05,0.9390673372204724
69,8,0.10,0.9833632619185114
69,8,0.15,0.9659086498474744
69,8,0.20,0.9653250327412749
69,8,0.25,0.9976631444660962
69,8,0.30,0.99730469513224
69,8,0.35,0.9999333804559856
69,8,0.40,0.9965160502045999
69,8,0.45,0.9953959882904191
69,8,0.50,0.999918488702792
69,8,0.55,0.9992706094367853
69,8,0.60,0.9994226884303922
69,8,0.65,0.9970484098574384
69,8,0.70,0.999973895261994
69,8,0.75,0.9998888511915848
69,8,0.80,0.9998785138886245
69,8,0.85,0.9976137077966141
69,8,0.90,0.9994491500139896
69,8,0.95,0.9993066753401547
69,9,0.05,0.9437428993464784
69,9,0.10,0.9353031543434034
69,9,0.15,0.9885735136852897
69,9,0.20,0.9990861233197892
69,9,0.25,0.9999564391253137
69,9,0.30,0.9998858594064082
69,9,0.35,0.9999183144752996
69,9,0.40,0.9995322108276332
69,9,0.45,0.9993859508117964
69,9,0.50,0.9998935422189507
69,9,0.55,0.9999295806298536
69,9,0.60,0.9999493440751659
69,9,0.65,0.999909187907831
69,9,0.70,0.9723361765793173
69,9,0.75,0.9855379594333564
69,9,0.80,0.9954679441500829
69,9,0.85,0.9996845005228878
69,9,0.90,0.9999384926898043
69,9,0.95,0.9916392280497617
70,0,0.05,0.5395987882866995
70,0,0.10,0.9962386815406918
70,0,0.15,0.9954053205321873
70,0,0.20,0.9369470590541727
70,0,0.25,0.9992775661581053
70,0,0.30,0.5903521173500512
70,0,0.35,0.9985905875748922
70,0,0.40,0.6160596299247425
70,0,0.45,0.5878124037727857
70,0,0.50,0.9993629997707612
70,0,0.55,0.9998799978376762
70,0,0.60,0.9944920717880635
70,0,0.65,0.9999661379225042
70,0,0.70,0.9999414372737446
70,0,0.75,0.9999132646715428
70,0,0.80,0.9952654410004405
70,0,0.85,0.9999456567626794
70,0,0.90,0.9999103559665828
70,0,0.95,0.9986389794249431
70,1,0.05,0.5853881548526031
70,1,0.10,0.9782231259483181
70,1,0.15,0.9979497176716398
70,1,0.20,0.9577257846884855
70,1,0.25,0.9993916977619023
70,1,0.30,0.9999219243675956
70,1,0.35,0.9973262314927642
70,1,0.40,0.9970846910513571
70,1,0.45,0.6643593499725657
70,1,0.50,0.9952888293591383
70,1,0.55,0.9986675162745778
70,1,0.60,0.9994211735678352
70,1,0.65,0.9955385390173739
70,1,0.70,0.630221990310785
70,1,0.75,0.999666374181819
70,1,0.80,0.9994745719459228
70,1,0.85,0.9978418045015877
70,1,0.90,0.9999453917137756
70,1,0.95,0.9999503369690339
70,2,0.05,0.523983988346408
70,2,0.10,0.7584256720296813
70,2,0.15,0.997215126535259
70,2,0.20,0.9998275681567004
70,2,0.25,0.9998971645433025
70,2,0.30,0.5915474004402768
70,2,0.35,0.5047281710753652
70,2,0.40,0.9968858693993302
70,2,0.45,0.9943205998772702
70,2,0.50,0.606136266915348
70,2,0.55,0.6212589401246915
70,2,0.60,0.9998235970982555
70,2,0.65,0.9998945806237939
70,2,0.70,0.6593321133861818
70,2,0.75,0.9998022393085051
70,2,0.80,0.9997896028732237
70,2,0.85,0.9999492217848228
70,2,0.90,0.6656532700791798
70,2,0.95,0.9993752335576057
70,3,0.05,0.9847200670015447
70,3,0.10,0.9951289806529872
70,3,0.15,0.999761861075524
70,3,0.20,0.9969549384624923
70,3,0.25,0.9997810991536115
70,3,0.30,0.9999469108882091
70,3,0.35,0.6615104800282854
70,3,0.40,0.9795914534210971
70,3,0.45,0.7166909992191242
70,3,0.50,0.9999546476921678
70,3,0.55,0.9994790973157825
70,3,0.60,0.6534672611517804
70,3,0.65,0.9939969754519362
70,3,0.70,0.6647801476187787
70,3,0.75,0.9998755969055063
70,3,0.80,0.9997786889076988
70,3,0.85,0.9999432360011034
70,3,0.90,0.9997106441883625
70,3,0.95,0.9999429969717841
70,4,0.05,0.6855430645349319
70,4,0.10,0.9710035440912631
70,4,0.15,0.5080006265659909
70,4,0.20,0.9743190222682017
70,4,0.25,0.9997216299902306
70,4,0.30,0.9825458983575682
70,4,0.35,0.6033665201244743
70,4,0.40,0.9997593602940449
70,4,0.45,0.9998501128150347
70,4,0.50,0.9992077611593015
70,4,0.55,0.9900158666127774
70,4,0.60,0.9986552434507626
70,4,0.65,0.9999384552485612
70,4,0.70,0.9999713495471054
70,4,0.75,0.9992754127501197
70,4,0.80,0.9995201435934244
70,4,0.85,0.9995833502827648
70,4,0.90,0.9947327914387939
70,4,0.95,0.9999786730274255
70,5,0.05,-0.6192573840551909
70,5,0.10,0.9955698638149865
70,5,0.15,0.3549180489780689
70,5,0.20,0.5865949660489237
70,5,0.25,0.9986572646305908
70,5,0.30,0.9807326574687489
70,5,0.35,0.648063950536375
70,5,0.40,0.9998337771984251
70,5,0.45,0.5705276287785848
70,5,0.50,0.9902198471007121
70,5,0.55,0.9949915510338231
70,5,0.60,0.9999497299420128
70,5,0.65,0.9999536303529769
70,5,0.70,0.6546026264271987
70,5,0.75,0.6447209977616817
70,5,0.80,0.6375769973402893
70,5,0.85,0.9998873796196066
70,5,0.90,0.9998707800170515
70,5,0.95,0.999687355590169
70,6,0.05,0.8413170460081458
70,6,0.10,0.862753070460931
70,6,0.15,0.9824431081623077
70,6,0.20,0.9985048155111554
70,6,0.25,0.9996825814301765
70,6,0.30,0.9973792139323637
70,6,0.35,0.9997885521535954
70,6,0.40,0.9747498244112555
70,6,0.45,0.9998619448473217
70,6,0.50,0.9997407129839091
70,6,0.55,0.6375754268347271
70,6,0.60,0.9968988831967429
70,6,0.65,0.9999559808559707
70,6,0.70,0.9984764136207289
70,6,0.75,0.9999461988460278
70,6,0.80,0.9951784963941688
70,6,0.85,0.9955891833453973
70,6,0.90,0.9999191866102884
70,6,0.95,0.9999120685920222
70,7,0.05,0.40285159249206637
70,7,0.10,0.9622934739667863
70,7,0.15,0.9264168680248639
70,7,0.20,0.9926358988863303
70,7,0.25,0.5495556338514019
70,7,0.30,0.6733427584573322
70,7,0.35,0.6014719649838911
70,7,0.40,0.9995372960605532
70,7,0.45,0.975786967874155
70,7,0.50,0.9999580773099223
70,7,0.55,0.9994764028415576
70,7,0.60,0.9996701464352853
70,7,0.65,0.999941523700951
70,7,0.70,0.9999695744038267
70,7,0.75,0.9998999913020675
70,7,0.80,0.9997200972835659
70,7,0.85,0.9996088461557036
70,7,0.90,0.9994548176744981
70,7,0.95,0.9991448117631263
70,8,0.05,-26.235038613218588
70,8,0.10,0.9893931103423518
70,8,0.15,0.9583855572098332
70,8,0.20,0.9997327840039831
70,8,0.25,0.9997652371085093
70,8,0.30,0.5964486956147561
70,8,0.35,0.623926595891741
70,8,0.40,0.9990409413156505
70,8,0.45,0.9992902660105043
70,8,0.50,0.9999018541331056
70,8,0.55,0.9999379930158143
70,8,0.60,0.9999292856828649
70,8,0.65,0.6126182902260161
70,8,0.70,0.649169630106833
70,8,0.75,0.9878870496039576
70,8,0.80,0.9951621848266895
70,8,0.85,0.9999525345766554
70,8,0.90,0.6875838963076253
70,8,0.95,0.99993408537513
70,9,0.05,0.8501559360624152
70,9,0.10,0.9953514739762358
70,9,0.15,0.9751340999528626
70,9,0.20,0.9959620149887685
70,9,0.25,0.9995818776455776
70,9,0.30,0.6271812799485882
70,9,0.35,0.9840007537023596
70,9,0.40,0.6365785767590911
70,9,0.45,0.5943905669773564
70,9,0.50,0.9994122912249588
70,9,0.55,0.9953702742030937
70,9,0.60,0.6570759618884038
70,9,0.65,0.9999330622263278
70,9,0.70,0.9999425132656797
70,9,0.75,0.9989972374272383
70,9,0.80,0.9975500376248839
70,9,0.85,0.9988164719242604
70,9,0.90,0.9995291989054419
70,9,0.95,0.9975110429669175
71,0,0.05,0.4627543078145079
71,0,0.10,0.9865484393698195
71,0,0.15,0.9880871107681107
71,0,0.20,0.9987061844198628
71,0,0.25,0.9973130742841106
71,0,0.30,0.9998385314641507
71,0,0.35,0.9999655948248507
71,0,0.40,0.9998657736057736
71,0,0.45,0.9998924155385738
71,0,0.50,0.9998244880217662
71,0,0.55,0.999758208541925
71,0,0.60,0.9999213380008796
71,0,0.65,0.9954674295801249
71,0,0.70,0.9988503058366045
71,0,0.75,0.9999219538113588
71,0,0.80,0.9999104047764169
71,0,0.85,0.9991750118208431
71,0,0.90,0.9997173701947795
71,0,0.95,0.9991373665066433
71,1,0.05,-0.42225833932912016
71,1,0.10,0.9956336101412402
71,1,0.15,0.9996687782202269
71,1,0.20,0.9857070646922608
71,1,0.25,0.9782369330093272
71,1,0.30,0.5614881074969973
71,1,0.35,0.9997192336998956
71,1,0.40,0.999922324112781
71,1,0.45,0.9998824806831242
71,1,0.50,0.9997365756145854
71,1,0.55,0.998467700002246
71,1,0.60,0.9999426319271212
71,1,0.65,0.9998909150612927
71,1,0.70,0.9999389021841399
71,1,0.75,0.9999425703018414
71,1,0.80,0.9999441337640542
71,1,0.85,0.9998704234079018
71,1,0.90,0.9999425548604995
71,1,0.95,0.9987025692244842
71,2,0.05,0.4842125888524873
71,2,0.10,0.9982411648119995
71,2,0.15,0.998470205441118
71,2,0.20,0.9993037878401019
71,2,0.25,0.9995392082310507
71,2,0.30,0.9997549300880536
71,2,0.35,0.9999301493098459
71,2,0.40,0.997045698265848
71,2,0.45,0.9999729174813693
71,2,0.50,0.99973744765213
71,2,0.55,0.9992929063372932
71,2,0.60,0.9991463870554513
71,2,0.65,0.9999345795051344
71,2,0.70,0.9992738886820569
71,2,0.75,0.9944996838058459
71,2,0.80,0.9995766110777725
71,2,0.85,0.997943571200018
71,2,0.90,0.9999626839266217
71,2,0.95,0.9982499692643136
71,3,0.05,0.47930431203450374
71,3,0.10,0.996146414792316
71,3,0.15,0.9998455553326455
71,3,0.20,0.9984258207558954
71,3,0.25,0.9965192374575365
71,3,0.30,0.9960092193695457
71,3,0.35,0.9992697890595728
71,3,0.40,0.9991228660727124
71,3,0.45,0.9998696366192436
71,3,0.50,0.9999464500254331
71,3,0.55,0.9998807209908809
71,3,0.60,0.9999243228894915
71,3,0.65,0.9955210296016493
71,3,0.70,0.9993369096055033
71,3,0.75,0.9999212697347842
71,3,0.80,0.9999434064897034
71,3,0.85,0.9999750334674974
71,3,0.90,0.998753851098897
71,3,0.95,0.9998469233030023
71,4,0.05,0.3422165739485846
71,4,0.10,0.9892053225894282
71,4,0.15,0.9932510951185153
71,4,0.20,0.9998776917488075
71,4,0.25,0.9977319126305095
71,4,0.30,0.6419635300759159
71,4,0.35,0.9997341162634226
71,4,0.40,0.9996994491668214
71,4,0.45,0.9998780525167316
71,4,0.50,0.9999116140894803
71,4,0.55,0.9996739681618414
71,4,0.60,0.9997873898884793
71,4,0.65,0.9999096989057997
71,4,0.70,0.9997875743501295
71,4,0.75,0.9995917992378156
71,4,0.80,0.9999722330951453
71,4,0.85,0.9999572952284144
71,4,0.90,0.999850823450076
71,4,0.95,0.9999662538136617
71,5,0.05,0.9406806144220397
71,5,0.10,0.9833142692935488
71,5,0.15,0.999219965073061
71,5,0.20,0.9998077992841713
71,5,0.25,0.9997870867284693
71,5,0.30,0.6519801416100622
71,5,0.35,0.9920012765284176
71,5,0.40,0.9999569702667518
71,5,0.45,0.9999775771290373
71,5,0.50,0.9999298514641022
71,5,0.55,0.9999437976939605
71,5,0.60,0.9920590020041348
71,5,0.65,0.9997796588248357
71,5,0.70,0.9998727459910101
71,5,0.75,0.9898062401626392
71,5,0.80,0.9998796499916264
71,5,0.85,0.9998613956783208
71,5,0.90,0.9997938392682832
71,5,0.95,0.9999044915581382
71,6,0.05,-0.7457743136763992
71,6,0.10,0.9526685427139725
71,6,0.15,0.9905651110943685
71,6,0.20,0.9853636688657847
71,6,0.25,0.9989106517401786
71,6,0.30,0.9974023079086175
71,6,0.35,0.9954264786409294
71,6,0.40,0.9997762614495918
71,6,0.45,0.9985604838067006
71,6,0.50,0.9999009505106071
71,6,0.55,0.9998826012941353
71,6,0.60,0.6285436962888191
71,6,0.65,0.9938310086561692
71,6,0.70,0.9999461314483694
71,6,0.75,0.9995460267185526
71,6,0.80,0.994488896951089
71,6,0.85,0.9999581584597289
71,6,0.90,0.9998558797992098
71,6,0.95,0.9995541147740928
71,7,0.05,0.983142366991614
71,7,0.10,0.555135240712574
71,7,0.15,0.9781300160570612
71,7,0.20,0.9804032737231481
71,7,0.25,0.9990859656494065
71,7,0.30,0.9998512344231065
71,7,0.35,0.6755437347983297
71,7,0.40,0.9976120677121205
71,7,0.45,0.9997055642827553
71,7,0.50,0.9970137087933859
71,7,0.55,0.596389795618782
71,7,0.60,0.9989294186510358
71,7,0.65,0.9999334017719019
71,7,0.70,0.9999274991583409
71,7,0.75,0.9962869437662473
71,7,0.80,0.9929781510717551
71,7,0.85,0.9999726275130937
71,7,0.90,0.9999166777395355
71,7,0.95,0.9985554368596427
71,8,0.05,-4.502031469598033
71,8,0.10,0.9970015722116605
71,8,0.15,0.9715455997458665
71,8,0.20,0.9990139583184174
71,8,0.25,0.9998953364535129
71,8,0.30,0.9997719355914231
71,8,0.35,0.988577040565948
71,8,0.40,0.9997560059724664
71,8,0.45,0.9993758214289564
71,8,0.50,0.9995347199435872
71,8,0.55,0.9969464893656754
71,8,0.60,0.9999546355041533
71,8,0.65,0.9998430144394355
71,8,0.70,0.9998941574011452
71,8,0.75,0.9998951142107768
71,8,0.80,0.9947570025144316
71,8,0.85,0.9998192117674654
71,8,0.90,0.9999253587858487
71,8,0.95,0.9998444702499597
71,9,0.05,0.03766582650391004
71,9,0.10,0.9931981625705796
71,9,0.15,0.9996525554354556
71,9,0.20,0.998355252971141
71,9,0.25,0.9999404213860376
71,9,0.30,0.6448568971445048
71,9,0.35,0.9995297801425312
71,9,0.40,0.9999361667532755
71,9,0.45,0.9998952949201999
71,9,0.50,0.9997504477361513
71,9,0.55,0.9999671229133192
71,9,0.60,0.9981063816395891
71,9,0.65,0.9998841373320384
71,9,0.70,0.999941642949308
71,9,0.75,0.999952238881769
71,9,0.80,0.9993917834808687
71,9,0.85,0.9999536203882637
71,9,0.90,0.9991893661830465
71,9,0.95,0.9999357092294793
72,0,0.05,-0.15894851210807293
72,0,0.10,0.9961737612301432
72,0,0.15,0.9906727723631995
72,0,0.20,0.9999410847748794
72,0,0.25,0.9776460641699418
72,0,0.30,0.9743207094219798
72,0,0.35,0.999602864843697
72,0,0.40,0.9771087018218831
72,0,0.45,0.6064137185567173
72,0,0.50,0.9999506393035549
72,0,0.55,0.6576991305508875
72,0,0.60,0.9993313412099772
72,0,0.65,0.9999515358752255
72,0,0.70,0.99975054745023
72,0,0.75,0.9995471537043742
72,0,0.80,0.6510948165679151
72,0,0.85,0.9998836908911364
72,0,0.90,0.9980749433523772
72,0,0.95,0.9999332533371136
72,1,0.05,0.5442884481021294
72,1,0.10,0.11946982100418524
72,1,0.15,0.5065189834244357
72,1,0.20,0.9830437816883488
72,1,0.25,0.9998110167784195
72,1,0.30,0.9993670932173109
72,1,0.35,0.9990486647166169
72,1,0.40,0.9992967952625879
72,1,0.45,0.999923690377052
72,1,0.50,0.9999409119723578
72,1,0.55,0.9992589665766759
72,1,0.60,0.9942513438985173
72,1,0.65,0.9747820684184385
72,1,0.70,0.9999471147322265
72,1,0.75,0.9999591172684908
72,1,0.80,0.9999713777739601
72,1,0.85,0.998734766076927
72,1,0.90,0.9999647229331088
72,1,0.95,0.9981704898987691
72,2,0.05,0.9370931417926842
72,2,0.10,0.40068819104101183
72,2,0.15,0.9997590179070021
72,2,0.20,0.9921301408227275
72,2,0.25,0.9996992014828288
72,2,0.30,0.9993588135671639
72,2,0.35,0.9998125949908323
72,2,0.40,0.9997193863683468
72,2,0.45,0.9992913965063278
72,2,0.50,0.9998869404598043
72,2,0.55,0.9996419091138187
72,2,0.60,0.9994689471591174
72,2,0.65,0.9998789387521779
72,2,0.70,0.9998239755198016
72,2,0.75,0.9993070443948632
72,2,0.80,0.9999350300101273
72,2,0.85,0.9995718116373649
72,2,0.90,0.9992775136739618
72,2,0.95,0.9999624948113577
72,3,0.05,0.9086677103203055
72,3,0.10,0.997687336614476
72,3,0.15,0.996148416992955
72,3,0.20,0.9648462044713279
72,3,0.25,0.9954887820032724
72,3,0.30,0.9997370197135302
72,3,0.35,0.999165257089309
72,3,0.40,0.9995780592997994
72,3,0.45,0.9999034033590442
72,3,0.50,0.9999299015857126
72,3,0.55,0.9981841276022194
72,3,0.60,0.9999697005561224
72,3,0.65,0.9999366710592874
72,3,0.70,0.999959285059067
72,3,0.75,0.9959189257782379
72,3,0.80,0.9994780321518668
72,3,0.85,0.9999298246427928
72,3,0.90,0.9969167581525857
72,3,0.95,0.9999575965562194
72,4,0.05,-28.535936295674865
72,4,0.10,0.9813799777820621
72,4,0.15,0.9994417531958302
72,4,0.20,0.9903383399148505
72,4,0.25,0.9990779087022005
72,4,0.30,0.9981166002798286
72,4,0.35,0.995765778982203
72,4,0.40,0.9975614551550205
72,4,0.45,0.9999492084434771
72,4,0.50,0.9999643908174194
72,4,0.55,0.9976563428559052
72,4,0.60,0.5491565513664625
72,4,0.65,0.9999239969000421
72,4,0.70,0.9982709600632392
72,4,0.75,0.9995639406852852
72,4,0.80,0.9998139320660011
72,4,0.85,0.9999611563583494
72,4,0.90,0.9991811636591905
72,4,0.95,0.9991899683263538
72,5,0.05,-0.36281547172808404
72,5,0.10,0.9645534567971057
72,5,0.15,0.9992683755411793
72,5,0.20,0.992970593749588
72,5,0.25,0.9941751581196684
72,5,0.30,0.6359164885307325
72,5,0.35,0.9993560244960396
72,5,0.40,0.9976048818185261
72,5,0.45,0.6213802025036428
72,5,0.50,0.9995798763326648
72,5,0.55,0.6614846260952705
72,5,0.60,0.9979952919529969
72,5,0.65,0.9997551722763249
72,5,0.70,0.9993655669275724
72,5,0.75,0.9999468685982504
72,5,0.80,0.9998960965761611
72,5,0.85,0.9999455685188775
72,5,0.90,0.9991435647931156
72,5,0.95,0.9996034058492088
72,6,0.05,-1.6838645696518806
72,6,0.10,0.8138710678118855
72,6,0.15,0.9979581926104025
72,6,0.20,0.9963469830836599
72,6,0.25,0.9979380488388852
72,6,0.30,0.9998645429792197
72,6,0.35,0.9992165705389815
72,6,0.40,0.9992745001876253
72,6,0.45,0.9999236100198432
72,6,0.50,0.9998592185937302
72,6,0.55,0.9990735844250167
72,6,0.60,0.9998345015922407
72,6,0.65,0.6554183119541519
72,6,0.70,0.9995067670227663
72,6,0.75,0.9999213264416031
72,6,0.80,0.9999382003688223
72,6,0.85,0.9998023360258403
72,6,0.90,0.9995567369013971
72,6,0.95,0.9997159433185707
72,7,0.05,0.30549805440883904
72,7,0.10,0.8820080930218396
72,7,0.15,0.9990708090076545
72,7,0.20,0.9999059649999741
72,7,0.25,0.9996826368620523
72,7,0.30,0.9990681810648436
72,7,0.35,0.9998164402168275
72,7,0.40,0.9997756948079332
72,7,0.45,0.9997973892042051
72,7,0.50,0.9991906129217084
72,7,0.55,0.9998901233116324
72,7,0.60,0.6418855205496541
72,7,0.65,0.7311265621647858
72,7,0.70,0.9979976738760893
72,7,0.75,0.995084543098802
72,7,0.80,0.9950189977996323
72,7,0.85,0.9975186036980772
72,7,0.90,0.9999216463170921
72,7,0.95,0.9869016099742458
72,8,0.05,0.8465764924977685
72,8,0.10,0.9786394538707972
72,8,0.15,0.9942858440534202
72,8,0.20,0.9995567050073578
72,8,0.25,0.9997624430082435
72,8,0.30,0.9997933977605424
72,8,0.35,0.9999046171021865
72,8,0.40,0.9948009651571429
72,8,0.45,0.9981451854907866
72,8,0.50,0.9963131182036615
72,8,0.55,0.9992663980233246
72,8,0.60,0.9999655093762003
72,8,0.65,0.9970750238095852
72,8,0.70,0.9996828958135957
72,8,0.75,0.9998924600993511
72,8,0.80,0.999830067546112
72,8,0.85,0.9995445434693694
72,8,0.90,0.999847576496302
72,8,0.95,0.9999596888598674
72,9,0.05,0.8349216243683377
72,9,0.10,0.9922177964806379
72,9,0.15,0.9823009271579256
72,9,0.20,0.9967094827496074
72,9,0.25,0.9936988479062272
72,9,0.30,0.6242465829193914
72,9,0.35,0.5890414620977358
72,9,0.40,0.9958503087980959
72,9,0.45,0.9996976194448552
72,9,0.50,0.9962437759000498
72,9,0.55,0.999248458404023
72,9,0.60,0.6576430266073516
72,9,0.65,0.9996876173844365
72,9,0.70,0.9998831043654106
72,9,0.75,0.9998759784861517
72,9,0.80,0.9997484217557142
72,9,0.85,0.9999137131656104
72,9,0.90,0.9994011696315838
72,9,0.95,0.999645967918618
73,0,0.05,-0.04245621391398702
73,0,0.10,0.9812316307630845
73,0,0.15,0.9253752986275419
73,0,0.20,0.9701280362696519
73,0,0.25,0.9999535146471736
73,0,0.30,0.9994241658565831
73,0,0.35,0.9998026736697183
73,0,0.40,0.9994132200868309
73,0,0.45,0.9964945700002804
73,0,0.50,0.9853702840145264
73,0,0.55,0.999920413706318
73,0,0.60,0.9995507141590908
73,0,0.65,0.9999412497565303
73,0,0.70,0.9995030743169404
73,0,0.75,0.9996641478438738
73,0,0.80,0.9993278944164199
73,0,0.85,0.9957584333182884
73,0,0.90,0.999956228061007
73,0,0.95,0.9994265866878299
73,1,0.05,-1.420964671380327
73,1,0.10,0.8365800008613609
73,1,0.15,0.9986467227503772
73,1,0.20,0.9919152204995905
73,1,0.25,0.9997839971004026
73,1,0.30,0.9997354802711471
73,1,0.35,0.9998725257335139
73,1,0.40,0.9999104768727982
73,1,0.45,0.9811931407763449
73,1,0.50,0.9999018619349822
73,1,0.55,0.9999539515867296
73,1,0.60,0.9994037958830211
73,1,0.65,0.9998805456516421
73,1,0.70,0.9999568266396364
73,1,0.75,0.9997281358255962
73,1,0.80,0.9999589022189899
73,1,0.85,0.6726460541709595
73,1,0.90,0.999340874491961
73,1,0.95,0.9935888361419225
73,2,0.05,0.5460644257260703
73,2,0.10,0.9934675945992614
73,2,0.15,0.9719256046703926
73,2,0.20,0.5587850955136244
73,2,0.25,0.9999223781188807
73,2,0.30,0.9993342693551814
73,2,0.35,0.999819964106765
73,2,0.40,0.9999419903477171
73,2,0.45,0.9992801776932925
73,2,0.50,0.999651432568163
73,2,0.55,0.9988385287725757
73,2,0.60,0.6613491562927996
73,2,0.65,0.9998697371896677
73,2,0.70,0.9992697716061215
73,2,0.75,0.997164076081254
73,2,0.80,0.9998460385087289
73,2,0.85,0.9974288205718228
73,2,0.90,0.9994230000150679
73,2,0.95,0.9998215333333674
73,3,0.05,-0.0362114946373886
73,3,0.10,0.9064216783708698
73,3,0.15,0.9984289940853874
73,3,0.20,0.7053208445078541
73,3,0.25,0.9996603750520026
73,3,0.30,0.9999479346687306
73,3,0.35,0.9998164459730144
73,3,0.40,0.9999189397547721
73,3,0.45,0.9962988499528803
73,3,0.50,0.9997290715533378
73,3,0.55,0.9991793911934111
73,3,0.60,0.9998901156514602
73,3,0.65,0.627472993670437
73,3,0.70,0.9953184851916187
73,3,0.75,0.9994048710670953
73,3,0.80,0.9989718212188069
73,3,0.85,0.9997741571872194
73,3,0.90,0.9999775466848777
73,3,0.95,0.999626522090087
73,4,0.05,-19.238327116870963
73,4,0.10,0.9909426378022738
73,4,0.15,0.37800645174642944
73,4,0.20,0.5767932120119211
73,4,0.25,0.9975059792973364
73,4,0.30,0.9998605995500458
73,4,0.35,0.9979720407670087
73,4,0.40,0.9998951989082252
73,4,0.45,0.986079662502864
73,4,0.50,0.999946637094317
73,4,0.55,0.996575264483062
73,4,0.60,0.6349993468174613
73,4,0.65,0.6673525254272321
73,4,0.70,0.9999483085929962
73,4,0.75,0.6202314610813466
73,4,0.80,0.9999037858863157
73,4,0.85,0.9997661752785272
73,4,0.90,0.9999255234741826
73,4,0.95,0.9997887016049172
73,5,0.05,0.8474187240252308
73,5,0.10,0.9672435876631927
73,5,0.15,0.9950508277272688
73,5,0.20,0.9997276363424237
73,5,0.25,0.9968535548126425
73,5,0.30,0.9999167501126777
73,5,0.35,0.9955229237357205
73,5,0.40,0.9998274064886998
73,5,0.45,0.9996898419501642
73,5,0.50,0.9999790365399397
73,5,0.55,0.9998956037495117
73,5,0.60,0.6305492999928852
73,5,0.65,0.9999579618334239
73,5,0.70,0.9999733532312884
73,5,0.75,0.9972717279519799
73,5,0.80,0.9982333125359945
73,5,0.85,0.9999533962267387
73,5,0.90,0.9996686441148843
73,5,0.95,0.9995163550189498
73,6,0.05,0.33861396583933745
73,6,0.10,0.9765729241410281
73,6,0.15,0.9996331295878695
73,6,0.20,0.9832762838023157
73,6,0.25,0.9935521093363526
73,6,0.30,0.9998917732392915
73,6,0.35,0.999640481389849
73,6,0.40,0.9998633829441562
73,6,0.45,0.9997962548236662
73,6,0.50,0.9993983498978336
73,6,0.55,0.9997655575082046
73,6,0.60,0.999442041937147
73,6,0.65,0.9999426576522275
73,6,0.70,0.9999299789304148
73,6,0.75,0.9999524729308911
73,6,0.80,0.999408586385196
73,6,0.85,0.9998536948177807
73,6,0.90,0.9981655273365163
73,6,0.95,0.9998485002885992
73,7,0.05,0.6040153430084935
73,7,0.10,0.997834651998256
73,7,0.15,0.9927331200114734
73,7,0.20,0.9996961454196229
73,7,0.25,0.9956568437371082
73,7,0.30,0.9992914143340051
73,7,0.35,0.9997653980029396
73,7,0.40,0.999971823624891
73,7,0.45,0.9946788055652026
73,7,0.50,0.9987905676127931
73,7,0.55,0.9989508362474135
73,7,0.60,0.9999501649883911
73,7,0.65,0.993519805880297
73,7,0.70,0.9998807623135091
73,7,0.75,0.9998864198427344
73,7,0.80,0.9994129918135021
73,7,0.85,0.9986851612287007
73,7,0.90,0.9995774005647114
73,7,0.95,0.9998744937207773
73,8,0.05,0.4459359266596805
73,8,0.10,0.6260711128478994
73,8,0.15,0.6872513922109398
73,8,0.20,0.9997436082172259
73,8,0.25,0.9998729271222084
73,8,0.30,0.99980916474235
73,8,0.35,0.9999034143077342
73,8,0.40,0.9999572552782644
73,8,0.45,0.6220331657751126
73,8,0.50,0.9999403460269832
73,8,0.55,0.999893799206678
73,8,0.60,0.9992782863448444
73,8,0.65,0.9997250938667467
73,8,0.70,0.9991046927421607
73,8,0.75,0.9998670358782906
73,8,0.80,0.9999509643334288
73,8,0.85,0.9999697378357589
73,8,0.90,0.9999294962172132
73,8,0.95,0.9952663700487658
73,9,0.05,0.43202057864808163
73,9,0.10,0.986864685976351
73,9,0.15,0.9827057258338344
73,9,0.20,0.9959905428075798
73,9,0.25,0.9999317751196618
73,9,0.30,0.999788793651575
73,9,0.35,0.5779133028077569
73,9,0.40,0.9999776990969087
73,9,0.45,0.9998694384308542
73,9,0.50,0.9989476501301183
73,9,0.55,0.9999679825924056
73,9,0.60,0.9997601014201842
73,9,0.65,0.9999632039146765
73,9,0.70,0.999870760270457
73,9,0.75,0.6856456454144957
73,9,0.80,0.9974873671119493
73,9,0.85,0.6253817374152137
73,9,0.90,0.9997906157559512
73,9,0.95,0.9999394270335737
74,0,0.05,0.18101219302487415
74,0,0.10,0.9859798490281899
74,0,0.15,0.5789241815274602
74,0,0.20,0.9992526220481538
74,0,0.25,0.9984014409204923
74,0,0.30,0.9974218517080963
74,0,0.35,0.9999657696867078
74,0,0.40,0.9995849552160702
74,0,0.45,0.9999650088790945
74,0,0.50,0.9982006833773309
74,0,0.55,0.9999388686267973
74,0,0.60,0.9999382991898567
74,0,0.65,0.999968566870986
74,0,0.70,0.9999668379690114
74,0,0.75,0.999960212624961
74,0,0.80,0.999956002522802
74,0,0.85,0.9999617471152953
74,0,0.90,0.9999816156690071
74,0,0.95,0.9999550288253871
74,1,0.05,0.9394847281726939
74,1,0.10,0.630503006469555
74,1,0.15,0.9991836013927692
74,1,0.20,0.9998765050034465
74,1,0.25,0.9997765791367234
74,1,0.30,0.9994279768544063
74,1,0.35,0.9999304004857017
74,1,0.40,0.9990543512179418
74,1,0.45,0.9996834229864161
74,1,0.50,0.9999318739254803
74,1,0.55,0.9999548852335198
74,1,0.60,0.9997036903643073
74,1,0.65,0.9984990380613958
74,1,0.70,0.9989913201534777
74,1,0.75,0.9995044356732925
74,1,0.80,0.9998943629940181
74,1,0.85,0.9999596701412388
74,1,0.90,0.9997428800378445
74,1,0.95,0.9980592398181211
74,2,0.05,0.9098429754583939
74,2,0.10,0.9550331849785983
74,2,0.15,0.9972165430629745
74,2,0.20,0.9959881366507556
74,2,0.25,0.9966430991062117
74,2,0.30,0.9996640075073249
74,2,0.35,0.9993810181924836
74,2,0.40,0.9997398837855013
74,2,0.45,0.9979057756312325
74,2,0.50,0.9999195927348206
74,2,0.55,0.9992228690068394
74,2,0.60,0.9997530538291189
74,2,0.65,0.9931531970337802
74,2,0.70,0.9999411209464103
74,2,0.75,0.9999487028772639
74,2,0.80,0.9998567522793678
74,2,0.85,0.9999517008832913
74,2,0.90,0.9988392942418788
74,2,0.95,0.9999490709331694
74,3,0.05,0.8773502546520071
74,3,0.10,0.9690985026295911
74,3,0.15,0.9858786810048635
74,3,0.20,0.999665145631942
74,3,0.25,0.9998979221232986
74,3,0.30,0.9951961647643198
74,3,0.35,0.9999774728189711
74,3,0.40,0.9981411352852163
74,3,0.45,0.9999449653665722
74,3,0.50,0.9999367165736024
74,3,0.55,0.999953146988016
74,3,0.60,0.9993695723110781
74,3,0.65,0.9999544602616791
74,3,0.70,0.9998239221993241
74,3,0.75,0.9999511432074241
74,3,0.80,0.9999646618660829
74,3,0.85,0.9999122659462808
74,3,0.90,0.9938661797482162
74,3,0.95,0.9950548490111629
74,4,0.05,0.9252005259778522
74,4,0.10,0.9887126355383963
74,4,0.15,0.9995240284223101
74,4,0.20,0.9994581209801894
74,4,0.25,0.992931756899212
74,4,0.30,0.999825807258416
74,4,0.35,0.9977026136187626
74,4,0.40,0.9998315097829131
74,4,0.45,0.9998166702526826
74,4,0.50,0.9999164348394057
74,4,0.55,0.9999456786467517
74,4,0.60,0.9995336658210615
74,4,0.65,0.9999681594214884
74,4,0.70,0.9998952373568802
74,4,0.75,0.999404371240297
74,4,0.80,0.9991243829121373
74,4,0.85,0.9994997907365358
74,4,0.90,0.9999805377258578
74,4,0.95,0.9999700068279472
74,5,0.05,-0.6148556478788179
74,5,0.10,0.9608150174696238
74,5,0.15,0.9551484721679161
74,5,0.20,0.9966492394192346
74,5,0.25,0.9999505951026504
74,5,0.30,0.9989813690285922
74,5,0.35,0.9998295709917882
74,5,0.40,0.9999479116133281
74,5,0.45,0.9999496671777317
74,5,0.50,0.9997327065000694
74,5,0.55,0.9999150302204544
74,5,0.60,0.9999409925003206
74,5,0.65,0.9951094162028642
74,5,0.70,0.9999489247892129
74,5,0.75,0.9993525747687511
74,5,0.80,0.9998789563084148
74,5,0.85,0.9999641686873034
74,5,0.90,0.9998739471178227
74,5,0.95,0.9994873186014164
74,6,0.05,0.980773426357146
74,6,0.10,0.9653869265354568
74,6,0.15,0.9998764936657358
74,6,0.20,0.9981018291519018
74,6,0.25,0.9999026277130973
74,6,0.30,0.9978335587499438
74,6,0.35,0.9999512167335757
74,6,0.40,0.999909714302958
74,6,0.45,0.9981800395086758
74,6,0.50,0.9998780182099709
74,6,0.55,0.9999426235876763
74,6,0.60,0.9998970439655674
74,6,0.65,0.9999116858869247
74,6,0.70,0.9992977055535324
74,6,0.75,0.9954774710988752
74,6,0.80,0.9999551084089524
74,6,0.85,0.9999651396172072
74,6,0.90,0.999280487639228
74,6,0.95,0.9999099486563576
74,7,0.05,0.9645316951193055
74,7,0.10,0.9921250837855983
74,7,0.15,0.9967697687181833
74,7,0.20,0.9638264985971293
74,7,0.25,0.9978580051610142
74,7,0.30,0.9999402759299186
74,7,0.35,0.99516501990406
74,7,0.40,0.9942758809403736
74,7,0.45,0.9997915288486554
74,7,0.50,0.9999261443890743
74,7,0.55,0.9997350462644503
74,7,0.60,0.9986835854050592
74,7,0.65,0.9973749903876566
74,7,0.70,0.9998856277619697
74,7,0.75,0.9994941642665719
74,7,0.80,0.9994056788745033
74,7,0.85,0.9992994624629761
74,7,0.90,0.9928732847994627
74,7,0.95,0.999956246389934
74,8,0.05,0.8371408969096803
74,8,0.10,0.9938010943184177
74,8,0.15,0.9951243126631665
74,8,0.20,0.9999034662339344
74,8,0.25,0.9997810193757919
74,8,0.30,0.9698289676910924
74,8,0.35,0.9997395787374345
74,8,0.40,0.9996595410971454
74,8,0.45,0.9994387266931104
74,8,0.50,0.9946579043925338
74,8,0.55,0.9944110327398763
74,8,0.60,0.9998177553575313
74,8,0.65,0.9997961908406987
74,8,0.70,0.9999094726635652
74,8,0.75,0.9994387424598196
74,8,0.80,0.999766915588533
74,8,0.85,0.9999784378094823
74,8,0.90,0.9629869999947721
74,8,0.95,0.9994217524564617
74,9,0.05,0.9545162981274833
74,9,0.10,0.9836150988548734
74,9,0.15,0.9867009242058579
74,9,0.20,0.9973388573047557
74,9,0.25,0.9999755619388305
74,9,0.30,0.9976066420892231
74,9,0.35,0.9993159090884507
74,9,0.40,0.9999155109404854
74,9,0.45,0.9990195235197225
74,9,0.50,0.995853718758249
74,9,0.55,0.9999578047800322
74,9,0.60,0.9922140134702611
74,9,0.65,0.9999671661699621
74,9,0.70,0.9993352739052529
74,9,0.75,0.9998494109080768
74,9,0.80,0.9999745064655119
74,9,0.85,0.9972606908708569
74,9,0.90,0.994797063401238
74,9,0.95,0.6519611352013372
75,0,0.05,0.596594890280775
75,0,0.10,0.9762054098465309
75,0,0.15,0.9968730075756572
75,0,0.20,0.9907080302093199
75,0,0.25,0.6909033256937006
75,0,0.30,0.9947237520924918
75,0,0.35,0.999913350863453
75,0,0.40,0.9941633916292268
75,0,0.45,0.9984686383496624
75,0,0.50,0.998393042854924
75,0,0.55,0.9993091768095794
75,0,0.60,0.9999647083245983
75,0,0.65,0.9999672634431005
75,0,0.70,0.9994222840259
75,0,0.75,0.9995048414846879
75,0,0.80,0.9994755265347759
75,0,0.85,0.999964225551416
75,0,0.90,0.9995458133216987
75,0,0.95,0.9999701904361182
75,1,0.05,0.9907804722737084
75,1,0.10,0.9977839724280051
75,1,0.15,0.9889066996053855
75,1,0.20,0.9997366061574956
75,1,0.25,0.9941678372837834
75,1,0.30,0.9993787346262293
75,1,0.35,0.9961817121111376
75,1,0.40,0.9983346507182267
75,1,0.45,0.9999154390092259
75,1,0.50,0.9997267250804843
75,1,0.55,0.999732746850284
75,1,0.60,0.9994933460985803
75,1,0.65,0.9997870032586017
75,1,0.70,0.9992037382350771
75,1,0.75,0.9995155251520975
75,1,0.80,0.9998780132948865
75,1,0.85,0.9996063028365272
75,1,0.90,0.9992969284178789
75,1,0.95,0.9903116667240548
75,2,0.05,0.6690539739436652
75,2,0.10,0.3272600414344399
75,2,0.15,0.9996158807388891
75,2,0.20,0.6606824252170436
75,2,0.25,0.998941111153205
75,2,0.30,0.9975378351935087
75,2,0.35,0.9976971649435991
75,2,0.40,0.9913440473963562
75,2,0.45,0.9971320903291113
75,2,0.50,0.999911171703621
75,2,0.55,0.9999025526447236
75,2,0.60,0.9992485802093959
75,2,0.65,0.9986476370542334
75,2,0.70,0.9960556242431483
75,2,0.75,0.9960568855270631
75,2,0.80,0.9999484737445572
75,2,0.85,0.9983543045151144
75,2,0.90,0.9936930802513563
75,2,0.95,0.9997736678644835
75,3,0.05,0.6865688334952889
75,3,0.10,0.9393016617525992
75,3,0.15,0.9860765151682475
75,3,0.20,0.9966707529864237
75,3,0.25,0.9976356196145941
75,3,0.30,0.9965553659422882
75,3,0.35,0.9961870829925515
75,3,0.40,0.9952296876389415
75,3,0.45,0.9990252077420158
75,3,0.50,0.9999690157842226
75,3,0.55,0.9999258052406408
75,3,0.60,0.9830311579007746
75,3,0.65,0.9999509293947559
75,3,0.70,0.9999626239116444
75,3,0.75,0.9999428097995757
75,3,0.80,0.998157224178351
75,3,0.85,0.9999324285653846
75,3,0.90,0.9993321867503432
75,3,0.95,0.999940407838674
75,4,0.05,0.7408281833608357
75,4,0.10,0.9954801945057348
75,4,0.15,0.9958661324186793
75,4,0.20,0.9939572108647334
75,4,0.25,0.9979196850375593
75,4,0.30,0.9997454458154911
75,4,0.35,0.9972103535289559
75,4,0.40,0.9987694370055785
75,4,0.45,0.9990538002776859
75,4,0.50,0.9966494084446895
75,4,0.55,0.9993834068026212
75,4,0.60,0.999969602871484
75,4,0.65,0.9998700693898018
75,4,0.70,0.9999442149649258
75,4,0.75,0.9994946179041237
75,4,0.80,0.9993873035059937
75,4,0.85,0.9991617949932823
75,4,0.90,0.9982560593168892
75,4,0.95,0.9976108417542278
75,5,0.05,-0.60322974388509
75,5,0.10,0.9722333262543894
75,5,0.15,0.999829163190039
75,5,0.20,0.983186005570361
75,5,0.25,0.370169684967663
75,5,0.30,0.6785290725489889
75,5,0.35,0.999911529706353
75,5,0.40,0.9992491177095685
75,5,0.45,0.9995182383988981
75,5,0.50,0.9998555531433093
75,5,0.55,0.9999522417954281
75,5,0.60,0.9977575621093903
75,5,0.65,0.6551765465789039
75,5,0.70,0.998133012705426
75,5,0.75,0.9999579962006819
75,5,0.80,0.9997685796354557
75,5,0.85,0.9995476114954497
75,5,0.90,0.9998478983535241
75,5,0.95,0.9994576418630129
75,6,0.05,0.7509880517422335
75,6,0.10,0.7808508081000581
75,6,0.15,0.9981189884892476
75,6,0.20,0.9998758066649228
75,6,0.25,0.999716779961651
75,6,0.30,0.9934704367317843
75,6,0.35,0.9980285931443797
75,6,0.40,0.9726469843318606
75,6,0.45,0.9997762555338031
75,6,0.50,0.9991010734023833
75,6,0.55,0.9999721308992107
75,6,0.60,0.9999333914513325
75,6,0.65,0.9996824522882366
75,6,0.70,0.9995414919740845
75,6,0.75,0.9999572067917929
75,6,0.80,0.9999255810038006
75,6,0.85,0.9999278105678323
75,6,0.90,0.9997973227851179
75,6,0.95,0.9995585483207732
75,7,0.05,0.7969129718966549
75,7,0.10,0.9945598295583101
75,7,0.15,0.9906995924119956
75,7,0.20,0.984288853169562
75,7,0.25,0.9817204246802624
75,7,0.30,0.9993343762925586
75,7,0.35,0.9992114197593805
75,7,0.40,0.9994481305099672
75,7,0.45,0.9999043097413701
75,7,0.50,0.999887146841318
75,7,0.55,0.9993514667828526
75,7,0.60,0.9999521078233594
75,7,0.65,0.9998718655256716
75,7,0.70,0.9999458759655062
75,7,0.75,0.9995758714090281
75,7,0.80,0.9999587812024103
75,7,0.85,0.9948665348475557
75,7,0.90,0.9999454320159467
75,7,0.95,0.999905538434195
75,8,0.05,0.62488488771211
75,8,0.10,0.994405032864608
75,8,0.15,0.9987848285039633
75,8,0.20,0.9819780935877183
75,8,0.25,0.9951072751285279
75,8,0.30,0.9989061811159039
75,8,0.35,0.9998903250776049
75,8,0.40,0.6831732054127453
75,8,0.45,0.9998816317670369
75,8,0.50,0.9999099919586114
75,8,0.55,0.9999414372475961
75,8,0.60,0.9855967036113049
75,8,0.65,0.9997821506470894
75,8,0.70,0.9999106059757464
75,8,0.75,0.9988096151828346
75,8,0.80,0.9993071917220749
75,8,0.85,0.6738954645503911
75,8,0.90,0.9999347807798808
75,8,0.95,0.999239618135704
75,9,0.05,0.9120781470786252
75,9,0.10,0.9990741059253034
75,9,0.15,0.631953191771992
75,9,0.20,0.9892288786387134
75,9,0.25,0.9930855898463391
75,9,0.30,0.9947861416643395
75,9,0.35,0.9955210376140512
75,9,0.40,0.9995126037149182
75,9,0.45,0.9998680437202098
75,9,0.50,0.999337242465788
75,9,0.55,0.9998422322492421
75,9,0.60,0.9980273222830162
75,9,0.65,0.9999455021206879
75,9,0.70,0.9993720134581615
75,9,0.75,0.9995683028708784
75,9,0.80,0.9999323619146386
75,9,0.85,0.9958091696435856
75,9,0.90,0.9995176895812959
75,9,0.95,0.9999552692103622
76,0,0.05,0.7799693502401566
76,0,0.10,0.9961710283775407
76,0,0.15,0.999948848011035
76,0,0.20,0.9999274493831452
76,0,0.25,0.9996887149305156
76,0,0.30,0.9995683646239311
76,0,0.35,0.9996575649059851
76,0,0.40,0.9963243372807971
76,0,0.45,0.9981874145283686
76,0,0.50,0.9984597610358226
76,0,0.55,0.9990849971402997
76,0,0.60,0.9995135828545958
76,0,0.65,0.9993718654004509
76,0,0.70,0.9967556565237834
76,0,0.75,0.9963401258755059
76,0,0.80,0.9993839800043173
76,0,0.85,0.9931760829481783
76,0,0.90,0.999858756363475
76,0,0.95,0.9955080910211297
76,1,0.05,0.302367226758522
76,1,0.10,0.9995537198783971
76,1,0.15,0.9996639125757437
76,1,0.20,0.9993596785460155
76,1,0.25,0.9973792404567241
76,1,0.30,0.9993864220425654
76,1,0.35,0.9999153159585717
76,1,0.40,0.9976806890343662
76,1,0.45,0.9999089693308232
76,1,0.50,0.9992956457005834
76,1,0.55,0.9947003679861862
76,1,0.60,0.9969931603404293
76,1,0.65,0.9977688401621762
76,1,0.70,0.9999374591394982
76,1,0.75,0.9991638131383311
76,1,0.80,0.9998785458717298
76,1,0.85,0.9995221940494203
76,1,0.90,0.9999214379932123
76,1,0.95,0.9999001852442265
76,2,0.05,0.9870158730926388
76,2,0.10,0.9654632804596033
76,2,0.15,0.9997523135898886
76,2,0.20,0.9995768650849495
76,2,0.25,0.9988091613404262
76,2,0.30,0.9991854252712037
76,2,0.35,0.9999257185460484
76,2,0.40,0.9998410769351433
76,2,0.45,0.9999526075925295
76,2,0.50,0.9989609466654725
76,2,0.55,0.9994292721239808
76,2,0.60,0.999930115876343
76,2,0.65,0.9999358533268791
76,2,0.70,0.9994444614506158
76,2,0.75,0.999954752155222
76,2,0.80,0.9999081893272691
76,2,0.85,0.995948751654206
76,2,0.90,0.9998837461833583
76,2,0.95,0.9997306398751546
76,3,0.05,-0.22520815001449734
76,3,0.10,0.8572686652891135
76,3,0.15,0.9935299469060804
76,3,0.20,0.998876072264738
76,3,0.25,0.9995485011345784
76,3,0.30,0.9990231860666349
76,3,0.35,0.9999188678586827
76,3,0.40,0.9997270868316391
76,3,0.45,0.9944652839434698
76,3,0.50,0.9998882747937945
76,3,0.55,0.9999501981332354
76,3,0.60,0.9999649656723515
76,3,0.65,0.9960239554428321
76,3,0.70,0.9998093838627767
76,3,0.75,0.9999710189950213
76,3,0.80,0.9971265028172354
76,3,0.85,0.5907816527678946
76,3,0.90,0.9997128695411549
76,3,0.95,0.9958613497262494
76,4,0.05,0.9769247573025974
76,4,0.10,0.8510206616856575
76,4,0.15,0.999048757315137
76,4,0.20,0.9995588490144154
76,4,0.25,0.9998886147604765
76,4,0.30,0.9981358350637265
76,4,0.35,0.9954097133764027
76,4,0.40,0.999384315164595
76,4,0.45,0.9992841627631176
76,4,0.50,0.9997669201372541
76,4,0.55,0.9992495506627573
76,4,0.60,0.9997752347020172
76,4,0.65,0.9996583187321815
76,4,0.70,0.9998501287880365
76,4,0.75,0.9999674440052713
76,4,0.80,0.9998894149124568
76,4,0.85,0.9994300624692314
76,4,0.90,0.9993143506241894
76,4,0.95,0.9992860787244228
76,5,0.05,0.9915708635532829
76,5,0.10,0.8486331208950507
76,5,0.15,0.997010622634125
76,5,0.20,0.6118123406773688
76,5,0.25,0.9981662277424914
76,5,0.30,0.9977703121119949
76,5,0.35,0.9995695174858652
76,5,0.40,0.9977575932235737
76,5,0.45,0.9998414691482873
76,5,0.50,0.9983035453358469
76,5,0.55,0.9999274534992189
76,5,0.60,0.9999620075305103
76,5,0.65,0.999876578259027
76,5,0.70,0.9999542542119186
76,5,0.75,0.9999307764041531
76,5,0.80,0.619340320306075
76,5,0.85,0.9999578478907648
76,5,0.90,0.9999521222268325
76,5,0.95,0.9999516185359182
76,6,0.05,0.5234123283598809
76,6,0.10,0.9508924593678203
76,6,0.15,0.9998894161862424
76,6,0.20,0.9722976011640683
76,6,0.25,0.9990432038578885
76,6,0.30,0.9986737404596222
76,6,0.35,0.9998419236202019
76,6,0.40,0.999953970933595
76,6,0.45,0.9998808627076798
76,6,0.50,0.9978335636927085
76,6,0.55,0.9998655708110324
76,6,0.60,0.9961764078113144
76,6,0.65,0.9999744453324113
76,6,0.70,0.999899668067665
76,6,0.75,0.999669557728037
76,6,0.80,0.9982156737821707
76,6,0.85,0.9956926421240863
76,6,0.90,0.992960152481491
76,6,0.95,0.9996200230876076
76,7,0.05,-5.087518342652403
76,7,0.10,0.9883757378303578
76,7,0.15,0.9996767333371614
76,7,0.20,0.5940671821660679
76,7,0.25,0.9979698295202658
76,7,0.30,0.9992963333060071
76,7,0.35,0.9883905803217914
76,7,0.40,0.9999407818496383
76,7,0.45,0.9992876930622027
76,7,0.50,0.9997346029235855
76,7,0.55,0.9949337220319383
76,7,0.60,0.9999009491123125
76,7,0.65,0.999414735240228
76,7,0.70,0.9999696322438006
76,7,0.75,0.9994568041608193
76,7,0.80,0.9998448165309547
76,7,0.85,0.9994881339656017
76,7,0.90,0.9988389063475989
76,7,0.95,0.9996468422400819
76,8,0.05,0.6123390647379308
76,8,0.10,0.21138638963979528
76,8,0.15,0.9956901974703222
76,8,0.20,0.9994370343600145
76,8,0.25,0.9996201032735161
76,8,0.30,0.997759013673248
76,8,0.35,0.9954651635855309
76,8,0.40,0.992339387957471
76,8,0.45,0.9994151189896484
76,8,0.50,0.9999537669744362
76,8,0.55,0.9999320388335725
76,8,0.60,0.9996448087531843
76,8,0.65,0.9999743124124486
76,8,0.70,0.592112476375758
76,8,0.75,0.9999528804629423
76,8,0.80,0.9905805128294075
76,8,0.85,0.9999443695954121
76,8,0.90,0.9999724524297793
76,8,0.95,0.999867652538801
76,9,0.05,-0.6078686417795423
76,9,0.10,0.9992646800688546
76,9,0.15,0.9995878572461345
76,9,0.20,0.9978076899614216
76,9,0.25,0.9998525482630866
76,9,0.30,0.9997489466137028
76,9,0.35,0.595129442721549
76,9,0.40,0.999948852077798
76,9,0.45,0.9996354066832783
76,9,0.50,0.9996691608930757
76,9,0.55,0.9956641236915924
76,9,0.60,0.986542367486007
76,9,0.65,0.9999485501916838
76,9,0.70,0.9996174219031654
76,9,0.75,0.9994557754635904
76,9,0.80,0.9992235395396621
76,9,0.85,0.9995403261841906
76,9,0.90,0.6461482614440932
76,9,0.95,0.9999302956694757
77,0,0.05,-0.3121198641721785
77,0,0.10,0.9779686847679723
77,0,0.15,0.9990932162486924
77,0,0.20,0.9790713343483566
77,0,0.25,0.996782607833141
77,0,0.30,0.9998720575174889
77,0,0.35,0.9991691220755087
77,0,0.40,0.9994287145848172
77,0,0.45,0.9980900038594923
77,0,0.50,0.9998898460685132
77,0,0.55,0.9995585318225529
77,0,0.60,0.9999396658801993
77,0,0.65,0.9997674261183865
77,0,0.70,0.9993669234788949
77,0,0.75,0.9999010795391203
77,0,0.80,0.9995313830243444
77,0,0.85,0.9999296460150995
77,0,0.90,0.9999678677650923
77,0,0.95,0.9999295039907393
77,1,0.05,0.777958158516969
77,1,0.10,0.9895535152078815
77,1,0.15,0.99940120965575
77,1,0.20,0.9994507506791036
77,1,0.25,0.9942563637339046
77,1,0.30,0.9999433946426194
77,1,0.35,0.9782034575501175
77,1,0.40,0.9981718341832316
77,1,0.45,0.9998786920308433
77,1,0.50,0.9995034029713287
77,1,0.55,0.9931198290930229
77,1,0.60,0.9999671950081791
77,1,0.65,0.9997573450047682
77,1,0.70,0.9958958423445211
77,1,0.75,0.9999450868742559
77,1,0.80,0.9998038530193396
77,1,0.85,0.9999526652996585
77,1,0.90,0.9980313963216908
77,1,0.95,0.9999221370855773
77,2,0.05,0.8801281021336674
77,2,0.10,0.9841086848703844
77,2,0.15,0.9938820053719792
77,2,0.20,0.9997151758689846
77,2,0.25,0.999635492523126
77,2,0.30,0.9993884016903274
77,2,0.35,0.9991467253052376
77,2,0.40,0.9998848741463131
77,2,0.45,0.999902859899296
77,2,0.50,0.9978440631705883
77,2,0.55,0.9999109730137644
77,2,0.60,0.9993358935961165
77,2,0.65,0.9984276189508609
77,2,0.70,0.9989738903556327
77,2,0.75,0.9999516647538219
77,2,0.80,0.9953324921915565
77,2,0.85,0.9992898167617938
77,2,0.90,0.9996171189096352
77,2,0.95,0.9998495759236083
77,3,0.05,-0.24081639178405112
77,3,0.10,0.9975372306325878
77,3,0.15,0.9995775376450271
77,3,0.20,0.9719806499283362
77,3,0.25,0.996695580952143
77,3,0.30,0.9990016147183551
77,3,0.35,0.9989580136944829
77,3,0.40,0.9997578262289953
77,3,0.45,0.9950546579030732
77,3,0.50,0.9952902303892237
77,3,0.55,0.9999417971076923
77,3,0.60,0.9999216678323163
77,3,0.65,0.9999097900128613
77,3,0.70,0.999869620300094
77,3,0.75,0.9998050935081173
77,3,0.80,0.9998591818742488
77,3,0.85,0.9999535776235565
77,3,0.90,0.9998928676967876
77,3,0.95,0.9995704083569689
77,4,0.05,0.9058906572552033
77,4,0.10,0.9939004466089458
77,4,0.15,0.9292969241218916
77,4,0.20,0.9948166926553086
77,4,0.25,0.9960308810484751
77,4,0.30,0.9997428865872302
77,4,0.35,0.999479805198747
77,4,0.40,0.9958540717315685
77,4,0.45,0.9979809200979013
77,4,0.50,0.9986045081063636
77,4,0.55,0.9984975015947732
77,4,0.60,0.9999725940008309
77,4,0.65,0.9993699079346958
77,4,0.70,0.9999592217526083
77,4,0.75,0.995143726613418
77,4,0.80,0.9999147650596363
77,4,0.85,0.999472408328711
77,4,0.90,0.9953452856031476
77,4,0.95,0.9994559393240005
77,5,0.05,-10.907217007891463
77,5,0.10,0.9833322495248251
77,5,0.15,0.9959952691464673
77,5,0.20,0.9883831125737021
77,5,0.25,0.9981032317866966
77,5,0.30,0.9997313876811994
77,5,0.35,0.9999472487412902
77,5,0.40,0.9997998759968685
77,5,0.45,0.9997514205637302
77,5,0.50,0.9996190572373312
77,5,0.55,0.9929725824035617
77,5,0.60,0.9999720261336922
77,5,0.65,0.9999459603236772
77,5,0.70,0.9998997047972747
77,5,0.75,0.99992951188541
77,5,0.80,0.9995841550154523
77,5,0.85,0.9998223764948202
77,5,0.90,0.9999720866019952
77,5,0.95,0.9979727090169599
77,6,0.05,0.8368991628422129
77,6,0.10,0.9993290822122246
77,6,0.15,0.267377685256184
77,6,0.20,0.9658776291770653
77,6,0.25,0.9991265152172671
77,6,0.30,0.9996441698004415
77,6,0.35,0.9983117836111691
77,6,0.40,0.9994188106608936
77,6,0.45,0.9997328621374761
77,6,0.50,0.9999233393080962
77,6,0.55,0.9997909115456625
77,6,0.60,0.9983147178274432
77,6,0.65,0.9863337875120247
77,6,0.70,0.9999593563857249
77,6,0.75,0.9999503804036908
77,6,0.80,0.9999531346730743
77,6,0.85,0.9999673244931345
77,6,0.90,0.9999488390335945
77,6,0.95,0.996455684357368
77,7,0.05,0.8514181739325738
77,7,0.10,0.9915209225478785
77,7,0.15,0.631073825390081
77,7,0.20,0.9544606337901579
77,7,0.25,0.9967365309171285
77,7,0.30,0.9952141111362529
77,7,0.35,0.9975392083443724
77,7,0.40,0.999880666050321
77,7,0.45,0.9999207790381001
77,7,0.50,0.9988295201830502
77,7,0.55,0.9759620136502288
77,7,0.60,0.9981596503441859
77,7,0.65,0.9952932692431532
77,7,0.70,0.9996360496617702
77,7,0.75,0.9999436826196189
77,7,0.80,0.9999546640341
77,7,0.85,0.99995545992747
77,7,0.90,0.9999432481523618
77,7,0.95,0.9994243463956511
77,8,0.05,0.6282086874353832
77,8,0.10,0.9977254409161762
77,8,0.15,0.9928246358149835
77,8,0.20,0.9999145884265106
77,8,0.25,0.9998934981845709
77,8,0.30,0.9996014678291386
77,8,0.35,0.9944794615283881
77,8,0.40,0.9992871339233207
77,8,0.45,0.9985199103698319
77,8,0.50,0.9965273431142729
77,8,0.55,0.9824357745803466
77,8,0.60,0.9999289335841665
77,8,0.65,0.9990579143286309
77,8,0.70,0.999951007704926
77,8,0.75,0.9990690952018523
77,8,0.80,0.9999592055325911
77,8,0.85,0.9997792354626058
77,8,0.90,0.9999617036170521
77,8,0.95,0.9998770773081065
77,9,0.05,0.7005539895053089
77,9,0.10,0.9970784136224439
77,9,0.15,0.9996358447191267
77,9,0.20,0.995717082817458
77,9,0.25,0.9998230141182958
77,9,0.30,0.9977083589972632
77,9,0.35,0.9747940132748454
77,9,0.40,0.9997861650621631
77,9,0.45,0.9994675414626173
77,9,0.50,0.9952448862011938
77,9,0.55,0.9997597067936294
77,9,0.60,0.999646484692445
77,9,0.65,0.9983947250063142
77,9,0.70,0.9999760161431733
77,9,0.75,0.9989605147354073
77,9,0.80,0.9978019698538455
77,9,0.85,0.9999119368492941
77,9,0.90,0.9998784408506435
77,9,0.95,0.9998910481349629
78,0,0.05,0.9489899331380669
78,0,0.10,0.9943310120475228
78,0,0.15,0.9798665474659258
78,0,0.20,0.9967868236154253
78,0,0.25,0.9965026945960425
78,0,0.30,0.9999098577859553
78,0,0.35,0.9848742484476333
78,0,0.40,0.9824045397142449
78,0,0.45,0.9997139190024849
78,0,0.50,0.6507242435285787
78,0,0.55,0.99994010870876
78,0,0.60,0.5713167024512297
78,0,0.65,0.9999086195525622
78,0,0.70,0.9994143302684351
78,0,0.75,0.9968429944309869
78,0,0.80,0.5770858564883063
78,0,0.85,0.9991168875435998
78,0,0.90,0.9992369958771593
78,0,0.95,0.6595789697543226
78,1,0.05,0.9831318175855335
78,1,0.10,0.9976430396988437
78,1,0.15,0.9922576083546348
78,1,0.20,0.9996272403048527
78,1,0.25,0.998141431449044
78,1,0.30,0.9999551793551368
78,1,0.35,0.9986761255081194
78,1,0.40,0.9994659348180526
78,1,0.45,0.9996062771420199
78,1,0.50,0.9966024769021732
78,1,0.55,0.9993204726792478
78,1,0.60,0.9992048430210186
78,1,0.65,0.9965340521071113
78,1,0.70,0.9967163827579325
78,1,0.75,0.9992785678778533
78,1,0.80,0.6525885518557641
78,1,0.85,0.9995932941558988
78,1,0.90,0.9700732824505744
78,1,0.95,0.9998494560682735
78,2,0.05,0.9484784268349669
78,2,0.10,0.979573608296581
78,2,0.15,0.9994280366335333
78,2,0.20,0.9969034895441853
78,2,0.25,0.9999279099488392
78,2,0.30,0.9363594200861695
78,2,0.35,0.9965119359391911
78,2,0.40,0.9971638838406537
78,2,0.45,0.9872808169942143
78,2,0.50,0.9998702367316751
78,2,0.55,0.9999183589144226
78,2,0.60,0.9950939892965747
78,2,0.65,0.6806948562895264
78,2,0.70,0.9932510968266088
78,2,0.75,0.9999595035853718
78,2,0.80,0.9995358855520058
78,2,0.85,0.9958830199319266
78,2,0.90,0.9998798335899489
78,2,0.95,0.9996134565419625
78,3,0.05,0.9701993905239965
78,3,0.10,0.997278784352244
78,3,0.15,0.9984821365383886
78,3,0.20,0.6282389464124016
78,3,0.25,0.9999334358083259
78,3,0.30,0.9998950392385728
78,3,0.35,0.978516503242739
78,3,0.40,0.9995932526316561
78,3,0.45,0.9831784412730067
78,3,0.50,0.9994262697109367
78,3,0.55,0.9950887998485923
78,3,0.60,0.6246468091935844
78,3,0.65,0.9994703996310531
78,3,0.70,0.9991795724013697
78,3,0.75,0.9987820252768108
78,3,0.80,0.9999382078967786
78,3,0.85,0.9999423043808254
78,3,0.90,0.9943668496322193
78,3,0.95,0.9999745801426182
78,4,0.05,0.9121722696620054
78,4,0.10,0.9907632039087871
78,4,0.15,0.9844434367067303
78,4,0.20,0.9818065718576666
78,4,0.25,0.9935267347493717
78,4,0.30,0.999906886132981
78,4,0.35,0.9996363160441465
78,4,0.40,0.9948090395958294
78,4,0.45,0.9998687521434437
78,4,0.50,0.9999016620117164
78,4,0.55,0.9996193226274595
78,4,0.60,0.6582085173264849
78,4,0.65,0.9879008136489008
78,4,0.70,0.9996854440783395
78,4,0.75,0.9999454879254942
78,4,0.80,0.9919126473336689
78,4,0.85,0.9995804267976962
78,4,0.90,0.9910670154051188
78,4,0.95,0.9997929536169124
78,5,0.05,0.9422951055355613
78,5,0.10,0.9912875265829557
78,5,0.15,0.9979050622194149
78,5,0.20,0.9976904005373126
78,5,0.25,0.9999078114340891
78,5,0.30,0.9982542605327432
78,5,0.35,0.9880517333138967
78,5,0.40,0.9999634103834145
78,5,0.45,0.9969289058188466
78,5,0.50,0.9986681426266872
78,5,0.55,0.9976512785723204
78,5,0.60,0.9992688848060106
78,5,0.65,0.9991767503514182
78,5,0.70,0.9999684259289172
78,5,0.75,0.9951589110225861
78,5,0.80,0.9996386988599535
78,5,0.85,0.9922020878945147
78,5,0.90,0.9998131227335657
78,5,0.95,0.9999650400801585
78,6,0.05,0.9922341335581218
78,6,0.10,0.9174987282074973
78,6,0.15,0.9982855262029318
78,6,0.20,0.9991231117065132
78,6,0.25,0.9994426871515638
78,6,0.30,0.9959642340087782
78,6,0.35,0.9967232253068327
78,6,0.40,0.9983608814859477
78,6,0.45,0.9973168213668515
78,6,0.50,0.9998117282479666
78,6,0.55,0.9960935888492706
78,6,0.60,0.9986204350290192
78,6,0.65,0.9996917426242534
78,6,0.70,0.9839854986190919
78,6,0.75,0.9992789409123853
78,6,0.80,0.9996585890777183
78,6,0.85,0.9997989292500293
78,6,0.90,0.9993022384840431
78,6,0.95,0.9998230514362333
78,7,0.05,0.8431502047096444
78,7,0.10,0.9927680421740137
78,7,0.15,0.935460653333327
78,7,0.20,0.9875354501556136
78,7,0.25,0.9998076604025267
78,7,0.30,0.9995352973809128
78,7,0.35,0.9999273715392635
78,7,0.40,0.9975065496402176
78,7,0.45,0.9995533927156521
78,7,0.50,0.9997760158764137
78,7,0.55,0.999714689903961
78,7,0.60,0.9867959986963799
78,7,0.65,0.9994198321020504
78,7,0.70,0.9999738180466192
78,7,0.75,0.986503846073185
78,7,0.80,0.9995503202799704
78,7,0.85,0.9995862926177496
78,7,0.90,0.629749640550155
78,7,0.95,0.9998743148120137
78,8,0.05,0.8756083236057505
78,8,0.10,0.9964711975108869
78,8,0.15,0.9999430379692676
78,8,0.20,0.9995519367694471
78,8,0.25,0.9995316080725206
78,8,0.30,0.9998900106411267
78,8,0.35,0.9988410427270685
78,8,0.40,0.9993160321288472
78,8,0.45,0.9946644655515573
78,8,0.50,0.9999197096615073
78,8,0.55,0.9999201289091877
78,8,0.60,0.9999136349206544
78,8,0.65,0.9999234324864329
78,8,0.70,0.9975624086525031
78,8,0.75,0.9997420527046244
78,8,0.80,0.9952427520444669
78,8,0.85,0.9995912264538194
78,8,0.90,0.9998815618015853
78,8,0.95,0.9998581582750083
78,9,0.05,0.9608930230516876
78,9,0.10,0.9757811864539803
78,9,0.15,0.9998579887324285
78,9,0.20,0.9948851613059032
78,9,0.25,0.9985973020882302
78,9,0.30,0.9999038174362452
78,9,0.35,0.9967193854668919
78,9,0.40,0.9982042572685768
78,9,0.45,0.9978050869042755
78,9,0.50,0.9999287147606548
78,9,0.55,0.999922202883617
78,9,0.60,0.7014947402286017
78,9,0.65,0.9989344895875772
78,9,0.70,0.9949071022362256
78,9,0.75,0.9954940730044864
78,9,0.80,0.9999071566973553
78,9,0.85,0.998402628497448
78,9,0.90,0.9993427944444137
78,9,0.95,0.9994037300359325
79,0,0.05,0.9975430026724648
79,0,0.10,0.9911969733826042
79,0,0.15,0.9920811847459466
79,0,0.20,0.9992293046578514
79,0,0.25,0.9992503824475883
79,0,0.30,0.9999430467396712
79,0,0.35,0.9999033175055712
79,0,0.40,0.9996777050687865
79,0,0.45,0.9999449408918198
79,0,0.50,0.9995801485528547
79,0,0.55,0.9991252576688247
79,0,0.60,0.9994257262192424
79,0,0.65,0.9998899163840295
79,0,0.70,0.9999484619368478
79,0,0.75,0.9998533511848109
79,0,0.80,0.9999387097550804
79,0,0.85,0.9999539377984231
79,0,0.90,0.9999204925735237
79,0,0.95,0.9999607780334538
79,1,0.05,0.11564314204567139
79,1,0.10,0.9980454787168699
79,1,0.15,0.9992854783128774
79,1,0.20,0.9997072979182051
79,1,0.25,0.9997749380513046
79,1,0.30,0.9984491119068007
79,1,0.35,0.9999100105504143
79,1,0.40,0.9997675160146774
79,1,0.45,0.9999040762357958
79,1,0.50,0.9995676118114586
79,1,0.55,0.9999072762016515
79,1,0.60,0.9993856375769695
79,1,0.65,0.9999723317119704
79,1,0.70,0.9964561667494919
79,1,0.75,0.9998422778048089
79,1,0.80,0.9996079446147306
79,1,0.85,0.9998967013279547
79,1,0.90,0.9999386759792329
79,1,0.95,0.9996982646426921
79,2,0.05,0.779243868100556
79,2,0.10,0.9900947194350064
79,2,0.15,0.9998578144069898
79,2,0.20,0.9955377621201413
79,2,0.25,0.9943835198418561
79,2,0.30,0.9990698121056901
79,2,0.35,0.9999029990384622
79,2,0.40,0.9998582644509799
79,2,0.45,0.9979135899134358
79,2,0.50,0.9781351370079355
79,2,0.55,0.9998936717205458
79,2,0.60,0.9999739644126839
79,2,0.65,0.9999667263209745
79,2,0.70,0.9961639843570617
79,2,0.75,0.9996969892835215
79,2,0.80,0.9971245045356746
79,2,0.85,0.9999070156245091
79,2,0.90,0.9999282950120592
79,2,0.95,0.9998108917569728
79,3,0.05,0.9153399872952666
79,3,0.10,0.9199386915561725
79,3,0.15,0.999234086913146
79,3,0.20,0.9998046622427336
79,3,0.25,0.9999384480687761
79,3,0.30,0.9998572346320326
79,3,0.35,0.9999577729885012
79,3,0.40,0.9999360999341442
79,3,0.45,0.9996106572860733
79,3,0.50,0.9998070817508938
79,3,0.55,0.9995489908323825
79,3,0.60,0.9999634316373949
79,3,0.65,0.9962943931365654
79,3,0.70,0.9989975672061938
79,3,0.75,0.9963742261831152
79,3,0.80,0.690596442381632
79,3,0.85,0.9996658606813138
79,3,0.90,0.9988529896001858
79,3,0.95,0.9999637160180324
79,4,0.05,0.956464453179009
79,4,0.10,0.9986717281977182
79,4,0.15,0.9993130782398648
79,4,0.20,0.9961378606422714
79,4,0.25,0.9977378979346382
79,4,0.30,0.999856909373554
79,4,0.35,0.9991043133623052
79,4,0.40,0.9996668660505292
79,4,0.45,0.9999510023393073
79,4,0.50,0.9997139664299222
79,4,0.55,0.9990642195393507
79,4,0.60,0.9955516455076158
79,4,0.65,0.9993712899064445
79,4,0.70,0.9993279905687852
79,4,0.75,0.9955210707652958
79,4,0.80,0.9999632855199275
79,4,0.85,0.9998576855338728
79,4,0.90,0.9991873891255286
79,4,0.95,0.9999454027950896
79,5,0.05,0.6690334768359961
79,5,0.10,0.9895701158943355
79,5,0.15,0.9908857071641334
79,5,0.20,0.9991172518574853
79,5,0.25,0.9999152462961671
79,5,0.30,0.9997745278869065
79,5,0.35,0.9997716618727184
79,5,0.40,0.9995934429847989
79,5,0.45,0.9999393325162758
79,5,0.50,0.9999033276443698
79,5,0.55,0.9996322878951559
79,5,0.60,0.9964818881275029
79,5,0.65,0.9993567457850137
79,5,0.70,0.9969903461405223
79,5,0.75,0.9961721942558922
79,5,0.80,0.9997070519912536
79,5,0.85,0.9959548855294209
79,5,0.90,0.9981355117544117
79,5,0.95,0.9994328127265453
79,6,0.05,-1.968394229839868
79,6,0.10,0.9974823638958683
79,6,0.15,0.9998036476955926
79,6,0.20,0.9985451463294324
79,6,0.25,0.9977796189463157
79,6,0.30,0.9999633190655082
79,6,0.35,0.9995949719855999
79,6,0.40,0.9997230276002514
79,6,0.45,0.9994806982145897
79,6,0.50,0.999833979818853
79,6,0.55,0.9993711427673929
79,6,0.60,0.998302221909282
79,6,0.65,0.9959496439281958
79,6,0.70,0.9998589436609873
79,6,0.75,0.9999674589243058
79,6,0.80,0.9997964044601172
79,6,0.85,0.9999074525133956
79,6,0.90,0.9981690104252009
79,6,0.95,0.9992030249123519
79,7,0.05,0.8961847894968473
79,7,0.10,0.9998083828676965
79,7,0.15,0.999214954241487
79,7,0.20,0.9994173138207963
79,7,0.25,0.9997372920695605
79,7,0.30,0.9998568495895578
79,7,0.35,0.9974083906847169
79,7,0.40,0.9998792184360665
79,7,0.45,0.9998557084849016
79,7,0.50,0.9999063288697722
79,7,0.55,0.9999387605514151
79,7,0.60,0.9995209365027135
79,7,0.65,0.9994782707766744
79,7,0.70,0.9997741354755153
79,7,0.75,0.9998190242996021
79,7,0.80,0.9999422260728287
79,7,0.85,0.9999137012035455
79,7,0.90,0.9980721008656841
79,7,0.95,0.9999496245489128
79,8,0.05,0.8012047456296083
79,8,0.10,0.9976086728583096
79,8,0.15,0.9912592204315647
79,8,0.20,0.9930560396996764
79,8,0.25,0.9998690329593841
79,8,0.30,0.9995788109066815
79,8,0.35,0.9995239542043602
79,8,0.40,0.9999567691638352
79,8,0.45,0.9999006151341252
79,8,0.50,0.9998101035119951
79,8,0.55,0.9980953984673602
79,8,0.60,0.9997186127124595
79,8,0.65,0.9998797694562922
79,8,0.70,0.9967052067623147
79,8,0.75,0.999878046194827
79,8,0.80,0.9993338755784249
79,8,0.85,0.9999505688450411
79,8,0.90,0.9924848921605987
79,8,0.95,0.9999316932879866
79,9,0.05,0.8383982280447533
79,9,0.10,0.9621311478262717
79,9,0.15,0.9977520785022841
79,9,0.20,0.9978820060447058
79,9,0.25,0.9981997236111895
79,9,0.30,0.9998910858323956
79,9,0.35,0.9999483735881114
79,9,0.40,0.9998892540779489
79,9,0.45,0.9979466806505304
79,9,0.50,0.9873568120592916
79,9,0.55,0.9981245690364524
79,9,0.60,0.9998240974436292
79,9,0.65,0.9976437718532097
79,9,0.70,0.999871630005732
79,9,0.75,0.6587654186047616
79,9,0.80,0.9995243513375968
79,9,0.85,0.9995998868289142
79,9,0.90,0.9998083391764845
79,9,0.95,0.9981339008471086
80,0,0.05,0.9314482043991338
80,0,0.10,0.999809104188722
80,0,0.15,0.9995829508379513
80,0,0.20,0.994297675623318
80,0,0.25,0.9999420136917181
80,0,0.30,0.9999318365123875
80,0,0.35,0.9998695138627931
80,0,0.40,0.9999226746857404
80,0,0.45,0.99983019970021
80,0,0.50,0.9990239785582952
80,0,0.55,0.9998828110450326
80,0,0.60,0.6912323903786475
80,0,0.65,0.9993379791813809
80,0,0.70,0.999556582718238
80,0,0.75,0.9947378409823208
80,0,0.80,0.9998839050405157
80,0,0.85,0.993632968561528
80,0,0.90,0.9997681303440545
80,0,0.95,0.9999260147371846
80,1,0.05,0.7861470942085494
80,1,0.10,0.9791739961699532
80,1,0.15,0.9997917800852207
80,1,0.20,0.998305556146637
80,1,0.25,0.9991264770467732
80,1,0.30,0.999375705427446
80,1,0.35,0.9997495174951926
80,1,0.40,0.9998892537932975
80,1,0.45,0.999836557139343
80,1,0.50,0.9997331809542302
80,1,0.55,0.9998951147822335
80,1,0.60,0.9999471981201473
80,1,0.65,0.9997939735373419
80,1,0.70,0.994147898150446
80,1,0.75,0.9999237093975913
80,1,0.80,0.9999517658128079
80,1,0.85,0.9997757859753501
80,1,0.90,0.9983919446571272
80,1,0.95,0.9954668142864489
80,2,0.05,0.6305638404915452
80,2,0.10,0.9893542552699455
80,2,0.15,0.991057715551563
80,2,0.20,0.9975131910065701
80,2,0.25,0.9997854849182012
80,2,0.30,0.999580969426335
80,2,0.35,0.9992786169514932
80,2,0.40,0.9999302029348688
80,2,0.45,0.9984338846776779
80,2,0.50,0.9993647301948757
80,2,0.55,0.9898419259989784
80,2,0.60,0.9952111965775406
80,2,0.65,0.999924522310335
80,2,0.70,0.6770840022034312
80,2,0.75,0.9994951275889916
80,2,0.80,0.9979308845004532
80,2,0.85,0.9999516157315279
80,2,0.90,0.9999627742700536
80,2,0.95,0.9996916644582123
80,3,0.05,-0.41274969507802517
80,3,0.10,0.9636469054010091
80,3,0.15,0.997752928264964
80,3,0.20,0.9996400085031405
80,3,0.25,0.9993460278194297
80,3,0.30,0.9999594067956199
80,3,0.35,0.999385544122062
80,3,0.40,0.9999197569489504
80,3,0.45,0.9999597697088176
80,3,0.50,0.999969324471787
80,3,0.55,0.9999120400342664
80,3,0.60,0.9967918854863256
80,3,0.65,0.9989716026780628
80,3,0.70,0.6794479318099996
80,3,0.75,0.9992440852524312
80,3,0.80,0.9999481355390808
80,3,0.85,0.9950709865885166
80,3,0.90,0.9998816252872457
80,3,0.95,0.5869722011112536
80,4,0.05,-4.198907017314936
80,4,0.10,0.9982748709184557
80,4,0.15,0.9673926784835583
80,4,0.20,0.9966842580641548
80,4,0.25,0.9996041725359203
80,4,0.30,0.9997989966135757
80,4,0.35,0.9999232605000702
80,4,0.40,0.999936919351593
80,4,0.45,0.9998811064221932
80,4,0.50,0.9998927959342622
80,4,0.55,0.9998695017964404
80,4,0.60,0.9994618446720476
80,4,0.65,0.9968034366310515
80,4,0.70,0.9999225289348825
80,4,0.75,0.9999594235047431
80,4,0.80,0.9938678632315694
80,4,0.85,0.9938105276663559
80,4,0.90,0.9997893842261739
80,4,0.95,0.9994122973222669
80,5,0.05,-1.0443815530865423
80,5,0.10,0.9980161217249442
80,5,0.15,0.9998145150145885
80,5,0.20,0.9950776983128192
80,5,0.25,0.9969570077478764
80,5,0.30,0.9981815932332392
80,5,0.35,0.9994930325292564
80,5,0.40,0.998384849044434
80,5,0.45,0.9999414936876748
80,5,0.50,0.9998407032228103
80,5,0.55,0.9996583550775157
80,5,0.60,0.9999246232539414
80,5,0.65,0.996036123856209
80,5,0.70,0.9978803490323191
80,5,0.75,0.9999678063552165
80,5,0.80,0.9988898254930982
80,5,0.85,0.9835452985499682
80,5,0.90,0.9998522545376981
80,5,0.95,0.999027240455074
80,6,0.05,0.7517703958243099
80,6,0.10,0.9987968105495603
80,6,0.15,0.9909503991779953
80,6,0.20,0.9998691482429501
80,6,0.25,0.9995579302887727
80,6,0.30,0.9999281006717289
80,6,0.35,0.9998081263110343
80,6,0.40,0.9919395157829626
80,6,0.45,0.9999419814288325
80,6,0.50,0.9979107021066242
80,6,0.55,0.9948173967639642
80,6,0.60,0.9950132825129809
80,6,0.65,0.9903069794874161
80,6,0.70,0.9998059378368765
80,6,0.75,0.9998905263290747
80,6,0.80,0.9992707304380631
80,6,0.85,0.9944094661794299
80,6,0.90,0.9969884235350319
80,6,0.95,0.9999054074183799
80,7,0.05,0.6993496513897022
80,7,0.10,0.9982871161838938
80,7,0.15,0.9898284606527215
80,7,0.20,0.9993088254017711
80,7,0.25,0.9998067032460964
80,7,0.30,0.9999060702119686
80,7,0.35,0.9995726537756036
80,7,0.40,0.9998474065400652
80,7,0.45,0.9986516650154283
80,7,0.50,0.9999592402287723
80,7,0.55,0.999847103753172
80,7,0.60,0.9889421332326733
80,7,0.65,0.9994747921011065
80,7,0.70,0.6572357934228272
80,7,0.75,0.9958484387389797
80,7,0.80,0.999936235593863
80,7,0.85,0.9977491390742208
80,7,0.90,0.6899154259147258
80,7,0.95,0.9999565244565811
80,8,0.05,0.03362696988114433
80,8,0.10,0.9998219980448639
80,8,0.15,0.9917166333740328
80,8,0.20,0.9997609545281769
80,8,0.25,0.9999661992456284
80,8,0.30,0.9999730093848571
80,8,0.35,0.9973815141270009
80,8,0.40,0.9999654028068217
80,8,0.45,0.9982507953638255
80,8,0.50,0.9998373974447002
80,8,0.55,0.9930363648678197
80,8,0.60,0.9999466431320013
80,8,0.65,0.9998579989450908
80,8,0.70,0.9999217886310972
80,8,0.75,0.9998242697101206
80,8,0.80,0.9999566374880134
80,8,0.85,0.9857162848908454
80,8,0.90,0.9999406461236688
80,8,0.95,0.996055269156436
80,9,0.05,0.9750115981849501
80,9,0.10,0.991393903244783
80,9,0.15,0.9981418582356196
80,9,0.20,0.9998736983453546
80,9,0.25,0.9961699282268154
80,9,0.30,0.9999348393538099
80,9,0.35,0.9994258703043307
80,9,0.40,0.9998921259931698
80,9,0.45,0.9999172550737987
80,9,0.50,0.9944151478050867
80,9,0.55,0.9879549269516305
80,9,0.60,0.9999556956798314
80,9,0.65,0.9997120585506684
80,9,0.70,0.9999359401900478
80,9,0.75,0.99648723924232
80,9,0.80,0.9999071968994603
80,9,0.85,0.9998999639549573
80,9,0.90,0.9999071152789907
80,9,0.95,0.9995230617505725
81,0,0.05,0.9830973827234906
81,0,0.10,0.9916515394282396
81,0,0.15,0.9965426225937104
81,0,0.20,0.9999395460523098
81,0,0.25,0.9991639623104172
81,0,0.30,0.9997429758232106
81,0,0.35,0.9990749017132476
81,0,0.40,0.998848562156523
81,0,0.45,0.9999127588170751
81,0,0.50,0.9997572549147016
81,0,0.55,0.9992492312260741
81,0,0.60,0.9994611320202074
81,0,0.65,0.999892168973818
81,0,0.70,0.9984171870173203
81,0,0.75,0.9993175048933353
81,0,0.80,0.9990189777640444
81,0,0.85,0.9960207703006182
81,0,0.90,0.9999472180229828
81,0,0.95,0.9978719060290233
81,1,0.05,0.8998945735665136
81,1,0.10,0.999274484943835
81,1,0.15,0.9488475614616046
81,1,0.20,0.9962791877766447
81,1,0.25,0.9998886340650472
81,1,0.30,0.9992188287765764
81,1,0.35,0.9974857918531537
81,1,0.40,0.9999186354809705
81,1,0.45,0.9976784733415989
81,1,0.50,0.999709952200772
81,1,0.55,0.999159324984292
81,1,0.60,0.999912278431692
81,1,0.65,0.9998585425676265
81,1,0.70,0.9999320650393989
81,1,0.75,0.9992728384236323
81,1,0.80,0.9998555811319829
81,1,0.85,0.9999020758657134
81,1,0.90,0.9999056326882702
81,1,0.95,0.9984271143909338
81,2,0.05,0.558179115292567
81,2,0.10,0.8932195984239188
81,2,0.15,0.9895259115724343
81,2,0.20,0.9952436184157725
81,2,0.25,0.9965827406609626
81,2,0.30,0.9992542469374657
81,2,0.35,0.9992022980051207
81,2,0.40,0.9984288514235041
81,2,0.45,0.9978502716905842
81,2,0.50,0.999954228318161
81,2,0.55,0.9999371253288836
81,2,0.60,0.9999687872216767
81,2,0.65,0.999935865552082
81,2,0.70,0.9998810139906879
81,2,0.75,0.9999411008555926
81,2,0.80,0.9990741180734583
81,2,0.85,0.9999584039626215
81,2,0.90,0.991081715506997
81,2,0.95,0.999436942025156
81,3,0.05,0.2282672911933753
81,3,0.10,0.9773404183955573
81,3,0.15,0.9815386612580173
81,3,0.20,0.9757494923536814
81,3,0.25,0.9996693544121598
81,3,0.30,0.9982220689532929
81,3,0.35,0.9990969646327099
81,3,0.40,0.9999649145043041
81,3,0.45,0.9990585202620779
81,3,0.50,0.9999276151302696
81,3,0.55,0.9999504894195251
81,3,0.60,0.9994424453273204
81,3,0.65,0.9999438669567727
81,3,0.70,0.9998152340396341
81,3,0.75,0.6237783886288664
81,3,0.80,0.9998580907591256
81,3,0.85,0.6451418310097017
81,3,0.90,0.9983864502319606
81,3,0.95,0.9999553769573409
81,4,0.05,0.8921460754519602
81,4,0.10,0.9963429977527934
81,4,0.15,0.9940781969599664
81,4,0.20,0.9984355277607493
81,4,0.25,0.9989626698625905
81,4,0.30,0.9998717238749328
81,4,0.35,0.9999210354688495
81,4,0.40,0.9999222460363707
81,4,0.45,0.9998980182860702
81,4,0.50,0.9999451775248328
81,4,0.55,0.9999591957899499
81,4,0.60,0.999946233948593
81,4,0.65,0.9999593053319321
81,4,0.70,0.9959295908295619
81,4,0.75,0.9976158400413543
81,4,0.80,0.9949633866499044
81,4,0.85,0.9999740259426655
81,4,0.90,0.9999045982833041
81,4,0.95,0.9997833644979475
81,5,0.05,0.9317976140366723
81,5,0.10,0.9821672809869642
81,5,0.15,0.9956837646509851
81,5,0.20,0.95082810331642
81,5,0.25,0.9992808937413432
81,5,0.30,0.9996663762447852
81,5,0.35,0.9998464084287008
81,5,0.40,0.9999524589499272
81,5,0.45,0.9956951904583099
81,5,0.50,0.9999230907626272
81,5,0.55,0.9999592509462936
81,5,0.60,0.9997993292651048
81,5,0.65,0.9998980661451883
81,5,0.70,0.9989539847021135
81,5,0.75,0.9999360962379185
81,5,0.80,0.9999467466293892
81,5,0.85,0.9999627925115812
81,5,0.90,0.9994271670604914
81,5,0.95,0.9999750528728654
81,6,0.05,0.545158772272737
81,6,0.10,0.9850234205693936
81,6,0.15,0.6908794475332587
81,6,0.20,0.9996844285674797
81,6,0.25,0.9995845137117196
81,6,0.30,0.999824460544475
81,6,0.35,0.9944262038682435
81,6,0.40,0.9947360265847921
81,6,0.45,0.9998985404948002
81,6,0.50,0.9992735978425747
81,6,0.55,0.9999560782060667
81,6,0.60,0.9993364929296127
81,6,0.65,0.999888221490802
81,6,0.70,0.9998429708516974
81,6,0.75,0.9999450190486335
81,6,0.80,0.9998605569438628
81,6,0.85,0.9999385142135676
81,6,0.90,0.9995573090808321
81,6,0.95,0.9997226270366224
81,7,0.05,0.8346178524599415
81,7,0.10,0.9984433033327036
81,7,0.15,0.9486429486404733
81,7,0.20,0.9881048524141639
81,7,0.25,0.9876275260290258
81,7,0.30,0.9998840702966815
81,7,0.35,0.9999056549479195
81,7,0.40,0.9999412981883542
81,7,0.45,0.9931552337976689
81,7,0.50,0.9959821054819108
81,7,0.55,0.9989336241499127
81,7,0.60,0.9999469509538608
81,7,0.65,0.999953893400705
81,7,0.70,0.9999378895717069
81,7,0.75,0.999520978476717
81,7,0.80,0.9999524991195806
81,7,0.85,0.9915569673479203
81,7,0.90,0.9909493816110196
81,7,0.95,0.9999457628342729
81,8,0.05,0.7190282381160766
81,8,0.10,0.9531542619060116
81,8,0.15,0.9969391591670724
81,8,0.20,0.9998992751762704
81,8,0.25,0.9934563786900518
81,8,0.30,0.9998894709148612
81,8,0.35,0.9999210385641616
81,8,0.40,0.9983345110322829
81,8,0.45,0.9999529649397358
81,8,0.50,0.9999436663181156
81,8,0.55,0.9992457373237863
81,8,0.60,0.999903633816215
81,8,0.65,0.9999672927956768
81,8,0.70,0.9999540820441133
81,8,0.75,0.9997334799167632
81,8,0.80,0.9999627607749695
81,8,0.85,0.9999350224111797
81,8,0.90,0.6643459926814481
81,8,0.95,0.9999742590674532
81,9,0.05,0.8595937501063047
81,9,0.10,0.9589112202490804
81,9,0.15,0.999336363869573
81,9,0.20,0.9979572080380462
81,9,0.25,0.9999475493172911
81,9,0.30,0.9813245090449961
81,9,0.35,0.9977095884567992
81,9,0.40,0.9979841477440468
81,9,0.45,0.9999150583585856
81,9,0.50,0.9999820977924646
81,9,0.55,0.9999612793838716
81,9,0.60,0.9999598295233506
81,9,0.65,0.9999252144634194
81,9,0.70,0.999389807055206
81,9,0.75,0.9999711970524667
81,9,0.80,0.9996006381084321
81,9,0.85,0.9999590718752122
81,9,0.90,0.9999189975648846
81,9,0.95,0.9999651830454425
82,0,0.05,0.1293159202877815
82,0,0.10,0.9960592061820646
82,0,0.15,0.9982900307361096
82,0,0.20,0.9974781326690013
82,0,0.25,0.9920269664671464
82,0,0.30,0.9910192713784195
82,0,0.35,0.9995385025983936
82,0,0.40,0.9840879532373754
82,0,0.45,0.9978158499316417
82,0,0.50,0.9998668027313293
82,0,0.55,0.9934980533987359
82,0,0.60,0.9969935537543161
82,0,0.65,0.999420973069383
82,0,0.70,0.9950436110407254
82,0,0.75,0.9999249600028076
82,0,0.80,0.9998663159532307
82,0,0.85,0.999967351882982
82,0,0.90,0.9999731950112482
82,0,0.95,0.9998032121101682
82,1,0.05,0.4941839863309341
82,1,0.10,0.8866299583133109
82,1,0.15,0.9476015619057554
82,1,0.20,0.9998711628416564
82,1,0.25,0.9896575512441822
82,1,0.30,0.9862736464948908
82,1,0.35,0.9999607721636068
82,1,0.40,0.9979083614046859
82,1,0.45,0.9991361290831869
82,1,0.50,0.9996651230990529
82,1,0.55,0.9948960161434207
82,1,0.60,0.9958223596638894
82,1,0.65,0.9999137454803863
82,1,0.70,0.9948926047878749
82,1,0.75,0.9991584609558288
82,1,0.80,0.6859163311199772
82,1,0.85,0.9999804162236229
82,1,0.90,0.9986499474290882
82,1,0.95,0.6233269593108113
82,2,0.05,0.6288940793656035
82,2,0.10,0.9902645217406256
82,2,0.15,0.9948751652029154
82,2,0.20,0.9996493334625577
82,2,0.25,0.9996636523199122
82,2,0.30,0.9995120482592305
82,2,0.35,0.9999564622560299
82,2,0.40,0.9966635222087475
82,2,0.45,0.9970722566385557
82,2,0.50,0.9989011093576449
82,2,0.55,0.9951899293917499
82,2,0.60,0.9876790013224436
82,2,0.65,0.9943393781184977
82,2,0.70,0.9998302993630404
82,2,0.75,0.9999504491508732
82,2,0.80,0.9993365940546272
82,2,0.85,0.9993786012869512
82,2,0.90,0.9999305052718285
82,2,0.95,0.9957238402458896
82,3,0.05,0.6827743230540559
82,3,0.10,0.9840064201213962
82,3,0.15,0.9976251267674674
82,3,0.20,0.9899708032383827
82,3,0.25,0.9876441440175345
82,3,0.30,0.9999330098375506
82,3,0.35,0.9995741871026791
82,3,0.40,0.9983521093635215
82,3,0.45,0.9865730713160986
82,3,0.50,0.9984378381302246
82,3,0.55,0.9999209342168756
82,3,0.60,0.9953846784109404
82,3,0.65,0.9993848723655772
82,3,0.70,0.999271283339899
82,3,0.75,0.9998748028925302
82,3,0.80,0.9997031437155607
82,3,0.85,0.9998781181290172
82,3,0.90,0.9999735120954931
82,3,0.95,0.9992352473577992
82,4,0.05,0.7140562991532471
82,4,0.10,0.9711605570973172
82,4,0.15,0.9827472426081307
82,4,0.20,0.9941867626834683
82,4,0.25,0.9862579875007195
82,4,0.30,0.9910638329382969
82,4,0.35,0.9725057990424866
82,4,0.40,0.9839747742031706
82,4,0.45,0.9880071964692054
82,4,0.50,0.9945793275445602
82,4,0.55,0.9999376578535489
82,4,0.60,0.9999511924255104
82,4,0.65,0.9999500745083647
82,4,0.70,0.9951000414211331
82,4,0.75,0.9959507647334925
82,4,0.80,0.9977211021731179
82,4,0.85,0.9993427535740085
82,4,0.90,0.9998138303476999
82,4,0.95,0.9999575670015679
82,5,0.05,0.9256122696929343
82,5,0.10,0.9940373619491164
82,5,0.15,0.9900355127103239
82,5,0.20,0.9988125878306178
82,5,0.25,0.9979687978395623
82,5,0.30,0.9998720362672257
82,5,0.35,0.9988604999615907
82,5,0.40,0.999907039276741
82,5,0.45,0.9921127561026071
82,5,0.50,0.9880607782091612
82,5,0.55,0.9984150105217203
82,5,0.60,0.9994971017054752
82,5,0.65,0.9992464134950672
82,5,0.70,0.9999592837343865
82,5,0.75,0.9999581755662966
82,5,0.80,0.9984018573436211
82,5,0.85,0.9997140748630396
82,5,0.90,0.9985541703414996
82,5,0.95,0.9932730670495481
82,6,0.05,-7.784637653715205
82,6,0.10,0.4893681729994436
82,6,0.15,0.9997560013797568
82,6,0.20,0.9978521948625919
82,6,0.25,0.9810763123070569
82,6,0.30,0.9860898619098835
82,6,0.35,0.9873745755062016
82,6,0.40,0.9995689445444791
82,6,0.45,0.9998823565001435
82,6,0.50,0.9991441927663232
82,6,0.55,0.9965821134934758
82,6,0.60,0.9999120059352256
82,6,0.65,0.9997524002033377
82,6,0.70,0.9999307390176492
82,6,0.75,0.9995563190189576
82,6,0.80,0.9993506338769865
82,6,0.85,0.9996312132208778
82,6,0.90,0.6349361579694586
82,6,0.95,0.9994193655079058
82,7,0.05,0.9459796560133837
82,7,0.10,0.9961094630506497
82,7,0.15,0.986867974954089
82,7,0.20,0.9968693699412088
82,7,0.25,0.9909656232008045
82,7,0.30,0.9990933479456909
82,7,0.35,0.9948358220570932
82,7,0.40,0.6449193327010337
82,7,0.45,0.9964882208063794
82,7,0.50,0.9957652347227104
82,7,0.55,0.9919626058786086
82,7,0.60,0.999956192059818
82,7,0.65,0.999951893292894
82,7,0.70,0.9954751636330023
82,7,0.75,0.9999749434741647
82,7,0.80,0.9992713357283732
82,7,0.85,0.9999683246751386
82,7,0.90,0.9937429101439368
82,7,0.95,0.9996481680107415
82,8,0.05,-0.5951681407352409
82,8,0.10,0.9827638417690282
82,8,0.15,0.9878233574250218
82,8,0.20,0.9994251606051274
82,8,0.25,0.9995902908492507
82,8,0.30,0.984511856569291
82,8,0.35,0.6319938686410402
82,8,0.40,0.9999006901594779
82,8,0.45,0.9999344430872079
82,8,0.50,0.9956771372547812
82,8,0.55,0.9923632882027507
82,8,0.60,0.999824201872
82,8,0.65,0.9998956169127874
82,8,0.70,0.9995736351502853
82,8,0.75,0.9834980933395671
82,8,0.80,0.9997217221112382
82,8,0.85,0.9955994897754926
82,8,0.90,0.9955441047212829
82,8,0.95,0.9998967790370555
82,9,0.05,0.9570877858899092
82,9,0.10,0.9953997421403119
82,9,0.15,0.999274804754984
82,9,0.20,0.9976506652448213
82,9,0.25,0.9990496935013823
82,9,0.30,0.9965675374711248
82,9,0.35,0.998091263370338
82,9,0.40,0.9994639729012358
82,9,0.45,0.9958353097323983
82,9,0.50,0.9998465726222802
82,9,0.55,0.9999338212358416
82,9,0.60,0.9999170137803395
82,9,0.65,0.9999346287389284
82,9,0.70,0.9949808639289913
82,9,0.75,0.9862342123007306
82,9,0.80,0.9950878310186856
82,9,0.85,0.9999429595040854
82,9,0.90,0.9940368306256535
82,9,0.95,0.9995530700174957
83,0,0.05,0.6967330417165092
83,0,0.10,0.9935128544080954
83,0,0.15,0.9997563734642183
83,0,0.20,0.9997382671482228
83,0,0.25,0.9996017245647085
83,0,0.30,0.9993235050667397
83,0,0.35,0.9998497254753688
83,0,0.40,0.9998415054299836
83,0,0.45,0.4768948335745643
83,0,0.50,0.9999477145786986
83,0,0.55,0.9999438760432623
83,0,0.60,0.9999819135560675
83,0,0.65,0.9997405322653107
83,0,0.70,0.9998771949826747
83,0,0.75,0.9907479123563598
83,0,0.80,0.9998841656503917
83,0,0.85,0.9999722553279055
83,0,0.90,0.9999626625235525
83,0,0.95,0.9998992500494206
83,1,0.05,0.17424746101362498
83,1,0.10,0.9878362167963366
83,1,0.15,0.986592566027228
83,1,0.20,0.9999530356980881
83,1,0.25,0.9976864180902657
83,1,0.30,0.999946438740569
83,1,0.35,0.9997967738790877
83,1,0.40,0.9998117138963484
83,1,0.45,0.9994956909387022
83,1,0.50,0.9997683930376297
83,1,0.55,0.9995927186907699
83,1,0.60,0.9824661802669611
83,1,0.65,0.9997458309234378
83,1,0.70,0.9998874993163694
83,1,0.75,0.99885248765583
83,1,0.80,0.9990997157264476
83,1,0.85,0.6486214496966181
83,1,0.90,0.6645840103576988
83,1,0.95,0.9993336181382644
83,2,0.05,0.47515642934572966
83,2,0.10,0.9447402777979208
83,2,0.15,0.9994443008550465
83,2,0.20,0.9920723116382406
83,2,0.25,0.9996743716174125
83,2,0.30,0.9999339473386758
83,2,0.35,0.9998714995015306
83,2,0.40,0.9937645536936348
83,2,0.45,0.9992220611503588
83,2,0.50,0.9995512715100136
83,2,0.55,0.9997927952121711
83,2,0.60,0.9877763517711886
83,2,0.65,0.9925280240667858
83,2,0.70,0.9997099545036602
83,2,0.75,0.9990385780090029
83,2,0.80,0.6200559021573397
83,2,0.85,0.9993618741431481
83,2,0.90,0.9953559319155036
83,2,0.95,0.9999469374802751
83,3,0.05,0.957607764470195
83,3,0.10,0.9990505118362295
83,3,0.15,0.9832945549355867
83,3,0.20,0.9995604509839549
83,3,0.25,0.99983590821208
83,3,0.30,0.9999305005906931
83,3,0.35,0.9999574931302708
83,3,0.40,0.9935231720184056
83,3,0.45,0.9998165355648054
83,3,0.50,0.9988259997088922
83,3,0.55,0.99993188578174
83,3,0.60,0.6199056315275131
83,3,0.65,0.9972679368531094
83,3,0.70,0.9946164892889059
83,3,0.75,0.6242003439378048
83,3,0.80,0.9993541510899536
83,3,0.85,0.998593218776267
83,3,0.90,0.9964089044789256
83,3,0.95,0.9992539231748561
83,4,0.05,0.9070746604693297
83,4,0.10,0.9980709786250997
83,4,0.15,0.9997004451309275
83,4,0.20,0.9989866928155504
83,4,0.25,0.9988645947887562
83,4,0.30,0.9991684038069673
83,4,0.35,0.9993458748503167
83,4,0.40,0.9999775520401593
83,4,0.45,0.9990769916000698
83,4,0.50,0.9999235157153897
83,4,0.55,0.9997721186109917
83,4,0.60,0.9993563077708344
83,4,0.65,0.9989255826494898
83,4,0.70,0.9998738219726457
83,4,0.75,0.9984201461474228
83,4,0.80,0.6341628798971495
83,4,0.85,0.9935347084140254
83,4,0.90,0.999913574870257
83,4,0.95,0.9977769773333602
83,5,0.05,0.9896269436121446
83,5,0.10,0.980277446464918
83,5,0.15,0.9882442430887481
83,5,0.20,0.7017489735873037
83,5,0.25,0.9953513858328696
83,5,0.30,0.9995870424730454
83,5,0.35,0.9926924398667268
83,5,0.40,0.9997400575141947
83,5,0.45,0.9999016685009036
83,5,0.50,0.9999383289233533
83,5,0.55,0.9965644931575091
83,5,0.60,0.9977222909330188
83,5,0.65,0.9930402061561605
83,5,0.70,0.9969484121661518
83,5,0.75,0.6610889655175785
83,5,0.80,0.9998715612876335
83,5,0.85,0.99991044756029
83,5,0.90,0.9956368271913723
83,5,0.95,0.9998217158702914
83,6,0.05,0.2707499551983461
83,6,0.10,0.6280794503547433
83,6,0.15,0.9868169446029539
83,6,0.20,0.9996600517972093
83,6,0.25,0.9998956466817731
83,6,0.30,0.9994577413853521
83,6,0.35,0.9999289936444337
83,6,0.40,0.9824637846222675
83,6,0.45,0.9999485890587886
83,6,0.50,0.9999199965802746
83,6,0.55,0.9998992539794853
83,6,0.60,0.9999172271200809
83,6,0.65,0.6461707279346985
83,6,0.70,0.9999621853928378
83,6,0.75,0.9966280843992814
83,6,0.80,0.6856962043998309
83,6,0.85,0.9998770545621218
83,6,0.90,0.9999551328878883
83,6,0.95,0.9999673362279554
83,7,0.05,0.9969717746138668
83,7,0.10,0.9894971857456978
83,7,0.15,0.999074953520794
83,7,0.20,0.5153955568884041
83,7,0.25,0.9983795014827889
83,7,0.30,0.9910399233646505
83,7,0.35,0.9999249850568228
83,7,0.40,0.9987223427809461
83,7,0.45,0.9812843092697358
83,7,0.50,0.9936103355802567
83,7,0.55,0.9994903036770986
83,7,0.60,0.9998146051035852
83,7,0.65,0.9977868001986827
83,7,0.70,0.9999565021685887
83,7,0.75,0.6111902944877705
83,7,0.80,0.6419558181960988
83,7,0.85,0.9997423299071374
83,7,0.90,0.9958449943664333
83,7,0.95,0.9997869762021905
83,8,0.05,0.9984087842761429
83,8,0.10,0.997593238325568
83,8,0.15,0.9997308304835082
83,8,0.20,0.9989813765957618
83,8,0.25,0.9971932049155664
83,8,0.30,0.9970503573897884
83,8,0.35,0.9999498548697153
83,8,0.40,0.9992348051630077
83,8,0.45,0.9998581085022609
83,8,0.50,0.997129727502248
83,8,0.55,0.9999250795647237
83,8,0.60,0.6764302767888006
83,8,0.65,0.9998361467127224
83,8,0.70,0.999940814632519
83,8,0.75,0.9947171027108157
83,8,0.80,0.998892294005408
83,8,0.85,0.9998356656747905
83,8,0.90,0.9997528645876004
83,8,0.95,0.9999536864406443
83,9,0.05,0.9924931507912279
83,9,0.10,0.9997219005720618
83,9,0.15,0.9995397349240684
83,9,0.20,0.996962257967535
83,9,0.25,0.9999059240935295
83,9,0.30,0.9997751432172598
83,9,0.35,0.6207004046620845
83,9,0.40,0.999968785469525
83,9,0.45,0.9998425436968633
83,9,0.50,0.9994291862501655
83,9,0.55,0.609628499221359
83,9,0.60,0.997114848867683
83,9,0.65,0.9998286796761423
83,9,0.70,0.6494801234531113
83,9,0.75,0.9725831034487356
83,9,0.80,0.615469035869419
83,9,0.85,0.9995184388015546
83,9,0.90,0.9998518777117545
83,9,0.95,0.9999506286098016
84,0,0.05,0.9180338385407183
84,0,0.10,0.9848175576019587
84,0,0.15,0.9932701337751795
84,0,0.20,0.9998841863821921
84,0,0.25,0.9996178030440857
84,0,0.30,0.5450184132646807
84,0,0.35,0.9999232753586778
84,0,0.40,0.9935320399253585
84,0,0.45,0.9655049455789195
84,0,0.50,0.6478423426380391
84,0,0.55,0.6328441133727838
84,0,0.60,0.9916739782117172
84,0,0.65,0.9999729497034141
84,0,0.70,0.9998090264174693
84,0,0.75,0.9983764329809333
84,0,0.80,0.9990513310392373
84,0,0.85,0.9989698093586611
84,0,0.90,0.9998703737908166
84,0,0.95,0.9998687018639776
84,1,0.05,0.8408112185745025
84,1,0.10,0.9961000599793332
84,1,0.15,0.991949966142368
84,1,0.20,0.9998199973484212
84,1,0.25,0.9997797337412608
84,1,0.30,0.9999014871994624
84,1,0.35,0.9988798944831987
84,1,0.40,0.9997624449486537
84,1,0.45,0.999935278663859
84,1,0.50,0.998903705460544
84,1,0.55,0.9999667201935868
84,1,0.60,0.9946033027755024
84,1,0.65,0.9939712496913927
84,1,0.70,0.9998501273828007
84,1,0.75,0.9998445424596787
84,1,0.80,0.9999661101510837
84,1,0.85,0.9960267830607951
84,1,0.90,0.9998600390053966
84,1,0.95,0.9998082581039052
84,2,0.05,0.5204415157419817
84,2,0.10,0.9831910590953566
84,2,0.15,0.9622329561225571
84,2,0.20,0.9996184788803664
84,2,0.25,0.9999327844566263
84,2,0.30,0.9993902921818589
84,2,0.35,0.9999602482896051
84,2,0.40,0.999512691822395
84,2,0.45,0.9998953172595408
84,2,0.50,0.9996568834184195
84,2,0.55,0.5768303893963945
84,2,0.60,0.9963766268501392
84,2,0.65,0.9998959995656478
84,2,0.70,0.6352152449591083
84,2,0.75,0.9998014227284077
84,2,0.80,0.9952140053789272
84,2,0.85,0.9963498755316003
84,2,0.90,0.9999246655272908
84,2,0.95,0.9982630004454097
84,3,0.05,0.9743454596063406
84,3,0.10,0.9979848180168285
84,3,0.15,0.9999215422611252
84,3,0.20,0.9983612368097616
84,3,0.25,0.9996285899416554
84,3,0.30,0.9999316789874952
84,3,0.35,0.9996454550048154
84,3,0.40,0.9986846445505255
84,3,0.45,0.5274276738849711
84,3,0.50,0.9998502835997902
84,3,0.55,0.9997188934433221
84,3,0.60,0.9955357949669148
84,3,0.65,0.9996813983175844
84,3,0.70,0.9999783798293819
84,3,0.75,0.9992707448242454
84,3,0.80,0.9999700693214062
84,3,0.85,0.9997229443340166
84,3,0.90,0.9999533661818767
84,3,0.95,0.9999553741632301
84,4,0.05,0.7508305377113593
84,4,0.10,0.6264564720764186
84,4,0.15,0.9997359682508503
84,4,0.20,0.9871452611251736
84,4,0.25,0.9998913168954344
84,4,0.30,0.999300921057013
84,4,0.35,0.9999041994954759
84,4,0.40,0.9996924673240172
84,4,0.45,0.9995904890493331
84,4,0.50,0.9999437177169453
84,4,0.55,0.9999534953973579
84,4,0.60,0.9997645653440247
84,4,0.65,0.9976625714544848
84,4,0.70,0.9998991621452129
84,4,0.75,0.9991040404301416
84,4,0.80,0.9999310006788656
84,4,0.85,0.9988525228941878
84,4,0.90,0.5946720713451981
84,4,0.95,0.9998934288343407
84,5,0.05,0.3784407080254547
84,5,0.10,0.9620771773952552
84,5,0.15,0.9994440703390072
84,5,0.20,0.999813089089733
84,5,0.25,0.9990704010223286
84,5,0.30,0.9998165860783509
84,5,0.35,0.9998638232542094
84,5,0.40,0.9999468134766437
84,5,0.45,0.9999641511402735
84,5,0.50,0.6097823044740638
84,5,0.55,0.9994866050951473
84,5,0.60,0.9999372148428146
84,5,0.65,0.6611730584545509
84,5,0.70,0.9994438568155417
84,5,0.75,0.9999178852080937
84,5,0.80,0.9999118643075569
84,5,0.85,0.9998938904009527
84,5,0.90,0.9998913809787814
84,5,0.95,0.6855188742653961
84,6,0.05,0.6883080866381857
84,6,0.10,0.9411789001906368
84,6,0.15,0.9994795638377494
84,6,0.20,0.9903588427568667
84,6,0.25,0.9999662836433381
84,6,0.30,0.9973298225300948
84,6,0.35,0.9996720550173478
84,6,0.40,0.99995001826134
84,6,0.45,0.9980450114320608
84,6,0.50,0.9981098219939162
84,6,0.55,0.9999707078185573
84,6,0.60,0.9999445406374445
84,6,0.65,0.9995385425715921
84,6,0.70,0.9946893687449115
84,6,0.75,0.9999546930125807
84,6,0.80,0.9984079292153497
84,6,0.85,0.9983216807762846
84,6,0.90,0.5866513417167811
84,6,0.95,0.9959756389203954
84,7,0.05,0.09490823127261838
84,7,0.10,0.9663736388050094
84,7,0.15,0.9866894032937263
84,7,0.20,0.9990629399021533
84,7,0.25,0.999625850091248
84,7,0.30,0.9998940530996652
84,7,0.35,0.9998495341959636
84,7,0.40,0.9987414823070787
84,7,0.45,0.9992712700483865
84,7,0.50,0.9939304773858735
84,7,0.55,0.9969969296304315
84,7,0.60,0.6782611388205928
84,7,0.65,0.9999506067902693
84,7,0.70,0.9999663588610415
84,7,0.75,0.9987822136225681
84,7,0.80,0.9995664901852288
84,7,0.85,0.9995378944744153
84,7,0.90,0.9950838904731174
84,7,0.95,0.9972709359893123
84,8,0.05,0.5874271711367399
84,8,0.10,0.996806023674494
84,8,0.15,0.9996674811530947
84,8,0.20,0.9992767957252259
84,8,0.25,0.9993261392484465
84,8,0.30,0.9998673106127246
84,8,0.35,0.997341736784473
84,8,0.40,0.9999255791192561
84,8,0.45,0.9995947465425233
84,8,0.50,0.9999541966084085
84,8,0.55,0.6043703301494611
84,8,0.60,0.9998470418546367
84,8,0.65,0.9991246186876385
84,8,0.70,0.9999726763610342
84,8,0.75,0.9999449015073323
84,8,0.80,0.9998695513603153
84,8,0.85,0.9991118684773755
84,8,0.90,0.9999357337122857
84,8,0.95,0.9999224222818563
84,9,0.05,0.9828266333034007
84,9,0.10,0.7834426064603004
84,9,0.15,0.9911819255354021
84,9,0.20,0.9982707507193591
84,9,0.25,0.9997064196041806
84,9,0.30,0.9998969217510317
84,9,0.35,0.9999207335811432
84,9,0.40,0.9961601914622676
84,9,0.45,0.9999037395179449
84,9,0.50,0.9999180492323715
84,9,0.55,0.9998945343824351
84,9,0.60,0.9961094269619974
84,9,0.65,0.9998623087527783
84,9,0.70,0.9995705905354633
84,9,0.75,0.9965730436558161
84,9,0.80,0.9999240931639012
84,9,0.85,0.999910835720587
84,9,0.90,0.6328240633697868
84,9,0.95,0.9998804502399756
85,0,0.05,0.9042691107159666
85,0,0.10,0.9967909141224413
85,0,0.15,0.9961766640661422
85,0,0.20,0.9999252475900052
85,0,0.25,0.9995838754208635
85,0,0.30,0.9999176656861036
85,0,0.35,0.9999186128646091
85,0,0.40,0.9999435300482009
85,0,0.45,0.6499385000789999
85,0,0.50,0.9998792478169926
85,0,0.55,0.9999054060852548
85,0,0.60,0.9999558734444469
85,0,0.65,0.9999542624739738
85,0,0.70,0.9982884430184082
85,0,0.75,0.9991727813957111
85,0,0.80,0.9996378107208035
85,0,0.85,0.9999608393515736
85,0,0.90,0.9999286685629267
85,0,0.95,0.9999212429268394
85,1,0.05,0.5844738064858159
85,1,0.10,0.9396464534430818
85,1,0.15,0.9871671528671498
85,1,0.20,0.6369127511509345
85,1,0.25,0.986262676597899
85,1,0.30,0.9998115729749942
85,1,0.35,0.9861818307082645
85,1,0.40,0.999675974772552
85,1,0.45,0.9997949200894563
85,1,0.50,0.9915766121474614
85,1,0.55,0.9997537036527696
85,1,0.60,0.9998959472823211
85,1,0.65,0.9992580774178224
85,1,0.70,0.9998898686593438
85,1,0.75,0.9999194797192765
85,1,0.80,0.9994291812200113
85,1,0.85,0.9999602206185229
85,1,0.90,0.6449301652515373
85,1,0.95,0.9998071882609576
85,2,0.05,0.8070370609975986
85,2,0.10,0.9975206033972449
85,2,0.15,0.9985836183357489
85,2,0.20,0.9987128529812328
85,2,0.25,0.9996079725278612
85,2,0.30,0.999883193970398
85,2,0.35,0.9969456163207557
85,2,0.40,0.9963778357470595
85,2,0.45,0.9999433842625811
85,2,0.50,0.9991549422937447
85,2,0.55,0.9988584293344784
85,2,0.60,0.9998944005231674
85,2,0.65,0.9997947717609117
85,2,0.70,0.9951643729108434
85,2,0.75,0.9998419305947679
85,2,0.80,0.9989707673851664
85,2,0.85,0.9998137239818665
85,2,0.90,0.9999703860988338
85,2,0.95,0.9946303120820338
85,3,0.05,0.3289705578051473
85,3,0.10,0.976168161565853
85,3,0.15,0.9966244775203991
85,3,0.20,0.9998529764690439
85,3,0.25,0.9986200540650031
85,3,0.30,0.9936926477459329
85,3,0.35,0.9999640294056603
85,3,0.40,0.9997458142167798
85,3,0.45,0.9997840265727109
85,3,0.50,0.9997287806374471
85,3,0.55,0.9999612771084566
85,3,0.60,0.9992867918873888
85,3,0.65,0.9999153366318702
85,3,0.70,0.9994238275258192
85,3,0.75,0.9999198860770206
85,3,0.80,0.9994937282490963
85,3,0.85,0.9992290516338216
85,3,0.90,0.9992430613247274
85,3,0.95,0.9999735189797249
85,4,0.05,-0.19463503085005618
85,4,0.10,0.9698584304732265
85,4,0.15,0.9994775203798691
85,4,0.20,0.9998530948670266
85,4,0.25,0.9998619705932549
85,4,0.30,0.9812988371964714
85,4,0.35,0.999955906957659
85,4,0.40,0.9998930207927282
85,4,0.45,0.6331543902949857
85,4,0.50,0.9908110863175146
85,4,0.55,0.9995814088219857
85,4,0.60,0.9858208954194263
85,4,0.65,0.9990259730856788
85,4,0.70,0.9999321078914967
85,4,0.75,0.9996353499020817
85,4,0.80,0.9998925761995531
85,4,0.85,0.9993524484618056
85,4,0.90,0.9999646996029765
85,4,0.95,0.9998844144694502
85,5,0.05,0.9549013263980153
85,5,0.10,0.29417134594481
85,5,0.15,0.9935322006327053
85,5,0.20,0.9987386885089662
85,5,0.25,0.9982817738125894
85,5,0.30,0.992834072071488
85,5,0.35,0.9988032019347399
85,5,0.40,0.9995606793069137
85,5,0.45,0.9999514433863466
85,5,0.50,0.9992929053380654
85,5,0.55,0.9999414644190995
85,5,0.60,0.5755652187423441
85,5,0.65,0.9991727438102309
85,5,0.70,0.9989070046042992
85,5,0.75,0.9998672452209082
85,5,0.80,0.9999569387080752
85,5,0.85,0.9995822862568305
85,5,0.90,0.9999557807288633
85,5,0.95,0.638613702275519
85,6,0.05,0.9807757731901708
85,6,0.10,-0.9436824900457541
85,6,0.15,0.18916546505775478
85,6,0.20,0.9993598266049596
85,6,0.25,0.9996509538885934
85,6,0.30,0.9936719522933068
85,6,0.35,0.9984825776730596
85,6,0.40,0.9997416517854948
85,6,0.45,0.9999300121360734
85,6,0.50,0.9998671202010436
85,6,0.55,0.99979778784734
85,6,0.60,0.9994194798206376
85,6,0.65,0.9996575288373023
85,6,0.70,0.9999372559672343
85,6,0.75,0.999938607879889
85,6,0.80,0.9993126219426701
85,6,0.85,0.9998613122778423
85,6,0.90,0.9991551744871502
85,6,0.95,0.992099879064818
85,7,0.05,0.8506709557911374
85,7,0.10,0.9718441652211842
85,7,0.15,0.9986267058149647
85,7,0.20,0.9895484853678679
85,7,0.25,0.9992372368511718
85,7,0.30,0.9995948192377546
85,7,0.35,0.9923697075294873
85,7,0.40,0.9997200201463622
85,7,0.45,0.9856872289673502
85,7,0.50,0.9918079193257423
85,7,0.55,0.9996752419974915
85,7,0.60,0.9999127644217847
85,7,0.65,0.9999573184749848
85,7,0.70,0.9968237457847815
85,7,0.75,0.9998286949004785
85,7,0.80,0.9999352834572682
85,7,0.85,0.999560909492804
85,7,0.90,0.999967989740057
85,7,0.95,0.9961794421451509
85,8,0.05,0.1474288448312251
85,8,0.10,0.9776213219590891
85,8,0.15,0.6311257741717345
85,8,0.20,0.9818405243253804
85,8,0.25,0.9996611999273394
85,8,0.30,0.9983554697382914
85,8,0.35,0.9672859609895792
85,8,0.40,0.9916116650246036
85,8,0.45,0.9996491604715501
85,8,0.50,0.6260868266216957
85,8,0.55,0.6443334233519165
85,8,0.60,0.999686326001949
85,8,0.65,0.6160702055356674
85,8,0.70,0.9992345613038942
85,8,0.75,0.9998411557734705
85,8,0.80,0.9993385924537657
85,8,0.85,0.9998823441664649
85,8,0.90,0.6584669741074987
85,8,0.95,0.9999431309942333
85,9,0.05,0.2298104227994393
85,9,0.10,0.6229872028356442
85,9,0.15,0.5885278604752422
85,9,0.20,0.9958986397966221
85,9,0.25,0.9999377532459072
85,9,0.30,0.9998986354709558
85,9,0.35,0.9998167639918227
85,9,0.40,0.9984471882405227
85,9,0.45,0.999684076701577
85,9,0.50,0.999866303370663
85,9,0.55,0.9986499261222846
85,9,0.60,0.9986015506541489
85,9,0.65,0.9977482651494698
85,9,0.70,0.9999366817562371
85,9,0.75,0.9999015092030537
85,9,0.80,0.99572512580852
85,9,0.85,0.9999815560022142
85,9,0.90,0.99954720255154
85,9,0.95,0.9999474013271612
86,0,0.05,0.8278980058506872
86,0,0.10,0.9951842913354049
86,0,0.15,0.9892108385692362
86,0,0.20,0.999644204361361
86,0,0.25,0.9992850651123931
86,0,0.30,0.9996134531922329
86,0,0.35,0.9996935542789056
86,0,0.40,0.9979045293708303
86,0,0.45,0.9944990213171535
86,0,0.50,0.998038686920634
86,0,0.55,0.9944238590703929
86,0,0.60,0.9999122467537942
86,0,0.65,0.9999411302148062
86,0,0.70,0.9974074563750206
86,0,0.75,0.9965718747090048
86,0,0.80,0.9968886911810976
86,0,0.85,0.9998592318078914
86,0,0.90,0.9978854814664772
86,0,0.95,0.999295862536545
86,1,0.05,-1.0594009528465973
86,1,0.10,0.9906762702563879
86,1,0.15,0.9956190128000781
86,1,0.20,0.9997408237712342
86,1,0.25,0.9986449458928106
86,1,0.30,0.9997053518282231
86,1,0.35,0.9933053907789064
86,1,0.40,0.9953420764933925
86,1,0.45,0.9995803332957126
86,1,0.50,0.999235598892919
86,1,0.55,0.5121903467373217
86,1,0.60,0.99968611498828
86,1,0.65,0.9998875004322382
86,1,0.70,0.9894703020653802
86,1,0.75,0.9998908519609925
86,1,0.80,0.9998057037644336
86,1,0.85,0.9993271562043116
86,1,0.90,0.9972676387306231
86,1,0.95,0.9999406549237847
86,2,0.05,0.9682146552236399
86,2,0.10,0.9934040349356109
86,2,0.15,0.9942159538901546
86,2,0.20,0.9996248523832585
86,2,0.25,0.9920822871144469
86,2,0.30,0.9984412428879398
86,2,0.35,0.9904942346350737
86,2,0.40,0.99738039182322
86,2,0.45,0.9998786933749224
86,2,0.50,0.9996833415955303
86,2,0.55,0.6553971443624034
86,2,0.60,0.9998072337358567
86,2,0.65,0.9817182126385121
86,2,0.70,0.5843892191327784
86,2,0.75,0.9979441106652694
86,2,0.80,0.9998968623197413
86,2,0.85,0.6172594377144454
86,2,0.90,0.9991103317103622
86,2,0.95,0.9991867293046084
86,3,0.05,-14.278529278028055
86,3,0.10,0.954829945254924
86,3,0.15,0.9905523781024038
86,3,0.20,0.9988737569108886
86,3,0.25,0.998221375752483
86,3,0.30,0.9960331769234522
86,3,0.35,0.9994732026398659
86,3,0.40,0.9793928440767473
86,3,0.45,0.9994145578747973
86,3,0.50,0.9997857943990263
86,3,0.55,0.9962647542868313
86,3,0.60,0.9998547644060675
86,3,0.65,0.9959448332781328
86,3,0.70,0.9955542453163805
86,3,0.75,0.9998395326874719
86,3,0.80,0.9942023282761836
86,3,0.85,0.9999528779137884
86,3,0.90,0.9996360592727632
86,3,0.95,0.9998811135229123
86,4,0.05,-4.4207734083893815
86,4,0.10,0.9960552617386925
86,4,0.15,0.9954536401607423
86,4,0.20,0.9989342857483645
86,4,0.25,0.9998860403673251
86,4,0.30,0.9974291111168067
86,4,0.35,0.9978196963294748
86,4,0.40,0.9999451242227371
86,4,0.45,0.9979813883677647
86,4,0.50,0.9993522620626187
86,4,0.55,0.9997763444251798
86,4,0.60,0.999932281086658
86,4,0.65,0.9999535661801991
86,4,0.70,0.9956562216052616
86,4,0.75,0.9992671803718796
86,4,0.80,0.9993932677820205
86,4,0.85,0.9999360042698626
86,4,0.90,0.9999800128985896
86,4,0.95,0.9995546506008193
86,5,0.05,-0.38922437858096504
86,5,0.10,0.9906885851364059
86,5,0.15,0.9943650963789687
86,5,0.20,0.9954454879151118
86,5,0.25,0.9999098464899346
86,5,0.30,0.5878180280655878
86,5,0.35,0.9694993276843399
86,5,0.40,0.6741644542334595
86,5,0.45,0.9981434413170182
86,5,0.50,0.9976652458481743
86,5,0.55,0.9879149551972541
86,5,0.60,0.9970646316863435
86,5,0.65,0.9994137591415543
86,5,0.70,0.9999296991837929
86,5,0.75,0.9998833188757444
86,5,0.80,0.9999351824195928
86,5,0.85,0.9999354404325792
86,5,0.90,0.9979713682910493
86,5,0.95,0.9993901231110696
86,6,0.05,-0.52285228448202
86,6,0.10,0.9877539119006432
86,6,0.15,0.9810937819070764
86,6,0.20,0.9929374448395757
86,6,0.25,0.997366947728262
86,6,0.30,0.6974171836138009
86,6,0.35,0.9940194791430025
86,6,0.40,0.9998639483642181
86,6,0.45,0.99997206866175
86,6,0.50,0.9896008249994523
86,6,0.55,0.9998102970087617
86,6,0.60,0.9998926646142983
86,6,0.65,0.9993138966776635
86,6,0.70,0.9993919310585184
86,6,0.75,0.9998097950098832
86,6,0.80,0.9998977868054771
86,6,0.85,0.9935986783734645
86,6,0.90,0.9966594484596666
86,6,0.95,0.9991960195280452
86,7,0.05,0.48475050393570307
86,7,0.10,0.9991561828379969
86,7,0.15,0.9955854049851472
86,7,0.20,0.9979040423247736
86,7,0.25,0.998755343540532
86,7,0.30,0.979807734995151
86,7,0.35,0.9997369555353839
86,7,0.40,0.9947366711597587
86,7,0.45,0.9997916682883695
86,7,0.50,0.9992327362939354
86,7,0.55,0.999130981027432
86,7,0.60,0.6001923854496605
86,7,0.65,0.9991176714521077
86,7,0.70,0.5453426318841986
86,7,0.75,0.9936078404662536
86,7,0.80,0.9993335389826881
86,7,0.85,0.9999303779559012
86,7,0.90,0.9990835753761356
86,7,0.95,0.997294484067274
86,8,0.05,0.3818612566664624
86,8,0.10,0.9759168011837847
86,8,0.15,0.9727597189030845
86,8,0.20,0.9995970779864861
86,8,0.25,0.9864217145043408
86,8,0.30,0.5263381090912613
86,8,0.35,0.9977749973089926
86,8,0.40,0.9989913359638597
86,8,0.45,0.9976612208093858
86,8,0.50,0.9996426320854659
86,8,0.55,0.9992830041324163
86,8,0.60,0.9997350957529301
86,8,0.65,0.9998094608148016
86,8,0.70,0.9901568555329539
86,8,0.75,0.9951445023272195
86,8,0.80,0.9939905640269455
86,8,0.85,0.9999475269400395
86,8,0.90,0.9994070027624355
86,8,0.95,0.9999224863050584
86,9,0.05,-0.2697291632504588
86,9,0.10,0.9100891956167922
86,9,0.15,0.9976881601253837
86,9,0.20,0.9891120554505667
86,9,0.25,0.9996686869029493
86,9,0.30,0.6853693386371811
86,9,0.35,0.9800396452134302
86,9,0.40,0.9997666709297877
86,9,0.45,0.9997201646476659
86,9,0.50,0.9953039741681163
86,9,0.55,0.9884197418580739
86,9,0.60,0.9999202793746544
86,9,0.65,0.9999323918596612
86,9,0.70,0.9999380189888152
86,9,0.75,0.999965751506588
86,9,0.80,0.9999307771926799
86,9,0.85,0.9937019897320419
86,9,0.90,0.984451952875152
86,9,0.95,0.9999649096225618
87,0,0.05,-1279.6789867996029
87,0,0.10,0.9929219667239222
87,0,0.15,0.9993115672492431
87,0,0.20,0.9971053295605306
87,0,0.25,0.9959921881287712
87,0,0.30,0.9995716119350647
87,0,0.35,0.99992177267319
87,0,0.40,0.999749925726323
87,0,0.45,0.9999828321424226
87,0,0.50,0.9996876279044509
87,0,0.55,0.9956065796134922
87,0,0.60,0.9993177387022698
87,0,0.65,0.9983266859772052
87,0,0.70,0.9997913743435896
87,0,0.75,0.9998929002146936
87,0,0.80,0.9982102829399986
87,0,0.85,0.9956978076427246
87,0,0.90,0.9999765730370735
87,0,0.95,0.9994429502000627
87,1,0.05,0.8626617642720599
87,1,0.10,0.919925194787846
87,1,0.15,0.9775699898432526
87,1,0.20,0.999922168367994
87,1,0.25,0.9997148538320748
87,1,0.30,0.9976104703853825
87,1,0.35,0.9998795155771054
87,1,0.40,0.9996093343580051
87,1,0.45,0.9997742647180827
87,1,0.50,0.9999387290861549
87,1,0.55,0.9998579362829507
87,1,0.60,0.9947940858762166
87,1,0.65,0.9999067504299272
87,1,0.70,0.9999084420294365
87,1,0.75,0.9997253199922271
87,1,0.80,0.9999436453428736
87,1,0.85,0.9980008383095581
87,1,0.90,0.9999635102730415
87,1,0.95,0.999928175828068
87,2,0.05,0.060293595147991486
87,2,0.10,0.9992018880774391
87,2,0.15,0.9882003988306122
87,2,0.20,0.9998465011440297
87,2,0.25,0.9997816330067215
87,2,0.30,0.9995746246255932
87,2,0.35,0.9986819610904444
87,2,0.40,0.9974161008304105
87,2,0.45,0.9999548079624022
87,2,0.50,0.9998904108974386
87,2,0.55,0.9997254491645573
87,2,0.60,0.9997755196750437
87,2,0.65,0.9931329296811547
87,2,0.70,0.9996809242973529
87,2,0.75,0.9954872754945738
87,2,0.80,0.9994204854066678
87,2,0.85,0.999949166190635
87,2,0.90,0.999833017341539
87,2,0.95,0.9994496680687381
87,3,0.05,0.23409576878998173
87,3,0.10,0.9734044619976558
87,3,0.15,0.9965659505550941
87,3,0.20,0.9995170604515214
87,3,0.25,0.9998756524723541
87,3,0.30,0.9996987819906326
87,3,0.35,0.9999635804447526
87,3,0.40,0.9998143263884525
87,3,0.45,0.9998961883952266
87,3,0.50,0.999920491866073
87,3,0.55,0.9998695405221342
87,3,0.60,0.9990919632941461
87,3,0.65,0.6650851178204835
87,3,0.70,0.9994830719057519
87,3,0.75,0.9998982551530805
87,3,0.80,0.991471891383246
87,3,0.85,0.999955303732284
87,3,0.90,0.9995019138419138
87,3,0.95,0.9995909609534399
87,4,0.05,0.057661787859102254
87,4,0.10,0.9973037400583871
87,4,0.15,0.9986078289498138
87,4,0.20,0.9962929765172482
87,4,0.25,0.9997360251115704
87,4,0.30,0.9993942066350407
87,4,0.35,0.999226180976398
87,4,0.40,0.9998373660687124
87,4,0.45,0.9959032067088782
87,4,0.50,0.9947706797755922
87,4,0.55,0.9999189802703318
87,4,0.60,0.9998639046801792
87,4,0.65,0.9994191992548402
87,4,0.70,0.998150736472924
87,4,0.75,0.9938104389623589
87,4,0.80,0.997654750038189
87,4,0.85,0.999944146753248
87,4,0.90,0.9998933823473379
87,4,0.95,0.9999506639139366
87,5,0.05,-1.0492384231885312
87,5,0.10,0.9981214882747301
87,5,0.15,0.9603854926676283
87,5,0.20,0.9997724374612864
87,5,0.25,0.9995269124772798
87,5,0.30,0.999090015050194
87,5,0.35,0.9951818699956074
87,5,0.40,0.9998121543095948
87,5,0.45,0.9964938081665076
87,5,0.50,0.9998067986366094
87,5,0.55,0.9949292630228442
87,5,0.60,0.9998246081782782
87,5,0.65,0.9998767237559133
87,5,0.70,0.9957539490877443
87,5,0.75,0.9993675057733195
87,5,0.80,0.9996281614741773
87,5,0.85,0.9981048513667468
87,5,0.90,0.9994986296911664
87,5,0.95,0.9999149049884417
87,6,0.05,0.8538797469298928
87,6,0.10,0.9907089936585239
87,6,0.15,0.9968368014207678
87,6,0.20,0.9984309415959141
87,6,0.25,0.9993918686003502
87,6,0.30,0.9991222163104435
87,6,0.35,0.9999400354233967
87,6,0.40,0.9993872677122025
87,6,0.45,0.9945446565602699
87,6,0.50,0.9927808854911375
87,6,0.55,0.9981687085008242
87,6,0.60,0.9990923315003689
87,6,0.65,0.9999332158325156
87,6,0.70,0.999870535642423
87,6,0.75,0.9997408664550262
87,6,0.80,0.9999331194320606
87,6,0.85,0.9998360012432702
87,6,0.90,0.9963083863274387
87,6,0.95,0.9999530789958977
87,7,0.05,-0.5515737222680106
87,7,0.10,0.9964200899965349
87,7,0.15,0.9987006300663008
87,7,0.20,0.9896620370241442
87,7,0.25,0.9995557735374302
87,7,0.30,0.9998169273278719
87,7,0.35,0.9997937070706694
87,7,0.40,0.9999590325670068
87,7,0.45,0.9999066724258626
87,7,0.50,0.9999360582108219
87,7,0.55,0.9991304480805847
87,7,0.60,0.9970666289292512
87,7,0.65,0.9998766826289089
87,7,0.70,0.9999498778153366
87,7,0.75,0.9988341286111633
87,7,0.80,0.6655814870905709
87,7,0.85,0.9997607214764221
87,7,0.90,0.9999195532248351
87,7,0.95,0.999294469465341
87,8,0.05,0.2740906187802937
87,8,0.10,0.9964380265343656
87,8,0.15,0.9856756546907226
87,8,0.20,0.9995171399833114
87,8,0.25,0.9993534765089097
87,8,0.30,0.9985385353131905
87,8,0.35,0.9996178634651537
87,8,0.40,0.9998432544707901
87,8,0.45,0.9985574000133303
87,8,0.50,0.997900397964251
87,8,0.55,0.9986292017405906
87,8,0.60,0.9982509734615913
87,8,0.65,0.9999581481528698
87,8,0.70,0.994730113440575
87,8,0.75,0.9999459773563679
87,8,0.80,0.9995791102749786
87,8,0.85,0.9990584370003452
87,8,0.90,0.997595674353644
87,8,0.95,0.999899230561272
87,9,0.05,0.2654353295056019
87,9,0.10,0.9812682209060045
87,9,0.15,0.9894238477864371
87,9,0.20,0.9918970564601655
87,9,0.25,0.9988574037120493
87,9,0.30,0.9989195330570793
87,9,0.35,0.9998322141772472
87,9,0.40,0.9986534221633369
87,9,0.45,0.9998977734871394
87,9,0.50,0.9997122520768782
87,9,0.55,0.9968800704901642
87,9,0.60,0.9997572816767758
87,9,0.65,0.9998657377435795
87,9,0.70,0.999979787082187
87,9,0.75,0.9996997218367527
87,9,0.80,0.9995879179400425
87,9,0.85,0.9999304963345225
87,9,0.90,0.9955042501677674
87,9,0.95,0.9998399513416566
88,0,0.05,-0.4833300678505652
88,0,0.10,0.985168380361113
88,0,0.15,0.9990603920006492
88,0,0.20,0.9992827016031931
88,0,0.25,0.6579298762191214
88,0,0.30,0.9985882070010679
88,0,0.35,0.9995959690929818
88,0,0.40,0.9996709493490515
88,0,0.45,0.9794228716727269
88,0,0.50,0.9997175224346971
88,0,0.55,0.9998456592009736
88,0,0.60,0.9999672112649018
88,0,0.65,0.9999349420183672
88,0,0.70,0.9998720383918123
88,0,0.75,0.9999035656260696
88,0,0.80,0.9996980104261045
88,0,0.85,0.9999539194131516
88,0,0.90,0.6220102427780896
88,0,0.95,0.9997554949759608
88,1,0.05,0.9895067458112113
88,1,0.10,0.9023888010747263
88,1,0.15,0.9911356724862495
88,1,0.20,0.9986614445858876
88,1,0.25,0.996311887243953
88,1,0.30,0.6546732044741059
88,1,0.35,0.9995049654920177
88,1,0.40,0.9999595105548325
88,1,0.45,0.9991202799372456
88,1,0.50,0.9999390611419376
88,1,0.55,0.9987396810470809
88,1,0.60,0.999135842349244
88,1,0.65,0.9999199752850093
88,1,0.70,0.9999150973975306
88,1,0.75,0.9999663402595032
88,1,0.80,0.9998174978082089
88,1,0.85,0.9999031610656549
88,1,0.90,0.9995021924173613
88,1,0.95,0.9998744931508162
88,2,0.05,0.9891253590452695
88,2,0.10,0.9995298651617048
88,2,0.15,0.9733692055694088
88,2,0.20,0.9439000800581177
88,2,0.25,0.9958324377279469
88,2,0.30,0.6463602983853549
88,2,0.35,0.9962839392435275
88,2,0.40,0.9999201277716989
88,2,0.45,0.9999242983259621
88,2,0.50,0.999915411259976
88,2,0.55,0.9992351038857986
88,2,0.60,0.9985952161767331
88,2,0.65,0.9979618151059383
88,2,0.70,0.9998315949910984
88,2,0.75,0.9995732836075651
88,2,0.80,0.9938383041513148
88,2,0.85,0.9999310247800687
88,2,0.90,0.9992886991928089
88,2,0.95,0.9992671521585632
88,3,0.05,-0.577221560637549
88,3,0.10,0.9988779699350261
88,3,0.15,0.9842900492172406
88,3,0.20,0.9966901021651307
88,3,0.25,0.6174534476227642
88,3,0.30,0.9977384303551449
88,3,0.35,0.9999576712298937
88,3,0.40,0.9998979970275494
88,3,0.45,0.9987196734818372
88,3,0.50,0.99993196011604
88,3,0.55,0.9998480671756477
88,3,0.60,0.9997452750707803
88,3,0.65,0.9996732478815316
88,3,0.70,0.6474315428619086
88,3,0.75,0.9999718374757113
88,3,0.80,0.9999585781077658
88,3,0.85,0.9999661343858997
88,3,0.90,0.9947152740806222
88,3,0.95,0.9999600440465407
88,4,0.05,0.8353304940418336
88,4,0.10,0.9588897472024758
88,4,0.15,0.9989079920211311
88,4,0.20,0.999567780584079
88,4,0.25,0.9783778419831546
88,4,0.30,0.5720934303886633
88,4,0.35,0.670428370034216
88,4,0.40,0.9999481762028448
88,4,0.45,0.9997659442794862
88,4,0.50,0.9999381870718265
88,4,0.55,0.9999628772923093
88,4,0.60,0.9999692551449638
88,4,0.65,0.9997706037543502
88,4,0.70,0.9998219807285954
88,4,0.75,0.9998400178714876
88,4,0.80,0.9978572173584465
88,4,0.85,0.9995528362843655
88,4,0.90,0.9999116651970779
88,4,0.95,0.9997618676505198
88,5,0.05,0.2672969235931878
88,5,0.10,0.9377686142626106
88,5,0.15,0.9766785632789923
88,5,0.20,0.9803045798172603
88,5,0.25,0.9913306887820811
88,5,0.30,0.9994714186783438
88,5,0.35,0.9989775291267229
88,5,0.40,0.9997907181744475
88,5,0.45,0.9999525712187616
88,5,0.50,0.9956200456724438
88,5,0.55,0.9946066863431988
88,5,0.60,0.9999680073205075
88,5,0.65,0.9995064253932395
88,5,0.70,0.9999185148199573
88,5,0.75,0.9951375989502622
88,5,0.80,0.9953426429021913
88,5,0.85,0.9999475033994336
88,5,0.90,0.6549246364249466
88,5,0.95,0.9999698934881946
88,6,0.05,0.9610086366753562
88,6,0.10,0.952158417323075
88,6,0.15,0.999551326535894
88,6,0.20,0.999384086269101
88,6,0.25,0.9998184299436117
88,6,0.30,0.999602831786711
88,6,0.35,0.9999029799046978
88,6,0.40,0.9999609656618631
88,6,0.45,0.9997943867826619
88,6,0.50,0.9999479225435626
88,6,0.55,0.9992506187498362
88,6,0.60,0.9999613931112467
88,6,0.65,0.9929009798106022
88,6,0.70,0.9997508673236797
88,6,0.75,0.9994744350631798
88,6,0.80,0.9997772404648416
88,6,0.85,0.999951860654811
88,6,0.90,0.9999224590235892
88,6,0.95,0.9946778484507823
88,7,0.05,0.5941229315747758
88,7,0.10,0.979451010478049
88,7,0.15,0.9870794179590835
88,7,0.20,0.9974889637133133
88,7,0.25,0.9897684635301685
88,7,0.30,0.9997093074714561
88,7,0.35,0.9879077859416956
88,7,0.40,0.9994851324529666
88,7,0.45,0.9999021106323225
88,7,0.50,0.9998564189923715
88,7,0.55,0.99996421460297
88,7,0.60,0.9964221883857192
88,7,0.65,0.9949207394132908
88,7,0.70,0.9997129799647343
88,7,0.75,0.999653526881597
88,7,0.80,0.999497453928905
88,7,0.85,0.9999673183097098
88,7,0.90,0.9960833740777106
88,7,0.95,0.9999459659159805
88,8,0.05,0.8838567976324199
88,8,0.10,0.9966734272864581
88,8,0.15,0.9992020066629298
88,8,0.20,0.9976824614676844
88,8,0.25,0.999854282015137
88,8,0.30,0.9854198847811911
88,8,0.35,0.999282422209173
88,8,0.40,0.9999350971052523
88,8,0.45,0.9999303379458949
88,8,0.50,0.9998900840078977
88,8,0.55,0.9995621234495151
88,8,0.60,0.9999622060534928
88,8,0.65,0.9998746761093158
88,8,0.70,0.9978653099010509
88,8,0.75,0.9998551050969298
88,8,0.80,0.9998528373505813
88,8,0.85,0.9999604850233712
88,8,0.90,0.999710139084295
88,8,0.95,0.9999365115759324
88,9,0.05,-2.1135522511991054
88,9,0.10,0.99906500847894
88,9,0.15,0.9790316647295091
88,9,0.20,0.9921965737055716
88,9,0.25,0.9955737570482224
88,9,0.30,0.9959892773853619
88,9,0.35,0.9991360882428778
88,9,0.40,0.9996603257381156
88,9,0.45,0.994199395890305
88,9,0.50,0.9995209832912638
88,9,0.55,0.9950466157586931
88,9,0.60,0.9998962903460816
88,9,0.65,0.9999563508873551
88,9,0.70,0.9991456779671634
88,9,0.75,0.9999552338352795
88,9,0.80,0.9999626700301277
88,9,0.85,0.9999560939193426
88,9,0.90,0.9995770774602702
88,9,0.95,0.9998808613918765
89,0,0.05,0.7997490627828886
89,0,0.10,0.9996828848370981
89,0,0.15,0.9997777606595634
89,0,0.20,0.9254064457706708
89,0,0.25,0.6546540873911488
89,0,0.30,0.9992091614920455
89,0,0.35,0.9850771139468937
89,0,0.40,0.9994943572931186
89,0,0.45,0.6814740628898313
89,0,0.50,0.9982169981091918
89,0,0.55,0.9873214179341349
89,0,0.60,0.9999643793379105
89,0,0.65,0.7099433774464767
89,0,0.70,0.9999289082789291
89,0,0.75,0.9999476346244478
89,0,0.80,0.9953928470736776
89,0,0.85,0.9998862426803085
89,0,0.90,0.6764927237747959
89,0,0.95,0.9999384247069515
89,1,0.05,0.11524817725520498
89,1,0.10,0.6800464382410567
89,1,0.15,0.9903233714372351
89,1,0.20,0.9973035521561777
89,1,0.25,0.9993031295646753
89,1,0.30,0.9983047303629122
89,1,0.35,0.997159976949764
89,1,0.40,0.9945080849588859
89,1,0.45,0.9999352500737572
89,1,0.50,0.9873511736276185
89,1,0.55,0.9998124897515926
89,1,0.60,0.9945166136463879
89,1,0.65,0.9948663184406189
89,1,0.70,0.9999091664213435
89,1,0.75,0.9994885081973472
89,1,0.80,0.9998739135274732
89,1,0.85,0.9938175184544829
89,1,0.90,0.9994703785392357
89,1,0.95,0.9998666894541188
89,2,0.05,0.18781659594970102
89,2,0.10,0.9721352120513421
89,2,0.15,0.9888159974849043
89,2,0.20,0.9998825128468378
89,2,0.25,0.9998031688063013
89,2,0.30,0.9998264034295208
89,2,0.35,0.9924698434443185
89,2,0.40,0.9838487314621897
89,2,0.45,0.658989028632019
89,2,0.50,0.6754725971669421
89,2,0.55,0.9891839197172321
89,2,0.60,0.9999289779876397
89,2,0.65,0.9999647663089731
89,2,0.70,0.9945667106264874
89,2,0.75,0.9957213224628758
89,2,0.80,0.9998764969691173
89,2,0.85,0.9995514887044094
89,2,0.90,0.999938672379387
89,2,0.95,0.9994459238062541
89,3,0.05,0.25821423109811326
89,3,0.10,0.9816521602397239
89,3,0.15,0.08253891352102949
89,3,0.20,0.9997185072911786
89,3,0.25,0.627798953747285
89,3,0.30,0.9951805707722303
89,3,0.35,0.991916132607114
89,3,0.40,0.9997351323011373
89,3,0.45,0.9943057391715328
89,3,0.50,0.988318180920238
89,3,0.55,0.9893682585314475
89,3,0.60,0.9891082761168833
89,3,0.65,0.9936108447760214
89,3,0.70,0.9999619135976996
89,3,0.75,0.9999645502886623
89,3,0.80,0.9999404081257296
89,3,0.85,0.9996750890427334
89,3,0.90,0.9999788808953973
89,3,0.95,0.999838759719649
89,4,0.05,0.7723111533231435
89,4,0.10,0.9785529252684277
89,4,0.15,0.9990546648309342
89,4,0.20,0.9911296910773582
89,4,0.25,0.9994108547339469
89,4,0.30,0.9999156812021576
89,4,0.35,0.9992140681586614
89,4,0.40,0.9999659795122267
89,4,0.45,0.9995989452890601
89,4,0.50,0.9999497270743684
89,4,0.55,0.9863680417894138
89,4,0.60,0.9999576140066531
89,4,0.65,0.9918036023051463
89,4,0.70,0.9972144947905738
89,4,0.75,0.9989749318962176
89,4,0.80,0.999631126451795
89,4,0.85,0.9994768380647577
89,4,0.90,0.9994487621170421
89,4,0.95,0.9999108094310614
89,5,0.05,0.9826871634599049
89,5,0.10,0.997121725589716
89,5,0.15,0.9975537713936606
89,5,0.20,0.9982339886972341
89,5,0.25,0.9996899846409623
89,5,0.30,0.9998902557688721
89,5,0.35,0.9999589636825157
89,5,0.40,0.9969225211870119
89,5,0.45,0.9997878197293267
89,5,0.50,0.9998193008315127
89,5,0.55,0.9982038836931587
89,5,0.60,0.998677858409373
89,5,0.65,0.9931482423908021
89,5,0.70,0.9964469226642567
89,5,0.75,0.9948337756755171
89,5,0.80,0.999312253981867
89,5,0.85,0.9997433926171783
89,5,0.90,0.9999347717385068
89,5,0.95,0.9999611851574789
89,6,0.05,0.8981814833962777
89,6,0.10,0.9866649207108578
89,6,0.15,0.5531122308889009
89,6,0.20,0.9999076782256928
89,6,0.25,0.9997462674767261
89,6,0.30,0.9900304064075018
89,6,0.35,0.9977560767331914
89,6,0.40,0.999968327393271
89,6,0.45,0.6102838862981737
89,6,0.50,0.9999518854106014
89,6,0.55,0.9994813740139343
89,6,0.60,0.9999204518716928
89,6,0.65,0.9999253772461854
89,6,0.70,0.9993857423162784
89,6,0.75,0.9993809735101793
89,6,0.80,0.9995773010428306
89,6,0.85,0.9994559163662888
89,6,0.90,0.9997465626685962
89,6,0.95,0.9995356939234097
89,7,0.05,0.9342415559803787
89,7,0.10,0.993691768773474
89,7,0.15,0.9846716410374186
89,7,0.20,0.9957609742858249
89,7,0.25,0.9980179747725404
89,7,0.30,0.9999397760180182
89,7,0.35,0.9758848581384636
89,7,0.40,0.9998652629230251
89,7,0.45,0.9999447996785584
89,7,0.50,0.999847647772907
89,7,0.55,0.9994880162656297
89,7,0.60,0.9992226347757356
89,7,0.65,0.997116117039827
89,7,0.70,0.9948771606280967
89,7,0.75,0.9999643698813475
89,7,0.80,0.9599976559769255
89,7,0.85,0.9993902011894856
89,7,0.90,0.9999690815064439
89,7,0.95,0.9989318545134712
89,8,0.05,0.9900093128070615
89,8,0.10,0.9949415595607219
89,8,0.15,0.5560961754369532
89,8,0.20,0.9959171964647539
89,8,0.25,0.9998441688020416
89,8,0.30,0.9996370874317253
89,8,0.35,0.9993408487666932
89,8,0.40,0.9971470241872085
89,8,0.45,0.6719442973062447
89,8,0.50,0.9999461041774992
89,8,0.55,0.9995981813772529
89,8,0.60,0.9999464963233379
89,8,0.65,0.9993223708785469
89,8,0.70,0.9957838192612161
89,8,0.75,0.9997314872764599
89,8,0.80,0.6200709900722134
89,8,0.85,0.9995069349368456
89,8,0.90,0.9990551276763229
89,8,0.95,0.9999626333444239
89,9,0.05,0.9784944957282741
89,9,0.10,0.9824332963542484
89,9,0.15,0.9624253968763624
89,9,0.20,0.9997572792858396
89,9,0.25,0.9889783942056521
89,9,0.30,0.9995454899691704
89,9,0.35,0.9998036064311283
89,9,0.40,0.9944691881005125
89,9,0.45,0.9995054850747036
89,9,0.50,0.999339782832969
89,9,0.55,0.9999351113540744
89,9,0.60,0.9999328286468899
89,9,0.65,0.9998538621284531
89,9,0.70,0.9998872418554829
89,9,0.75,0.9999067021026967
89,9,0.80,0.6369445655649636
89,9,0.85,0.9997703277439587
89,9,0.90,0.9999265429006395
89,9,0.95,0.9962351104270599
90,0,0.05,0.619289833138799
90,0,0.10,0.5438176694200845
90,0,0.15,0.99959003299249
90,0,0.20,0.9999139948431774
90,0,0.25,0.9999180274352671
90,0,0.30,0.9999361299988258
90,0,0.35,0.9995365208157592
90,0,0.40,0.9872820675866795
90,0,0.45,0.9997019599159234
90,0,0.50,0.999401483982642
90,0,0.55,0.9979529239864006
90,0,0.60,0.99995863167819
90,0,0.65,0.9978669570097791
90,0,0.70,0.9998842425560848
90,0,0.75,0.9994850262499175
90,0,0.80,0.9941822289179691
90,0,0.85,0.9999185862381824
90,0,0.90,0.999929364430817
90,0,0.95,0.9854579325112519
90,1,0.05,0.4579919624612204
90,1,0.10,0.24428336338375511
90,1,0.15,0.9746066197773482
90,1,0.20,0.9999033572113499
90,1,0.25,0.9997817468595345
90,1,0.30,0.9994987349926087
90,1,0.35,0.9992587050614008
90,1,0.40,0.9996660250861963
90,1,0.45,0.9928232842650329
90,1,0.50,0.9998410019945365
90,1,0.55,0.9942417809058235
90,1,0.60,0.9999759016440657
90,1,0.65,0.9966855336667567
90,1,0.70,0.9999776628301192
90,1,0.75,0.9998236541634911
90,1,0.80,0.9999471059262693
90,1,0.85,0.9995626661797969
90,1,0.90,0.999937829345545
90,1,0.95,0.9900414148010495
90,2,0.05,-0.9282825395211747
90,2,0.10,0.6884592314710609
90,2,0.15,0.5022193746980911
90,2,0.20,0.997237255823115
90,2,0.25,0.9996148199569297
90,2,0.30,0.9996341397555043
90,2,0.35,0.999304809984752
90,2,0.40,0.6177272956772228
90,2,0.45,0.5599645156233535
90,2,0.50,0.9998815254261787
90,2,0.55,0.993223184341837
90,2,0.60,0.9958830689501422
90,2,0.65,0.9999629323270401
90,2,0.70,0.9998409817937499
90,2,0.75,0.669226621285334
90,2,0.80,0.999959854232264
90,2,0.85,0.9994509889284519
90,2,0.90,0.9872005786022204
90,2,0.95,0.9993597633174145
90,3,0.05,0.611127266484321
90,3,0.10,0.9732743574015644
90,3,0.15,0.9999166294194924
90,3,0.20,0.9997587490754919
90,3,0.25,0.9996670793452769
90,3,0.30,0.9910561789992686
90,3,0.35,0.9997622507589882
90,3,0.40,0.6805603658184511
90,3,0.45,0.9966066967380762
90,3,0.50,0.6610983014007392
90,3,0.55,0.9995497582407584
90,3,0.60,0.9999178494087444
90,3,0.65,0.9998863901125955
90,3,0.70,0.9998831050094834
90,3,0.75,0.9998852264312161
90,3,0.80,0.999937460694664
90,3,0.85,0.9999475727242522
90,3,0.90,0.9999342180268642
90,3,0.95,0.998761557528003
90,4,0.05,0.7421519769881082
90,4,0.10,0.44256159728446365
90,4,0.15,0.999682041957884
90,4,0.20,0.994991056664842
90,4,0.25,0.9930524662095538
90,4,0.30,0.9992583220608031
90,4,0.35,0.9935668808350835
90,4,0.40,0.9999283786447172
90,4,0.45,0.6497510047087829
90,4,0.50,0.9969953912020715
90,4,0.55,0.70576093577563
90,4,0.60,0.9996949902635789
90,4,0.65,0.9999018488192601
90,4,0.70,0.9999711378921099
90,4,0.75,0.9999005836416809
90,4,0.80,0.9993729116447545
90,4,0.85,0.6848135077304727
90,4,0.90,0.9999435019954204
90,4,0.95,0.9941547103314381
90,5,0.05,-0.16043579040942357
90,5,0.10,0.6323124913641602
90,5,0.15,0.9935553035518307
90,5,0.20,0.9998598726427528
90,5,0.25,0.9998952995411591
90,5,0.30,0.9996359510244577
90,5,0.35,0.999775827412248
90,5,0.40,0.9995024912402393
90,5,0.45,0.6485972845770791
90,5,0.50,0.6328945725863689
90,5,0.55,0.9959092338885556
90,5,0.60,0.9991900091542367
90,5,0.65,0.9983622984931535
90,5,0.70,0.9999344536215738
90,5,0.75,0.999942035180481
90,5,0.80,0.658058148536195
90,5,0.85,0.9998096906288351
90,5,0.90,0.9993779798018324
90,5,0.95,0.9999148299640088
90,6,0.05,0.7634848091980923
90,6,0.10,-1.3751213691964117
90,6,0.15,0.9990751782255524
90,6,0.20,0.9994095670603449
90,6,0.25,0.9998972390838533
90,6,0.30,0.9997445724604602
90,6,0.35,0.9997214212976422
90,6,0.40,0.9998033314320831
90,6,0.45,0.9998904158089489
90,6,0.50,0.9949421687169089
90,6,0.55,0.9999092524814047
90,6,0.60,0.9999390839615779
90,6,0.65,0.9999598678795337
90,6,0.70,0.9999626992099581
90,6,0.75,0.9998688349240205
90,6,0.80,0.9999444802275995
90,6,0.85,0.9999233601768887
90,6,0.90,0.9995313777376621
90,6,0.95,0.9999803883183094
90,7,0.05,-0.4126618475651762
90,7,0.10,0.41316634633023563
90,7,0.15,0.9929370965124928
90,7,0.20,0.9995596006017649
90,7,0.25,0.9989625318923244
90,7,0.30,0.9999451896377793
90,7,0.35,0.9982364828737278
90,7,0.40,0.999928559596824
90,7,0.45,0.5949189065459903
90,7,0.50,0.9995376978695499
90,7,0.55,0.9993463849370549
90,7,0.60,0.9994635949554034
90,7,0.65,0.9987702757661834
90,7,0.70,0.999482686965532
90,7,0.75,0.9999805476643009
90,7,0.80,0.9999642026361626
90,7,0.85,0.9999349494391576
90,7,0.90,0.9999517514183613
90,7,0.95,0.9998911555721697
90,8,0.05,-12.701481777954209
90,8,0.10,0.9742056190061784
90,8,0.15,0.9806947162461004
90,8,0.20,0.9999087748110274
90,8,0.25,0.9998737348165907
90,8,0.30,0.9999323811127817
90,8,0.35,0.9980369230348964
90,8,0.40,0.999313983587488
90,8,0.45,0.9999382609649352
90,8,0.50,0.9976283383464989
90,8,0.55,0.9972118466296118
90,8,0.60,0.9999042239202957
90,8,0.65,0.9955100106417
90,8,0.70,0.9998646560266434
90,8,0.75,0.6397082982140038
90,8,0.80,0.6617724600825011
90,8,0.85,0.9995509761515586
90,8,0.90,0.9998558464472015
90,8,0.95,0.9995409941057435
90,9,0.05,0.918855657486057
90,9,0.10,-0.2769379200362345
90,9,0.15,0.9982834773868571
90,9,0.20,0.9995535652389337
90,9,0.25,0.9979555369819968
90,9,0.30,0.9996734054728615
90,9,0.35,0.9921068898797296
90,9,0.40,0.9938550930495272
90,9,0.45,0.9999121867217636
90,9,0.50,0.9991658216725537
90,9,0.55,0.9999415016298211
90,9,0.60,0.9999352618157864
90,9,0.65,0.9984034043589721
90,9,0.70,0.9991187324882106
90,9,0.75,0.9986628315931064
90,9,0.80,0.9999547805530428
90,9,0.85,0.9994069145036047
90,9,0.90,0.9998920782800507
90,9,0.95,0.978675624405066
91,0,0.05,0.874868132000564
91,0,0.10,0.9837026579566497
91,0,0.15,0.9915647771184125
91,0,0.20,0.9995594480210226
91,0,0.25,0.9972414492383319
91,0,0.30,0.9996858315321963
91,0,0.35,0.9998734394282248
91,0,0.40,0.9998159192865729
91,0,0.45,0.9994304886672374
91,0,0.50,0.9979103686401783
91,0,0.55,0.9998229631069464
91,0,0.60,0.9998318680042463
91,0,0.65,0.9870231650223809
91,0,0.70,0.9940273337718097
91,0,0.75,0.9980690805587504
91,0,0.80,0.9992909707120182
91,0,0.85,0.9994445097176528
91,0,0.90,0.9999529449195841
91,0,0.95,0.9736010033601773
91,1,0.05,-0.23994633072317195
91,1,0.10,0.9981956569819761
91,1,0.15,0.9959257214858018
91,1,0.20,0.9998688960612917
91,1,0.25,0.9994449084686147
91,1,0.30,0.999908414650582
91,1,0.35,0.9939167464557995
91,1,0.40,0.9997270648836998
91,1,0.45,0.9999589563461649
91,1,0.50,0.9996726463050187
91,1,0.55,0.9999418833484748
91,1,0.60,0.9996658882853081
91,1,0.65,0.9999182552339546
91,1,0.70,0.9999436068013146
91,1,0.75,0.9995830785939449
91,1,0.80,0.9993601260723692
91,1,0.85,0.9993105434808732
91,1,0.90,0.9989960350782969
91,1,0.95,0.9998922604966828
91,2,0.05,0.4163674697914893
91,2,0.10,0.9825714742531964
91,2,0.15,0.9809102609589334
91,2,0.20,0.9997514480281688
91,2,0.25,0.999010535684345
91,2,0.30,0.9997725642759764
91,2,0.35,0.9993616222573405
91,2,0.40,0.9897395216133004
91,2,0.45,0.9999259612497355
91,2,0.50,0.9884656511390406
91,2,0.55,0.9999533771719302
91,2,0.60,0.9994925368866203
91,2,0.65,0.9998619314570703
91,2,0.70,0.9929575058586991
91,2,0.75,0.9999545174428687
91,2,0.80,0.9907874813665101
91,2,0.85,0.9999515954677504
91,2,0.90,0.6560986456592185
91,2,0.95,0.9995911025373563
91,3,0.05,0.514233864426583
91,3,0.10,0.995750658603894
91,3,0.15,0.9995617426305913
91,3,0.20,0.998932101989809
91,3,0.25,0.9974692778161046
91,3,0.30,0.9959162612983343
91,3,0.35,0.9900783177020542
91,3,0.40,0.9984729256394246
91,3,0.45,0.9999645472555498
91,3,0.50,0.999900157818726
91,3,0.55,0.9955182173723908
91,3,0.60,0.9959188132293629
91,3,0.65,0.9999294852034869
91,3,0.70,0.9999157725219994
91,3,0.75,0.9999531269418646
91,3,0.80,0.9995515217004065
91,3,0.85,0.9993479953794167
91,3,0.90,0.9998869842584107
91,3,0.95,0.9952391513514177
91,4,0.05,0.8314907372231222
91,4,0.10,0.9968203160354652
91,4,0.15,0.9990188677425725
91,4,0.20,0.9989448283844766
91,4,0.25,0.99184324353963
91,4,0.30,0.9982410929399812
91,4,0.35,0.9991107305804857
91,4,0.40,0.9994081707966849
91,4,0.45,0.9985088413792194
91,4,0.50,0.9746139531693939
91,4,0.55,0.9972049928247726
91,4,0.60,0.999314964292482
91,4,0.65,0.9999522639879935
91,4,0.70,0.995257168128733
91,4,0.75,0.9999563631117175
91,4,0.80,0.9999541859290663
91,4,0.85,0.9860195351007339
91,4,0.90,0.9986413180140323
91,4,0.95,0.9876620640966696
91,5,0.05,0.9492612720397903
91,5,0.10,0.9972153842301273
91,5,0.15,0.9996375975135711
91,5,0.20,0.9780653336040553
91,5,0.25,0.9985117824610703
91,5,0.30,0.9993939727343336
91,5,0.35,0.9985691794421853
91,5,0.40,0.9999705646491209
91,5,0.45,0.998513976337322
91,5,0.50,0.9990431652090923
91,5,0.55,0.9958722854336676
91,5,0.60,0.9997710737128122
91,5,0.65,0.9944280302675558
91,5,0.70,0.9992219193043202
91,5,0.75,0.9998469337455038
91,5,0.80,0.9999754792689941
91,5,0.85,0.9995717959027032
91,5,0.90,0.5960894954744207
91,5,0.95,0.6086105410438445
91,6,0.05,0.9069762171549736
91,6,0.10,0.9979038746130355
91,6,0.15,0.9996370494444372
91,6,0.20,0.9949289200219338
91,6,0.25,0.9994539056321537
91,6,0.30,0.9999335547457467
91,6,0.35,0.9998095510202067
91,6,0.40,0.9809315577071236
91,6,0.45,0.9999520010447469
91,6,0.50,0.9994028286325854
91,6,0.55,0.9999533082295139
91,6,0.60,0.9999385911329007
91,6,0.65,0.9996897057373536
91,6,0.70,0.9985883094414452
91,6,0.75,0.9996143745532127
91,6,0.80,0.9972684166519841
91,6,0.85,0.9968762991318406
91,6,0.90,0.9997833682799877
91,6,0.95,0.6583085563995397
91,7,0.05,0.45471823812880563
91,7,0.10,0.9629015777431778
91,7,0.15,0.9997750670266402
91,7,0.20,0.9854511927791527
91,7,0.25,0.9999411022434692
91,7,0.30,0.9998648141742924
91,7,0.35,0.9969434930786463
91,7,0.40,0.996221364859227
91,7,0.45,0.999610686773809
91,7,0.50,0.9993736215059961
91,7,0.55,0.9990714815382239
91,7,0.60,0.9992600915001232
91,7,0.65,0.9995252768654347
91,7,0.70,0.9935401207718999
91,7,0.75,0.9886030190753122
91,7,0.80,0.9963732772423942
91,7,0.85,0.999612219934506
91,7,0.90,0.6118434856996084
91,7,0.95,0.9982445674532859
91,8,0.05,0.9593333199412437
91,8,0.10,0.9268920912612505
91,8,0.15,0.9974948292648699
91,8,0.20,0.9988388999929105
91,8,0.25,0.9999405342208508
91,8,0.30,0.9993521793728363
91,8,0.35,0.9999679263521624
91,8,0.40,0.9982853390182437
91,8,0.45,0.9987547286007111
91,8,0.50,0.9999385621968658
91,8,0.55,0.9999538594772522
91,8,0.60,0.9998840268757334
91,8,0.65,0.9946235940163328
91,8,0.70,0.999945231833069
91,8,0.75,0.9900217355156592
91,8,0.80,0.9999554443919584
91,8,0.85,0.6826106238752884
91,8,0.90,0.9999600495709106
91,8,0.95,0.9998576421361557
91,9,0.05,0.925322271462111
91,9,0.10,0.4488004820048107
91,9,0.15,0.960553665357529
91,9,0.20,0.9816043109058589
91,9,0.25,0.9994919544538762
91,9,0.30,0.999545944879033
91,9,0.35,0.9999020114667659
91,9,0.40,0.9989231696219039
91,9,0.45,0.9995198418773069
91,9,0.50,0.9996144850023538
91,9,0.55,0.9983134467719411
91,9,0.60,0.9999408158233064
91,9,0.65,0.9976185058814222
91,9,0.70,0.6356358420815985
91,9,0.75,0.6189583997903083
91,9,0.80,0.9954645620289749
91,9,0.85,0.9960261527182808
91,9,0.90,0.9995344352355706
91,9,0.95,0.9991156083706183
92,0,0.05,0.3368424153833177
92,0,0.10,0.9726090035818825
92,0,0.15,0.9966381369437745
92,0,0.20,0.9997629985024288
92,0,0.25,0.9998339943061895
92,0,0.30,0.9995673582693672
92,0,0.35,0.9956956431180273
92,0,0.40,0.999745591852555
92,0,0.45,0.9963196222192994
92,0,0.50,0.9999546432365203
92,0,0.55,0.9994619127094706
92,0,0.60,0.6386412251024025
92,0,0.65,0.9999632352089153
92,0,0.70,0.9998238382180411
92,0,0.75,0.9985541792425398
92,0,0.80,0.9995807830627564
92,0,0.85,0.9996027974902852
92,0,0.90,0.9999020992107603
92,0,0.95,0.999966044681174
92,1,0.05,0.9278993226856724
92,1,0.10,0.9932695165697255
92,1,0.15,0.9921387965038412
92,1,0.20,0.6064051888770624
92,1,0.25,0.9987745380166084
92,1,0.30,0.9998457620643775
92,1,0.35,0.9998850803780769
92,1,0.40,0.994072491520964
92,1,0.45,0.9994273862788998
92,1,0.50,0.9946576655981204
92,1,0.55,0.9999490638302234
92,1,0.60,0.5888770374239914
92,1,0.65,0.9997928593551104
92,1,0.70,0.6190474186111397
92,1,0.75,0.9997852802739609
92,1,0.80,0.9999586856194795
92,1,0.85,0.9999422222638988
92,1,0.90,0.9996278177338614
92,1,0.95,0.994997077352214
92,2,0.05,0.49189773479911647
92,2,0.10,0.9986020460902548
92,2,0.15,0.999791131142704
92,2,0.20,0.9999321802381549
92,2,0.25,0.999689966558956
92,2,0.30,0.9985056619961444
92,2,0.35,0.9693015108717301
92,2,0.40,0.9999284785053287
92,2,0.45,0.9981774898710538
92,2,0.50,0.9941062873582881
92,2,0.55,0.9999446400033223
92,2,0.60,0.9997367317065473
92,2,0.65,0.999899664681954
92,2,0.70,0.9992478692854769
92,2,0.75,0.9992129224736092
92,2,0.80,0.9999116925995951
92,2,0.85,0.9999756691523122
92,2,0.90,0.999669023205488
92,2,0.95,0.9972906928580041
92,3,0.05,0.970940761964211
92,3,0.10,0.9608624277485164
92,3,0.15,0.9978424813880544
92,3,0.20,0.9999242052229401
92,3,0.25,0.9993535877257759
92,3,0.30,0.9992483773298821
92,3,0.35,0.9997589388937961
92,3,0.40,0.9998753453889163
92,3,0.45,0.9981034384506167
92,3,0.50,0.9992609827910692
92,3,0.55,0.99930262646761
92,3,0.60,0.9999287905819967
92,3,0.65,0.9964883673811151
92,3,0.70,0.9999021460019865
92,3,0.75,0.9946635618607835
92,3,0.80,0.9998471963756826
92,3,0.85,0.9998753566025014
92,3,0.90,0.9999635126135266
92,3,0.95,0.9992648482995165
92,4,0.05,0.9246351616709596
92,4,0.10,0.9990163752317311
92,4,0.15,0.9522404060180484
92,4,0.20,0.9998694044608004
92,4,0.25,0.9991846916752334
92,4,0.30,0.999719994676887
92,4,0.35,0.9995692249508165
92,4,0.40,0.9999739405650928
92,4,0.45,0.9999576413365636
92,4,0.50,0.999961863970571
92,4,0.55,0.9933497143408466
92,4,0.60,0.9974047998204654
92,4,0.65,0.9998981838955948
92,4,0.70,0.6353838012318225
92,4,0.75,0.9993841731188541
92,4,0.80,0.9999457714267646
92,4,0.85,0.999814370849382
92,4,0.90,0.9998176887137467
92,4,0.95,0.9879151237453864
92,5,0.05,0.6438968500701405
92,5,0.10,0.9985974851756382
92,5,0.15,0.9990019327586208
92,5,0.20,0.9919446696555019
92,5,0.25,0.9993469379366209
92,5,0.30,0.9996883935809053
92,5,0.35,0.9995755906364474
92,5,0.40,0.9995100321685881
92,5,0.45,0.999934505873267
92,5,0.50,0.9998005459537823
92,5,0.55,0.9867367593871281
92,5,0.60,0.9954066464930885
92,5,0.65,0.99992654318506
92,5,0.70,0.9992063576053073
92,5,0.75,0.9953026003000905
92,5,0.80,0.9970139669139132
92,5,0.85,0.9997206127208353
92,5,0.90,0.9994626651838848
92,5,0.95,0.9962249128125112
92,6,0.05,0.9069941711615483
92,6,0.10,0.997948371459817
92,6,0.15,0.9976527081320186
92,6,0.20,0.9996745849308953
92,6,0.25,0.9999672935020985
92,6,0.30,0.9998449669123439
92,6,0.35,0.9997972769687564
92,6,0.40,0.9977897156631859
92,6,0.45,0.9994675186843915
92,6,0.50,0.9995842770575456
92,6,0.55,0.9998674198070429
92,6,0.60,0.9966914468949984
92,6,0.65,0.9959770519784346
92,6,0.70,0.9998973620017865
92,6,0.75,0.9998709567314538
92,6,0.80,0.9997578734048423
92,6,0.85,0.9988308329530358
92,6,0.90,0.9916900257349599
92,6,0.95,0.9993253910768549
92,7,0.05,0.7026901815101328
92,7,0.10,0.31782218168739684
92,7,0.15,0.9987706102138013
92,7,0.20,0.9998081837654438
92,7,0.25,0.996626016094121
92,7,0.30,0.9999145421220826
92,7,0.35,0.9995417448521131
92,7,0.40,0.9998108091690565
92,7,0.45,0.9997654675103078
92,7,0.50,0.9994773956265157
92,7,0.55,0.9993323815320485
92,7,0.60,0.9999514318185925
92,7,0.65,0.9982200428600755
92,7,0.70,0.9984160609675901
92,7,0.75,0.9793454001849956
92,7,0.80,0.9989702307492592
92,7,0.85,0.9999515045761059
92,7,0.90,0.9997751511401356
92,7,0.95,0.9941011832063763
92,8,0.05,0.9660329371603482
92,8,0.10,0.9927157533196985
92,8,0.15,0.6614101293058924
92,8,0.20,0.9998671746950675
92,8,0.25,0.9998387288447683
92,8,0.30,0.9992652289610167
92,8,0.35,0.9971079835188463
92,8,0.40,0.9999461655544889
92,8,0.45,0.9999378626180135
92,8,0.50,0.9994245012096611
92,8,0.55,0.9999134455283718
92,8,0.60,0.9984425517827268
92,8,0.65,0.9960862762753941
92,8,0.70,0.9998685538845172
92,8,0.75,0.995040903079468
92,8,0.80,0.9960892058916619
92,8,0.85,0.9999058256966292
92,8,0.90,0.9999444509557025
92,8,0.95,0.6821121391648914
92,9,0.05,-0.1852729187841795
92,9,0.10,0.9945452380632758
92,9,0.15,0.9962467778059143
92,9,0.20,0.6009634583610948
92,9,0.25,0.9989227663471834
92,9,0.30,0.9971982617518761
92,9,0.35,0.9997982471711426
92,9,0.40,0.9999732626799263
92,9,0.45,0.9948525981933443
92,9,0.50,0.986223762643289
92,9,0.55,0.9995358190505403
92,9,0.60,0.9998912324214512
92,9,0.65,0.9999261027350677
92,9,0.70,0.9991622921495736
92,9,0.75,0.9991518876139543
92,9,0.80,0.9999360692332884
92,9,0.85,0.9998878402457614
92,9,0.90,0.9998536884062358
92,9,0.95,0.9997869724732724
93,0,0.05,0.707816555215516
93,0,0.10,0.5862218289525114
93,0,0.15,0.9976933362367401
93,0,0.20,0.9765656822474821
93,0,0.25,0.9990555001219906
93,0,0.30,0.9999504334446547
93,0,0.35,0.9996217607408686
93,0,0.40,0.9999192902221758
93,0,0.45,0.99926781948543
93,0,0.50,0.9999627698565566
93,0,0.55,0.6891403070514721
93,0,0.60,0.9998745092812572
93,0,0.65,0.9950267401064896
93,0,0.70,0.9998055980651631
93,0,0.75,0.9999605307769909
93,0,0.80,0.9999572353399386
93,0,0.85,0.9988254717788488
93,0,0.90,0.9980510046646903
93,0,0.95,0.9994371104725916
93,1,0.05,0.8451212512622615
93,1,0.10,0.5503836257424949
93,1,0.15,0.5735187279447285
93,1,0.20,0.9997935211938611
93,1,0.25,0.9750570781845708
93,1,0.30,0.9997093924632023
93,1,0.35,0.9940897127079403
93,1,0.40,0.99625003166986
93,1,0.45,0.9966797083974265
93,1,0.50,0.9998653208679043
93,1,0.55,0.9999358914577207
93,1,0.60,0.9965893145578717
93,1,0.65,0.9999695584761135
93,1,0.70,0.9997153956932552
93,1,0.75,0.9985460131008075
93,1,0.80,0.9992275137646077
93,1,0.85,0.9952360948193559
93,1,0.90,0.9993528694354976
93,1,0.95,0.9995616175045287
93,2,0.05,-0.22988446305929688
93,2,0.10,0.3687798852220767
93,2,0.15,0.9403915343213207
93,2,0.20,0.9971889436700808
93,2,0.25,0.9988001601778175
93,2,0.30,0.9999217891917297
93,2,0.35,0.9998994891414881
93,2,0.40,0.9994159491303302
93,2,0.45,0.9992651809790789
93,2,0.50,0.999718162169124
93,2,0.55,0.9997672030303216
93,2,0.60,0.999824027449541
93,2,0.65,0.9977298121179642
93,2,0.70,0.6662394155748146
93,2,0.75,0.999512130461874
93,2,0.80,0.9943877434536418
93,2,0.85,0.9999544543706089
93,2,0.90,0.994053724472218
93,2,0.95,0.9999577055429077
93,3,0.05,0.6831224540875407
93,3,0.10,0.9990743801568626
93,3,0.15,0.995919175075421
93,3,0.20,0.999921746360959
93,3,0.25,0.9990999331757967
93,3,0.30,0.9996008359215248
93,3,0.35,0.9917169198436117
93,3,0.40,0.9998555069994127
93,3,0.45,0.9999515308297995
93,3,0.50,0.999955651985423
93,3,0.55,0.9992474883790189
93,3,0.60,0.9903822915407442
93,3,0.65,0.9998151231974723
93,3,0.70,0.9999464442715377
93,3,0.75,0.9991772031410765
93,3,0.80,0.9995162950042933
93,3,0.85,0.9958686086234632
93,3,0.90,0.99954302798688
93,3,0.95,0.9999441553245018
93,4,0.05,-4.412398006370904
93,4,0.10,0.6040661696518748
93,4,0.15,0.6545063926125301
93,4,0.20,0.9567200595862134
93,4,0.25,0.9995546928839831
93,4,0.30,0.9908128274925452
93,4,0.35,0.9998574194589489
93,4,0.40,0.9995665809819677
93,4,0.45,0.9969780796985119
93,4,0.50,0.9991984906604955
93,4,0.55,0.9999865818334973
93,4,0.60,0.9999489080678421
93,4,0.65,0.9999484054384243
93,4,0.70,0.999605243840045
93,4,0.75,0.9995049075620319
93,4,0.80,0.9999739078419231
93,4,0.85,0.9992398374606308
93,4,0.90,0.9994610114381881
93,4,0.95,0.998423230082482
93,5,0.05,-0.421477724550009
93,5,0.10,0.4435900620620722
93,5,0.15,0.9991264339979025
93,5,0.20,0.9998601546375451
93,5,0.25,0.9998975228090977
93,5,0.30,0.9993874807682628
93,5,0.35,0.9997758564808494
93,5,0.40,0.9999227267984908
93,5,0.45,0.9991503749476743
93,5,0.50,0.99939263413353
93,5,0.55,0.9997695306324235
93,5,0.60,0.9998922013823078
93,5,0.65,0.9999376517082705
93,5,0.70,0.9997349091526937
93,5,0.75,0.9999591268559657
93,5,0.80,0.9999768615295831
93,5,0.85,0.999776544729856
93,5,0.90,0.9998901110899189
93,5,0.95,0.9902778233411439
93,6,0.05,0.551516565153972
93,6,0.10,0.9970684233982976
93,6,0.15,0.9983539429561407
93,6,0.20,0.9999602150042249
93,6,0.25,0.98099623181199
93,6,0.30,0.998829412852047
93,6,0.35,0.9935523178589962
93,6,0.40,0.999896436885017
93,6,0.45,0.9999442350788161
93,6,0.50,0.9952094849703845
93,6,0.55,0.9995808282587921
93,6,0.60,0.9999583329786562
93,6,0.65,0.9930755998119489
93,6,0.70,0.9812198830605212
93,6,0.75,0.9999199431768283
93,6,0.80,0.9999562953919485
93,6,0.85,0.9982056262915499
93,6,0.90,0.9999363280093537
93,6,0.95,0.9938744497723326
93,7,0.05,0.12292625240732213
93,7,0.10,0.992382528494447
93,7,0.15,0.9687735527597645
93,7,0.20,0.9587203166175127
93,7,0.25,0.9955060621414908
93,7,0.30,0.9998485769028496
93,7,0.35,0.9950298187331263
93,7,0.40,0.9999659157890618
93,7,0.45,0.9994367753171105
93,7,0.50,0.9975651599398141
93,7,0.55,0.9936765759771365
93,7,0.60,0.999370515245802
93,7,0.65,0.9963424244376159
93,7,0.70,0.9994186139279486
93,7,0.75,0.9999046738299493
93,7,0.80,0.9998752180313838
93,7,0.85,0.9997705516712739
93,7,0.90,0.6449235585809591
93,7,0.95,0.9999662860121914
93,8,0.05,0.7941224845162865
93,8,0.10,0.9852077414902398
93,8,0.15,0.5130460456108572
93,8,0.20,0.9988209746798125
93,8,0.25,0.9927454200509275
93,8,0.30,0.5984851422113648
93,8,0.35,0.999953204210358
93,8,0.40,0.9999683040306667
93,8,0.45,0.9999691807568442
93,8,0.50,0.9997327610369031
93,8,0.55,0.9979195156643647
93,8,0.60,0.49326023073775427
93,8,0.65,0.9997996149734383
93,8,0.70,0.9999618909745146
93,8,0.75,0.9970729124305857
93,8,0.80,0.9982443457429933
93,8,0.85,0.9999545649766497
93,8,0.90,0.9998642711535247
93,8,0.95,0.6581819094630985
93,9,0.05,0.8075025921284359
93,9,0.10,0.10141511193565778
93,9,0.15,0.9962059906176388
93,9,0.20,0.9992972826805119
93,9,0.25,0.9999183970422367
93,9,0.30,0.9999387761237454
93,9,0.35,0.999873182020495
93,9,0.40,0.9999303612107202
93,9,0.45,0.999551065288291
93,9,0.50,0.9999406411900971
93,9,0.55,0.9988804833358638
93,9,0.60,0.9949310009755681
93,9,0.65,0.9995488742683863
93,9,0.70,0.999948921865713
93,9,0.75,0.999394578870965
93,9,0.80,0.9999801584758798
93,9,0.85,0.9983119376559425
93,9,0.90,0.9998275152209967
93,9,0.95,0.9992745802283194
94,0,0.05,0.308392356818207
94,0,0.10,0.37114612812506154
94,0,0.15,0.995043369696535
94,0,0.20,0.68249534871508
94,0,0.25,0.5235252553562735
94,0,0.30,0.9986539938011161
94,0,0.35,0.9874400012466943
94,0,0.40,0.9951325769415773
94,0,0.45,0.9985158614887087
94,0,0.50,0.999467230987702
94,0,0.55,0.9995923860592452
94,0,0.60,0.9999446867863598
94,0,0.65,0.9958026074816336
94,0,0.70,0.9992512464110549
94,0,0.75,0.9997692954905819
94,0,0.80,0.9999673403988221
94,0,0.85,0.9994594653040297
94,0,0.90,0.9995424226771236
94,0,0.95,0.9999630081105816
94,1,0.05,0.561215617075232
94,1,0.10,0.956297878069991
94,1,0.15,0.9986069661660204
94,1,0.20,0.9955115603665047
94,1,0.25,0.999917062138419
94,1,0.30,0.9992036731887913
94,1,0.35,0.9866007998707258
94,1,0.40,0.9997772933536383
94,1,0.45,0.6310306173610586
94,1,0.50,0.9998120266870332
94,1,0.55,0.979296872755741
94,1,0.60,0.9998963752646524
94,1,0.65,0.9999645557210292
94,1,0.70,0.9995275164752058
94,1,0.75,0.9999655763079923
94,1,0.80,0.9997836331899117
94,1,0.85,0.9992867832313781
94,1,0.90,0.9998979184048302
94,1,0.95,0.999407192262002
94,2,0.05,0.810982626884224
94,2,0.10,0.5664521032904601
94,2,0.15,0.9995680435248328
94,2,0.20,0.9997674806617237
94,2,0.25,0.5579049427954041
94,2,0.30,0.9997467550880694
94,2,0.35,0.6236200494583477
94,2,0.40,0.9933749327208287
94,2,0.45,0.550085826814548
94,2,0.50,0.9998854682782492
94,2,0.55,0.9835627530475277
94,2,0.60,0.9837345905629287
94,2,0.65,0.9997621821107266
94,2,0.70,0.9948783438080728
94,2,0.75,0.9975529790607809
94,2,0.80,0.9956331814727745
94,2,0.85,0.9998488309192556
94,2,0.90,0.9998781295715846
94,2,0.95,0.9995010059121419
94,3,0.05,0.5453273614727084
94,3,0.10,0.5861115135851441
94,3,0.15,0.9483275244734333
94,3,0.20,0.9991674702746866
94,3,0.25,0.9902496369491107
94,3,0.30,0.6668820533677586
94,3,0.35,0.9998765179047632
94,3,0.40,0.6181176890112134
94,3,0.45,0.9958048746062543
94,3,0.50,0.9999225264590355
94,3,0.55,0.6154364655394711
94,3,0.60,0.9959587741132258
94,3,0.65,0.9999463981851909
94,3,0.70,0.9998277511964376
94,3,0.75,0.9971737798392787
94,3,0.80,0.9931573718163711
94,3,0.85,0.9994279484776885
94,3,0.90,0.9907993569968865
94,3,0.95,0.9994088536228211
94,4,0.05,-1.8858080220107079
94,4,0.10,0.9457421602117316
94,4,0.15,0.9588593458333969
94,4,0.20,0.6184153972660742
94,4,0.25,0.6780584296870812
94,4,0.30,0.7031221699684941
94,4,0.35,0.999674510672398
94,4,0.40,0.6521275386118284
94,4,0.45,0.9965297567072461
94,4,0.50,0.9997823142500294
94,4,0.55,0.9955395954590137
94,4,0.60,0.9992782325711203
94,4,0.65,0.9960416248545149
94,4,0.70,0.9999259186743626
94,4,0.75,0.9998815988216103
94,4,0.80,0.9999604782611113
94,4,0.85,0.999948859028461
94,4,0.90,0.9998317028801621
94,4,0.95,0.9996176575061249
94,5,0.05,0.5518631530297478
94,5,0.10,0.9711359747725029
94,5,0.15,0.9885796914886424
94,5,0.20,0.6085780981657434
94,5,0.25,0.9920061872459082
94,5,0.30,0.9989578200309046
94,5,0.35,0.9849341727783023
94,5,0.40,0.9952842297500715
94,5,0.45,0.9912258338259582
94,5,0.50,0.9997956474161707
94,5,0.55,0.6841217453775914
94,5,0.60,0.995853795577647
94,5,0.65,0.9991556398602613
94,5,0.70,0.9999508034049823
94,5,0.75,0.9994811216673605
94,5,0.80,0.9998995525231226
94,5,0.85,0.9999706111031693
94,5,0.90,0.9999608840555793
94,5,0.95,0.665401908688481
94,6,0.05,-0.9611173770293993
94,6,0.10,0.5408139690936672
94,6,0.15,0.9567908447885557
94,6,0.20,0.9994429243693957
94,6,0.25,0.9997829196669895
94,6,0.30,0.9948842358100703
94,6,0.35,0.9993182025441403
94,6,0.40,0.665722185105733
94,6,0.45,0.9966821133185492
94,6,0.50,0.9934974211089818
94,6,0.55,0.9919495653869672
94,6,0.60,0.6073379229822579
94,6,0.65,0.9992733312232358
94,6,0.70,0.9998381016819746
94,6,0.75,0.9954169182351046
94,6,0.80,0.9960637348329877
94,6,0.85,0.9998710284554873
94,6,0.90,0.9997754523264366
94,6,0.95,0.9962759705425587
94,7,0.05,0.5537972887291833
94,7,0.10,0.9998151934824865
94,7,0.15,0.9897026746073797
94,7,0.20,0.6486358198732303
94,7,0.25,0.6540972075609636
94,7,0.30,0.9944719062190694
94,7,0.35,0.9961604597485573
94,7,0.40,0.6305036471547545
94,7,0.45,0.6504101019530726
94,7,0.50,0.9951576976957694
94,7,0.55,0.6073599202391012
94,7,0.60,0.9960488797781357
94,7,0.65,0.999779344747447
94,7,0.70,0.9978149855944819
94,7,0.75,0.9997888733113569
94,7,0.80,0.9985174262055427
94,7,0.85,0.9999509939248935
94,7,0.90,0.9957683737743096
94,7,0.95,0.999584253962188
94,8,0.05,-0.07597424923791407
94,8,0.10,0.9965635339483594
94,8,0.15,0.9974947512576676
94,8,0.20,0.9970372237200933
94,8,0.25,0.6875896239377667
94,8,0.30,0.9968874533467688
94,8,0.35,0.9710303551255047
94,8,0.40,0.6940432914437004
94,8,0.45,0.9944887063984322
94,8,0.50,0.9999497461243746
94,8,0.55,0.9948697651132015
94,8,0.60,0.9959869924380333
94,8,0.65,0.9994765306086181
94,8,0.70,0.9966278998899678
94,8,0.75,0.9996013945768341
94,8,0.80,0.9986515096412495
94,8,0.85,0.9994536685089918
94,8,0.90,0.9999530353787092
94,8,0.95,0.9998632251337125
94,9,0.05,0.276646687661799
94,9,0.10,0.9910560425423998
94,9,0.15,0.8972505517223772
94,9,0.20,0.9851080207776631
94,9,0.25,0.997590833753571
94,9,0.30,0.9960076459521314
94,9,0.35,0.9960329994409918
94,9,0.40,0.613726625683698
94,9,0.45,0.984048795253875
94,9,0.50,0.6257132467138415
94,9,0.55,0.9999708164638241
94,9,0.60,0.9998337880081648
94,9,0.65,0.9991364343341232
94,9,0.70,0.9998566977829738
94,9,0.75,0.9872336960570786
94,9,0.80,0.999160397788981
94,9,0.85,0.9967369116106655
94,9,0.90,0.9976657354506139
94,9,0.95,0.9999107938586036
95,0,0.05,0.924250874160651
95,0,0.10,0.9100834709166976
95,0,0.15,0.9680418536419945
95,0,0.20,0.9985529601902876
95,0,0.25,0.9999284138762645
95,0,0.30,0.9986724681717042
95,0,0.35,0.6083231201175355
95,0,0.40,0.9996857490639957
95,0,0.45,0.9998897556468489
95,0,0.50,0.9996902528848212
95,0,0.55,0.9999480017232202
95,0,0.60,0.9999569539212003
95,0,0.65,0.999954414964677
95,0,0.70,0.9866270397089235
95,0,0.75,0.9999207359264757
95,0,0.80,0.999872160681552
95,0,0.85,0.9964586071152407
95,0,0.90,0.9999604779471026
95,0,0.95,0.9999554796667002
95,1,0.05,0.9830051819752044
95,1,0.10,0.9811512937011383
95,1,0.15,0.9961601116318369
95,1,0.20,0.9848280197720133
95,1,0.25,0.9169712883694988
95,1,0.30,0.9996956834043126
95,1,0.35,0.9856126265393322
95,1,0.40,0.9974526588321158
95,1,0.45,0.9999144328646338
95,1,0.50,0.9999158053042136
95,1,0.55,0.9997846355014615
95,1,0.60,0.9998863961111782
95,1,0.65,0.9990826888872237
95,1,0.70,0.9990492799854218
95,1,0.75,0.9980715558304758
95,1,0.80,0.9997562538992523
95,1,0.85,0.9985331948673862
95,1,0.90,0.9890750473821346
95,1,0.95,0.9998945748853553
95,2,0.05,0.529439262739953
95,2,0.10,0.9874709517784324
95,2,0.15,0.9992570299118063
95,2,0.20,0.9998158276242831
95,2,0.25,0.9890587286070722
95,2,0.30,0.9986630771793801
95,2,0.35,0.7141462373310888
95,2,0.40,0.9977619836730786
95,2,0.45,0.993091879429402
95,2,0.50,0.9988824584594492
95,2,0.55,0.9998904544573424
95,2,0.60,0.9995526829290328
95,2,0.65,0.999356979268739
95,2,0.70,0.9999559253755047
95,2,0.75,0.9975421489138196
95,2,0.80,0.6340270387944837
95,2,0.85,0.998249712134997
95,2,0.90,0.9996079783061042
95,2,0.95,0.9998794789969233
95,3,0.05,0.1169220848122452
95,3,0.10,0.9398417656196094
95,3,0.15,0.9694575413516413
95,3,0.20,0.9998544723403704
95,3,0.25,0.988615316567598
95,3,0.30,0.9957779362699043
95,3,0.35,0.9988256795799914
95,3,0.40,0.9999444176619008
95,3,0.45,0.998462320712669
95,3,0.50,0.9993051574548584
95,3,0.55,0.9991447717453266
95,3,0.60,0.9999583774037104
95,3,0.65,0.99018965253837
95,3,0.70,0.9981680157265821
95,3,0.75,0.9945214650195447
95,3,0.80,0.9994008902175137
95,3,0.85,0.9970553294592043
95,3,0.90,0.9960917098630278
95,3,0.95,0.9999472603687871
95,4,0.05,0.9722084698857054
95,4,0.10,0.9913239554678571
95,4,0.15,0.9756073995730196
95,4,0.20,0.9990180528049352
95,4,0.25,0.9996778472394326
95,4,0.30,0.9997368811313054
95,4,0.35,0.9969790528770542
95,4,0.40,0.9994644362086921
95,4,0.45,0.9983496348390375
95,4,0.50,0.9987192003799787
95,4,0.55,0.9997660154574447
95,4,0.60,0.9998996109655837
95,4,0.65,0.999904225440769
95,4,0.70,0.9999657578851747
95,4,0.75,0.9999375518424687
95,4,0.80,0.9991352650283565
95,4,0.85,0.5932055972135046
95,4,0.90,0.9999197047062458
95,4,0.95,0.9998615567794964
95,5,0.05,0.9562195087879257
95,5,0.10,0.9829371144557718
95,5,0.15,0.9962157674929834
95,5,0.20,0.9998154901448425
95,5,0.25,0.9984807226745495
95,5,0.30,0.9945073622561196
95,5,0.35,0.6300651439573994
95,5,0.40,0.9968239683812219
95,5,0.45,0.999411405372856
95,5,0.50,0.999473385994124
95,5,0.55,0.9999081835910026
95,5,0.60,0.9999652787221179
95,5,0.65,0.9999156137003526
95,5,0.70,0.9997006572159862
95,5,0.75,0.9999352332536784
95,5,0.80,0.999445967574388
95,5,0.85,0.9998757699938139
95,5,0.90,0.9998511892132795
95,5,0.95,0.9999539287176172
95,6,0.05,0.9303365586435461
95,6,0.10,0.9961232259715572
95,6,0.15,0.9788766615089224
95,6,0.20,0.9995206344506111
95,6,0.25,0.9980128790421584
95,6,0.30,0.9991220611743803
95,6,0.35,0.6743098113586072
95,6,0.40,0.9993245414902202
95,6,0.45,0.9999256047354467
95,6,0.50,0.9993551554905161
95,6,0.55,0.9999512218246812
95,6,0.60,0.9998379196728507
95,6,0.65,0.9993429254798316
95,6,0.70,0.9952883969303351
95,6,0.75,0.9999204558659518
95,6,0.80,0.9970326247829568
95,6,0.85,0.9999744083390831
95,6,0.90,0.9865497553648839
95,6,0.95,0.9991731199144721
95,7,0.05,0.2962478092699641
95,7,0.10,0.9985943157203561
95,7,0.15,-0.3903919911799145
95,7,0.20,0.9996604363300092
95,7,0.25,0.993281794716577
95,7,0.30,0.9998094679756051
95,7,0.35,0.9993117838895211
95,7,0.40,0.5811098393218377
95,7,0.45,0.9993119077549535
95,7,0.50,0.9999053046926598
95,7,0.55,0.9999258521644707
95,7,0.60,0.999948889063166
95,7,0.65,0.9999092653700368
95,7,0.70,0.9998693488258843
95,7,0.75,0.9869739260909391
95,7,0.80,0.9971666182640946
95,7,0.85,0.9848088613077458
95,7,0.90,0.9997634426282701
95,7,0.95,0.9992846723956961
95,8,0.05,0.6827328718399945
95,8,0.10,0.9830512229204966
95,8,0.15,0.999428775909083
95,8,0.20,0.9851734159108784
95,8,0.25,0.9980196849063326
95,8,0.30,0.9992560549972483
95,8,0.35,0.9997781593096616
95,8,0.40,0.9969025628624391
95,8,0.45,0.9873532929524963
95,8,0.50,0.9993070233360868
95,8,0.55,0.999958915847229
95,8,0.60,0.9998594350612983
95,8,0.65,0.9999381910792265
95,8,0.70,0.999869103931266
95,8,0.75,0.9977770884455228
95,8,0.80,0.9999003072556438
95,8,0.85,0.9999587693737204
95,8,0.90,0.9991575662269689
95,8,0.95,0.9995026185434729
95,9,0.05,0.749187255371762
95,9,0.10,0.8763089601761331
95,9,0.15,0.9890664961838712
95,9,0.20,0.9993162524396738
95,9,0.25,0.9987308039670744
95,9,0.30,0.9988457281420122
95,9,0.35,0.7495437524626893
95,9,0.40,0.9996887856070319
95,9,0.45,0.9997463039749579
95,9,0.50,0.9999522299578483
95,9,0.55,0.9999156857887048
95,9,0.60,0.9999380082579041
95,9,0.65,0.9993802394613631
95,9,0.70,0.9993007238588454
95,9,0.75,0.998261651361473
95,9,0.80,0.9999586182983063
95,9,0.85,0.9999719850425469
95,9,0.90,0.9999599309090855
95,9,0.95,0.9954943767496948
96,0,0.05,0.716935546488787
96,0,0.10,0.9529398338850927
96,0,0.15,0.9883282362367836
96,0,0.20,0.5995961168867283
96,0,0.25,0.9998558912359388
96,0,0.30,0.9998505813848194
96,0,0.35,0.9952003955385058
96,0,0.40,0.9999318969732972
96,0,0.45,0.9988928958216051
96,0,0.50,0.9993917523225506
96,0,0.55,0.999884450652807
96,0,0.60,0.9998460762412662
96,0,0.65,0.9999449134882398
96,0,0.70,0.9995548370173755
96,0,0.75,0.9992797231366426
96,0,0.80,0.9998863294985556
96,0,0.85,0.9998682682012715
96,0,0.90,0.9999637145995709
96,0,0.95,0.9999695336407682
96,1,0.05,-0.18048618048367082
96,1,0.10,0.9900557058589996
96,1,0.15,0.9983499189800804
96,1,0.20,0.9998214430249972
96,1,0.25,0.9996650375191221
96,1,0.30,0.9998865228726395
96,1,0.35,0.9984305677860191
96,1,0.40,0.9998471690399157
96,1,0.45,0.9999504050905107
96,1,0.50,0.9995525479739679
96,1,0.55,0.9999526188166249
96,1,0.60,0.9983733773533604
96,1,0.65,0.9998923310828514
96,1,0.70,0.9999679292166075
96,1,0.75,0.9999623808668437
96,1,0.80,0.999920304598869
96,1,0.85,0.9981356539384408
96,1,0.90,0.9974468328200954
96,1,0.95,0.9999305171356603
96,2,0.05,0.9940109210101956
96,2,0.10,0.9923334024503924
96,2,0.15,0.9888479709551418
96,2,0.20,0.5646078069703413
96,2,0.25,0.992292007161936
96,2,0.30,0.9996944062145533
96,2,0.35,0.9979424450965588
96,2,0.40,0.9978800791361415
96,2,0.45,0.9984846668237402
96,2,0.50,0.9999422377050045
96,2,0.55,0.9923581188302262
96,2,0.60,0.66470472388822
96,2,0.65,0.9977854030072152
96,2,0.70,0.999965030579377
96,2,0.75,0.998975172778999
96,2,0.80,0.9998222776738023
96,2,0.85,0.999922589307302
96,2,0.90,0.9996212204417629
96,2,0.95,0.9999750919567935
96,3,0.05,0.34647945017654047
96,3,0.10,0.9671494878140795
96,3,0.15,0.9997236299703511
96,3,0.20,0.9918624979686502
96,3,0.25,0.9905852516139169
96,3,0.30,0.9991296471966368
96,3,0.35,0.6528213079773406
96,3,0.40,0.9977976437935526
96,3,0.45,0.999257457956723
96,3,0.50,0.9968459387831463
96,3,0.55,0.9996073838338522
96,3,0.60,0.6333318912286463
96,3,0.65,0.9993286233243227
96,3,0.70,0.9971012129500381
96,3,0.75,0.9998074535997377
96,3,0.80,0.9999653438702744
96,3,0.85,0.9999412748545299
96,3,0.90,0.9995081019537094
96,3,0.95,0.9992088655181905
96,4,0.05,0.364025494242465
96,4,0.10,0.97013352765325
96,4,0.15,0.9999341233911578
96,4,0.20,0.49089428012981073
96,4,0.25,0.9997793527060015
96,4,0.30,0.9998229637460648
96,4,0.35,0.9999653946621074
96,4,0.40,0.9996672464855307
96,4,0.45,0.9997944842212183
96,4,0.50,0.9997513384870679
96,4,0.55,0.9998064683621944
96,4,0.60,0.9997262196454493
96,4,0.65,0.9998795301648205
96,4,0.70,0.9992638596558325
96,4,0.75,0.9999546639977027
96,4,0.80,0.9998868287574272
96,4,0.85,0.9999277589770279
96,4,0.90,0.9999538249472113
96,4,0.95,0.9999288879911719
96,5,0.05,0.5748923240862183
96,5,0.10,0.9983747952928331
96,5,0.15,0.999846060146931
96,5,0.20,0.5168583235031503
96,5,0.25,0.9969668876646247
96,5,0.30,0.5455581904283459
96,5,0.35,0.9937407126667471
96,5,0.40,0.9954487727841039
96,5,0.45,0.9997901496057319
96,5,0.50,0.9995107883457369
96,5,0.55,0.9999101702802393
96,5,0.60,0.9999603760376823
96,5,0.65,0.9999067648746996
96,5,0.70,0.9992872842100814
96,5,0.75,0.9998798297717985
96,5,0.80,0.9993419629849055
96,5,0.85,0.999384478393078
96,5,0.90,0.9992694121836522
96,5,0.95,0.9999056913298676
96,6,0.05,-1.0944079024386042
96,6,0.10,0.9992516491010452
96,6,0.15,0.9980403992318653
96,6,0.20,0.9931932860803241
96,6,0.25,0.9995634748814807
96,6,0.30,0.9918836690604916
96,6,0.35,0.9997597371810442
96,6,0.40,0.9999325816610533
96,6,0.45,0.9946636700802937
96,6,0.50,0.9998408593411622
96,6,0.55,0.9999457208106024
96,6,0.60,0.999942573255461
96,6,0.65,0.9998556371575085
96,6,0.70,0.9996105027496187
96,6,0.75,0.9849482758529693
96,6,0.80,0.9981373764100274
96,6,0.85,0.9994954930447886
96,6,0.90,0.999961160424166
96,6,0.95,0.9998586460148866
96,7,0.05,0.7866431158291434
96,7,0.10,0.47936882729740216
96,7,0.15,0.9999111898784303
96,7,0.20,0.9922973200017393
96,7,0.25,0.9999156127605968
96,7,0.30,0.6756674929904631
96,7,0.35,0.9970842902570249
96,7,0.40,0.9979414172427037
96,7,0.45,0.9997612741137806
96,7,0.50,0.9994006841231272
96,7,0.55,0.9998066623024224
96,7,0.60,0.597138125375444
96,7,0.65,0.9994033443911251
96,7,0.70,0.9954920022585705
96,7,0.75,0.9999230886542768
96,7,0.80,0.9999488724797381
96,7,0.85,0.9999421814072404
96,7,0.90,0.9999452092589591
96,7,0.95,0.9999570465982955
96,8,0.05,0.0762978398968619
96,8,0.10,0.9946621764676821
96,8,0.15,0.9996219523389757
96,8,0.20,0.9982473528941365
96,8,0.25,0.9998293575654855
96,8,0.30,0.9997723535362084
96,8,0.35,0.9945004391882384
96,8,0.40,0.986977547818905
96,8,0.45,0.9999531536673416
96,8,0.50,0.9999496391027193
96,8,0.55,0.999392694838392
96,8,0.60,0.9999603799459786
96,8,0.65,0.9992657658702134
96,8,0.70,0.9996637537864757
96,8,0.75,0.999542230797528
96,8,0.80,0.9994282259606698
96,8,0.85,0.9948849632448068
96,8,0.90,0.9952139756964121
96,8,0.95,0.9951245267813537
96,9,0.05,0.9806238526210965
96,9,0.10,0.9912118156489613
96,9,0.15,0.9962010448911843
96,9,0.20,0.9997838497840288
96,9,0.25,0.9998406847714076
96,9,0.30,0.9994277700344517
96,9,0.35,0.9999401072900521
96,9,0.40,0.9998695237506463
96,9,0.45,0.9998739861169917
96,9,0.50,0.9998976164490816
96,9,0.55,0.9991960864901098
96,9,0.60,0.9999485821726364
96,9,0.65,0.999938572610454
96,9,0.70,0.9999098763365711
96,9,0.75,0.9984058623104908
96,9,0.80,0.9999424230604385
96,9,0.85,0.9992702991769168
96,9,0.90,0.9999355571041132
96,9,0.95,0.9950473062066496
97,0,0.05,0.9224072533174655
97,0,0.10,0.10357858309247114
97,0,0.15,0.9978396639814106
97,0,0.20,0.9978441655108695
97,0,0.25,0.9948222251046435
97,0,0.30,0.9993099278427537
97,0,0.35,0.9999593621244609
97,0,0.40,0.9938916548860338
97,0,0.45,0.9932873802185624
97,0,0.50,0.9998096966038424
97,0,0.55,0.9996004234991366
97,0,0.60,0.9955565953541564
97,0,0.65,0.9998627137318117
97,0,0.70,0.9997304348400422
97,0,0.75,0.9951089882642097
97,0,0.80,0.9999456209730985
97,0,0.85,0.9997757314003726
97,0,0.90,0.9913611630817862
97,0,0.95,0.9997921772217914
97,1,0.05,0.7743892709413019
97,1,0.10,0.9958071172355025
97,1,0.15,0.9987465816262503
97,1,0.20,0.9995107334982408
97,1,0.25,0.9994187847358776
97,1,0.30,0.9993908853299641
97,1,0.35,0.9980063028568859
97,1,0.40,0.9997040117276268
97,1,0.45,0.9995893854223499
97,1,0.50,0.999946158847335
97,1,0.55,0.9997421369084659
97,1,0.60,0.9999423878425178
97,1,0.65,0.9997540716014088
97,1,0.70,0.999320430561057
97,1,0.75,0.6545291495768291
97,1,0.80,0.9997899633280938
97,1,0.85,0.9998794290698986
97,1,0.90,0.9999206982507872
97,1,0.95,0.9982888774809547
97,2,0.05,0.958790380459014
97,2,0.10,0.9759423230666721
97,2,0.15,0.9998135960257521
97,2,0.20,0.9946242524225645
97,2,0.25,0.9999413822245565
97,2,0.30,0.9999589909870521
97,2,0.35,0.9998528928693867
97,2,0.40,0.9944656965917044
97,2,0.45,0.6433606813278998
97,2,0.50,0.9971521385832571
97,2,0.55,0.9994644420862073
97,2,0.60,0.9995625864671398
97,2,0.65,0.9998945252377923
97,2,0.70,0.9967456853028169
97,2,0.75,0.9996383506028081
97,2,0.80,0.9828862035733503
97,2,0.85,0.9999405667686113
97,2,0.90,0.9997665184381416
97,2,0.95,0.999861031762663
97,3,0.05,0.8966848928916787
97,3,0.10,0.9764629125158367
97,3,0.15,0.9997819181343721
97,3,0.20,0.9995916068217783
97,3,0.25,0.6363152569280504
97,3,0.30,0.9999396958529886
97,3,0.35,0.9999054582780174
97,3,0.40,0.9998594096600819
97,3,0.45,0.9996876878835207
97,3,0.50,0.6321094921160837
97,3,0.55,0.9975541666872185
97,3,0.60,0.9998087157571524
97,3,0.65,0.9909604139113571
97,3,0.70,0.9800266963354767
97,3,0.75,0.9998913693768756
97,3,0.80,0.9998479110807952
97,3,0.85,0.9999474859857052
97,3,0.90,0.9982211545426154
97,3,0.95,0.9993366012418892
97,4,0.05,0.9663582167918963
97,4,0.10,0.9979685822015436
97,4,0.15,0.9976045120933074
97,4,0.20,0.995770490712212
97,4,0.25,0.9993197095287306
97,4,0.30,0.9970807586276179
97,4,0.35,0.9993714226621845
97,4,0.40,0.9994634545976727
97,4,0.45,0.9999571644348103
97,4,0.50,0.9693973713665952
97,4,0.55,0.9990043215273645
97,4,0.60,0.9980960115950813
97,4,0.65,0.999586734004949
97,4,0.70,0.9998588561046462
97,4,0.75,0.9999109779089778
97,4,0.80,0.9991124719279274
97,4,0.85,0.9999444804623798
97,4,0.90,0.9847005331709697
97,4,0.95,0.999755488076104
97,5,0.05,0.9604157167501863
97,5,0.10,0.9853702109901321
97,5,0.15,0.9936007580024278
97,5,0.20,0.9963689540269337
97,5,0.25,0.9997049300254685
97,5,0.30,0.6581561211584728
97,5,0.35,0.5706699240275808
97,5,0.40,0.9998381480875117
97,5,0.45,0.9998235580624931
97,5,0.50,0.6466958466363741
97,5,0.55,0.999891031368507
97,5,0.60,0.9947657855961932
97,5,0.65,0.9995520146414248
97,5,0.70,0.999944741272574
97,5,0.75,0.9993704346110894
97,5,0.80,0.9999755693700458
97,5,0.85,0.9999280007965027
97,5,0.90,0.9831317459833694
97,5,0.95,0.9998543008229156
97,6,0.05,0.9684174137862702
97,6,0.10,0.26450336132771257
97,6,0.15,0.9987899035008807
97,6,0.20,0.9983644743439593
97,6,0.25,0.9999434487753751
97,6,0.30,0.9999359626905625
97,6,0.35,0.9999304130223312
97,6,0.40,0.9998828142582138
97,6,0.45,0.9996203172796351
97,6,0.50,0.997730992885945
97,6,0.55,0.9999206607031227
97,6,0.60,0.6675380589991909
97,6,0.65,0.9999712443898683
97,6,0.70,0.9998392379981126
97,6,0.75,0.9999635802884269
97,6,0.80,0.9886254694931523
97,6,0.85,0.9998355254961232
97,6,0.90,0.9945032756248002
97,6,0.95,0.9994378342643334
97,7,0.05,0.9939942643150961
97,7,0.10,0.997860574180505
97,7,0.15,0.9998615565008936
97,7,0.20,0.9925305393393257
97,7,0.25,0.9960247221560565
97,7,0.30,0.9985445621325932
97,7,0.35,0.9997477658539311
97,7,0.40,0.9998581267369104
97,7,0.45,0.9999570020657252
97,7,0.50,0.9979833854473071
97,7,0.55,0.998976153318877
97,7,0.60,0.9998794467270098
97,7,0.65,0.9988653335481943
97,7,0.70,0.9999427143698248
97,7,0.75,0.999673477770544
97,7,0.80,0.9939359425690663
97,7,0.85,0.9991551449234264
97,7,0.90,0.9997213956169114
97,7,0.95,0.660195663048565
97,8,0.05,0.940759333040092
97,8,0.10,0.9248662801974882
97,8,0.15,0.9977080346381814
97,8,0.20,0.9745070450899935
97,8,0.25,0.9998758538005906
97,8,0.30,0.9974054028680576
97,8,0.35,0.9991934535868332
97,8,0.40,0.999776840284211
97,8,0.45,0.6396920817228042
97,8,0.50,0.9997767211456731
97,8,0.55,0.9996883211328378
97,8,0.60,0.9999433774409869
97,8,0.65,0.9992745419448078
97,8,0.70,0.9999508754464299
97,8,0.75,0.9958370739314253
97,8,0.80,0.9999085999931473
97,8,0.85,0.9999354315506244
97,8,0.90,0.9910932138182154
97,8,0.95,0.9997271222943734
97,9,0.05,0.6258417135118028
97,9,0.10,0.9966773108423551
97,9,0.15,0.9992752490731677
97,9,0.20,0.9999431348190767
97,9,0.25,0.9944802581649359
97,9,0.30,0.9997289771237625
97,9,0.35,0.9998043429899264
97,9,0.40,0.9997309146894857
97,9,0.45,0.9996096094544503
97,9,0.50,0.995806329191182
97,9,0.55,0.9998484606804416
97,9,0.60,0.6484310644973684
97,9,0.65,0.9912880971564016
97,9,0.70,0.9981945621211289
97,9,0.75,0.9983649383016076
97,9,0.80,0.9995943980008302
97,9,0.85,0.9994833199470313
97,9,0.90,0.999875617039556
97,9,0.95,0.9972578369075862
98,0,0.05,0.6146428492425006
98,0,0.10,0.9979187860862753
98,0,0.15,0.9949754090567416
98,0,0.20,0.9961548680581851
98,0,0.25,0.9952815232906141
98,0,0.30,0.9996980558023365
98,0,0.35,0.9929071265765738
98,0,0.40,0.9982506932364256
98,0,0.45,0.9992172527672346
98,0,0.50,0.9909509626675975
98,0,0.55,0.9999515469633677
98,0,0.60,0.9958591374195861
98,0,0.65,0.9999145320162729
98,0,0.70,0.9996184042363516
98,0,0.75,0.9997775243240627
98,0,0.80,0.9993139620882645
98,0,0.85,0.99938886103749
98,0,0.90,0.995589851355736
98,0,0.95,0.9993641852882543
98,1,0.05,0.8782173444322697
98,1,0.10,0.9633997453256441
98,1,0.15,0.999323407181731
98,1,0.20,0.5555280037274899
98,1,0.25,0.9997410712291629
98,1,0.30,0.9937195106644546
98,1,0.35,0.9999471868021809
98,1,0.40,0.9999287721937136
98,1,0.45,0.9997346376740635
98,1,0.50,0.9999500112300482
98,1,0.55,0.9998413517299176
98,1,0.60,0.9707439929295062
98,1,0.65,0.9998958039098439
98,1,0.70,0.9930492405994291
98,1,0.75,0.9932008389035897
98,1,0.80,0.9997479548472731
98,1,0.85,0.9998518574835014
98,1,0.90,0.999202129778845
98,1,0.95,0.9939306672363087
98,2,0.05,0.9841111545516911
98,2,0.10,0.955233294064256
98,2,0.15,0.8831812224463447
98,2,0.20,0.5569166696193592
98,2,0.25,0.9996948711229553
98,2,0.30,0.9999238426892992
98,2,0.35,0.9907651262184533
98,2,0.40,0.9999185350079094
98,2,0.45,0.9954900973374526
98,2,0.50,0.9999647278104001
98,2,0.55,0.9999035577601628
98,2,0.60,0.9998208611982177
98,2,0.65,0.9998635355759438
98,2,0.70,0.9998569324918573
98,2,0.75,0.9999272753207783
98,2,0.80,0.9999412772284368
98,2,0.85,0.9949967860465433
98,2,0.90,0.9996881822718688
98,2,0.95,0.999965779555762
98,3,0.05,0.923342053620509
98,3,0.10,0.9994353415764828
98,3,0.15,0.9996109931233317
98,3,0.20,0.9433379177377551
98,3,0.25,0.9992795254241992
98,3,0.30,0.9793581272928027
98,3,0.35,0.9998871042250671
98,3,0.40,0.5731586942039786
98,3,0.45,0.9999190223704251
98,3,0.50,0.9993070432031379
98,3,0.55,0.9994095435500812
98,3,0.60,0.9993693713563038
98,3,0.65,0.9998239997066104
98,3,0.70,0.9998756369999466
98,3,0.75,0.9998815107780407
98,3,0.80,0.9999144163965098
98,3,0.85,0.9999626647705782
98,3,0.90,0.9993519034948178
98,3,0.95,0.9997546977910968
98,4,0.05,-0.07726164682444359
98,4,0.10,0.9986236912406001
98,4,0.15,0.9994028402036914
98,4,0.20,0.9524759526431903
98,4,0.25,0.9997728705888294
98,4,0.30,0.9997616433569384
98,4,0.35,0.9999317967809026
98,4,0.40,0.9999260920191781
98,4,0.45,0.9998515128004734
98,4,0.50,0.9999618394929781
98,4,0.55,0.9995575334315694
98,4,0.60,0.9969875720103397
98,4,0.65,0.9998701239772328
98,4,0.70,0.9970882851783112
98,4,0.75,0.9999730322529083
98,4,0.80,0.9999688438023694
98,4,0.85,0.9998734734173732
98,4,0.90,0.9999464245985071
98,4,0.95,0.9997458811912863
98,5,0.05,0.4308715350138229
98,5,0.10,0.9145200972260711
98,5,0.15,0.9867987336754047
98,5,0.20,0.9982397666674817
98,5,0.25,0.9999192489486913
98,5,0.30,0.9977123762252222
98,5,0.35,0.9999644816334714
98,5,0.40,0.9972085352496134
98,5,0.45,0.9998856847640152
98,5,0.50,0.9959180366891678
98,5,0.55,0.9994658366102787
98,5,0.60,0.9996454296822059
98,5,0.65,0.9998127208111095
98,5,0.70,0.9997923797852655
98,5,0.75,0.9998292281366516
98,5,0.80,0.9993854230626774
98,5,0.85,0.9960494799139945
98,5,0.90,0.9990748190844878
98,5,0.95,0.6243888279925089
98,6,0.05,0.7239289722194379
98,6,0.10,0.8795766756168009
98,6,0.15,0.9964072124848127
98,6,0.20,0.9848833676122422
98,6,0.25,0.9948811460671347
98,6,0.30,0.4158846632211787
98,6,0.35,0.9996785415047061
98,6,0.40,0.999935848527716
98,6,0.45,0.9827557310092142
98,6,0.50,0.9998904275287467
98,6,0.55,0.9998016762077189
98,6,0.60,0.9994536222264505
98,6,0.65,0.9999474809432699
98,6,0.70,0.9996181957857785
98,6,0.75,0.999924974532238
98,6,0.80,0.9946957561022692
98,6,0.85,0.9987369542184825
98,6,0.90,0.9985242103011033
98,6,0.95,0.9957534203285946
98,7,0.05,0.9450740838276933
98,7,0.10,0.9649199619289516
98,7,0.15,0.999668744697838
98,7,0.20,0.9961832914489644
98,7,0.25,0.9994634470578392
98,7,0.30,0.9922338663559922
98,7,0.35,0.99892705174386
98,7,0.40,0.9999449952660426
98,7,0.45,0.9992754507111189
98,7,0.50,0.9977299574993547
98,7,0.55,0.9997982438533349
98,7,0.60,0.9991756158418285
98,7,0.65,0.9998897079875536
98,7,0.70,0.9998459595739002
98,7,0.75,0.9957698655203432
98,7,0.80,0.9999637487532406
98,7,0.85,0.9999660220502665
98,7,0.90,0.996200016390981
98,7,0.95,0.9954350659212088
98,8,0.05,0.3084162560348991
98,8,0.10,0.8449050049924443
98,8,0.15,0.9988645626694719
98,8,0.20,0.9972796531487169
98,8,0.25,0.9896432811217526
98,8,0.30,0.9949709799297325
98,8,0.35,0.9998093423701819
98,8,0.40,0.9999642248081377
98,8,0.45,0.9999032379023312
98,8,0.50,0.9956541773742632
98,8,0.55,0.9998875245971125
98,8,0.60,0.5720512563106863
98,8,0.65,0.9999226456884439
98,8,0.70,0.9992808603632842
98,8,0.75,0.9960997471435599
98,8,0.80,0.9992453418361367
98,8,0.85,0.9955155701411035
98,8,0.90,0.9997779946665232
98,8,0.95,0.9999445962684451
98,9,0.05,0.9915498568157188
98,9,0.10,0.9906580220949771
98,9,0.15,0.9741526168749556
98,9,0.20,0.4416761420535882
98,9,0.25,0.999633268598103
98,9,0.30,0.9956472774217684
98,9,0.35,0.9996392488953179
98,9,0.40,0.9952085228177328
98,9,0.45,0.9999489760157518
98,9,0.50,0.9999526674517799
98,9,0.55,0.9997983720480457
98,9,0.60,0.9999575422865663
98,9,0.65,0.9999320536588683
98,9,0.70,0.9997452294591895
98,9,0.75,0.9985985191561195
98,9,0.80,0.9967365349865936
98,9,0.85,0.9999609018833372
98,9,0.90,0.9999634146678219
98,9,0.95,0.9992656875870061
99,0,0.05,0.2524361839460476
99,0,0.10,0.9671522532164998
99,0,0.15,0.9787019527365265
99,0,0.20,0.9978819329845254
99,0,0.25,0.9998404070977822
99,0,0.30,0.9924159171592064
99,0,0.35,0.9972324567223554
99,0,0.40,0.9993698062823035
99,0,0.45,0.9927378386705261
99,0,0.50,0.9875988657187439
99,0,0.55,0.9999585645443587
99,0,0.60,0.9999706141502918
99,0,0.65,0.9985117592970945
99,0,0.70,0.9982402313891188
99,0,0.75,0.9998835737375054
99,0,0.80,0.9999295919722102
99,0,0.85,0.9999331707971044
99,0,0.90,0.9994965493614685
99,0,0.95,0.982907607517515
99,1,0.05,0.9767308029598626
99,1,0.10,0.8740267911674748
99,1,0.15,0.9973468786485068
99,1,0.20,0.9956646931720021
99,1,0.25,0.9878148349412561
99,1,0.30,0.9999613001449157
99,1,0.35,0.9997586303568505
99,1,0.40,0.6756107790269905
99,1,0.45,0.9999545425486072
99,1,0.50,0.9992453889317292
99,1,0.55,0.9869527145893449
99,1,0.60,0.9994522227337751
99,1,0.65,0.9996040539855848
99,1,0.70,0.999935800726092
99,1,0.75,0.9951026233795112
99,1,0.80,0.9961643373109307
99,1,0.85,0.9995975838383705
99,1,0.90,0.9998642259176953
99,1,0.95,0.9992614929814231
99,2,0.05,0.9797524446163605
99,2,0.10,0.9845140824291094
99,2,0.15,0.9995645640613411
99,2,0.20,0.99298262349077
99,2,0.25,0.9997934756802683
99,2,0.30,0.9998122309628573
99,2,0.35,0.999904841739138
99,2,0.40,0.9934651363512971
99,2,0.45,0.998910304592359
99,2,0.50,0.9980591987010264
99,2,0.55,0.9999280427930843
99,2,0.60,0.9999560917062158
99,2,0.65,0.9999246078966766
99,2,0.70,0.998040520789597
99,2,0.75,0.9995765567100221
99,2,0.80,0.9995840913833723
99,2,0.85,0.9998342070692393
99,2,0.90,0.9999608878485344
99,2,0.95,0.9994795760964379
99,3,0.05,0.9856994790285801
99,3,0.10,0.96175641531286
99,3,0.15,0.9992916902312591
99,3,0.20,0.9996074736921471
99,3,0.25,0.9991407985472784
99,3,0.30,0.9995049525178465
99,3,0.35,0.9942599175817796
99,3,0.40,0.6492456338422314
99,3,0.45,0.999437947607312
99,3,0.50,0.9992251683390005
99,3,0.55,0.9934687275840143
99,3,0.60,0.9993933500122603
99,3,0.65,0.9997890752726503
99,3,0.70,0.9999143681425127
99,3,0.75,0.9999064775884797
99,3,0.80,0.9990333816501064
99,3,0.85,0.9984103480215213
99,3,0.90,0.9992621080527178
99,3,0.95,0.999894707430689
99,4,0.05,0.9975498298405777
99,4,0.10,0.9902568294642029
99,4,0.15,0.9995730032932736
99,4,0.20,0.999315325318601
99,4,0.25,0.9998925110123483
99,4,0.30,0.9999042007931627
99,4,0.35,0.99576301530572
99,4,0.40,0.9994642196857276
99,4,0.45,0.999772483405196
99,4,0.50,0.9886959136432233
99,4,0.55,0.9853846514422189
99,4,0.60,0.9999331402547501
99,4,0.65,0.9999273310545533
99,4,0.70,0.9992045032010073
99,4,0.75,0.9999508775755855
99,4,0.80,0.9999583050658529
99,4,0.85,0.9999568097919629
99,4,0.90,0.9993805112773915
99,4,0.95,0.9999624495885449
99,5,0.05,0.9704466808887675
99,5,0.10,0.9998812236343364
99,5,0.15,0.9991272424481535
99,5,0.20,0.9990988752055722
99,5,0.25,0.9999469666381194
99,5,0.30,0.9787182064297248
99,5,0.35,0.9991781601043768
99,5,0.40,0.9991222429911316
99,5,0.45,0.9994803091971574
99,5,0.50,0.996474009826049
99,5,0.55,0.996087160368506
99,5,0.60,0.9999811617892093
99,5,0.65,0.9996143901277277
99,5,0.70,0.9999578607135382
99,5,0.75,0.9995349425113866
99,5,0.80,0.6516709483714531
99,5,0.85,0.6296018308188476
99,5,0.90,0.9998261544334597
99,5,0.95,0.9999074949467319
99,6,0.05,0.8771381600623489
99,6,0.10,0.989543835045107
99,6,0.15,0.9990899448904351
99,6,0.20,0.9996851333410315
99,6,0.25,0.9975123920061582
99,6,0.30,0.9998372366425317
99,6,0.35,0.9999565094147681
99,6,0.40,0.6345429695228213
99,6,0.45,0.9997681832094507
99,6,0.50,0.9905306189619947
99,6,0.55,0.9970330829946328
99,6,0.60,0.9943825642563775
99,6,0.65,0.9999373344684703
99,6,0.70,0.9998867816898471
99,6,0.75,0.9969828105524405
99,6,0.80,0.9998035050152553
99,6,0.85,0.9949585493599303
99,6,0.90,0.9999425142311236
99,6,0.95,0.9999577694708199
99,7,0.05,0.6867774103734505
99,7,0.10,0.9944250963266172
99,7,0.15,0.9996405646027106
99,7,0.20,0.9993981181590538
99,7,0.25,0.6401869257445802
99,7,0.30,0.5818093863807947
99,7,0.35,0.9992528408925948
99,7,0.40,0.674108989223315
99,7,0.45,0.9998891896233771
99,7,0.50,0.9978647672654894
99,7,0.55,0.9972672348215696
99,7,0.60,0.9998065406559131
99,7,0.65,0.9999380877054891
99,7,0.70,0.9979238881641661
99,7,0.75,0.9962260678470356
99,7,0.80,0.9999602104787498
99,7,0.85,0.9994851067847326
99,7,0.90,0.999689057992215
99,7,0.95,0.9941074661679409
99,8,0.05,0.993255768320105
99,8,0.10,0.9715737847379227
99,8,0.15,0.9972035564637911
99,8,0.20,0.9995577673159717
99,8,0.25,0.9983406753133708
99,8,0.30,0.9999549336908174
99,8,0.35,0.6734145085333013
99,8,0.40,0.9999381822454918
99,8,0.45,0.9999424513420975
99,8,0.50,0.9993852137821704
99,8,0.55,0.9998881273838921
99,8,0.60,0.9999605933936991
99,8,0.65,0.9999646296834038
99,8,0.70,0.9972734730122407
99,8,0.75,0.9998158895539339
99,8,0.80,0.9996051181126094
99,8,0.85,0.9999435044934037
99,8,0.90,0.9956372492689773
99,8,0.95,0.9998808608332769
99,9,0.05,0.9792642701835917
99,9,0.10,0.9075644763198105
99,9,0.15,0.9976864258262595
99,9,0.20,0.9988575650572812
99,9,0.25,0.9958294183148833
99,9,0.30,0.9999149673411645
99,9,0.35,0.9998129283620133
99,9,0.40,0.9960508188609178
99,9,0.45,0.9994405894468328
99,9,0.50,0.9996068588486449
99,9,0.55,0.6367352096567862
99,9,0.60,0.9997921402499533
99,9,0.65,0.9995713657110266
99,9,0.70,0.9963047276463514
99,9,0.75,0.9985863149504036
99,9,0.80,0.9990398853414691
99,9,0.85,0.9999423096292576
99,9,0.90,0.9999703639167141
99,9,0.95,0.9999505768314879
