random_seed,split_seed,sample_ratio,r2
0,0,0.05,0.9740784873200038
0,0,0.10,0.9922933318119056
0,0,0.15,0.9963516557569687
0,0,0.20,0.9931058162128243
0,0,0.25,0.9968697576196778
0,0,0.30,0.9964166147934639
0,0,0.35,0.9948401700154936
0,0,0.40,0.99809744131179
0,0,0.45,0.9974308181021032
0,0,0.50,0.9940700394251394
0,0,0.55,0.9972449571829018
0,0,0.60,0.9979315749209617
0,0,0.65,0.9960442120251873
0,0,0.70,0.9972039114241903
0,0,0.75,0.9984254546550035
0,0,0.80,0.9954414249856246
0,0,0.85,0.997485394526054
0,0,0.90,0.9966175235549121
0,0,0.95,0.9972482630930714
0,1,0.05,0.9764858668521806
0,1,0.10,0.9867950164767674
0,1,0.15,0.9901781432992423
0,1,0.20,0.9951812349050302
0,1,0.25,0.9976283811136141
0,1,0.30,0.9968250482304793
0,1,0.35,0.9893312807882523
0,1,0.40,0.995963880756579
0,1,0.45,0.9969253591000741
0,1,0.50,0.9976841585254596
0,1,0.55,0.9971507999038618
0,1,0.60,0.9956521902449053
0,1,0.65,0.9972584102821137
0,1,0.70,0.9973732066939791
0,1,0.75,0.9946566066105827
0,1,0.80,0.9955648676663802
0,1,0.85,0.9911821266179136
0,1,0.90,0.9976578880484056
0,1,0.95,0.9949969492489918
0,2,0.05,0.8906276016269219
0,2,0.10,0.9943106758294179
0,2,0.15,0.995473981060482
0,2,0.20,0.9944573451547766
0,2,0.25,0.9968787934468722
0,2,0.30,0.9885951816327203
0,2,0.35,0.996098252253626
0,2,0.40,0.9947891991489751
0,2,0.45,0.9958964450363331
0,2,0.50,0.9974425261996622
0,2,0.55,0.9957626293669909
0,2,0.60,0.9976087851011769
0,2,0.65,0.9977410195090183
0,2,0.70,0.9980778438290887
0,2,0.75,0.9949640780797554
0,2,0.80,0.9952483842469987
0,2,0.85,0.9971845417769247
0,2,0.90,0.9918544061568868
0,2,0.95,0.9982000979295571
0,3,0.05,0.923430072530566
0,3,0.10,0.9862130269610341
0,3,0.15,0.994261289484672
0,3,0.20,0.9970766860021814
0,3,0.25,0.99785245583631
0,3,0.30,0.9943066404611859
0,3,0.35,0.994659711055286
0,3,0.40,0.9966835622976549
0,3,0.45,0.9971994021744952
0,3,0.50,0.9980530305490477
0,3,0.55,0.9944411671940662
0,3,0.60,0.9973807740258762
0,3,0.65,0.9952344594372198
0,3,0.70,0.994232528546052
0,3,0.75,0.9954488753210485
0,3,0.80,0.9922648115211242
0,3,0.85,0.9948832996042999
0,3,0.90,0.9955516585252532
0,3,0.95,0.9945217561276116
0,4,0.05,0.9596435180453702
0,4,0.10,0.9860822732787388
0,4,0.15,0.9930367282656847
0,4,0.20,0.9901227729790728
0,4,0.25,0.9934651225757966
0,4,0.30,0.9947806577713247
0,4,0.35,0.9965140444022129
0,4,0.40,0.9976989685954977
0,4,0.45,0.9975569203808755
0,4,0.50,0.9949780186881934
0,4,0.55,0.9959497917733166
0,4,0.60,0.9978983353886374
0,4,0.65,0.9957088628620482
0,4,0.70,0.9979798086915973
0,4,0.75,0.9958919593099317
0,4,0.80,0.9954308574966306
0,4,0.85,0.9975915022443409
0,4,0.90,0.9961735600517098
0,4,0.95,0.9917975896105881
0,5,0.05,0.9619792382813442
0,5,0.10,0.9916342662657216
0,5,0.15,0.9952622377406948
0,5,0.20,0.9972934406340357
0,5,0.25,0.9906821210640778
0,5,0.30,0.9936297051314921
0,5,0.35,0.9969856173728596
0,5,0.40,0.9947719047651722
0,5,0.45,0.9943784190984855
0,5,0.50,0.9974803280308745
0,5,0.55,0.9977901190258774
0,5,0.60,0.9951622532769006
0,5,0.65,0.9976576578418996
0,5,0.70,0.997588726917107
0,5,0.75,0.9947013814452939
0,5,0.80,0.9973749659430144
0,5,0.85,0.9952879530878658
0,5,0.90,0.9935198711071266
0,5,0.95,0.9912888944509806
0,6,0.05,0.9286722811048765
0,6,0.10,0.9677025346997511
0,6,0.15,0.9956853390409948
0,6,0.20,0.9927142048758242
0,6,0.25,0.9982455616687137
0,6,0.30,0.9969151478646795
0,6,0.35,0.9938440165672652
0,6,0.40,0.9972948608357046
0,6,0.45,0.9967962360144373
0,6,0.50,0.9977338497217269
0,6,0.55,0.9973774807020112
0,6,0.60,0.996967138540466
0,6,0.65,0.9981601734335251
0,6,0.70,0.995088972326776
0,6,0.75,0.9959663370091698
0,6,0.80,0.9981565015964614
0,6,0.85,0.9976143175232275
0,6,0.90,0.998145395215205
0,6,0.95,0.997268162504516
0,7,0.05,0.9337678408900416
0,7,0.10,0.990200736545165
0,7,0.15,0.993166385130242
0,7,0.20,0.9961091303554949
0,7,0.25,0.9976075335469898
0,7,0.30,0.9955547933908412
0,7,0.35,0.9966657696739182
0,7,0.40,0.9978266241128156
0,7,0.45,0.9939263307284774
0,7,0.50,0.9973051724404757
0,7,0.55,0.9984259890948091
0,7,0.60,0.9977749592059783
0,7,0.65,0.9974876492115918
0,7,0.70,0.9971204315679291
0,7,0.75,0.9976457995889972
0,7,0.80,0.9975682833379536
0,7,0.85,0.9962616664195102
0,7,0.90,0.9952998111767977
0,7,0.95,0.9956800157026343
0,8,0.05,0.9704450484859569
0,8,0.10,0.9917715657609436
0,8,0.15,0.9951630064999545
0,8,0.20,0.995742302895374
0,8,0.25,0.9953975480574072
0,8,0.30,0.9978386148161168
0,8,0.35,0.996449191454615
0,8,0.40,0.995169153966379
0,8,0.45,0.9960094538898984
0,8,0.50,0.9903692919218018
0,8,0.55,0.9960003483789632
0,8,0.60,0.9959695925019666
0,8,0.65,0.99596367602222
0,8,0.70,0.9979514904777564
0,8,0.75,0.9983204869664706
0,8,0.80,0.9978584998466576
0,8,0.85,0.9964033463053633
0,8,0.90,0.9956578849917106
0,8,0.95,0.9971896692081681
0,9,0.05,0.9644630595836416
0,9,0.10,0.989714617005969
0,9,0.15,0.9932429271831601
0,9,0.20,0.9946317616545363
0,9,0.25,0.9957210020207259
0,9,0.30,0.9954263517480855
0,9,0.35,0.9955062807239778
0,9,0.40,0.997005948366631
0,9,0.45,0.9970387205594188
0,9,0.50,0.9985904195573723
0,9,0.55,0.9974555500837055
0,9,0.60,0.9957244279167049
0,9,0.65,0.9954564645828572
0,9,0.70,0.9960097950413807
0,9,0.75,0.9929436930666017
0,9,0.80,0.9950641919107499
0,9,0.85,0.9960773942824167
0,9,0.90,0.9950837232002965
0,9,0.95,0.9952129971881076
1,0,0.05,0.9737767686998139
1,0,0.10,0.99256091129577
1,0,0.15,0.9947164101297461
1,0,0.20,0.9973589084044004
1,0,0.25,0.9971061207698493
1,0,0.30,0.9979074967553769
1,0,0.35,0.9979837620046598
1,0,0.40,0.9952636731483274
1,0,0.45,0.9981297183273431
1,0,0.50,0.9937093655680022
1,0,0.55,0.9971590651258356
1,0,0.60,0.9955516697222383
1,0,0.65,0.9952961827225654
1,0,0.70,0.9979484139151682
1,0,0.75,0.99205058240888
1,0,0.80,0.9973991658629642
1,0,0.85,0.9955822920072303
1,0,0.90,0.9979479025723841
1,0,0.95,0.9976320247205459
1,1,0.05,0.9717595321715902
1,1,0.10,0.9913276146967882
1,1,0.15,0.9959091270475874
1,1,0.20,0.9957546743312471
1,1,0.25,0.9966578193303126
1,1,0.30,0.9980526132587202
1,1,0.35,0.9984322167907989
1,1,0.40,0.9981311630809222
1,1,0.45,0.9975466368929453
1,1,0.50,0.9941781530861166
1,1,0.55,0.9952836368645125
1,1,0.60,0.9970932966945134
1,1,0.65,0.9972173692047309
1,1,0.70,0.997089928322322
1,1,0.75,0.9971953274284735
1,1,0.80,0.9968918762228742
1,1,0.85,0.9959100582535217
1,1,0.90,0.9949623966238581
1,1,0.95,0.9948535972247947
1,2,0.05,0.9705566027163484
1,2,0.10,0.9940891046030144
1,2,0.15,0.9954881584163942
1,2,0.20,0.9974745948564402
1,2,0.25,0.9973388047338279
1,2,0.30,0.9967098924864445
1,2,0.35,0.9976727916600117
1,2,0.40,0.9976499286419166
1,2,0.45,0.9974198911041904
1,2,0.50,0.9934582506151352
1,2,0.55,0.9948559274710197
1,2,0.60,0.9979824837474822
1,2,0.65,0.9969960864460704
1,2,0.70,0.9983099557556167
1,2,0.75,0.9956436485250897
1,2,0.80,0.9947231192363462
1,2,0.85,0.9974224821700882
1,2,0.90,0.9953189019137177
1,2,0.95,0.9972929704708886
1,3,0.05,0.9848344622442002
1,3,0.10,0.9911913618378458
1,3,0.15,0.996583176612179
1,3,0.20,0.9967927591060112
1,3,0.25,0.9979113237497261
1,3,0.30,0.997529460329635
1,3,0.35,0.9965985692562267
1,3,0.40,0.995208828163221
1,3,0.45,0.9959368962992232
1,3,0.50,0.9975635065196292
1,3,0.55,0.997437236267219
1,3,0.60,0.9955173437430934
1,3,0.65,0.9973827403244067
1,3,0.70,0.9954700422499242
1,3,0.75,0.99763859812895
1,3,0.80,0.9935661620775564
1,3,0.85,0.9931554140769465
1,3,0.90,0.9972339497456101
1,3,0.95,0.9915100881379528
1,4,0.05,0.9849256795869824
1,4,0.10,0.9906820851191798
1,4,0.15,0.997332083938076
1,4,0.20,0.993358424507817
1,4,0.25,0.9975487188500127
1,4,0.30,0.9981951129052372
1,4,0.35,0.994608375224288
1,4,0.40,0.9978754537412957
1,4,0.45,0.9977863087003435
1,4,0.50,0.9973310555587861
1,4,0.55,0.9957753937047055
1,4,0.60,0.9982102679433604
1,4,0.65,0.998003991460938
1,4,0.70,0.9956026196807845
1,4,0.75,0.9975970191677601
1,4,0.80,0.9978368979797656
1,4,0.85,0.995941137025317
1,4,0.90,0.9953111230602627
1,4,0.95,0.9972611806620767
1,5,0.05,0.9831131594460404
1,5,0.10,0.991280188995243
1,5,0.15,0.9935531193747444
1,5,0.20,0.9960436803469411
1,5,0.25,0.9982951057681743
1,5,0.30,0.998618916831415
1,5,0.35,0.9975944662536399
1,5,0.40,0.996918604558176
1,5,0.45,0.9914676050881742
1,5,0.50,0.997528854690404
1,5,0.55,0.9980433486286222
1,5,0.60,0.9973722146938881
1,5,0.65,0.9958605290089778
1,5,0.70,0.9939590055329687
1,5,0.75,0.9976118762755201
1,5,0.80,0.9975573952444915
1,5,0.85,0.9982613501291262
1,5,0.90,0.9949972476067122
1,5,0.95,0.9983555936105359
1,6,0.05,0.9909003317908741
1,6,0.10,0.991363401618479
1,6,0.15,0.9927454085179889
1,6,0.20,0.9973255700762081
1,6,0.25,0.9920726841234321
1,6,0.30,0.9967772955999178
1,6,0.35,0.9957972177653758
1,6,0.40,0.9891287512930278
1,6,0.45,0.9981636870037511
1,6,0.50,0.9978389378580227
1,6,0.55,0.9952650131251111
1,6,0.60,0.9969738750114224
1,6,0.65,0.9940996495940757
1,6,0.70,0.997192325290293
1,6,0.75,0.9981774509665438
1,6,0.80,0.9960701092203416
1,6,0.85,0.9953612629333886
1,6,0.90,0.9947259154114299
1,6,0.95,0.9909231043075628
1,7,0.05,0.9665576669631435
1,7,0.10,0.9872985688621184
1,7,0.15,0.9965381732909195
1,7,0.20,0.9964714493790648
1,7,0.25,0.9980283718090518
1,7,0.30,0.9972137818295173
1,7,0.35,0.9979867094524097
1,7,0.40,0.9967374031239898
1,7,0.45,0.991261672050404
1,7,0.50,0.9981186892947073
1,7,0.55,0.9932959668155866
1,7,0.60,0.995728539130168
1,7,0.65,0.9920121023395578
1,7,0.70,0.9972037516656493
1,7,0.75,0.9977143050249105
1,7,0.80,0.9921353029892522
1,7,0.85,0.9959549821909938
1,7,0.90,0.9975858388314892
1,7,0.95,0.9948918177084117
1,8,0.05,0.9856066648754535
1,8,0.10,0.9926458068445765
1,8,0.15,0.9964465458399557
1,8,0.20,0.9970539069374031
1,8,0.25,0.9982774052733431
1,8,0.30,0.997516954547219
1,8,0.35,0.9976352548375111
1,8,0.40,0.9948821252906603
1,8,0.45,0.997842508891268
1,8,0.50,0.9976849135257655
1,8,0.55,0.9943884338796743
1,8,0.60,0.992673171622944
1,8,0.65,0.994116191959329
1,8,0.70,0.9955921670827662
1,8,0.75,0.9959830515606299
1,8,0.80,0.9951648085881049
1,8,0.85,0.9970970666944329
1,8,0.90,0.9982035912985072
1,8,0.95,0.995350577704356
1,9,0.05,0.9555097212166777
1,9,0.10,0.9858420617445093
1,9,0.15,0.9970688661123741
1,9,0.20,0.9963299340649151
1,9,0.25,0.996623530578702
1,9,0.30,0.9979706544286364
1,9,0.35,0.9970083673362982
1,9,0.40,0.9977511104844193
1,9,0.45,0.9979566521927332
1,9,0.50,0.9919474656207669
1,9,0.55,0.9966155899080833
1,9,0.60,0.9956149900444617
1,9,0.65,0.9978441722814239
1,9,0.70,0.995364218999984
1,9,0.75,0.9958171535345098
1,9,0.80,0.9941098283024005
1,9,0.85,0.9943871467480943
1,9,0.90,0.9978559882289492
1,9,0.95,0.9979394017609741
2,0,0.05,0.9567453459204954
2,0,0.10,0.9913317991004823
2,0,0.15,0.9912930979809172
2,0,0.20,0.9967083813798833
2,0,0.25,0.9907399479805519
2,0,0.30,0.99603123799605
2,0,0.35,0.9976520767008152
2,0,0.40,0.9971234553399387
2,0,0.45,0.9983350767620583
2,0,0.50,0.9971335845349811
2,0,0.55,0.9956978832863744
2,0,0.60,0.9981105539335393
2,0,0.65,0.9980140089081678
2,0,0.70,0.9960459297454533
2,0,0.75,0.9981704877100124
2,0,0.80,0.9976008137717104
2,0,0.85,0.9960127782731338
2,0,0.90,0.9955204871801954
2,0,0.95,0.9952114750831489
2,1,0.05,0.9472107938151115
2,1,0.10,0.9909061186515493
2,1,0.15,0.9938299225475514
2,1,0.20,0.9950381532219137
2,1,0.25,0.9945097496711729
2,1,0.30,0.9946892610843221
2,1,0.35,0.994440591769632
2,1,0.40,0.9982184596821204
2,1,0.45,0.9938056905636619
2,1,0.50,0.9944160811616414
2,1,0.55,0.9901550165859953
2,1,0.60,0.9913465564373536
2,1,0.65,0.9948726976466736
2,1,0.70,0.998228228893013
2,1,0.75,0.9955474950618468
2,1,0.80,0.9941119153674715
2,1,0.85,0.9978230461027051
2,1,0.90,0.9974892212587262
2,1,0.95,0.9936616190554382
2,2,0.05,0.9783903037405876
2,2,0.10,0.9976638981545072
2,2,0.15,0.9919687353712222
2,2,0.20,0.9896245619440605
2,2,0.25,0.9948677209977388
2,2,0.30,0.9942794353202414
2,2,0.35,0.990331683729758
2,2,0.40,0.9946739380552305
2,2,0.45,0.9981415725286907
2,2,0.50,0.9978592878848136
2,2,0.55,0.9978768477858962
2,2,0.60,0.9948744838124233
2,2,0.65,0.9934363657996312
2,2,0.70,0.9982072424569094
2,2,0.75,0.9975906200015444
2,2,0.80,0.9961038867270021
2,2,0.85,0.9941589816154297
2,2,0.90,0.9932134676503752
2,2,0.95,0.9979085074137805
2,3,0.05,0.9689315365644425
2,3,0.10,0.9913498577535867
2,3,0.15,0.9976319685246897
2,3,0.20,0.9974502467315719
2,3,0.25,0.9971203415819391
2,3,0.30,0.9906927940412101
2,3,0.35,0.9947192764506212
2,3,0.40,0.9976400684771972
2,3,0.45,0.994242092268928
2,3,0.50,0.9973701729768893
2,3,0.55,0.9978056349503449
2,3,0.60,0.9979415719491487
2,3,0.65,0.9975195810759893
2,3,0.70,0.9980835818908752
2,3,0.75,0.9975245643902123
2,3,0.80,0.9957389537798714
2,3,0.85,0.9914706753530721
2,3,0.90,0.9908989573040163
2,3,0.95,0.9956196539175772
2,4,0.05,0.9809598572296613
2,4,0.10,0.9933949338087893
2,4,0.15,0.9909550460431755
2,4,0.20,0.9975631746428272
2,4,0.25,0.993538480888767
2,4,0.30,0.995725402026193
2,4,0.35,0.9979310499356822
2,4,0.40,0.993771521101755
2,4,0.45,0.9950662466362803
2,4,0.50,0.9970695451966145
2,4,0.55,0.997634792501065
2,4,0.60,0.9917896257817286
2,4,0.65,0.9954392742631956
2,4,0.70,0.9966230784078932
2,4,0.75,0.9978935389457692
2,4,0.80,0.9976004539213247
2,4,0.85,0.9980059012486598
2,4,0.90,0.9935642295425418
2,4,0.95,0.9948394159543614
2,5,0.05,0.974140029456784
2,5,0.10,0.9905726735120497
2,5,0.15,0.9947683214678972
2,5,0.20,0.9954061301757248
2,5,0.25,0.9900503226092334
2,5,0.30,0.9952087317338854
2,5,0.35,0.9949017268731558
2,5,0.40,0.9956337443190293
2,5,0.45,0.9942016167148493
2,5,0.50,0.9949371391120544
2,5,0.55,0.9955516963982336
2,5,0.60,0.9975415885095335
2,5,0.65,0.9975787051612872
2,5,0.70,0.9979568590047797
2,5,0.75,0.994842591969925
2,5,0.80,0.9915764903518954
2,5,0.85,0.9973742009316087
2,5,0.90,0.9907501048800166
2,5,0.95,0.9957401597509004
2,6,0.05,0.9710057236857478
2,6,0.10,0.9925939205359486
2,6,0.15,0.9898692352719144
2,6,0.20,0.9960106501950886
2,6,0.25,0.9921616630687087
2,6,0.30,0.9908688819197445
2,6,0.35,0.997012590097372
2,6,0.40,0.9914415110438194
2,6,0.45,0.9905340965582081
2,6,0.50,0.9980267427557244
2,6,0.55,0.9976443603246404
2,6,0.60,0.9940974331927792
2,6,0.65,0.9923570774377513
2,6,0.70,0.9975554031999793
2,6,0.75,0.9962576538591541
2,6,0.80,0.9982882821029864
2,6,0.85,0.9951107109859686
2,6,0.90,0.9955304532285538
2,6,0.95,0.9980059647657654
2,7,0.05,0.9742063895341001
2,7,0.10,0.9945045154238566
2,7,0.15,0.9949257137190718
2,7,0.20,0.9923400376896311
2,7,0.25,0.9958063187144351
2,7,0.30,0.9951472448523719
2,7,0.35,0.996539469968546
2,7,0.40,0.9976612101508345
2,7,0.45,0.9962029945334663
2,7,0.50,0.9955824034381339
2,7,0.55,0.9973409110970366
2,7,0.60,0.9949316721803558
2,7,0.65,0.9953243142841374
2,7,0.70,0.9979476001420982
2,7,0.75,0.9979130495913371
2,7,0.80,0.9966414204922058
2,7,0.85,0.9946242746039531
2,7,0.90,0.9978253579618547
2,7,0.95,0.99784955210655
2,8,0.05,0.9486890080602716
2,8,0.10,0.9936778270350984
2,8,0.15,0.996940498106504
2,8,0.20,0.9971819242290564
2,8,0.25,0.9917787487078893
2,8,0.30,0.9917764286008791
2,8,0.35,0.997251876840994
2,8,0.40,0.993326080617934
2,8,0.45,0.9980285947645039
2,8,0.50,0.995147173453045
2,8,0.55,0.9953551369700295
2,8,0.60,0.9920726607132452
2,8,0.65,0.9970933179367301
2,8,0.70,0.9977822299977902
2,8,0.75,0.9959903801765565
2,8,0.80,0.9978728216796905
2,8,0.85,0.9954154641756526
2,8,0.90,0.9955758762552476
2,8,0.95,0.9961780164093259
2,9,0.05,0.9886515701773896
2,9,0.10,0.9935424018820629
2,9,0.15,0.9935207901413461
2,9,0.20,0.994529801232806
2,9,0.25,0.9977991012648395
2,9,0.30,0.9948782160736391
2,9,0.35,0.997782442880762
2,9,0.40,0.9978347876814535
2,9,0.45,0.9955408209543225
2,9,0.50,0.9977672769727813
2,9,0.55,0.997436575085555
2,9,0.60,0.9960612870997879
2,9,0.65,0.9956212416327238
2,9,0.70,0.9958929667130908
2,9,0.75,0.9982988481097672
2,9,0.80,0.997362163470472
2,9,0.85,0.9954771624311729
2,9,0.90,0.9916298960507146
2,9,0.95,0.9959990597521751
3,0,0.05,0.9838404818970801
3,0,0.10,0.9917127652160903
3,0,0.15,0.9965266990257291
3,0,0.20,0.9975327100245313
3,0,0.25,0.9973752247245216
3,0,0.30,0.9980630907254661
3,0,0.35,0.9978031359008528
3,0,0.40,0.9914682537199023
3,0,0.45,0.9974979019216842
3,0,0.50,0.9948630971146586
3,0,0.55,0.9944408285595279
3,0,0.60,0.9958868124358712
3,0,0.65,0.9954659071807999
3,0,0.70,0.9980658378540803
3,0,0.75,0.994818381838198
3,0,0.80,0.9896111612273477
3,0,0.85,0.9957749808948875
3,0,0.90,0.9958233612500633
3,0,0.95,0.9979510494856663
3,1,0.05,0.9797688668997765
3,1,0.10,0.9905502980676759
3,1,0.15,0.9972791376163922
3,1,0.20,0.9972851157946415
3,1,0.25,0.9978872388264577
3,1,0.30,0.9952558865399056
3,1,0.35,0.9960763175689219
3,1,0.40,0.9976042902978971
3,1,0.45,0.9977248992826471
3,1,0.50,0.9969686597459478
3,1,0.55,0.9928543092010368
3,1,0.60,0.9951167065881409
3,1,0.65,0.9979934084327269
3,1,0.70,0.995251136715621
3,1,0.75,0.9961212426269087
3,1,0.80,0.9952699365263268
3,1,0.85,0.9980686771079705
3,1,0.90,0.9979337753075187
3,1,0.95,0.9923692067913096
3,2,0.05,0.9666713722370193
3,2,0.10,0.9943503674857721
3,2,0.15,0.9955784890706159
3,2,0.20,0.9977975660354389
3,2,0.25,0.9980510452491356
3,2,0.30,0.9978511044755431
3,2,0.35,0.9923820070846803
3,2,0.40,0.9976244726433541
3,2,0.45,0.9979215830717448
3,2,0.50,0.9980657039976828
3,2,0.55,0.9959186148191124
3,2,0.60,0.9975220138752425
3,2,0.65,0.9956682865532619
3,2,0.70,0.9946284507415889
3,2,0.75,0.9951779247321949
3,2,0.80,0.9977586538665949
3,2,0.85,0.9955524754824918
3,2,0.90,0.9959463756487932
3,2,0.95,0.9971159566801158
3,3,0.05,0.9745265167039477
3,3,0.10,0.9905560463665408
3,3,0.15,0.9961595906874057
3,3,0.20,0.9966923118997246
3,3,0.25,0.9966122941458523
3,3,0.30,0.9955316649258983
3,3,0.35,0.9937669202559539
3,3,0.40,0.9981957953791795
3,3,0.45,0.9952286291869128
3,3,0.50,0.9936246611758998
3,3,0.55,0.9949650409253716
3,3,0.60,0.9955852483138383
3,3,0.65,0.9955502054195242
3,3,0.70,0.9973639863675892
3,3,0.75,0.9956190909255256
3,3,0.80,0.9972919399463066
3,3,0.85,0.9957239452202565
3,3,0.90,0.9953198119918472
3,3,0.95,0.9977289126701917
3,4,0.05,0.9740786407595572
3,4,0.10,0.9933839522465278
3,4,0.15,0.996692135964978
3,4,0.20,0.9966128613027619
3,4,0.25,0.9924186944967581
3,4,0.30,0.9976822041882477
3,4,0.35,0.9975804363979937
3,4,0.40,0.9973301419650367
3,4,0.45,0.994268472473634
3,4,0.50,0.9951168821560775
3,4,0.55,0.9915494722647149
3,4,0.60,0.9954934594144118
3,4,0.65,0.9943074864241744
3,4,0.70,0.9926836667275208
3,4,0.75,0.9975443802330398
3,4,0.80,0.9954587455316666
3,4,0.85,0.9977203257947316
3,4,0.90,0.9977847786317043
3,4,0.95,0.9932829959884713
3,5,0.05,0.9905973470215114
3,5,0.10,0.9955922349186185
3,5,0.15,0.9897010751878436
3,5,0.20,0.9961414391043175
3,5,0.25,0.9974541876114082
3,5,0.30,0.996250996602128
3,5,0.35,0.9980410525854241
3,5,0.40,0.9976019599091578
3,5,0.45,0.9976790749374876
3,5,0.50,0.9957326827982222
3,5,0.55,0.9955390815021589
3,5,0.60,0.992595516115384
3,5,0.65,0.9974657304975664
3,5,0.70,0.9953152393486087
3,5,0.75,0.9976278103222243
3,5,0.80,0.9976942195882565
3,5,0.85,0.9977870036968549
3,5,0.90,0.9922854533785684
3,5,0.95,0.99773423355805
3,6,0.05,0.9885018002645007
3,6,0.10,0.9976212143696124
3,6,0.15,0.9972364621582445
3,6,0.20,0.9942871161707661
3,6,0.25,0.99702385772242
3,6,0.30,0.998068926549794
3,6,0.35,0.995682776527345
3,6,0.40,0.9966995781045841
3,6,0.45,0.9958381540693422
3,6,0.50,0.9944592045217686
3,6,0.55,0.9902197147354692
3,6,0.60,0.9954001826704538
3,6,0.65,0.9979930849163492
3,6,0.70,0.9952081792783155
3,6,0.75,0.9949506808048957
3,6,0.80,0.9982181383816668
3,6,0.85,0.9954452029002815
3,6,0.90,0.9917037777789771
3,6,0.95,0.9899989585918961
3,7,0.05,0.9879254497370288
3,7,0.10,0.9915723888184994
3,7,0.15,0.995327757169448
3,7,0.20,0.9981798580312099
3,7,0.25,0.9952840589036747
3,7,0.30,0.9977976732688218
3,7,0.35,0.9946118057599586
3,7,0.40,0.9943293818319872
3,7,0.45,0.9977789871978089
3,7,0.50,0.9943770313015693
3,7,0.55,0.9973399859285094
3,7,0.60,0.9928454257799918
3,7,0.65,0.9975579367219481
3,7,0.70,0.9954843089729029
3,7,0.75,0.9955154559647038
3,7,0.80,0.9972737005201655
3,7,0.85,0.9982217952692263
3,7,0.90,0.9979705776711331
3,7,0.95,0.994903843608703
3,8,0.05,0.9952276831196127
3,8,0.10,0.9954581530216668
3,8,0.15,0.9930601220008382
3,8,0.20,0.9964018998611082
3,8,0.25,0.9979220051491942
3,8,0.30,0.9983015217397493
3,8,0.35,0.9976552139553216
3,8,0.40,0.997049078038027
3,8,0.45,0.9948622585769711
3,8,0.50,0.9934885251605552
3,8,0.55,0.9975718297864699
3,8,0.60,0.9921281762309545
3,8,0.65,0.9953773120735893
3,8,0.70,0.9948252953659762
3,8,0.75,0.9950494084893989
3,8,0.80,0.9957394777322325
3,8,0.85,0.9951115302850289
3,8,0.90,0.9969966724664377
3,8,0.95,0.9932222342953738
3,9,0.05,0.987233380795301
3,9,0.10,0.995163837761815
3,9,0.15,0.9950911312216425
3,9,0.20,0.9966327988535619
3,9,0.25,0.9984405460788448
3,9,0.30,0.9961151185945458
3,9,0.35,0.9977136076475276
3,9,0.40,0.9894737563702843
3,9,0.45,0.994857803077059
3,9,0.50,0.9971056175100721
3,9,0.55,0.9979243165370507
3,9,0.60,0.9954805430858517
3,9,0.65,0.9979026064359633
3,9,0.70,0.9921838304673621
3,9,0.75,0.9978297238219208
3,9,0.80,0.9956391093102428
3,9,0.85,0.995717252582407
3,9,0.90,0.9980061093593016
3,9,0.95,0.9947689669653096
4,0,0.05,0.9673785885570126
4,0,0.10,0.9903544724160938
4,0,0.15,0.9964273497454061
4,0,0.20,0.9966644362729145
4,0,0.25,0.9975970359632479
4,0,0.30,0.9979845156398885
4,0,0.35,0.997838360382683
4,0,0.40,0.9941890277635607
4,0,0.45,0.9979514675716321
4,0,0.50,0.9982414406861447
4,0,0.55,0.9962024080952909
4,0,0.60,0.9972518071643188
4,0,0.65,0.9975525635519917
4,0,0.70,0.9982189974538093
4,0,0.75,0.9953003150325398
4,0,0.80,0.9922307678763462
4,0,0.85,0.995680080268347
4,0,0.90,0.9921339232001448
4,0,0.95,0.997287494654158
4,1,0.05,0.963679797831072
4,1,0.10,0.987009342395414
4,1,0.15,0.9970685441130722
4,1,0.20,0.9963388426268481
4,1,0.25,0.9945834866328621
4,1,0.30,0.9971429564612831
4,1,0.35,0.9978732349595636
4,1,0.40,0.9951168955427654
4,1,0.45,0.9981307388300675
4,1,0.50,0.9967201655777329
4,1,0.55,0.9932658350258239
4,1,0.60,0.9979582695726527
4,1,0.65,0.9975859956230502
4,1,0.70,0.9978319265398814
4,1,0.75,0.9950274450235946
4,1,0.80,0.9907217282547035
4,1,0.85,0.9981981342069748
4,1,0.90,0.9956780949778553
4,1,0.95,0.9977066762463875
4,2,0.05,0.9700337310521727
4,2,0.10,0.9957076607563795
4,2,0.15,0.9933090869010662
4,2,0.20,0.9966338992127963
4,2,0.25,0.9972186700186915
4,2,0.30,0.9952755237938553
4,2,0.35,0.9970491930041236
4,2,0.40,0.9972625251613343
4,2,0.45,0.994915063415298
4,2,0.50,0.9922762282865973
4,2,0.55,0.9974616526205482
4,2,0.60,0.9984425131483187
4,2,0.65,0.9973995045435308
4,2,0.70,0.9975606277643914
4,2,0.75,0.9981530304942665
4,2,0.80,0.9982246763993093
4,2,0.85,0.9980071213985493
4,2,0.90,0.9950514206752912
4,2,0.95,0.9975946334681095
4,3,0.05,0.9892820983019319
4,3,0.10,0.9942518582417231
4,3,0.15,0.9940661900141343
4,3,0.20,0.9972907319774436
4,3,0.25,0.997395051406673
4,3,0.30,0.9954731775900597
4,3,0.35,0.9978606864998155
4,3,0.40,0.997035400274188
4,3,0.45,0.9963665056225423
4,3,0.50,0.9932484600210356
4,3,0.55,0.9981317928732009
4,3,0.60,0.9975385051456265
4,3,0.65,0.9976857831754707
4,3,0.70,0.997919525366994
4,3,0.75,0.9924376796347111
4,3,0.80,0.9928807065635059
4,3,0.85,0.9977968390234797
4,3,0.90,0.9945942079473087
4,3,0.95,0.9953015182227589
4,4,0.05,0.9266835581296224
4,4,0.10,0.9944606349585379
4,4,0.15,0.9895292324182483
4,4,0.20,0.9972042922284177
4,4,0.25,0.9974798754817491
4,4,0.30,0.9970023077430032
4,4,0.35,0.9918767658520071
4,4,0.40,0.9978944065493318
4,4,0.45,0.9971257398840463
4,4,0.50,0.996927136107197
4,4,0.55,0.9919060187389925
4,4,0.60,0.9969536982147222
4,4,0.65,0.9980200258529548
4,4,0.70,0.9947106808467372
4,4,0.75,0.9980216023641443
4,4,0.80,0.9976703107754588
4,4,0.85,0.9946527124334396
4,4,0.90,0.9937016565411452
4,4,0.95,0.9978807542370872
4,5,0.05,0.9877693679578895
4,5,0.10,0.9956687120525038
4,5,0.15,0.9963844809127838
4,5,0.20,0.9898574327896215
4,5,0.25,0.9953214526371509
4,5,0.30,0.997234675247366
4,5,0.35,0.9932661844061976
4,5,0.40,0.9981511083184635
4,5,0.45,0.9977482009486242
4,5,0.50,0.998033916117239
4,5,0.55,0.997764962071981
4,5,0.60,0.997618298490166
4,5,0.65,0.9975093742872471
4,5,0.70,0.9979284494712587
4,5,0.75,0.9977003957180614
4,5,0.80,0.9975784089819267
4,5,0.85,0.9958691784862896
4,5,0.90,0.9936101413327398
4,5,0.95,0.9983547805525321
4,6,0.05,0.9641295485201727
4,6,0.10,0.9949055575941614
4,6,0.15,0.9900864813787049
4,6,0.20,0.9955153252722349
4,6,0.25,0.9969961985345233
4,6,0.30,0.9971967796533114
4,6,0.35,0.995823392768566
4,6,0.40,0.9972331717879915
4,6,0.45,0.9969663003993164
4,6,0.50,0.9918891162119144
4,6,0.55,0.9977795714098653
4,6,0.60,0.9959759847870644
4,6,0.65,0.9974400671344401
4,6,0.70,0.9958555434327084
4,6,0.75,0.9982574918141779
4,6,0.80,0.9953220358473025
4,6,0.85,0.9949735371000556
4,6,0.90,0.9958700156718275
4,6,0.95,0.9959587589838718
4,7,0.05,0.9684946684629122
4,7,0.10,0.9918145746202064
4,7,0.15,0.9970181225676139
4,7,0.20,0.9970970856587532
4,7,0.25,0.9972252505443949
4,7,0.30,0.9976843117091349
4,7,0.35,0.9937173789522626
4,7,0.40,0.9929404624549254
4,7,0.45,0.9979703744041947
4,7,0.50,0.9974592842604836
4,7,0.55,0.9972562759834858
4,7,0.60,0.9972752289241326
4,7,0.65,0.9952209316846025
4,7,0.70,0.9948871770349698
4,7,0.75,0.9954247344708667
4,7,0.80,0.9948814870352422
4,7,0.85,0.9960430170275476
4,7,0.90,0.9973768528197683
4,7,0.95,0.9972807474787913
4,8,0.05,0.9881437858059782
4,8,0.10,0.9936375501612994
4,8,0.15,0.9967860745602867
4,8,0.20,0.994788556080605
4,8,0.25,0.9975162970776444
4,8,0.30,0.9950338930732106
4,8,0.35,0.9972558445802202
4,8,0.40,0.9980988601719647
4,8,0.45,0.9973653197693269
4,8,0.50,0.9977695582155414
4,8,0.55,0.9970741518168583
4,8,0.60,0.9978851248284545
4,8,0.65,0.9972304274064573
4,8,0.70,0.9944482292218911
4,8,0.75,0.9980559704557936
4,8,0.80,0.9974020335884373
4,8,0.85,0.9976361637786636
4,8,0.90,0.9950190911781603
4,8,0.95,0.9973976525689342
4,9,0.05,0.9701935067551339
4,9,0.10,0.9951349845629807
4,9,0.15,0.9958886776473557
4,9,0.20,0.9964933468998906
4,9,0.25,0.9968667217647723
4,9,0.30,0.9976707367689295
4,9,0.35,0.9963103988043016
4,9,0.40,0.9981489118807446
4,9,0.45,0.9969688111575942
4,9,0.50,0.9932406622650506
4,9,0.55,0.9947247063505801
4,9,0.60,0.9979225135736632
4,9,0.65,0.9976798753395263
4,9,0.70,0.9980692153173651
4,9,0.75,0.9915994435434313
4,9,0.80,0.9912466807627861
4,9,0.85,0.9962637049090607
4,9,0.90,0.9981554823670293
4,9,0.95,0.9952666097481879
5,0,0.05,0.9791547515539303
5,0,0.10,0.9913500916922547
5,0,0.15,0.9941001031545758
5,0,0.20,0.9937696009174749
5,0,0.25,0.99765091925124
5,0,0.30,0.9950737209670655
5,0,0.35,0.997495587100222
5,0,0.40,0.9938467928630225
5,0,0.45,0.9976151477676185
5,0,0.50,0.9940356057543295
5,0,0.55,0.995182452920452
5,0,0.60,0.9949902191279825
5,0,0.65,0.9950836576628049
5,0,0.70,0.9972458090895066
5,0,0.75,0.9903054068412346
5,0,0.80,0.9938555061158646
5,0,0.85,0.9953132868451197
5,0,0.90,0.995240333598641
5,0,0.95,0.996048804711292
5,1,0.05,0.9903912151250511
5,1,0.10,0.9892900341704589
5,1,0.15,0.9917417594775685
5,1,0.20,0.9941917566777342
5,1,0.25,0.9940323065337081
5,1,0.30,0.995203977989625
5,1,0.35,0.9972621487843315
5,1,0.40,0.9949597362670447
5,1,0.45,0.9946421727996265
5,1,0.50,0.9968334739222406
5,1,0.55,0.9947605527334852
5,1,0.60,0.9952359206884394
5,1,0.65,0.9947585332976869
5,1,0.70,0.9970741251588133
5,1,0.75,0.9967355918678596
5,1,0.80,0.9978071178593696
5,1,0.85,0.9977768306376519
5,1,0.90,0.9970810032939236
5,1,0.95,0.9958470890261268
5,2,0.05,0.9816199598231686
5,2,0.10,0.9909102567328308
5,2,0.15,0.9945219187832927
5,2,0.20,0.99406143439636
5,2,0.25,0.9945583025380423
5,2,0.30,0.994433151957834
5,2,0.35,0.9953512848879921
5,2,0.40,0.9933108321338647
5,2,0.45,0.9939112278351175
5,2,0.50,0.9976865297096356
5,2,0.55,0.9962286241807777
5,2,0.60,0.9945457880106384
5,2,0.65,0.9934628657268695
5,2,0.70,0.995263046786659
5,2,0.75,0.9974014142523574
5,2,0.80,0.9928902760880671
5,2,0.85,0.9965969418945803
5,2,0.90,0.9968778838057252
5,2,0.95,0.9939074504582781
5,3,0.05,0.9309951327233548
5,3,0.10,0.9920951312843691
5,3,0.15,0.9924496283598901
5,3,0.20,0.9976595534296779
5,3,0.25,0.9910614551313505
5,3,0.30,0.9964697640876615
5,3,0.35,0.9976803768047919
5,3,0.40,0.9956950819759651
5,3,0.45,0.9974207501766591
5,3,0.50,0.9949275525941125
5,3,0.55,0.9948916562606872
5,3,0.60,0.9942803992055933
5,3,0.65,0.9907491391258101
5,3,0.70,0.9975449197838044
5,3,0.75,0.997800867542367
5,3,0.80,0.9978519493513228
5,3,0.85,0.9958515739592724
5,3,0.90,0.9972265988681932
5,3,0.95,0.9976530513319147
5,4,0.05,0.9870790296987532
5,4,0.10,0.9903689033144921
5,4,0.15,0.9912156090550058
5,4,0.20,0.9945749284919625
5,4,0.25,0.9951396946275299
5,4,0.30,0.9975408943358643
5,4,0.35,0.9974829335277592
5,4,0.40,0.9919985613492326
5,4,0.45,0.9941337462631045
5,4,0.50,0.9939892896565647
5,4,0.55,0.9982070333346295
5,4,0.60,0.9961893187569524
5,4,0.65,0.9982187539925548
5,4,0.70,0.9919325131451572
5,4,0.75,0.9978831627563688
5,4,0.80,0.9945232653448853
5,4,0.85,0.9962050935862399
5,4,0.90,0.9958846504982123
5,4,0.95,0.9975987979856312
5,5,0.05,0.9875966011310482
5,5,0.10,0.9910626652430451
5,5,0.15,0.9908884711587604
5,5,0.20,0.994451300809096
5,5,0.25,0.9970071363326276
5,5,0.30,0.9978956737923714
5,5,0.35,0.995489331862194
5,5,0.40,0.9911007576131291
5,5,0.45,0.9974966435922111
5,5,0.50,0.9971932213804142
5,5,0.55,0.9962678360282163
5,5,0.60,0.9929847696160485
5,5,0.65,0.9929652803775737
5,5,0.70,0.9944370171766912
5,5,0.75,0.9983675509368263
5,5,0.80,0.9916286686433999
5,5,0.85,0.9971032772323427
5,5,0.90,0.9953036923248788
5,5,0.95,0.9944437327697714
5,6,0.05,0.9606764089649861
5,6,0.10,0.9968081255915072
5,6,0.15,0.990483983294943
5,6,0.20,0.9973453624365821
5,6,0.25,0.9970738635168769
5,6,0.30,0.9972852237520116
5,6,0.35,0.9979115293619547
5,6,0.40,0.997759283699222
5,6,0.45,0.9946827743232264
5,6,0.50,0.9957627980782521
5,6,0.55,0.9946664566169865
5,6,0.60,0.9949582314412095
5,6,0.65,0.9919300233400363
5,6,0.70,0.9955738300883146
5,6,0.75,0.9913708601708295
5,6,0.80,0.9940847281964839
5,6,0.85,0.99011093658203
5,6,0.90,0.9949813406137636
5,6,0.95,0.9974898961075619
5,7,0.05,0.9408660079202522
5,7,0.10,0.9958631270931914
5,7,0.15,0.9960237074759288
5,7,0.20,0.9976170807408236
5,7,0.25,0.9962793509391968
5,7,0.30,0.9924387487930162
5,7,0.35,0.9972679820148066
5,7,0.40,0.9970761345485443
5,7,0.45,0.9955723478773653
5,7,0.50,0.997613601922346
5,7,0.55,0.9980868153016358
5,7,0.60,0.9973142889105714
5,7,0.65,0.9945897191860946
5,7,0.70,0.9920839510476623
5,7,0.75,0.9938964640484313
5,7,0.80,0.9922638592246682
5,7,0.85,0.9978438351871074
5,7,0.90,0.9958491434378979
5,7,0.95,0.9922481754464295
5,8,0.05,0.9618450390280829
5,8,0.10,0.9954749726419955
5,8,0.15,0.9949261883468389
5,8,0.20,0.9941673461285947
5,8,0.25,0.9973992622020135
5,8,0.30,0.9956889396968827
5,8,0.35,0.9967810897337016
5,8,0.40,0.9968688629721865
5,8,0.45,0.9974343067882663
5,8,0.50,0.9952493035626467
5,8,0.55,0.9954231759795271
5,8,0.60,0.9979583202143711
5,8,0.65,0.99551846303454
5,8,0.70,0.9953901512871881
5,8,0.75,0.9973895564798269
5,8,0.80,0.9946676901307717
5,8,0.85,0.9960046486427196
5,8,0.90,0.9980944644343833
5,8,0.95,0.9952052789598498
5,9,0.05,0.9813990134086352
5,9,0.10,0.9866911977039029
5,9,0.15,0.9939509489731073
5,9,0.20,0.9945455237676994
5,9,0.25,0.995245066676409
5,9,0.30,0.9980712015269283
5,9,0.35,0.9974304767647159
5,9,0.40,0.9978041271339256
5,9,0.45,0.9954791734866733
5,9,0.50,0.9970475744494397
5,9,0.55,0.9969112757391833
5,9,0.60,0.9918693264640165
5,9,0.65,0.9970951797569216
5,9,0.70,0.9974469561500588
5,9,0.75,0.9948404375416607
5,9,0.80,0.9953743141978725
5,9,0.85,0.9974319884664208
5,9,0.90,0.9955803375110502
5,9,0.95,0.9981658045032774
6,0,0.05,0.9522218907721902
6,0,0.10,0.9919855016867005
6,0,0.15,0.9946397741934855
6,0,0.20,0.994888931798526
6,0,0.25,0.9917779989357707
6,0,0.30,0.9974457062046714
6,0,0.35,0.9956141300321617
6,0,0.40,0.9972311783100678
6,0,0.45,0.996055801593882
6,0,0.50,0.9953229420364
6,0,0.55,0.9929994067653662
6,0,0.60,0.9960268168142946
6,0,0.65,0.9957931618450802
6,0,0.70,0.9954966960627718
6,0,0.75,0.9964173312051231
6,0,0.80,0.9975634954952752
6,0,0.85,0.9949551444389406
6,0,0.90,0.9951726520226765
6,0,0.95,0.997546093896083
6,1,0.05,0.9504562652784511
6,1,0.10,0.9968696464003114
6,1,0.15,0.9980098445585873
6,1,0.20,0.9980566640297658
6,1,0.25,0.995590134207964
6,1,0.30,0.9938569240691527
6,1,0.35,0.9979163223084428
6,1,0.40,0.9952869637175319
6,1,0.45,0.9956850375342129
6,1,0.50,0.9944332519670572
6,1,0.55,0.9978171957917559
6,1,0.60,0.9953362606163539
6,1,0.65,0.997798307276633
6,1,0.70,0.9974533217299564
6,1,0.75,0.9919832318342972
6,1,0.80,0.9916465211857384
6,1,0.85,0.9982147098107627
6,1,0.90,0.9923732851161504
6,1,0.95,0.9980153381095103
6,2,0.05,0.9822201346465607
6,2,0.10,0.9928188465914114
6,2,0.15,0.9951677679215296
6,2,0.20,0.9971850879482153
6,2,0.25,0.9976828147966209
6,2,0.30,0.9958081120638668
6,2,0.35,0.9979524772111442
6,2,0.40,0.9971873613619325
6,2,0.45,0.9944152383760708
6,2,0.50,0.9978720887586382
6,2,0.55,0.9979583370514711
6,2,0.60,0.9976912016747879
6,2,0.65,0.995407891425968
6,2,0.70,0.9979272133882703
6,2,0.75,0.9971030117356325
6,2,0.80,0.9953513034344206
6,2,0.85,0.9956411829592522
6,2,0.90,0.9957121413742306
6,2,0.95,0.9973678412299949
6,3,0.05,0.9917914010593466
6,3,0.10,0.9929399761086207
6,3,0.15,0.997587284357058
6,3,0.20,0.9979134832010284
6,3,0.25,0.9976297616818659
6,3,0.30,0.996767015890601
6,3,0.35,0.9979355821404705
6,3,0.40,0.9953003370953125
6,3,0.45,0.9980049463836047
6,3,0.50,0.9982843177772482
6,3,0.55,0.9944436263776403
6,3,0.60,0.9972303947443268
6,3,0.65,0.9957124291703845
6,3,0.70,0.9944147199849668
6,3,0.75,0.9969364536767186
6,3,0.80,0.9958044797855087
6,3,0.85,0.9949068360645709
6,3,0.90,0.9931828256458581
6,3,0.95,0.99762125222771
6,4,0.05,0.9556814957852682
6,4,0.10,0.99447403163378
6,4,0.15,0.9960799681949777
6,4,0.20,0.9962600247977053
6,4,0.25,0.9958683653182727
6,4,0.30,0.995282010163934
6,4,0.35,0.996903705625773
6,4,0.40,0.994923978193717
6,4,0.45,0.9946810341405601
6,4,0.50,0.9982425195781941
6,4,0.55,0.9904851596059999
6,4,0.60,0.9983483720596823
6,4,0.65,0.9981253146069087
6,4,0.70,0.9930867403850832
6,4,0.75,0.9979117809754967
6,4,0.80,0.9918400762639507
6,4,0.85,0.9962505643014251
6,4,0.90,0.9953173226626982
6,4,0.95,0.9981706209240817
6,5,0.05,0.9892202779554056
6,5,0.10,0.983949311531176
6,5,0.15,0.9938554506543245
6,5,0.20,0.9957667058689214
6,5,0.25,0.995468201703036
6,5,0.30,0.9958547470654606
6,5,0.35,0.991794925069291
6,5,0.40,0.9970126618702123
6,5,0.45,0.9979652913941198
6,5,0.50,0.9972104126268069
6,5,0.55,0.9970899768955912
6,5,0.60,0.9961295167564359
6,5,0.65,0.9905262570715185
6,5,0.70,0.9950955767521075
6,5,0.75,0.9916160525804527
6,5,0.80,0.9933611345529533
6,5,0.85,0.9978356676279893
6,5,0.90,0.9978314770833522
6,5,0.95,0.9952375493208981
6,6,0.05,0.9831115723771635
6,6,0.10,0.9959109116564622
6,6,0.15,0.9972140189759461
6,6,0.20,0.996070788451699
6,6,0.25,0.9937693943498407
6,6,0.30,0.9959183491395456
6,6,0.35,0.9981658827013519
6,6,0.40,0.9955240073923015
6,6,0.45,0.9973173271036919
6,6,0.50,0.9978699084267608
6,6,0.55,0.9975201212169383
6,6,0.60,0.9946890646008293
6,6,0.65,0.9958492746745247
6,6,0.70,0.9922035695087669
6,6,0.75,0.9971159511635878
6,6,0.80,0.995155073412082
6,6,0.85,0.9921514072058749
6,6,0.90,0.9977115845353042
6,6,0.95,0.9978154099396894
6,7,0.05,0.9844146255535425
6,7,0.10,0.9951563069274327
6,7,0.15,0.9955099376264093
6,7,0.20,0.994474037664819
6,7,0.25,0.9970306846719026
6,7,0.30,0.994989704951799
6,7,0.35,0.9939195159025894
6,7,0.40,0.9973923541079868
6,7,0.45,0.9950580826542393
6,7,0.50,0.9965189563681991
6,7,0.55,0.993282971436956
6,7,0.60,0.9922637349552522
6,7,0.65,0.9958687242743942
6,7,0.70,0.9980935994429582
6,7,0.75,0.996448372475799
6,7,0.80,0.9951451179820155
6,7,0.85,0.9972128732852231
6,7,0.90,0.9973307117761439
6,7,0.95,0.9935550527508843
6,8,0.05,0.9626759838367024
6,8,0.10,0.9892323934229227
6,8,0.15,0.9969127878829132
6,8,0.20,0.9944127364692276
6,8,0.25,0.9968544163557058
6,8,0.30,0.9956724182394743
6,8,0.35,0.9954995191780504
6,8,0.40,0.9910196025413949
6,8,0.45,0.9970982012282221
6,8,0.50,0.9976581647154806
6,8,0.55,0.9943756279480817
6,8,0.60,0.9960334543613454
6,8,0.65,0.9945269473248065
6,8,0.70,0.9981353555682194
6,8,0.75,0.9954299250295116
6,8,0.80,0.9954963511074816
6,8,0.85,0.9932428988829123
6,8,0.90,0.9954791818665297
6,8,0.95,0.9952704598051069
6,9,0.05,0.9668715554762071
6,9,0.10,0.9869390561101428
6,9,0.15,0.9944144856949907
6,9,0.20,0.9971782857238197
6,9,0.25,0.9945929441542878
6,9,0.30,0.9957654838749033
6,9,0.35,0.997430496835685
6,9,0.40,0.9978147768140808
6,9,0.45,0.9981715825031698
6,9,0.50,0.9978594161360065
6,9,0.55,0.9974744234567451
6,9,0.60,0.995991460360251
6,9,0.65,0.9955048630165337
6,9,0.70,0.9961587947057057
6,9,0.75,0.9959413855095384
6,9,0.80,0.9979092434028818
6,9,0.85,0.9919416059501577
6,9,0.90,0.9956575708198497
6,9,0.95,0.9914674116209282
7,0,0.05,0.9794175024519141
7,0,0.10,0.9837301995148363
7,0,0.15,0.9944748960441917
7,0,0.20,0.9923207551485219
7,0,0.25,0.9973412005969398
7,0,0.30,0.9957603248017299
7,0,0.35,0.9983263710922067
7,0,0.40,0.9978019397735918
7,0,0.45,0.9940776256571744
7,0,0.50,0.9978222554880491
7,0,0.55,0.9963980668155115
7,0,0.60,0.9906249914354274
7,0,0.65,0.9975811414134184
7,0,0.70,0.9922181549393718
7,0,0.75,0.993380182732716
7,0,0.80,0.9914042941383157
7,0,0.85,0.9979773874549756
7,0,0.90,0.994919323029192
7,0,0.95,0.9916142012610157
7,1,0.05,0.9871368436279973
7,1,0.10,0.9945532853641492
7,1,0.15,0.9866915111338254
7,1,0.20,0.995697379272274
7,1,0.25,0.9980907335062579
7,1,0.30,0.996915561995565
7,1,0.35,0.9951295854117362
7,1,0.40,0.9979326763117642
7,1,0.45,0.9953792764791453
7,1,0.50,0.995822507454574
7,1,0.55,0.996084297863094
7,1,0.60,0.9952584415892912
7,1,0.65,0.9941393442009037
7,1,0.70,0.995939221890202
7,1,0.75,0.9930229652071183
7,1,0.80,0.9938793374620185
7,1,0.85,0.9956534530663192
7,1,0.90,0.9935672771645946
7,1,0.95,0.997865788227723
7,2,0.05,0.9644044475900178
7,2,0.10,0.9972183928125551
7,2,0.15,0.9906198961285454
7,2,0.20,0.9961040117277059
7,2,0.25,0.9949877112862373
7,2,0.30,0.9979099393285534
7,2,0.35,0.9947508248274229
7,2,0.40,0.9955290848193608
7,2,0.45,0.994079502397369
7,2,0.50,0.9971632604832893
7,2,0.55,0.9948897134589284
7,2,0.60,0.9974212667304937
7,2,0.65,0.99745831874171
7,2,0.70,0.9914383435912478
7,2,0.75,0.9932925625415246
7,2,0.80,0.9930013275185311
7,2,0.85,0.9974549476813938
7,2,0.90,0.9946439924035159
7,2,0.95,0.9979515435411431
7,3,0.05,0.9620985163767318
7,3,0.10,0.9933309771782884
7,3,0.15,0.9930443844928077
7,3,0.20,0.9946100339912509
7,3,0.25,0.995311906158779
7,3,0.30,0.9974102170440006
7,3,0.35,0.9974278680203634
7,3,0.40,0.9972972523817383
7,3,0.45,0.9973667909630585
7,3,0.50,0.9978393679696868
7,3,0.55,0.99632524246025
7,3,0.60,0.9974263705635303
7,3,0.65,0.992758015511952
7,3,0.70,0.9949789187150513
7,3,0.75,0.9975711801963029
7,3,0.80,0.997432531737216
7,3,0.85,0.9921107236746151
7,3,0.90,0.9979471189908398
7,3,0.95,0.9916766768997076
7,4,0.05,0.9777046724514452
7,4,0.10,0.9932589449806344
7,4,0.15,0.9922908591063927
7,4,0.20,0.9961417773009195
7,4,0.25,0.9971711538827877
7,4,0.30,0.9953869002148599
7,4,0.35,0.9925946457503572
7,4,0.40,0.9928417966349973
7,4,0.45,0.9949040080677984
7,4,0.50,0.9964764721520974
7,4,0.55,0.9984940612031549
7,4,0.60,0.9981364869301782
7,4,0.65,0.9975906141192219
7,4,0.70,0.9954443344999063
7,4,0.75,0.9973370375382528
7,4,0.80,0.9947795207033603
7,4,0.85,0.9977597205951232
7,4,0.90,0.9976076849760732
7,4,0.95,0.9974055708941558
7,5,0.05,0.9890420748355253
7,5,0.10,0.9945736369198567
7,5,0.15,0.9962429234218694
7,5,0.20,0.9968959699193795
7,5,0.25,0.9963956280751208
7,5,0.30,0.9947453070057619
7,5,0.35,0.9962222483593128
7,5,0.40,0.9983242915813203
7,5,0.45,0.9960197378081527
7,5,0.50,0.9969409087684904
7,5,0.55,0.9956043462198425
7,5,0.60,0.9959148114151573
7,5,0.65,0.9966250020996771
7,5,0.70,0.9933791506762994
7,5,0.75,0.9954403287032381
7,5,0.80,0.996401068455062
7,5,0.85,0.9979274007287936
7,5,0.90,0.997808995756844
7,5,0.95,0.9984679298265643
7,6,0.05,0.9802901167167921
7,6,0.10,0.9849118664184376
7,6,0.15,0.9970620335013595
7,6,0.20,0.991852668425019
7,6,0.25,0.9928458680527589
7,6,0.30,0.9973921643201811
7,6,0.35,0.9933390347669897
7,6,0.40,0.9972510427208552
7,6,0.45,0.9922906983265961
7,6,0.50,0.9951976090641854
7,6,0.55,0.9959252336048772
7,6,0.60,0.9954093435059155
7,6,0.65,0.9971805930745604
7,6,0.70,0.9977818710753186
7,6,0.75,0.9978816101844036
7,6,0.80,0.9978269614800944
7,6,0.85,0.9958347475295247
7,6,0.90,0.9966873180275687
7,6,0.95,0.9975881312457328
7,7,0.05,0.9546025669277156
7,7,0.10,0.9894094594553036
7,7,0.15,0.9965152241223816
7,7,0.20,0.9961920914872027
7,7,0.25,0.9966305721795699
7,7,0.30,0.9982937862556829
7,7,0.35,0.9945366637493763
7,7,0.40,0.9950880540171673
7,7,0.45,0.9958041743846935
7,7,0.50,0.998200715095323
7,7,0.55,0.9985208879151891
7,7,0.60,0.99663182154363
7,7,0.65,0.9959107941628406
7,7,0.70,0.9938071465438574
7,7,0.75,0.9973548579383461
7,7,0.80,0.9958055451433039
7,7,0.85,0.9981016456916785
7,7,0.90,0.9950847695483395
7,7,0.95,0.9979261850951522
7,8,0.05,0.9866474795650736
7,8,0.10,0.995076036101636
7,8,0.15,0.9941058454115909
7,8,0.20,0.9950764893708898
7,8,0.25,0.9926262887588188
7,8,0.30,0.9977748708506875
7,8,0.35,0.9963536666390381
7,8,0.40,0.9910852033819896
7,8,0.45,0.9928239678026972
7,8,0.50,0.9940989479907781
7,8,0.55,0.9950970482617931
7,8,0.60,0.9966479487652096
7,8,0.65,0.9979640156413522
7,8,0.70,0.9978349829732934
7,8,0.75,0.9972850644888882
7,8,0.80,0.9976880388630981
7,8,0.85,0.9939997331913283
7,8,0.90,0.9959934889581737
7,8,0.95,0.99578597692825
7,9,0.05,0.98327128277069
7,9,0.10,0.9884895453551259
7,9,0.15,0.9945592660441495
7,9,0.20,0.9947717927504187
7,9,0.25,0.9976546291854805
7,9,0.30,0.9968576071679671
7,9,0.35,0.9906901485504017
7,9,0.40,0.9922788580124255
7,9,0.45,0.9969668723114125
7,9,0.50,0.9984171997059794
7,9,0.55,0.9979104521563678
7,9,0.60,0.9956005559895572
7,9,0.65,0.996562549047667
7,9,0.70,0.9947348096459148
7,9,0.75,0.9972363694810663
7,9,0.80,0.9976259712050685
7,9,0.85,0.9979563219045736
7,9,0.90,0.992091586781902
7,9,0.95,0.9975937158778156
8,0,0.05,0.9831838276533723
8,0,0.10,0.9967212653201725
8,0,0.15,0.9909786970899227
8,0,0.20,0.9907756117311544
8,0,0.25,0.9960731601508418
8,0,0.30,0.9968307897297056
8,0,0.35,0.9892824716225792
8,0,0.40,0.9918539638980792
8,0,0.45,0.9961592168472843
8,0,0.50,0.9966756616960607
8,0,0.55,0.9949357054535208
8,0,0.60,0.9981991648031396
8,0,0.65,0.9962721304697592
8,0,0.70,0.9943304904835716
8,0,0.75,0.9978090391284689
8,0,0.80,0.995265916264056
8,0,0.85,0.9974940882788245
8,0,0.90,0.9973170588495642
8,0,0.95,0.9942408474267344
8,1,0.05,0.986977613568937
8,1,0.10,0.9942849902374808
8,1,0.15,0.9886788868833335
8,1,0.20,0.9950097363449742
8,1,0.25,0.9969621833593951
8,1,0.30,0.9971872315581327
8,1,0.35,0.9956035671378672
8,1,0.40,0.9932750443874767
8,1,0.45,0.9976094921546638
8,1,0.50,0.9912065510675405
8,1,0.55,0.9910745981235806
8,1,0.60,0.9982873908194432
8,1,0.65,0.9959972785190034
8,1,0.70,0.9942650390109786
8,1,0.75,0.9975864272634956
8,1,0.80,0.9951872791206298
8,1,0.85,0.9982644491694933
8,1,0.90,0.9975911738892805
8,1,0.95,0.9978697764931995
8,2,0.05,0.9704147137368837
8,2,0.10,0.9918301670489961
8,2,0.15,0.9940944114968108
8,2,0.20,0.9977912159081588
8,2,0.25,0.9973395888305254
8,2,0.30,0.9953204549345035
8,2,0.35,0.994576417635121
8,2,0.40,0.9910885652093638
8,2,0.45,0.992740158969452
8,2,0.50,0.9893596502606851
8,2,0.55,0.9970567739646922
8,2,0.60,0.9950144637069349
8,2,0.65,0.9954803210175897
8,2,0.70,0.9953930933410969
8,2,0.75,0.9976248036004748
8,2,0.80,0.9920099452538795
8,2,0.85,0.9983789140050983
8,2,0.90,0.9972217851926616
8,2,0.95,0.9956107144882512
8,3,0.05,0.9742069530310512
8,3,0.10,0.9915891872614306
8,3,0.15,0.9962909708553681
8,3,0.20,0.9968694033698658
8,3,0.25,0.9947789104976772
8,3,0.30,0.9955489391475847
8,3,0.35,0.9981207430030802
8,3,0.40,0.997109137897302
8,3,0.45,0.9973765966790246
8,3,0.50,0.9921563630046395
8,3,0.55,0.9976036073407764
8,3,0.60,0.9893816071032447
8,3,0.65,0.9908177400209066
8,3,0.70,0.9924361850675673
8,3,0.75,0.9949295411998084
8,3,0.80,0.9979584405512957
8,3,0.85,0.9979613645717591
8,3,0.90,0.9958093007792219
8,3,0.95,0.9934851511638253
8,4,0.05,0.9737170483804534
8,4,0.10,0.9919809529752716
8,4,0.15,0.9910133473254463
8,4,0.20,0.9953688360708952
8,4,0.25,0.9902408382642939
8,4,0.30,0.9946992199046363
8,4,0.35,0.9967833648098242
8,4,0.40,0.9980546688594049
8,4,0.45,0.9915478077454795
8,4,0.50,0.9949511828391582
8,4,0.55,0.9962678150300757
8,4,0.60,0.9905970605158859
8,4,0.65,0.991781878660679
8,4,0.70,0.9963469809248067
8,4,0.75,0.9955854003123513
8,4,0.80,0.9951667346631677
8,4,0.85,0.9940643606404693
8,4,0.90,0.9964416390881922
8,4,0.95,0.9980471851013467
8,5,0.05,0.9649683465683045
8,5,0.10,0.9876307011795598
8,5,0.15,0.9933225129554004
8,5,0.20,0.9944787339526279
8,5,0.25,0.9949001604235509
8,5,0.30,0.9977656217024259
8,5,0.35,0.9899432196427743
8,5,0.40,0.9909875097531542
8,5,0.45,0.9909761542270086
8,5,0.50,0.9941407911835126
8,5,0.55,0.997922416540732
8,5,0.60,0.9948942761185908
8,5,0.65,0.9940387021978878
8,5,0.70,0.9908199338870209
8,5,0.75,0.9976295616602918
8,5,0.80,0.9963174748154191
8,5,0.85,0.9978375876455409
8,5,0.90,0.9952391741753479
8,5,0.95,0.9977303742877168
8,6,0.05,0.9669875629495236
8,6,0.10,0.9976989149797342
8,6,0.15,0.994454304716779
8,6,0.20,0.9930346254536262
8,6,0.25,0.9959803317997101
8,6,0.30,0.9969641491499452
8,6,0.35,0.9949408442849875
8,6,0.40,0.9916040321201579
8,6,0.45,0.9981536472371898
8,6,0.50,0.9977501782198518
8,6,0.55,0.9956670181686461
8,6,0.60,0.9958407463763517
8,6,0.65,0.9954391640562369
8,6,0.70,0.9951780204949133
8,6,0.75,0.9975826661006677
8,6,0.80,0.9956041767320886
8,6,0.85,0.9983282379436719
8,6,0.90,0.9958255889545379
8,6,0.95,0.9933533728283701
8,7,0.05,0.9301929043634345
8,7,0.10,0.9890543384155934
8,7,0.15,0.9909860725931268
8,7,0.20,0.9960509505336175
8,7,0.25,0.9940450816603615
8,7,0.30,0.9948225498781604
8,7,0.35,0.994657784863537
8,7,0.40,0.9941266172510431
8,7,0.45,0.997696342844842
8,7,0.50,0.9953629364483594
8,7,0.55,0.9941945630905819
8,7,0.60,0.9979585063012135
8,7,0.65,0.9945537145819334
8,7,0.70,0.9952394295596649
8,7,0.75,0.9976438704080001
8,7,0.80,0.9938745034922838
8,7,0.85,0.9952598516212743
8,7,0.90,0.9954671331307309
8,7,0.95,0.9980089827569958
8,8,0.05,0.9714016684486585
8,8,0.10,0.9937398066310607
8,8,0.15,0.993954052775785
8,8,0.20,0.9935039437851425
8,8,0.25,0.994917655050198
8,8,0.30,0.9967004781228807
8,8,0.35,0.9962743019082587
8,8,0.40,0.989626606114795
8,8,0.45,0.9952453653768853
8,8,0.50,0.9923752694843433
8,8,0.55,0.994570425040408
8,8,0.60,0.9975718952815446
8,8,0.65,0.995510847948539
8,8,0.70,0.9982205469394506
8,8,0.75,0.9984556493770491
8,8,0.80,0.9979716373828025
8,8,0.85,0.9978241461931654
8,8,0.90,0.9926781380977101
8,8,0.95,0.997675890179111
8,9,0.05,0.9839011379026521
8,9,0.10,0.9966541927506832
8,9,0.15,0.996694614119012
8,9,0.20,0.9941210424306722
8,9,0.25,0.9969878778004212
8,9,0.30,0.997978938932986
8,9,0.35,0.9904897660344992
8,9,0.40,0.9912238705942149
8,9,0.45,0.9923248609672042
8,9,0.50,0.9977363159439313
8,9,0.55,0.9954946477455663
8,9,0.60,0.9981820941243529
8,9,0.65,0.995135359111448
8,9,0.70,0.9958948179420027
8,9,0.75,0.9946545713915879
8,9,0.80,0.992155341267192
8,9,0.85,0.9952709666608252
8,9,0.90,0.9973714732085761
8,9,0.95,0.9977768700320806
9,0,0.05,0.9820253289771359
9,0,0.10,0.9891928060561667
9,0,0.15,0.9826866236991093
9,0,0.20,0.9969088809584108
9,0,0.25,0.9971282281423858
9,0,0.30,0.9944845813290029
9,0,0.35,0.9932452047025195
9,0,0.40,0.9935113953607299
9,0,0.45,0.9947487178916451
9,0,0.50,0.9979893209083412
9,0,0.55,0.9981102845616704
9,0,0.60,0.9951500362566315
9,0,0.65,0.9953953694894726
9,0,0.70,0.9955727636117053
9,0,0.75,0.9910972071029525
9,0,0.80,0.9978991517956708
9,0,0.85,0.9975534997946479
9,0,0.90,0.9961740732424008
9,0,0.95,0.9909443778010115
9,1,0.05,0.9830441029490895
9,1,0.10,0.9890604356702785
9,1,0.15,0.9910537779016446
9,1,0.20,0.9931878641711511
9,1,0.25,0.9971030720011301
9,1,0.30,0.9901374836006331
9,1,0.35,0.9967313849995548
9,1,0.40,0.99732780346989
9,1,0.45,0.9971121788611603
9,1,0.50,0.9974580699045834
9,1,0.55,0.9966882518731947
9,1,0.60,0.9975479251782617
9,1,0.65,0.993781430857552
9,1,0.70,0.9956496293035842
9,1,0.75,0.9949727312001707
9,1,0.80,0.995179463518109
9,1,0.85,0.9940264275212066
9,1,0.90,0.9941826377374532
9,1,0.95,0.9962384320177898
9,2,0.05,0.9875062358317869
9,2,0.10,0.9964959924756962
9,2,0.15,0.9894429881904153
9,2,0.20,0.9951329009357461
9,2,0.25,0.9917307527288135
9,2,0.30,0.9924521476661178
9,2,0.35,0.9923146578771798
9,2,0.40,0.9973826467616991
9,2,0.45,0.9969411600804139
9,2,0.50,0.9955916155363128
9,2,0.55,0.9939034609189371
9,2,0.60,0.994259505361289
9,2,0.65,0.9941889208072247
9,2,0.70,0.997491581088123
9,2,0.75,0.9979511998070486
9,2,0.80,0.9972080517158799
9,2,0.85,0.9962727589005753
9,2,0.90,0.9973878977318128
9,2,0.95,0.9973376179784585
9,3,0.05,0.989538770074535
9,3,0.10,0.9807053415555246
9,3,0.15,0.9961068497293886
9,3,0.20,0.9926811838752427
9,3,0.25,0.9939713793176684
9,3,0.30,0.9920219114504238
9,3,0.35,0.9965060411791588
9,3,0.40,0.9930734857168073
9,3,0.45,0.9975047911831314
9,3,0.50,0.9941518250158163
9,3,0.55,0.9975866279721679
9,3,0.60,0.9945305196700375
9,3,0.65,0.9974731190177006
9,3,0.70,0.997506642746608
9,3,0.75,0.9946835479823471
9,3,0.80,0.9924633839257144
9,3,0.85,0.9976858891546013
9,3,0.90,0.9973220878057532
9,3,0.95,0.9956395929436388
9,4,0.05,0.9760165659630269
9,4,0.10,0.9857517947539967
9,4,0.15,0.9944881494848973
9,4,0.20,0.9905051853160938
9,4,0.25,0.9969781031616913
9,4,0.30,0.9962275675753937
9,4,0.35,0.9956377831005625
9,4,0.40,0.9967214759577174
9,4,0.45,0.9944619661483477
9,4,0.50,0.9975908113627213
9,4,0.55,0.9969581459532116
9,4,0.60,0.9936446803557657
9,4,0.65,0.990356553640611
9,4,0.70,0.9955254937315233
9,4,0.75,0.9971396090219318
9,4,0.80,0.9978568313427293
9,4,0.85,0.9973587277499413
9,4,0.90,0.9957725419453787
9,4,0.95,0.9922712646751793
9,5,0.05,0.9930267978983423
9,5,0.10,0.988337565772825
9,5,0.15,0.9863440347244132
9,5,0.20,0.9978365517356572
9,5,0.25,0.9954759653637797
9,5,0.30,0.9972195194566736
9,5,0.35,0.9941523177915345
9,5,0.40,0.9955170436088207
9,5,0.45,0.9941506302330061
9,5,0.50,0.9969445659924189
9,5,0.55,0.9936712123893274
9,5,0.60,0.9971962268484676
9,5,0.65,0.9949205775619648
9,5,0.70,0.9953543934497046
9,5,0.75,0.9974583731068802
9,5,0.80,0.9979527714373164
9,5,0.85,0.997234915683689
9,5,0.90,0.9942381104545607
9,5,0.95,0.9925001059989976
9,6,0.05,0.9864494412506707
9,6,0.10,0.9882007822527126
9,6,0.15,0.9880036700178105
9,6,0.20,0.9906494143962179
9,6,0.25,0.9907568601943585
9,6,0.30,0.9969423692069679
9,6,0.35,0.9935412803691573
9,6,0.40,0.996675719780031
9,6,0.45,0.9967731711847502
9,6,0.50,0.9948619618115504
9,6,0.55,0.9949626189182091
9,6,0.60,0.9975955092476286
9,6,0.65,0.9977083558001494
9,6,0.70,0.9978303658095568
9,6,0.75,0.9956804003016335
9,6,0.80,0.9950382662934274
9,6,0.85,0.997264767763082
9,6,0.90,0.9951544184201585
9,6,0.95,0.9951782102589469
9,7,0.05,0.9398933406510126
9,7,0.10,0.9941826420355445
9,7,0.15,0.9881351996322378
9,7,0.20,0.9890707436101305
9,7,0.25,0.9967952822880107
9,7,0.30,0.9901807389810043
9,7,0.35,0.9912950780936579
9,7,0.40,0.9977363558254871
9,7,0.45,0.9942268335532949
9,7,0.50,0.9983202219083298
9,7,0.55,0.9952699523167378
9,7,0.60,0.9942150143484758
9,7,0.65,0.9926500449778414
9,7,0.70,0.9942065761786578
9,7,0.75,0.997284363234526
9,7,0.80,0.9978510214394369
9,7,0.85,0.9982310989352935
9,7,0.90,0.994099818511645
9,7,0.95,0.9954736991781855
9,8,0.05,0.9773522163469645
9,8,0.10,0.9892247201612236
9,8,0.15,0.9913672811290963
9,8,0.20,0.9965214753787054
9,8,0.25,0.9942427115201901
9,8,0.30,0.9925563101886423
9,8,0.35,0.9965628385390687
9,8,0.40,0.9954812825982725
9,8,0.45,0.9928208597080576
9,8,0.50,0.9954973981909785
9,8,0.55,0.9978646004531998
9,8,0.60,0.9948857341508298
9,8,0.65,0.9977917436222982
9,8,0.70,0.9948488924869818
9,8,0.75,0.9945355880347069
9,8,0.80,0.9974831667259099
9,8,0.85,0.9957053724334433
9,8,0.90,0.9977152912723992
9,8,0.95,0.9979127979610066
9,9,0.05,0.9634208005788749
9,9,0.10,0.991551756730955
9,9,0.15,0.987931945738774
9,9,0.20,0.9951395837775915
9,9,0.25,0.994430232695511
9,9,0.30,0.9977857019872939
9,9,0.35,0.9900791859076582
9,9,0.40,0.997660488330155
9,9,0.45,0.9973527898295802
9,9,0.50,0.9966218404779599
9,9,0.55,0.9971821259634557
9,9,0.60,0.9959326048025922
9,9,0.65,0.9980114834969129
9,9,0.70,0.9973985244559183
9,9,0.75,0.9945015996843153
9,9,0.80,0.9914145143607134
9,9,0.85,0.9940175684344452
9,9,0.90,0.9949267911700415
9,9,0.95,0.9962830743080466
10,0,0.05,0.9538335970876205
10,0,0.10,0.9920600076843931
10,0,0.15,0.9941842029519189
10,0,0.20,0.9924185766602007
10,0,0.25,0.9941776250989811
10,0,0.30,0.9981982482359728
10,0,0.35,0.9909870892267421
10,0,0.40,0.9980531635846032
10,0,0.45,0.9978133690056854
10,0,0.50,0.9932276697358718
10,0,0.55,0.9982636768647858
10,0,0.60,0.9950489583531518
10,0,0.65,0.9914952948467056
10,0,0.70,0.9963329088515559
10,0,0.75,0.9952158837390715
10,0,0.80,0.9975282515763385
10,0,0.85,0.9978977487134246
10,0,0.90,0.9955780997095809
10,0,0.95,0.9955488320172209
10,1,0.05,0.9841164537356399
10,1,0.10,0.9941920980919857
10,1,0.15,0.9931266624351969
10,1,0.20,0.9974788653028313
10,1,0.25,0.9965289333028039
10,1,0.30,0.9970176292048035
10,1,0.35,0.9940641574108029
10,1,0.40,0.995287788222538
10,1,0.45,0.9955387927580918
10,1,0.50,0.9957090568819446
10,1,0.55,0.997725641432388
10,1,0.60,0.9976860698352995
10,1,0.65,0.9957261076839177
10,1,0.70,0.9955128720943778
10,1,0.75,0.9908793026220855
10,1,0.80,0.9957873254173197
10,1,0.85,0.9978674767086853
10,1,0.90,0.9951744230473197
10,1,0.95,0.995414942849692
10,2,0.05,0.9830386393433357
10,2,0.10,0.987244881477151
10,2,0.15,0.9930670290430825
10,2,0.20,0.9885167697896018
10,2,0.25,0.9968743821419757
10,2,0.30,0.9973524409159653
10,2,0.35,0.9952007389653638
10,2,0.40,0.9945742244978303
10,2,0.45,0.9907650927597261
10,2,0.50,0.992704582107033
10,2,0.55,0.9972217396756802
10,2,0.60,0.9942946560998012
10,2,0.65,0.995844451118702
10,2,0.70,0.9978680598640802
10,2,0.75,0.996694671460521
10,2,0.80,0.9928860262670652
10,2,0.85,0.9926873444529579
10,2,0.90,0.9978443950783842
10,2,0.95,0.9947656130808393
10,3,0.05,0.9808816844680854
10,3,0.10,0.9914378055628783
10,3,0.15,0.9816736588848464
10,3,0.20,0.9979674836944293
10,3,0.25,0.9951151667157774
10,3,0.30,0.9968763344054543
10,3,0.35,0.9958656405682861
10,3,0.40,0.998149024727386
10,3,0.45,0.9976895200957293
10,3,0.50,0.9940505153923336
10,3,0.55,0.9947179044915879
10,3,0.60,0.9899946693078444
10,3,0.65,0.997362919997239
10,3,0.70,0.9953951875430952
10,3,0.75,0.9976389277077288
10,3,0.80,0.9961291715003275
10,3,0.85,0.9928762404120035
10,3,0.90,0.9921401633296203
10,3,0.95,0.9958276969829719
10,4,0.05,0.9833256049664427
10,4,0.10,0.9894524529222428
10,4,0.15,0.9891093478988531
10,4,0.20,0.9902951790556771
10,4,0.25,0.9974262794195664
10,4,0.30,0.9966381033595152
10,4,0.35,0.992434957522145
10,4,0.40,0.9968895242960205
10,4,0.45,0.9959134177680949
10,4,0.50,0.99574506531417
10,4,0.55,0.9979061798444492
10,4,0.60,0.9981037618662729
10,4,0.65,0.9947192379675612
10,4,0.70,0.9972066059693773
10,4,0.75,0.9953829843250261
10,4,0.80,0.9976194568373152
10,4,0.85,0.9977466544616604
10,4,0.90,0.9973996791703464
10,4,0.95,0.9982357226398413
10,5,0.05,0.9839231789106679
10,5,0.10,0.990507793279232
10,5,0.15,0.9954693049692169
10,5,0.20,0.9965809334851613
10,5,0.25,0.9963877248058021
10,5,0.30,0.996954199369378
10,5,0.35,0.9959200335535027
10,5,0.40,0.9943536442499175
10,5,0.45,0.9922936257915012
10,5,0.50,0.9877378317856835
10,5,0.55,0.9963022802094281
10,5,0.60,0.9949667329743576
10,5,0.65,0.9905094029292197
10,5,0.70,0.9936385446729151
10,5,0.75,0.9972640045704524
10,5,0.80,0.9979241841305427
10,5,0.85,0.9957772204680316
10,5,0.90,0.9976567517141489
10,5,0.95,0.9958894982201042
10,6,0.05,0.979619603610417
10,6,0.10,0.9919158714244317
10,6,0.15,0.9891331439336777
10,6,0.20,0.9962236100136599
10,6,0.25,0.9978729876597874
10,6,0.30,0.9975863856819249
10,6,0.35,0.9943810345627735
10,6,0.40,0.9972880538968284
10,6,0.45,0.9970558836152056
10,6,0.50,0.9918769168810069
10,6,0.55,0.9914937675083445
10,6,0.60,0.995309588445334
10,6,0.65,0.9955365553859654
10,6,0.70,0.9962460438629915
10,6,0.75,0.9974823562225711
10,6,0.80,0.9948106937057007
10,6,0.85,0.9920696953537023
10,6,0.90,0.9953183938468958
10,6,0.95,0.9954775828300783
10,7,0.05,0.9897020818767353
10,7,0.10,0.9958854302280503
10,7,0.15,0.9953406930559491
10,7,0.20,0.9975272361934457
10,7,0.25,0.99710112393973
10,7,0.30,0.9957189442477457
10,7,0.35,0.9970982589885422
10,7,0.40,0.9977952858205086
10,7,0.45,0.9928237366595404
10,7,0.50,0.994138682935947
10,7,0.55,0.99793007532382
10,7,0.60,0.9953083284399309
10,7,0.65,0.9926516388632617
10,7,0.70,0.9916690019190185
10,7,0.75,0.9947458857010054
10,7,0.80,0.994585828860425
10,7,0.85,0.997948350214286
10,7,0.90,0.9953603660642427
10,7,0.95,0.9931817836188086
10,8,0.05,0.9823654240410546
10,8,0.10,0.9939155030595468
10,8,0.15,0.9967783496178126
10,8,0.20,0.9981110522365255
10,8,0.25,0.9975389189172394
10,8,0.30,0.9940828980368804
10,8,0.35,0.9974735862374854
10,8,0.40,0.9968398758253444
10,8,0.45,0.9981021485502954
10,8,0.50,0.9934393749502072
10,8,0.55,0.9976696713143242
10,8,0.60,0.995687397648785
10,8,0.65,0.9901346506327204
10,8,0.70,0.9953591610438606
10,8,0.75,0.9911391557072551
10,8,0.80,0.9971802757358683
10,8,0.85,0.9975656443060672
10,8,0.90,0.9950518952317147
10,8,0.95,0.997546623773217
10,9,0.05,0.9709686877172446
10,9,0.10,0.989343478490804
10,9,0.15,0.9907523673029792
10,9,0.20,0.9932933407108108
10,9,0.25,0.997271681083096
10,9,0.30,0.9974585888749287
10,9,0.35,0.9972949129682196
10,9,0.40,0.9947030071161602
10,9,0.45,0.9975535081806935
10,9,0.50,0.9964849883019452
10,9,0.55,0.9977545475407044
10,9,0.60,0.9973268715351664
10,9,0.65,0.9946632444188444
10,9,0.70,0.9957652833097557
10,9,0.75,0.9948658219084017
10,9,0.80,0.9952208088098292
10,9,0.85,0.9969674850628014
10,9,0.90,0.9927538875558666
10,9,0.95,0.994661596935902
11,0,0.05,0.9655823539601132
11,0,0.10,0.994568336318944
11,0,0.15,0.9923063568281655
11,0,0.20,0.993200454808579
11,0,0.25,0.9982206249284503
11,0,0.30,0.9980774547388648
11,0,0.35,0.9977683051884683
11,0,0.40,0.9971275636601475
11,0,0.45,0.997626862740419
11,0,0.50,0.9980345051989981
11,0,0.55,0.9975933845378561
11,0,0.60,0.9975238709288116
11,0,0.65,0.9946199610092238
11,0,0.70,0.9953824471788019
11,0,0.75,0.9937751766232118
11,0,0.80,0.9976332597964835
11,0,0.85,0.9962135962687346
11,0,0.90,0.9951926660321606
11,0,0.95,0.9925887447863064
11,1,0.05,0.9807273991352445
11,1,0.10,0.9970332208584372
11,1,0.15,0.9954638025682429
11,1,0.20,0.997453066258584
11,1,0.25,0.9975215082834106
11,1,0.30,0.9972238905293115
11,1,0.35,0.9944516423416357
11,1,0.40,0.9981458205322656
11,1,0.45,0.9980508639938468
11,1,0.50,0.9980576003077821
11,1,0.55,0.9978681682758752
11,1,0.60,0.9945005739266757
11,1,0.65,0.9973466201413418
11,1,0.70,0.9933406987055755
11,1,0.75,0.9975863859498845
11,1,0.80,0.9932326125650793
11,1,0.85,0.9980319888222738
11,1,0.90,0.991812358505218
11,1,0.95,0.9974140879017693
11,2,0.05,0.9851316382235769
11,2,0.10,0.9890097076398755
11,2,0.15,0.9955653458554347
11,2,0.20,0.9973761986867322
11,2,0.25,0.99815072399167
11,2,0.30,0.9975226157171271
11,2,0.35,0.9976624852719321
11,2,0.40,0.9984166356035582
11,2,0.45,0.9953837121278036
11,2,0.50,0.9972753460246057
11,2,0.55,0.9978154947546523
11,2,0.60,0.9973642279458554
11,2,0.65,0.9979268111155131
11,2,0.70,0.9951168850430991
11,2,0.75,0.9972909086226261
11,2,0.80,0.9980118771077195
11,2,0.85,0.9976507380330467
11,2,0.90,0.997605640989417
11,2,0.95,0.9972748094005423
11,3,0.05,0.949473263960937
11,3,0.10,0.9898074570906804
11,3,0.15,0.9964574988488392
11,3,0.20,0.9975420988977572
11,3,0.25,0.996869958414649
11,3,0.30,0.9978526046976796
11,3,0.35,0.9978999456230471
11,3,0.40,0.9978585239683739
11,3,0.45,0.9976563723147324
11,3,0.50,0.9943232951223905
11,3,0.55,0.9976022719643604
11,3,0.60,0.9952346646403409
11,3,0.65,0.9942445872350179
11,3,0.70,0.9950000775711978
11,3,0.75,0.9973277843172841
11,3,0.80,0.9955339232229072
11,3,0.85,0.9929940761632267
11,3,0.90,0.9947616617615911
11,3,0.95,0.9981783303477146
11,4,0.05,0.9873902406404909
11,4,0.10,0.9940740322856315
11,4,0.15,0.9976283387884148
11,4,0.20,0.9954667921501558
11,4,0.25,0.9956512951014288
11,4,0.30,0.9972167302672241
11,4,0.35,0.9977518578602664
11,4,0.40,0.994584673159904
11,4,0.45,0.9971432652466979
11,4,0.50,0.9975660389394374
11,4,0.55,0.9954425914350651
11,4,0.60,0.9961787573202707
11,4,0.65,0.9969373445828834
11,4,0.70,0.9931409332386975
11,4,0.75,0.9976575360900989
11,4,0.80,0.9975378102988798
11,4,0.85,0.995071453744579
11,4,0.90,0.997693329060332
11,4,0.95,0.995263132139912
11,5,0.05,0.9620297296403559
11,5,0.10,0.9839894324972649
11,5,0.15,0.9939612057393329
11,5,0.20,0.9984534510335719
11,5,0.25,0.9981196474041655
11,5,0.30,0.9983793209786228
11,5,0.35,0.9985067575378801
11,5,0.40,0.9982682599449829
11,5,0.45,0.9984473811303491
11,5,0.50,0.9974191231492094
11,5,0.55,0.9978118638326642
11,5,0.60,0.9977127571651607
11,5,0.65,0.9965970929204457
11,5,0.70,0.9979620289891254
11,5,0.75,0.9977964061704522
11,5,0.80,0.9978683491986343
11,5,0.85,0.9951522533866054
11,5,0.90,0.9974163167198634
11,5,0.95,0.9978765826194457
11,6,0.05,0.9586133883519234
11,6,0.10,0.9921729874443248
11,6,0.15,0.9966635190552713
11,6,0.20,0.9949701271697632
11,6,0.25,0.9973345292410606
11,6,0.30,0.9978227916942322
11,6,0.35,0.9974677677780428
11,6,0.40,0.997319840960251
11,6,0.45,0.9983136077015908
11,6,0.50,0.9975378076130307
11,6,0.55,0.9976643015985955
11,6,0.60,0.9975983774470017
11,6,0.65,0.9950586696565205
11,6,0.70,0.9950270731521569
11,6,0.75,0.9965562107386907
11,6,0.80,0.9958241293915633
11,6,0.85,0.9975953611188778
11,6,0.90,0.9958896271473201
11,6,0.95,0.9957053057367008
11,7,0.05,0.9645782980317691
11,7,0.10,0.9978075080730989
11,7,0.15,0.9916022085385285
11,7,0.20,0.9951503378725052
11,7,0.25,0.9983043782531233
11,7,0.30,0.9977865748464582
11,7,0.35,0.9977713339025776
11,7,0.40,0.9959823366013363
11,7,0.45,0.997445186617038
11,7,0.50,0.9947598155103436
11,7,0.55,0.9979503782716668
11,7,0.60,0.9960228601652258
11,7,0.65,0.9951691922585237
11,7,0.70,0.9973889085153851
11,7,0.75,0.9958514020668139
11,7,0.80,0.9977822347386834
11,7,0.85,0.9936836451465034
11,7,0.90,0.9955398115489051
11,7,0.95,0.9927042500265189
11,8,0.05,0.9751963045688277
11,8,0.10,0.9918255806735626
11,8,0.15,0.9881241544674
11,8,0.20,0.9940696634452364
11,8,0.25,0.99235373897327
11,8,0.30,0.9981728608441551
11,8,0.35,0.998676609363797
11,8,0.40,0.9938637244539735
11,8,0.45,0.9948870379855972
11,8,0.50,0.9981660391514937
11,8,0.55,0.9976855614779399
11,8,0.60,0.9980776401360965
11,8,0.65,0.9948686156699883
11,8,0.70,0.9950619643151192
11,8,0.75,0.9975505133190972
11,8,0.80,0.9982143655444868
11,8,0.85,0.9979072180918539
11,8,0.90,0.9960117820852488
11,8,0.95,0.9944443006699263
11,9,0.05,0.9541240589583742
11,9,0.10,0.9884368746590996
11,9,0.15,0.9935168893651429
11,9,0.20,0.9983341103286378
11,9,0.25,0.9981442423607568
11,9,0.30,0.9951562173640157
11,9,0.35,0.9981970615123491
11,9,0.40,0.9979848045007657
11,9,0.45,0.9975111616725556
11,9,0.50,0.9979856348870491
11,9,0.55,0.9947179916193863
11,9,0.60,0.9939228970581847
11,9,0.65,0.9957252585308013
11,9,0.70,0.9972554940068875
11,9,0.75,0.9953422348938311
11,9,0.80,0.994979636603877
11,9,0.85,0.9981942415460425
11,9,0.90,0.9940094612232035
11,9,0.95,0.9926095507696541
12,0,0.05,0.9668655429001397
12,0,0.10,0.9905285266520589
12,0,0.15,0.9926431269899957
12,0,0.20,0.9848892591344517
12,0,0.25,0.9951228037701486
12,0,0.30,0.9975775272266237
12,0,0.35,0.9980446750200839
12,0,0.40,0.9950247331753207
12,0,0.45,0.992551645591475
12,0,0.50,0.9969518910687897
12,0,0.55,0.9973679757238761
12,0,0.60,0.9944231854138761
12,0,0.65,0.9976591307952728
12,0,0.70,0.9980014597134168
12,0,0.75,0.990570730348871
12,0,0.80,0.9973269235046162
12,0,0.85,0.9975574974133767
12,0,0.90,0.995476159493783
12,0,0.95,0.9962520894553286
12,1,0.05,0.9878894570048696
12,1,0.10,0.9944001555420506
12,1,0.15,0.9952083101828775
12,1,0.20,0.9940076257782509
12,1,0.25,0.995594411391527
12,1,0.30,0.9967486535972523
12,1,0.35,0.9969938774909463
12,1,0.40,0.9974242226479824
12,1,0.45,0.9978931638915511
12,1,0.50,0.9943221796806644
12,1,0.55,0.9957732741390443
12,1,0.60,0.9975534852768313
12,1,0.65,0.9977864518248931
12,1,0.70,0.9977291720448577
12,1,0.75,0.9976142549998751
12,1,0.80,0.9975843657928971
12,1,0.85,0.9977615502522347
12,1,0.90,0.9947334553378513
12,1,0.95,0.9955262330900511
12,2,0.05,0.9746982111632346
12,2,0.10,0.9950753777561154
12,2,0.15,0.9933681324497355
12,2,0.20,0.9914763542347249
12,2,0.25,0.9965310671722318
12,2,0.30,0.9956790670064914
12,2,0.35,0.9972375523255947
12,2,0.40,0.997464677918484
12,2,0.45,0.9958498306339899
12,2,0.50,0.9977481570216143
12,2,0.55,0.9971506425572741
12,2,0.60,0.9932301242859488
12,2,0.65,0.9978669666530042
12,2,0.70,0.9977581554697726
12,2,0.75,0.994780316712333
12,2,0.80,0.9948464364979388
12,2,0.85,0.9940264627562979
12,2,0.90,0.995596322811778
12,2,0.95,0.997605084739309
12,3,0.05,0.9928037230916653
12,3,0.10,0.9969629866796564
12,3,0.15,0.9950818536468321
12,3,0.20,0.9931666000667468
12,3,0.25,0.9920333531946872
12,3,0.30,0.9945833613179997
12,3,0.35,0.9970415425020009
12,3,0.40,0.9969431225436688
12,3,0.45,0.9951282866682953
12,3,0.50,0.9976185468658619
12,3,0.55,0.9951020008388375
12,3,0.60,0.9962068128578084
12,3,0.65,0.9951478746640613
12,3,0.70,0.9954514616940804
12,3,0.75,0.9981706014424407
12,3,0.80,0.9938381781945764
12,3,0.85,0.9930136415275552
12,3,0.90,0.993597846491433
12,3,0.95,0.9976132351545139
12,4,0.05,0.9789913996116503
12,4,0.10,0.9795779039530239
12,4,0.15,0.995417656524106
12,4,0.20,0.9905871891343044
12,4,0.25,0.99130605764805
12,4,0.30,0.9941950326890011
12,4,0.35,0.9964362267347123
12,4,0.40,0.997189668066026
12,4,0.45,0.9955984109355697
12,4,0.50,0.9916145278810783
12,4,0.55,0.9946218574608178
12,4,0.60,0.996428551844583
12,4,0.65,0.9956217353674773
12,4,0.70,0.9982283264407007
12,4,0.75,0.9980628353267033
12,4,0.80,0.995980798100746
12,4,0.85,0.9951740972301374
12,4,0.90,0.9957840006093006
12,4,0.95,0.9981174178107247
12,5,0.05,0.974938796485735
12,5,0.10,0.996010855003721
12,5,0.15,0.99213456732539
12,5,0.20,0.993347416534024
12,5,0.25,0.9946514571117894
12,5,0.30,0.9938890824414699
12,5,0.35,0.9971983962731066
12,5,0.40,0.997132600221532
12,5,0.45,0.9954926745753103
12,5,0.50,0.992599222671836
12,5,0.55,0.9957591651078044
12,5,0.60,0.9951973329552678
12,5,0.65,0.9945264225859083
12,5,0.70,0.9981766851084293
12,5,0.75,0.9975892022954814
12,5,0.80,0.9978187552481724
12,5,0.85,0.9940801230267469
12,5,0.90,0.997231478739531
12,5,0.95,0.9975219078841209
12,6,0.05,0.965746737790549
12,6,0.10,0.9901928412665184
12,6,0.15,0.9917129845321765
12,6,0.20,0.9939735021930386
12,6,0.25,0.9952666253838762
12,6,0.30,0.9923927320955932
12,6,0.35,0.9942947052807628
12,6,0.40,0.9969105799662666
12,6,0.45,0.996325885163979
12,6,0.50,0.9953747579688205
12,6,0.55,0.9980087321924962
12,6,0.60,0.9972894179365965
12,6,0.65,0.9975155356781168
12,6,0.70,0.9974118995700756
12,6,0.75,0.9975101539400334
12,6,0.80,0.9973202419347168
12,6,0.85,0.9975164072390759
12,6,0.90,0.9917988128597253
12,6,0.95,0.9927167032236028
12,7,0.05,0.9880692353703046
12,7,0.10,0.995233907780698
12,7,0.15,0.9949161234337253
12,7,0.20,0.9950739373105069
12,7,0.25,0.9968517279124155
12,7,0.30,0.9972861057501404
12,7,0.35,0.9965126566954194
12,7,0.40,0.9952807686407085
12,7,0.45,0.9954539258338548
12,7,0.50,0.9970313005694423
12,7,0.55,0.9973476873865466
12,7,0.60,0.9951959284326907
12,7,0.65,0.9958012245692764
12,7,0.70,0.9980221293043019
12,7,0.75,0.9923192519163395
12,7,0.80,0.9976837657793345
12,7,0.85,0.995404519567116
12,7,0.90,0.9979451989349526
12,7,0.95,0.9980761968887606
12,8,0.05,0.9766978449519027
12,8,0.10,0.9894876965085587
12,8,0.15,0.9927625278603626
12,8,0.20,0.9907932638812676
12,8,0.25,0.9951069769048695
12,8,0.30,0.9948894639555208
12,8,0.35,0.9973588236826255
12,8,0.40,0.9982014937527963
12,8,0.45,0.9908955745997459
12,8,0.50,0.9950851810439243
12,8,0.55,0.9972219251981971
12,8,0.60,0.9979451028351776
12,8,0.65,0.995746401953816
12,8,0.70,0.9983570700095935
12,8,0.75,0.9960651966994902
12,8,0.80,0.9976475881461329
12,8,0.85,0.9966658782991646
12,8,0.90,0.9955299279319324
12,8,0.95,0.9976844981552886
12,9,0.05,0.9831883496367293
12,9,0.10,0.9969220953859217
12,9,0.15,0.9960562061589349
12,9,0.20,0.9892766325755169
12,9,0.25,0.9957365037623112
12,9,0.30,0.9968913392119185
12,9,0.35,0.9910327896972309
12,9,0.40,0.989993884495896
12,9,0.45,0.9955293337592502
12,9,0.50,0.9970840347922286
12,9,0.55,0.9967191089995531
12,9,0.60,0.9943237642640042
12,9,0.65,0.9977866277678445
12,9,0.70,0.9977082126192831
12,9,0.75,0.9975811913787658
12,9,0.80,0.9973360521785455
12,9,0.85,0.9978102875205936
12,9,0.90,0.9975891923789053
12,9,0.95,0.9979852876144912
13,0,0.05,0.9787354323223426
13,0,0.10,0.9967779527814176
13,0,0.15,0.9960856279923873
13,0,0.20,0.9957748752887098
13,0,0.25,0.9948694056209995
13,0,0.30,0.997520653847205
13,0,0.35,0.9979390306535362
13,0,0.40,0.9948352489140229
13,0,0.45,0.9959215000533738
13,0,0.50,0.9948302701320556
13,0,0.55,0.9975472258873305
13,0,0.60,0.9979874334425669
13,0,0.65,0.9980536440347693
13,0,0.70,0.99835880489249
13,0,0.75,0.9972287280652095
13,0,0.80,0.9952557479560057
13,0,0.85,0.9973233679181368
13,0,0.90,0.9913768731619658
13,0,0.95,0.9954613618017324
13,1,0.05,0.9739270793781097
13,1,0.10,0.9936574019191999
13,1,0.15,0.990458747521788
13,1,0.20,0.9978916836205554
13,1,0.25,0.9974710901530179
13,1,0.30,0.9968175524386267
13,1,0.35,0.9978833227579442
13,1,0.40,0.9970191766706538
13,1,0.45,0.9970175503934642
13,1,0.50,0.9954568284822483
13,1,0.55,0.994211602540991
13,1,0.60,0.9975697233515913
13,1,0.65,0.9973069854540837
13,1,0.70,0.9980820677645639
13,1,0.75,0.9973643524788828
13,1,0.80,0.996122114433417
13,1,0.85,0.9956636954038901
13,1,0.90,0.992035394416681
13,1,0.95,0.9939113006627258
13,2,0.05,0.9816604522755594
13,2,0.10,0.9954192827038495
13,2,0.15,0.9972652892877679
13,2,0.20,0.9960231010869075
13,2,0.25,0.9971699429677858
13,2,0.30,0.9971396338855717
13,2,0.35,0.9975766488078401
13,2,0.40,0.9971245436389119
13,2,0.45,0.9982577764544539
13,2,0.50,0.9966581466691838
13,2,0.55,0.9983034138509773
13,2,0.60,0.9976371800176234
13,2,0.65,0.998291814456348
13,2,0.70,0.9978248191217063
13,2,0.75,0.9978867117780644
13,2,0.80,0.9952807768827542
13,2,0.85,0.997989127010994
13,2,0.90,0.9951480343209793
13,2,0.95,0.996045149505384
13,3,0.05,0.9506989138734605
13,3,0.10,0.9918600522942937
13,3,0.15,0.9964866041249586
13,3,0.20,0.997347576007958
13,3,0.25,0.9976735107405029
13,3,0.30,0.9938373882204405
13,3,0.35,0.9969737761019309
13,3,0.40,0.9958239510399756
13,3,0.45,0.9969930752089915
13,3,0.50,0.9947630898392964
13,3,0.55,0.9971385688017735
13,3,0.60,0.9975961793407021
13,3,0.65,0.9975555566743184
13,3,0.70,0.9974889673910877
13,3,0.75,0.9961287059087297
13,3,0.80,0.9954358049589481
13,3,0.85,0.9948593592986917
13,3,0.90,0.9981199872568849
13,3,0.95,0.9980517124388018
13,4,0.05,0.975498861008475
13,4,0.10,0.9843620691208576
13,4,0.15,0.9970561727414815
13,4,0.20,0.9977218521971939
13,4,0.25,0.9971303123479625
13,4,0.30,0.9960607697584041
13,4,0.35,0.9978445592158002
13,4,0.40,0.9972966231064233
13,4,0.45,0.9979756290368655
13,4,0.50,0.9950936242097376
13,4,0.55,0.9976370021508812
13,4,0.60,0.9979083762662428
13,4,0.65,0.9982556875008454
13,4,0.70,0.9976868331615151
13,4,0.75,0.9943909038214381
13,4,0.80,0.9948670977890283
13,4,0.85,0.9917463575440922
13,4,0.90,0.994510635644196
13,4,0.95,0.9980851801559927
13,5,0.05,0.9794427776318936
13,5,0.10,0.9945523510524195
13,5,0.15,0.9946026924197495
13,5,0.20,0.9962780566184442
13,5,0.25,0.9971136648564581
13,5,0.30,0.9962504153634348
13,5,0.35,0.9972970763737883
13,5,0.40,0.9949305014869384
13,5,0.45,0.9978554408313299
13,5,0.50,0.997713580530322
13,5,0.55,0.9951024752900954
13,5,0.60,0.9949243796484445
13,5,0.65,0.997943245277239
13,5,0.70,0.9960039744818162
13,5,0.75,0.99749389677926
13,5,0.80,0.9950198894340193
13,5,0.85,0.9939192059524403
13,5,0.90,0.9972283731622084
13,5,0.95,0.9957721953944331
13,6,0.05,0.9293327490731637
13,6,0.10,0.9894125637758299
13,6,0.15,0.9961997303408676
13,6,0.20,0.9975055628656028
13,6,0.25,0.9949144745556477
13,6,0.30,0.9966673557125074
13,6,0.35,0.9942699654945497
13,6,0.40,0.9945359384705309
13,6,0.45,0.9978516829835931
13,6,0.50,0.9976130132888422
13,6,0.55,0.9954952927622864
13,6,0.60,0.9946198004130989
13,6,0.65,0.9978004686324611
13,6,0.70,0.997675613282132
13,6,0.75,0.9977242104130001
13,6,0.80,0.9974202782806215
13,6,0.85,0.9976152385418713
13,6,0.90,0.9982134753629351
13,6,0.95,0.99080558304745
13,7,0.05,0.884517709276343
13,7,0.10,0.989752103285446
13,7,0.15,0.9971801150629455
13,7,0.20,0.9963203943277987
13,7,0.25,0.9966906226374601
13,7,0.30,0.9984610754279186
13,7,0.35,0.9979987453181585
13,7,0.40,0.9977609530539887
13,7,0.45,0.9964916007685926
13,7,0.50,0.9976070214613143
13,7,0.55,0.9979964851046267
13,7,0.60,0.9974448204980385
13,7,0.65,0.9977546370645081
13,7,0.70,0.9973209512762675
13,7,0.75,0.9981351696672752
13,7,0.80,0.9973078639988154
13,7,0.85,0.9953091058153756
13,7,0.90,0.9981520942801455
13,7,0.95,0.9973575527068634
13,8,0.05,0.9896486022911971
13,8,0.10,0.9886694407173846
13,8,0.15,0.9963396000157005
13,8,0.20,0.9976684801713744
13,8,0.25,0.9977232427558645
13,8,0.30,0.9972070852518935
13,8,0.35,0.9979822414914366
13,8,0.40,0.9963250247949709
13,8,0.45,0.9969376774058866
13,8,0.50,0.9980370207931684
13,8,0.55,0.997923213383739
13,8,0.60,0.997582329075435
13,8,0.65,0.9976821122174742
13,8,0.70,0.9972733466921417
13,8,0.75,0.9973961066649331
13,8,0.80,0.9952660172148752
13,8,0.85,0.998195342732721
13,8,0.90,0.9977446410014567
13,8,0.95,0.9951558179443564
13,9,0.05,0.8955064601760386
13,9,0.10,0.9876349627891856
13,9,0.15,0.9953980805654198
13,9,0.20,0.9965133412937682
13,9,0.25,0.9976461249839077
13,9,0.30,0.9970523393099734
13,9,0.35,0.99710401246943
13,9,0.40,0.995169202950094
13,9,0.45,0.9977065467107831
13,9,0.50,0.9976223804649326
13,9,0.55,0.9971198102247778
13,9,0.60,0.9971681313951425
13,9,0.65,0.99759585292172
13,9,0.70,0.994568397767281
13,9,0.75,0.9983630719287524
13,9,0.80,0.997882318365674
13,9,0.85,0.9946276238497325
13,9,0.90,0.9949340988838206
13,9,0.95,0.9976800241756462
14,0,0.05,0.9829854634029653
14,0,0.10,0.9881830499364561
14,0,0.15,0.9957852182644017
14,0,0.20,0.9944512652949997
14,0,0.25,0.9966920925278284
14,0,0.30,0.9945699660233228
14,0,0.35,0.9945484603839723
14,0,0.40,0.9953120505720618
14,0,0.45,0.9970088352400697
14,0,0.50,0.9974455096276246
14,0,0.55,0.9952268047391524
14,0,0.60,0.9966977150607418
14,0,0.65,0.9973338972546218
14,0,0.70,0.9947376451476454
14,0,0.75,0.9948374052017802
14,0,0.80,0.9955851725866306
14,0,0.85,0.9916763010205798
14,0,0.90,0.9980683365404293
14,0,0.95,0.9968649923675548
14,1,0.05,0.9770536014949814
14,1,0.10,0.9906495307291581
14,1,0.15,0.9907968447687555
14,1,0.20,0.9976231262664945
14,1,0.25,0.9960133622482688
14,1,0.30,0.9978077107176543
14,1,0.35,0.9948638486991871
14,1,0.40,0.9954436075929515
14,1,0.45,0.9941618628901768
14,1,0.50,0.9955316517351298
14,1,0.55,0.9939962334042288
14,1,0.60,0.9958165022401578
14,1,0.65,0.995441078007954
14,1,0.70,0.9955331853848765
14,1,0.75,0.9908741122134678
14,1,0.80,0.9952829320531861
14,1,0.85,0.9980112548305508
14,1,0.90,0.9963614538943594
14,1,0.95,0.9978034007073141
14,2,0.05,0.9843917537219374
14,2,0.10,0.9812609757324858
14,2,0.15,0.9881869432622991
14,2,0.20,0.9894676792250832
14,2,0.25,0.9972114995277843
14,2,0.30,0.997313699792947
14,2,0.35,0.996308562205696
14,2,0.40,0.9976009902553016
14,2,0.45,0.9975341573649529
14,2,0.50,0.9957129057040315
14,2,0.55,0.9936321242048588
14,2,0.60,0.9976112949099969
14,2,0.65,0.996050214363322
14,2,0.70,0.9957579072404749
14,2,0.75,0.9980419241198879
14,2,0.80,0.9963470274213402
14,2,0.85,0.9965377437463394
14,2,0.90,0.9925909075648618
14,2,0.95,0.9955824670607094
14,3,0.05,0.9904419641451728
14,3,0.10,0.991814822429365
14,3,0.15,0.9932184697259806
14,3,0.20,0.993389285006267
14,3,0.25,0.9963271502884652
14,3,0.30,0.9916930286428063
14,3,0.35,0.9945447367123829
14,3,0.40,0.9972616056394525
14,3,0.45,0.997207275485557
14,3,0.50,0.9970939147298667
14,3,0.55,0.995776906112071
14,3,0.60,0.9979290950064049
14,3,0.65,0.9973033345578824
14,3,0.70,0.9977126539301906
14,3,0.75,0.9979784726278846
14,3,0.80,0.995341295024001
14,3,0.85,0.9959336712316404
14,3,0.90,0.9954371136170506
14,3,0.95,0.995852639036544
14,4,0.05,0.9853768799201806
14,4,0.10,0.9914168666188086
14,4,0.15,0.9940307888202079
14,4,0.20,0.9941240679774793
14,4,0.25,0.9969676315414492
14,4,0.30,0.9974346211911099
14,4,0.35,0.9979525792544929
14,4,0.40,0.9964874810955885
14,4,0.45,0.9975279668103011
14,4,0.50,0.9947731650506053
14,4,0.55,0.9978580036229803
14,4,0.60,0.9954841606466606
14,4,0.65,0.9970296886045958
14,4,0.70,0.9943166126647106
14,4,0.75,0.9949907652405005
14,4,0.80,0.9908653475673781
14,4,0.85,0.9960079845081409
14,4,0.90,0.9952505616379032
14,4,0.95,0.9979807893002136
14,5,0.05,0.9793091223897337
14,5,0.10,0.9903136114833937
14,5,0.15,0.9922591607099072
14,5,0.20,0.9962601697533296
14,5,0.25,0.9952644278623614
14,5,0.30,0.9939302305851268
14,5,0.35,0.9949322349864642
14,5,0.40,0.9951680916968265
14,5,0.45,0.9977645175244243
14,5,0.50,0.9977502261002068
14,5,0.55,0.9956291646318899
14,5,0.60,0.9973682509940881
14,5,0.65,0.9980839390343219
14,5,0.70,0.9945896908771288
14,5,0.75,0.9961653472131907
14,5,0.80,0.9956863033018514
14,5,0.85,0.9934481629696099
14,5,0.90,0.9958266214792305
14,5,0.95,0.9954749371136249
14,6,0.05,0.9787968538306429
14,6,0.10,0.9893605298442197
14,6,0.15,0.99416492602056
14,6,0.20,0.9938676931206537
14,6,0.25,0.9939418171821016
14,6,0.30,0.9955844963690479
14,6,0.35,0.9975509112717404
14,6,0.40,0.9973394040737478
14,6,0.45,0.9979703619984349
14,6,0.50,0.9948360575709325
14,6,0.55,0.9970874708290806
14,6,0.60,0.9948440446385609
14,6,0.65,0.9976963032543672
14,6,0.70,0.9944193443509634
14,6,0.75,0.9956353616024322
14,6,0.80,0.9972511278970784
14,6,0.85,0.998127144984807
14,6,0.90,0.9963786999731075
14,6,0.95,0.9982087542966139
14,7,0.05,0.9843978408878603
14,7,0.10,0.9935700015023651
14,7,0.15,0.9929296778461421
14,7,0.20,0.9961298569261703
14,7,0.25,0.9967316471612613
14,7,0.30,0.9950642562470462
14,7,0.35,0.9948152433155614
14,7,0.40,0.9951429628969612
14,7,0.45,0.9954897779140672
14,7,0.50,0.9970494060636357
14,7,0.55,0.9962055915562474
14,7,0.60,0.9935736620795852
14,7,0.65,0.9976048251670484
14,7,0.70,0.9918581049513938
14,7,0.75,0.9970699774410241
14,7,0.80,0.9977529354872245
14,7,0.85,0.9978946054404481
14,7,0.90,0.9960226922863941
14,7,0.95,0.997847095408366
14,8,0.05,0.9663921388990401
14,8,0.10,0.9885565969293577
14,8,0.15,0.9951648857003751
14,8,0.20,0.9963538770050855
14,8,0.25,0.9956527526954034
14,8,0.30,0.9943023019885483
14,8,0.35,0.9926007227151791
14,8,0.40,0.9968678275356584
14,8,0.45,0.9970807783206771
14,8,0.50,0.9979910397707408
14,8,0.55,0.9948509767668399
14,8,0.60,0.9973976710568456
14,8,0.65,0.9958109744549144
14,8,0.70,0.9936401896355181
14,8,0.75,0.9915300767574826
14,8,0.80,0.9967613727022058
14,8,0.85,0.9979041815659915
14,8,0.90,0.9916784657849744
14,8,0.95,0.9939705992028928
14,9,0.05,0.9899374105863421
14,9,0.10,0.9956484144595689
14,9,0.15,0.9955954510715403
14,9,0.20,0.9975846763721843
14,9,0.25,0.9966350955269397
14,9,0.30,0.9954330016304838
14,9,0.35,0.994719502926657
14,9,0.40,0.9930110705412146
14,9,0.45,0.9979860617050164
14,9,0.50,0.9957160814235898
14,9,0.55,0.9949905656901382
14,9,0.60,0.998037051847544
14,9,0.65,0.9978670465790411
14,9,0.70,0.9978626356930509
14,9,0.75,0.9976040058424747
14,9,0.80,0.9918463448901076
14,9,0.85,0.9956437732649153
14,9,0.90,0.997638088760752
14,9,0.95,0.9909417582069935
15,0,0.05,0.9796518794680267
15,0,0.10,0.9769278560825965
15,0,0.15,0.9942688444541071
15,0,0.20,0.9968468329025633
15,0,0.25,0.9979687310419006
15,0,0.30,0.9979503785560023
15,0,0.35,0.9941812254082153
15,0,0.40,0.9974281329525303
15,0,0.45,0.9975557273786041
15,0,0.50,0.9986528337405818
15,0,0.55,0.997203832397642
15,0,0.60,0.9972331939952794
15,0,0.65,0.9978415901250319
15,0,0.70,0.9976437103847984
15,0,0.75,0.9944209181041199
15,0,0.80,0.9977143685701143
15,0,0.85,0.9972950255866443
15,0,0.90,0.9977394995768993
15,0,0.95,0.99707504650205
15,1,0.05,0.9273807192770207
15,1,0.10,0.9860901976200678
15,1,0.15,0.9946594452527872
15,1,0.20,0.9961604921128053
15,1,0.25,0.9971553341560556
15,1,0.30,0.9943756474950097
15,1,0.35,0.9951456311867881
15,1,0.40,0.9982215746760428
15,1,0.45,0.9974705741400145
15,1,0.50,0.9976696329939243
15,1,0.55,0.9961978853416689
15,1,0.60,0.9926219448920117
15,1,0.65,0.9974315263509584
15,1,0.70,0.9956557862553725
15,1,0.75,0.9944475722323224
15,1,0.80,0.9937359327493843
15,1,0.85,0.9977563589337982
15,1,0.90,0.9955784082737357
15,1,0.95,0.9955330417462859
15,2,0.05,0.9630187181117507
15,2,0.10,0.9904258141026173
15,2,0.15,0.9923890967151576
15,2,0.20,0.9968071306423136
15,2,0.25,0.9956948346828554
15,2,0.30,0.9940137476238933
15,2,0.35,0.9980131774238592
15,2,0.40,0.994261916242696
15,2,0.45,0.9971129457387096
15,2,0.50,0.9978250295974981
15,2,0.55,0.9973688321722303
15,2,0.60,0.9981018838148273
15,2,0.65,0.9973877655711662
15,2,0.70,0.9957608943171526
15,2,0.75,0.9941001407056039
15,2,0.80,0.9979402803048438
15,2,0.85,0.9952889707215024
15,2,0.90,0.9975756522791677
15,2,0.95,0.9949943489267921
15,3,0.05,0.9682477999165106
15,3,0.10,0.994627552091835
15,3,0.15,0.993337674605497
15,3,0.20,0.9946879364944216
15,3,0.25,0.9956058658012991
15,3,0.30,0.9969789361555255
15,3,0.35,0.997972887069478
15,3,0.40,0.9969730413833259
15,3,0.45,0.9982642361125924
15,3,0.50,0.9958653155593956
15,3,0.55,0.997998551384099
15,3,0.60,0.9979034424585592
15,3,0.65,0.9976864190265118
15,3,0.70,0.9975641516376796
15,3,0.75,0.9972265779178587
15,3,0.80,0.997608623631848
15,3,0.85,0.9939096067882764
15,3,0.90,0.9957905771797166
15,3,0.95,0.9950343358696575
15,4,0.05,0.9705070110426294
15,4,0.10,0.9814808772528274
15,4,0.15,0.9933014391244126
15,4,0.20,0.995060736576054
15,4,0.25,0.997208394646108
15,4,0.30,0.997527296984038
15,4,0.35,0.9972762968951925
15,4,0.40,0.9977090031377897
15,4,0.45,0.9979412168496824
15,4,0.50,0.9955231231445918
15,4,0.55,0.9976651917801774
15,4,0.60,0.9954056752066902
15,4,0.65,0.9946941478020155
15,4,0.70,0.9978104318564535
15,4,0.75,0.9969731861891119
15,4,0.80,0.9980545995991581
15,4,0.85,0.9953932429095477
15,4,0.90,0.9925794055855335
15,4,0.95,0.9980981586041877
15,5,0.05,0.98189069082723
15,5,0.10,0.9914618936418927
15,5,0.15,0.9878980259169037
15,5,0.20,0.9960783183095724
15,5,0.25,0.9942728070290325
15,5,0.30,0.9953037430925811
15,5,0.35,0.9913158199154294
15,5,0.40,0.9952060248471426
15,5,0.45,0.9979388847917888
15,5,0.50,0.9959390433991394
15,5,0.55,0.997562120475456
15,5,0.60,0.9920633491816792
15,5,0.65,0.9979563516817198
15,5,0.70,0.9960308351437406
15,5,0.75,0.9966941788726755
15,5,0.80,0.9974653384797574
15,5,0.85,0.9979351464169819
15,5,0.90,0.9984001729577253
15,5,0.95,0.9975396315684082
15,6,0.05,0.9811011294932583
15,6,0.10,0.9896346506441273
15,6,0.15,0.9960109679505491
15,6,0.20,0.9977695500190622
15,6,0.25,0.9970043670987007
15,6,0.30,0.9942242096803814
15,6,0.35,0.9937406304321706
15,6,0.40,0.9951594552046078
15,6,0.45,0.9979585755670927
15,6,0.50,0.9965749026805532
15,6,0.55,0.9971654252308199
15,6,0.60,0.9975083218128743
15,6,0.65,0.99760296781416
15,6,0.70,0.996232851172003
15,6,0.75,0.9954830132439333
15,6,0.80,0.9943610516336887
15,6,0.85,0.9973391039841729
15,6,0.90,0.9970957624756438
15,6,0.95,0.9974689247718553
15,7,0.05,0.968414952621765
15,7,0.10,0.9903312502024203
15,7,0.15,0.9909208993532383
15,7,0.20,0.9960279577959248
15,7,0.25,0.9984685252508765
15,7,0.30,0.9945466387683822
15,7,0.35,0.9960774199706949
15,7,0.40,0.9975198053893349
15,7,0.45,0.9928158597423828
15,7,0.50,0.9972531457599499
15,7,0.55,0.9974701757046358
15,7,0.60,0.9976110897555508
15,7,0.65,0.9956132587488652
15,7,0.70,0.9968844613233805
15,7,0.75,0.9924605669622338
15,7,0.80,0.9974970135074984
15,7,0.85,0.9979449374185028
15,7,0.90,0.9974385095783179
15,7,0.95,0.9975144707438252
15,8,0.05,0.9370016218591433
15,8,0.10,0.991119882017571
15,8,0.15,0.994531079654416
15,8,0.20,0.9970226765335283
15,8,0.25,0.9975580312974257
15,8,0.30,0.9971577979879546
15,8,0.35,0.9974778695750003
15,8,0.40,0.9975379176394352
15,8,0.45,0.9979731337415022
15,8,0.50,0.9957693694445807
15,8,0.55,0.9972193489496777
15,8,0.60,0.9976735662635882
15,8,0.65,0.9978210599238705
15,8,0.70,0.9966025508484356
15,8,0.75,0.9953732550217765
15,8,0.80,0.9956647501700917
15,8,0.85,0.995743672209492
15,8,0.90,0.9953116345942167
15,8,0.95,0.9958808882324548
15,9,0.05,0.9687762867881363
15,9,0.10,0.996761678294709
15,9,0.15,0.9934503896347232
15,9,0.20,0.9942244332061537
15,9,0.25,0.9929956345918909
15,9,0.30,0.997354211335265
15,9,0.35,0.9975326383717404
15,9,0.40,0.9978724382218642
15,9,0.45,0.9976514024952492
15,9,0.50,0.998192644838779
15,9,0.55,0.9981821011542713
15,9,0.60,0.9975530813733632
15,9,0.65,0.9944679499020489
15,9,0.70,0.997663356922906
15,9,0.75,0.9944381955429201
15,9,0.80,0.9974047258501898
15,9,0.85,0.9979070583107846
15,9,0.90,0.9957186762568255
15,9,0.95,0.9975012860046149
16,0,0.05,0.9760302402403456
16,0,0.10,0.9924799594185557
16,0,0.15,0.9954738470521821
16,0,0.20,0.9941456415234512
16,0,0.25,0.996954457181765
16,0,0.30,0.9981892262280525
16,0,0.35,0.9955985047352791
16,0,0.40,0.9935996909328096
16,0,0.45,0.9958434933191225
16,0,0.50,0.9968320126568486
16,0,0.55,0.9951953698378069
16,0,0.60,0.9956357716475586
16,0,0.65,0.9977082824968415
16,0,0.70,0.9958518544063588
16,0,0.75,0.9959642689565954
16,0,0.80,0.9942616240300481
16,0,0.85,0.99453812234754
16,0,0.90,0.9959417905328642
16,0,0.95,0.9949101712356541
16,1,0.05,0.9756196262600969
16,1,0.10,0.9906893509862927
16,1,0.15,0.9940058937578526
16,1,0.20,0.9956486282007649
16,1,0.25,0.9949595632614983
16,1,0.30,0.9949324603379532
16,1,0.35,0.9958079020888574
16,1,0.40,0.9952791192385565
16,1,0.45,0.9941073814259795
16,1,0.50,0.9974894148638648
16,1,0.55,0.990920592957167
16,1,0.60,0.9959096912550008
16,1,0.65,0.9935768388969168
16,1,0.70,0.9970370247545473
16,1,0.75,0.9953934004049165
16,1,0.80,0.9961742715447809
16,1,0.85,0.9926961053779745
16,1,0.90,0.9972821802338623
16,1,0.95,0.9951259536003166
16,2,0.05,0.9679171008194238
16,2,0.10,0.9877418711424799
16,2,0.15,0.9950850732238624
16,2,0.20,0.995851176396948
16,2,0.25,0.9945851751844843
16,2,0.30,0.99750335300404
16,2,0.35,0.9956160606232132
16,2,0.40,0.9947325504162612
16,2,0.45,0.995246794313602
16,2,0.50,0.9978860166088952
16,2,0.55,0.9980173379364684
16,2,0.60,0.9952648891209459
16,2,0.65,0.9979852329714236
16,2,0.70,0.9970444809537928
16,2,0.75,0.9964736920721344
16,2,0.80,0.9978831680151174
16,2,0.85,0.9953467348097342
16,2,0.90,0.9980191986974167
16,2,0.95,0.9974094070365908
16,3,0.05,0.9636174587853515
16,3,0.10,0.9913454671930375
16,3,0.15,0.9944550738791536
16,3,0.20,0.9955632462237247
16,3,0.25,0.9962120466662777
16,3,0.30,0.9946296524872957
16,3,0.35,0.9980382242107142
16,3,0.40,0.9939741437439725
16,3,0.45,0.991098282587123
16,3,0.50,0.9951863652382452
16,3,0.55,0.9979533564329865
16,3,0.60,0.9960947021510893
16,3,0.65,0.991991105626195
16,3,0.70,0.9942836265421376
16,3,0.75,0.9980874995313915
16,3,0.80,0.9939088980567287
16,3,0.85,0.9952766395950324
16,3,0.90,0.9976375145321443
16,3,0.95,0.9973740513707368
16,4,0.05,0.9911792873119986
16,4,0.10,0.9945263307853105
16,4,0.15,0.9977323373609215
16,4,0.20,0.9969945444608028
16,4,0.25,0.996321709018815
16,4,0.30,0.9929494796220294
16,4,0.35,0.9941465698692633
16,4,0.40,0.9974892055197127
16,4,0.45,0.9950066926135437
16,4,0.50,0.9977346809924801
16,4,0.55,0.995300330359893
16,4,0.60,0.9979288486362167
16,4,0.65,0.9929962729623903
16,4,0.70,0.99550779747044
16,4,0.75,0.9977600108855605
16,4,0.80,0.997959627853401
16,4,0.85,0.9958077668793693
16,4,0.90,0.9974005186825997
16,4,0.95,0.9948133849276004
16,5,0.05,0.9625443622077611
16,5,0.10,0.990396273754235
16,5,0.15,0.9961101538409888
16,5,0.20,0.9968006000000589
16,5,0.25,0.994473631788224
16,5,0.30,0.9977640563787004
16,5,0.35,0.9948149924198115
16,5,0.40,0.9951575898526284
16,5,0.45,0.9949924258297966
16,5,0.50,0.9958016158226115
16,5,0.55,0.9971548642940093
16,5,0.60,0.9981656357019575
16,5,0.65,0.9973984548352852
16,5,0.70,0.996233391401936
16,5,0.75,0.9942149100769619
16,5,0.80,0.9954059588624554
16,5,0.85,0.9958080090549455
16,5,0.90,0.9977757347124786
16,5,0.95,0.9957853166579953
16,6,0.05,0.9879685588145878
16,6,0.10,0.996398029079853
16,6,0.15,0.9969442743581759
16,6,0.20,0.9901481534244797
16,6,0.25,0.9963763592322571
16,6,0.30,0.9981820128104035
16,6,0.35,0.9969817664752747
16,6,0.40,0.9954509757308678
16,6,0.45,0.9980468037745132
16,6,0.50,0.9951341259498006
16,6,0.55,0.9958788790258395
16,6,0.60,0.9956771490795985
16,6,0.65,0.9951663269055792
16,6,0.70,0.9954743217301248
16,6,0.75,0.995687406528517
16,6,0.80,0.9982636129401911
16,6,0.85,0.9972481860620197
16,6,0.90,0.9960411210201434
16,6,0.95,0.9976539099151505
16,7,0.05,0.9867215129477799
16,7,0.10,0.9903021239627897
16,7,0.15,0.9968696001053512
16,7,0.20,0.9970288999539655
16,7,0.25,0.9961027159669971
16,7,0.30,0.995202562580198
16,7,0.35,0.9943707294146167
16,7,0.40,0.9964655163009678
16,7,0.45,0.9941247586602426
16,7,0.50,0.9905951853085577
16,7,0.55,0.9979994118897848
16,7,0.60,0.9902002857462748
16,7,0.65,0.9979795011413108
16,7,0.70,0.9947248599209433
16,7,0.75,0.9912728407147847
16,7,0.80,0.995521186042603
16,7,0.85,0.9984882753402197
16,7,0.90,0.9936362918486039
16,7,0.95,0.9978753501029628
16,8,0.05,0.9772029209109061
16,8,0.10,0.9973794082854265
16,8,0.15,0.9964246062759513
16,8,0.20,0.996802945198662
16,8,0.25,0.9908051060346091
16,8,0.30,0.9977527131462463
16,8,0.35,0.9951070420632228
16,8,0.40,0.9911693274931708
16,8,0.45,0.9950684516514462
16,8,0.50,0.9900543968350667
16,8,0.55,0.9975838042033479
16,8,0.60,0.9978691145122089
16,8,0.65,0.994895347324742
16,8,0.70,0.995335296906611
16,8,0.75,0.9927241891695197
16,8,0.80,0.9955956336701957
16,8,0.85,0.9952768613281141
16,8,0.90,0.9945827781857611
16,8,0.95,0.9977032216217048
16,9,0.05,0.9927572045791828
16,9,0.10,0.9925865489798427
16,9,0.15,0.9954101401358751
16,9,0.20,0.9965634891677051
16,9,0.25,0.9950934813391795
16,9,0.30,0.9968472483988214
16,9,0.35,0.9949157100988599
16,9,0.40,0.9901944676701204
16,9,0.45,0.9941839553533086
16,9,0.50,0.9982121581749896
16,9,0.55,0.9925060693006555
16,9,0.60,0.9973451103105501
16,9,0.65,0.9958143850267449
16,9,0.70,0.9977071216224059
16,9,0.75,0.9924309702761837
16,9,0.80,0.9960885312576929
16,9,0.85,0.9978760320493052
16,9,0.90,0.9977989016231176
16,9,0.95,0.9950438998894897
17,0,0.05,0.9794156096155646
17,0,0.10,0.9913383661479599
17,0,0.15,0.9947298681164571
17,0,0.20,0.996192639991977
17,0,0.25,0.9956353795593496
17,0,0.30,0.9942655058160957
17,0,0.35,0.996004704347341
17,0,0.40,0.9955725654470126
17,0,0.45,0.9925962592079697
17,0,0.50,0.9980319163830991
17,0,0.55,0.9954503571607033
17,0,0.60,0.9951749250463479
17,0,0.65,0.9943532501133884
17,0,0.70,0.9952191224022952
17,0,0.75,0.9951876375248394
17,0,0.80,0.9951600916979843
17,0,0.85,0.9954903509426799
17,0,0.90,0.9974976221802448
17,0,0.95,0.9918922431841359
17,1,0.05,0.8254114437403454
17,1,0.10,0.9913655475928018
17,1,0.15,0.9908450943153213
17,1,0.20,0.9958183589982055
17,1,0.25,0.9966078181826903
17,1,0.30,0.9976267472322544
17,1,0.35,0.9967496708408703
17,1,0.40,0.9972508363427599
17,1,0.45,0.9955391679268414
17,1,0.50,0.9932425192156683
17,1,0.55,0.9978823751550964
17,1,0.60,0.9958164767416223
17,1,0.65,0.9962242827896969
17,1,0.70,0.9957636999401921
17,1,0.75,0.9944411258694832
17,1,0.80,0.9948069617421996
17,1,0.85,0.9964788531439601
17,1,0.90,0.9951150952242317
17,1,0.95,0.9964560442205277
17,2,0.05,0.9192270371236773
17,2,0.10,0.9915910811439653
17,2,0.15,0.9952007284346039
17,2,0.20,0.9961319465035345
17,2,0.25,0.9955142263293265
17,2,0.30,0.9945397770685711
17,2,0.35,0.9899770132982405
17,2,0.40,0.9978304220452356
17,2,0.45,0.9942974239496905
17,2,0.50,0.9919502463892903
17,2,0.55,0.9948987921368361
17,2,0.60,0.9978148034578206
17,2,0.65,0.9954357233749151
17,2,0.70,0.9972855071012331
17,2,0.75,0.996641374582979
17,2,0.80,0.9930295532593498
17,2,0.85,0.9911954614233758
17,2,0.90,0.9936179550257181
17,2,0.95,0.9956023115048916
17,3,0.05,0.9523047767213971
17,3,0.10,0.9814428706226581
17,3,0.15,0.9950638844178396
17,3,0.20,0.9949115151870978
17,3,0.25,0.9949745690376588
17,3,0.30,0.9971692905739584
17,3,0.35,0.992630689711987
17,3,0.40,0.9941838006612115
17,3,0.45,0.9976521080246226
17,3,0.50,0.9949868223707321
17,3,0.55,0.9973995895498555
17,3,0.60,0.9952625631389945
17,3,0.65,0.9958353422626356
17,3,0.70,0.9963154608564802
17,3,0.75,0.9973949716444681
17,3,0.80,0.9952185172312904
17,3,0.85,0.9976066301627691
17,3,0.90,0.9954318700192526
17,3,0.95,0.9977382132858158
17,4,0.05,0.9520766461179119
17,4,0.10,0.9941563123189133
17,4,0.15,0.995739081975389
17,4,0.20,0.9942845700299793
17,4,0.25,0.9947959987716177
17,4,0.30,0.9966482278054961
17,4,0.35,0.9977859587471912
17,4,0.40,0.9918160914347007
17,4,0.45,0.9924329858921261
17,4,0.50,0.9974511283226181
17,4,0.55,0.9916750183541135
17,4,0.60,0.9959023326658146
17,4,0.65,0.9977581729520704
17,4,0.70,0.9973972953170395
17,4,0.75,0.9957018656908263
17,4,0.80,0.9970745436103787
17,4,0.85,0.995512924083348
17,4,0.90,0.9965807792477357
17,4,0.95,0.9965685209937131
17,5,0.05,0.9656403996722498
17,5,0.10,0.9911978829896644
17,5,0.15,0.9969343679406831
17,5,0.20,0.9960055532093964
17,5,0.25,0.9968253078833564
17,5,0.30,0.9952981441605158
17,5,0.35,0.9976476875278358
17,5,0.40,0.997480169775361
17,5,0.45,0.9981257518781985
17,5,0.50,0.9949973100608681
17,5,0.55,0.9959600546600944
17,5,0.60,0.9976791956525272
17,5,0.65,0.9974529432082633
17,5,0.70,0.9954026940500187
17,5,0.75,0.9926913666200038
17,5,0.80,0.9956155024350641
17,5,0.85,0.9953442817421043
17,5,0.90,0.9931893051314507
17,5,0.95,0.9949288881120939
17,6,0.05,0.9769311589306888
17,6,0.10,0.9917396987618652
17,6,0.15,0.9964912234201835
17,6,0.20,0.9949830551930099
17,6,0.25,0.9950432358682981
17,6,0.30,0.9944538421655943
17,6,0.35,0.9949248211697547
17,6,0.40,0.996247240611362
17,6,0.45,0.9952227270299093
17,6,0.50,0.9937813169132425
17,6,0.55,0.9976816734419244
17,6,0.60,0.9980277306824853
17,6,0.65,0.9975034285978623
17,6,0.70,0.9954875628038892
17,6,0.75,0.9948847563899195
17,6,0.80,0.992259020016683
17,6,0.85,0.9954631074970828
17,6,0.90,0.9958482625216345
17,6,0.95,0.9956759771725727
17,7,0.05,0.9783490187104059
17,7,0.10,0.9961265718791222
17,7,0.15,0.9962137621943168
17,7,0.20,0.9961749679806928
17,7,0.25,0.9976168401933851
17,7,0.30,0.9956281631910032
17,7,0.35,0.9945233228312909
17,7,0.40,0.9977148814385659
17,7,0.45,0.9950398011208433
17,7,0.50,0.9977858350240181
17,7,0.55,0.9950470350983968
17,7,0.60,0.9957561918411884
17,7,0.65,0.9950137859943805
17,7,0.70,0.9943531390293413
17,7,0.75,0.9951571805701079
17,7,0.80,0.995444907295555
17,7,0.85,0.9957336694900144
17,7,0.90,0.9910850560734599
17,7,0.95,0.9960389142710939
17,8,0.05,0.970743433687454
17,8,0.10,0.993409537376392
17,8,0.15,0.9953505426721309
17,8,0.20,0.9948613001992952
17,8,0.25,0.9978139200301471
17,8,0.30,0.9951962698154699
17,8,0.35,0.9955664521355969
17,8,0.40,0.9948650504255594
17,8,0.45,0.9954445535500364
17,8,0.50,0.9940722888183025
17,8,0.55,0.9925019100852817
17,8,0.60,0.997696222241528
17,8,0.65,0.9978449531509157
17,8,0.70,0.9949773640742614
17,8,0.75,0.9979703252079941
17,8,0.80,0.9914094290971827
17,8,0.85,0.9954633922463727
17,8,0.90,0.9975339431792384
17,8,0.95,0.9949221873000643
17,9,0.05,0.9485283190514481
17,9,0.10,0.9875393989479475
17,9,0.15,0.9928063202402324
17,9,0.20,0.9949031791582812
17,9,0.25,0.9970377992410964
17,9,0.30,0.9943908184009883
17,9,0.35,0.9901467885305347
17,9,0.40,0.9976707288541474
17,9,0.45,0.9938216924561322
17,9,0.50,0.9941692513079999
17,9,0.55,0.9948505462504914
17,9,0.60,0.9906312689870738
17,9,0.65,0.9972724851516551
17,9,0.70,0.9938827954409367
17,9,0.75,0.9936982685895026
17,9,0.80,0.9936607492842509
17,9,0.85,0.9951668028071472
17,9,0.90,0.9944867882777428
17,9,0.95,0.9973574217470715
18,0,0.05,0.9827219951372494
18,0,0.10,0.9910433492606895
18,0,0.15,0.9958425861431112
18,0,0.20,0.995537855186436
18,0,0.25,0.9972650258358023
18,0,0.30,0.9980014376756049
18,0,0.35,0.9973740668767327
18,0,0.40,0.9941803724606382
18,0,0.45,0.9978276875193497
18,0,0.50,0.9955570531043085
18,0,0.55,0.9971143495540825
18,0,0.60,0.9953200131796809
18,0,0.65,0.9955131478625255
18,0,0.70,0.9984183987292253
18,0,0.75,0.9976131374099955
18,0,0.80,0.9980395299466609
18,0,0.85,0.9954052407190448
18,0,0.90,0.9957168943860973
18,0,0.95,0.9951095185516349
18,1,0.05,0.9646675720646531
18,1,0.10,0.99406187709562
18,1,0.15,0.9955894429565969
18,1,0.20,0.9975309945533186
18,1,0.25,0.9981122709914791
18,1,0.30,0.9978183388538082
18,1,0.35,0.9983665804680681
18,1,0.40,0.9966243812218668
18,1,0.45,0.9980822657681697
18,1,0.50,0.9928341794344352
18,1,0.55,0.9954378867927305
18,1,0.60,0.9960507080425177
18,1,0.65,0.9921921801554977
18,1,0.70,0.998410151407369
18,1,0.75,0.9949260725016192
18,1,0.80,0.9982264985552893
18,1,0.85,0.9979717717057398
18,1,0.90,0.9921722711013822
18,1,0.95,0.9953828397829285
18,2,0.05,0.9463999145306121
18,2,0.10,0.9888253065028838
18,2,0.15,0.9916095795750749
18,2,0.20,0.9929718636451017
18,2,0.25,0.9970867839686456
18,2,0.30,0.9974453523326826
18,2,0.35,0.9960150344211545
18,2,0.40,0.996971928351144
18,2,0.45,0.9958882504945719
18,2,0.50,0.9973838314537132
18,2,0.55,0.9966609131164185
18,2,0.60,0.9938548927755277
18,2,0.65,0.9944851151177242
18,2,0.70,0.9972812776257787
18,2,0.75,0.9952867147877564
18,2,0.80,0.9973805418636703
18,2,0.85,0.9975792754733209
18,2,0.90,0.9930634306599287
18,2,0.95,0.9952963502667698
18,3,0.05,0.8898981148289843
18,3,0.10,0.9955374718434898
18,3,0.15,0.9973202526537566
18,3,0.20,0.9950431946797731
18,3,0.25,0.9962238007130304
18,3,0.30,0.9971387187828918
18,3,0.35,0.9971951753585802
18,3,0.40,0.9966922693561499
18,3,0.45,0.9954377750516819
18,3,0.50,0.995179597493743
18,3,0.55,0.9950740559669312
18,3,0.60,0.9946336989829473
18,3,0.65,0.9912823498972044
18,3,0.70,0.9949307018858692
18,3,0.75,0.9957995331092528
18,3,0.80,0.9950827279413841
18,3,0.85,0.9957880083964489
18,3,0.90,0.9929156615870481
18,3,0.95,0.9977752965931801
18,4,0.05,0.9853563025591874
18,4,0.10,0.9896272403536328
18,4,0.15,0.9935595884323561
18,4,0.20,0.9939872893446855
18,4,0.25,0.9968557303307921
18,4,0.30,0.9966438885425566
18,4,0.35,0.9954764758355968
18,4,0.40,0.9970058293563557
18,4,0.45,0.9977286909604665
18,4,0.50,0.9950098707354671
18,4,0.55,0.9951015771550532
18,4,0.60,0.9912184299180985
18,4,0.65,0.9941235158884203
18,4,0.70,0.9950542272080802
18,4,0.75,0.9973246265129533
18,4,0.80,0.9973041681698501
18,4,0.85,0.9958260040600745
18,4,0.90,0.9976146299898083
18,4,0.95,0.9977704636516174
18,5,0.05,0.9685084391881732
18,5,0.10,0.9937178572417453
18,5,0.15,0.9929167034513219
18,5,0.20,0.9957424959426494
18,5,0.25,0.9919221241936982
18,5,0.30,0.9977856762131978
18,5,0.35,0.9948422336904222
18,5,0.40,0.9959672212228096
18,5,0.45,0.997254679931876
18,5,0.50,0.9979429998670732
18,5,0.55,0.9975016919339116
18,5,0.60,0.9945488117052402
18,5,0.65,0.9951121167094362
18,5,0.70,0.9955877873544663
18,5,0.75,0.9968438223294259
18,5,0.80,0.9975242456200036
18,5,0.85,0.9976223687829059
18,5,0.90,0.9976481391785942
18,5,0.95,0.9919392117607535
18,6,0.05,0.9707209370110667
18,6,0.10,0.9909984200463341
18,6,0.15,0.9957099791583653
18,6,0.20,0.9943854331492554
18,6,0.25,0.9977468096192685
18,6,0.30,0.9978942419602911
18,6,0.35,0.9971584849859124
18,6,0.40,0.9957005677391301
18,6,0.45,0.9974874954876124
18,6,0.50,0.9972069340214991
18,6,0.55,0.9954744919880514
18,6,0.60,0.9908630311941677
18,6,0.65,0.9949087270957497
18,6,0.70,0.9963547745701964
18,6,0.75,0.995858520415952
18,6,0.80,0.9939085959928426
18,6,0.85,0.9976888220540119
18,6,0.90,0.9926379741175562
18,6,0.95,0.9975356934565135
18,7,0.05,0.9709352789933041
18,7,0.10,0.985776117860554
18,7,0.15,0.9953010789674126
18,7,0.20,0.9960387256974111
18,7,0.25,0.9978130855294289
18,7,0.30,0.9974977389276011
18,7,0.35,0.9972993627806301
18,7,0.40,0.9981679653766891
18,7,0.45,0.9979970153107337
18,7,0.50,0.9978620269157666
18,7,0.55,0.9974133648069472
18,7,0.60,0.9948284497455849
18,7,0.65,0.9952308895002893
18,7,0.70,0.9981399858982719
18,7,0.75,0.9919262136385574
18,7,0.80,0.9951286591572787
18,7,0.85,0.9956476900280692
18,7,0.90,0.9941147526924566
18,7,0.95,0.994760060572435
18,8,0.05,0.9800525983558162
18,8,0.10,0.9907362009168603
18,8,0.15,0.9958967488357787
18,8,0.20,0.9941924419454091
18,8,0.25,0.9931107732587982
18,8,0.30,0.9968121731616539
18,8,0.35,0.9972098400673587
18,8,0.40,0.9971814709348426
18,8,0.45,0.9955743694636405
18,8,0.50,0.9942654823922489
18,8,0.55,0.9973452585560033
18,8,0.60,0.9922155931264237
18,8,0.65,0.9956513937537144
18,8,0.70,0.9958534320946867
18,8,0.75,0.9917107717913152
18,8,0.80,0.9977267802857751
18,8,0.85,0.9958766078552114
18,8,0.90,0.9907316104077909
18,8,0.95,0.9956587379571776
18,9,0.05,0.9271375827546363
18,9,0.10,0.992630255667859
18,9,0.15,0.9917192260400182
18,9,0.20,0.9953446463664861
18,9,0.25,0.9975720201937899
18,9,0.30,0.9947264341516538
18,9,0.35,0.9967476379306429
18,9,0.40,0.9943487052423103
18,9,0.45,0.9972761351469854
18,9,0.50,0.9978768368995732
18,9,0.55,0.9939663303852545
18,9,0.60,0.9962638130813878
18,9,0.65,0.9975220456758402
18,9,0.70,0.997363069067284
18,9,0.75,0.995143430139274
18,9,0.80,0.9972974305551524
18,9,0.85,0.9973460181473033
18,9,0.90,0.9920537397958749
18,9,0.95,0.9929177362844627
19,0,0.05,0.9828950477568943
19,0,0.10,0.9935250163815444
19,0,0.15,0.9923596286345542
19,0,0.20,0.9920449504920688
19,0,0.25,0.9965639293368557
19,0,0.30,0.997018083637916
19,0,0.35,0.996548244867057
19,0,0.40,0.9977143262995897
19,0,0.45,0.99744562483868
19,0,0.50,0.9979834191025752
19,0,0.55,0.997946561645278
19,0,0.60,0.9952659469534003
19,0,0.65,0.9973945720753269
19,0,0.70,0.9977778719431201
19,0,0.75,0.9976576084253297
19,0,0.80,0.9913537231049113
19,0,0.85,0.9978003600172716
19,0,0.90,0.9976217578786634
19,0,0.95,0.9960963258906261
19,1,0.05,0.9403356679384494
19,1,0.10,0.9912374626729902
19,1,0.15,0.9971208187136724
19,1,0.20,0.9969287368454423
19,1,0.25,0.9947749153455857
19,1,0.30,0.9920588087320175
19,1,0.35,0.9971485732969391
19,1,0.40,0.9974429104148191
19,1,0.45,0.994639308635864
19,1,0.50,0.9977877996671969
19,1,0.55,0.9970506810529319
19,1,0.60,0.9971663240944036
19,1,0.65,0.998036276913895
19,1,0.70,0.9973394180009935
19,1,0.75,0.9952861473727854
19,1,0.80,0.9978821289646329
19,1,0.85,0.9972192668983751
19,1,0.90,0.9922785842249771
19,1,0.95,0.99580469724551
19,2,0.05,0.9824327742072078
19,2,0.10,0.9867412007009604
19,2,0.15,0.99543544387074
19,2,0.20,0.9903612867852536
19,2,0.25,0.9982631779117915
19,2,0.30,0.9978720975334053
19,2,0.35,0.9974880483218831
19,2,0.40,0.992759811242175
19,2,0.45,0.9980857620956849
19,2,0.50,0.9958998532824207
19,2,0.55,0.9967689738543306
19,2,0.60,0.9960315078492559
19,2,0.65,0.9942658259182788
19,2,0.70,0.9976598817523352
19,2,0.75,0.9977830505158585
19,2,0.80,0.997314651146099
19,2,0.85,0.9930096562760229
19,2,0.90,0.9955026482821274
19,2,0.95,0.998024348985247
19,3,0.05,0.9427712299034873
19,3,0.10,0.9894344668036653
19,3,0.15,0.9971759232179647
19,3,0.20,0.997184162640557
19,3,0.25,0.9949407483490436
19,3,0.30,0.9969928619484959
19,3,0.35,0.9939838646407159
19,3,0.40,0.9979167516610393
19,3,0.45,0.9974622290758213
19,3,0.50,0.9957363053178071
19,3,0.55,0.9980234296949266
19,3,0.60,0.9979204536165902
19,3,0.65,0.9940978231762541
19,3,0.70,0.9981557385491642
19,3,0.75,0.9981744490137905
19,3,0.80,0.9973140915938993
19,3,0.85,0.995948078623149
19,3,0.90,0.9982229605580544
19,3,0.95,0.9979186991245463
19,4,0.05,0.9469598615488681
19,4,0.10,0.980096762111733
19,4,0.15,0.9923052950429909
19,4,0.20,0.9976374735539779
19,4,0.25,0.9977936165999648
19,4,0.30,0.9949225564912939
19,4,0.35,0.9943593671341873
19,4,0.40,0.9967091462053889
19,4,0.45,0.9942017666065959
19,4,0.50,0.9966995072305399
19,4,0.55,0.9977818590272938
19,4,0.60,0.9978022254791723
19,4,0.65,0.9957026093099066
19,4,0.70,0.9956864420930488
19,4,0.75,0.9950512207840444
19,4,0.80,0.9949010836154172
19,4,0.85,0.9958739156525483
19,4,0.90,0.9972021998188557
19,4,0.95,0.9952764654158239
19,5,0.05,0.9687382757276303
19,5,0.10,0.9927609942703589
19,5,0.15,0.9970667356285254
19,5,0.20,0.9953136754957184
19,5,0.25,0.9975701085953682
19,5,0.30,0.9962280235243306
19,5,0.35,0.9984811152739067
19,5,0.40,0.9981296353554306
19,5,0.45,0.9976581898722249
19,5,0.50,0.9972829205119329
19,5,0.55,0.9975124018374245
19,5,0.60,0.9938414142259473
19,5,0.65,0.9972546129946918
19,5,0.70,0.9954686749066591
19,5,0.75,0.9950113675855392
19,5,0.80,0.9974235109399084
19,5,0.85,0.9955480945391139
19,5,0.90,0.9961005357781064
19,5,0.95,0.9943939690691748
19,6,0.05,0.9824014254810667
19,6,0.10,0.987833286284887
19,6,0.15,0.9936698224386816
19,6,0.20,0.9950979266537862
19,6,0.25,0.9957361354576055
19,6,0.30,0.9903154875823428
19,6,0.35,0.9946246923598729
19,6,0.40,0.9951807329505895
19,6,0.45,0.9974066920850807
19,6,0.50,0.9944157638185817
19,6,0.55,0.9918207281456848
19,6,0.60,0.9978673108749108
19,6,0.65,0.99447158864368
19,6,0.70,0.9974403130908996
19,6,0.75,0.994300200143623
19,6,0.80,0.9979742862941717
19,6,0.85,0.9935929908693795
19,6,0.90,0.9949204946887644
19,6,0.95,0.9959067508621366
19,7,0.05,0.9755451261943543
19,7,0.10,0.9944847219398509
19,7,0.15,0.9909288991336799
19,7,0.20,0.9974563380859321
19,7,0.25,0.9965556711970054
19,7,0.30,0.9977427934435272
19,7,0.35,0.9966821085173742
19,7,0.40,0.9980315693338406
19,7,0.45,0.9946124691516183
19,7,0.50,0.9974201771894914
19,7,0.55,0.9975387949701301
19,7,0.60,0.9959904215546894
19,7,0.65,0.9957430574100933
19,7,0.70,0.9975558662547787
19,7,0.75,0.998104586415671
19,7,0.80,0.9901051246159911
19,7,0.85,0.9972663372570141
19,7,0.90,0.9956879595038405
19,7,0.95,0.9953949768623359
19,8,0.05,0.9834303453125047
19,8,0.10,0.9945756350118367
19,8,0.15,0.9966925768441695
19,8,0.20,0.9978733748656844
19,8,0.25,0.9936483087228375
19,8,0.30,0.9948607966943442
19,8,0.35,0.9974273215789441
19,8,0.40,0.9971752091065376
19,8,0.45,0.9949612192645332
19,8,0.50,0.9939574413067699
19,8,0.55,0.9972777864842577
19,8,0.60,0.9982215734537151
19,8,0.65,0.994866243285603
19,8,0.70,0.9980329696399116
19,8,0.75,0.9947849869465185
19,8,0.80,0.9967802773993261
19,8,0.85,0.9927889503500643
19,8,0.90,0.9943642638465021
19,8,0.95,0.9957885541041256
19,9,0.05,0.9883079378118107
19,9,0.10,0.9940314885407178
19,9,0.15,0.9887055029338898
19,9,0.20,0.9965844829851299
19,9,0.25,0.9963848035670948
19,9,0.30,0.9947215138735152
19,9,0.35,0.9970654465911428
19,9,0.40,0.994333822369358
19,9,0.45,0.9977013031685489
19,9,0.50,0.9976456749963492
19,9,0.55,0.997784636563258
19,9,0.60,0.9979461674766702
19,9,0.65,0.9983904052494937
19,9,0.70,0.9945601995694177
19,9,0.75,0.9981138329734986
19,9,0.80,0.9980922863033088
19,9,0.85,0.9963215733647425
19,9,0.90,0.9923005651796237
19,9,0.95,0.9946187908341328
20,0,0.05,0.9619531754672164
20,0,0.10,0.9781534914460341
20,0,0.15,0.9926392770108
20,0,0.20,0.9873705211515842
20,0,0.25,0.9938903837348185
20,0,0.30,0.9961377927903947
20,0,0.35,0.9968480391968404
20,0,0.40,0.9981847653734343
20,0,0.45,0.9979909483879419
20,0,0.50,0.9947552132497595
20,0,0.55,0.9955338354705813
20,0,0.60,0.9955629792079379
20,0,0.65,0.9976397013773409
20,0,0.70,0.9945966527807591
20,0,0.75,0.9975356089195455
20,0,0.80,0.9976749319735896
20,0,0.85,0.9981099499668045
20,0,0.90,0.9976097113648
20,0,0.95,0.9951691237221177
20,1,0.05,0.9308888005820529
20,1,0.10,0.9932268965522418
20,1,0.15,0.9956223091798744
20,1,0.20,0.9947143504342136
20,1,0.25,0.9904752451767221
20,1,0.30,0.989630212334166
20,1,0.35,0.9948276687752923
20,1,0.40,0.9941780571720648
20,1,0.45,0.9964071200113096
20,1,0.50,0.9962479534029719
20,1,0.55,0.9976268229487155
20,1,0.60,0.9981656012864004
20,1,0.65,0.9958159060709358
20,1,0.70,0.9983987995536712
20,1,0.75,0.9951649202064304
20,1,0.80,0.992439326576137
20,1,0.85,0.9977625609209494
20,1,0.90,0.9970240231716126
20,1,0.95,0.9944660377987986
20,2,0.05,0.9835801172894498
20,2,0.10,0.981296579390413
20,2,0.15,0.9929906741627446
20,2,0.20,0.9936976977070373
20,2,0.25,0.9910563841623978
20,2,0.30,0.995453244856477
20,2,0.35,0.9949718832527513
20,2,0.40,0.9953399543918237
20,2,0.45,0.9979458778964442
20,2,0.50,0.9970124598893011
20,2,0.55,0.9944526311155896
20,2,0.60,0.9984061549445868
20,2,0.65,0.9924182484405035
20,2,0.70,0.9978318839708983
20,2,0.75,0.9982278641839109
20,2,0.80,0.9925262124780283
20,2,0.85,0.9951156347137229
20,2,0.90,0.9969109132470275
20,2,0.95,0.9975730114556624
20,3,0.05,0.9823172671161232
20,3,0.10,0.9949021846101871
20,3,0.15,0.9880606795557733
20,3,0.20,0.9952546695339705
20,3,0.25,0.9913354864721109
20,3,0.30,0.992808470825309
20,3,0.35,0.9940718361618922
20,3,0.40,0.9974396467236235
20,3,0.45,0.9981670255927285
20,3,0.50,0.9963720920737968
20,3,0.55,0.991066625385415
20,3,0.60,0.9950308251813214
20,3,0.65,0.9949028448789948
20,3,0.70,0.9953337764417216
20,3,0.75,0.9948125726422495
20,3,0.80,0.9958575082419324
20,3,0.85,0.9979238674009453
20,3,0.90,0.9943089967935759
20,3,0.95,0.997720032896784
20,4,0.05,0.9864615359480713
20,4,0.10,0.9908926674746421
20,4,0.15,0.9946040490745867
20,4,0.20,0.9965001025630597
20,4,0.25,0.9958342632181735
20,4,0.30,0.9967902157357492
20,4,0.35,0.9970458202174894
20,4,0.40,0.9973426929572481
20,4,0.45,0.9969803770514016
20,4,0.50,0.9982057260545809
20,4,0.55,0.9915244865115063
20,4,0.60,0.9977299425639266
20,4,0.65,0.992621727297696
20,4,0.70,0.9918006416709468
20,4,0.75,0.9950155442890387
20,4,0.80,0.9952728909293921
20,4,0.85,0.9973981852446718
20,4,0.90,0.9946233245352155
20,4,0.95,0.9973389860102992
20,5,0.05,0.9718453909759718
20,5,0.10,0.9857571235661147
20,5,0.15,0.9904546669459062
20,5,0.20,0.9963777724927996
20,5,0.25,0.9921184224676542
20,5,0.30,0.9927302442115074
20,5,0.35,0.9939591631426585
20,5,0.40,0.9974218751751098
20,5,0.45,0.9971053859338622
20,5,0.50,0.9975979554668404
20,5,0.55,0.9974379162081886
20,5,0.60,0.9980267788921373
20,5,0.65,0.9980394347214726
20,5,0.70,0.9934285669233932
20,5,0.75,0.9947485610637897
20,5,0.80,0.9981367741240997
20,5,0.85,0.9973938250965477
20,5,0.90,0.9956423720480776
20,5,0.95,0.9973490628017918
20,6,0.05,0.9830083716536884
20,6,0.10,0.9944857365781035
20,6,0.15,0.9882443295576959
20,6,0.20,0.9967306163038504
20,6,0.25,0.9976519289955746
20,6,0.30,0.9922071344532448
20,6,0.35,0.9972540712517443
20,6,0.40,0.9929892942540102
20,6,0.45,0.9943517896786451
20,6,0.50,0.9907401379896205
20,6,0.55,0.9972188452747627
20,6,0.60,0.997854177443329
20,6,0.65,0.9977256109572399
20,6,0.70,0.9972853456912275
20,6,0.75,0.9974843577464331
20,6,0.80,0.9951583018172121
20,6,0.85,0.9950251888011973
20,6,0.90,0.9970021526653473
20,6,0.95,0.9924642738729068
20,7,0.05,0.9904214279954772
20,7,0.10,0.9752891395827314
20,7,0.15,0.9933666897750644
20,7,0.20,0.9955018618739164
20,7,0.25,0.996609443112757
20,7,0.30,0.9871377250942531
20,7,0.35,0.9964502620321548
20,7,0.40,0.9946090765022186
20,7,0.45,0.9972486210146208
20,7,0.50,0.9934207109098999
20,7,0.55,0.9933666967567206
20,7,0.60,0.9974531010145071
20,7,0.65,0.9922160523222937
20,7,0.70,0.997144944423974
20,7,0.75,0.9950467813535535
20,7,0.80,0.9976267619167695
20,7,0.85,0.9957183010492716
20,7,0.90,0.9953537692289042
20,7,0.95,0.9955374614016681
20,8,0.05,0.9678853812885818
20,8,0.10,0.9952863765060813
20,8,0.15,0.9948145084483215
20,8,0.20,0.9870326183330986
20,8,0.25,0.9904564286082539
20,8,0.30,0.9970449027793045
20,8,0.35,0.9936752311135459
20,8,0.40,0.9977686643625492
20,8,0.45,0.9979348115312823
20,8,0.50,0.9964161927267501
20,8,0.55,0.9980463549278269
20,8,0.60,0.9976651850891932
20,8,0.65,0.9953440519696443
20,8,0.70,0.9975859842895451
20,8,0.75,0.9945396114500195
20,8,0.80,0.9931457148969541
20,8,0.85,0.9914253781037462
20,8,0.90,0.9976313940585018
20,8,0.95,0.9932853408441542
20,9,0.05,0.9764308381430374
20,9,0.10,0.9871955685947683
20,9,0.15,0.9886951437393777
20,9,0.20,0.995803519472995
20,9,0.25,0.996755936004707
20,9,0.30,0.992926679931453
20,9,0.35,0.997802691682254
20,9,0.40,0.9976951878770834
20,9,0.45,0.9978898698641385
20,9,0.50,0.9894867056377332
20,9,0.55,0.9976785871592175
20,9,0.60,0.9974164827077944
20,9,0.65,0.9936225619044882
20,9,0.70,0.9945499947094146
20,9,0.75,0.9972515918925046
20,9,0.80,0.9970334696328483
20,9,0.85,0.997134257072707
20,9,0.90,0.9960929396886289
20,9,0.95,0.9924176400398624
21,0,0.05,0.984836871560016
21,0,0.10,0.9914783096473404
21,0,0.15,0.995400571022518
21,0,0.20,0.9945533112216792
21,0,0.25,0.9916411521662888
21,0,0.30,0.9971736039492564
21,0,0.35,0.9970092821459936
21,0,0.40,0.9955329943966991
21,0,0.45,0.9975237194997002
21,0,0.50,0.9951035558628042
21,0,0.55,0.9925460996754103
21,0,0.60,0.9949075682040934
21,0,0.65,0.9969136226049308
21,0,0.70,0.990686388627477
21,0,0.75,0.9976480687441305
21,0,0.80,0.9954823949808715
21,0,0.85,0.9974283364128612
21,0,0.90,0.9952467453066604
21,0,0.95,0.9954471447296176
21,1,0.05,0.9849104800736079
21,1,0.10,0.9892048836436328
21,1,0.15,0.9942804171829808
21,1,0.20,0.9972532417438734
21,1,0.25,0.9941895853953051
21,1,0.30,0.9980028632539506
21,1,0.35,0.9983827766945969
21,1,0.40,0.9937561837365373
21,1,0.45,0.9953622034116477
21,1,0.50,0.9979626220472022
21,1,0.55,0.994790373057711
21,1,0.60,0.9926797270563248
21,1,0.65,0.9939456937389595
21,1,0.70,0.9979920576304526
21,1,0.75,0.9974978592024709
21,1,0.80,0.9947113666095505
21,1,0.85,0.9972360668022049
21,1,0.90,0.9975827632567269
21,1,0.95,0.9974634042686558
21,2,0.05,0.9859362868152649
21,2,0.10,0.9901262614857568
21,2,0.15,0.9951832468067185
21,2,0.20,0.9896857222715483
21,2,0.25,0.9965906047603935
21,2,0.30,0.9939604538318086
21,2,0.35,0.9912056009126011
21,2,0.40,0.9968492564425019
21,2,0.45,0.9965464258296421
21,2,0.50,0.9929319845403403
21,2,0.55,0.9912868199750585
21,2,0.60,0.9947513500686818
21,2,0.65,0.9954504774266695
21,2,0.70,0.9971503930238074
21,2,0.75,0.9972325940546493
21,2,0.80,0.9972052067573685
21,2,0.85,0.9952971282242177
21,2,0.90,0.9978688547381723
21,2,0.95,0.994989824654196
21,3,0.05,0.9877847790924038
21,3,0.10,0.9905781921212607
21,3,0.15,0.9959595249410024
21,3,0.20,0.9873462619698953
21,3,0.25,0.996804856151552
21,3,0.30,0.9977645533889935
21,3,0.35,0.9898684031158985
21,3,0.40,0.9944727301989986
21,3,0.45,0.9949700431252686
21,3,0.50,0.9975049418398363
21,3,0.55,0.9971662616314658
21,3,0.60,0.9971524933441895
21,3,0.65,0.9959584407179216
21,3,0.70,0.997576234277384
21,3,0.75,0.99134015154026
21,3,0.80,0.9955501872118976
21,3,0.85,0.9945795766077423
21,3,0.90,0.9918752108640805
21,3,0.95,0.9956824591475962
21,4,0.05,0.9279354546822256
21,4,0.10,0.9916106867715856
21,4,0.15,0.9945666828922665
21,4,0.20,0.9904097305637871
21,4,0.25,0.997142497716778
21,4,0.30,0.9911099793272637
21,4,0.35,0.9909989876325255
21,4,0.40,0.9940436298534869
21,4,0.45,0.9971517481515115
21,4,0.50,0.9935404150327147
21,4,0.55,0.9931338488881986
21,4,0.60,0.9956009768216916
21,4,0.65,0.9974604996421897
21,4,0.70,0.9944930914601254
21,4,0.75,0.9958656075519398
21,4,0.80,0.9926948698114663
21,4,0.85,0.993980937223339
21,4,0.90,0.9978100953915368
21,4,0.95,0.995076033038661
21,5,0.05,0.986014970242439
21,5,0.10,0.9907507153551156
21,5,0.15,0.9883113952044889
21,5,0.20,0.9960284704102755
21,5,0.25,0.9930456171004458
21,5,0.30,0.9955659108761227
21,5,0.35,0.9970020814098324
21,5,0.40,0.9971480823325894
21,5,0.45,0.9973635808665777
21,5,0.50,0.995374866289274
21,5,0.55,0.9975293043975054
21,5,0.60,0.9979886003088949
21,5,0.65,0.9932957703304343
21,5,0.70,0.9977347006696003
21,5,0.75,0.9930723369277852
21,5,0.80,0.9983851647484042
21,5,0.85,0.9954025021330668
21,5,0.90,0.9976316254059399
21,5,0.95,0.9959432822891546
21,6,0.05,0.9748519676540349
21,6,0.10,0.9936472656842876
21,6,0.15,0.996432152306086
21,6,0.20,0.9944400846288858
21,6,0.25,0.9939753625691216
21,6,0.30,0.9947269184818139
21,6,0.35,0.996837345192282
21,6,0.40,0.995439970999687
21,6,0.45,0.996596481166169
21,6,0.50,0.9944236845928464
21,6,0.55,0.9954807122768463
21,6,0.60,0.9975187523790945
21,6,0.65,0.9920407629206541
21,6,0.70,0.9950030366525158
21,6,0.75,0.996857274354019
21,6,0.80,0.9954114053474773
21,6,0.85,0.9947452944113422
21,6,0.90,0.9952423860825252
21,6,0.95,0.9952257392878179
21,7,0.05,0.9888894257884715
21,7,0.10,0.9899005970000258
21,7,0.15,0.9922361021037057
21,7,0.20,0.993839707471391
21,7,0.25,0.9942296919212483
21,7,0.30,0.9974308665193298
21,7,0.35,0.9941281948411859
21,7,0.40,0.9944606746679072
21,7,0.45,0.9975834630426081
21,7,0.50,0.9973963803117528
21,7,0.55,0.9975280976201358
21,7,0.60,0.9949577677329615
21,7,0.65,0.9980353355606643
21,7,0.70,0.997034606364047
21,7,0.75,0.9970752650795235
21,7,0.80,0.9922777192779888
21,7,0.85,0.9974973831133351
21,7,0.90,0.9955803921409454
21,7,0.95,0.9950694769912604
21,8,0.05,0.9740977036629533
21,8,0.10,0.9955753734884628
21,8,0.15,0.9964392055444956
21,8,0.20,0.9908473946963782
21,8,0.25,0.9947589791470629
21,8,0.30,0.9951072496207632
21,8,0.35,0.9967295820171976
21,8,0.40,0.9975547545691221
21,8,0.45,0.9967606271978166
21,8,0.50,0.997801323426363
21,8,0.55,0.9952028180574264
21,8,0.60,0.9970579123261857
21,8,0.65,0.9951215258817478
21,8,0.70,0.9976187701487979
21,8,0.75,0.997354837060613
21,8,0.80,0.9957803773603471
21,8,0.85,0.9918170852007945
21,8,0.90,0.9956809713796015
21,8,0.95,0.9972947548761314
21,9,0.05,0.9837534144328065
21,9,0.10,0.9902997202389087
21,9,0.15,0.9956802152506478
21,9,0.20,0.9917331135072902
21,9,0.25,0.9940094630998586
21,9,0.30,0.9941657017547532
21,9,0.35,0.9944528549721298
21,9,0.40,0.9951986724179939
21,9,0.45,0.9972681857350431
21,9,0.50,0.9978904888000101
21,9,0.55,0.9948094421416505
21,9,0.60,0.9975641961220202
21,9,0.65,0.9953508202399118
21,9,0.70,0.9979395513584022
21,9,0.75,0.9971841739955211
21,9,0.80,0.9936688288978358
21,9,0.85,0.9978369577952133
21,9,0.90,0.9952003313092476
21,9,0.95,0.9942161335047204
22,0,0.05,0.9760730263064139
22,0,0.10,0.9969291576843404
22,0,0.15,0.9944451849483023
22,0,0.20,0.9967484365839998
22,0,0.25,0.996107457525455
22,0,0.30,0.9942555423824009
22,0,0.35,0.9941331546086447
22,0,0.40,0.9978241457495527
22,0,0.45,0.9979980560410121
22,0,0.50,0.9977724992646297
22,0,0.55,0.9952894265202495
22,0,0.60,0.9981887822486286
22,0,0.65,0.99728448302723
22,0,0.70,0.998052127327473
22,0,0.75,0.9978477794764311
22,0,0.80,0.9922980271506461
22,0,0.85,0.997865171679595
22,0,0.90,0.9950719080368412
22,0,0.95,0.9973110756839979
22,1,0.05,0.9298370783744606
22,1,0.10,0.9961772842752165
22,1,0.15,0.9973036577867688
22,1,0.20,0.9974615409908808
22,1,0.25,0.9975850941693943
22,1,0.30,0.996758027225744
22,1,0.35,0.997172915427792
22,1,0.40,0.9969830141903225
22,1,0.45,0.9977228247180423
22,1,0.50,0.996329191340231
22,1,0.55,0.9947375673027636
22,1,0.60,0.9981706816904439
22,1,0.65,0.9972257618419935
22,1,0.70,0.9976637901687915
22,1,0.75,0.9959307358636387
22,1,0.80,0.9972563720372971
22,1,0.85,0.9936346364471641
22,1,0.90,0.9976185697776937
22,1,0.95,0.9983071568921528
22,2,0.05,0.9775757771593021
22,2,0.10,0.9944158878324161
22,2,0.15,0.9973973158540348
22,2,0.20,0.9976532323384262
22,2,0.25,0.9974132103780492
22,2,0.30,0.9941788801399639
22,2,0.35,0.9975247784840995
22,2,0.40,0.9977688719072328
22,2,0.45,0.9971522368217436
22,2,0.50,0.9962302897368243
22,2,0.55,0.9979691858521841
22,2,0.60,0.9934061665497905
22,2,0.65,0.9973184072948479
22,2,0.70,0.9975023344125719
22,2,0.75,0.9950101487083897
22,2,0.80,0.9982915643725697
22,2,0.85,0.9956189688584589
22,2,0.90,0.996435528840071
22,2,0.95,0.9938569500090003
22,3,0.05,0.9618696882144743
22,3,0.10,0.9930374489224216
22,3,0.15,0.9950799728224669
22,3,0.20,0.9983158377841328
22,3,0.25,0.9976615909500025
22,3,0.30,0.9911008477434685
22,3,0.35,0.9943731634575367
22,3,0.40,0.9955173198097724
22,3,0.45,0.9920519367696239
22,3,0.50,0.9940434437648473
22,3,0.55,0.9979638369069719
22,3,0.60,0.9976458047394877
22,3,0.65,0.9956761838225826
22,3,0.70,0.9962092111156445
22,3,0.75,0.9975286983568729
22,3,0.80,0.9931691930030158
22,3,0.85,0.9951040593917873
22,3,0.90,0.9952485786812599
22,3,0.95,0.9955970629334936
22,4,0.05,0.9697709818104717
22,4,0.10,0.9883810624268345
22,4,0.15,0.9976764551185061
22,4,0.20,0.9966507727884258
22,4,0.25,0.9962263843356804
22,4,0.30,0.9974422233665257
22,4,0.35,0.994349413857397
22,4,0.40,0.997217177913946
22,4,0.45,0.9922720504111397
22,4,0.50,0.9979344726817568
22,4,0.55,0.9977480616667538
22,4,0.60,0.9951858289003616
22,4,0.65,0.9950454531895256
22,4,0.70,0.9959322714595704
22,4,0.75,0.9946105300509017
22,4,0.80,0.9982270898215516
22,4,0.85,0.997894388589852
22,4,0.90,0.9975054796263441
22,4,0.95,0.997881520177683
22,5,0.05,0.9677137606928123
22,5,0.10,0.9892027656320627
22,5,0.15,0.9950950591974623
22,5,0.20,0.996869387388538
22,5,0.25,0.99740877258737
22,5,0.30,0.9967533482224915
22,5,0.35,0.9971841445258695
22,5,0.40,0.9976491818184876
22,5,0.45,0.9949575394145054
22,5,0.50,0.9978163862873008
22,5,0.55,0.9977493651042383
22,5,0.60,0.9937059509840688
22,5,0.65,0.9933856949866374
22,5,0.70,0.9974522319261654
22,5,0.75,0.9976682731177837
22,5,0.80,0.9926102828519004
22,5,0.85,0.9972775351344444
22,5,0.90,0.9957943298748456
22,5,0.95,0.9960152295902976
22,6,0.05,0.9592251641178696
22,6,0.10,0.9940168453017616
22,6,0.15,0.9883255249987144
22,6,0.20,0.9971062605355532
22,6,0.25,0.9958881455112735
22,6,0.30,0.9953967026970139
22,6,0.35,0.9966496395211426
22,6,0.40,0.9973777643286031
22,6,0.45,0.9954504210268085
22,6,0.50,0.9955807230321224
22,6,0.55,0.996222795777717
22,6,0.60,0.9958043087536792
22,6,0.65,0.997854205321704
22,6,0.70,0.9962281523324784
22,6,0.75,0.9980744888124816
22,6,0.80,0.9978269996576348
22,6,0.85,0.9924906347662458
22,6,0.90,0.9974591849269
22,6,0.95,0.9979188592640321
22,7,0.05,0.9558858477697582
22,7,0.10,0.9948010882608939
22,7,0.15,0.9918487591174957
22,7,0.20,0.9972185756847959
22,7,0.25,0.9973716048090887
22,7,0.30,0.9969919529263139
22,7,0.35,0.9971836825557252
22,7,0.40,0.9975375623370896
22,7,0.45,0.9944359575799416
22,7,0.50,0.9954632973303844
22,7,0.55,0.9973010611960131
22,7,0.60,0.9979092959391722
22,7,0.65,0.998445511700333
22,7,0.70,0.995881023264193
22,7,0.75,0.9917250880799263
22,7,0.80,0.9943350164738005
22,7,0.85,0.9977275548400898
22,7,0.90,0.9945277065651792
22,7,0.95,0.9977814502950512
22,8,0.05,0.9659501456415222
22,8,0.10,0.9821670642938037
22,8,0.15,0.9970977345380282
22,8,0.20,0.997268239979048
22,8,0.25,0.9972874370599634
22,8,0.30,0.9915095164183374
22,8,0.35,0.9972294164684742
22,8,0.40,0.9943955971691237
22,8,0.45,0.9958139880268456
22,8,0.50,0.9976966028410236
22,8,0.55,0.9962159096926563
22,8,0.60,0.9980530382548382
22,8,0.65,0.9944737184039076
22,8,0.70,0.9974957541407621
22,8,0.75,0.9950019949655782
22,8,0.80,0.9977712534437209
22,8,0.85,0.9980266147862576
22,8,0.90,0.9972209993598748
22,8,0.95,0.9974442236962773
22,9,0.05,0.9751058073669387
22,9,0.10,0.9940200867539748
22,9,0.15,0.9970194107897982
22,9,0.20,0.9975945301499353
22,9,0.25,0.9941971985283774
22,9,0.30,0.9973911174147602
22,9,0.35,0.9979559585908647
22,9,0.40,0.9980203815178024
22,9,0.45,0.993931682556062
22,9,0.50,0.9916262688150221
22,9,0.55,0.9948223647526372
22,9,0.60,0.9980143138838884
22,9,0.65,0.997772609680527
22,9,0.70,0.995869062238091
22,9,0.75,0.9950686798157646
22,9,0.80,0.9978221401541664
22,9,0.85,0.9905092644408076
22,9,0.90,0.9978890397684728
22,9,0.95,0.9905447523506405
23,0,0.05,0.970859705910101
23,0,0.10,0.9968926750415256
23,0,0.15,0.9966845475358314
23,0,0.20,0.99709927023418
23,0,0.25,0.9956105827877443
23,0,0.30,0.997043538351121
23,0,0.35,0.9932731973845809
23,0,0.40,0.9970564900563437
23,0,0.45,0.9947122110902454
23,0,0.50,0.9937023030653893
23,0,0.55,0.997559896045624
23,0,0.60,0.9982192595469339
23,0,0.65,0.9956091957629011
23,0,0.70,0.9971338938489035
23,0,0.75,0.9944093317011166
23,0,0.80,0.9920047254646874
23,0,0.85,0.9978694684487774
23,0,0.90,0.9938572073052134
23,0,0.95,0.9953667598368049
23,1,0.05,0.9938592525634764
23,1,0.10,0.9900382049328278
23,1,0.15,0.9914585039050462
23,1,0.20,0.9979265911080719
23,1,0.25,0.9981206176437716
23,1,0.30,0.9971877422252184
23,1,0.35,0.9980926098735386
23,1,0.40,0.9950370978958172
23,1,0.45,0.9936873090450774
23,1,0.50,0.9970344017829125
23,1,0.55,0.9926166965032943
23,1,0.60,0.995224029316367
23,1,0.65,0.9917531180259221
23,1,0.70,0.9976596318796462
23,1,0.75,0.9975999786733395
23,1,0.80,0.9974730078228049
23,1,0.85,0.9974927889285461
23,1,0.90,0.9956179588293202
23,1,0.95,0.9976307988781538
23,2,0.05,0.9663112163146989
23,2,0.10,0.9968236479768402
23,2,0.15,0.9952074659734897
23,2,0.20,0.9978559570364567
23,2,0.25,0.9955974338985907
23,2,0.30,0.997595058507707
23,2,0.35,0.9939593897069068
23,2,0.40,0.9981041006037795
23,2,0.45,0.9977229129218692
23,2,0.50,0.9948263672503238
23,2,0.55,0.9973584065127243
23,2,0.60,0.9979870257208255
23,2,0.65,0.9945426977385351
23,2,0.70,0.9974000968049471
23,2,0.75,0.9927162094852917
23,2,0.80,0.9970356106164024
23,2,0.85,0.9979745262362464
23,2,0.90,0.9984399678025087
23,2,0.95,0.9982132417846404
23,3,0.05,0.973106570993739
23,3,0.10,0.9843712489556026
23,3,0.15,0.9975124344685725
23,3,0.20,0.9977025021290075
23,3,0.25,0.9972627428333838
23,3,0.30,0.9974102950519962
23,3,0.35,0.9979687970336529
23,3,0.40,0.9957846973801505
23,3,0.45,0.9924724997020268
23,3,0.50,0.9976467595675196
23,3,0.55,0.9911814538404021
23,3,0.60,0.9943174750456435
23,3,0.65,0.9970688378723864
23,3,0.70,0.9978808576141714
23,3,0.75,0.9971811258490695
23,3,0.80,0.9949257880902739
23,3,0.85,0.9976063937229207
23,3,0.90,0.9918826317034053
23,3,0.95,0.9952613060216488
23,4,0.05,0.9412736091020689
23,4,0.10,0.9964079196712538
23,4,0.15,0.9945267303915608
23,4,0.20,0.9940468845808842
23,4,0.25,0.9948672715926277
23,4,0.30,0.9959445423164597
23,4,0.35,0.9980127390082493
23,4,0.40,0.9968267270141411
23,4,0.45,0.9981541233795072
23,4,0.50,0.9981726211807508
23,4,0.55,0.9976429790382921
23,4,0.60,0.9945368517672278
23,4,0.65,0.9976104265413308
23,4,0.70,0.9924177213383415
23,4,0.75,0.9983430297704344
23,4,0.80,0.9974360711559478
23,4,0.85,0.9932568858305985
23,4,0.90,0.9936736862034676
23,4,0.95,0.9954769919090254
23,5,0.05,0.9845721059497494
23,5,0.10,0.9839388677010658
23,5,0.15,0.992447548785619
23,5,0.20,0.9975196916157357
23,5,0.25,0.9975717132245797
23,5,0.30,0.9970209861329945
23,5,0.35,0.997717366613521
23,5,0.40,0.9974684348746639
23,5,0.45,0.9979505992946953
23,5,0.50,0.997269417810279
23,5,0.55,0.9948627594927867
23,5,0.60,0.993840882890261
23,5,0.65,0.9951048714915728
23,5,0.70,0.9977508221306413
23,5,0.75,0.9972546064006556
23,5,0.80,0.9972885050760024
23,5,0.85,0.9958018956027836
23,5,0.90,0.9978581165411327
23,5,0.95,0.9943528659513522
23,6,0.05,0.972925058024414
23,6,0.10,0.9953252861811094
23,6,0.15,0.9949150219590674
23,6,0.20,0.9958812264713999
23,6,0.25,0.9952735260754262
23,6,0.30,0.9975328462970025
23,6,0.35,0.9971182676004647
23,6,0.40,0.9981875573122235
23,6,0.45,0.9952799693912171
23,6,0.50,0.9976466042848608
23,6,0.55,0.997618218004502
23,6,0.60,0.9976522729181039
23,6,0.65,0.9956899976883089
23,6,0.70,0.995927987061374
23,6,0.75,0.9941599718403124
23,6,0.80,0.9977075490686635
23,6,0.85,0.9974715586127192
23,6,0.90,0.9956080999199282
23,6,0.95,0.9979724921465218
23,7,0.05,0.975305919572751
23,7,0.10,0.9894241187514196
23,7,0.15,0.9927761764190042
23,7,0.20,0.9952738368636604
23,7,0.25,0.9957557620975359
23,7,0.30,0.9973335386731637
23,7,0.35,0.9975922633105071
23,7,0.40,0.9979307020998194
23,7,0.45,0.9977322163550109
23,7,0.50,0.9978336605836413
23,7,0.55,0.9972277200336228
23,7,0.60,0.99803976600433
23,7,0.65,0.9977989951573759
23,7,0.70,0.9917467590713193
23,7,0.75,0.9975125891143597
23,7,0.80,0.9911256854836555
23,7,0.85,0.9974634963289722
23,7,0.90,0.9956694853913545
23,7,0.95,0.995816786791368
23,8,0.05,0.9805700587079096
23,8,0.10,0.9874167969654107
23,8,0.15,0.9899621037715983
23,8,0.20,0.9969254613041253
23,8,0.25,0.9978247661322844
23,8,0.30,0.9979834051554147
23,8,0.35,0.9969378721634917
23,8,0.40,0.9968397722684963
23,8,0.45,0.9978610164375045
23,8,0.50,0.9982245677285805
23,8,0.55,0.9981115366252304
23,8,0.60,0.9970669958243085
23,8,0.65,0.9900806742366898
23,8,0.70,0.9966693392288097
23,8,0.75,0.9982125954190053
23,8,0.80,0.9977793000829476
23,8,0.85,0.9969962573039249
23,8,0.90,0.9975430028845343
23,8,0.95,0.997806475180943
23,9,0.05,0.9761325439867878
23,9,0.10,0.9917687400814437
23,9,0.15,0.9954800669687804
23,9,0.20,0.994112168955307
23,9,0.25,0.99711117616058
23,9,0.30,0.9944854889607772
23,9,0.35,0.9973483323518572
23,9,0.40,0.9966991430182917
23,9,0.45,0.9979206442750712
23,9,0.50,0.995013962490703
23,9,0.55,0.9946337240450215
23,9,0.60,0.9959788278204385
23,9,0.65,0.9952746676854539
23,9,0.70,0.9973511532532218
23,9,0.75,0.9918517508232307
23,9,0.80,0.9972768883043657
23,9,0.85,0.9975677954094161
23,9,0.90,0.9914329102742145
23,9,0.95,0.9956346351557459
24,0,0.05,0.9896090555913533
24,0,0.10,0.9946305633656747
24,0,0.15,0.9917219448367789
24,0,0.20,0.9971243942268242
24,0,0.25,0.9916248489993155
24,0,0.30,0.9961436025913483
24,0,0.35,0.9937575451978976
24,0,0.40,0.9970009865266762
24,0,0.45,0.9947127133510175
24,0,0.50,0.9901369847391763
24,0,0.55,0.9956657840760281
24,0,0.60,0.992318763278656
24,0,0.65,0.9973254683938018
24,0,0.70,0.9921276438008204
24,0,0.75,0.996020039339494
24,0,0.80,0.9976826585999189
24,0,0.85,0.9977534683327938
24,0,0.90,0.9937778939574444
24,0,0.95,0.9958048420951934
24,1,0.05,0.833165204653074
24,1,0.10,0.9823196279266069
24,1,0.15,0.9948902680225591
24,1,0.20,0.9958909253522046
24,1,0.25,0.9953015878740209
24,1,0.30,0.9963286116744853
24,1,0.35,0.9981607607723728
24,1,0.40,0.9939427218737307
24,1,0.45,0.9973368892544947
24,1,0.50,0.9968066502302017
24,1,0.55,0.99748716623639
24,1,0.60,0.994745469586601
24,1,0.65,0.9952898610422454
24,1,0.70,0.9982191654477033
24,1,0.75,0.9931281301669107
24,1,0.80,0.9953064482888013
24,1,0.85,0.9978849649163957
24,1,0.90,0.9956781950129902
24,1,0.95,0.9961246711229752
24,2,0.05,0.9847132946844938
24,2,0.10,0.9910564902950344
24,2,0.15,0.9891472250758663
24,2,0.20,0.9947094323667248
24,2,0.25,0.9929577396825184
24,2,0.30,0.9911156159885988
24,2,0.35,0.9900442531770953
24,2,0.40,0.9979554330360889
24,2,0.45,0.9938078963428066
24,2,0.50,0.9955020635458144
24,2,0.55,0.9940998697494777
24,2,0.60,0.9958324056469618
24,2,0.65,0.9951260462653545
24,2,0.70,0.9976466085790795
24,2,0.75,0.9958108589689546
24,2,0.80,0.9973638472429815
24,2,0.85,0.997077164882979
24,2,0.90,0.9971908479605862
24,2,0.95,0.9943634213604929
24,3,0.05,0.9604450633229804
24,3,0.10,0.9926437423598695
24,3,0.15,0.9876173492379742
24,3,0.20,0.9932483763952706
24,3,0.25,0.9929444413926863
24,3,0.30,0.9952183864821207
24,3,0.35,0.9916942040934403
24,3,0.40,0.9965152281150303
24,3,0.45,0.9978374619886025
24,3,0.50,0.9955823424873075
24,3,0.55,0.9954163391946599
24,3,0.60,0.9959119294841892
24,3,0.65,0.9953391070421134
24,3,0.70,0.9969177716465324
24,3,0.75,0.997984412505621
24,3,0.80,0.9981361149095846
24,3,0.85,0.9917334871529224
24,3,0.90,0.9977858723391095
24,3,0.95,0.997364180194488
24,4,0.05,0.9712312830809813
24,4,0.10,0.9965985024152282
24,4,0.15,0.9981345814455059
24,4,0.20,0.9966767668233872
24,4,0.25,0.9935404118861398
24,4,0.30,0.9981687324560578
24,4,0.35,0.9950773775301518
24,4,0.40,0.9938056311765063
24,4,0.45,0.9958672146446188
24,4,0.50,0.9956638920584706
24,4,0.55,0.9982196332564431
24,4,0.60,0.9975506741097232
24,4,0.65,0.996299070680192
24,4,0.70,0.9976102058002829
24,4,0.75,0.9958549541422839
24,4,0.80,0.9983077030639533
24,4,0.85,0.9956227115861903
24,4,0.90,0.9916121414942605
24,4,0.95,0.9940537164417486
24,5,0.05,0.9709467146312433
24,5,0.10,0.9852014575273306
24,5,0.15,0.9968765631912315
24,5,0.20,0.9955755216332978
24,5,0.25,0.9904870299018176
24,5,0.30,0.9934343036895785
24,5,0.35,0.9934923131725623
24,5,0.40,0.9974674604480681
24,5,0.45,0.995304981391232
24,5,0.50,0.9976341822788988
24,5,0.55,0.9962608897025298
24,5,0.60,0.9969182555624945
24,5,0.65,0.9939413613240612
24,5,0.70,0.9962908726144952
24,5,0.75,0.9922912064488951
24,5,0.80,0.9982479682214788
24,5,0.85,0.9972948690202866
24,5,0.90,0.9917421456206064
24,5,0.95,0.997420389105134
24,6,0.05,0.9713087208443182
24,6,0.10,0.9933478755575992
24,6,0.15,0.9938038492519012
24,6,0.20,0.9976108504035787
24,6,0.25,0.99709865925261
24,6,0.30,0.9941594718647127
24,6,0.35,0.9952371412613539
24,6,0.40,0.9975519489302461
24,6,0.45,0.9940130250197973
24,6,0.50,0.9953606712971006
24,6,0.55,0.9919195688843355
24,6,0.60,0.9941502186878439
24,6,0.65,0.9974754977365782
24,6,0.70,0.9948767338901464
24,6,0.75,0.9957526970592232
24,6,0.80,0.9979798484268422
24,6,0.85,0.9976466749704166
24,6,0.90,0.9956186982041578
24,6,0.95,0.9926397565976501
24,7,0.05,0.9756857237855133
24,7,0.10,0.983864814210153
24,7,0.15,0.9948880268337525
24,7,0.20,0.9977146803218523
24,7,0.25,0.9976643992233084
24,7,0.30,0.9934248174764551
24,7,0.35,0.9920606677778023
24,7,0.40,0.9928224508092256
24,7,0.45,0.9901894354340468
24,7,0.50,0.9944206333741963
24,7,0.55,0.9979856167356345
24,7,0.60,0.9950895963449214
24,7,0.65,0.9980639186863902
24,7,0.70,0.9982290388437657
24,7,0.75,0.9975034526546204
24,7,0.80,0.9948567056472003
24,7,0.85,0.9951935197761045
24,7,0.90,0.9968605498499304
24,7,0.95,0.9957508408219844
24,8,0.05,0.988964789654162
24,8,0.10,0.9834323846925247
24,8,0.15,0.9943223413682045
24,8,0.20,0.9972956864162789
24,8,0.25,0.9924388796099244
24,8,0.30,0.9957909502137299
24,8,0.35,0.9964667396446125
24,8,0.40,0.9966050782892953
24,8,0.45,0.9943944009884871
24,8,0.50,0.9932048654613702
24,8,0.55,0.9972912695804103
24,8,0.60,0.9962082980498272
24,8,0.65,0.9951205143652094
24,8,0.70,0.9951299148239837
24,8,0.75,0.9975614242627713
24,8,0.80,0.9952234523854312
24,8,0.85,0.9921583098061717
24,8,0.90,0.9952226946373693
24,8,0.95,0.9938903410982166
24,9,0.05,0.976117333747305
24,9,0.10,0.9828198465356525
24,9,0.15,0.9958071246200261
24,9,0.20,0.9966883389497465
24,9,0.25,0.992401188586612
24,9,0.30,0.9869772272670784
24,9,0.35,0.9940594592278065
24,9,0.40,0.9951800318229053
24,9,0.45,0.994004914248119
24,9,0.50,0.996674422008191
24,9,0.55,0.9974018404092241
24,9,0.60,0.9976095028291754
24,9,0.65,0.995057918802272
24,9,0.70,0.9951457786376732
24,9,0.75,0.9983758700256735
24,9,0.80,0.9916593750070832
24,9,0.85,0.9946841700019485
24,9,0.90,0.9983862228278004
24,9,0.95,0.9979264614654509
25,0,0.05,0.9901839302789409
25,0,0.10,0.9892779200376068
25,0,0.15,0.9959949622226271
25,0,0.20,0.9915241911118021
25,0,0.25,0.996048452280508
25,0,0.30,0.9974654987813298
25,0,0.35,0.9944226440967817
25,0,0.40,0.9973179272208965
25,0,0.45,0.9978178891987126
25,0,0.50,0.9930568446041714
25,0,0.55,0.9941300171157793
25,0,0.60,0.998311974737475
25,0,0.65,0.9926757861763859
25,0,0.70,0.9954332961165067
25,0,0.75,0.9936099131441527
25,0,0.80,0.997478469070088
25,0,0.85,0.995235627609851
25,0,0.90,0.9976489879119169
25,0,0.95,0.9950074516032857
25,1,0.05,0.9884987312160913
25,1,0.10,0.9960903829558364
25,1,0.15,0.9914617374339844
25,1,0.20,0.9950505894227467
25,1,0.25,0.996696130803721
25,1,0.30,0.9974722470187174
25,1,0.35,0.9953922389504385
25,1,0.40,0.997157634557266
25,1,0.45,0.9967316363841446
25,1,0.50,0.9950208348304143
25,1,0.55,0.9933720825158368
25,1,0.60,0.9976289385594647
25,1,0.65,0.9960407712892813
25,1,0.70,0.9957480250725473
25,1,0.75,0.995024201033652
25,1,0.80,0.9973325496078814
25,1,0.85,0.9976866303444049
25,1,0.90,0.9945010855207846
25,1,0.95,0.995779040189348
25,2,0.05,0.9862155016452103
25,2,0.10,0.9925566311355697
25,2,0.15,0.9892017030890876
25,2,0.20,0.9971198594081073
25,2,0.25,0.9966915596699414
25,2,0.30,0.9923714868296005
25,2,0.35,0.9923649670784492
25,2,0.40,0.9976491462292515
25,2,0.45,0.9924255514148861
25,2,0.50,0.9944079905982882
25,2,0.55,0.9981251097133744
25,2,0.60,0.9979430006148775
25,2,0.65,0.9969216735020632
25,2,0.70,0.991721634183345
25,2,0.75,0.991132210793094
25,2,0.80,0.9956531074723378
25,2,0.85,0.9974962946674539
25,2,0.90,0.9958429867361889
25,2,0.95,0.9974536797821079
25,3,0.05,0.9850014896629398
25,3,0.10,0.9934841121814442
25,3,0.15,0.9930127244437208
25,3,0.20,0.9924367900469817
25,3,0.25,0.9969434858888223
25,3,0.30,0.9922366639530961
25,3,0.35,0.9938628300633323
25,3,0.40,0.9966486005250362
25,3,0.45,0.9909442305533291
25,3,0.50,0.9933081720867214
25,3,0.55,0.9969154342241819
25,3,0.60,0.9944636196257716
25,3,0.65,0.9930752124021146
25,3,0.70,0.9958535666243626
25,3,0.75,0.9957110149895525
25,3,0.80,0.9958519437055402
25,3,0.85,0.9977739502124137
25,3,0.90,0.9977228896364421
25,3,0.95,0.9974862209899616
25,4,0.05,0.9622122232225169
25,4,0.10,0.9952561596043997
25,4,0.15,0.993528426919469
25,4,0.20,0.9948610158786381
25,4,0.25,0.9958674997833094
25,4,0.30,0.996918552308701
25,4,0.35,0.996147414667769
25,4,0.40,0.9958387922801811
25,4,0.45,0.9970518185900605
25,4,0.50,0.991405882044596
25,4,0.55,0.9976318181929782
25,4,0.60,0.9976314579208526
25,4,0.65,0.9977254466011156
25,4,0.70,0.9972772850408576
25,4,0.75,0.9973723923685888
25,4,0.80,0.9953329640181925
25,4,0.85,0.997083291523071
25,4,0.90,0.9978929835587356
25,4,0.95,0.9942089774466659
25,5,0.05,0.9921308500806438
25,5,0.10,0.9436598410873002
25,5,0.15,0.9907936292852787
25,5,0.20,0.9877709575962772
25,5,0.25,0.995546073224687
25,5,0.30,0.9962597052766463
25,5,0.35,0.996600012215695
25,5,0.40,0.997269763051114
25,5,0.45,0.9979848494291462
25,5,0.50,0.9976353165522306
25,5,0.55,0.9973967411153188
25,5,0.60,0.9969174892594141
25,5,0.65,0.9975782297381927
25,5,0.70,0.9981821855953287
25,5,0.75,0.9934716582998068
25,5,0.80,0.9977036818971113
25,5,0.85,0.9959059728541009
25,5,0.90,0.9980160644800019
25,5,0.95,0.9943800730147688
25,6,0.05,0.9572937317421626
25,6,0.10,0.9944246769505712
25,6,0.15,0.9966882002978545
25,6,0.20,0.9936797183802938
25,6,0.25,0.9961618838440887
25,6,0.30,0.9971233413779199
25,6,0.35,0.9940162183767005
25,6,0.40,0.9975057919851011
25,6,0.45,0.9970393253641009
25,6,0.50,0.997627831111951
25,6,0.55,0.9944036372178211
25,6,0.60,0.9977833116101237
25,6,0.65,0.995785292688617
25,6,0.70,0.9966564323379593
25,6,0.75,0.9960277163425679
25,6,0.80,0.9979420077518966
25,6,0.85,0.9971894858909014
25,6,0.90,0.9957642825053462
25,6,0.95,0.9956816323572852
25,7,0.05,0.9620083019899713
25,7,0.10,0.9966942036431019
25,7,0.15,0.9945414873702935
25,7,0.20,0.9969794493714546
25,7,0.25,0.9911812925383308
25,7,0.30,0.9933810462827514
25,7,0.35,0.9961308764998663
25,7,0.40,0.9943468729576285
25,7,0.45,0.9928576890061314
25,7,0.50,0.997675342786991
25,7,0.55,0.9974100769935509
25,7,0.60,0.9967688541451869
25,7,0.65,0.9980072791074674
25,7,0.70,0.9975089966677062
25,7,0.75,0.9919872564171076
25,7,0.80,0.9973549003771442
25,7,0.85,0.9924366822976536
25,7,0.90,0.9959495702034148
25,7,0.95,0.9951755924112344
25,8,0.05,0.9866129503778098
25,8,0.10,0.9845582792426888
25,8,0.15,0.9894421740017272
25,8,0.20,0.9953807611568064
25,8,0.25,0.9962945964501249
25,8,0.30,0.9935331214557402
25,8,0.35,0.9948431909217454
25,8,0.40,0.9968315508440667
25,8,0.45,0.9965388778813579
25,8,0.50,0.9974315859364982
25,8,0.55,0.9955258037843563
25,8,0.60,0.9953767070847397
25,8,0.65,0.9981507859061597
25,8,0.70,0.9925939486844078
25,8,0.75,0.9923523794830812
25,8,0.80,0.998333296564753
25,8,0.85,0.9961253962968086
25,8,0.90,0.9973156386247009
25,8,0.95,0.9977790284360687
25,9,0.05,0.9832204012223573
25,9,0.10,0.9951874873768579
25,9,0.15,0.9910708022639202
25,9,0.20,0.9931891669501353
25,9,0.25,0.9896917587748614
25,9,0.30,0.9972218527471646
25,9,0.35,0.9921662164062673
25,9,0.40,0.9963435738735571
25,9,0.45,0.9972860008817739
25,9,0.50,0.9957943436672916
25,9,0.55,0.9932920553859482
25,9,0.60,0.99686998914855
25,9,0.65,0.9955668426306504
25,9,0.70,0.997908750970825
25,9,0.75,0.9955804143409173
25,9,0.80,0.9953957307687308
25,9,0.85,0.9950910752336446
25,9,0.90,0.9953058092684421
25,9,0.95,0.9961939389819378
26,0,0.05,0.9785814528045562
26,0,0.10,0.9936638713974534
26,0,0.15,0.9970126439777169
26,0,0.20,0.9887964926504375
26,0,0.25,0.9965644673080348
26,0,0.30,0.9976265184274706
26,0,0.35,0.9952331552908721
26,0,0.40,0.9960942712832834
26,0,0.45,0.9918957817734549
26,0,0.50,0.9977250069101895
26,0,0.55,0.9975118144824331
26,0,0.60,0.992868406315183
26,0,0.65,0.9942983980281563
26,0,0.70,0.9979734189614048
26,0,0.75,0.998193105266379
26,0,0.80,0.9978166153217345
26,0,0.85,0.9977929871416737
26,0,0.90,0.9951562434132875
26,0,0.95,0.9976711432410388
26,1,0.05,0.9790618621307096
26,1,0.10,0.9936393728580358
26,1,0.15,0.9981964708906995
26,1,0.20,0.9919472048865963
26,1,0.25,0.9949029279970716
26,1,0.30,0.9979113644808658
26,1,0.35,0.9981588029705853
26,1,0.40,0.997302328115848
26,1,0.45,0.9971808553129611
26,1,0.50,0.9974814472086836
26,1,0.55,0.997341084220121
26,1,0.60,0.9975020541997435
26,1,0.65,0.9960320201987022
26,1,0.70,0.9982130285715844
26,1,0.75,0.9980251721514151
26,1,0.80,0.9942447737625205
26,1,0.85,0.9975327841614315
26,1,0.90,0.995285565775228
26,1,0.95,0.994949009941505
26,2,0.05,0.9759979454938444
26,2,0.10,0.99135608256191
26,2,0.15,0.9940172981001392
26,2,0.20,0.9971643681708112
26,2,0.25,0.997637306791028
26,2,0.30,0.9977961420922296
26,2,0.35,0.9962722352287586
26,2,0.40,0.9978117162314635
26,2,0.45,0.9971547051976198
26,2,0.50,0.9972620138634158
26,2,0.55,0.9971248183348795
26,2,0.60,0.9953634873403348
26,2,0.65,0.99826038991885
26,2,0.70,0.9975656406817258
26,2,0.75,0.9959717564561237
26,2,0.80,0.9954096034506695
26,2,0.85,0.9974359903041685
26,2,0.90,0.9979372896993037
26,2,0.95,0.9983682403478241
26,3,0.05,0.9638582262842088
26,3,0.10,0.9951698060128589
26,3,0.15,0.9967847161022176
26,3,0.20,0.9904236666528541
26,3,0.25,0.9979608996525149
26,3,0.30,0.9975032332646472
26,3,0.35,0.9966473568479703
26,3,0.40,0.9978872070071365
26,3,0.45,0.9979251508183086
26,3,0.50,0.9978891630655721
26,3,0.55,0.9921643299024017
26,3,0.60,0.9968890251420035
26,3,0.65,0.9974525213627834
26,3,0.70,0.9974691205823368
26,3,0.75,0.9978389185707459
26,3,0.80,0.9981316396752384
26,3,0.85,0.9972592487169056
26,3,0.90,0.9953108736895393
26,3,0.95,0.99523083856557
26,4,0.05,0.9700865298199638
26,4,0.10,0.9935754409434945
26,4,0.15,0.9955651730418924
26,4,0.20,0.9968684533677016
26,4,0.25,0.9926816315365468
26,4,0.30,0.9978183059166251
26,4,0.35,0.9974022478563042
26,4,0.40,0.9974759150450344
26,4,0.45,0.996807363820549
26,4,0.50,0.9972847198186588
26,4,0.55,0.99748132551058
26,4,0.60,0.9974502980593439
26,4,0.65,0.9971617277679877
26,4,0.70,0.9981481556476945
26,4,0.75,0.9984173624618233
26,4,0.80,0.995714288051271
26,4,0.85,0.9976435170486334
26,4,0.90,0.9974856655564778
26,4,0.95,0.9975894160669206
26,5,0.05,0.9617035294994859
26,5,0.10,0.9891724465508749
26,5,0.15,0.9977990514808249
26,5,0.20,0.9974040619171819
26,5,0.25,0.9968182297436904
26,5,0.30,0.9977147940844475
26,5,0.35,0.9981969954389788
26,5,0.40,0.9971992856000468
26,5,0.45,0.9973866269295966
26,5,0.50,0.9956824656265574
26,5,0.55,0.997986835728344
26,5,0.60,0.9975453580596809
26,5,0.65,0.9976564036568097
26,5,0.70,0.9954797993587616
26,5,0.75,0.9949035492059595
26,5,0.80,0.998206989995832
26,5,0.85,0.9949353172007578
26,5,0.90,0.9944360448221692
26,5,0.95,0.9979117327742468
26,6,0.05,0.973012531459972
26,6,0.10,0.9909427777321737
26,6,0.15,0.9961505336759542
26,6,0.20,0.994636863056461
26,6,0.25,0.9974144895415397
26,6,0.30,0.9973898656284708
26,6,0.35,0.9973361715446833
26,6,0.40,0.9973555535864751
26,6,0.45,0.9973750561599942
26,6,0.50,0.9970266720365232
26,6,0.55,0.997814451567037
26,6,0.60,0.9931851078328019
26,6,0.65,0.997476395278919
26,6,0.70,0.9952409114323862
26,6,0.75,0.9944191880450829
26,6,0.80,0.9958465775493249
26,6,0.85,0.9944937321511398
26,6,0.90,0.997229362226577
26,6,0.95,0.9953214392979193
26,7,0.05,0.9165850698659697
26,7,0.10,0.98727418681769
26,7,0.15,0.9967868009866959
26,7,0.20,0.993615426823134
26,7,0.25,0.9974559284287656
26,7,0.30,0.9978703175626644
26,7,0.35,0.9953596961099823
26,7,0.40,0.9977091714457722
26,7,0.45,0.9978470783166982
26,7,0.50,0.9969233687249697
26,7,0.55,0.9952018664768331
26,7,0.60,0.9948739130066113
26,7,0.65,0.9980260138893091
26,7,0.70,0.997682578385475
26,7,0.75,0.9956348549442344
26,7,0.80,0.9977240518531667
26,7,0.85,0.9975322083586744
26,7,0.90,0.9936488501808869
26,7,0.95,0.9960093360818949
26,8,0.05,0.9910378255693001
26,8,0.10,0.9899409599030807
26,8,0.15,0.9971718047568342
26,8,0.20,0.998027301965317
26,8,0.25,0.9980063866028461
26,8,0.30,0.9972070645710247
26,8,0.35,0.9979119648148103
26,8,0.40,0.9974648670908894
26,8,0.45,0.9973089152420337
26,8,0.50,0.9973939550282757
26,8,0.55,0.9954337650637027
26,8,0.60,0.9972426638457934
26,8,0.65,0.9980219806398598
26,8,0.70,0.9972091941076512
26,8,0.75,0.99742930229299
26,8,0.80,0.9917886843721
26,8,0.85,0.997493563741553
26,8,0.90,0.9979555622453967
26,8,0.95,0.994756997405631
26,9,0.05,0.9501070075436424
26,9,0.10,0.9948631443231474
26,9,0.15,0.996552090784625
26,9,0.20,0.9958261862845479
26,9,0.25,0.9981916718770982
26,9,0.30,0.9898842135495981
26,9,0.35,0.9970355504379956
26,9,0.40,0.9977280221544501
26,9,0.45,0.995609546642955
26,9,0.50,0.9974136159887164
26,9,0.55,0.9920060249617964
26,9,0.60,0.9979917461591755
26,9,0.65,0.9975357853365255
26,9,0.70,0.9975715413605274
26,9,0.75,0.99536532107627
26,9,0.80,0.9972744880096803
26,9,0.85,0.9958284603058523
26,9,0.90,0.9918164158719921
26,9,0.95,0.9954836634976857
27,0,0.05,0.9903702728713513
27,0,0.10,0.9930240222608598
27,0,0.15,0.992211653650392
27,0,0.20,0.9924520120725495
27,0,0.25,0.9962591739336563
27,0,0.30,0.9975241337939482
27,0,0.35,0.9972150409568445
27,0,0.40,0.9952198364106287
27,0,0.45,0.9972748072853603
27,0,0.50,0.9943615181861429
27,0,0.55,0.9953645294401907
27,0,0.60,0.9975959709657063
27,0,0.65,0.9980893171909332
27,0,0.70,0.9959941841235996
27,0,0.75,0.9977956409237217
27,0,0.80,0.9974489736798722
27,0,0.85,0.9956691505015907
27,0,0.90,0.9952187992279524
27,0,0.95,0.9939508906973521
27,1,0.05,0.9734259269378387
27,1,0.10,0.9860912643199355
27,1,0.15,0.9946733474099642
27,1,0.20,0.9971765444650433
27,1,0.25,0.995397276604537
27,1,0.30,0.9978509151756563
27,1,0.35,0.9971671517557731
27,1,0.40,0.9974099248832123
27,1,0.45,0.9984530190069983
27,1,0.50,0.9953757286725244
27,1,0.55,0.9980591778997542
27,1,0.60,0.9973090997878635
27,1,0.65,0.9955036314682983
27,1,0.70,0.9925322652185199
27,1,0.75,0.9917399646170142
27,1,0.80,0.9950701121510339
27,1,0.85,0.9956834316647647
27,1,0.90,0.9976949401093371
27,1,0.95,0.9975001493050984
27,2,0.05,0.983772386763173
27,2,0.10,0.9902386465128069
27,2,0.15,0.9892355504254543
27,2,0.20,0.9957746554353912
27,2,0.25,0.9979225058018032
27,2,0.30,0.9934565600993821
27,2,0.35,0.9924802437651363
27,2,0.40,0.9970949680630319
27,2,0.45,0.9973093885945425
27,2,0.50,0.9955980762285197
27,2,0.55,0.9939375385326185
27,2,0.60,0.9927853832087455
27,2,0.65,0.9933299876306215
27,2,0.70,0.9960464597922862
27,2,0.75,0.9980107947969494
27,2,0.80,0.993882970057416
27,2,0.85,0.9970752913647909
27,2,0.90,0.9962669359614517
27,2,0.95,0.99651364976529
27,3,0.05,0.9838604266941315
27,3,0.10,0.9907798238339491
27,3,0.15,0.9965533995305527
27,3,0.20,0.9931655680784124
27,3,0.25,0.9962826723765428
27,3,0.30,0.9965482463505245
27,3,0.35,0.9910745895555326
27,3,0.40,0.9949510825437189
27,3,0.45,0.9945990992022713
27,3,0.50,0.9974369032492352
27,3,0.55,0.9930064166530402
27,3,0.60,0.9959300338763095
27,3,0.65,0.9947678759353359
27,3,0.70,0.9978953934014183
27,3,0.75,0.9962432524567172
27,3,0.80,0.997490325006709
27,3,0.85,0.9958119113824744
27,3,0.90,0.9954676751165222
27,3,0.95,0.9957029398271964
27,4,0.05,0.9820641965555883
27,4,0.10,0.9849109343902968
27,4,0.15,0.9915494099323791
27,4,0.20,0.994458095181932
27,4,0.25,0.9977773615488612
27,4,0.30,0.9964332499407399
27,4,0.35,0.9955160182418785
27,4,0.40,0.9982103846884892
27,4,0.45,0.9976324608286932
27,4,0.50,0.9981056211074858
27,4,0.55,0.9972002470767852
27,4,0.60,0.994540015362552
27,4,0.65,0.9973479592477614
27,4,0.70,0.9954016146848715
27,4,0.75,0.9950438442863349
27,4,0.80,0.9974909991208725
27,4,0.85,0.9974366440799038
27,4,0.90,0.9976170958767545
27,4,0.95,0.9954912537087934
27,5,0.05,0.9861641454209144
27,5,0.10,0.9658566901533082
27,5,0.15,0.99501900584924
27,5,0.20,0.9947045134850603
27,5,0.25,0.9975242127620046
27,5,0.30,0.9958520759042281
27,5,0.35,0.9945462774964519
27,5,0.40,0.998072731938603
27,5,0.45,0.995137630103892
27,5,0.50,0.9939303210245894
27,5,0.55,0.9954041559754865
27,5,0.60,0.9954011844475907
27,5,0.65,0.9972925241779758
27,5,0.70,0.9972638863382278
27,5,0.75,0.9977938307122189
27,5,0.80,0.997605387514929
27,5,0.85,0.9980344083029463
27,5,0.90,0.9975947085560365
27,5,0.95,0.9954448095235405
27,6,0.05,0.9929940741383383
27,6,0.10,0.9899982222844278
27,6,0.15,0.9905423371823339
27,6,0.20,0.9928903062377022
27,6,0.25,0.9941728742812593
27,6,0.30,0.9939966642831493
27,6,0.35,0.9954125808292905
27,6,0.40,0.9944810769120885
27,6,0.45,0.9938958773716006
27,6,0.50,0.9959750269971341
27,6,0.55,0.9980515356764768
27,6,0.60,0.9976345050057965
27,6,0.65,0.9964851993459188
27,6,0.70,0.995099013325965
27,6,0.75,0.994280500149323
27,6,0.80,0.9951919658933318
27,6,0.85,0.9976467389633003
27,6,0.90,0.9974022961865031
27,6,0.95,0.9972925243480303
27,7,0.05,0.9898344346071218
27,7,0.10,0.988179287294768
27,7,0.15,0.9961026855728715
27,7,0.20,0.9971449390439447
27,7,0.25,0.9973376555302991
27,7,0.30,0.9976414969395886
27,7,0.35,0.9965256467647066
27,7,0.40,0.9982095340355643
27,7,0.45,0.9974780245851149
27,7,0.50,0.9950385735642284
27,7,0.55,0.9957354700428969
27,7,0.60,0.9951094076805681
27,7,0.65,0.995433678979005
27,7,0.70,0.9914663775943559
27,7,0.75,0.9976837417354019
27,7,0.80,0.9976695976272316
27,7,0.85,0.9955596787692998
27,7,0.90,0.9949511743007776
27,7,0.95,0.9979296748708211
27,8,0.05,0.970442881814365
27,8,0.10,0.9892248185370195
27,8,0.15,0.9959246631012463
27,8,0.20,0.9949829222679125
27,8,0.25,0.99518595389777
27,8,0.30,0.993374163959895
27,8,0.35,0.9945630406608698
27,8,0.40,0.9975969032644989
27,8,0.45,0.9942653133376106
27,8,0.50,0.9979167363877244
27,8,0.55,0.9950492590827572
27,8,0.60,0.9979174975573595
27,8,0.65,0.994175427624394
27,8,0.70,0.997536649092468
27,8,0.75,0.9952274238426352
27,8,0.80,0.9948599780793767
27,8,0.85,0.9981233933564743
27,8,0.90,0.9983267197463612
27,8,0.95,0.995331305507717
27,9,0.05,0.966550978335569
27,9,0.10,0.991753682782341
27,9,0.15,0.9841503742033502
27,9,0.20,0.9954270753950701
27,9,0.25,0.997945722844587
27,9,0.30,0.9948046297389934
27,9,0.35,0.9940737128203891
27,9,0.40,0.9976637044949072
27,9,0.45,0.9952573826748408
27,9,0.50,0.9978575674106728
27,9,0.55,0.9981330450837113
27,9,0.60,0.9953998211734991
27,9,0.65,0.9964439370947777
27,9,0.70,0.993972382962695
27,9,0.75,0.9960861601613298
27,9,0.80,0.9976624094900748
27,9,0.85,0.9923376123017486
27,9,0.90,0.997705707538645
27,9,0.95,0.9977422660407623
28,0,0.05,0.9918527508296785
28,0,0.10,0.9964267986652875
28,0,0.15,0.9922685671487824
28,0,0.20,0.9938702454498969
28,0,0.25,0.9946934968168107
28,0,0.30,0.9976738302202224
28,0,0.35,0.9946346409696631
28,0,0.40,0.9950054884002868
28,0,0.45,0.9949977227513476
28,0,0.50,0.995187610181283
28,0,0.55,0.9974675675846538
28,0,0.60,0.9951762167271316
28,0,0.65,0.9954976780980515
28,0,0.70,0.9956836276438187
28,0,0.75,0.9920989459122546
28,0,0.80,0.997409106122336
28,0,0.85,0.9962580665762593
28,0,0.90,0.9956276657285231
28,0,0.95,0.9955512289482572
28,1,0.05,0.9872653819643985
28,1,0.10,0.9915379822514668
28,1,0.15,0.994819549971676
28,1,0.20,0.995231035260696
28,1,0.25,0.996786174904991
28,1,0.30,0.9972498525635095
28,1,0.35,0.9955127201049004
28,1,0.40,0.9977344509627819
28,1,0.45,0.9979477666354805
28,1,0.50,0.9955839905971775
28,1,0.55,0.9974908679454207
28,1,0.60,0.9978312899901556
28,1,0.65,0.9955874492966986
28,1,0.70,0.9975354035892866
28,1,0.75,0.9944657089547437
28,1,0.80,0.9913683980842332
28,1,0.85,0.9906067587604352
28,1,0.90,0.9981362662651853
28,1,0.95,0.9917355976721007
28,2,0.05,0.9758541813627726
28,2,0.10,0.9886525401369938
28,2,0.15,0.9918363580391361
28,2,0.20,0.9969044410827365
28,2,0.25,0.996139522060925
28,2,0.30,0.9942933535375404
28,2,0.35,0.9938493419206542
28,2,0.40,0.9957155893686087
28,2,0.45,0.9952468969339944
28,2,0.50,0.9951027825028572
28,2,0.55,0.9923752512959637
28,2,0.60,0.9974008901279514
28,2,0.65,0.9976217687245066
28,2,0.70,0.9974404196693916
28,2,0.75,0.9974229389568865
28,2,0.80,0.9953232054352605
28,2,0.85,0.995680845538369
28,2,0.90,0.995824240837003
28,2,0.95,0.9976584606554346
28,3,0.05,0.9911617500329029
28,3,0.10,0.9865570602382591
28,3,0.15,0.9898967299811299
28,3,0.20,0.9905904904427771
28,3,0.25,0.9923894468130933
28,3,0.30,0.9966327169583851
28,3,0.35,0.9975465448536383
28,3,0.40,0.9975982926865351
28,3,0.45,0.9950105837981297
28,3,0.50,0.9956016714979993
28,3,0.55,0.9975096524088428
28,3,0.60,0.9974621424644746
28,3,0.65,0.9975292152112099
28,3,0.70,0.9973385031390025
28,3,0.75,0.9911760683815358
28,3,0.80,0.9937986447577659
28,3,0.85,0.9924031456700871
28,3,0.90,0.9919244998634222
28,3,0.95,0.9944943665223683
28,4,0.05,0.9827578775853258
28,4,0.10,0.987607302755811
28,4,0.15,0.9874565815415051
28,4,0.20,0.9976948782227798
28,4,0.25,0.9950772492678025
28,4,0.30,0.9931429955847982
28,4,0.35,0.9956924244204898
28,4,0.40,0.9976048071394472
28,4,0.45,0.9955830644029336
28,4,0.50,0.9956923769167296
28,4,0.55,0.9946697367253655
28,4,0.60,0.9983754954170311
28,4,0.65,0.9983316207236741
28,4,0.70,0.9935189784942301
28,4,0.75,0.9974194503927574
28,4,0.80,0.9982593078045884
28,4,0.85,0.9979012428253871
28,4,0.90,0.9976012682171138
28,4,0.95,0.9976578812756295
28,5,0.05,0.9665423306785458
28,5,0.10,0.9842765146805348
28,5,0.15,0.992890585139482
28,5,0.20,0.9962821632241036
28,5,0.25,0.994273606908907
28,5,0.30,0.997248056095323
28,5,0.35,0.9902408380558974
28,5,0.40,0.994898373218156
28,5,0.45,0.9972141050956709
28,5,0.50,0.9969532312638327
28,5,0.55,0.9972010666552695
28,5,0.60,0.995071371787466
28,5,0.65,0.9969213051640692
28,5,0.70,0.9903057307692904
28,5,0.75,0.9978735992468002
28,5,0.80,0.9958195411225719
28,5,0.85,0.9959963975599139
28,5,0.90,0.9946893179756521
28,5,0.95,0.9971494252480023
28,6,0.05,0.9768871097556682
28,6,0.10,0.9914016175909826
28,6,0.15,0.9977335650418474
28,6,0.20,0.9974679432250467
28,6,0.25,0.9939777380689637
28,6,0.30,0.9960674373223144
28,6,0.35,0.9971602523445346
28,6,0.40,0.9942831326541488
28,6,0.45,0.9979181030704176
28,6,0.50,0.9905296232979479
28,6,0.55,0.9966667372845968
28,6,0.60,0.9954425810176055
28,6,0.65,0.997662936596945
28,6,0.70,0.9946568800472907
28,6,0.75,0.9951592773091503
28,6,0.80,0.9973981738142667
28,6,0.85,0.9910602514202937
28,6,0.90,0.9982890568831981
28,6,0.95,0.9939447046280334
28,7,0.05,0.9756306842076141
28,7,0.10,0.9931940468945895
28,7,0.15,0.9953825709534124
28,7,0.20,0.9927457014470591
28,7,0.25,0.9968172182046889
28,7,0.30,0.9949494487801833
28,7,0.35,0.9974328739878615
28,7,0.40,0.991535209826953
28,7,0.45,0.9982964019673649
28,7,0.50,0.9976966264990194
28,7,0.55,0.9979054305652238
28,7,0.60,0.9974497449417583
28,7,0.65,0.9975471524404408
28,7,0.70,0.994396769468137
28,7,0.75,0.9909257422685438
28,7,0.80,0.997472895172257
28,7,0.85,0.9953988210429403
28,7,0.90,0.9979763206545575
28,7,0.95,0.9951472665164527
28,8,0.05,0.9817582828863315
28,8,0.10,0.9899197350841276
28,8,0.15,0.9939331138116966
28,8,0.20,0.9940259070295628
28,8,0.25,0.9945275225259432
28,8,0.30,0.9948626235732231
28,8,0.35,0.9912723431838524
28,8,0.40,0.9954767613211476
28,8,0.45,0.9957250047586056
28,8,0.50,0.994865993279896
28,8,0.55,0.9979086400887413
28,8,0.60,0.998279956068797
28,8,0.65,0.9954152193606466
28,8,0.70,0.9905791688917946
28,8,0.75,0.9973857876530864
28,8,0.80,0.995465627085095
28,8,0.85,0.9933328170021568
28,8,0.90,0.9973548700837425
28,8,0.95,0.993409762461815
28,9,0.05,0.9549550143508544
28,9,0.10,0.9939154358518891
28,9,0.15,0.9973510123193596
28,9,0.20,0.9960071692162122
28,9,0.25,0.9925324882935065
28,9,0.30,0.9922314425022579
28,9,0.35,0.9967170355811892
28,9,0.40,0.9940160347775213
28,9,0.45,0.9969628913216121
28,9,0.50,0.9974118618403263
28,9,0.55,0.9943023338594619
28,9,0.60,0.9971347803242137
28,9,0.65,0.9951581912387011
28,9,0.70,0.9978926720179868
28,9,0.75,0.9956997351215562
28,9,0.80,0.9977308574272346
28,9,0.85,0.9976222348139133
28,9,0.90,0.9939425034468419
28,9,0.95,0.9942090176945367
29,0,0.05,0.9817975146076405
29,0,0.10,0.989043627776841
29,0,0.15,0.9937436876758466
29,0,0.20,0.996703502834074
29,0,0.25,0.9966019009213535
29,0,0.30,0.996013100414356
29,0,0.35,0.9972523302466814
29,0,0.40,0.9975089925342109
29,0,0.45,0.9968868393792394
29,0,0.50,0.997852576478198
29,0,0.55,0.9949581877728926
29,0,0.60,0.9940233530557597
29,0,0.65,0.9920611559762972
29,0,0.70,0.9974017961689327
29,0,0.75,0.9973928589068873
29,0,0.80,0.9971818163242846
29,0,0.85,0.9976041318322668
29,0,0.90,0.9978617780373836
29,0,0.95,0.9955204446867597
29,1,0.05,0.9887473567403112
29,1,0.10,0.9931481601320302
29,1,0.15,0.9956852880287924
29,1,0.20,0.9950724891071409
29,1,0.25,0.9966488449641011
29,1,0.30,0.9976877316117725
29,1,0.35,0.9970415146910244
29,1,0.40,0.9983154474433552
29,1,0.45,0.9963680378954195
29,1,0.50,0.9934324767445685
29,1,0.55,0.9973835531398936
29,1,0.60,0.9939891306598906
29,1,0.65,0.9943964136690029
29,1,0.70,0.9980750412942845
29,1,0.75,0.9965338151433011
29,1,0.80,0.9977599283923879
29,1,0.85,0.9975555358105229
29,1,0.90,0.9948908640144667
29,1,0.95,0.9961141528143412
29,2,0.05,0.9827661339032224
29,2,0.10,0.9887984617084453
29,2,0.15,0.9923037720084316
29,2,0.20,0.9940697466697972
29,2,0.25,0.9981999923422863
29,2,0.30,0.997444712251568
29,2,0.35,0.9954773127512773
29,2,0.40,0.9957059396049882
29,2,0.45,0.9977377326345771
29,2,0.50,0.9972799192274878
29,2,0.55,0.9958891561283209
29,2,0.60,0.9953421609800489
29,2,0.65,0.9948999900769792
29,2,0.70,0.9972505026025144
29,2,0.75,0.9978658339671086
29,2,0.80,0.9955977088818958
29,2,0.85,0.9909496017881689
29,2,0.90,0.9971224700735162
29,2,0.95,0.9944507722225275
29,3,0.05,0.9834672604595609
29,3,0.10,0.9758641352086568
29,3,0.15,0.9931282719034208
29,3,0.20,0.9978256010644558
29,3,0.25,0.997564718125118
29,3,0.30,0.9951118016516207
29,3,0.35,0.9974584865425276
29,3,0.40,0.996941715499614
29,3,0.45,0.997218557940622
29,3,0.50,0.9979756369415816
29,3,0.55,0.9983872397570324
29,3,0.60,0.9976315994646677
29,3,0.65,0.9963262447496782
29,3,0.70,0.9980982464460563
29,3,0.75,0.9913034677369308
29,3,0.80,0.9954417182129246
29,3,0.85,0.9943958050051535
29,3,0.90,0.9949269716208813
29,3,0.95,0.9951487594457713
29,4,0.05,0.9893585769835352
29,4,0.10,0.9947164551518769
29,4,0.15,0.9927988837043804
29,4,0.20,0.9889617786436339
29,4,0.25,0.9956717504197181
29,4,0.30,0.9930274857854131
29,4,0.35,0.9939617809723013
29,4,0.40,0.9973186154062105
29,4,0.45,0.9974723795951899
29,4,0.50,0.9959724019167919
29,4,0.55,0.9972647816995739
29,4,0.60,0.9962906726342431
29,4,0.65,0.9976982079845328
29,4,0.70,0.9967183309100202
29,4,0.75,0.9974095703562479
29,4,0.80,0.9980631310952187
29,4,0.85,0.9957511175971682
29,4,0.90,0.9959641525885078
29,4,0.95,0.9976712755455666
29,5,0.05,0.9629116998144192
29,5,0.10,0.988212488541579
29,5,0.15,0.9965630592915661
29,5,0.20,0.9967549613511637
29,5,0.25,0.994934555736606
29,5,0.30,0.9957538234706488
29,5,0.35,0.9952803726998294
29,5,0.40,0.9967170306011046
29,5,0.45,0.9977481365464239
29,5,0.50,0.9948035569225168
29,5,0.55,0.9980365225538866
29,5,0.60,0.9973793750232062
29,5,0.65,0.9921043006544196
29,5,0.70,0.9981985183697855
29,5,0.75,0.9947995541414486
29,5,0.80,0.9977105189686213
29,5,0.85,0.9932791568667141
29,5,0.90,0.9943982063124869
29,5,0.95,0.9980026949409667
29,6,0.05,0.9760256580348032
29,6,0.10,0.9902403105153365
29,6,0.15,0.9956400115537392
29,6,0.20,0.9973328017683203
29,6,0.25,0.9967102827624028
29,6,0.30,0.9913359241500541
29,6,0.35,0.9977008573163432
29,6,0.40,0.9954746133220658
29,6,0.45,0.9973780440638074
29,6,0.50,0.9981151500439345
29,6,0.55,0.9975154035069241
29,6,0.60,0.9914880136207279
29,6,0.65,0.9979636066143485
29,6,0.70,0.9982655922257125
29,6,0.75,0.9970790330215767
29,6,0.80,0.9974295944946785
29,6,0.85,0.9976783256133106
29,6,0.90,0.9952630196587253
29,6,0.95,0.9970219755891179
29,7,0.05,0.9760825741829261
29,7,0.10,0.9910508794967101
29,7,0.15,0.993357386811538
29,7,0.20,0.9950828469279125
29,7,0.25,0.9973315594073903
29,7,0.30,0.9957611110934381
29,7,0.35,0.9976628360713816
29,7,0.40,0.994894405128311
29,7,0.45,0.9979285636290273
29,7,0.50,0.9953532594071011
29,7,0.55,0.9954544899817866
29,7,0.60,0.9953186146522182
29,7,0.65,0.9912123258602342
29,7,0.70,0.9977016325319215
29,7,0.75,0.9917113383671415
29,7,0.80,0.9938581204167981
29,7,0.85,0.9940925103308138
29,7,0.90,0.9950805775402136
29,7,0.95,0.9957418585032954
29,8,0.05,0.9521678349337662
29,8,0.10,0.9716371230051155
29,8,0.15,0.9942183556367337
29,8,0.20,0.9902912553767907
29,8,0.25,0.9971318970492978
29,8,0.30,0.9958042686731905
29,8,0.35,0.9960127082985198
29,8,0.40,0.9956954344438852
29,8,0.45,0.9976975513183218
29,8,0.50,0.9949419567121742
29,8,0.55,0.997291223794067
29,8,0.60,0.9947528271702263
29,8,0.65,0.990581510593056
29,8,0.70,0.99510921469428
29,8,0.75,0.9981200432913357
29,8,0.80,0.9972635783496249
29,8,0.85,0.9951614156344418
29,8,0.90,0.997894341031839
29,8,0.95,0.9913922263425973
29,9,0.05,0.9780255239146206
29,9,0.10,0.9933237933075569
29,9,0.15,0.9947951949985587
29,9,0.20,0.9959181772640626
29,9,0.25,0.9947484352175611
29,9,0.30,0.9951255640349412
29,9,0.35,0.9979835250292322
29,9,0.40,0.9969178123098347
29,9,0.45,0.9950471862081748
29,9,0.50,0.9974849366414097
29,9,0.55,0.9978213462736516
29,9,0.60,0.9910471458986382
29,9,0.65,0.9927548263358392
29,9,0.70,0.9982802049855997
29,9,0.75,0.9959028817095381
29,9,0.80,0.997566400609985
29,9,0.85,0.9976498338741301
29,9,0.90,0.9953168108994835
29,9,0.95,0.9968942425491837
30,0,0.05,0.9673226772543619
30,0,0.10,0.9875421000842965
30,0,0.15,0.9966707611246166
30,0,0.20,0.9921099750423069
30,0,0.25,0.994193536165367
30,0,0.30,0.9974543524003233
30,0,0.35,0.9950952752102226
30,0,0.40,0.9971285166830893
30,0,0.45,0.9975920196552661
30,0,0.50,0.9950934252500512
30,0,0.55,0.9971917579224238
30,0,0.60,0.9942427914615276
30,0,0.65,0.9945714031668192
30,0,0.70,0.9972726099967053
30,0,0.75,0.9943872943159433
30,0,0.80,0.9957569878431384
30,0,0.85,0.9972691925475075
30,0,0.90,0.9954883546342143
30,0,0.95,0.9939513950441785
30,1,0.05,0.9506567933481471
30,1,0.10,0.9909066998545174
30,1,0.15,0.9969020426055496
30,1,0.20,0.9915474209007932
30,1,0.25,0.9926142428222926
30,1,0.30,0.9983748075562112
30,1,0.35,0.9920863600059634
30,1,0.40,0.9974302122627334
30,1,0.45,0.9950202979773444
30,1,0.50,0.996622939583351
30,1,0.55,0.9973008095660859
30,1,0.60,0.9971717272310461
30,1,0.65,0.9947602765168563
30,1,0.70,0.9938555371891638
30,1,0.75,0.9973062157844748
30,1,0.80,0.9974147839477175
30,1,0.85,0.997290183551574
30,1,0.90,0.9954549678107406
30,1,0.95,0.9975814727206463
30,2,0.05,0.9529755311227887
30,2,0.10,0.9871400832421956
30,2,0.15,0.9910409928411859
30,2,0.20,0.9893260376508309
30,2,0.25,0.9976512993040788
30,2,0.30,0.9970988004653788
30,2,0.35,0.9975414548276482
30,2,0.40,0.9906796058453605
30,2,0.45,0.9977024924393368
30,2,0.50,0.9969617465575814
30,2,0.55,0.9975407366748018
30,2,0.60,0.9976120191250293
30,2,0.65,0.997444164065704
30,2,0.70,0.9978826506636375
30,2,0.75,0.9979508104564071
30,2,0.80,0.9979049319208703
30,2,0.85,0.9977034911272569
30,2,0.90,0.9930076404135373
30,2,0.95,0.9942602542973058
30,3,0.05,0.9658428039975263
30,3,0.10,0.9982996292013079
30,3,0.15,0.9921885284576284
30,3,0.20,0.9968768670887193
30,3,0.25,0.9925716487473811
30,3,0.30,0.9979811843430837
30,3,0.35,0.9976807844714969
30,3,0.40,0.9982729125777827
30,3,0.45,0.9979906723170774
30,3,0.50,0.9973530144266947
30,3,0.55,0.9976798172724792
30,3,0.60,0.9963604252519775
30,3,0.65,0.9972513378891427
30,3,0.70,0.9977506668530105
30,3,0.75,0.9972819140152215
30,3,0.80,0.9974818335827411
30,3,0.85,0.9951589732626082
30,3,0.90,0.9940179436955086
30,3,0.95,0.9976185347577099
30,4,0.05,0.9885114002786993
30,4,0.10,0.9907670243032737
30,4,0.15,0.9969343058450625
30,4,0.20,0.996396826689755
30,4,0.25,0.9974333391780126
30,4,0.30,0.997191735863459
30,4,0.35,0.995138554282528
30,4,0.40,0.9967330796431687
30,4,0.45,0.9976449767792261
30,4,0.50,0.9960052368910288
30,4,0.55,0.9961954935762206
30,4,0.60,0.997558425325805
30,4,0.65,0.9973903547930703
30,4,0.70,0.9981531532448193
30,4,0.75,0.9976293406040683
30,4,0.80,0.9975006579676035
30,4,0.85,0.996595061263328
30,4,0.90,0.9973700660604214
30,4,0.95,0.992296443111916
30,5,0.05,0.9647927606152639
30,5,0.10,0.9930797958105245
30,5,0.15,0.9976077329365088
30,5,0.20,0.9905159033184673
30,5,0.25,0.9966001997730666
30,5,0.30,0.9939263780300533
30,5,0.35,0.9970420719252304
30,5,0.40,0.9975448582979608
30,5,0.45,0.9978465176693211
30,5,0.50,0.9951556944137958
30,5,0.55,0.9953179387950355
30,5,0.60,0.99735842305615
30,5,0.65,0.99805291108496
30,5,0.70,0.9977950223865346
30,5,0.75,0.9963027279838899
30,5,0.80,0.9955664788297667
30,5,0.85,0.9975070193549507
30,5,0.90,0.9951728279932585
30,5,0.95,0.993301851399613
30,6,0.05,0.9597206163542558
30,6,0.10,0.9769014231056422
30,6,0.15,0.9803627111811454
30,6,0.20,0.9976454951310589
30,6,0.25,0.9978956610713481
30,6,0.30,0.9979942762670346
30,6,0.35,0.9953082471561783
30,6,0.40,0.9969348567852764
30,6,0.45,0.9972795693682718
30,6,0.50,0.9950235216631258
30,6,0.55,0.9948977342000286
30,6,0.60,0.997399423075415
30,6,0.65,0.9973501704228999
30,6,0.70,0.9955724100945152
30,6,0.75,0.9946353407525961
30,6,0.80,0.9932123159240813
30,6,0.85,0.9971886158044787
30,6,0.90,0.9899684269988641
30,6,0.95,0.9976905013961958
30,7,0.05,0.9789501138588951
30,7,0.10,0.9855443719558433
30,7,0.15,0.9933771483403078
30,7,0.20,0.9940821447221166
30,7,0.25,0.9962224837581485
30,7,0.30,0.9975776253420744
30,7,0.35,0.9968343062986843
30,7,0.40,0.9974963441899031
30,7,0.45,0.9969847466557027
30,7,0.50,0.9973906315413938
30,7,0.55,0.9947690923547885
30,7,0.60,0.997280560261646
30,7,0.65,0.9979973902010374
30,7,0.70,0.9945250283868727
30,7,0.75,0.9946007008823688
30,7,0.80,0.9978033727377946
30,7,0.85,0.9941017947403578
30,7,0.90,0.9983785826285154
30,7,0.95,0.9962414106266965
30,8,0.05,0.9869572548393488
30,8,0.10,0.9912365674530206
30,8,0.15,0.9969327793456026
30,8,0.20,0.9974269811256006
30,8,0.25,0.9979753847891135
30,8,0.30,0.9959567374569297
30,8,0.35,0.9953035027428984
30,8,0.40,0.9958892414374106
30,8,0.45,0.9939493679917903
30,8,0.50,0.9961185172247534
30,8,0.55,0.9980007895160761
30,8,0.60,0.9956376034758541
30,8,0.65,0.9975708249050534
30,8,0.70,0.9951010160438126
30,8,0.75,0.9979035229019738
30,8,0.80,0.9978856233637081
30,8,0.85,0.9978081823071004
30,8,0.90,0.9959158131661542
30,8,0.95,0.9974547543112902
30,9,0.05,0.9745436649000426
30,9,0.10,0.9968317595501204
30,9,0.15,0.993199959967622
30,9,0.20,0.9976194073370749
30,9,0.25,0.9921217903055385
30,9,0.30,0.9972438936484771
30,9,0.35,0.9950181991438916
30,9,0.40,0.9954717706505495
30,9,0.45,0.9954875197371206
30,9,0.50,0.9956709507815552
30,9,0.55,0.997330759292699
30,9,0.60,0.9979309191800078
30,9,0.65,0.9984321566083416
30,9,0.70,0.9980812372284826
30,9,0.75,0.9974457978380619
30,9,0.80,0.9938856877416509
30,9,0.85,0.9958756384098537
30,9,0.90,0.9953429810141496
30,9,0.95,0.9951752808653858
31,0,0.05,0.9634858301417777
31,0,0.10,0.9968535905392261
31,0,0.15,0.9937997189061165
31,0,0.20,0.9925613463026045
31,0,0.25,0.9976861953258686
31,0,0.30,0.9935541519974449
31,0,0.35,0.9947483014381443
31,0,0.40,0.9973437361132108
31,0,0.45,0.9978439797628128
31,0,0.50,0.9959666076950067
31,0,0.55,0.9910890036307557
31,0,0.60,0.9936879531671942
31,0,0.65,0.9950978876367954
31,0,0.70,0.9952974084131029
31,0,0.75,0.9954367641948736
31,0,0.80,0.9952619164366431
31,0,0.85,0.9982578474367368
31,0,0.90,0.9982856761483472
31,0,0.95,0.9947559824261194
31,1,0.05,0.9822466725355932
31,1,0.10,0.9943747010145054
31,1,0.15,0.9981580727334614
31,1,0.20,0.997696130615908
31,1,0.25,0.9960599164236131
31,1,0.30,0.9918471181401934
31,1,0.35,0.9975488564218267
31,1,0.40,0.9980516565639074
31,1,0.45,0.9978286220287857
31,1,0.50,0.9970821512118749
31,1,0.55,0.9976727257163192
31,1,0.60,0.9963997416036559
31,1,0.65,0.9919820845049961
31,1,0.70,0.997965518716426
31,1,0.75,0.9961740992365797
31,1,0.80,0.9960162028731664
31,1,0.85,0.9972838300490701
31,1,0.90,0.9949788572751755
31,1,0.95,0.9978684033118784
31,2,0.05,0.9445380210143851
31,2,0.10,0.9816197682185407
31,2,0.15,0.9931688256815129
31,2,0.20,0.9976309205820633
31,2,0.25,0.9973505503494147
31,2,0.30,0.9980944701286656
31,2,0.35,0.994429982188949
31,2,0.40,0.9974742110000189
31,2,0.45,0.9979387090356822
31,2,0.50,0.9974290015277265
31,2,0.55,0.9977309074446905
31,2,0.60,0.992330824205477
31,2,0.65,0.9918970180178046
31,2,0.70,0.9954177586846742
31,2,0.75,0.998414981130108
31,2,0.80,0.9961666563734988
31,2,0.85,0.9934897309048919
31,2,0.90,0.9956752097544834
31,2,0.95,0.9917544603674081
31,3,0.05,0.6315632631761623
31,3,0.10,0.9898456502902057
31,3,0.15,0.9967448434335562
31,3,0.20,0.9978337349554908
31,3,0.25,0.997187414630994
31,3,0.30,0.9959988344274738
31,3,0.35,0.9976596402923715
31,3,0.40,0.9974840380691467
31,3,0.45,0.9981672227781397
31,3,0.50,0.9957508868409987
31,3,0.55,0.998414638072471
31,3,0.60,0.9924828950424042
31,3,0.65,0.9955199109505749
31,3,0.70,0.9955599362263897
31,3,0.75,0.9948831598076248
31,3,0.80,0.9965873197328449
31,3,0.85,0.9954059924052895
31,3,0.90,0.9976335208170805
31,3,0.95,0.9937506939554764
31,4,0.05,0.9374475067382213
31,4,0.10,0.9881290999424212
31,4,0.15,0.9970236134617075
31,4,0.20,0.9969013226453409
31,4,0.25,0.9933489149495494
31,4,0.30,0.9965026399387734
31,4,0.35,0.9973592567009898
31,4,0.40,0.9976241466432527
31,4,0.45,0.9979023361726382
31,4,0.50,0.9935652010869707
31,4,0.55,0.9976620175162051
31,4,0.60,0.9964452119583556
31,4,0.65,0.9980200115720449
31,4,0.70,0.9980737096030238
31,4,0.75,0.9975404239156783
31,4,0.80,0.9975897062826174
31,4,0.85,0.9956230789729608
31,4,0.90,0.9943379546811477
31,4,0.95,0.9919362828085252
31,5,0.05,0.9802849175705955
31,5,0.10,0.9939293887774153
31,5,0.15,0.9939775297325945
31,5,0.20,0.9918639471260375
31,5,0.25,0.9982721840770464
31,5,0.30,0.995006437178388
31,5,0.35,0.9975326993658634
31,5,0.40,0.9953956279834396
31,5,0.45,0.9950975508833783
31,5,0.50,0.9959565274616278
31,5,0.55,0.9944293389295087
31,5,0.60,0.997996553035765
31,5,0.65,0.9951255659988212
31,5,0.70,0.9953555853711649
31,5,0.75,0.9959108608781755
31,5,0.80,0.9959943575927307
31,5,0.85,0.9960251464706483
31,5,0.90,0.9959505414464602
31,5,0.95,0.9955141944670937
31,6,0.05,0.9586796397808169
31,6,0.10,0.9904751443360743
31,6,0.15,0.9944183483424749
31,6,0.20,0.9957057630471566
31,6,0.25,0.9960471101755911
31,6,0.30,0.9967889419069291
31,6,0.35,0.9971756907972431
31,6,0.40,0.9978408264174812
31,6,0.45,0.9979906490523839
31,6,0.50,0.9958609947608067
31,6,0.55,0.995189303192335
31,6,0.60,0.9957494271475691
31,6,0.65,0.997752887144279
31,6,0.70,0.9958643975278577
31,6,0.75,0.9971464722665794
31,6,0.80,0.99236520991432
31,6,0.85,0.9972595431198152
31,6,0.90,0.9929550629497977
31,6,0.95,0.9978020879899129
31,7,0.05,0.9363141916143993
31,7,0.10,0.9896895301435669
31,7,0.15,0.9970388937648194
31,7,0.20,0.9973416025489013
31,7,0.25,0.9925732213432533
31,7,0.30,0.9973451484255567
31,7,0.35,0.9966025140824725
31,7,0.40,0.997661629625717
31,7,0.45,0.9936004108180522
31,7,0.50,0.9957767794136919
31,7,0.55,0.9979482079296909
31,7,0.60,0.9908275513397942
31,7,0.65,0.9918928584858034
31,7,0.70,0.9922479852886439
31,7,0.75,0.997890659825857
31,7,0.80,0.9922284774634086
31,7,0.85,0.9972329950921692
31,7,0.90,0.9973685314011931
31,7,0.95,0.9947438905189898
31,8,0.05,0.9704489786053602
31,8,0.10,0.9852130026313436
31,8,0.15,0.997126422583122
31,8,0.20,0.9974342311889176
31,8,0.25,0.9972838370155267
31,8,0.30,0.9982560212118397
31,8,0.35,0.9925880006210727
31,8,0.40,0.9979252531144416
31,8,0.45,0.9956972123320623
31,8,0.50,0.9955141496885463
31,8,0.55,0.9918494275231796
31,8,0.60,0.992416194359665
31,8,0.65,0.9966068630596223
31,8,0.70,0.9954823856780299
31,8,0.75,0.9917034430255061
31,8,0.80,0.9955237920151803
31,8,0.85,0.9965119878379355
31,8,0.90,0.997787172717136
31,8,0.95,0.9977935264331018
31,9,0.05,0.9801108372199692
31,9,0.10,0.9901404486990785
31,9,0.15,0.9962646912625939
31,9,0.20,0.9970981527187007
31,9,0.25,0.9973325075242893
31,9,0.30,0.99720039244406
31,9,0.35,0.9958535995636888
31,9,0.40,0.9970297307102116
31,9,0.45,0.9982629237654903
31,9,0.50,0.9976357195970983
31,9,0.55,0.99402450190395
31,9,0.60,0.995723567958349
31,9,0.65,0.9925907230095892
31,9,0.70,0.9958958952393685
31,9,0.75,0.9960026110845346
31,9,0.80,0.9981115716823504
31,9,0.85,0.995320228704963
31,9,0.90,0.991683704339176
31,9,0.95,0.9974815318171807
32,0,0.05,0.9814758171988878
32,0,0.10,0.9958448723235837
32,0,0.15,0.9970475993003849
32,0,0.20,0.9944752786948441
32,0,0.25,0.9944271292841227
32,0,0.30,0.9970319635987018
32,0,0.35,0.9942143152895576
32,0,0.40,0.9969839876222352
32,0,0.45,0.9974627148788702
32,0,0.50,0.9983302516571408
32,0,0.55,0.9949270069679909
32,0,0.60,0.998021774257311
32,0,0.65,0.9972730754111462
32,0,0.70,0.995134908130099
32,0,0.75,0.9963865905810175
32,0,0.80,0.9945318426359192
32,0,0.85,0.9961963865946196
32,0,0.90,0.9943782744193422
32,0,0.95,0.9977698706099201
32,1,0.05,0.984427217232581
32,1,0.10,0.9956796172902844
32,1,0.15,0.9934307489447544
32,1,0.20,0.992529891060371
32,1,0.25,0.9955952227438164
32,1,0.30,0.9949150607185432
32,1,0.35,0.9958947399618663
32,1,0.40,0.9964658994576899
32,1,0.45,0.9919530929432478
32,1,0.50,0.9967530443661542
32,1,0.55,0.9975004075803665
32,1,0.60,0.9980273603417325
32,1,0.65,0.9980350701445206
32,1,0.70,0.9951407941925745
32,1,0.75,0.9981743330453241
32,1,0.80,0.9973071596885432
32,1,0.85,0.9959828717522955
32,1,0.90,0.9958071577675053
32,1,0.95,0.9972185551793991
32,2,0.05,0.96218801407101
32,2,0.10,0.9938444192269165
32,2,0.15,0.9893016406468907
32,2,0.20,0.9957922438553829
32,2,0.25,0.9951633616556775
32,2,0.30,0.9945666636661156
32,2,0.35,0.9984611608968211
32,2,0.40,0.9909627136060712
32,2,0.45,0.9973228815629639
32,2,0.50,0.9979802232144733
32,2,0.55,0.9973671384690116
32,2,0.60,0.997371321459178
32,2,0.65,0.9979819976874188
32,2,0.70,0.9928892504298703
32,2,0.75,0.9981490625902469
32,2,0.80,0.9942688672445174
32,2,0.85,0.9967942021297018
32,2,0.90,0.9936793450241319
32,2,0.95,0.9949994091873874
32,3,0.05,0.9857955181505357
32,3,0.10,0.9962218751133891
32,3,0.15,0.9887944024390559
32,3,0.20,0.9968741333492442
32,3,0.25,0.9974824435294832
32,3,0.30,0.9972757519747253
32,3,0.35,0.9966282700056823
32,3,0.40,0.994771544012836
32,3,0.45,0.9980502920522251
32,3,0.50,0.9977703888147031
32,3,0.55,0.9971104308666242
32,3,0.60,0.9929821886713109
32,3,0.65,0.9931406934247402
32,3,0.70,0.9979121717366986
32,3,0.75,0.9952217740918332
32,3,0.80,0.9953527769477155
32,3,0.85,0.9955537692709333
32,3,0.90,0.9960708811535621
32,3,0.95,0.9960023762329564
32,4,0.05,0.9197885371014413
32,4,0.10,0.9934173223799017
32,4,0.15,0.9964167109407097
32,4,0.20,0.997329219330221
32,4,0.25,0.9974340676771632
32,4,0.30,0.9963109950615378
32,4,0.35,0.997636009861781
32,4,0.40,0.9955298714952865
32,4,0.45,0.997226292847656
32,4,0.50,0.9951828904484974
32,4,0.55,0.9944520783291924
32,4,0.60,0.9961948164433506
32,4,0.65,0.9956507914106365
32,4,0.70,0.9977835093065331
32,4,0.75,0.9956553961486265
32,4,0.80,0.9979328102103096
32,4,0.85,0.9958590569453626
32,4,0.90,0.9973763434794908
32,4,0.95,0.9978343439890807
32,5,0.05,0.9867097601367689
32,5,0.10,0.9806827030091961
32,5,0.15,0.9947767064933865
32,5,0.20,0.9936685805158747
32,5,0.25,0.9938173420834395
32,5,0.30,0.9917935432251334
32,5,0.35,0.9964216641684677
32,5,0.40,0.9983228387089621
32,5,0.45,0.9957823571793826
32,5,0.50,0.9965681412451901
32,5,0.55,0.997753580878222
32,5,0.60,0.9949302869131877
32,5,0.65,0.9975804941043412
32,5,0.70,0.9981398775790444
32,5,0.75,0.991714463121975
32,5,0.80,0.9952332615043739
32,5,0.85,0.9982539164635845
32,5,0.90,0.998380539120173
32,5,0.95,0.9951080986071503
32,6,0.05,0.9474295290675262
32,6,0.10,0.9921981670452186
32,6,0.15,0.9974366482080159
32,6,0.20,0.990512015372142
32,6,0.25,0.9972645671333019
32,6,0.30,0.9927603626731328
32,6,0.35,0.9971349417646922
32,6,0.40,0.996965893512314
32,6,0.45,0.9973040532714877
32,6,0.50,0.9981602908429268
32,6,0.55,0.9980207935306967
32,6,0.60,0.9975699344361463
32,6,0.65,0.9981075711280136
32,6,0.70,0.997835609815723
32,6,0.75,0.9976959002985298
32,6,0.80,0.9953376089950143
32,6,0.85,0.9972454807965438
32,6,0.90,0.9944270033770108
32,6,0.95,0.9949266232839463
32,7,0.05,0.9664598425906491
32,7,0.10,0.9922517313034728
32,7,0.15,0.9960881897992591
32,7,0.20,0.9973938900734279
32,7,0.25,0.9952581279166671
32,7,0.30,0.9973124956348853
32,7,0.35,0.9971084531932553
32,7,0.40,0.9980694650213642
32,7,0.45,0.9934583966157867
32,7,0.50,0.997869024624847
32,7,0.55,0.9974756892621925
32,7,0.60,0.995712478265802
32,7,0.65,0.990422301771198
32,7,0.70,0.9957869871360888
32,7,0.75,0.9976433435660335
32,7,0.80,0.9971913096451055
32,7,0.85,0.9916305129312698
32,7,0.90,0.9979064157349175
32,7,0.95,0.9972642695448167
32,8,0.05,0.9655567714550506
32,8,0.10,0.9944941085167893
32,8,0.15,0.9884716749216378
32,8,0.20,0.9934513341217092
32,8,0.25,0.9976276863326496
32,8,0.30,0.9972592859123988
32,8,0.35,0.9945539326185225
32,8,0.40,0.9951447984426416
32,8,0.45,0.9955685316821218
32,8,0.50,0.9974545703303417
32,8,0.55,0.9981476190972132
32,8,0.60,0.9983139405492996
32,8,0.65,0.998379052608713
32,8,0.70,0.9971143227194235
32,8,0.75,0.998151364125569
32,8,0.80,0.9981896876639668
32,8,0.85,0.9952582549492516
32,8,0.90,0.9941807826457655
32,8,0.95,0.9953912806454069
32,9,0.05,0.9774894954876692
32,9,0.10,0.98701761321932
32,9,0.15,0.9880590909926203
32,9,0.20,0.996180103414445
32,9,0.25,0.9978148592967219
32,9,0.30,0.9942516035973455
32,9,0.35,0.9945157589931192
32,9,0.40,0.9982282513223228
32,9,0.45,0.9975274889886315
32,9,0.50,0.995509158173644
32,9,0.55,0.9976365663026195
32,9,0.60,0.9975589582210709
32,9,0.65,0.9976146351344205
32,9,0.70,0.9976069131981398
32,9,0.75,0.9943892946744248
32,9,0.80,0.9978725231660931
32,9,0.85,0.9928346000435104
32,9,0.90,0.9946045193578509
32,9,0.95,0.9950901475170014
33,0,0.05,0.9838009027209004
33,0,0.10,0.988523657078332
33,0,0.15,0.9929488319748859
33,0,0.20,0.9973034420554604
33,0,0.25,0.99613733925038
33,0,0.30,0.9934987426737932
33,0,0.35,0.997461674854825
33,0,0.40,0.9981930616742785
33,0,0.45,0.9973331609056937
33,0,0.50,0.9971669264241722
33,0,0.55,0.9975573736031614
33,0,0.60,0.998157429331991
33,0,0.65,0.9955084373672194
33,0,0.70,0.9980782871562273
33,0,0.75,0.9952066397376511
33,0,0.80,0.995322519673284
33,0,0.85,0.9953402208411976
33,0,0.90,0.9962510595464663
33,0,0.95,0.9922994147876193
33,1,0.05,0.9859172846107174
33,1,0.10,0.9921182445552674
33,1,0.15,0.9968030192945373
33,1,0.20,0.9927926841717869
33,1,0.25,0.9926161950785495
33,1,0.30,0.9954979469528775
33,1,0.35,0.9940874376053166
33,1,0.40,0.9979550130934225
33,1,0.45,0.998266689590181
33,1,0.50,0.9970703216751384
33,1,0.55,0.9961314858716778
33,1,0.60,0.9977534314183533
33,1,0.65,0.9957418777308621
33,1,0.70,0.997112945207549
33,1,0.75,0.9906083572259997
33,1,0.80,0.9972385041566659
33,1,0.85,0.9906619542976471
33,1,0.90,0.993606611888643
33,1,0.95,0.9910637873325883
33,2,0.05,0.9901870687257861
33,2,0.10,0.99296452965779
33,2,0.15,0.9959774594922842
33,2,0.20,0.9920566311840544
33,2,0.25,0.9901671429874528
33,2,0.30,0.995472983144736
33,2,0.35,0.998098381352449
33,2,0.40,0.9960497608265874
33,2,0.45,0.996993513984829
33,2,0.50,0.9975730657960139
33,2,0.55,0.9968599858814962
33,2,0.60,0.9971444623927427
33,2,0.65,0.9979412030611204
33,2,0.70,0.9901406068048934
33,2,0.75,0.9937549651110698
33,2,0.80,0.9971974480672249
33,2,0.85,0.9951873284184571
33,2,0.90,0.9916581055015561
33,2,0.95,0.9978479009598096
33,3,0.05,0.9786277667125114
33,3,0.10,0.9877051383434234
33,3,0.15,0.9912477210046151
33,3,0.20,0.9965898172164249
33,3,0.25,0.9962537170785544
33,3,0.30,0.9960390476805573
33,3,0.35,0.9949635691289456
33,3,0.40,0.9948900814130701
33,3,0.45,0.9971643168988629
33,3,0.50,0.9974906600000284
33,3,0.55,0.9961806865805447
33,3,0.60,0.9958295689084137
33,3,0.65,0.9972325815189128
33,3,0.70,0.9973189516432274
33,3,0.75,0.9947913979725138
33,3,0.80,0.9926561279098248
33,3,0.85,0.9951341431910599
33,3,0.90,0.9958224189638105
33,3,0.95,0.9953443947481151
33,4,0.05,0.9389636285362069
33,4,0.10,0.9904256475634764
33,4,0.15,0.9944668984379984
33,4,0.20,0.996998421768159
33,4,0.25,0.996956458248913
33,4,0.30,0.9973282582198464
33,4,0.35,0.9972022173082273
33,4,0.40,0.9929631783603909
33,4,0.45,0.9982513375881265
33,4,0.50,0.9980388428920159
33,4,0.55,0.9978403872193105
33,4,0.60,0.9977063338916954
33,4,0.65,0.996898631611544
33,4,0.70,0.9950804498104643
33,4,0.75,0.9946393611709619
33,4,0.80,0.9960800178652671
33,4,0.85,0.9952293298250744
33,4,0.90,0.9942707389099257
33,4,0.95,0.9954283689624539
33,5,0.05,0.9705161142793106
33,5,0.10,0.9882160149397093
33,5,0.15,0.9953026849379987
33,5,0.20,0.9971585703053385
33,5,0.25,0.9963438509277259
33,5,0.30,0.9928691753380299
33,5,0.35,0.9968913205511584
33,5,0.40,0.9961003667902628
33,5,0.45,0.9979102145938956
33,5,0.50,0.9974644978431609
33,5,0.55,0.9922483619733578
33,5,0.60,0.9958598850699119
33,5,0.65,0.9953685577697458
33,5,0.70,0.9982629047448578
33,5,0.75,0.9936547362529167
33,5,0.80,0.9971023950699589
33,5,0.85,0.9944645857498675
33,5,0.90,0.9980525522944811
33,5,0.95,0.9956676115583651
33,6,0.05,0.9963688001675665
33,6,0.10,0.9919566947548752
33,6,0.15,0.9939707262409829
33,6,0.20,0.9979116186044596
33,6,0.25,0.9963057601523063
33,6,0.30,0.9916802966315916
33,6,0.35,0.9947729132314553
33,6,0.40,0.9981327749503782
33,6,0.45,0.9945760070842238
33,6,0.50,0.9947624618155488
33,6,0.55,0.990377996809175
33,6,0.60,0.998077237275189
33,6,0.65,0.994538457839626
33,6,0.70,0.992919167849222
33,6,0.75,0.9949411603546862
33,6,0.80,0.9954324956062688
33,6,0.85,0.9978006810876974
33,6,0.90,0.9954410520229954
33,6,0.95,0.997416667492021
33,7,0.05,0.9854378427856407
33,7,0.10,0.996270573858029
33,7,0.15,0.9918299239175065
33,7,0.20,0.9952422530182445
33,7,0.25,0.9866972099263308
33,7,0.30,0.9885079136112208
33,7,0.35,0.9970354565172704
33,7,0.40,0.99212810643098
33,7,0.45,0.9968112990401342
33,7,0.50,0.997957519923672
33,7,0.55,0.9976108256092026
33,7,0.60,0.9953013468834215
33,7,0.65,0.9978480547037558
33,7,0.70,0.9981082855199404
33,7,0.75,0.9975723674790109
33,7,0.80,0.9970884745696541
33,7,0.85,0.99317210918323
33,7,0.90,0.9954570665116165
33,7,0.95,0.9963629999146862
33,8,0.05,0.9743825733304496
33,8,0.10,0.991519557284725
33,8,0.15,0.9971254653595354
33,8,0.20,0.9970744754367296
33,8,0.25,0.9891640233503628
33,8,0.30,0.9946481223277626
33,8,0.35,0.9977762883757963
33,8,0.40,0.9979968656547017
33,8,0.45,0.9965042820371476
33,8,0.50,0.9981020136347816
33,8,0.55,0.9976065400889241
33,8,0.60,0.9976826407329483
33,8,0.65,0.9975051706066447
33,8,0.70,0.9972633460013641
33,8,0.75,0.9942435886797258
33,8,0.80,0.9948751634164391
33,8,0.85,0.9976770148857922
33,8,0.90,0.9916746221342241
33,8,0.95,0.9950215587672105
33,9,0.05,0.9647087252993715
33,9,0.10,0.9919541755573025
33,9,0.15,0.9926795135175055
33,9,0.20,0.9959774281238076
33,9,0.25,0.993045682847953
33,9,0.30,0.9937161744956873
33,9,0.35,0.994347561709515
33,9,0.40,0.9981905581341816
33,9,0.45,0.9978803565056716
33,9,0.50,0.9970321446416196
33,9,0.55,0.9967751612861302
33,9,0.60,0.9981435782985585
33,9,0.65,0.9981243720337822
33,9,0.70,0.9949931762002314
33,9,0.75,0.9975383023224673
33,9,0.80,0.9957611697618094
33,9,0.85,0.9982476559585374
33,9,0.90,0.9919025722647564
33,9,0.95,0.9980018422633284
34,0,0.05,0.9899377755992222
34,0,0.10,0.993976918529726
34,0,0.15,0.9957752829637304
34,0,0.20,0.9982046589295046
34,0,0.25,0.9955584530457251
34,0,0.30,0.9952420535828875
34,0,0.35,0.9969553612973652
34,0,0.40,0.9980987440437009
34,0,0.45,0.997574557515326
34,0,0.50,0.9971683138182678
34,0,0.55,0.9935479360512386
34,0,0.60,0.9976270854284605
34,0,0.65,0.9909985437493117
34,0,0.70,0.9888059457738905
34,0,0.75,0.9978043587256769
34,0,0.80,0.9981692636981874
34,0,0.85,0.9978657629778374
34,0,0.90,0.9974953912719129
34,0,0.95,0.9971423262036739
34,1,0.05,0.9771727799084639
34,1,0.10,0.9957607099254577
34,1,0.15,0.9963076776472825
34,1,0.20,0.9953010141869315
34,1,0.25,0.99168819133093
34,1,0.30,0.9961795794816319
34,1,0.35,0.9960891822405347
34,1,0.40,0.9970740531546474
34,1,0.45,0.9904759519532559
34,1,0.50,0.9933535768511448
34,1,0.55,0.9970278929923999
34,1,0.60,0.9976903412582265
34,1,0.65,0.9975805380539013
34,1,0.70,0.9925984777659084
34,1,0.75,0.9947172888659416
34,1,0.80,0.9963410805960492
34,1,0.85,0.9979922591868979
34,1,0.90,0.9959081773298072
34,1,0.95,0.9980006651772492
34,2,0.05,0.9744812751262478
34,2,0.10,0.9927489737191241
34,2,0.15,0.9968467364591185
34,2,0.20,0.991753919296729
34,2,0.25,0.994334884381155
34,2,0.30,0.9961598107920057
34,2,0.35,0.9944132618016329
34,2,0.40,0.995165699126221
34,2,0.45,0.9964291471859116
34,2,0.50,0.9982570373422414
34,2,0.55,0.9953859074659264
34,2,0.60,0.9943124622593728
34,2,0.65,0.9948533221219557
34,2,0.70,0.991308079214583
34,2,0.75,0.9954452505765815
34,2,0.80,0.9954786626693577
34,2,0.85,0.9983053925082186
34,2,0.90,0.9979570254783365
34,2,0.95,0.9951591067041684
34,3,0.05,0.9818397910117385
34,3,0.10,0.9952697899052843
34,3,0.15,0.9934508665963535
34,3,0.20,0.9977231278761386
34,3,0.25,0.9974752969802417
34,3,0.30,0.9946185297714482
34,3,0.35,0.996335336092805
34,3,0.40,0.9938876806569472
34,3,0.45,0.990230114884442
34,3,0.50,0.991944433189467
34,3,0.55,0.995289580261359
34,3,0.60,0.9941430361032739
34,3,0.65,0.995218245769656
34,3,0.70,0.9969604509346662
34,3,0.75,0.9973225927121073
34,3,0.80,0.997708788338878
34,3,0.85,0.9927180235447716
34,3,0.90,0.9951540058524593
34,3,0.95,0.9945645328764192
34,4,0.05,0.9615637635498517
34,4,0.10,0.9976137233147102
34,4,0.15,0.9938649598051584
34,4,0.20,0.9954789400574564
34,4,0.25,0.997134333360923
34,4,0.30,0.9951238671464457
34,4,0.35,0.9959566166284657
34,4,0.40,0.9967649199240749
34,4,0.45,0.9953255202548417
34,4,0.50,0.9973227263618294
34,4,0.55,0.9952177608676428
34,4,0.60,0.9947784109805156
34,4,0.65,0.9946695872862831
34,4,0.70,0.9975191989607102
34,4,0.75,0.994871185461467
34,4,0.80,0.9951713228601917
34,4,0.85,0.997965498033821
34,4,0.90,0.9983030758213544
34,4,0.95,0.9954566354375141
34,5,0.05,0.9468064492867179
34,5,0.10,0.9962087944693604
34,5,0.15,0.9968326367889961
34,5,0.20,0.9969718634186671
34,5,0.25,0.9941019491904249
34,5,0.30,0.9975911527446887
34,5,0.35,0.9948106893411832
34,5,0.40,0.9941504827753579
34,5,0.45,0.9958295084491273
34,5,0.50,0.9980076672910095
34,5,0.55,0.9978696515982427
34,5,0.60,0.9973546660698834
34,5,0.65,0.9982609221328284
34,5,0.70,0.9959742695760263
34,5,0.75,0.9974113330092265
34,5,0.80,0.9978915431895676
34,5,0.85,0.9953940400045441
34,5,0.90,0.9907845952011936
34,5,0.95,0.9970017274270815
34,6,0.05,0.9874083706139515
34,6,0.10,0.9935604462264493
34,6,0.15,0.9973495104964045
34,6,0.20,0.9970327076015969
34,6,0.25,0.9957431982548102
34,6,0.30,0.9960679827602786
34,6,0.35,0.9968429060236226
34,6,0.40,0.9955779300148994
34,6,0.45,0.9977033081918898
34,6,0.50,0.9911522556125183
34,6,0.55,0.990992744375583
34,6,0.60,0.9947603748466355
34,6,0.65,0.9954847870175578
34,6,0.70,0.994218526501069
34,6,0.75,0.9972294606376709
34,6,0.80,0.9981514712590533
34,6,0.85,0.9975094872018164
34,6,0.90,0.9957617196038325
34,6,0.95,0.9934306145330671
34,7,0.05,0.9825229215030861
34,7,0.10,0.9940165997703996
34,7,0.15,0.9960981102990139
34,7,0.20,0.9948784321150939
34,7,0.25,0.9957937932290069
34,7,0.30,0.9947412188942484
34,7,0.35,0.9970555775487359
34,7,0.40,0.994897762592088
34,7,0.45,0.9980206818032782
34,7,0.50,0.9945877325188305
34,7,0.55,0.9976078443276953
34,7,0.60,0.9973539654471458
34,7,0.65,0.9976919453066866
34,7,0.70,0.9937830995669857
34,7,0.75,0.9942197253786802
34,7,0.80,0.9953440577489704
34,7,0.85,0.9977932674427193
34,7,0.90,0.9977450415521814
34,7,0.95,0.9950264449661567
34,8,0.05,0.9808618664256291
34,8,0.10,0.9935837679094474
34,8,0.15,0.9899877035839059
34,8,0.20,0.9958812471921028
34,8,0.25,0.9916410962444485
34,8,0.30,0.9945568449573231
34,8,0.35,0.9943877383265947
34,8,0.40,0.9912872435125923
34,8,0.45,0.9971629590774823
34,8,0.50,0.9925599883718054
34,8,0.55,0.9910373244959442
34,8,0.60,0.9980915950304755
34,8,0.65,0.995565965599127
34,8,0.70,0.9954851878703288
34,8,0.75,0.9919974907808325
34,8,0.80,0.9954320850135788
34,8,0.85,0.9938402039872414
34,8,0.90,0.9961293802979008
34,8,0.95,0.9929054087213068
34,9,0.05,0.9806876671832793
34,9,0.10,0.9970887013426715
34,9,0.15,0.9970004887595254
34,9,0.20,0.9964363849348699
34,9,0.25,0.9863973376311898
34,9,0.30,0.9964679092882069
34,9,0.35,0.9914976320631501
34,9,0.40,0.9919786647504001
34,9,0.45,0.994665018817454
34,9,0.50,0.9953684012526512
34,9,0.55,0.9937241676520814
34,9,0.60,0.995504383509997
34,9,0.65,0.9973790470807201
34,9,0.70,0.9951578371510678
34,9,0.75,0.9972613852057263
34,9,0.80,0.9974090413985045
34,9,0.85,0.9970333025216515
34,9,0.90,0.9977358464125388
34,9,0.95,0.9980253748734386
35,0,0.05,0.9870847292605219
35,0,0.10,0.9920723600892788
35,0,0.15,0.992933127740707
35,0,0.20,0.9970685709947025
35,0,0.25,0.9950511930007377
35,0,0.30,0.997364118194612
35,0,0.35,0.9953948744229798
35,0,0.40,0.9982482373779125
35,0,0.45,0.9941008479509486
35,0,0.50,0.9973922354291103
35,0,0.55,0.9972422945978004
35,0,0.60,0.995333238693367
35,0,0.65,0.991005145103927
35,0,0.70,0.9960319351771076
35,0,0.75,0.9976791219058704
35,0,0.80,0.9961223589560428
35,0,0.85,0.9979411586888849
35,0,0.90,0.9948668442231414
35,0,0.95,0.9960032167278442
35,1,0.05,0.9657190802245775
35,1,0.10,0.9950211614797696
35,1,0.15,0.997258747212053
35,1,0.20,0.9954063833867604
35,1,0.25,0.9977544111805486
35,1,0.30,0.9945481107716252
35,1,0.35,0.9969376782705829
35,1,0.40,0.9928641466824137
35,1,0.45,0.9948390042629514
35,1,0.50,0.9949454907154639
35,1,0.55,0.9960197483855056
35,1,0.60,0.9973833884189335
35,1,0.65,0.995530216123528
35,1,0.70,0.9953274245902713
35,1,0.75,0.9955739131718182
35,1,0.80,0.9983099714837025
35,1,0.85,0.9974795021563709
35,1,0.90,0.9944147902135564
35,1,0.95,0.9950481124178818
35,2,0.05,0.978451922304038
35,2,0.10,0.9930770906098433
35,2,0.15,0.9944766894092667
35,2,0.20,0.9927403302938728
35,2,0.25,0.9959332622891739
35,2,0.30,0.9979951529045289
35,2,0.35,0.9955112819553837
35,2,0.40,0.9955800497266512
35,2,0.45,0.9974689621334298
35,2,0.50,0.995600498750014
35,2,0.55,0.9968305776946988
35,2,0.60,0.9926845522571672
35,2,0.65,0.9951057723196036
35,2,0.70,0.9954072418805183
35,2,0.75,0.9977877238836395
35,2,0.80,0.9953220676093472
35,2,0.85,0.9950118887959821
35,2,0.90,0.9971764034874426
35,2,0.95,0.9978919397527601
35,3,0.05,0.982672497095349
35,3,0.10,0.9958794448456888
35,3,0.15,0.9933732719444162
35,3,0.20,0.9929466797282613
35,3,0.25,0.9884171747780249
35,3,0.30,0.9979596876781636
35,3,0.35,0.9978653824329033
35,3,0.40,0.9944285750184286
35,3,0.45,0.9979233553380291
35,3,0.50,0.9938882588709698
35,3,0.55,0.9979191436394536
35,3,0.60,0.9947796594412983
35,3,0.65,0.9959623446849913
35,3,0.70,0.9958629478120699
35,3,0.75,0.9956898779121505
35,3,0.80,0.9957918829842896
35,3,0.85,0.9953301684833595
35,3,0.90,0.9920484462608434
35,3,0.95,0.9950397383278357
35,4,0.05,0.9501574833244697
35,4,0.10,0.989476327806931
35,4,0.15,0.9921796973578063
35,4,0.20,0.994309545376493
35,4,0.25,0.992526980736404
35,4,0.30,0.9955381608531919
35,4,0.35,0.9973203572618048
35,4,0.40,0.9974345193144657
35,4,0.45,0.9947899284493418
35,4,0.50,0.9948461812487587
35,4,0.55,0.9979825520206514
35,4,0.60,0.9938186407710558
35,4,0.65,0.9954050742208026
35,4,0.70,0.9972222045240031
35,4,0.75,0.9956745122242872
35,4,0.80,0.9978359295574097
35,4,0.85,0.9949858806735112
35,4,0.90,0.9977612697000302
35,4,0.95,0.9916548745532698
35,5,0.05,0.9853099476915741
35,5,0.10,0.9881075746261584
35,5,0.15,0.9970384600212512
35,5,0.20,0.9949282614905932
35,5,0.25,0.9943108924247261
35,5,0.30,0.9967571592956942
35,5,0.35,0.9976243415912865
35,5,0.40,0.994617382286163
35,5,0.45,0.9974592335193044
35,5,0.50,0.9953522902141465
35,5,0.55,0.9983690253304126
35,5,0.60,0.9951591201046789
35,5,0.65,0.9972934773090174
35,5,0.70,0.9976948195975989
35,5,0.75,0.9973215680623889
35,5,0.80,0.9952505977746817
35,5,0.85,0.997647114260407
35,5,0.90,0.9946213247593961
35,5,0.95,0.9981383612856838
35,6,0.05,0.9752992370118471
35,6,0.10,0.9855789223496515
35,6,0.15,0.9976239144505131
35,6,0.20,0.9960720864431187
35,6,0.25,0.9932439694844583
35,6,0.30,0.9979855148467496
35,6,0.35,0.9939348962120149
35,6,0.40,0.9925465653719013
35,6,0.45,0.9916855330367219
35,6,0.50,0.9955777926403151
35,6,0.55,0.9975422986051536
35,6,0.60,0.9927075124432898
35,6,0.65,0.9976113083561834
35,6,0.70,0.9947862879885995
35,6,0.75,0.994141382045311
35,6,0.80,0.9954769879665942
35,6,0.85,0.991020083870592
35,6,0.90,0.9954118009522271
35,6,0.95,0.992274687980603
35,7,0.05,0.9870056572294994
35,7,0.10,0.990930010888789
35,7,0.15,0.994731318613791
35,7,0.20,0.9956542832859382
35,7,0.25,0.995498194183206
35,7,0.30,0.9952453835593993
35,7,0.35,0.9930917461500957
35,7,0.40,0.9955261879992198
35,7,0.45,0.9947949678088743
35,7,0.50,0.9968437488281439
35,7,0.55,0.9982926466870766
35,7,0.60,0.9965550009123234
35,7,0.65,0.9980802711910204
35,7,0.70,0.9936669599031601
35,7,0.75,0.9937534503823275
35,7,0.80,0.9901819981703885
35,7,0.85,0.9919976647300096
35,7,0.90,0.9969609641410713
35,7,0.95,0.9980938127045347
35,8,0.05,0.9686778262488633
35,8,0.10,0.9918085782381788
35,8,0.15,0.988143441319241
35,8,0.20,0.998014876377848
35,8,0.25,0.995748300152765
35,8,0.30,0.9981974903755135
35,8,0.35,0.9947184610337647
35,8,0.40,0.9953678870953083
35,8,0.45,0.9949911654295286
35,8,0.50,0.9948467196164164
35,8,0.55,0.9974416495635856
35,8,0.60,0.995413826318185
35,8,0.65,0.9957217296745691
35,8,0.70,0.9946005937939983
35,8,0.75,0.9975124837513468
35,8,0.80,0.9963705930177276
35,8,0.85,0.9952454623141175
35,8,0.90,0.9973435592349731
35,8,0.95,0.9916652197796104
35,9,0.05,0.9876751339359474
35,9,0.10,0.995579710370647
35,9,0.15,0.9961555225383584
35,9,0.20,0.9948849407832356
35,9,0.25,0.9937374828899266
35,9,0.30,0.9971515641556699
35,9,0.35,0.9959230685384941
35,9,0.40,0.994800401786018
35,9,0.45,0.995601002451208
35,9,0.50,0.9954524403147995
35,9,0.55,0.9949000014336744
35,9,0.60,0.9946910619116724
35,9,0.65,0.9905694918462052
35,9,0.70,0.9955319383958597
35,9,0.75,0.9984241966276879
35,9,0.80,0.9972933011937352
35,9,0.85,0.9905118887829524
35,9,0.90,0.9949382163490427
35,9,0.95,0.9947898483789543
36,0,0.05,0.9817376795393871
36,0,0.10,0.9949749384794482
36,0,0.15,0.9890504830737307
36,0,0.20,0.9938259240992551
36,0,0.25,0.9902058796503715
36,0,0.30,0.9982282922696437
36,0,0.35,0.9975036826118645
36,0,0.40,0.9978807483132793
36,0,0.45,0.9974573291804355
36,0,0.50,0.9974858372868332
36,0,0.55,0.9979040121445357
36,0,0.60,0.9948582519882745
36,0,0.65,0.9978204453268795
36,0,0.70,0.9972192163547536
36,0,0.75,0.9973315768785836
36,0,0.80,0.9946186646518943
36,0,0.85,0.9951597826876406
36,0,0.90,0.9943929872909338
36,0,0.95,0.9975272475391123
36,1,0.05,0.9523645670427553
36,1,0.10,0.9903010963253907
36,1,0.15,0.995308634337935
36,1,0.20,0.9965880616652258
36,1,0.25,0.9971584928693191
36,1,0.30,0.9969467701204516
36,1,0.35,0.9978268869467665
36,1,0.40,0.9976753543793673
36,1,0.45,0.9977302351068109
36,1,0.50,0.9982994939017744
36,1,0.55,0.997521109905058
36,1,0.60,0.9953831580683853
36,1,0.65,0.9976004044460886
36,1,0.70,0.997867244476057
36,1,0.75,0.995131841238277
36,1,0.80,0.9956280131835338
36,1,0.85,0.9922710948481572
36,1,0.90,0.9925314037644105
36,1,0.95,0.9978338024075156
36,2,0.05,0.9908062209639494
36,2,0.10,0.9908222920803547
36,2,0.15,0.9948822855618641
36,2,0.20,0.9961510288416416
36,2,0.25,0.9973424349301114
36,2,0.30,0.997468487165658
36,2,0.35,0.9979088987197062
36,2,0.40,0.9973349432638124
36,2,0.45,0.9973281728320426
36,2,0.50,0.997503340298385
36,2,0.55,0.9978210161822534
36,2,0.60,0.995507141916461
36,2,0.65,0.9948616096412458
36,2,0.70,0.9917316088744805
36,2,0.75,0.9974929552270467
36,2,0.80,0.9973967898375861
36,2,0.85,0.9920225962615045
36,2,0.90,0.9983775709833448
36,2,0.95,0.997637036741853
36,3,0.05,0.9308642076644393
36,3,0.10,0.9889144841442274
36,3,0.15,0.997130944740364
36,3,0.20,0.9950056115355608
36,3,0.25,0.9934268598499763
36,3,0.30,0.9978049132801267
36,3,0.35,0.9962634413275543
36,3,0.40,0.997699901707263
36,3,0.45,0.9951878222402339
36,3,0.50,0.995234666245674
36,3,0.55,0.9949398310104337
36,3,0.60,0.995610726833307
36,3,0.65,0.9983184075918081
36,3,0.70,0.9943319810517932
36,3,0.75,0.9973052509793472
36,3,0.80,0.9974130236332892
36,3,0.85,0.9974702760495746
36,3,0.90,0.995244070108427
36,3,0.95,0.9974809836365691
36,4,0.05,0.9866593008324226
36,4,0.10,0.9941631859271413
36,4,0.15,0.9933646086241577
36,4,0.20,0.9961179115013542
36,4,0.25,0.9959711126420019
36,4,0.30,0.9974110903673536
36,4,0.35,0.9952542613630115
36,4,0.40,0.9973316122532006
36,4,0.45,0.9951763876496874
36,4,0.50,0.9966643407908116
36,4,0.55,0.9981022035209226
36,4,0.60,0.9971080622431876
36,4,0.65,0.9971896326497663
36,4,0.70,0.9937613513521844
36,4,0.75,0.9945975774866941
36,4,0.80,0.9945249419494117
36,4,0.85,0.9952236744573281
36,4,0.90,0.9956380677324386
36,4,0.95,0.9948826827007472
36,5,0.05,0.993147920630354
36,5,0.10,0.994088812527043
36,5,0.15,0.9931193954452232
36,5,0.20,0.9918324743150764
36,5,0.25,0.9968847882557653
36,5,0.30,0.9945705106721761
36,5,0.35,0.9970397675812868
36,5,0.40,0.994560596876399
36,5,0.45,0.9977718254462196
36,5,0.50,0.9979990892487939
36,5,0.55,0.9936120767404535
36,5,0.60,0.9950516119766847
36,5,0.65,0.9934377196587181
36,5,0.70,0.9958681549618635
36,5,0.75,0.9977744473577913
36,5,0.80,0.9949604881432408
36,5,0.85,0.9937129491959802
36,5,0.90,0.9978300650234209
36,5,0.95,0.9907747112142096
36,6,0.05,0.9825774809217493
36,6,0.10,0.98721334593587
36,6,0.15,0.9935726933450895
36,6,0.20,0.9941988726009654
36,6,0.25,0.9920897764770192
36,6,0.30,0.9894540923015662
36,6,0.35,0.9972623388354075
36,6,0.40,0.9974683427039829
36,6,0.45,0.9975072537059476
36,6,0.50,0.9974566812845647
36,6,0.55,0.9934805406324553
36,6,0.60,0.9975334868129145
36,6,0.65,0.9955813857126885
36,6,0.70,0.9976301414910044
36,6,0.75,0.995035719896069
36,6,0.80,0.9944317933982357
36,6,0.85,0.9959201954313683
36,6,0.90,0.9962872889103285
36,6,0.95,0.9962300540462042
36,7,0.05,0.9801979323058374
36,7,0.10,0.9867105290520259
36,7,0.15,0.9959802496022528
36,7,0.20,0.9956629588396734
36,7,0.25,0.993695747694526
36,7,0.30,0.9938733221488133
36,7,0.35,0.9980106448190077
36,7,0.40,0.9974144111717763
36,7,0.45,0.9948390147948509
36,7,0.50,0.9971303363075817
36,7,0.55,0.9979866443539653
36,7,0.60,0.9976690470232743
36,7,0.65,0.9974863718384768
36,7,0.70,0.9983350647211222
36,7,0.75,0.9955427254902934
36,7,0.80,0.9976819705983409
36,7,0.85,0.9960896172435046
36,7,0.90,0.9980401573970884
36,7,0.95,0.9953870553624967
36,8,0.05,0.9750884707438887
36,8,0.10,0.9927185252165083
36,8,0.15,0.9962182909283156
36,8,0.20,0.9932952638437934
36,8,0.25,0.9949146647156919
36,8,0.30,0.9980488552008913
36,8,0.35,0.9963368579016783
36,8,0.40,0.9974353392693561
36,8,0.45,0.9946059369684216
36,8,0.50,0.994503761033688
36,8,0.55,0.9961267149919131
36,8,0.60,0.9949572754034598
36,8,0.65,0.9960364304472579
36,8,0.70,0.995766983349595
36,8,0.75,0.9953159517245865
36,8,0.80,0.9932646388108117
36,8,0.85,0.9929288713576886
36,8,0.90,0.9946880845709937
36,8,0.95,0.9929868983422905
36,9,0.05,0.9860252850831008
36,9,0.10,0.9926265677918944
36,9,0.15,0.9954581122838563
36,9,0.20,0.99576214632372
36,9,0.25,0.9909173737455343
36,9,0.30,0.9977000661658987
36,9,0.35,0.9974088329434264
36,9,0.40,0.9953295188898281
36,9,0.45,0.9968198234474533
36,9,0.50,0.9919658013340905
36,9,0.55,0.9956729623640668
36,9,0.60,0.9976197549794081
36,9,0.65,0.9951032533555568
36,9,0.70,0.9972877652826682
36,9,0.75,0.9921903602267472
36,9,0.80,0.9976342268732762
36,9,0.85,0.9964074568031989
36,9,0.90,0.994922953982564
36,9,0.95,0.9954071752526555
37,0,0.05,0.9809316773830518
37,0,0.10,0.995329063453636
37,0,0.15,0.9931886234065193
37,0,0.20,0.9971216519372958
37,0,0.25,0.9964010258122873
37,0,0.30,0.9941651436773509
37,0,0.35,0.9977807979443628
37,0,0.40,0.9941815377382288
37,0,0.45,0.9978014033065834
37,0,0.50,0.9947002153047272
37,0,0.55,0.9959217313988422
37,0,0.60,0.9952714271522205
37,0,0.65,0.9938801043254617
37,0,0.70,0.997774983005
37,0,0.75,0.9971584922889278
37,0,0.80,0.9972304432116132
37,0,0.85,0.9957024626973453
37,0,0.90,0.9977954073391632
37,0,0.95,0.9975869699730495
37,1,0.05,0.9920495132148303
37,1,0.10,0.9896436368078965
37,1,0.15,0.9963318000218953
37,1,0.20,0.996988246227268
37,1,0.25,0.9941532091170925
37,1,0.30,0.9951721464489094
37,1,0.35,0.9950309828341892
37,1,0.40,0.9960117161420454
37,1,0.45,0.9955088711696429
37,1,0.50,0.9952329992063513
37,1,0.55,0.994499374793965
37,1,0.60,0.9971976316061303
37,1,0.65,0.9980500512212694
37,1,0.70,0.9953407105121745
37,1,0.75,0.9917428921260961
37,1,0.80,0.9957209113760429
37,1,0.85,0.9978641045437366
37,1,0.90,0.9953073244120695
37,1,0.95,0.9953021507949552
37,2,0.05,0.9649596195841079
37,2,0.10,0.9929292711536954
37,2,0.15,0.9903654365902765
37,2,0.20,0.9964000124620087
37,2,0.25,0.9917231200398058
37,2,0.30,0.9945430944410854
37,2,0.35,0.9945837453883793
37,2,0.40,0.9952755131015697
37,2,0.45,0.9933998218880762
37,2,0.50,0.9970775482906956
37,2,0.55,0.9975681835103994
37,2,0.60,0.9976388511887949
37,2,0.65,0.9973076095483716
37,2,0.70,0.9952345931796723
37,2,0.75,0.9980556650778843
37,2,0.80,0.9950841087264524
37,2,0.85,0.9959687264328629
37,2,0.90,0.9943783507219484
37,2,0.95,0.9955079519086922
37,3,0.05,0.9922785158640914
37,3,0.10,0.9904570067917992
37,3,0.15,0.9936596719719316
37,3,0.20,0.9968483454950616
37,3,0.25,0.9976853830832263
37,3,0.30,0.9941864719481496
37,3,0.35,0.994535430831883
37,3,0.40,0.9932027757016336
37,3,0.45,0.9943337237426145
37,3,0.50,0.9930088072065244
37,3,0.55,0.9951946839155134
37,3,0.60,0.9955654338517272
37,3,0.65,0.9971840998590891
37,3,0.70,0.9918798375400696
37,3,0.75,0.9942943577236413
37,3,0.80,0.9922880061390601
37,3,0.85,0.9918746837128465
37,3,0.90,0.9982543970079766
37,3,0.95,0.9941255820244221
37,4,0.05,0.961138021444395
37,4,0.10,0.9945548582190484
37,4,0.15,0.9932268043133663
37,4,0.20,0.9915475024695193
37,4,0.25,0.994283553532151
37,4,0.30,0.9971720537862507
37,4,0.35,0.9955889936374884
37,4,0.40,0.9931581345049233
37,4,0.45,0.9932069562315738
37,4,0.50,0.9922596637006534
37,4,0.55,0.9982291702793099
37,4,0.60,0.995234458711743
37,4,0.65,0.9955272266746563
37,4,0.70,0.993683059729247
37,4,0.75,0.9932830444938221
37,4,0.80,0.9952560228274266
37,4,0.85,0.9954890878150019
37,4,0.90,0.9936520910955724
37,4,0.95,0.9974498682714363
37,5,0.05,0.984829744860525
37,5,0.10,0.9958333757177958
37,5,0.15,0.9963777157265528
37,5,0.20,0.9971236621501646
37,5,0.25,0.9964323931655913
37,5,0.30,0.9970897145715768
37,5,0.35,0.994938965540169
37,5,0.40,0.9960037996342834
37,5,0.45,0.9955456601362841
37,5,0.50,0.9964361931513489
37,5,0.55,0.9976905942662835
37,5,0.60,0.9978405919224006
37,5,0.65,0.9973455586197875
37,5,0.70,0.9980158764572243
37,5,0.75,0.9952094378483162
37,5,0.80,0.9981420289817157
37,5,0.85,0.992290188381364
37,5,0.90,0.9938983254952436
37,5,0.95,0.9960123716349929
37,6,0.05,0.9613900957003566
37,6,0.10,0.9852668337553109
37,6,0.15,0.9960721218245498
37,6,0.20,0.9973531568031446
37,6,0.25,0.994873324257111
37,6,0.30,0.9938066811689382
37,6,0.35,0.9947700323932367
37,6,0.40,0.9947969700273909
37,6,0.45,0.9949648436116827
37,6,0.50,0.9920462391208773
37,6,0.55,0.9955713503049289
37,6,0.60,0.9969001768340489
37,6,0.65,0.9962226177512807
37,6,0.70,0.9967489927001998
37,6,0.75,0.9979236516492559
37,6,0.80,0.9974115203246472
37,6,0.85,0.9949964795999453
37,6,0.90,0.9952162319659745
37,6,0.95,0.9980272090985615
37,7,0.05,0.984003050229845
37,7,0.10,0.9949529296431481
37,7,0.15,0.9938058137442317
37,7,0.20,0.9927799083513721
37,7,0.25,0.9953950172734861
37,7,0.30,0.9949488019872399
37,7,0.35,0.9982240319637972
37,7,0.40,0.997780628394087
37,7,0.45,0.9919703247691732
37,7,0.50,0.9976172512405294
37,7,0.55,0.9951309604411209
37,7,0.60,0.9931043080499137
37,7,0.65,0.9978877272400343
37,7,0.70,0.9941292404495161
37,7,0.75,0.9954369646869459
37,7,0.80,0.9978860722006431
37,7,0.85,0.9984779336760413
37,7,0.90,0.9951567277245932
37,7,0.95,0.9974578365483127
37,8,0.05,0.992019796869883
37,8,0.10,0.9946611895353448
37,8,0.15,0.9941900833639018
37,8,0.20,0.9959156516589923
37,8,0.25,0.9969457248363619
37,8,0.30,0.99744997062698
37,8,0.35,0.9944480637991363
37,8,0.40,0.9975211414827245
37,8,0.45,0.9929101389454502
37,8,0.50,0.9970725746174266
37,8,0.55,0.9906744018050242
37,8,0.60,0.9939741804748414
37,8,0.65,0.996100754505998
37,8,0.70,0.995748542625006
37,8,0.75,0.9932712986574379
37,8,0.80,0.9953108872912804
37,8,0.85,0.9983059961532866
37,8,0.90,0.995353786704456
37,8,0.95,0.997523002136088
37,9,0.05,0.9835047680918125
37,9,0.10,0.9922993635159225
37,9,0.15,0.995553666492093
37,9,0.20,0.9962176131701386
37,9,0.25,0.9950961817209539
37,9,0.30,0.9888585334675359
37,9,0.35,0.9967341994555985
37,9,0.40,0.9938253869777609
37,9,0.45,0.9946329485004989
37,9,0.50,0.9945937228570721
37,9,0.55,0.9978404730513671
37,9,0.60,0.9915618618281596
37,9,0.65,0.9951689353054359
37,9,0.70,0.9976688132113287
37,9,0.75,0.9958641161999233
37,9,0.80,0.9976738984329389
37,9,0.85,0.9944620889850081
37,9,0.90,0.9934029545542349
37,9,0.95,0.9946960417537966
38,0,0.05,0.9920939870002798
38,0,0.10,0.994489258141407
38,0,0.15,0.9916052915954793
38,0,0.20,0.995607663361803
38,0,0.25,0.997527900430721
38,0,0.30,0.9960567376936472
38,0,0.35,0.9976864305942577
38,0,0.40,0.9973792043034557
38,0,0.45,0.9958618083159858
38,0,0.50,0.9969989322621047
38,0,0.55,0.9936546723703478
38,0,0.60,0.9943027139284761
38,0,0.65,0.9957241257999312
38,0,0.70,0.997062385331026
38,0,0.75,0.9979617222001351
38,0,0.80,0.997636453832429
38,0,0.85,0.9971955383503285
38,0,0.90,0.9911478964181605
38,0,0.95,0.9975737829434671
38,1,0.05,0.988961154564789
38,1,0.10,0.9893187425854592
38,1,0.15,0.9909124675295857
38,1,0.20,0.996307502018979
38,1,0.25,0.9976433225819406
38,1,0.30,0.9974632377474808
38,1,0.35,0.996096322646013
38,1,0.40,0.9980868686432044
38,1,0.45,0.9980042403068251
38,1,0.50,0.9964051130298222
38,1,0.55,0.9968430029704093
38,1,0.60,0.997929891008108
38,1,0.65,0.9952381667290012
38,1,0.70,0.9973333902447802
38,1,0.75,0.9954284070723567
38,1,0.80,0.9956087197383828
38,1,0.85,0.9976589078801316
38,1,0.90,0.9957761612170382
38,1,0.95,0.9937088750632674
38,2,0.05,0.9915953064965326
38,2,0.10,0.9917415435483946
38,2,0.15,0.992563742446789
38,2,0.20,0.9975623258197914
38,2,0.25,0.9953840416831958
38,2,0.30,0.9978336231290139
38,2,0.35,0.9913251897279325
38,2,0.40,0.9948280172969638
38,2,0.45,0.9935861320985732
38,2,0.50,0.9918968751185969
38,2,0.55,0.9938197235802472
38,2,0.60,0.9974206481729345
38,2,0.65,0.9980677642437484
38,2,0.70,0.9921045302188455
38,2,0.75,0.9947692780051917
38,2,0.80,0.9983063343264946
38,2,0.85,0.9976509185757081
38,2,0.90,0.9982307944449321
38,2,0.95,0.9958778810489134
38,3,0.05,0.9696333447828
38,3,0.10,0.9886907693954831
38,3,0.15,0.9951230284580281
38,3,0.20,0.9941617569236634
38,3,0.25,0.994912440305907
38,3,0.30,0.9975452324526219
38,3,0.35,0.997117971078037
38,3,0.40,0.9972932782598996
38,3,0.45,0.9976629383294434
38,3,0.50,0.9954266077432277
38,3,0.55,0.9954839892917656
38,3,0.60,0.9911357414113254
38,3,0.65,0.9976267571447603
38,3,0.70,0.9975489392546992
38,3,0.75,0.9973995560926537
38,3,0.80,0.9955875100859525
38,3,0.85,0.9951175304003137
38,3,0.90,0.9951127116037494
38,3,0.95,0.9974390027621328
38,4,0.05,0.9778469438009547
38,4,0.10,0.9939325108701487
38,4,0.15,0.9929818560078648
38,4,0.20,0.9967460279298351
38,4,0.25,0.9977110038974305
38,4,0.30,0.9979081650541902
38,4,0.35,0.9976834349432102
38,4,0.40,0.9961931457531685
38,4,0.45,0.9952501964754934
38,4,0.50,0.99662847370898
38,4,0.55,0.9949652350564866
38,4,0.60,0.9950241387340255
38,4,0.65,0.9946723869952948
38,4,0.70,0.9973200809514251
38,4,0.75,0.9979090888101105
38,4,0.80,0.9916065566989215
38,4,0.85,0.9950465585943155
38,4,0.90,0.9974476620909016
38,4,0.95,0.995411544870392
38,5,0.05,0.9787168902097704
38,5,0.10,0.9912730769157246
38,5,0.15,0.9974428527875189
38,5,0.20,0.9978750230239379
38,5,0.25,0.9959669245903491
38,5,0.30,0.9980839614346437
38,5,0.35,0.9980478661936963
38,5,0.40,0.9971401993196185
38,5,0.45,0.993177270907808
38,5,0.50,0.9955460530456088
38,5,0.55,0.9967726050421692
38,5,0.60,0.9953401625740198
38,5,0.65,0.9974180246595924
38,5,0.70,0.9947943604841855
38,5,0.75,0.9935020078326463
38,5,0.80,0.9947401507294763
38,5,0.85,0.9972711387089422
38,5,0.90,0.9971693786018995
38,5,0.95,0.9914579134247291
38,6,0.05,0.982155815976665
38,6,0.10,0.9943428642852002
38,6,0.15,0.9948754273439333
38,6,0.20,0.98955933135203
38,6,0.25,0.9972324563392452
38,6,0.30,0.9970420366208653
38,6,0.35,0.9976833407335772
38,6,0.40,0.9970395668948205
38,6,0.45,0.9961109823023895
38,6,0.50,0.9977285674746112
38,6,0.55,0.995093239295232
38,6,0.60,0.9948105693619765
38,6,0.65,0.9978184505677384
38,6,0.70,0.9968513855609643
38,6,0.75,0.9948248154958415
38,6,0.80,0.9943170933665383
38,6,0.85,0.99743132204409
38,6,0.90,0.9950489807421103
38,6,0.95,0.9975261687972516
38,7,0.05,0.9880235988171766
38,7,0.10,0.9901294577862049
38,7,0.15,0.9963667742655925
38,7,0.20,0.9917185328801583
38,7,0.25,0.9970754323375751
38,7,0.30,0.9965885825876376
38,7,0.35,0.9978907776370612
38,7,0.40,0.9959466203572109
38,7,0.45,0.9951319819929525
38,7,0.50,0.9974982621256304
38,7,0.55,0.9951388940028312
38,7,0.60,0.9977665921937992
38,7,0.65,0.9974494277104151
38,7,0.70,0.9927186192554528
38,7,0.75,0.9959861502394838
38,7,0.80,0.9970118954080442
38,7,0.85,0.997817208450195
38,7,0.90,0.997576194868038
38,7,0.95,0.9981686685030896
38,8,0.05,0.9908989908441997
38,8,0.10,0.9924713345984715
38,8,0.15,0.9951256813048742
38,8,0.20,0.996346906097934
38,8,0.25,0.9981187634039677
38,8,0.30,0.9977113614777985
38,8,0.35,0.9972416502812093
38,8,0.40,0.99360164811567
38,8,0.45,0.9959233003492399
38,8,0.50,0.9955519700049879
38,8,0.55,0.9969333865191307
38,8,0.60,0.9976008616129399
38,8,0.65,0.9943197365789912
38,8,0.70,0.9973879435189198
38,8,0.75,0.9952137483046887
38,8,0.80,0.9981469273140903
38,8,0.85,0.9932201226795275
38,8,0.90,0.997401239699859
38,8,0.95,0.9940876087673385
38,9,0.05,0.9695409574620052
38,9,0.10,0.9922212036005903
38,9,0.15,0.9945434914673756
38,9,0.20,0.9952943338175798
38,9,0.25,0.9976740292607515
38,9,0.30,0.9978802971699108
38,9,0.35,0.9972706917697199
38,9,0.40,0.9958757012354723
38,9,0.45,0.9973941738329463
38,9,0.50,0.9957901807317066
38,9,0.55,0.9977696438615913
38,9,0.60,0.9967777922101099
38,9,0.65,0.9972229855596245
38,9,0.70,0.9968949151440507
38,9,0.75,0.9958648356862198
38,9,0.80,0.9970705891068541
38,9,0.85,0.9976581809898035
38,9,0.90,0.9948537450344298
38,9,0.95,0.9976097803823932
39,0,0.05,0.9382068988853495
39,0,0.10,0.9930741374863646
39,0,0.15,0.9957450444996433
39,0,0.20,0.9931906846642923
39,0,0.25,0.994065694832075
39,0,0.30,0.9978200994027309
39,0,0.35,0.9947600066090798
39,0,0.40,0.9972583362375282
39,0,0.45,0.9976067120909661
39,0,0.50,0.9975083411147276
39,0,0.55,0.9978611982791323
39,0,0.60,0.9964517748216393
39,0,0.65,0.9976064105441266
39,0,0.70,0.9940819598574386
39,0,0.75,0.9923817121440495
39,0,0.80,0.997475055748281
39,0,0.85,0.997363572753755
39,0,0.90,0.9958174266945072
39,0,0.95,0.9914414213845968
39,1,0.05,0.9934065343676781
39,1,0.10,0.9937393562089908
39,1,0.15,0.9967174427954022
39,1,0.20,0.994841227507024
39,1,0.25,0.9976027884112788
39,1,0.30,0.9976494025087538
39,1,0.35,0.995713410441024
39,1,0.40,0.9979950293648876
39,1,0.45,0.9957473724385374
39,1,0.50,0.9979793234151179
39,1,0.55,0.9971429850038624
39,1,0.60,0.9971477399622847
39,1,0.65,0.9981559805490042
39,1,0.70,0.996180213252776
39,1,0.75,0.9940196303861729
39,1,0.80,0.995937035647823
39,1,0.85,0.995483855589356
39,1,0.90,0.9973421154668594
39,1,0.95,0.9923490042822228
39,2,0.05,0.8948911067729871
39,2,0.10,0.9944774394206719
39,2,0.15,0.9944355103968241
39,2,0.20,0.997479589305213
39,2,0.25,0.9968471414813523
39,2,0.30,0.9973444019429452
39,2,0.35,0.9948967675577542
39,2,0.40,0.998185616993614
39,2,0.45,0.9961071464945032
39,2,0.50,0.9982751227511896
39,2,0.55,0.997348924191344
39,2,0.60,0.9960548452376145
39,2,0.65,0.9960064200504296
39,2,0.70,0.9961955060513696
39,2,0.75,0.997929886592145
39,2,0.80,0.9979785605717709
39,2,0.85,0.9972993245672233
39,2,0.90,0.99253217507785
39,2,0.95,0.9981275507913178
39,3,0.05,0.9614987482211244
39,3,0.10,0.9923327688647606
39,3,0.15,0.9914255130303155
39,3,0.20,0.997421532936792
39,3,0.25,0.9971619334061941
39,3,0.30,0.9948067144428986
39,3,0.35,0.995537842158889
39,3,0.40,0.9977616462923127
39,3,0.45,0.9976134925988971
39,3,0.50,0.9926329022164669
39,3,0.55,0.9973577992050888
39,3,0.60,0.9949843765382451
39,3,0.65,0.9953786425399357
39,3,0.70,0.9946578824580854
39,3,0.75,0.9978377554648217
39,3,0.80,0.9947503078751702
39,3,0.85,0.9974310297714354
39,3,0.90,0.9975013164132783
39,3,0.95,0.995852421922598
39,4,0.05,0.993715432865919
39,4,0.10,0.9834427621068453
39,4,0.15,0.99607230408257
39,4,0.20,0.9903333102008782
39,4,0.25,0.9982680880565604
39,4,0.30,0.997819618386819
39,4,0.35,0.998017880614625
39,4,0.40,0.9949926003650416
39,4,0.45,0.9979061456279485
39,4,0.50,0.9985613478533374
39,4,0.55,0.9941544796763491
39,4,0.60,0.9986802355740829
39,4,0.65,0.997858640292146
39,4,0.70,0.9958861184215086
39,4,0.75,0.9914576547223674
39,4,0.80,0.9977810650404779
39,4,0.85,0.9984382550179037
39,4,0.90,0.9973823350662422
39,4,0.95,0.9939788014972762
39,5,0.05,0.9850613147262333
39,5,0.10,0.9938569199723147
39,5,0.15,0.995569720440606
39,5,0.20,0.9938060223147162
39,5,0.25,0.9978847454807717
39,5,0.30,0.9980558891134653
39,5,0.35,0.9932736244928729
39,5,0.40,0.9924120009063704
39,5,0.45,0.991658864684655
39,5,0.50,0.9974506377177892
39,5,0.55,0.995862199851874
39,5,0.60,0.9976194751954317
39,5,0.65,0.998329021638439
39,5,0.70,0.996093929793563
39,5,0.75,0.9955223065102852
39,5,0.80,0.995881715646015
39,5,0.85,0.9974289003769284
39,5,0.90,0.995076834395936
39,5,0.95,0.9951950355423561
39,6,0.05,0.954175034651934
39,6,0.10,0.9940126611969864
39,6,0.15,0.9935536421426995
39,6,0.20,0.9955459550106511
39,6,0.25,0.9977367397584215
39,6,0.30,0.9977994468763386
39,6,0.35,0.9973936416997254
39,6,0.40,0.9944754993645994
39,6,0.45,0.9920123473290621
39,6,0.50,0.9972809234674078
39,6,0.55,0.9973961398973482
39,6,0.60,0.996034582166334
39,6,0.65,0.9950486920703827
39,6,0.70,0.9955669018291368
39,6,0.75,0.993489207290233
39,6,0.80,0.9978354338804948
39,6,0.85,0.9979133939913571
39,6,0.90,0.9940543441161441
39,6,0.95,0.9952147755607683
39,7,0.05,0.9745712130092499
39,7,0.10,0.9861019893255087
39,7,0.15,0.9929255393920272
39,7,0.20,0.9913352844204808
39,7,0.25,0.9974979735121452
39,7,0.30,0.9954455700656294
39,7,0.35,0.9967976255239588
39,7,0.40,0.9969263395833134
39,7,0.45,0.9950928095071299
39,7,0.50,0.9980622934895429
39,7,0.55,0.9938345707065778
39,7,0.60,0.9949747403232475
39,7,0.65,0.998161588836807
39,7,0.70,0.9962641497782219
39,7,0.75,0.9957403135604723
39,7,0.80,0.9957450667857431
39,7,0.85,0.9957482516037043
39,7,0.90,0.9956796449563015
39,7,0.95,0.9953908939596717
39,8,0.05,0.986325825644679
39,8,0.10,0.9929607888623324
39,8,0.15,0.9975938870066101
39,8,0.20,0.9878475599533245
39,8,0.25,0.9969117544302333
39,8,0.30,0.9925057316558508
39,8,0.35,0.9944448724704723
39,8,0.40,0.9979837428521778
39,8,0.45,0.9957314734199466
39,8,0.50,0.9944843404054738
39,8,0.55,0.9937965648095685
39,8,0.60,0.9977802691018921
39,8,0.65,0.9954918869593825
39,8,0.70,0.9983309227795312
39,8,0.75,0.9937332181621246
39,8,0.80,0.9976434098747756
39,8,0.85,0.9944497439210748
39,8,0.90,0.9961552535321466
39,8,0.95,0.9976891366104091
39,9,0.05,0.9832472162225171
39,9,0.10,0.9857462229638305
39,9,0.15,0.9966428412786545
39,9,0.20,0.9909229792893318
39,9,0.25,0.9950287903904448
39,9,0.30,0.9982267750120959
39,9,0.35,0.9905146089792884
39,9,0.40,0.9976797178184136
39,9,0.45,0.993999806239257
39,9,0.50,0.998316745881386
39,9,0.55,0.9983624710542649
39,9,0.60,0.9922945068288178
39,9,0.65,0.9946310278917424
39,9,0.70,0.9943576993032407
39,9,0.75,0.9961771500222768
39,9,0.80,0.9954451799116251
39,9,0.85,0.9983859337916378
39,9,0.90,0.9977798237367044
39,9,0.95,0.9974768210000332
40,0,0.05,0.955809157261743
40,0,0.10,0.9925302639331872
40,0,0.15,0.9969908274205611
40,0,0.20,0.9923946823333788
40,0,0.25,0.9960992683219643
40,0,0.30,0.9974342051716549
40,0,0.35,0.9925583586320692
40,0,0.40,0.9978942765139716
40,0,0.45,0.9959174129087678
40,0,0.50,0.9958178370921092
40,0,0.55,0.9975636460712259
40,0,0.60,0.9977300447596408
40,0,0.65,0.9976996219837995
40,0,0.70,0.9951913098936819
40,0,0.75,0.9976889950973846
40,0,0.80,0.994117340983375
40,0,0.85,0.9975688567910753
40,0,0.90,0.994083430958437
40,0,0.95,0.9977704582484972
40,1,0.05,0.9693303505979675
40,1,0.10,0.9965855958966485
40,1,0.15,0.9902418066632741
40,1,0.20,0.9947586050981119
40,1,0.25,0.9983584044539106
40,1,0.30,0.9967091161557445
40,1,0.35,0.9936231101866418
40,1,0.40,0.9904597790613822
40,1,0.45,0.9956804926039869
40,1,0.50,0.9958446099995951
40,1,0.55,0.9939504124177384
40,1,0.60,0.9892031315536398
40,1,0.65,0.9951562722685683
40,1,0.70,0.9975097777222287
40,1,0.75,0.9951271682469675
40,1,0.80,0.9980059426783902
40,1,0.85,0.9974259458297691
40,1,0.90,0.9940169618135918
40,1,0.95,0.9979518593850732
40,2,0.05,0.9912664029152964
40,2,0.10,0.9906569936657821
40,2,0.15,0.99570048739178
40,2,0.20,0.9976220640384674
40,2,0.25,0.99725461106271
40,2,0.30,0.9981475492869653
40,2,0.35,0.9922458015289104
40,2,0.40,0.9978900892018073
40,2,0.45,0.9956053065942223
40,2,0.50,0.9913067330458212
40,2,0.55,0.9924743235167315
40,2,0.60,0.9950256171656565
40,2,0.65,0.9935198628267615
40,2,0.70,0.9963821300392137
40,2,0.75,0.9984687489629263
40,2,0.80,0.9963254724787565
40,2,0.85,0.9960133075164183
40,2,0.90,0.994839852678159
40,2,0.95,0.9939457515161693
40,3,0.05,0.9221284936099672
40,3,0.10,0.9936684342079221
40,3,0.15,0.9958026462185409
40,3,0.20,0.9971037734521406
40,3,0.25,0.9944133943206683
40,3,0.30,0.993944486023222
40,3,0.35,0.9907253551592425
40,3,0.40,0.9970891779080324
40,3,0.45,0.9953737276434709
40,3,0.50,0.99734362255924
40,3,0.55,0.993850235913257
40,3,0.60,0.9923834236289629
40,3,0.65,0.9930012775960371
40,3,0.70,0.995445615763824
40,3,0.75,0.9978409505179999
40,3,0.80,0.9961503765923225
40,3,0.85,0.9954538962158308
40,3,0.90,0.9941488442465778
40,3,0.95,0.993769116925392
40,4,0.05,0.9893151692619835
40,4,0.10,0.9952559717230495
40,4,0.15,0.9939210395853433
40,4,0.20,0.99004638062501
40,4,0.25,0.9897029411840479
40,4,0.30,0.9965619723282656
40,4,0.35,0.9962219423321592
40,4,0.40,0.9939471616634548
40,4,0.45,0.9965138220121719
40,4,0.50,0.9926217493950387
40,4,0.55,0.9974000371774677
40,4,0.60,0.993496863794803
40,4,0.65,0.9948470002635825
40,4,0.70,0.9951803594555312
40,4,0.75,0.9948867958715817
40,4,0.80,0.9979349796658983
40,4,0.85,0.9955989338646172
40,4,0.90,0.9984149502426345
40,4,0.95,0.9971526063212723
40,5,0.05,0.9825684418159445
40,5,0.10,0.9967456584791909
40,5,0.15,0.99453726113181
40,5,0.20,0.99673687566847
40,5,0.25,0.9930295533990837
40,5,0.30,0.997744126307182
40,5,0.35,0.9953543430201134
40,5,0.40,0.9933419396660861
40,5,0.45,0.9957026199380199
40,5,0.50,0.9957738012069973
40,5,0.55,0.9976016548209268
40,5,0.60,0.9980285038580865
40,5,0.65,0.9973594553073774
40,5,0.70,0.9970491160878368
40,5,0.75,0.9980268243108191
40,5,0.80,0.994247867105886
40,5,0.85,0.9973437548498496
40,5,0.90,0.9959975595609447
40,5,0.95,0.996350944727936
40,6,0.05,0.9798714790851901
40,6,0.10,0.9943197103316508
40,6,0.15,0.9926698124633851
40,6,0.20,0.9958661591142699
40,6,0.25,0.9952721336125518
40,6,0.30,0.9968648514887949
40,6,0.35,0.9947165446878585
40,6,0.40,0.997786572768968
40,6,0.45,0.9975654859701379
40,6,0.50,0.9948587546110145
40,6,0.55,0.9979039603956031
40,6,0.60,0.992467818718585
40,6,0.65,0.9950477668069903
40,6,0.70,0.9976150361618249
40,6,0.75,0.9938072895100788
40,6,0.80,0.9973317339627902
40,6,0.85,0.9980124190433497
40,6,0.90,0.9975859265026186
40,6,0.95,0.9978276221100589
40,7,0.05,0.9697396244890597
40,7,0.10,0.9932522664067278
40,7,0.15,0.9965416875970999
40,7,0.20,0.99562252625522
40,7,0.25,0.9979490891550976
40,7,0.30,0.9901721393614203
40,7,0.35,0.9963745894480992
40,7,0.40,0.9965769447205377
40,7,0.45,0.9949425385674002
40,7,0.50,0.9972114499983016
40,7,0.55,0.9952549839710644
40,7,0.60,0.9957688061283821
40,7,0.65,0.9922613000391349
40,7,0.70,0.9945280969003256
40,7,0.75,0.9963952460987683
40,7,0.80,0.9916324488233427
40,7,0.85,0.9964310255279955
40,7,0.90,0.9971158863891539
40,7,0.95,0.9982250997643612
40,8,0.05,0.9827841358615816
40,8,0.10,0.9931879720629857
40,8,0.15,0.9894867282460504
40,8,0.20,0.9959508677979125
40,8,0.25,0.9974189972144575
40,8,0.30,0.9964285761526795
40,8,0.35,0.9944875294973178
40,8,0.40,0.9953554792599543
40,8,0.45,0.9978048157434923
40,8,0.50,0.9959606659683712
40,8,0.55,0.9961591378851792
40,8,0.60,0.9980362774216456
40,8,0.65,0.99182868823527
40,8,0.70,0.9932877992732688
40,8,0.75,0.9946338289689632
40,8,0.80,0.9958257330144593
40,8,0.85,0.9973818988517755
40,8,0.90,0.9967278479687386
40,8,0.95,0.9966564442636432
40,9,0.05,0.937931789553171
40,9,0.10,0.9932443639289203
40,9,0.15,0.9919215435802015
40,9,0.20,0.9970246649680948
40,9,0.25,0.9920406474289847
40,9,0.30,0.9941628684427756
40,9,0.35,0.9956071822477948
40,9,0.40,0.994946603768574
40,9,0.45,0.9960488742718328
40,9,0.50,0.997211157212295
40,9,0.55,0.9980970146774786
40,9,0.60,0.9956010278621696
40,9,0.65,0.9964618002838094
40,9,0.70,0.9951445719309756
40,9,0.75,0.9976037878328322
40,9,0.80,0.9981095455518276
40,9,0.85,0.9980178859257138
40,9,0.90,0.9973841286641811
40,9,0.95,0.9957598197601802
41,0,0.05,0.9844211896480575
41,0,0.10,0.9962915324224018
41,0,0.15,0.9913830967690841
41,0,0.20,0.9915844135381482
41,0,0.25,0.994190527431751
41,0,0.30,0.9978756758853263
41,0,0.35,0.9965196435187916
41,0,0.40,0.9957770891471581
41,0,0.45,0.9980523716063282
41,0,0.50,0.9977922012426156
41,0,0.55,0.99840441382712
41,0,0.60,0.9983576357780201
41,0,0.65,0.9981247677123556
41,0,0.70,0.9980321054293037
41,0,0.75,0.9939444594748411
41,0,0.80,0.9953193705613393
41,0,0.85,0.9981818533941428
41,0,0.90,0.9976992145917788
41,0,0.95,0.9946111047741757
41,1,0.05,0.9593689011725983
41,1,0.10,0.9942968592114964
41,1,0.15,0.9941493485615287
41,1,0.20,0.9974782864002906
41,1,0.25,0.9977475996113808
41,1,0.30,0.9960349854400872
41,1,0.35,0.9932863789207554
41,1,0.40,0.9977721987989857
41,1,0.45,0.9957019448048391
41,1,0.50,0.9982284996800742
41,1,0.55,0.9978159281927692
41,1,0.60,0.9959188597672655
41,1,0.65,0.9926173550753141
41,1,0.70,0.9978901701822277
41,1,0.75,0.9975127409196439
41,1,0.80,0.9960915823922328
41,1,0.85,0.997955680567564
41,1,0.90,0.9954319008427459
41,1,0.95,0.9984296217549963
41,2,0.05,0.9806735909378801
41,2,0.10,0.9952919989525392
41,2,0.15,0.9945178826598419
41,2,0.20,0.9979992512435869
41,2,0.25,0.9972737684245028
41,2,0.30,0.9978259682685451
41,2,0.35,0.9968884916262094
41,2,0.40,0.9978948963245271
41,2,0.45,0.9956022548349636
41,2,0.50,0.9972195169006174
41,2,0.55,0.9955429852377171
41,2,0.60,0.997183600575968
41,2,0.65,0.9975935140362302
41,2,0.70,0.9937734051703027
41,2,0.75,0.9975044462474291
41,2,0.80,0.9980631267176174
41,2,0.85,0.9972639955691394
41,2,0.90,0.9957711630492802
41,2,0.95,0.9975782643172119
41,3,0.05,0.9832486466352929
41,3,0.10,0.9925440514580216
41,3,0.15,0.9918920421270547
41,3,0.20,0.9891517435541265
41,3,0.25,0.9966625853174853
41,3,0.30,0.9946306309784837
41,3,0.35,0.9941929123597197
41,3,0.40,0.992462699459488
41,3,0.45,0.9981923371308439
41,3,0.50,0.9979709738398974
41,3,0.55,0.9982339128472781
41,3,0.60,0.9980355141934198
41,3,0.65,0.9977448788963467
41,3,0.70,0.9964327592921094
41,3,0.75,0.9955542887113324
41,3,0.80,0.9984504451830623
41,3,0.85,0.9982187396960074
41,3,0.90,0.994595461279769
41,3,0.95,0.9981108291734266
41,4,0.05,0.9262530592677232
41,4,0.10,0.9872150143838315
41,4,0.15,0.9967812428387353
41,4,0.20,0.9979768106983516
41,4,0.25,0.9981793092634421
41,4,0.30,0.9977136960376802
41,4,0.35,0.9979852827407031
41,4,0.40,0.9980127074581082
41,4,0.45,0.995867549454366
41,4,0.50,0.9953436097759873
41,4,0.55,0.9974770916593667
41,4,0.60,0.995515765299919
41,4,0.65,0.9956257586253348
41,4,0.70,0.9953037082582815
41,4,0.75,0.997669519635998
41,4,0.80,0.9979712647327381
41,4,0.85,0.9976695139910663
41,4,0.90,0.9981242523133917
41,4,0.95,0.9974749397863173
41,5,0.05,0.9894143309239284
41,5,0.10,0.99335869496515
41,5,0.15,0.9971279844411428
41,5,0.20,0.9972498073312065
41,5,0.25,0.9977875723644137
41,5,0.30,0.9952295711870746
41,5,0.35,0.9926318702289505
41,5,0.40,0.9958958312602137
41,5,0.45,0.9954629503135669
41,5,0.50,0.9972789070800012
41,5,0.55,0.9977923223432736
41,5,0.60,0.9976413560771245
41,5,0.65,0.997494607570138
41,5,0.70,0.993597212348161
41,5,0.75,0.9974349265949783
41,5,0.80,0.9980731739401965
41,5,0.85,0.9952223683871604
41,5,0.90,0.996963518902875
41,5,0.95,0.9947203905579407
41,6,0.05,0.9882820486068021
41,6,0.10,0.9921973136047103
41,6,0.15,0.9959018264325928
41,6,0.20,0.9922794753180482
41,6,0.25,0.9957740558718869
41,6,0.30,0.9953195497645072
41,6,0.35,0.995742135483931
41,6,0.40,0.9953149849575883
41,6,0.45,0.9956911719528616
41,6,0.50,0.997163816787281
41,6,0.55,0.9974963205046478
41,6,0.60,0.997394982854573
41,6,0.65,0.9978920191650509
41,6,0.70,0.9941872666185003
41,6,0.75,0.9941140677365103
41,6,0.80,0.9981879087080711
41,6,0.85,0.9974192023061411
41,6,0.90,0.9954374286517145
41,6,0.95,0.9915913675995288
41,7,0.05,0.9779649074240122
41,7,0.10,0.9895804629208755
41,7,0.15,0.9946843685710387
41,7,0.20,0.9955244467245283
41,7,0.25,0.9976340103966852
41,7,0.30,0.9948782342945142
41,7,0.35,0.9983673266453906
41,7,0.40,0.9938893750485057
41,7,0.45,0.9954146378614321
41,7,0.50,0.9974926024013541
41,7,0.55,0.9978606136565406
41,7,0.60,0.9977981546388297
41,7,0.65,0.9984878456644645
41,7,0.70,0.9955063244195586
41,7,0.75,0.9938339173054132
41,7,0.80,0.9972532581135214
41,7,0.85,0.9957743227471967
41,7,0.90,0.997607137917929
41,7,0.95,0.998112990428915
41,8,0.05,0.9715610617694552
41,8,0.10,0.994557498596752
41,8,0.15,0.9956041160739799
41,8,0.20,0.997199068440882
41,8,0.25,0.9958145075925228
41,8,0.30,0.9909204553467953
41,8,0.35,0.9918503241750918
41,8,0.40,0.9931141609500987
41,8,0.45,0.9981468523325945
41,8,0.50,0.9952875189081335
41,8,0.55,0.9959204601216768
41,8,0.60,0.9960939801276708
41,8,0.65,0.9983588678448028
41,8,0.70,0.9952084529980716
41,8,0.75,0.9981328360939105
41,8,0.80,0.9977601569526096
41,8,0.85,0.9983192140310334
41,8,0.90,0.9959821133728658
41,8,0.95,0.9981775480733643
41,9,0.05,0.9916507709586804
41,9,0.10,0.9914405897643418
41,9,0.15,0.992988360945296
41,9,0.20,0.9882085316524257
41,9,0.25,0.9974890582207737
41,9,0.30,0.9969596003754102
41,9,0.35,0.9937634789978506
41,9,0.40,0.99747398805933
41,9,0.45,0.9955147900607821
41,9,0.50,0.997982317055874
41,9,0.55,0.998177807879626
41,9,0.60,0.9964008990019985
41,9,0.65,0.9975100260912534
41,9,0.70,0.9941412683271577
41,9,0.75,0.996799609177577
41,9,0.80,0.9976426801881249
41,9,0.85,0.9912610793929586
41,9,0.90,0.9963575652233362
41,9,0.95,0.9977345770156227
42,0,0.05,0.9728741436114177
42,0,0.10,0.9958930964920873
42,0,0.15,0.9883668415992389
42,0,0.20,0.9923577304357245
42,0,0.25,0.9977491178120832
42,0,0.30,0.9956471711711291
42,0,0.35,0.9941509900676074
42,0,0.40,0.9960050777944595
42,0,0.45,0.9972244666695744
42,0,0.50,0.997885555140905
42,0,0.55,0.995905713629288
42,0,0.60,0.9952470913021992
42,0,0.65,0.994387474385382
42,0,0.70,0.9981482404448069
42,0,0.75,0.998214676333714
42,0,0.80,0.9945925656788247
42,0,0.85,0.998116414559869
42,0,0.90,0.9963409806346373
42,0,0.95,0.9981676060183926
42,1,0.05,0.9891795436268748
42,1,0.10,0.991264079066989
42,1,0.15,0.9905991056453927
42,1,0.20,0.9937200199858272
42,1,0.25,0.9958259342426836
42,1,0.30,0.9972131202151815
42,1,0.35,0.9972517818667982
42,1,0.40,0.9955847179544832
42,1,0.45,0.9979366155568075
42,1,0.50,0.9948555420122904
42,1,0.55,0.9985022289209983
42,1,0.60,0.9961518000361156
42,1,0.65,0.9972751805812579
42,1,0.70,0.9951949577316246
42,1,0.75,0.9981798796915405
42,1,0.80,0.9926024025760902
42,1,0.85,0.9975035143184507
42,1,0.90,0.9979685952228812
42,1,0.95,0.9961769428565761
42,2,0.05,0.9717556458224389
42,2,0.10,0.9954598346465825
42,2,0.15,0.9948525133413687
42,2,0.20,0.9930404929231947
42,2,0.25,0.9916862707147904
42,2,0.30,0.9977087643966607
42,2,0.35,0.9945943841879592
42,2,0.40,0.9950461084757204
42,2,0.45,0.9974146619541497
42,2,0.50,0.995185269939026
42,2,0.55,0.9909528550594062
42,2,0.60,0.9956451587087258
42,2,0.65,0.9966564135805853
42,2,0.70,0.9953850490993363
42,2,0.75,0.9971294267198846
42,2,0.80,0.9981693151612959
42,2,0.85,0.997592983590406
42,2,0.90,0.9930444526668903
42,2,0.95,0.9955225517487243
42,3,0.05,0.975740722261613
42,3,0.10,0.9855107227487179
42,3,0.15,0.9949772872496254
42,3,0.20,0.9949913100251088
42,3,0.25,0.9961642983882886
42,3,0.30,0.9949863265712046
42,3,0.35,0.9910159718143463
42,3,0.40,0.9954589870042682
42,3,0.45,0.9916251345250567
42,3,0.50,0.9954081329777804
42,3,0.55,0.99534627080744
42,3,0.60,0.9950313779036115
42,3,0.65,0.9949013874826891
42,3,0.70,0.9975015351071244
42,3,0.75,0.9973250697925554
42,3,0.80,0.9931167976249599
42,3,0.85,0.9960403346015412
42,3,0.90,0.9955076931156386
42,3,0.95,0.9945882676245325
42,4,0.05,0.9837801260572703
42,4,0.10,0.9918014946133296
42,4,0.15,0.9929659493170148
42,4,0.20,0.9935358604535778
42,4,0.25,0.9948284572730263
42,4,0.30,0.9982605884463842
42,4,0.35,0.9975317536640118
42,4,0.40,0.9966871196499042
42,4,0.45,0.9980444024792218
42,4,0.50,0.9912374112727145
42,4,0.55,0.9948480842619347
42,4,0.60,0.9932728831651335
42,4,0.65,0.9937253066271344
42,4,0.70,0.9952745560825765
42,4,0.75,0.9975796505901455
42,4,0.80,0.9977587931239997
42,4,0.85,0.9971684888918196
42,4,0.90,0.9961171799162596
42,4,0.95,0.9955699242118976
42,5,0.05,0.97203380813246
42,5,0.10,0.9920303339734233
42,5,0.15,0.9959133972479064
42,5,0.20,0.995203200861193
42,5,0.25,0.9982342134493164
42,5,0.30,0.9955278839086398
42,5,0.35,0.9956714123124668
42,5,0.40,0.994762311999742
42,5,0.45,0.994682599318863
42,5,0.50,0.9969378203768408
42,5,0.55,0.9976752034269882
42,5,0.60,0.9977182236035202
42,5,0.65,0.9947047297084257
42,5,0.70,0.9958229231299266
42,5,0.75,0.9982198855113303
42,5,0.80,0.997480726629792
42,5,0.85,0.9922715383639336
42,5,0.90,0.9978324157047377
42,5,0.95,0.9981921300279355
42,6,0.05,0.9914881652666613
42,6,0.10,0.9963966172818269
42,6,0.15,0.9977499953047982
42,6,0.20,0.9950756181730225
42,6,0.25,0.9980202733980227
42,6,0.30,0.9982446498475537
42,6,0.35,0.998230464980005
42,6,0.40,0.9953479748904255
42,6,0.45,0.997320968018263
42,6,0.50,0.9958714427450853
42,6,0.55,0.9947395198067364
42,6,0.60,0.995721949834441
42,6,0.65,0.9953163999607723
42,6,0.70,0.9980542437727409
42,6,0.75,0.9923702502501183
42,6,0.80,0.9955122083518467
42,6,0.85,0.9973589300347867
42,6,0.90,0.9951605899525653
42,6,0.95,0.9947178887463839
42,7,0.05,0.9912644296474783
42,7,0.10,0.9943729295570145
42,7,0.15,0.9890790393043669
42,7,0.20,0.9976620487141135
42,7,0.25,0.9953344654007806
42,7,0.30,0.9978292421982509
42,7,0.35,0.9920163885777651
42,7,0.40,0.9957999053043939
42,7,0.45,0.9986180154791915
42,7,0.50,0.9974413510384643
42,7,0.55,0.9980921134896366
42,7,0.60,0.9945803268930964
42,7,0.65,0.9958634127713206
42,7,0.70,0.9976219768817645
42,7,0.75,0.9941669512374326
42,7,0.80,0.9942904914699392
42,7,0.85,0.9965339668568884
42,7,0.90,0.9962862685377066
42,7,0.95,0.9955778343724846
42,8,0.05,0.97034163753162
42,8,0.10,0.9885397161392453
42,8,0.15,0.9934859156368867
42,8,0.20,0.9943056099948727
42,8,0.25,0.9980739242285143
42,8,0.30,0.994192649572997
42,8,0.35,0.9955256029728647
42,8,0.40,0.9960336259278725
42,8,0.45,0.9975023319537255
42,8,0.50,0.9927302589267999
42,8,0.55,0.9980685013844004
42,8,0.60,0.9956970285054693
42,8,0.65,0.9953412981208063
42,8,0.70,0.9974138613387972
42,8,0.75,0.995173261657031
42,8,0.80,0.9951775590059633
42,8,0.85,0.9975994212929836
42,8,0.90,0.9977352164718178
42,8,0.95,0.9955531355952854
42,9,0.05,0.9830687470333889
42,9,0.10,0.9948852171469005
42,9,0.15,0.9954584961731363
42,9,0.20,0.9909390863288833
42,9,0.25,0.9972637669800799
42,9,0.30,0.9929537751303114
42,9,0.35,0.9971019419549055
42,9,0.40,0.9979349051526466
42,9,0.45,0.992680892836431
42,9,0.50,0.9955868601827925
42,9,0.55,0.9958502916810503
42,9,0.60,0.9950904774298462
42,9,0.65,0.9951853753021581
42,9,0.70,0.9970538353788663
42,9,0.75,0.995526744330195
42,9,0.80,0.9958886917409854
42,9,0.85,0.9969313752812818
42,9,0.90,0.9977965611357963
42,9,0.95,0.9981060819107416
43,0,0.05,0.9660374647275747
43,0,0.10,0.992408434899636
43,0,0.15,0.9953497464840595
43,0,0.20,0.9964325559263039
43,0,0.25,0.9949892636697197
43,0,0.30,0.996235296546417
43,0,0.35,0.9962093394904856
43,0,0.40,0.9980149821553751
43,0,0.45,0.9984975822981754
43,0,0.50,0.9957095737861394
43,0,0.55,0.995883153568681
43,0,0.60,0.9956191471821337
43,0,0.65,0.9956139455657039
43,0,0.70,0.9946495906795654
43,0,0.75,0.9958260128061555
43,0,0.80,0.9976615782042124
43,0,0.85,0.9976479640249433
43,0,0.90,0.9978079741224614
43,0,0.95,0.9953360657253263
43,1,0.05,0.9740729083194344
43,1,0.10,0.9928318632559855
43,1,0.15,0.9947588695633239
43,1,0.20,0.9965261373346478
43,1,0.25,0.9938224334206354
43,1,0.30,0.9978974261543265
43,1,0.35,0.9977996688281429
43,1,0.40,0.9955253192981813
43,1,0.45,0.9979547471322155
43,1,0.50,0.9977121669478943
43,1,0.55,0.9957605321426647
43,1,0.60,0.9957490366681476
43,1,0.65,0.9977012962878689
43,1,0.70,0.9977749200032435
43,1,0.75,0.9935495459884703
43,1,0.80,0.9934007594151727
43,1,0.85,0.9954252234276396
43,1,0.90,0.9949749689849643
43,1,0.95,0.9976012993894106
43,2,0.05,0.989358957837653
43,2,0.10,0.9903108473173106
43,2,0.15,0.9975900603489465
43,2,0.20,0.995272101245845
43,2,0.25,0.9957087898410356
43,2,0.30,0.9974909116982273
43,2,0.35,0.9978487071258737
43,2,0.40,0.9942306251429589
43,2,0.45,0.9981449165199723
43,2,0.50,0.9977902098989366
43,2,0.55,0.9957438569285404
43,2,0.60,0.9960880900394273
43,2,0.65,0.99745555998285
43,2,0.70,0.9981871474309096
43,2,0.75,0.9955522419026288
43,2,0.80,0.9890060301692428
43,2,0.85,0.9975012296718885
43,2,0.90,0.9973939323743911
43,2,0.95,0.9958327281251034
43,3,0.05,0.962168348229138
43,3,0.10,0.9927990194083989
43,3,0.15,0.9941119538598301
43,3,0.20,0.9903218089173993
43,3,0.25,0.9941507400328737
43,3,0.30,0.9921031522329024
43,3,0.35,0.9970290691875888
43,3,0.40,0.9978385833195004
43,3,0.45,0.9975029368041239
43,3,0.50,0.9979325443529927
43,3,0.55,0.9980860066738254
43,3,0.60,0.9936067571836793
43,3,0.65,0.9967957350765084
43,3,0.70,0.9951256014682034
43,3,0.75,0.9958407780365399
43,3,0.80,0.997370793283553
43,3,0.85,0.992710598806157
43,3,0.90,0.9983254864481955
43,3,0.95,0.9969767253923554
43,4,0.05,0.9896844317994743
43,4,0.10,0.9913320977654008
43,4,0.15,0.9946538721118539
43,4,0.20,0.9945069488267555
43,4,0.25,0.996107359121847
43,4,0.30,0.9983190966987008
43,4,0.35,0.9959876092173923
43,4,0.40,0.9971832249656936
43,4,0.45,0.9975170897086971
43,4,0.50,0.9925193166281548
43,4,0.55,0.9969845185739467
43,4,0.60,0.9975230232359661
43,4,0.65,0.9970349296609966
43,4,0.70,0.9948931729066597
43,4,0.75,0.9950508759875734
43,4,0.80,0.9974255342945791
43,4,0.85,0.9947838500042264
43,4,0.90,0.993995312111265
43,4,0.95,0.9959188057459621
43,5,0.05,0.9852970897887642
43,5,0.10,0.9887569396992014
43,5,0.15,0.992518464631922
43,5,0.20,0.9957709470716521
43,5,0.25,0.9966760057053264
43,5,0.30,0.9978373640697342
43,5,0.35,0.9956512689160704
43,5,0.40,0.997332529202915
43,5,0.45,0.9981337255257299
43,5,0.50,0.9967116131521228
43,5,0.55,0.9971718309360454
43,5,0.60,0.9957277363051881
43,5,0.65,0.993659524903468
43,5,0.70,0.9971136697265883
43,5,0.75,0.9980067161884996
43,5,0.80,0.9980801173874703
43,5,0.85,0.9953005213988142
43,5,0.90,0.9957559898143913
43,5,0.95,0.9957756775648205
43,6,0.05,0.9641443720319907
43,6,0.10,0.9910939857739004
43,6,0.15,0.9926283727896945
43,6,0.20,0.9958734510710114
43,6,0.25,0.9950524995531852
43,6,0.30,0.9974373746299325
43,6,0.35,0.9966638625666133
43,6,0.40,0.9973036868107724
43,6,0.45,0.9969483922423581
43,6,0.50,0.9976096485560054
43,6,0.55,0.9978445265299566
43,6,0.60,0.9972526850239614
43,6,0.65,0.9973966792305663
43,6,0.70,0.9970845467130895
43,6,0.75,0.9946518247003033
43,6,0.80,0.9959457548977753
43,6,0.85,0.9953609318867278
43,6,0.90,0.9977487504621896
43,6,0.95,0.9927430066053097
43,7,0.05,0.9842990375046062
43,7,0.10,0.9943442217105088
43,7,0.15,0.9949105045914398
43,7,0.20,0.9894592091387286
43,7,0.25,0.9959218275277357
43,7,0.30,0.993244212216598
43,7,0.35,0.994974551328731
43,7,0.40,0.9970702915308144
43,7,0.45,0.9972497443063515
43,7,0.50,0.9947237204329205
43,7,0.55,0.9980274664021109
43,7,0.60,0.9971168296193471
43,7,0.65,0.9978016255965139
43,7,0.70,0.9896321488543822
43,7,0.75,0.9978496413207568
43,7,0.80,0.9976718372369983
43,7,0.85,0.9924500115221085
43,7,0.90,0.9954298373522569
43,7,0.95,0.9960451021800186
43,8,0.05,0.9918711580431738
43,8,0.10,0.9944126522181292
43,8,0.15,0.993467695350607
43,8,0.20,0.9945236803633203
43,8,0.25,0.9961010031483882
43,8,0.30,0.998155612754526
43,8,0.35,0.9903523994112584
43,8,0.40,0.9944775385325088
43,8,0.45,0.9975716736248138
43,8,0.50,0.9978784936410325
43,8,0.55,0.9983040610603862
43,8,0.60,0.9929044298708048
43,8,0.65,0.9967582909067653
43,8,0.70,0.9973033037465553
43,8,0.75,0.997093000855071
43,8,0.80,0.9975582969942005
43,8,0.85,0.9954589529180061
43,8,0.90,0.9946626813428588
43,8,0.95,0.996845885190428
43,9,0.05,0.9938142605671495
43,9,0.10,0.9960782752561005
43,9,0.15,0.9944373354547571
43,9,0.20,0.996561651553562
43,9,0.25,0.9958008234577498
43,9,0.30,0.9984270760427303
43,9,0.35,0.9937684922854693
43,9,0.40,0.9958183757522491
43,9,0.45,0.9977201745551718
43,9,0.50,0.9985195626631151
43,9,0.55,0.998020248954576
43,9,0.60,0.997452766934275
43,9,0.65,0.9917660892458675
43,9,0.70,0.9950412383249247
43,9,0.75,0.9984056523719009
43,9,0.80,0.9977895641556861
43,9,0.85,0.9972032952872664
43,9,0.90,0.995684579052491
43,9,0.95,0.9955315777051098
44,0,0.05,0.9734073640706064
44,0,0.10,0.9927178573563259
44,0,0.15,0.9951051978169755
44,0,0.20,0.9973699926731214
44,0,0.25,0.9956196290147873
44,0,0.30,0.9978581548192292
44,0,0.35,0.9976938594560282
44,0,0.40,0.9975790045770103
44,0,0.45,0.9981880444210598
44,0,0.50,0.9975924226304291
44,0,0.55,0.9954261500750158
44,0,0.60,0.9944895976973512
44,0,0.65,0.9963227264130865
44,0,0.70,0.9935585124139835
44,0,0.75,0.9918869724399575
44,0,0.80,0.9914515562878559
44,0,0.85,0.9914183240295463
44,0,0.90,0.9967528081650487
44,0,0.95,0.9975705514824912
44,1,0.05,0.967687519485443
44,1,0.10,0.9933242950043079
44,1,0.15,0.9966345227868936
44,1,0.20,0.9971250386651709
44,1,0.25,0.9983734742638604
44,1,0.30,0.997163785578003
44,1,0.35,0.9954944032943011
44,1,0.40,0.9973992701862074
44,1,0.45,0.9978535147468656
44,1,0.50,0.9936719961413416
44,1,0.55,0.9981628223210588
44,1,0.60,0.9975690827721844
44,1,0.65,0.9978976196938473
44,1,0.70,0.9919007998697242
44,1,0.75,0.9977452532544993
44,1,0.80,0.9950640023240724
44,1,0.85,0.9972716424422959
44,1,0.90,0.9983388225290728
44,1,0.95,0.9972776697136659
44,2,0.05,0.9221780789840291
44,2,0.10,0.9968594852256832
44,2,0.15,0.9971770134508329
44,2,0.20,0.9954479288239756
44,2,0.25,0.996373376318641
44,2,0.30,0.9968689453443293
44,2,0.35,0.9975101321624932
44,2,0.40,0.9983752329686953
44,2,0.45,0.9955915283629357
44,2,0.50,0.9949801673334753
44,2,0.55,0.9945502243108333
44,2,0.60,0.9954329663809368
44,2,0.65,0.995379166371762
44,2,0.70,0.9981124703031902
44,2,0.75,0.9946948316050573
44,2,0.80,0.9962068415625784
44,2,0.85,0.9918225054276979
44,2,0.90,0.995235852561243
44,2,0.95,0.9952495189692278
44,3,0.05,0.9795054191704248
44,3,0.10,0.9915263862122771
44,3,0.15,0.9945974383887947
44,3,0.20,0.9937179228219244
44,3,0.25,0.9981843031193512
44,3,0.30,0.9971084438739162
44,3,0.35,0.9941323017042866
44,3,0.40,0.9975574287384673
44,3,0.45,0.9976524254768445
44,3,0.50,0.9973913147954857
44,3,0.55,0.9960551238892805
44,3,0.60,0.9956909914117072
44,3,0.65,0.9972991033054822
44,3,0.70,0.9950565193264241
44,3,0.75,0.9957670118376859
44,3,0.80,0.9969741630461718
44,3,0.85,0.9952144982954251
44,3,0.90,0.9979889198145226
44,3,0.95,0.9956480398046014
44,4,0.05,0.9684652007558664
44,4,0.10,0.9868094921194589
44,4,0.15,0.9974316081911242
44,4,0.20,0.997211444132654
44,4,0.25,0.9982425615755861
44,4,0.30,0.9914100460002583
44,4,0.35,0.9975752689024762
44,4,0.40,0.9981253008362304
44,4,0.45,0.9980961975692745
44,4,0.50,0.9908890627747164
44,4,0.55,0.9975203050464072
44,4,0.60,0.9917331054643976
44,4,0.65,0.9973942548416695
44,4,0.70,0.9977535521874521
44,4,0.75,0.9972794315758478
44,4,0.80,0.9952179029804068
44,4,0.85,0.9976544194845478
44,4,0.90,0.9953304957024998
44,4,0.95,0.9906904003244993
44,5,0.05,0.9623744109457
44,5,0.10,0.9952268078659005
44,5,0.15,0.9962161007375314
44,5,0.20,0.997533495381078
44,5,0.25,0.9975830742434774
44,5,0.30,0.9969585788630162
44,5,0.35,0.996832646469679
44,5,0.40,0.9983083440964732
44,5,0.45,0.99579884586415
44,5,0.50,0.9950709435396585
44,5,0.55,0.9949339007068374
44,5,0.60,0.9942644884186842
44,5,0.65,0.9978207457306653
44,5,0.70,0.9946367613724297
44,5,0.75,0.9943464910540692
44,5,0.80,0.997272373427897
44,5,0.85,0.9977192667434869
44,5,0.90,0.9963490972268186
44,5,0.95,0.9957596224211792
44,6,0.05,0.9719979997666609
44,6,0.10,0.9915031884265992
44,6,0.15,0.9930016370413591
44,6,0.20,0.9972714184464803
44,6,0.25,0.9983264431553028
44,6,0.30,0.9966013920841773
44,6,0.35,0.9971983725244623
44,6,0.40,0.9974806502751274
44,6,0.45,0.9921170025805883
44,6,0.50,0.9977530012672673
44,6,0.55,0.9977554726879327
44,6,0.60,0.9981392478376195
44,6,0.65,0.997059610864531
44,6,0.70,0.9953587052507157
44,6,0.75,0.9978315301084728
44,6,0.80,0.9948560494763161
44,6,0.85,0.9950249247742311
44,6,0.90,0.9911657857674191
44,6,0.95,0.9947548632374225
44,7,0.05,0.9844178014683871
44,7,0.10,0.9941797689704898
44,7,0.15,0.9979652478821444
44,7,0.20,0.9975707111855522
44,7,0.25,0.9973270447731757
44,7,0.30,0.9974519622437419
44,7,0.35,0.9969036535835716
44,7,0.40,0.9964850133407068
44,7,0.45,0.9968901732342133
44,7,0.50,0.9948276273373285
44,7,0.55,0.9948731540128762
44,7,0.60,0.9948291145359968
44,7,0.65,0.998202928118771
44,7,0.70,0.993623190588331
44,7,0.75,0.9955826414854777
44,7,0.80,0.9976479964780112
44,7,0.85,0.9973663660766667
44,7,0.90,0.9972126233119228
44,7,0.95,0.9977935991606746
44,8,0.05,0.9846642421740744
44,8,0.10,0.9962431859153779
44,8,0.15,0.9942755273938408
44,8,0.20,0.9972878835465675
44,8,0.25,0.9974451610325834
44,8,0.30,0.996396794115319
44,8,0.35,0.9981587451291306
44,8,0.40,0.9980225841828277
44,8,0.45,0.9978263161070444
44,8,0.50,0.997275915853219
44,8,0.55,0.9969072785821171
44,8,0.60,0.9949272726959065
44,8,0.65,0.9920272030996654
44,8,0.70,0.9933463402581543
44,8,0.75,0.9974563504094273
44,8,0.80,0.9952365233506105
44,8,0.85,0.995541653349841
44,8,0.90,0.9968925383364211
44,8,0.95,0.9980324321679719
44,9,0.05,0.9882886040287007
44,9,0.10,0.9933365426019848
44,9,0.15,0.9933500441133276
44,9,0.20,0.9979000022979712
44,9,0.25,0.9963053544890502
44,9,0.30,0.99740393629828
44,9,0.35,0.9941193622124935
44,9,0.40,0.9975264497478769
44,9,0.45,0.9956539543955787
44,9,0.50,0.9978667361981195
44,9,0.55,0.9971935962555271
44,9,0.60,0.9954326531128539
44,9,0.65,0.9951726804910066
44,9,0.70,0.9951583947330236
44,9,0.75,0.9931056380732882
44,9,0.80,0.9981688998619791
44,9,0.85,0.9903885707166727
44,9,0.90,0.9949122124746108
44,9,0.95,0.9959999604448616
45,0,0.05,0.9568281832193062
45,0,0.10,0.993032811921815
45,0,0.15,0.9932289326504262
45,0,0.20,0.993546812363923
45,0,0.25,0.99642365874141
45,0,0.30,0.9970936277001177
45,0,0.35,0.9936427846959693
45,0,0.40,0.992623427705
45,0,0.45,0.9949850400676191
45,0,0.50,0.9916719679577443
45,0,0.55,0.9978394720426094
45,0,0.60,0.9978481677897617
45,0,0.65,0.9975954010688136
45,0,0.70,0.9973148310552213
45,0,0.75,0.9951083615778564
45,0,0.80,0.9976628075109414
45,0,0.85,0.9973928631156628
45,0,0.90,0.9949207488715194
45,0,0.95,0.9955402267365
45,1,0.05,0.9617197826303657
45,1,0.10,0.9967545093892967
45,1,0.15,0.994185230173933
45,1,0.20,0.9949712852855522
45,1,0.25,0.9938318949225718
45,1,0.30,0.9978509292217144
45,1,0.35,0.997104655193714
45,1,0.40,0.9925686163348025
45,1,0.45,0.9923723758329406
45,1,0.50,0.9960148496017357
45,1,0.55,0.9934322742396428
45,1,0.60,0.9941684719525393
45,1,0.65,0.9954545888129906
45,1,0.70,0.9974918848223087
45,1,0.75,0.9974057323470834
45,1,0.80,0.9954232667745876
45,1,0.85,0.9982102380387918
45,1,0.90,0.9905729325162917
45,1,0.95,0.9973587741008111
45,2,0.05,0.9786970874148695
45,2,0.10,0.9914243381983895
45,2,0.15,0.9863548044190146
45,2,0.20,0.9975693069147191
45,2,0.25,0.9976221456200726
45,2,0.30,0.9967032231787569
45,2,0.35,0.9964696437056935
45,2,0.40,0.9942851464211048
45,2,0.45,0.9953307226400155
45,2,0.50,0.9978823378631095
45,2,0.55,0.9971244074286273
45,2,0.60,0.9943719215098915
45,2,0.65,0.9970189952330348
45,2,0.70,0.9977238635195892
45,2,0.75,0.9972042826863511
45,2,0.80,0.9939648289085232
45,2,0.85,0.9921000939287689
45,2,0.90,0.9979704105438978
45,2,0.95,0.9954172338540686
45,3,0.05,0.9633128241241155
45,3,0.10,0.9780827843506125
45,3,0.15,0.9931168971042064
45,3,0.20,0.9942033102023123
45,3,0.25,0.9934402526197125
45,3,0.30,0.9939793532938874
45,3,0.35,0.994439184207852
45,3,0.40,0.9946110046822224
45,3,0.45,0.9931573728984167
45,3,0.50,0.9976586290788471
45,3,0.55,0.9951198707774651
45,3,0.60,0.9908925056641698
45,3,0.65,0.9967090949273403
45,3,0.70,0.9980862812667155
45,3,0.75,0.9950357919049251
45,3,0.80,0.9975735546522856
45,3,0.85,0.9977749443936386
45,3,0.90,0.9944428672499448
45,3,0.95,0.9954035473294996
45,4,0.05,0.8976116985787534
45,4,0.10,0.9877862547825311
45,4,0.15,0.9973388127984553
45,4,0.20,0.9968216888695564
45,4,0.25,0.9971833436851356
45,4,0.30,0.9979087311549911
45,4,0.35,0.9972820302667418
45,4,0.40,0.9892259668828027
45,4,0.45,0.9966876992927778
45,4,0.50,0.9976256081357269
45,4,0.55,0.9977379562680218
45,4,0.60,0.9910580350120844
45,4,0.65,0.9979791976849091
45,4,0.70,0.9952905191626388
45,4,0.75,0.9947242241438371
45,4,0.80,0.9952825777308635
45,4,0.85,0.9948249573752777
45,4,0.90,0.9925317519864779
45,4,0.95,0.9974755117153006
45,5,0.05,0.9663321617158317
45,5,0.10,0.9902673284613828
45,5,0.15,0.9912890289499489
45,5,0.20,0.9917565282175462
45,5,0.25,0.9975196118892576
45,5,0.30,0.9975718344235798
45,5,0.35,0.9966889322688611
45,5,0.40,0.9968087961269368
45,5,0.45,0.9959969916422038
45,5,0.50,0.9950378358545522
45,5,0.55,0.9955735350009481
45,5,0.60,0.9958258681787566
45,5,0.65,0.9951220729744596
45,5,0.70,0.9978449972591381
45,5,0.75,0.9971674754753678
45,5,0.80,0.9956521435368842
45,5,0.85,0.9923558955217686
45,5,0.90,0.9975378543944894
45,5,0.95,0.9953848392101488
45,6,0.05,0.9651228258209703
45,6,0.10,0.9758608791943836
45,6,0.15,0.9962261553161085
45,6,0.20,0.9933397052913419
45,6,0.25,0.9968835231705233
45,6,0.30,0.9978781395246101
45,6,0.35,0.9927334273851475
45,6,0.40,0.9965442360927684
45,6,0.45,0.9912124526915732
45,6,0.50,0.9904893462756966
45,6,0.55,0.9948153177295384
45,6,0.60,0.9967859818093502
45,6,0.65,0.9949830727415154
45,6,0.70,0.9975575998422932
45,6,0.75,0.994118288843544
45,6,0.80,0.997349881535937
45,6,0.85,0.9909749695181074
45,6,0.90,0.9973931967026123
45,6,0.95,0.9931358316954995
45,7,0.05,0.9787658104277022
45,7,0.10,0.9948009946115997
45,7,0.15,0.9954274978000058
45,7,0.20,0.9961926425024418
45,7,0.25,0.9967628722906614
45,7,0.30,0.9966493749793679
45,7,0.35,0.9967685996965809
45,7,0.40,0.9907626505371149
45,7,0.45,0.9966345409496501
45,7,0.50,0.9978218402465263
45,7,0.55,0.9922333819133679
45,7,0.60,0.9927025999884654
45,7,0.65,0.9976937000645533
45,7,0.70,0.996966587562018
45,7,0.75,0.9952680037068546
45,7,0.80,0.9972231646616994
45,7,0.85,0.995457890297876
45,7,0.90,0.9953847668516748
45,7,0.95,0.9974279907865894
45,8,0.05,0.9661601773470436
45,8,0.10,0.9896897259573265
45,8,0.15,0.9939486016047028
45,8,0.20,0.9955243556370534
45,8,0.25,0.997205194004451
45,8,0.30,0.9927457961414162
45,8,0.35,0.9975498560824776
45,8,0.40,0.9967290700802744
45,8,0.45,0.9975312011047096
45,8,0.50,0.9946436169148857
45,8,0.55,0.995177554882515
45,8,0.60,0.9962666859443794
45,8,0.65,0.9973928066482659
45,8,0.70,0.9968071784807965
45,8,0.75,0.9922960406573635
45,8,0.80,0.993815647048781
45,8,0.85,0.9956197682075246
45,8,0.90,0.9926596970514395
45,8,0.95,0.9914592585133243
45,9,0.05,0.979464235426246
45,9,0.10,0.9936301866264768
45,9,0.15,0.9965081169170762
45,9,0.20,0.986447547216505
45,9,0.25,0.989582668444875
45,9,0.30,0.9943963700121807
45,9,0.35,0.9894373073319763
45,9,0.40,0.99527949118774
45,9,0.45,0.9953341540489455
45,9,0.50,0.9926494404195914
45,9,0.55,0.9975221382220023
45,9,0.60,0.9915388897292436
45,9,0.65,0.994610376446254
45,9,0.70,0.9952121828422288
45,9,0.75,0.9974698948489471
45,9,0.80,0.9937244406591226
45,9,0.85,0.9977561266065936
45,9,0.90,0.9927300669485386
45,9,0.95,0.9976669814638105
46,0,0.05,0.9675835603343992
46,0,0.10,0.9927005661445372
46,0,0.15,0.995925346052338
46,0,0.20,0.9969962016944478
46,0,0.25,0.9979711577185894
46,0,0.30,0.9911859104865325
46,0,0.35,0.9938982969142737
46,0,0.40,0.997544470091105
46,0,0.45,0.9977618092972778
46,0,0.50,0.9946143932185956
46,0,0.55,0.9957907934149597
46,0,0.60,0.9978789376981613
46,0,0.65,0.9904337603891379
46,0,0.70,0.9914336361560987
46,0,0.75,0.9946264044014601
46,0,0.80,0.9920158859675731
46,0,0.85,0.995222293106282
46,0,0.90,0.9981428122845043
46,0,0.95,0.9935265101193985
46,1,0.05,0.9810870696352636
46,1,0.10,0.9952742920117486
46,1,0.15,0.9937704008294572
46,1,0.20,0.9965348063360286
46,1,0.25,0.9940061321067074
46,1,0.30,0.9955852240928021
46,1,0.35,0.9950952198932604
46,1,0.40,0.997544899725223
46,1,0.45,0.997015903695648
46,1,0.50,0.9982315508962317
46,1,0.55,0.9950978574641842
46,1,0.60,0.994733097067748
46,1,0.65,0.9947145160578864
46,1,0.70,0.9979289356114532
46,1,0.75,0.997393417813909
46,1,0.80,0.9920806777201054
46,1,0.85,0.9958782169141485
46,1,0.90,0.9974636836614125
46,1,0.95,0.9942105925940776
46,2,0.05,0.9774131490951422
46,2,0.10,0.9934372420309616
46,2,0.15,0.9966193990434044
46,2,0.20,0.9961941205959215
46,2,0.25,0.9969463863229413
46,2,0.30,0.9952870209157083
46,2,0.35,0.9975626163288045
46,2,0.40,0.9974527827726197
46,2,0.45,0.9972553577341057
46,2,0.50,0.9955539862030978
46,2,0.55,0.9915719099228547
46,2,0.60,0.997375692578273
46,2,0.65,0.9951477372924921
46,2,0.70,0.9958643121612364
46,2,0.75,0.9976927616427261
46,2,0.80,0.9977269977488082
46,2,0.85,0.9959312715423586
46,2,0.90,0.9949967155793629
46,2,0.95,0.9953358398631641
46,3,0.05,0.9809229258272336
46,3,0.10,0.9967751746528523
46,3,0.15,0.9944776211975934
46,3,0.20,0.997228053165317
46,3,0.25,0.9956102284571323
46,3,0.30,0.9959290318441181
46,3,0.35,0.9978831376917062
46,3,0.40,0.9945583443553666
46,3,0.45,0.9979878150829492
46,3,0.50,0.9978844261123799
46,3,0.55,0.9969819931295627
46,3,0.60,0.994771268519909
46,3,0.65,0.9960721677112219
46,3,0.70,0.9968067770840804
46,3,0.75,0.9980268312218407
46,3,0.80,0.9970457357247144
46,3,0.85,0.9951740990627884
46,3,0.90,0.9971097480740252
46,3,0.95,0.9956476504439993
46,4,0.05,0.9736758055008002
46,4,0.10,0.9962035308705105
46,4,0.15,0.993280706765599
46,4,0.20,0.9954166326705727
46,4,0.25,0.9971405745388681
46,4,0.30,0.993166511464708
46,4,0.35,0.994685551710367
46,4,0.40,0.9979470048091241
46,4,0.45,0.9977839886843359
46,4,0.50,0.9953334775267096
46,4,0.55,0.9946169334405947
46,4,0.60,0.9918708814315835
46,4,0.65,0.9953339461654519
46,4,0.70,0.9921006189172216
46,4,0.75,0.9959004382849505
46,4,0.80,0.997769839466052
46,4,0.85,0.995065279082559
46,4,0.90,0.9959321773075227
46,4,0.95,0.9938613291042349
46,5,0.05,0.979257315013021
46,5,0.10,0.9941360307632074
46,5,0.15,0.997436774192489
46,5,0.20,0.9959156194187807
46,5,0.25,0.9974809474483207
46,5,0.30,0.9978567554340497
46,5,0.35,0.9960199315874685
46,5,0.40,0.9956058832599047
46,5,0.45,0.9938492459162988
46,5,0.50,0.995262332604364
46,5,0.55,0.9906390549891091
46,5,0.60,0.9957528275013823
46,5,0.65,0.9979163206517601
46,5,0.70,0.9959960338807243
46,5,0.75,0.9981733095712658
46,5,0.80,0.9978614793315153
46,5,0.85,0.9963124874800025
46,5,0.90,0.9915956621187834
46,5,0.95,0.9974500337670789
46,6,0.05,0.9892837383225183
46,6,0.10,0.9951421970731796
46,6,0.15,0.9925143583953718
46,6,0.20,0.9963793189234577
46,6,0.25,0.9920200768237275
46,6,0.30,0.9981331699311133
46,6,0.35,0.9985110716256528
46,6,0.40,0.9973522105801772
46,6,0.45,0.991825715642092
46,6,0.50,0.9954615916680919
46,6,0.55,0.997575408307252
46,6,0.60,0.9950206821559461
46,6,0.65,0.9961784767657835
46,6,0.70,0.994858624924506
46,6,0.75,0.9974248797564287
46,6,0.80,0.9979964896219023
46,6,0.85,0.994364539063323
46,6,0.90,0.9974213132645117
46,6,0.95,0.9954858238701858
46,7,0.05,0.9615958454722238
46,7,0.10,0.9926067035310894
46,7,0.15,0.9965909423214165
46,7,0.20,0.9973680407916528
46,7,0.25,0.9945590145568955
46,7,0.30,0.998174929641236
46,7,0.35,0.9973371739717483
46,7,0.40,0.9949763337656143
46,7,0.45,0.9915592644893162
46,7,0.50,0.9970629399944398
46,7,0.55,0.9935207624671287
46,7,0.60,0.994720405087248
46,7,0.65,0.9946324696204899
46,7,0.70,0.9938696016592546
46,7,0.75,0.9929166934028029
46,7,0.80,0.9978420060173752
46,7,0.85,0.9976333284517743
46,7,0.90,0.9981286483546089
46,7,0.95,0.9976172971188427
46,8,0.05,0.9855876705628948
46,8,0.10,0.9849524658018078
46,8,0.15,0.9915825884194949
46,8,0.20,0.9879804313690383
46,8,0.25,0.9973254542278776
46,8,0.30,0.9980540994110093
46,8,0.35,0.9955451997429263
46,8,0.40,0.9979058726348655
46,8,0.45,0.995779551758588
46,8,0.50,0.9960369905072286
46,8,0.55,0.9946968663587953
46,8,0.60,0.9951451782894564
46,8,0.65,0.9946531100516207
46,8,0.70,0.9968847690487297
46,8,0.75,0.9947825462413967
46,8,0.80,0.9982264077011583
46,8,0.85,0.9972414355276498
46,8,0.90,0.9979017118697717
46,8,0.95,0.9980442000712545
46,9,0.05,0.9868655491367185
46,9,0.10,0.9902964153073404
46,9,0.15,0.9973314686501125
46,9,0.20,0.9935970608462914
46,9,0.25,0.9978849676391714
46,9,0.30,0.9973673602928895
46,9,0.35,0.9971319655136267
46,9,0.40,0.9979742006773336
46,9,0.45,0.9973169633601618
46,9,0.50,0.9944174034544465
46,9,0.55,0.9952349262350412
46,9,0.60,0.9974041283669113
46,9,0.65,0.9977281496704414
46,9,0.70,0.996000288597976
46,9,0.75,0.998231268315363
46,9,0.80,0.9975044428736325
46,9,0.85,0.9908155370658236
46,9,0.90,0.9955853969742893
46,9,0.95,0.9954618415904862
47,0,0.05,0.964349254623823
47,0,0.10,0.986659897614433
47,0,0.15,0.9961146944681094
47,0,0.20,0.9951530613786114
47,0,0.25,0.9971691113164426
47,0,0.30,0.995850197049101
47,0,0.35,0.9950811015119987
47,0,0.40,0.9984683490735141
47,0,0.45,0.9978619586671436
47,0,0.50,0.9976788596260074
47,0,0.55,0.997988011861124
47,0,0.60,0.9951750992008096
47,0,0.65,0.9958447759269703
47,0,0.70,0.9956630647969481
47,0,0.75,0.9955883571243797
47,0,0.80,0.9958163635199803
47,0,0.85,0.9912897134729693
47,0,0.90,0.9981914542540544
47,0,0.95,0.9940088051266316
47,1,0.05,0.9279045199337261
47,1,0.10,0.9946807357882853
47,1,0.15,0.9956547366057704
47,1,0.20,0.9969455348315395
47,1,0.25,0.9941833321378087
47,1,0.30,0.9980073560116673
47,1,0.35,0.9982058428119904
47,1,0.40,0.9973308603044334
47,1,0.45,0.9977863316435216
47,1,0.50,0.9951287256020168
47,1,0.55,0.9979378396124186
47,1,0.60,0.994601489120813
47,1,0.65,0.9958757887882781
47,1,0.70,0.997898366464504
47,1,0.75,0.9926861923931974
47,1,0.80,0.9977059270037618
47,1,0.85,0.995724558277748
47,1,0.90,0.9983260845977542
47,1,0.95,0.9957389353843206
47,2,0.05,0.9606152357406085
47,2,0.10,0.9834480271311058
47,2,0.15,0.992304588899876
47,2,0.20,0.9974053642231566
47,2,0.25,0.9982783531394483
47,2,0.30,0.9937057547693404
47,2,0.35,0.9964640649265538
47,2,0.40,0.9938109796565472
47,2,0.45,0.9962730352283353
47,2,0.50,0.9980930721691949
47,2,0.55,0.9983595454618623
47,2,0.60,0.9961407450182925
47,2,0.65,0.9979522536397417
47,2,0.70,0.9982105700468452
47,2,0.75,0.9921699219757595
47,2,0.80,0.9953869929517204
47,2,0.85,0.9973987732899147
47,2,0.90,0.9951490636346509
47,2,0.95,0.9969209299541708
47,3,0.05,0.9685688077940261
47,3,0.10,0.9911536228964581
47,3,0.15,0.9947939663056147
47,3,0.20,0.9930372938489558
47,3,0.25,0.9961478114752166
47,3,0.30,0.9968970568569009
47,3,0.35,0.9980502336803315
47,3,0.40,0.997866384838112
47,3,0.45,0.9980021411010996
47,3,0.50,0.9963943289375484
47,3,0.55,0.9974658673208268
47,3,0.60,0.9974680668331659
47,3,0.65,0.99787803401023
47,3,0.70,0.9981839073785592
47,3,0.75,0.9957363470522348
47,3,0.80,0.9982380205802354
47,3,0.85,0.9980162454402584
47,3,0.90,0.9977514241583855
47,3,0.95,0.9978761022308463
47,4,0.05,0.9791019447449181
47,4,0.10,0.9906950816887815
47,4,0.15,0.9969142731287182
47,4,0.20,0.9978652064315217
47,4,0.25,0.9975612624751667
47,4,0.30,0.9973109031728705
47,4,0.35,0.9976344799038894
47,4,0.40,0.9983775074460468
47,4,0.45,0.9926957515177977
47,4,0.50,0.9983446366899716
47,4,0.55,0.9983587885812294
47,4,0.60,0.9962164577978503
47,4,0.65,0.9975498523391576
47,4,0.70,0.9962636675045027
47,4,0.75,0.9958847867281444
47,4,0.80,0.9952165988012561
47,4,0.85,0.9952337013026165
47,4,0.90,0.9943505332984325
47,4,0.95,0.9980893880396318
47,5,0.05,0.9544345948124914
47,5,0.10,0.9882093889675567
47,5,0.15,0.9938372852857283
47,5,0.20,0.9965421494712646
47,5,0.25,0.9958512006691844
47,5,0.30,0.9923506276303136
47,5,0.35,0.9979734619905132
47,5,0.40,0.9979072889317331
47,5,0.45,0.9979175726014912
47,5,0.50,0.9977964419183261
47,5,0.55,0.9969396458966925
47,5,0.60,0.9977250019478646
47,5,0.65,0.9976813158295016
47,5,0.70,0.9950433942935835
47,5,0.75,0.9977417181231442
47,5,0.80,0.9956720443535332
47,5,0.85,0.9975058779451926
47,5,0.90,0.9938727938028996
47,5,0.95,0.9952836207756095
47,6,0.05,0.9832653015803807
47,6,0.10,0.9933211977304209
47,6,0.15,0.9953400630139044
47,6,0.20,0.9958765797003247
47,6,0.25,0.9963019934420909
47,6,0.30,0.9975257918068516
47,6,0.35,0.9974753615842488
47,6,0.40,0.9980467762991048
47,6,0.45,0.9961878980232951
47,6,0.50,0.9903072784670481
47,6,0.55,0.9962046156665285
47,6,0.60,0.9950486204383899
47,6,0.65,0.9978818096574849
47,6,0.70,0.9978310355786036
47,6,0.75,0.9951719932343854
47,6,0.80,0.9956311878611178
47,6,0.85,0.9984632416975426
47,6,0.90,0.997039058660482
47,6,0.95,0.995793801718407
47,7,0.05,0.9858275800210287
47,7,0.10,0.995163002706325
47,7,0.15,0.9930283898074224
47,7,0.20,0.9931008468747649
47,7,0.25,0.9938830137264553
47,7,0.30,0.9958755349741805
47,7,0.35,0.9955775409700587
47,7,0.40,0.9918037520666131
47,7,0.45,0.997252908112824
47,7,0.50,0.9956641522119214
47,7,0.55,0.9955925975696428
47,7,0.60,0.9940507525431971
47,7,0.65,0.9957254886204814
47,7,0.70,0.9968038749937901
47,7,0.75,0.9975543365107756
47,7,0.80,0.9973848574057324
47,7,0.85,0.9976208308912632
47,7,0.90,0.9958793822518225
47,7,0.95,0.9978757622253205
47,8,0.05,0.9751221004461617
47,8,0.10,0.9891108962625835
47,8,0.15,0.9959026466142933
47,8,0.20,0.9981942698750721
47,8,0.25,0.99818794350715
47,8,0.30,0.9951646007122887
47,8,0.35,0.9974794089418244
47,8,0.40,0.9977953191365899
47,8,0.45,0.9959840336689659
47,8,0.50,0.9921802341838404
47,8,0.55,0.9984329175083319
47,8,0.60,0.9980023071025133
47,8,0.65,0.9912229230712367
47,8,0.70,0.997645292602275
47,8,0.75,0.9980409940850506
47,8,0.80,0.9957394948918813
47,8,0.85,0.9952958418296897
47,8,0.90,0.9985336624037272
47,8,0.95,0.9926380237015373
47,9,0.05,0.9826027694045046
47,9,0.10,0.9930085463717038
47,9,0.15,0.9965442378205752
47,9,0.20,0.9962575847800358
47,9,0.25,0.9965996839868327
47,9,0.30,0.9966339348556931
47,9,0.35,0.9979527250569705
47,9,0.40,0.9984071407566338
47,9,0.45,0.9974589122916817
47,9,0.50,0.997361423316693
47,9,0.55,0.9975378438589638
47,9,0.60,0.9974166167303409
47,9,0.65,0.9979567569853209
47,9,0.70,0.9981723445129584
47,9,0.75,0.9962024621590871
47,9,0.80,0.9975172976673066
47,9,0.85,0.997919027454669
47,9,0.90,0.9982244042259454
47,9,0.95,0.9981933603935543
48,0,0.05,0.9756656513708764
48,0,0.10,0.9956080910628091
48,0,0.15,0.9904346538984963
48,0,0.20,0.996130459231594
48,0,0.25,0.997452038688315
48,0,0.30,0.9970751092008666
48,0,0.35,0.9960065770846034
48,0,0.40,0.990967753157135
48,0,0.45,0.9942108598104991
48,0,0.50,0.9972278302825752
48,0,0.55,0.9981713449400739
48,0,0.60,0.996980577146085
48,0,0.65,0.9970552219213132
48,0,0.70,0.997893079077742
48,0,0.75,0.9942785842035455
48,0,0.80,0.9917996395585146
48,0,0.85,0.9967732927195105
48,0,0.90,0.9963394674953983
48,0,0.95,0.9926903024814658
48,1,0.05,0.9882392921785838
48,1,0.10,0.9971526356329269
48,1,0.15,0.9913230361281793
48,1,0.20,0.9931075400033439
48,1,0.25,0.9967757803026487
48,1,0.30,0.9976332947517986
48,1,0.35,0.9913123182178293
48,1,0.40,0.9941854476117796
48,1,0.45,0.9889257556040779
48,1,0.50,0.9954415006210262
48,1,0.55,0.9959167150739067
48,1,0.60,0.9952543779432541
48,1,0.65,0.9941592655179939
48,1,0.70,0.9949529935241532
48,1,0.75,0.9929713145524344
48,1,0.80,0.997464196403532
48,1,0.85,0.9981305982019528
48,1,0.90,0.9948897641145487
48,1,0.95,0.9978461481324469
48,2,0.05,0.9846814022911586
48,2,0.10,0.9908165224701366
48,2,0.15,0.9975050255234014
48,2,0.20,0.9920488892372724
48,2,0.25,0.9975493336813405
48,2,0.30,0.9979589860536562
48,2,0.35,0.9950869948529807
48,2,0.40,0.9950406714676326
48,2,0.45,0.9973789874018695
48,2,0.50,0.9976688452468966
48,2,0.55,0.9967640554719024
48,2,0.60,0.995876536956075
48,2,0.65,0.9955843643172372
48,2,0.70,0.9937273985245052
48,2,0.75,0.9929731686600332
48,2,0.80,0.9941681112336682
48,2,0.85,0.9969345545771092
48,2,0.90,0.9925611515744631
48,2,0.95,0.996264316756481
48,3,0.05,0.9877402348881157
48,3,0.10,0.9952349571988931
48,3,0.15,0.997972584988326
48,3,0.20,0.9947159346090595
48,3,0.25,0.9952352490772497
48,3,0.30,0.9957194463744725
48,3,0.35,0.9950028613387888
48,3,0.40,0.9919856372683465
48,3,0.45,0.9978220961672334
48,3,0.50,0.9976042457479611
48,3,0.55,0.9912053762248187
48,3,0.60,0.9907642777668059
48,3,0.65,0.9968194935893763
48,3,0.70,0.9982533880332976
48,3,0.75,0.9958964262499926
48,3,0.80,0.9956434855992436
48,3,0.85,0.9956681149946096
48,3,0.90,0.9914160884481951
48,3,0.95,0.9959778009980942
48,4,0.05,0.9884357144682373
48,4,0.10,0.9922610962344746
48,4,0.15,0.997606787320357
48,4,0.20,0.9905424686204273
48,4,0.25,0.9922945082031364
48,4,0.30,0.9902290683053299
48,4,0.35,0.9979259820033961
48,4,0.40,0.9945967117467458
48,4,0.45,0.9938570743549603
48,4,0.50,0.9943080079632839
48,4,0.55,0.9957847523635468
48,4,0.60,0.995542457092967
48,4,0.65,0.9949326216646763
48,4,0.70,0.994472254874295
48,4,0.75,0.9974018006585174
48,4,0.80,0.9976369242026749
48,4,0.85,0.9960156756513614
48,4,0.90,0.9952763801823183
48,4,0.95,0.9959637645494098
48,5,0.05,0.9640510461951719
48,5,0.10,0.9948952690207555
48,5,0.15,0.9962302228778726
48,5,0.20,0.9959550235854047
48,5,0.25,0.9933113239770027
48,5,0.30,0.9971488002256023
48,5,0.35,0.99387886678521
48,5,0.40,0.99396225449371
48,5,0.45,0.9972985929682786
48,5,0.50,0.9977611647597358
48,5,0.55,0.9976241329837561
48,5,0.60,0.9974032020060665
48,5,0.65,0.9940335656419838
48,5,0.70,0.9958039003153283
48,5,0.75,0.9977242633592269
48,5,0.80,0.9965153681797058
48,5,0.85,0.9961468919261443
48,5,0.90,0.9906778355170504
48,5,0.95,0.9956621723707865
48,6,0.05,0.979866043827431
48,6,0.10,0.9894664809368585
48,6,0.15,0.992660091049878
48,6,0.20,0.987299266699451
48,6,0.25,0.9947779524324744
48,6,0.30,0.992867368330681
48,6,0.35,0.9921037304564091
48,6,0.40,0.9969926068699932
48,6,0.45,0.9925990245274332
48,6,0.50,0.997648405621404
48,6,0.55,0.997421222107101
48,6,0.60,0.9971485152779155
48,6,0.65,0.9977142523709221
48,6,0.70,0.9946899305752055
48,6,0.75,0.9924394173436689
48,6,0.80,0.9955524714784603
48,6,0.85,0.9935174797348861
48,6,0.90,0.9964551117610748
48,6,0.95,0.9978320393686645
48,7,0.05,0.9812215976444724
48,7,0.10,0.9895333963376939
48,7,0.15,0.9910054953126048
48,7,0.20,0.996905552564551
48,7,0.25,0.9940556708626673
48,7,0.30,0.9962760611840005
48,7,0.35,0.9950720683683139
48,7,0.40,0.9942894712643138
48,7,0.45,0.9936119715575397
48,7,0.50,0.9982938915555272
48,7,0.55,0.9952684598648113
48,7,0.60,0.9955421310999149
48,7,0.65,0.9948208181478893
48,7,0.70,0.9933200982463225
48,7,0.75,0.9952138588141655
48,7,0.80,0.9935762782911006
48,7,0.85,0.9977962296722418
48,7,0.90,0.9962662946354712
48,7,0.95,0.995011857284139
48,8,0.05,0.9763484514577406
48,8,0.10,0.9956855584456263
48,8,0.15,0.99193236612052
48,8,0.20,0.9941610044785021
48,8,0.25,0.9941539773443445
48,8,0.30,0.9970184091508644
48,8,0.35,0.9971055008437144
48,8,0.40,0.9953183844417786
48,8,0.45,0.9954412331780365
48,8,0.50,0.9978122737509436
48,8,0.55,0.9954579341601141
48,8,0.60,0.997441485761478
48,8,0.65,0.9976725685204803
48,8,0.70,0.9977769547029343
48,8,0.75,0.9954175488971059
48,8,0.80,0.9919778314389236
48,8,0.85,0.9974453716116478
48,8,0.90,0.9950063480925501
48,8,0.95,0.9954419938710508
48,9,0.05,0.9882125518789874
48,9,0.10,0.9898869171927297
48,9,0.15,0.9966885688909457
48,9,0.20,0.9953177715416306
48,9,0.25,0.996689420481205
48,9,0.30,0.9968843923194637
48,9,0.35,0.994404537241045
48,9,0.40,0.9950636142723631
48,9,0.45,0.9980968601819045
48,9,0.50,0.9973894512441249
48,9,0.55,0.9953878167314385
48,9,0.60,0.9977003795705135
48,9,0.65,0.9955464206725223
48,9,0.70,0.9974915971902719
48,9,0.75,0.9945365660840092
48,9,0.80,0.9951340102455791
48,9,0.85,0.9935077747658948
48,9,0.90,0.9962209885827494
48,9,0.95,0.9974551961662561
49,0,0.05,0.9882064190164053
49,0,0.10,0.9916174476931681
49,0,0.15,0.9972588940803938
49,0,0.20,0.9951830683561853
49,0,0.25,0.9963476121236892
49,0,0.30,0.9968034637719428
49,0,0.35,0.9960719462626483
49,0,0.40,0.9972906228859556
49,0,0.45,0.997771278190042
49,0,0.50,0.9932894381282297
49,0,0.55,0.9973331526955785
49,0,0.60,0.995256063731898
49,0,0.65,0.9979543948731785
49,0,0.70,0.9960648300228577
49,0,0.75,0.9955813160273482
49,0,0.80,0.9959030079277793
49,0,0.85,0.9977965506858304
49,0,0.90,0.9960418979555972
49,0,0.95,0.9972725235419685
49,1,0.05,0.9573900035203502
49,1,0.10,0.9952183042014158
49,1,0.15,0.9958479219170261
49,1,0.20,0.9964268676373171
49,1,0.25,0.99745108572774
49,1,0.30,0.9961211096891063
49,1,0.35,0.9950291904193951
49,1,0.40,0.9946022062933372
49,1,0.45,0.9952067554093407
49,1,0.50,0.9933254719620621
49,1,0.55,0.9976596385353798
49,1,0.60,0.995464896332199
49,1,0.65,0.9948962452050986
49,1,0.70,0.9912124901883301
49,1,0.75,0.9962536533773768
49,1,0.80,0.9926509844038537
49,1,0.85,0.9982688337532095
49,1,0.90,0.9981916230479037
49,1,0.95,0.9918418167707026
49,2,0.05,0.9873585748936254
49,2,0.10,0.9855048292519254
49,2,0.15,0.9918110066685789
49,2,0.20,0.9970744321866183
49,2,0.25,0.9963546389387042
49,2,0.30,0.9963328903881659
49,2,0.35,0.9961631665965255
49,2,0.40,0.9964264033543471
49,2,0.45,0.9938258093451414
49,2,0.50,0.9950651279519199
49,2,0.55,0.9958535288639716
49,2,0.60,0.9953289013212755
49,2,0.65,0.9955295318466779
49,2,0.70,0.9950132745889791
49,2,0.75,0.9952444321929045
49,2,0.80,0.9961195060778674
49,2,0.85,0.9959751623706001
49,2,0.90,0.991540449884698
49,2,0.95,0.9981428609948346
49,3,0.05,0.9444681739366511
49,3,0.10,0.9930328114839495
49,3,0.15,0.9940996793434974
49,3,0.20,0.9910676618560963
49,3,0.25,0.9912376733774475
49,3,0.30,0.9957183767427707
49,3,0.35,0.995846441962779
49,3,0.40,0.9943201892648037
49,3,0.45,0.9969070281812685
49,3,0.50,0.9959523234286479
49,3,0.55,0.9976645207678241
49,3,0.60,0.9934133583970057
49,3,0.65,0.997825837693796
49,3,0.70,0.9960771578996545
49,3,0.75,0.9937261321894234
49,3,0.80,0.9948803132315512
49,3,0.85,0.9951772690747731
49,3,0.90,0.9952831323979594
49,3,0.95,0.9979595349978843
49,4,0.05,0.9741799587341708
49,4,0.10,0.996678543153555
49,4,0.15,0.9886239638181452
49,4,0.20,0.9962324023226464
49,4,0.25,0.9963891793585955
49,4,0.30,0.9977962555246057
49,4,0.35,0.9970500664434239
49,4,0.40,0.9976441383364512
49,4,0.45,0.995662041540733
49,4,0.50,0.9954190367706512
49,4,0.55,0.9963514448243604
49,4,0.60,0.9945226349191558
49,4,0.65,0.9951611169961646
49,4,0.70,0.9980907282374445
49,4,0.75,0.9942264972155896
49,4,0.80,0.9980777260913247
49,4,0.85,0.9979154181223773
49,4,0.90,0.9978206299184524
49,4,0.95,0.9942447684149842
49,5,0.05,0.9842260267681627
49,5,0.10,0.9959369572801847
49,5,0.15,0.9973619733456777
49,5,0.20,0.9960555129627386
49,5,0.25,0.9955309853841676
49,5,0.30,0.9981967719535029
49,5,0.35,0.9971988788892746
49,5,0.40,0.9958176795004421
49,5,0.45,0.9971331650725832
49,5,0.50,0.9957858744512865
49,5,0.55,0.9924871984360121
49,5,0.60,0.9956872916179962
49,5,0.65,0.9978928543556721
49,5,0.70,0.9914479019999363
49,5,0.75,0.995099024185644
49,5,0.80,0.9951746575782847
49,5,0.85,0.9981611844576695
49,5,0.90,0.997544989593235
49,5,0.95,0.9979070925155475
49,6,0.05,0.9600104349091249
49,6,0.10,0.9947274052807676
49,6,0.15,0.9918342987138045
49,6,0.20,0.9960251111671314
49,6,0.25,0.9967168522186881
49,6,0.30,0.9951961126486915
49,6,0.35,0.9959390183429929
49,6,0.40,0.9955514195817861
49,6,0.45,0.9957009004013008
49,6,0.50,0.9924186417050179
49,6,0.55,0.9920751638088589
49,6,0.60,0.9949923836403493
49,6,0.65,0.9945722843557286
49,6,0.70,0.9973472385902543
49,6,0.75,0.9951712600512322
49,6,0.80,0.9950419985124349
49,6,0.85,0.9934548071937344
49,6,0.90,0.9977783421329215
49,6,0.95,0.9951429927990868
49,7,0.05,0.9646203194066688
49,7,0.10,0.9923966705053273
49,7,0.15,0.9935404727911976
49,7,0.20,0.9941487601198593
49,7,0.25,0.9972581514332753
49,7,0.30,0.9965201373797455
49,7,0.35,0.9942658879195068
49,7,0.40,0.995513478073219
49,7,0.45,0.9980371246818373
49,7,0.50,0.9978939123656158
49,7,0.55,0.9956077564717856
49,7,0.60,0.9975547159122414
49,7,0.65,0.9950446212837962
49,7,0.70,0.9970684592001102
49,7,0.75,0.9920251285292658
49,7,0.80,0.9963002508530961
49,7,0.85,0.9954073735510517
49,7,0.90,0.9959273574058894
49,7,0.95,0.9951081689514603
49,8,0.05,0.9230718620670905
49,8,0.10,0.99002178510169
49,8,0.15,0.9955157404040896
49,8,0.20,0.9977593041569198
49,8,0.25,0.9970618662486112
49,8,0.30,0.997415407146458
49,8,0.35,0.9937068861729197
49,8,0.40,0.9953864200513686
49,8,0.45,0.9952553171710586
49,8,0.50,0.9973208462296805
49,8,0.55,0.9982443925553268
49,8,0.60,0.9976129609934251
49,8,0.65,0.995830178066601
49,8,0.70,0.9968383871864014
49,8,0.75,0.9927989269919353
49,8,0.80,0.9971318239808108
49,8,0.85,0.9970726932993732
49,8,0.90,0.9983162732403089
49,8,0.95,0.9957920830324557
49,9,0.05,0.9828569421126799
49,9,0.10,0.9901784604305419
49,9,0.15,0.9972522640587358
49,9,0.20,0.9977789065082378
49,9,0.25,0.9964862214966727
49,9,0.30,0.9971624792305935
49,9,0.35,0.9975262773119157
49,9,0.40,0.9957110147367925
49,9,0.45,0.998082073540068
49,9,0.50,0.9951809763922659
49,9,0.55,0.995795177590401
49,9,0.60,0.9968288768687414
49,9,0.65,0.995760607717925
49,9,0.70,0.9957318599219592
49,9,0.75,0.9974116775305554
49,9,0.80,0.9950286340257225
49,9,0.85,0.9976290109671437
49,9,0.90,0.9922802748918929
49,9,0.95,0.9943090929835615
50,0,0.05,0.9527157833005853
50,0,0.10,0.9904623293663001
50,0,0.15,0.9966914060972407
50,0,0.20,0.9975496050598045
50,0,0.25,0.9964009036375792
50,0,0.30,0.9971128283856999
50,0,0.35,0.9972221166750633
50,0,0.40,0.9974513400891445
50,0,0.45,0.994256115322445
50,0,0.50,0.998288858284971
50,0,0.55,0.9976882519110769
50,0,0.60,0.9912929143319137
50,0,0.65,0.9972954425880702
50,0,0.70,0.9978720904286006
50,0,0.75,0.9977361188456453
50,0,0.80,0.9979247033784647
50,0,0.85,0.9961564740470336
50,0,0.90,0.9954100039783801
50,0,0.95,0.9931896787449263
50,1,0.05,0.9710692372722464
50,1,0.10,0.9874606528945717
50,1,0.15,0.9927835073726972
50,1,0.20,0.9977730284071611
50,1,0.25,0.997102503399002
50,1,0.30,0.9981168648670613
50,1,0.35,0.9953864068981537
50,1,0.40,0.9947591093058735
50,1,0.45,0.9954068977185925
50,1,0.50,0.992899789829394
50,1,0.55,0.9954050227462463
50,1,0.60,0.9970983927570816
50,1,0.65,0.9932028016973848
50,1,0.70,0.9951865240380783
50,1,0.75,0.9943072563763443
50,1,0.80,0.9955226599729089
50,1,0.85,0.9935454708951265
50,1,0.90,0.9952877199069405
50,1,0.95,0.9960278793641342
50,2,0.05,0.9735700147843569
50,2,0.10,0.9922862065129702
50,2,0.15,0.9946961720345014
50,2,0.20,0.9968452873700285
50,2,0.25,0.9964515677225276
50,2,0.30,0.9972599631713748
50,2,0.35,0.9982221872884761
50,2,0.40,0.9932407591811977
50,2,0.45,0.9974284927151787
50,2,0.50,0.9950452750757162
50,2,0.55,0.997953727219603
50,2,0.60,0.9944879294862086
50,2,0.65,0.9975565635461507
50,2,0.70,0.9977417743859943
50,2,0.75,0.9971309248944279
50,2,0.80,0.9959602294377543
50,2,0.85,0.9950697206632699
50,2,0.90,0.9955741540569191
50,2,0.95,0.9934075170746614
50,3,0.05,0.9784408570616216
50,3,0.10,0.9863272515244083
50,3,0.15,0.9965375221942911
50,3,0.20,0.9974717879723854
50,3,0.25,0.9974177608573066
50,3,0.30,0.9971410935653094
50,3,0.35,0.9981986075559768
50,3,0.40,0.9969787025566149
50,3,0.45,0.9960752828533356
50,3,0.50,0.997360219910929
50,3,0.55,0.9975530859457302
50,3,0.60,0.9908087831454119
50,3,0.65,0.994571765039402
50,3,0.70,0.9972108394831383
50,3,0.75,0.998057488066223
50,3,0.80,0.9960218047859147
50,3,0.85,0.9975686716870595
50,3,0.90,0.9952886331017772
50,3,0.95,0.9970112285354926
50,4,0.05,0.9107245387444498
50,4,0.10,0.9904403766212413
50,4,0.15,0.9974375130967394
50,4,0.20,0.9970902453862633
50,4,0.25,0.9977686740480508
50,4,0.30,0.9959170113153866
50,4,0.35,0.997023494686201
50,4,0.40,0.9974690075979299
50,4,0.45,0.9913255791399213
50,4,0.50,0.9956675283984653
50,4,0.55,0.996994370272664
50,4,0.60,0.9952458279007635
50,4,0.65,0.9955380349453964
50,4,0.70,0.9945981002701384
50,4,0.75,0.995265555392853
50,4,0.80,0.9930047214648242
50,4,0.85,0.997878745044438
50,4,0.90,0.9977474531096091
50,4,0.95,0.9923939681225549
50,5,0.05,0.9450166694677289
50,5,0.10,0.9940261977832503
50,5,0.15,0.994337641771549
50,5,0.20,0.9973335218661807
50,5,0.25,0.9974700326926538
50,5,0.30,0.9954208886055117
50,5,0.35,0.9947142712893722
50,5,0.40,0.9928601333803846
50,5,0.45,0.995110708530367
50,5,0.50,0.9970656043077681
50,5,0.55,0.992541446308927
50,5,0.60,0.9950710284192252
50,5,0.65,0.9925145145356347
50,5,0.70,0.9980142020951772
50,5,0.75,0.991818459301052
50,5,0.80,0.9976209966019697
50,5,0.85,0.9952681798130413
50,5,0.90,0.9929904938506225
50,5,0.95,0.9980428903183662
50,6,0.05,0.9594373496252053
50,6,0.10,0.9926066335434908
50,6,0.15,0.9964208237325999
50,6,0.20,0.997893523853365
50,6,0.25,0.9974860745638475
50,6,0.30,0.997502385870197
50,6,0.35,0.9975591944913325
50,6,0.40,0.9957897035368464
50,6,0.45,0.9952415233317704
50,6,0.50,0.9914506731019685
50,6,0.55,0.998021217238913
50,6,0.60,0.9948483880611334
50,6,0.65,0.9954201663053974
50,6,0.70,0.9912093623147891
50,6,0.75,0.994287860755415
50,6,0.80,0.9932612665123977
50,6,0.85,0.9959864723972052
50,6,0.90,0.995637365511896
50,6,0.95,0.995122519814303
50,7,0.05,0.9733301283392367
50,7,0.10,0.9924052456195559
50,7,0.15,0.9966889106170598
50,7,0.20,0.9952764464932613
50,7,0.25,0.9881802955729969
50,7,0.30,0.994995177263244
50,7,0.35,0.9968302793388195
50,7,0.40,0.9937720014080287
50,7,0.45,0.9979552027515622
50,7,0.50,0.9957008561113552
50,7,0.55,0.9969380317840008
50,7,0.60,0.9949948655744897
50,7,0.65,0.9915725084923486
50,7,0.70,0.9946134739125231
50,7,0.75,0.9975254962704212
50,7,0.80,0.9979558520312789
50,7,0.85,0.9950918688348543
50,7,0.90,0.995702499176212
50,7,0.95,0.9915786816971676
50,8,0.05,0.974240829020238
50,8,0.10,0.9885513105907832
50,8,0.15,0.9927396755846594
50,8,0.20,0.9956841082709234
50,8,0.25,0.9986994939641822
50,8,0.30,0.9942106090748464
50,8,0.35,0.996336142316954
50,8,0.40,0.9927770060429185
50,8,0.45,0.9977186175444022
50,8,0.50,0.9951441793273322
50,8,0.55,0.9977880326255282
50,8,0.60,0.9945122343192039
50,8,0.65,0.9947285234343877
50,8,0.70,0.9976208375869188
50,8,0.75,0.9977320310658689
50,8,0.80,0.9950579942216267
50,8,0.85,0.9958559354187507
50,8,0.90,0.9979346381750027
50,8,0.95,0.9954458746480631
50,9,0.05,0.9799208823624765
50,9,0.10,0.9928899620306955
50,9,0.15,0.9859917428181856
50,9,0.20,0.9950272511641386
50,9,0.25,0.9953803791052104
50,9,0.30,0.994237159371104
50,9,0.35,0.9970299503149503
50,9,0.40,0.9971093481649731
50,9,0.45,0.9975057077230656
50,9,0.50,0.9984342472048582
50,9,0.55,0.9951886301089963
50,9,0.60,0.997567623652203
50,9,0.65,0.9973863087659292
50,9,0.70,0.9950484085980275
50,9,0.75,0.9979826812630423
50,9,0.80,0.9958222375782217
50,9,0.85,0.9920440138710244
50,9,0.90,0.9981313430753064
50,9,0.95,0.9955791911374464
51,0,0.05,0.9443478525170939
51,0,0.10,0.9916787637481703
51,0,0.15,0.9881976160731574
51,0,0.20,0.9887805923479511
51,0,0.25,0.9903901464881585
51,0,0.30,0.9965453899238748
51,0,0.35,0.9979506185348097
51,0,0.40,0.9977267315097793
51,0,0.45,0.9977093374282503
51,0,0.50,0.9974178953409294
51,0,0.55,0.9910540516549058
51,0,0.60,0.997847139489594
51,0,0.65,0.9983143460584744
51,0,0.70,0.997709194078481
51,0,0.75,0.9926263136865261
51,0,0.80,0.9947502464211883
51,0,0.85,0.9938023250689948
51,0,0.90,0.9979522438529101
51,0,0.95,0.9920297449897264
51,1,0.05,0.7477738314389508
51,1,0.10,0.9909979267555715
51,1,0.15,0.9892000453521823
51,1,0.20,0.9924114050899652
51,1,0.25,0.9961386004675716
51,1,0.30,0.9942897762755716
51,1,0.35,0.9938399847963942
51,1,0.40,0.9976043452898569
51,1,0.45,0.9975730840612947
51,1,0.50,0.9983583989694316
51,1,0.55,0.9952218828611052
51,1,0.60,0.9978650961737305
51,1,0.65,0.9943623570201355
51,1,0.70,0.9977282234725122
51,1,0.75,0.9976807233248907
51,1,0.80,0.9974629962895635
51,1,0.85,0.998542077176598
51,1,0.90,0.9919685110172921
51,1,0.95,0.9980328690815153
51,2,0.05,0.9374662167605547
51,2,0.10,0.9925390911419801
51,2,0.15,0.9918064961278695
51,2,0.20,0.9934275138180382
51,2,0.25,0.9980010188642514
51,2,0.30,0.9944545898726999
51,2,0.35,0.9955245505163317
51,2,0.40,0.9950521794573578
51,2,0.45,0.9901023044258551
51,2,0.50,0.9977643732136621
51,2,0.55,0.9915885067234996
51,2,0.60,0.9975858504701123
51,2,0.65,0.9982352560573625
51,2,0.70,0.9930505787539684
51,2,0.75,0.9950371671622259
51,2,0.80,0.9978983270435975
51,2,0.85,0.996060517781982
51,2,0.90,0.9977119741654142
51,2,0.95,0.9928363242734392
51,3,0.05,0.9568608353385315
51,3,0.10,0.9891808812091077
51,3,0.15,0.9963782588517104
51,3,0.20,0.9916548978539782
51,3,0.25,0.9913918150792379
51,3,0.30,0.9922182195600253
51,3,0.35,0.9918329826114923
51,3,0.40,0.9945724600926696
51,3,0.45,0.9979861578792173
51,3,0.50,0.9983180218028385
51,3,0.55,0.995030964872981
51,3,0.60,0.9940403215459156
51,3,0.65,0.9949724583059524
51,3,0.70,0.9972863246020099
51,3,0.75,0.9978346571355414
51,3,0.80,0.9949564249964794
51,3,0.85,0.996343165697725
51,3,0.90,0.9953100959566915
51,3,0.95,0.9951877883711296
51,4,0.05,0.9623631652640032
51,4,0.10,0.9909120829378556
51,4,0.15,0.9945835296824783
51,4,0.20,0.9963993738197869
51,4,0.25,0.9957845672670661
51,4,0.30,0.9903269495562063
51,4,0.35,0.9951995445665782
51,4,0.40,0.9970271763812653
51,4,0.45,0.994715156705981
51,4,0.50,0.9953793285539074
51,4,0.55,0.9916865340267574
51,4,0.60,0.9952477438189608
51,4,0.65,0.9962199468987379
51,4,0.70,0.9952749017181228
51,4,0.75,0.9977818122264599
51,4,0.80,0.9979200753890157
51,4,0.85,0.9978578350984302
51,4,0.90,0.997392511563014
51,4,0.95,0.9936628618098882
51,5,0.05,0.9806183958473663
51,5,0.10,0.9920275684141682
51,5,0.15,0.990185952744815
51,5,0.20,0.9952976717681637
51,5,0.25,0.9930184780068636
51,5,0.30,0.9889286375037117
51,5,0.35,0.9960308702837496
51,5,0.40,0.9899153293201923
51,5,0.45,0.9971074617053489
51,5,0.50,0.998085892891247
51,5,0.55,0.9977385931640772
51,5,0.60,0.9979982017078803
51,5,0.65,0.9924175762853062
51,5,0.70,0.9983062200185063
51,5,0.75,0.994733683549507
51,5,0.80,0.9977784638191027
51,5,0.85,0.9935010029575929
51,5,0.90,0.9947547032662348
51,5,0.95,0.9941161194384684
51,6,0.05,0.9710637093440865
51,6,0.10,0.993309205513641
51,6,0.15,0.9953846479571601
51,6,0.20,0.9917421247368243
51,6,0.25,0.9975506819643336
51,6,0.30,0.9906446705124102
51,6,0.35,0.9900816681697827
51,6,0.40,0.998061524615775
51,6,0.45,0.9975848645762692
51,6,0.50,0.9976111759255029
51,6,0.55,0.998292953160479
51,6,0.60,0.9932839225342108
51,6,0.65,0.9975503759082259
51,6,0.70,0.9953253296375854
51,6,0.75,0.9976938193758791
51,6,0.80,0.9958454346835831
51,6,0.85,0.9980681222807128
51,6,0.90,0.9949666190076742
51,6,0.95,0.9980011203484439
51,7,0.05,0.977780919082885
51,7,0.10,0.9934977758600979
51,7,0.15,0.989908155221275
51,7,0.20,0.9913161703688902
51,7,0.25,0.9943284815483036
51,7,0.30,0.9920926986235492
51,7,0.35,0.9949534804615515
51,7,0.40,0.9971439715969493
51,7,0.45,0.9949132371778359
51,7,0.50,0.9948460092042957
51,7,0.55,0.9948698797306361
51,7,0.60,0.9985245281777919
51,7,0.65,0.9980137985656548
51,7,0.70,0.9978661689534466
51,7,0.75,0.9978464186963031
51,7,0.80,0.9942643431996572
51,7,0.85,0.9972010242959904
51,7,0.90,0.9979699324894611
51,7,0.95,0.995014229182039
51,8,0.05,0.9858579882124947
51,8,0.10,0.98535676156566
51,8,0.15,0.9949103800074959
51,8,0.20,0.9910686102705202
51,8,0.25,0.9968093420749874
51,8,0.30,0.9963981559898887
51,8,0.35,0.9921719836703193
51,8,0.40,0.9969931092848314
51,8,0.45,0.9980813632437524
51,8,0.50,0.9979802861259689
51,8,0.55,0.9975202701820077
51,8,0.60,0.9948358310738334
51,8,0.65,0.994163694831882
51,8,0.70,0.9982494942371558
51,8,0.75,0.9975075051885729
51,8,0.80,0.9974961486123217
51,8,0.85,0.9957190654418852
51,8,0.90,0.9954072885325133
51,8,0.95,0.9952867625061683
51,9,0.05,0.9746622681792676
51,9,0.10,0.9905152810488935
51,9,0.15,0.9907732921049957
51,9,0.20,0.9917812821333566
51,9,0.25,0.9942615810172024
51,9,0.30,0.997351435412259
51,9,0.35,0.9914306413079839
51,9,0.40,0.9953914742780162
51,9,0.45,0.997021591575544
51,9,0.50,0.9952710085736294
51,9,0.55,0.9962493944922335
51,9,0.60,0.997765871472022
51,9,0.65,0.9982372077173117
51,9,0.70,0.9975907563994927
51,9,0.75,0.9972165404509775
51,9,0.80,0.9979058680810318
51,9,0.85,0.9982366698427807
51,9,0.90,0.9924267154502227
51,9,0.95,0.9952752606735844
52,0,0.05,0.9829624634072265
52,0,0.10,0.9862338555292153
52,0,0.15,0.9932371382729321
52,0,0.20,0.9953973464957738
52,0,0.25,0.995216579304106
52,0,0.30,0.9923719805340007
52,0,0.35,0.9941745658140999
52,0,0.40,0.9959871268151061
52,0,0.45,0.9948200380652634
52,0,0.50,0.9959810674937369
52,0,0.55,0.9950059498844783
52,0,0.60,0.991698656248042
52,0,0.65,0.9980665563832214
52,0,0.70,0.9969386854108514
52,0,0.75,0.9923349256039634
52,0,0.80,0.9954247065859264
52,0,0.85,0.9949347386982844
52,0,0.90,0.995483444280359
52,0,0.95,0.9977919600899248
52,1,0.05,0.9551498894428888
52,1,0.10,0.9926280770982844
52,1,0.15,0.9911436642453784
52,1,0.20,0.9973768963073822
52,1,0.25,0.9971461234477341
52,1,0.30,0.9944989521602692
52,1,0.35,0.9952030427395634
52,1,0.40,0.9963653194225666
52,1,0.45,0.9949745180214727
52,1,0.50,0.9966196563187723
52,1,0.55,0.9973792102636321
52,1,0.60,0.9920738179278242
52,1,0.65,0.9972524110287766
52,1,0.70,0.9941632599179901
52,1,0.75,0.9975903098080345
52,1,0.80,0.9947751004356691
52,1,0.85,0.9956601880813767
52,1,0.90,0.997021814221638
52,1,0.95,0.9909370046581073
52,2,0.05,0.9798405356807313
52,2,0.10,0.9907438140456256
52,2,0.15,0.996389380835951
52,2,0.20,0.994787290895045
52,2,0.25,0.9978207623703205
52,2,0.30,0.9932438131020269
52,2,0.35,0.9901342997428288
52,2,0.40,0.9953154790584781
52,2,0.45,0.9975999146837319
52,2,0.50,0.9961915741797204
52,2,0.55,0.9956681556450309
52,2,0.60,0.9973212737408131
52,2,0.65,0.9974645040398524
52,2,0.70,0.9976279529633163
52,2,0.75,0.9946041075979156
52,2,0.80,0.9939473894554273
52,2,0.85,0.9915987027139282
52,2,0.90,0.9971312847757183
52,2,0.95,0.9977270191715812
52,3,0.05,0.969021638868101
52,3,0.10,0.9853736076253021
52,3,0.15,0.9928432703419262
52,3,0.20,0.9938391576929476
52,3,0.25,0.9929872015781849
52,3,0.30,0.9942480681247274
52,3,0.35,0.9941522792004313
52,3,0.40,0.9974872426979822
52,3,0.45,0.9938158976348165
52,3,0.50,0.9959875688816783
52,3,0.55,0.9978526729413971
52,3,0.60,0.9946747299180421
52,3,0.65,0.9960295742915728
52,3,0.70,0.9971440014217051
52,3,0.75,0.9976073373275417
52,3,0.80,0.9977033093625258
52,3,0.85,0.9947836208516493
52,3,0.90,0.9958881935746661
52,3,0.95,0.9970538643075584
52,4,0.05,0.9677899211404841
52,4,0.10,0.9909620758416567
52,4,0.15,0.9966608908178187
52,4,0.20,0.9955549508200626
52,4,0.25,0.9978804873899677
52,4,0.30,0.9962144772192705
52,4,0.35,0.9965759166636159
52,4,0.40,0.997694080598363
52,4,0.45,0.9946466308343179
52,4,0.50,0.998160369230687
52,4,0.55,0.9977857822817279
52,4,0.60,0.9974603839001567
52,4,0.65,0.9944620942778022
52,4,0.70,0.9945948412772194
52,4,0.75,0.9972335147672557
52,4,0.80,0.9954337834120371
52,4,0.85,0.9951715659993027
52,4,0.90,0.9978650012629839
52,4,0.95,0.9944161350391406
52,5,0.05,0.966576691245412
52,5,0.10,0.9879024492102176
52,5,0.15,0.9952847315438093
52,5,0.20,0.9973318863885546
52,5,0.25,0.9978475526390344
52,5,0.30,0.9974705010629028
52,5,0.35,0.9961119110195963
52,5,0.40,0.9971753314817359
52,5,0.45,0.9926425201182419
52,5,0.50,0.9976464901623758
52,5,0.55,0.9975904636900496
52,5,0.60,0.9960164611131853
52,5,0.65,0.9931294526183319
52,5,0.70,0.9953112792368347
52,5,0.75,0.9958350584573481
52,5,0.80,0.9975334614906893
52,5,0.85,0.995523874728146
52,5,0.90,0.997551405415321
52,5,0.95,0.9949612955874647
52,6,0.05,0.9765997512512993
52,6,0.10,0.9897078458965922
52,6,0.15,0.9905024751191378
52,6,0.20,0.9890425522445362
52,6,0.25,0.9942933522273776
52,6,0.30,0.9941229842932457
52,6,0.35,0.9917584952866851
52,6,0.40,0.9974255689824052
52,6,0.45,0.9976339948386663
52,6,0.50,0.9976045297315499
52,6,0.55,0.9975375691939816
52,6,0.60,0.9940914699787415
52,6,0.65,0.9952822146245456
52,6,0.70,0.9972219145863286
52,6,0.75,0.998254594070049
52,6,0.80,0.9944648073093137
52,6,0.85,0.9944686550302662
52,6,0.90,0.9962219264676639
52,6,0.95,0.9947565681411957
52,7,0.05,0.9619475223089231
52,7,0.10,0.9929846186661441
52,7,0.15,0.9933852138546698
52,7,0.20,0.9905334779016429
52,7,0.25,0.9952652239011319
52,7,0.30,0.9903296369427158
52,7,0.35,0.9975587618769953
52,7,0.40,0.9977139035555813
52,7,0.45,0.9927207280832957
52,7,0.50,0.997185018254199
52,7,0.55,0.9972105559418099
52,7,0.60,0.9966205234075537
52,7,0.65,0.9977384647280948
52,7,0.70,0.9953159380581895
52,7,0.75,0.9975875663608702
52,7,0.80,0.9960423641101674
52,7,0.85,0.9932893561935925
52,7,0.90,0.995920393319634
52,7,0.95,0.9974543284145674
52,8,0.05,0.9677658247193517
52,8,0.10,0.9938468265985273
52,8,0.15,0.9947802975918099
52,8,0.20,0.9945108171536022
52,8,0.25,0.9967656400265625
52,8,0.30,0.9941341612510973
52,8,0.35,0.9929762764452918
52,8,0.40,0.9974898713387229
52,8,0.45,0.992816604293281
52,8,0.50,0.9975471493818567
52,8,0.55,0.9929191411375449
52,8,0.60,0.9977651763415155
52,8,0.65,0.9973240029863987
52,8,0.70,0.9973916417805716
52,8,0.75,0.9973780100323558
52,8,0.80,0.9975256525140473
52,8,0.85,0.9980126562183474
52,8,0.90,0.9947579466215413
52,8,0.95,0.9952382160720503
52,9,0.05,0.9857490291132496
52,9,0.10,0.9917822623106097
52,9,0.15,0.996413961783119
52,9,0.20,0.9917152087414203
52,9,0.25,0.9963696974019484
52,9,0.30,0.9965959195403897
52,9,0.35,0.99458458235322
52,9,0.40,0.9978207497940403
52,9,0.45,0.9978474654900827
52,9,0.50,0.9957418187783387
52,9,0.55,0.9963871376013398
52,9,0.60,0.9953377354678864
52,9,0.65,0.9954614554640349
52,9,0.70,0.9953459498488346
52,9,0.75,0.9957012718462755
52,9,0.80,0.997691458470482
52,9,0.85,0.9971184514572387
52,9,0.90,0.9955557764456617
52,9,0.95,0.9981823188034283
53,0,0.05,0.9696436212148881
53,0,0.10,0.9921832988134955
53,0,0.15,0.996796781228606
53,0,0.20,0.9974591374739512
53,0,0.25,0.9962285831381715
53,0,0.30,0.9977275537629489
53,0,0.35,0.9964633928822437
53,0,0.40,0.9936477791620382
53,0,0.45,0.9949867923415413
53,0,0.50,0.9914039169927774
53,0,0.55,0.9926482528501929
53,0,0.60,0.9957456938331539
53,0,0.65,0.9977623271991867
53,0,0.70,0.9967620287716883
53,0,0.75,0.997545414445203
53,0,0.80,0.9971340621760733
53,0,0.85,0.9973449937026995
53,0,0.90,0.996436718019448
53,0,0.95,0.997717101746381
53,1,0.05,0.9872766182228293
53,1,0.10,0.9935501147711051
53,1,0.15,0.9968764404995711
53,1,0.20,0.9965209862995673
53,1,0.25,0.9967406704156739
53,1,0.30,0.9966334343629903
53,1,0.35,0.9974033255512347
53,1,0.40,0.9948561847780016
53,1,0.45,0.9937507242323341
53,1,0.50,0.9982132348329673
53,1,0.55,0.9950078271020267
53,1,0.60,0.9919575146461542
53,1,0.65,0.9952180735722163
53,1,0.70,0.9930810693918524
53,1,0.75,0.997906535037105
53,1,0.80,0.9975301717602816
53,1,0.85,0.9977243033941079
53,1,0.90,0.9951842819110857
53,1,0.95,0.993506947654988
53,2,0.05,0.9829621951929035
53,2,0.10,0.9927137755859327
53,2,0.15,0.9968426657733102
53,2,0.20,0.9961109189834713
53,2,0.25,0.9979221020057989
53,2,0.30,0.9977298702940129
53,2,0.35,0.9929448953120443
53,2,0.40,0.9969891897605826
53,2,0.45,0.9979521242829421
53,2,0.50,0.9977416990412676
53,2,0.55,0.9929488101302613
53,2,0.60,0.997874455836765
53,2,0.65,0.9942340543036008
53,2,0.70,0.9981513656916237
53,2,0.75,0.996506038769859
53,2,0.80,0.9982268906156166
53,2,0.85,0.9974412474186705
53,2,0.90,0.9973717608095143
53,2,0.95,0.9938267015977106
53,3,0.05,0.9921976935808335
53,3,0.10,0.9891282898717582
53,3,0.15,0.9889698550747159
53,3,0.20,0.9967051802165355
53,3,0.25,0.9971087739311021
53,3,0.30,0.997020996473849
53,3,0.35,0.9963351051956446
53,3,0.40,0.9966983628564463
53,3,0.45,0.9975515700314639
53,3,0.50,0.9979053153423165
53,3,0.55,0.9914650502596752
53,3,0.60,0.9978900501863495
53,3,0.65,0.9943035304331472
53,3,0.70,0.9975851557941654
53,3,0.75,0.9973492728665884
53,3,0.80,0.9979576359010173
53,3,0.85,0.9954611680126574
53,3,0.90,0.994489519359067
53,3,0.95,0.991244490886848
53,4,0.05,0.9807439552339392
53,4,0.10,0.994173292822885
53,4,0.15,0.9920805578062549
53,4,0.20,0.9976009856633188
53,4,0.25,0.992490251614524
53,4,0.30,0.9972547044498865
53,4,0.35,0.9978837503952708
53,4,0.40,0.9976730764314788
53,4,0.45,0.992882332331023
53,4,0.50,0.9941652805688556
53,4,0.55,0.997444825739927
53,4,0.60,0.9982270574280732
53,4,0.65,0.9980595201910019
53,4,0.70,0.9975639570291599
53,4,0.75,0.9949497296795612
53,4,0.80,0.995799715240807
53,4,0.85,0.9973672520718138
53,4,0.90,0.9950476611927992
53,4,0.95,0.9958579341664514
53,5,0.05,0.9819510537079145
53,5,0.10,0.9620399260952406
53,5,0.15,0.9960519029482185
53,5,0.20,0.9932207113168806
53,5,0.25,0.9938019503508118
53,5,0.30,0.997463149422958
53,5,0.35,0.9973740396529389
53,5,0.40,0.9937829946901174
53,5,0.45,0.9979809187506106
53,5,0.50,0.997314268817773
53,5,0.55,0.9972862610477438
53,5,0.60,0.9959100864427609
53,5,0.65,0.9975971136158053
53,5,0.70,0.9980634000882334
53,5,0.75,0.9980166011141449
53,5,0.80,0.9985890729104404
53,5,0.85,0.9981637828828375
53,5,0.90,0.9916127815524254
53,5,0.95,0.9948452851536518
53,6,0.05,0.9703947030350037
53,6,0.10,0.9917059155895657
53,6,0.15,0.9971829048239076
53,6,0.20,0.9968014769567677
53,6,0.25,0.9974172396156281
53,6,0.30,0.9972416561303369
53,6,0.35,0.9978021296749445
53,6,0.40,0.9980177895164009
53,6,0.45,0.9972282738684282
53,6,0.50,0.991520037405997
53,6,0.55,0.9978305008641595
53,6,0.60,0.9976697626457669
53,6,0.65,0.9952304082545997
53,6,0.70,0.9948226404409476
53,6,0.75,0.994474512924722
53,6,0.80,0.9969268852986902
53,6,0.85,0.9922458675484249
53,6,0.90,0.9982298554088294
53,6,0.95,0.9976584896890563
53,7,0.05,0.977546359668105
53,7,0.10,0.9881507040761343
53,7,0.15,0.9968437901030074
53,7,0.20,0.9923488620047889
53,7,0.25,0.99600690574644
53,7,0.30,0.9959988452323644
53,7,0.35,0.9980228411082874
53,7,0.40,0.9977889616329045
53,7,0.45,0.997698490718153
53,7,0.50,0.9982610414755158
53,7,0.55,0.9971111420965423
53,7,0.60,0.9949879015466787
53,7,0.65,0.9977169639853325
53,7,0.70,0.9934230557272805
53,7,0.75,0.9945380597252677
53,7,0.80,0.9944543468212218
53,7,0.85,0.9959862321768379
53,7,0.90,0.9950376165833568
53,7,0.95,0.9975983773502135
53,8,0.05,0.9785670680565491
53,8,0.10,0.9969700120312307
53,8,0.15,0.9945882356905917
53,8,0.20,0.9967496270806414
53,8,0.25,0.9954679927094006
53,8,0.30,0.9978866175094327
53,8,0.35,0.997062710713042
53,8,0.40,0.9978479150099971
53,8,0.45,0.9978834032585002
53,8,0.50,0.9940404836307888
53,8,0.55,0.9907558199929717
53,8,0.60,0.9948789999556767
53,8,0.65,0.9913463490889912
53,8,0.70,0.996340514117298
53,8,0.75,0.9911767864467353
53,8,0.80,0.9941112375107288
53,8,0.85,0.9958290753775886
53,8,0.90,0.9965543965443995
53,8,0.95,0.9960800611022801
53,9,0.05,0.9669007335568719
53,9,0.10,0.9894081022808953
53,9,0.15,0.9890881547234663
53,9,0.20,0.9948362565008579
53,9,0.25,0.9976277521811213
53,9,0.30,0.9975702309364018
53,9,0.35,0.9969167113334448
53,9,0.40,0.9974690241129954
53,9,0.45,0.9939266067082798
53,9,0.50,0.9950120726166565
53,9,0.55,0.9929019109734118
53,9,0.60,0.9981971047468671
53,9,0.65,0.9974866473090271
53,9,0.70,0.9975335353622548
53,9,0.75,0.9959419686511529
53,9,0.80,0.9980450927557817
53,9,0.85,0.9975889826001934
53,9,0.90,0.9943899397833342
53,9,0.95,0.9925008553466088
54,0,0.05,0.9696339307116534
54,0,0.10,0.9874323355212463
54,0,0.15,0.9938799426407451
54,0,0.20,0.9927270133227212
54,0,0.25,0.9968584841400706
54,0,0.30,0.9941909029713507
54,0,0.35,0.994498062226645
54,0,0.40,0.9894757707667954
54,0,0.45,0.9922232089973405
54,0,0.50,0.9979370983766875
54,0,0.55,0.9952797495654994
54,0,0.60,0.9957083910276885
54,0,0.65,0.995337717981071
54,0,0.70,0.9979330592527925
54,0,0.75,0.992524537826645
54,0,0.80,0.995703528279403
54,0,0.85,0.9982169615530196
54,0,0.90,0.9956523271604396
54,0,0.95,0.997640411634878
54,1,0.05,0.9817151783996595
54,1,0.10,0.9902682711056485
54,1,0.15,0.9978964094073933
54,1,0.20,0.9967879761136903
54,1,0.25,0.9944313086114555
54,1,0.30,0.9929733205936122
54,1,0.35,0.9948491828621314
54,1,0.40,0.9948261354085657
54,1,0.45,0.9953840040857187
54,1,0.50,0.9942578275727623
54,1,0.55,0.998113407526558
54,1,0.60,0.9974857411097964
54,1,0.65,0.9975370065567282
54,1,0.70,0.9978307846429411
54,1,0.75,0.9974238894022701
54,1,0.80,0.996607912221087
54,1,0.85,0.9980956736092101
54,1,0.90,0.9958029768038775
54,1,0.95,0.995567892475066
54,2,0.05,0.98052433205071
54,2,0.10,0.9890149854344562
54,2,0.15,0.9914335086063714
54,2,0.20,0.9940103158835268
54,2,0.25,0.9960659082184046
54,2,0.30,0.9953364577186115
54,2,0.35,0.9921819016910169
54,2,0.40,0.996920567878784
54,2,0.45,0.9942171382380105
54,2,0.50,0.992938446720711
54,2,0.55,0.9977052964360796
54,2,0.60,0.9979633284281106
54,2,0.65,0.9952600335724492
54,2,0.70,0.9974695499841738
54,2,0.75,0.9921006592445923
54,2,0.80,0.9976288310507804
54,2,0.85,0.9939505158236539
54,2,0.90,0.9917931091373552
54,2,0.95,0.9979766667335517
54,3,0.05,0.9731962507333696
54,3,0.10,0.9949193135294143
54,3,0.15,0.989685420497282
54,3,0.20,0.9955072592993349
54,3,0.25,0.9976537926166215
54,3,0.30,0.9934410352124146
54,3,0.35,0.9953576730464795
54,3,0.40,0.9932997970898849
54,3,0.45,0.9947514783921155
54,3,0.50,0.9946939381780325
54,3,0.55,0.9971741438622667
54,3,0.60,0.9923620634728398
54,3,0.65,0.9959895982961355
54,3,0.70,0.9941966152279688
54,3,0.75,0.997381474894236
54,3,0.80,0.9953964454704487
54,3,0.85,0.9979781462776846
54,3,0.90,0.9929616233361037
54,3,0.95,0.9922033615364878
54,4,0.05,0.9480354933512884
54,4,0.10,0.9932336842623127
54,4,0.15,0.9906737075524117
54,4,0.20,0.9954221958637713
54,4,0.25,0.9973933202203049
54,4,0.30,0.9971412168058212
54,4,0.35,0.9969799687428232
54,4,0.40,0.9916087922838533
54,4,0.45,0.9948749309323598
54,4,0.50,0.9960121876225627
54,4,0.55,0.9981407918812621
54,4,0.60,0.9954665634307461
54,4,0.65,0.9974856603686131
54,4,0.70,0.9985926091530528
54,4,0.75,0.9973228768010224
54,4,0.80,0.9984170637280726
54,4,0.85,0.9976377802009853
54,4,0.90,0.9955574728914932
54,4,0.95,0.9941108626821694
54,5,0.05,0.9685147731853209
54,5,0.10,0.983826948423183
54,5,0.15,0.9958154559413027
54,5,0.20,0.9909272655163283
54,5,0.25,0.990908147617278
54,5,0.30,0.9932847837716774
54,5,0.35,0.9975082596157896
54,5,0.40,0.9939921633317378
54,5,0.45,0.9973056481180086
54,5,0.50,0.9978147222652045
54,5,0.55,0.9975302788571392
54,5,0.60,0.9978708695561122
54,5,0.65,0.9979392643042757
54,5,0.70,0.9945606207601778
54,5,0.75,0.9962022726430758
54,5,0.80,0.9925920644125045
54,5,0.85,0.9954543526112216
54,5,0.90,0.9980549689732325
54,5,0.95,0.9973595293781495
54,6,0.05,0.9865425431941411
54,6,0.10,0.9922452745597471
54,6,0.15,0.993640822653149
54,6,0.20,0.9971547491503715
54,6,0.25,0.9965866324469316
54,6,0.30,0.996812053198497
54,6,0.35,0.9977396088570545
54,6,0.40,0.9958059906515784
54,6,0.45,0.9974590310890751
54,6,0.50,0.9978392739420952
54,6,0.55,0.9976383240273686
54,6,0.60,0.9937060371770683
54,6,0.65,0.9945720418703828
54,6,0.70,0.9949853210469942
54,6,0.75,0.9977750994134313
54,6,0.80,0.9980116851008816
54,6,0.85,0.9925836580350207
54,6,0.90,0.9932442767269709
54,6,0.95,0.9954525282884678
54,7,0.05,0.9662381165757158
54,7,0.10,0.9899736698988018
54,7,0.15,0.9942050826212427
54,7,0.20,0.9962368881887196
54,7,0.25,0.9975846745008745
54,7,0.30,0.9970021624122386
54,7,0.35,0.9938616568367041
54,7,0.40,0.9921506914964967
54,7,0.45,0.9972027589382318
54,7,0.50,0.9944532553781067
54,7,0.55,0.9975738995880105
54,7,0.60,0.9978410111484523
54,7,0.65,0.9980929369069467
54,7,0.70,0.9982728058920398
54,7,0.75,0.995568153698192
54,7,0.80,0.9974606078218345
54,7,0.85,0.9944866716346825
54,7,0.90,0.9948405450303208
54,7,0.95,0.9981013077334191
54,8,0.05,0.9808188110111802
54,8,0.10,0.9883797105141034
54,8,0.15,0.9924766497772499
54,8,0.20,0.9969973669295927
54,8,0.25,0.9936034170426657
54,8,0.30,0.9977699291653988
54,8,0.35,0.9971488301283085
54,8,0.40,0.9948655261546048
54,8,0.45,0.9968748334200022
54,8,0.50,0.997100795525788
54,8,0.55,0.9953127027327252
54,8,0.60,0.9974730036550442
54,8,0.65,0.9976923777809755
54,8,0.70,0.9981856344096466
54,8,0.75,0.9975493923995324
54,8,0.80,0.996204808804081
54,8,0.85,0.997442024267317
54,8,0.90,0.9957267576335928
54,8,0.95,0.9953535049508448
54,9,0.05,0.946028252146031
54,9,0.10,0.9941989310538288
54,9,0.15,0.9922235566057659
54,9,0.20,0.9917426196344531
54,9,0.25,0.997484538917515
54,9,0.30,0.9957796348348039
54,9,0.35,0.9976933607855402
54,9,0.40,0.9957141005684964
54,9,0.45,0.9955587773810667
54,9,0.50,0.9960028272792959
54,9,0.55,0.9925718456475852
54,9,0.60,0.9971848269657942
54,9,0.65,0.9948695018465161
54,9,0.70,0.9952046656987869
54,9,0.75,0.9914812612769582
54,9,0.80,0.9972450803426701
54,9,0.85,0.9917635966008206
54,9,0.90,0.99517543038642
54,9,0.95,0.9955551165893178
55,0,0.05,0.981319407785118
55,0,0.10,0.9902280772840146
55,0,0.15,0.9954300839697486
55,0,0.20,0.9969910895844042
55,0,0.25,0.9974050768032664
55,0,0.30,0.997975800911707
55,0,0.35,0.9959270751863635
55,0,0.40,0.9970883471180206
55,0,0.45,0.9969574995364554
55,0,0.50,0.9969197174941994
55,0,0.55,0.9945672886330805
55,0,0.60,0.9947597612505298
55,0,0.65,0.9910306607379505
55,0,0.70,0.9954558096534168
55,0,0.75,0.997021677737443
55,0,0.80,0.9941514442176913
55,0,0.85,0.9948072847610803
55,0,0.90,0.9972525676887002
55,0,0.95,0.9931211551509992
55,1,0.05,0.9885478973396329
55,1,0.10,0.9953300596686006
55,1,0.15,0.9966880062023019
55,1,0.20,0.9939671390553079
55,1,0.25,0.9981641985800896
55,1,0.30,0.991591382674816
55,1,0.35,0.9946010833364607
55,1,0.40,0.9965380873429952
55,1,0.45,0.9976427327870373
55,1,0.50,0.9953386116548105
55,1,0.55,0.9958896244799371
55,1,0.60,0.9973067447208257
55,1,0.65,0.9974029673888375
55,1,0.70,0.9976062159810056
55,1,0.75,0.9954665981145372
55,1,0.80,0.9955389941951013
55,1,0.85,0.9953684648502859
55,1,0.90,0.9931662715465919
55,1,0.95,0.9921031283147228
55,2,0.05,0.9808797913123276
55,2,0.10,0.9908365960096557
55,2,0.15,0.9964183457360675
55,2,0.20,0.997218741407356
55,2,0.25,0.9972173699814363
55,2,0.30,0.9945589859902589
55,2,0.35,0.9974367161131538
55,2,0.40,0.9967804843762783
55,2,0.45,0.9959146487785162
55,2,0.50,0.9947913377831358
55,2,0.55,0.9948173896284865
55,2,0.60,0.9949744559279498
55,2,0.65,0.9949800072399462
55,2,0.70,0.9908740313175071
55,2,0.75,0.9925009347720694
55,2,0.80,0.9931041914759551
55,2,0.85,0.9937575139846175
55,2,0.90,0.9980350516203226
55,2,0.95,0.9978093795876941
55,3,0.05,0.9741567336866707
55,3,0.10,0.9955174280319181
55,3,0.15,0.9949095186591247
55,3,0.20,0.997082603761637
55,3,0.25,0.9975929836498936
55,3,0.30,0.9927221713977991
55,3,0.35,0.9949568332885991
55,3,0.40,0.9976600745769241
55,3,0.45,0.9965650465237014
55,3,0.50,0.9968567664290291
55,3,0.55,0.9969627134748477
55,3,0.60,0.991715063943974
55,3,0.65,0.9969315361346274
55,3,0.70,0.9938028219288705
55,3,0.75,0.9948758264674289
55,3,0.80,0.9959118909104706
55,3,0.85,0.9979983325346736
55,3,0.90,0.9959620071629363
55,3,0.95,0.9921363710845768
55,4,0.05,0.9630237408116867
55,4,0.10,0.9901293163708156
55,4,0.15,0.9933382481771537
55,4,0.20,0.994883745630166
55,4,0.25,0.9941176334137893
55,4,0.30,0.9977500411507122
55,4,0.35,0.9946688504623659
55,4,0.40,0.9973024648044327
55,4,0.45,0.9981547021874468
55,4,0.50,0.9946803070884416
55,4,0.55,0.9946740340053706
55,4,0.60,0.9974369026467607
55,4,0.65,0.9902871834765418
55,4,0.70,0.9941098466297118
55,4,0.75,0.9957019062951418
55,4,0.80,0.9917637549728704
55,4,0.85,0.9922179561754325
55,4,0.90,0.9982227981044637
55,4,0.95,0.9949246597097986
55,5,0.05,0.9486892326830999
55,5,0.10,0.9873276082526644
55,5,0.15,0.9964333687222207
55,5,0.20,0.996976363844538
55,5,0.25,0.9977619199083754
55,5,0.30,0.9982784129817953
55,5,0.35,0.9918728393062368
55,5,0.40,0.9980846919056068
55,5,0.45,0.9943924716101306
55,5,0.50,0.9951894462211175
55,5,0.55,0.9972353083350447
55,5,0.60,0.9973815362563392
55,5,0.65,0.9977733999430743
55,5,0.70,0.9951453398966769
55,5,0.75,0.9913195753392496
55,5,0.80,0.9958912877645982
55,5,0.85,0.9973218177680462
55,5,0.90,0.9944369378621079
55,5,0.95,0.9973262303531883
55,6,0.05,0.9727926068613453
55,6,0.10,0.9918270684233882
55,6,0.15,0.9915803943400401
55,6,0.20,0.9944200062092678
55,6,0.25,0.9961142987847571
55,6,0.30,0.9951399014682198
55,6,0.35,0.9941143702275789
55,6,0.40,0.9960376390226331
55,6,0.45,0.9952538191941699
55,6,0.50,0.992026524089288
55,6,0.55,0.9945760930187622
55,6,0.60,0.9964386911821711
55,6,0.65,0.9951772985108174
55,6,0.70,0.9940387432735963
55,6,0.75,0.9957578589091024
55,6,0.80,0.9951686529801228
55,6,0.85,0.9929663205955174
55,6,0.90,0.9920084695896891
55,6,0.95,0.9973369460261775
55,7,0.05,0.9853374154972282
55,7,0.10,0.993695861921146
55,7,0.15,0.9945678312416562
55,7,0.20,0.9958558433068917
55,7,0.25,0.9976331435062458
55,7,0.30,0.9974783702836866
55,7,0.35,0.9971300959489684
55,7,0.40,0.9945585694645135
55,7,0.45,0.9968341672034021
55,7,0.50,0.9935122251445465
55,7,0.55,0.9978213598256273
55,7,0.60,0.9920665156247157
55,7,0.65,0.9977980127285493
55,7,0.70,0.9974879129254307
55,7,0.75,0.9950461448233219
55,7,0.80,0.9932386836143807
55,7,0.85,0.992874200455685
55,7,0.90,0.998037010576931
55,7,0.95,0.9978048984181427
55,8,0.05,0.9650506540270878
55,8,0.10,0.9930683587719144
55,8,0.15,0.9951873983520035
55,8,0.20,0.9968235559815382
55,8,0.25,0.991046115393279
55,8,0.30,0.996803564124599
55,8,0.35,0.9970562194876692
55,8,0.40,0.9964240242660992
55,8,0.45,0.9917377065559925
55,8,0.50,0.991264506737297
55,8,0.55,0.9968887108933062
55,8,0.60,0.9981747197462448
55,8,0.65,0.9952446309750396
55,8,0.70,0.9980478194617501
55,8,0.75,0.9951273842203079
55,8,0.80,0.9974559606131754
55,8,0.85,0.9950366153451231
55,8,0.90,0.9955317992666886
55,8,0.95,0.994928807617316
55,9,0.05,0.9236508898458081
55,9,0.10,0.9946259935212778
55,9,0.15,0.9901324821284099
55,9,0.20,0.9973170670722331
55,9,0.25,0.9939308650245895
55,9,0.30,0.9948977849758308
55,9,0.35,0.9937532993053282
55,9,0.40,0.9971723657961281
55,9,0.45,0.9977493111208233
55,9,0.50,0.9904272532633904
55,9,0.55,0.9939079305285237
55,9,0.60,0.9979140236013117
55,9,0.65,0.9968991798793917
55,9,0.70,0.997580732061995
55,9,0.75,0.9947508788917201
55,9,0.80,0.9972376616367054
55,9,0.85,0.9926406002448357
55,9,0.90,0.9958623853915228
55,9,0.95,0.9979532716020728
56,0,0.05,0.9782899176773134
56,0,0.10,0.9952261527026702
56,0,0.15,0.9938971697195531
56,0,0.20,0.9915060932913237
56,0,0.25,0.9967968934234365
56,0,0.30,0.997098989449768
56,0,0.35,0.9952576283714254
56,0,0.40,0.9972547498658688
56,0,0.45,0.9973131397387762
56,0,0.50,0.997529115499375
56,0,0.55,0.9976760518165059
56,0,0.60,0.9965521025813382
56,0,0.65,0.9979763625524258
56,0,0.70,0.9960083723373235
56,0,0.75,0.9948736355989872
56,0,0.80,0.9981339001196018
56,0,0.85,0.9978558697524436
56,0,0.90,0.9961480505840036
56,0,0.95,0.9978458286705916
56,1,0.05,0.9844334592039526
56,1,0.10,0.9946185825518796
56,1,0.15,0.9920371999888162
56,1,0.20,0.9964560900240653
56,1,0.25,0.9956025521451999
56,1,0.30,0.9961640841519395
56,1,0.35,0.9975644876822675
56,1,0.40,0.9955463471216507
56,1,0.45,0.997938761147023
56,1,0.50,0.9975058505551029
56,1,0.55,0.9978674571162547
56,1,0.60,0.9959181537212404
56,1,0.65,0.9963825712438521
56,1,0.70,0.997644739081653
56,1,0.75,0.9980697104253841
56,1,0.80,0.9943836948483896
56,1,0.85,0.9916516991463882
56,1,0.90,0.9943396420284979
56,1,0.95,0.9955967640289402
56,2,0.05,0.9884998838636982
56,2,0.10,0.9945044390660375
56,2,0.15,0.9950871583987513
56,2,0.20,0.9973065662167729
56,2,0.25,0.9985083637432124
56,2,0.30,0.987851655523546
56,2,0.35,0.9943290197175371
56,2,0.40,0.997449633060517
56,2,0.45,0.9975000678796827
56,2,0.50,0.9933226627624555
56,2,0.55,0.9950556222971741
56,2,0.60,0.9947181580238662
56,2,0.65,0.9929814001702145
56,2,0.70,0.9980143397770267
56,2,0.75,0.9958592026356229
56,2,0.80,0.9950512400648914
56,2,0.85,0.9962920729098907
56,2,0.90,0.9980138672624326
56,2,0.95,0.9955993059580108
56,3,0.05,0.9846450999364662
56,3,0.10,0.9941629118434107
56,3,0.15,0.9976018277431034
56,3,0.20,0.9953429592191704
56,3,0.25,0.998369781038507
56,3,0.30,0.9953944415356546
56,3,0.35,0.9983779695243924
56,3,0.40,0.9973644488781545
56,3,0.45,0.9977313036972772
56,3,0.50,0.9986601510415918
56,3,0.55,0.9977139604867323
56,3,0.60,0.9966087061751546
56,3,0.65,0.9974869620442147
56,3,0.70,0.9973855443132399
56,3,0.75,0.995648854261583
56,3,0.80,0.9956100548665024
56,3,0.85,0.9958366202127769
56,3,0.90,0.9947561878750123
56,3,0.95,0.9981653841290881
56,4,0.05,0.9874717553888609
56,4,0.10,0.9951749419853289
56,4,0.15,0.9951908458276387
56,4,0.20,0.9955176798113673
56,4,0.25,0.9972940786687889
56,4,0.30,0.9982104305868468
56,4,0.35,0.9977745049242923
56,4,0.40,0.9975211835396455
56,4,0.45,0.9917556972333498
56,4,0.50,0.9929363365337206
56,4,0.55,0.9976387344763412
56,4,0.60,0.9971170986566891
56,4,0.65,0.9907855824280843
56,4,0.70,0.9974375272225798
56,4,0.75,0.9940906565744315
56,4,0.80,0.997169369690708
56,4,0.85,0.9959849329049691
56,4,0.90,0.9957787150600871
56,4,0.95,0.992265284606818
56,5,0.05,0.8187987492333482
56,5,0.10,0.9968410640612443
56,5,0.15,0.9976568263235688
56,5,0.20,0.9950665060566788
56,5,0.25,0.9982801678291781
56,5,0.30,0.9951096659467539
56,5,0.35,0.9952987102221748
56,5,0.40,0.9976676644563885
56,5,0.45,0.9969128397723833
56,5,0.50,0.9981121998636702
56,5,0.55,0.9979366038286812
56,5,0.60,0.9976283543583432
56,5,0.65,0.9927978480290853
56,5,0.70,0.9976821889629025
56,5,0.75,0.9974620064134039
56,5,0.80,0.9976269932761447
56,5,0.85,0.9977760188748734
56,5,0.90,0.9956270922177802
56,5,0.95,0.9980441941485678
56,6,0.05,0.9887247933771075
56,6,0.10,0.9901830424837322
56,6,0.15,0.9949194928622395
56,6,0.20,0.997636214264701
56,6,0.25,0.9950361817431332
56,6,0.30,0.9964366188950247
56,6,0.35,0.995448693084375
56,6,0.40,0.997811731885511
56,6,0.45,0.9955027843166254
56,6,0.50,0.9977540945172315
56,6,0.55,0.9971901404803842
56,6,0.60,0.9954221845758162
56,6,0.65,0.9925091336929962
56,6,0.70,0.9949547178308263
56,6,0.75,0.9954197054593694
56,6,0.80,0.9948304938820216
56,6,0.85,0.9946271333359232
56,6,0.90,0.9955388532242009
56,6,0.95,0.9952332600578856
56,7,0.05,0.9846578191457608
56,7,0.10,0.9943048428716946
56,7,0.15,0.9958849007622904
56,7,0.20,0.9971295661926759
56,7,0.25,0.9945589281932479
56,7,0.30,0.9977923007065257
56,7,0.35,0.9973851009628599
56,7,0.40,0.9928094700113923
56,7,0.45,0.9934099490007613
56,7,0.50,0.9983209468105366
56,7,0.55,0.9957178576428909
56,7,0.60,0.9978608007614841
56,7,0.65,0.9921972981777405
56,7,0.70,0.9977883420068203
56,7,0.75,0.9979651413108194
56,7,0.80,0.9949891312533604
56,7,0.85,0.9957108062827731
56,7,0.90,0.9936926204940337
56,7,0.95,0.9903161113090103
56,8,0.05,0.9905531748063395
56,8,0.10,0.9944040757045843
56,8,0.15,0.996121861225181
56,8,0.20,0.9959409315342627
56,8,0.25,0.9947020089703392
56,8,0.30,0.9942245310001223
56,8,0.35,0.9975805815029898
56,8,0.40,0.9971751982485386
56,8,0.45,0.9974472537049229
56,8,0.50,0.9978195262545837
56,8,0.55,0.998275718532573
56,8,0.60,0.997675908446267
56,8,0.65,0.9922926200293173
56,8,0.70,0.9958588509121772
56,8,0.75,0.9920807421616366
56,8,0.80,0.9980379351807883
56,8,0.85,0.9958956055860289
56,8,0.90,0.9919914700701777
56,8,0.95,0.9980915096316765
56,9,0.05,0.9844273407224728
56,9,0.10,0.9954647497331732
56,9,0.15,0.9953603107405488
56,9,0.20,0.997699680950514
56,9,0.25,0.9974568855125732
56,9,0.30,0.9978654139714236
56,9,0.35,0.9976904112582624
56,9,0.40,0.9980363498365123
56,9,0.45,0.9980487246579364
56,9,0.50,0.9951275012005877
56,9,0.55,0.9929245868728379
56,9,0.60,0.9958395671450341
56,9,0.65,0.9942333595644186
56,9,0.70,0.9951603124021497
56,9,0.75,0.9974904354242572
56,9,0.80,0.9909190053290721
56,9,0.85,0.9928562053078143
56,9,0.90,0.9914252082460455
56,9,0.95,0.9955154698360463
57,0,0.05,0.8684388486337369
57,0,0.10,0.9926966964234927
57,0,0.15,0.9980197499559685
57,0,0.20,0.9910179494910132
57,0,0.25,0.9969195897369311
57,0,0.30,0.9893638548478247
57,0,0.35,0.9976610806895235
57,0,0.40,0.9975751943862557
57,0,0.45,0.9968998294590089
57,0,0.50,0.9944038433182318
57,0,0.55,0.9938392473876961
57,0,0.60,0.9976230017468949
57,0,0.65,0.9974132631303715
57,0,0.70,0.9957527007711385
57,0,0.75,0.9978494072538757
57,0,0.80,0.9953390406098198
57,0,0.85,0.9977269073532178
57,0,0.90,0.9970598118351031
57,0,0.95,0.9956217232174592
57,1,0.05,0.980804958625014
57,1,0.10,0.9923459355093484
57,1,0.15,0.9961145616186643
57,1,0.20,0.9948457272584005
57,1,0.25,0.9925992992436421
57,1,0.30,0.9928943104729487
57,1,0.35,0.9977049821943631
57,1,0.40,0.9951937968185305
57,1,0.45,0.9980731566823733
57,1,0.50,0.9951000173989664
57,1,0.55,0.9924335487138078
57,1,0.60,0.995030750397347
57,1,0.65,0.9916973819472065
57,1,0.70,0.9981848723691864
57,1,0.75,0.9955114061335196
57,1,0.80,0.9955221667909634
57,1,0.85,0.9976823075238451
57,1,0.90,0.9947440134636168
57,1,0.95,0.9975803867651678
57,2,0.05,0.8095868908117057
57,2,0.10,0.9913686384889738
57,2,0.15,0.9934373685576441
57,2,0.20,0.9911434843564365
57,2,0.25,0.9959727698192846
57,2,0.30,0.994679601792094
57,2,0.35,0.9966521169584577
57,2,0.40,0.9969866024394896
57,2,0.45,0.9976547684670262
57,2,0.50,0.9920678193042779
57,2,0.55,0.9955732066943349
57,2,0.60,0.9921255646071122
57,2,0.65,0.9952777751437575
57,2,0.70,0.9980221904667198
57,2,0.75,0.99817948457498
57,2,0.80,0.9976985132528388
57,2,0.85,0.9959821275546227
57,2,0.90,0.9919764449789201
57,2,0.95,0.9979348348066742
57,3,0.05,0.9747259715265715
57,3,0.10,0.9906150875834252
57,3,0.15,0.9968531174164655
57,3,0.20,0.9966444734893481
57,3,0.25,0.9931164174383397
57,3,0.30,0.9948676839744983
57,3,0.35,0.9950392478830992
57,3,0.40,0.9968548072083759
57,3,0.45,0.9954216111829165
57,3,0.50,0.9948313044149457
57,3,0.55,0.9959154940254689
57,3,0.60,0.99751077682475
57,3,0.65,0.9958554846650164
57,3,0.70,0.9949485819235179
57,3,0.75,0.9961122721726063
57,3,0.80,0.9953449526498058
57,3,0.85,0.9980247914992624
57,3,0.90,0.9972298613143519
57,3,0.95,0.9941900228768751
57,4,0.05,0.9002621680374777
57,4,0.10,0.98980216900112
57,4,0.15,0.9952663240432889
57,4,0.20,0.9938358295615173
57,4,0.25,0.9889831728512789
57,4,0.30,0.996838838005252
57,4,0.35,0.9912277489035539
57,4,0.40,0.9979659212775857
57,4,0.45,0.9977256982615188
57,4,0.50,0.9976784911965071
57,4,0.55,0.99273912819597
57,4,0.60,0.9977755602062374
57,4,0.65,0.9977012914488701
57,4,0.70,0.9973813357742558
57,4,0.75,0.9964150265086962
57,4,0.80,0.9981530401826014
57,4,0.85,0.9950797340267651
57,4,0.90,0.9957632038359012
57,4,0.95,0.9974970130394147
57,5,0.05,0.9602989388163902
57,5,0.10,0.9973631414832265
57,5,0.15,0.9969841616495837
57,5,0.20,0.9929574291819544
57,5,0.25,0.9944596463884974
57,5,0.30,0.9961062816380621
57,5,0.35,0.9962595887423413
57,5,0.40,0.9978749790505997
57,5,0.45,0.9973574314038626
57,5,0.50,0.9977831677621354
57,5,0.55,0.9908834084208091
57,5,0.60,0.997680918934601
57,5,0.65,0.9978360395099446
57,5,0.70,0.9976395971963796
57,5,0.75,0.9959423002127494
57,5,0.80,0.997618317494735
57,5,0.85,0.9932172353365699
57,5,0.90,0.9956080097043587
57,5,0.95,0.9981824019683427
57,6,0.05,0.941335944698118
57,6,0.10,0.9883998765816803
57,6,0.15,0.9943982881331351
57,6,0.20,0.9925910525031592
57,6,0.25,0.9968842487616016
57,6,0.30,0.9941125575202757
57,6,0.35,0.9977179307313528
57,6,0.40,0.9929442156243308
57,6,0.45,0.9963840556638024
57,6,0.50,0.990821911816036
57,6,0.55,0.998003832182233
57,6,0.60,0.9975143524693041
57,6,0.65,0.9958826696929357
57,6,0.70,0.9917336527389348
57,6,0.75,0.9977906821981843
57,6,0.80,0.995397976060988
57,6,0.85,0.9960090240087112
57,6,0.90,0.9945689058616789
57,6,0.95,0.9976226791607321
57,7,0.05,0.9851713008153411
57,7,0.10,0.9970063203324946
57,7,0.15,0.9944110815031073
57,7,0.20,0.9976238812891537
57,7,0.25,0.9971723519499803
57,7,0.30,0.9945575858793354
57,7,0.35,0.9971235070418596
57,7,0.40,0.9977700259325982
57,7,0.45,0.9969831672642192
57,7,0.50,0.9973640024751945
57,7,0.55,0.997737171595913
57,7,0.60,0.9978452345733861
57,7,0.65,0.9948557300382058
57,7,0.70,0.9979155915095346
57,7,0.75,0.994985305157577
57,7,0.80,0.9982723478358059
57,7,0.85,0.9963411265730135
57,7,0.90,0.9957447559537391
57,7,0.95,0.9955353819709819
57,8,0.05,0.9788288123001654
57,8,0.10,0.9899457125004356
57,8,0.15,0.9973045824674912
57,8,0.20,0.9919975072157972
57,8,0.25,0.9934336471248933
57,8,0.30,0.9969074034190595
57,8,0.35,0.9973575170785856
57,8,0.40,0.9940090611070297
57,8,0.45,0.9976554922728004
57,8,0.50,0.9953700641577768
57,8,0.55,0.9973860385867979
57,8,0.60,0.9978600448191012
57,8,0.65,0.9943098491129152
57,8,0.70,0.9975818629707026
57,8,0.75,0.994142114346553
57,8,0.80,0.9945820388586365
57,8,0.85,0.9976207937160699
57,8,0.90,0.9980046549057462
57,8,0.95,0.995789386227211
57,9,0.05,0.9784334076990553
57,9,0.10,0.9905044281760059
57,9,0.15,0.9904216499159121
57,9,0.20,0.9980741729298316
57,9,0.25,0.9949092492442574
57,9,0.30,0.9947176401208435
57,9,0.35,0.9975878088583789
57,9,0.40,0.9972560246341501
57,9,0.45,0.996630414103802
57,9,0.50,0.9972529250778003
57,9,0.55,0.9946570946698935
57,9,0.60,0.9929137507298641
57,9,0.65,0.996027595635463
57,9,0.70,0.9944267262206634
57,9,0.75,0.9962120463909402
57,9,0.80,0.9974923011288229
57,9,0.85,0.9956603251944856
57,9,0.90,0.9971814658400621
57,9,0.95,0.9975500555115977
58,0,0.05,0.9748970560700759
58,0,0.10,0.9948788914266483
58,0,0.15,0.9930910247788342
58,0,0.20,0.9940437054318988
58,0,0.25,0.9973198979197314
58,0,0.30,0.9979680160926758
58,0,0.35,0.9976930796103228
58,0,0.40,0.9975820977033915
58,0,0.45,0.9974759995004192
58,0,0.50,0.9973142581289205
58,0,0.55,0.9958374705269508
58,0,0.60,0.9954249401375144
58,0,0.65,0.9976611172028568
58,0,0.70,0.9962083050364601
58,0,0.75,0.9957199034380919
58,0,0.80,0.9926712749622398
58,0,0.85,0.9976382528872154
58,0,0.90,0.9953960887991676
58,0,0.95,0.9933711235455289
58,1,0.05,0.9774708216363392
58,1,0.10,0.9952841584442483
58,1,0.15,0.996941663265449
58,1,0.20,0.9950859234577885
58,1,0.25,0.9903895840118407
58,1,0.30,0.9977774357476732
58,1,0.35,0.9973305738653581
58,1,0.40,0.9935023952224457
58,1,0.45,0.9949443306391244
58,1,0.50,0.9978170555778388
58,1,0.55,0.9973663190731373
58,1,0.60,0.9957033839648582
58,1,0.65,0.9926016208417371
58,1,0.70,0.9962814742280671
58,1,0.75,0.9957726269156707
58,1,0.80,0.9976532516014756
58,1,0.85,0.9976813841158395
58,1,0.90,0.9929964083628453
58,1,0.95,0.9937637220914524
58,2,0.05,0.9739769970168014
58,2,0.10,0.9941937633362635
58,2,0.15,0.9943750988832065
58,2,0.20,0.9975525388938141
58,2,0.25,0.9954603056625194
58,2,0.30,0.9964036184258347
58,2,0.35,0.9965504666082999
58,2,0.40,0.9967616103010636
58,2,0.45,0.9977326312092294
58,2,0.50,0.9978824437544177
58,2,0.55,0.9981140703286987
58,2,0.60,0.9978388298059395
58,2,0.65,0.9971261719744255
58,2,0.70,0.9963748354815041
58,2,0.75,0.996043852622625
58,2,0.80,0.9948899531478334
58,2,0.85,0.9973682612290377
58,2,0.90,0.9974626018933593
58,2,0.95,0.9929449130446851
58,3,0.05,0.9910604654452142
58,3,0.10,0.9937382689299226
58,3,0.15,0.9951551667839159
58,3,0.20,0.9909455282993713
58,3,0.25,0.9942314293980169
58,3,0.30,0.9967838294450467
58,3,0.35,0.9958020231551339
58,3,0.40,0.9971951066658311
58,3,0.45,0.9972030076195446
58,3,0.50,0.9980320363525202
58,3,0.55,0.9958131125299767
58,3,0.60,0.9955356751881492
58,3,0.65,0.9958364651620083
58,3,0.70,0.9977432156669417
58,3,0.75,0.9958252542781528
58,3,0.80,0.9944657657655426
58,3,0.85,0.9958971408235416
58,3,0.90,0.9952678771093897
58,3,0.95,0.9958631703557946
58,4,0.05,0.9585764002521611
58,4,0.10,0.9933539269231186
58,4,0.15,0.9975188699852401
58,4,0.20,0.995460002727721
58,4,0.25,0.9964066371337743
58,4,0.30,0.9970842559653745
58,4,0.35,0.9974659235264601
58,4,0.40,0.997191207217824
58,4,0.45,0.9977857146362978
58,4,0.50,0.9980318925215661
58,4,0.55,0.9968561308223801
58,4,0.60,0.9981026523090103
58,4,0.65,0.9975088639962304
58,4,0.70,0.9955029201235315
58,4,0.75,0.9966695961597655
58,4,0.80,0.9972885334829011
58,4,0.85,0.9973374056993319
58,4,0.90,0.9963587277534255
58,4,0.95,0.9978401362942604
58,5,0.05,0.9834929879748548
58,5,0.10,0.9965376964739021
58,5,0.15,0.9965717613011926
58,5,0.20,0.9953787939591122
58,5,0.25,0.99732858511369
58,5,0.30,0.993689696897454
58,5,0.35,0.9950928513245099
58,5,0.40,0.9930797637641492
58,5,0.45,0.99622472661144
58,5,0.50,0.99339038782206
58,5,0.55,0.9978748880873505
58,5,0.60,0.9981715775365739
58,5,0.65,0.9975231627220321
58,5,0.70,0.9945951864569404
58,5,0.75,0.9978982154174448
58,5,0.80,0.9955643594466546
58,5,0.85,0.9981297642510993
58,5,0.90,0.9973038632935459
58,5,0.95,0.9941728343307809
58,6,0.05,0.9737112562124144
58,6,0.10,0.9923834460191545
58,6,0.15,0.9951814823654995
58,6,0.20,0.9952573478639183
58,6,0.25,0.9962040884963217
58,6,0.30,0.9978567303486263
58,6,0.35,0.9960557622033352
58,6,0.40,0.9947293643680952
58,6,0.45,0.9971795625970711
58,6,0.50,0.9975732324749919
58,6,0.55,0.9956702232088649
58,6,0.60,0.9978700683377497
58,6,0.65,0.996307998560546
58,6,0.70,0.9953159832003128
58,6,0.75,0.99672733157692
58,6,0.80,0.9977082532852171
58,6,0.85,0.9940245934708605
58,6,0.90,0.9978373800914505
58,6,0.95,0.9984900642460919
58,7,0.05,0.9654261229590047
58,7,0.10,0.9953119165869612
58,7,0.15,0.9966842028598514
58,7,0.20,0.9945215528664765
58,7,0.25,0.9966217186070505
58,7,0.30,0.9983058756148472
58,7,0.35,0.9983395833778173
58,7,0.40,0.9939892901938879
58,7,0.45,0.9981283846553232
58,7,0.50,0.998062956348626
58,7,0.55,0.9927464942375225
58,7,0.60,0.9947183225553948
58,7,0.65,0.9970532744438014
58,7,0.70,0.9935681917335685
58,7,0.75,0.9926765662051499
58,7,0.80,0.9979719987254201
58,7,0.85,0.9927893372702684
58,7,0.90,0.9976811866136545
58,7,0.95,0.9958110264144672
58,8,0.05,0.9796889607473409
58,8,0.10,0.9850999158320439
58,8,0.15,0.9941920722770752
58,8,0.20,0.997115764459971
58,8,0.25,0.9969114734482237
58,8,0.30,0.9950938641495346
58,8,0.35,0.9951069859319779
58,8,0.40,0.9939245595252675
58,8,0.45,0.9951912488479862
58,8,0.50,0.9969664030423775
58,8,0.55,0.9947632787013327
58,8,0.60,0.9936178647787587
58,8,0.65,0.9975344404256778
58,8,0.70,0.9976193021988156
58,8,0.75,0.9957906680814187
58,8,0.80,0.9941913334457811
58,8,0.85,0.9981665386283548
58,8,0.90,0.9978037815663325
58,8,0.95,0.9952931376019777
58,9,0.05,0.9762639601703214
58,9,0.10,0.9972555750388806
58,9,0.15,0.9946672061538143
58,9,0.20,0.9955130791475844
58,9,0.25,0.9861425277431107
58,9,0.30,0.9978766441284437
58,9,0.35,0.9958096934585122
58,9,0.40,0.9973644338384494
58,9,0.45,0.9975462941960035
58,9,0.50,0.9983544761606276
58,9,0.55,0.9928575070579778
58,9,0.60,0.995640484738006
58,9,0.65,0.9960533585174564
58,9,0.70,0.9957090070308915
58,9,0.75,0.9928839511498758
58,9,0.80,0.9961887697709653
58,9,0.85,0.9959119620003689
58,9,0.90,0.9951368382471482
58,9,0.95,0.9951327628230607
59,0,0.05,0.9453610608488006
59,0,0.10,0.9930298541569952
59,0,0.15,0.9952412643582209
59,0,0.20,0.997217617353443
59,0,0.25,0.9933403403760708
59,0,0.30,0.9955945171226201
59,0,0.35,0.995020994746971
59,0,0.40,0.9973338390926318
59,0,0.45,0.994979345763422
59,0,0.50,0.997175049464238
59,0,0.55,0.9955027741706711
59,0,0.60,0.995433040192161
59,0,0.65,0.9959732374643613
59,0,0.70,0.9980723280113091
59,0,0.75,0.9974941762075248
59,0,0.80,0.9953996128993929
59,0,0.85,0.997728141338111
59,0,0.90,0.9930683164009843
59,0,0.95,0.997826613454543
59,1,0.05,0.9440713784925051
59,1,0.10,0.9801579457255449
59,1,0.15,0.9835929618232324
59,1,0.20,0.9926194344730881
59,1,0.25,0.9949831718718648
59,1,0.30,0.9971740847462918
59,1,0.35,0.9950501783285655
59,1,0.40,0.9977252856089998
59,1,0.45,0.9978551944493804
59,1,0.50,0.9888261313979547
59,1,0.55,0.9974923076876268
59,1,0.60,0.996027127327971
59,1,0.65,0.9946700021387609
59,1,0.70,0.9975586657955211
59,1,0.75,0.9953150142255021
59,1,0.80,0.9909238360168634
59,1,0.85,0.9949950581649502
59,1,0.90,0.998152201512598
59,1,0.95,0.994555964551924
59,2,0.05,0.9809100691458374
59,2,0.10,0.9829792089376724
59,2,0.15,0.9901891925285075
59,2,0.20,0.9977942642932083
59,2,0.25,0.9938506647820401
59,2,0.30,0.9961340595593058
59,2,0.35,0.9953787237008566
59,2,0.40,0.9977954843489283
59,2,0.45,0.9945406966743368
59,2,0.50,0.9948105415828781
59,2,0.55,0.9949752185860797
59,2,0.60,0.9952897070388522
59,2,0.65,0.9950767400822336
59,2,0.70,0.9950274588230438
59,2,0.75,0.9969160989015813
59,2,0.80,0.9927174187472269
59,2,0.85,0.9958573365955745
59,2,0.90,0.9917839989990243
59,2,0.95,0.9948747542280906
59,3,0.05,0.963858501878637
59,3,0.10,0.98008937142635
59,3,0.15,0.9915373709874208
59,3,0.20,0.9977379154305597
59,3,0.25,0.9959432876198089
59,3,0.30,0.9959424930290175
59,3,0.35,0.9950381724960439
59,3,0.40,0.9975111821380976
59,3,0.45,0.9943798363934729
59,3,0.50,0.996090726034725
59,3,0.55,0.9973378293340757
59,3,0.60,0.9977703064479222
59,3,0.65,0.9906115283677208
59,3,0.70,0.9974545556427818
59,3,0.75,0.988937194109234
59,3,0.80,0.9973051504262067
59,3,0.85,0.9954258960261414
59,3,0.90,0.9919160239341347
59,3,0.95,0.9957685605129997
59,4,0.05,0.9531508654578403
59,4,0.10,0.9946030484531612
59,4,0.15,0.9962304778622179
59,4,0.20,0.9960245490262746
59,4,0.25,0.9900672015372989
59,4,0.30,0.9936426103901976
59,4,0.35,0.9946014699143346
59,4,0.40,0.9957697251939223
59,4,0.45,0.9908367856295502
59,4,0.50,0.9973252743013372
59,4,0.55,0.9956518864750087
59,4,0.60,0.9939867940286372
59,4,0.65,0.9954185301940804
59,4,0.70,0.9973382368073165
59,4,0.75,0.9978354744952722
59,4,0.80,0.997257057798852
59,4,0.85,0.997655680094874
59,4,0.90,0.9951908229784743
59,4,0.95,0.9953375496477669
59,5,0.05,0.9252388393381983
59,5,0.10,0.9906368602508078
59,5,0.15,0.9950738198583752
59,5,0.20,0.9964491188612643
59,5,0.25,0.9967033403242715
59,5,0.30,0.9942867164160493
59,5,0.35,0.9963203934363737
59,5,0.40,0.9957519783556421
59,5,0.45,0.9976881207602267
59,5,0.50,0.9974638414447629
59,5,0.55,0.9951447187478487
59,5,0.60,0.9951628468146982
59,5,0.65,0.9956406732771214
59,5,0.70,0.9969660660681825
59,5,0.75,0.9968217298320123
59,5,0.80,0.9912383713819999
59,5,0.85,0.995721544792916
59,5,0.90,0.9913528751872958
59,5,0.95,0.9976672846891509
59,6,0.05,0.9423121451250623
59,6,0.10,0.9941058606918449
59,6,0.15,0.994742832580855
59,6,0.20,0.9968266772018226
59,6,0.25,0.9967259284424643
59,6,0.30,0.9969235341356381
59,6,0.35,0.9961453197454597
59,6,0.40,0.9973387487571578
59,6,0.45,0.9943615253741654
59,6,0.50,0.9949611814863754
59,6,0.55,0.995452948097695
59,6,0.60,0.9951334259502727
59,6,0.65,0.9974825251454409
59,6,0.70,0.9978148539614682
59,6,0.75,0.9945488650345697
59,6,0.80,0.9937068585290063
59,6,0.85,0.9920537509762329
59,6,0.90,0.9958705075517417
59,6,0.95,0.9957620274110829
59,7,0.05,0.9900542699351675
59,7,0.10,0.9896382893701472
59,7,0.15,0.9890287618417865
59,7,0.20,0.9946997721131391
59,7,0.25,0.9935753063119855
59,7,0.30,0.9973021754184734
59,7,0.35,0.994736269567335
59,7,0.40,0.9972161722249291
59,7,0.45,0.9976492736068729
59,7,0.50,0.9976519489792496
59,7,0.55,0.9948730846370007
59,7,0.60,0.9952081618997007
59,7,0.65,0.9934855761429784
59,7,0.70,0.9953717778618347
59,7,0.75,0.9974333509165295
59,7,0.80,0.9980080554786336
59,7,0.85,0.9921796498761383
59,7,0.90,0.9926335822144962
59,7,0.95,0.9964389202438299
59,8,0.05,0.9719200746415486
59,8,0.10,0.9737765155743499
59,8,0.15,0.9885526529226882
59,8,0.20,0.994274383804534
59,8,0.25,0.9965273321829201
59,8,0.30,0.9977880695049794
59,8,0.35,0.9973438084175656
59,8,0.40,0.9956633936035979
59,8,0.45,0.9956075944577745
59,8,0.50,0.9944463500628333
59,8,0.55,0.9974008515169428
59,8,0.60,0.9952897987518022
59,8,0.65,0.9970804955434108
59,8,0.70,0.9950572663832431
59,8,0.75,0.9954324552180981
59,8,0.80,0.995247755821588
59,8,0.85,0.997648980005842
59,8,0.90,0.9956826449625104
59,8,0.95,0.9958618905191213
59,9,0.05,0.9387653016246384
59,9,0.10,0.9887589259501207
59,9,0.15,0.9960274448388025
59,9,0.20,0.9918263671031261
59,9,0.25,0.9969547309629786
59,9,0.30,0.9973908070887089
59,9,0.35,0.9888668838462003
59,9,0.40,0.9972768063670172
59,9,0.45,0.9977551297000502
59,9,0.50,0.9951751227820659
59,9,0.55,0.9948421309284916
59,9,0.60,0.9972441236611189
59,9,0.65,0.9960975159930268
59,9,0.70,0.9969329195463438
59,9,0.75,0.9969165848700003
59,9,0.80,0.9948569851486666
59,9,0.85,0.9949425615796159
59,9,0.90,0.9962661115543098
59,9,0.95,0.9980866043283692
60,0,0.05,0.9825968868520296
60,0,0.10,0.9874845576931036
60,0,0.15,0.9918639447766806
60,0,0.20,0.9972326833820964
60,0,0.25,0.9969811134630469
60,0,0.30,0.9976494221758531
60,0,0.35,0.9963829674256087
60,0,0.40,0.9954548670499921
60,0,0.45,0.997784582656586
60,0,0.50,0.9960834365216499
60,0,0.55,0.9955144758757978
60,0,0.60,0.9956034447108015
60,0,0.65,0.994505324663558
60,0,0.70,0.992307944784624
60,0,0.75,0.9982804559596369
60,0,0.80,0.9909783449745244
60,0,0.85,0.9921767821072307
60,0,0.90,0.9951841289849813
60,0,0.95,0.9976455236241282
60,1,0.05,0.9508006647422964
60,1,0.10,0.9917744583915263
60,1,0.15,0.99394691561951
60,1,0.20,0.9974886277060614
60,1,0.25,0.997271723499223
60,1,0.30,0.9954306368922292
60,1,0.35,0.9937887325329272
60,1,0.40,0.9967590969646075
60,1,0.45,0.9973486212466464
60,1,0.50,0.9970012656081289
60,1,0.55,0.9947648867614703
60,1,0.60,0.9949983780263175
60,1,0.65,0.9968582608676452
60,1,0.70,0.9953905828542762
60,1,0.75,0.9956030295735239
60,1,0.80,0.9952341930467393
60,1,0.85,0.9978804345194533
60,1,0.90,0.9962813744749631
60,1,0.95,0.9953563419031053
60,2,0.05,0.939701022277028
60,2,0.10,0.9854322866685682
60,2,0.15,0.9966579681841551
60,2,0.20,0.989118853641591
60,2,0.25,0.9932504868797869
60,2,0.30,0.9963827605291572
60,2,0.35,0.9971668722915866
60,2,0.40,0.9956168080069732
60,2,0.45,0.9928434533980154
60,2,0.50,0.9937634801089522
60,2,0.55,0.9974869757570198
60,2,0.60,0.9910673416428056
60,2,0.65,0.9952380507640477
60,2,0.70,0.997630080653433
60,2,0.75,0.9962839282077676
60,2,0.80,0.9977375998780921
60,2,0.85,0.997293393062187
60,2,0.90,0.9979957456534349
60,2,0.95,0.9978836072627187
60,3,0.05,0.9856138494683497
60,3,0.10,0.9891597115403108
60,3,0.15,0.9742506287675433
60,3,0.20,0.993166536469011
60,3,0.25,0.9960151274967917
60,3,0.30,0.9938289981913304
60,3,0.35,0.9978069486767889
60,3,0.40,0.9973955302141682
60,3,0.45,0.9977646903143802
60,3,0.50,0.9918054232682912
60,3,0.55,0.992160502711904
60,3,0.60,0.9949837770928907
60,3,0.65,0.9977021087382254
60,3,0.70,0.9973887447232805
60,3,0.75,0.9952769107251864
60,3,0.80,0.9957713708121244
60,3,0.85,0.9978631919407691
60,3,0.90,0.9941639256821704
60,3,0.95,0.9916284823336409
60,4,0.05,0.965410441371702
60,4,0.10,0.9862433832680277
60,4,0.15,0.9922905775167905
60,4,0.20,0.9966085230719319
60,4,0.25,0.9941181236670003
60,4,0.30,0.9962953076539617
60,4,0.35,0.9941989652186922
60,4,0.40,0.9974615297021421
60,4,0.45,0.9968461728086462
60,4,0.50,0.9970701981116452
60,4,0.55,0.9949080636209715
60,4,0.60,0.99737530584812
60,4,0.65,0.9935546159139726
60,4,0.70,0.9954659726363908
60,4,0.75,0.9970693522062685
60,4,0.80,0.9919692145847641
60,4,0.85,0.9947800980598765
60,4,0.90,0.9958022151704158
60,4,0.95,0.9976433530455868
60,5,0.05,0.9850213799310233
60,5,0.10,0.9924511543030143
60,5,0.15,0.9933523605103426
60,5,0.20,0.9964617748053698
60,5,0.25,0.9965138558227455
60,5,0.30,0.9941995354149039
60,5,0.35,0.9932826773590273
60,5,0.40,0.9895250814463982
60,5,0.45,0.9973634744816497
60,5,0.50,0.9976742312671802
60,5,0.55,0.9980196801800674
60,5,0.60,0.9930564304902367
60,5,0.65,0.9949381437222273
60,5,0.70,0.9978689906517036
60,5,0.75,0.9949847139208994
60,5,0.80,0.9975019715344661
60,5,0.85,0.9906916329314822
60,5,0.90,0.9974408627237525
60,5,0.95,0.9954860984244335
60,6,0.05,0.9601463301190691
60,6,0.10,0.9882308861229226
60,6,0.15,0.9937345152458639
60,6,0.20,0.9942089544857913
60,6,0.25,0.9942107872840141
60,6,0.30,0.9968810773222665
60,6,0.35,0.9951243637058599
60,6,0.40,0.9962081357482618
60,6,0.45,0.9949701891940522
60,6,0.50,0.9980991503168692
60,6,0.55,0.9974503627668929
60,6,0.60,0.9957111333384239
60,6,0.65,0.9952789721451559
60,6,0.70,0.9968745153744607
60,6,0.75,0.9977854567005238
60,6,0.80,0.9956011173371996
60,6,0.85,0.9977881201786595
60,6,0.90,0.9963510409354711
60,6,0.95,0.9956289005009143
60,7,0.05,0.9916587426203286
60,7,0.10,0.9847544976780753
60,7,0.15,0.9952839140383437
60,7,0.20,0.9961541992697289
60,7,0.25,0.9969079476618511
60,7,0.30,0.997763615152217
60,7,0.35,0.9973030659839178
60,7,0.40,0.9955085761622039
60,7,0.45,0.9948009814608153
60,7,0.50,0.9977721040765483
60,7,0.55,0.9916558764214556
60,7,0.60,0.9953757965877339
60,7,0.65,0.9968724328712067
60,7,0.70,0.9955252896300925
60,7,0.75,0.9954707334414508
60,7,0.80,0.9956321916138585
60,7,0.85,0.9977969936164842
60,7,0.90,0.9918764612458562
60,7,0.95,0.9977006767637959
60,8,0.05,0.9718708916272042
60,8,0.10,0.9952566797381018
60,8,0.15,0.9943647182621724
60,8,0.20,0.9952586518796959
60,8,0.25,0.9938272561006798
60,8,0.30,0.9966251078966488
60,8,0.35,0.9976353841965483
60,8,0.40,0.9964207385446796
60,8,0.45,0.9974379451876244
60,8,0.50,0.9972390307233645
60,8,0.55,0.9954377060539489
60,8,0.60,0.9923110763333928
60,8,0.65,0.9942229675972729
60,8,0.70,0.9971952834362193
60,8,0.75,0.9921397716241279
60,8,0.80,0.9960817747861316
60,8,0.85,0.9972808902568611
60,8,0.90,0.9958496427444616
60,8,0.95,0.9975878930731032
60,9,0.05,0.9055313892086684
60,9,0.10,0.9968060488090229
60,9,0.15,0.9918880741407462
60,9,0.20,0.9958701141682083
60,9,0.25,0.9937026324359126
60,9,0.30,0.9957657159615787
60,9,0.35,0.9978920193705004
60,9,0.40,0.9968375845593157
60,9,0.45,0.9975383133061704
60,9,0.50,0.9963255437554933
60,9,0.55,0.9944888638798909
60,9,0.60,0.9970222511723379
60,9,0.65,0.9917805209800025
60,9,0.70,0.9980461426717732
60,9,0.75,0.9955842319454861
60,9,0.80,0.9965032857807403
60,9,0.85,0.9982263639795207
60,9,0.90,0.9975057026183505
60,9,0.95,0.9977692691351818
61,0,0.05,0.9798319483386323
61,0,0.10,0.9889485221879301
61,0,0.15,0.9978702800188103
61,0,0.20,0.9959179972858134
61,0,0.25,0.9972153167828692
61,0,0.30,0.995493966658791
61,0,0.35,0.9959841371747403
61,0,0.40,0.9976730083861672
61,0,0.45,0.9946770703652581
61,0,0.50,0.9975833421269946
61,0,0.55,0.9982388325535496
61,0,0.60,0.9981539419101534
61,0,0.65,0.997869228796112
61,0,0.70,0.991267707534468
61,0,0.75,0.9981034169228868
61,0,0.80,0.9951307071468476
61,0,0.85,0.9973988811391442
61,0,0.90,0.9978354145342281
61,0,0.95,0.9954529109111702
61,1,0.05,0.9615529647729557
61,1,0.10,0.9932904182828193
61,1,0.15,0.9904227290959273
61,1,0.20,0.9908723472688852
61,1,0.25,0.9970153831696927
61,1,0.30,0.9945150662952473
61,1,0.35,0.9947737974889721
61,1,0.40,0.9907322085236047
61,1,0.45,0.9971293935659855
61,1,0.50,0.9948803056573479
61,1,0.55,0.997767984125512
61,1,0.60,0.997369813378302
61,1,0.65,0.9955653723577662
61,1,0.70,0.9947677563668763
61,1,0.75,0.9950827812521226
61,1,0.80,0.9980045666203479
61,1,0.85,0.9956117147540791
61,1,0.90,0.9934953593865394
61,1,0.95,0.9939025979234573
61,2,0.05,0.9540819791596618
61,2,0.10,0.9952886695205335
61,2,0.15,0.9953903683248828
61,2,0.20,0.9972844324015616
61,2,0.25,0.9885132634882343
61,2,0.30,0.992996607088812
61,2,0.35,0.9944303308772106
61,2,0.40,0.9961300254736251
61,2,0.45,0.9948909445772551
61,2,0.50,0.9978700453877121
61,2,0.55,0.9978321212381466
61,2,0.60,0.9977506174130699
61,2,0.65,0.9956939944888121
61,2,0.70,0.9954902294366472
61,2,0.75,0.9943150609308691
61,2,0.80,0.9956174691351973
61,2,0.85,0.9917617910384753
61,2,0.90,0.9975460431032643
61,2,0.95,0.9950975145438243
61,3,0.05,0.9735957698473261
61,3,0.10,0.9927083625775032
61,3,0.15,0.9890727056897758
61,3,0.20,0.9970750774694878
61,3,0.25,0.9952685702739731
61,3,0.30,0.9968564850478985
61,3,0.35,0.9951189172755956
61,3,0.40,0.9949535156262462
61,3,0.45,0.9978351424394428
61,3,0.50,0.995836029241751
61,3,0.55,0.9974594532152715
61,3,0.60,0.9950713152175302
61,3,0.65,0.9957205240875349
61,3,0.70,0.9944195167056525
61,3,0.75,0.9951936028002818
61,3,0.80,0.9950149158358585
61,3,0.85,0.9982163594139939
61,3,0.90,0.9963171764610876
61,3,0.95,0.9977213073796725
61,4,0.05,0.8683526936031425
61,4,0.10,0.9935624577970662
61,4,0.15,0.9954428535384312
61,4,0.20,0.997182083828241
61,4,0.25,0.9880022871953036
61,4,0.30,0.994229043505655
61,4,0.35,0.9929002772543375
61,4,0.40,0.9942353829155387
61,4,0.45,0.997872015482578
61,4,0.50,0.9975173642118872
61,4,0.55,0.996145020168916
61,4,0.60,0.9967266390333587
61,4,0.65,0.9976656396129604
61,4,0.70,0.9925382130697217
61,4,0.75,0.9955976763110712
61,4,0.80,0.9959161400325363
61,4,0.85,0.9932385958783062
61,4,0.90,0.993523727894543
61,4,0.95,0.9975211165239981
61,5,0.05,0.9632235599796799
61,5,0.10,0.9971335450188336
61,5,0.15,0.998028123366243
61,5,0.20,0.9967930171534889
61,5,0.25,0.9981536636093056
61,5,0.30,0.9911063567520312
61,5,0.35,0.9977607394209469
61,5,0.40,0.9946779501240125
61,5,0.45,0.9926481129410721
61,5,0.50,0.9953200736896404
61,5,0.55,0.9974925609333768
61,5,0.60,0.995119136001269
61,5,0.65,0.9958486589074976
61,5,0.70,0.9954407057257832
61,5,0.75,0.9954391295657571
61,5,0.80,0.9951185969783812
61,5,0.85,0.9979374881177174
61,5,0.90,0.9977190310442637
61,5,0.95,0.997319869187961
61,6,0.05,0.9842839284665137
61,6,0.10,0.996036873695852
61,6,0.15,0.9977992755448917
61,6,0.20,0.9935690873881451
61,6,0.25,0.9928176875042086
61,6,0.30,0.9931213526721119
61,6,0.35,0.990702333527602
61,6,0.40,0.99505983174483
61,6,0.45,0.9970419622166038
61,6,0.50,0.9949542554403834
61,6,0.55,0.9971706779763594
61,6,0.60,0.9955417027565091
61,6,0.65,0.994974412442728
61,6,0.70,0.9950498191163365
61,6,0.75,0.9954793566349571
61,6,0.80,0.9974901458053773
61,6,0.85,0.9975700916589577
61,6,0.90,0.9960849766951256
61,6,0.95,0.9955771876501693
61,7,0.05,0.9789306500056387
61,7,0.10,0.9918836133472339
61,7,0.15,0.9921297220993962
61,7,0.20,0.9977701535382593
61,7,0.25,0.9976711789351224
61,7,0.30,0.9913061701072425
61,7,0.35,0.9963962357439172
61,7,0.40,0.9916492575391191
61,7,0.45,0.9979174245237225
61,7,0.50,0.9979107465213864
61,7,0.55,0.9946068080833934
61,7,0.60,0.9958040544294527
61,7,0.65,0.9960017383335936
61,7,0.70,0.9975313248761479
61,7,0.75,0.9975184590063233
61,7,0.80,0.9953981799726592
61,7,0.85,0.9937359709657898
61,7,0.90,0.9975806888193662
61,7,0.95,0.9953219211484162
61,8,0.05,0.9056383801688777
61,8,0.10,0.9935066216402999
61,8,0.15,0.9964887999710756
61,8,0.20,0.996781180457781
61,8,0.25,0.9922337587815656
61,8,0.30,0.9954057814323202
61,8,0.35,0.9930675900551869
61,8,0.40,0.9970582458361088
61,8,0.45,0.9983445482033607
61,8,0.50,0.9950721693305201
61,8,0.55,0.9974663060155906
61,8,0.60,0.994474779659844
61,8,0.65,0.9978063321501844
61,8,0.70,0.997834973004641
61,8,0.75,0.9977761653751515
61,8,0.80,0.9970571381376797
61,8,0.85,0.9955254864882477
61,8,0.90,0.9959901721716116
61,8,0.95,0.9956952509712252
61,9,0.05,0.9794749383052371
61,9,0.10,0.9930140295519593
61,9,0.15,0.9965769989237779
61,9,0.20,0.9976002746701312
61,9,0.25,0.9964016530811576
61,9,0.30,0.9975223444351502
61,9,0.35,0.9976424441499998
61,9,0.40,0.9930082675800391
61,9,0.45,0.9981234550044787
61,9,0.50,0.99333993921124
61,9,0.55,0.9950002021414103
61,9,0.60,0.9975125523348004
61,9,0.65,0.9921956554321174
61,9,0.70,0.997578579620564
61,9,0.75,0.9957852517069056
61,9,0.80,0.9942561276683748
61,9,0.85,0.9935229343570933
61,9,0.90,0.9974535464664833
61,9,0.95,0.9977100895566567
62,0,0.05,0.966144546974014
62,0,0.10,0.9860245996426994
62,0,0.15,0.9947671720631355
62,0,0.20,0.9961809960398298
62,0,0.25,0.9970950533063249
62,0,0.30,0.9920992169845265
62,0,0.35,0.9972174170985557
62,0,0.40,0.9945944020419747
62,0,0.45,0.9970642644890586
62,0,0.50,0.9953313097455239
62,0,0.55,0.9959841393641607
62,0,0.60,0.9938968123428634
62,0,0.65,0.9950652983344509
62,0,0.70,0.995355279336371
62,0,0.75,0.9916560957738729
62,0,0.80,0.9951128308837273
62,0,0.85,0.9938579026523013
62,0,0.90,0.9959962387200305
62,0,0.95,0.9931748018476558
62,1,0.05,0.9731866306084442
62,1,0.10,0.9927711751429124
62,1,0.15,0.9953541746181983
62,1,0.20,0.9962084131253867
62,1,0.25,0.9947069436230188
62,1,0.30,0.9911279934260924
62,1,0.35,0.996013583815287
62,1,0.40,0.9967609497599779
62,1,0.45,0.9916637258520379
62,1,0.50,0.9972155705497017
62,1,0.55,0.9950224966710021
62,1,0.60,0.9921223086484169
62,1,0.65,0.9953301537056624
62,1,0.70,0.9974814414767923
62,1,0.75,0.9957860360318648
62,1,0.80,0.9941170423221878
62,1,0.85,0.995976819586388
62,1,0.90,0.997522723164017
62,1,0.95,0.9974114419091109
62,2,0.05,0.9857008218858372
62,2,0.10,0.9940136439085655
62,2,0.15,0.9936818780025958
62,2,0.20,0.9943721865024464
62,2,0.25,0.9967323987304645
62,2,0.30,0.9938936685220456
62,2,0.35,0.9949535555693119
62,2,0.40,0.9943201505028283
62,2,0.45,0.9905994764788391
62,2,0.50,0.9974545563631697
62,2,0.55,0.9956178665908428
62,2,0.60,0.9905362508816244
62,2,0.65,0.9926361585855314
62,2,0.70,0.9978866789130767
62,2,0.75,0.9952809528671499
62,2,0.80,0.9961796867833955
62,2,0.85,0.9953501159044728
62,2,0.90,0.99364489070206
62,2,0.95,0.9951983161342592
62,3,0.05,0.9953837680397657
62,3,0.10,0.9894411968916071
62,3,0.15,0.9951933700020998
62,3,0.20,0.9930042470636731
62,3,0.25,0.9970224775865267
62,3,0.30,0.9952854595128536
62,3,0.35,0.9969746588886601
62,3,0.40,0.9938078475107112
62,3,0.45,0.9960963626580932
62,3,0.50,0.9958985669315217
62,3,0.55,0.9952452559944804
62,3,0.60,0.9918776041009939
62,3,0.65,0.9954848887051507
62,3,0.70,0.9913372275272722
62,3,0.75,0.9961680510020988
62,3,0.80,0.9902485267176638
62,3,0.85,0.9943894565805818
62,3,0.90,0.9955557800987385
62,3,0.95,0.9941454466542285
62,4,0.05,0.9856710158204177
62,4,0.10,0.991100332742465
62,4,0.15,0.9942266330378244
62,4,0.20,0.9933532697595631
62,4,0.25,0.9971300052716773
62,4,0.30,0.9935114541429786
62,4,0.35,0.9931772284676671
62,4,0.40,0.9949607933971558
62,4,0.45,0.9918521305228807
62,4,0.50,0.9967010980866615
62,4,0.55,0.99526052239898
62,4,0.60,0.99710454330294
62,4,0.65,0.9908572809917227
62,4,0.70,0.9949595224775515
62,4,0.75,0.9957149724591599
62,4,0.80,0.9960767440096903
62,4,0.85,0.9974231531339152
62,4,0.90,0.9961084911582336
62,4,0.95,0.9963770920157339
62,5,0.05,0.9922618764839203
62,5,0.10,0.9942847261604695
62,5,0.15,0.9934394062308453
62,5,0.20,0.9933461124781195
62,5,0.25,0.9964795179832832
62,5,0.30,0.9930754260137703
62,5,0.35,0.9971127613494641
62,5,0.40,0.991027906648225
62,5,0.45,0.9938995995959035
62,5,0.50,0.9955197952301365
62,5,0.55,0.994063823352153
62,5,0.60,0.9902713864263617
62,5,0.65,0.9915570724530517
62,5,0.70,0.9950600710378763
62,5,0.75,0.9973578364656518
62,5,0.80,0.9918626145846539
62,5,0.85,0.9909176409379058
62,5,0.90,0.9952039266510988
62,5,0.95,0.9981576920334505
62,6,0.05,0.9955232677551804
62,6,0.10,0.9900821086985823
62,6,0.15,0.9972117555169085
62,6,0.20,0.9960469450768509
62,6,0.25,0.9961234333156614
62,6,0.30,0.9950127380110025
62,6,0.35,0.9958962811067287
62,6,0.40,0.9946015897277323
62,6,0.45,0.9901140823826482
62,6,0.50,0.9977738208601739
62,6,0.55,0.9928709470558849
62,6,0.60,0.9931463392553151
62,6,0.65,0.9912971038603198
62,6,0.70,0.9947374496195374
62,6,0.75,0.9922564261070438
62,6,0.80,0.9957651902747737
62,6,0.85,0.9958802692960924
62,6,0.90,0.9917404323479674
62,6,0.95,0.9977330602784177
62,7,0.05,0.9914745001509618
62,7,0.10,0.9956484283792578
62,7,0.15,0.9942886752587192
62,7,0.20,0.9962526780800133
62,7,0.25,0.9969090453354504
62,7,0.30,0.9943687538604646
62,7,0.35,0.997466099049013
62,7,0.40,0.9972719491342371
62,7,0.45,0.995012597844634
62,7,0.50,0.9901483588450039
62,7,0.55,0.9943607382607824
62,7,0.60,0.9914918558348828
62,7,0.65,0.9952200996176624
62,7,0.70,0.9946296955695351
62,7,0.75,0.9913938371963739
62,7,0.80,0.9939942492776679
62,7,0.85,0.99243126716198
62,7,0.90,0.9973107021437058
62,7,0.95,0.9917006283018758
62,8,0.05,0.9768391588589063
62,8,0.10,0.992402909204791
62,8,0.15,0.9947636872993353
62,8,0.20,0.9954679170640408
62,8,0.25,0.9962838793937102
62,8,0.30,0.9942918426556008
62,8,0.35,0.9952142500856306
62,8,0.40,0.9942024874608842
62,8,0.45,0.99404242822318
62,8,0.50,0.9953041933551257
62,8,0.55,0.9948345557249412
62,8,0.60,0.997916958693929
62,8,0.65,0.995298936613475
62,8,0.70,0.9913932067375812
62,8,0.75,0.9974847225094209
62,8,0.80,0.9953327098457864
62,8,0.85,0.9947402641520129
62,8,0.90,0.9951797570292122
62,8,0.95,0.9913194722933574
62,9,0.05,0.991218337698384
62,9,0.10,0.9878113048753991
62,9,0.15,0.995515806839407
62,9,0.20,0.9951538724684137
62,9,0.25,0.9962967663306792
62,9,0.30,0.9963536470914636
62,9,0.35,0.9980380587358417
62,9,0.40,0.997020952301618
62,9,0.45,0.9909601157044073
62,9,0.50,0.9896026549301353
62,9,0.55,0.9912127504074831
62,9,0.60,0.9902994712977419
62,9,0.65,0.997884744447596
62,9,0.70,0.9973325093381757
62,9,0.75,0.9945367437164243
62,9,0.80,0.9960015057183966
62,9,0.85,0.9954612853486497
62,9,0.90,0.9956644282480795
62,9,0.95,0.9972116067250661
63,0,0.05,0.9911681269346535
63,0,0.10,0.9963736714521144
63,0,0.15,0.9958463425169858
63,0,0.20,0.9964074940043348
63,0,0.25,0.9910458422177086
63,0,0.30,0.9909784143018077
63,0,0.35,0.9952359480300145
63,0,0.40,0.9965323982991758
63,0,0.45,0.9892316401688767
63,0,0.50,0.9903854148903888
63,0,0.55,0.9919355500056696
63,0,0.60,0.9957957720562584
63,0,0.65,0.9948166227405371
63,0,0.70,0.9919039929407263
63,0,0.75,0.9976392204376378
63,0,0.80,0.9970938344962493
63,0,0.85,0.9975758029606724
63,0,0.90,0.9972162280944775
63,0,0.95,0.9978700269870723
63,1,0.05,0.9694719905313935
63,1,0.10,0.9969084036449161
63,1,0.15,0.9969808311805674
63,1,0.20,0.9937273391921628
63,1,0.25,0.9936953356806213
63,1,0.30,0.9929683041742113
63,1,0.35,0.9910954774090679
63,1,0.40,0.997864727182146
63,1,0.45,0.9914886812474977
63,1,0.50,0.9980414814130071
63,1,0.55,0.9972712462224143
63,1,0.60,0.9978036038731403
63,1,0.65,0.9952588813818167
63,1,0.70,0.9917302102493736
63,1,0.75,0.9975835351802097
63,1,0.80,0.9973919272123534
63,1,0.85,0.9969414657747284
63,1,0.90,0.9973294961382032
63,1,0.95,0.9980473952525525
63,2,0.05,0.9690695267086192
63,2,0.10,0.9934049371326662
63,2,0.15,0.9951790366433654
63,2,0.20,0.9961080755914805
63,2,0.25,0.9916546296989722
63,2,0.30,0.9956202037830756
63,2,0.35,0.990193992032349
63,2,0.40,0.9968198581309993
63,2,0.45,0.9952097752469423
63,2,0.50,0.9960651368064655
63,2,0.55,0.9978674792576208
63,2,0.60,0.997904095299582
63,2,0.65,0.9940204800070084
63,2,0.70,0.9963045751560549
63,2,0.75,0.9978947924541031
63,2,0.80,0.9966634333576418
63,2,0.85,0.9954943384819123
63,2,0.90,0.9951342366017206
63,2,0.95,0.9951815004058281
63,3,0.05,0.9844870289110067
63,3,0.10,0.9978502193008316
63,3,0.15,0.9977182408430875
63,3,0.20,0.9907871086517209
63,3,0.25,0.9892389036651974
63,3,0.30,0.9922209413561563
63,3,0.35,0.992873859323284
63,3,0.40,0.9974655547951057
63,3,0.45,0.9957943433471586
63,3,0.50,0.99795970386349
63,3,0.55,0.9940123604667039
63,3,0.60,0.9922895951573821
63,3,0.65,0.9979174448492435
63,3,0.70,0.9954106207641715
63,3,0.75,0.9952454171239098
63,3,0.80,0.9921390107053302
63,3,0.85,0.9973743090008177
63,3,0.90,0.9940779145514372
63,3,0.95,0.9940294601098054
63,4,0.05,0.9909986586725277
63,4,0.10,0.991364326841488
63,4,0.15,0.994131514710799
63,4,0.20,0.9972164498168801
63,4,0.25,0.994132565908153
63,4,0.30,0.9897513425675779
63,4,0.35,0.9968823771193964
63,4,0.40,0.9955479785895388
63,4,0.45,0.9949480622108549
63,4,0.50,0.9894114115682483
63,4,0.55,0.9927739064385742
63,4,0.60,0.995994680878627
63,4,0.65,0.9975435571492065
63,4,0.70,0.9981061772491711
63,4,0.75,0.9915173771726828
63,4,0.80,0.99517873142072
63,4,0.85,0.9943955965525126
63,4,0.90,0.9959738139182159
63,4,0.95,0.9980761378264326
63,5,0.05,0.9611072396531922
63,5,0.10,0.9873655705960306
63,5,0.15,0.9869280803897839
63,5,0.20,0.9937328149447037
63,5,0.25,0.9919433388226665
63,5,0.30,0.9944561321858584
63,5,0.35,0.9889043754656043
63,5,0.40,0.9975579995306907
63,5,0.45,0.9918955188168671
63,5,0.50,0.9936925360435223
63,5,0.55,0.9975200118907848
63,5,0.60,0.9954494008666905
63,5,0.65,0.9975396319285104
63,5,0.70,0.9958409996614415
63,5,0.75,0.9939221746641427
63,5,0.80,0.9958376433619157
63,5,0.85,0.9954134546096766
63,5,0.90,0.9978514785130504
63,5,0.95,0.9959423332786528
63,6,0.05,0.9788698224053655
63,6,0.10,0.9967712234514713
63,6,0.15,0.9942273814701043
63,6,0.20,0.9967519412295285
63,6,0.25,0.9964549819968613
63,6,0.30,0.9929423836759508
63,6,0.35,0.9971061176436223
63,6,0.40,0.9969199460137738
63,6,0.45,0.9914320345776582
63,6,0.50,0.993774916302009
63,6,0.55,0.997987392103806
63,6,0.60,0.9973698844861327
63,6,0.65,0.9972905809477854
63,6,0.70,0.9920051427851423
63,6,0.75,0.9949866366261003
63,6,0.80,0.997416184422035
63,6,0.85,0.9955926784423194
63,6,0.90,0.9980546708811269
63,6,0.95,0.9922855477556859
63,7,0.05,0.9480696580722154
63,7,0.10,0.9938073612336616
63,7,0.15,0.9916085331357118
63,7,0.20,0.9967386497124918
63,7,0.25,0.9966045666325477
63,7,0.30,0.9952024658117717
63,7,0.35,0.9950714289473794
63,7,0.40,0.9931738924160977
63,7,0.45,0.9963719645220545
63,7,0.50,0.9974786220909849
63,7,0.55,0.9959267531815096
63,7,0.60,0.9976773736404374
63,7,0.65,0.991663377623373
63,7,0.70,0.9978119166216394
63,7,0.75,0.9981681979190103
63,7,0.80,0.991870414692673
63,7,0.85,0.997841957534636
63,7,0.90,0.9944552511792552
63,7,0.95,0.9958828573735556
63,8,0.05,-0.05690748742240603
63,8,0.10,0.9933948724948969
63,8,0.15,0.9964363756102746
63,8,0.20,0.9956021380755106
63,8,0.25,0.9940592601066903
63,8,0.30,0.9909037505852593
63,8,0.35,0.9973150793524311
63,8,0.40,0.996154937691802
63,8,0.45,0.9961235230936029
63,8,0.50,0.9917560141311288
63,8,0.55,0.9980293588196361
63,8,0.60,0.9915303073526137
63,8,0.65,0.9975864757062535
63,8,0.70,0.9957007876854785
63,8,0.75,0.9950862818222607
63,8,0.80,0.9954850853695574
63,8,0.85,0.9977016782967815
63,8,0.90,0.9978697997361725
63,8,0.95,0.9952167396877334
63,9,0.05,0.9748077017755022
63,9,0.10,0.9953491696169441
63,9,0.15,0.9977217621629793
63,9,0.20,0.9961809891316
63,9,0.25,0.9910169701883418
63,9,0.30,0.9940380967353252
63,9,0.35,0.9962820855873816
63,9,0.40,0.9897066924418382
63,9,0.45,0.9968104716324667
63,9,0.50,0.99528633588771
63,9,0.55,0.9971569729829212
63,9,0.60,0.9928933916797507
63,9,0.65,0.9925514884880718
63,9,0.70,0.9979408603821063
63,9,0.75,0.9979395679597727
63,9,0.80,0.9982129817520753
63,9,0.85,0.9927633733873928
63,9,0.90,0.9953978188619776
63,9,0.95,0.9958841702376215
64,0,0.05,0.9761164076575106
64,0,0.10,0.995797373329484
64,0,0.15,0.9905142015812404
64,0,0.20,0.9918863454249555
64,0,0.25,0.9971288221843655
64,0,0.30,0.9971531523796048
64,0,0.35,0.9949921673489592
64,0,0.40,0.9938698632396648
64,0,0.45,0.9942308406393657
64,0,0.50,0.9940204507096847
64,0,0.55,0.9950699461000765
64,0,0.60,0.9914693430078265
64,0,0.65,0.9976788092800696
64,0,0.70,0.9976971402468243
64,0,0.75,0.9954464939495352
64,0,0.80,0.9950063685206184
64,0,0.85,0.9910615874550913
64,0,0.90,0.998246004192219
64,0,0.95,0.9976649721630199
64,1,0.05,0.9774658428018264
64,1,0.10,0.9935832339948276
64,1,0.15,0.9954552777817044
64,1,0.20,0.9969234991466986
64,1,0.25,0.990124196994924
64,1,0.30,0.9935344104230457
64,1,0.35,0.9982084784530578
64,1,0.40,0.9955245387898322
64,1,0.45,0.9980099215983891
64,1,0.50,0.9909811443180943
64,1,0.55,0.9977269326565386
64,1,0.60,0.9979785863547255
64,1,0.65,0.9980043075951289
64,1,0.70,0.9971180923041979
64,1,0.75,0.9983669873309106
64,1,0.80,0.9954288085526745
64,1,0.85,0.9968010972699256
64,1,0.90,0.9953324473187241
64,1,0.95,0.9984247449984336
64,2,0.05,0.9836220314210504
64,2,0.10,0.9931776951845577
64,2,0.15,0.9885839449329539
64,2,0.20,0.9958478578515855
64,2,0.25,0.9917393689577789
64,2,0.30,0.9939672722271178
64,2,0.35,0.9920141287653867
64,2,0.40,0.9955078316998544
64,2,0.45,0.9960026803105173
64,2,0.50,0.9946252780903412
64,2,0.55,0.9976272826880892
64,2,0.60,0.9904496713617619
64,2,0.65,0.9974107880524742
64,2,0.70,0.9949939713976981
64,2,0.75,0.9958935941743118
64,2,0.80,0.9947325375156405
64,2,0.85,0.9974817286900909
64,2,0.90,0.9979685975199584
64,2,0.95,0.9969543776280264
64,3,0.05,0.9867127260985593
64,3,0.10,0.9951533974402892
64,3,0.15,0.9960664058180243
64,3,0.20,0.9931746327226193
64,3,0.25,0.9965163501701393
64,3,0.30,0.9976635090853992
64,3,0.35,0.9927242276243275
64,3,0.40,0.9977448661658052
64,3,0.45,0.9963001033661945
64,3,0.50,0.9960453609923196
64,3,0.55,0.9956115902218073
64,3,0.60,0.9919946320214145
64,3,0.65,0.9972526996384533
64,3,0.70,0.9945308395361313
64,3,0.75,0.994573950107215
64,3,0.80,0.9974590351264575
64,3,0.85,0.9974791903711929
64,3,0.90,0.9979569026097297
64,3,0.95,0.9955459473734689
64,4,0.05,0.9900466907452875
64,4,0.10,0.9939747693425731
64,4,0.15,0.9956129436813828
64,4,0.20,0.9897353945516342
64,4,0.25,0.9980794328073636
64,4,0.30,0.9963138889118052
64,4,0.35,0.9982956765237181
64,4,0.40,0.9962519131261689
64,4,0.45,0.9960573081420528
64,4,0.50,0.9973623769329536
64,4,0.55,0.9973249393263341
64,4,0.60,0.9969706275986592
64,4,0.65,0.9976111316854567
64,4,0.70,0.9928669437832534
64,4,0.75,0.9981280372756626
64,4,0.80,0.9954661169162842
64,4,0.85,0.9920009895524792
64,4,0.90,0.9926810240599914
64,4,0.95,0.9975320994309411
64,5,0.05,0.9778588339331256
64,5,0.10,0.9884084039832276
64,5,0.15,0.9942734282224361
64,5,0.20,0.9975770077669164
64,5,0.25,0.9947901676236166
64,5,0.30,0.9974127075074956
64,5,0.35,0.9961123052204054
64,5,0.40,0.9968258302805352
64,5,0.45,0.9940289715916042
64,5,0.50,0.9946096381421526
64,5,0.55,0.9940853051617292
64,5,0.60,0.9977807229619997
64,5,0.65,0.9976959820078334
64,5,0.70,0.994193692186094
64,5,0.75,0.9910784800803925
64,5,0.80,0.9947376860148651
64,5,0.85,0.9952074708008904
64,5,0.90,0.9981982540218175
64,5,0.95,0.9970011908133923
64,6,0.05,0.984240358391298
64,6,0.10,0.993622696555132
64,6,0.15,0.9967100920617759
64,6,0.20,0.9968804419937491
64,6,0.25,0.9908514842224273
64,6,0.30,0.9970415287718805
64,6,0.35,0.9957899571867256
64,6,0.40,0.9972896829565228
64,6,0.45,0.9976699191280946
64,6,0.50,0.9954587061581582
64,6,0.55,0.9952178204238574
64,6,0.60,0.9954127837710955
64,6,0.65,0.9973511270992914
64,6,0.70,0.9955659020962023
64,6,0.75,0.997944353632077
64,6,0.80,0.9979922683318533
64,6,0.85,0.9977728804713979
64,6,0.90,0.9951078739262856
64,6,0.95,0.992004911280448
64,7,0.05,0.9467083557919388
64,7,0.10,0.9913093500064047
64,7,0.15,0.9920126045774675
64,7,0.20,0.9968450324760251
64,7,0.25,0.9926869028345161
64,7,0.30,0.994703878529073
64,7,0.35,0.9923056229298541
64,7,0.40,0.9973010389611987
64,7,0.45,0.994860422989579
64,7,0.50,0.9915418793180163
64,7,0.55,0.9947162875842748
64,7,0.60,0.9947631253090796
64,7,0.65,0.9978511082790316
64,7,0.70,0.993573249657757
64,7,0.75,0.9975519322904091
64,7,0.80,0.9953866411745366
64,7,0.85,0.9984241466796893
64,7,0.90,0.9953051615965354
64,7,0.95,0.9977347229488849
64,8,0.05,0.9748361521725845
64,8,0.10,0.9956155664647941
64,8,0.15,0.9924282661838275
64,8,0.20,0.9960298827157515
64,8,0.25,0.9956354123613158
64,8,0.30,0.9954679996064024
64,8,0.35,0.9955996229496471
64,8,0.40,0.9979015847532292
64,8,0.45,0.9968166172952431
64,8,0.50,0.9974838486847287
64,8,0.55,0.9968116351915085
64,8,0.60,0.9961283122495799
64,8,0.65,0.994540715560429
64,8,0.70,0.9977330638953374
64,8,0.75,0.9973623989957501
64,8,0.80,0.9974338983510981
64,8,0.85,0.9984664665755264
64,8,0.90,0.9959503057673129
64,8,0.95,0.992266488190658
64,9,0.05,0.9634125786897098
64,9,0.10,0.9945253618583864
64,9,0.15,0.9933866685576447
64,9,0.20,0.9970443883590047
64,9,0.25,0.994677432955616
64,9,0.30,0.9973924174616906
64,9,0.35,0.9965953605428471
64,9,0.40,0.9972965916073748
64,9,0.45,0.9931663565905433
64,9,0.50,0.9948965539016296
64,9,0.55,0.9903453875224694
64,9,0.60,0.9973733455238273
64,9,0.65,0.9970953300727499
64,9,0.70,0.9971781270156496
64,9,0.75,0.998241119169459
64,9,0.80,0.9946861254746437
64,9,0.85,0.9968688948021098
64,9,0.90,0.9978197649667382
64,9,0.95,0.995861949070142
65,0,0.05,0.9400785996641089
65,0,0.10,0.9922028556994924
65,0,0.15,0.9971475625668963
65,0,0.20,0.9929974839745825
65,0,0.25,0.9923931594078563
65,0,0.30,0.9917259430366411
65,0,0.35,0.9952563894259215
65,0,0.40,0.9976192999721952
65,0,0.45,0.99468646572893
65,0,0.50,0.9962700921021834
65,0,0.55,0.9967708388962377
65,0,0.60,0.9933335943541142
65,0,0.65,0.9952124335359469
65,0,0.70,0.9971174355085693
65,0,0.75,0.9905288102665359
65,0,0.80,0.9975571333670177
65,0,0.85,0.9943780414369091
65,0,0.90,0.9922871545048492
65,0,0.95,0.9955400080565308
65,1,0.05,0.9872602048502607
65,1,0.10,0.9786326028272743
65,1,0.15,0.9908361040574333
65,1,0.20,0.9969812334618257
65,1,0.25,0.9977746933818294
65,1,0.30,0.9928559710182627
65,1,0.35,0.9972853417317423
65,1,0.40,0.9969591067492126
65,1,0.45,0.9980792444887584
65,1,0.50,0.997047470973684
65,1,0.55,0.9967327470143389
65,1,0.60,0.9976252801370957
65,1,0.65,0.9972857969440286
65,1,0.70,0.9981278439563992
65,1,0.75,0.9948117713709661
65,1,0.80,0.9979798774647243
65,1,0.85,0.9909462372832011
65,1,0.90,0.992006690063275
65,1,0.95,0.992852489496462
65,2,0.05,0.9762849611444158
65,2,0.10,0.9827982818998748
65,2,0.15,0.9798321844579195
65,2,0.20,0.9918172604395694
65,2,0.25,0.9922623876502044
65,2,0.30,0.9939775590126537
65,2,0.35,0.9937182445111771
65,2,0.40,0.9970431583934988
65,2,0.45,0.9974802860014531
65,2,0.50,0.9918380001160773
65,2,0.55,0.9973496819321079
65,2,0.60,0.9983424433575391
65,2,0.65,0.9955152471915508
65,2,0.70,0.9953651224174117
65,2,0.75,0.9944343086458254
65,2,0.80,0.997008175757974
65,2,0.85,0.9983264414760714
65,2,0.90,0.9976597085701808
65,2,0.95,0.9982078008004646
65,3,0.05,0.9298488003635973
65,3,0.10,0.9873457037080537
65,3,0.15,0.9971662016427231
65,3,0.20,0.9973659392457903
65,3,0.25,0.996819073260348
65,3,0.30,0.9964098521651976
65,3,0.35,0.9949201090238998
65,3,0.40,0.9977130738447655
65,3,0.45,0.9975151405385513
65,3,0.50,0.9953595474308564
65,3,0.55,0.997524468063545
65,3,0.60,0.9947991896209395
65,3,0.65,0.9915066401853223
65,3,0.70,0.9976208265770805
65,3,0.75,0.9971073662786186
65,3,0.80,0.99816900400255
65,3,0.85,0.9972458708337748
65,3,0.90,0.9977474669601791
65,3,0.95,0.9978954246995908
65,4,0.05,0.4505777658453938
65,4,0.10,0.9953319676651251
65,4,0.15,0.9970277013796879
65,4,0.20,0.9918589537128016
65,4,0.25,0.9917722964813631
65,4,0.30,0.9931881914602689
65,4,0.35,0.9975053028343628
65,4,0.40,0.9973789694193451
65,4,0.45,0.9934341426065744
65,4,0.50,0.990338909899212
65,4,0.55,0.9952950102681345
65,4,0.60,0.9952548703570798
65,4,0.65,0.9951671054157768
65,4,0.70,0.9938398656338853
65,4,0.75,0.9982090801718352
65,4,0.80,0.9909837804716842
65,4,0.85,0.9949527467511523
65,4,0.90,0.9952860673926651
65,4,0.95,0.9977073133620024
65,5,0.05,0.9830892107288035
65,5,0.10,0.9949175687881993
65,5,0.15,0.9906073659551848
65,5,0.20,0.9956983808898509
65,5,0.25,0.9893661427913878
65,5,0.30,0.9957752978146731
65,5,0.35,0.9972186258200121
65,5,0.40,0.9940422216023617
65,5,0.45,0.9969297765035416
65,5,0.50,0.9946548676107835
65,5,0.55,0.9955387896814137
65,5,0.60,0.9959537204990526
65,5,0.65,0.9959819630368466
65,5,0.70,0.9980815340124493
65,5,0.75,0.9959266309181903
65,5,0.80,0.9971542293403698
65,5,0.85,0.9979594920467831
65,5,0.90,0.9945542579703973
65,5,0.95,0.9944682751658082
65,6,0.05,0.9400186998438405
65,6,0.10,0.9906355596421346
65,6,0.15,0.9876037059682207
65,6,0.20,0.9970002495336563
65,6,0.25,0.9892644376921352
65,6,0.30,0.9966002351327083
65,6,0.35,0.9928626952150343
65,6,0.40,0.9972414977320194
65,6,0.45,0.9968331763136596
65,6,0.50,0.9959954950810821
65,6,0.55,0.9974884282921691
65,6,0.60,0.9939405290125162
65,6,0.65,0.9899550267997712
65,6,0.70,0.9970051122990012
65,6,0.75,0.9978445545786622
65,6,0.80,0.9947065318430304
65,6,0.85,0.9975458978751036
65,6,0.90,0.9948631746761278
65,6,0.95,0.998415668099672
65,7,0.05,0.9794488741840367
65,7,0.10,0.978477474928024
65,7,0.15,0.992120078453649
65,7,0.20,0.9959531533455761
65,7,0.25,0.9944660028825841
65,7,0.30,0.9940208820248406
65,7,0.35,0.9953456021043027
65,7,0.40,0.994152287182098
65,7,0.45,0.9949782790580826
65,7,0.50,0.9946241221910745
65,7,0.55,0.9944325834292485
65,7,0.60,0.9980267664851088
65,7,0.65,0.9915439408059923
65,7,0.70,0.9950196977586218
65,7,0.75,0.9973478458198713
65,7,0.80,0.9920646496383478
65,7,0.85,0.9976478466444146
65,7,0.90,0.9947851931225326
65,7,0.95,0.9956968099696384
65,8,0.05,0.9572385018948097
65,8,0.10,0.9941011142502173
65,8,0.15,0.9918797031740596
65,8,0.20,0.9925510027427334
65,8,0.25,0.9954937025504006
65,8,0.30,0.9927675250279017
65,8,0.35,0.991624274506811
65,8,0.40,0.9972165973222549
65,8,0.45,0.9928376797470103
65,8,0.50,0.994884690782322
65,8,0.55,0.9974786882199884
65,8,0.60,0.9969018150569292
65,8,0.65,0.9977330712951799
65,8,0.70,0.9949327963704555
65,8,0.75,0.9948035301209399
65,8,0.80,0.9979935332478792
65,8,0.85,0.9978683754248726
65,8,0.90,0.995055988905984
65,8,0.95,0.9975013888718179
65,9,0.05,0.9770177514272229
65,9,0.10,0.9851069075499459
65,9,0.15,0.9904595954066298
65,9,0.20,0.9972729275445036
65,9,0.25,0.9976121890305241
65,9,0.30,0.9910395188846718
65,9,0.35,0.9914492633894646
65,9,0.40,0.9977430132732775
65,9,0.45,0.9976243116705609
65,9,0.50,0.9974273249455937
65,9,0.55,0.996732774461588
65,9,0.60,0.9975901077139312
65,9,0.65,0.9979279154721061
65,9,0.70,0.9945292227412205
65,9,0.75,0.9955223790689559
65,9,0.80,0.9944368866026527
65,9,0.85,0.9950994602502815
65,9,0.90,0.9948571270079518
65,9,0.95,0.9978310290155025
66,0,0.05,0.978084754161873
66,0,0.10,0.9946335403062609
66,0,0.15,0.9922104154931636
66,0,0.20,0.9950208536488199
66,0,0.25,0.997114270244976
66,0,0.30,0.9964103224400452
66,0,0.35,0.9927915305954153
66,0,0.40,0.9975569785528129
66,0,0.45,0.9973533562996604
66,0,0.50,0.9969424217815146
66,0,0.55,0.9942275535716472
66,0,0.60,0.9975330021950128
66,0,0.65,0.9976960826441515
66,0,0.70,0.9966546504252248
66,0,0.75,0.9976744457508265
66,0,0.80,0.9940309447634108
66,0,0.85,0.9921903061519816
66,0,0.90,0.9983078332710461
66,0,0.95,0.9962647565203663
66,1,0.05,0.9918880662605941
66,1,0.10,0.9924436546218233
66,1,0.15,0.9955273996600363
66,1,0.20,0.9969181489953473
66,1,0.25,0.9966965230516405
66,1,0.30,0.9976376366067917
66,1,0.35,0.9969519488266859
66,1,0.40,0.9944642508452075
66,1,0.45,0.9959427587125811
66,1,0.50,0.9975011890694822
66,1,0.55,0.9939977453080908
66,1,0.60,0.9973963196502366
66,1,0.65,0.9977520433384426
66,1,0.70,0.9979379213173993
66,1,0.75,0.9952021442175596
66,1,0.80,0.997964821081636
66,1,0.85,0.9983557748372192
66,1,0.90,0.995213947396363
66,1,0.95,0.9951194072116379
66,2,0.05,0.9694447353824622
66,2,0.10,0.981697333125341
66,2,0.15,0.9963502875572151
66,2,0.20,0.99473326854342
66,2,0.25,0.9971511646580465
66,2,0.30,0.9977542140039781
66,2,0.35,0.9969325248553544
66,2,0.40,0.9925309829407293
66,2,0.45,0.995504982084271
66,2,0.50,0.9983109231177094
66,2,0.55,0.9954673057549517
66,2,0.60,0.9977445101086747
66,2,0.65,0.9959895031756089
66,2,0.70,0.9974478690145528
66,2,0.75,0.9980735861291131
66,2,0.80,0.9943805179183662
66,2,0.85,0.9971402129544013
66,2,0.90,0.9913555547931043
66,2,0.95,0.9919985255334296
66,3,0.05,0.950393221085017
66,3,0.10,0.9910888170612856
66,3,0.15,0.9878304447802535
66,3,0.20,0.9909907915314818
66,3,0.25,0.995642062616666
66,3,0.30,0.997211177095803
66,3,0.35,0.9954698585294446
66,3,0.40,0.9954340342919603
66,3,0.45,0.9919724088213889
66,3,0.50,0.9972334024478694
66,3,0.55,0.9976498499152835
66,3,0.60,0.9977822484633313
66,3,0.65,0.994913560970285
66,3,0.70,0.994799976482137
66,3,0.75,0.9967680224771124
66,3,0.80,0.9980751879863929
66,3,0.85,0.998001236646106
66,3,0.90,0.9975808911374844
66,3,0.95,0.9962331504811542
66,4,0.05,0.9670925459497466
66,4,0.10,0.9935990999402545
66,4,0.15,0.9961253287365198
66,4,0.20,0.9975661053083018
66,4,0.25,0.9959896179957367
66,4,0.30,0.9927756571091577
66,4,0.35,0.9928588179440968
66,4,0.40,0.9899486851924656
66,4,0.45,0.9956671631746552
66,4,0.50,0.9939071864193469
66,4,0.55,0.9972772354054811
66,4,0.60,0.9952890343071358
66,4,0.65,0.9971439043124829
66,4,0.70,0.9937419456785138
66,4,0.75,0.9952395138493274
66,4,0.80,0.9974840673408646
66,4,0.85,0.9984977732630334
66,4,0.90,0.994757361911112
66,4,0.95,0.9975298279812529
66,5,0.05,0.9504487425010176
66,5,0.10,0.9880571961393103
66,5,0.15,0.993936845463547
66,5,0.20,0.9946321785325358
66,5,0.25,0.9978206122808118
66,5,0.30,0.9926135788798378
66,5,0.35,0.9976008614135636
66,5,0.40,0.9955156609512686
66,5,0.45,0.9974680637134921
66,5,0.50,0.997656449103909
66,5,0.55,0.9982728945036493
66,5,0.60,0.9978635415319002
66,5,0.65,0.9977495533905356
66,5,0.70,0.9976735782847106
66,5,0.75,0.9961232495785463
66,5,0.80,0.9970870876405359
66,5,0.85,0.9950687217215858
66,5,0.90,0.9971235657994314
66,5,0.95,0.9978659763717334
66,6,0.05,0.9781262642876842
66,6,0.10,0.986626420498201
66,6,0.15,0.9910938150452493
66,6,0.20,0.9976672173122723
66,6,0.25,0.9960944525233338
66,6,0.30,0.997448303744864
66,6,0.35,0.9967854801568451
66,6,0.40,0.9973823121473214
66,6,0.45,0.9973726036195953
66,6,0.50,0.997316687160521
66,6,0.55,0.9960138688244919
66,6,0.60,0.9952453156993507
66,6,0.65,0.9976476246255648
66,6,0.70,0.9937502559989986
66,6,0.75,0.9981286024240101
66,6,0.80,0.9977873970804368
66,6,0.85,0.9933031207173256
66,6,0.90,0.9925824196854496
66,6,0.95,0.997710864242111
66,7,0.05,0.9885259981494168
66,7,0.10,0.989024881192721
66,7,0.15,0.9922099853785836
66,7,0.20,0.9970734021057626
66,7,0.25,0.9959412682079203
66,7,0.30,0.9956186118198084
66,7,0.35,0.9956703801148646
66,7,0.40,0.9903933403435782
66,7,0.45,0.9966230122462261
66,7,0.50,0.9968734926589796
66,7,0.55,0.9954583986679216
66,7,0.60,0.9945904576539151
66,7,0.65,0.9956948960533826
66,7,0.70,0.9980727758682935
66,7,0.75,0.9908787288297074
66,7,0.80,0.9975658233361199
66,7,0.85,0.997851028557887
66,7,0.90,0.9975718395146731
66,7,0.95,0.9979388019041205
66,8,0.05,0.9591770237245124
66,8,0.10,0.9910303758975073
66,8,0.15,0.9896138490490527
66,8,0.20,0.9942301615162771
66,8,0.25,0.9971214696832006
66,8,0.30,0.9977026532203438
66,8,0.35,0.992009518765104
66,8,0.40,0.9975105320272267
66,8,0.45,0.9972259303743284
66,8,0.50,0.9949726382594148
66,8,0.55,0.9963085543956042
66,8,0.60,0.9975383224384373
66,8,0.65,0.9960553125769199
66,8,0.70,0.9952399499047564
66,8,0.75,0.9973793970288788
66,8,0.80,0.9955395615365547
66,8,0.85,0.9912360296473939
66,8,0.90,0.9959118312345688
66,8,0.95,0.9975547251847579
66,9,0.05,0.9763999095933473
66,9,0.10,0.9927573806238668
66,9,0.15,0.9969119461649106
66,9,0.20,0.9975150358281625
66,9,0.25,0.9917384539008666
66,9,0.30,0.9967123560462018
66,9,0.35,0.996210430356182
66,9,0.40,0.9943389910649448
66,9,0.45,0.9958392423107922
66,9,0.50,0.9965403905487918
66,9,0.55,0.9953138213386372
66,9,0.60,0.9978828495598274
66,9,0.65,0.9942825743674387
66,9,0.70,0.9974319826033251
66,9,0.75,0.998468882952213
66,9,0.80,0.9977073903227173
66,9,0.85,0.9932840728104979
66,9,0.90,0.9979450686278439
66,9,0.95,0.9971322791361851
67,0,0.05,0.956175125362731
67,0,0.10,0.98608179479303
67,0,0.15,0.9948426858313119
67,0,0.20,0.992182615443035
67,0,0.25,0.9957708688599567
67,0,0.30,0.994642984469278
67,0,0.35,0.9971207767042848
67,0,0.40,0.9922648947886569
67,0,0.45,0.993461040307107
67,0,0.50,0.9913263568526353
67,0,0.55,0.9979221953603697
67,0,0.60,0.9947353191811292
67,0,0.65,0.9946079797329224
67,0,0.70,0.996971025513329
67,0,0.75,0.9953316369152398
67,0,0.80,0.9952688489310395
67,0,0.85,0.9975924110390881
67,0,0.90,0.9956205790703243
67,0,0.95,0.9932829376254122
67,1,0.05,0.9898661383348134
67,1,0.10,0.9890315900700862
67,1,0.15,0.9889952380358793
67,1,0.20,0.9934508534411362
67,1,0.25,0.9960263489932257
67,1,0.30,0.9970981439490526
67,1,0.35,0.9948536356512785
67,1,0.40,0.9954099248282356
67,1,0.45,0.9915581033537768
67,1,0.50,0.9952509778847023
67,1,0.55,0.9949483845060447
67,1,0.60,0.9956903709526855
67,1,0.65,0.9921395793896876
67,1,0.70,0.9972466102716986
67,1,0.75,0.9915615269441617
67,1,0.80,0.9957018781675977
67,1,0.85,0.9936471614457805
67,1,0.90,0.9917840393945031
67,1,0.95,0.9980991999050451
67,2,0.05,0.9076940277424592
67,2,0.10,0.9903034672974477
67,2,0.15,0.9905472426372425
67,2,0.20,0.9951500978916464
67,2,0.25,0.9939784342106041
67,2,0.30,0.993351940914083
67,2,0.35,0.9971527336363454
67,2,0.40,0.9947965899502521
67,2,0.45,0.9969547693691949
67,2,0.50,0.9955818306385279
67,2,0.55,0.9975445408411481
67,2,0.60,0.9953834125846875
67,2,0.65,0.9975717378674831
67,2,0.70,0.9956990284635181
67,2,0.75,0.9950435402773976
67,2,0.80,0.9979236201801625
67,2,0.85,0.9915260509077853
67,2,0.90,0.9949757390050261
67,2,0.95,0.9955521352517819
67,3,0.05,0.9667818208936434
67,3,0.10,0.9929381816331551
67,3,0.15,0.9944346926825947
67,3,0.20,0.9881582519594834
67,3,0.25,0.9950547895569123
67,3,0.30,0.9882669804201065
67,3,0.35,0.9935396460125222
67,3,0.40,0.9972079733943713
67,3,0.45,0.9967630881989349
67,3,0.50,0.9953876512294564
67,3,0.55,0.9975336900699757
67,3,0.60,0.9974697319244296
67,3,0.65,0.9970013584558216
67,3,0.70,0.9961863685759015
67,3,0.75,0.9951718086855498
67,3,0.80,0.9953985044163506
67,3,0.85,0.9925004088939414
67,3,0.90,0.9953936612265581
67,3,0.95,0.9960459952097029
67,4,0.05,0.9387528528837046
67,4,0.10,0.991319364639263
67,4,0.15,0.9961698836113337
67,4,0.20,0.9917168684472436
67,4,0.25,0.9962931757270937
67,4,0.30,0.9936124387826438
67,4,0.35,0.9955057723682029
67,4,0.40,0.9941764968557405
67,4,0.45,0.995583171385247
67,4,0.50,0.9949969305948991
67,4,0.55,0.9977262706363627
67,4,0.60,0.995095981426594
67,4,0.65,0.9913722047190159
67,4,0.70,0.994152252217974
67,4,0.75,0.9947370025331538
67,4,0.80,0.9972528477948461
67,4,0.85,0.994699310943309
67,4,0.90,0.9945685560340868
67,4,0.95,0.9971649773182043
67,5,0.05,0.9761702429738568
67,5,0.10,0.9862281652754493
67,5,0.15,0.9938980320458245
67,5,0.20,0.9965470659335228
67,5,0.25,0.9934835082203849
67,5,0.30,0.9943802542992266
67,5,0.35,0.9973702435841936
67,5,0.40,0.9949123979139659
67,5,0.45,0.9975913142898093
67,5,0.50,0.9964260427652404
67,5,0.55,0.9944610214509243
67,5,0.60,0.9973939110695357
67,5,0.65,0.9950573797098489
67,5,0.70,0.9953350839066403
67,5,0.75,0.9953237187937765
67,5,0.80,0.9979123890170449
67,5,0.85,0.9950477765794228
67,5,0.90,0.9952778458806925
67,5,0.95,0.9920689943552657
67,6,0.05,0.9801713255603234
67,6,0.10,0.9944139951293175
67,6,0.15,0.9886377560057052
67,6,0.20,0.9918470776656751
67,6,0.25,0.9971640427281645
67,6,0.30,0.995554817502386
67,6,0.35,0.9976895581749835
67,6,0.40,0.9975122590323565
67,6,0.45,0.9977432693624876
67,6,0.50,0.9911193857308379
67,6,0.55,0.9972259195242045
67,6,0.60,0.9952957546523339
67,6,0.65,0.9955864192498238
67,6,0.70,0.9977345911659571
67,6,0.75,0.9970635077636664
67,6,0.80,0.9914502967865105
67,6,0.85,0.9936951618104606
67,6,0.90,0.9976957159932185
67,6,0.95,0.9951428704927074
67,7,0.05,0.9714543096326835
67,7,0.10,0.9903337485184946
67,7,0.15,0.9941692205633521
67,7,0.20,0.9918760622058101
67,7,0.25,0.9921247260786626
67,7,0.30,0.9924227690836469
67,7,0.35,0.9975299284673678
67,7,0.40,0.995497340794725
67,7,0.45,0.9941191117884102
67,7,0.50,0.9930209362479103
67,7,0.55,0.9968795563247298
67,7,0.60,0.9908524454235379
67,7,0.65,0.9949224119400634
67,7,0.70,0.9981181587556512
67,7,0.75,0.9977807971768263
67,7,0.80,0.9944604197464525
67,7,0.85,0.995551387000533
67,7,0.90,0.9902516132861503
67,7,0.95,0.9978478047405398
67,8,0.05,0.9871880864440569
67,8,0.10,0.9421981702000128
67,8,0.15,0.9874169072249425
67,8,0.20,0.9925570385504638
67,8,0.25,0.9911355171894993
67,8,0.30,0.9917674106852307
67,8,0.35,0.9943617064544927
67,8,0.40,0.9941499496767728
67,8,0.45,0.9948409666218011
67,8,0.50,0.9959392414020771
67,8,0.55,0.9955945068610546
67,8,0.60,0.991557826354261
67,8,0.65,0.9956069302723899
67,8,0.70,0.9920327138507219
67,8,0.75,0.9917406542986343
67,8,0.80,0.9924211412808339
67,8,0.85,0.9938567257891785
67,8,0.90,0.9949843995536093
67,8,0.95,0.9949194485883335
67,9,0.05,0.9778485178733977
67,9,0.10,0.9779901533071017
67,9,0.15,0.9963266012235588
67,9,0.20,0.9958868807630503
67,9,0.25,0.9965166614544916
67,9,0.30,0.9938827237602368
67,9,0.35,0.9904161287303439
67,9,0.40,0.990522515700729
67,9,0.45,0.9947748766646481
67,9,0.50,0.9935161616724929
67,9,0.55,0.9947977457668666
67,9,0.60,0.9948366748175487
67,9,0.65,0.9946147889493756
67,9,0.70,0.9964311686664186
67,9,0.75,0.9975106941134728
67,9,0.80,0.997892286276514
67,9,0.85,0.9981069644013564
67,9,0.90,0.9953834998037395
67,9,0.95,0.9949386572469479
68,0,0.05,0.9813691205861852
68,0,0.10,0.9918720282633586
68,0,0.15,0.994875132602824
68,0,0.20,0.9951754942945356
68,0,0.25,0.9969691657431301
68,0,0.30,0.9955421384231269
68,0,0.35,0.9943541061148343
68,0,0.40,0.9964087633551459
68,0,0.45,0.997849960016161
68,0,0.50,0.9982468332578354
68,0,0.55,0.9952340499122334
68,0,0.60,0.9975766658792241
68,0,0.65,0.9919044596888235
68,0,0.70,0.995249086374493
68,0,0.75,0.9915294326011622
68,0,0.80,0.9977092532159328
68,0,0.85,0.9957091475055885
68,0,0.90,0.9912944013984948
68,0,0.95,0.9973317461786538
68,1,0.05,0.9801899918269004
68,1,0.10,0.9955625261487062
68,1,0.15,0.9958285486115696
68,1,0.20,0.996516848707721
68,1,0.25,0.9954295255430406
68,1,0.30,0.9965725641972132
68,1,0.35,0.9934497512618059
68,1,0.40,0.9972472707305451
68,1,0.45,0.9949608700800558
68,1,0.50,0.995279017707848
68,1,0.55,0.9983082758851984
68,1,0.60,0.9982310471352809
68,1,0.65,0.9950594680097629
68,1,0.70,0.997316841530102
68,1,0.75,0.9936082009756776
68,1,0.80,0.9942611330294722
68,1,0.85,0.9942058845466701
68,1,0.90,0.9956184689888051
68,1,0.95,0.9960910921487863
68,2,0.05,0.9283614859781111
68,2,0.10,0.9937235246079144
68,2,0.15,0.995764089033363
68,2,0.20,0.997105460317176
68,2,0.25,0.9962838942660844
68,2,0.30,0.996924634793811
68,2,0.35,0.9964479805479406
68,2,0.40,0.9972965471968399
68,2,0.45,0.9981653134475382
68,2,0.50,0.9977372487474574
68,2,0.55,0.9975848552652444
68,2,0.60,0.9977522788687554
68,2,0.65,0.9918769888619311
68,2,0.70,0.9977986815359847
68,2,0.75,0.9963222142133452
68,2,0.80,0.9970433432785331
68,2,0.85,0.9930475984159864
68,2,0.90,0.9973366109875187
68,2,0.95,0.9956500052687068
68,3,0.05,0.9297987850959714
68,3,0.10,0.9849193879436068
68,3,0.15,0.9948813207949833
68,3,0.20,0.9940079901732772
68,3,0.25,0.9969922620903641
68,3,0.30,0.9973283735983415
68,3,0.35,0.9967050635071338
68,3,0.40,0.9973213778281945
68,3,0.45,0.9979215240479022
68,3,0.50,0.9977800835142621
68,3,0.55,0.9979992503625432
68,3,0.60,0.9947681822197281
68,3,0.65,0.9945147462319001
68,3,0.70,0.9974074250471026
68,3,0.75,0.995942704555648
68,3,0.80,0.9938909072635302
68,3,0.85,0.9936051036389403
68,3,0.90,0.9950610504835483
68,3,0.95,0.9980387693089064
68,4,0.05,0.9462900809550829
68,4,0.10,0.991321201879236
68,4,0.15,0.9951786310282832
68,4,0.20,0.996269621889443
68,4,0.25,0.996833386870333
68,4,0.30,0.997803061502326
68,4,0.35,0.9968471555706999
68,4,0.40,0.9964665760562817
68,4,0.45,0.9952350227913813
68,4,0.50,0.9953774992654768
68,4,0.55,0.9967488578327833
68,4,0.60,0.9945951935030607
68,4,0.65,0.9970677298819818
68,4,0.70,0.9900038948026108
68,4,0.75,0.9949826034047624
68,4,0.80,0.9915563796890566
68,4,0.85,0.9957624631491373
68,4,0.90,0.9916615258268975
68,4,0.95,0.9979656576647649
68,5,0.05,0.9766864291981296
68,5,0.10,0.9847324573279482
68,5,0.15,0.9872342517668745
68,5,0.20,0.9964003928452493
68,5,0.25,0.9967172786366001
68,5,0.30,0.9953103969031304
68,5,0.35,0.9970947627081741
68,5,0.40,0.9967081094633097
68,5,0.45,0.9978039864027458
68,5,0.50,0.9900222462932566
68,5,0.55,0.9952002610050995
68,5,0.60,0.9974858619221794
68,5,0.65,0.9924573960793279
68,5,0.70,0.9980519545642962
68,5,0.75,0.9923083189935991
68,5,0.80,0.9940611977547139
68,5,0.85,0.9957801955618738
68,5,0.90,0.9961771591249801
68,5,0.95,0.9913960255073899
68,6,0.05,0.971457552495851
68,6,0.10,0.994792613865999
68,6,0.15,0.9905059426502031
68,6,0.20,0.9897926585248611
68,6,0.25,0.9976211339665055
68,6,0.30,0.9976456081222492
68,6,0.35,0.9974873565136936
68,6,0.40,0.9980453198196481
68,6,0.45,0.9971659437986025
68,6,0.50,0.9975958079869196
68,6,0.55,0.9944639557991515
68,6,0.60,0.9976885728523531
68,6,0.65,0.996172623119823
68,6,0.70,0.9935223094804341
68,6,0.75,0.9919716574344252
68,6,0.80,0.9948999092954615
68,6,0.85,0.9952073400361698
68,6,0.90,0.9977545016518158
68,6,0.95,0.9944508106531014
68,7,0.05,0.903244729048106
68,7,0.10,0.991114099274296
68,7,0.15,0.9946823649080919
68,7,0.20,0.997220941254081
68,7,0.25,0.9960620543376288
68,7,0.30,0.9970900693380375
68,7,0.35,0.9972858834098671
68,7,0.40,0.9974784025719333
68,7,0.45,0.9977921146932992
68,7,0.50,0.997948861021257
68,7,0.55,0.9982391252533587
68,7,0.60,0.9956166033539647
68,7,0.65,0.9952207713115304
68,7,0.70,0.9956355450255525
68,7,0.75,0.9930113102319169
68,7,0.80,0.9929423442270889
68,7,0.85,0.995495660820446
68,7,0.90,0.991996899300759
68,7,0.95,0.9941475448719135
68,8,0.05,0.9770204833933765
68,8,0.10,0.9939456979352874
68,8,0.15,0.994336501468122
68,8,0.20,0.9948177895206726
68,8,0.25,0.9974079535603737
68,8,0.30,0.9959057776152072
68,8,0.35,0.9935266381153978
68,8,0.40,0.9979604558123584
68,8,0.45,0.9975263266394683
68,8,0.50,0.9977026470999385
68,8,0.55,0.9977648949594029
68,8,0.60,0.9953036569733928
68,8,0.65,0.9966655190774525
68,8,0.70,0.9978047127019574
68,8,0.75,0.9948953886945131
68,8,0.80,0.9974300064863875
68,8,0.85,0.9954481599649452
68,8,0.90,0.9922711521533717
68,8,0.95,0.9974251229083863
68,9,0.05,0.9448131340226548
68,9,0.10,0.9896674306011846
68,9,0.15,0.9962730989102702
68,9,0.20,0.9975633578680932
68,9,0.25,0.9960644285435561
68,9,0.30,0.9970801562661255
68,9,0.35,0.9978777351589777
68,9,0.40,0.9951506248154445
68,9,0.45,0.9970252902952329
68,9,0.50,0.9971824318523204
68,9,0.55,0.9981325552581085
68,9,0.60,0.9981091191720337
68,9,0.65,0.9975684604528464
68,9,0.70,0.9949712726440842
68,9,0.75,0.997341663705541
68,9,0.80,0.9941529163524709
68,9,0.85,0.9916173221977557
68,9,0.90,0.9924574063684544
68,9,0.95,0.9911985807337184
69,0,0.05,0.9789751970013923
69,0,0.10,0.992902998421474
69,0,0.15,0.9958801102221947
69,0,0.20,0.996721134122097
69,0,0.25,0.9961108101862913
69,0,0.30,0.995341171930529
69,0,0.35,0.9961229705831689
69,0,0.40,0.9931931613840733
69,0,0.45,0.9961704416879005
69,0,0.50,0.9983281756635779
69,0,0.55,0.9973224201196729
69,0,0.60,0.9976540273150797
69,0,0.65,0.9974824902339086
69,0,0.70,0.993693423376314
69,0,0.75,0.9975445832316642
69,0,0.80,0.9974979516507968
69,0,0.85,0.9960844038447154
69,0,0.90,0.9957201829093466
69,0,0.95,0.9979258432665145
69,1,0.05,0.9901105506272783
69,1,0.10,0.9906126476741308
69,1,0.15,0.9932616148055315
69,1,0.20,0.9958463344309569
69,1,0.25,0.9960951909848372
69,1,0.30,0.9937743654371388
69,1,0.35,0.9975898405695058
69,1,0.40,0.9945306930702068
69,1,0.45,0.9957915028112628
69,1,0.50,0.9936114255428672
69,1,0.55,0.996459224750726
69,1,0.60,0.9976770377512498
69,1,0.65,0.9946079831189439
69,1,0.70,0.9976760973907812
69,1,0.75,0.9956144153558507
69,1,0.80,0.9953506631278516
69,1,0.85,0.9976295825877686
69,1,0.90,0.9978059817623741
69,1,0.95,0.9981035961593404
69,2,0.05,0.9930078687431763
69,2,0.10,0.9906766247523192
69,2,0.15,0.9890063890814469
69,2,0.20,0.9979831726323383
69,2,0.25,0.993185688732221
69,2,0.30,0.9948866801605335
69,2,0.35,0.9966468459772
69,2,0.40,0.9939130018095239
69,2,0.45,0.9932995904240326
69,2,0.50,0.9975669689369316
69,2,0.55,0.9938969854669542
69,2,0.60,0.9935897495238647
69,2,0.65,0.9973774890490918
69,2,0.70,0.9947536123963425
69,2,0.75,0.9934451993346108
69,2,0.80,0.9977182841142892
69,2,0.85,0.994033992422731
69,2,0.90,0.9979283468593504
69,2,0.95,0.9950427161963294
69,3,0.05,0.9737509351050418
69,3,0.10,0.9914489747888431
69,3,0.15,0.9900108733154203
69,3,0.20,0.9949478744515173
69,3,0.25,0.9970461139113891
69,3,0.30,0.9941133980564013
69,3,0.35,0.9967986452442774
69,3,0.40,0.9930751443660691
69,3,0.45,0.9950608434573238
69,3,0.50,0.995685837024904
69,3,0.55,0.9961222032871744
69,3,0.60,0.9954775086443091
69,3,0.65,0.9979296361646307
69,3,0.70,0.9921531790825873
69,3,0.75,0.9910977644940295
69,3,0.80,0.9971018494807506
69,3,0.85,0.998010600492222
69,3,0.90,0.9963046167363815
69,3,0.95,0.995981865371672
69,4,0.05,0.9936218936946409
69,4,0.10,0.9967209862932923
69,4,0.15,0.9970589185110378
69,4,0.20,0.9927747565897516
69,4,0.25,0.9963971502400027
69,4,0.30,0.9967899440019254
69,4,0.35,0.9953055344982743
69,4,0.40,0.9942983904614431
69,4,0.45,0.9978546183153783
69,4,0.50,0.9948629857124004
69,4,0.55,0.9975671996769389
69,4,0.60,0.9950945537212111
69,4,0.65,0.9952538398732612
69,4,0.70,0.9913717238681284
69,4,0.75,0.9948877108682204
69,4,0.80,0.9948668186080251
69,4,0.85,0.9959909817469854
69,4,0.90,0.9908946747868591
69,4,0.95,0.9979185496837422
69,5,0.05,0.9774501837580479
69,5,0.10,0.9939340020706999
69,5,0.15,0.9981747540503764
69,5,0.20,0.9950932839876913
69,5,0.25,0.9955434960141166
69,5,0.30,0.9961534774396973
69,5,0.35,0.995625504287611
69,5,0.40,0.9935348848142079
69,5,0.45,0.9924402323815442
69,5,0.50,0.9907858364084838
69,5,0.55,0.9947577230361427
69,5,0.60,0.9931873507711654
69,5,0.65,0.9974917513480172
69,5,0.70,0.9955107937228165
69,5,0.75,0.995065100521592
69,5,0.80,0.9953317839852412
69,5,0.85,0.9954999907299552
69,5,0.90,0.9979427960913095
69,5,0.95,0.9961057289956444
69,6,0.05,0.9841130029249476
69,6,0.10,0.9849186543506807
69,6,0.15,0.9956758966172702
69,6,0.20,0.9963112984064544
69,6,0.25,0.9928001007247546
69,6,0.30,0.9963015713912265
69,6,0.35,0.9945780083517007
69,6,0.40,0.9933368983690442
69,6,0.45,0.9913083783705899
69,6,0.50,0.9967915835966099
69,6,0.55,0.9967800193970587
69,6,0.60,0.9974285570875796
69,6,0.65,0.9957869832858013
69,6,0.70,0.9972221552638965
69,6,0.75,0.995131708655135
69,6,0.80,0.9972064717526811
69,6,0.85,0.9952943008904989
69,6,0.90,0.9980855380124766
69,6,0.95,0.9953430020841714
69,7,0.05,0.990271827251059
69,7,0.10,0.9840112172161982
69,7,0.15,0.9957351880818343
69,7,0.20,0.9969128027461659
69,7,0.25,0.9960291391317032
69,7,0.30,0.9973135668459888
69,7,0.35,0.9959557902604896
69,7,0.40,0.9978826897947701
69,7,0.45,0.9968018522499792
69,7,0.50,0.9952422992908436
69,7,0.55,0.9956903791669454
69,7,0.60,0.9976524047503164
69,7,0.65,0.9953504424058275
69,7,0.70,0.9981160282654713
69,7,0.75,0.9949332189880344
69,7,0.80,0.9957106153444693
69,7,0.85,0.9957330889075999
69,7,0.90,0.997483254826611
69,7,0.95,0.9965498422494373
69,8,0.05,0.991143345882741
69,8,0.10,0.993710977610137
69,8,0.15,0.9958088611272943
69,8,0.20,0.9974922986121839
69,8,0.25,0.9971549879786799
69,8,0.30,0.9909369917832103
69,8,0.35,0.9949941266643718
69,8,0.40,0.992233947762435
69,8,0.45,0.9949474624982735
69,8,0.50,0.9963099203837101
69,8,0.55,0.995361950736486
69,8,0.60,0.9976708180001962
69,8,0.65,0.995341270828352
69,8,0.70,0.9980122034410793
69,8,0.75,0.9959732823593888
69,8,0.80,0.9978170581791332
69,8,0.85,0.9947042223379372
69,8,0.90,0.9958980155691203
69,8,0.95,0.9957565703733736
69,9,0.05,0.9886354389189157
69,9,0.10,0.9937650772689585
69,9,0.15,0.9936115007972781
69,9,0.20,0.9948727771219166
69,9,0.25,0.9973809198751085
69,9,0.30,0.9941594017442449
69,9,0.35,0.995176510108023
69,9,0.40,0.9972543582109296
69,9,0.45,0.993835651529428
69,9,0.50,0.9961200006248451
69,9,0.55,0.992831232392831
69,9,0.60,0.9973015214978117
69,9,0.65,0.9971154327881693
69,9,0.70,0.9955319576694518
69,9,0.75,0.9970998529404372
69,9,0.80,0.9930917303910023
69,9,0.85,0.9975281217710353
69,9,0.90,0.9939660309069293
69,9,0.95,0.9956720052658617
70,0,0.05,0.9703894211502109
70,0,0.10,0.9920936957682545
70,0,0.15,0.9965579323143194
70,0,0.20,0.9915381530961757
70,0,0.25,0.992524926346137
70,0,0.30,0.9932421296816837
70,0,0.35,0.9975445518005355
70,0,0.40,0.997650986561944
70,0,0.45,0.9977982553274146
70,0,0.50,0.9956250468457694
70,0,0.55,0.9975208654093641
70,0,0.60,0.9961849882935956
70,0,0.65,0.9976782697001383
70,0,0.70,0.9950601043884238
70,0,0.75,0.9958754169771056
70,0,0.80,0.99170628973701
70,0,0.85,0.9976257500431919
70,0,0.90,0.9981308187034879
70,0,0.95,0.9946530382555041
70,1,0.05,0.9510770604850264
70,1,0.10,0.9928927291103102
70,1,0.15,0.9919361436615277
70,1,0.20,0.9919688678179339
70,1,0.25,0.9922565703347678
70,1,0.30,0.9953086851293085
70,1,0.35,0.9906678775278446
70,1,0.40,0.9974138677811615
70,1,0.45,0.997315559852466
70,1,0.50,0.9974404803751724
70,1,0.55,0.9946556803247482
70,1,0.60,0.9973273401018488
70,1,0.65,0.9981090834977657
70,1,0.70,0.9972716526885435
70,1,0.75,0.9952513648568782
70,1,0.80,0.9959471745175017
70,1,0.85,0.995057412134491
70,1,0.90,0.9945347441602865
70,1,0.95,0.9926404525856914
70,2,0.05,0.9818854452644806
70,2,0.10,0.9885164360406311
70,2,0.15,0.9966943298032134
70,2,0.20,0.9927878515469604
70,2,0.25,0.9955110115819583
70,2,0.30,0.9973681456341944
70,2,0.35,0.996513894239132
70,2,0.40,0.9938146416727184
70,2,0.45,0.9948244999964044
70,2,0.50,0.9976165283930939
70,2,0.55,0.9972059303176668
70,2,0.60,0.9971790494280873
70,2,0.65,0.9981277302570815
70,2,0.70,0.9958865885575311
70,2,0.75,0.9979750209817199
70,2,0.80,0.995563634264628
70,2,0.85,0.9958864536673038
70,2,0.90,0.9927621050458331
70,2,0.95,0.9923889806438515
70,3,0.05,0.9662025017755677
70,3,0.10,0.9904513440155716
70,3,0.15,0.9965307486637375
70,3,0.20,0.9943572272309782
70,3,0.25,0.9948989779857743
70,3,0.30,0.9948695778733779
70,3,0.35,0.9952753379846899
70,3,0.40,0.995848035027751
70,3,0.45,0.9971736860868157
70,3,0.50,0.9978590192785161
70,3,0.55,0.9977901243213175
70,3,0.60,0.9976320665740073
70,3,0.65,0.9980854648562225
70,3,0.70,0.9982400167957345
70,3,0.75,0.9950400595251706
70,3,0.80,0.9955799320846238
70,3,0.85,0.9921597639788189
70,3,0.90,0.9977671064894843
70,3,0.95,0.994970219756894
70,4,0.05,0.9890342680699679
70,4,0.10,0.9932014408753103
70,4,0.15,0.99281409915908
70,4,0.20,0.9881368126317867
70,4,0.25,0.9975414143735714
70,4,0.30,0.9967807494681387
70,4,0.35,0.9925318212308216
70,4,0.40,0.9951854045370728
70,4,0.45,0.9975613595575431
70,4,0.50,0.9967720007743285
70,4,0.55,0.9945506743750614
70,4,0.60,0.9975543009559611
70,4,0.65,0.9981369708107621
70,4,0.70,0.990904982690141
70,4,0.75,0.9948574692956265
70,4,0.80,0.9964513741553704
70,4,0.85,0.9955494897534327
70,4,0.90,0.9973905306623879
70,4,0.95,0.9973922421109414
70,5,0.05,0.9956968528985332
70,5,0.10,0.9826306049136031
70,5,0.15,0.992935383997742
70,5,0.20,0.9936613103032896
70,5,0.25,0.9887164492759937
70,5,0.30,0.9968369309172274
70,5,0.35,0.9967701463309522
70,5,0.40,0.991227478158167
70,5,0.45,0.9927452032025367
70,5,0.50,0.9978016177598213
70,5,0.55,0.9976368648682399
70,5,0.60,0.9977321108586779
70,5,0.65,0.9981382100217822
70,5,0.70,0.9975462942615531
70,5,0.75,0.9970394224634777
70,5,0.80,0.9981577546408633
70,5,0.85,0.9975984757675173
70,5,0.90,0.998135426302541
70,5,0.95,0.9980252154330563
70,6,0.05,0.958259280006808
70,6,0.10,0.9912513352110515
70,6,0.15,0.9897209868026098
70,6,0.20,0.9968426063259007
70,6,0.25,0.9971094214875474
70,6,0.30,0.9969221322382177
70,6,0.35,0.995437179921743
70,6,0.40,0.9977630920342151
70,6,0.45,0.9977944084972327
70,6,0.50,0.9981491187377302
70,6,0.55,0.9945013871606002
70,6,0.60,0.9984327242188993
70,6,0.65,0.9956250932334277
70,6,0.70,0.9929564598629986
70,6,0.75,0.9948438319299655
70,6,0.80,0.9980645152847744
70,6,0.85,0.9979033023871642
70,6,0.90,0.9980473982647877
70,6,0.95,0.9974894215688851
70,7,0.05,0.9673597301169872
70,7,0.10,0.9870334683797256
70,7,0.15,0.9948306367328125
70,7,0.20,0.9975867514384026
70,7,0.25,0.9965867210217311
70,7,0.30,0.9922259123834908
70,7,0.35,0.992428209082615
70,7,0.40,0.9978987525886804
70,7,0.45,0.9975133030507083
70,7,0.50,0.9948483599107251
70,7,0.55,0.995658251852385
70,7,0.60,0.9980119557377614
70,7,0.65,0.9974872479613242
70,7,0.70,0.994493138937353
70,7,0.75,0.99587159079754
70,7,0.80,0.9957048222187198
70,7,0.85,0.9917236758543122
70,7,0.90,0.9981696369990769
70,7,0.95,0.9976359528440287
70,8,0.05,0.988685847182038
70,8,0.10,0.9870046018185509
70,8,0.15,0.9936256030101452
70,8,0.20,0.9966713723208286
70,8,0.25,0.9908223583368283
70,8,0.30,0.9979885680575711
70,8,0.35,0.995744851472305
70,8,0.40,0.9979015034684265
70,8,0.45,0.9979885105673568
70,8,0.50,0.9978746594539228
70,8,0.55,0.9910670300369845
70,8,0.60,0.995619220831245
70,8,0.65,0.9979584865295943
70,8,0.70,0.996037274263313
70,8,0.75,0.9970465530533812
70,8,0.80,0.9955394648887282
70,8,0.85,0.9965899277749226
70,8,0.90,0.9945729338624865
70,8,0.95,0.9949430583808987
70,9,0.05,0.9876968875762664
70,9,0.10,0.9901853018083503
70,9,0.15,0.9951694820714824
70,9,0.20,0.9968475142334258
70,9,0.25,0.9914302731193191
70,9,0.30,0.9968544946165924
70,9,0.35,0.9903842152350356
70,9,0.40,0.9969598402508886
70,9,0.45,0.9920474629737696
70,9,0.50,0.9943823398632665
70,9,0.55,0.9972367673343819
70,9,0.60,0.995776428342726
70,9,0.65,0.9976962253931816
70,9,0.70,0.9982623684408936
70,9,0.75,0.9976854506950391
70,9,0.80,0.9960788609195187
70,9,0.85,0.9975098126020022
70,9,0.90,0.9978892622731418
70,9,0.95,0.9954666931907722
71,0,0.05,0.961122434412022
71,0,0.10,0.9951255181363434
71,0,0.15,0.9974604759316094
71,0,0.20,0.995350433910591
71,0,0.25,0.9969704311794073
71,0,0.30,0.9974892460516238
71,0,0.35,0.9940542436620068
71,0,0.40,0.9972126027957525
71,0,0.45,0.9940579375166936
71,0,0.50,0.9974357968804605
71,0,0.55,0.9973855803079749
71,0,0.60,0.9962678041545788
71,0,0.65,0.9975935351363684
71,0,0.70,0.9978402853468434
71,0,0.75,0.9954846562261891
71,0,0.80,0.9974756671261391
71,0,0.85,0.9937756852862457
71,0,0.90,0.9981669509930471
71,0,0.95,0.9978390886197014
71,1,0.05,0.9854501392568129
71,1,0.10,0.9925974972795291
71,1,0.15,0.9957083866666282
71,1,0.20,0.9938578080695172
71,1,0.25,0.9951045362501972
71,1,0.30,0.9965497820820843
71,1,0.35,0.9973118755519604
71,1,0.40,0.9964856710006198
71,1,0.45,0.9979454144111432
71,1,0.50,0.9954509688159834
71,1,0.55,0.9950543222160847
71,1,0.60,0.9982591577014017
71,1,0.65,0.9955897192121712
71,1,0.70,0.998034263118812
71,1,0.75,0.9977508591821656
71,1,0.80,0.997791939318943
71,1,0.85,0.9977331545378386
71,1,0.90,0.9958623444582595
71,1,0.95,0.9927542713971009
71,2,0.05,0.9937399167476781
71,2,0.10,0.9926696454830517
71,2,0.15,0.9971162915029628
71,2,0.20,0.9941251177224517
71,2,0.25,0.9974878437941935
71,2,0.30,0.9934694813299622
71,2,0.35,0.9950706584228466
71,2,0.40,0.99393744961785
71,2,0.45,0.9975094046601762
71,2,0.50,0.9983279751568428
71,2,0.55,0.9974052463769761
71,2,0.60,0.9980603045179472
71,2,0.65,0.9971386384289765
71,2,0.70,0.9977650639364507
71,2,0.75,0.9935253201241241
71,2,0.80,0.9958964787402769
71,2,0.85,0.997630986270685
71,2,0.90,0.9957367378372984
71,2,0.95,0.992303982097931
71,3,0.05,0.9929719961596684
71,3,0.10,0.9922161714336062
71,3,0.15,0.9944534370661001
71,3,0.20,0.9925738208939756
71,3,0.25,0.9926479335082917
71,3,0.30,0.9974966053713209
71,3,0.35,0.9974663401776419
71,3,0.40,0.9978198121886582
71,3,0.45,0.9976625223942275
71,3,0.50,0.9914346800367125
71,3,0.55,0.9906936128048932
71,3,0.60,0.9976461647190515
71,3,0.65,0.9953450149649921
71,3,0.70,0.9977150610088391
71,3,0.75,0.9980510038507693
71,3,0.80,0.9968533670042465
71,3,0.85,0.9981654958291419
71,3,0.90,0.9978228301201775
71,3,0.95,0.9919829832866882
71,4,0.05,0.9736898013593416
71,4,0.10,0.990609875861425
71,4,0.15,0.9947096621530894
71,4,0.20,0.9945852494011216
71,4,0.25,0.9953751273467721
71,4,0.30,0.9962606352648549
71,4,0.35,0.9971128578235526
71,4,0.40,0.9977052510014114
71,4,0.45,0.9971752501483544
71,4,0.50,0.9970194226314889
71,4,0.55,0.9975365499182001
71,4,0.60,0.9983876168101175
71,4,0.65,0.9939081758270277
71,4,0.70,0.9974907910872894
71,4,0.75,0.9956418675291434
71,4,0.80,0.998066569294935
71,4,0.85,0.9970178201941485
71,4,0.90,0.9973389659624077
71,4,0.95,0.9946284514497143
71,5,0.05,0.9764295622699037
71,5,0.10,0.9884847376207663
71,5,0.15,0.9953874487918228
71,5,0.20,0.9967092510812999
71,5,0.25,0.9954622133389075
71,5,0.30,0.9973665190066207
71,5,0.35,0.9935235686816791
71,5,0.40,0.9974873486274428
71,5,0.45,0.9978608534421542
71,5,0.50,0.9975433339258931
71,5,0.55,0.9972052166302728
71,5,0.60,0.9955702262934323
71,5,0.65,0.9970789280378899
71,5,0.70,0.9936104819529458
71,5,0.75,0.9979048239735457
71,5,0.80,0.9949225193691263
71,5,0.85,0.9954866618086226
71,5,0.90,0.9951951286716076
71,5,0.95,0.9950762717548532
71,6,0.05,0.8475955119650337
71,6,0.10,0.9929105888180066
71,6,0.15,0.9940894746699176
71,6,0.20,0.9976976192879359
71,6,0.25,0.9962961275772677
71,6,0.30,0.9972169571543497
71,6,0.35,0.9967507029713171
71,6,0.40,0.9903799008551782
71,6,0.45,0.996906228638263
71,6,0.50,0.9971203771347459
71,6,0.55,0.9971580486267382
71,6,0.60,0.9978199230793269
71,6,0.65,0.9974124924280289
71,6,0.70,0.9975059339309592
71,6,0.75,0.9981600958769573
71,6,0.80,0.9935504008759138
71,6,0.85,0.9977706372854425
71,6,0.90,0.9975959812033554
71,6,0.95,0.9954783829116541
71,7,0.05,0.9706341497711926
71,7,0.10,0.9916965094066499
71,7,0.15,0.9975025060683745
71,7,0.20,0.9960922379771238
71,7,0.25,0.991669842537845
71,7,0.30,0.9966437508269003
71,7,0.35,0.9957708565311609
71,7,0.40,0.9931762693950418
71,7,0.45,0.9961608891977989
71,7,0.50,0.9976902229308898
71,7,0.55,0.9967169659955545
71,7,0.60,0.9976744283878991
71,7,0.65,0.9943355076389536
71,7,0.70,0.9978707652060882
71,7,0.75,0.9983903032583551
71,7,0.80,0.9978404990081494
71,7,0.85,0.9956254588658322
71,7,0.90,0.9949472341477935
71,7,0.95,0.9981551631909671
71,8,0.05,0.9864513891563077
71,8,0.10,0.9944887943796141
71,8,0.15,0.9944453752973046
71,8,0.20,0.9935866627132786
71,8,0.25,0.9917463155357328
71,8,0.30,0.9971738849222099
71,8,0.35,0.9973661590784982
71,8,0.40,0.9948873465232205
71,8,0.45,0.9978460483470236
71,8,0.50,0.9981578267157535
71,8,0.55,0.9968730300318905
71,8,0.60,0.9974991903083014
71,8,0.65,0.9928894651182585
71,8,0.70,0.9980419785867364
71,8,0.75,0.995277041015267
71,8,0.80,0.9951901774093477
71,8,0.85,0.9958331499958245
71,8,0.90,0.9947319158898879
71,8,0.95,0.996097294031887
71,9,0.05,0.9525606594948987
71,9,0.10,0.9939206259745714
71,9,0.15,0.9958755402498274
71,9,0.20,0.9970149867547127
71,9,0.25,0.9945187351074884
71,9,0.30,0.9964617554536265
71,9,0.35,0.9979622304407141
71,9,0.40,0.9954214193807046
71,9,0.45,0.9970311979497511
71,9,0.50,0.9973034088945321
71,9,0.55,0.9974213291856805
71,9,0.60,0.9952395517834769
71,9,0.65,0.9959855768946608
71,9,0.70,0.9935075561619449
71,9,0.75,0.9984144715982295
71,9,0.80,0.9956283067685326
71,9,0.85,0.9951180187840567
71,9,0.90,0.9956278964362668
71,9,0.95,0.9952230236581163
72,0,0.05,0.9840628713434078
72,0,0.10,0.9941754022079164
72,0,0.15,0.9913918257817523
72,0,0.20,0.9913177077108065
72,0,0.25,0.9967790276367773
72,0,0.30,0.9953021212680564
72,0,0.35,0.9976511083628551
72,0,0.40,0.9972646029671892
72,0,0.45,0.9974605013590346
72,0,0.50,0.9971479368700121
72,0,0.55,0.9978201731909702
72,0,0.60,0.9979161341324546
72,0,0.65,0.9976654641897383
72,0,0.70,0.9945666995000674
72,0,0.75,0.9928961006197732
72,0,0.80,0.9982294437393797
72,0,0.85,0.9951512064463713
72,0,0.90,0.9947670310811368
72,0,0.95,0.9950669561848295
72,1,0.05,0.959405400906103
72,1,0.10,0.9960218530868751
72,1,0.15,0.992071520579154
72,1,0.20,0.9966490302408516
72,1,0.25,0.9925506675793972
72,1,0.30,0.9922071693383143
72,1,0.35,0.99595494286294
72,1,0.40,0.997813054061263
72,1,0.45,0.9973379246141899
72,1,0.50,0.9979076375969852
72,1,0.55,0.9953264546877495
72,1,0.60,0.9974936701974717
72,1,0.65,0.9975531016074121
72,1,0.70,0.9973250035888194
72,1,0.75,0.9975422014789784
72,1,0.80,0.9950134970177281
72,1,0.85,0.9937368222857291
72,1,0.90,0.9970865260915985
72,1,0.95,0.9949308584620927
72,2,0.05,0.9871424434851787
72,2,0.10,0.9892527963227435
72,2,0.15,0.996064540435965
72,2,0.20,0.9936123398793609
72,2,0.25,0.9932634088359158
72,2,0.30,0.9979510724095632
72,2,0.35,0.9979353012763322
72,2,0.40,0.9955102657120234
72,2,0.45,0.9969673039107513
72,2,0.50,0.9958641823525857
72,2,0.55,0.9981844582601666
72,2,0.60,0.9951125184234872
72,2,0.65,0.998238109850813
72,2,0.70,0.9946196156553772
72,2,0.75,0.9929791464494166
72,2,0.80,0.9953084810926299
72,2,0.85,0.995718113943491
72,2,0.90,0.9947782370384348
72,2,0.95,0.9954982318550428
72,3,0.05,0.870775533761173
72,3,0.10,0.9964248503255121
72,3,0.15,0.994298423944629
72,3,0.20,0.9947411934867432
72,3,0.25,0.9920367039426571
72,3,0.30,0.9963512150612114
72,3,0.35,0.9970143356868016
72,3,0.40,0.9951495911727715
72,3,0.45,0.9965586178305816
72,3,0.50,0.9947354728420869
72,3,0.55,0.9948882872571283
72,3,0.60,0.9934891698637125
72,3,0.65,0.9950904484018575
72,3,0.70,0.9962327437297751
72,3,0.75,0.9913054494640974
72,3,0.80,0.9946021286546515
72,3,0.85,0.9948054003341124
72,3,0.90,0.9932715724823151
72,3,0.95,0.9952958454856728
72,4,0.05,0.9780509184536604
72,4,0.10,0.9866037870309021
72,4,0.15,0.9944380774493493
72,4,0.20,0.9907291758673262
72,4,0.25,0.9963825757192079
72,4,0.30,0.9937155126668844
72,4,0.35,0.9980632589430983
72,4,0.40,0.9975504662374255
72,4,0.45,0.9901703511411187
72,4,0.50,0.9978360706003704
72,4,0.55,0.9979820794462443
72,4,0.60,0.9971931688562198
72,4,0.65,0.9969865887553213
72,4,0.70,0.9983028557890169
72,4,0.75,0.9975803721957803
72,4,0.80,0.9968778079414806
72,4,0.85,0.997976037678653
72,4,0.90,0.9919792704327369
72,4,0.95,0.9948452824433897
72,5,0.05,0.9427943158284874
72,5,0.10,0.9916225282947294
72,5,0.15,0.9923659837364733
72,5,0.20,0.9934724976264642
72,5,0.25,0.9919693155416375
72,5,0.30,0.997222677153061
72,5,0.35,0.9978943501941339
72,5,0.40,0.9969192320163842
72,5,0.45,0.997052727811912
72,5,0.50,0.9953236889791206
72,5,0.55,0.9984863317940201
72,5,0.60,0.9978449199986644
72,5,0.65,0.9971691815781145
72,5,0.70,0.9978189088347231
72,5,0.75,0.9942644901488683
72,5,0.80,0.9950017843923374
72,5,0.85,0.9909614166954394
72,5,0.90,0.9930422066277825
72,5,0.95,0.9954634983181687
72,6,0.05,0.9843980296365592
72,6,0.10,0.9911727396436909
72,6,0.15,0.9912594043278088
72,6,0.20,0.9969407503664559
72,6,0.25,0.9960540479251736
72,6,0.30,0.9970016464992457
72,6,0.35,0.9951776085321242
72,6,0.40,0.9977248091061278
72,6,0.45,0.9982158070407139
72,6,0.50,0.995753130649278
72,6,0.55,0.998043059269936
72,6,0.60,0.9942429424777715
72,6,0.65,0.9981638453046743
72,6,0.70,0.9968809648923477
72,6,0.75,0.9955184394062158
72,6,0.80,0.9958386821185492
72,6,0.85,0.9975670816070514
72,6,0.90,0.9943752514143013
72,6,0.95,0.9954422877010862
72,7,0.05,0.9819523427040161
72,7,0.10,0.9922350266725077
72,7,0.15,0.9922320621408782
72,7,0.20,0.9979318072306766
72,7,0.25,0.9969738002376208
72,7,0.30,0.9963858834533501
72,7,0.35,0.9975602390209868
72,7,0.40,0.9933312306975719
72,7,0.45,0.9951515864390589
72,7,0.50,0.9972443461089135
72,7,0.55,0.9980107914252149
72,7,0.60,0.9979870673319468
72,7,0.65,0.9946379453246165
72,7,0.70,0.997809664410182
72,7,0.75,0.9958476624103734
72,7,0.80,0.9973941492421784
72,7,0.85,0.9943448592528484
72,7,0.90,0.9977855508911057
72,7,0.95,0.9973174140880352
72,8,0.05,0.9374376495895352
72,8,0.10,0.994814442342215
72,8,0.15,0.9964897094920714
72,8,0.20,0.9973404504720786
72,8,0.25,0.9934452418764483
72,8,0.30,0.9957158078599199
72,8,0.35,0.9971723046347692
72,8,0.40,0.9926479505167409
72,8,0.45,0.997844044236791
72,8,0.50,0.9980827055284834
72,8,0.55,0.9979118280648333
72,8,0.60,0.9974107911448028
72,8,0.65,0.9916625584172934
72,8,0.70,0.996797454731186
72,8,0.75,0.9974575489391961
72,8,0.80,0.9971026835072084
72,8,0.85,0.9952945186505293
72,8,0.90,0.994951266688241
72,8,0.95,0.9938720678688842
72,9,0.05,0.9812207926415351
72,9,0.10,0.9974485459680174
72,9,0.15,0.9915260521289057
72,9,0.20,0.9915171143921298
72,9,0.25,0.9963216364064722
72,9,0.30,0.9970140355946476
72,9,0.35,0.9977988857315372
72,9,0.40,0.9947155428823451
72,9,0.45,0.9972858861382075
72,9,0.50,0.9978522575028587
72,9,0.55,0.9950899926255218
72,9,0.60,0.9954251814434535
72,9,0.65,0.9974556300908507
72,9,0.70,0.9912952749570692
72,9,0.75,0.9957856070278095
72,9,0.80,0.9945524088688018
72,9,0.85,0.9958447546202156
72,9,0.90,0.9952368910509711
72,9,0.95,0.9955147843993883
73,0,0.05,0.969987675419169
73,0,0.10,0.9873132877257086
73,0,0.15,0.9966665828261534
73,0,0.20,0.9961935803682436
73,0,0.25,0.9967182863670027
73,0,0.30,0.9957998133490821
73,0,0.35,0.9947824969125388
73,0,0.40,0.9975157726264293
73,0,0.45,0.9975174572405887
73,0,0.50,0.9964068057125167
73,0,0.55,0.99769564761174
73,0,0.60,0.99607971869776
73,0,0.65,0.998327582362168
73,0,0.70,0.9975964224142639
73,0,0.75,0.9976828242084889
73,0,0.80,0.9980163961547207
73,0,0.85,0.9956596192155595
73,0,0.90,0.9937409896159819
73,0,0.95,0.9956654049714577
73,1,0.05,0.9808091002047236
73,1,0.10,0.9924114972812925
73,1,0.15,0.9947404020868148
73,1,0.20,0.9935284872870284
73,1,0.25,0.9939708109725715
73,1,0.30,0.9973000366597802
73,1,0.35,0.9973063467401116
73,1,0.40,0.9963451561660988
73,1,0.45,0.9945681816757359
73,1,0.50,0.9976423381826032
73,1,0.55,0.9946731953343899
73,1,0.60,0.9948579940282738
73,1,0.65,0.9976451574724313
73,1,0.70,0.9953434206896504
73,1,0.75,0.9974646444687846
73,1,0.80,0.9948457769884389
73,1,0.85,0.9945143344762696
73,1,0.90,0.9949201170360689
73,1,0.95,0.9978436589677604
73,2,0.05,0.9871166142399164
73,2,0.10,0.9904407050446472
73,2,0.15,0.9938643377185469
73,2,0.20,0.9968302634773587
73,2,0.25,0.9975364401247525
73,2,0.30,0.9975423451691442
73,2,0.35,0.9954681727733623
73,2,0.40,0.9939248360374946
73,2,0.45,0.990581319173223
73,2,0.50,0.9905757982168633
73,2,0.55,0.9959497952908832
73,2,0.60,0.9939407947062884
73,2,0.65,0.9976082999725623
73,2,0.70,0.9977087471141179
73,2,0.75,0.9980160072013672
73,2,0.80,0.9928428941361115
73,2,0.85,0.993363470682923
73,2,0.90,0.9976239212083791
73,2,0.95,0.9973543290592235
73,3,0.05,0.9863228336558519
73,3,0.10,0.9883711187339109
73,3,0.15,0.9924054897085268
73,3,0.20,0.996113468943289
73,3,0.25,0.9938191235236538
73,3,0.30,0.9954079301545298
73,3,0.35,0.997160086076661
73,3,0.40,0.9974831638215944
73,3,0.45,0.996894412551053
73,3,0.50,0.9942728334545506
73,3,0.55,0.9942367184742792
73,3,0.60,0.9977702856446218
73,3,0.65,0.9949857410090043
73,3,0.70,0.9947478364687624
73,3,0.75,0.9957114723528928
73,3,0.80,0.9950644290996068
73,3,0.85,0.9955713854637408
73,3,0.90,0.9933949691569961
73,3,0.95,0.99737561787559
73,4,0.05,0.9500399364773091
73,4,0.10,0.9956705082998604
73,4,0.15,0.9959065276465343
73,4,0.20,0.9969919421129868
73,4,0.25,0.9926709245505921
73,4,0.30,0.9937389733777912
73,4,0.35,0.9939872517285501
73,4,0.40,0.9973612154071725
73,4,0.45,0.9966195522411702
73,4,0.50,0.994969454178465
73,4,0.55,0.9968585711457302
73,4,0.60,0.9977825213580953
73,4,0.65,0.9949082876624988
73,4,0.70,0.9955386002559364
73,4,0.75,0.9979618786980397
73,4,0.80,0.9947201464001874
73,4,0.85,0.9941352026561794
73,4,0.90,0.9976737915706482
73,4,0.95,0.997426936804278
73,5,0.05,0.9441587512955025
73,5,0.10,0.9880116041290983
73,5,0.15,0.9966696037649957
73,5,0.20,0.9920008624192235
73,5,0.25,0.9930766453258949
73,5,0.30,0.9964742468432762
73,5,0.35,0.9946085409306599
73,5,0.40,0.9970861899074628
73,5,0.45,0.9901542660124153
73,5,0.50,0.9948463050661361
73,5,0.55,0.9976414618465659
73,5,0.60,0.9972618183641021
73,5,0.65,0.9975889013435398
73,5,0.70,0.9947401983032663
73,5,0.75,0.9979959892508381
73,5,0.80,0.9961053480498235
73,5,0.85,0.9971357944724799
73,5,0.90,0.9936972925654021
73,5,0.95,0.9983246996028202
73,6,0.05,0.9825641775548979
73,6,0.10,0.986333177947896
73,6,0.15,0.9903390264815041
73,6,0.20,0.9965012456356547
73,6,0.25,0.9892773378663914
73,6,0.30,0.9943118016092598
73,6,0.35,0.9912988130645739
73,6,0.40,0.9942258371159565
73,6,0.45,0.9907851499151654
73,6,0.50,0.9976797115330249
73,6,0.55,0.9972317007187577
73,6,0.60,0.9977135558249719
73,6,0.65,0.9980912822629855
73,6,0.70,0.994780149802211
73,6,0.75,0.9973123487547081
73,6,0.80,0.9975941922359497
73,6,0.85,0.9972372980157002
73,6,0.90,0.9915417690824383
73,6,0.95,0.9981912405451837
73,7,0.05,0.8894535344182573
73,7,0.10,0.992172318564036
73,7,0.15,0.9940653521142608
73,7,0.20,0.9953075505379269
73,7,0.25,0.992520426555176
73,7,0.30,0.9974724111667932
73,7,0.35,0.9938019372627543
73,7,0.40,0.9943822116002601
73,7,0.45,0.9948640127441228
73,7,0.50,0.994918367588444
73,7,0.55,0.9970519865236794
73,7,0.60,0.9954217050066283
73,7,0.65,0.9979401329653873
73,7,0.70,0.9958093529987617
73,7,0.75,0.9970438061716981
73,7,0.80,0.9981713997402956
73,7,0.85,0.9953921794528441
73,7,0.90,0.9979436214478937
73,7,0.95,0.9959102146795883
73,8,0.05,0.9608500774422216
73,8,0.10,0.9911300493391424
73,8,0.15,0.9940135928900012
73,8,0.20,0.995064073288649
73,8,0.25,0.9949188914430301
73,8,0.30,0.997561618793688
73,8,0.35,0.9959422874766233
73,8,0.40,0.9969390585579332
73,8,0.45,0.9978623796603181
73,8,0.50,0.996833044661042
73,8,0.55,0.9972656065792308
73,8,0.60,0.9959208427380286
73,8,0.65,0.9965736623562191
73,8,0.70,0.9981383082737091
73,8,0.75,0.9978768924244188
73,8,0.80,0.9975832747987411
73,8,0.85,0.9975862100025621
73,8,0.90,0.9950796414932723
73,8,0.95,0.9974423003056377
73,9,0.05,0.9388883707937223
73,9,0.10,0.9839503227118955
73,9,0.15,0.9932771622596426
73,9,0.20,0.9964260720525691
73,9,0.25,0.9978569681489909
73,9,0.30,0.9982119501172578
73,9,0.35,0.9967276582325117
73,9,0.40,0.9970554443451285
73,9,0.45,0.9883427764310148
73,9,0.50,0.9972544541254275
73,9,0.55,0.9976494619997791
73,9,0.60,0.9947112760255552
73,9,0.65,0.9978288130155674
73,9,0.70,0.9952695059557709
73,9,0.75,0.9977468997978518
73,9,0.80,0.997699276067979
73,9,0.85,0.9921505901092488
73,9,0.90,0.9944199266825959
73,9,0.95,0.9977991338799739
74,0,0.05,0.9731370373641749
74,0,0.10,0.993059307118246
74,0,0.15,0.9936277436703342
74,0,0.20,0.9951721275744296
74,0,0.25,0.9979183918475637
74,0,0.30,0.997353809224142
74,0,0.35,0.9952097662037788
74,0,0.40,0.9977355509519795
74,0,0.45,0.9976432800386096
74,0,0.50,0.9978804137888455
74,0,0.55,0.9959988473813929
74,0,0.60,0.9973629118959729
74,0,0.65,0.9976762092664774
74,0,0.70,0.9976354166718073
74,0,0.75,0.9950109373312018
74,0,0.80,0.9981024988639439
74,0,0.85,0.9954287429975912
74,0,0.90,0.9958279650199682
74,0,0.95,0.9974031121313416
74,1,0.05,0.9685526727798675
74,1,0.10,0.9913135178572731
74,1,0.15,0.9956247262516228
74,1,0.20,0.991605302674866
74,1,0.25,0.9973369661930963
74,1,0.30,0.9972544434856665
74,1,0.35,0.9975390664977707
74,1,0.40,0.9930223524072284
74,1,0.45,0.9971073714026653
74,1,0.50,0.9932836548433922
74,1,0.55,0.9943244012982022
74,1,0.60,0.9979702602486057
74,1,0.65,0.9978615107137315
74,1,0.70,0.9955182733261572
74,1,0.75,0.9977964657451471
74,1,0.80,0.9937145455806287
74,1,0.85,0.9976417155360947
74,1,0.90,0.997569279145572
74,1,0.95,0.9951529058610167
74,2,0.05,0.9828497371011236
74,2,0.10,0.9836694908460982
74,2,0.15,0.9949386580522879
74,2,0.20,0.9962002506415981
74,2,0.25,0.997091377996602
74,2,0.30,0.9971744993162931
74,2,0.35,0.9940530184212504
74,2,0.40,0.9980498846574012
74,2,0.45,0.997517564015917
74,2,0.50,0.9979201549004867
74,2,0.55,0.998260930460319
74,2,0.60,0.9923941287565743
74,2,0.65,0.9954150811129552
74,2,0.70,0.9979326879441072
74,2,0.75,0.990907434084557
74,2,0.80,0.9976788115047917
74,2,0.85,0.9980315994138537
74,2,0.90,0.998184393466221
74,2,0.95,0.9954142243862488
74,3,0.05,0.9860891681348556
74,3,0.10,0.9924978665128987
74,3,0.15,0.9960716319099289
74,3,0.20,0.9934863452265229
74,3,0.25,0.9973162901248319
74,3,0.30,0.9975925085471853
74,3,0.35,0.9980847699833729
74,3,0.40,0.9976123475984223
74,3,0.45,0.997946265521607
74,3,0.50,0.9975829318336192
74,3,0.55,0.9972978617621416
74,3,0.60,0.9956065727058517
74,3,0.65,0.9972043230785531
74,3,0.70,0.9897858554354276
74,3,0.75,0.9978579833240312
74,3,0.80,0.9979352622717974
74,3,0.85,0.9932649291053312
74,3,0.90,0.9973395810106439
74,3,0.95,0.9953129872884767
74,4,0.05,0.9856286707778161
74,4,0.10,0.9923185484073636
74,4,0.15,0.9959118789147896
74,4,0.20,0.9938461978293435
74,4,0.25,0.9963096674825171
74,4,0.30,0.9964580796739168
74,4,0.35,0.9944962504320451
74,4,0.40,0.9971300169947107
74,4,0.45,0.9955227210045531
74,4,0.50,0.9947614299899014
74,4,0.55,0.9979057281197647
74,4,0.60,0.9966974136564571
74,4,0.65,0.9949594511216782
74,4,0.70,0.9954623699081351
74,4,0.75,0.9980154121586947
74,4,0.80,0.9982557631226231
74,4,0.85,0.9980563050863115
74,4,0.90,0.9958916631612287
74,4,0.95,0.9974506529285149
74,5,0.05,0.9783722350624892
74,5,0.10,0.9934528493742624
74,5,0.15,0.9935015579052403
74,5,0.20,0.9970682923607086
74,5,0.25,0.9974861174546567
74,5,0.30,0.997259636846018
74,5,0.35,0.9974052611053158
74,5,0.40,0.9981508324120736
74,5,0.45,0.997638879245951
74,5,0.50,0.9978540160219297
74,5,0.55,0.9982649314951515
74,5,0.60,0.9939028303238557
74,5,0.65,0.9982018225530745
74,5,0.70,0.9954315939067292
74,5,0.75,0.9942255953914714
74,5,0.80,0.9979980088376526
74,5,0.85,0.9974357356985738
74,5,0.90,0.9982987772161521
74,5,0.95,0.9982729851771822
74,6,0.05,0.978054503842469
74,6,0.10,0.9938487669614144
74,6,0.15,0.9975512836810012
74,6,0.20,0.9960439344095526
74,6,0.25,0.9912994581491841
74,6,0.30,0.9966412778447997
74,6,0.35,0.9973288683604696
74,6,0.40,0.9975711232195007
74,6,0.45,0.9974577022582363
74,6,0.50,0.9973464052677351
74,6,0.55,0.9949243813263283
74,6,0.60,0.9977648422247449
74,6,0.65,0.9974049078648561
74,6,0.70,0.9957629047055632
74,6,0.75,0.9978474901410067
74,6,0.80,0.9977167665438667
74,6,0.85,0.9975247870755698
74,6,0.90,0.997966588764654
74,6,0.95,0.9980342688558178
74,7,0.05,0.9769771961408135
74,7,0.10,0.989529080211905
74,7,0.15,0.995993961076045
74,7,0.20,0.9905924125135038
74,7,0.25,0.9912212782445845
74,7,0.30,0.9974773141580833
74,7,0.35,0.9967655991766329
74,7,0.40,0.9980912718232884
74,7,0.45,0.9912596744446904
74,7,0.50,0.9978906030660464
74,7,0.55,0.9973321479949964
74,7,0.60,0.997822858134084
74,7,0.65,0.9981839474764208
74,7,0.70,0.9972314997972681
74,7,0.75,0.9976627079687647
74,7,0.80,0.997168151418244
74,7,0.85,0.9948863337554704
74,7,0.90,0.9979867095465044
74,7,0.95,0.9974706766519889
74,8,0.05,0.9436785376778043
74,8,0.10,0.9956925288666362
74,8,0.15,0.9964705593277096
74,8,0.20,0.9959630187847193
74,8,0.25,0.9969317921152714
74,8,0.30,0.9963454753236616
74,8,0.35,0.9979159790702776
74,8,0.40,0.9962081635478521
74,8,0.45,0.9972891528668429
74,8,0.50,0.997207742892789
74,8,0.55,0.9966010706174461
74,8,0.60,0.998388357443828
74,8,0.65,0.9971541234607629
74,8,0.70,0.9975424518849498
74,8,0.75,0.9942236658580419
74,8,0.80,0.9970762877789016
74,8,0.85,0.9949842445762619
74,8,0.90,0.9979545836322472
74,8,0.95,0.9937467283461168
74,9,0.05,0.9825970093543377
74,9,0.10,0.9925770211604314
74,9,0.15,0.9944120566886813
74,9,0.20,0.9935457294708739
74,9,0.25,0.9967555247956259
74,9,0.30,0.9938094936807368
74,9,0.35,0.9957288602578315
74,9,0.40,0.9978220426140433
74,9,0.45,0.9979239228136053
74,9,0.50,0.9924091381842652
74,9,0.55,0.996113177291368
74,9,0.60,0.9949454071812643
74,9,0.65,0.998233858887392
74,9,0.70,0.9979494596189692
74,9,0.75,0.9974765734531956
74,9,0.80,0.9964079767903159
74,9,0.85,0.9941881169373171
74,9,0.90,0.9954565051573617
74,9,0.95,0.9976195829889865
75,0,0.05,0.9954994904353277
75,0,0.10,0.9958069564858979
75,0,0.15,0.9924124152564361
75,0,0.20,0.9948438920948386
75,0,0.25,0.9970651088191667
75,0,0.30,0.998142441036676
75,0,0.35,0.9955257790053177
75,0,0.40,0.9975808693323003
75,0,0.45,0.9967695146909613
75,0,0.50,0.9949298328257153
75,0,0.55,0.9978815114997366
75,0,0.60,0.9957399185355986
75,0,0.65,0.9954287439484883
75,0,0.70,0.9920545025082185
75,0,0.75,0.9960255427180189
75,0,0.80,0.9948073531513314
75,0,0.85,0.9961983928336166
75,0,0.90,0.9975917376747135
75,0,0.95,0.997096436487895
75,1,0.05,0.985915104494242
75,1,0.10,0.9925577156535823
75,1,0.15,0.9921155445614473
75,1,0.20,0.9905284055772676
75,1,0.25,0.9970245453119199
75,1,0.30,0.9980002726059317
75,1,0.35,0.9976535441075219
75,1,0.40,0.9958607915535551
75,1,0.45,0.9944837618962646
75,1,0.50,0.9978955144202375
75,1,0.55,0.995167804722803
75,1,0.60,0.9975015463212584
75,1,0.65,0.9981318877469806
75,1,0.70,0.9975906801685073
75,1,0.75,0.9984011796969452
75,1,0.80,0.9976162908434556
75,1,0.85,0.9977959097544837
75,1,0.90,0.9926020939194751
75,1,0.95,0.9971678438921556
75,2,0.05,0.9824401580332047
75,2,0.10,0.9907792935205532
75,2,0.15,0.9948155411312917
75,2,0.20,0.9979047219580235
75,2,0.25,0.9932800524361648
75,2,0.30,0.9948591366617108
75,2,0.35,0.997601988912168
75,2,0.40,0.9981517156910097
75,2,0.45,0.9971751837464787
75,2,0.50,0.9968386118964984
75,2,0.55,0.9973007368763844
75,2,0.60,0.9975185753059858
75,2,0.65,0.9963181612032362
75,2,0.70,0.9969479016550639
75,2,0.75,0.9962519206253377
75,2,0.80,0.9976077624807879
75,2,0.85,0.9953548740818969
75,2,0.90,0.9953870839779114
75,2,0.95,0.9956724909075844
75,3,0.05,0.9875217331728686
75,3,0.10,0.9949271388524247
75,3,0.15,0.99617194987691
75,3,0.20,0.9960144503198871
75,3,0.25,0.993122143298181
75,3,0.30,0.9940718944478544
75,3,0.35,0.9963913465763267
75,3,0.40,0.9921823184838034
75,3,0.45,0.9972466824322466
75,3,0.50,0.9966157242491877
75,3,0.55,0.9946598681540786
75,3,0.60,0.995428699508692
75,3,0.65,0.9953136892021206
75,3,0.70,0.9982183098595012
75,3,0.75,0.9947725718035711
75,3,0.80,0.9979021025039316
75,3,0.85,0.9974630939485047
75,3,0.90,0.9962123131607706
75,3,0.95,0.998038056716942
75,4,0.05,0.9685435314174261
75,4,0.10,0.9933267246486668
75,4,0.15,0.9943356385303248
75,4,0.20,0.994798910054542
75,4,0.25,0.9985129144222296
75,4,0.30,0.9936943429069912
75,4,0.35,0.9966809856197291
75,4,0.40,0.9981691766526671
75,4,0.45,0.9946697951264747
75,4,0.50,0.9974386749121806
75,4,0.55,0.9968670534647057
75,4,0.60,0.997842230277422
75,4,0.65,0.9946201954293322
75,4,0.70,0.9981199023430943
75,4,0.75,0.9971645229028441
75,4,0.80,0.9981794251089955
75,4,0.85,0.9961407949907297
75,4,0.90,0.991794099559115
75,4,0.95,0.9923834557721509
75,5,0.05,0.9901095660427449
75,5,0.10,0.9932658709868263
75,5,0.15,0.9879501132157597
75,5,0.20,0.997905921768099
75,5,0.25,0.997853883242948
75,5,0.30,0.9970918457467027
75,5,0.35,0.9954661072032819
75,5,0.40,0.9941286482149444
75,5,0.45,0.9974121898148699
75,5,0.50,0.9951482470421592
75,5,0.55,0.9961017966396126
75,5,0.60,0.9977195143267653
75,5,0.65,0.9978634580970616
75,5,0.70,0.9984338562782259
75,5,0.75,0.9957182058053421
75,5,0.80,0.9973462856536555
75,5,0.85,0.9980724581390777
75,5,0.90,0.9954221668071433
75,5,0.95,0.9936464147034496
75,6,0.05,0.9879532851732888
75,6,0.10,0.9904328904709735
75,6,0.15,0.994956833406167
75,6,0.20,0.9956157516622661
75,6,0.25,0.997764306811912
75,6,0.30,0.9959051714278067
75,6,0.35,0.9951725340936586
75,6,0.40,0.9980748672442744
75,6,0.45,0.9953076741776166
75,6,0.50,0.9925350820331998
75,6,0.55,0.9960886531128214
75,6,0.60,0.9984812851016917
75,6,0.65,0.9939253008052704
75,6,0.70,0.9974887036330752
75,6,0.75,0.9975390060024059
75,6,0.80,0.9976791186833
75,6,0.85,0.9975325111545147
75,6,0.90,0.9977545942353093
75,6,0.95,0.9983503707961277
75,7,0.05,0.9938115856338787
75,7,0.10,0.9875876751330575
75,7,0.15,0.9940801599349387
75,7,0.20,0.9948591289861861
75,7,0.25,0.9978510517931052
75,7,0.30,0.9973625101614357
75,7,0.35,0.9948578607469453
75,7,0.40,0.9951474947800932
75,7,0.45,0.9976304041060904
75,7,0.50,0.9970390251943144
75,7,0.55,0.9948454371909997
75,7,0.60,0.9955712638659326
75,7,0.65,0.9955857675637153
75,7,0.70,0.997123793328376
75,7,0.75,0.9937456928894295
75,7,0.80,0.9978968292054289
75,7,0.85,0.9949699590730605
75,7,0.90,0.9976671935294915
75,7,0.95,0.9926323511712356
75,8,0.05,0.9842948525534728
75,8,0.10,0.9940367690620914
75,8,0.15,0.9884864521906983
75,8,0.20,0.993925889636891
75,8,0.25,0.9973342513063203
75,8,0.30,0.9970068136958907
75,8,0.35,0.9939299033670191
75,8,0.40,0.9955177243427816
75,8,0.45,0.9960310156556448
75,8,0.50,0.9967485160196343
75,8,0.55,0.9974235731797473
75,8,0.60,0.9957800105703768
75,8,0.65,0.9979657801989719
75,8,0.70,0.9981754924047768
75,8,0.75,0.9975773355945823
75,8,0.80,0.997761507959569
75,8,0.85,0.9917128287262242
75,8,0.90,0.9974156934536272
75,8,0.95,0.9910787512595985
75,9,0.05,0.9905703838604523
75,9,0.10,0.9772402906510702
75,9,0.15,0.9899312780561994
75,9,0.20,0.995426752923221
75,9,0.25,0.9978269723036461
75,9,0.30,0.9964998539458781
75,9,0.35,0.9971995762310226
75,9,0.40,0.9953491392151762
75,9,0.45,0.9980048460226592
75,9,0.50,0.9972674771565735
75,9,0.55,0.9945732132607791
75,9,0.60,0.9951957037665045
75,9,0.65,0.9959280558113787
75,9,0.70,0.9955379016775524
75,9,0.75,0.9944402128373123
75,9,0.80,0.9952775391478292
75,9,0.85,0.9983471193298424
75,9,0.90,0.9952166728445764
75,9,0.95,0.9982220163045824
76,0,0.05,0.9429638524795788
76,0,0.10,0.9945784784184865
76,0,0.15,0.9946178353022138
76,0,0.20,0.9958326919491395
76,0,0.25,0.9970087530823686
76,0,0.30,0.9944166917786667
76,0,0.35,0.9928656917489339
76,0,0.40,0.9973906301358244
76,0,0.45,0.9952510903508704
76,0,0.50,0.9952015737780465
76,0,0.55,0.9955395996668376
76,0,0.60,0.9933327333951748
76,0,0.65,0.9973781265474475
76,0,0.70,0.995265105000846
76,0,0.75,0.9951837846968631
76,0,0.80,0.9979473992221016
76,0,0.85,0.9921610915355892
76,0,0.90,0.9933979981918319
76,0,0.95,0.995702331922175
76,1,0.05,0.9818244784638399
76,1,0.10,0.9888792470787849
76,1,0.15,0.9951306937560244
76,1,0.20,0.9972280388435357
76,1,0.25,0.9927912472536192
76,1,0.30,0.9930979641118438
76,1,0.35,0.9976839617452616
76,1,0.40,0.9908581371163367
76,1,0.45,0.9942315977232735
76,1,0.50,0.9978214600796445
76,1,0.55,0.9933672118511125
76,1,0.60,0.9975707538359189
76,1,0.65,0.9945568161480737
76,1,0.70,0.9977881082001107
76,1,0.75,0.995024642399658
76,1,0.80,0.9970405650951963
76,1,0.85,0.9971917037319374
76,1,0.90,0.9952069242095805
76,1,0.95,0.995577075858624
76,2,0.05,0.9703496420208405
76,2,0.10,0.9921151641543338
76,2,0.15,0.9926906547434504
76,2,0.20,0.9976487262054652
76,2,0.25,0.9951155098868695
76,2,0.30,0.997001899049789
76,2,0.35,0.9977166447790005
76,2,0.40,0.9977320544942618
76,2,0.45,0.9954157239151332
76,2,0.50,0.9977670283212531
76,2,0.55,0.9982230972493938
76,2,0.60,0.9952067733228528
76,2,0.65,0.9940618763398358
76,2,0.70,0.9940652258537699
76,2,0.75,0.9953639047520582
76,2,0.80,0.9960038962686654
76,2,0.85,0.9953250941331845
76,2,0.90,0.9941143428557712
76,2,0.95,0.9958955995956501
76,3,0.05,0.9764562800631205
76,3,0.10,0.9943972560035853
76,3,0.15,0.9975577256251309
76,3,0.20,0.9971482971289441
76,3,0.25,0.9977083332079244
76,3,0.30,0.9964881139837424
76,3,0.35,0.9971407821228727
76,3,0.40,0.9938617795387843
76,3,0.45,0.997440973046163
76,3,0.50,0.9957376478152141
76,3,0.55,0.9938543466924405
76,3,0.60,0.997730367589352
76,3,0.65,0.9972794898863268
76,3,0.70,0.997148384084197
76,3,0.75,0.9975217001212852
76,3,0.80,0.9937354334757782
76,3,0.85,0.9935284372303904
76,3,0.90,0.9947611890771142
76,3,0.95,0.9955159871245618
76,4,0.05,0.9836311749316636
76,4,0.10,0.9863215972114773
76,4,0.15,0.996408018826496
76,4,0.20,0.9891082006902753
76,4,0.25,0.9948063057145096
76,4,0.30,0.9952279480479541
76,4,0.35,0.9950995762229071
76,4,0.40,0.9952487500415159
76,4,0.45,0.9970097375951823
76,4,0.50,0.9949903777169101
76,4,0.55,0.9924277423487515
76,4,0.60,0.9946403237319872
76,4,0.65,0.9977763149306236
76,4,0.70,0.9958183167794167
76,4,0.75,0.9946863695711892
76,4,0.80,0.9976722816670333
76,4,0.85,0.9950310606607635
76,4,0.90,0.9958996393499249
76,4,0.95,0.9941792045564557
76,5,0.05,0.9855234782679101
76,5,0.10,0.9922794466948702
76,5,0.15,0.990244815091842
76,5,0.20,0.9973716302575486
76,5,0.25,0.9919608543741033
76,5,0.30,0.9950178390704114
76,5,0.35,0.9977231296968161
76,5,0.40,0.9951137081080378
76,5,0.45,0.9968088146226357
76,5,0.50,0.991553352500264
76,5,0.55,0.9938653086824842
76,5,0.60,0.9909006490759439
76,5,0.65,0.996982847049018
76,5,0.70,0.99712436013874
76,5,0.75,0.9913262476604175
76,5,0.80,0.9959272556342319
76,5,0.85,0.9952548989083394
76,5,0.90,0.9970004324081624
76,5,0.95,0.99734193326538
76,6,0.05,0.981852505388685
76,6,0.10,0.99180369094513
76,6,0.15,0.9891460528281482
76,6,0.20,0.9925308404116789
76,6,0.25,0.9980230889362838
76,6,0.30,0.995464417642991
76,6,0.35,0.9972135775306897
76,6,0.40,0.9960563468679542
76,6,0.45,0.9968639160109986
76,6,0.50,0.998029633483213
76,6,0.55,0.9978944104749881
76,6,0.60,0.9950410876605543
76,6,0.65,0.9947497677497227
76,6,0.70,0.9952428569573564
76,6,0.75,0.9972099754068647
76,6,0.80,0.994654914315265
76,6,0.85,0.9955572243984372
76,6,0.90,0.9956676669687888
76,6,0.95,0.9976441911124158
76,7,0.05,0.9644260459025163
76,7,0.10,0.9908134761274271
76,7,0.15,0.9938913984635305
76,7,0.20,0.9970445253802229
76,7,0.25,0.9880469627588744
76,7,0.30,0.9963002962945717
76,7,0.35,0.9978711527818181
76,7,0.40,0.9973085931561911
76,7,0.45,0.9973376938303586
76,7,0.50,0.9951963018934075
76,7,0.55,0.9928160165697647
76,7,0.60,0.9919273218859791
76,7,0.65,0.9958602828240725
76,7,0.70,0.9975039378912072
76,7,0.75,0.9973414157315734
76,7,0.80,0.9975220305692011
76,7,0.85,0.9931575360893795
76,7,0.90,0.9977360671134284
76,7,0.95,0.9955585167650494
76,8,0.05,0.9841876344876749
76,8,0.10,0.9874536801505245
76,8,0.15,0.9930863008570757
76,8,0.20,0.9962876664242288
76,8,0.25,0.992324681042974
76,8,0.30,0.9957828456149127
76,8,0.35,0.9931965098020199
76,8,0.40,0.9946197371534515
76,8,0.45,0.9980726185547929
76,8,0.50,0.9953675150517945
76,8,0.55,0.9979740226701797
76,8,0.60,0.9944002220097953
76,8,0.65,0.9972193748752396
76,8,0.70,0.9944380733040027
76,8,0.75,0.9958998224579527
76,8,0.80,0.997549116301477
76,8,0.85,0.997941719015359
76,8,0.90,0.995414315455673
76,8,0.95,0.9953035267866945
76,9,0.05,0.9898687530610895
76,9,0.10,0.9926410868542269
76,9,0.15,0.9932788118252047
76,9,0.20,0.995989014530849
76,9,0.25,0.9968615200858367
76,9,0.30,0.9947476957518185
76,9,0.35,0.9948303844851072
76,9,0.40,0.9954176583526172
76,9,0.45,0.9977647055510659
76,9,0.50,0.995167271144832
76,9,0.55,0.9981364278167449
76,9,0.60,0.9927771352377717
76,9,0.65,0.9974182088469203
76,9,0.70,0.9955930990275863
76,9,0.75,0.9944353322959709
76,9,0.80,0.9949048191007462
76,9,0.85,0.9955554750817911
76,9,0.90,0.9976241276023383
76,9,0.95,0.9956984867458887
77,0,0.05,0.970399152937314
77,0,0.10,0.9954086014847551
77,0,0.15,0.9903864677393969
77,0,0.20,0.9923920386211906
77,0,0.25,0.9977534749164421
77,0,0.30,0.9979700154745321
77,0,0.35,0.9975587883932536
77,0,0.40,0.9982144239145573
77,0,0.45,0.994686584793573
77,0,0.50,0.997756778076184
77,0,0.55,0.9977874836525524
77,0,0.60,0.9953110215270085
77,0,0.65,0.9926433103596027
77,0,0.70,0.9956075751146505
77,0,0.75,0.9952121755105363
77,0,0.80,0.9963600244881247
77,0,0.85,0.9902923580656567
77,0,0.90,0.9972870549992577
77,0,0.95,0.9981787905821354
77,1,0.05,0.980849336170214
77,1,0.10,0.9924703964187749
77,1,0.15,0.9975097935535953
77,1,0.20,0.9937133645196065
77,1,0.25,0.9970030312512851
77,1,0.30,0.9977943204076556
77,1,0.35,0.9948280861846959
77,1,0.40,0.9923302995085608
77,1,0.45,0.9952058011950362
77,1,0.50,0.9957495182637733
77,1,0.55,0.9943654500837686
77,1,0.60,0.9956092961836436
77,1,0.65,0.9947690436877382
77,1,0.70,0.9914639649009056
77,1,0.75,0.9977454503268374
77,1,0.80,0.9953677879220593
77,1,0.85,0.9907439436892008
77,1,0.90,0.9917099980385721
77,1,0.95,0.9958111053384724
77,2,0.05,0.9880094554282702
77,2,0.10,0.9961976865389922
77,2,0.15,0.9967835610577891
77,2,0.20,0.9944567460327037
77,2,0.25,0.994716996022763
77,2,0.30,0.9981891257686341
77,2,0.35,0.9958117732137715
77,2,0.40,0.9970289201191586
77,2,0.45,0.9949088871564001
77,2,0.50,0.9938945671452396
77,2,0.55,0.9948459095234242
77,2,0.60,0.9978103638391879
77,2,0.65,0.9975321538519917
77,2,0.70,0.9960205239675
77,2,0.75,0.997798063053335
77,2,0.80,0.9977117387232837
77,2,0.85,0.9927991073588783
77,2,0.90,0.9976600982521321
77,2,0.95,0.9954878084192288
77,3,0.05,0.9880172295458475
77,3,0.10,0.993941848746546
77,3,0.15,0.9965965967673562
77,3,0.20,0.9934627381949546
77,3,0.25,0.993064729204141
77,3,0.30,0.9982088836051672
77,3,0.35,0.9973296764327444
77,3,0.40,0.9950765018088769
77,3,0.45,0.9970685259045633
77,3,0.50,0.9974765300030662
77,3,0.55,0.9972787605201909
77,3,0.60,0.9932749060996925
77,3,0.65,0.9965544891106828
77,3,0.70,0.9908456238001376
77,3,0.75,0.9907643941025979
77,3,0.80,0.9948300734822572
77,3,0.85,0.9952770216143787
77,3,0.90,0.995254859994884
77,3,0.95,0.9975349103117602
77,4,0.05,0.9788091367905406
77,4,0.10,0.9895534154816883
77,4,0.15,0.9965586473241369
77,4,0.20,0.9903180979020144
77,4,0.25,0.995151622351831
77,4,0.30,0.9977280760017162
77,4,0.35,0.9981622827585191
77,4,0.40,0.9981916506448829
77,4,0.45,0.9979224591242923
77,4,0.50,0.9953348255420305
77,4,0.55,0.9950188406645843
77,4,0.60,0.995849001297012
77,4,0.65,0.9945896416468507
77,4,0.70,0.993913797457818
77,4,0.75,0.9902272220846936
77,4,0.80,0.9962055017678427
77,4,0.85,0.9961987394704119
77,4,0.90,0.9956251729757437
77,4,0.95,0.9956570789623497
77,5,0.05,0.9543185919337652
77,5,0.10,0.9844777683012635
77,5,0.15,0.992641751478562
77,5,0.20,0.9955269271199719
77,5,0.25,0.9911476401482704
77,5,0.30,0.9934592572147567
77,5,0.35,0.9978484731995652
77,5,0.40,0.9970674927532298
77,5,0.45,0.9969963396322926
77,5,0.50,0.9929118702102019
77,5,0.55,0.9975297929144172
77,5,0.60,0.9952591068753317
77,5,0.65,0.9948762191811742
77,5,0.70,0.9954453889299842
77,5,0.75,0.9971768980742881
77,5,0.80,0.9951183180264366
77,5,0.85,0.9910122047917688
77,5,0.90,0.9957879335601791
77,5,0.95,0.9982704800358604
77,6,0.05,0.9606707944405743
77,6,0.10,0.9948760830426382
77,6,0.15,0.9959091892438164
77,6,0.20,0.9976584659724368
77,6,0.25,0.9944594424954025
77,6,0.30,0.998035036869252
77,6,0.35,0.997237071126442
77,6,0.40,0.9981553119323209
77,6,0.45,0.9980967015207273
77,6,0.50,0.9931129830057803
77,6,0.55,0.9943206104343277
77,6,0.60,0.9965790569906346
77,6,0.65,0.9918497938904748
77,6,0.70,0.9914472952534369
77,6,0.75,0.9976763573294388
77,6,0.80,0.9976979313189982
77,6,0.85,0.9968238271416926
77,6,0.90,0.9938387609405751
77,6,0.95,0.9980470977070803
77,7,0.05,0.9357567523594138
77,7,0.10,0.9944818635150333
77,7,0.15,0.9945892313255426
77,7,0.20,0.9948104295909037
77,7,0.25,0.9974292323722531
77,7,0.30,0.9970713895925087
77,7,0.35,0.9978162973537152
77,7,0.40,0.9953026725556697
77,7,0.45,0.9933397302194866
77,7,0.50,0.9977046556184713
77,7,0.55,0.9980504177753509
77,7,0.60,0.99737358126634
77,7,0.65,0.9972792167762106
77,7,0.70,0.995351630622054
77,7,0.75,0.994996650937436
77,7,0.80,0.9955684793484706
77,7,0.85,0.996583707892827
77,7,0.90,0.9973153786873192
77,7,0.95,0.9959813729368339
77,8,0.05,0.9660249491711114
77,8,0.10,0.9971309495219233
77,8,0.15,0.9918279569180113
77,8,0.20,0.9975968404795805
77,8,0.25,0.9956566164426758
77,8,0.30,0.9916744589905594
77,8,0.35,0.9949289863285996
77,8,0.40,0.9960065125295647
77,8,0.45,0.9947869841059817
77,8,0.50,0.995482551672459
77,8,0.55,0.994849685121513
77,8,0.60,0.9976855840101118
77,8,0.65,0.998399713111644
77,8,0.70,0.9949052031790142
77,8,0.75,0.9919056893301195
77,8,0.80,0.9972057106505705
77,8,0.85,0.9918813233825028
77,8,0.90,0.9976063383029328
77,8,0.95,0.9975982233646622
77,9,0.05,0.9787812828712648
77,9,0.10,0.9952683576321026
77,9,0.15,0.9900466004848489
77,9,0.20,0.9963611624478474
77,9,0.25,0.9974153866036556
77,9,0.30,0.9938765548967357
77,9,0.35,0.9959274283868741
77,9,0.40,0.9971764636061775
77,9,0.45,0.9887513636948295
77,9,0.50,0.9980627580820131
77,9,0.55,0.9955660986763072
77,9,0.60,0.9944937343779054
77,9,0.65,0.9949012747634929
77,9,0.70,0.9969658200986584
77,9,0.75,0.9973947951857437
77,9,0.80,0.9981696723375504
77,9,0.85,0.9938212243519465
77,9,0.90,0.993456717360836
77,9,0.95,0.9952764071359786
78,0,0.05,0.9891560435219816
78,0,0.10,0.9906474995301979
78,0,0.15,0.9943611465550232
78,0,0.20,0.9919211811382683
78,0,0.25,0.9977889872321263
78,0,0.30,0.9956327203946586
78,0,0.35,0.9970950788492757
78,0,0.40,0.9975407954620531
78,0,0.45,0.9937987043866389
78,0,0.50,0.9954186873742346
78,0,0.55,0.9961295942457636
78,0,0.60,0.9938589539556391
78,0,0.65,0.9943618657103374
78,0,0.70,0.9954943346661967
78,0,0.75,0.9938356487209007
78,0,0.80,0.9973182449690261
78,0,0.85,0.9969505760057635
78,0,0.90,0.9980793082594722
78,0,0.95,0.995413114921904
78,1,0.05,0.975460315201588
78,1,0.10,0.9946186569565666
78,1,0.15,0.9950368667173618
78,1,0.20,0.9968504803604226
78,1,0.25,0.9949606948583559
78,1,0.30,0.9926705783951899
78,1,0.35,0.9968050099896
78,1,0.40,0.9916419582227466
78,1,0.45,0.9920938394763964
78,1,0.50,0.9970359165701674
78,1,0.55,0.9958121112738088
78,1,0.60,0.9974972244282352
78,1,0.65,0.9970312291620984
78,1,0.70,0.9978937362677754
78,1,0.75,0.997365137915758
78,1,0.80,0.9980077103543713
78,1,0.85,0.9975038018406029
78,1,0.90,0.9976474103238716
78,1,0.95,0.9974807048769134
78,2,0.05,0.9501816477241851
78,2,0.10,0.9926695418583577
78,2,0.15,0.9960766384069456
78,2,0.20,0.9974096510249547
78,2,0.25,0.9972959858460873
78,2,0.30,0.9975821326589872
78,2,0.35,0.9939816679752081
78,2,0.40,0.995222282046898
78,2,0.45,0.9979850260486754
78,2,0.50,0.9952400410878983
78,2,0.55,0.9985794910481607
78,2,0.60,0.9930536253861519
78,2,0.65,0.9976105814003784
78,2,0.70,0.9975510527537383
78,2,0.75,0.997161280237996
78,2,0.80,0.9967746308209698
78,2,0.85,0.9935731626465989
78,2,0.90,0.9953353773479525
78,2,0.95,0.9981117593121182
78,3,0.05,0.982950776504403
78,3,0.10,0.9915405345212277
78,3,0.15,0.9945312755539321
78,3,0.20,0.9965167901948708
78,3,0.25,0.9979269708302835
78,3,0.30,0.9948708441266884
78,3,0.35,0.9962487632689901
78,3,0.40,0.9972291643137945
78,3,0.45,0.9950125407307081
78,3,0.50,0.9973676757815215
78,3,0.55,0.9943740937129086
78,3,0.60,0.9954807550596751
78,3,0.65,0.9908739220348256
78,3,0.70,0.9979562076412156
78,3,0.75,0.9974392303141572
78,3,0.80,0.9976541761803633
78,3,0.85,0.9929474230814228
78,3,0.90,0.9972999710231985
78,3,0.95,0.9950113819683996
78,4,0.05,0.9886521863101988
78,4,0.10,0.9908042556485628
78,4,0.15,0.9949454375711831
78,4,0.20,0.9935634496068344
78,4,0.25,0.9963670932817834
78,4,0.30,0.996438524912669
78,4,0.35,0.997295456613978
78,4,0.40,0.9945475048149414
78,4,0.45,0.997489270930799
78,4,0.50,0.9948003871577465
78,4,0.55,0.9967838396542353
78,4,0.60,0.9972375311545693
78,4,0.65,0.9974003608110719
78,4,0.70,0.9973592604208535
78,4,0.75,0.997530891142511
78,4,0.80,0.9972057970240956
78,4,0.85,0.9982405829769637
78,4,0.90,0.996876550012923
78,4,0.95,0.9955004924692892
78,5,0.05,0.97283741727081
78,5,0.10,0.9706600485279827
78,5,0.15,0.996120477194862
78,5,0.20,0.9950671438414623
78,5,0.25,0.9960278648175602
78,5,0.30,0.9900282793113875
78,5,0.35,0.9970879220574054
78,5,0.40,0.9915301000496962
78,5,0.45,0.9928376614718758
78,5,0.50,0.9931665452793823
78,5,0.55,0.9973422672733036
78,5,0.60,0.9952503679800883
78,5,0.65,0.9959698885103538
78,5,0.70,0.9929099069523509
78,5,0.75,0.9978200762885203
78,5,0.80,0.9974036305926954
78,5,0.85,0.9977518076930638
78,5,0.90,0.9977059073095934
78,5,0.95,0.9983726087792101
78,6,0.05,0.9881674318166006
78,6,0.10,0.9877882777323136
78,6,0.15,0.9961029135501792
78,6,0.20,0.9959907651522518
78,6,0.25,0.9975755119365072
78,6,0.30,0.9947827523419871
78,6,0.35,0.9955498366225135
78,6,0.40,0.9937308110285721
78,6,0.45,0.9983118230438391
78,6,0.50,0.9914984878387085
78,6,0.55,0.9947170836769403
78,6,0.60,0.9978647107725561
78,6,0.65,0.9953823481887987
78,6,0.70,0.9941483605781876
78,6,0.75,0.9945211077292151
78,6,0.80,0.9977784220339748
78,6,0.85,0.997442329564504
78,6,0.90,0.9978581248739846
78,6,0.95,0.996243667672461
78,7,0.05,0.9872556370045532
78,7,0.10,0.9908645966076918
78,7,0.15,0.9960713030552407
78,7,0.20,0.9959367349685592
78,7,0.25,0.9982564587926761
78,7,0.30,0.9953450340621284
78,7,0.35,0.9928465882395954
78,7,0.40,0.9937003637419277
78,7,0.45,0.9926097695781666
78,7,0.50,0.9960974655984749
78,7,0.55,0.9977547841155838
78,7,0.60,0.9973676476174634
78,7,0.65,0.9969431618872302
78,7,0.70,0.997390871685545
78,7,0.75,0.9951517911315465
78,7,0.80,0.9973935414650543
78,7,0.85,0.9952577722823542
78,7,0.90,0.9961487609775059
78,7,0.95,0.9926381179787728
78,8,0.05,0.9219233905167281
78,8,0.10,0.9826054992955949
78,8,0.15,0.9948842754422683
78,8,0.20,0.9925843736662955
78,8,0.25,0.994542277090202
78,8,0.30,0.9957745178456953
78,8,0.35,0.9969859508913672
78,8,0.40,0.9972583436060493
78,8,0.45,0.9925869625638332
78,8,0.50,0.9959945040573308
78,8,0.55,0.9916996556251853
78,8,0.60,0.992062376877481
78,8,0.65,0.9971922770188424
78,8,0.70,0.9970619365987098
78,8,0.75,0.9977404518674138
78,8,0.80,0.9979972507020934
78,8,0.85,0.9950223418823707
78,8,0.90,0.9974147957521787
78,8,0.95,0.9975982442415019
78,9,0.05,0.972313981151213
78,9,0.10,0.9941537695768068
78,9,0.15,0.9935680927948056
78,9,0.20,0.996062764887085
78,9,0.25,0.9951936948349326
78,9,0.30,0.9977237262657376
78,9,0.35,0.995450944720828
78,9,0.40,0.9984290695728875
78,9,0.45,0.9921530660492072
78,9,0.50,0.9972231284609221
78,9,0.55,0.9929321432052726
78,9,0.60,0.9939707222796491
78,9,0.65,0.9978123234109717
78,9,0.70,0.997935825318939
78,9,0.75,0.9959038733229534
78,9,0.80,0.9947461600844371
78,9,0.85,0.9974821806026181
78,9,0.90,0.9955489487947885
78,9,0.95,0.9976009353578214
79,0,0.05,0.9694680632540981
79,0,0.10,0.8872249732893203
79,0,0.15,0.9945910739895701
79,0,0.20,0.9947161587380159
79,0,0.25,0.9970528791165034
79,0,0.30,0.9931657215913746
79,0,0.35,0.9976641939600167
79,0,0.40,0.9967312724291968
79,0,0.45,0.9963292972359996
79,0,0.50,0.9981768841506453
79,0,0.55,0.9943438023041269
79,0,0.60,0.9975607708567106
79,0,0.65,0.9975528416035823
79,0,0.70,0.9957253989971544
79,0,0.75,0.9914233847074646
79,0,0.80,0.9956202217638401
79,0,0.85,0.9976143349095279
79,0,0.90,0.991690450629591
79,0,0.95,0.9953135916193636
79,1,0.05,0.9948309287312137
79,1,0.10,0.9879930915432601
79,1,0.15,0.995331521898027
79,1,0.20,0.9970435812273863
79,1,0.25,0.9916399698283113
79,1,0.30,0.9966211415263597
79,1,0.35,0.997425421737356
79,1,0.40,0.9972775004737874
79,1,0.45,0.9945760500776584
79,1,0.50,0.9981765419187596
79,1,0.55,0.9979797481274651
79,1,0.60,0.998274355734171
79,1,0.65,0.9972216683753922
79,1,0.70,0.9959899103575158
79,1,0.75,0.9972179730306596
79,1,0.80,0.9952804431773893
79,1,0.85,0.99491474175564
79,1,0.90,0.9957104316536151
79,1,0.95,0.994964846335464
79,2,0.05,0.9501291546949588
79,2,0.10,0.9921266604135401
79,2,0.15,0.9953313351219274
79,2,0.20,0.9935106546872011
79,2,0.25,0.9944487738268055
79,2,0.30,0.9965851699941867
79,2,0.35,0.994473421403827
79,2,0.40,0.9944746808859443
79,2,0.45,0.995224190860149
79,2,0.50,0.997364889662205
79,2,0.55,0.9957437637116985
79,2,0.60,0.9959444476463024
79,2,0.65,0.9971640625296758
79,2,0.70,0.9956364254332996
79,2,0.75,0.998110733237342
79,2,0.80,0.9972918564820219
79,2,0.85,0.9977398281981642
79,2,0.90,0.9971138002502135
79,2,0.95,0.9973242530420585
79,3,0.05,0.9189593675194624
79,3,0.10,0.9944688625520417
79,3,0.15,0.9971276715082136
79,3,0.20,0.9972125717987204
79,3,0.25,0.9979341734148677
79,3,0.30,0.9969412224795691
79,3,0.35,0.9967321863374334
79,3,0.40,0.9945212080718994
79,3,0.45,0.9940537818160343
79,3,0.50,0.9981179733258975
79,3,0.55,0.9960964567946458
79,3,0.60,0.996742980285722
79,3,0.65,0.997791665082537
79,3,0.70,0.9970332819038108
79,3,0.75,0.9974913033623868
79,3,0.80,0.9979286831890554
79,3,0.85,0.9909716619184145
79,3,0.90,0.9944754303898585
79,3,0.95,0.9943314911540265
79,4,0.05,0.9767090888794767
79,4,0.10,0.9893790122004045
79,4,0.15,0.9970566469520372
79,4,0.20,0.9971137283291696
79,4,0.25,0.995046301543361
79,4,0.30,0.9972701614685014
79,4,0.35,0.9979426165458625
79,4,0.40,0.9972435813879661
79,4,0.45,0.9981148564067901
79,4,0.50,0.9949938428237792
79,4,0.55,0.9977069074569381
79,4,0.60,0.9956304876301049
79,4,0.65,0.9955878728604476
79,4,0.70,0.9982730432551276
79,4,0.75,0.9977934739334899
79,4,0.80,0.9976367498133059
79,4,0.85,0.9975692823342592
79,4,0.90,0.9947092072345268
79,4,0.95,0.9943368621479325
79,5,0.05,0.9752690705401313
79,5,0.10,0.9891663970304895
79,5,0.15,0.9965350920801682
79,5,0.20,0.9960013281694073
79,5,0.25,0.9961016840820132
79,5,0.30,0.9966349110977164
79,5,0.35,0.9978506288935101
79,5,0.40,0.9955511225982385
79,5,0.45,0.9976181983863297
79,5,0.50,0.9973761763838739
79,5,0.55,0.9949667209018453
79,5,0.60,0.9932786481348839
79,5,0.65,0.9952743778687576
79,5,0.70,0.9974651544128508
79,5,0.75,0.9981375789110488
79,5,0.80,0.9953081473035413
79,5,0.85,0.9979174628838998
79,5,0.90,0.9980937148725794
79,5,0.95,0.9960652573967494
79,6,0.05,0.9542952735044277
79,6,0.10,0.9887971756695693
79,6,0.15,0.9949110307647198
79,6,0.20,0.9951925934874738
79,6,0.25,0.9963781535951298
79,6,0.30,0.9977893799982773
79,6,0.35,0.9971666189237995
79,6,0.40,0.9959770420661842
79,6,0.45,0.9942254225866517
79,6,0.50,0.9974836661178933
79,6,0.55,0.9954477632954136
79,6,0.60,0.9955500317158438
79,6,0.65,0.9958838958252801
79,6,0.70,0.9947148084430314
79,6,0.75,0.9949698800101564
79,6,0.80,0.9978776573731314
79,6,0.85,0.9955959200780218
79,6,0.90,0.9969403862729325
79,6,0.95,0.9981371935333142
79,7,0.05,0.9883719510771948
79,7,0.10,0.9844132076623806
79,7,0.15,0.9953577801107634
79,7,0.20,0.9953851074448179
79,7,0.25,0.9961352650564325
79,7,0.30,0.9968818651798436
79,7,0.35,0.9978975722722507
79,7,0.40,0.9949894369479111
79,7,0.45,0.9974918151358237
79,7,0.50,0.9981639125968473
79,7,0.55,0.997977680561773
79,7,0.60,0.9943426113377057
79,7,0.65,0.9935081988744777
79,7,0.70,0.9979121467915376
79,7,0.75,0.9952520273233051
79,7,0.80,0.9940000502923015
79,7,0.85,0.9977748313978724
79,7,0.90,0.9956614220954432
79,7,0.95,0.9983674592266627
79,8,0.05,0.8947001419119109
79,8,0.10,0.9941074897518133
79,8,0.15,0.9949714939723174
79,8,0.20,0.995960845330528
79,8,0.25,0.9966094544179509
79,8,0.30,0.9958106828871104
79,8,0.35,0.9907125476365246
79,8,0.40,0.9945357638358095
79,8,0.45,0.9975433747459634
79,8,0.50,0.9962684676804768
79,8,0.55,0.9975106407404184
79,8,0.60,0.9976487875527634
79,8,0.65,0.9929033996600372
79,8,0.70,0.9916939658229696
79,8,0.75,0.9937926181904381
79,8,0.80,0.9979569871133213
79,8,0.85,0.9951692005806444
79,8,0.90,0.9942435245019932
79,8,0.95,0.9959351297802027
79,9,0.05,0.9815569362222426
79,9,0.10,0.9887929666161006
79,9,0.15,0.9927398266805154
79,9,0.20,0.9947139362127071
79,9,0.25,0.997142720216139
79,9,0.30,0.9972398693342381
79,9,0.35,0.9954077899069663
79,9,0.40,0.9946811508143953
79,9,0.45,0.9972111233785449
79,9,0.50,0.9958379067318892
79,9,0.55,0.994899762474415
79,9,0.60,0.9978922885342603
79,9,0.65,0.9976131139688529
79,9,0.70,0.995827043269291
79,9,0.75,0.9968431837556606
79,9,0.80,0.9959477878448607
79,9,0.85,0.9949426946258836
79,9,0.90,0.9943281373556764
79,9,0.95,0.9973654455734707
80,0,0.05,0.9881740175806586
80,0,0.10,0.9955818380186678
80,0,0.15,0.9956123516646976
80,0,0.20,0.9937098551386607
80,0,0.25,0.9971661739633201
80,0,0.30,0.9978311806047896
80,0,0.35,0.9972278035006914
80,0,0.40,0.9946348090504226
80,0,0.45,0.993200948592065
80,0,0.50,0.9952035673576931
80,0,0.55,0.9953247529249206
80,0,0.60,0.9950410529136415
80,0,0.65,0.9973593456917473
80,0,0.70,0.9954406484864338
80,0,0.75,0.9953176606524359
80,0,0.80,0.9926734022259444
80,0,0.85,0.9977721095963797
80,0,0.90,0.9979204025575478
80,0,0.95,0.995078352297949
80,1,0.05,0.9732753396703809
80,1,0.10,0.9963401687100808
80,1,0.15,0.9926349739811842
80,1,0.20,0.9973660344422408
80,1,0.25,0.9941629120741438
80,1,0.30,0.994940876932829
80,1,0.35,0.9952928227407679
80,1,0.40,0.996977711125335
80,1,0.45,0.9946910123441406
80,1,0.50,0.9973802997244137
80,1,0.55,0.9934643385058769
80,1,0.60,0.9973861311404959
80,1,0.65,0.9959857840602853
80,1,0.70,0.9973614780525408
80,1,0.75,0.997052289522887
80,1,0.80,0.9917282816917933
80,1,0.85,0.9948843073859719
80,1,0.90,0.9923368317640502
80,1,0.95,0.9926442183842332
80,2,0.05,0.9854719764273423
80,2,0.10,0.9950468951588595
80,2,0.15,0.9971074804511931
80,2,0.20,0.9971603805024627
80,2,0.25,0.9975777237856985
80,2,0.30,0.9945438992697829
80,2,0.35,0.9889015132518021
80,2,0.40,0.9979207583853027
80,2,0.45,0.9978702958228132
80,2,0.50,0.9981027605336457
80,2,0.55,0.9972206377318429
80,2,0.60,0.9947710180412492
80,2,0.65,0.9954121804254321
80,2,0.70,0.9974950407411665
80,2,0.75,0.9930043057822856
80,2,0.80,0.9955312513772155
80,2,0.85,0.9917489025166667
80,2,0.90,0.9970533697234348
80,2,0.95,0.9952654283910687
80,3,0.05,0.9837188845898988
80,3,0.10,0.9910554272324186
80,3,0.15,0.9962499740094879
80,3,0.20,0.9969687074803321
80,3,0.25,0.99509240079193
80,3,0.30,0.9945639600388342
80,3,0.35,0.9962814624862885
80,3,0.40,0.9954596061098835
80,3,0.45,0.9978093908837611
80,3,0.50,0.9974434784780556
80,3,0.55,0.998129401391349
80,3,0.60,0.9972273667800435
80,3,0.65,0.9978660079165178
80,3,0.70,0.9953794940206159
80,3,0.75,0.9963002381937065
80,3,0.80,0.995821238535347
80,3,0.85,0.9953787099798228
80,3,0.90,0.9948233571823905
80,3,0.95,0.9980576360618159
80,4,0.05,0.9294182174431185
80,4,0.10,0.9939474329098325
80,4,0.15,0.9971013687902343
80,4,0.20,0.9976991952171878
80,4,0.25,0.9975026447854684
80,4,0.30,0.9976757068940342
80,4,0.35,0.9928695040938779
80,4,0.40,0.9946061264516558
80,4,0.45,0.9951998037098679
80,4,0.50,0.9896298257122511
80,4,0.55,0.9978078439230561
80,4,0.60,0.9955848849842808
80,4,0.65,0.9964851002552327
80,4,0.70,0.99771175434783
80,4,0.75,0.9963992357710956
80,4,0.80,0.9968957717044827
80,4,0.85,0.9960517558503633
80,4,0.90,0.9976214790074609
80,4,0.95,0.9961742137273661
80,5,0.05,0.9838471415213312
80,5,0.10,0.996316081545723
80,5,0.15,0.9941963198562679
80,5,0.20,0.9924487465326719
80,5,0.25,0.9942948906472828
80,5,0.30,0.9979617840288041
80,5,0.35,0.9880122501808813
80,5,0.40,0.9977778498440445
80,5,0.45,0.9956170924905725
80,5,0.50,0.9976288018871359
80,5,0.55,0.9953521458780947
80,5,0.60,0.9973820551397928
80,5,0.65,0.9974668882782712
80,5,0.70,0.9972458232298885
80,5,0.75,0.9940559141702131
80,5,0.80,0.994087831564549
80,5,0.85,0.9952931509161611
80,5,0.90,0.9921688963113301
80,5,0.95,0.9978149174584917
80,6,0.05,0.9620416427472671
80,6,0.10,0.9892166694421822
80,6,0.15,0.9920002572135992
80,6,0.20,0.9949089334429077
80,6,0.25,0.9972501889640786
80,6,0.30,0.9977900596787611
80,6,0.35,0.9959005070686067
80,6,0.40,0.9905568534603353
80,6,0.45,0.9944942201823419
80,6,0.50,0.9906701438016327
80,6,0.55,0.994724142437593
80,6,0.60,0.9949480228984582
80,6,0.65,0.99751092728756
80,6,0.70,0.997233754612872
80,6,0.75,0.9938268990413618
80,6,0.80,0.9938013608205104
80,6,0.85,0.997893264461835
80,6,0.90,0.9975758393241938
80,6,0.95,0.997268048704044
80,7,0.05,0.9799237782923648
80,7,0.10,0.9937215237203239
80,7,0.15,0.9962319597502438
80,7,0.20,0.9941532720568566
80,7,0.25,0.9951221336448094
80,7,0.30,0.9948913112669616
80,7,0.35,0.9979449394502848
80,7,0.40,0.9971858217171053
80,7,0.45,0.9967852683095787
80,7,0.50,0.997577293915495
80,7,0.55,0.9948222376166854
80,7,0.60,0.9944329239703137
80,7,0.65,0.9979227295205189
80,7,0.70,0.9972203437434247
80,7,0.75,0.9962405760520084
80,7,0.80,0.9982149234023295
80,7,0.85,0.993105467521104
80,7,0.90,0.9977365461591409
80,7,0.95,0.9915299113116327
80,8,0.05,0.9895468401708465
80,8,0.10,0.9958393904574611
80,8,0.15,0.9895155684697059
80,8,0.20,0.9970513403463618
80,8,0.25,0.9959920328650711
80,8,0.30,0.9959027435437267
80,8,0.35,0.9948146656539705
80,8,0.40,0.9976837115862497
80,8,0.45,0.994883278762193
80,8,0.50,0.9952125614619686
80,8,0.55,0.9955408316462913
80,8,0.60,0.9914323183992408
80,8,0.65,0.9958521388934097
80,8,0.70,0.9969976975974659
80,8,0.75,0.9939380522987912
80,8,0.80,0.9950328851498206
80,8,0.85,0.9973337559218372
80,8,0.90,0.997353552363195
80,8,0.95,0.9979173271732891
80,9,0.05,0.9844292264746146
80,9,0.10,0.991519595566752
80,9,0.15,0.9952882047593763
80,9,0.20,0.9950636695122549
80,9,0.25,0.9945858274789443
80,9,0.30,0.9981761596541482
80,9,0.35,0.9981530354918768
80,9,0.40,0.9970618231674508
80,9,0.45,0.99431863034015
80,9,0.50,0.9943524814130379
80,9,0.55,0.9945585298890275
80,9,0.60,0.995525030755129
80,9,0.65,0.9981230199879725
80,9,0.70,0.9954840622624587
80,9,0.75,0.9951278983241193
80,9,0.80,0.9960010742038921
80,9,0.85,0.9974441237196002
80,9,0.90,0.9938576501762267
80,9,0.95,0.9931771158012256
81,0,0.05,0.9825544255500681
81,0,0.10,0.9923680262649512
81,0,0.15,0.9925395052243613
81,0,0.20,0.99490571162851
81,0,0.25,0.9931017909536968
81,0,0.30,0.9950514667628517
81,0,0.35,0.9978979016377042
81,0,0.40,0.9975961513032875
81,0,0.45,0.9974926108378541
81,0,0.50,0.997673963582832
81,0,0.55,0.9971589834795008
81,0,0.60,0.9975197291692849
81,0,0.65,0.9954491541443793
81,0,0.70,0.9977024816852901
81,0,0.75,0.9981301411142022
81,0,0.80,0.9955961367821309
81,0,0.85,0.996060802787309
81,0,0.90,0.9961630303213244
81,0,0.95,0.9946022135765413
81,1,0.05,0.9867704950330974
81,1,0.10,0.9851023281242899
81,1,0.15,0.995833145860403
81,1,0.20,0.9933501893141443
81,1,0.25,0.9958157844192067
81,1,0.30,0.9977428830010857
81,1,0.35,0.9948470624052405
81,1,0.40,0.997662691031688
81,1,0.45,0.9944569115829358
81,1,0.50,0.9936494468491786
81,1,0.55,0.9976911014415192
81,1,0.60,0.9973887707810036
81,1,0.65,0.9974479299595685
81,1,0.70,0.9973696314123525
81,1,0.75,0.9954935201165815
81,1,0.80,0.9947861156342297
81,1,0.85,0.9983029511654463
81,1,0.90,0.9928449509040441
81,1,0.95,0.9975325640087592
81,2,0.05,0.9478625042623648
81,2,0.10,0.9927899938061175
81,2,0.15,0.9953417140288874
81,2,0.20,0.9980868075256758
81,2,0.25,0.9970574611400466
81,2,0.30,0.9950855594118403
81,2,0.35,0.9940042221045394
81,2,0.40,0.9965234068649111
81,2,0.45,0.9979684188270471
81,2,0.50,0.9972347962637761
81,2,0.55,0.9909605366482872
81,2,0.60,0.9957645095291301
81,2,0.65,0.9951896342023246
81,2,0.70,0.994954774690386
81,2,0.75,0.9951007737559835
81,2,0.80,0.9974419416297885
81,2,0.85,0.9971423254615467
81,2,0.90,0.9950746981184981
81,2,0.95,0.997527502773253
81,3,0.05,0.9706288895222928
81,3,0.10,0.988316628801625
81,3,0.15,0.9920211564344981
81,3,0.20,0.9899073685683015
81,3,0.25,0.9947641344955851
81,3,0.30,0.9978794205601871
81,3,0.35,0.9974958882855525
81,3,0.40,0.995838030584646
81,3,0.45,0.9951515366294582
81,3,0.50,0.9949682391433463
81,3,0.55,0.997793712468383
81,3,0.60,0.9981776722305932
81,3,0.65,0.9973899267850446
81,3,0.70,0.9951325616277139
81,3,0.75,0.9975447042626953
81,3,0.80,0.9977210329859656
81,3,0.85,0.9961445278113283
81,3,0.90,0.9972139778832042
81,3,0.95,0.9948231608111661
81,4,0.05,0.996079533698943
81,4,0.10,0.993235832840908
81,4,0.15,0.9915886464323591
81,4,0.20,0.9914150745882868
81,4,0.25,0.9940927621309307
81,4,0.30,0.9962770095451638
81,4,0.35,0.9981703459832465
81,4,0.40,0.9953472125654726
81,4,0.45,0.9914701250137966
81,4,0.50,0.9975385067966492
81,4,0.55,0.9971387794842976
81,4,0.60,0.9975708303013567
81,4,0.65,0.9978983567152018
81,4,0.70,0.9961383749858026
81,4,0.75,0.9982308265043526
81,4,0.80,0.9975218772756902
81,4,0.85,0.9947276645576296
81,4,0.90,0.9919794348808965
81,4,0.95,0.9971649432805858
81,5,0.05,0.9847239508387085
81,5,0.10,0.9948692045455241
81,5,0.15,0.9932355428750367
81,5,0.20,0.9971202093081186
81,5,0.25,0.9946465400243651
81,5,0.30,0.9971384582142497
81,5,0.35,0.9977417448753723
81,5,0.40,0.9973668765679579
81,5,0.45,0.9958991017626336
81,5,0.50,0.9934371510764853
81,5,0.55,0.994254156731809
81,5,0.60,0.994616044257816
81,5,0.65,0.9979004944064301
81,5,0.70,0.9951708664851625
81,5,0.75,0.9947497569900361
81,5,0.80,0.9979096177053677
81,5,0.85,0.993974973429663
81,5,0.90,0.9970792621369863
81,5,0.95,0.9935127593391428
81,6,0.05,0.9786767794541777
81,6,0.10,0.9905108383081951
81,6,0.15,0.9928372561659775
81,6,0.20,0.992807652261707
81,6,0.25,0.9975348975405838
81,6,0.30,0.9914603132537605
81,6,0.35,0.9976178466270832
81,6,0.40,0.9942413212101319
81,6,0.45,0.9974776900386839
81,6,0.50,0.9979258056642533
81,6,0.55,0.9971127365776127
81,6,0.60,0.9979551352472261
81,6,0.65,0.9958314188790085
81,6,0.70,0.9948317268477334
81,6,0.75,0.9957064432030583
81,6,0.80,0.9971702746610464
81,6,0.85,0.9959338149284506
81,6,0.90,0.9982786156602758
81,6,0.95,0.9978441514918115
81,7,0.05,0.9788213693965744
81,7,0.10,0.9934137217355407
81,7,0.15,0.9961400276108376
81,7,0.20,0.9937753554172024
81,7,0.25,0.9969245069004737
81,7,0.30,0.9973363130208992
81,7,0.35,0.993920571475796
81,7,0.40,0.9954783729132899
81,7,0.45,0.9977821274208056
81,7,0.50,0.9924043521168152
81,7,0.55,0.9980263855944534
81,7,0.60,0.9974946918712837
81,7,0.65,0.995085861896092
81,7,0.70,0.9975342676097617
81,7,0.75,0.9978344225297929
81,7,0.80,0.9957025465334124
81,7,0.85,0.994885371326723
81,7,0.90,0.995046968640299
81,7,0.95,0.9908704219513264
81,8,0.05,0.9876357767935319
81,8,0.10,0.9904703897019976
81,8,0.15,0.9945080125445201
81,8,0.20,0.9957756549927826
81,8,0.25,0.9971748055013767
81,8,0.30,0.9967925128389998
81,8,0.35,0.9970554411511594
81,8,0.40,0.9977549788366934
81,8,0.45,0.9977618013585149
81,8,0.50,0.9935005782014916
81,8,0.55,0.997750639690566
81,8,0.60,0.9971834902594687
81,8,0.65,0.9956263888222557
81,8,0.70,0.99706176139672
81,8,0.75,0.9941681927700602
81,8,0.80,0.9977265331443375
81,8,0.85,0.9975123792728886
81,8,0.90,0.9984660371056131
81,8,0.95,0.9957207014177165
81,9,0.05,0.9891921540292887
81,9,0.10,0.9897632134741561
81,9,0.15,0.9884608578040286
81,9,0.20,0.9972254653008827
81,9,0.25,0.9977885309202812
81,9,0.30,0.9978334143670943
81,9,0.35,0.9918304207245429
81,9,0.40,0.9942150981847413
81,9,0.45,0.9952028508668396
81,9,0.50,0.997431627470568
81,9,0.55,0.9985187728535889
81,9,0.60,0.9979438912112464
81,9,0.65,0.9976482716598117
81,9,0.70,0.9955738982597703
81,9,0.75,0.995553344788363
81,9,0.80,0.994862912490473
81,9,0.85,0.9955711014699562
81,9,0.90,0.9971132897223492
81,9,0.95,0.9972908989536374
82,0,0.05,0.9780113053897364
82,0,0.10,0.9923915172922197
82,0,0.15,0.9959803137549793
82,0,0.20,0.9976964429583841
82,0,0.25,0.9972086700372663
82,0,0.30,0.9971736367721384
82,0,0.35,0.9973625821251915
82,0,0.40,0.9975009836975618
82,0,0.45,0.9969253433103296
82,0,0.50,0.9939579370478785
82,0,0.55,0.997452202262674
82,0,0.60,0.9978928856340112
82,0,0.65,0.9955836620979971
82,0,0.70,0.9951241708564201
82,0,0.75,0.9962036690599828
82,0,0.80,0.9977914126987911
82,0,0.85,0.994310603433925
82,0,0.90,0.9947111576311196
82,0,0.95,0.9906722683402881
82,1,0.05,0.9844715338153514
82,1,0.10,0.9953261921307036
82,1,0.15,0.9968507581609913
82,1,0.20,0.9948987819126881
82,1,0.25,0.9960691494130829
82,1,0.30,0.9972212651520791
82,1,0.35,0.9936641312848349
82,1,0.40,0.9964574867258958
82,1,0.45,0.9979842522575424
82,1,0.50,0.9981565338381511
82,1,0.55,0.9976225631106617
82,1,0.60,0.9910226890763635
82,1,0.65,0.9944056192798918
82,1,0.70,0.9967505056699733
82,1,0.75,0.994120961437588
82,1,0.80,0.9946862937441108
82,1,0.85,0.9952257397846559
82,1,0.90,0.9973189290216221
82,1,0.95,0.9948883015950389
82,2,0.05,0.9723611846619942
82,2,0.10,0.9970108168599638
82,2,0.15,0.9951154304125318
82,2,0.20,0.9973836633865358
82,2,0.25,0.9968633535244624
82,2,0.30,0.996202031243477
82,2,0.35,0.9970102617879275
82,2,0.40,0.9963032571124333
82,2,0.45,0.997788213163701
82,2,0.50,0.9956835169350583
82,2,0.55,0.9974301622182321
82,2,0.60,0.9975494353870202
82,2,0.65,0.9954451706729991
82,2,0.70,0.9969514127948732
82,2,0.75,0.992135241492957
82,2,0.80,0.9974975636355476
82,2,0.85,0.992829375331055
82,2,0.90,0.9932910035376787
82,2,0.95,0.9979272104957755
82,3,0.05,0.9735286870797807
82,3,0.10,0.9891653989258469
82,3,0.15,0.9961102510222742
82,3,0.20,0.9937560521066137
82,3,0.25,0.9912388454094323
82,3,0.30,0.9964581367132613
82,3,0.35,0.9942017658272222
82,3,0.40,0.9971280181612323
82,3,0.45,0.9970166048970741
82,3,0.50,0.9948859759072138
82,3,0.55,0.9965892152340883
82,3,0.60,0.9979229726604885
82,3,0.65,0.9943542848268995
82,3,0.70,0.9975911274974866
82,3,0.75,0.9907009602743526
82,3,0.80,0.9971055909498505
82,3,0.85,0.9944290379993072
82,3,0.90,0.9972927361308664
82,3,0.95,0.9977551238520119
82,4,0.05,0.9769993300226872
82,4,0.10,0.9913347221290599
82,4,0.15,0.9956926545219993
82,4,0.20,0.9971172870763753
82,4,0.25,0.9976756403548057
82,4,0.30,0.992431226943947
82,4,0.35,0.9969391756569425
82,4,0.40,0.9945207787029688
82,4,0.45,0.9945439420132219
82,4,0.50,0.9972316533543818
82,4,0.55,0.9944912316516049
82,4,0.60,0.9971212073113055
82,4,0.65,0.9973571907623506
82,4,0.70,0.9949207878379368
82,4,0.75,0.9949098076777414
82,4,0.80,0.9970181918048329
82,4,0.85,0.9950525906295643
82,4,0.90,0.9975076976369409
82,4,0.95,0.9980676283727536
82,5,0.05,0.9856706049116387
82,5,0.10,0.9950813894032187
82,5,0.15,0.9960947977718699
82,5,0.20,0.9896195618607706
82,5,0.25,0.9964598310825938
82,5,0.30,0.9971863636272013
82,5,0.35,0.9948406056106722
82,5,0.40,0.9942753093240243
82,5,0.45,0.9920193670754727
82,5,0.50,0.9970306502711335
82,5,0.55,0.998159900996733
82,5,0.60,0.9927658080972466
82,5,0.65,0.9951408600477565
82,5,0.70,0.9976394880917453
82,5,0.75,0.9971471313658278
82,5,0.80,0.997709805519977
82,5,0.85,0.9930522964439352
82,5,0.90,0.9974539736405945
82,5,0.95,0.9901277336827238
82,6,0.05,0.976824011271952
82,6,0.10,0.9918046590641147
82,6,0.15,0.9952618647168772
82,6,0.20,0.9972582484457223
82,6,0.25,0.9980823420798209
82,6,0.30,0.9949885609130745
82,6,0.35,0.9965376854052279
82,6,0.40,0.9973986593732367
82,6,0.45,0.9953275528502741
82,6,0.50,0.9969692146244572
82,6,0.55,0.9973066545637245
82,6,0.60,0.9949854164248575
82,6,0.65,0.997403834034172
82,6,0.70,0.9983676243533256
82,6,0.75,0.9976156323378399
82,6,0.80,0.9945799612124568
82,6,0.85,0.9970071616318922
82,6,0.90,0.9956041410473717
82,6,0.95,0.9940103853659262
82,7,0.05,0.9835751963517798
82,7,0.10,0.9944324928779402
82,7,0.15,0.9942173981973949
82,7,0.20,0.9947054945216915
82,7,0.25,0.9972517751082554
82,7,0.30,0.9972603948789442
82,7,0.35,0.9950253290525258
82,7,0.40,0.9969971564798005
82,7,0.45,0.9977651030923312
82,7,0.50,0.9972208316523578
82,7,0.55,0.9973437572711653
82,7,0.60,0.9903617635776677
82,7,0.65,0.9975069341015134
82,7,0.70,0.9926811294544432
82,7,0.75,0.9940949528036023
82,7,0.80,0.9905383614149403
82,7,0.85,0.9951145719876993
82,7,0.90,0.9922290982969862
82,7,0.95,0.9925375210362574
82,8,0.05,0.9495815437787303
82,8,0.10,0.9951474043078812
82,8,0.15,0.9931384245853304
82,8,0.20,0.991988185691167
82,8,0.25,0.9960731742669052
82,8,0.30,0.9970161869994635
82,8,0.35,0.997373468691506
82,8,0.40,0.9934753894999555
82,8,0.45,0.9978052525637784
82,8,0.50,0.9971831979942292
82,8,0.55,0.9978634054220119
82,8,0.60,0.9974917364008262
82,8,0.65,0.9906445782454749
82,8,0.70,0.9954277774142803
82,8,0.75,0.9979534983650771
82,8,0.80,0.9961404779174957
82,8,0.85,0.9914189168435977
82,8,0.90,0.9951154580207966
82,8,0.95,0.9976893116971344
82,9,0.05,0.9793720739112088
82,9,0.10,0.9922957493870775
82,9,0.15,0.9952496350918737
82,9,0.20,0.995782428484108
82,9,0.25,0.9963839586357986
82,9,0.30,0.9913298869608096
82,9,0.35,0.9965956436805788
82,9,0.40,0.9962989765053385
82,9,0.45,0.9971754867578267
82,9,0.50,0.9979145090043366
82,9,0.55,0.9953836650581864
82,9,0.60,0.9967613327492252
82,9,0.65,0.9973773288739762
82,9,0.70,0.99275394469717
82,9,0.75,0.992279377926553
82,9,0.80,0.9951012731514998
82,9,0.85,0.9978795411313892
82,9,0.90,0.9911829050700761
82,9,0.95,0.9945317570525202
83,0,0.05,0.9810346548012574
83,0,0.10,0.9942529586199823
83,0,0.15,0.9886234192358022
83,0,0.20,0.9933311890552107
83,0,0.25,0.9971804400372586
83,0,0.30,0.9973106675579676
83,0,0.35,0.9973068264686352
83,0,0.40,0.9951795928193998
83,0,0.45,0.9958533675144815
83,0,0.50,0.9940833012331761
83,0,0.55,0.9977151028715122
83,0,0.60,0.9978295687320329
83,0,0.65,0.9953413945032257
83,0,0.70,0.9942053597888939
83,0,0.75,0.9956656998042912
83,0,0.80,0.9955576146238364
83,0,0.85,0.9915517284534916
83,0,0.90,0.9976960848119705
83,0,0.95,0.9975847518220701
83,1,0.05,0.9670881231426759
83,1,0.10,0.9905499439430875
83,1,0.15,0.9930192345377472
83,1,0.20,0.9965952369000746
83,1,0.25,0.9969899598117782
83,1,0.30,0.9942017068741698
83,1,0.35,0.9945322870358675
83,1,0.40,0.993920174546991
83,1,0.45,0.9975997216793627
83,1,0.50,0.9948250244796627
83,1,0.55,0.9949957599042389
83,1,0.60,0.997842409176489
83,1,0.65,0.9934615635297501
83,1,0.70,0.9952057501645374
83,1,0.75,0.9981029627283821
83,1,0.80,0.9934136266250564
83,1,0.85,0.9936152930968255
83,1,0.90,0.9976505044358399
83,1,0.95,0.9958417873756437
83,2,0.05,0.9646240692502225
83,2,0.10,0.9915497341139135
83,2,0.15,0.9971362907805869
83,2,0.20,0.9970247756318399
83,2,0.25,0.9967128642774216
83,2,0.30,0.9975691632729358
83,2,0.35,0.9951852301354122
83,2,0.40,0.9971512984137234
83,2,0.45,0.9973856497135857
83,2,0.50,0.9902192882717427
83,2,0.55,0.9948873444018845
83,2,0.60,0.9978665952755773
83,2,0.65,0.9981717183476136
83,2,0.70,0.9982457335478068
83,2,0.75,0.992114229122904
83,2,0.80,0.9975234459866165
83,2,0.85,0.9945783181427099
83,2,0.90,0.9975413454443223
83,2,0.95,0.9973610986735588
83,3,0.05,0.9824551661722323
83,3,0.10,0.994729997875629
83,3,0.15,0.9937352961262169
83,3,0.20,0.9973053954481814
83,3,0.25,0.9954552986279236
83,3,0.30,0.9978737273268303
83,3,0.35,0.9952172001310758
83,3,0.40,0.9933798571119459
83,3,0.45,0.9954874405338422
83,3,0.50,0.9973695981952941
83,3,0.55,0.9949058331131259
83,3,0.60,0.9975297038115956
83,3,0.65,0.9970459600875449
83,3,0.70,0.9938958192727445
83,3,0.75,0.9978255627099719
83,3,0.80,0.9923635963895064
83,3,0.85,0.9950254205545345
83,3,0.90,0.9973337011743436
83,3,0.95,0.9974895712228499
83,4,0.05,0.9393105978240444
83,4,0.10,0.995170513265163
83,4,0.15,0.9937269144388992
83,4,0.20,0.9974678126523827
83,4,0.25,0.9927955064823478
83,4,0.30,0.995620428882425
83,4,0.35,0.9968759419421171
83,4,0.40,0.9954537932690193
83,4,0.45,0.998096747075826
83,4,0.50,0.9951207568687319
83,4,0.55,0.9958214688996342
83,4,0.60,0.9982182669269134
83,4,0.65,0.9979460859934745
83,4,0.70,0.998089194276322
83,4,0.75,0.9956096763013217
83,4,0.80,0.9977552117592124
83,4,0.85,0.9982588044856407
83,4,0.90,0.9961077058788956
83,4,0.95,0.997876948503272
83,5,0.05,0.9894560923143195
83,5,0.10,0.9931300654124505
83,5,0.15,0.9972542859041936
83,5,0.20,0.9975781307965251
83,5,0.25,0.9954174432365904
83,5,0.30,0.9972571476300897
83,5,0.35,0.9959997250904774
83,5,0.40,0.9972878562187861
83,5,0.45,0.9981305064559346
83,5,0.50,0.9965141763113275
83,5,0.55,0.9942483962356622
83,5,0.60,0.9974591168126857
83,5,0.65,0.9973130383428443
83,5,0.70,0.9950348914150462
83,5,0.75,0.9919475054661309
83,5,0.80,0.9945628771253302
83,5,0.85,0.9957232468857472
83,5,0.90,0.9929625511493897
83,5,0.95,0.995510327545608
83,6,0.05,0.9615194640559773
83,6,0.10,0.9916253646274216
83,6,0.15,0.9972974129485643
83,6,0.20,0.9938945489973054
83,6,0.25,0.9972499331181808
83,6,0.30,0.9953712642580146
83,6,0.35,0.9975565202916786
83,6,0.40,0.993456282992225
83,6,0.45,0.9952782673129823
83,6,0.50,0.997305765052479
83,6,0.55,0.9975491761546503
83,6,0.60,0.995884322628503
83,6,0.65,0.9944602486651101
83,6,0.70,0.9945869174500629
83,6,0.75,0.9939772033374813
83,6,0.80,0.997715952616662
83,6,0.85,0.9978987132718163
83,6,0.90,0.9969482980998481
83,6,0.95,0.9949250247205705
83,7,0.05,0.9666742435567929
83,7,0.10,0.9943942225515148
83,7,0.15,0.9961781826248246
83,7,0.20,0.9965109428083779
83,7,0.25,0.9951673098611696
83,7,0.30,0.9966159088143041
83,7,0.35,0.9971717730155603
83,7,0.40,0.9979399520078837
83,7,0.45,0.9978491755035013
83,7,0.50,0.9948149645749016
83,7,0.55,0.996247084132034
83,7,0.60,0.9952389868521119
83,7,0.65,0.9978720351329884
83,7,0.70,0.9946528280323217
83,7,0.75,0.9950590838894239
83,7,0.80,0.990581345622544
83,7,0.85,0.9970614210452389
83,7,0.90,0.9975336361983472
83,7,0.95,0.9979494365988129
83,8,0.05,0.9376232073422582
83,8,0.10,0.9965514467506691
83,8,0.15,0.9964321358868233
83,8,0.20,0.9939694837189768
83,8,0.25,0.9973690570932401
83,8,0.30,0.9952180973394784
83,8,0.35,0.9954695122704074
83,8,0.40,0.9963433188847257
83,8,0.45,0.9970993032752141
83,8,0.50,0.9969824396396451
83,8,0.55,0.9940530103976876
83,8,0.60,0.9947570957484698
83,8,0.65,0.9970192465956406
83,8,0.70,0.997776721793649
83,8,0.75,0.9981163683582238
83,8,0.80,0.996203067302383
83,8,0.85,0.9953121498907455
83,8,0.90,0.9955400969118644
83,8,0.95,0.9924781531443709
83,9,0.05,0.9638797708852677
83,9,0.10,0.9857098717969057
83,9,0.15,0.9974639004088314
83,9,0.20,0.9973949723249363
83,9,0.25,0.9962687986569561
83,9,0.30,0.9954970884361241
83,9,0.35,0.9958051853172559
83,9,0.40,0.9970405680342325
83,9,0.45,0.997132587523021
83,9,0.50,0.9969889814101994
83,9,0.55,0.9972604496915686
83,9,0.60,0.9983220274508947
83,9,0.65,0.9956562051530681
83,9,0.70,0.9949211841431277
83,9,0.75,0.9956944188212669
83,9,0.80,0.992683833875453
83,9,0.85,0.9970513691933709
83,9,0.90,0.9959411482090963
83,9,0.95,0.9981485700960023
84,0,0.05,0.9820541192874851
84,0,0.10,0.9886784515885885
84,0,0.15,0.9959749009787958
84,0,0.20,0.9975364768557161
84,0,0.25,0.9971146262849091
84,0,0.30,0.9979689487459452
84,0,0.35,0.9976687225514789
84,0,0.40,0.9947645192988392
84,0,0.45,0.9972949615631775
84,0,0.50,0.998725188789643
84,0,0.55,0.9904805475390343
84,0,0.60,0.9981506637763121
84,0,0.65,0.9925689284995687
84,0,0.70,0.9923525158719197
84,0,0.75,0.9949952162182704
84,0,0.80,0.9909866282813975
84,0,0.85,0.9948967684524931
84,0,0.90,0.9953746683785957
84,0,0.95,0.9959572209662231
84,1,0.05,0.9664478609142231
84,1,0.10,0.9858922050212949
84,1,0.15,0.9958922830840966
84,1,0.20,0.9899441039650878
84,1,0.25,0.9938391896691949
84,1,0.30,0.9976201001609222
84,1,0.35,0.9905223748171172
84,1,0.40,0.9946504556885346
84,1,0.45,0.997893945125058
84,1,0.50,0.9953373249440317
84,1,0.55,0.9981583568231069
84,1,0.60,0.9956461040367184
84,1,0.65,0.9967468884053451
84,1,0.70,0.9959146612357707
84,1,0.75,0.9917810902644003
84,1,0.80,0.9973852151587252
84,1,0.85,0.9923954039201623
84,1,0.90,0.9952290224445355
84,1,0.95,0.9976699926515632
84,2,0.05,0.9833302715329438
84,2,0.10,0.9890217383922832
84,2,0.15,0.9948614060589681
84,2,0.20,0.9972944525859465
84,2,0.25,0.9923270160209992
84,2,0.30,0.9943956904398081
84,2,0.35,0.9951317373674158
84,2,0.40,0.9981361860465137
84,2,0.45,0.995182555089915
84,2,0.50,0.9925278437326213
84,2,0.55,0.9978394438370541
84,2,0.60,0.9949937230752245
84,2,0.65,0.9952282293888783
84,2,0.70,0.9961184863709636
84,2,0.75,0.9976642445102688
84,2,0.80,0.9948727523131159
84,2,0.85,0.9940604204279752
84,2,0.90,0.9945308392658646
84,2,0.95,0.9954377633284017
84,3,0.05,0.9704353629939984
84,3,0.10,0.9853811286648981
84,3,0.15,0.9968461695857245
84,3,0.20,0.996624172460384
84,3,0.25,0.9949316057030415
84,3,0.30,0.9983130237209265
84,3,0.35,0.9975139077409267
84,3,0.40,0.9977189485680942
84,3,0.45,0.9972973445986333
84,3,0.50,0.9942798917748108
84,3,0.55,0.9975288993986866
84,3,0.60,0.9927025145996428
84,3,0.65,0.9974568144254504
84,3,0.70,0.9959424693504603
84,3,0.75,0.9957110941648308
84,3,0.80,0.9912762811419532
84,3,0.85,0.995240419672281
84,3,0.90,0.9916137750850199
84,3,0.95,0.9954545188177256
84,4,0.05,0.9875499534925611
84,4,0.10,0.9933747800767455
84,4,0.15,0.9894696915033185
84,4,0.20,0.992570863613936
84,4,0.25,0.9965967125764444
84,4,0.30,0.998035550874399
84,4,0.35,0.9959572899716377
84,4,0.40,0.9972261858326902
84,4,0.45,0.9950472526426656
84,4,0.50,0.9981865996578143
84,4,0.55,0.9938129089036564
84,4,0.60,0.9909112166919113
84,4,0.65,0.9955391800079006
84,4,0.70,0.9981479168370192
84,4,0.75,0.9947999119540636
84,4,0.80,0.9974289142789142
84,4,0.85,0.9977192126783021
84,4,0.90,0.9945437575564592
84,4,0.95,0.9951098209126451
84,5,0.05,0.9792895202065163
84,5,0.10,0.9949017857232263
84,5,0.15,0.9964190478315047
84,5,0.20,0.9897667775311146
84,5,0.25,0.9944846550532788
84,5,0.30,0.9977259085907846
84,5,0.35,0.9977798884886562
84,5,0.40,0.9983022128817612
84,5,0.45,0.9972296700679499
84,5,0.50,0.9937335496080801
84,5,0.55,0.9951367684292465
84,5,0.60,0.9927772648083235
84,5,0.65,0.9921055407949616
84,5,0.70,0.9931646639573882
84,5,0.75,0.9956292310552134
84,5,0.80,0.995696279272791
84,5,0.85,0.9971065599371584
84,5,0.90,0.991779174745063
84,5,0.95,0.9948466346582595
84,6,0.05,0.9177277920194045
84,6,0.10,0.9971183886838578
84,6,0.15,0.9930702860065069
84,6,0.20,0.997912501774106
84,6,0.25,0.9974338741814148
84,6,0.30,0.9977910273276358
84,6,0.35,0.9925086048075307
84,6,0.40,0.9977065049553873
84,6,0.45,0.998346564041338
84,6,0.50,0.9917765620498119
84,6,0.55,0.9983860964026295
84,6,0.60,0.9979790722534155
84,6,0.65,0.9950580558149544
84,6,0.70,0.9976216988881429
84,6,0.75,0.9961046245965883
84,6,0.80,0.9955109817963714
84,6,0.85,0.9907814620042458
84,6,0.90,0.9973957365673456
84,6,0.95,0.9920739521756734
84,7,0.05,0.9578433088551974
84,7,0.10,0.9852710809058978
84,7,0.15,0.9930255377521048
84,7,0.20,0.9978822146658608
84,7,0.25,0.9940474424709159
84,7,0.30,0.9949533967690051
84,7,0.35,0.9975133021020732
84,7,0.40,0.9979927410581941
84,7,0.45,0.9920628569712968
84,7,0.50,0.9980905688710399
84,7,0.55,0.9970275469643666
84,7,0.60,0.9950214286285446
84,7,0.65,0.9979064357305698
84,7,0.70,0.9946288928307545
84,7,0.75,0.998339767047361
84,7,0.80,0.9949141931853249
84,7,0.85,0.9951752946158668
84,7,0.90,0.9976089168783485
84,7,0.95,0.9970593941220913
84,8,0.05,0.9413534158868065
84,8,0.10,0.9927574873522019
84,8,0.15,0.9929051532111485
84,8,0.20,0.9980836270122216
84,8,0.25,0.9913475940699511
84,8,0.30,0.9967548921039823
84,8,0.35,0.9949223512608178
84,8,0.40,0.9982187496842824
84,8,0.45,0.9936047823800547
84,8,0.50,0.9982477144746831
84,8,0.55,0.9931217909453218
84,8,0.60,0.993731475221266
84,8,0.65,0.9955046032107051
84,8,0.70,0.997979379055865
84,8,0.75,0.9982156884244829
84,8,0.80,0.9959518339981297
84,8,0.85,0.9977779302118781
84,8,0.90,0.9945262671672056
84,8,0.95,0.9951713356687368
84,9,0.05,0.9789002138975713
84,9,0.10,0.9945011671175952
84,9,0.15,0.9876640351680738
84,9,0.20,0.9972867062529499
84,9,0.25,0.9965187778288653
84,9,0.30,0.9948450881780605
84,9,0.35,0.9951169108789442
84,9,0.40,0.9969907745064855
84,9,0.45,0.9923690355843463
84,9,0.50,0.9976915655720155
84,9,0.55,0.9944902263331351
84,9,0.60,0.9961294037180088
84,9,0.65,0.9955448501196758
84,9,0.70,0.993566175879756
84,9,0.75,0.9954149073114249
84,9,0.80,0.9952693811840982
84,9,0.85,0.9979527445358393
84,9,0.90,0.9953992284617373
84,9,0.95,0.9979663606038891
85,0,0.05,0.971046532568527
85,0,0.10,0.9935914701784911
85,0,0.15,0.9951961736399981
85,0,0.20,0.9957190375574722
85,0,0.25,0.9927634764336623
85,0,0.30,0.9954345303985843
85,0,0.35,0.9967239782390582
85,0,0.40,0.9972919714308166
85,0,0.45,0.9977708968785753
85,0,0.50,0.9975729874503639
85,0,0.55,0.9974297532530765
85,0,0.60,0.9935995693215322
85,0,0.65,0.99743749928183
85,0,0.70,0.995515784179646
85,0,0.75,0.9973441546684784
85,0,0.80,0.99563122539682
85,0,0.85,0.9949786762627384
85,0,0.90,0.9975764692943846
85,0,0.95,0.9959490947414005
85,1,0.05,0.9802913159040387
85,1,0.10,0.9932453880554607
85,1,0.15,0.9921479693468213
85,1,0.20,0.9970351503105557
85,1,0.25,0.9976589053639632
85,1,0.30,0.9953818102773865
85,1,0.35,0.9972573207837682
85,1,0.40,0.9965149117053058
85,1,0.45,0.9973158711730596
85,1,0.50,0.9951585445079822
85,1,0.55,0.9979763406229488
85,1,0.60,0.9971362019153208
85,1,0.65,0.9936203735328684
85,1,0.70,0.9911986828700244
85,1,0.75,0.997603246345199
85,1,0.80,0.9950455140083083
85,1,0.85,0.995801840258355
85,1,0.90,0.9951302940375619
85,1,0.95,0.9971940853028223
85,2,0.05,0.970461063300804
85,2,0.10,0.9902293937556182
85,2,0.15,0.9948820663833082
85,2,0.20,0.9943591583131126
85,2,0.25,0.9964886928765697
85,2,0.30,0.9979516452110206
85,2,0.35,0.9973510507026419
85,2,0.40,0.9945558606300682
85,2,0.45,0.9946434159376973
85,2,0.50,0.9975657009901941
85,2,0.55,0.9955941396474524
85,2,0.60,0.9974490905038745
85,2,0.65,0.9957918689186068
85,2,0.70,0.9924035914766097
85,2,0.75,0.9961212011134989
85,2,0.80,0.9924004152482909
85,2,0.85,0.9957412229255326
85,2,0.90,0.9953536144118477
85,2,0.95,0.9944671397896557
85,3,0.05,0.9536418408095351
85,3,0.10,0.9885850642306236
85,3,0.15,0.997344585993655
85,3,0.20,0.9942178389783891
85,3,0.25,0.9927217382075666
85,3,0.30,0.9951557832254537
85,3,0.35,0.9961966373419439
85,3,0.40,0.995664228525453
85,3,0.45,0.9982029561472191
85,3,0.50,0.9951075461766492
85,3,0.55,0.9962770970339507
85,3,0.60,0.991485044845618
85,3,0.65,0.9972858217018349
85,3,0.70,0.9957624317364483
85,3,0.75,0.9981452004408071
85,3,0.80,0.9978400822335359
85,3,0.85,0.9956285546279073
85,3,0.90,0.9945184158677022
85,3,0.95,0.992202284961141
85,4,0.05,0.9884773125570333
85,4,0.10,0.9867825153288445
85,4,0.15,0.9967466721326297
85,4,0.20,0.9947578518241128
85,4,0.25,0.9974822895718585
85,4,0.30,0.9936721968036867
85,4,0.35,0.9952634771368054
85,4,0.40,0.9971041899704468
85,4,0.45,0.9975348725283515
85,4,0.50,0.9938091149248194
85,4,0.55,0.9954331377945709
85,4,0.60,0.9944150395312567
85,4,0.65,0.9946985590042399
85,4,0.70,0.9977237251767581
85,4,0.75,0.9962987522957562
85,4,0.80,0.9979826355853718
85,4,0.85,0.9953091479489359
85,4,0.90,0.9956339964204267
85,4,0.95,0.9938148830339176
85,5,0.05,0.9877107624160739
85,5,0.10,0.9950247627131543
85,5,0.15,0.9954258596160372
85,5,0.20,0.9973780999301383
85,5,0.25,0.9967041434568475
85,5,0.30,0.9974548695406681
85,5,0.35,0.9980458209720598
85,5,0.40,0.9973135214019057
85,5,0.45,0.9940099339919019
85,5,0.50,0.9975285630790915
85,5,0.55,0.9940877808493259
85,5,0.60,0.9973150265051942
85,5,0.65,0.9945870559155603
85,5,0.70,0.9977357250672556
85,5,0.75,0.9982237887357615
85,5,0.80,0.9956047304237482
85,5,0.85,0.994083691071931
85,5,0.90,0.9974784498875575
85,5,0.95,0.9980140161653841
85,6,0.05,0.9852771570645315
85,6,0.10,0.9972241213243204
85,6,0.15,0.9921091218088983
85,6,0.20,0.9893471981619222
85,6,0.25,0.9972742957025184
85,6,0.30,0.9972039825048725
85,6,0.35,0.9964604267280793
85,6,0.40,0.9941331585257881
85,6,0.45,0.994534633288752
85,6,0.50,0.9975525263456305
85,6,0.55,0.9955948490458132
85,6,0.60,0.996400979780896
85,6,0.65,0.9972314844295084
85,6,0.70,0.9957798025463795
85,6,0.75,0.9978254004285559
85,6,0.80,0.9954633925724581
85,6,0.85,0.9905965769031666
85,6,0.90,0.9944732921936176
85,6,0.95,0.9975009099474664
85,7,0.05,0.9881755147309623
85,7,0.10,0.9959089617779582
85,7,0.15,0.995717138608646
85,7,0.20,0.9937718825972747
85,7,0.25,0.9974805803147055
85,7,0.30,0.9978469166740377
85,7,0.35,0.9975422746494494
85,7,0.40,0.9955073947096986
85,7,0.45,0.9978668108999529
85,7,0.50,0.9936671181124815
85,7,0.55,0.9941817122399409
85,7,0.60,0.9984271161296651
85,7,0.65,0.9972743705922973
85,7,0.70,0.9948179206187733
85,7,0.75,0.9982303340585802
85,7,0.80,0.994841828271977
85,7,0.85,0.9950725316122144
85,7,0.90,0.9916864374784102
85,7,0.95,0.9978851264536228
85,8,0.05,0.9877199257195006
85,8,0.10,0.9837750773321937
85,8,0.15,0.9969531750589286
85,8,0.20,0.9945184382305561
85,8,0.25,0.9975564340735417
85,8,0.30,0.9977684267509409
85,8,0.35,0.993113682508067
85,8,0.40,0.9952161937931361
85,8,0.45,0.9952294667405591
85,8,0.50,0.9975926146146497
85,8,0.55,0.9961543803185825
85,8,0.60,0.9945534240859987
85,8,0.65,0.9976927238840393
85,8,0.70,0.9975611750788101
85,8,0.75,0.9950896625526494
85,8,0.80,0.9920022071076855
85,8,0.85,0.9970825046854336
85,8,0.90,0.9953742356292707
85,8,0.95,0.9972498927527833
85,9,0.05,0.9832678476266331
85,9,0.10,0.9892391616443388
85,9,0.15,0.9938129238708611
85,9,0.20,0.9942979259321592
85,9,0.25,0.99820574539698
85,9,0.30,0.9962138025601491
85,9,0.35,0.9948222881059329
85,9,0.40,0.9952096930262495
85,9,0.45,0.9974145297276429
85,9,0.50,0.9970223768839989
85,9,0.55,0.9957759990303795
85,9,0.60,0.9945110204557193
85,9,0.65,0.9952895266154869
85,9,0.70,0.9945904386475045
85,9,0.75,0.9952398068729899
85,9,0.80,0.9938775878012809
85,9,0.85,0.9945485624532214
85,9,0.90,0.9953292226349144
85,9,0.95,0.9945145233821097
86,0,0.05,0.9660454802235885
86,0,0.10,0.9971373097680511
86,0,0.15,0.9968005466695263
86,0,0.20,0.9951605220328646
86,0,0.25,0.9952747585972854
86,0,0.30,0.9919919516885528
86,0,0.35,0.9910120532258301
86,0,0.40,0.9970406095268752
86,0,0.45,0.995091353881624
86,0,0.50,0.9958945701262778
86,0,0.55,0.9972290800168241
86,0,0.60,0.9978829356371799
86,0,0.65,0.9911095509080098
86,0,0.70,0.9957974552845986
86,0,0.75,0.9977970042435454
86,0,0.80,0.9982114784117517
86,0,0.85,0.9917111168221647
86,0,0.90,0.9959579521392373
86,0,0.95,0.997945245753465
86,1,0.05,0.9667662538933596
86,1,0.10,0.9953326513830285
86,1,0.15,0.9937246688834285
86,1,0.20,0.9972199472866828
86,1,0.25,0.986360067234801
86,1,0.30,0.9976017613188476
86,1,0.35,0.9895994250617355
86,1,0.40,0.9955979454839378
86,1,0.45,0.9956504617453243
86,1,0.50,0.9973401612476662
86,1,0.55,0.9972865531286492
86,1,0.60,0.9953591824690649
86,1,0.65,0.9972756278584487
86,1,0.70,0.9977879164704107
86,1,0.75,0.9909652331650008
86,1,0.80,0.9983772624255469
86,1,0.85,0.9969233457895115
86,1,0.90,0.9950474642231236
86,1,0.95,0.9958039062406818
86,2,0.05,0.9785562919812437
86,2,0.10,0.9951512418576657
86,2,0.15,0.994317060188754
86,2,0.20,0.9976040068115166
86,2,0.25,0.9980055851058844
86,2,0.30,0.9968232740182534
86,2,0.35,0.9908534272347954
86,2,0.40,0.9981772269898583
86,2,0.45,0.9934586617209644
86,2,0.50,0.9958202003232596
86,2,0.55,0.9945089609775175
86,2,0.60,0.9941619678110721
86,2,0.65,0.9948607320443632
86,2,0.70,0.9940905688544664
86,2,0.75,0.9911873206639767
86,2,0.80,0.9983731403834128
86,2,0.85,0.9950817489526769
86,2,0.90,0.9950434166285536
86,2,0.95,0.9980225770653902
86,3,0.05,0.9871918404139445
86,3,0.10,0.9899181001603108
86,3,0.15,0.9928267280075738
86,3,0.20,0.9972358930886344
86,3,0.25,0.9977440665459262
86,3,0.30,0.9971184325114251
86,3,0.35,0.9954802397894488
86,3,0.40,0.9971642794796686
86,3,0.45,0.9976694275530765
86,3,0.50,0.997575899580423
86,3,0.55,0.9931232301190716
86,3,0.60,0.9927113794444
86,3,0.65,0.9954301751360818
86,3,0.70,0.9979735841502057
86,3,0.75,0.9974294026027936
86,3,0.80,0.998017925717109
86,3,0.85,0.9956675283853156
86,3,0.90,0.9956732799327771
86,3,0.95,0.995336242375215
86,4,0.05,0.9633466474945354
86,4,0.10,0.9904826894907192
86,4,0.15,0.9919108241632972
86,4,0.20,0.9944679288662738
86,4,0.25,0.994714791542883
86,4,0.30,0.9976657002780459
86,4,0.35,0.9977876532223358
86,4,0.40,0.9973914614040261
86,4,0.45,0.9968521248631795
86,4,0.50,0.9978980642192414
86,4,0.55,0.9972968795740502
86,4,0.60,0.9969250714482661
86,4,0.65,0.9973676518926212
86,4,0.70,0.9969265060740994
86,4,0.75,0.996996071091389
86,4,0.80,0.9942884136812202
86,4,0.85,0.9953166051314131
86,4,0.90,0.9980535178497263
86,4,0.95,0.9953364391320211
86,5,0.05,0.988706053904634
86,5,0.10,0.9976096868940637
86,5,0.15,0.9937665247300783
86,5,0.20,0.9973021665711111
86,5,0.25,0.995070492462426
86,5,0.30,0.9978104715969708
86,5,0.35,0.9973037209969052
86,5,0.40,0.9973247457573979
86,5,0.45,0.9924164344786828
86,5,0.50,0.994448668148374
86,5,0.55,0.9970070455292619
86,5,0.60,0.9945878917852878
86,5,0.65,0.9941083970170642
86,5,0.70,0.9976096741415466
86,5,0.75,0.9927866096564791
86,5,0.80,0.997774456488477
86,5,0.85,0.998156622591455
86,5,0.90,0.998273116369899
86,5,0.95,0.9948396231818347
86,6,0.05,0.9712619473214438
86,6,0.10,0.9920036965551927
86,6,0.15,0.9925031907899075
86,6,0.20,0.9954350092316112
86,6,0.25,0.9974341753062704
86,6,0.30,0.9973420865512971
86,6,0.35,0.9938002556049811
86,6,0.40,0.995405431573537
86,6,0.45,0.9976140891017848
86,6,0.50,0.997320134333865
86,6,0.55,0.9979848063777728
86,6,0.60,0.9971611522360097
86,6,0.65,0.994931530361476
86,6,0.70,0.9973737108124926
86,6,0.75,0.9956748714202046
86,6,0.80,0.9949484220862188
86,6,0.85,0.9978909598370962
86,6,0.90,0.9954572774305404
86,6,0.95,0.9980601471458345
86,7,0.05,0.9855026707205887
86,7,0.10,0.991874334295587
86,7,0.15,0.9973124506859521
86,7,0.20,0.9974491310835023
86,7,0.25,0.9961699601390623
86,7,0.30,0.9973989565448141
86,7,0.35,0.9968172208064292
86,7,0.40,0.9967502480598978
86,7,0.45,0.9974933564065833
86,7,0.50,0.9975099654941804
86,7,0.55,0.9977130694860614
86,7,0.60,0.9953240116490173
86,7,0.65,0.9930595149511287
86,7,0.70,0.9978904588189286
86,7,0.75,0.9953597424429189
86,7,0.80,0.9978632882124512
86,7,0.85,0.9922377207924796
86,7,0.90,0.9974421421528042
86,7,0.95,0.9978858528959574
86,8,0.05,0.9697999237942388
86,8,0.10,0.9917598872343119
86,8,0.15,0.9955456614776145
86,8,0.20,0.9934700425021693
86,8,0.25,0.9963693183245578
86,8,0.30,0.9962276211093545
86,8,0.35,0.9924768835028447
86,8,0.40,0.9919918112233449
86,8,0.45,0.9973286162915467
86,8,0.50,0.9953676693380957
86,8,0.55,0.9981296708609402
86,8,0.60,0.9959305217276018
86,8,0.65,0.9933663749467628
86,8,0.70,0.9922416560300409
86,8,0.75,0.9942551354022976
86,8,0.80,0.9976962256410175
86,8,0.85,0.9977737039055411
86,8,0.90,0.9976863218145634
86,8,0.95,0.9937352639915495
86,9,0.05,0.9849079858017278
86,9,0.10,0.9944063855906445
86,9,0.15,0.9958527477606695
86,9,0.20,0.9903947784601806
86,9,0.25,0.9977605591678664
86,9,0.30,0.9967891922458859
86,9,0.35,0.9977834511359773
86,9,0.40,0.9918712529599075
86,9,0.45,0.9959071464226645
86,9,0.50,0.9926060654638587
86,9,0.55,0.9919597772884446
86,9,0.60,0.9972743713536014
86,9,0.65,0.9979470929458296
86,9,0.70,0.9924542999472067
86,9,0.75,0.997784135165976
86,9,0.80,0.9979264911310137
86,9,0.85,0.9959052484145929
86,9,0.90,0.9952044990153454
86,9,0.95,0.9942608827591626
87,0,0.05,0.9819001481947525
87,0,0.10,0.9923735691830826
87,0,0.15,0.9934475583747027
87,0,0.20,0.9965010677549412
87,0,0.25,0.9825004958068245
87,0,0.30,0.9971029817739829
87,0,0.35,0.996619590865245
87,0,0.40,0.9929835972111519
87,0,0.45,0.9939715001149865
87,0,0.50,0.9925858807454623
87,0,0.55,0.9942854156640448
87,0,0.60,0.9972957437108791
87,0,0.65,0.9970214803234223
87,0,0.70,0.9977301445677542
87,0,0.75,0.9958337081473471
87,0,0.80,0.9953181893367632
87,0,0.85,0.9939897068168564
87,0,0.90,0.9977132129217834
87,0,0.95,0.9953253123277455
87,1,0.05,0.9839600342685031
87,1,0.10,0.9921666189454301
87,1,0.15,0.9904428392318746
87,1,0.20,0.9948775376403567
87,1,0.25,0.9980549026816692
87,1,0.30,0.9966881171432855
87,1,0.35,0.9942432104453283
87,1,0.40,0.9965943164577804
87,1,0.45,0.9948989740806745
87,1,0.50,0.996504206488235
87,1,0.55,0.9970649570709874
87,1,0.60,0.9950757809828482
87,1,0.65,0.9975067362910484
87,1,0.70,0.9954180767469569
87,1,0.75,0.9943171799613324
87,1,0.80,0.9970381337289791
87,1,0.85,0.9954486380121417
87,1,0.90,0.993776878758789
87,1,0.95,0.9947483625528579
87,2,0.05,0.9703782064496307
87,2,0.10,0.9914652231880008
87,2,0.15,0.997476621785133
87,2,0.20,0.9924500483895777
87,2,0.25,0.9948702102512844
87,2,0.30,0.9904409415476679
87,2,0.35,0.9972977393627686
87,2,0.40,0.9950114495919061
87,2,0.45,0.9973451984435244
87,2,0.50,0.9978936908037087
87,2,0.55,0.9941697777820118
87,2,0.60,0.9970682427165913
87,2,0.65,0.9969515100272681
87,2,0.70,0.9945694150914705
87,2,0.75,0.9976215425708277
87,2,0.80,0.9946333058655534
87,2,0.85,0.9947233214281015
87,2,0.90,0.991040753371848
87,2,0.95,0.9956846038135081
87,3,0.05,0.9687658067422913
87,3,0.10,0.9959427482791868
87,3,0.15,0.9958602882156222
87,3,0.20,0.9945077141103671
87,3,0.25,0.9964977202071503
87,3,0.30,0.9972545820770994
87,3,0.35,0.9932188760158558
87,3,0.40,0.9978818890292798
87,3,0.45,0.9972051598352885
87,3,0.50,0.9979735485913006
87,3,0.55,0.9970728351714733
87,3,0.60,0.9946673414274402
87,3,0.65,0.9971725662324957
87,3,0.70,0.9951273402675697
87,3,0.75,0.9911276486414604
87,3,0.80,0.9952276891238077
87,3,0.85,0.9916049195200769
87,3,0.90,0.9940010130632868
87,3,0.95,0.9955582208000697
87,4,0.05,0.9774390636474105
87,4,0.10,0.9853297518626808
87,4,0.15,0.9884012885378634
87,4,0.20,0.9933885483045163
87,4,0.25,0.9965463597518524
87,4,0.30,0.9974615624695924
87,4,0.35,0.9948853053201063
87,4,0.40,0.9979955510366849
87,4,0.45,0.9968409819288775
87,4,0.50,0.9953760526051091
87,4,0.55,0.9948145202287147
87,4,0.60,0.9968768437942551
87,4,0.65,0.9984025577120768
87,4,0.70,0.997541349219846
87,4,0.75,0.9913850315249463
87,4,0.80,0.9979509656845124
87,4,0.85,0.9954716573716526
87,4,0.90,0.995372734267238
87,4,0.95,0.9952233245970903
87,5,0.05,0.9564846954114432
87,5,0.10,0.9934703824074979
87,5,0.15,0.9953293304301559
87,5,0.20,0.9913711002757325
87,5,0.25,0.9976060280420813
87,5,0.30,0.9961585510819603
87,5,0.35,0.9948026194602213
87,5,0.40,0.9973379128077011
87,5,0.45,0.9976942289784748
87,5,0.50,0.9920866169520431
87,5,0.55,0.9929498906223521
87,5,0.60,0.9946513653186471
87,5,0.65,0.997680012385318
87,5,0.70,0.9915542841866309
87,5,0.75,0.9955783519898277
87,5,0.80,0.997138081790413
87,5,0.85,0.9940503541136212
87,5,0.90,0.9959619695608282
87,5,0.95,0.997361430429742
87,6,0.05,0.9787202407368756
87,6,0.10,0.9958482906965526
87,6,0.15,0.9910381295328183
87,6,0.20,0.9962989481400933
87,6,0.25,0.9946383778454622
87,6,0.30,0.9980194207314617
87,6,0.35,0.9964813202302143
87,6,0.40,0.9969186000433305
87,6,0.45,0.9974240994603306
87,6,0.50,0.9948399467012555
87,6,0.55,0.9975735609731141
87,6,0.60,0.9970998347095602
87,6,0.65,0.9936298969392339
87,6,0.70,0.9959424446411719
87,6,0.75,0.9977941950953578
87,6,0.80,0.995271279699281
87,6,0.85,0.9978490763988397
87,6,0.90,0.9946856514758219
87,6,0.95,0.9974381650211024
87,7,0.05,0.982061667093571
87,7,0.10,0.9872912176165162
87,7,0.15,0.9893221740759136
87,7,0.20,0.9968555499613709
87,7,0.25,0.9916279272179783
87,7,0.30,0.9963398625379534
87,7,0.35,0.9955121366308892
87,7,0.40,0.996967303665988
87,7,0.45,0.994340395234147
87,7,0.50,0.9977976007016052
87,7,0.55,0.9954286249873273
87,7,0.60,0.9960953463776712
87,7,0.65,0.9946267962599239
87,7,0.70,0.9951661728647136
87,7,0.75,0.9954509419457597
87,7,0.80,0.9937667707849731
87,7,0.85,0.9944346810867589
87,7,0.90,0.9954225670635297
87,7,0.95,0.9956271500841407
87,8,0.05,0.9768027072882665
87,8,0.10,0.9950913044541236
87,8,0.15,0.98868875292912
87,8,0.20,0.9941342267285029
87,8,0.25,0.9939658296225583
87,8,0.30,0.9942081606577475
87,8,0.35,0.994580595232128
87,8,0.40,0.9968552584020497
87,8,0.45,0.9976556809209379
87,8,0.50,0.9951336341593325
87,8,0.55,0.9951166670834009
87,8,0.60,0.9970849622438173
87,8,0.65,0.9955422046163527
87,8,0.70,0.9948512837182227
87,8,0.75,0.994918775402912
87,8,0.80,0.9974551496286037
87,8,0.85,0.9975758524604375
87,8,0.90,0.9956006915008532
87,8,0.95,0.9954058217774603
87,9,0.05,0.9858276846769252
87,9,0.10,0.9860769503225967
87,9,0.15,0.9954311742808098
87,9,0.20,0.9974677722990398
87,9,0.25,0.9964506087496622
87,9,0.30,0.996495154119346
87,9,0.35,0.9969444580638556
87,9,0.40,0.9942002411002077
87,9,0.45,0.9944292708048477
87,9,0.50,0.9950215680150549
87,9,0.55,0.9964470940341917
87,9,0.60,0.9972272749697791
87,9,0.65,0.9974148699338405
87,9,0.70,0.9974576437645865
87,9,0.75,0.9956359624455666
87,9,0.80,0.9954559599568009
87,9,0.85,0.9955057968582649
87,9,0.90,0.9975755115246968
87,9,0.95,0.9951842637686006
88,0,0.05,0.9617055634779408
88,0,0.10,0.990206505511696
88,0,0.15,0.994393084819449
88,0,0.20,0.9966091139839591
88,0,0.25,0.9906058916028604
88,0,0.30,0.9936489228882215
88,0,0.35,0.9971871101189409
88,0,0.40,0.997080765503195
88,0,0.45,0.9952233442467571
88,0,0.50,0.9959159817940959
88,0,0.55,0.9978649214949123
88,0,0.60,0.9975140765288325
88,0,0.65,0.9976827668062273
88,0,0.70,0.9950935375401959
88,0,0.75,0.9954587375120734
88,0,0.80,0.9985315101297856
88,0,0.85,0.9969881318624356
88,0,0.90,0.9972158827963767
88,0,0.95,0.9921628580692334
88,1,0.05,0.9831828818477913
88,1,0.10,0.9901924376254309
88,1,0.15,0.9919238054127676
88,1,0.20,0.993854041973997
88,1,0.25,0.9974530757402006
88,1,0.30,0.9964400471735376
88,1,0.35,0.9961206134023712
88,1,0.40,0.9955846032248764
88,1,0.45,0.9972981573902094
88,1,0.50,0.9961937222847455
88,1,0.55,0.9903439153956093
88,1,0.60,0.9960530635371172
88,1,0.65,0.9981976872613685
88,1,0.70,0.9941840106536616
88,1,0.75,0.9955202136051334
88,1,0.80,0.9974937186149808
88,1,0.85,0.9962018694985596
88,1,0.90,0.991796425631323
88,1,0.95,0.9980566646923058
88,2,0.05,0.960292311210831
88,2,0.10,0.9914116631303523
88,2,0.15,0.9966855719029093
88,2,0.20,0.9928764303601647
88,2,0.25,0.9970359768164464
88,2,0.30,0.9949636580653696
88,2,0.35,0.9975337828271456
88,2,0.40,0.997509647329771
88,2,0.45,0.9971005369472599
88,2,0.50,0.9938294026184775
88,2,0.55,0.9983950607595858
88,2,0.60,0.9982769241572458
88,2,0.65,0.997182299693486
88,2,0.70,0.994224490042044
88,2,0.75,0.9942758827772524
88,2,0.80,0.9970194697037076
88,2,0.85,0.9926248987243689
88,2,0.90,0.9948626764180485
88,2,0.95,0.9918401773487164
88,3,0.05,0.9324135587596886
88,3,0.10,0.9886368499836312
88,3,0.15,0.9918321740962137
88,3,0.20,0.9942606538171527
88,3,0.25,0.9913286064679838
88,3,0.30,0.9945825499138662
88,3,0.35,0.9957605458504678
88,3,0.40,0.997373861740303
88,3,0.45,0.9973374537471281
88,3,0.50,0.997569250296013
88,3,0.55,0.9901895273698874
88,3,0.60,0.9951949401222041
88,3,0.65,0.9974162720087099
88,3,0.70,0.9953374385173082
88,3,0.75,0.9953067280457533
88,3,0.80,0.9913811414638806
88,3,0.85,0.9906556996522156
88,3,0.90,0.9972564693344321
88,3,0.95,0.9937594951861041
88,4,0.05,0.9582731769958974
88,4,0.10,0.9901538270805187
88,4,0.15,0.996562191372306
88,4,0.20,0.9927094961207944
88,4,0.25,0.9955756786128832
88,4,0.30,0.997685892449747
88,4,0.35,0.9973431970119192
88,4,0.40,0.9973298414549024
88,4,0.45,0.9933489195129797
88,4,0.50,0.9932439489860767
88,4,0.55,0.9963327251412888
88,4,0.60,0.9975823215451661
88,4,0.65,0.9970640409167844
88,4,0.70,0.9956833594168836
88,4,0.75,0.9960999394097729
88,4,0.80,0.9977146684955608
88,4,0.85,0.9950004666552299
88,4,0.90,0.9962796025370129
88,4,0.95,0.9974976640642922
88,5,0.05,0.9801394999953019
88,5,0.10,0.9960047209616479
88,5,0.15,0.995627617391333
88,5,0.20,0.9902612650928787
88,5,0.25,0.9933391416099415
88,5,0.30,0.9976346251691011
88,5,0.35,0.996846366304762
88,5,0.40,0.9975434241218405
88,5,0.45,0.99465889446536
88,5,0.50,0.9950192204447841
88,5,0.55,0.9975625624766417
88,5,0.60,0.9948472673528906
88,5,0.65,0.9975359200685914
88,5,0.70,0.992652132711471
88,5,0.75,0.9935278150609147
88,5,0.80,0.9983574040020579
88,5,0.85,0.9956995246711883
88,5,0.90,0.9957061611688937
88,5,0.95,0.9977650536670158
88,6,0.05,0.8005707658817641
88,6,0.10,0.9907646271941588
88,6,0.15,0.9924721038655363
88,6,0.20,0.992910416844528
88,6,0.25,0.9973326767018541
88,6,0.30,0.9967453718151881
88,6,0.35,0.9953242177023729
88,6,0.40,0.9958271118029911
88,6,0.45,0.9958359329769646
88,6,0.50,0.9909322073148384
88,6,0.55,0.9949158879720554
88,6,0.60,0.997222012038983
88,6,0.65,0.998034864326484
88,6,0.70,0.993698146149389
88,6,0.75,0.9979167589092058
88,6,0.80,0.99796991463354
88,6,0.85,0.9981870139091832
88,6,0.90,0.9962477980564848
88,6,0.95,0.9911611762327756
88,7,0.05,0.9734342694842953
88,7,0.10,0.9920840095299446
88,7,0.15,0.9962969764469372
88,7,0.20,0.988971228163214
88,7,0.25,0.9922815488348985
88,7,0.30,0.9976423235538032
88,7,0.35,0.9910402775726321
88,7,0.40,0.9978454279908244
88,7,0.45,0.9933062636677706
88,7,0.50,0.9965256398062685
88,7,0.55,0.9976192964842794
88,7,0.60,0.9942613329870431
88,7,0.65,0.9971420718841969
88,7,0.70,0.992860407104511
88,7,0.75,0.9941659810420612
88,7,0.80,0.9957177804260793
88,7,0.85,0.997479460332727
88,7,0.90,0.9951363250703356
88,7,0.95,0.9952874611942232
88,8,0.05,0.9413478047681363
88,8,0.10,0.9938208478881881
88,8,0.15,0.9934770628740198
88,8,0.20,0.9953289672554485
88,8,0.25,0.9926284373194927
88,8,0.30,0.9902771361744274
88,8,0.35,0.9958395009579645
88,8,0.40,0.9943954916073521
88,8,0.45,0.9939077570790857
88,8,0.50,0.9955144024462619
88,8,0.55,0.9952359355170235
88,8,0.60,0.9956340591758133
88,8,0.65,0.9959411551621017
88,8,0.70,0.99258697787553
88,8,0.75,0.998381219167767
88,8,0.80,0.9946626496092735
88,8,0.85,0.9972482531620966
88,8,0.90,0.9970941480066073
88,8,0.95,0.9973765743525643
88,9,0.05,0.9698520875413158
88,9,0.10,0.9849309811594537
88,9,0.15,0.9948910161644157
88,9,0.20,0.9875047451266346
88,9,0.25,0.9928880854505436
88,9,0.30,0.9936265932757894
88,9,0.35,0.9952315967201953
88,9,0.40,0.9961312666836445
88,9,0.45,0.9973889078077339
88,9,0.50,0.998020724156559
88,9,0.55,0.9930810943598954
88,9,0.60,0.9958327517774803
88,9,0.65,0.9978483574932122
88,9,0.70,0.9955864350951286
88,9,0.75,0.9978273364758031
88,9,0.80,0.9925488898662054
88,9,0.85,0.9960236096916116
88,9,0.90,0.9977391167476937
88,9,0.95,0.9957913278418935
89,0,0.05,0.952871342855494
89,0,0.10,0.984085628074346
89,0,0.15,0.9902337246854729
89,0,0.20,0.9970351261719845
89,0,0.25,0.9924495097617284
89,0,0.30,0.9947145220002888
89,0,0.35,0.9964755081953907
89,0,0.40,0.9971181979594161
89,0,0.45,0.9976314404979524
89,0,0.50,0.9979134587455417
89,0,0.55,0.9953029406466172
89,0,0.60,0.9947173917545562
89,0,0.65,0.9972130596017205
89,0,0.70,0.995864319886381
89,0,0.75,0.9952165120169021
89,0,0.80,0.9974874175552342
89,0,0.85,0.9977066906090836
89,0,0.90,0.9954024137026982
89,0,0.95,0.9978349642326423
89,1,0.05,0.9668142012671771
89,1,0.10,0.9921443302595632
89,1,0.15,0.9939394019867925
89,1,0.20,0.997456593006797
89,1,0.25,0.9952483543909787
89,1,0.30,0.9973412010100103
89,1,0.35,0.9950628335377009
89,1,0.40,0.9948112381944464
89,1,0.45,0.9958627997857339
89,1,0.50,0.9984497317841663
89,1,0.55,0.9975123157540313
89,1,0.60,0.9941907132447083
89,1,0.65,0.9973848757118325
89,1,0.70,0.9918247610492722
89,1,0.75,0.997662199878274
89,1,0.80,0.9952213650364398
89,1,0.85,0.9970431177106909
89,1,0.90,0.9909858359934174
89,1,0.95,0.9958328648626378
89,2,0.05,0.9531221572469077
89,2,0.10,0.9935373069771728
89,2,0.15,0.9924204564290114
89,2,0.20,0.9946007047243551
89,2,0.25,0.9901476286883086
89,2,0.30,0.9952632279319439
89,2,0.35,0.9978878519685044
89,2,0.40,0.9935852395738425
89,2,0.45,0.9975301525233665
89,2,0.50,0.9977034879433916
89,2,0.55,0.9976475876513181
89,2,0.60,0.995314583864865
89,2,0.65,0.9978730340241748
89,2,0.70,0.9944452849845231
89,2,0.75,0.9948415938609345
89,2,0.80,0.9907585515076246
89,2,0.85,0.9974558029264391
89,2,0.90,0.9975410146820262
89,2,0.95,0.9954969097987819
89,3,0.05,0.9874403436419777
89,3,0.10,0.9936421342669011
89,3,0.15,0.9953179833029149
89,3,0.20,0.9977230230873442
89,3,0.25,0.9955535549991729
89,3,0.30,0.9956112982155153
89,3,0.35,0.9955309772359946
89,3,0.40,0.994411000123806
89,3,0.45,0.9981793211207728
89,3,0.50,0.9916739040858259
89,3,0.55,0.9940923465769353
89,3,0.60,0.9914574161179088
89,3,0.65,0.9976560961939245
89,3,0.70,0.996933617098872
89,3,0.75,0.9954894749601064
89,3,0.80,0.9974149588405252
89,3,0.85,0.9954100419679517
89,3,0.90,0.9951434783051096
89,3,0.95,0.9977618422741384
89,4,0.05,0.9846581155940589
89,4,0.10,0.9922915097930101
89,4,0.15,0.9942929222583978
89,4,0.20,0.994743615880795
89,4,0.25,0.997350713179827
89,4,0.30,0.9918655474498511
89,4,0.35,0.9975563010883517
89,4,0.40,0.9936221970323182
89,4,0.45,0.9974392076978437
89,4,0.50,0.997706810263229
89,4,0.55,0.9945042595327939
89,4,0.60,0.9942316585506252
89,4,0.65,0.9957935123213475
89,4,0.70,0.9958623999752607
89,4,0.75,0.994705776201014
89,4,0.80,0.9934899794813981
89,4,0.85,0.9975438357643067
89,4,0.90,0.9958127159309137
89,4,0.95,0.9945297362993287
89,5,0.05,0.9700265090532794
89,5,0.10,0.9673885671714493
89,5,0.15,0.9934670110082618
89,5,0.20,0.9978318575771252
89,5,0.25,0.9981498360666571
89,5,0.30,0.9953092272558957
89,5,0.35,0.9979366075632429
89,5,0.40,0.9933075921242066
89,5,0.45,0.9958439400289978
89,5,0.50,0.9959929439832786
89,5,0.55,0.9959437205268257
89,5,0.60,0.9976072228731104
89,5,0.65,0.9950722018607561
89,5,0.70,0.9913458773258739
89,5,0.75,0.9931096947541813
89,5,0.80,0.9979300665176144
89,5,0.85,0.9974921004332498
89,5,0.90,0.994390691029785
89,5,0.95,0.9932872698006904
89,6,0.05,0.6212553916643444
89,6,0.10,0.9918368115538312
89,6,0.15,0.9957470467088059
89,6,0.20,0.9975855427181461
89,6,0.25,0.992253549158545
89,6,0.30,0.9960546571766541
89,6,0.35,0.9936519457353546
89,6,0.40,0.9953000137382639
89,6,0.45,0.9975675889100007
89,6,0.50,0.9958157929315273
89,6,0.55,0.9978716278777774
89,6,0.60,0.9957721839488028
89,6,0.65,0.9940934660720732
89,6,0.70,0.9979126241794867
89,6,0.75,0.9940858363280501
89,6,0.80,0.9959398968088699
89,6,0.85,0.9951436566162571
89,6,0.90,0.9978604415463049
89,6,0.95,0.995878100712405
89,7,0.05,0.9658162808880155
89,7,0.10,0.9928796648716628
89,7,0.15,0.9917955214665324
89,7,0.20,0.9931975091019846
89,7,0.25,0.9976436578407267
89,7,0.30,0.9932108655279064
89,7,0.35,0.9982170171961261
89,7,0.40,0.9956521887816835
89,7,0.45,0.9945938455505986
89,7,0.50,0.9978227708063934
89,7,0.55,0.9940098238682314
89,7,0.60,0.99832880780586
89,7,0.65,0.9972806944272743
89,7,0.70,0.9951307717212873
89,7,0.75,0.9973110839311904
89,7,0.80,0.9974398620610098
89,7,0.85,0.9975705954337423
89,7,0.90,0.9975911978111319
89,7,0.95,0.9937029390199723
89,8,0.05,0.9810980043509
89,8,0.10,0.9949163346188026
89,8,0.15,0.996938602618874
89,8,0.20,0.9927297291524906
89,8,0.25,0.996428854741944
89,8,0.30,0.9953090318418003
89,8,0.35,0.9973179218192076
89,8,0.40,0.9953968981202933
89,8,0.45,0.9908502224815315
89,8,0.50,0.9974926610488679
89,8,0.55,0.9957022023128863
89,8,0.60,0.995698181020784
89,8,0.65,0.9953053469947094
89,8,0.70,0.9953710815426005
89,8,0.75,0.9949060159979417
89,8,0.80,0.995892038325814
89,8,0.85,0.9948302364568209
89,8,0.90,0.9953065410685104
89,8,0.95,0.9958509558452621
89,9,0.05,0.9622962795090437
89,9,0.10,0.9945452548648843
89,9,0.15,0.9966385280832658
89,9,0.20,0.994559996897618
89,9,0.25,0.9977776230653905
89,9,0.30,0.9976778180088325
89,9,0.35,0.9956795450496574
89,9,0.40,0.9977172270241732
89,9,0.45,0.9967607771286529
89,9,0.50,0.9976503160506317
89,9,0.55,0.9979970321195863
89,9,0.60,0.9951193778752332
89,9,0.65,0.9974237940020888
89,9,0.70,0.9931171407524442
89,9,0.75,0.9925952679485727
89,9,0.80,0.9957172813534088
89,9,0.85,0.997639276058208
89,9,0.90,0.9979077379383894
89,9,0.95,0.9982338451044918
90,0,0.05,0.9737006268651067
90,0,0.10,0.9948905054879928
90,0,0.15,0.9963984294242418
90,0,0.20,0.9935713149807366
90,0,0.25,0.9974154236291933
90,0,0.30,0.9967751425535922
90,0,0.35,0.9943415680851259
90,0,0.40,0.995153824659018
90,0,0.45,0.9977631632530812
90,0,0.50,0.9958949437751825
90,0,0.55,0.998256588621547
90,0,0.60,0.9976924610203335
90,0,0.65,0.9972215010021024
90,0,0.70,0.9973493348217515
90,0,0.75,0.9977389945978861
90,0,0.80,0.9951601340266427
90,0,0.85,0.9960601859103716
90,0,0.90,0.9979154762288518
90,0,0.95,0.9949356344541895
90,1,0.05,0.9588183818989839
90,1,0.10,0.9935078718175288
90,1,0.15,0.9954496918168153
90,1,0.20,0.9948254392710001
90,1,0.25,0.9957268929241978
90,1,0.30,0.9979730466337847
90,1,0.35,0.9949032183261801
90,1,0.40,0.9972162477924598
90,1,0.45,0.9941084553647835
90,1,0.50,0.996991271017257
90,1,0.55,0.9976926050791354
90,1,0.60,0.997839051997336
90,1,0.65,0.9981253682599556
90,1,0.70,0.9974636133271586
90,1,0.75,0.9955734457152432
90,1,0.80,0.9959003375940995
90,1,0.85,0.9975099043130053
90,1,0.90,0.9979769322001942
90,1,0.95,0.9978071966448729
90,2,0.05,0.9777457268617266
90,2,0.10,0.9953163825086411
90,2,0.15,0.996662728589037
90,2,0.20,0.9979335304517774
90,2,0.25,0.9977777510670588
90,2,0.30,0.9981579086805595
90,2,0.35,0.997113219802014
90,2,0.40,0.9979213857377149
90,2,0.45,0.9980677454458434
90,2,0.50,0.9978333581607313
90,2,0.55,0.9947568705990831
90,2,0.60,0.9981855206389204
90,2,0.65,0.9982000742018345
90,2,0.70,0.9949542730869088
90,2,0.75,0.9975304159819148
90,2,0.80,0.9981245590744656
90,2,0.85,0.9980466647683782
90,2,0.90,0.9975571822465037
90,2,0.95,0.9956379908919742
90,3,0.05,0.9642461428561746
90,3,0.10,0.9861021700399718
90,3,0.15,0.9922197554301274
90,3,0.20,0.99441653382298
90,3,0.25,0.9979621865860536
90,3,0.30,0.9975168250067493
90,3,0.35,0.995334479779081
90,3,0.40,0.9973707662029387
90,3,0.45,0.9975040158978403
90,3,0.50,0.9972157173985138
90,3,0.55,0.9977330147649569
90,3,0.60,0.9977627894036167
90,3,0.65,0.9983129003746656
90,3,0.70,0.9978671079568893
90,3,0.75,0.9953829514416732
90,3,0.80,0.9955172469511517
90,3,0.85,0.997862536247028
90,3,0.90,0.9977670026816693
90,3,0.95,0.9961798055260439
90,4,0.05,0.9807359457878961
90,4,0.10,0.9943542167229369
90,4,0.15,0.9968003131690154
90,4,0.20,0.9974587403216458
90,4,0.25,0.9979860912505157
90,4,0.30,0.9935564394547364
90,4,0.35,0.9978538476338968
90,4,0.40,0.9977773514579541
90,4,0.45,0.9972233076453819
90,4,0.50,0.9953733356787198
90,4,0.55,0.9982108898002867
90,4,0.60,0.9936617032780972
90,4,0.65,0.9949823440599352
90,4,0.70,0.9959500304210452
90,4,0.75,0.9978478870828213
90,4,0.80,0.9956281784223743
90,4,0.85,0.997726119832775
90,4,0.90,0.9977882974687495
90,4,0.95,0.9974464678334561
90,5,0.05,0.9869064294399799
90,5,0.10,0.9953339723311724
90,5,0.15,0.9973820603539055
90,5,0.20,0.9972236618907476
90,5,0.25,0.9973584457369745
90,5,0.30,0.9917881628374919
90,5,0.35,0.9975102547721496
90,5,0.40,0.9977800590391404
90,5,0.45,0.99634883699168
90,5,0.50,0.9977736317164432
90,5,0.55,0.9982056169249779
90,5,0.60,0.9954668041050552
90,5,0.65,0.9981867514398064
90,5,0.70,0.9976767491050356
90,5,0.75,0.9975232811581499
90,5,0.80,0.9941624611245018
90,5,0.85,0.997775833858253
90,5,0.90,0.9977043519832933
90,5,0.95,0.9981762728777558
90,6,0.05,0.9942244510310907
90,6,0.10,0.9930227245623406
90,6,0.15,0.9944765079123017
90,6,0.20,0.990867750873933
90,6,0.25,0.9979453596644987
90,6,0.30,0.9978164171915216
90,6,0.35,0.9979635341308454
90,6,0.40,0.9974704547708976
90,6,0.45,0.99799847613137
90,6,0.50,0.9982786600363125
90,6,0.55,0.9951924364415998
90,6,0.60,0.9971832836773343
90,6,0.65,0.9983675434974284
90,6,0.70,0.9959860354207124
90,6,0.75,0.9980171099487862
90,6,0.80,0.9919190963543834
90,6,0.85,0.9972897874221925
90,6,0.90,0.9952994140616438
90,6,0.95,0.9976454830952137
90,7,0.05,0.979178988120856
90,7,0.10,0.9899070060956426
90,7,0.15,0.9956247766123533
90,7,0.20,0.9972902013174242
90,7,0.25,0.9967708409246439
90,7,0.30,0.9971926064676194
90,7,0.35,0.9974460431954598
90,7,0.40,0.9964406626836187
90,7,0.45,0.9946564260692974
90,7,0.50,0.9980586478510833
90,7,0.55,0.9972916482037508
90,7,0.60,0.9944905207889037
90,7,0.65,0.9980192780406605
90,7,0.70,0.997879366069172
90,7,0.75,0.9952446184013133
90,7,0.80,0.9953701754344979
90,7,0.85,0.9914752569184628
90,7,0.90,0.9954269855775998
90,7,0.95,0.9978885649086306
90,8,0.05,0.9767486430047404
90,8,0.10,0.98836678756574
90,8,0.15,0.9970058456655317
90,8,0.20,0.9925091967772397
90,8,0.25,0.9980418344908323
90,8,0.30,0.9978534307636999
90,8,0.35,0.9980690342576747
90,8,0.40,0.9948586981056099
90,8,0.45,0.9945585335214588
90,8,0.50,0.9974698508412077
90,8,0.55,0.9946566068489585
90,8,0.60,0.9975133763829868
90,8,0.65,0.9972748114040034
90,8,0.70,0.9984488745082675
90,8,0.75,0.9976932005853225
90,8,0.80,0.9961855913308637
90,8,0.85,0.9977139109235342
90,8,0.90,0.9980953455462873
90,8,0.95,0.9948458745346965
90,9,0.05,0.9899412690231787
90,9,0.10,0.9929480503401095
90,9,0.15,0.9954837261210024
90,9,0.20,0.9967244419302631
90,9,0.25,0.9971208985325463
90,9,0.30,0.9968830621125462
90,9,0.35,0.9977015446891244
90,9,0.40,0.9974865901364789
90,9,0.45,0.997190952942972
90,9,0.50,0.9968567225569697
90,9,0.55,0.9959191149648368
90,9,0.60,0.9946040523118733
90,9,0.65,0.9978975195877764
90,9,0.70,0.9979882042134968
90,9,0.75,0.9973198427150737
90,9,0.80,0.9972079647679511
90,9,0.85,0.9957870296250871
90,9,0.90,0.9959559625703902
90,9,0.95,0.9955532350868169
91,0,0.05,0.9577618977382162
91,0,0.10,0.9763608593609137
91,0,0.15,0.9933475103569804
91,0,0.20,0.9977542121932298
91,0,0.25,0.9951273104775448
91,0,0.30,0.9975011404563017
91,0,0.35,0.9956599140083674
91,0,0.40,0.9974978997867889
91,0,0.45,0.9902630744719491
91,0,0.50,0.9975217421274357
91,0,0.55,0.9977673034731979
91,0,0.60,0.9975022759298022
91,0,0.65,0.9967327757732564
91,0,0.70,0.9955909713108098
91,0,0.75,0.9976612859098228
91,0,0.80,0.9927964843902121
91,0,0.85,0.9911350902138305
91,0,0.90,0.9974853933239957
91,0,0.95,0.9923905672090387
91,1,0.05,0.9262751490367914
91,1,0.10,0.9949562637643437
91,1,0.15,0.9926048636899244
91,1,0.20,0.9944069234313577
91,1,0.25,0.9964294762258743
91,1,0.30,0.9979882634276872
91,1,0.35,0.9941049745028075
91,1,0.40,0.9974709272056076
91,1,0.45,0.9933538599830481
91,1,0.50,0.9916172711271493
91,1,0.55,0.9941034827575833
91,1,0.60,0.9981708387797634
91,1,0.65,0.9982594163642677
91,1,0.70,0.9984468396193927
91,1,0.75,0.9960304275061623
91,1,0.80,0.9978844330818729
91,1,0.85,0.9950884474860282
91,1,0.90,0.9920314763402606
91,1,0.95,0.9978311483537402
91,2,0.05,0.9704484763351903
91,2,0.10,0.9898664664336798
91,2,0.15,0.9942020256313012
91,2,0.20,0.9968884957355671
91,2,0.25,0.989541500048161
91,2,0.30,0.9944315179004056
91,2,0.35,0.9967992395246602
91,2,0.40,0.9976540723015012
91,2,0.45,0.9975179040345807
91,2,0.50,0.9908881558988216
91,2,0.55,0.9975634197872273
91,2,0.60,0.9926021588127949
91,2,0.65,0.9956314820828864
91,2,0.70,0.9982410912311762
91,2,0.75,0.9974614559914988
91,2,0.80,0.9983052989675755
91,2,0.85,0.990320397617052
91,2,0.90,0.9978290926380282
91,2,0.95,0.9979969111106778
91,3,0.05,0.9762096704952176
91,3,0.10,0.988223886497438
91,3,0.15,0.9919996846354586
91,3,0.20,0.9929513478947004
91,3,0.25,0.996487311587911
91,3,0.30,0.9945550660320858
91,3,0.35,0.994213023581747
91,3,0.40,0.9974092332358961
91,3,0.45,0.996959426688731
91,3,0.50,0.9977970094505052
91,3,0.55,0.9974328607668209
91,3,0.60,0.997638830545672
91,3,0.65,0.9978285558897316
91,3,0.70,0.9948074005801644
91,3,0.75,0.9983988777170947
91,3,0.80,0.994792528127166
91,3,0.85,0.9973202971593997
91,3,0.90,0.9977895969747699
91,3,0.95,0.9956924355886373
91,4,0.05,0.9781073526878489
91,4,0.10,0.9899161611881718
91,4,0.15,0.9890638880648005
91,4,0.20,0.9981146562929569
91,4,0.25,0.9930670964536747
91,4,0.30,0.9940251133501763
91,4,0.35,0.9971149754227229
91,4,0.40,0.9976700104944435
91,4,0.45,0.9977361140992571
91,4,0.50,0.9960582498958618
91,4,0.55,0.9974827976917506
91,4,0.60,0.9978632609118593
91,4,0.65,0.9959066389892008
91,4,0.70,0.9974744327750995
91,4,0.75,0.9968555853462833
91,4,0.80,0.9948160548185032
91,4,0.85,0.9970223004833039
91,4,0.90,0.9950661052144651
91,4,0.95,0.9977018820866784
91,5,0.05,0.9710707701205281
91,5,0.10,0.9947919660903615
91,5,0.15,0.9962224763779456
91,5,0.20,0.995832645896123
91,5,0.25,0.9946396315821088
91,5,0.30,0.993107931489705
91,5,0.35,0.992292533835967
91,5,0.40,0.9945717079618387
91,5,0.45,0.9969582166981138
91,5,0.50,0.993764757290709
91,5,0.55,0.9973696161135697
91,5,0.60,0.9935062981111809
91,5,0.65,0.9976879024727557
91,5,0.70,0.9954266898604703
91,5,0.75,0.9942995536561355
91,5,0.80,0.9955704597161962
91,5,0.85,0.9964966451745121
91,5,0.90,0.9971892295950799
91,5,0.95,0.9917235006671699
91,6,0.05,0.9882565542093551
91,6,0.10,0.9852879947234485
91,6,0.15,0.9913101411998564
91,6,0.20,0.992973817683804
91,6,0.25,0.994425791698912
91,6,0.30,0.9942059677155263
91,6,0.35,0.9947142231728764
91,6,0.40,0.9962815978411595
91,6,0.45,0.9975667481158185
91,6,0.50,0.9955733017167048
91,6,0.55,0.9979143674256367
91,6,0.60,0.9954713659393222
91,6,0.65,0.9964091219113614
91,6,0.70,0.9979048869236016
91,6,0.75,0.9983271524046627
91,6,0.80,0.9959677750643621
91,6,0.85,0.9958942673981406
91,6,0.90,0.9972550359961694
91,6,0.95,0.9977015824888084
91,7,0.05,0.9819819948460357
91,7,0.10,0.9953322269285252
91,7,0.15,0.9914569159140851
91,7,0.20,0.9965832066208961
91,7,0.25,0.9946005471084187
91,7,0.30,0.9925556591084006
91,7,0.35,0.9969865952485418
91,7,0.40,0.9980835722556743
91,7,0.45,0.9952876841077167
91,7,0.50,0.9976789324890459
91,7,0.55,0.9938960785569981
91,7,0.60,0.9970796005330873
91,7,0.65,0.9946359075083827
91,7,0.70,0.9957545948270137
91,7,0.75,0.9975097343201966
91,7,0.80,0.99741978824904
91,7,0.85,0.9979678407509186
91,7,0.90,0.9981087388883512
91,7,0.95,0.997419516590914
91,8,0.05,0.9823951285154795
91,8,0.10,0.9898054512371367
91,8,0.15,0.9926691598896813
91,8,0.20,0.9907161121029011
91,8,0.25,0.9947253642042239
91,8,0.30,0.9941617099068879
91,8,0.35,0.9979746159059205
91,8,0.40,0.9981080135140362
91,8,0.45,0.9983347348452396
91,8,0.50,0.9930654295700773
91,8,0.55,0.9940351586183905
91,8,0.60,0.9948204746610266
91,8,0.65,0.9921892307701972
91,8,0.70,0.9972015131843461
91,8,0.75,0.997320161765375
91,8,0.80,0.9978948370239695
91,8,0.85,0.996581030577409
91,8,0.90,0.9976649459632836
91,8,0.95,0.9974256918031462
91,9,0.05,0.9197681920457154
91,9,0.10,0.9916821100015809
91,9,0.15,0.992414754537024
91,9,0.20,0.9934329040296936
91,9,0.25,0.9927835921763973
91,9,0.30,0.9944838698392618
91,9,0.35,0.9965869201896551
91,9,0.40,0.9957946230053415
91,9,0.45,0.9978479819042215
91,9,0.50,0.9974791192226796
91,9,0.55,0.9952729111362819
91,9,0.60,0.9975626001842554
91,9,0.65,0.9968360900385725
91,9,0.70,0.9972357782991543
91,9,0.75,0.9973873448618785
91,9,0.80,0.9952362056660048
91,9,0.85,0.9973094658275684
91,9,0.90,0.9958134634574844
91,9,0.95,0.9949357436801131
92,0,0.05,0.988635089698844
92,0,0.10,0.9953695200175604
92,0,0.15,0.9956584151906942
92,0,0.20,0.9924851076905163
92,0,0.25,0.9959463928475182
92,0,0.30,0.996783448104983
92,0,0.35,0.9957570418491923
92,0,0.40,0.9976955659951549
92,0,0.45,0.994912943905563
92,0,0.50,0.9956306826208039
92,0,0.55,0.9960816426538923
92,0,0.60,0.9957390041728346
92,0,0.65,0.9977417242125262
92,0,0.70,0.9973152529019101
92,0,0.75,0.9930592650771625
92,0,0.80,0.9950715478486085
92,0,0.85,0.99778230611687
92,0,0.90,0.9978989877178523
92,0,0.95,0.9945459904563249
92,1,0.05,0.9851758713140534
92,1,0.10,0.994800458759327
92,1,0.15,0.9951881525929744
92,1,0.20,0.9968747441269482
92,1,0.25,0.9976733002545214
92,1,0.30,0.9952893428700936
92,1,0.35,0.9955978483267139
92,1,0.40,0.9939592099106337
92,1,0.45,0.9953981085003545
92,1,0.50,0.9977369344103704
92,1,0.55,0.9973763930157854
92,1,0.60,0.9980100953667822
92,1,0.65,0.9978354626725605
92,1,0.70,0.9953521070122282
92,1,0.75,0.9982050343193318
92,1,0.80,0.9980648350802738
92,1,0.85,0.9941148844189314
92,1,0.90,0.9972913348190202
92,1,0.95,0.9935282073077243
92,2,0.05,0.9832808980008109
92,2,0.10,0.993487844626428
92,2,0.15,0.9959702390248888
92,2,0.20,0.9971129832011661
92,2,0.25,0.994463901265222
92,2,0.30,0.991463330193582
92,2,0.35,0.9975324737080267
92,2,0.40,0.9907333985074717
92,2,0.45,0.9954497362440872
92,2,0.50,0.9949599871046773
92,2,0.55,0.9972363227183568
92,2,0.60,0.990699665892566
92,2,0.65,0.9929929886628751
92,2,0.70,0.9973488110019271
92,2,0.75,0.997835021510534
92,2,0.80,0.9969897001011421
92,2,0.85,0.9922791290203588
92,2,0.90,0.9958799724594967
92,2,0.95,0.9981459866809069
92,3,0.05,0.9902242198697078
92,3,0.10,0.9966031602705037
92,3,0.15,0.9958997049492633
92,3,0.20,0.9979824040722016
92,3,0.25,0.9961580952472627
92,3,0.30,0.9935721534922984
92,3,0.35,0.9947982516574306
92,3,0.40,0.9965162900666313
92,3,0.45,0.9934718940932434
92,3,0.50,0.9954472606114784
92,3,0.55,0.9947672770293591
92,3,0.60,0.9925090970856557
92,3,0.65,0.9975007270013108
92,3,0.70,0.9921287234365723
92,3,0.75,0.9973774290909969
92,3,0.80,0.9940845644806839
92,3,0.85,0.9974776990690273
92,3,0.90,0.9955467571701022
92,3,0.95,0.9947898137927335
92,4,0.05,0.9941802884543528
92,4,0.10,0.9960704612414382
92,4,0.15,0.9879995288359894
92,4,0.20,0.9969194673905534
92,4,0.25,0.9978183058740465
92,4,0.30,0.9973441462984499
92,4,0.35,0.9947747617635465
92,4,0.40,0.9971397213010083
92,4,0.45,0.9959629183289413
92,4,0.50,0.9952720455760383
92,4,0.55,0.9951834488345084
92,4,0.60,0.9970415311413016
92,4,0.65,0.9975804606969333
92,4,0.70,0.9972675920903498
92,4,0.75,0.9979112640529998
92,4,0.80,0.9929967163226233
92,4,0.85,0.9976550693439099
92,4,0.90,0.9973036960238746
92,4,0.95,0.9954506600056258
92,5,0.05,0.9798289033686501
92,5,0.10,0.9960139968755517
92,5,0.15,0.9971171032796559
92,5,0.20,0.9950899533860377
92,5,0.25,0.9923895472747732
92,5,0.30,0.9946026299862226
92,5,0.35,0.9975751119461138
92,5,0.40,0.9974542651967269
92,5,0.45,0.9947629897136617
92,5,0.50,0.9942804825265964
92,5,0.55,0.991653758561725
92,5,0.60,0.9951746888574929
92,5,0.65,0.9975777943822238
92,5,0.70,0.9980353276270671
92,5,0.75,0.9945880451776691
92,5,0.80,0.9972985519059681
92,5,0.85,0.9955129504622294
92,5,0.90,0.9955324765549257
92,5,0.95,0.9949989430643598
92,6,0.05,0.9899274711454437
92,6,0.10,0.9929000126719809
92,6,0.15,0.9971978027174042
92,6,0.20,0.9958812971363934
92,6,0.25,0.9943874489068798
92,6,0.30,0.9892965539586219
92,6,0.35,0.9969826545154493
92,6,0.40,0.9973184660797643
92,6,0.45,0.9940823949171581
92,6,0.50,0.9981219011153296
92,6,0.55,0.99711557243988
92,6,0.60,0.9954161648740473
92,6,0.65,0.9953609000168298
92,6,0.70,0.9943726520664067
92,6,0.75,0.9955875159989194
92,6,0.80,0.998176143464846
92,6,0.85,0.9973900906328033
92,6,0.90,0.9950335915523538
92,6,0.95,0.9976439203117295
92,7,0.05,0.9840999629180117
92,7,0.10,0.9799451718728242
92,7,0.15,0.9937171026220702
92,7,0.20,0.9913208993811428
92,7,0.25,0.9922712318918948
92,7,0.30,0.9927720481883636
92,7,0.35,0.9918780860285781
92,7,0.40,0.9945250563361258
92,7,0.45,0.9982399007177313
92,7,0.50,0.9926870216714454
92,7,0.55,0.9983581176292589
92,7,0.60,0.994965013503881
92,7,0.65,0.9952304077502364
92,7,0.70,0.9936072088124669
92,7,0.75,0.9975926762253144
92,7,0.80,0.9981131531618838
92,7,0.85,0.9978858244995483
92,7,0.90,0.9973237081033509
92,7,0.95,0.9959027656750281
92,8,0.05,0.9852162300499139
92,8,0.10,0.9947860304064128
92,8,0.15,0.98851952077858
92,8,0.20,0.9979065370184412
92,8,0.25,0.9971281181136442
92,8,0.30,0.9976998153470196
92,8,0.35,0.9914621243313455
92,8,0.40,0.9971267724790696
92,8,0.45,0.9924955334732855
92,8,0.50,0.9939044721552593
92,8,0.55,0.9939032801862471
92,8,0.60,0.9973062003932002
92,8,0.65,0.9973459294004947
92,8,0.70,0.99754618481588
92,8,0.75,0.9982794192351465
92,8,0.80,0.9971775345217455
92,8,0.85,0.9984046034739473
92,8,0.90,0.9976304902714481
92,8,0.95,0.9954157565864836
92,9,0.05,0.9914255302392172
92,9,0.10,0.9978579651765491
92,9,0.15,0.9939744607998842
92,9,0.20,0.9958241913872408
92,9,0.25,0.9979623077818494
92,9,0.30,0.9909756199283782
92,9,0.35,0.9980442643124587
92,9,0.40,0.9971481079480025
92,9,0.45,0.9954317097948097
92,9,0.50,0.9972471748934781
92,9,0.55,0.9977220202944059
92,9,0.60,0.9977028364888167
92,9,0.65,0.9965501894139954
92,9,0.70,0.9945382573102423
92,9,0.75,0.9972175883523665
92,9,0.80,0.9952009086490299
92,9,0.85,0.9952295175385628
92,9,0.90,0.9962671140261995
92,9,0.95,0.9938257407998
93,0,0.05,0.9602026378341907
93,0,0.10,0.9863144328208711
93,0,0.15,0.9961186049887337
93,0,0.20,0.996817570331446
93,0,0.25,0.9911690151286032
93,0,0.30,0.9942921200362712
93,0,0.35,0.9982198745097968
93,0,0.40,0.9957688675862043
93,0,0.45,0.9973653900462617
93,0,0.50,0.9946293938062519
93,0,0.55,0.9951526607533018
93,0,0.60,0.9952073843545091
93,0,0.65,0.9936704623564104
93,0,0.70,0.9976411854339874
93,0,0.75,0.9941300354729613
93,0,0.80,0.9977461620761624
93,0,0.85,0.9942710666990484
93,0,0.90,0.9906887958968149
93,0,0.95,0.9953464825022277
93,1,0.05,0.9904425096554613
93,1,0.10,0.9902370825672122
93,1,0.15,0.994347788825075
93,1,0.20,0.9953839875856427
93,1,0.25,0.9958621091407612
93,1,0.30,0.9969710821976359
93,1,0.35,0.9946737051278879
93,1,0.40,0.9960017080117152
93,1,0.45,0.9972930274586465
93,1,0.50,0.9963591227234702
93,1,0.55,0.997985349648401
93,1,0.60,0.9918567180861942
93,1,0.65,0.9982181985647162
93,1,0.70,0.9961705951545774
93,1,0.75,0.9965041985880063
93,1,0.80,0.9979256165308199
93,1,0.85,0.9983582653551608
93,1,0.90,0.9940703293501707
93,1,0.95,0.9955143940126309
93,2,0.05,0.9225873896278942
93,2,0.10,0.9912001279923722
93,2,0.15,0.993573424172245
93,2,0.20,0.9963239698922883
93,2,0.25,0.9978330662845725
93,2,0.30,0.997212475031391
93,2,0.35,0.9979514474853651
93,2,0.40,0.9972046407916388
93,2,0.45,0.996511522513046
93,2,0.50,0.9945375304236371
93,2,0.55,0.9956184170845113
93,2,0.60,0.9958348806718836
93,2,0.65,0.9950219903040062
93,2,0.70,0.99595038296435
93,2,0.75,0.9953459327628614
93,2,0.80,0.9978665704365561
93,2,0.85,0.9976342801550038
93,2,0.90,0.9923403749086186
93,2,0.95,0.9975597293935976
93,3,0.05,0.9694685539906163
93,3,0.10,0.9852337892710795
93,3,0.15,0.9936849813595882
93,3,0.20,0.9978630379091137
93,3,0.25,0.9952727757515294
93,3,0.30,0.9967560386023315
93,3,0.35,0.9973972257766615
93,3,0.40,0.9973007982461579
93,3,0.45,0.9972890913804213
93,3,0.50,0.9975116407851434
93,3,0.55,0.9954829611697035
93,3,0.60,0.9972048681908237
93,3,0.65,0.995533007559462
93,3,0.70,0.9971618066621906
93,3,0.75,0.9937423321277967
93,3,0.80,0.9949655917913796
93,3,0.85,0.9925294217464593
93,3,0.90,0.9977121198734629
93,3,0.95,0.9982983886098067
93,4,0.05,0.985333384769194
93,4,0.10,0.9748959159465498
93,4,0.15,0.9966568026431201
93,4,0.20,0.9911587418215702
93,4,0.25,0.9916534840416075
93,4,0.30,0.9912797402455833
93,4,0.35,0.9910234562863885
93,4,0.40,0.9953729154612565
93,4,0.45,0.9946548721080547
93,4,0.50,0.9980056036804259
93,4,0.55,0.9980655632491605
93,4,0.60,0.9976177002448102
93,4,0.65,0.9933133868241141
93,4,0.70,0.9958996090072288
93,4,0.75,0.995158597720214
93,4,0.80,0.9960349576330082
93,4,0.85,0.9980107865446585
93,4,0.90,0.9955138956589153
93,4,0.95,0.9929550077380177
93,5,0.05,0.9485746132297768
93,5,0.10,0.9924697610479407
93,5,0.15,0.9943764963620705
93,5,0.20,0.9928946103125782
93,5,0.25,0.9973674458097457
93,5,0.30,0.9927169335011085
93,5,0.35,0.9967038681907581
93,5,0.40,0.9980539793816499
93,5,0.45,0.9978267153955599
93,5,0.50,0.9955046940217734
93,5,0.55,0.9977485681206526
93,5,0.60,0.9956879514769662
93,5,0.65,0.9943644888113717
93,5,0.70,0.9978618222888347
93,5,0.75,0.9981378606232009
93,5,0.80,0.99273276494419
93,5,0.85,0.9956242931997267
93,5,0.90,0.997622133306371
93,5,0.95,0.9950490653884461
93,6,0.05,0.9882272448642183
93,6,0.10,0.9921752478620856
93,6,0.15,0.9929223597504755
93,6,0.20,0.9963848359570276
93,6,0.25,0.9978099726977467
93,6,0.30,0.9967437628677505
93,6,0.35,0.991306945483907
93,6,0.40,0.9975987490561679
93,6,0.45,0.9974926486034421
93,6,0.50,0.9977861942678139
93,6,0.55,0.9974742810406463
93,6,0.60,0.9951702888688023
93,6,0.65,0.9953656203144476
93,6,0.70,0.9975405589130054
93,6,0.75,0.99393516004665
93,6,0.80,0.9969902765964245
93,6,0.85,0.9950871146754701
93,6,0.90,0.9982838168023718
93,6,0.95,0.9962821574147142
93,7,0.05,0.9919812885491603
93,7,0.10,0.9960150833095907
93,7,0.15,0.9921154384342467
93,7,0.20,0.9949148649454835
93,7,0.25,0.9939409441427841
93,7,0.30,0.9981713514272393
93,7,0.35,0.9936298896804465
93,7,0.40,0.9977732820833453
93,7,0.45,0.9972027655899736
93,7,0.50,0.9920691968495358
93,7,0.55,0.9962293263550608
93,7,0.60,0.9982027655980686
93,7,0.65,0.9973342937086103
93,7,0.70,0.995832587359945
93,7,0.75,0.9935753927122497
93,7,0.80,0.9948535120148576
93,7,0.85,0.9948592062208479
93,7,0.90,0.9959304958572957
93,7,0.95,0.9956256854387283
93,8,0.05,0.9770528345282776
93,8,0.10,0.9886410309544105
93,8,0.15,0.9955636103924077
93,8,0.20,0.9929661516706196
93,8,0.25,0.9922995134578679
93,8,0.30,0.996763503339287
93,8,0.35,0.9975275532235813
93,8,0.40,0.9979751299185894
93,8,0.45,0.9941120773000379
93,8,0.50,0.9953048709697067
93,8,0.55,0.9943984331361243
93,8,0.60,0.9978247583329232
93,8,0.65,0.995378585939792
93,8,0.70,0.9960907919390992
93,8,0.75,0.9920339949785482
93,8,0.80,0.9947957431416385
93,8,0.85,0.9974670940702655
93,8,0.90,0.9981409918407091
93,8,0.95,0.9954512507231762
93,9,0.05,0.9707018872325223
93,9,0.10,0.987056983417392
93,9,0.15,0.9973578231091769
93,9,0.20,0.9959097130373182
93,9,0.25,0.9926294659459282
93,9,0.30,0.9949009595643866
93,9,0.35,0.9977646063225236
93,9,0.40,0.9968470603254062
93,9,0.45,0.9978497251543246
93,9,0.50,0.9978198262363005
93,9,0.55,0.9951943460466146
93,9,0.60,0.997616699772863
93,9,0.65,0.9976849302332367
93,9,0.70,0.9952235611681671
93,9,0.75,0.9936001440445051
93,9,0.80,0.9938595632070145
93,9,0.85,0.9981200214278168
93,9,0.90,0.9953219265771609
93,9,0.95,0.9981425805518815
94,0,0.05,0.9772582373620793
94,0,0.10,0.9915520593982153
94,0,0.15,0.9891304891132752
94,0,0.20,0.9951662294455644
94,0,0.25,0.9977491481945584
94,0,0.30,0.9952427914298629
94,0,0.35,0.992126188081015
94,0,0.40,0.9926923250822978
94,0,0.45,0.9914359870473713
94,0,0.50,0.9971365566902912
94,0,0.55,0.9921724418226416
94,0,0.60,0.9949897287383104
94,0,0.65,0.9984164882466463
94,0,0.70,0.995699932025846
94,0,0.75,0.9978558086680879
94,0,0.80,0.9954362157815903
94,0,0.85,0.9979522377366185
94,0,0.90,0.9975569526140146
94,0,0.95,0.9981473322230402
94,1,0.05,0.9696794715334278
94,1,0.10,0.9804618395304507
94,1,0.15,0.9908174420045057
94,1,0.20,0.9931397007700996
94,1,0.25,0.9940559433416868
94,1,0.30,0.9972014821369132
94,1,0.35,0.9937624323781201
94,1,0.40,0.9911182540953456
94,1,0.45,0.9979652362329292
94,1,0.50,0.9928168523383268
94,1,0.55,0.9924796824077007
94,1,0.60,0.9953442763653445
94,1,0.65,0.9909268211165697
94,1,0.70,0.9935601717807262
94,1,0.75,0.997627768656582
94,1,0.80,0.9979175630584649
94,1,0.85,0.9979473910041984
94,1,0.90,0.9975305834991808
94,1,0.95,0.9951899153768017
94,2,0.05,0.9595684064675658
94,2,0.10,0.9906105276352757
94,2,0.15,0.9916178376495302
94,2,0.20,0.9976302223971918
94,2,0.25,0.9954975177741425
94,2,0.30,0.9948467419528763
94,2,0.35,0.9908258826343223
94,2,0.40,0.9944696073412601
94,2,0.45,0.9973904537582295
94,2,0.50,0.9952444099670508
94,2,0.55,0.9952670144481284
94,2,0.60,0.9908691893122655
94,2,0.65,0.9951368116915946
94,2,0.70,0.9924444096929675
94,2,0.75,0.995189218864789
94,2,0.80,0.9962372189375278
94,2,0.85,0.9938281553446754
94,2,0.90,0.9948447946834376
94,2,0.95,0.9957187155291057
94,3,0.05,0.9827439341792986
94,3,0.10,0.9837807714865981
94,3,0.15,0.9921396843765662
94,3,0.20,0.9966494044588488
94,3,0.25,0.9965015469566776
94,3,0.30,0.9949684794249417
94,3,0.35,0.9943841318161961
94,3,0.40,0.9959397257982984
94,3,0.45,0.9955526719053459
94,3,0.50,0.9964578889848398
94,3,0.55,0.9975393523066151
94,3,0.60,0.9980540943254209
94,3,0.65,0.9944406430672822
94,3,0.70,0.9920449626251441
94,3,0.75,0.9972173892040583
94,3,0.80,0.9946175865836232
94,3,0.85,0.9923489892958791
94,3,0.90,0.9914179984543285
94,3,0.95,0.9949391225327787
94,4,0.05,0.9287585019188809
94,4,0.10,0.9929778818909685
94,4,0.15,0.9960286856347335
94,4,0.20,0.9959354864018698
94,4,0.25,0.9970413779761551
94,4,0.30,0.9971170463630765
94,4,0.35,0.9924719170896124
94,4,0.40,0.9960284174312202
94,4,0.45,0.9942442602966172
94,4,0.50,0.9951126626453715
94,4,0.55,0.9976854341451258
94,4,0.60,0.9951422912437569
94,4,0.65,0.996769337259979
94,4,0.70,0.995401992468723
94,4,0.75,0.9970617214673103
94,4,0.80,0.9973970052093125
94,4,0.85,0.9950054606220725
94,4,0.90,0.99354025142612
94,4,0.95,0.9974370779931606
94,5,0.05,0.9475601207276985
94,5,0.10,0.990588136390305
94,5,0.15,0.9921642842197834
94,5,0.20,0.9957617013693596
94,5,0.25,0.9944149850339578
94,5,0.30,0.9942973360797539
94,5,0.35,0.9973986616817905
94,5,0.40,0.9957853183385262
94,5,0.45,0.9974460828500535
94,5,0.50,0.9915170797633008
94,5,0.55,0.9949867468314167
94,5,0.60,0.9972831128616306
94,5,0.65,0.9960041323058264
94,5,0.70,0.9976615094687525
94,5,0.75,0.9953534067604514
94,5,0.80,0.9905613968150783
94,5,0.85,0.9956820510320455
94,5,0.90,0.995036170156984
94,5,0.95,0.9973902614748953
94,6,0.05,0.9871376178454522
94,6,0.10,0.9927615385423253
94,6,0.15,0.9937033402331973
94,6,0.20,0.9955103971018854
94,6,0.25,0.9971487023211844
94,6,0.30,0.9939243974131832
94,6,0.35,0.9956631060392135
94,6,0.40,0.9974987510512552
94,6,0.45,0.9937996422159566
94,6,0.50,0.9974877670890646
94,6,0.55,0.9953336386980676
94,6,0.60,0.9971314848422806
94,6,0.65,0.9979753829263406
94,6,0.70,0.9910427329560672
94,6,0.75,0.9977458199479204
94,6,0.80,0.9959650448900838
94,6,0.85,0.9945570895983249
94,6,0.90,0.9945286772648841
94,6,0.95,0.9953968433074024
94,7,0.05,0.9798504694041003
94,7,0.10,0.9910460986080171
94,7,0.15,0.9929938606340983
94,7,0.20,0.9959844151990117
94,7,0.25,0.9961554635046798
94,7,0.30,0.9977373926587497
94,7,0.35,0.9908414140772897
94,7,0.40,0.9918411224411907
94,7,0.45,0.9942407078295084
94,7,0.50,0.997786006820209
94,7,0.55,0.9961869074380503
94,7,0.60,0.9975863427045236
94,7,0.65,0.9939760145641273
94,7,0.70,0.995144367391741
94,7,0.75,0.992253006960083
94,7,0.80,0.996165369475818
94,7,0.85,0.9959780895562821
94,7,0.90,0.9971364311925891
94,7,0.95,0.992318774998511
94,8,0.05,0.9806038826889877
94,8,0.10,0.9924152886275229
94,8,0.15,0.9888362239250186
94,8,0.20,0.9963442672818007
94,8,0.25,0.9940068635852762
94,8,0.30,0.9977176711004783
94,8,0.35,0.994854004862779
94,8,0.40,0.993574029846092
94,8,0.45,0.9971943465202172
94,8,0.50,0.9934575728973074
94,8,0.55,0.9947602728274334
94,8,0.60,0.9977267238438694
94,8,0.65,0.9956842170193526
94,8,0.70,0.9959674566788652
94,8,0.75,0.9956963592834922
94,8,0.80,0.9976492608112645
94,8,0.85,0.9953614330667837
94,8,0.90,0.9978989536967071
94,8,0.95,0.9951179493501545
94,9,0.05,0.9380521105665801
94,9,0.10,0.9913449415980771
94,9,0.15,0.9939272469312598
94,9,0.20,0.99375488858704
94,9,0.25,0.9941246865999561
94,9,0.30,0.9932870561213047
94,9,0.35,0.9972168943552012
94,9,0.40,0.9969260321554815
94,9,0.45,0.9910314063110023
94,9,0.50,0.9946475360278076
94,9,0.55,0.9955228753976343
94,9,0.60,0.9950946135369775
94,9,0.65,0.9908898719737553
94,9,0.70,0.9955806066818057
94,9,0.75,0.9958696024000128
94,9,0.80,0.9983906940348115
94,9,0.85,0.9975375575132855
94,9,0.90,0.9925252699062235
94,9,0.95,0.9941327965397195
95,0,0.05,0.9758238155698407
95,0,0.10,0.9903322480446135
95,0,0.15,0.9918776321644998
95,0,0.20,0.9944710946218643
95,0,0.25,0.9950621479373327
95,0,0.30,0.9935092721981316
95,0,0.35,0.9953704258760292
95,0,0.40,0.9971007474250557
95,0,0.45,0.9894835298561201
95,0,0.50,0.997857884563928
95,0,0.55,0.9975506384180007
95,0,0.60,0.9906925866236554
95,0,0.65,0.9956885822655887
95,0,0.70,0.9981978585714137
95,0,0.75,0.9975427702016789
95,0,0.80,0.9979370255527876
95,0,0.85,0.9971008715287527
95,0,0.90,0.9982955879197652
95,0,0.95,0.9972186586731101
95,1,0.05,0.985054248830935
95,1,0.10,0.9962942447187338
95,1,0.15,0.9860831808479871
95,1,0.20,0.9944677647773026
95,1,0.25,0.9970386671865437
95,1,0.30,0.997388904518661
95,1,0.35,0.9951223620937246
95,1,0.40,0.9963692270284046
95,1,0.45,0.9947987556545885
95,1,0.50,0.9981999470628442
95,1,0.55,0.995545145516422
95,1,0.60,0.9946140634228783
95,1,0.65,0.9979599605358329
95,1,0.70,0.9946939326070884
95,1,0.75,0.9932038130038374
95,1,0.80,0.995713298572244
95,1,0.85,0.9942824131197276
95,1,0.90,0.997771826410323
95,1,0.95,0.998382606815541
95,2,0.05,0.9767143513457284
95,2,0.10,0.9887012738881243
95,2,0.15,0.9961747515495366
95,2,0.20,0.9937582574355465
95,2,0.25,0.9971173062484227
95,2,0.30,0.9960365446922296
95,2,0.35,0.9966687026234888
95,2,0.40,0.9977448443560808
95,2,0.45,0.9920468628606998
95,2,0.50,0.9949709351056588
95,2,0.55,0.9978992355511144
95,2,0.60,0.9971457791585386
95,2,0.65,0.9952635813455774
95,2,0.70,0.9948992353902641
95,2,0.75,0.9960744021913855
95,2,0.80,0.9976599996531939
95,2,0.85,0.9949335681884357
95,2,0.90,0.9948104958543029
95,2,0.95,0.9974221395165414
95,3,0.05,0.9855371242662745
95,3,0.10,0.9943197980806205
95,3,0.15,0.9910438038307187
95,3,0.20,0.9927611067348963
95,3,0.25,0.9931739894641095
95,3,0.30,0.9978995207741795
95,3,0.35,0.9936599664353662
95,3,0.40,0.991410352434667
95,3,0.45,0.9956398369378993
95,3,0.50,0.9975716014087771
95,3,0.55,0.9969919025619168
95,3,0.60,0.9970890997157797
95,3,0.65,0.9956379109269792
95,3,0.70,0.9978635659036507
95,3,0.75,0.9975851340365266
95,3,0.80,0.9953337310719835
95,3,0.85,0.9975023436742131
95,3,0.90,0.9960936578394284
95,3,0.95,0.9978198097833033
95,4,0.05,0.9451625226991548
95,4,0.10,0.996163377064506
95,4,0.15,0.993663610668411
95,4,0.20,0.9929806133495915
95,4,0.25,0.9979831240165087
95,4,0.30,0.9976131530577897
95,4,0.35,0.9950982394742933
95,4,0.40,0.9916892369105685
95,4,0.45,0.997654229266939
95,4,0.50,0.9973846571158578
95,4,0.55,0.9972230403138667
95,4,0.60,0.9959340135048564
95,4,0.65,0.9978573144902076
95,4,0.70,0.9980809128549079
95,4,0.75,0.9980898246995743
95,4,0.80,0.9970754120684722
95,4,0.85,0.9921622205445353
95,4,0.90,0.9963211912549687
95,4,0.95,0.9947304846048522
95,5,0.05,0.9341099806543895
95,5,0.10,0.9938371337722199
95,5,0.15,0.9956613319533973
95,5,0.20,0.9919762589270652
95,5,0.25,0.9971579632935618
95,5,0.30,0.9933337318530859
95,5,0.35,0.994831112784676
95,5,0.40,0.9973994023008556
95,5,0.45,0.998236051505284
95,5,0.50,0.9937926549903741
95,5,0.55,0.9980812565006714
95,5,0.60,0.9967127643700479
95,5,0.65,0.9976004282036471
95,5,0.70,0.9956079231538218
95,5,0.75,0.995958340626284
95,5,0.80,0.9983524104817311
95,5,0.85,0.9952755780344927
95,5,0.90,0.9974306721317555
95,5,0.95,0.9939386995272476
95,6,0.05,0.9736410816431859
95,6,0.10,0.991539986768214
95,6,0.15,0.99385487382616
95,6,0.20,0.9903349191220273
95,6,0.25,0.9970405062706186
95,6,0.30,0.9950136557692039
95,6,0.35,0.99607570183048
95,6,0.40,0.9974834006447421
95,6,0.45,0.9921858126604834
95,6,0.50,0.9943945190949696
95,6,0.55,0.9960288329486778
95,6,0.60,0.998005767748058
95,6,0.65,0.9961720908907217
95,6,0.70,0.9946415903774743
95,6,0.75,0.9953650340205094
95,6,0.80,0.9919944678823646
95,6,0.85,0.9953548570123499
95,6,0.90,0.9937489397488021
95,6,0.95,0.995213318715695
95,7,0.05,0.9751463645644045
95,7,0.10,0.994451086624833
95,7,0.15,0.9954833580531562
95,7,0.20,0.9976124448251487
95,7,0.25,0.9953807085345798
95,7,0.30,0.9947445937307342
95,7,0.35,0.9927561310362121
95,7,0.40,0.9931757880716404
95,7,0.45,0.9949839345938006
95,7,0.50,0.9979402593094376
95,7,0.55,0.9979530120165329
95,7,0.60,0.9954668965960465
95,7,0.65,0.9920177935207081
95,7,0.70,0.9974735463008769
95,7,0.75,0.9934805566802786
95,7,0.80,0.9954130567588927
95,7,0.85,0.9955254141425061
95,7,0.90,0.9926804300870653
95,7,0.95,0.9950918424505123
95,8,0.05,0.964994462225762
95,8,0.10,0.9950082651092234
95,8,0.15,0.9950079575970749
95,8,0.20,0.9960004392308216
95,8,0.25,0.9975469135953824
95,8,0.30,0.9968949793460724
95,8,0.35,0.9896416782372601
95,8,0.40,0.9973057790525772
95,8,0.45,0.995576176278504
95,8,0.50,0.9978636223421674
95,8,0.55,0.9983017912655269
95,8,0.60,0.9948609120242572
95,8,0.65,0.9975991018200928
95,8,0.70,0.9955186751205113
95,8,0.75,0.9944013294473173
95,8,0.80,0.9978933581948675
95,8,0.85,0.99525032108015
95,8,0.90,0.9912545369173031
95,8,0.95,0.9950380180014465
95,9,0.05,0.9547764352457219
95,9,0.10,0.991709055024083
95,9,0.15,0.9935350005283852
95,9,0.20,0.9963757880975501
95,9,0.25,0.9944476824413558
95,9,0.30,0.9945075600942386
95,9,0.35,0.9886285899447714
95,9,0.40,0.9953140459338705
95,9,0.45,0.9958409842135817
95,9,0.50,0.99710603876738
95,9,0.55,0.997871569508867
95,9,0.60,0.9977342670292048
95,9,0.65,0.9949919483018219
95,9,0.70,0.993384676680684
95,9,0.75,0.9970987248024549
95,9,0.80,0.9912494392925225
95,9,0.85,0.994687284602405
95,9,0.90,0.9953149754164747
95,9,0.95,0.9974295925566163
96,0,0.05,0.9827977206146631
96,0,0.10,0.9879799012517015
96,0,0.15,0.9939931155421871
96,0,0.20,0.9969929397819249
96,0,0.25,0.9967962122937458
96,0,0.30,0.9948376807444694
96,0,0.35,0.9960990195853561
96,0,0.40,0.9970271281696537
96,0,0.45,0.9951791741540753
96,0,0.50,0.9956220397616313
96,0,0.55,0.9953148125973039
96,0,0.60,0.9973769510081022
96,0,0.65,0.9953557484821745
96,0,0.70,0.9937008065063614
96,0,0.75,0.9978912829842642
96,0,0.80,0.9944063951150075
96,0,0.85,0.9979913031866936
96,0,0.90,0.9954792868789979
96,0,0.95,0.997707198412689
96,1,0.05,0.9818777524497806
96,1,0.10,0.9901617402310791
96,1,0.15,0.9971596475671878
96,1,0.20,0.99667609946957
96,1,0.25,0.99622484022861
96,1,0.30,0.9951020589422082
96,1,0.35,0.9946294653964726
96,1,0.40,0.9939695173224958
96,1,0.45,0.9979651215544226
96,1,0.50,0.9943516927736016
96,1,0.55,0.9977495490995008
96,1,0.60,0.9956672568598692
96,1,0.65,0.9967550417490145
96,1,0.70,0.9953058690788633
96,1,0.75,0.9957635393586399
96,1,0.80,0.9976626450012972
96,1,0.85,0.9953727558715054
96,1,0.90,0.9920687643726388
96,1,0.95,0.995124078186982
96,2,0.05,0.9408388456175423
96,2,0.10,0.9925157377329339
96,2,0.15,0.9919294436231716
96,2,0.20,0.997078603663974
96,2,0.25,0.994431993184862
96,2,0.30,0.9973634593691354
96,2,0.35,0.9976124674133853
96,2,0.40,0.9968417749473582
96,2,0.45,0.9974527668171754
96,2,0.50,0.9971263117711743
96,2,0.55,0.9975782763985556
96,2,0.60,0.9913253064731465
96,2,0.65,0.994975649720285
96,2,0.70,0.9964606489417366
96,2,0.75,0.9939697119920003
96,2,0.80,0.9950798475494507
96,2,0.85,0.9973350340380991
96,2,0.90,0.9957561067968019
96,2,0.95,0.9952991789927144
96,3,0.05,0.9830893768440677
96,3,0.10,0.9951453914843917
96,3,0.15,0.9942279566407191
96,3,0.20,0.9966811666624814
96,3,0.25,0.9957498820449379
96,3,0.30,0.9969204286201818
96,3,0.35,0.9942003619844317
96,3,0.40,0.9908227336129575
96,3,0.45,0.9981041292985618
96,3,0.50,0.9939906735128615
96,3,0.55,0.9972757300637748
96,3,0.60,0.9954871324667265
96,3,0.65,0.9917656853121285
96,3,0.70,0.9979055513898737
96,3,0.75,0.9977112265351482
96,3,0.80,0.991957431854483
96,3,0.85,0.9976917146582608
96,3,0.90,0.9972590626987258
96,3,0.95,0.9958908703419518
96,4,0.05,0.9676645866484915
96,4,0.10,0.9870629154043763
96,4,0.15,0.99351033066159
96,4,0.20,0.9951749063546805
96,4,0.25,0.994835733552468
96,4,0.30,0.9967566733871192
96,4,0.35,0.9969945765627563
96,4,0.40,0.9948631396365472
96,4,0.45,0.9913707474822796
96,4,0.50,0.9943127896053614
96,4,0.55,0.9952870611007867
96,4,0.60,0.9977359026690841
96,4,0.65,0.9978626957489699
96,4,0.70,0.9958470433227135
96,4,0.75,0.9977706536974469
96,4,0.80,0.9955562985018036
96,4,0.85,0.9949311799739582
96,4,0.90,0.994369518833533
96,4,0.95,0.9962394807578526
96,5,0.05,0.9902968804504194
96,5,0.10,0.9916139616542066
96,5,0.15,0.9965889872116405
96,5,0.20,0.9976477128585909
96,5,0.25,0.9947060402560314
96,5,0.30,0.9928164622597098
96,5,0.35,0.9980385987049879
96,5,0.40,0.9971513444436084
96,5,0.45,0.9928773030019574
96,5,0.50,0.99269674268605
96,5,0.55,0.9956962742380577
96,5,0.60,0.994344853015965
96,5,0.65,0.9975134144225599
96,5,0.70,0.9938330007947844
96,5,0.75,0.9975277546448129
96,5,0.80,0.996892238481146
96,5,0.85,0.9975400050411006
96,5,0.90,0.99572092110595
96,5,0.95,0.9980253373109043
96,6,0.05,0.980287380659642
96,6,0.10,0.9854964718108613
96,6,0.15,0.9852715601252748
96,6,0.20,0.9960496041753306
96,6,0.25,0.9931279714701001
96,6,0.30,0.99613268258843
96,6,0.35,0.9978177400763844
96,6,0.40,0.9981461698223061
96,6,0.45,0.9918865593722537
96,6,0.50,0.9948059539773139
96,6,0.55,0.9942303418510264
96,6,0.60,0.9975856021976788
96,6,0.65,0.9978560883565946
96,6,0.70,0.9977097658622112
96,6,0.75,0.9955158220885609
96,6,0.80,0.9957833479931367
96,6,0.85,0.9983285676035049
96,6,0.90,0.9973529077037626
96,6,0.95,0.9941676294493383
96,7,0.05,0.9711919453223925
96,7,0.10,0.9878178893356856
96,7,0.15,0.9924345421041019
96,7,0.20,0.9957179766721506
96,7,0.25,0.9968675929411444
96,7,0.30,0.9967090522459765
96,7,0.35,0.9975345560222239
96,7,0.40,0.99616333821753
96,7,0.45,0.9969104964728699
96,7,0.50,0.9971464793090226
96,7,0.55,0.9959588637464643
96,7,0.60,0.9956743632747481
96,7,0.65,0.997605457748113
96,7,0.70,0.9947985709576772
96,7,0.75,0.9978104436723072
96,7,0.80,0.995049400837478
96,7,0.85,0.995352172560144
96,7,0.90,0.9950032965442754
96,7,0.95,0.998309260619205
96,8,0.05,0.9830905493476814
96,8,0.10,0.9944876277153096
96,8,0.15,0.9966025258515547
96,8,0.20,0.9976342149030767
96,8,0.25,0.9968674826443075
96,8,0.30,0.9949955291576498
96,8,0.35,0.9947864830313985
96,8,0.40,0.9949078313896494
96,8,0.45,0.9950284068530547
96,8,0.50,0.9980013948086054
96,8,0.55,0.9955560106840325
96,8,0.60,0.9972412912395886
96,8,0.65,0.9978252282991666
96,8,0.70,0.9963348817241937
96,8,0.75,0.9951793011058417
96,8,0.80,0.9973345952363729
96,8,0.85,0.9950093336747662
96,8,0.90,0.9974251178986898
96,8,0.95,0.995949438976968
96,9,0.05,0.9896680935478205
96,9,0.10,0.9861681170548369
96,9,0.15,0.994747676026997
96,9,0.20,0.9924131091408784
96,9,0.25,0.9972547332373726
96,9,0.30,0.9956484481299361
96,9,0.35,0.9914216554230253
96,9,0.40,0.9947859775642336
96,9,0.45,0.9972770717798295
96,9,0.50,0.9940280892238217
96,9,0.55,0.9978353713717583
96,9,0.60,0.9947219516691727
96,9,0.65,0.9954860364484676
96,9,0.70,0.9974654705754636
96,9,0.75,0.9946283154389116
96,9,0.80,0.9975311151034538
96,9,0.85,0.9974855634159305
96,9,0.90,0.9925962241298213
96,9,0.95,0.9972570498439904
97,0,0.05,0.9731469283452397
97,0,0.10,0.9974152284522535
97,0,0.15,0.9963278785754539
97,0,0.20,0.9934300003190547
97,0,0.25,0.9944678354971476
97,0,0.30,0.9953134272922092
97,0,0.35,0.9959110087506989
97,0,0.40,0.9926632352475631
97,0,0.45,0.9960330073854907
97,0,0.50,0.9950831431088379
97,0,0.55,0.9960126648246131
97,0,0.60,0.9977243642932107
97,0,0.65,0.9977579137819222
97,0,0.70,0.9915159902329957
97,0,0.75,0.9922518637383867
97,0,0.80,0.9952360147348148
97,0,0.85,0.9906162972169494
97,0,0.90,0.9960862264879854
97,0,0.95,0.9934254184384973
97,1,0.05,0.9568350311227025
97,1,0.10,0.9960727670045642
97,1,0.15,0.9975915740901713
97,1,0.20,0.9945299477717536
97,1,0.25,0.9921733281641816
97,1,0.30,0.9980198343464852
97,1,0.35,0.9977438838937464
97,1,0.40,0.9934131848851876
97,1,0.45,0.9937599917873416
97,1,0.50,0.9915926446277951
97,1,0.55,0.9982214144709525
97,1,0.60,0.9975192856002019
97,1,0.65,0.9983328788901387
97,1,0.70,0.9952034240166373
97,1,0.75,0.9955013937971661
97,1,0.80,0.9952189091347962
97,1,0.85,0.9924479919244287
97,1,0.90,0.9951049814549532
97,1,0.95,0.9938764832449575
97,2,0.05,0.969609002061968
97,2,0.10,0.9963263582467254
97,2,0.15,0.9894512240024219
97,2,0.20,0.995020457161404
97,2,0.25,0.996639331455513
97,2,0.30,0.9973694350792921
97,2,0.35,0.9949388411798926
97,2,0.40,0.9945313613694936
97,2,0.45,0.9952866190219555
97,2,0.50,0.9971354871370726
97,2,0.55,0.9978547829632153
97,2,0.60,0.9939896364113956
97,2,0.65,0.9919925058512037
97,2,0.70,0.9981840991522658
97,2,0.75,0.9926952932236612
97,2,0.80,0.9961582868744231
97,2,0.85,0.9957577235194311
97,2,0.90,0.9975358007097958
97,2,0.95,0.9973880344974465
97,3,0.05,0.9766841427129132
97,3,0.10,0.9858828702187346
97,3,0.15,0.9940407804182989
97,3,0.20,0.9917965842760529
97,3,0.25,0.9969749503300276
97,3,0.30,0.997413233679158
97,3,0.35,0.9982805075839252
97,3,0.40,0.9947479303188791
97,3,0.45,0.9975430459278664
97,3,0.50,0.997758741194614
97,3,0.55,0.9970724184482571
97,3,0.60,0.9970595563929097
97,3,0.65,0.9959398546162659
97,3,0.70,0.9979164356292148
97,3,0.75,0.9932081703711862
97,3,0.80,0.9980915293356175
97,3,0.85,0.9962189683566425
97,3,0.90,0.9940439993060616
97,3,0.95,0.9939839288023828
97,4,0.05,0.9671163005403346
97,4,0.10,0.9926831883407484
97,4,0.15,0.9936621586400156
97,4,0.20,0.9933880261297323
97,4,0.25,0.9961976213378828
97,4,0.30,0.9964829040877613
97,4,0.35,0.9976030088980157
97,4,0.40,0.9979311289936484
97,4,0.45,0.9916143058031963
97,4,0.50,0.9948583674566216
97,4,0.55,0.9981149356053227
97,4,0.60,0.995056732807938
97,4,0.65,0.9958859501110655
97,4,0.70,0.9943528841894125
97,4,0.75,0.9966083782789337
97,4,0.80,0.9956652369462045
97,4,0.85,0.9977304091958421
97,4,0.90,0.9952782130318828
97,4,0.95,0.9954437063636735
97,5,0.05,0.9710285514265208
97,5,0.10,0.9953661561299018
97,5,0.15,0.9956599845645717
97,5,0.20,0.9922469823198844
97,5,0.25,0.9944525251239384
97,5,0.30,0.9972594514470292
97,5,0.35,0.9947437465558777
97,5,0.40,0.994601224456172
97,5,0.45,0.9943186431175715
97,5,0.50,0.9981313267604838
97,5,0.55,0.9980009270120009
97,5,0.60,0.9978626971171586
97,5,0.65,0.9956154831156362
97,5,0.70,0.9963661666531554
97,5,0.75,0.9913904795891113
97,5,0.80,0.994381581609216
97,5,0.85,0.9946828461798328
97,5,0.90,0.9979639093206626
97,5,0.95,0.9956308123280462
97,6,0.05,0.9828261115449599
97,6,0.10,0.9913835582290962
97,6,0.15,0.9909645053799729
97,6,0.20,0.996685832185866
97,6,0.25,0.992885226312652
97,6,0.30,0.9926698725676281
97,6,0.35,0.9936151812930959
97,6,0.40,0.993586211913725
97,6,0.45,0.9980420962604207
97,6,0.50,0.9959205488060785
97,6,0.55,0.9916979023554738
97,6,0.60,0.9976498967630646
97,6,0.65,0.9971131459032422
97,6,0.70,0.997649340691557
97,6,0.75,0.9911985949319604
97,6,0.80,0.9953649631141401
97,6,0.85,0.9949664162568528
97,6,0.90,0.9960094558049939
97,6,0.95,0.9973892553535809
97,7,0.05,0.9758313978411778
97,7,0.10,0.9973554769293262
97,7,0.15,0.9966198197825238
97,7,0.20,0.9941143349490494
97,7,0.25,0.9945037242509969
97,7,0.30,0.9978053669587023
97,7,0.35,0.995534901002508
97,7,0.40,0.9951836472918847
97,7,0.45,0.9960569544235365
97,7,0.50,0.9957972462609347
97,7,0.55,0.9977018734011983
97,7,0.60,0.9980173089247245
97,7,0.65,0.9918491693579935
97,7,0.70,0.9957773397730172
97,7,0.75,0.99632297806873
97,7,0.80,0.9945777858030274
97,7,0.85,0.99754874660475
97,7,0.90,0.9975723990696836
97,7,0.95,0.998466669658995
97,8,0.05,0.9656866525309912
97,8,0.10,0.9888822405932708
97,8,0.15,0.9947269806065168
97,8,0.20,0.9952114962347317
97,8,0.25,0.9973866793678607
97,8,0.30,0.9925884213250272
97,8,0.35,0.995323097231841
97,8,0.40,0.9929474366437919
97,8,0.45,0.9981456748369463
97,8,0.50,0.9970047580546095
97,8,0.55,0.9953275373289234
97,8,0.60,0.995123276941067
97,8,0.65,0.9974363120374742
97,8,0.70,0.9910080171317686
97,8,0.75,0.998094147779549
97,8,0.80,0.9953359877816443
97,8,0.85,0.9923935169441799
97,8,0.90,0.9956732802693513
97,8,0.95,0.9972879510269227
97,9,0.05,0.9612346619193365
97,9,0.10,0.993438327219061
97,9,0.15,0.9971049033368107
97,9,0.20,0.9946688591038201
97,9,0.25,0.9922479576065555
97,9,0.30,0.994518476103034
97,9,0.35,0.9960706842309333
97,9,0.40,0.996264657424554
97,9,0.45,0.9945990779684675
97,9,0.50,0.9972840657787194
97,9,0.55,0.9957450158063209
97,9,0.60,0.9973968124018237
97,9,0.65,0.99762672310669
97,9,0.70,0.9983121126966445
97,9,0.75,0.9912955066058144
97,9,0.80,0.9949390237901452
97,9,0.85,0.996245341878507
97,9,0.90,0.9939749632656494
97,9,0.95,0.9952014090632276
98,0,0.05,0.9627135938002419
98,0,0.10,0.9931673447693145
98,0,0.15,0.9946606288639
98,0,0.20,0.9912110044608458
98,0,0.25,0.9938683468113334
98,0,0.30,0.9975792564825512
98,0,0.35,0.9953141617297774
98,0,0.40,0.9919686770503817
98,0,0.45,0.9971230410798511
98,0,0.50,0.9975718477594605
98,0,0.55,0.9910038250458406
98,0,0.60,0.9951017040227801
98,0,0.65,0.9975108391137101
98,0,0.70,0.9972707386144648
98,0,0.75,0.9979411930984344
98,0,0.80,0.9981302454779291
98,0,0.85,0.9961801391389635
98,0,0.90,0.9969846068845175
98,0,0.95,0.9941137407211539
98,1,0.05,0.9772786477780224
98,1,0.10,0.9961251610895144
98,1,0.15,0.9972548710194437
98,1,0.20,0.9908189690904275
98,1,0.25,0.9903471262934435
98,1,0.30,0.9974895601176452
98,1,0.35,0.9946805983916024
98,1,0.40,0.9971544625311565
98,1,0.45,0.9973008730147881
98,1,0.50,0.9953309000129416
98,1,0.55,0.9894450485750135
98,1,0.60,0.9978603950536025
98,1,0.65,0.9977413591531441
98,1,0.70,0.9978143938062822
98,1,0.75,0.9974743194780071
98,1,0.80,0.9977123540617454
98,1,0.85,0.9977036481381304
98,1,0.90,0.9982259478353942
98,1,0.95,0.9922420819017147
98,2,0.05,0.9903062420374569
98,2,0.10,0.9934440016045565
98,2,0.15,0.9907467533777972
98,2,0.20,0.9968836022767578
98,2,0.25,0.9931416122904754
98,2,0.30,0.9896065209450319
98,2,0.35,0.9964018328915873
98,2,0.40,0.9955659700297451
98,2,0.45,0.9975452854503164
98,2,0.50,0.9979048080597678
98,2,0.55,0.9922096037699695
98,2,0.60,0.9919598718085312
98,2,0.65,0.9979672362322037
98,2,0.70,0.997345099772067
98,2,0.75,0.9954645197930969
98,2,0.80,0.9931640832336469
98,2,0.85,0.9977233532893619
98,2,0.90,0.9971103681165968
98,2,0.95,0.9940989990118256
98,3,0.05,0.41417447290025
98,3,0.10,0.9957145012420999
98,3,0.15,0.9888578100335783
98,3,0.20,0.9931033317531444
98,3,0.25,0.9958201202726844
98,3,0.30,0.9942313949943531
98,3,0.35,0.9948787406495182
98,3,0.40,0.9904060636654654
98,3,0.45,0.9983501034954139
98,3,0.50,0.9966402477808509
98,3,0.55,0.9979710866956072
98,3,0.60,0.9979493352029339
98,3,0.65,0.9952033527192758
98,3,0.70,0.9937688490332398
98,3,0.75,0.9972844919303687
98,3,0.80,0.9955026009897988
98,3,0.85,0.9955186495225464
98,3,0.90,0.9917375769637843
98,3,0.95,0.9951072940379786
98,4,0.05,0.9079280176268083
98,4,0.10,0.9937992501064099
98,4,0.15,0.9950356423517666
98,4,0.20,0.9948635559567756
98,4,0.25,0.997230747041821
98,4,0.30,0.9970579856330538
98,4,0.35,0.9956536092747423
98,4,0.40,0.995754119744929
98,4,0.45,0.9977044155564379
98,4,0.50,0.9944737706914712
98,4,0.55,0.9949394877390656
98,4,0.60,0.9896643579161083
98,4,0.65,0.9947840303225362
98,4,0.70,0.9917287492530612
98,4,0.75,0.9926874573786635
98,4,0.80,0.9941176628073923
98,4,0.85,0.9978659251371316
98,4,0.90,0.9955474828913404
98,4,0.95,0.997897389905591
98,5,0.05,0.9900218973597923
98,5,0.10,0.9895540840173208
98,5,0.15,0.9919770762775368
98,5,0.20,0.9886858174868681
98,5,0.25,0.9928528318026472
98,5,0.30,0.998456322171804
98,5,0.35,0.9950362656940764
98,5,0.40,0.9956064651620519
98,5,0.45,0.9978672743128183
98,5,0.50,0.9969019355844695
98,5,0.55,0.9929045757288933
98,5,0.60,0.9946309952449712
98,5,0.65,0.9948643676041398
98,5,0.70,0.995372391886144
98,5,0.75,0.997842036019887
98,5,0.80,0.9982731580806108
98,5,0.85,0.9976691472171392
98,5,0.90,0.997051056102415
98,5,0.95,0.9973067703866283
98,6,0.05,0.9786011605390283
98,6,0.10,0.9940316729350657
98,6,0.15,0.9970166866732337
98,6,0.20,0.9897542200842923
98,6,0.25,0.9981852231786998
98,6,0.30,0.9947714635739455
98,6,0.35,0.9972190181465171
98,6,0.40,0.9935445424187244
98,6,0.45,0.9952985356967304
98,6,0.50,0.9972581375098704
98,6,0.55,0.996839828947564
98,6,0.60,0.9950797974771314
98,6,0.65,0.9940834114955142
98,6,0.70,0.9974530631693713
98,6,0.75,0.9976311257135332
98,6,0.80,0.995636111944127
98,6,0.85,0.9953412455399282
98,6,0.90,0.9951861973398476
98,6,0.95,0.9953391846028791
98,7,0.05,0.9867367261058567
98,7,0.10,0.9912984837935723
98,7,0.15,0.992230238266841
98,7,0.20,0.9901642800657213
98,7,0.25,0.9969964624810723
98,7,0.30,0.9978949156327035
98,7,0.35,0.9929945915199242
98,7,0.40,0.9960839371700528
98,7,0.45,0.9954381377719199
98,7,0.50,0.992214863323573
98,7,0.55,0.9953009756469605
98,7,0.60,0.9970412940007574
98,7,0.65,0.9928355136002472
98,7,0.70,0.9926779522857729
98,7,0.75,0.9944451120740602
98,7,0.80,0.9950016694647765
98,7,0.85,0.9906696381736767
98,7,0.90,0.9946772007487168
98,7,0.95,0.9961667731625274
98,8,0.05,0.9882467304344361
98,8,0.10,0.9912099486110327
98,8,0.15,0.9974638880219568
98,8,0.20,0.9958074706742418
98,8,0.25,0.9967367573513793
98,8,0.30,0.9978630162730856
98,8,0.35,0.9956676519144907
98,8,0.40,0.9948335574625479
98,8,0.45,0.9977044172797654
98,8,0.50,0.9979986854133586
98,8,0.55,0.9915425344574316
98,8,0.60,0.9975869139414142
98,8,0.65,0.9982246605599097
98,8,0.70,0.9975264605835281
98,8,0.75,0.9979486074953822
98,8,0.80,0.9974391176407272
98,8,0.85,0.9972618236721695
98,8,0.90,0.996252165225212
98,8,0.95,0.9979043203733335
98,9,0.05,0.9913891429792127
98,9,0.10,0.9938353082799699
98,9,0.15,0.9919212676780133
98,9,0.20,0.9921356057182639
98,9,0.25,0.9929564957339726
98,9,0.30,0.9901711080685554
98,9,0.35,0.9911325919637272
98,9,0.40,0.9941956385401242
98,9,0.45,0.9975614903531511
98,9,0.50,0.9956891401098428
98,9,0.55,0.997551060960239
98,9,0.60,0.9957493311760959
98,9,0.65,0.9952024590705985
98,9,0.70,0.9955891233503754
98,9,0.75,0.9938083025714735
98,9,0.80,0.997752839774987
98,9,0.85,0.9979683186275091
98,9,0.90,0.9953971344811566
98,9,0.95,0.995619986076745
99,0,0.05,0.9746489249920713
99,0,0.10,0.989562096960728
99,0,0.15,0.9958054512888184
99,0,0.20,0.9951892794205506
99,0,0.25,0.995552592420439
99,0,0.30,0.9966167493640536
99,0,0.35,0.9907904979215836
99,0,0.40,0.9977122641350883
99,0,0.45,0.9976927493810469
99,0,0.50,0.9972825263533797
99,0,0.55,0.9952329661620155
99,0,0.60,0.9977671359862283
99,0,0.65,0.9976252328839443
99,0,0.70,0.9915435529874336
99,0,0.75,0.9957896730051327
99,0,0.80,0.9977643154323306
99,0,0.85,0.997249991861196
99,0,0.90,0.9944498778538765
99,0,0.95,0.991732450988914
99,1,0.05,0.9676561792474699
99,1,0.10,0.9943248720539082
99,1,0.15,0.9952702189878182
99,1,0.20,0.9941043514142337
99,1,0.25,0.9963857110251371
99,1,0.30,0.9940726405921285
99,1,0.35,0.9973817304983482
99,1,0.40,0.997797136898681
99,1,0.45,0.9979421441544951
99,1,0.50,0.9968591371534543
99,1,0.55,0.9977479491967984
99,1,0.60,0.9939639493494655
99,1,0.65,0.9937067184792866
99,1,0.70,0.992356236086249
99,1,0.75,0.9957887172384028
99,1,0.80,0.9940552733512035
99,1,0.85,0.9936120509646817
99,1,0.90,0.9977531016695088
99,1,0.95,0.9975238590381461
99,2,0.05,0.9427856183628955
99,2,0.10,0.9908261049778314
99,2,0.15,0.9974074497337797
99,2,0.20,0.9972947877162341
99,2,0.25,0.9972822518686998
99,2,0.30,0.9973626550944369
99,2,0.35,0.9975520068210797
99,2,0.40,0.9939992326566808
99,2,0.45,0.9980789224077606
99,2,0.50,0.9941772116276146
99,2,0.55,0.9973325239182349
99,2,0.60,0.9978298920771367
99,2,0.65,0.9956598047981787
99,2,0.70,0.997954553491107
99,2,0.75,0.9924903034858769
99,2,0.80,0.9906178366449745
99,2,0.85,0.9977460076745709
99,2,0.90,0.9971998727193604
99,2,0.95,0.9975539373783472
99,3,0.05,0.9914513378936602
99,3,0.10,0.9927807839557397
99,3,0.15,0.9963633807181952
99,3,0.20,0.9973523040963793
99,3,0.25,0.997672736011672
99,3,0.30,0.9954831604953468
99,3,0.35,0.9973696629453749
99,3,0.40,0.9972035032446928
99,3,0.45,0.997326921888532
99,3,0.50,0.9974341852973554
99,3,0.55,0.9972990498724807
99,3,0.60,0.9941740604131795
99,3,0.65,0.9973275174609807
99,3,0.70,0.9950584018234427
99,3,0.75,0.9949109364538602
99,3,0.80,0.9946334084120318
99,3,0.85,0.9938802150148458
99,3,0.90,0.9975874956166481
99,3,0.95,0.9953919587746299
99,4,0.05,0.9891942885212609
99,4,0.10,0.9900340078911716
99,4,0.15,0.9943618913145302
99,4,0.20,0.9959531007826485
99,4,0.25,0.9971058969373565
99,4,0.30,0.9969334809182825
99,4,0.35,0.9974499224040712
99,4,0.40,0.9946093898956481
99,4,0.45,0.9966228211620008
99,4,0.50,0.9981129748723627
99,4,0.55,0.995387420509292
99,4,0.60,0.9906482544803105
99,4,0.65,0.9957272769699617
99,4,0.70,0.9952055931649643
99,4,0.75,0.9975528997368092
99,4,0.80,0.9950168457727885
99,4,0.85,0.9960326363578482
99,4,0.90,0.9926425885018048
99,4,0.95,0.9949036524240158
99,5,0.05,0.9858659820034772
99,5,0.10,0.9930014545703135
99,5,0.15,0.9968837698343127
99,5,0.20,0.997394772699687
99,5,0.25,0.9960097127345441
99,5,0.30,0.9975962108000682
99,5,0.35,0.9977844523145988
99,5,0.40,0.9977211083068863
99,5,0.45,0.9971635562510559
99,5,0.50,0.9954124433492719
99,5,0.55,0.995010452606638
99,5,0.60,0.9972136984071843
99,5,0.65,0.997596383686829
99,5,0.70,0.9981633587913864
99,5,0.75,0.9978911817061087
99,5,0.80,0.991433878550618
99,5,0.85,0.9956825315799158
99,5,0.90,0.9919094283520208
99,5,0.95,0.9919792075767537
99,6,0.05,0.97538921574546
99,6,0.10,0.991223145195503
99,6,0.15,0.9969121145223171
99,6,0.20,0.9907743324892387
99,6,0.25,0.9962707673291465
99,6,0.30,0.9971020094896639
99,6,0.35,0.9975267056896793
99,6,0.40,0.9971717086009984
99,6,0.45,0.9951051360790778
99,6,0.50,0.9956179905378032
99,6,0.55,0.9945320389158767
99,6,0.60,0.997188664792134
99,6,0.65,0.9955009982049521
99,6,0.70,0.9977821287571113
99,6,0.75,0.9961872911296841
99,6,0.80,0.9954134676393357
99,6,0.85,0.9956437943632827
99,6,0.90,0.9958437120059862
99,6,0.95,0.9978129727520114
99,7,0.05,0.9684141731474735
99,7,0.10,0.9930692353220072
99,7,0.15,0.9881029863529865
99,7,0.20,0.996121764716105
99,7,0.25,0.9960510790138098
99,7,0.30,0.9941883635376886
99,7,0.35,0.997699804370168
99,7,0.40,0.9975976348391455
99,7,0.45,0.9973191398229481
99,7,0.50,0.9957408077507067
99,7,0.55,0.9982686375348405
99,7,0.60,0.9942993049513627
99,7,0.65,0.9945434951542527
99,7,0.70,0.9948069442080272
99,7,0.75,0.9954477834536335
99,7,0.80,0.9939791624668627
99,7,0.85,0.9954827474582549
99,7,0.90,0.9972328491168427
99,7,0.95,0.9913077833641804
99,8,0.05,0.9442310654517164
99,8,0.10,0.9916557492043093
99,8,0.15,0.9969275593519505
99,8,0.20,0.9931981806532629
99,8,0.25,0.9960906387077479
99,8,0.30,0.9968367163049117
99,8,0.35,0.9922964717774121
99,8,0.40,0.9952539252569846
99,8,0.45,0.9947581361309831
99,8,0.50,0.994942193227948
99,8,0.55,0.9951078105508172
99,8,0.60,0.9935837978549901
99,8,0.65,0.9979228556473894
99,8,0.70,0.9965722355858175
99,8,0.75,0.9926973227980451
99,8,0.80,0.9924352986270182
99,8,0.85,0.9955116823899237
99,8,0.90,0.9978528771393913
99,8,0.95,0.9976447986978212
99,9,0.05,0.9680184208420284
99,9,0.10,0.9970919356036755
99,9,0.15,0.994458517614433
99,9,0.20,0.9958129170666041
99,9,0.25,0.9957695036658899
99,9,0.30,0.9965579662403353
99,9,0.35,0.9964849168787554
99,9,0.40,0.9911470675554303
99,9,0.45,0.997179015848668
99,9,0.50,0.9977393764375392
99,9,0.55,0.9946030544892048
99,9,0.60,0.9942512077754574
99,9,0.65,0.9973609732090107
99,9,0.70,0.9975494040749625
99,9,0.75,0.9938443859700793
99,9,0.80,0.9971104042900268
99,9,0.85,0.9951822270835493
99,9,0.90,0.9963019833087542
99,9,0.95,0.9977099312371664
