random_seed,split_seed,sample_ratio,r2
0,0,0.05,0.7266834327286393
0,0,0.10,0.8626580491962974
0,0,0.15,0.5755041481136667
0,0,0.20,0.9707207375487837
0,0,0.25,0.9626358595620605
0,0,0.30,0.8719665626727668
0,0,0.35,0.8711923267858651
0,0,0.40,0.9111201260446523
0,0,0.45,0.9592447143484676
0,0,0.50,0.9781022250974075
0,0,0.55,0.9571330014352388
0,0,0.60,0.9116421421162003
0,0,0.65,0.9892799035695159
0,0,0.70,0.9814050100935818
0,0,0.75,0.9835293741784743
0,0,0.80,0.9807137743886817
0,0,0.85,0.9848197425027156
0,0,0.90,0.9841626009975315
0,0,0.95,0.9937895385701345
0,1,0.05,0.41916795022133124
0,1,0.10,0.6990907888707267
0,1,0.15,0.7854045056954383
0,1,0.20,0.9164397890780211
0,1,0.25,0.895596612560105
0,1,0.30,0.9589103503696548
0,1,0.35,0.8777621826979064
0,1,0.40,0.9585894706989104
0,1,0.45,0.9201089919118766
0,1,0.50,0.9433414454003087
0,1,0.55,0.9622125113394333
0,1,0.60,0.9759960621556759
0,1,0.65,0.9911765283293019
0,1,0.70,0.9633880935888334
0,1,0.75,0.9763057490197639
0,1,0.80,0.9928070382909515
0,1,0.85,0.9966414802834358
0,1,0.90,0.9959965515163746
0,1,0.95,0.9933540412045195
0,2,0.05,0.6798245494651183
0,2,0.10,0.8687295210351758
0,2,0.15,0.7839981929833285
0,2,0.20,0.881981157784018
0,2,0.25,0.9619205069168003
0,2,0.30,0.9463560256851808
0,2,0.35,0.8553112055363733
0,2,0.40,0.9334301485791214
0,2,0.45,0.9616335624787453
0,2,0.50,0.9279314428022113
0,2,0.55,0.9473433263015546
0,2,0.60,0.9860693610470341
0,2,0.65,0.9747897489047004
0,2,0.70,0.9924645664857982
0,2,0.75,0.9954676363544884
0,2,0.80,0.9805705300038212
0,2,0.85,0.9952685417705538
0,2,0.90,0.9950601770594003
0,2,0.95,0.9849896833476757
0,3,0.05,0.6364624768423839
0,3,0.10,0.6815582275283263
0,3,0.15,0.7618462570049503
0,3,0.20,0.9233326397803474
0,3,0.25,0.8809558655403663
0,3,0.30,0.8612493275298152
0,3,0.35,0.8697862808008344
0,3,0.40,0.9344511659004459
0,3,0.45,0.8930852593052314
0,3,0.50,0.9777397699205672
0,3,0.55,0.9579186638230883
0,3,0.60,0.9682214179560046
0,3,0.65,0.9548908037137791
0,3,0.70,0.9612292493766168
0,3,0.75,0.9812919224536628
0,3,0.80,0.9929173403192851
0,3,0.85,0.9970541985944661
0,3,0.90,0.990754300582224
0,3,0.95,0.996062795541358
0,4,0.05,-0.19734781027148873
0,4,0.10,0.698694851655608
0,4,0.15,0.9585676801768667
0,4,0.20,0.9652597057679081
0,4,0.25,0.8271149805195437
0,4,0.30,0.9109122962049323
0,4,0.35,0.9097245412699708
0,4,0.40,0.9490122922859789
0,4,0.45,0.9703445729975058
0,4,0.50,0.9499590736740495
0,4,0.55,0.9590596781906766
0,4,0.60,0.9591697406608802
0,4,0.65,0.9634784721988673
0,4,0.70,0.9864046630160577
0,4,0.75,0.9824113005542349
0,4,0.80,0.9854549927665522
0,4,0.85,0.9956598175117813
0,4,0.90,0.9934001012074444
0,4,0.95,0.9945589171430245
0,5,0.05,0.6211446449562678
0,5,0.10,0.6144762435146327
0,5,0.15,0.8552391398805963
0,5,0.20,0.7324359008993815
0,5,0.25,0.8660683918969153
0,5,0.30,0.9332325441044647
0,5,0.35,0.8641207145217213
0,5,0.40,0.899653035439373
0,5,0.45,0.9730960621605872
0,5,0.50,0.9347345470620086
0,5,0.55,0.9752806243297973
0,5,0.60,0.9755275823348654
0,5,0.65,0.9866614901546682
0,5,0.70,0.9683285023243048
0,5,0.75,0.9772367945010481
0,5,0.80,0.9854513158742518
0,5,0.85,0.989302911293199
0,5,0.90,0.9723166672958001
0,5,0.95,0.9913625564579382
0,6,0.05,0.39643099174676233
0,6,0.10,0.5895793715258746
0,6,0.15,0.18891769719153628
0,6,0.20,0.7883868832182734
0,6,0.25,0.9255714320758841
0,6,0.30,0.8627604277650939
0,6,0.35,0.9786024331540516
0,6,0.40,0.9026228067534923
0,6,0.45,0.8916419285771696
0,6,0.50,0.912290084309117
0,6,0.55,0.9490834800913246
0,6,0.60,0.9663912068251318
0,6,0.65,0.9900664822913372
0,6,0.70,0.9684463585165077
0,6,0.75,0.9809027901654761
0,6,0.80,0.9812687242209295
0,6,0.85,0.9933637732846738
0,6,0.90,0.9897513359266975
0,6,0.95,0.9737299158955124
0,7,0.05,0.5765613519309594
0,7,0.10,0.8272404007883774
0,7,0.15,0.8691666896595956
0,7,0.20,0.714295883177543
0,7,0.25,0.9118500496322801
0,7,0.30,0.9353390204464479
0,7,0.35,0.9308140745884099
0,7,0.40,0.9789408196546376
0,7,0.45,0.9639203780194731
0,7,0.50,0.9781959625334062
0,7,0.55,0.9585136346361809
0,7,0.60,0.9878540480099596
0,7,0.65,0.9807696354289603
0,7,0.70,0.9868536031418824
0,7,0.75,0.988677291673715
0,7,0.80,0.9838229955436387
0,7,0.85,0.989031046668839
0,7,0.90,0.9764430486746951
0,7,0.95,0.9836160067725866
0,8,0.05,0.6565697453605088
0,8,0.10,0.8767356196427379
0,8,0.15,0.8651936690572221
0,8,0.20,0.9032808588275928
0,8,0.25,0.7913983842565089
0,8,0.30,0.9555829768905277
0,8,0.35,0.8572095760029946
0,8,0.40,0.9122157945234399
0,8,0.45,0.9804398806384618
0,8,0.50,0.9233825189842745
0,8,0.55,0.9713559534800196
0,8,0.60,0.9515034318775777
0,8,0.65,0.9668103528199051
0,8,0.70,0.9805544317779852
0,8,0.75,0.9950968234384702
0,8,0.80,0.9956029195620724
0,8,0.85,0.990302899014501
0,8,0.90,0.9855902141320934
0,8,0.95,0.9951137943300451
0,9,0.05,-1.0629285236830133
0,9,0.10,0.33670706333265166
0,9,0.15,0.8672494000779059
0,9,0.20,0.5455739155963919
0,9,0.25,0.802075198115852
0,9,0.30,0.9386903175838212
0,9,0.35,0.938985483454281
0,9,0.40,0.9529591769748449
0,9,0.45,0.945783297803403
0,9,0.50,0.8845488381635493
0,9,0.55,0.9727824952686722
0,9,0.60,0.9749006831889814
0,9,0.65,0.991195491528163
0,9,0.70,0.9940610777971487
0,9,0.75,0.9756276494299082
0,9,0.80,0.9582475189666769
0,9,0.85,0.9772313537750911
0,9,0.90,0.9943252978142295
0,9,0.95,0.9946655437595954
1,0,0.05,0.6550847721436968
1,0,0.10,0.420126577509473
1,0,0.15,0.7618548161197882
1,0,0.20,0.8764594067065329
1,0,0.25,0.8516014464717466
1,0,0.30,0.9175449574345695
1,0,0.35,0.9727567513850973
1,0,0.40,0.9563460247440394
1,0,0.45,0.9545892803461965
1,0,0.50,0.9684317819246345
1,0,0.55,0.9918732474388199
1,0,0.60,0.9879488829758676
1,0,0.65,0.988708979560614
1,0,0.70,0.9833311528731279
1,0,0.75,0.9889242208628302
1,0,0.80,0.9939356071480151
1,0,0.85,0.9917488122497763
1,0,0.90,0.9934719660951707
1,0,0.95,0.9947574794188014
1,1,0.05,0.7602756900790442
1,1,0.10,0.5845126522270432
1,1,0.15,0.7285735208370665
1,1,0.20,0.9098771182699555
1,1,0.25,0.919562299224301
1,1,0.30,0.9569863471230862
1,1,0.35,0.9668108856566203
1,1,0.40,0.9778923252948686
1,1,0.45,0.968789600100207
1,1,0.50,0.9549882189993434
1,1,0.55,0.987346288273716
1,1,0.60,0.9614517200688302
1,1,0.65,0.958526882567508
1,1,0.70,0.9726734635989481
1,1,0.75,0.9937548331656473
1,1,0.80,0.9836208311921276
1,1,0.85,0.9848748692192406
1,1,0.90,0.9952868994687663
1,1,0.95,0.993902895974097
1,2,0.05,0.1465679127301054
1,2,0.10,0.7046880170063514
1,2,0.15,0.8373526824389068
1,2,0.20,0.9270797431463659
1,2,0.25,0.919299923059318
1,2,0.30,0.9245168769351606
1,2,0.35,0.937708323658961
1,2,0.40,0.9484376113335116
1,2,0.45,0.9738822396343976
1,2,0.50,0.9738935048362817
1,2,0.55,0.9828239426953129
1,2,0.60,0.9861681641811053
1,2,0.65,0.9736531411781999
1,2,0.70,0.9906924695553555
1,2,0.75,0.9915220477359937
1,2,0.80,0.9892720587461964
1,2,0.85,0.9935857255053286
1,2,0.90,0.996619130800597
1,2,0.95,0.9921291167824121
1,3,0.05,0.4704878680365001
1,3,0.10,0.68112116019334
1,3,0.15,0.9003815328444161
1,3,0.20,0.8660424340119681
1,3,0.25,0.9219070850910607
1,3,0.30,0.8901606554765584
1,3,0.35,0.9574401067427765
1,3,0.40,0.965425454089421
1,3,0.45,0.9662014665152616
1,3,0.50,0.9677904453017656
1,3,0.55,0.9862706421140468
1,3,0.60,0.9738617903546576
1,3,0.65,0.9733504890394203
1,3,0.70,0.9856327035816587
1,3,0.75,0.9866121260343081
1,3,0.80,0.9912651495204949
1,3,0.85,0.9941476366272365
1,3,0.90,0.9957786571806806
1,3,0.95,0.9851996940110227
1,4,0.05,0.008831913833964644
1,4,0.10,0.8526480064491568
1,4,0.15,0.9275705816960159
1,4,0.20,0.7152245490307318
1,4,0.25,0.8872823439421929
1,4,0.30,0.9261832211603633
1,4,0.35,0.9525181303085429
1,4,0.40,0.945704859613287
1,4,0.45,0.9630086512769129
1,4,0.50,0.9725337776687449
1,4,0.55,0.9884541312828299
1,4,0.60,0.9810040701111172
1,4,0.65,0.9917561544629964
1,4,0.70,0.9912615548085287
1,4,0.75,0.9805899143860625
1,4,0.80,0.993112825766854
1,4,0.85,0.9908364312071863
1,4,0.90,0.9921772212775453
1,4,0.95,0.9963340245471198
1,5,0.05,0.6765101357737564
1,5,0.10,0.5921096909330423
1,5,0.15,0.4184969144255376
1,5,0.20,0.826540650287964
1,5,0.25,0.8233049523284672
1,5,0.30,0.9195473333590968
1,5,0.35,0.8740912300081016
1,5,0.40,0.9530742599586289
1,5,0.45,0.960890634773294
1,5,0.50,0.9574539253075005
1,5,0.55,0.9448603663095743
1,5,0.60,0.96190091618184
1,5,0.65,0.9798776983890305
1,5,0.70,0.9958431869631443
1,5,0.75,0.9923141463175931
1,5,0.80,0.9925009642170128
1,5,0.85,0.9939170372577715
1,5,0.90,0.9959566668000714
1,5,0.95,0.99586119110491
1,6,0.05,0.9588202352319342
1,6,0.10,0.9584119063060959
1,6,0.15,0.6745927258063312
1,6,0.20,0.7529651469615726
1,6,0.25,0.9071863716554763
1,6,0.30,0.8698891321835335
1,6,0.35,0.8812277720794081
1,6,0.40,0.9366951544713265
1,6,0.45,0.9674736713364006
1,6,0.50,0.9385795696555429
1,6,0.55,0.9583000071401935
1,6,0.60,0.9907171386492328
1,6,0.65,0.9885818426240885
1,6,0.70,0.9920468760338133
1,6,0.75,0.9929242128656309
1,6,0.80,0.9886583044427293
1,6,0.85,0.994050603829147
1,6,0.90,0.9922818971530741
1,6,0.95,0.9921188823476089
1,7,0.05,0.6650251135594755
1,7,0.10,0.7226443497578847
1,7,0.15,0.9049110463319588
1,7,0.20,0.7219909865920096
1,7,0.25,0.9048918671075588
1,7,0.30,0.9306503584898356
1,7,0.35,0.9112961364604969
1,7,0.40,0.9546110617302866
1,7,0.45,0.9770678005521813
1,7,0.50,0.9511396473580427
1,7,0.55,0.9859399902525374
1,7,0.60,0.9900638020537057
1,7,0.65,0.9839051227951768
1,7,0.70,0.9779852294830371
1,7,0.75,0.9684238684660511
1,7,0.80,0.9796523737279665
1,7,0.85,0.995457195792947
1,7,0.90,0.9938353008513633
1,7,0.95,0.9907555364843998
1,8,0.05,-0.4896481457827837
1,8,0.10,0.5663572015653074
1,8,0.15,0.7096553930253489
1,8,0.20,0.9502390539454497
1,8,0.25,0.879585179517586
1,8,0.30,0.9059618123564276
1,8,0.35,0.971727773362486
1,8,0.40,0.9819885781777495
1,8,0.45,0.9464229248873314
1,8,0.50,0.9900240657526618
1,8,0.55,0.9898288476304187
1,8,0.60,0.993581447831427
1,8,0.65,0.968786241896102
1,8,0.70,0.9910655020029235
1,8,0.75,0.9776963930369702
1,8,0.80,0.9897546896904219
1,8,0.85,0.995317212143486
1,8,0.90,0.9900176115507341
1,8,0.95,0.984804150459833
1,9,0.05,0.902293145726745
1,9,0.10,0.7610407147071576
1,9,0.15,0.7113374728240736
1,9,0.20,0.8190773027435105
1,9,0.25,0.9470292469009531
1,9,0.30,0.9638797344192639
1,9,0.35,0.9579810462757159
1,9,0.40,0.9427853238168965
1,9,0.45,0.9647373953281565
1,9,0.50,0.9900972860749504
1,9,0.55,0.9857427811496832
1,9,0.60,0.9887479239750254
1,9,0.65,0.9901118736146464
1,9,0.70,0.9923339692202885
1,9,0.75,0.9935302159834398
1,9,0.80,0.9925318466613319
1,9,0.85,0.9954881010566518
1,9,0.90,0.9963063024285944
1,9,0.95,0.9968770673524624
2,0,0.05,0.8557280966472685
2,0,0.10,0.8302543255860458
2,0,0.15,0.8098748297115963
2,0,0.20,0.9389929212077406
2,0,0.25,0.8993855895347738
2,0,0.30,0.9715423180022764
2,0,0.35,0.9584605222054837
2,0,0.40,0.9482943984566192
2,0,0.45,0.9432449337405889
2,0,0.50,0.9601503001330889
2,0,0.55,0.9857248286089662
2,0,0.60,0.985892534028334
2,0,0.65,0.9768500582533505
2,0,0.70,0.9919672964847254
2,0,0.75,0.9842158259631506
2,0,0.80,0.9844586205336928
2,0,0.85,0.992498436735113
2,0,0.90,0.9954087310435157
2,0,0.95,0.9962607471889138
2,1,0.05,-0.023592524256175418
2,1,0.10,0.47806949302803703
2,1,0.15,0.9363362530727893
2,1,0.20,0.8261818644983634
2,1,0.25,0.8557065087361575
2,1,0.30,0.9457961391833616
2,1,0.35,0.9391193143178772
2,1,0.40,0.9581811916529465
2,1,0.45,0.96251215978183
2,1,0.50,0.9163473585833047
2,1,0.55,0.8642470226911612
2,1,0.60,0.9605767732733228
2,1,0.65,0.9900031042968853
2,1,0.70,0.985339150356332
2,1,0.75,0.994476011755147
2,1,0.80,0.9938624767438449
2,1,0.85,0.9912698920638058
2,1,0.90,0.9931374539864904
2,1,0.95,0.9964874024575652
2,2,0.05,0.31299057587514145
2,2,0.10,0.8949153192096038
2,2,0.15,0.8428009056278456
2,2,0.20,0.6751995425571978
2,2,0.25,0.8681537068557
2,2,0.30,0.9046888852716465
2,2,0.35,0.8799595436293525
2,2,0.40,0.9385987841924847
2,2,0.45,0.8834448354301921
2,2,0.50,0.9521877371504849
2,2,0.55,0.9832239207809454
2,2,0.60,0.9855603452501165
2,2,0.65,0.9857775959630475
2,2,0.70,0.9766939230194476
2,2,0.75,0.9857704193229758
2,2,0.80,0.9943800042513428
2,2,0.85,0.9874029830404221
2,2,0.90,0.9946533721296416
2,2,0.95,0.9955838817911297
2,3,0.05,0.9517051233291829
2,3,0.10,0.5074386376998954
2,3,0.15,0.6661320887614957
2,3,0.20,0.9121873712847169
2,3,0.25,0.9250829629561346
2,3,0.30,0.8995853606388741
2,3,0.35,0.9199377999966223
2,3,0.40,0.9198132491375971
2,3,0.45,0.9132043362758309
2,3,0.50,0.9311735000471295
2,3,0.55,0.9482823437415554
2,3,0.60,0.9663850984375288
2,3,0.65,0.9842998838695127
2,3,0.70,0.9887587690979626
2,3,0.75,0.9913711122378114
2,3,0.80,0.991218576450868
2,3,0.85,0.9808156422835629
2,3,0.90,0.9872160963407239
2,3,0.95,0.9968128962533457
2,4,0.05,0.4264664585591931
2,4,0.10,0.28172978413937244
2,4,0.15,0.5221028503364608
2,4,0.20,0.920715589492973
2,4,0.25,0.9426712419864992
2,4,0.30,0.9566819387775045
2,4,0.35,0.947774395377046
2,4,0.40,0.9516592974460641
2,4,0.45,0.95229497913272
2,4,0.50,0.9761562531046764
2,4,0.55,0.9796116089683758
2,4,0.60,0.976686946262066
2,4,0.65,0.9725129354466314
2,4,0.70,0.9799111259679301
2,4,0.75,0.9823613869282528
2,4,0.80,0.983986084135474
2,4,0.85,0.9955872743297567
2,4,0.90,0.9943700392377075
2,4,0.95,0.9966132177754479
2,5,0.05,0.6415805788931441
2,5,0.10,0.6939562650757374
2,5,0.15,0.8218595983546592
2,5,0.20,0.8729277910919218
2,5,0.25,0.6545048593924678
2,5,0.30,0.9172938156089572
2,5,0.35,0.8620479520944222
2,5,0.40,0.9518298317340171
2,5,0.45,0.9635829375474243
2,5,0.50,0.9528864157799816
2,5,0.55,0.9859114759835288
2,5,0.60,0.9011054581726702
2,5,0.65,0.9923002423594001
2,5,0.70,0.9790328168395315
2,5,0.75,0.9862882356112544
2,5,0.80,0.9879239985262889
2,5,0.85,0.9870204048798252
2,5,0.90,0.9943578273231964
2,5,0.95,0.9902504256199515
2,6,0.05,0.01945236120637872
2,6,0.10,0.8737710217679062
2,6,0.15,0.8882214224336891
2,6,0.20,0.682925184111846
2,6,0.25,0.8298186227997204
2,6,0.30,0.9377730653206257
2,6,0.35,0.8852071765733428
2,6,0.40,0.9316281948825527
2,6,0.45,0.9408585894292695
2,6,0.50,0.9653083703334105
2,6,0.55,0.9683864074956136
2,6,0.60,0.9774334350829701
2,6,0.65,0.9879167048743019
2,6,0.70,0.9915999392836128
2,6,0.75,0.9916201448119223
2,6,0.80,0.9898938131614337
2,6,0.85,0.9919467465017903
2,6,0.90,0.995909809058517
2,6,0.95,0.9929678604538735
2,7,0.05,0.9312039311820512
2,7,0.10,0.5849076049605266
2,7,0.15,0.7959713086166276
2,7,0.20,0.9470831089456436
2,7,0.25,0.9370195641364178
2,7,0.30,0.9449677778376513
2,7,0.35,0.8821310290110322
2,7,0.40,0.9000753398515293
2,7,0.45,0.9731924517651025
2,7,0.50,0.9788808995164947
2,7,0.55,0.9833101044921518
2,7,0.60,0.9360335589588366
2,7,0.65,0.9870961328859318
2,7,0.70,0.9850203632143217
2,7,0.75,0.9868479155008781
2,7,0.80,0.9853789036596236
2,7,0.85,0.9832829736721651
2,7,0.90,0.9899632566343407
2,7,0.95,0.9926804106940038
2,8,0.05,0.41749562114522776
2,8,0.10,0.5772444902500682
2,8,0.15,0.9036619638562324
2,8,0.20,0.8507092643608022
2,8,0.25,0.9165118124846994
2,8,0.30,0.8451542701560072
2,8,0.35,0.935249561169584
2,8,0.40,0.9380661630073452
2,8,0.45,0.9819561489526183
2,8,0.50,0.9781879447057845
2,8,0.55,0.9813878233847445
2,8,0.60,0.986736331858361
2,8,0.65,0.9886813330545263
2,8,0.70,0.9849774719176133
2,8,0.75,0.9865177032689353
2,8,0.80,0.9928599293801715
2,8,0.85,0.9915213643763743
2,8,0.90,0.989018712720654
2,8,0.95,0.9962076586911306
2,9,0.05,0.6606757920364351
2,9,0.10,0.40509115855095923
2,9,0.15,0.92995199203571
2,9,0.20,0.8499414909781884
2,9,0.25,0.960292572209651
2,9,0.30,0.9289383079329119
2,9,0.35,0.8318698920225637
2,9,0.40,0.8937814711120443
2,9,0.45,0.9635479011593875
2,9,0.50,0.9752762956119029
2,9,0.55,0.985585824323373
2,9,0.60,0.9758707182709123
2,9,0.65,0.9843062857325465
2,9,0.70,0.9940273821119285
2,9,0.75,0.992762094642658
2,9,0.80,0.9932759800103852
2,9,0.85,0.9887300470286976
2,9,0.90,0.9925308068853476
2,9,0.95,0.997018358726573
3,0,0.05,0.2140352888170619
3,0,0.10,0.9313608334701242
3,0,0.15,0.8748157477812837
3,0,0.20,0.8550076367628746
3,0,0.25,0.8998976586208994
3,0,0.30,0.7690012291460551
3,0,0.35,0.9092067783642253
3,0,0.40,0.9525396636650244
3,0,0.45,0.9585475728878883
3,0,0.50,0.9855705943553308
3,0,0.55,0.9788364686188992
3,0,0.60,0.9787605356508575
3,0,0.65,0.9927434722830034
3,0,0.70,0.9899815351958667
3,0,0.75,0.9813493688664001
3,0,0.80,0.9906295956754633
3,0,0.85,0.9907191392649338
3,0,0.90,0.9882987925575663
3,0,0.95,0.9880158083338222
3,1,0.05,0.6025775250282529
3,1,0.10,0.8159935983244462
3,1,0.15,0.848100038319852
3,1,0.20,0.8920915504750382
3,1,0.25,0.6788762965276319
3,1,0.30,0.9202277696423529
3,1,0.35,0.9265623609380389
3,1,0.40,0.9286889557075312
3,1,0.45,0.9732031615954814
3,1,0.50,0.9621877352269763
3,1,0.55,0.9942735907630414
3,1,0.60,0.9664477087581287
3,1,0.65,0.98670839017931
3,1,0.70,0.9873126130393434
3,1,0.75,0.9830839058513801
3,1,0.80,0.9950284274037376
3,1,0.85,0.993766983893648
3,1,0.90,0.9940572876822522
3,1,0.95,0.9802359068874859
3,2,0.05,0.630454324216687
3,2,0.10,0.6460647451300898
3,2,0.15,0.3599634860963383
3,2,0.20,0.865034475691971
3,2,0.25,0.9158975434915108
3,2,0.30,0.9590320310621474
3,2,0.35,0.9232802454466494
3,2,0.40,0.9403727727401268
3,2,0.45,0.9706693577970256
3,2,0.50,0.9200933892614644
3,2,0.55,0.9534136884070022
3,2,0.60,0.975764268808386
3,2,0.65,0.954961387549584
3,2,0.70,0.9900493472120386
3,2,0.75,0.9595581682691786
3,2,0.80,0.9837776052617314
3,2,0.85,0.9789000810699544
3,2,0.90,0.9872020361737759
3,2,0.95,0.9956004028395828
3,3,0.05,0.3386776906362138
3,3,0.10,0.24845482234253857
3,3,0.15,0.7602124821551295
3,3,0.20,0.8673729142814021
3,3,0.25,0.881154834920341
3,3,0.30,0.9228367277255973
3,3,0.35,0.9272857840070057
3,3,0.40,0.978790669550273
3,3,0.45,0.9697282040133218
3,3,0.50,0.9323164082244043
3,3,0.55,0.9181441067369791
3,3,0.60,0.9875150058412234
3,3,0.65,0.9673255235333471
3,3,0.70,0.9883211666767715
3,3,0.75,0.9924645849696848
3,3,0.80,0.9683973990283276
3,3,0.85,0.9696337441350704
3,3,0.90,0.9926780306344827
3,3,0.95,0.9808804567557462
3,4,0.05,0.24241821036064404
3,4,0.10,0.6609928004502437
3,4,0.15,0.8301504290875414
3,4,0.20,0.9172407632823076
3,4,0.25,0.80549264303856
3,4,0.30,0.9076008530943801
3,4,0.35,0.937466305163285
3,4,0.40,0.9366472326285896
3,4,0.45,0.9835340110305065
3,4,0.50,0.979771181718085
3,4,0.55,0.9130762575750836
3,4,0.60,0.9798777327874456
3,4,0.65,0.989625306470807
3,4,0.70,0.992455898310939
3,4,0.75,0.98965936267421
3,4,0.80,0.9873777821395415
3,4,0.85,0.9896930247128647
3,4,0.90,0.9951726294420394
3,4,0.95,0.9958160393292345
3,5,0.05,0.6232133526868532
3,5,0.10,0.7355163372445351
3,5,0.15,0.8173951593668723
3,5,0.20,0.877573613824295
3,5,0.25,0.9086538380977709
3,5,0.30,0.9395793577424041
3,5,0.35,0.9517943920793084
3,5,0.40,0.8091743469533703
3,5,0.45,0.9606838069612124
3,5,0.50,0.9253752485639866
3,5,0.55,0.9877790431309094
3,5,0.60,0.9788001028062022
3,5,0.65,0.9830251080828943
3,5,0.70,0.9778094554216517
3,5,0.75,0.9490642673124632
3,5,0.80,0.9470659816688473
3,5,0.85,0.9937670935548192
3,5,0.90,0.9922391103105386
3,5,0.95,0.9921086934135297
3,6,0.05,0.09742881431679706
3,6,0.10,0.69667762294713
3,6,0.15,0.792804868118858
3,6,0.20,0.9644166411968507
3,6,0.25,0.8112747712788104
3,6,0.30,0.8932404424647074
3,6,0.35,0.9261725922920353
3,6,0.40,0.9279524711296875
3,6,0.45,0.9652897760977479
3,6,0.50,0.9563270860709469
3,6,0.55,0.9622539500649772
3,6,0.60,0.9858903204108884
3,6,0.65,0.97083189734181
3,6,0.70,0.9919764089021864
3,6,0.75,0.9803151480861511
3,6,0.80,0.992825969933317
3,6,0.85,0.9898151974184396
3,6,0.90,0.9959569556069808
3,6,0.95,0.9941961388356526
3,7,0.05,0.36831719338966473
3,7,0.10,0.6128715913019277
3,7,0.15,0.8608154458003041
3,7,0.20,0.8694672221374113
3,7,0.25,0.9241599089657389
3,7,0.30,0.8485339022644625
3,7,0.35,0.9644849372390867
3,7,0.40,0.9202977678351444
3,7,0.45,0.939749666730274
3,7,0.50,0.9663215944389725
3,7,0.55,0.9631202383337177
3,7,0.60,0.9846401538627859
3,7,0.65,0.9834063150925051
3,7,0.70,0.9811470944051149
3,7,0.75,0.9900065590759831
3,7,0.80,0.989366533186479
3,7,0.85,0.9958404184374384
3,7,0.90,0.992896407988527
3,7,0.95,0.9893822467691986
3,8,0.05,0.7667135309407636
3,8,0.10,0.8807975519974154
3,8,0.15,0.7174319430345533
3,8,0.20,0.8810606810712682
3,8,0.25,0.691434898640658
3,8,0.30,0.8156895322857038
3,8,0.35,0.9641113048240307
3,8,0.40,0.9679502273514053
3,8,0.45,0.9801326493964934
3,8,0.50,0.9819856150767237
3,8,0.55,0.9826274770524425
3,8,0.60,0.9332004666524595
3,8,0.65,0.9685198170309772
3,8,0.70,0.9863577922523352
3,8,0.75,0.9893787070262151
3,8,0.80,0.9917415923512294
3,8,0.85,0.987474020695623
3,8,0.90,0.9695022870416635
3,8,0.95,0.9943540012089433
3,9,0.05,0.5483271999596746
3,9,0.10,0.7862210957522359
3,9,0.15,0.9532653756621796
3,9,0.20,0.8396373854529521
3,9,0.25,0.9326109419639067
3,9,0.30,0.9341268282190587
3,9,0.35,0.9428949403075828
3,9,0.40,0.9777187878795857
3,9,0.45,0.9582997233295326
3,9,0.50,0.9743455943593725
3,9,0.55,0.9372152175210768
3,9,0.60,0.9858610901771772
3,9,0.65,0.9914028374552131
3,9,0.70,0.9952337692378947
3,9,0.75,0.9914932694964224
3,9,0.80,0.9861264348877496
3,9,0.85,0.9914869549331099
3,9,0.90,0.9739237771199756
3,9,0.95,0.9894087667315272
4,0,0.05,0.17195318877590982
4,0,0.10,0.3850406132605675
4,0,0.15,0.9340715767425106
4,0,0.20,0.9310072785467929
4,0,0.25,0.8902665637287963
4,0,0.30,0.8766608097512475
4,0,0.35,0.8868592736966838
4,0,0.40,0.6509596949114989
4,0,0.45,0.9716204160094777
4,0,0.50,0.9726417662805998
4,0,0.55,0.9854429929434528
4,0,0.60,0.9764170230940373
4,0,0.65,0.9869047775057853
4,0,0.70,0.9878115251476542
4,0,0.75,0.989278101317774
4,0,0.80,0.995127029077823
4,0,0.85,0.9896516374279418
4,0,0.90,0.9922239557790857
4,0,0.95,0.9890309131070442
4,1,0.05,0.00423099143495731
4,1,0.10,0.49032566761206653
4,1,0.15,0.40540533270880375
4,1,0.20,0.862331500554319
4,1,0.25,0.9072897713568243
4,1,0.30,0.8160539550482725
4,1,0.35,0.9568784182211431
4,1,0.40,0.9453860927356958
4,1,0.45,0.9450107257566351
4,1,0.50,0.9223338542903775
4,1,0.55,0.9757948308459817
4,1,0.60,0.9711199500031982
4,1,0.65,0.9808914860035404
4,1,0.70,0.9896383253317398
4,1,0.75,0.9928863077070127
4,1,0.80,0.9891431499387177
4,1,0.85,0.9854464435350443
4,1,0.90,0.9933833116353938
4,1,0.95,0.99527081751806
4,2,0.05,0.5150594478870888
4,2,0.10,0.6866289056696201
4,2,0.15,0.898539247654322
4,2,0.20,0.8099625445796754
4,2,0.25,0.7611457963319233
4,2,0.30,0.933791174914559
4,2,0.35,0.9253321038495055
4,2,0.40,0.9602377939639722
4,2,0.45,0.9827998018706159
4,2,0.50,0.9786662557883448
4,2,0.55,0.9828304850907988
4,2,0.60,0.9795202595340874
4,2,0.65,0.9803670875817713
4,2,0.70,0.9896558703244346
4,2,0.75,0.9882185332100023
4,2,0.80,0.9769597574989842
4,2,0.85,0.9888695554315522
4,2,0.90,0.9836969993377992
4,2,0.95,0.994890861012529
4,3,0.05,0.3019037845840906
4,3,0.10,0.7992454698702486
4,3,0.15,0.6896133384043439
4,3,0.20,0.8925705871158474
4,3,0.25,0.932996088325199
4,3,0.30,0.9165731674029429
4,3,0.35,0.9379845730071878
4,3,0.40,0.9599553246676344
4,3,0.45,0.9605688380691788
4,3,0.50,0.9834733447777028
4,3,0.55,0.9820655955578272
4,3,0.60,0.9706261048905838
4,3,0.65,0.9804531170442062
4,3,0.70,0.9916582904487061
4,3,0.75,0.9889011784549968
4,3,0.80,0.9939176527378893
4,3,0.85,0.9937160163098925
4,3,0.90,0.9913338359911559
4,3,0.95,0.994227859760924
4,4,0.05,-0.12117932092915606
4,4,0.10,0.6487996473702051
4,4,0.15,0.6316780142514633
4,4,0.20,0.914889626671007
4,4,0.25,0.8725586102065686
4,4,0.30,0.918176218389898
4,4,0.35,0.9518680083139092
4,4,0.40,0.9196912115272812
4,4,0.45,0.9580066313981611
4,4,0.50,0.9887783439843958
4,4,0.55,0.967089407903132
4,4,0.60,0.980555392451893
4,4,0.65,0.981817750080496
4,4,0.70,0.9849074958568517
4,4,0.75,0.981493251286719
4,4,0.80,0.9931592569042
4,4,0.85,0.9920683159092214
4,4,0.90,0.9932630148951769
4,4,0.95,0.995794719121833
4,5,0.05,0.39000279036589036
4,5,0.10,0.8878350763244334
4,5,0.15,0.8774011811932304
4,5,0.20,0.8339842655650302
4,5,0.25,0.8812183150337642
4,5,0.30,0.868073582234238
4,5,0.35,0.976607154028586
4,5,0.40,0.9467793484611478
4,5,0.45,0.8731211113745901
4,5,0.50,0.9690393823719883
4,5,0.55,0.9864391697638221
4,5,0.60,0.9798061868622043
4,5,0.65,0.9905608570118937
4,5,0.70,0.9876628174253091
4,5,0.75,0.9933253310501668
4,5,0.80,0.9949325370197662
4,5,0.85,0.991672280282109
4,5,0.90,0.9948964293375613
4,5,0.95,0.9874799727668856
4,6,0.05,0.3734944065013157
4,6,0.10,0.9556051427671656
4,6,0.15,0.8297053948475701
4,6,0.20,0.8541422771038305
4,6,0.25,0.8639899365545168
4,6,0.30,0.892078932710177
4,6,0.35,0.9608242972644818
4,6,0.40,0.9322346809619582
4,6,0.45,0.9539350107834591
4,6,0.50,0.958473072603006
4,6,0.55,0.9679239877192627
4,6,0.60,0.9849100309851938
4,6,0.65,0.9812113306831581
4,6,0.70,0.9881305579571596
4,6,0.75,0.9948891502736356
4,6,0.80,0.9946082738882952
4,6,0.85,0.9953780170072054
4,6,0.90,0.984743880344504
4,6,0.95,0.9933467696836387
4,7,0.05,-2.035925793321636
4,7,0.10,0.11872737374968723
4,7,0.15,0.9263699454962824
4,7,0.20,0.6823994687977759
4,7,0.25,0.9147878018082525
4,7,0.30,0.912807237048393
4,7,0.35,0.9849060036155868
4,7,0.40,0.9751489317463988
4,7,0.45,0.9799620515814109
4,7,0.50,0.9763199148755654
4,7,0.55,0.9555259432399366
4,7,0.60,0.9891903944114433
4,7,0.65,0.9851432846041754
4,7,0.70,0.9927196451561756
4,7,0.75,0.9208669042754021
4,7,0.80,0.9874632105131294
4,7,0.85,0.9963351786322199
4,7,0.90,0.9901992006713657
4,7,0.95,0.9911180468996971
4,8,0.05,0.31805006303818995
4,8,0.10,0.9111247182057278
4,8,0.15,0.46640779791544595
4,8,0.20,0.8078875199150064
4,8,0.25,0.9059812824755091
4,8,0.30,0.7295357404054399
4,8,0.35,0.9515483727692327
4,8,0.40,0.9845682313984719
4,8,0.45,0.9796919240413522
4,8,0.50,0.9827945227003086
4,8,0.55,0.9604287322304735
4,8,0.60,0.9931539644160271
4,8,0.65,0.980112811880141
4,8,0.70,0.9737237857596913
4,8,0.75,0.9939385107381457
4,8,0.80,0.9895206759357578
4,8,0.85,0.9944867826133016
4,8,0.90,0.994550596867702
4,8,0.95,0.9938600490195796
4,9,0.05,0.4254244290765137
4,9,0.10,0.8266497317333992
4,9,0.15,0.657738288676361
4,9,0.20,0.7531393013008683
4,9,0.25,0.7306593270440789
4,9,0.30,0.7985524415574815
4,9,0.35,0.9594223570506751
4,9,0.40,0.980646022623586
4,9,0.45,0.9647487377346229
4,9,0.50,0.9672210927150694
4,9,0.55,0.9744837379934029
4,9,0.60,0.9885185313874251
4,9,0.65,0.9857999250808969
4,9,0.70,0.9738863272860484
4,9,0.75,0.9901842626394282
4,9,0.80,0.9937884588349034
4,9,0.85,0.9912020782407247
4,9,0.90,0.9938480553902997
4,9,0.95,0.9949975325034093
5,0,0.05,0.7831654629894726
5,0,0.10,0.4781501678519643
5,0,0.15,0.573900993716286
5,0,0.20,0.8807327238108569
5,0,0.25,0.9331302047466331
5,0,0.30,0.820012562929851
5,0,0.35,0.8751461772428479
5,0,0.40,0.8218312132266479
5,0,0.45,0.8919703451385379
5,0,0.50,0.9735764978674487
5,0,0.55,0.9840593240948511
5,0,0.60,0.9846201434553202
5,0,0.65,0.9852933239974241
5,0,0.70,0.98912122226874
5,0,0.75,0.9903419333718306
5,0,0.80,0.994276459452061
5,0,0.85,0.9848539308102422
5,0,0.90,0.9909548642085309
5,0,0.95,0.994769085190493
5,1,0.05,0.6929429984545556
5,1,0.10,0.648904381376666
5,1,0.15,0.8945571983057953
5,1,0.20,0.9056996988493816
5,1,0.25,0.9564533315910136
5,1,0.30,0.9583568953222118
5,1,0.35,0.8490207627726741
5,1,0.40,0.9019647620590497
5,1,0.45,0.9710571940429151
5,1,0.50,0.9767189637487592
5,1,0.55,0.9806945218058135
5,1,0.60,0.9697318387221195
5,1,0.65,0.9929296998718534
5,1,0.70,0.9933228630064223
5,1,0.75,0.9944060238673115
5,1,0.80,0.9896247798514674
5,1,0.85,0.9940560983725794
5,1,0.90,0.993365944980526
5,1,0.95,0.9958646668298422
5,2,0.05,0.5820426899271527
5,2,0.10,0.5061741363768517
5,2,0.15,0.8253704758534828
5,2,0.20,0.9464276191729118
5,2,0.25,0.9283462643475819
5,2,0.30,0.9674785255234286
5,2,0.35,0.9129227918915386
5,2,0.40,0.9213808553226341
5,2,0.45,0.9320521286082994
5,2,0.50,0.9215188774209311
5,2,0.55,0.984498535451391
5,2,0.60,0.9834679021052025
5,2,0.65,0.9891235038338437
5,2,0.70,0.9782137949602988
5,2,0.75,0.9741484931879056
5,2,0.80,0.9920566870806221
5,2,0.85,0.9943327861585981
5,2,0.90,0.9915937883159873
5,2,0.95,0.9965853079145887
5,3,0.05,0.8044016257510682
5,3,0.10,0.616543347170516
5,3,0.15,0.1842719813695639
5,3,0.20,0.912796774660895
5,3,0.25,0.9205036186074949
5,3,0.30,0.9128142514218878
5,3,0.35,0.9676248893757557
5,3,0.40,0.926292310831431
5,3,0.45,0.983636411596621
5,3,0.50,0.9081292019852599
5,3,0.55,0.9640033600105395
5,3,0.60,0.9824355038146155
5,3,0.65,0.9793776300036063
5,3,0.70,0.9915895684328679
5,3,0.75,0.9642375208727557
5,3,0.80,0.98950879237657
5,3,0.85,0.9931376394677018
5,3,0.90,0.9890762131996368
5,3,0.95,0.9970846963213351
5,4,0.05,0.71378040812036
5,4,0.10,-0.03751341413843989
5,4,0.15,0.7106362020754436
5,4,0.20,0.9298444339654822
5,4,0.25,0.8618424794959584
5,4,0.30,0.8943305668378643
5,4,0.35,0.9722930064273907
5,4,0.40,0.9449701507036495
5,4,0.45,0.9730634147814579
5,4,0.50,0.950451804733652
5,4,0.55,0.9845093120099689
5,4,0.60,0.9877110845929403
5,4,0.65,0.9860493061895942
5,4,0.70,0.9792044546519383
5,4,0.75,0.987404525368772
5,4,0.80,0.9947433664715596
5,4,0.85,0.9958807700925991
5,4,0.90,0.995265660426957
5,4,0.95,0.9950415714696664
5,5,0.05,0.8095208442951494
5,5,0.10,0.851605929067931
5,5,0.15,0.8974066467570725
5,5,0.20,0.934590215106485
5,5,0.25,0.8048950593903361
5,5,0.30,0.7891296522279779
5,5,0.35,0.7606193109243162
5,5,0.40,0.9676537540950114
5,5,0.45,0.9633494391185723
5,5,0.50,0.9715435127524032
5,5,0.55,0.9796080371943251
5,5,0.60,0.985827148780478
5,5,0.65,0.9830180926188629
5,5,0.70,0.9830791528981724
5,5,0.75,0.996014529158771
5,5,0.80,0.9935969734561582
5,5,0.85,0.9900030865384075
5,5,0.90,0.9961222801836742
5,5,0.95,0.9947018455808567
5,6,0.05,0.7224817608718067
5,6,0.10,-0.6862062261593014
5,6,0.15,0.6995448889894669
5,6,0.20,0.6473521945552337
5,6,0.25,0.9577016980844192
5,6,0.30,0.9578890611902431
5,6,0.35,0.8938501409544418
5,6,0.40,0.9754723802971982
5,6,0.45,0.9267505323123696
5,6,0.50,0.8638033019305434
5,6,0.55,0.9389595530754574
5,6,0.60,0.9844707602010385
5,6,0.65,0.9860628572007597
5,6,0.70,0.9726971043204982
5,6,0.75,0.9767192152836859
5,6,0.80,0.993294681490665
5,6,0.85,0.9888071479190393
5,6,0.90,0.9950161230211577
5,6,0.95,0.9932952501616291
5,7,0.05,0.6451740125453866
5,7,0.10,0.39317415964094526
5,7,0.15,0.7385264188134757
5,7,0.20,0.7509293272107307
5,7,0.25,0.8939476705639708
5,7,0.30,0.8873534457118124
5,7,0.35,0.9548873860418211
5,7,0.40,0.8556178449333265
5,7,0.45,0.9718664067208282
5,7,0.50,0.9665226256952012
5,7,0.55,0.9835928538465726
5,7,0.60,0.9883244816273251
5,7,0.65,0.9758055843120456
5,7,0.70,0.9796297932242406
5,7,0.75,0.9909448572934054
5,7,0.80,0.9798418431016724
5,7,0.85,0.9809305761403767
5,7,0.90,0.9874258437368235
5,7,0.95,0.9910498008952154
5,8,0.05,0.819736199930557
5,8,0.10,0.3689358947627387
5,8,0.15,0.9116203267472182
5,8,0.20,0.8633220880544421
5,8,0.25,0.9769200423123767
5,8,0.30,0.978196264218299
5,8,0.35,0.9088240518954874
5,8,0.40,0.8377345450992124
5,8,0.45,0.9464590818198273
5,8,0.50,0.9435826785138003
5,8,0.55,0.9906131345204153
5,8,0.60,0.9805948164649654
5,8,0.65,0.9901165269877721
5,8,0.70,0.9933271081174225
5,8,0.75,0.988272579946286
5,8,0.80,0.9874097927216767
5,8,0.85,0.9883168419299581
5,8,0.90,0.9954675667605516
5,8,0.95,0.9955203592137081
5,9,0.05,0.6996994335441964
5,9,0.10,0.6971339084277928
5,9,0.15,0.9344019062487859
5,9,0.20,0.90720208619319
5,9,0.25,0.9353109824716165
5,9,0.30,0.9169288100739692
5,9,0.35,0.9231757139522363
5,9,0.40,0.9285670194815951
5,9,0.45,0.9738112112558325
5,9,0.50,0.9699026208432736
5,9,0.55,0.9744083367024895
5,9,0.60,0.9793351168236314
5,9,0.65,0.9904582386052869
5,9,0.70,0.972595920821102
5,9,0.75,0.9887379249431215
5,9,0.80,0.9897552628832833
5,9,0.85,0.9843476067951618
5,9,0.90,0.9948083163077784
5,9,0.95,0.9952536192353971
6,0,0.05,0.5661572632592498
6,0,0.10,0.3244137838961093
6,0,0.15,0.8715868268136252
6,0,0.20,0.8490511097544343
6,0,0.25,0.6675029718938508
6,0,0.30,0.7948494663288752
6,0,0.35,0.9268796757467169
6,0,0.40,0.9325366903061715
6,0,0.45,0.9614249161817412
6,0,0.50,0.9840049940109785
6,0,0.55,0.9670744777428747
6,0,0.60,0.9556126346671499
6,0,0.65,0.9810171035848217
6,0,0.70,0.9880896715385682
6,0,0.75,0.9877196831152338
6,0,0.80,0.9708863540320789
6,0,0.85,0.9970826303927949
6,0,0.90,0.9920346297523062
6,0,0.95,0.9940125581546746
6,1,0.05,0.8096229933990564
6,1,0.10,0.7226307636895326
6,1,0.15,0.3038981168705923
6,1,0.20,0.73230605714023
6,1,0.25,0.9521775952280959
6,1,0.30,0.8170430251261818
6,1,0.35,0.814900006686459
6,1,0.40,0.7283977645029387
6,1,0.45,0.9409522972165176
6,1,0.50,0.9219432641231455
6,1,0.55,0.9778768611903257
6,1,0.60,0.9712603775957979
6,1,0.65,0.9856740268499342
6,1,0.70,0.9823447470478182
6,1,0.75,0.9608558707764966
6,1,0.80,0.9943499992080818
6,1,0.85,0.9910292892468809
6,1,0.90,0.9942619764046859
6,1,0.95,0.9974132332760086
6,2,0.05,0.6756563660564237
6,2,0.10,0.314478492040144
6,2,0.15,0.9113272441241744
6,2,0.20,0.7089053830070713
6,2,0.25,0.8859205962900052
6,2,0.30,0.9267912792472554
6,2,0.35,0.8871170308027343
6,2,0.40,0.9896978131540353
6,2,0.45,0.9724188909048211
6,2,0.50,0.9782494716143886
6,2,0.55,0.9633476903826772
6,2,0.60,0.9621432997777619
6,2,0.65,0.9690942936819622
6,2,0.70,0.9766825097389099
6,2,0.75,0.9910729270567541
6,2,0.80,0.9760794276866881
6,2,0.85,0.9949738888449471
6,2,0.90,0.9912371904839745
6,2,0.95,0.9964472202730421
6,3,0.05,0.8160099341120278
6,3,0.10,0.7824800935298024
6,3,0.15,0.3031438561439509
6,3,0.20,0.804197073145295
6,3,0.25,0.915271367283476
6,3,0.30,0.893705946577771
6,3,0.35,0.9545194182727662
6,3,0.40,0.9844888324240586
6,3,0.45,0.8906944025250779
6,3,0.50,0.9039509499509389
6,3,0.55,0.9252666164479607
6,3,0.60,0.9492820219077178
6,3,0.65,0.9918160293576416
6,3,0.70,0.9843467418962208
6,3,0.75,0.9565467906281377
6,3,0.80,0.9905108251656302
6,3,0.85,0.9849752803739178
6,3,0.90,0.9949085131410299
6,3,0.95,0.9913980665310296
6,4,0.05,0.8858627581958368
6,4,0.10,-0.3338600741591762
6,4,0.15,0.3439484167369218
6,4,0.20,0.5344685379729877
6,4,0.25,0.8898089729067066
6,4,0.30,0.9060036532848462
6,4,0.35,0.8835564291836848
6,4,0.40,0.9631440396474905
6,4,0.45,0.8520809064307895
6,4,0.50,0.9780273183875706
6,4,0.55,0.9518317608463743
6,4,0.60,0.9700216227830919
6,4,0.65,0.9847860484265594
6,4,0.70,0.9906491030278041
6,4,0.75,0.9558688883274875
6,4,0.80,0.9945279065235388
6,4,0.85,0.9942236761675988
6,4,0.90,0.9949525779166928
6,4,0.95,0.9961385582392188
6,5,0.05,0.7774010775624036
6,5,0.10,0.4237538424813029
6,5,0.15,0.7520797554399867
6,5,0.20,0.6499253412679579
6,5,0.25,0.8647166229701321
6,5,0.30,0.9681931139633606
6,5,0.35,0.9791517859761292
6,5,0.40,0.951953398274758
6,5,0.45,0.9692729986491921
6,5,0.50,0.9700859108466131
6,5,0.55,0.8673226443281878
6,5,0.60,0.9618511001760576
6,5,0.65,0.8791481688185486
6,5,0.70,0.9657707379616268
6,5,0.75,0.992482521770191
6,5,0.80,0.9906893848439189
6,5,0.85,0.9890432049031451
6,5,0.90,0.9937965713319049
6,5,0.95,0.993114581794257
6,6,0.05,0.8852486058825622
6,6,0.10,0.5425089613091773
6,6,0.15,0.9619612041739115
6,6,0.20,0.7899211009817365
6,6,0.25,0.8607967822542307
6,6,0.30,0.8655851591621736
6,6,0.35,0.8758054082758577
6,6,0.40,0.8775774549300926
6,6,0.45,0.8996014637264045
6,6,0.50,0.9770227001239461
6,6,0.55,0.9763913150818069
6,6,0.60,0.9627380037800246
6,6,0.65,0.9622065385752733
6,6,0.70,0.9867940693154237
6,6,0.75,0.9813630701157122
6,6,0.80,0.993922428401182
6,6,0.85,0.9932622551854903
6,6,0.90,0.9820167164862348
6,6,0.95,0.9955538555122352
6,7,0.05,0.4637740430056211
6,7,0.10,0.13536462456469467
6,7,0.15,0.3541123711532266
6,7,0.20,0.8992794542271904
6,7,0.25,0.6660731101114378
6,7,0.30,0.8837189654340828
6,7,0.35,0.9803146746918228
6,7,0.40,0.9483627941919552
6,7,0.45,0.8863718204337844
6,7,0.50,0.9621723359536594
6,7,0.55,0.8917712446383792
6,7,0.60,0.9135784665710391
6,7,0.65,0.9923908270062979
6,7,0.70,0.9930806599772015
6,7,0.75,0.9917745491002138
6,7,0.80,0.9887927983115467
6,7,0.85,0.99354631879091
6,7,0.90,0.9952829112661987
6,7,0.95,0.9965082004196177
6,8,0.05,0.79109950864955
6,8,0.10,0.7266315800626182
6,8,0.15,0.7953863150427569
6,8,0.20,0.8915554898882454
6,8,0.25,0.7040817231111317
6,8,0.30,0.9410500281692281
6,8,0.35,0.961864229347164
6,8,0.40,0.7290355366233149
6,8,0.45,0.9638626011526776
6,8,0.50,0.9905786551113204
6,8,0.55,0.9914744550732311
6,8,0.60,0.9806698517986357
6,8,0.65,0.9688817498347734
6,8,0.70,0.9813574412015555
6,8,0.75,0.9765359429612436
6,8,0.80,0.9648098325352654
6,8,0.85,0.9951819166315867
6,8,0.90,0.9944401560967175
6,8,0.95,0.9944253345348043
6,9,0.05,0.10265013819580326
6,9,0.10,0.8960519044146514
6,9,0.15,0.860881378810638
6,9,0.20,0.8067458017734549
6,9,0.25,0.7253042483591713
6,9,0.30,0.827962612720873
6,9,0.35,0.9509362805269411
6,9,0.40,0.9144655906434203
6,9,0.45,0.9866963189766187
6,9,0.50,0.9160645944720395
6,9,0.55,0.944653171964328
6,9,0.60,0.9073651468595292
6,9,0.65,0.9483858434187563
6,9,0.70,0.9895577930570919
6,9,0.75,0.9930268462048479
6,9,0.80,0.9868583833927963
6,9,0.85,0.9889599892963507
6,9,0.90,0.9885149490185449
6,9,0.95,0.9951160377432712
7,0,0.05,0.40566167727362934
7,0,0.10,0.7753034457281067
7,0,0.15,0.8784099386859222
7,0,0.20,0.9479420145390948
7,0,0.25,0.900947932802185
7,0,0.30,0.8357396348921162
7,0,0.35,0.98775769756123
7,0,0.40,0.9528461530801682
7,0,0.45,0.986277946594027
7,0,0.50,0.9817168975770738
7,0,0.55,0.9852785406494733
7,0,0.60,0.9749558623251283
7,0,0.65,0.9941072026354363
7,0,0.70,0.9928039304710745
7,0,0.75,0.9921240824243988
7,0,0.80,0.987984846264006
7,0,0.85,0.9959120631339617
7,0,0.90,0.9941837547409726
7,0,0.95,0.9944022818068706
7,1,0.05,0.587666041589913
7,1,0.10,0.7878879789979123
7,1,0.15,0.9269201617289431
7,1,0.20,0.8238721976959804
7,1,0.25,0.9595140915283805
7,1,0.30,0.927348623305307
7,1,0.35,0.9737840589573643
7,1,0.40,0.9667362027642853
7,1,0.45,0.9395423925862137
7,1,0.50,0.9831278264199973
7,1,0.55,0.983823071204091
7,1,0.60,0.9858111802861372
7,1,0.65,0.990963312977871
7,1,0.70,0.9891401111502921
7,1,0.75,0.9944063090934179
7,1,0.80,0.9788352745974512
7,1,0.85,0.994332842954727
7,1,0.90,0.9917589783124112
7,1,0.95,0.9960862665980357
7,2,0.05,0.6540783454492309
7,2,0.10,0.7484580571035708
7,2,0.15,0.9413091785033799
7,2,0.20,0.9554200328368136
7,2,0.25,0.8677210697678922
7,2,0.30,0.9123791258947729
7,2,0.35,0.9515629782552293
7,2,0.40,0.9574655097600013
7,2,0.45,0.9726547492956927
7,2,0.50,0.9838703139157817
7,2,0.55,0.9538622708145121
7,2,0.60,0.992468255750188
7,2,0.65,0.9663993848101955
7,2,0.70,0.9819607965221947
7,2,0.75,0.9896781870390926
7,2,0.80,0.9886331121033061
7,2,0.85,0.9942272581285201
7,2,0.90,0.994986476929697
7,2,0.95,0.9919717639666803
7,3,0.05,0.8469776216799962
7,3,0.10,0.6617474546663172
7,3,0.15,0.9254534094583516
7,3,0.20,0.8717383389244054
7,3,0.25,0.812543890343311
7,3,0.30,0.9418989808606075
7,3,0.35,0.9873163472188453
7,3,0.40,0.9753939346177214
7,3,0.45,0.9590552581309676
7,3,0.50,0.9879673992467846
7,3,0.55,0.9882134727783539
7,3,0.60,0.9844387531352988
7,3,0.65,0.9834507310021247
7,3,0.70,0.9873783425485393
7,3,0.75,0.9942069490856826
7,3,0.80,0.9946087648784696
7,3,0.85,0.9958708028745756
7,3,0.90,0.9936357219630669
7,3,0.95,0.9947509534913983
7,4,0.05,0.4762084129120555
7,4,0.10,0.4571149594448678
7,4,0.15,0.9235330174766148
7,4,0.20,0.9484051537006363
7,4,0.25,0.9482527546612286
7,4,0.30,0.95026780374999
7,4,0.35,0.9666030356053402
7,4,0.40,0.930003301122368
7,4,0.45,0.9784677829175812
7,4,0.50,0.9834190336571011
7,4,0.55,0.9664757420837629
7,4,0.60,0.9675364573077392
7,4,0.65,0.9903978018936789
7,4,0.70,0.9912657442548
7,4,0.75,0.9938801214404379
7,4,0.80,0.9921413312377254
7,4,0.85,0.9928098858583029
7,4,0.90,0.9917314447282464
7,4,0.95,0.9944296838365967
7,5,0.05,0.5120579145262063
7,5,0.10,0.24206003984734326
7,5,0.15,0.812226270223096
7,5,0.20,0.92187914784517
7,5,0.25,0.9162282152834823
7,5,0.30,0.8888649412828583
7,5,0.35,0.942417362240186
7,5,0.40,0.9577119454094135
7,5,0.45,0.9705639028710977
7,5,0.50,0.9796904933936283
7,5,0.55,0.9837642763925826
7,5,0.60,0.9831123840272717
7,5,0.65,0.9884921579308528
7,5,0.70,0.986741671794316
7,5,0.75,0.9813819507678379
7,5,0.80,0.9915950150549051
7,5,0.85,0.9811764445641217
7,5,0.90,0.9936906781031165
7,5,0.95,0.9953937616244016
7,6,0.05,0.47972248745637636
7,6,0.10,0.6649520924798618
7,6,0.15,0.8964590405383157
7,6,0.20,0.9482685776019112
7,6,0.25,0.763391737764333
7,6,0.30,0.9151084675669579
7,6,0.35,0.9386061436504242
7,6,0.40,0.9643036110258502
7,6,0.45,0.963134457126157
7,6,0.50,0.9656163803126792
7,6,0.55,0.9889430196232035
7,6,0.60,0.9904047771026969
7,6,0.65,0.9901801271853548
7,6,0.70,0.9903424249706002
7,6,0.75,0.9858978921020345
7,6,0.80,0.9868611975526577
7,6,0.85,0.9855537146186459
7,6,0.90,0.994238271337966
7,6,0.95,0.9950878215296686
7,7,0.05,0.38465295817454437
7,7,0.10,0.9270520358902212
7,7,0.15,0.7716653310903178
7,7,0.20,0.9375753612604658
7,7,0.25,0.9530995361185268
7,7,0.30,0.9236864740612538
7,7,0.35,0.9680456241247211
7,7,0.40,0.9786319569326221
7,7,0.45,0.9576952367413016
7,7,0.50,0.9888975133012404
7,7,0.55,0.9887444824584175
7,7,0.60,0.9800136664488497
7,7,0.65,0.9887783199804606
7,7,0.70,0.9874647365183963
7,7,0.75,0.9920138095150594
7,7,0.80,0.9885328926413874
7,7,0.85,0.9902241405723239
7,7,0.90,0.9864061428399816
7,7,0.95,0.9945546523676341
7,8,0.05,0.7612716805892144
7,8,0.10,0.7128893404622506
7,8,0.15,0.7016249190812534
7,8,0.20,0.9478626501598303
7,8,0.25,0.9356852743839128
7,8,0.30,0.9711367302586246
7,8,0.35,0.9006219011975016
7,8,0.40,0.9788664175072089
7,8,0.45,0.9875851680485781
7,8,0.50,0.9705390581821154
7,8,0.55,0.9875377705058568
7,8,0.60,0.9870422794723827
7,8,0.65,0.9902075127343737
7,8,0.70,0.993131612471867
7,8,0.75,0.9897691817496067
7,8,0.80,0.9892446215983294
7,8,0.85,0.9928844895449249
7,8,0.90,0.9855047181845941
7,8,0.95,0.9957482544992802
7,9,0.05,0.8696224165614784
7,9,0.10,0.7505879032069445
7,9,0.15,0.9218363959383556
7,9,0.20,0.890389145928003
7,9,0.25,0.9348310468035105
7,9,0.30,0.9382829364094013
7,9,0.35,0.9258587789291749
7,9,0.40,0.9544120378709813
7,9,0.45,0.9822624216923335
7,9,0.50,0.9786604054549902
7,9,0.55,0.9707661638400816
7,9,0.60,0.9888233848050356
7,9,0.65,0.9865669737726163
7,9,0.70,0.9852906239606781
7,9,0.75,0.9870744773222996
7,9,0.80,0.9932854949811024
7,9,0.85,0.9922856618439608
7,9,0.90,0.9914447448094101
7,9,0.95,0.9968095728977594
8,0,0.05,0.8563821319387489
8,0,0.10,0.8200389102540229
8,0,0.15,0.8255949072303714
8,0,0.20,0.939760306126211
8,0,0.25,0.7998037511089833
8,0,0.30,0.8565141630127044
8,0,0.35,0.9543994836919548
8,0,0.40,0.942840735711848
8,0,0.45,0.9642676853330446
8,0,0.50,0.9325528021367426
8,0,0.55,0.958194475567166
8,0,0.60,0.8911635612570428
8,0,0.65,0.982113556953595
8,0,0.70,0.9892998598392512
8,0,0.75,0.9897153725107073
8,0,0.80,0.9916793681226572
8,0,0.85,0.9933663108373322
8,0,0.90,0.993990540838602
8,0,0.95,0.9947527898918826
8,1,0.05,0.7363037740807505
8,1,0.10,0.6492452756193527
8,1,0.15,0.7489803756376879
8,1,0.20,0.8782183467502993
8,1,0.25,0.9869978898814279
8,1,0.30,0.9678890793310915
8,1,0.35,0.8754811135478934
8,1,0.40,0.8675261216744724
8,1,0.45,0.9802411274219135
8,1,0.50,0.9810306570215013
8,1,0.55,0.9582662740430616
8,1,0.60,0.9842251829816238
8,1,0.65,0.9744018802874547
8,1,0.70,0.9907722071488049
8,1,0.75,0.9820591583910482
8,1,0.80,0.992771813584895
8,1,0.85,0.9935814752537167
8,1,0.90,0.9949299841095491
8,1,0.95,0.9926326764423647
8,2,0.05,0.7910741657418588
8,2,0.10,0.7790474910691679
8,2,0.15,0.757922508683517
8,2,0.20,0.8992945778306294
8,2,0.25,0.9529689351634903
8,2,0.30,0.8682515492639327
8,2,0.35,0.952945071566774
8,2,0.40,0.933435760646631
8,2,0.45,0.9435813554956288
8,2,0.50,0.9398730866498892
8,2,0.55,0.9516885533678693
8,2,0.60,0.9887764336541082
8,2,0.65,0.9728349237294188
8,2,0.70,0.9753278603718099
8,2,0.75,0.9895389994490694
8,2,0.80,0.9957894132289772
8,2,0.85,0.9917624037698793
8,2,0.90,0.9923766325739325
8,2,0.95,0.9941297262527783
8,3,0.05,-0.6070090604905081
8,3,0.10,0.2757138520200366
8,3,0.15,0.6946158128208559
8,3,0.20,0.9521587144618276
8,3,0.25,0.9139035692092589
8,3,0.30,0.9125493130341296
8,3,0.35,0.9748701162319171
8,3,0.40,0.9762064350407234
8,3,0.45,0.9700835957580017
8,3,0.50,0.982891304698029
8,3,0.55,0.9193056064050619
8,3,0.60,0.9855691920612879
8,3,0.65,0.9588988644087133
8,3,0.70,0.9788179613733761
8,3,0.75,0.9875440738174012
8,3,0.80,0.9902026024941227
8,3,0.85,0.9929399114022427
8,3,0.90,0.9952575075732465
8,3,0.95,0.9943869225319246
8,4,0.05,0.8124540424118438
8,4,0.10,0.685080653682751
8,4,0.15,0.7066379902088833
8,4,0.20,0.938683841137958
8,4,0.25,0.9802359123749096
8,4,0.30,0.9496114732425598
8,4,0.35,0.9193461313612049
8,4,0.40,0.9450606415133579
8,4,0.45,0.9429189056259893
8,4,0.50,0.9251297243683949
8,4,0.55,0.9420815764480067
8,4,0.60,0.9712990058509856
8,4,0.65,0.9712220230659296
8,4,0.70,0.9867402593827129
8,4,0.75,0.9946325678557462
8,4,0.80,0.9857426699269053
8,4,0.85,0.9871609666418778
8,4,0.90,0.9939486788071843
8,4,0.95,0.987340554196055
8,5,0.05,0.9217851651374602
8,5,0.10,0.5997267123599874
8,5,0.15,0.9412171455227609
8,5,0.20,0.8325867031263404
8,5,0.25,0.876882271198076
8,5,0.30,0.7107521807976127
8,5,0.35,0.9496007901049773
8,5,0.40,0.9544387921202819
8,5,0.45,0.9642695795508015
8,5,0.50,0.9731504853163463
8,5,0.55,0.9676997357294552
8,5,0.60,0.9737336814120122
8,5,0.65,0.9806084503786889
8,5,0.70,0.9781537782816659
8,5,0.75,0.9734413437485919
8,5,0.80,0.9937175186570031
8,5,0.85,0.9931762762267601
8,5,0.90,0.9773010861946451
8,5,0.95,0.9949892137372395
8,6,0.05,0.8775984087393294
8,6,0.10,0.7374321317265333
8,6,0.15,0.8281445941708618
8,6,0.20,0.9768997773015429
8,6,0.25,0.9695660576376128
8,6,0.30,0.8899844863560217
8,6,0.35,0.9228038714059189
8,6,0.40,0.9697514223246039
8,6,0.45,0.9727872604731286
8,6,0.50,0.974468844210173
8,6,0.55,0.933200399034198
8,6,0.60,0.9869287119366104
8,6,0.65,0.9954193763080398
8,6,0.70,0.9901720360457208
8,6,0.75,0.9968508592987999
8,6,0.80,0.9845967509907247
8,6,0.85,0.9907766670243899
8,6,0.90,0.9913168101202262
8,6,0.95,0.9956065594249277
8,7,0.05,-0.10955512201746753
8,7,0.10,0.8088194912744502
8,7,0.15,0.6576766915570629
8,7,0.20,0.49008501774035884
8,7,0.25,0.922942740717946
8,7,0.30,0.9333313535382408
8,7,0.35,0.9703187568296244
8,7,0.40,0.9529711238169614
8,7,0.45,0.9770155505713641
8,7,0.50,0.9044204654412036
8,7,0.55,0.9632353500668069
8,7,0.60,0.9564904114562894
8,7,0.65,0.9425086977353834
8,7,0.70,0.9937489561008795
8,7,0.75,0.9863451717150057
8,7,0.80,0.9938390968301932
8,7,0.85,0.9896313726907274
8,7,0.90,0.9957506309329973
8,7,0.95,0.9945327967321379
8,8,0.05,0.8630193615272883
8,8,0.10,0.8305360570911919
8,8,0.15,0.9068694352899647
8,8,0.20,0.8981023963651988
8,8,0.25,0.9514515199900229
8,8,0.30,0.9071557090528304
8,8,0.35,0.9275581248576805
8,8,0.40,0.88129410163343
8,8,0.45,0.9777746386164649
8,8,0.50,0.927860416125219
8,8,0.55,0.9622271311183013
8,8,0.60,0.9841365520089278
8,8,0.65,0.9923564256027126
8,8,0.70,0.9839436752723972
8,8,0.75,0.9924613240117628
8,8,0.80,0.9933702858034348
8,8,0.85,0.9889345698382566
8,8,0.90,0.9962041410018295
8,8,0.95,0.9876876467112762
8,9,0.05,0.9000723499025378
8,9,0.10,0.6062864555223927
8,9,0.15,0.9334982862432611
8,9,0.20,0.8276031713372549
8,9,0.25,0.7390367852515285
8,9,0.30,0.9575784730062844
8,9,0.35,0.9260304830607659
8,9,0.40,0.9746647149326575
8,9,0.45,0.9661120715824129
8,9,0.50,0.9389369083640811
8,9,0.55,0.9818932989629222
8,9,0.60,0.9569081262010742
8,9,0.65,0.9587627015142253
8,9,0.70,0.9874643716231274
8,9,0.75,0.9936693754680612
8,9,0.80,0.990322359479688
8,9,0.85,0.9937454927902069
8,9,0.90,0.9943781621755957
8,9,0.95,0.9972956424013223
9,0,0.05,-0.9321078782704417
9,0,0.10,0.701072903627221
9,0,0.15,0.92360982840315
9,0,0.20,0.7173270335237265
9,0,0.25,0.938963348117919
9,0,0.30,0.8510136158407005
9,0,0.35,0.9657163206414912
9,0,0.40,0.9561851276091841
9,0,0.45,0.9888588517971643
9,0,0.50,0.9253140080841303
9,0,0.55,0.9776967773418869
9,0,0.60,0.9880423423483772
9,0,0.65,0.9791424520504111
9,0,0.70,0.9838556979462245
9,0,0.75,0.9943886357424149
9,0,0.80,0.9914885744286379
9,0,0.85,0.9919373477314447
9,0,0.90,0.99497867315106
9,0,0.95,0.9937529732606222
9,1,0.05,0.6451402909283395
9,1,0.10,0.9170523924860542
9,1,0.15,0.9165743851137049
9,1,0.20,0.8622116344103229
9,1,0.25,0.6797378696861743
9,1,0.30,0.9208686724450915
9,1,0.35,0.9843540102103169
9,1,0.40,0.9777289959572872
9,1,0.45,0.9513405235774625
9,1,0.50,0.9828882898650813
9,1,0.55,0.9835388601867091
9,1,0.60,0.9845427899052952
9,1,0.65,0.9926538981560202
9,1,0.70,0.9849371879207489
9,1,0.75,0.9946017662285607
9,1,0.80,0.9914524159802275
9,1,0.85,0.9963666604631889
9,1,0.90,0.995003532358763
9,1,0.95,0.9964998304133424
9,2,0.05,0.32498580576726654
9,2,0.10,0.4363703542593531
9,2,0.15,0.8640254970861787
9,2,0.20,0.8441368686432767
9,2,0.25,0.8581886094879103
9,2,0.30,0.9644003323006614
9,2,0.35,0.902163690043333
9,2,0.40,0.9131879308250758
9,2,0.45,0.9763834248686464
9,2,0.50,0.9932607629663813
9,2,0.55,0.9780971905883727
9,2,0.60,0.9858022331626026
9,2,0.65,0.9789918937683604
9,2,0.70,0.9899125623426744
9,2,0.75,0.9807902929566703
9,2,0.80,0.9920757459660503
9,2,0.85,0.993146886609573
9,2,0.90,0.9947493890097149
9,2,0.95,0.9971162758678873
9,3,0.05,0.8554552341018518
9,3,0.10,0.18399754740085894
9,3,0.15,0.8980345269528882
9,3,0.20,0.8971436160841871
9,3,0.25,0.8685796528986816
9,3,0.30,0.8694132777503212
9,3,0.35,0.9431951820227277
9,3,0.40,0.9593011982065195
9,3,0.45,0.9767320415233638
9,3,0.50,0.9684519496769352
9,3,0.55,0.9680520887014554
9,3,0.60,0.9835288614379486
9,3,0.65,0.9860517698243451
9,3,0.70,0.9900964189889008
9,3,0.75,0.9799287224980356
9,3,0.80,0.988097798709052
9,3,0.85,0.9938874426479846
9,3,0.90,0.9946329277725506
9,3,0.95,0.9948852069928839
9,4,0.05,0.6570316076620124
9,4,0.10,0.7515366171702762
9,4,0.15,0.7984661420957091
9,4,0.20,0.8862660210287816
9,4,0.25,0.8797999986099864
9,4,0.30,0.9314247633976779
9,4,0.35,0.9367201607640989
9,4,0.40,0.9763154418607559
9,4,0.45,0.9741471839452338
9,4,0.50,0.9813676793098479
9,4,0.55,0.9889888327296303
9,4,0.60,0.9869093677766699
9,4,0.65,0.9886786103587468
9,4,0.70,0.9727556507766645
9,4,0.75,0.9884197019032009
9,4,0.80,0.9861306701350467
9,4,0.85,0.9732649154935986
9,4,0.90,0.989066066287334
9,4,0.95,0.9959020994051462
9,5,0.05,0.8786191250812588
9,5,0.10,0.5868509069100305
9,5,0.15,0.9203225498581054
9,5,0.20,0.7661381076080493
9,5,0.25,0.847215801012337
9,5,0.30,0.883356227987214
9,5,0.35,0.9475732557881651
9,5,0.40,0.9295719586695769
9,5,0.45,0.9676785437759801
9,5,0.50,0.9756931769241417
9,5,0.55,0.988585346844037
9,5,0.60,0.9615784937439014
9,5,0.65,0.9941793715669826
9,5,0.70,0.9913966775124289
9,5,0.75,0.988849487668974
9,5,0.80,0.9838576731343099
9,5,0.85,0.9955507912476174
9,5,0.90,0.9962019191709867
9,5,0.95,0.9963993732848173
9,6,0.05,0.7546771920466027
9,6,0.10,0.12753158544883758
9,6,0.15,0.9100835786304454
9,6,0.20,0.8994611930597626
9,6,0.25,0.8991137284461922
9,6,0.30,0.9447788793509734
9,6,0.35,0.8646337008838458
9,6,0.40,0.9636749747825145
9,6,0.45,0.9796200955804322
9,6,0.50,0.9442815182956993
9,6,0.55,0.9883977673882722
9,6,0.60,0.9713662933126433
9,6,0.65,0.9960207757704849
9,6,0.70,0.9933275057607588
9,6,0.75,0.9932992452996268
9,6,0.80,0.9948796852137157
9,6,0.85,0.9972876375631272
9,6,0.90,0.9948820505984042
9,6,0.95,0.9948785295274731
9,7,0.05,0.7434883310646069
9,7,0.10,0.6075976556307403
9,7,0.15,0.9385706202117776
9,7,0.20,0.9438885627303292
9,7,0.25,0.8982169710624978
9,7,0.30,0.8834042890824516
9,7,0.35,0.8907370317848685
9,7,0.40,0.9454634982270559
9,7,0.45,0.9714460573488523
9,7,0.50,0.9773901044616589
9,7,0.55,0.9766962515861456
9,7,0.60,0.9829165483556138
9,7,0.65,0.9874461753337194
9,7,0.70,0.9922618363081227
9,7,0.75,0.9916093845847983
9,7,0.80,0.9957260830994693
9,7,0.85,0.9940161249128519
9,7,0.90,0.9965238697999494
9,7,0.95,0.9968730826290346
9,8,0.05,0.8725048836814362
9,8,0.10,0.5363459239263926
9,8,0.15,0.8675843555347151
9,8,0.20,0.8793069695829128
9,8,0.25,0.9054790622252918
9,8,0.30,0.9338759285656856
9,8,0.35,0.9674627352865162
9,8,0.40,0.8729360513889419
9,8,0.45,0.980878869793912
9,8,0.50,0.9439198563148483
9,8,0.55,0.9902719627198878
9,8,0.60,0.986479848200697
9,8,0.65,0.9569013763917239
9,8,0.70,0.9941386412192255
9,8,0.75,0.9923143062962354
9,8,0.80,0.981554783321068
9,8,0.85,0.979158569431809
9,8,0.90,0.9955754841210711
9,8,0.95,0.9933686226978669
9,9,0.05,0.8437318918820911
9,9,0.10,0.7785062146711486
9,9,0.15,0.5829588113682165
9,9,0.20,0.8511712996506304
9,9,0.25,0.858306538023669
9,9,0.30,0.9137793196425958
9,9,0.35,0.9353485313010195
9,9,0.40,0.9586669610690435
9,9,0.45,0.963943247379826
9,9,0.50,0.9788808649751046
9,9,0.55,0.9703229363221646
9,9,0.60,0.9828747193884448
9,9,0.65,0.9763610814441152
9,9,0.70,0.9766197501737625
9,9,0.75,0.9795337330552931
9,9,0.80,0.9583974781997242
9,9,0.85,0.9772742052914248
9,9,0.90,0.9933905268677735
9,9,0.95,0.9914136430317803
10,0,0.05,0.7156830980701676
10,0,0.10,0.6162937703125281
10,0,0.15,0.880056647927956
10,0,0.20,0.9250036488346177
10,0,0.25,0.7729245082567732
10,0,0.30,0.9675663579936087
10,0,0.35,0.940631784673786
10,0,0.40,0.8907819839567047
10,0,0.45,0.9675577020376239
10,0,0.50,0.9265425358940875
10,0,0.55,0.9605965005007854
10,0,0.60,0.9711206268714508
10,0,0.65,0.9802201365674397
10,0,0.70,0.9885301190563253
10,0,0.75,0.9817885554764758
10,0,0.80,0.9890837269263922
10,0,0.85,0.9941921421661514
10,0,0.90,0.9939611001908092
10,0,0.95,0.9942468545162669
10,1,0.05,0.629392606023937
10,1,0.10,0.7145039282663816
10,1,0.15,0.8244362145212594
10,1,0.20,0.8208570823412544
10,1,0.25,0.9014126800708664
10,1,0.30,0.9478131264145684
10,1,0.35,0.9280021993721665
10,1,0.40,0.9493362488777877
10,1,0.45,0.9583392969275968
10,1,0.50,0.9293502756604817
10,1,0.55,0.9710256026816559
10,1,0.60,0.9892878057645081
10,1,0.65,0.9766505025117522
10,1,0.70,0.9828932521620349
10,1,0.75,0.9875566730394221
10,1,0.80,0.9897960732355202
10,1,0.85,0.9929421075708262
10,1,0.90,0.979044195804104
10,1,0.95,0.9953925497680954
10,2,0.05,0.7588364533170786
10,2,0.10,0.7968466549476959
10,2,0.15,0.7120423510932634
10,2,0.20,0.9463088671728476
10,2,0.25,0.9177090666880742
10,2,0.30,0.9236709942137884
10,2,0.35,0.9585990190176125
10,2,0.40,0.917460108130836
10,2,0.45,0.9617597584624983
10,2,0.50,0.9892110063055697
10,2,0.55,0.9754972717023398
10,2,0.60,0.9867282123697529
10,2,0.65,0.98998539640668
10,2,0.70,0.9895136307632849
10,2,0.75,0.9902183775466833
10,2,0.80,0.9903774935396134
10,2,0.85,0.9958430586207592
10,2,0.90,0.9930683444329392
10,2,0.95,0.9942455060803236
10,3,0.05,0.7242722912551207
10,3,0.10,0.6635603609689797
10,3,0.15,0.7613690047935537
10,3,0.20,0.9237628688634074
10,3,0.25,0.9012150721422472
10,3,0.30,0.8592156035121783
10,3,0.35,0.9759311062231034
10,3,0.40,0.9625663095724667
10,3,0.45,0.9751471824428055
10,3,0.50,0.9770250858647102
10,3,0.55,0.9809531749459209
10,3,0.60,0.991652230086317
10,3,0.65,0.9767643045180344
10,3,0.70,0.9897361516298018
10,3,0.75,0.990090014784405
10,3,0.80,0.9931436453787573
10,3,0.85,0.9876736869690546
10,3,0.90,0.9939379950798114
10,3,0.95,0.9958781906626879
10,4,0.05,0.5277819362365714
10,4,0.10,0.7770289532299731
10,4,0.15,0.810666161838633
10,4,0.20,0.9389197470214347
10,4,0.25,0.72190915058548
10,4,0.30,0.9173640938145184
10,4,0.35,0.9538506248554204
10,4,0.40,0.8817427872711527
10,4,0.45,0.933215187330697
10,4,0.50,0.9711363684401599
10,4,0.55,0.9098103111232752
10,4,0.60,0.9758317957400165
10,4,0.65,0.9886919939132641
10,4,0.70,0.9839852579615275
10,4,0.75,0.9876238579574276
10,4,0.80,0.9873474502425519
10,4,0.85,0.9954851234536624
10,4,0.90,0.9929118631111096
10,4,0.95,0.9972324999392396
10,5,0.05,0.7338486850323535
10,5,0.10,0.7751123338033862
10,5,0.15,0.9848402006016923
10,5,0.20,0.6686180797511083
10,5,0.25,0.7006343419018423
10,5,0.30,0.9760211654069906
10,5,0.35,0.9439056375120501
10,5,0.40,0.9658142031991198
10,5,0.45,0.962895807697384
10,5,0.50,0.9769809180833415
10,5,0.55,0.9517365940109017
10,5,0.60,0.9923384827668978
10,5,0.65,0.985720672470292
10,5,0.70,0.9889436318686003
10,5,0.75,0.9887442904200021
10,5,0.80,0.9877795393950308
10,5,0.85,0.9896483100785849
10,5,0.90,0.9964186533423738
10,5,0.95,0.9899819591905903
10,6,0.05,0.7314530214413546
10,6,0.10,0.9296892936955949
10,6,0.15,0.7805202296126312
10,6,0.20,0.7890518771908226
10,6,0.25,0.9575192723802723
10,6,0.30,0.8883293550039348
10,6,0.35,0.9423186939414717
10,6,0.40,0.9617888657921009
10,6,0.45,0.9729268641092313
10,6,0.50,0.9817879376760996
10,6,0.55,0.9618114069004332
10,6,0.60,0.9739962249392513
10,6,0.65,0.9877088778479135
10,6,0.70,0.9887549785849782
10,6,0.75,0.9882214480267468
10,6,0.80,0.9924271067947391
10,6,0.85,0.9900604648061704
10,6,0.90,0.9955226734901143
10,6,0.95,0.9846895462867142
10,7,0.05,-0.1809583960977752
10,7,0.10,0.7228614441093121
10,7,0.15,0.8251303071870456
10,7,0.20,0.9277002363335217
10,7,0.25,0.9551761490536144
10,7,0.30,0.8135393307373259
10,7,0.35,0.955299854160629
10,7,0.40,0.9325186292345298
10,7,0.45,0.9706779973324916
10,7,0.50,0.9406842685323878
10,7,0.55,0.9831935183801443
10,7,0.60,0.9793592139148667
10,7,0.65,0.9786413689254706
10,7,0.70,0.9816391822739472
10,7,0.75,0.9904676797653849
10,7,0.80,0.9898983548829695
10,7,0.85,0.9908555517371072
10,7,0.90,0.9841644837269847
10,7,0.95,0.9953085639138363
10,8,0.05,0.12498195371605703
10,8,0.10,0.8084831680931146
10,8,0.15,0.7892256846222286
10,8,0.20,0.9232131508726809
10,8,0.25,0.580413215554543
10,8,0.30,0.9501805430167184
10,8,0.35,0.9624237417589561
10,8,0.40,0.9284046499536872
10,8,0.45,0.9590552843597465
10,8,0.50,0.9665161284837225
10,8,0.55,0.9853726540126373
10,8,0.60,0.987311665709358
10,8,0.65,0.8959385158017062
10,8,0.70,0.9859504074988709
10,8,0.75,0.9913303765181384
10,8,0.80,0.9905033256896122
10,8,0.85,0.9940987968986941
10,8,0.90,0.9949806229431012
10,8,0.95,0.9974974211755291
10,9,0.05,0.6132559959332045
10,9,0.10,0.8351215037459567
10,9,0.15,0.8817373978437595
10,9,0.20,0.7874042299418269
10,9,0.25,0.9524602195185329
10,9,0.30,0.8728458396156863
10,9,0.35,0.9875950510726053
10,9,0.40,0.9499699655606482
10,9,0.45,0.9684073032632314
10,9,0.50,0.9791270899907547
10,9,0.55,0.9699536737413664
10,9,0.60,0.9614028475120842
10,9,0.65,0.9841469388757954
10,9,0.70,0.9817859290534531
10,9,0.75,0.9666076226385549
10,9,0.80,0.9874921720797226
10,9,0.85,0.9925715212555174
10,9,0.90,0.9952888198490385
10,9,0.95,0.997218206519442
11,0,0.05,0.6606205642821491
11,0,0.10,0.8349752759198269
11,0,0.15,0.7375896789736017
11,0,0.20,0.8515919413490335
11,0,0.25,0.8691928986029829
11,0,0.30,0.9048805613357241
11,0,0.35,0.935729515703468
11,0,0.40,0.9372518249898851
11,0,0.45,0.9734255259327554
11,0,0.50,0.9703116612282672
11,0,0.55,0.9828192100723958
11,0,0.60,0.9866396226921781
11,0,0.65,0.9908714768112835
11,0,0.70,0.9859091741735977
11,0,0.75,0.9942744874225458
11,0,0.80,0.9845976944374574
11,0,0.85,0.9901865617666683
11,0,0.90,0.990765826801095
11,0,0.95,0.9828804457723583
11,1,0.05,0.6835619747662014
11,1,0.10,0.7669670517215852
11,1,0.15,0.7858454664966348
11,1,0.20,0.970728596707497
11,1,0.25,0.8163528441240061
11,1,0.30,0.8620601850871783
11,1,0.35,0.9693136524612678
11,1,0.40,0.9205579615535477
11,1,0.45,0.9546078287171827
11,1,0.50,0.9126390604432314
11,1,0.55,0.9784271718867875
11,1,0.60,0.9878741386542664
11,1,0.65,0.9922955112788208
11,1,0.70,0.9348819619153578
11,1,0.75,0.9768378753940328
11,1,0.80,0.9859283945393973
11,1,0.85,0.9950206917958018
11,1,0.90,0.993647932613043
11,1,0.95,0.9961716272292919
11,2,0.05,-0.3932547500645691
11,2,0.10,0.6031128509988158
11,2,0.15,0.7920499270083607
11,2,0.20,0.8153095413728005
11,2,0.25,0.69932314201031
11,2,0.30,0.9780368349334977
11,2,0.35,0.9621283383168273
11,2,0.40,0.9640814034350441
11,2,0.45,0.983309971501998
11,2,0.50,0.9737940009056288
11,2,0.55,0.9780205591937202
11,2,0.60,0.9854848420942699
11,2,0.65,0.9887461656654913
11,2,0.70,0.9837369501680863
11,2,0.75,0.9911108987412157
11,2,0.80,0.991432601189426
11,2,0.85,0.9817021288755885
11,2,0.90,0.995364565476915
11,2,0.95,0.9971379580681553
11,3,0.05,0.6702979081159818
11,3,0.10,0.690816714197779
11,3,0.15,0.8536950468699519
11,3,0.20,0.9239925765464748
11,3,0.25,0.9296017753170128
11,3,0.30,0.8576046825378756
11,3,0.35,0.94840999955821
11,3,0.40,0.955178447012806
11,3,0.45,0.959486306001387
11,3,0.50,0.9784106982218304
11,3,0.55,0.9881304358374924
11,3,0.60,0.9922176903170917
11,3,0.65,0.9825451044322552
11,3,0.70,0.9832581900247264
11,3,0.75,0.9923896350080706
11,3,0.80,0.9855700773775845
11,3,0.85,0.9923671564113623
11,3,0.90,0.9958491146272785
11,3,0.95,0.9937282098919219
11,4,0.05,0.6346646618688918
11,4,0.10,0.6423133627512688
11,4,0.15,0.8602260886068045
11,4,0.20,0.719415530922545
11,4,0.25,0.944477861733685
11,4,0.30,0.9325130360240369
11,4,0.35,0.9651525303867454
11,4,0.40,0.9497639176771904
11,4,0.45,0.9766660753823354
11,4,0.50,0.9799462023049594
11,4,0.55,0.9345428725646087
11,4,0.60,0.98574483349408
11,4,0.65,0.9841973046369308
11,4,0.70,0.9782420298475047
11,4,0.75,0.986948389994625
11,4,0.80,0.9913689972398403
11,4,0.85,0.9939159976729341
11,4,0.90,0.9918629322563531
11,4,0.95,0.9967318030169515
11,5,0.05,0.3210841445313414
11,5,0.10,0.5465648908758616
11,5,0.15,0.67286167850287
11,5,0.20,0.8526617291337837
11,5,0.25,0.9342637714413297
11,5,0.30,0.8616149398043205
11,5,0.35,0.8172138425098932
11,5,0.40,0.9669605014420716
11,5,0.45,0.9525274149855938
11,5,0.50,0.9864623609321576
11,5,0.55,0.9743106048718096
11,5,0.60,0.9473958350218576
11,5,0.65,0.9827701350158118
11,5,0.70,0.9651632567802167
11,5,0.75,0.984500188269417
11,5,0.80,0.9893210883202421
11,5,0.85,0.989981510538765
11,5,0.90,0.9958569718769062
11,5,0.95,0.9884772982932699
11,6,0.05,0.6354880535131763
11,6,0.10,0.8714267166351134
11,6,0.15,0.81692716236586
11,6,0.20,0.6900512667718006
11,6,0.25,0.9056230422850613
11,6,0.30,0.9509190971135776
11,6,0.35,0.9110339209012588
11,6,0.40,0.9618508373770602
11,6,0.45,0.9148906022897123
11,6,0.50,0.9862169920357533
11,6,0.55,0.9861874058678441
11,6,0.60,0.9859419302932555
11,6,0.65,0.9553881072865442
11,6,0.70,0.9801953949041466
11,6,0.75,0.974717770552393
11,6,0.80,0.9886707556128798
11,6,0.85,0.9955416564473184
11,6,0.90,0.9954422277345747
11,6,0.95,0.9912118554776153
11,7,0.05,0.28453254915577386
11,7,0.10,0.7821069929627376
11,7,0.15,0.865068839072775
11,7,0.20,0.7886412751035827
11,7,0.25,0.9056577000896043
11,7,0.30,0.8569032670217513
11,7,0.35,0.939584433690827
11,7,0.40,0.9675485492866377
11,7,0.45,0.9551124152947785
11,7,0.50,0.932626280713195
11,7,0.55,0.9744462889824925
11,7,0.60,0.9774806290504169
11,7,0.65,0.9870231759682839
11,7,0.70,0.9821335650574134
11,7,0.75,0.9930772544179131
11,7,0.80,0.9957787066395826
11,7,0.85,0.9904536722143275
11,7,0.90,0.9920012059635197
11,7,0.95,0.9859674819549819
11,8,0.05,-0.20347350178040768
11,8,0.10,0.6359235308058955
11,8,0.15,0.8588742844565682
11,8,0.20,0.9127035644511927
11,8,0.25,0.8924997705929617
11,8,0.30,0.9590657273992532
11,8,0.35,0.9016675874127821
11,8,0.40,0.9244576812290116
11,8,0.45,0.9704727876137912
11,8,0.50,0.9896017882189398
11,8,0.55,0.9837090867994587
11,8,0.60,0.9735797812602576
11,8,0.65,0.9796238336445917
11,8,0.70,0.9861851899290637
11,8,0.75,0.9919209360365119
11,8,0.80,0.9945145852286569
11,8,0.85,0.9952330836911668
11,8,0.90,0.9921459942007925
11,8,0.95,0.9955298336389998
11,9,0.05,0.7001148835657399
11,9,0.10,0.8345523270371341
11,9,0.15,0.5964568029397899
11,9,0.20,0.8681672618848214
11,9,0.25,0.9158656218886906
11,9,0.30,0.8333550693428229
11,9,0.35,0.9584543028787306
11,9,0.40,0.9621689447550297
11,9,0.45,0.9383267249238171
11,9,0.50,0.9132249691644776
11,9,0.55,0.9802945288191354
11,9,0.60,0.975214903300878
11,9,0.65,0.9916446003527659
11,9,0.70,0.9853440049683748
11,9,0.75,0.982017212620983
11,9,0.80,0.9941458591138751
11,9,0.85,0.9943552465791042
11,9,0.90,0.9961060535505799
11,9,0.95,0.9925803130888202
12,0,0.05,0.6664821762138717
12,0,0.10,0.8116014869634594
12,0,0.15,0.8208108140422073
12,0,0.20,0.8769692869819778
12,0,0.25,0.823876462011014
12,0,0.30,0.9687561393496348
12,0,0.35,0.9352292893174297
12,0,0.40,0.9671834187382758
12,0,0.45,0.897804304569163
12,0,0.50,0.9437230184049296
12,0,0.55,0.9702102670901073
12,0,0.60,0.9681056560500539
12,0,0.65,0.9903611244980641
12,0,0.70,0.9845247929786143
12,0,0.75,0.9811542918057434
12,0,0.80,0.9813225773468092
12,0,0.85,0.9961999204103492
12,0,0.90,0.9902867085084766
12,0,0.95,0.9819085093722455
12,1,0.05,0.5437181601594115
12,1,0.10,0.9295967620382969
12,1,0.15,0.8431299275163533
12,1,0.20,0.8012859656644522
12,1,0.25,0.9256811304544217
12,1,0.30,0.9106292448462092
12,1,0.35,0.9383667790741608
12,1,0.40,0.9745578078219415
12,1,0.45,0.84964834585009
12,1,0.50,0.9585383423766594
12,1,0.55,0.9474779570077404
12,1,0.60,0.9898003550722511
12,1,0.65,0.988850622451313
12,1,0.70,0.9699948068322951
12,1,0.75,0.9939702037510464
12,1,0.80,0.9891503794202627
12,1,0.85,0.9939246874398692
12,1,0.90,0.9827547336362659
12,1,0.95,0.9955131520366106
12,2,0.05,0.4018508625359988
12,2,0.10,0.8544126039471645
12,2,0.15,0.6467047022233952
12,2,0.20,0.9269872378687776
12,2,0.25,0.9363517151661231
12,2,0.30,0.7800594719996812
12,2,0.35,0.9227869258456841
12,2,0.40,0.9250980568281573
12,2,0.45,0.9487587788684281
12,2,0.50,0.9690765168132548
12,2,0.55,0.9544581413264053
12,2,0.60,0.9629083655330412
12,2,0.65,0.9839144088971326
12,2,0.70,0.9813363043533219
12,2,0.75,0.9878042583230056
12,2,0.80,0.9967563702189832
12,2,0.85,0.9933701609464347
12,2,0.90,0.9880991346463016
12,2,0.95,0.9960871959022888
12,3,0.05,-0.07941756339604455
12,3,0.10,0.5285495619684251
12,3,0.15,0.8075166279608386
12,3,0.20,0.8480453520591723
12,3,0.25,0.9212924810908556
12,3,0.30,0.9119153686734487
12,3,0.35,0.9702423677998858
12,3,0.40,0.9532102748292757
12,3,0.45,0.984769772420635
12,3,0.50,0.9895027011951768
12,3,0.55,0.9816461009432448
12,3,0.60,0.9904958295971438
12,3,0.65,0.9898991545420889
12,3,0.70,0.988641595073635
12,3,0.75,0.9907790157374473
12,3,0.80,0.981441059732953
12,3,0.85,0.9976465317327283
12,3,0.90,0.9941580080546001
12,3,0.95,0.9942693824962536
12,4,0.05,0.8656178786170157
12,4,0.10,0.7092827793325238
12,4,0.15,0.5557385150866756
12,4,0.20,0.7910842871543015
12,4,0.25,0.8412427329413111
12,4,0.30,0.9646075264692596
12,4,0.35,0.975698872360484
12,4,0.40,0.919143839874567
12,4,0.45,0.9677176533557229
12,4,0.50,0.9602129389857275
12,4,0.55,0.9883500327731904
12,4,0.60,0.9704959340884947
12,4,0.65,0.9893525482998032
12,4,0.70,0.9726449645638902
12,4,0.75,0.9870818543807134
12,4,0.80,0.9937117510011718
12,4,0.85,0.991320842602947
12,4,0.90,0.9826941458696415
12,4,0.95,0.9948502461104539
12,5,0.05,-0.3684261969974141
12,5,0.10,0.8644532839360851
12,5,0.15,0.8176490352073451
12,5,0.20,0.8605241433116209
12,5,0.25,0.9464227549999567
12,5,0.30,0.9706849243433877
12,5,0.35,0.900157927445326
12,5,0.40,0.9600569835880693
12,5,0.45,0.9380309943501142
12,5,0.50,0.9270461989007668
12,5,0.55,0.9806970834250414
12,5,0.60,0.9931693469847104
12,5,0.65,0.9917090733888522
12,5,0.70,0.9722576791101566
12,5,0.75,0.9891231466827352
12,5,0.80,0.9922449569689328
12,5,0.85,0.9869022179873528
12,5,0.90,0.9958284325361416
12,5,0.95,0.9976959645532218
12,6,0.05,0.572946329761198
12,6,0.10,0.6143799764443096
12,6,0.15,0.8063297734459608
12,6,0.20,0.8151871792258729
12,6,0.25,0.8961890896805109
12,6,0.30,0.9617071378774773
12,6,0.35,0.9535521564440667
12,6,0.40,0.9048648591646631
12,6,0.45,0.9748339816055973
12,6,0.50,0.982237305030746
12,6,0.55,0.9754245028628891
12,6,0.60,0.9798920609125779
12,6,0.65,0.9847357919960177
12,6,0.70,0.9906249813343445
12,6,0.75,0.9924022565134185
12,6,0.80,0.9952821960895535
12,6,0.85,0.9873212254228132
12,6,0.90,0.9937979985011588
12,6,0.95,0.9959538244412743
12,7,0.05,0.6899709384121405
12,7,0.10,0.9061260601324976
12,7,0.15,0.6516172895293705
12,7,0.20,0.8495541601438217
12,7,0.25,0.9343525353637173
12,7,0.30,0.8699141384489402
12,7,0.35,0.9768501123567674
12,7,0.40,0.9695791321095942
12,7,0.45,0.890864230847485
12,7,0.50,0.9292166790324631
12,7,0.55,0.9159136756929581
12,7,0.60,0.9688599137444178
12,7,0.65,0.9862505453330549
12,7,0.70,0.9827376887692858
12,7,0.75,0.9738875800804857
12,7,0.80,0.9935010414439208
12,7,0.85,0.9866347824832542
12,7,0.90,0.9871019997790613
12,7,0.95,0.9937049638828639
12,8,0.05,0.502702597180595
12,8,0.10,0.8031600112366774
12,8,0.15,0.8625238631871518
12,8,0.20,0.954237416701256
12,8,0.25,0.9386566185481031
12,8,0.30,0.9602226328457717
12,8,0.35,0.8063830455839396
12,8,0.40,0.9296232301818865
12,8,0.45,0.9682536916620357
12,8,0.50,0.9415422055739145
12,8,0.55,0.9745340274707692
12,8,0.60,0.9819513942874656
12,8,0.65,0.982136400997204
12,8,0.70,0.9796348055595928
12,8,0.75,0.989987718943774
12,8,0.80,0.97872262299723
12,8,0.85,0.9817826761231501
12,8,0.90,0.9890723952250792
12,8,0.95,0.9961159053900948
12,9,0.05,0.03909086933187789
12,9,0.10,0.818029638501117
12,9,0.15,0.4320288257426109
12,9,0.20,0.8230393689098918
12,9,0.25,0.9269444584981079
12,9,0.30,0.9384067115150363
12,9,0.35,0.9104548888909016
12,9,0.40,0.923893586987046
12,9,0.45,0.9753825807938649
12,9,0.50,0.9660902428598045
12,9,0.55,0.9781700451788936
12,9,0.60,0.9806764636861579
12,9,0.65,0.9859218455215762
12,9,0.70,0.9822116162449329
12,9,0.75,0.9793315175674039
12,9,0.80,0.992019691511708
12,9,0.85,0.9766009174585184
12,9,0.90,0.9906056721584893
12,9,0.95,0.9891383669485146
13,0,0.05,0.24099206557674668
13,0,0.10,0.8589581827949997
13,0,0.15,0.8877056289470124
13,0,0.20,0.9433353149602486
13,0,0.25,0.7831868685752921
13,0,0.30,0.8923538816624522
13,0,0.35,0.9305240059310934
13,0,0.40,0.8929800304929822
13,0,0.45,0.9739792727072609
13,0,0.50,0.9500847410980114
13,0,0.55,0.9895718895747498
13,0,0.60,0.9788345468927354
13,0,0.65,0.9878398256689765
13,0,0.70,0.9650693440401558
13,0,0.75,0.9823187154372652
13,0,0.80,0.9856794548695689
13,0,0.85,0.9950474645159129
13,0,0.90,0.9892980490372324
13,0,0.95,0.9948725932870973
13,1,0.05,-1.6660369322973922
13,1,0.10,0.8165003137800875
13,1,0.15,0.956436141254277
13,1,0.20,0.8866363328860355
13,1,0.25,0.6721036614102163
13,1,0.30,0.9397735400089048
13,1,0.35,0.9579468709435398
13,1,0.40,0.9699038829922111
13,1,0.45,0.9496864273879657
13,1,0.50,0.9732061285450276
13,1,0.55,0.9743540681823927
13,1,0.60,0.9881772047338704
13,1,0.65,0.9815752139676395
13,1,0.70,0.9856474297966498
13,1,0.75,0.9941102534627998
13,1,0.80,0.995205186880895
13,1,0.85,0.9809696354310712
13,1,0.90,0.9949706625204743
13,1,0.95,0.9961384108399639
13,2,0.05,0.8742980658886942
13,2,0.10,0.7454261776907253
13,2,0.15,0.8978784378147662
13,2,0.20,0.9103787065552896
13,2,0.25,0.830760294552438
13,2,0.30,0.7720844384049581
13,2,0.35,0.9813453441266898
13,2,0.40,0.8785118635087308
13,2,0.45,0.9765765003669897
13,2,0.50,0.982748999737926
13,2,0.55,0.9459585416734305
13,2,0.60,0.9833423130880093
13,2,0.65,0.9751878052342573
13,2,0.70,0.9896009875039335
13,2,0.75,0.99016368345826
13,2,0.80,0.9875956042124404
13,2,0.85,0.9937859022154848
13,2,0.90,0.995877667877794
13,2,0.95,0.9942194971365507
13,3,0.05,-0.32120179685411876
13,3,0.10,0.7375969983919795
13,3,0.15,0.6367185236496697
13,3,0.20,0.602645644652436
13,3,0.25,0.8168736300903947
13,3,0.30,0.9329949455404529
13,3,0.35,0.9411454899556387
13,3,0.40,0.9812613937434067
13,3,0.45,0.8801692787968594
13,3,0.50,0.9655719413525087
13,3,0.55,0.9502050476107732
13,3,0.60,0.9793409037551165
13,3,0.65,0.9697036580862086
13,3,0.70,0.9929372589910881
13,3,0.75,0.9711179306958021
13,3,0.80,0.9850829819557484
13,3,0.85,0.9854084776297825
13,3,0.90,0.9929354027522571
13,3,0.95,0.995161371735112
13,4,0.05,0.39441860662343353
13,4,0.10,0.8708311715937808
13,4,0.15,0.8962775838016874
13,4,0.20,0.7524043022134167
13,4,0.25,0.926411594060201
13,4,0.30,0.951999556503451
13,4,0.35,0.8738512895852796
13,4,0.40,0.8871201043592029
13,4,0.45,0.9324572892339174
13,4,0.50,0.9775877557506992
13,4,0.55,0.9695007529135369
13,4,0.60,0.9854431022424548
13,4,0.65,0.9856310498316032
13,4,0.70,0.9905337491390849
13,4,0.75,0.99241624181047
13,4,0.80,0.9905160225169557
13,4,0.85,0.9792193575975252
13,4,0.90,0.9916165971559098
13,4,0.95,0.9955817878669629
13,5,0.05,0.4210851229048326
13,5,0.10,0.7166325437166093
13,5,0.15,0.7149438844439855
13,5,0.20,0.8044050409933577
13,5,0.25,0.8714796513298643
13,5,0.30,0.915655146996812
13,5,0.35,0.953900127411656
13,5,0.40,0.9561144446615302
13,5,0.45,0.9417247507482345
13,5,0.50,0.9536135401998102
13,5,0.55,0.9631391849857133
13,5,0.60,0.9815761680679516
13,5,0.65,0.9806518351749368
13,5,0.70,0.9834207853612893
13,5,0.75,0.9763869598520978
13,5,0.80,0.9939772430484657
13,5,0.85,0.990736821791095
13,5,0.90,0.9956470329232147
13,5,0.95,0.9960313388259197
13,6,0.05,0.20092348802520987
13,6,0.10,0.3056036217476191
13,6,0.15,0.6944687173271933
13,6,0.20,0.8907296964007775
13,6,0.25,0.8562014472052811
13,6,0.30,0.8414719472417875
13,6,0.35,0.7927773497971489
13,6,0.40,0.9239742854527917
13,6,0.45,0.953275530677858
13,6,0.50,0.9566541847762444
13,6,0.55,0.9642821174930923
13,6,0.60,0.9862274091295287
13,6,0.65,0.985973302677397
13,6,0.70,0.9916961989051469
13,6,0.75,0.9898436715827424
13,6,0.80,0.9724922795521994
13,6,0.85,0.995594434093893
13,6,0.90,0.9901343951093937
13,6,0.95,0.9827799602004759
13,7,0.05,0.21824236422727805
13,7,0.10,0.5917329762523882
13,7,0.15,0.8952123858203829
13,7,0.20,0.846558241230267
13,7,0.25,0.9500738761304246
13,7,0.30,0.7674685748383494
13,7,0.35,0.9204665670685648
13,7,0.40,0.9661624042351699
13,7,0.45,0.9646059077620521
13,7,0.50,0.9765961043565765
13,7,0.55,0.9773804911873383
13,7,0.60,0.9873071329145406
13,7,0.65,0.9855116595970802
13,7,0.70,0.9854749234085992
13,7,0.75,0.9889276501042203
13,7,0.80,0.9943211225702239
13,7,0.85,0.9956554906577073
13,7,0.90,0.9904010324807037
13,7,0.95,0.9896736369630924
13,8,0.05,0.16850423231972156
13,8,0.10,0.861626721758675
13,8,0.15,0.7513208068356716
13,8,0.20,0.8716575126445856
13,8,0.25,0.9344667721969725
13,8,0.30,0.9608451503620028
13,8,0.35,0.9307411945110616
13,8,0.40,0.8782432481446127
13,8,0.45,0.9781413994909274
13,8,0.50,0.971128676734835
13,8,0.55,0.9845202662331874
13,8,0.60,0.9890109982809909
13,8,0.65,0.9903628952764174
13,8,0.70,0.9847112807196856
13,8,0.75,0.9874890358420038
13,8,0.80,0.985957574936128
13,8,0.85,0.9950227394496528
13,8,0.90,0.9931863341830528
13,8,0.95,0.9956163631113254
13,9,0.05,0.8638896063590378
13,9,0.10,-0.010337191794917322
13,9,0.15,0.8571328284527042
13,9,0.20,0.9400732408676695
13,9,0.25,0.8917647295352016
13,9,0.30,0.9269885277431337
13,9,0.35,0.9641907248020395
13,9,0.40,0.9108957164254169
13,9,0.45,0.9791058914471018
13,9,0.50,0.982839809979419
13,9,0.55,0.9787330702542709
13,9,0.60,0.9741002020982784
13,9,0.65,0.9902063128295581
13,9,0.70,0.9809674729666935
13,9,0.75,0.9804675370925618
13,9,0.80,0.9881812849409803
13,9,0.85,0.9848877135313288
13,9,0.90,0.9934559002843159
13,9,0.95,0.9934807079828677
14,0,0.05,0.4215199668265913
14,0,0.10,0.7226642277109985
14,0,0.15,0.6291897264177052
14,0,0.20,0.9202351675073434
14,0,0.25,0.8595910596419101
14,0,0.30,0.9404180014857438
14,0,0.35,0.9581012874943423
14,0,0.40,0.8778479551990073
14,0,0.45,0.9674316215722417
14,0,0.50,0.9749581123385389
14,0,0.55,0.9718023931978507
14,0,0.60,0.9520289789940174
14,0,0.65,0.9603116249635404
14,0,0.70,0.9344017702489085
14,0,0.75,0.994608199918029
14,0,0.80,0.9927960352330146
14,0,0.85,0.9879946444845626
14,0,0.90,0.984911987935953
14,0,0.95,0.9951295117957478
14,1,0.05,0.9041504190126258
14,1,0.10,0.8245592328755287
14,1,0.15,0.9260186637781477
14,1,0.20,0.8635838882152758
14,1,0.25,0.8374648720256322
14,1,0.30,0.9416899025106586
14,1,0.35,0.860990636021677
14,1,0.40,0.9512773649304791
14,1,0.45,0.9489363036394713
14,1,0.50,0.9694668187553723
14,1,0.55,0.9879960933112586
14,1,0.60,0.9734796511942672
14,1,0.65,0.9849381246742959
14,1,0.70,0.9809520017403928
14,1,0.75,0.9704576822611525
14,1,0.80,0.9776877634221972
14,1,0.85,0.9794211324580936
14,1,0.90,0.9963272721666898
14,1,0.95,0.9936543430406382
14,2,0.05,0.8771174287090807
14,2,0.10,0.8261900899551404
14,2,0.15,0.8097418708250469
14,2,0.20,0.6823762974536551
14,2,0.25,0.9295622545816433
14,2,0.30,0.9352907596232269
14,2,0.35,0.9706703959228925
14,2,0.40,0.9674699572528721
14,2,0.45,0.923584082980914
14,2,0.50,0.9711707943064262
14,2,0.55,0.9930593984466777
14,2,0.60,0.987128481952138
14,2,0.65,0.9651442737677688
14,2,0.70,0.9495863514969715
14,2,0.75,0.9872856134814041
14,2,0.80,0.9922675814986393
14,2,0.85,0.9936468890613193
14,2,0.90,0.9926010652205682
14,2,0.95,0.9806253499189507
14,3,0.05,0.8126760216182116
14,3,0.10,0.28215676267983925
14,3,0.15,0.8246646270161055
14,3,0.20,0.9296852982605717
14,3,0.25,0.8468457144159798
14,3,0.30,0.9479243240531497
14,3,0.35,0.9467221292848671
14,3,0.40,0.9745158328229313
14,3,0.45,0.9786526856025202
14,3,0.50,0.9408335928667744
14,3,0.55,0.9668928209821309
14,3,0.60,0.9854756951962987
14,3,0.65,0.9089219870014666
14,3,0.70,0.9859712084876119
14,3,0.75,0.9929139917890162
14,3,0.80,0.9930399712678675
14,3,0.85,0.9663931096087993
14,3,0.90,0.9970451711055826
14,3,0.95,0.9954551873026545
14,4,0.05,-0.1187271604975173
14,4,0.10,0.5358303277927803
14,4,0.15,0.8727514271941101
14,4,0.20,0.8900480898815792
14,4,0.25,0.8709674752172374
14,4,0.30,0.8814655901885106
14,4,0.35,0.9433200696875674
14,4,0.40,0.8456828910057788
14,4,0.45,0.9613770805201359
14,4,0.50,0.9518957497013928
14,4,0.55,0.9785869883467975
14,4,0.60,0.9376235614373931
14,4,0.65,0.9677608408882441
14,4,0.70,0.9835113477850439
14,4,0.75,0.9837872531912385
14,4,0.80,0.9764332863815102
14,4,0.85,0.9793319072524298
14,4,0.90,0.9958828037542304
14,4,0.95,0.9946557066762841
14,5,0.05,0.05626270843263359
14,5,0.10,0.7722608860868001
14,5,0.15,0.8388959071654715
14,5,0.20,0.9179397054138139
14,5,0.25,0.8266039675525723
14,5,0.30,0.9333391061195118
14,5,0.35,0.976045565198216
14,5,0.40,0.9615518449531838
14,5,0.45,0.9370459737452788
14,5,0.50,0.9404884400160917
14,5,0.55,0.9803740335679902
14,5,0.60,0.9880436843934133
14,5,0.65,0.985480308197264
14,5,0.70,0.977671757705595
14,5,0.75,0.9761627392328723
14,5,0.80,0.9865313923738035
14,5,0.85,0.9919383039330876
14,5,0.90,0.9764504620305958
14,5,0.95,0.9940530721436824
14,6,0.05,0.6816867418544774
14,6,0.10,0.7701409878312214
14,6,0.15,0.8425536625296084
14,6,0.20,0.859872968075652
14,6,0.25,0.9075356289656367
14,6,0.30,0.9378888512427711
14,6,0.35,0.9424878399527247
14,6,0.40,0.9761604650626282
14,6,0.45,0.9584513196533959
14,6,0.50,0.9354096928877159
14,6,0.55,0.9746066195057699
14,6,0.60,0.9637897410051577
14,6,0.65,0.9885155509330936
14,6,0.70,0.9788264040829756
14,6,0.75,0.9922548709573041
14,6,0.80,0.9818437658836675
14,6,0.85,0.9850717151576057
14,6,0.90,0.9904068355118365
14,6,0.95,0.9937236911677595
14,7,0.05,0.5660992290882245
14,7,0.10,0.5890264901555029
14,7,0.15,0.8328735108389949
14,7,0.20,0.7660548517090313
14,7,0.25,0.7569009958302577
14,7,0.30,0.9597444111938213
14,7,0.35,0.9292674669506846
14,7,0.40,0.9763709918844548
14,7,0.45,0.9366888869287722
14,7,0.50,0.9806729132156566
14,7,0.55,0.963554429565305
14,7,0.60,0.9814431877950677
14,7,0.65,0.9721272110193457
14,7,0.70,0.9606430223963026
14,7,0.75,0.9716572317336862
14,7,0.80,0.9924133816225484
14,7,0.85,0.9869822543725998
14,7,0.90,0.9876732785193284
14,7,0.95,0.9969838798991871
14,8,0.05,0.44645140438392084
14,8,0.10,0.9134431614183336
14,8,0.15,0.6750919375746827
14,8,0.20,0.912834230528095
14,8,0.25,0.9142124293888888
14,8,0.30,0.9390476133013808
14,8,0.35,0.8989863228450876
14,8,0.40,0.9334641364390843
14,8,0.45,0.8841135467032807
14,8,0.50,0.9673178827615193
14,8,0.55,0.9728730761285129
14,8,0.60,0.9802816012715516
14,8,0.65,0.9686541667362729
14,8,0.70,0.9860953355868378
14,8,0.75,0.9923231390428531
14,8,0.80,0.9851644365298772
14,8,0.85,0.9882970590236771
14,8,0.90,0.9873346874429345
14,8,0.95,0.9962331277624616
14,9,0.05,0.7621758363120085
14,9,0.10,0.8362155480226798
14,9,0.15,0.8686784361432167
14,9,0.20,0.9303249815857901
14,9,0.25,0.8002051818329367
14,9,0.30,0.8775943155171151
14,9,0.35,0.9851184514033605
14,9,0.40,0.9874117789249254
14,9,0.45,0.932483620029441
14,9,0.50,0.9357754690788486
14,9,0.55,0.9704798091372299
14,9,0.60,0.9797794117606551
14,9,0.65,0.9879678810250497
14,9,0.70,0.9845150900503631
14,9,0.75,0.9975865084297151
14,9,0.80,0.9924468199791295
14,9,0.85,0.9510828534805145
14,9,0.90,0.9930067015309589
14,9,0.95,0.9945486615239452
15,0,0.05,-0.279081112733778
15,0,0.10,0.7103823609618215
15,0,0.15,0.8314894686829513
15,0,0.20,0.904991491113667
15,0,0.25,0.9268483215741665
15,0,0.30,0.9298028705390523
15,0,0.35,0.8963938384915692
15,0,0.40,0.9647918482077223
15,0,0.45,0.9501990560511591
15,0,0.50,0.985017836561364
15,0,0.55,0.9911419011259135
15,0,0.60,0.9922880383587663
15,0,0.65,0.978978552288994
15,0,0.70,0.9900720092532579
15,0,0.75,0.9910683406522697
15,0,0.80,0.9865026948396661
15,0,0.85,0.9859074423727221
15,0,0.90,0.9955818627984108
15,0,0.95,0.9905998606565751
15,1,0.05,0.5482697433211463
15,1,0.10,0.7171261852953776
15,1,0.15,0.9502023055692375
15,1,0.20,0.9071127498220637
15,1,0.25,0.924196034434589
15,1,0.30,0.7380110069669485
15,1,0.35,0.9394757213455074
15,1,0.40,0.9421627568025651
15,1,0.45,0.9631666581610552
15,1,0.50,0.9262509714955944
15,1,0.55,0.9864529507349519
15,1,0.60,0.9869085818706937
15,1,0.65,0.9891909654786804
15,1,0.70,0.9614349820471737
15,1,0.75,0.9879022235337286
15,1,0.80,0.9928567714928387
15,1,0.85,0.9936463514669267
15,1,0.90,0.9926649177603043
15,1,0.95,0.9911606564792158
15,2,0.05,0.22719113189827167
15,2,0.10,0.7344065051258106
15,2,0.15,0.8872089927525588
15,2,0.20,0.8944930063510548
15,2,0.25,0.9330911860886797
15,2,0.30,0.9563298499214702
15,2,0.35,0.9340788997766446
15,2,0.40,0.9624587968684969
15,2,0.45,0.9637334152719501
15,2,0.50,0.9844574508417686
15,2,0.55,0.9897044503802992
15,2,0.60,0.9640118056008395
15,2,0.65,0.9823771266224869
15,2,0.70,0.9840353705045425
15,2,0.75,0.9922783228609432
15,2,0.80,0.9925056180057074
15,2,0.85,0.9956067582932392
15,2,0.90,0.9837261476174006
15,2,0.95,0.9947802667502715
15,3,0.05,0.5657434295288877
15,3,0.10,0.5623485477714238
15,3,0.15,0.8543187015341471
15,3,0.20,0.9529965578719548
15,3,0.25,0.8871486925806751
15,3,0.30,0.9809275409556779
15,3,0.35,0.8991607490143713
15,3,0.40,0.8834440664921818
15,3,0.45,0.9762572570684727
15,3,0.50,0.9543923278716654
15,3,0.55,0.9847097199099789
15,3,0.60,0.9841699519629358
15,3,0.65,0.9793846955317664
15,3,0.70,0.988065360510902
15,3,0.75,0.9901767236606417
15,3,0.80,0.9665844154761336
15,3,0.85,0.9932883478571858
15,3,0.90,0.9933357352313041
15,3,0.95,0.9917256470654496
15,4,0.05,0.19255283293214498
15,4,0.10,0.7832328927098878
15,4,0.15,0.8619076842319899
15,4,0.20,0.7833709075761153
15,4,0.25,0.810746440043583
15,4,0.30,0.8805662958997968
15,4,0.35,0.9242990437949012
15,4,0.40,0.9877836271035905
15,4,0.45,0.9764036736508831
15,4,0.50,0.9846186756439297
15,4,0.55,0.9872639887420885
15,4,0.60,0.9718150214559041
15,4,0.65,0.9691232457416362
15,4,0.70,0.9887274111759752
15,4,0.75,0.9894398214145146
15,4,0.80,0.9512376377645523
15,4,0.85,0.9916000161838289
15,4,0.90,0.9943737230157764
15,4,0.95,0.9962224450671766
15,5,0.05,0.13152828050067955
15,5,0.10,0.5657416391228558
15,5,0.15,0.7484804634069598
15,5,0.20,0.7929542671246423
15,5,0.25,0.9094404396426713
15,5,0.30,0.9122766100218588
15,5,0.35,0.9350539435138641
15,5,0.40,0.9564060686758264
15,5,0.45,0.9166750971339545
15,5,0.50,0.9907414150932572
15,5,0.55,0.9586815193758655
15,5,0.60,0.9288991459867525
15,5,0.65,0.993008862193604
15,5,0.70,0.9900047307152939
15,5,0.75,0.9777538206663929
15,5,0.80,0.9852398060650083
15,5,0.85,0.9950544331669982
15,5,0.90,0.9960942751131822
15,5,0.95,0.986769224209327
15,6,0.05,0.7461756161112381
15,6,0.10,0.5214771890526083
15,6,0.15,0.8115785796195756
15,6,0.20,0.94029617549334
15,6,0.25,0.7033562956638465
15,6,0.30,0.9424898725090189
15,6,0.35,0.9407620435763551
15,6,0.40,0.9522297372719792
15,6,0.45,0.9548969916679693
15,6,0.50,0.9823610250499188
15,6,0.55,0.9925246434531588
15,6,0.60,0.9700287603443913
15,6,0.65,0.9841887527508905
15,6,0.70,0.9955756296574705
15,6,0.75,0.9867780376427224
15,6,0.80,0.9846258967833709
15,6,0.85,0.9931026251966676
15,6,0.90,0.9905825323040818
15,6,0.95,0.9955892714842481
15,7,0.05,0.6898601981558172
15,7,0.10,0.9067222204731361
15,7,0.15,0.8841866594673572
15,7,0.20,0.9119633425400244
15,7,0.25,0.8815154388421952
15,7,0.30,0.8768144324717453
15,7,0.35,0.9810189086131066
15,7,0.40,0.9682421503872154
15,7,0.45,0.9929886195891404
15,7,0.50,0.968474133926437
15,7,0.55,0.9824756621164957
15,7,0.60,0.9739999232663158
15,7,0.65,0.9802263764715169
15,7,0.70,0.9923833987296485
15,7,0.75,0.9753030497244531
15,7,0.80,0.9917646591343808
15,7,0.85,0.9917270470966375
15,7,0.90,0.9960758904720317
15,7,0.95,0.9958414767413938
15,8,0.05,0.6288620339461419
15,8,0.10,0.5329475712788412
15,8,0.15,0.7491274501886414
15,8,0.20,0.920135830326903
15,8,0.25,0.937789077261056
15,8,0.30,0.8657266434791746
15,8,0.35,0.9675607476481586
15,8,0.40,0.9650349490804926
15,8,0.45,0.9790928240610368
15,8,0.50,0.9828620335241366
15,8,0.55,0.9778015835039939
15,8,0.60,0.9890426222818868
15,8,0.65,0.973840305772287
15,8,0.70,0.9851176353377866
15,8,0.75,0.9863364987150914
15,8,0.80,0.993976780373978
15,8,0.85,0.9952804212384962
15,8,0.90,0.9945358091053367
15,8,0.95,0.9873249337267525
15,9,0.05,0.24980078381763438
15,9,0.10,0.5324736597080506
15,9,0.15,0.8884710407904507
15,9,0.20,0.9409759523184804
15,9,0.25,0.9346637592485949
15,9,0.30,0.8999258688842607
15,9,0.35,0.9505093209232713
15,9,0.40,0.9808698892509891
15,9,0.45,0.9575870918052354
15,9,0.50,0.9792020044381744
15,9,0.55,0.9859950416182549
15,9,0.60,0.976211850935515
15,9,0.65,0.970357361456578
15,9,0.70,0.9899635466496984
15,9,0.75,0.993680347897461
15,9,0.80,0.979422790265508
15,9,0.85,0.9958275723460098
15,9,0.90,0.9877008062626658
15,9,0.95,0.9953565692195442
16,0,0.05,0.7865222170924944
16,0,0.10,0.8281496834663626
16,0,0.15,0.888759128564791
16,0,0.20,0.9328496230708854
16,0,0.25,0.9832454015028672
16,0,0.30,0.7322659129821771
16,0,0.35,0.939541643482268
16,0,0.40,0.9472369746217353
16,0,0.45,0.9738813203414843
16,0,0.50,0.9600409187273653
16,0,0.55,0.951374501330856
16,0,0.60,0.99144146133387
16,0,0.65,0.9811910488173486
16,0,0.70,0.992347427891744
16,0,0.75,0.9868030787792879
16,0,0.80,0.9941452736124555
16,0,0.85,0.9903405638885296
16,0,0.90,0.9916488309751371
16,0,0.95,0.9962778002958891
16,1,0.05,0.7477051805983204
16,1,0.10,0.506627208856512
16,1,0.15,0.9098234516330519
16,1,0.20,0.8198073976223019
16,1,0.25,0.6801486574463802
16,1,0.30,0.9028391250780653
16,1,0.35,0.9767948548404687
16,1,0.40,0.9800401452875375
16,1,0.45,0.9828956707456912
16,1,0.50,0.9786510058649293
16,1,0.55,0.9765366831881623
16,1,0.60,0.9356415342501108
16,1,0.65,0.9891785266967839
16,1,0.70,0.9919632177628668
16,1,0.75,0.9897187193305562
16,1,0.80,0.9936844941711136
16,1,0.85,0.995440171947395
16,1,0.90,0.9944317523160784
16,1,0.95,0.9947037171612513
16,2,0.05,0.7280870089799014
16,2,0.10,0.8137732871259996
16,2,0.15,0.9279168750035278
16,2,0.20,0.9538522565938639
16,2,0.25,0.9130421591381181
16,2,0.30,0.8874773836990167
16,2,0.35,0.9706603481764308
16,2,0.40,0.9676569077011347
16,2,0.45,0.8641984931479764
16,2,0.50,0.9771498814080251
16,2,0.55,0.9260592814934778
16,2,0.60,0.9772170349056302
16,2,0.65,0.9647958314781443
16,2,0.70,0.9830272198791901
16,2,0.75,0.9881086543429829
16,2,0.80,0.9927178017413562
16,2,0.85,0.9930109317736271
16,2,0.90,0.9876380642181619
16,2,0.95,0.9882564583662069
16,3,0.05,0.8690556644253387
16,3,0.10,0.9083112608772631
16,3,0.15,0.781590133801373
16,3,0.20,0.9513956317947887
16,3,0.25,0.8577516940689733
16,3,0.30,0.962046912991497
16,3,0.35,0.975416240602482
16,3,0.40,0.946086697409439
16,3,0.45,0.9646922401634039
16,3,0.50,0.961308387199878
16,3,0.55,0.9844422382022944
16,3,0.60,0.9878061751345287
16,3,0.65,0.9786312043664664
16,3,0.70,0.9777889311734266
16,3,0.75,0.9916842851593499
16,3,0.80,0.9924847456270629
16,3,0.85,0.9827857022923596
16,3,0.90,0.9851273821589654
16,3,0.95,0.9968248117252879
16,4,0.05,0.3361026243912174
16,4,0.10,0.8617425119818996
16,4,0.15,0.782080159631404
16,4,0.20,0.9661739113954427
16,4,0.25,0.9389716105938545
16,4,0.30,0.9192528315178461
16,4,0.35,0.9158786163603851
16,4,0.40,0.936145898648264
16,4,0.45,0.9837142735964326
16,4,0.50,0.9886271301572066
16,4,0.55,0.9899922264945868
16,4,0.60,0.9521258943983174
16,4,0.65,0.9866125203923994
16,4,0.70,0.9710390664561933
16,4,0.75,0.990071219402617
16,4,0.80,0.9912380812025866
16,4,0.85,0.9935615638897193
16,4,0.90,0.9941180977200423
16,4,0.95,0.9881834665161865
16,5,0.05,0.015189509812303603
16,5,0.10,0.9121896512550149
16,5,0.15,0.8768800645202957
16,5,0.20,0.9287032665495085
16,5,0.25,0.9722429216495686
16,5,0.30,0.8244524082480713
16,5,0.35,0.839921185796849
16,5,0.40,0.9641489177600544
16,5,0.45,0.9768619660596066
16,5,0.50,0.8990767681892713
16,5,0.55,0.9817750639793191
16,5,0.60,0.9712689918105225
16,5,0.65,0.986515023905374
16,5,0.70,0.9681790323971535
16,5,0.75,0.9934893580004139
16,5,0.80,0.9882367086662449
16,5,0.85,0.9925507046573445
16,5,0.90,0.9889854916062704
16,5,0.95,0.9971844691388938
16,6,0.05,0.43324010671586555
16,6,0.10,0.4653893373429392
16,6,0.15,0.894186820919158
16,6,0.20,0.8709689945975599
16,6,0.25,0.7746447976873005
16,6,0.30,0.9850046720461065
16,6,0.35,0.8880230796846051
16,6,0.40,0.9807747912461756
16,6,0.45,0.9521426465905719
16,6,0.50,0.9774786458721569
16,6,0.55,0.9700588065358692
16,6,0.60,0.9852406672997397
16,6,0.65,0.9533520440883824
16,6,0.70,0.9811912509972558
16,6,0.75,0.9906200539176985
16,6,0.80,0.9912895668072118
16,6,0.85,0.9963400245784988
16,6,0.90,0.9941152711369409
16,6,0.95,0.9954119702573913
16,7,0.05,0.8301339164799627
16,7,0.10,0.8994089949097254
16,7,0.15,0.7804334265238101
16,7,0.20,0.8585351367772709
16,7,0.25,0.6936504309435061
16,7,0.30,0.946297892706126
16,7,0.35,0.6817396087279508
16,7,0.40,0.9701196390603712
16,7,0.45,0.9809538360136663
16,7,0.50,0.9833903913102378
16,7,0.55,0.9918346516595644
16,7,0.60,0.9802251556635639
16,7,0.65,0.9773645247847332
16,7,0.70,0.9795791938632582
16,7,0.75,0.9834191448481895
16,7,0.80,0.9809417471856599
16,7,0.85,0.9871664967278714
16,7,0.90,0.9968745233457774
16,7,0.95,0.9947515616727309
16,8,0.05,0.3657104541463102
16,8,0.10,0.7075752576749316
16,8,0.15,0.8712248959622796
16,8,0.20,0.7702991841039079
16,8,0.25,0.9613015574693183
16,8,0.30,0.8789868973620707
16,8,0.35,0.9490293087231142
16,8,0.40,0.9834916348704845
16,8,0.45,0.9105094274632032
16,8,0.50,0.976609143712224
16,8,0.55,0.9800945145880037
16,8,0.60,0.9867973631058184
16,8,0.65,0.9929454448742641
16,8,0.70,0.984588669778335
16,8,0.75,0.9825303561419235
16,8,0.80,0.9884004536790306
16,8,0.85,0.993881887125409
16,8,0.90,0.9968299046040776
16,8,0.95,0.9959372840690401
16,9,0.05,-0.5380838906119454
16,9,0.10,0.8588789483139794
16,9,0.15,0.9537164494844301
16,9,0.20,0.8912595618390433
16,9,0.25,0.5698228754745803
16,9,0.30,0.9740879825217386
16,9,0.35,0.9006903120265055
16,9,0.40,0.7799915779422169
16,9,0.45,0.943492010475063
16,9,0.50,0.9609315725554368
16,9,0.55,0.9395501293392327
16,9,0.60,0.9809219449803896
16,9,0.65,0.9782383289969895
16,9,0.70,0.9784979817039313
16,9,0.75,0.9919711639347377
16,9,0.80,0.9895649456735228
16,9,0.85,0.9929526711883889
16,9,0.90,0.9962660237747799
16,9,0.95,0.9833883578278124
17,0,0.05,0.7859565753407939
17,0,0.10,0.7125694871158679
17,0,0.15,0.8199578149846976
17,0,0.20,0.9019485133816884
17,0,0.25,0.8750327970201509
17,0,0.30,0.920643548406796
17,0,0.35,0.9524938669434653
17,0,0.40,0.9653547548306759
17,0,0.45,0.9713619571701689
17,0,0.50,0.9728093550656592
17,0,0.55,0.9926418870193963
17,0,0.60,0.9889909143769093
17,0,0.65,0.975446235329332
17,0,0.70,0.9928697397137534
17,0,0.75,0.9884726293192918
17,0,0.80,0.9949222000203929
17,0,0.85,0.9939471448962445
17,0,0.90,0.9969990373964278
17,0,0.95,0.9937325992430992
17,1,0.05,0.7958173310907722
17,1,0.10,0.9062829376077703
17,1,0.15,0.8142174739671079
17,1,0.20,0.820425300638814
17,1,0.25,0.9463687260630775
17,1,0.30,0.9442580579429588
17,1,0.35,0.902301336391317
17,1,0.40,0.9417084835553494
17,1,0.45,0.9666000497382821
17,1,0.50,0.9619129462557049
17,1,0.55,0.9756153871804086
17,1,0.60,0.9789836961269576
17,1,0.65,0.9912984682214839
17,1,0.70,0.9857321899805797
17,1,0.75,0.995756243992401
17,1,0.80,0.9946367085196576
17,1,0.85,0.9946111974236839
17,1,0.90,0.9947880562289034
17,1,0.95,0.9971408297731981
17,2,0.05,0.8172655256530562
17,2,0.10,0.854176853523374
17,2,0.15,0.7073189931414261
17,2,0.20,0.7448860560357489
17,2,0.25,0.6629180492176371
17,2,0.30,0.9336002805020567
17,2,0.35,0.9702311940200925
17,2,0.40,0.9232957459446041
17,2,0.45,0.9779302839833989
17,2,0.50,0.9868263056934108
17,2,0.55,0.962427479831959
17,2,0.60,0.9879062912280152
17,2,0.65,0.9838868330415522
17,2,0.70,0.9659174914924931
17,2,0.75,0.9950193520849231
17,2,0.80,0.9954612709280196
17,2,0.85,0.9965505620948621
17,2,0.90,0.9935349352058682
17,2,0.95,0.9946495171296282
17,3,0.05,0.34677403543450436
17,3,0.10,0.736574010966446
17,3,0.15,0.7500539609964492
17,3,0.20,0.9572800359978481
17,3,0.25,0.9113161726577782
17,3,0.30,0.9245624189480857
17,3,0.35,0.9552567280976682
17,3,0.40,0.9147949396324059
17,3,0.45,0.9644823637782289
17,3,0.50,0.937669836290226
17,3,0.55,0.9677221128356771
17,3,0.60,0.9804989537284511
17,3,0.65,0.9837383438529729
17,3,0.70,0.9792528396053691
17,3,0.75,0.9917441960606425
17,3,0.80,0.9830156439470685
17,3,0.85,0.9956340982618018
17,3,0.90,0.9945470178688289
17,3,0.95,0.9949255395011752
17,4,0.05,0.6627518881562885
17,4,0.10,0.8616096385420149
17,4,0.15,0.6981524684460962
17,4,0.20,0.8353958559533428
17,4,0.25,0.7903492501824205
17,4,0.30,0.9519484589934633
17,4,0.35,0.918639901473079
17,4,0.40,0.9355682042749246
17,4,0.45,0.9414426558090625
17,4,0.50,0.9890809445560425
17,4,0.55,0.9823165860056476
17,4,0.60,0.9835346659023185
17,4,0.65,0.9796789926726716
17,4,0.70,0.9829142664821725
17,4,0.75,0.9866629039957509
17,4,0.80,0.9963392548235699
17,4,0.85,0.9953676917525006
17,4,0.90,0.9928955549372479
17,4,0.95,0.9962794927600526
17,5,0.05,0.6042206862029287
17,5,0.10,0.30349625663484014
17,5,0.15,0.8452941303954952
17,5,0.20,0.9235503662472344
17,5,0.25,0.8905235929296388
17,5,0.30,0.7149632219070601
17,5,0.35,0.9004272649579391
17,5,0.40,0.9458230949904032
17,5,0.45,0.6935438826348423
17,5,0.50,0.9589903797247885
17,5,0.55,0.946574925803082
17,5,0.60,0.961128797541303
17,5,0.65,0.9832152926928015
17,5,0.70,0.9914051440470089
17,5,0.75,0.9890977074009635
17,5,0.80,0.9912270734505758
17,5,0.85,0.9960777600302393
17,5,0.90,0.9946804088293759
17,5,0.95,0.997224878885917
17,6,0.05,0.568560863563855
17,6,0.10,0.7326708427945826
17,6,0.15,0.8929994254521932
17,6,0.20,0.9182206354374275
17,6,0.25,0.5641933188494261
17,6,0.30,0.951749164446613
17,6,0.35,0.978666322949537
17,6,0.40,0.9700072601251435
17,6,0.45,0.9672912072509594
17,6,0.50,0.9416965056166454
17,6,0.55,0.9885242328473177
17,6,0.60,0.9780812230536489
17,6,0.65,0.9905937963133642
17,6,0.70,0.9862830546428933
17,6,0.75,0.9854597112435727
17,6,0.80,0.9880740364416543
17,6,0.85,0.9945924845789726
17,6,0.90,0.9919654157159623
17,6,0.95,0.9955516953654059
17,7,0.05,0.9487366495530871
17,7,0.10,0.7236383412007568
17,7,0.15,0.8154854965679088
17,7,0.20,0.8398444912585981
17,7,0.25,0.9568091924852337
17,7,0.30,0.9116182048628809
17,7,0.35,0.9729632648283424
17,7,0.40,0.9674545914113581
17,7,0.45,0.9766070839642008
17,7,0.50,0.9763432131061833
17,7,0.55,0.9861343319451268
17,7,0.60,0.9857518645774709
17,7,0.65,0.9848596623468253
17,7,0.70,0.9722681741922838
17,7,0.75,0.9941271760954672
17,7,0.80,0.9892326508784058
17,7,0.85,0.9904935829156967
17,7,0.90,0.9951354714067031
17,7,0.95,0.9939368044341256
17,8,0.05,0.7322048028718822
17,8,0.10,0.8397943978996333
17,8,0.15,0.9063421956577885
17,8,0.20,0.9229854714310795
17,8,0.25,0.9217379401954394
17,8,0.30,0.9011127479102777
17,8,0.35,0.9241622885745167
17,8,0.40,0.928831734461901
17,8,0.45,0.9706803336633627
17,8,0.50,0.9725623844762044
17,8,0.55,0.9703236873217699
17,8,0.60,0.9693173002324367
17,8,0.65,0.9774371478360381
17,8,0.70,0.9875075956517698
17,8,0.75,0.9923995611153911
17,8,0.80,0.9925099923317074
17,8,0.85,0.9884142444134388
17,8,0.90,0.9950759603475139
17,8,0.95,0.9966625902206105
17,9,0.05,0.569005632549598
17,9,0.10,0.9373244373821867
17,9,0.15,0.8081451587743385
17,9,0.20,0.8876162460296019
17,9,0.25,0.9625735745310693
17,9,0.30,0.8294686325579641
17,9,0.35,0.7773854022688809
17,9,0.40,0.7852919504336239
17,9,0.45,0.9586726051080359
17,9,0.50,0.9741180972088496
17,9,0.55,0.9800416715843069
17,9,0.60,0.9774468491818108
17,9,0.65,0.9631605523304045
17,9,0.70,0.968632887241246
17,9,0.75,0.9915303267853613
17,9,0.80,0.9909650711046682
17,9,0.85,0.9871316907710038
17,9,0.90,0.9919101459891089
17,9,0.95,0.994547735982958
18,0,0.05,0.7849779864148395
18,0,0.10,0.681108881252811
18,0,0.15,0.37424975242319203
18,0,0.20,0.7458493255885976
18,0,0.25,0.8620775695351091
18,0,0.30,0.9661715133587466
18,0,0.35,0.8698170908000982
18,0,0.40,0.9741425261683813
18,0,0.45,0.9680670938955406
18,0,0.50,0.98146030055904
18,0,0.55,0.9881476873501138
18,0,0.60,0.9801259695228264
18,0,0.65,0.9819644134309222
18,0,0.70,0.9652083144321941
18,0,0.75,0.9834125283530137
18,0,0.80,0.9853594580569315
18,0,0.85,0.9956129918153237
18,0,0.90,0.9931030400213483
18,0,0.95,0.9939987224215545
18,1,0.05,-0.4744692334396814
18,1,0.10,0.6791178567884466
18,1,0.15,0.8517307547329376
18,1,0.20,0.8158878468136255
18,1,0.25,0.8991879817597149
18,1,0.30,0.8169702547845433
18,1,0.35,0.9070896963604363
18,1,0.40,0.9752920902479145
18,1,0.45,0.9881085709522661
18,1,0.50,0.971789941529253
18,1,0.55,0.9815864299235996
18,1,0.60,0.990344154820707
18,1,0.65,0.994117727401742
18,1,0.70,0.9861144488903497
18,1,0.75,0.9874592243932803
18,1,0.80,0.9922896371830976
18,1,0.85,0.9923978521145841
18,1,0.90,0.992332743700233
18,1,0.95,0.9889526378278214
18,2,0.05,0.25815338554842315
18,2,0.10,0.6035923093596924
18,2,0.15,0.8620411929070745
18,2,0.20,0.6050477977966132
18,2,0.25,0.6017302355389863
18,2,0.30,0.9499490977111995
18,2,0.35,0.9359925746999334
18,2,0.40,0.9672381628827262
18,2,0.45,0.9487423978718201
18,2,0.50,0.9780955705145532
18,2,0.55,0.98323097775324
18,2,0.60,0.9842780440233215
18,2,0.65,0.9674554945255628
18,2,0.70,0.9787469854428411
18,2,0.75,0.9937772526525374
18,2,0.80,0.9954863758226863
18,2,0.85,0.9909494735369324
18,2,0.90,0.9948479997517253
18,2,0.95,0.9958514187377254
18,3,0.05,0.691124952055296
18,3,0.10,-0.06316912872817326
18,3,0.15,0.7707748215181481
18,3,0.20,0.8135133547703904
18,3,0.25,0.8899328415119379
18,3,0.30,0.9597972821231435
18,3,0.35,0.9709324644041443
18,3,0.40,0.8925560622972953
18,3,0.45,0.91596199800466
18,3,0.50,0.9818952457017776
18,3,0.55,0.9630331561284977
18,3,0.60,0.9861401745500074
18,3,0.65,0.9814613148670159
18,3,0.70,0.987662408272752
18,3,0.75,0.983001515779079
18,3,0.80,0.9947495048663682
18,3,0.85,0.9911367899639681
18,3,0.90,0.9901192487021707
18,3,0.95,0.9954668225430752
18,4,0.05,0.8138807711081699
18,4,0.10,0.6123582070481997
18,4,0.15,0.572499644465623
18,4,0.20,0.8101587214482382
18,4,0.25,0.890471436596047
18,4,0.30,0.9120460785002985
18,4,0.35,0.8685584903259707
18,4,0.40,0.9813112116790386
18,4,0.45,0.9674781696227132
18,4,0.50,0.9771465516527482
18,4,0.55,0.9873752581583919
18,4,0.60,0.98877425893971
18,4,0.65,0.9817836693314571
18,4,0.70,0.9951541238100816
18,4,0.75,0.9826379140207304
18,4,0.80,0.9948232542840201
18,4,0.85,0.9921791845908362
18,4,0.90,0.9958053920587014
18,4,0.95,0.9966018665952724
18,5,0.05,0.7639749087688248
18,5,0.10,0.4985451511261315
18,5,0.15,0.6927309622069904
18,5,0.20,0.6116373300224323
18,5,0.25,0.9186701383846241
18,5,0.30,0.8717893538581102
18,5,0.35,0.8056769702802307
18,5,0.40,0.852449019316734
18,5,0.45,0.9032720434771849
18,5,0.50,0.9359677229620733
18,5,0.55,0.9836251918825989
18,5,0.60,0.9887247205697175
18,5,0.65,0.9887152216231758
18,5,0.70,0.9908811164905997
18,5,0.75,0.9871720640601165
18,5,0.80,0.9954277874592181
18,5,0.85,0.9958020576833164
18,5,0.90,0.9932363516899716
18,5,0.95,0.9901226275536784
18,6,0.05,0.773145993432262
18,6,0.10,0.7754359200485119
18,6,0.15,0.7239782902899471
18,6,0.20,0.9265446985016258
18,6,0.25,0.9454569191994949
18,6,0.30,0.943672263974206
18,6,0.35,0.9274620141944179
18,6,0.40,0.9825787286106986
18,6,0.45,0.9814097947655553
18,6,0.50,0.9524832402986464
18,6,0.55,0.9803826060679973
18,6,0.60,0.9737000125493042
18,6,0.65,0.9856246875540696
18,6,0.70,0.9873844376388766
18,6,0.75,0.9937395672416761
18,6,0.80,0.993441572832806
18,6,0.85,0.9833876006786334
18,6,0.90,0.9854955859034408
18,6,0.95,0.9903975466506998
18,7,0.05,0.5356331248539732
18,7,0.10,0.7568383114015659
18,7,0.15,0.747053775357557
18,7,0.20,0.6917307460109492
18,7,0.25,0.8920899018207996
18,7,0.30,0.9669802217535781
18,7,0.35,0.8990273895736303
18,7,0.40,0.8965646401305596
18,7,0.45,0.9693534251422076
18,7,0.50,0.9710995100837496
18,7,0.55,0.9884021277396484
18,7,0.60,0.985635378058295
18,7,0.65,0.9895928155661977
18,7,0.70,0.993106678351271
18,7,0.75,0.992665085118352
18,7,0.80,0.9873950566743255
18,7,0.85,0.9899736702931305
18,7,0.90,0.9965087255812328
18,7,0.95,0.9946389927729061
18,8,0.05,-0.2862423488764816
18,8,0.10,0.8362698832631027
18,8,0.15,0.9572345818785047
18,8,0.20,0.9142514360406487
18,8,0.25,0.6987051512730953
18,8,0.30,0.8520845375720202
18,8,0.35,0.8542067327179343
18,8,0.40,0.9678687912794156
18,8,0.45,0.9611522834863753
18,8,0.50,0.9799272891483326
18,8,0.55,0.9832231375342733
18,8,0.60,0.9857266808431914
18,8,0.65,0.9873235068701871
18,8,0.70,0.9819272160715345
18,8,0.75,0.9911795766162808
18,8,0.80,0.9959815184380097
18,8,0.85,0.988078353016822
18,8,0.90,0.9910225249582965
18,8,0.95,0.997625420409794
18,9,0.05,0.27948182732103966
18,9,0.10,0.6444868762246574
18,9,0.15,0.6697638800666283
18,9,0.20,0.8515192164076746
18,9,0.25,0.6876716773298664
18,9,0.30,0.9431765292919896
18,9,0.35,0.9531948894513679
18,9,0.40,0.8603645661057887
18,9,0.45,0.9423010712772534
18,9,0.50,0.9814397179354283
18,9,0.55,0.9906068916613033
18,9,0.60,0.9748836233591597
18,9,0.65,0.9854062872552307
18,9,0.70,0.9864748114989592
18,9,0.75,0.9736571611733321
18,9,0.80,0.9924813529335573
18,9,0.85,0.9861135404991732
18,9,0.90,0.9921200782976264
18,9,0.95,0.9966489339808894
19,0,0.05,0.8700569610312117
19,0,0.10,0.8844338175194908
19,0,0.15,0.5984954350736689
19,0,0.20,0.9537522227729217
19,0,0.25,0.8358676438950642
19,0,0.30,0.9072966419694636
19,0,0.35,0.929129229329069
19,0,0.40,0.9328329064828872
19,0,0.45,0.935223744011968
19,0,0.50,0.9535061445109435
19,0,0.55,0.9436315107418515
19,0,0.60,0.9896060519061293
19,0,0.65,0.9909661290870437
19,0,0.70,0.9917943563647851
19,0,0.75,0.9934042680517158
19,0,0.80,0.9924418293620821
19,0,0.85,0.991322805144874
19,0,0.90,0.975534297074698
19,0,0.95,0.9924814420891399
19,1,0.05,0.339771279043663
19,1,0.10,0.3912487872128022
19,1,0.15,0.9198613496042479
19,1,0.20,0.8428711436409861
19,1,0.25,0.9415977222868535
19,1,0.30,0.9090718185473544
19,1,0.35,0.9414247337799329
19,1,0.40,0.9665589913825393
19,1,0.45,0.94794978960693
19,1,0.50,0.9395926697744897
19,1,0.55,0.9489536175067811
19,1,0.60,0.9804794763781679
19,1,0.65,0.991382052273613
19,1,0.70,0.9839575970385654
19,1,0.75,0.9829507382112788
19,1,0.80,0.9877081810608139
19,1,0.85,0.9767242381050487
19,1,0.90,0.9978813961467361
19,1,0.95,0.9941200424030567
19,2,0.05,0.9377209973745486
19,2,0.10,0.7035292700947305
19,2,0.15,0.7131471364758943
19,2,0.20,0.9414305939960209
19,2,0.25,0.934116323601182
19,2,0.30,0.9462783516225445
19,2,0.35,0.9171065145486401
19,2,0.40,0.9597044675579509
19,2,0.45,0.9778878781722741
19,2,0.50,0.9645943560039708
19,2,0.55,0.9912384766817902
19,2,0.60,0.9832128533476454
19,2,0.65,0.9888121602665538
19,2,0.70,0.9729829292062675
19,2,0.75,0.9914490322764274
19,2,0.80,0.9940829913144655
19,2,0.85,0.9843870358226364
19,2,0.90,0.9956250791037925
19,2,0.95,0.994901600386506
19,3,0.05,0.8598592089989376
19,3,0.10,0.6718917424990727
19,3,0.15,0.8608954765007754
19,3,0.20,0.881785669828425
19,3,0.25,0.9036057082339398
19,3,0.30,0.8456035020607279
19,3,0.35,0.9475810291353075
19,3,0.40,0.9794750213498019
19,3,0.45,0.9813396061747548
19,3,0.50,0.9341952148732118
19,3,0.55,0.9847925809326232
19,3,0.60,0.9798004102822013
19,3,0.65,0.9814131421628106
19,3,0.70,0.9595838454082234
19,3,0.75,0.9880053123837568
19,3,0.80,0.9874742605195996
19,3,0.85,0.9951530515274862
19,3,0.90,0.9960321793968792
19,3,0.95,0.9951129880487781
19,4,0.05,0.9193232908677618
19,4,0.10,0.774107574738806
19,4,0.15,0.7194052613879123
19,4,0.20,0.8479845714515369
19,4,0.25,0.8619407063843352
19,4,0.30,0.947784717889221
19,4,0.35,0.9594978639429619
19,4,0.40,0.9486407857268437
19,4,0.45,0.9538432313381807
19,4,0.50,0.9652455838694728
19,4,0.55,0.9460612709306032
19,4,0.60,0.980860887856986
19,4,0.65,0.9628795818401386
19,4,0.70,0.9827920743623886
19,4,0.75,0.9881320390388642
19,4,0.80,0.9688425745888554
19,4,0.85,0.9956564371052723
19,4,0.90,0.9936718607878677
19,4,0.95,0.9963742834754454
19,5,0.05,-0.2711604596933188
19,5,0.10,0.7176362438758649
19,5,0.15,0.6704199361535247
19,5,0.20,0.7985359531982874
19,5,0.25,0.8446219232844335
19,5,0.30,0.9062151879577411
19,5,0.35,0.9125072316756747
19,5,0.40,0.9450990273710438
19,5,0.45,0.9745647673644167
19,5,0.50,0.9397903305930823
19,5,0.55,0.9698980531547752
19,5,0.60,0.991309759968011
19,5,0.65,0.9712331107012597
19,5,0.70,0.9858826804509719
19,5,0.75,0.9808763541650124
19,5,0.80,0.9879275040171682
19,5,0.85,0.9907266837799262
19,5,0.90,0.9969240131013418
19,5,0.95,0.9961443710469604
19,6,0.05,0.9247942944830995
19,6,0.10,0.4339894259856504
19,6,0.15,0.9160536002061631
19,6,0.20,0.7802460442284774
19,6,0.25,0.9014708583282902
19,6,0.30,0.9638228488583979
19,6,0.35,0.6220891987694551
19,6,0.40,0.9268872154769081
19,6,0.45,0.9669246469812407
19,6,0.50,0.9638661800326683
19,6,0.55,0.9900403016550365
19,6,0.60,0.9917064743975376
19,6,0.65,0.9864819794245264
19,6,0.70,0.991030308655975
19,6,0.75,0.9933870699974752
19,6,0.80,0.9799502573808838
19,6,0.85,0.9932712746766684
19,6,0.90,0.9963933310985963
19,6,0.95,0.9930942864337434
19,7,0.05,0.8758507906465385
19,7,0.10,0.9336721760927446
19,7,0.15,0.738574551863271
19,7,0.20,0.9335069664228545
19,7,0.25,0.7437123336078857
19,7,0.30,0.9305608147927354
19,7,0.35,0.941007124902205
19,7,0.40,0.979060521472841
19,7,0.45,0.9871679591426513
19,7,0.50,0.9798493888736607
19,7,0.55,0.971479086453418
19,7,0.60,0.9830800804366618
19,7,0.65,0.985391038737002
19,7,0.70,0.9877342163810984
19,7,0.75,0.9591479650076054
19,7,0.80,0.9934807627459945
19,7,0.85,0.9938758604738113
19,7,0.90,0.9965407627532787
19,7,0.95,0.9936474862832938
19,8,0.05,0.5051143505405427
19,8,0.10,0.8349257802147612
19,8,0.15,0.9295468003076576
19,8,0.20,0.8445278935140085
19,8,0.25,0.7969448273540921
19,8,0.30,0.9194366273068743
19,8,0.35,0.9567724907903737
19,8,0.40,0.8476115117089609
19,8,0.45,0.9669517184494222
19,8,0.50,0.8975660532692816
19,8,0.55,0.9703066149019042
19,8,0.60,0.9819910747572469
19,8,0.65,0.978268212257999
19,8,0.70,0.9809524800332166
19,8,0.75,0.9634251589468291
19,8,0.80,0.9820402156904597
19,8,0.85,0.9953616906864636
19,8,0.90,0.9941027532035099
19,8,0.95,0.9934049264444132
19,9,0.05,0.8852981781074949
19,9,0.10,0.5748547087108975
19,9,0.15,0.9076748598331694
19,9,0.20,0.8924312608363466
19,9,0.25,0.9611733026118909
19,9,0.30,0.8988958704883429
19,9,0.35,0.9422146743588237
19,9,0.40,0.9756069798533733
19,9,0.45,0.96581122056772
19,9,0.50,0.8999762021169432
19,9,0.55,0.9788351838216391
19,9,0.60,0.9888685301775163
19,9,0.65,0.9710526684317666
19,9,0.70,0.9838160930096755
19,9,0.75,0.9907331493511767
19,9,0.80,0.9811297615945372
19,9,0.85,0.9962310992916386
19,9,0.90,0.9961508206864857
19,9,0.95,0.9960866487159359
20,0,0.05,0.0960079718039768
20,0,0.10,0.6069346237150565
20,0,0.15,0.9161931141014209
20,0,0.20,0.9233154913250317
20,0,0.25,0.7959783891435233
20,0,0.30,0.9603065951576433
20,0,0.35,0.9350382640817101
20,0,0.40,0.9829459125445906
20,0,0.45,0.9562890839294258
20,0,0.50,0.9707150844044455
20,0,0.55,0.983870707959234
20,0,0.60,0.9549599350134333
20,0,0.65,0.9871891325333886
20,0,0.70,0.9886584336657014
20,0,0.75,0.9939174641862943
20,0,0.80,0.9832083191191229
20,0,0.85,0.9916312255794317
20,0,0.90,0.9931715722557106
20,0,0.95,0.99561566640483
20,1,0.05,-0.3034103192765041
20,1,0.10,0.7733621273348308
20,1,0.15,0.8308693470345995
20,1,0.20,0.811812543124643
20,1,0.25,0.9259421189087422
20,1,0.30,0.944936275039921
20,1,0.35,0.9454107535838918
20,1,0.40,0.9691841532096331
20,1,0.45,0.9762191396286823
20,1,0.50,0.9752113078380376
20,1,0.55,0.972275075527415
20,1,0.60,0.9942895289816602
20,1,0.65,0.9857896341968722
20,1,0.70,0.9886383906148261
20,1,0.75,0.9671100636738441
20,1,0.80,0.9931718704895522
20,1,0.85,0.9873289688043206
20,1,0.90,0.9928883226707885
20,1,0.95,0.9959240652488734
20,2,0.05,0.5280589591778768
20,2,0.10,0.4657723741463943
20,2,0.15,0.5937401265371458
20,2,0.20,0.8714617046835893
20,2,0.25,0.775840016478305
20,2,0.30,0.9676920784688176
20,2,0.35,0.8939705119094825
20,2,0.40,0.9699915363094864
20,2,0.45,0.9730339619521967
20,2,0.50,0.9887430388298493
20,2,0.55,0.9882530108405513
20,2,0.60,0.9847386545886972
20,2,0.65,0.9815145920873906
20,2,0.70,0.9914664453585492
20,2,0.75,0.9943107820532612
20,2,0.80,0.990839874210982
20,2,0.85,0.9953931715480498
20,2,0.90,0.9927219236428984
20,2,0.95,0.9965770745775526
20,3,0.05,0.39811918964519866
20,3,0.10,0.9235297660573625
20,3,0.15,0.8688949868555452
20,3,0.20,0.8593621317253424
20,3,0.25,0.8872537060576575
20,3,0.30,0.922497434848383
20,3,0.35,0.9700683387903868
20,3,0.40,0.9803040398055298
20,3,0.45,0.9719570139844984
20,3,0.50,0.9446511224338792
20,3,0.55,0.9876490175633567
20,3,0.60,0.9902105942914975
20,3,0.65,0.9903703181605219
20,3,0.70,0.97228694857088
20,3,0.75,0.9890749648338027
20,3,0.80,0.9861109559134377
20,3,0.85,0.9881392841544935
20,3,0.90,0.9934355355622424
20,3,0.95,0.9972599304589264
20,4,0.05,0.6719812704536221
20,4,0.10,0.8643750551337155
20,4,0.15,0.5674697362212561
20,4,0.20,0.94617082304963
20,4,0.25,0.8355241948083343
20,4,0.30,0.9535880367727444
20,4,0.35,0.9601590483065482
20,4,0.40,0.9411462322720449
20,4,0.45,0.920016540504668
20,4,0.50,0.9690314076183664
20,4,0.55,0.9753658352272765
20,4,0.60,0.9661301407024652
20,4,0.65,0.9861168234718869
20,4,0.70,0.9901494635635546
20,4,0.75,0.9945791776132713
20,4,0.80,0.9842294888604092
20,4,0.85,0.9920533680896101
20,4,0.90,0.9873758775712695
20,4,0.95,0.9950834045282134
20,5,0.05,0.4902923952198336
20,5,0.10,0.9021318668767765
20,5,0.15,0.6103385851816048
20,5,0.20,0.8591375575968097
20,5,0.25,0.9570097744730964
20,5,0.30,0.965308534245217
20,5,0.35,0.8846788697011696
20,5,0.40,0.9839381452325976
20,5,0.45,0.9198695415265754
20,5,0.50,0.9222244653781617
20,5,0.55,0.9884347147490878
20,5,0.60,0.9791731846112612
20,5,0.65,0.9854726089461988
20,5,0.70,0.9814238660195503
20,5,0.75,0.9821192813070283
20,5,0.80,0.9854659025462712
20,5,0.85,0.993319490063807
20,5,0.90,0.9925968401940316
20,5,0.95,0.9928092200976958
20,6,0.05,0.2847040767469121
20,6,0.10,0.7491721470405821
20,6,0.15,0.41711202690046956
20,6,0.20,0.9308593134653278
20,6,0.25,0.9410616072735416
20,6,0.30,0.950949577166045
20,6,0.35,0.9689357480221611
20,6,0.40,0.9700235312888883
20,6,0.45,0.9564165290842136
20,6,0.50,0.9846564352066632
20,6,0.55,0.980826413762883
20,6,0.60,0.9774244765114716
20,6,0.65,0.9862438688394979
20,6,0.70,0.9893525808348481
20,6,0.75,0.9849262668721666
20,6,0.80,0.9774806636178262
20,6,0.85,0.9903461735092737
20,6,0.90,0.9959521255086603
20,6,0.95,0.9956659474011528
20,7,0.05,-0.5735016839075011
20,7,0.10,0.7207443911310634
20,7,0.15,0.8739938526556938
20,7,0.20,0.8387786089320237
20,7,0.25,0.8647349239032253
20,7,0.30,0.9598793141029756
20,7,0.35,0.943810545011129
20,7,0.40,0.9880210741944878
20,7,0.45,0.9721570117071305
20,7,0.50,0.9838199326993984
20,7,0.55,0.9872929410549494
20,7,0.60,0.9719535858255575
20,7,0.65,0.98044336689318
20,7,0.70,0.9649491136753926
20,7,0.75,0.9937718165952572
20,7,0.80,0.9905708778686024
20,7,0.85,0.9935464551839205
20,7,0.90,0.9956398088448721
20,7,0.95,0.9944096902658368
20,8,0.05,0.017330074324045208
20,8,0.10,0.841357415546972
20,8,0.15,0.8934250835989421
20,8,0.20,0.8897289803485834
20,8,0.25,0.9479963435571774
20,8,0.30,0.9350030493210798
20,8,0.35,0.9847089294715097
20,8,0.40,0.9716307418276166
20,8,0.45,0.9701890216498743
20,8,0.50,0.9796246276252305
20,8,0.55,0.9892513172522449
20,8,0.60,0.9816102759820071
20,8,0.65,0.9768029067722808
20,8,0.70,0.9820133309029211
20,8,0.75,0.9866770989324396
20,8,0.80,0.9743123887000253
20,8,0.85,0.9938489015716704
20,8,0.90,0.98976248509201
20,8,0.95,0.9921716537417237
20,9,0.05,0.29895715642999166
20,9,0.10,0.8383212395606463
20,9,0.15,0.9339811816273311
20,9,0.20,0.8019915918051186
20,9,0.25,0.9632969946387927
20,9,0.30,0.9740631890388187
20,9,0.35,0.9648829221047885
20,9,0.40,0.9730117831957674
20,9,0.45,0.9734939141596214
20,9,0.50,0.9782708697564434
20,9,0.55,0.9882082542541797
20,9,0.60,0.9845560958515902
20,9,0.65,0.9805779389167406
20,9,0.70,0.9875568740932074
20,9,0.75,0.9676916178603749
20,9,0.80,0.9942124357809562
20,9,0.85,0.9966002724039892
20,9,0.90,0.9911269884338199
20,9,0.95,0.9973316604472633
21,0,0.05,0.7382241559100347
21,0,0.10,0.44995274609778557
21,0,0.15,0.9072781415783343
21,0,0.20,0.8214996965832421
21,0,0.25,0.8804054389553141
21,0,0.30,0.9421778201540204
21,0,0.35,0.926024616212878
21,0,0.40,0.9208971981675611
21,0,0.45,0.9642171427065943
21,0,0.50,0.981352210695239
21,0,0.55,0.9235393527170135
21,0,0.60,0.9914691797984805
21,0,0.65,0.9927849195452144
21,0,0.70,0.9892975391154459
21,0,0.75,0.992674229036203
21,0,0.80,0.9856068923334466
21,0,0.85,0.9947943596408226
21,0,0.90,0.9927140629182731
21,0,0.95,0.9957812251987965
21,1,0.05,0.5780726606562637
21,1,0.10,0.6676433901063095
21,1,0.15,0.7174570226921424
21,1,0.20,0.7009144280010022
21,1,0.25,0.8220922441366514
21,1,0.30,0.8876946719926845
21,1,0.35,0.9753866731496411
21,1,0.40,0.9558823468765122
21,1,0.45,0.8620725417690681
21,1,0.50,0.9807963398502624
21,1,0.55,0.9772476438612812
21,1,0.60,0.9844639801815549
21,1,0.65,0.9813935922194865
21,1,0.70,0.994285144580722
21,1,0.75,0.9836173323530317
21,1,0.80,0.9907060089942562
21,1,0.85,0.9928592669000557
21,1,0.90,0.9782713952947085
21,1,0.95,0.9872511634441685
21,2,0.05,0.8669938209747445
21,2,0.10,0.7694780214323457
21,2,0.15,0.9581352814993879
21,2,0.20,0.9197054374406675
21,2,0.25,0.9376221282678179
21,2,0.30,0.9656444939746542
21,2,0.35,0.9286205326557555
21,2,0.40,0.9257187439149998
21,2,0.45,0.8768270940071923
21,2,0.50,0.9751166761179011
21,2,0.55,0.9806152941013765
21,2,0.60,0.9695116853135209
21,2,0.65,0.9933365388851116
21,2,0.70,0.991231028098048
21,2,0.75,0.9906872045436873
21,2,0.80,0.9925183870053137
21,2,0.85,0.9946551701267182
21,2,0.90,0.9951032992554312
21,2,0.95,0.9948596119142793
21,3,0.05,0.10957073195874589
21,3,0.10,0.40133806560242746
21,3,0.15,0.9088260417177894
21,3,0.20,0.9202603230988459
21,3,0.25,0.906147944538701
21,3,0.30,0.9531016733109966
21,3,0.35,0.9600205314636491
21,3,0.40,0.9677486186769259
21,3,0.45,0.956854546697534
21,3,0.50,0.9588486375557757
21,3,0.55,0.985311099408022
21,3,0.60,0.9592577262335661
21,3,0.65,0.9814249965501809
21,3,0.70,0.9835717302391176
21,3,0.75,0.984437794300984
21,3,0.80,0.9893547856504911
21,3,0.85,0.9941593495043661
21,3,0.90,0.9954607986571674
21,3,0.95,0.9951079507783126
21,4,0.05,-0.29836874694261883
21,4,0.10,0.5877341519299702
21,4,0.15,0.9341612876784048
21,4,0.20,0.9506141228432026
21,4,0.25,0.9578112488621524
21,4,0.30,0.950404784033245
21,4,0.35,0.9626654361586507
21,4,0.40,0.9638240680829637
21,4,0.45,0.9342339221316733
21,4,0.50,0.9799366099309315
21,4,0.55,0.9460073300684004
21,4,0.60,0.9778756883264569
21,4,0.65,0.9694832967063369
21,4,0.70,0.9757382416799976
21,4,0.75,0.9634569495517666
21,4,0.80,0.9830016335013538
21,4,0.85,0.993789913778051
21,4,0.90,0.9887002675163712
21,4,0.95,0.9941547737648364
21,5,0.05,0.9070919623784937
21,5,0.10,0.7094620186632463
21,5,0.15,0.6030265956896357
21,5,0.20,0.8677696979363043
21,5,0.25,0.9550885768440978
21,5,0.30,0.9385620733025652
21,5,0.35,0.9348966464728342
21,5,0.40,0.9776746974769192
21,5,0.45,0.9871528393326501
21,5,0.50,0.972521251495096
21,5,0.55,0.9886408605999057
21,5,0.60,0.9822570730947074
21,5,0.65,0.9906129317338543
21,5,0.70,0.9837671082785433
21,5,0.75,0.9861862396431009
21,5,0.80,0.9852427928629092
21,5,0.85,0.9920703031885618
21,5,0.90,0.994539938842081
21,5,0.95,0.9889990120878628
21,6,0.05,0.8214659665662014
21,6,0.10,0.931911469310798
21,6,0.15,0.7682407555735172
21,6,0.20,0.8912560878939647
21,6,0.25,0.9650320279748149
21,6,0.30,0.958973633234913
21,6,0.35,0.8788737408249105
21,6,0.40,0.9484479525751249
21,6,0.45,0.9523173334304114
21,6,0.50,0.9812505542872749
21,6,0.55,0.9921414919204868
21,6,0.60,0.9901077824086962
21,6,0.65,0.9914134594510365
21,6,0.70,0.9920461941066951
21,6,0.75,0.9719984736157514
21,6,0.80,0.9940492916038355
21,6,0.85,0.9908303621687216
21,6,0.90,0.9926742533535562
21,6,0.95,0.9891942764635746
21,7,0.05,0.6302777715187745
21,7,0.10,0.8632464486783711
21,7,0.15,0.9329080306223583
21,7,0.20,0.8876135885468447
21,7,0.25,0.9153894221653114
21,7,0.30,0.940114572180156
21,7,0.35,0.9528043856876717
21,7,0.40,0.9625190571766574
21,7,0.45,0.9799139409944833
21,7,0.50,0.9701133797174392
21,7,0.55,0.9839208468809149
21,7,0.60,0.9696821906381239
21,7,0.65,0.9834148593099796
21,7,0.70,0.9820847937405969
21,7,0.75,0.9809188696172771
21,7,0.80,0.993848907803434
21,7,0.85,0.9917407583758199
21,7,0.90,0.9892177018889603
21,7,0.95,0.9930555092687019
21,8,0.05,0.5603428915322752
21,8,0.10,0.8684740334194705
21,8,0.15,0.8357324538867287
21,8,0.20,0.8144439681492641
21,8,0.25,0.9027532257941722
21,8,0.30,0.9543341755407678
21,8,0.35,0.9142227125754682
21,8,0.40,0.9608737379368067
21,8,0.45,0.9682770419134925
21,8,0.50,0.9830395074194574
21,8,0.55,0.9886468423706403
21,8,0.60,0.9829290188759984
21,8,0.65,0.9781175317018533
21,8,0.70,0.9870970070298584
21,8,0.75,0.9883242262922147
21,8,0.80,0.9924172699160871
21,8,0.85,0.9942074589258745
21,8,0.90,0.9952886520525543
21,8,0.95,0.9900139140109195
21,9,0.05,0.31863658534681216
21,9,0.10,0.1631614259331885
21,9,0.15,0.8932538038646536
21,9,0.20,0.7867211524117924
21,9,0.25,0.7308889205689002
21,9,0.30,0.9287741275421341
21,9,0.35,0.9682664792672492
21,9,0.40,0.9463858742821152
21,9,0.45,0.9279236519435708
21,9,0.50,0.973702983204348
21,9,0.55,0.9606312839023439
21,9,0.60,0.9759772681146452
21,9,0.65,0.9709005392611524
21,9,0.70,0.9682445716221544
21,9,0.75,0.9833946907942582
21,9,0.80,0.9925240961403524
21,9,0.85,0.9914690257636388
21,9,0.90,0.9956211821524463
21,9,0.95,0.9937158696801419
22,0,0.05,0.5941025282949159
22,0,0.10,0.7030332362453927
22,0,0.15,0.8291267991593356
22,0,0.20,0.9441251394274298
22,0,0.25,0.9876847646621848
22,0,0.30,0.9165629819171849
22,0,0.35,0.9325661720146012
22,0,0.40,0.960834473944155
22,0,0.45,0.984479072975557
22,0,0.50,0.9807099069601414
22,0,0.55,0.9817335315155968
22,0,0.60,0.9553846344341438
22,0,0.65,0.972966146988307
22,0,0.70,0.9773301676709154
22,0,0.75,0.9887118806809486
22,0,0.80,0.9795338828614341
22,0,0.85,0.9927433550716531
22,0,0.90,0.9899653737635317
22,0,0.95,0.9958653190178213
22,1,0.05,0.3681443867700809
22,1,0.10,0.7659540136607783
22,1,0.15,0.8271120925380309
22,1,0.20,0.8846521278003553
22,1,0.25,0.9107846478321795
22,1,0.30,0.9418160792179958
22,1,0.35,0.9569098280065088
22,1,0.40,0.961747367640211
22,1,0.45,0.9711528911517819
22,1,0.50,0.9902728383722971
22,1,0.55,0.9667202276626534
22,1,0.60,0.9815658071797421
22,1,0.65,0.9858879194515495
22,1,0.70,0.9810176383588853
22,1,0.75,0.9876154816757017
22,1,0.80,0.9918146056812756
22,1,0.85,0.9908964791800989
22,1,0.90,0.9949729265524349
22,1,0.95,0.9935915355238253
22,2,0.05,0.35412003777672274
22,2,0.10,0.890219205886414
22,2,0.15,0.8675201864097888
22,2,0.20,0.8466784956364688
22,2,0.25,0.9516560737422416
22,2,0.30,0.9368763174821965
22,2,0.35,0.961666381747459
22,2,0.40,0.9762802867771769
22,2,0.45,0.940226383746929
22,2,0.50,0.9762445226632155
22,2,0.55,0.978685305875551
22,2,0.60,0.9790899672599367
22,2,0.65,0.989631485219963
22,2,0.70,0.9785209679041365
22,2,0.75,0.9923885097777086
22,2,0.80,0.992920488115586
22,2,0.85,0.9948403230484815
22,2,0.90,0.9966609546070389
22,2,0.95,0.9939372636626074
22,3,0.05,0.77201351654836
22,3,0.10,0.7774781581382555
22,3,0.15,0.8636269619176572
22,3,0.20,0.9104995606382896
22,3,0.25,0.9829596508447996
22,3,0.30,0.9518216543836518
22,3,0.35,0.9672294482070553
22,3,0.40,0.9768287711150192
22,3,0.45,0.9635376467541333
22,3,0.50,0.9764774573792888
22,3,0.55,0.988156472706475
22,3,0.60,0.9750171836391142
22,3,0.65,0.9859943403012277
22,3,0.70,0.9799883170264854
22,3,0.75,0.9909887935075561
22,3,0.80,0.9931969836514314
22,3,0.85,0.9911972151278277
22,3,0.90,0.9894152042751531
22,3,0.95,0.9927991402411706
22,4,0.05,0.10713268803779297
22,4,0.10,0.7021844291734584
22,4,0.15,0.5493163004341808
22,4,0.20,0.892924282649167
22,4,0.25,0.780194896528195
22,4,0.30,0.9453461681357702
22,4,0.35,0.9117651353554819
22,4,0.40,0.965980932068847
22,4,0.45,0.9461417021637128
22,4,0.50,0.962086245374575
22,4,0.55,0.9600462509407521
22,4,0.60,0.967035618358418
22,4,0.65,0.9897475360282053
22,4,0.70,0.9833784082123435
22,4,0.75,0.9734355088875457
22,4,0.80,0.9946170392090375
22,4,0.85,0.9736599918648532
22,4,0.90,0.9918165376169181
22,4,0.95,0.994352158870874
22,5,0.05,0.690487919248318
22,5,0.10,0.9049798190732556
22,5,0.15,0.9106761504774233
22,5,0.20,0.904401906865088
22,5,0.25,0.9148364366860876
22,5,0.30,0.9497199213123673
22,5,0.35,0.958213881332297
22,5,0.40,0.9376854301119225
22,5,0.45,0.9871405194520713
22,5,0.50,0.9247361179090857
22,5,0.55,0.9528102739568006
22,5,0.60,0.9729150552473281
22,5,0.65,0.9874208688725202
22,5,0.70,0.9919716550234832
22,5,0.75,0.9925226742085294
22,5,0.80,0.990092771104945
22,5,0.85,0.9577696700215287
22,5,0.90,0.9934736002469222
22,5,0.95,0.9953598229324947
22,6,0.05,0.2938634250855663
22,6,0.10,0.7635730969726942
22,6,0.15,0.8280560325292433
22,6,0.20,0.9044975830274763
22,6,0.25,0.8550890107780577
22,6,0.30,0.973923896211065
22,6,0.35,0.9554154101602791
22,6,0.40,0.8998497332842897
22,6,0.45,0.9690224863447041
22,6,0.50,0.9350078079337019
22,6,0.55,0.9500233006480501
22,6,0.60,0.9799467294864637
22,6,0.65,0.9923506545188736
22,6,0.70,0.9865841483133637
22,6,0.75,0.9902328662993701
22,6,0.80,0.9908430782153986
22,6,0.85,0.9869813212157711
22,6,0.90,0.9917227200324715
22,6,0.95,0.9964998422170336
22,7,0.05,0.6300918990796116
22,7,0.10,0.8895704090854172
22,7,0.15,0.8635705452920548
22,7,0.20,0.8454316270862747
22,7,0.25,0.9787290811131167
22,7,0.30,0.9235279425720002
22,7,0.35,0.9641572893864617
22,7,0.40,0.899187470126971
22,7,0.45,0.9868532507693193
22,7,0.50,0.9836345986361319
22,7,0.55,0.9781140688604572
22,7,0.60,0.9557616475587347
22,7,0.65,0.96700487773857
22,7,0.70,0.9920828503298598
22,7,0.75,0.9926991603782915
22,7,0.80,0.99221220408477
22,7,0.85,0.994378790825162
22,7,0.90,0.9935212117868383
22,7,0.95,0.9963121992625033
22,8,0.05,0.21937213990242388
22,8,0.10,0.3543296239922099
22,8,0.15,0.6419523515417578
22,8,0.20,0.8861604505818984
22,8,0.25,0.89889805626709
22,8,0.30,0.881679560984886
22,8,0.35,0.9675529685198752
22,8,0.40,0.9760661845596653
22,8,0.45,0.9820679910769661
22,8,0.50,0.9795183527118666
22,8,0.55,0.9797986669148074
22,8,0.60,0.9831961561818646
22,8,0.65,0.9798046226544183
22,8,0.70,0.9892468088494366
22,8,0.75,0.9795564713413393
22,8,0.80,0.9800825724368358
22,8,0.85,0.9936318051609814
22,8,0.90,0.9892831702838798
22,8,0.95,0.994851167836796
22,9,0.05,0.5051997262790486
22,9,0.10,0.739395358640216
22,9,0.15,0.885907972829169
22,9,0.20,0.9591208628051703
22,9,0.25,0.9202105484129739
22,9,0.30,0.9628147300631827
22,9,0.35,0.8203089483367261
22,9,0.40,0.9765898725286786
22,9,0.45,0.982054011797187
22,9,0.50,0.9708773960784024
22,9,0.55,0.981157097650726
22,9,0.60,0.9785762748174984
22,9,0.65,0.9651427175596999
22,9,0.70,0.9641544888511723
22,9,0.75,0.9867794834342587
22,9,0.80,0.9959576526617859
22,9,0.85,0.9918440910995233
22,9,0.90,0.9927983374141535
22,9,0.95,0.995858805476023
23,0,0.05,0.2914126011260254
23,0,0.10,0.8500204043447892
23,0,0.15,0.8741701350201284
23,0,0.20,0.8886755240200062
23,0,0.25,0.9093682058811478
23,0,0.30,0.9463274293322954
23,0,0.35,0.9429253279891882
23,0,0.40,0.9625365477147458
23,0,0.45,0.9663971324566836
23,0,0.50,0.9415031344933572
23,0,0.55,0.9614438237519943
23,0,0.60,0.9908923465388401
23,0,0.65,0.9803078991341452
23,0,0.70,0.9861629245979874
23,0,0.75,0.9939905321596539
23,0,0.80,0.9945254177422485
23,0,0.85,0.9945610534569881
23,0,0.90,0.9919685940500115
23,0,0.95,0.9816673732991102
23,1,0.05,-0.11531129695030118
23,1,0.10,0.9553904846492702
23,1,0.15,0.8823808378317343
23,1,0.20,0.8700277524432746
23,1,0.25,0.9552767062184827
23,1,0.30,0.9318836477519837
23,1,0.35,0.95261644722025
23,1,0.40,0.9185056792317955
23,1,0.45,0.953806677107493
23,1,0.50,0.9721574744113106
23,1,0.55,0.9750765148132413
23,1,0.60,0.9704776440105857
23,1,0.65,0.9919807373684759
23,1,0.70,0.9886424678098198
23,1,0.75,0.9800742732472489
23,1,0.80,0.9935008811419116
23,1,0.85,0.9967835958368166
23,1,0.90,0.9950420486133906
23,1,0.95,0.993954945859698
23,2,0.05,0.895768705373379
23,2,0.10,0.6897977358093099
23,2,0.15,0.9113842958915087
23,2,0.20,0.7396927374731339
23,2,0.25,0.9257032557228441
23,2,0.30,0.9746762205920687
23,2,0.35,0.9431457810026874
23,2,0.40,0.9812341211947474
23,2,0.45,0.951561814878485
23,2,0.50,0.987812587171091
23,2,0.55,0.9854656921929867
23,2,0.60,0.982554701584733
23,2,0.65,0.9873632968869892
23,2,0.70,0.9880304101181732
23,2,0.75,0.9953681174950484
23,2,0.80,0.9938384151554881
23,2,0.85,0.9883135636788428
23,2,0.90,0.9917454209340102
23,2,0.95,0.9898373726628369
23,3,0.05,0.9376135828048068
23,3,0.10,0.9072042447260876
23,3,0.15,0.9352633234496595
23,3,0.20,0.9057602589006568
23,3,0.25,0.9343653534914307
23,3,0.30,0.9569026821683372
23,3,0.35,0.950440868580099
23,3,0.40,0.9467659474284809
23,3,0.45,0.9822460831860942
23,3,0.50,0.9766811903607869
23,3,0.55,0.9805518339318807
23,3,0.60,0.9868036696553661
23,3,0.65,0.9816073934962672
23,3,0.70,0.9901929197204941
23,3,0.75,0.9966655834814265
23,3,0.80,0.9923476090204585
23,3,0.85,0.9942837982391503
23,3,0.90,0.9868490105818789
23,3,0.95,0.9959330388137595
23,4,0.05,-0.022594151108454863
23,4,0.10,0.6550722124813504
23,4,0.15,0.8717474088256042
23,4,0.20,0.9125987559103007
23,4,0.25,0.8919621441594796
23,4,0.30,0.9409407356804517
23,4,0.35,0.9547053811690412
23,4,0.40,0.9615023288536813
23,4,0.45,0.9717827322763913
23,4,0.50,0.9868113086273366
23,4,0.55,0.9744456188447389
23,4,0.60,0.9879349866533378
23,4,0.65,0.9758413556175577
23,4,0.70,0.9833701374725241
23,4,0.75,0.987050236585999
23,4,0.80,0.9904425064637303
23,4,0.85,0.9938338786574212
23,4,0.90,0.9956611984126865
23,4,0.95,0.9968120063716716
23,5,0.05,0.9880489004526902
23,5,0.10,0.7181533017782834
23,5,0.15,0.895732269459292
23,5,0.20,0.9165375279713113
23,5,0.25,0.9190609181053527
23,5,0.30,0.9538393181739832
23,5,0.35,0.9666449940033237
23,5,0.40,0.9776858007928162
23,5,0.45,0.9671777507875757
23,5,0.50,0.9782690754570528
23,5,0.55,0.97461350501719
23,5,0.60,0.9836265284080654
23,5,0.65,0.983410060777578
23,5,0.70,0.9942766550979443
23,5,0.75,0.9926916527818169
23,5,0.80,0.99491425436312
23,5,0.85,0.9924550850237075
23,5,0.90,0.9950305768098784
23,5,0.95,0.9889265939921884
23,6,0.05,-0.32537181750420174
23,6,0.10,0.699065544711577
23,6,0.15,0.8561241067468889
23,6,0.20,0.8226509877359582
23,6,0.25,0.928893565232492
23,6,0.30,0.9677748493642031
23,6,0.35,0.9367765704598022
23,6,0.40,0.9559882406904624
23,6,0.45,0.9691925328095479
23,6,0.50,0.972058565115266
23,6,0.55,0.9624109428282578
23,6,0.60,0.990425304888201
23,6,0.65,0.9888411662387008
23,6,0.70,0.983379591272757
23,6,0.75,0.991763247684698
23,6,0.80,0.9922090615651498
23,6,0.85,0.9943609133820729
23,6,0.90,0.9969922718656642
23,6,0.95,0.9966651002374718
23,7,0.05,0.8733470678245483
23,7,0.10,0.8255630746300111
23,7,0.15,0.9139220920107292
23,7,0.20,0.8537554980612101
23,7,0.25,0.9325777742988611
23,7,0.30,0.8867974035612012
23,7,0.35,0.9793711477951637
23,7,0.40,0.9554337415583996
23,7,0.45,0.9704949504892543
23,7,0.50,0.938792761503177
23,7,0.55,0.9839238239893423
23,7,0.60,0.9853713108506652
23,7,0.65,0.9914147759493882
23,7,0.70,0.9915346713364537
23,7,0.75,0.9843241644182833
23,7,0.80,0.9853670014985617
23,7,0.85,0.9945327367549595
23,7,0.90,0.9923945017580491
23,7,0.95,0.9966478192143191
23,8,0.05,0.8194019846305975
23,8,0.10,0.798988742667293
23,8,0.15,0.9544849843230921
23,8,0.20,0.9219615375172728
23,8,0.25,0.897492207428212
23,8,0.30,0.9691055947158828
23,8,0.35,0.9651346224419354
23,8,0.40,0.9601607148210934
23,8,0.45,0.9868772278981877
23,8,0.50,0.9867986839703478
23,8,0.55,0.9773188774523971
23,8,0.60,0.987151641996141
23,8,0.65,0.9946435606461272
23,8,0.70,0.9962161731579212
23,8,0.75,0.9805943409913601
23,8,0.80,0.9850724628950522
23,8,0.85,0.9853454260202936
23,8,0.90,0.9941744549220868
23,8,0.95,0.9945754013188636
23,9,0.05,0.9321374321715074
23,9,0.10,0.8569802584229022
23,9,0.15,0.8836087948598842
23,9,0.20,0.8641388762144979
23,9,0.25,0.8883474208623378
23,9,0.30,0.8452762394344602
23,9,0.35,0.9751415020323012
23,9,0.40,0.9313534507422447
23,9,0.45,0.9714965934891834
23,9,0.50,0.979611753721143
23,9,0.55,0.9472582581467399
23,9,0.60,0.9676681347685102
23,9,0.65,0.9872756629389857
23,9,0.70,0.9917665253010991
23,9,0.75,0.9820153758566293
23,9,0.80,0.9846060345447766
23,9,0.85,0.9947788790948431
23,9,0.90,0.9947987745263565
23,9,0.95,0.9968855646866344
24,0,0.05,0.47518599402122597
24,0,0.10,0.901925889714564
24,0,0.15,0.5178159927883785
24,0,0.20,0.7341208917396292
24,0,0.25,0.9540041289033637
24,0,0.30,0.9871124293670831
24,0,0.35,0.8995488757058364
24,0,0.40,0.9561839378213278
24,0,0.45,0.9332369398591057
24,0,0.50,0.9671851830635863
24,0,0.55,0.9870300215937593
24,0,0.60,0.9867831559460628
24,0,0.65,0.9881572688990978
24,0,0.70,0.9808746594814742
24,0,0.75,0.987859031273674
24,0,0.80,0.9945272830082625
24,0,0.85,0.9919447969227175
24,0,0.90,0.991634102572089
24,0,0.95,0.9953317634927036
24,1,0.05,0.5530414799907549
24,1,0.10,0.5580797065690895
24,1,0.15,0.6320807475722869
24,1,0.20,0.9254103119888664
24,1,0.25,0.9101008795723262
24,1,0.30,0.9760664679127913
24,1,0.35,0.9589148342491263
24,1,0.40,0.9206892123504535
24,1,0.45,0.9763156215124914
24,1,0.50,0.9787332444575788
24,1,0.55,0.9629220162177766
24,1,0.60,0.9510879685544922
24,1,0.65,0.9416593613664344
24,1,0.70,0.9824786680551162
24,1,0.75,0.993508911307371
24,1,0.80,0.9899454166956073
24,1,0.85,0.9935069666200198
24,1,0.90,0.9879209609629168
24,1,0.95,0.9936313539102275
24,2,0.05,0.6945713304361132
24,2,0.10,0.7660514910149148
24,2,0.15,0.40209546203724045
24,2,0.20,0.704556146660702
24,2,0.25,0.9082368731489333
24,2,0.30,0.9806838915728648
24,2,0.35,0.9611465349157151
24,2,0.40,0.9712622315252379
24,2,0.45,0.9401383128797983
24,2,0.50,0.9483206904111462
24,2,0.55,0.9734837719266117
24,2,0.60,0.9728015487992341
24,2,0.65,0.9795914648967361
24,2,0.70,0.9541285322634623
24,2,0.75,0.9951626497778725
24,2,0.80,0.9940201880182995
24,2,0.85,0.9955005927545097
24,2,0.90,0.985536598025864
24,2,0.95,0.9966983520831229
24,3,0.05,-1.3982291853119486
24,3,0.10,0.5719690728150388
24,3,0.15,0.3548176331576406
24,3,0.20,0.9212988712233561
24,3,0.25,0.9114755900978768
24,3,0.30,0.926912909097883
24,3,0.35,0.956567346742658
24,3,0.40,0.9770367996472039
24,3,0.45,0.9654648040418554
24,3,0.50,0.9820087567977474
24,3,0.55,0.9711624842220241
24,3,0.60,0.9796381830202393
24,3,0.65,0.9728161994728464
24,3,0.70,0.9935675754057505
24,3,0.75,0.9859958885575689
24,3,0.80,0.9909314076204443
24,3,0.85,0.9956227651021847
24,3,0.90,0.993708092347145
24,3,0.95,0.9959907531957372
24,4,0.05,0.5509058601619298
24,4,0.10,0.7115640408533317
24,4,0.15,0.6452920299287139
24,4,0.20,0.9571925704379951
24,4,0.25,0.9271818258825496
24,4,0.30,0.9580008404333394
24,4,0.35,0.9849527017746897
24,4,0.40,0.9734843907949731
24,4,0.45,0.951635324831562
24,4,0.50,0.8791899990760633
24,4,0.55,0.9888088330278942
24,4,0.60,0.9740300718811096
24,4,0.65,0.9923983223726245
24,4,0.70,0.9690521127843281
24,4,0.75,0.9921297651918275
24,4,0.80,0.990791982949045
24,4,0.85,0.9901335123476797
24,4,0.90,0.9941735706100187
24,4,0.95,0.9966906301229622
24,5,0.05,0.45137843949201717
24,5,0.10,0.8289259792509729
24,5,0.15,0.7800676292064177
24,5,0.20,0.8438544172145994
24,5,0.25,0.8447920413919735
24,5,0.30,0.84016167140777
24,5,0.35,0.9535166908430435
24,5,0.40,0.9523198096952294
24,5,0.45,0.9831119336325125
24,5,0.50,0.9531726049944832
24,5,0.55,0.9871691480794
24,5,0.60,0.9806049851082163
24,5,0.65,0.9797526890794243
24,5,0.70,0.9873418963911168
24,5,0.75,0.9853109069122268
24,5,0.80,0.9887452351448645
24,5,0.85,0.9829366282052829
24,5,0.90,0.9856479906918205
24,5,0.95,0.9947533379425345
24,6,0.05,0.2220131374614368
24,6,0.10,0.9020672920956242
24,6,0.15,0.6366465286419525
24,6,0.20,0.9374171329360594
24,6,0.25,0.8553245296169185
24,6,0.30,0.8968569857688433
24,6,0.35,0.8488450328354157
24,6,0.40,0.9606540466432743
24,6,0.45,0.986378047232394
24,6,0.50,0.9787414168958732
24,6,0.55,0.9814013648804768
24,6,0.60,0.9856574415278524
24,6,0.65,0.9898195055705745
24,6,0.70,0.9848917633572617
24,6,0.75,0.9776018550758131
24,6,0.80,0.983059881940101
24,6,0.85,0.9836760533841524
24,6,0.90,0.9933906700579427
24,6,0.95,0.9912672140455837
24,7,0.05,-0.4034832665709882
24,7,0.10,0.8112049003811256
24,7,0.15,0.858307657260817
24,7,0.20,0.6398792723521813
24,7,0.25,0.7185220377029716
24,7,0.30,0.9269665595524833
24,7,0.35,0.9639754487127512
24,7,0.40,0.9847131938256145
24,7,0.45,0.9852515583399061
24,7,0.50,0.9837922767615837
24,7,0.55,0.9880981728273696
24,7,0.60,0.9443778846500166
24,7,0.65,0.9548121595711988
24,7,0.70,0.9869479229204781
24,7,0.75,0.9888036729207237
24,7,0.80,0.9925141273132523
24,7,0.85,0.9899915135078087
24,7,0.90,0.994151832519554
24,7,0.95,0.9944416501907404
24,8,0.05,0.5743932388399402
24,8,0.10,0.669767226066373
24,8,0.15,0.8837401589523414
24,8,0.20,0.8532221254718885
24,8,0.25,0.9296896482667542
24,8,0.30,0.9722628097758634
24,8,0.35,0.91961109239852
24,8,0.40,0.9661148625964944
24,8,0.45,0.9727622406398441
24,8,0.50,0.976004851059487
24,8,0.55,0.978535938390207
24,8,0.60,0.9850473432971594
24,8,0.65,0.9787992499585239
24,8,0.70,0.9921922704281915
24,8,0.75,0.9928881839739457
24,8,0.80,0.9831402963248734
24,8,0.85,0.9936592051100962
24,8,0.90,0.9851830730135168
24,8,0.95,0.9939915576623433
24,9,0.05,0.7644652712860678
24,9,0.10,0.7650053977854554
24,9,0.15,0.7866672455945006
24,9,0.20,0.37420250053587967
24,9,0.25,0.9445257384922067
24,9,0.30,0.9746561255009203
24,9,0.35,0.9624589843380476
24,9,0.40,0.9633197709307365
24,9,0.45,0.9727426381896956
24,9,0.50,0.9725852826514598
24,9,0.55,0.9708456198208337
24,9,0.60,0.9606392556084705
24,9,0.65,0.9878248988423588
24,9,0.70,0.9900959038068039
24,9,0.75,0.9873531356171513
24,9,0.80,0.9903934435524357
24,9,0.85,0.9808354070995042
24,9,0.90,0.9925161326057284
24,9,0.95,0.9945895155097808
25,0,0.05,0.6347550503552088
25,0,0.10,0.6673054548432691
25,0,0.15,0.8195500796857221
25,0,0.20,0.8313227760439983
25,0,0.25,0.937045631317472
25,0,0.30,0.9698659460767222
25,0,0.35,0.9628247699740362
25,0,0.40,0.969303054955311
25,0,0.45,0.8697712904451163
25,0,0.50,0.9607087756127147
25,0,0.55,0.9424779645198991
25,0,0.60,0.9893254808644276
25,0,0.65,0.984855379437318
25,0,0.70,0.9700870362303925
25,0,0.75,0.9774547271491525
25,0,0.80,0.9945008439493151
25,0,0.85,0.9890045924632972
25,0,0.90,0.9942993522492443
25,0,0.95,0.9932254409999085
25,1,0.05,0.9563662586227553
25,1,0.10,0.5032021596792791
25,1,0.15,0.45975965048833745
25,1,0.20,0.7963287741776752
25,1,0.25,0.9758995641902946
25,1,0.30,0.9174598981205192
25,1,0.35,0.9764410444492901
25,1,0.40,0.9715982367946171
25,1,0.45,0.9579240438051436
25,1,0.50,0.9567228941394432
25,1,0.55,0.8863840231690558
25,1,0.60,0.9631789195228153
25,1,0.65,0.9899931636262074
25,1,0.70,0.9946091403994585
25,1,0.75,0.9933639989974775
25,1,0.80,0.9962100480650123
25,1,0.85,0.9657292537197866
25,1,0.90,0.9958199981459022
25,1,0.95,0.9850147030811335
25,2,0.05,0.19070016413031576
25,2,0.10,0.5116945490380105
25,2,0.15,0.8540788224369096
25,2,0.20,0.946075372064291
25,2,0.25,0.9673749135949583
25,2,0.30,0.5940203977031968
25,2,0.35,0.9189055599621982
25,2,0.40,0.9820585391197205
25,2,0.45,0.966095478725693
25,2,0.50,0.9650606306072479
25,2,0.55,0.9770568365266681
25,2,0.60,0.9790526187500084
25,2,0.65,0.9800415891570836
25,2,0.70,0.9922417956140535
25,2,0.75,0.9798285342907973
25,2,0.80,0.993664594072088
25,2,0.85,0.9924692427347948
25,2,0.90,0.9403720073306838
25,2,0.95,0.9964319485146383
25,3,0.05,0.13874225542182106
25,3,0.10,0.5051395116116675
25,3,0.15,0.5218030963450966
25,3,0.20,0.9351691240090942
25,3,0.25,0.9085851927196995
25,3,0.30,0.9084847084113301
25,3,0.35,0.9610636552786053
25,3,0.40,0.9502464923619348
25,3,0.45,0.9361532278875905
25,3,0.50,0.9476577911921023
25,3,0.55,0.9727268494412789
25,3,0.60,0.9846477509163474
25,3,0.65,0.9754727120727165
25,3,0.70,0.9732491918195416
25,3,0.75,0.9884312284720064
25,3,0.80,0.9931280323739888
25,3,0.85,0.9935320013080786
25,3,0.90,0.993033195282865
25,3,0.95,0.9960854273236929
25,4,0.05,0.656280581793007
25,4,0.10,0.336139560524343
25,4,0.15,0.5182853259666118
25,4,0.20,0.9330020642117522
25,4,0.25,0.8043647655290082
25,4,0.30,0.822476847012144
25,4,0.35,0.9831201849588753
25,4,0.40,0.9533414188120432
25,4,0.45,0.9535638640772646
25,4,0.50,0.9639772250990964
25,4,0.55,0.9819341515797091
25,4,0.60,0.9765758207929152
25,4,0.65,0.9729848375900776
25,4,0.70,0.955110372507093
25,4,0.75,0.9928511384701414
25,4,0.80,0.990243214518015
25,4,0.85,0.9912571965761644
25,4,0.90,0.9941822084817004
25,4,0.95,0.996061313829859
25,5,0.05,0.8473808930351631
25,5,0.10,0.8044361716734649
25,5,0.15,0.9225890557356539
25,5,0.20,0.7426789014384356
25,5,0.25,0.9275866128896312
25,5,0.30,0.9376411977076036
25,5,0.35,0.9514033238008841
25,5,0.40,0.9466708449363981
25,5,0.45,0.8945899961751229
25,5,0.50,0.9492521405219816
25,5,0.55,0.9824883132447512
25,5,0.60,0.9592943719847888
25,5,0.65,0.9921306034146088
25,5,0.70,0.9683523527995238
25,5,0.75,0.9715407361717275
25,5,0.80,0.9828663142139348
25,5,0.85,0.9900197380239565
25,5,0.90,0.9789687015507846
25,5,0.95,0.9930496474938444
25,6,0.05,0.5411748714677769
25,6,0.10,0.9275425656086557
25,6,0.15,0.8371357349046692
25,6,0.20,0.6582556603049501
25,6,0.25,0.9241709706757356
25,6,0.30,0.9097224710531147
25,6,0.35,0.9319136785418215
25,6,0.40,0.9048838387362252
25,6,0.45,0.961870792685541
25,6,0.50,0.9794266971054238
25,6,0.55,0.9735306389068353
25,6,0.60,0.8887679072858075
25,6,0.65,0.9846889424420171
25,6,0.70,0.9907915563522616
25,6,0.75,0.9757974377238018
25,6,0.80,0.9863190710458373
25,6,0.85,0.9818553825430951
25,6,0.90,0.9951502230414768
25,6,0.95,0.9951872908299538
25,7,0.05,0.6019038779965737
25,7,0.10,0.2206151999679039
25,7,0.15,0.6656742015984354
25,7,0.20,0.9285925313251424
25,7,0.25,0.9438814832362685
25,7,0.30,0.9439538766738975
25,7,0.35,0.9198269863642449
25,7,0.40,0.9444402956208473
25,7,0.45,0.9743396703438711
25,7,0.50,0.8429475767603085
25,7,0.55,0.9385894065553357
25,7,0.60,0.9844051603295345
25,7,0.65,0.9687989210751854
25,7,0.70,0.9776431463074472
25,7,0.75,0.9829500600944269
25,7,0.80,0.9941281481474334
25,7,0.85,0.9932620962749126
25,7,0.90,0.9955014970115552
25,7,0.95,0.9952432349228518
25,8,0.05,0.5100196726011953
25,8,0.10,0.8135867426329427
25,8,0.15,0.6697619982041481
25,8,0.20,0.7217942107286879
25,8,0.25,0.969616799653454
25,8,0.30,0.9243695272951185
25,8,0.35,0.926424569721101
25,8,0.40,0.8746821526582339
25,8,0.45,0.9372569641065838
25,8,0.50,0.9581260664866699
25,8,0.55,0.8862511529802006
25,8,0.60,0.9826306981435938
25,8,0.65,0.9776780412714591
25,8,0.70,0.9885763081814037
25,8,0.75,0.9848007425294117
25,8,0.80,0.9751043713049226
25,8,0.85,0.9955594470055374
25,8,0.90,0.9947972657643508
25,8,0.95,0.9944965010076126
25,9,0.05,0.9369962929428605
25,9,0.10,0.6042406362831017
25,9,0.15,0.931750087645145
25,9,0.20,0.9429683928097481
25,9,0.25,0.9328157647669888
25,9,0.30,0.8166672626413579
25,9,0.35,0.9682529873120778
25,9,0.40,0.959293530531503
25,9,0.45,0.9801002102142345
25,9,0.50,0.9763053583385427
25,9,0.55,0.9906609503090367
25,9,0.60,0.9497202881778672
25,9,0.65,0.9739975848316066
25,9,0.70,0.9788960185361681
25,9,0.75,0.991509710675518
25,9,0.80,0.9896808059503104
25,9,0.85,0.9913513684555286
25,9,0.90,0.9959672896279488
25,9,0.95,0.9967883203143489
26,0,0.05,-0.4118963224448766
26,0,0.10,0.8868532328229232
26,0,0.15,0.8080657802083323
26,0,0.20,0.8538257795878452
26,0,0.25,0.8928479937857079
26,0,0.30,0.9191034624695812
26,0,0.35,0.9305929701630259
26,0,0.40,0.9278964464084891
26,0,0.45,0.9750458615671591
26,0,0.50,0.9689615699844907
26,0,0.55,0.9694335207054006
26,0,0.60,0.9862255822633756
26,0,0.65,0.9889214203251323
26,0,0.70,0.9778474116811653
26,0,0.75,0.9923545750923245
26,0,0.80,0.9917777987008535
26,0,0.85,0.9874020521852631
26,0,0.90,0.9955575497381841
26,0,0.95,0.9970280514658078
26,1,0.05,0.43811467300937623
26,1,0.10,0.907258028111073
26,1,0.15,0.870449390943886
26,1,0.20,0.9237415905915833
26,1,0.25,0.9430179043193032
26,1,0.30,0.6150973148473686
26,1,0.35,0.956982916038126
26,1,0.40,0.9525082760948687
26,1,0.45,0.9676446430588588
26,1,0.50,0.9716945953688996
26,1,0.55,0.9846969048555434
26,1,0.60,0.9793462627976335
26,1,0.65,0.9894548389722545
26,1,0.70,0.9941365321619127
26,1,0.75,0.9869440472074001
26,1,0.80,0.9952874744048258
26,1,0.85,0.9926362956801563
26,1,0.90,0.9934488508315795
26,1,0.95,0.994111627956827
26,2,0.05,0.41098420886902476
26,2,0.10,0.30763646174996107
26,2,0.15,0.8745141931138948
26,2,0.20,0.8546533432735027
26,2,0.25,0.9147183284874203
26,2,0.30,0.9488070005545358
26,2,0.35,0.9448811388306021
26,2,0.40,0.9434083017145873
26,2,0.45,0.9473642841659535
26,2,0.50,0.9640448976038837
26,2,0.55,0.9823691196070136
26,2,0.60,0.9819187039951118
26,2,0.65,0.9838977593852407
26,2,0.70,0.9870013569866708
26,2,0.75,0.991060271640303
26,2,0.80,0.9902477273900084
26,2,0.85,0.9957561671175168
26,2,0.90,0.9938610050116258
26,2,0.95,0.9918880074843569
26,3,0.05,0.5889525593007645
26,3,0.10,0.6682742203716134
26,3,0.15,0.8196431481346577
26,3,0.20,0.8514116155177007
26,3,0.25,0.957961014239531
26,3,0.30,0.9101633000141013
26,3,0.35,0.9247729842815188
26,3,0.40,0.9258930282681257
26,3,0.45,0.9404807281199091
26,3,0.50,0.8795272281359766
26,3,0.55,0.9632939468945269
26,3,0.60,0.97803978169237
26,3,0.65,0.9679936717788965
26,3,0.70,0.9812239952762789
26,3,0.75,0.974068048985758
26,3,0.80,0.9919413918812697
26,3,0.85,0.9936435346501953
26,3,0.90,0.9910223044921405
26,3,0.95,0.9964264423091014
26,4,0.05,0.7021624969780826
26,4,0.10,0.7537215574937061
26,4,0.15,0.5968246952145357
26,4,0.20,0.864882122259883
26,4,0.25,0.8709777890702424
26,4,0.30,0.9249139322412533
26,4,0.35,0.9286418934497369
26,4,0.40,0.9617311761247836
26,4,0.45,0.9538957065298723
26,4,0.50,0.9720581678210607
26,4,0.55,0.9858120617652623
26,4,0.60,0.9795485092983531
26,4,0.65,0.9865351024878684
26,4,0.70,0.9846291529716863
26,4,0.75,0.9831450291308581
26,4,0.80,0.9872525732129415
26,4,0.85,0.9957218849786391
26,4,0.90,0.9938931638811519
26,4,0.95,0.996740320768853
26,5,0.05,0.38035957155441
26,5,0.10,0.7101759076310877
26,5,0.15,0.910293583995319
26,5,0.20,0.6923821584229573
26,5,0.25,0.923457676246444
26,5,0.30,0.8975636057647635
26,5,0.35,0.9612301035586251
26,5,0.40,0.9086344542138591
26,5,0.45,0.977432698059492
26,5,0.50,0.9725061998669814
26,5,0.55,0.9369006400569625
26,5,0.60,0.9764452361578686
26,5,0.65,0.9856290449224762
26,5,0.70,0.9851256145692636
26,5,0.75,0.9906133623988477
26,5,0.80,0.9943852421071739
26,5,0.85,0.9959110568698254
26,5,0.90,0.9939935859335236
26,5,0.95,0.9956315328850858
26,6,0.05,0.6271064958688206
26,6,0.10,0.7521881512834162
26,6,0.15,0.8850955620968959
26,6,0.20,0.7982711698428913
26,6,0.25,0.8685364773129207
26,6,0.30,0.9194484816917132
26,6,0.35,0.9057148120617333
26,6,0.40,0.9526863243884222
26,6,0.45,0.9646599196414122
26,6,0.50,0.9744157746114447
26,6,0.55,0.9760864451551466
26,6,0.60,0.9811532266771625
26,6,0.65,0.978764396178964
26,6,0.70,0.9861486191107254
26,6,0.75,0.9940761785820531
26,6,0.80,0.9874677914226792
26,6,0.85,0.9838790030755106
26,6,0.90,0.995146630411985
26,6,0.95,0.994270624274915
26,7,0.05,0.362012762382829
26,7,0.10,0.8826923531771902
26,7,0.15,0.8629695058822301
26,7,0.20,0.902674202534606
26,7,0.25,0.9046079870562493
26,7,0.30,0.9713077481380565
26,7,0.35,0.9634394290154485
26,7,0.40,0.9399618372671351
26,7,0.45,0.973905069747174
26,7,0.50,0.9648548019944586
26,7,0.55,0.9512696642453227
26,7,0.60,0.9295289703078774
26,7,0.65,0.9759147293921498
26,7,0.70,0.9792272115519297
26,7,0.75,0.9828396059039636
26,7,0.80,0.9960713467427579
26,7,0.85,0.9893254231993005
26,7,0.90,0.9946462455160404
26,7,0.95,0.9913224136016145
26,8,0.05,0.40184412760227206
26,8,0.10,-0.1417760116762381
26,8,0.15,0.9032666480896338
26,8,0.20,0.8069309001385578
26,8,0.25,0.9363649596008021
26,8,0.30,0.9306533271728725
26,8,0.35,0.885477663832677
26,8,0.40,0.9748658260977149
26,8,0.45,0.9835928517752551
26,8,0.50,0.982826368963439
26,8,0.55,0.9502878809419898
26,8,0.60,0.9782499738942346
26,8,0.65,0.9857829315784761
26,8,0.70,0.9848562672215407
26,8,0.75,0.9925316800266084
26,8,0.80,0.9978181638224588
26,8,0.85,0.9944560029927673
26,8,0.90,0.9961931206657758
26,8,0.95,0.9937018474337251
26,9,0.05,0.1617564272265588
26,9,0.10,0.8064749252173543
26,9,0.15,0.81536544047965
26,9,0.20,0.9118248184532987
26,9,0.25,0.8745068181182494
26,9,0.30,0.9205943109115581
26,9,0.35,0.9406877954081005
26,9,0.40,0.9147916348570968
26,9,0.45,0.9661844980458997
26,9,0.50,0.9656283796099033
26,9,0.55,0.9748239397340894
26,9,0.60,0.9890815489813561
26,9,0.65,0.990315859197632
26,9,0.70,0.9834443087575095
26,9,0.75,0.9849758086831278
26,9,0.80,0.9935336671038132
26,9,0.85,0.9896838614569051
26,9,0.90,0.9961616780719578
26,9,0.95,0.9922918872553935
27,0,0.05,0.5623234312114668
27,0,0.10,0.4349909741092213
27,0,0.15,0.849009590055547
27,0,0.20,0.8745237415872349
27,0,0.25,0.9554737357575617
27,0,0.30,0.9614434016381752
27,0,0.35,0.9800212760108709
27,0,0.40,0.9735788448772197
27,0,0.45,0.9583323293456852
27,0,0.50,0.9815453170898278
27,0,0.55,0.9677913914407312
27,0,0.60,0.9863381231177967
27,0,0.65,0.9906958003406072
27,0,0.70,0.9824102997096157
27,0,0.75,0.9805479144036047
27,0,0.80,0.9945235913926426
27,0,0.85,0.9951887609393137
27,0,0.90,0.9838765345961559
27,0,0.95,0.9944654298806513
27,1,0.05,0.8014744659322932
27,1,0.10,0.6950185865754177
27,1,0.15,0.8645298200359316
27,1,0.20,0.9024179535133248
27,1,0.25,0.8861832020642373
27,1,0.30,0.9604999629574275
27,1,0.35,0.802658906492112
27,1,0.40,0.969021369372533
27,1,0.45,0.9411421868715112
27,1,0.50,0.9515696632066017
27,1,0.55,0.9828208161211193
27,1,0.60,0.9924870286114308
27,1,0.65,0.994911507949131
27,1,0.70,0.9936195230077847
27,1,0.75,0.9921095408566594
27,1,0.80,0.9929507018175757
27,1,0.85,0.9895119798334261
27,1,0.90,0.9908963470601283
27,1,0.95,0.9953228369584542
27,2,0.05,0.4839869364006215
27,2,0.10,0.937974960398818
27,2,0.15,0.9163454211869109
27,2,0.20,0.9704295062249031
27,2,0.25,0.6996812356982611
27,2,0.30,0.9460968942381198
27,2,0.35,0.9732470667100641
27,2,0.40,0.9511253290542562
27,2,0.45,0.8173754983139729
27,2,0.50,0.9840757019439129
27,2,0.55,0.978365157253353
27,2,0.60,0.9603314084204679
27,2,0.65,0.9899589408536735
27,2,0.70,0.9793506050682049
27,2,0.75,0.9705766798242275
27,2,0.80,0.990406613405272
27,2,0.85,0.9942052703243457
27,2,0.90,0.9911144947985543
27,2,0.95,0.9878772545389517
27,3,0.05,0.4593359066559397
27,3,0.10,0.8781584659548601
27,3,0.15,0.8806018687100083
27,3,0.20,0.8666910471604352
27,3,0.25,0.9453381783108452
27,3,0.30,0.7188477653102828
27,3,0.35,0.9531001601905454
27,3,0.40,0.9720854718593178
27,3,0.45,0.9832984331380341
27,3,0.50,0.9725394485872703
27,3,0.55,0.9885077096992995
27,3,0.60,0.98745420426974
27,3,0.65,0.9798294536950765
27,3,0.70,0.9585505029008338
27,3,0.75,0.992164141432757
27,3,0.80,0.9877113121750329
27,3,0.85,0.9914794719653609
27,3,0.90,0.9962030928633793
27,3,0.95,0.9958013872538842
27,4,0.05,0.6294821321557449
27,4,0.10,0.870300648436828
27,4,0.15,0.8964098190239693
27,4,0.20,0.9441706654673881
27,4,0.25,0.9087672140793709
27,4,0.30,0.9592329034002899
27,4,0.35,0.9548034284256729
27,4,0.40,0.9861684433065495
27,4,0.45,0.9513113014982373
27,4,0.50,0.9776773759100401
27,4,0.55,0.9527063987658236
27,4,0.60,0.9921519786054112
27,4,0.65,0.9699145810052683
27,4,0.70,0.9851246023504611
27,4,0.75,0.990891582279177
27,4,0.80,0.9949878756911944
27,4,0.85,0.9783982746959665
27,4,0.90,0.9944540084333615
27,4,0.95,0.992913251642378
27,5,0.05,0.8081186702765317
27,5,0.10,0.7382127083158961
27,5,0.15,0.7137386994493615
27,5,0.20,0.9426474509204009
27,5,0.25,0.7232159574610106
27,5,0.30,0.6214481385872763
27,5,0.35,0.7865574368266315
27,5,0.40,0.9482141775857275
27,5,0.45,0.9566106177009308
27,5,0.50,0.9369786387630012
27,5,0.55,0.98633931633438
27,5,0.60,0.9798553322292719
27,5,0.65,0.991854917649408
27,5,0.70,0.9877124584233146
27,5,0.75,0.9905373759305276
27,5,0.80,0.9843238918367818
27,5,0.85,0.9889456070378029
27,5,0.90,0.99326744266419
27,5,0.95,0.9942690761338396
27,6,0.05,0.9226559020217439
27,6,0.10,0.8797062316494793
27,6,0.15,0.8847845778641088
27,6,0.20,0.9383087432749025
27,6,0.25,0.7370787607743658
27,6,0.30,0.9461336730106626
27,6,0.35,0.8201307572827183
27,6,0.40,0.9456165293992778
27,6,0.45,0.9755452696751701
27,6,0.50,0.9487448038920568
27,6,0.55,0.9104283848385712
27,6,0.60,0.9682656715852972
27,6,0.65,0.9866690837561151
27,6,0.70,0.9911883504976211
27,6,0.75,0.9869888363612803
27,6,0.80,0.9944957953284677
27,6,0.85,0.9915182244508138
27,6,0.90,0.9949016779259234
27,6,0.95,0.9958456431014765
27,7,0.05,0.8956644509617535
27,7,0.10,0.6196237603261624
27,7,0.15,0.8571596395323617
27,7,0.20,0.9563010122877442
27,7,0.25,0.8587783054469955
27,7,0.30,0.9075975927298855
27,7,0.35,0.9233636859448998
27,7,0.40,0.9229184526963511
27,7,0.45,0.9783613888381973
27,7,0.50,0.9700629246413907
27,7,0.55,0.9827473692441512
27,7,0.60,0.9659147713541297
27,7,0.65,0.9849306100809839
27,7,0.70,0.9891587680530991
27,7,0.75,0.9943505260764481
27,7,0.80,0.991765288979881
27,7,0.85,0.9844515819290588
27,7,0.90,0.9951732782768424
27,7,0.95,0.9962725244311648
27,8,0.05,0.8683730052248262
27,8,0.10,0.7765464069724873
27,8,0.15,0.7085825869119664
27,8,0.20,0.6449336040387442
27,8,0.25,0.6947281547826689
27,8,0.30,0.7138030140219878
27,8,0.35,0.9727196377818885
27,8,0.40,0.939435463767871
27,8,0.45,0.976564971822928
27,8,0.50,0.9582031366529725
27,8,0.55,0.9764498236601682
27,8,0.60,0.9906274851823849
27,8,0.65,0.9928140160583011
27,8,0.70,0.9908064122752336
27,8,0.75,0.9930639079073049
27,8,0.80,0.9570978745497243
27,8,0.85,0.9845322545382719
27,8,0.90,0.9962913862006851
27,8,0.95,0.9948817949671883
27,9,0.05,0.8555442141168456
27,9,0.10,0.7402227019948179
27,9,0.15,0.7732411420103882
27,9,0.20,0.9193234710379975
27,9,0.25,0.8732833478283389
27,9,0.30,0.9362901896862929
27,9,0.35,0.8443764558599998
27,9,0.40,0.8027793200391622
27,9,0.45,0.9675021928718786
27,9,0.50,0.9846395560680457
27,9,0.55,0.9725300903225891
27,9,0.60,0.9645341941533566
27,9,0.65,0.9768313676767052
27,9,0.70,0.9914929991297011
27,9,0.75,0.9952824292670787
27,9,0.80,0.9822199181596709
27,9,0.85,0.9941499843972046
27,9,0.90,0.9843583098062616
27,9,0.95,0.9972231366492031
28,0,0.05,0.44285620746587684
28,0,0.10,0.7312184983935037
28,0,0.15,0.7303154656484593
28,0,0.20,0.9383236233044907
28,0,0.25,0.9308246380878139
28,0,0.30,0.8418512969444569
28,0,0.35,0.9700783852136736
28,0,0.40,0.9806777323573327
28,0,0.45,0.9822896989275439
28,0,0.50,0.9788680990778827
28,0,0.55,0.985548078422451
28,0,0.60,0.9703509543206918
28,0,0.65,0.9874171139237242
28,0,0.70,0.9635932410109899
28,0,0.75,0.9926988937318683
28,0,0.80,0.9951606396603748
28,0,0.85,0.9908607402232371
28,0,0.90,0.9951262944798942
28,0,0.95,0.960960331427064
28,1,0.05,0.9313039052879035
28,1,0.10,0.954840912277555
28,1,0.15,0.7520168498831443
28,1,0.20,0.9058995992607609
28,1,0.25,0.757703827928454
28,1,0.30,0.8605908306072186
28,1,0.35,0.9344258593169144
28,1,0.40,0.9802151586714228
28,1,0.45,0.8697247723107306
28,1,0.50,0.9629755800804226
28,1,0.55,0.9816764337052405
28,1,0.60,0.9933625861657503
28,1,0.65,0.9924553635719597
28,1,0.70,0.9835629104580267
28,1,0.75,0.9741353216968264
28,1,0.80,0.9947428683118884
28,1,0.85,0.9939309516078338
28,1,0.90,0.9969592668778902
28,1,0.95,0.9917861507559923
28,2,0.05,0.8889792198093152
28,2,0.10,0.6778706766183679
28,2,0.15,0.40047516443788733
28,2,0.20,0.9004287930643661
28,2,0.25,0.6792778103091437
28,2,0.30,0.49554672541251765
28,2,0.35,0.8710925493019022
28,2,0.40,0.9671570636847041
28,2,0.45,0.973216656952662
28,2,0.50,0.9442756359903619
28,2,0.55,0.9689216392781741
28,2,0.60,0.9647097731508903
28,2,0.65,0.9790644600570994
28,2,0.70,0.9740513356162829
28,2,0.75,0.9919236649485225
28,2,0.80,0.9858167251901034
28,2,0.85,0.9896429013327085
28,2,0.90,0.9922716107825444
28,2,0.95,0.9952230263547734
28,3,0.05,0.4921999794675389
28,3,0.10,0.9286581360280144
28,3,0.15,0.7407262897678533
28,3,0.20,0.9205525346792945
28,3,0.25,0.6122624308966702
28,3,0.30,0.9504595508511713
28,3,0.35,0.6306557780322115
28,3,0.40,0.872281791066298
28,3,0.45,0.9795736022453346
28,3,0.50,0.9659565880652563
28,3,0.55,0.9771099741643275
28,3,0.60,0.9901606223260737
28,3,0.65,0.9846791980905535
28,3,0.70,0.9890018718136413
28,3,0.75,0.9928101068806904
28,3,0.80,0.9810198846463969
28,3,0.85,0.9782335930257633
28,3,0.90,0.9893658898093882
28,3,0.95,0.9957735470727402
28,4,0.05,0.6423220886997791
28,4,0.10,0.584193352419524
28,4,0.15,0.6427427604207758
28,4,0.20,0.9565609572384662
28,4,0.25,0.8602389990047334
28,4,0.30,0.917142612234404
28,4,0.35,0.9715363915266172
28,4,0.40,0.9524910418313969
28,4,0.45,0.9827762819184183
28,4,0.50,0.9825709518110058
28,4,0.55,0.9885552727401313
28,4,0.60,0.9276916629890934
28,4,0.65,0.9901911055634443
28,4,0.70,0.9857805408010947
28,4,0.75,0.9880062774395736
28,4,0.80,0.991116006602927
28,4,0.85,0.991785029425428
28,4,0.90,0.9915613529252709
28,4,0.95,0.9955760747974454
28,5,0.05,0.5926524884890912
28,5,0.10,0.8867913223747562
28,5,0.15,0.8657159519647448
28,5,0.20,0.9191409786724385
28,5,0.25,0.8181795712269363
28,5,0.30,0.8773730407634768
28,5,0.35,0.9539217380015972
28,5,0.40,0.9729850094200836
28,5,0.45,0.9873652948073071
28,5,0.50,0.980896840208056
28,5,0.55,0.9923515315232143
28,5,0.60,0.9906554920102608
28,5,0.65,0.97662411632404
28,5,0.70,0.9831054487279272
28,5,0.75,0.9903344821848277
28,5,0.80,0.9899017276253966
28,5,0.85,0.9925902257594824
28,5,0.90,0.9960251778183326
28,5,0.95,0.9962494970600706
28,6,0.05,0.8484143608641225
28,6,0.10,0.8952642300709484
28,6,0.15,0.8396800346066857
28,6,0.20,0.9203438094194781
28,6,0.25,0.9503290039100116
28,6,0.30,0.8155287126633215
28,6,0.35,0.9359592035317749
28,6,0.40,0.9448965425662125
28,6,0.45,0.8985301822483064
28,6,0.50,0.9714060651834909
28,6,0.55,0.9711960908819465
28,6,0.60,0.9502438421197905
28,6,0.65,0.984614294773204
28,6,0.70,0.9915750831497023
28,6,0.75,0.9916580001034317
28,6,0.80,0.9948563154451219
28,6,0.85,0.9873626009198976
28,6,0.90,0.9960016310004114
28,6,0.95,0.9946218899362241
28,7,0.05,-2.5550946544872306
28,7,0.10,0.897998375407123
28,7,0.15,0.7975424747715592
28,7,0.20,0.9218449175538902
28,7,0.25,0.9312964655137911
28,7,0.30,0.9309220952976691
28,7,0.35,0.9156867178927692
28,7,0.40,0.9677175510012057
28,7,0.45,0.8792781792540385
28,7,0.50,0.973545353620103
28,7,0.55,0.9886845520320426
28,7,0.60,0.9785504930987919
28,7,0.65,0.992773955621622
28,7,0.70,0.9761473404764557
28,7,0.75,0.9890207365053948
28,7,0.80,0.9845531163552425
28,7,0.85,0.9898754960321591
28,7,0.90,0.9959263386952688
28,7,0.95,0.9953442885959755
28,8,0.05,0.11265425534951479
28,8,0.10,0.7298063854299501
28,8,0.15,0.8045336539032769
28,8,0.20,0.8908333057903675
28,8,0.25,0.8973790754742623
28,8,0.30,0.9318486791997215
28,8,0.35,0.9589972548442715
28,8,0.40,0.9804515159891166
28,8,0.45,0.9631902810795706
28,8,0.50,0.9646998646087688
28,8,0.55,0.986158549846409
28,8,0.60,0.9891021776428749
28,8,0.65,0.9783848130685012
28,8,0.70,0.9911008048884524
28,8,0.75,0.9904719591517289
28,8,0.80,0.9941643201290951
28,8,0.85,0.9891422539459823
28,8,0.90,0.9886950187650858
28,8,0.95,0.9920892877076757
28,9,0.05,0.70559062309027
28,9,0.10,0.7418813272509769
28,9,0.15,0.9352292221771059
28,9,0.20,0.8588232472283344
28,9,0.25,0.8032803314927659
28,9,0.30,0.9284579927116354
28,9,0.35,0.9487380449716415
28,9,0.40,0.9683035899545122
28,9,0.45,0.9504792822120817
28,9,0.50,0.981148033711536
28,9,0.55,0.972322238737777
28,9,0.60,0.9809464955395877
28,9,0.65,0.9871530473863162
28,9,0.70,0.9883574419691536
28,9,0.75,0.9741440908515172
28,9,0.80,0.986745601300981
28,9,0.85,0.9771477067896942
28,9,0.90,0.9950106838359432
28,9,0.95,0.9930634324351659
29,0,0.05,0.7581253080642212
29,0,0.10,0.9126829689371488
29,0,0.15,0.8867106401944224
29,0,0.20,0.9491490713573698
29,0,0.25,0.8775119997026829
29,0,0.30,0.9647896293970412
29,0,0.35,0.899035702903523
29,0,0.40,0.9371747765880911
29,0,0.45,0.8531540073052688
29,0,0.50,0.9701494350595543
29,0,0.55,0.9808501416570233
29,0,0.60,0.9848147353613064
29,0,0.65,0.9728539172720049
29,0,0.70,0.9850550024379062
29,0,0.75,0.9753897536946986
29,0,0.80,0.9882951145791413
29,0,0.85,0.9934887774678555
29,0,0.90,0.9902540214998506
29,0,0.95,0.9960532251404054
29,1,0.05,0.6565850108142531
29,1,0.10,0.8299753709106092
29,1,0.15,0.8349178826026322
29,1,0.20,0.9428475783509672
29,1,0.25,0.8849628013559435
29,1,0.30,0.956784393288469
29,1,0.35,0.9122304141056065
29,1,0.40,0.9288569188887357
29,1,0.45,0.9338215079431156
29,1,0.50,0.9808204870608359
29,1,0.55,0.951177307041079
29,1,0.60,0.9808168524627383
29,1,0.65,0.9916084943135406
29,1,0.70,0.9894472732448027
29,1,0.75,0.9915665201425777
29,1,0.80,0.9905209582497403
29,1,0.85,0.9921301038168118
29,1,0.90,0.9942220829395827
29,1,0.95,0.9835083973595972
29,2,0.05,0.7287973672294035
29,2,0.10,0.905030922409384
29,2,0.15,0.8111879378404332
29,2,0.20,0.7201915482254508
29,2,0.25,0.85822693492346
29,2,0.30,0.9541946768416568
29,2,0.35,0.964886270856086
29,2,0.40,0.9678698658728775
29,2,0.45,0.9848606197063573
29,2,0.50,0.9795548998309276
29,2,0.55,0.967047115805464
29,2,0.60,0.9778446060214588
29,2,0.65,0.9834114954326382
29,2,0.70,0.9941915783195064
29,2,0.75,0.9850661292658679
29,2,0.80,0.9920217298008032
29,2,0.85,0.9971323275258478
29,2,0.90,0.9921021342925211
29,2,0.95,0.9926328821746905
29,3,0.05,0.663595277090937
29,3,0.10,0.8098608652311057
29,3,0.15,0.7643255422293799
29,3,0.20,0.9341015369255209
29,3,0.25,0.9556933539276679
29,3,0.30,0.9736323766489935
29,3,0.35,0.9508469230061967
29,3,0.40,0.949113406113817
29,3,0.45,0.977663773727204
29,3,0.50,0.9658218675328059
29,3,0.55,0.9571687949921076
29,3,0.60,0.9846928844916933
29,3,0.65,0.9915597696481634
29,3,0.70,0.9933663824928397
29,3,0.75,0.9681138314702292
29,3,0.80,0.9891918447647432
29,3,0.85,0.9941110371843268
29,3,0.90,0.989546208687518
29,3,0.95,0.9955663936924409
29,4,0.05,0.6007835932594632
29,4,0.10,0.7034421274288405
29,4,0.15,0.8185452535805029
29,4,0.20,0.8958155855190257
29,4,0.25,0.9127491405280648
29,4,0.30,0.9604700920355925
29,4,0.35,0.9753261609566752
29,4,0.40,0.9406925425751638
29,4,0.45,0.9735533099220591
29,4,0.50,0.9537590456556184
29,4,0.55,0.9778397343473442
29,4,0.60,0.9675680141720824
29,4,0.65,0.9901492111220463
29,4,0.70,0.986090111145038
29,4,0.75,0.9900066281416692
29,4,0.80,0.9922615924847623
29,4,0.85,0.9939296245921607
29,4,0.90,0.9962861963888388
29,4,0.95,0.9969023391767194
29,5,0.05,0.4812515170302004
29,5,0.10,0.7206455332800943
29,5,0.15,0.8171033499483492
29,5,0.20,0.8640061775810446
29,5,0.25,0.5141965933456759
29,5,0.30,0.916825260053389
29,5,0.35,0.8950558628093593
29,5,0.40,0.9156416066396028
29,5,0.45,0.9723923371304691
29,5,0.50,0.9715072702581662
29,5,0.55,0.9715717948308188
29,5,0.60,0.9765891330495025
29,5,0.65,0.9865020953375437
29,5,0.70,0.9770850830326865
29,5,0.75,0.9750955668675584
29,5,0.80,0.9858871420824437
29,5,0.85,0.9894193883642232
29,5,0.90,0.994415309133839
29,5,0.95,0.9947784840068723
29,6,0.05,0.8202766214578243
29,6,0.10,0.9606726073731441
29,6,0.15,0.6992009576824325
29,6,0.20,0.869655323040477
29,6,0.25,0.9443751811022808
29,6,0.30,0.9401124243798186
29,6,0.35,0.9398859385968176
29,6,0.40,0.9639882349843043
29,6,0.45,0.9094152972228696
29,6,0.50,0.9710616893535938
29,6,0.55,0.9528502570319897
29,6,0.60,0.9780711399572354
29,6,0.65,0.9861845153878572
29,6,0.70,0.9833526173041217
29,6,0.75,0.9907610897176119
29,6,0.80,0.9849437237769785
29,6,0.85,0.9845237354226793
29,6,0.90,0.993169560262864
29,6,0.95,0.9935221780636891
29,7,0.05,0.800181628986033
29,7,0.10,0.8363936455977514
29,7,0.15,0.8081552964337654
29,7,0.20,0.984176283728288
29,7,0.25,0.7937730014845779
29,7,0.30,0.9444194270941981
29,7,0.35,0.9739491348959458
29,7,0.40,0.968486917319854
29,7,0.45,0.9490663124883298
29,7,0.50,0.9820031503018434
29,7,0.55,0.9807155474542257
29,7,0.60,0.9766476350068144
29,7,0.65,0.9706777857469835
29,7,0.70,0.9825931578406186
29,7,0.75,0.9887996261583205
29,7,0.80,0.9910642001904826
29,7,0.85,0.995424516040417
29,7,0.90,0.9926346030806676
29,7,0.95,0.9964397008200602
29,8,0.05,0.7549246760641779
29,8,0.10,0.7421701559115936
29,8,0.15,0.8900306724348513
29,8,0.20,0.7557870170931007
29,8,0.25,0.8709520339437528
29,8,0.30,0.9399840003840513
29,8,0.35,0.9598217688901365
29,8,0.40,0.9700048796695458
29,8,0.45,0.9682651913034354
29,8,0.50,0.9902227562432648
29,8,0.55,0.9590318461675708
29,8,0.60,0.9744814721412647
29,8,0.65,0.9725313750918338
29,8,0.70,0.9795982945188727
29,8,0.75,0.98504205088629
29,8,0.80,0.9875472871258069
29,8,0.85,0.9868268741030417
29,8,0.90,0.994677210482408
29,8,0.95,0.9967242225011821
29,9,0.05,0.8398361234000821
29,9,0.10,0.866909184950572
29,9,0.15,0.7586670152352026
29,9,0.20,0.9482814227539867
29,9,0.25,0.926029368399359
29,9,0.30,0.9636802736658803
29,9,0.35,0.9696970227434671
29,9,0.40,0.9590132294503838
29,9,0.45,0.9670547015420238
29,9,0.50,0.9825453613226043
29,9,0.55,0.9574300917890244
29,9,0.60,0.9858431897428341
29,9,0.65,0.9818721771145485
29,9,0.70,0.9740055820851524
29,9,0.75,0.9901880790129025
29,9,0.80,0.9911601082939173
29,9,0.85,0.995401865865799
29,9,0.90,0.9855509963191185
29,9,0.95,0.9842669233537629
30,0,0.05,0.6660815414615079
30,0,0.10,0.6838896839649452
30,0,0.15,0.9152640153455335
30,0,0.20,0.9301753406367055
30,0,0.25,0.8871993558746938
30,0,0.30,0.9495150445124153
30,0,0.35,0.9627880582795495
30,0,0.40,0.9411392009118172
30,0,0.45,0.9541324165364194
30,0,0.50,0.9394676533284688
30,0,0.55,0.9789385752565094
30,0,0.60,0.9883142336156815
30,0,0.65,0.9823944740764842
30,0,0.70,0.9909679593519398
30,0,0.75,0.9915152132707279
30,0,0.80,0.9844835426785947
30,0,0.85,0.9956978645842957
30,0,0.90,0.9928982884694556
30,0,0.95,0.9960097397645088
30,1,0.05,0.8259935252378077
30,1,0.10,0.9451077660142096
30,1,0.15,0.8346362852959952
30,1,0.20,0.8091131785987749
30,1,0.25,0.8831705452630937
30,1,0.30,0.9357763948694279
30,1,0.35,0.9251099415584397
30,1,0.40,0.9405821999295723
30,1,0.45,0.9740626025706954
30,1,0.50,0.9793995825493038
30,1,0.55,0.9848331887701486
30,1,0.60,0.9486847580542072
30,1,0.65,0.978863354003088
30,1,0.70,0.9920783421245009
30,1,0.75,0.9942110462769683
30,1,0.80,0.9939620029215963
30,1,0.85,0.9919090657942864
30,1,0.90,0.992732096820726
30,1,0.95,0.9965558657567688
30,2,0.05,0.7551981361529081
30,2,0.10,0.806549209859617
30,2,0.15,0.43075899530393147
30,2,0.20,0.8985523529812501
30,2,0.25,0.964044507972567
30,2,0.30,0.9425043842188712
30,2,0.35,0.9375197143242847
30,2,0.40,0.9187381363737788
30,2,0.45,0.942159044314047
30,2,0.50,0.9638076477787827
30,2,0.55,0.9849841501306096
30,2,0.60,0.936029421133743
30,2,0.65,0.9880986153454147
30,2,0.70,0.9832697678839339
30,2,0.75,0.9915132110147733
30,2,0.80,0.9952831102945007
30,2,0.85,0.9935795101836903
30,2,0.90,0.9927591445496147
30,2,0.95,0.9904634898039133
30,3,0.05,0.7015037903410866
30,3,0.10,0.9334554889545331
30,3,0.15,0.7250454710697807
30,3,0.20,0.8879149817696821
30,3,0.25,0.921960189781165
30,3,0.30,0.9588123200945488
30,3,0.35,0.965455579648428
30,3,0.40,0.9387429245443171
30,3,0.45,0.9775758030578882
30,3,0.50,0.9803186933248086
30,3,0.55,0.9663043408082703
30,3,0.60,0.985565658854601
30,3,0.65,0.9794481294333502
30,3,0.70,0.9849424604806207
30,3,0.75,0.9887811667120375
30,3,0.80,0.9885405158985676
30,3,0.85,0.9905800747498494
30,3,0.90,0.9946678674185578
30,3,0.95,0.9962725682637207
30,4,0.05,0.7189842724640476
30,4,0.10,0.7002619048652763
30,4,0.15,0.7530956062385351
30,4,0.20,0.85431714787097
30,4,0.25,0.8168251614616925
30,4,0.30,0.9691490649987548
30,4,0.35,0.9599416343711022
30,4,0.40,0.9699564164362319
30,4,0.45,0.9488875882204671
30,4,0.50,0.9763226413750536
30,4,0.55,0.9708710376281375
30,4,0.60,0.9928934602491796
30,4,0.65,0.973174954281063
30,4,0.70,0.9804647836003411
30,4,0.75,0.9870571814537383
30,4,0.80,0.9912727126137326
30,4,0.85,0.991628552281323
30,4,0.90,0.9874589392513053
30,4,0.95,0.9951823696938129
30,5,0.05,0.5356538562734291
30,5,0.10,0.708755358812674
30,5,0.15,0.820805402480451
30,5,0.20,0.8796839122420255
30,5,0.25,0.9424342721171295
30,5,0.30,0.8882150903666333
30,5,0.35,0.889911854992429
30,5,0.40,0.9716015317337268
30,5,0.45,0.8769852838174756
30,5,0.50,0.9819164783672057
30,5,0.55,0.9810699356671583
30,5,0.60,0.9836332615188051
30,5,0.65,0.9847876725404214
30,5,0.70,0.9843351425004632
30,5,0.75,0.9838838122190378
30,5,0.80,0.9911541688500646
30,5,0.85,0.9892310140639926
30,5,0.90,0.9902352406578362
30,5,0.95,0.996642746565325
30,6,0.05,0.5764646877509594
30,6,0.10,0.6903836876816493
30,6,0.15,0.7783692439913747
30,6,0.20,0.9399048170624763
30,6,0.25,0.8798912848392607
30,6,0.30,0.9183617613993248
30,6,0.35,0.9347657882171932
30,6,0.40,0.9233593553517573
30,6,0.45,0.9702137451966841
30,6,0.50,0.964267520997306
30,6,0.55,0.9693406236861201
30,6,0.60,0.9878079384714356
30,6,0.65,0.9909237531863183
30,6,0.70,0.9904047059100769
30,6,0.75,0.9828072426638254
30,6,0.80,0.9946647085731884
30,6,0.85,0.9904186021187381
30,6,0.90,0.9635038059450105
30,6,0.95,0.9955478148807513
30,7,0.05,0.4211443409101989
30,7,0.10,0.656492816939939
30,7,0.15,0.7542342414100455
30,7,0.20,0.8864292380435745
30,7,0.25,0.925216033626483
30,7,0.30,0.9375555194171813
30,7,0.35,0.9615271729118094
30,7,0.40,0.8933673270662138
30,7,0.45,0.9578243547003132
30,7,0.50,0.9602312737071095
30,7,0.55,0.9709113016080296
30,7,0.60,0.9644077733709329
30,7,0.65,0.9840535173254562
30,7,0.70,0.9819729218444239
30,7,0.75,0.9748311449993614
30,7,0.80,0.9936320146939157
30,7,0.85,0.9928171158678689
30,7,0.90,0.985644686055049
30,7,0.95,0.983602500500685
30,8,0.05,0.7139935475274517
30,8,0.10,0.8099539615078175
30,8,0.15,0.8238560025330779
30,8,0.20,0.9076080336514403
30,8,0.25,0.6982004661681652
30,8,0.30,0.893042006713944
30,8,0.35,0.9339972049734345
30,8,0.40,0.8467277307858013
30,8,0.45,0.8543850242820965
30,8,0.50,0.9365142209346536
30,8,0.55,0.9827891257545971
30,8,0.60,0.9755765834755422
30,8,0.65,0.9819881640517879
30,8,0.70,0.9791642536890537
30,8,0.75,0.9792043467627399
30,8,0.80,0.9855733561036417
30,8,0.85,0.9925149293278633
30,8,0.90,0.9887687433352459
30,8,0.95,0.992283383739069
30,9,0.05,0.41160941276576757
30,9,0.10,0.8779321222531022
30,9,0.15,0.7010496928707362
30,9,0.20,0.9063295948041012
30,9,0.25,0.9027738115320967
30,9,0.30,0.9084394277013843
30,9,0.35,0.9173578731761561
30,9,0.40,0.9505591591075092
30,9,0.45,0.9751766858092918
30,9,0.50,0.9366757474840457
30,9,0.55,0.9766827366801448
30,9,0.60,0.968431005155037
30,9,0.65,0.9775364191562624
30,9,0.70,0.9871272894182415
30,9,0.75,0.9876420575487214
30,9,0.80,0.9871060825589901
30,9,0.85,0.9885561562438383
30,9,0.90,0.9860944364815347
30,9,0.95,0.9925240275702336
31,0,0.05,0.37294149289910616
31,0,0.10,0.8644854004163143
31,0,0.15,0.7571267482328812
31,0,0.20,0.8389036041473288
31,0,0.25,0.9339484912707148
31,0,0.30,0.90836088602357
31,0,0.35,0.9480515574419137
31,0,0.40,0.9595333459194152
31,0,0.45,0.9480036839968478
31,0,0.50,0.9615013733074877
31,0,0.55,0.9843181923546697
31,0,0.60,0.9916935494313479
31,0,0.65,0.9879382315698998
31,0,0.70,0.9870660188394781
31,0,0.75,0.980264682727799
31,0,0.80,0.9929730507013067
31,0,0.85,0.994948116014077
31,0,0.90,0.9926201769933838
31,0,0.95,0.9970782870695462
31,1,0.05,0.274416942248931
31,1,0.10,0.6952122354142976
31,1,0.15,0.7495816026928934
31,1,0.20,0.7057014990667587
31,1,0.25,0.9027275626620495
31,1,0.30,0.9378683197349953
31,1,0.35,0.8001214375806218
31,1,0.40,0.9679754229700612
31,1,0.45,0.9381149854588771
31,1,0.50,0.9690232423991052
31,1,0.55,0.9738383314572181
31,1,0.60,0.9763076756589029
31,1,0.65,0.9896431110439514
31,1,0.70,0.9856575287652873
31,1,0.75,0.9903339945021945
31,1,0.80,0.9914178212040636
31,1,0.85,0.9941552070195033
31,1,0.90,0.9965712838660115
31,1,0.95,0.9935847599547296
31,2,0.05,-1.9733256013863967
31,2,0.10,0.8826452938207803
31,2,0.15,0.8954596475313734
31,2,0.20,0.42888422629213097
31,2,0.25,0.9432238006297915
31,2,0.30,0.9580608693530035
31,2,0.35,0.9701364554076956
31,2,0.40,0.977927205403822
31,2,0.45,0.9285508717782364
31,2,0.50,0.9759977743338404
31,2,0.55,0.9685689321988398
31,2,0.60,0.9870443639583387
31,2,0.65,0.9795663868040291
31,2,0.70,0.9762886416413658
31,2,0.75,0.9899213392370672
31,2,0.80,0.9931480500630805
31,2,0.85,0.9897429917361747
31,2,0.90,0.9963730436447016
31,2,0.95,0.9934699765587437
31,3,0.05,-0.34207767112533727
31,3,0.10,0.8576242021303384
31,3,0.15,0.7317932614744922
31,3,0.20,0.8910884241579642
31,3,0.25,0.895168179234641
31,3,0.30,0.9595728770554034
31,3,0.35,0.9050234787100998
31,3,0.40,0.9481680890363225
31,3,0.45,0.9517167388525359
31,3,0.50,0.9839745394913157
31,3,0.55,0.9639989727668618
31,3,0.60,0.9853108476740282
31,3,0.65,0.9901340788772028
31,3,0.70,0.9911157883110696
31,3,0.75,0.989863069493623
31,3,0.80,0.9944821270316195
31,3,0.85,0.9946601333603612
31,3,0.90,0.9896964916721177
31,3,0.95,0.9928804720081182
31,4,0.05,-0.21899764040830538
31,4,0.10,0.7807509357516866
31,4,0.15,0.3779556810347473
31,4,0.20,0.7268702405488956
31,4,0.25,0.8531844875004169
31,4,0.30,0.9658918556960752
31,4,0.35,0.9626309791476325
31,4,0.40,0.9586543386337248
31,4,0.45,0.9694942320160499
31,4,0.50,0.955188863412471
31,4,0.55,0.988243443377712
31,4,0.60,0.9866713457637363
31,4,0.65,0.9853119559868561
31,4,0.70,0.9908882224794318
31,4,0.75,0.9940816710344862
31,4,0.80,0.9848250122860589
31,4,0.85,0.9891844603807581
31,4,0.90,0.9914544205572714
31,4,0.95,0.9951010331258996
31,5,0.05,0.7447320227916505
31,5,0.10,0.8777212129019225
31,5,0.15,0.8206971278901134
31,5,0.20,0.7926717264915237
31,5,0.25,0.9150479322270683
31,5,0.30,0.8596789267776466
31,5,0.35,0.9647352472771051
31,5,0.40,0.9019315387996902
31,5,0.45,0.9728419699952918
31,5,0.50,0.9810491925180663
31,5,0.55,0.9657745923373776
31,5,0.60,0.9913062544865853
31,5,0.65,0.9897357299142557
31,5,0.70,0.9757172392689208
31,5,0.75,0.9885328974083938
31,5,0.80,0.9881975550346803
31,5,0.85,0.9914215887009448
31,5,0.90,0.9920363193728873
31,5,0.95,0.9875715721765925
31,6,0.05,0.7518601388832075
31,6,0.10,0.9256933121415671
31,6,0.15,0.7739917973771466
31,6,0.20,0.9503831176421849
31,6,0.25,0.9530238169352864
31,6,0.30,0.9033874272409719
31,6,0.35,0.9457791255685937
31,6,0.40,0.932884563101421
31,6,0.45,0.9483285701164265
31,6,0.50,0.9756911912220357
31,6,0.55,0.9850707485117067
31,6,0.60,0.9545203192416808
31,6,0.65,0.985036527974228
31,6,0.70,0.9769586003460538
31,6,0.75,0.9948432406857166
31,6,0.80,0.9933243651594754
31,6,0.85,0.9945321849317679
31,6,0.90,0.9876810840094992
31,6,0.95,0.9902517975511971
31,7,0.05,0.6531990544611084
31,7,0.10,0.8389934664408372
31,7,0.15,0.8954879440871576
31,7,0.20,0.8520345993379139
31,7,0.25,0.8059551236602698
31,7,0.30,0.887892959505571
31,7,0.35,0.8424191522341833
31,7,0.40,0.9398169823967883
31,7,0.45,0.9565511797138507
31,7,0.50,0.9221243189212112
31,7,0.55,0.9357407081007834
31,7,0.60,0.9684666219125169
31,7,0.65,0.993312827026918
31,7,0.70,0.9787508563040743
31,7,0.75,0.9933382244852407
31,7,0.80,0.9939920242457214
31,7,0.85,0.9873378770775486
31,7,0.90,0.9918772172908469
31,7,0.95,0.9971130796479513
31,8,0.05,0.6796617119067729
31,8,0.10,0.6857665820247854
31,8,0.15,0.6633576064490516
31,8,0.20,0.7762754511905103
31,8,0.25,0.706801711684778
31,8,0.30,0.9115646865902977
31,8,0.35,0.9659889071191355
31,8,0.40,0.8505965018851442
31,8,0.45,0.9412315003610243
31,8,0.50,0.9491285173840103
31,8,0.55,0.9716023025468719
31,8,0.60,0.9807849384590955
31,8,0.65,0.9839944823441363
31,8,0.70,0.9917712891753125
31,8,0.75,0.9950888250868241
31,8,0.80,0.9884143356054265
31,8,0.85,0.9924173929382729
31,8,0.90,0.9931863048673684
31,8,0.95,0.9960288552777053
31,9,0.05,0.23826645671758706
31,9,0.10,0.7853654801468873
31,9,0.15,0.9055289085915085
31,9,0.20,0.9547637114907943
31,9,0.25,0.9380737864552541
31,9,0.30,0.9334639004336187
31,9,0.35,0.9524428169022552
31,9,0.40,0.9354850151377709
31,9,0.45,0.97987608336044
31,9,0.50,0.9730353073698039
31,9,0.55,0.9671755438427398
31,9,0.60,0.9535092494359759
31,9,0.65,0.9831695970725269
31,9,0.70,0.9938318120375356
31,9,0.75,0.965153976133246
31,9,0.80,0.9848821462255134
31,9,0.85,0.9901563265412822
31,9,0.90,0.9926880887171361
31,9,0.95,0.9959066379744362
32,0,0.05,-0.33350631445498813
32,0,0.10,0.634081814320286
32,0,0.15,0.8154962642344866
32,0,0.20,0.8418952472023505
32,0,0.25,0.931758376448253
32,0,0.30,0.9205888918098228
32,0,0.35,0.9324574193117078
32,0,0.40,0.9519536675756777
32,0,0.45,0.9064765458888672
32,0,0.50,0.9696162391932394
32,0,0.55,0.9859768155013029
32,0,0.60,0.9818549679188906
32,0,0.65,0.9930228182773193
32,0,0.70,0.9848887464497244
32,0,0.75,0.9913319720798749
32,0,0.80,0.9939893676105581
32,0,0.85,0.9888202100924761
32,0,0.90,0.9852438228892837
32,0,0.95,0.9965761521665465
32,1,0.05,0.017372528956016597
32,1,0.10,0.7203838863434187
32,1,0.15,0.7785065461579118
32,1,0.20,0.9438073917427263
32,1,0.25,0.9659611798009676
32,1,0.30,0.933877151671796
32,1,0.35,0.7546167225090914
32,1,0.40,0.9336589175917156
32,1,0.45,0.9744080426385561
32,1,0.50,0.9657987038000697
32,1,0.55,0.9911951637751318
32,1,0.60,0.9814838419351973
32,1,0.65,0.9785344881322979
32,1,0.70,0.9858924193593421
32,1,0.75,0.9820614820453004
32,1,0.80,0.9927244453599562
32,1,0.85,0.9903119916105264
32,1,0.90,0.9940881509970604
32,1,0.95,0.991764931325884
32,2,0.05,-0.03155330995827854
32,2,0.10,0.09407480128287127
32,2,0.15,0.9508108398588044
32,2,0.20,0.8283142075718468
32,2,0.25,0.9412226346415935
32,2,0.30,0.9604495939490234
32,2,0.35,0.913828774077786
32,2,0.40,0.9843940462636915
32,2,0.45,0.9842509606290082
32,2,0.50,0.9437970907165535
32,2,0.55,0.9735333075139986
32,2,0.60,0.9660304100892986
32,2,0.65,0.961966687743255
32,2,0.70,0.9884994756022849
32,2,0.75,0.9921686730398099
32,2,0.80,0.9865531899143902
32,2,0.85,0.9920085952885855
32,2,0.90,0.9854538217482314
32,2,0.95,0.9929169345985294
32,3,0.05,-0.045693482720011946
32,3,0.10,0.7260312130595186
32,3,0.15,0.3954456303969759
32,3,0.20,0.942108351499606
32,3,0.25,0.9136690456805024
32,3,0.30,0.7536092527492133
32,3,0.35,0.9618790571316624
32,3,0.40,0.960395596777602
32,3,0.45,0.9449848816515956
32,3,0.50,0.9356988489205291
32,3,0.55,0.9649929550314251
32,3,0.60,0.9652987223273886
32,3,0.65,0.9884984764583685
32,3,0.70,0.976364237916187
32,3,0.75,0.9787892753551041
32,3,0.80,0.9915873181793295
32,3,0.85,0.9948012950030011
32,3,0.90,0.9961132867940813
32,3,0.95,0.9956049539817595
32,4,0.05,0.4416919041481491
32,4,0.10,0.7467888245037837
32,4,0.15,0.699449398231757
32,4,0.20,0.8447645226660705
32,4,0.25,0.9108940211566589
32,4,0.30,0.8537319505353002
32,4,0.35,0.9632233818904391
32,4,0.40,0.9288949849272737
32,4,0.45,0.9249481191102098
32,4,0.50,0.9427329678907531
32,4,0.55,0.9660890586788178
32,4,0.60,0.9768481630809775
32,4,0.65,0.9815554444846116
32,4,0.70,0.9808876849282542
32,4,0.75,0.9906835621917812
32,4,0.80,0.9896578143301401
32,4,0.85,0.9936021568178186
32,4,0.90,0.9964185873394462
32,4,0.95,0.9944225753218348
32,5,0.05,0.3919362824034476
32,5,0.10,0.6632637071120238
32,5,0.15,0.7924598915856667
32,5,0.20,0.9333435509730776
32,5,0.25,0.9182008453300536
32,5,0.30,0.9118453579395369
32,5,0.35,0.904913687689549
32,5,0.40,0.9082307400443171
32,5,0.45,0.9647945661428494
32,5,0.50,0.9759103404314196
32,5,0.55,0.9718043650950896
32,5,0.60,0.9782771146553517
32,5,0.65,0.9826801267719191
32,5,0.70,0.9837313463259822
32,5,0.75,0.9641562021683596
32,5,0.80,0.989047095918404
32,5,0.85,0.9738753268189957
32,5,0.90,0.9954050867920143
32,5,0.95,0.9809180813396514
32,6,0.05,0.7120115761860146
32,6,0.10,0.45773639162083823
32,6,0.15,0.4824525247379089
32,6,0.20,0.8949862430008604
32,6,0.25,0.9432450431713938
32,6,0.30,0.9283434456108722
32,6,0.35,0.964850628610578
32,6,0.40,0.9536794193307254
32,6,0.45,0.8898502309455173
32,6,0.50,0.9509227745834441
32,6,0.55,0.9835093904778603
32,6,0.60,0.9805250663298898
32,6,0.65,0.985389171809709
32,6,0.70,0.9723998850142077
32,6,0.75,0.9866625536990162
32,6,0.80,0.9378660716045485
32,6,0.85,0.9854585885497137
32,6,0.90,0.9891300937689161
32,6,0.95,0.9962093682268626
32,7,0.05,0.4959702970140818
32,7,0.10,0.7630574345976939
32,7,0.15,0.8822084107767423
32,7,0.20,0.8459413157244288
32,7,0.25,0.9562690271267171
32,7,0.30,0.9488188689975305
32,7,0.35,0.9651319714351722
32,7,0.40,0.9723954354949242
32,7,0.45,0.8884983955744654
32,7,0.50,0.9405770701799454
32,7,0.55,0.9733677125966299
32,7,0.60,0.979245725260513
32,7,0.65,0.9803197878197606
32,7,0.70,0.975527026884213
32,7,0.75,0.9810046835793742
32,7,0.80,0.9931976972874861
32,7,0.85,0.9922158053411274
32,7,0.90,0.9955947663147848
32,7,0.95,0.9922745560716423
32,8,0.05,0.7693925657133134
32,8,0.10,0.7978903981186816
32,8,0.15,0.8735538339457556
32,8,0.20,0.9122206308465918
32,8,0.25,0.9329409705447445
32,8,0.30,0.958430798964876
32,8,0.35,0.9410469712817349
32,8,0.40,0.9640590632302981
32,8,0.45,0.9822353629970697
32,8,0.50,0.9724739446249064
32,8,0.55,0.9656278582038257
32,8,0.60,0.9734361037340274
32,8,0.65,0.9332091211267197
32,8,0.70,0.9750742320406457
32,8,0.75,0.9809688927753898
32,8,0.80,0.9940027879071036
32,8,0.85,0.9685371719843706
32,8,0.90,0.9956477586414284
32,8,0.95,0.9956173816316485
32,9,0.05,-0.003965749923919626
32,9,0.10,0.5386788408142307
32,9,0.15,0.9325896566349559
32,9,0.20,0.94313351179404
32,9,0.25,0.9132151041681125
32,9,0.30,0.9169353320293929
32,9,0.35,0.8241194664123326
32,9,0.40,0.9669890104685911
32,9,0.45,0.947990304711191
32,9,0.50,0.9762732447913925
32,9,0.55,0.9760242658980177
32,9,0.60,0.9859428645295019
32,9,0.65,0.9733064600742596
32,9,0.70,0.9850648019106657
32,9,0.75,0.9898001537503447
32,9,0.80,0.9832619157674627
32,9,0.85,0.9928710092088326
32,9,0.90,0.9880989704680514
32,9,0.95,0.9954827109503379
33,0,0.05,0.5943321415942507
33,0,0.10,0.8451987527160276
33,0,0.15,0.832570695267094
33,0,0.20,0.8092673050825483
33,0,0.25,0.8802046569955762
33,0,0.30,0.8650214474428439
33,0,0.35,0.9706011697015007
33,0,0.40,0.9258159578134272
33,0,0.45,0.9286426370340913
33,0,0.50,0.9783710781998263
33,0,0.55,0.9755782114370667
33,0,0.60,0.9599777041630172
33,0,0.65,0.9875616724163676
33,0,0.70,0.9766014755669811
33,0,0.75,0.9949472375611589
33,0,0.80,0.9948291782570912
33,0,0.85,0.9604803494464768
33,0,0.90,0.9947932660564711
33,0,0.95,0.9949659686428504
33,1,0.05,0.6388979650585609
33,1,0.10,0.6133832464106936
33,1,0.15,0.9279925550147076
33,1,0.20,0.9415378363472399
33,1,0.25,0.8906146839748297
33,1,0.30,0.9068226849377228
33,1,0.35,0.9683304217481408
33,1,0.40,0.9529117090609001
33,1,0.45,0.9411425461249519
33,1,0.50,0.9749210541768596
33,1,0.55,0.980224808984246
33,1,0.60,0.9003677503878125
33,1,0.65,0.9770719416626844
33,1,0.70,0.9956495069979518
33,1,0.75,0.9871337145878982
33,1,0.80,0.9907130593978497
33,1,0.85,0.9950857318389367
33,1,0.90,0.9952923746322672
33,1,0.95,0.9965661943743156
33,2,0.05,0.4906245377047106
33,2,0.10,0.7851255246428607
33,2,0.15,0.9199884174555152
33,2,0.20,0.7026069190573208
33,2,0.25,0.8638668591604283
33,2,0.30,0.73578198611241
33,2,0.35,0.9675937840004215
33,2,0.40,0.930918731147281
33,2,0.45,0.9792490601618801
33,2,0.50,0.9322297579754718
33,2,0.55,0.9514141827132404
33,2,0.60,0.9596358323773378
33,2,0.65,0.9871578291087052
33,2,0.70,0.9867714771742117
33,2,0.75,0.9879202410754225
33,2,0.80,0.9889417572497926
33,2,0.85,0.991170388013092
33,2,0.90,0.9941902348087484
33,2,0.95,0.9955091137195805
33,3,0.05,0.49311513971621224
33,3,0.10,0.8283819724085058
33,3,0.15,0.8660501271498751
33,3,0.20,0.7959823520817446
33,3,0.25,0.9311348138705258
33,3,0.30,0.9320938585737703
33,3,0.35,0.8366014000264931
33,3,0.40,0.9598347202105669
33,3,0.45,0.9684191350767005
33,3,0.50,0.9573824533514644
33,3,0.55,0.983047643555027
33,3,0.60,0.9873657327395934
33,3,0.65,0.9721869839501871
33,3,0.70,0.9926995927563946
33,3,0.75,0.9851311178792956
33,3,0.80,0.9938526659029648
33,3,0.85,0.9817578010233577
33,3,0.90,0.9907935503637244
33,3,0.95,0.9945930985706795
33,4,0.05,-0.39090071245984426
33,4,0.10,0.8811160137643175
33,4,0.15,0.7775268355979034
33,4,0.20,0.9094394990860599
33,4,0.25,0.8685571327089576
33,4,0.30,0.7935253787584435
33,4,0.35,0.8933539480717214
33,4,0.40,0.9744497682006602
33,4,0.45,0.9393758210925185
33,4,0.50,0.9669302596096816
33,4,0.55,0.9883255676061524
33,4,0.60,0.9666392942836735
33,4,0.65,0.9918667808586481
33,4,0.70,0.9874834172312026
33,4,0.75,0.9914265194361352
33,4,0.80,0.9947517590740432
33,4,0.85,0.996446658623342
33,4,0.90,0.9955174760023903
33,4,0.95,0.9947527574156423
33,5,0.05,0.45429409604455806
33,5,0.10,0.8760833453970924
33,5,0.15,0.5693564279478122
33,5,0.20,0.8577830301755488
33,5,0.25,0.8608875680484822
33,5,0.30,0.9726274687200588
33,5,0.35,0.9279717137375808
33,5,0.40,0.9585124952933048
33,5,0.45,0.9938312637567898
33,5,0.50,0.9805803929063658
33,5,0.55,0.9434032982851124
33,5,0.60,0.9897575532233913
33,5,0.65,0.9773240310293291
33,5,0.70,0.9885981402001518
33,5,0.75,0.9850292607202582
33,5,0.80,0.9940744249520163
33,5,0.85,0.9954079566654066
33,5,0.90,0.9939499935286311
33,5,0.95,0.9937077970576292
33,6,0.05,0.7362433856350218
33,6,0.10,0.760250899968292
33,6,0.15,0.5293497398843205
33,6,0.20,0.5965992106348279
33,6,0.25,0.8890780172240649
33,6,0.30,0.9383604930824199
33,6,0.35,0.9197830506795962
33,6,0.40,0.9379422575226942
33,6,0.45,0.9422373465043254
33,6,0.50,0.9711956261829255
33,6,0.55,0.9485530158511093
33,6,0.60,0.9915344797249351
33,6,0.65,0.9890910760959095
33,6,0.70,0.992018450847565
33,6,0.75,0.9896911320105531
33,6,0.80,0.9935236298685696
33,6,0.85,0.9882168851570219
33,6,0.90,0.9959992777792164
33,6,0.95,0.9961294418003411
33,7,0.05,0.41883655539819975
33,7,0.10,0.9325584429621663
33,7,0.15,0.913000466926456
33,7,0.20,0.7959311377698937
33,7,0.25,0.9413014498749256
33,7,0.30,0.8990882979004476
33,7,0.35,0.8851856269759864
33,7,0.40,0.9102297808563024
33,7,0.45,0.8771644794051932
33,7,0.50,0.965686907007762
33,7,0.55,0.9544895283425293
33,7,0.60,0.9913952924773616
33,7,0.65,0.992608068613175
33,7,0.70,0.9923769985228531
33,7,0.75,0.987796620124007
33,7,0.80,0.9823312183330106
33,7,0.85,0.9917625625919352
33,7,0.90,0.9951021915831282
33,7,0.95,0.9952660875950805
33,8,0.05,0.6484118170137532
33,8,0.10,0.8749882453941698
33,8,0.15,0.40590811995483844
33,8,0.20,0.802698098113794
33,8,0.25,0.8707670505316882
33,8,0.30,0.7825809263987566
33,8,0.35,0.8375020289419715
33,8,0.40,0.9292282705747712
33,8,0.45,0.9415730113892471
33,8,0.50,0.9002340089946256
33,8,0.55,0.9881137212868573
33,8,0.60,0.9353366564313604
33,8,0.65,0.988074587007241
33,8,0.70,0.9825652657234926
33,8,0.75,0.9902561915400014
33,8,0.80,0.9879686373439052
33,8,0.85,0.9917931371129721
33,8,0.90,0.9797381273203366
33,8,0.95,0.9946174593327655
33,9,0.05,0.20271106940496952
33,9,0.10,0.8641794324062227
33,9,0.15,0.7261125672117784
33,9,0.20,0.8972565870242292
33,9,0.25,0.9061324906001424
33,9,0.30,0.9482192085172952
33,9,0.35,0.8971368982997484
33,9,0.40,0.9487656970503298
33,9,0.45,0.9535310334723335
33,9,0.50,0.9600837397232668
33,9,0.55,0.9876820809771735
33,9,0.60,0.9918173470950804
33,9,0.65,0.9871688034211713
33,9,0.70,0.9859920576913956
33,9,0.75,0.9930068274122268
33,9,0.80,0.9780035096565806
33,9,0.85,0.9960602858726602
33,9,0.90,0.9951218727908621
33,9,0.95,0.9973292453942563
34,0,0.05,0.6292894760520857
34,0,0.10,0.8750204523986551
34,0,0.15,0.8067184250110138
34,0,0.20,0.8953061273765558
34,0,0.25,0.9030879477904705
34,0,0.30,0.9458970230361835
34,0,0.35,0.9557719296489878
34,0,0.40,0.9254585898127525
34,0,0.45,0.982376813570286
34,0,0.50,0.9742321045794493
34,0,0.55,0.9572874550681669
34,0,0.60,0.9911713354315371
34,0,0.65,0.9895519185516525
34,0,0.70,0.9889909090118545
34,0,0.75,0.9946807879124194
34,0,0.80,0.9940265990938959
34,0,0.85,0.9887679241869437
34,0,0.90,0.9950572816030046
34,0,0.95,0.9953374151311659
34,1,0.05,0.6117489244085372
34,1,0.10,0.3264449397847229
34,1,0.15,0.8826969602603109
34,1,0.20,0.9605584861598392
34,1,0.25,0.9174398996299782
34,1,0.30,0.9446488365958999
34,1,0.35,0.9022763161757991
34,1,0.40,0.9121158133145065
34,1,0.45,0.9690128031116279
34,1,0.50,0.9733586632188013
34,1,0.55,0.9834805483114404
34,1,0.60,0.9705776705819779
34,1,0.65,0.9834686633741198
34,1,0.70,0.9944731298027831
34,1,0.75,0.9839584441835543
34,1,0.80,0.9875605778336777
34,1,0.85,0.9930563373493864
34,1,0.90,0.9934539005756561
34,1,0.95,0.9806614023397416
34,2,0.05,0.8345781247284586
34,2,0.10,0.9204328298656752
34,2,0.15,0.4880850906958746
34,2,0.20,0.9386087141581454
34,2,0.25,0.9235060775799905
34,2,0.30,0.9587996393006154
34,2,0.35,0.9520940417081735
34,2,0.40,0.9833347122057517
34,2,0.45,0.9805779355412444
34,2,0.50,0.9396031707391652
34,2,0.55,0.9765569163782025
34,2,0.60,0.9898054007534852
34,2,0.65,0.9908889296187642
34,2,0.70,0.9904322505745441
34,2,0.75,0.9938929901186692
34,2,0.80,0.9897023271583146
34,2,0.85,0.9943515080875076
34,2,0.90,0.9934041801923814
34,2,0.95,0.994603154202851
34,3,0.05,0.6435704879729051
34,3,0.10,0.8463741947217673
34,3,0.15,0.8684887247016391
34,3,0.20,0.7188312930712575
34,3,0.25,0.7534355304161039
34,3,0.30,0.9329939493578792
34,3,0.35,0.8520335516430042
34,3,0.40,0.9626065522600592
34,3,0.45,0.9804758951918564
34,3,0.50,0.9759634511540886
34,3,0.55,0.981850822090107
34,3,0.60,0.9854086813220906
34,3,0.65,0.9932671564502674
34,3,0.70,0.9838168352547408
34,3,0.75,0.9934288052288883
34,3,0.80,0.996090400196637
34,3,0.85,0.9874880299642933
34,3,0.90,0.9804712416333926
34,3,0.95,0.992869168448486
34,4,0.05,0.8657372218436816
34,4,0.10,0.5359637484069966
34,4,0.15,0.9108488149766627
34,4,0.20,0.9253041565685389
34,4,0.25,0.9599764601035955
34,4,0.30,0.8741899255896739
34,4,0.35,0.9270410184329213
34,4,0.40,0.9458923194834107
34,4,0.45,0.7924692764928036
34,4,0.50,0.9869785196605861
34,4,0.55,0.9465111671216845
34,4,0.60,0.9763998435302349
34,4,0.65,0.9890394207481457
34,4,0.70,0.978232417367668
34,4,0.75,0.991688225334698
34,4,0.80,0.9901188711310677
34,4,0.85,0.9810476019237783
34,4,0.90,0.9935966666206417
34,4,0.95,0.9833281685963617
34,5,0.05,0.15548573900206775
34,5,0.10,0.6293170174807273
34,5,0.15,0.5962874066694717
34,5,0.20,0.9054551763716647
34,5,0.25,0.9651937635237351
34,5,0.30,0.9508750795208188
34,5,0.35,0.939099853377657
34,5,0.40,0.9790293101722752
34,5,0.45,0.9385446224883317
34,5,0.50,0.9764148710195177
34,5,0.55,0.9860069858879505
34,5,0.60,0.9809837772862676
34,5,0.65,0.9781784132392431
34,5,0.70,0.986957034520757
34,5,0.75,0.9881823431741519
34,5,0.80,0.9960755281211863
34,5,0.85,0.991221271942875
34,5,0.90,0.9947137851087667
34,5,0.95,0.9876944835907172
34,6,0.05,0.847925377288242
34,6,0.10,0.5457123442913309
34,6,0.15,0.4441872520972434
34,6,0.20,0.8843838757201724
34,6,0.25,0.9285616204840879
34,6,0.30,0.7778573832312192
34,6,0.35,0.7531605782026748
34,6,0.40,0.9687890672137944
34,6,0.45,0.9637783527827329
34,6,0.50,0.9569453171744117
34,6,0.55,0.9822122541189647
34,6,0.60,0.9875646214484655
34,6,0.65,0.9949542057584753
34,6,0.70,0.9880628900514341
34,6,0.75,0.9883095352816518
34,6,0.80,0.9856836100686961
34,6,0.85,0.9943520143941562
34,6,0.90,0.9935666341229764
34,6,0.95,0.9933310137654885
34,7,0.05,0.9253988906107147
34,7,0.10,0.7432824092505377
34,7,0.15,0.8168998285619732
34,7,0.20,0.8578157185606533
34,7,0.25,0.9372180095661244
34,7,0.30,0.9422378530798794
34,7,0.35,0.9645120027816118
34,7,0.40,0.9525134696393074
34,7,0.45,0.8711453773853732
34,7,0.50,0.9326595076349417
34,7,0.55,0.9840052264457052
34,7,0.60,0.985122140743514
34,7,0.65,0.9807124355320979
34,7,0.70,0.9908849117465507
34,7,0.75,0.988558241805953
34,7,0.80,0.994214879920112
34,7,0.85,0.9934898982546938
34,7,0.90,0.9928680550871247
34,7,0.95,0.9956854938584419
34,8,0.05,0.4939754576075882
34,8,0.10,0.8980432500645698
34,8,0.15,0.8651058275476009
34,8,0.20,0.8409638630321318
34,8,0.25,0.9358952752003947
34,8,0.30,0.8499928558378034
34,8,0.35,0.9119528746219818
34,8,0.40,0.8711034077196633
34,8,0.45,0.9320660645323827
34,8,0.50,0.9439256069020397
34,8,0.55,0.9559267213065948
34,8,0.60,0.985199712899078
34,8,0.65,0.9889227681575405
34,8,0.70,0.9605762860744601
34,8,0.75,0.9957240369381826
34,8,0.80,0.9932258882490542
34,8,0.85,0.9918088326716229
34,8,0.90,0.9958322358281566
34,8,0.95,0.9955084204954775
34,9,0.05,0.019830484559177464
34,9,0.10,0.6308505080256681
34,9,0.15,0.9368231452784795
34,9,0.20,0.8841366610330174
34,9,0.25,0.8945872626776719
34,9,0.30,0.966490661817538
34,9,0.35,0.9335719538131044
34,9,0.40,0.9683936669657781
34,9,0.45,0.9716831477316076
34,9,0.50,0.9924323171835903
34,9,0.55,0.9720981007543007
34,9,0.60,0.9879484099729162
34,9,0.65,0.9817535873302766
34,9,0.70,0.9851946782316716
34,9,0.75,0.956346216904202
34,9,0.80,0.9836096740010994
34,9,0.85,0.9962187189632477
34,9,0.90,0.9943272588366435
34,9,0.95,0.9924463353189311
35,0,0.05,0.7166420037874448
35,0,0.10,0.7746448392374436
35,0,0.15,0.7300013622686113
35,0,0.20,0.832955832900043
35,0,0.25,0.8884565449267442
35,0,0.30,0.9496341417143537
35,0,0.35,0.9091961220423566
35,0,0.40,0.9800538185671109
35,0,0.45,0.978045352294724
35,0,0.50,0.9700357178148484
35,0,0.55,0.9778476449529407
35,0,0.60,0.9710659791107286
35,0,0.65,0.9882860314577331
35,0,0.70,0.9870664566401638
35,0,0.75,0.9881223130961776
35,0,0.80,0.9916936715537757
35,0,0.85,0.978953018421583
35,0,0.90,0.9947889329944164
35,0,0.95,0.9910508235539239
35,1,0.05,0.7688208247881413
35,1,0.10,0.9019746481127522
35,1,0.15,0.7453378323838429
35,1,0.20,0.951591363892993
35,1,0.25,0.8613720074688762
35,1,0.30,0.9419742964334151
35,1,0.35,0.9163551632670366
35,1,0.40,0.918959893805942
35,1,0.45,0.9800784562408331
35,1,0.50,0.967794685238272
35,1,0.55,0.97023900910316
35,1,0.60,0.914215750049514
35,1,0.65,0.9765010333158899
35,1,0.70,0.9880649472667444
35,1,0.75,0.9887283613400185
35,1,0.80,0.9950290422593973
35,1,0.85,0.9933165175408025
35,1,0.90,0.99196188798549
35,1,0.95,0.9961299179525362
35,2,0.05,0.24526958959219403
35,2,0.10,0.7235780475960583
35,2,0.15,0.8822286592056582
35,2,0.20,0.8193010742354143
35,2,0.25,0.9467533529749756
35,2,0.30,0.9635942621048372
35,2,0.35,0.9192048325272729
35,2,0.40,0.9261142893293256
35,2,0.45,0.9773309985463565
35,2,0.50,0.9657400888227166
35,2,0.55,0.9845461108241826
35,2,0.60,0.9880934242896876
35,2,0.65,0.9455918871378377
35,2,0.70,0.992644915974062
35,2,0.75,0.9914970704425556
35,2,0.80,0.9922352390040101
35,2,0.85,0.9825335310528613
35,2,0.90,0.9959513426089557
35,2,0.95,0.99443375737919
35,3,0.05,-0.7282051620380647
35,3,0.10,0.8541038395085097
35,3,0.15,0.8185838653565618
35,3,0.20,0.9370828241869059
35,3,0.25,0.7704209584294263
35,3,0.30,0.9424743048101208
35,3,0.35,0.9300304012590263
35,3,0.40,0.954519694781313
35,3,0.45,0.9195339000900475
35,3,0.50,0.9706365960683327
35,3,0.55,0.9771905615716869
35,3,0.60,0.972998080701696
35,3,0.65,0.9886756413108856
35,3,0.70,0.9928077857478671
35,3,0.75,0.9747052848051969
35,3,0.80,0.9875033517513189
35,3,0.85,0.9959857097226127
35,3,0.90,0.9963302591901566
35,3,0.95,0.9955261691874889
35,4,0.05,0.41116476893927645
35,4,0.10,0.8108722393020014
35,4,0.15,0.9592305799849009
35,4,0.20,0.8053104523177869
35,4,0.25,0.9087782388215346
35,4,0.30,0.9549139943838537
35,4,0.35,0.8216111905954155
35,4,0.40,0.850037798938978
35,4,0.45,0.9485674477373219
35,4,0.50,0.9789089501357575
35,4,0.55,0.9745693148170912
35,4,0.60,0.9029684839106141
35,4,0.65,0.970431083783484
35,4,0.70,0.9939485953984624
35,4,0.75,0.9769774451260624
35,4,0.80,0.9775824968259317
35,4,0.85,0.9948669121634531
35,4,0.90,0.9927527439477429
35,4,0.95,0.9943915858316175
35,5,0.05,0.3025358028970534
35,5,0.10,0.7287928623413265
35,5,0.15,0.7388765821858291
35,5,0.20,0.9017282903910271
35,5,0.25,0.8837172150802841
35,5,0.30,0.9425973408452734
35,5,0.35,0.9594445153728915
35,5,0.40,0.9570999665398672
35,5,0.45,0.9601456223078224
35,5,0.50,0.963906989939789
35,5,0.55,0.9741563648906544
35,5,0.60,0.9732388531750205
35,5,0.65,0.9728711603952529
35,5,0.70,0.9736476274476414
35,5,0.75,0.9892520978065402
35,5,0.80,0.9855256807721893
35,5,0.85,0.9949245453367797
35,5,0.90,0.9933086185199343
35,5,0.95,0.9949446316716476
35,6,0.05,0.6568957106196648
35,6,0.10,0.7607710490729753
35,6,0.15,0.9022950983142107
35,6,0.20,0.8952872460397348
35,6,0.25,0.8154003459903872
35,6,0.30,0.898598217609794
35,6,0.35,0.9488430190203454
35,6,0.40,0.9515016689647906
35,6,0.45,0.9147267006437949
35,6,0.50,0.9776631159056743
35,6,0.55,0.9685649694837678
35,6,0.60,0.9567098670509172
35,6,0.65,0.9827635239081206
35,6,0.70,0.989338794041306
35,6,0.75,0.9805657670503263
35,6,0.80,0.9877837656315869
35,6,0.85,0.9711555148696952
35,6,0.90,0.9829564411646972
35,6,0.95,0.9944266936916363
35,7,0.05,0.5073186132981049
35,7,0.10,0.7745955975705887
35,7,0.15,0.9245904767310698
35,7,0.20,0.9363296159106893
35,7,0.25,0.9620139824177345
35,7,0.30,0.8444827223698356
35,7,0.35,0.9585352886194048
35,7,0.40,0.9123913931985497
35,7,0.45,0.9550359044412325
35,7,0.50,0.97075435268688
35,7,0.55,0.9601928733614208
35,7,0.60,0.9877311335544394
35,7,0.65,0.9836388612313975
35,7,0.70,0.9919705964791423
35,7,0.75,0.9888848630424739
35,7,0.80,0.9844571450997086
35,7,0.85,0.992955978789803
35,7,0.90,0.9953674730025739
35,7,0.95,0.9964855250349576
35,8,0.05,0.8386346313473454
35,8,0.10,0.5506027210579758
35,8,0.15,0.8413163306174505
35,8,0.20,0.8776228002729485
35,8,0.25,0.939118354185742
35,8,0.30,0.943899291375352
35,8,0.35,0.9743749938230668
35,8,0.40,0.9692039263709867
35,8,0.45,0.9759706846718748
35,8,0.50,0.9708162451076122
35,8,0.55,0.9754227311112015
35,8,0.60,0.9893769442576178
35,8,0.65,0.9908940667652137
35,8,0.70,0.9771819178266511
35,8,0.75,0.9792561302757645
35,8,0.80,0.9872945902541002
35,8,0.85,0.9875379500984685
35,8,0.90,0.9932332756206296
35,8,0.95,0.9884270184856514
35,9,0.05,0.191649911627363
35,9,0.10,0.6427594836286807
35,9,0.15,0.896930033943479
35,9,0.20,0.8677510869571037
35,9,0.25,0.8695352580058139
35,9,0.30,0.9199110402790459
35,9,0.35,0.9221792893703175
35,9,0.40,0.9681727087445586
35,9,0.45,0.9853288166429667
35,9,0.50,0.8232740162927337
35,9,0.55,0.9808790570884074
35,9,0.60,0.9908275597230866
35,9,0.65,0.9888680783489269
35,9,0.70,0.985597284633321
35,9,0.75,0.9912709279688745
35,9,0.80,0.9880964933637035
35,9,0.85,0.9951974991035681
35,9,0.90,0.9957864174100015
35,9,0.95,0.9960914132813254
36,0,0.05,0.35564347121534734
36,0,0.10,0.9555016130533666
36,0,0.15,0.8636566345199128
36,0,0.20,0.9282043385518043
36,0,0.25,0.899441384831535
36,0,0.30,0.9251012808206985
36,0,0.35,0.9280615466122241
36,0,0.40,0.9599760091145682
36,0,0.45,0.9357708800828043
36,0,0.50,0.9565414952873874
36,0,0.55,0.970826727280676
36,0,0.60,0.9837307945910695
36,0,0.65,0.9608818770224733
36,0,0.70,0.9801745276703581
36,0,0.75,0.9907353209173245
36,0,0.80,0.9858894613164335
36,0,0.85,0.9938913617885888
36,0,0.90,0.986836719450036
36,0,0.95,0.9954282558255828
36,1,0.05,0.49978848914356355
36,1,0.10,0.8051586320481022
36,1,0.15,0.7277173609985808
36,1,0.20,0.9249996066628432
36,1,0.25,0.9757791303327488
36,1,0.30,0.9555324299798674
36,1,0.35,0.9741970898386221
36,1,0.40,0.9350939957644931
36,1,0.45,0.9382548412607552
36,1,0.50,0.9895486054690161
36,1,0.55,0.9753317068701283
36,1,0.60,0.9839080341622125
36,1,0.65,0.9867732228957262
36,1,0.70,0.9767614758224512
36,1,0.75,0.9859809019373076
36,1,0.80,0.9824173263457638
36,1,0.85,0.9928987434312067
36,1,0.90,0.9959345220806364
36,1,0.95,0.9933415792375009
36,2,0.05,0.7989921644220948
36,2,0.10,0.7833997825552093
36,2,0.15,0.8730701368812963
36,2,0.20,0.896569819235357
36,2,0.25,0.7540687024452917
36,2,0.30,0.9110593938525555
36,2,0.35,0.9732453006961516
36,2,0.40,0.97046150890477
36,2,0.45,0.9672548012814499
36,2,0.50,0.9822190375399189
36,2,0.55,0.9618860237054802
36,2,0.60,0.987623448523093
36,2,0.65,0.988173743065621
36,2,0.70,0.9749217027367981
36,2,0.75,0.9907051015948797
36,2,0.80,0.9917871194985647
36,2,0.85,0.9952297681049137
36,2,0.90,0.9942886109388271
36,2,0.95,0.9939150587081423
36,3,0.05,0.8075958660569069
36,3,0.10,0.5954965975451245
36,3,0.15,0.8363211631733243
36,3,0.20,0.9318002825358448
36,3,0.25,0.9435303741507766
36,3,0.30,0.9274475317240339
36,3,0.35,0.9399018172567659
36,3,0.40,0.9779850372240816
36,3,0.45,0.962738850250005
36,3,0.50,0.9761445533594845
36,3,0.55,0.9884745355746155
36,3,0.60,0.9688167941597676
36,3,0.65,0.9908357095617933
36,3,0.70,0.9871696353966163
36,3,0.75,0.9929184174242399
36,3,0.80,0.9814735769194033
36,3,0.85,0.9899939419177236
36,3,0.90,0.9937917981319238
36,3,0.95,0.9949897594852869
36,4,0.05,0.7377204707941314
36,4,0.10,0.7859895542961488
36,4,0.15,0.8769921850192979
36,4,0.20,0.8951530893337548
36,4,0.25,0.7707277940405427
36,4,0.30,0.8071049559026953
36,4,0.35,0.9332321591579263
36,4,0.40,0.9584709466264117
36,4,0.45,0.9578526935700005
36,4,0.50,0.9797653743900646
36,4,0.55,0.9869505357226908
36,4,0.60,0.9888688560803613
36,4,0.65,0.9863645395051776
36,4,0.70,0.9925539467096335
36,4,0.75,0.9941118966054401
36,4,0.80,0.9913230416292929
36,4,0.85,0.9942165110907067
36,4,0.90,0.9938745209254237
36,4,0.95,0.990983452456971
36,5,0.05,0.4141157536321366
36,5,0.10,0.6395808916513208
36,5,0.15,0.9331667120540887
36,5,0.20,0.8519560648556854
36,5,0.25,0.859270694517053
36,5,0.30,0.9061089385830178
36,5,0.35,0.9524348321548393
36,5,0.40,0.9248593430336786
36,5,0.45,0.9710785914023414
36,5,0.50,0.9803212581705003
36,5,0.55,0.9756172779792218
36,5,0.60,0.9899144806350865
36,5,0.65,0.9902688444876978
36,5,0.70,0.9904428436428435
36,5,0.75,0.9793176302051788
36,5,0.80,0.9947793271334172
36,5,0.85,0.9958359464188395
36,5,0.90,0.9920767165664041
36,5,0.95,0.9958175575484522
36,6,0.05,0.7464269205318006
36,6,0.10,0.807633296686711
36,6,0.15,0.7323931649406472
36,6,0.20,0.8449339483222751
36,6,0.25,0.8512897350489634
36,6,0.30,0.9012051527179233
36,6,0.35,0.9322850838329845
36,6,0.40,0.9805004924240052
36,6,0.45,0.9504352899360481
36,6,0.50,0.9657371700281412
36,6,0.55,0.970121094761403
36,6,0.60,0.9862429432543971
36,6,0.65,0.9765801622760312
36,6,0.70,0.9896515293748233
36,6,0.75,0.9890266398067544
36,6,0.80,0.9835051386546662
36,6,0.85,0.9923320630615459
36,6,0.90,0.9944050700365313
36,6,0.95,0.9947378771003489
36,7,0.05,0.6177641629217661
36,7,0.10,0.9417316130375216
36,7,0.15,0.8134022163314598
36,7,0.20,0.9610433626143654
36,7,0.25,0.915430685598402
36,7,0.30,0.9228380342299215
36,7,0.35,0.9561840247048282
36,7,0.40,0.9571244001463408
36,7,0.45,0.9810867669210184
36,7,0.50,0.9782417547812079
36,7,0.55,0.9855138649130596
36,7,0.60,0.985408533588802
36,7,0.65,0.9880629449785113
36,7,0.70,0.9824360606657805
36,7,0.75,0.9947804462998445
36,7,0.80,0.9889068293041194
36,7,0.85,0.9938268398092245
36,7,0.90,0.9940716004502105
36,7,0.95,0.9975454692321954
36,8,0.05,0.9351825294625383
36,8,0.10,0.8718103981037615
36,8,0.15,0.9096941239634339
36,8,0.20,0.8958537871335488
36,8,0.25,0.9132921465873675
36,8,0.30,0.9392728821818218
36,8,0.35,0.9195141872227753
36,8,0.40,0.9635029979498331
36,8,0.45,0.8702464304269126
36,8,0.50,0.976475977394462
36,8,0.55,0.9729655909037108
36,8,0.60,0.9837054133361999
36,8,0.65,0.9861615968471142
36,8,0.70,0.9875326893125169
36,8,0.75,0.9891686558944778
36,8,0.80,0.9830962977184018
36,8,0.85,0.9860259115572697
36,8,0.90,0.9967979805779383
36,8,0.95,0.9965504525891486
36,9,0.05,0.5890935757019398
36,9,0.10,0.8902568466572763
36,9,0.15,0.8669846004731963
36,9,0.20,0.9325600208131699
36,9,0.25,0.8994388886121331
36,9,0.30,0.9354912738974412
36,9,0.35,0.9348518016576794
36,9,0.40,0.9866138076549718
36,9,0.45,0.9503910630229837
36,9,0.50,0.9887856533253737
36,9,0.55,0.9873903106144082
36,9,0.60,0.979872845585268
36,9,0.65,0.9920356645189476
36,9,0.70,0.9826489703939241
36,9,0.75,0.9902008474061958
36,9,0.80,0.98902200300511
36,9,0.85,0.9955856780721045
36,9,0.90,0.9945228665299052
36,9,0.95,0.9955057997251299
37,0,0.05,0.7741361722391916
37,0,0.10,0.7694433289187835
37,0,0.15,0.8995727042290264
37,0,0.20,0.931756851303585
37,0,0.25,0.9372805033629397
37,0,0.30,0.9133828792528073
37,0,0.35,0.9251275050371943
37,0,0.40,0.9208201495889881
37,0,0.45,0.9743875218549914
37,0,0.50,0.9848215407317669
37,0,0.55,0.969967306842473
37,0,0.60,0.9830467598062008
37,0,0.65,0.9801121869779396
37,0,0.70,0.9890687271418306
37,0,0.75,0.9892138585786191
37,0,0.80,0.9948669346504311
37,0,0.85,0.9896096242511706
37,0,0.90,0.9967387487147208
37,0,0.95,0.9922460386380683
37,1,0.05,0.7906282830532807
37,1,0.10,0.6147756136261554
37,1,0.15,0.8965653088747225
37,1,0.20,0.8920611095121747
37,1,0.25,0.6285631028910588
37,1,0.30,0.8913565437829831
37,1,0.35,0.9563299617296721
37,1,0.40,0.9295180918667804
37,1,0.45,0.9893049572135547
37,1,0.50,0.9822254159625725
37,1,0.55,0.9691011233207836
37,1,0.60,0.9893640540854715
37,1,0.65,0.9850223421980476
37,1,0.70,0.985389162957025
37,1,0.75,0.9918574692143155
37,1,0.80,0.9903719800932084
37,1,0.85,0.9928742739350785
37,1,0.90,0.990495910894949
37,1,0.95,0.9962306749528731
37,2,0.05,0.6776460355841115
37,2,0.10,0.8942824953329455
37,2,0.15,0.883518679558866
37,2,0.20,0.8656408598419811
37,2,0.25,0.8894809822442955
37,2,0.30,0.8885888381622814
37,2,0.35,0.9367674067337446
37,2,0.40,0.9515927951028414
37,2,0.45,0.9497197744077245
37,2,0.50,0.9800065312652988
37,2,0.55,0.9872990881556291
37,2,0.60,0.9853177043942238
37,2,0.65,0.9903737332877021
37,2,0.70,0.9871639251308879
37,2,0.75,0.9959054169859548
37,2,0.80,0.9917332288517625
37,2,0.85,0.9872462554419644
37,2,0.90,0.9871015230313195
37,2,0.95,0.9960038399749684
37,3,0.05,0.8604483704427235
37,3,0.10,0.8486506120028443
37,3,0.15,0.8899472068093832
37,3,0.20,0.9133658004973217
37,3,0.25,0.9239466660536892
37,3,0.30,0.9184006642329503
37,3,0.35,0.9781214077264139
37,3,0.40,0.9786204470575786
37,3,0.45,0.9104536223501593
37,3,0.50,0.9823724857492777
37,3,0.55,0.965909151386058
37,3,0.60,0.9867176448133913
37,3,0.65,0.9848230119519691
37,3,0.70,0.9947908288999756
37,3,0.75,0.9944940897610629
37,3,0.80,0.9930089982185193
37,3,0.85,0.9741918670742561
37,3,0.90,0.9870282055576856
37,3,0.95,0.9936082279765839
37,4,0.05,0.8261482474799563
37,4,0.10,0.9267080166353061
37,4,0.15,0.6815866863796445
37,4,0.20,0.8745762858470518
37,4,0.25,0.8822907101488925
37,4,0.30,0.8911077996856849
37,4,0.35,0.8835463568392161
37,4,0.40,0.9489259884691753
37,4,0.45,0.9732016892391145
37,4,0.50,0.9451762338024199
37,4,0.55,0.9615892899475655
37,4,0.60,0.9724240651727507
37,4,0.65,0.9849301333326808
37,4,0.70,0.9876065968060764
37,4,0.75,0.9526645243102612
37,4,0.80,0.9707854928371596
37,4,0.85,0.9828164464570722
37,4,0.90,0.9558814271084056
37,4,0.95,0.99592019482298
37,5,0.05,0.553819639794287
37,5,0.10,0.5448721659789693
37,5,0.15,0.9085033806466685
37,5,0.20,0.9395154874301976
37,5,0.25,0.9535127111739663
37,5,0.30,0.9079923889691054
37,5,0.35,0.90735632168038
37,5,0.40,0.913234573800946
37,5,0.45,0.9613586653896946
37,5,0.50,0.9759105016484674
37,5,0.55,0.9132664105332009
37,5,0.60,0.9912801734770534
37,5,0.65,0.9759258018043877
37,5,0.70,0.9881185975834924
37,5,0.75,0.9897372442265446
37,5,0.80,0.9908647145934624
37,5,0.85,0.9932503723249546
37,5,0.90,0.9931977356593444
37,5,0.95,0.9964554875794367
37,6,0.05,-0.07704993783744696
37,6,0.10,0.8308939458763532
37,6,0.15,0.8340476515510983
37,6,0.20,0.9299002078620825
37,6,0.25,0.7825902742363156
37,6,0.30,0.9027028778242832
37,6,0.35,0.9378952870233096
37,6,0.40,0.981620891925719
37,6,0.45,0.949860490086843
37,6,0.50,0.9153781206364208
37,6,0.55,0.9609701924465879
37,6,0.60,0.9844233988259744
37,6,0.65,0.8734912988940514
37,6,0.70,0.9927914151685431
37,6,0.75,0.9815469919625518
37,6,0.80,0.9647217793996414
37,6,0.85,0.9918506777783951
37,6,0.90,0.9904646789316711
37,6,0.95,0.9976886927092549
37,7,0.05,0.7806802318810842
37,7,0.10,0.7529773945758774
37,7,0.15,0.9373880387536508
37,7,0.20,0.926259443615143
37,7,0.25,0.8562988807103505
37,7,0.30,0.9011345021499819
37,7,0.35,0.9140448504544598
37,7,0.40,0.9670767328019014
37,7,0.45,0.9610918576506113
37,7,0.50,0.9456538947505565
37,7,0.55,0.9846375773803608
37,7,0.60,0.9225185759649247
37,7,0.65,0.9865838701595558
37,7,0.70,0.9860942769885603
37,7,0.75,0.9853442660348765
37,7,0.80,0.9811215112538274
37,7,0.85,0.9785523240541049
37,7,0.90,0.9875653102479404
37,7,0.95,0.9971724492026682
37,8,0.05,-0.35108268899221007
37,8,0.10,0.6077307665993563
37,8,0.15,0.8748794048755385
37,8,0.20,0.7743145714724105
37,8,0.25,0.964547244913559
37,8,0.30,0.8794692996815534
37,8,0.35,0.9036479384537827
37,8,0.40,0.9507474437001274
37,8,0.45,0.9405964371701139
37,8,0.50,0.9572019305820854
37,8,0.55,0.9809919713983968
37,8,0.60,0.9818936764550641
37,8,0.65,0.9903308202272258
37,8,0.70,0.9923062429708231
37,8,0.75,0.9838552173672945
37,8,0.80,0.9894411478612466
37,8,0.85,0.9929999512414014
37,8,0.90,0.9947548064283922
37,8,0.95,0.9928458517175609
37,9,0.05,0.6666462643186908
37,9,0.10,0.7664882312580698
37,9,0.15,0.8740853359207008
37,9,0.20,0.9333900624449271
37,9,0.25,0.8517455631528972
37,9,0.30,0.9370016542073121
37,9,0.35,0.9471887034871983
37,9,0.40,0.8179979068666586
37,9,0.45,0.9594851595531584
37,9,0.50,0.9049163781058942
37,9,0.55,0.9795620360736762
37,9,0.60,0.98529166973432
37,9,0.65,0.9690127915934033
37,9,0.70,0.9871027859953175
37,9,0.75,0.9905556915656419
37,9,0.80,0.9699001608863418
37,9,0.85,0.9937243414354856
37,9,0.90,0.9954507050290473
37,9,0.95,0.9955467169889883
38,0,0.05,-0.7706719088709768
38,0,0.10,0.5319905655109658
38,0,0.15,0.7347463669601514
38,0,0.20,0.8386188535722054
38,0,0.25,0.9685216752638189
38,0,0.30,0.8847727640342755
38,0,0.35,0.9028111399219114
38,0,0.40,0.9114975458022146
38,0,0.45,0.9190508574827927
38,0,0.50,0.9902688548093873
38,0,0.55,0.9873844407798958
38,0,0.60,0.9742815689927931
38,0,0.65,0.9816655458507524
38,0,0.70,0.9914218553179232
38,0,0.75,0.9913350024609043
38,0,0.80,0.9735994510204343
38,0,0.85,0.9921655663968054
38,0,0.90,0.9948208779995833
38,0,0.95,0.9919128779865398
38,1,0.05,0.7575570799294773
38,1,0.10,0.7877735163600689
38,1,0.15,0.511906476071033
38,1,0.20,0.9383484433279046
38,1,0.25,0.8719671486853686
38,1,0.30,0.9260796720793955
38,1,0.35,0.8706428414902718
38,1,0.40,0.9590519528012512
38,1,0.45,0.9778987932507867
38,1,0.50,0.987530473264581
38,1,0.55,0.9807298159358994
38,1,0.60,0.9881477556647944
38,1,0.65,0.987643971872089
38,1,0.70,0.9918689715646867
38,1,0.75,0.9763844835187694
38,1,0.80,0.990684243609791
38,1,0.85,0.9830670171283834
38,1,0.90,0.9905645748149671
38,1,0.95,0.9948616042608607
38,2,0.05,0.9452401227689844
38,2,0.10,0.5650566766921064
38,2,0.15,0.7980109621361176
38,2,0.20,0.8816890480388977
38,2,0.25,0.972672804746623
38,2,0.30,0.9315610372958096
38,2,0.35,0.928760239949019
38,2,0.40,0.9492956808490224
38,2,0.45,0.970237276609109
38,2,0.50,0.983340584230211
38,2,0.55,0.9708019040731156
38,2,0.60,0.967737441657718
38,2,0.65,0.9929049460794164
38,2,0.70,0.9771032493428016
38,2,0.75,0.992797653658067
38,2,0.80,0.9914928271501534
38,2,0.85,0.9967718583129968
38,2,0.90,0.9939735282765291
38,2,0.95,0.9945458200936953
38,3,0.05,0.6984680705182029
38,3,0.10,0.7309305501750134
38,3,0.15,0.8248040497499098
38,3,0.20,0.6175714988615499
38,3,0.25,0.917283738003471
38,3,0.30,0.9097832255427419
38,3,0.35,0.9413176909206871
38,3,0.40,0.9681166183974119
38,3,0.45,0.9331359877620243
38,3,0.50,0.9594577922230253
38,3,0.55,0.9806853859441471
38,3,0.60,0.9905891070151062
38,3,0.65,0.9729512297728864
38,3,0.70,0.989553772254382
38,3,0.75,0.9946167278808291
38,3,0.80,0.9899820636262341
38,3,0.85,0.9926046867356632
38,3,0.90,0.9891165010584609
38,3,0.95,0.9963733662459641
38,4,0.05,0.4250451156899965
38,4,0.10,0.3594643921504831
38,4,0.15,0.8881483238569807
38,4,0.20,0.9203588803869239
38,4,0.25,0.847895653695006
38,4,0.30,0.9577749456672231
38,4,0.35,0.9495794842944094
38,4,0.40,0.9702597353702218
38,4,0.45,0.960282348815686
38,4,0.50,0.9853872723991561
38,4,0.55,0.9896041286514515
38,4,0.60,0.9829642510399099
38,4,0.65,0.9617988416283303
38,4,0.70,0.9867247062642069
38,4,0.75,0.9822815344271276
38,4,0.80,0.9790239927177424
38,4,0.85,0.992648434487542
38,4,0.90,0.9961452727468598
38,4,0.95,0.9942216141669217
38,5,0.05,0.7284220585695289
38,5,0.10,0.8956739089529795
38,5,0.15,0.745901035117387
38,5,0.20,0.8633617582526409
38,5,0.25,0.9034897506558248
38,5,0.30,0.94050730007031
38,5,0.35,0.9379752991198752
38,5,0.40,0.8256941272097368
38,5,0.45,0.9771046082479441
38,5,0.50,0.9865495694252042
38,5,0.55,0.9855851824780251
38,5,0.60,0.9786905711730101
38,5,0.65,0.9925763704473116
38,5,0.70,0.9923896131079424
38,5,0.75,0.9895454196209525
38,5,0.80,0.9861528931009164
38,5,0.85,0.9902614302424824
38,5,0.90,0.9948621947666361
38,5,0.95,0.9947647823278152
38,6,0.05,0.39551015880341267
38,6,0.10,0.6825830295735289
38,6,0.15,0.38031448610970076
38,6,0.20,0.9674555851399858
38,6,0.25,0.8536839169757682
38,6,0.30,0.9616328110461045
38,6,0.35,0.9008593950526652
38,6,0.40,0.982922649919816
38,6,0.45,0.9589310332727689
38,6,0.50,0.9827123585766727
38,6,0.55,0.98772250907892
38,6,0.60,0.9814740889234161
38,6,0.65,0.977968604481477
38,6,0.70,0.9864889316391625
38,6,0.75,0.9923074093560401
38,6,0.80,0.989018603362875
38,6,0.85,0.9925429773616388
38,6,0.90,0.9942200596552849
38,6,0.95,0.989681052390115
38,7,0.05,0.9701532632778618
38,7,0.10,0.8934996823957788
38,7,0.15,0.6417735456400065
38,7,0.20,0.9450688053266838
38,7,0.25,0.9349049205736264
38,7,0.30,0.9097241418353875
38,7,0.35,0.9108584339906505
38,7,0.40,0.9691942762790757
38,7,0.45,0.9563619121249587
38,7,0.50,0.9807531237228706
38,7,0.55,0.9782391107657907
38,7,0.60,0.9763852353446122
38,7,0.65,0.9936204359530382
38,7,0.70,0.9875666029383438
38,7,0.75,0.9909266331213993
38,7,0.80,0.9472735078393711
38,7,0.85,0.9939906994137497
38,7,0.90,0.9915831159116909
38,7,0.95,0.9941894983902777
38,8,0.05,0.4882727580034968
38,8,0.10,0.6866271181341673
38,8,0.15,0.09358526034759851
38,8,0.20,0.8722365907903074
38,8,0.25,0.9138241857485208
38,8,0.30,0.965543614654542
38,8,0.35,0.9040292864052734
38,8,0.40,0.9638054150891491
38,8,0.45,0.9785037933162859
38,8,0.50,0.9661985360127057
38,8,0.55,0.9574092135651464
38,8,0.60,0.9842196486783291
38,8,0.65,0.9924805437017354
38,8,0.70,0.9907504106092808
38,8,0.75,0.9853659240440147
38,8,0.80,0.9941335096432388
38,8,0.85,0.9849913226092291
38,8,0.90,0.9918977592717894
38,8,0.95,0.9951445430469119
38,9,0.05,0.39801036845993176
38,9,0.10,0.8999652027028051
38,9,0.15,0.9421865431006233
38,9,0.20,0.804814746669072
38,9,0.25,0.9571310933883694
38,9,0.30,0.9833600708427915
38,9,0.35,0.9030321996685755
38,9,0.40,0.9226098867663238
38,9,0.45,0.9639465182678368
38,9,0.50,0.9804062573799861
38,9,0.55,0.980520442740041
38,9,0.60,0.9838363690799364
38,9,0.65,0.9744800512502304
38,9,0.70,0.9907972074747865
38,9,0.75,0.9954940249116527
38,9,0.80,0.9897813398782855
38,9,0.85,0.9960000341959736
38,9,0.90,0.9917369805419692
38,9,0.95,0.9946133423947461
39,0,0.05,0.6821679574865487
39,0,0.10,0.810297904972945
39,0,0.15,0.6883161408313585
39,0,0.20,0.8938065751366278
39,0,0.25,0.7475066934059076
39,0,0.30,0.9443104516714691
39,0,0.35,0.9791859801378925
39,0,0.40,0.9665635309698143
39,0,0.45,0.9751592188833896
39,0,0.50,0.9821786326675237
39,0,0.55,0.9726290466846993
39,0,0.60,0.9797189904339483
39,0,0.65,0.9882600865901187
39,0,0.70,0.9782221672968132
39,0,0.75,0.9923049050280353
39,0,0.80,0.995641358211753
39,0,0.85,0.9936281411709621
39,0,0.90,0.9808724171861434
39,0,0.95,0.9951532156432173
39,1,0.05,0.7492689222906312
39,1,0.10,0.9206920244219912
39,1,0.15,0.6907992742515414
39,1,0.20,0.8458363482054202
39,1,0.25,0.8596734307191719
39,1,0.30,0.9644479869404097
39,1,0.35,0.9589680557979439
39,1,0.40,0.9522530497307933
39,1,0.45,0.9796527960617637
39,1,0.50,0.9841362248710315
39,1,0.55,0.9824404268199062
39,1,0.60,0.974720962095684
39,1,0.65,0.9849317158397011
39,1,0.70,0.9623314757574901
39,1,0.75,0.9907391738986244
39,1,0.80,0.9898245104856956
39,1,0.85,0.992636801990084
39,1,0.90,0.9925383085174998
39,1,0.95,0.9964678930027678
39,2,0.05,0.7370028735347037
39,2,0.10,0.7330537551076988
39,2,0.15,0.6339142619454454
39,2,0.20,0.9429151516364388
39,2,0.25,0.9543316825438056
39,2,0.30,0.7826228511134115
39,2,0.35,0.9629870544896284
39,2,0.40,0.8336301700347952
39,2,0.45,0.9387319500746005
39,2,0.50,0.9776312831856454
39,2,0.55,0.9834429372812377
39,2,0.60,0.981154381011674
39,2,0.65,0.9933801239222187
39,2,0.70,0.98949459315818
39,2,0.75,0.9851293333623049
39,2,0.80,0.9962368731974457
39,2,0.85,0.9917733884572094
39,2,0.90,0.9931272896522257
39,2,0.95,0.9960218910363831
39,3,0.05,0.814107308672338
39,3,0.10,0.6730876826931355
39,3,0.15,0.8580029237056912
39,3,0.20,0.9337688017026652
39,3,0.25,0.8727390876690869
39,3,0.30,0.9169159060781745
39,3,0.35,0.9491232543069312
39,3,0.40,0.9856869422912038
39,3,0.45,0.9816935940635623
39,3,0.50,0.9783963496457636
39,3,0.55,0.979455012134958
39,3,0.60,0.9641305783399241
39,3,0.65,0.9894096750211026
39,3,0.70,0.9890919902095947
39,3,0.75,0.9884523057191855
39,3,0.80,0.9926545172464981
39,3,0.85,0.9920939913859023
39,3,0.90,0.9946187324797581
39,3,0.95,0.9956580361793615
39,4,0.05,0.5132558433793681
39,4,0.10,0.8163475631616685
39,4,0.15,0.9359077685045653
39,4,0.20,0.9437013444867653
39,4,0.25,0.8332438720007419
39,4,0.30,0.9594266121460602
39,4,0.35,0.9509286205400769
39,4,0.40,0.9463233560469783
39,4,0.45,0.9352445085940434
39,4,0.50,0.971460656352233
39,4,0.55,0.9889264987166795
39,4,0.60,0.9631012286433867
39,4,0.65,0.989698150380527
39,4,0.70,0.9881092753527356
39,4,0.75,0.9936658941641375
39,4,0.80,0.9935811348282622
39,4,0.85,0.9944267417080003
39,4,0.90,0.9939231381293753
39,4,0.95,0.9924292184907214
39,5,0.05,0.7706943016717417
39,5,0.10,0.959661493552867
39,5,0.15,0.9368476285187158
39,5,0.20,0.9595850140181975
39,5,0.25,0.9579670642842864
39,5,0.30,0.8440514630075647
39,5,0.35,0.9735656520489092
39,5,0.40,0.9595802083811067
39,5,0.45,0.980638606635656
39,5,0.50,0.9792193646100036
39,5,0.55,0.9840242098375033
39,5,0.60,0.9847613650080076
39,5,0.65,0.991085979517412
39,5,0.70,0.9863472468230068
39,5,0.75,0.9866861584801976
39,5,0.80,0.9948308247406161
39,5,0.85,0.9905384344816393
39,5,0.90,0.9946029738474975
39,5,0.95,0.9944038696233056
39,6,0.05,-3.9005162324223726
39,6,0.10,0.8711366178761027
39,6,0.15,0.830188116510394
39,6,0.20,0.8256667490527598
39,6,0.25,0.9702457384492869
39,6,0.30,0.9053051379043722
39,6,0.35,0.8217063288241022
39,6,0.40,0.9853180417689501
39,6,0.45,0.9654032829875556
39,6,0.50,0.971952024110054
39,6,0.55,0.9719751989993702
39,6,0.60,0.971473589180796
39,6,0.65,0.9785385436556987
39,6,0.70,0.9844096822558459
39,6,0.75,0.985816395762277
39,6,0.80,0.9796509067694175
39,6,0.85,0.9957041212221782
39,6,0.90,0.9950299855184455
39,6,0.95,0.9947892886504841
39,7,0.05,-1.0463951928853414
39,7,0.10,0.8792239013053134
39,7,0.15,0.9466160513512208
39,7,0.20,0.8222733207649222
39,7,0.25,0.8067709277209395
39,7,0.30,0.9790793284815875
39,7,0.35,0.9708050100697357
39,7,0.40,0.9847595623228044
39,7,0.45,0.983480395863435
39,7,0.50,0.9731930457089455
39,7,0.55,0.9745921145659666
39,7,0.60,0.9791008617733046
39,7,0.65,0.9876531326120129
39,7,0.70,0.9925879691609992
39,7,0.75,0.970183969325311
39,7,0.80,0.9895356220570033
39,7,0.85,0.9948209875930201
39,7,0.90,0.987989812705599
39,7,0.95,0.9932316020066614
39,8,0.05,0.3415929544296
39,8,0.10,0.9079473136263334
39,8,0.15,0.9359821264449486
39,8,0.20,0.9236604592211297
39,8,0.25,0.9138415415729819
39,8,0.30,0.9830855652025586
39,8,0.35,0.9757517057577036
39,8,0.40,0.9903486893932435
39,8,0.45,0.9773611958617682
39,8,0.50,0.9754899510041039
39,8,0.55,0.9923832956358793
39,8,0.60,0.9827831487781158
39,8,0.65,0.9856336252843735
39,8,0.70,0.9820949345069154
39,8,0.75,0.9879816504026232
39,8,0.80,0.9942703864006208
39,8,0.85,0.9948228406363618
39,8,0.90,0.9962394928700936
39,8,0.95,0.9910012892045879
39,9,0.05,0.015986433801834288
39,9,0.10,0.780162564484201
39,9,0.15,0.8627147918278393
39,9,0.20,0.9329650195864667
39,9,0.25,0.8414267540450446
39,9,0.30,0.7613420916353858
39,9,0.35,0.9265367415781329
39,9,0.40,0.9622971534599233
39,9,0.45,0.9109297398120351
39,9,0.50,0.9761512597685207
39,9,0.55,0.979231867458259
39,9,0.60,0.9739055124663096
39,9,0.65,0.9816361503341081
39,9,0.70,0.9882744166959271
39,9,0.75,0.9925806323992293
39,9,0.80,0.9906013393141525
39,9,0.85,0.9903630084584445
39,9,0.90,0.9911657199728156
39,9,0.95,0.9929563816075351
40,0,0.05,0.7869405829810571
40,0,0.10,0.9232892363039233
40,0,0.15,0.5485841536325619
40,0,0.20,0.8553076444202425
40,0,0.25,0.7503980186694896
40,0,0.30,0.9276216222944915
40,0,0.35,0.9832495687254371
40,0,0.40,0.9488703784668089
40,0,0.45,0.9531988768130376
40,0,0.50,0.9456342692319883
40,0,0.55,0.9633182251678951
40,0,0.60,0.969965220407626
40,0,0.65,0.9752125202360329
40,0,0.70,0.9839891612183798
40,0,0.75,0.9872310346540406
40,0,0.80,0.9920329460629775
40,0,0.85,0.9955185617034742
40,0,0.90,0.9958405274902732
40,0,0.95,0.9915647916616733
40,1,0.05,0.6729243178889329
40,1,0.10,0.8592968117820654
40,1,0.15,0.662372696608076
40,1,0.20,0.9594871813029495
40,1,0.25,0.9451139495921715
40,1,0.30,0.9638540595573268
40,1,0.35,0.9393480689522907
40,1,0.40,0.9697508835431884
40,1,0.45,0.8980066990273928
40,1,0.50,0.9721046836965559
40,1,0.55,0.9738568543270383
40,1,0.60,0.9758754992569512
40,1,0.65,0.9715615765594984
40,1,0.70,0.9699062856620941
40,1,0.75,0.9756028896886704
40,1,0.80,0.9932505317355534
40,1,0.85,0.9932869458530372
40,1,0.90,0.9971740160374377
40,1,0.95,0.9968753693443883
40,2,0.05,0.7797487267443279
40,2,0.10,0.8525337173373053
40,2,0.15,0.3698922594998977
40,2,0.20,0.9208578859379365
40,2,0.25,0.9353359532409081
40,2,0.30,0.7528033459287898
40,2,0.35,0.9597481324713498
40,2,0.40,0.9557692068640408
40,2,0.45,0.964192836578911
40,2,0.50,0.9585822209997984
40,2,0.55,0.9786344630424584
40,2,0.60,0.9906147106775767
40,2,0.65,0.9932361083107392
40,2,0.70,0.9919907533616918
40,2,0.75,0.965513275999153
40,2,0.80,0.9863048208042632
40,2,0.85,0.986334479386612
40,2,0.90,0.9890737897748924
40,2,0.95,0.9962138803707612
40,3,0.05,0.8724218691861508
40,3,0.10,0.617673215882832
40,3,0.15,0.9090893226029295
40,3,0.20,0.953206412292372
40,3,0.25,0.9518969356707617
40,3,0.30,0.8825347902196887
40,3,0.35,0.8638328375188817
40,3,0.40,0.9530513563555097
40,3,0.45,0.9656412260964023
40,3,0.50,0.9627553792451488
40,3,0.55,0.9828597321680819
40,3,0.60,0.9838484998061753
40,3,0.65,0.9909223366250586
40,3,0.70,0.9882169367691354
40,3,0.75,0.9813839489229998
40,3,0.80,0.9940309723159116
40,3,0.85,0.9875209783503472
40,3,0.90,0.9911257583369747
40,3,0.95,0.995997196108527
40,4,0.05,0.8770257184956859
40,4,0.10,0.9244622863811989
40,4,0.15,0.9564122815561413
40,4,0.20,0.9719607222827685
40,4,0.25,0.939789658033094
40,4,0.30,0.950013665202617
40,4,0.35,0.9697528372481301
40,4,0.40,0.9662600304690823
40,4,0.45,0.9681616958899564
40,4,0.50,0.9720653263495399
40,4,0.55,0.9614936954205436
40,4,0.60,0.9734732784976606
40,4,0.65,0.981810347643137
40,4,0.70,0.9921659655376912
40,4,0.75,0.9880174229245475
40,4,0.80,0.9931175791462076
40,4,0.85,0.9926133817901075
40,4,0.90,0.9944266195983364
40,4,0.95,0.9957881542884894
40,5,0.05,0.5884087431515279
40,5,0.10,0.8797898034673887
40,5,0.15,0.8534278950336931
40,5,0.20,0.9169646587304322
40,5,0.25,0.9201866638074754
40,5,0.30,0.9600657283484689
40,5,0.35,0.9691671752366596
40,5,0.40,0.925269390444675
40,5,0.45,0.9640658770938302
40,5,0.50,0.9801143936727289
40,5,0.55,0.9769787668917136
40,5,0.60,0.9835519199242735
40,5,0.65,0.9707338547131414
40,5,0.70,0.987790559185834
40,5,0.75,0.9951016622548788
40,5,0.80,0.9940583806361064
40,5,0.85,0.9971193543468483
40,5,0.90,0.994114069731401
40,5,0.95,0.9966936700344295
40,6,0.05,0.4906553673770644
40,6,0.10,0.9320463910852567
40,6,0.15,0.9125780486512727
40,6,0.20,0.7911868350836342
40,6,0.25,0.906954744479751
40,6,0.30,0.8654931969672628
40,6,0.35,0.9418860968004767
40,6,0.40,0.9242514535777151
40,6,0.45,0.9313595808603703
40,6,0.50,0.950222434457764
40,6,0.55,0.9657698738238315
40,6,0.60,0.9709880611623115
40,6,0.65,0.9714424700243678
40,6,0.70,0.9626914234675593
40,6,0.75,0.9939363041698795
40,6,0.80,0.9817596351039914
40,6,0.85,0.9974868526398967
40,6,0.90,0.9964356555263506
40,6,0.95,0.9974467154231792
40,7,0.05,0.8646978108502076
40,7,0.10,0.8732906033356727
40,7,0.15,0.753808456148176
40,7,0.20,0.9717010109433273
40,7,0.25,0.8098029514742042
40,7,0.30,0.9272768507823763
40,7,0.35,0.9683520665594076
40,7,0.40,0.9403973320231834
40,7,0.45,0.925205774948545
40,7,0.50,0.9598931294792126
40,7,0.55,0.9843112739115685
40,7,0.60,0.987987281909126
40,7,0.65,0.982085341299039
40,7,0.70,0.979096929282544
40,7,0.75,0.9915839744500096
40,7,0.80,0.9956144529180609
40,7,0.85,0.9960916150771899
40,7,0.90,0.9926936418746168
40,7,0.95,0.9951074429311842
40,8,0.05,0.805862509124783
40,8,0.10,0.8857235910275889
40,8,0.15,0.8834718171757785
40,8,0.20,0.9540758915106385
40,8,0.25,0.8886145415895396
40,8,0.30,0.8466772781291456
40,8,0.35,0.9637258729100933
40,8,0.40,0.9436770565814196
40,8,0.45,0.9573561140607156
40,8,0.50,0.974210296695849
40,8,0.55,0.9862992176614841
40,8,0.60,0.9769300043353547
40,8,0.65,0.9919994050699881
40,8,0.70,0.9896655605354155
40,8,0.75,0.9942923944893527
40,8,0.80,0.9908130606954442
40,8,0.85,0.991217255433706
40,8,0.90,0.9911567632778461
40,8,0.95,0.9939731297535642
40,9,0.05,0.3485745013028544
40,9,0.10,0.9077418086450634
40,9,0.15,0.9041292483869583
40,9,0.20,0.9176995088396656
40,9,0.25,0.9443511796710589
40,9,0.30,0.9447102695880586
40,9,0.35,0.9504359296371695
40,9,0.40,0.9263406507723204
40,9,0.45,0.9661616547508796
40,9,0.50,0.9528941795000826
40,9,0.55,0.9906436716178947
40,9,0.60,0.9856098633958007
40,9,0.65,0.9879432847424683
40,9,0.70,0.9810056152040203
40,9,0.75,0.9923562025020095
40,9,0.80,0.9948055807203419
40,9,0.85,0.9904154450030023
40,9,0.90,0.9924265412652093
40,9,0.95,0.9940371504868402
41,0,0.05,0.5860166182112709
41,0,0.10,0.865009179329333
41,0,0.15,0.8252746791156309
41,0,0.20,0.8811373766637871
41,0,0.25,0.7553315755088635
41,0,0.30,0.9544245293759435
41,0,0.35,0.9737638402454362
41,0,0.40,0.9746019908872828
41,0,0.45,0.9540903583069609
41,0,0.50,0.9859282598881804
41,0,0.55,0.976429408706959
41,0,0.60,0.9722011300713139
41,0,0.65,0.9909146651348587
41,0,0.70,0.983966737407403
41,0,0.75,0.9914733890222037
41,0,0.80,0.9888976064528064
41,0,0.85,0.9948239812470012
41,0,0.90,0.9939182529688213
41,0,0.95,0.996381686623048
41,1,0.05,0.2940587443523276
41,1,0.10,0.7584434754358325
41,1,0.15,0.8636620213187334
41,1,0.20,0.9048539568513612
41,1,0.25,0.8959392879552537
41,1,0.30,0.8277036294581132
41,1,0.35,0.9519785016701547
41,1,0.40,0.951979281406108
41,1,0.45,0.9734464485118065
41,1,0.50,0.9835519241242039
41,1,0.55,0.9637180365666792
41,1,0.60,0.9851851470984476
41,1,0.65,0.968673401876485
41,1,0.70,0.9850367556177395
41,1,0.75,0.9877507365564515
41,1,0.80,0.9835318360468159
41,1,0.85,0.9892605679403953
41,1,0.90,0.9942376363434935
41,1,0.95,0.9888523623331137
41,2,0.05,0.3316403162469356
41,2,0.10,0.8503358597734554
41,2,0.15,0.7853273401790462
41,2,0.20,0.747692637161393
41,2,0.25,0.5181583572728139
41,2,0.30,0.8992352297273005
41,2,0.35,0.9320106247994461
41,2,0.40,0.9681890713794483
41,2,0.45,0.9887957777056618
41,2,0.50,0.9263654447296119
41,2,0.55,0.9888659733460737
41,2,0.60,0.9732042201478264
41,2,0.65,0.9919354152456531
41,2,0.70,0.9892270254703288
41,2,0.75,0.9739198905660393
41,2,0.80,0.9940198312104194
41,2,0.85,0.9937428643445478
41,2,0.90,0.9949576753841034
41,2,0.95,0.996244309340582
41,3,0.05,0.4214597069213143
41,3,0.10,0.6300024319679176
41,3,0.15,0.8285501610501311
41,3,0.20,0.8548286711028722
41,3,0.25,0.8002933370987086
41,3,0.30,0.942341989392774
41,3,0.35,0.9197166323637083
41,3,0.40,0.9387524858614462
41,3,0.45,0.9577175289562552
41,3,0.50,0.9901474029153284
41,3,0.55,0.978343814598326
41,3,0.60,0.931038874545673
41,3,0.65,0.9921473552557879
41,3,0.70,0.9918789847480789
41,3,0.75,0.9923804721877181
41,3,0.80,0.9937528841398293
41,3,0.85,0.9881904342480836
41,3,0.90,0.9906878127175839
41,3,0.95,0.9936024624959773
41,4,0.05,0.5909338991963908
41,4,0.10,0.14820494327696943
41,4,0.15,0.651235539934569
41,4,0.20,0.8010496704185674
41,4,0.25,0.8935439869747533
41,4,0.30,0.8394842875676998
41,4,0.35,0.9445843840402557
41,4,0.40,0.9553958957569131
41,4,0.45,0.9788819981986158
41,4,0.50,0.9577583432041394
41,4,0.55,0.9697391794901881
41,4,0.60,0.9899498954497586
41,4,0.65,0.9863546973553887
41,4,0.70,0.9889301148572981
41,4,0.75,0.9804070395376357
41,4,0.80,0.9946011896515917
41,4,0.85,0.9942288693043538
41,4,0.90,0.9970044173051786
41,4,0.95,0.995922203472468
41,5,0.05,0.4710967291635748
41,5,0.10,-0.08098012393974185
41,5,0.15,0.7206418409326264
41,5,0.20,0.7327820789341633
41,5,0.25,0.34430563099654743
41,5,0.30,0.9706302645946546
41,5,0.35,0.9418682688817541
41,5,0.40,0.8843410097581698
41,5,0.45,0.9428531942813875
41,5,0.50,0.9872464085234368
41,5,0.55,0.9479259566640645
41,5,0.60,0.9693090550631128
41,5,0.65,0.989037714112467
41,5,0.70,0.9927776456918203
41,5,0.75,0.9919717833109932
41,5,0.80,0.9944324935882214
41,5,0.85,0.99562740821312
41,5,0.90,0.993847736526737
41,5,0.95,0.9854214679479096
41,6,0.05,0.7522640706923407
41,6,0.10,0.922004733507994
41,6,0.15,0.7671342932608127
41,6,0.20,0.6504344399137645
41,6,0.25,0.8995775771195511
41,6,0.30,0.9550680824511357
41,6,0.35,0.8485315023709048
41,6,0.40,0.9755390546796645
41,6,0.45,0.9753018260789911
41,6,0.50,0.9825810284867526
41,6,0.55,0.9742038076339058
41,6,0.60,0.9751223091415734
41,6,0.65,0.9799093238185675
41,6,0.70,0.9890990015612117
41,6,0.75,0.9955375386888047
41,6,0.80,0.9958152722056732
41,6,0.85,0.9951901259952333
41,6,0.90,0.9967621297391377
41,6,0.95,0.9974114085947506
41,7,0.05,0.5179344688227401
41,7,0.10,0.8245887352800186
41,7,0.15,0.81737204033411
41,7,0.20,0.9219902849238224
41,7,0.25,0.7753695982519061
41,7,0.30,0.9532675483705373
41,7,0.35,0.9481647366980173
41,7,0.40,0.9286777937002156
41,7,0.45,0.9623006624223233
41,7,0.50,0.9814869282917368
41,7,0.55,0.9879455357884034
41,7,0.60,0.9908472999333546
41,7,0.65,0.991682835912577
41,7,0.70,0.9755312857971062
41,7,0.75,0.9919817358109433
41,7,0.80,0.9961229696882662
41,7,0.85,0.9954465410104532
41,7,0.90,0.9952239165663712
41,7,0.95,0.996588369166289
41,8,0.05,0.4736491005522393
41,8,0.10,0.6780566180686958
41,8,0.15,0.8127927373785339
41,8,0.20,0.8291246209143964
41,8,0.25,0.7514394182861938
41,8,0.30,0.9657595543766614
41,8,0.35,0.9044974968211094
41,8,0.40,0.9760506337113887
41,8,0.45,0.8816610882302032
41,8,0.50,0.97585914526078
41,8,0.55,0.986586626490069
41,8,0.60,0.9852055764600812
41,8,0.65,0.9770168772185894
41,8,0.70,0.9820982878477658
41,8,0.75,0.9933771367304328
41,8,0.80,0.996370747282902
41,8,0.85,0.9610000307429011
41,8,0.90,0.9940643529778852
41,8,0.95,0.9931182571562376
41,9,0.05,0.15472174871261812
41,9,0.10,0.8965263119190379
41,9,0.15,0.8837556257709537
41,9,0.20,0.8078813807990506
41,9,0.25,0.9001405869709903
41,9,0.30,0.9288379564261118
41,9,0.35,0.9613977663642801
41,9,0.40,0.9365935797087672
41,9,0.45,0.9812351091464416
41,9,0.50,0.9663363858123586
41,9,0.55,0.9664530740744933
41,9,0.60,0.9734700625974806
41,9,0.65,0.9961228323655684
41,9,0.70,0.9928848995177926
41,9,0.75,0.9888679683598647
41,9,0.80,0.9950472182652877
41,9,0.85,0.9952996295678932
41,9,0.90,0.994787488368375
41,9,0.95,0.9959103780319299
42,0,0.05,-0.034356874295525364
42,0,0.10,0.8780671009620085
42,0,0.15,0.8724101310286271
42,0,0.20,0.928597066832999
42,0,0.25,0.9108094169813072
42,0,0.30,0.9303120382881
42,0,0.35,0.9302068793209934
42,0,0.40,0.9565879339856456
42,0,0.45,0.9555419518765649
42,0,0.50,0.9859759443008301
42,0,0.55,0.9731910909261066
42,0,0.60,0.9722516115526639
42,0,0.65,0.9770011161647068
42,0,0.70,0.9940125618496458
42,0,0.75,0.9907003419502025
42,0,0.80,0.9880573797679738
42,0,0.85,0.9852142195995658
42,0,0.90,0.9959893073285391
42,0,0.95,0.9959900311247282
42,1,0.05,0.7226839093672099
42,1,0.10,0.6641346088730746
42,1,0.15,0.5671672065364953
42,1,0.20,0.8217718035508594
42,1,0.25,0.8192977587734988
42,1,0.30,0.8826708538821488
42,1,0.35,0.8661569359176153
42,1,0.40,0.9731745429417463
42,1,0.45,0.9558327272276457
42,1,0.50,0.9546744698220304
42,1,0.55,0.9763641259137407
42,1,0.60,0.9900899904942104
42,1,0.65,0.9837219149866473
42,1,0.70,0.9870312604359067
42,1,0.75,0.9894293675293089
42,1,0.80,0.9916074023854075
42,1,0.85,0.9923664413871922
42,1,0.90,0.993367547481369
42,1,0.95,0.9962979335101307
42,2,0.05,0.7549346649852896
42,2,0.10,0.9033118247324803
42,2,0.15,0.7202842207239422
42,2,0.20,0.9146533692586359
42,2,0.25,0.9386083831151881
42,2,0.30,0.9335075170840452
42,2,0.35,0.9836837298077351
42,2,0.40,0.9705303448836119
42,2,0.45,0.9619019933826058
42,2,0.50,0.9582217224983544
42,2,0.55,0.975886546709682
42,2,0.60,0.985337391785291
42,2,0.65,0.9923797554160853
42,2,0.70,0.9825377317724325
42,2,0.75,0.990812302567595
42,2,0.80,0.9839063357919112
42,2,0.85,0.9917163127184846
42,2,0.90,0.9904060854642782
42,2,0.95,0.9893461435898202
42,3,0.05,0.1982857340906471
42,3,0.10,0.8504465210127268
42,3,0.15,0.8484293707038677
42,3,0.20,0.8626195994157027
42,3,0.25,0.9155270009938309
42,3,0.30,0.9316696774657425
42,3,0.35,0.9628627134653317
42,3,0.40,0.9698968713365057
42,3,0.45,0.9599197531159124
42,3,0.50,0.9509326497269
42,3,0.55,0.9870729953549955
42,3,0.60,0.9835284180852305
42,3,0.65,0.9867285472935702
42,3,0.70,0.9799332222670768
42,3,0.75,0.9892443669229243
42,3,0.80,0.9940998772334247
42,3,0.85,0.9947661053353692
42,3,0.90,0.9913629833829594
42,3,0.95,0.9933900430088921
42,4,0.05,0.2701690729400017
42,4,0.10,0.48493324523096226
42,4,0.15,0.9041551817413738
42,4,0.20,0.9117348876217714
42,4,0.25,0.9079318854962316
42,4,0.30,0.939822783455863
42,4,0.35,0.9779041950895082
42,4,0.40,0.9641603790418704
42,4,0.45,0.9704348157165068
42,4,0.50,0.9375230472842744
42,4,0.55,0.9774329532436302
42,4,0.60,0.9789044779335304
42,4,0.65,0.9722164469839653
42,4,0.70,0.9698488235501258
42,4,0.75,0.992489174501859
42,4,0.80,0.9820904722044761
42,4,0.85,0.9925918881242226
42,4,0.90,0.9930055216376346
42,4,0.95,0.9932275376655888
42,5,0.05,0.35960965242770193
42,5,0.10,0.7132205403333834
42,5,0.15,0.8072638777976686
42,5,0.20,0.8180903463331557
42,5,0.25,0.8375829883597404
42,5,0.30,0.9275746117617549
42,5,0.35,0.9750987364065116
42,5,0.40,0.96517141685911
42,5,0.45,0.9605658515606876
42,5,0.50,0.9854651560301532
42,5,0.55,0.9490647235035536
42,5,0.60,0.9838969815002804
42,5,0.65,0.976464873410585
42,5,0.70,0.98137319377282
42,5,0.75,0.9823429231968633
42,5,0.80,0.9874926984721958
42,5,0.85,0.9931077990880688
42,5,0.90,0.9897085796958637
42,5,0.95,0.9958171966775036
42,6,0.05,-1.7969693956794552
42,6,0.10,0.8137271320182813
42,6,0.15,0.9061493967175743
42,6,0.20,0.7824979620473391
42,6,0.25,0.9446230833249862
42,6,0.30,0.9133882372994687
42,6,0.35,0.9179820111459129
42,6,0.40,0.9828625332350142
42,6,0.45,0.9753397875626252
42,6,0.50,0.9824439572552423
42,6,0.55,0.9764203428961972
42,6,0.60,0.9779416104646561
42,6,0.65,0.9836782432489063
42,6,0.70,0.933534336145887
42,6,0.75,0.9842089299967207
42,6,0.80,0.9875336110979113
42,6,0.85,0.982732015645632
42,6,0.90,0.9957976059732773
42,6,0.95,0.9942377797161086
42,7,0.05,0.46468918915753465
42,7,0.10,0.8467758943531943
42,7,0.15,0.7287916511367796
42,7,0.20,0.817778482316681
42,7,0.25,0.7726097168736363
42,7,0.30,0.9658033217111741
42,7,0.35,0.9711277246224699
42,7,0.40,0.9381943295124058
42,7,0.45,0.9794080251703858
42,7,0.50,0.9775665062623388
42,7,0.55,0.9837769181128971
42,7,0.60,0.9750626572301597
42,7,0.65,0.9856423277411585
42,7,0.70,0.9904179113148888
42,7,0.75,0.9728526815313904
42,7,0.80,0.9672699124673262
42,7,0.85,0.9788326344693167
42,7,0.90,0.9811542674410684
42,7,0.95,0.9930823452910184
42,8,0.05,0.5704804878523014
42,8,0.10,0.5164800252797072
42,8,0.15,0.919642260684477
42,8,0.20,0.8783062622144624
42,8,0.25,0.9381610526002979
42,8,0.30,0.8161479197758197
42,8,0.35,0.9683372526929485
42,8,0.40,0.9859699836994598
42,8,0.45,0.9430195684941591
42,8,0.50,0.9393200843491003
42,8,0.55,0.9821013133102241
42,8,0.60,0.9798541339522673
42,8,0.65,0.9873582950000023
42,8,0.70,0.9743417593470731
42,8,0.75,0.9771912892429843
42,8,0.80,0.9942696615164323
42,8,0.85,0.994182361353627
42,8,0.90,0.9952456382562757
42,8,0.95,0.9933541915330737
42,9,0.05,0.2959168733836177
42,9,0.10,0.8431685480832296
42,9,0.15,0.9029175240075973
42,9,0.20,0.9358892477214151
42,9,0.25,0.942060619679949
42,9,0.30,0.9397336622854903
42,9,0.35,0.976910587017644
42,9,0.40,0.9458220694543285
42,9,0.45,0.9298320900126565
42,9,0.50,0.9288240966550899
42,9,0.55,0.9536190078731837
42,9,0.60,0.9877573770537481
42,9,0.65,0.9944394706263759
42,9,0.70,0.990697941278715
42,9,0.75,0.9840350949217403
42,9,0.80,0.9857065382041371
42,9,0.85,0.9808846719193011
42,9,0.90,0.9897820350000458
42,9,0.95,0.9857203439223604
43,0,0.05,0.12303585524975535
43,0,0.10,0.9222934866956622
43,0,0.15,0.834243018343783
43,0,0.20,0.8780057853065445
43,0,0.25,0.7937257673887619
43,0,0.30,0.9459023317017998
43,0,0.35,0.8431175367586894
43,0,0.40,0.9595012168401265
43,0,0.45,0.9795695022826091
43,0,0.50,0.9794100277448708
43,0,0.55,0.9812340277818705
43,0,0.60,0.9665584469122275
43,0,0.65,0.9839759876329462
43,0,0.70,0.9842390169099332
43,0,0.75,0.9858755958839662
43,0,0.80,0.9869230290304729
43,0,0.85,0.9951561017968299
43,0,0.90,0.9926995124857263
43,0,0.95,0.99607772262267
43,1,0.05,0.6523567326577907
43,1,0.10,0.15745338506855266
43,1,0.15,0.7331121203062805
43,1,0.20,0.6213306536310235
43,1,0.25,0.9344074262203457
43,1,0.30,0.8592945497974933
43,1,0.35,0.920916561607442
43,1,0.40,0.8921428457209079
43,1,0.45,0.9564222140316978
43,1,0.50,0.9142920022891385
43,1,0.55,0.9636397885504058
43,1,0.60,0.9711260880256797
43,1,0.65,0.9400298023887965
43,1,0.70,0.9919966065379271
43,1,0.75,0.9892238382196091
43,1,0.80,0.9876181030786895
43,1,0.85,0.9951612933021489
43,1,0.90,0.9935229733068438
43,1,0.95,0.9969005171467553
43,2,0.05,-0.16952154496739857
43,2,0.10,0.8284254151369463
43,2,0.15,0.7299347711523253
43,2,0.20,0.8619513082353438
43,2,0.25,0.9349731807811301
43,2,0.30,0.9178157991152834
43,2,0.35,0.9372781008073554
43,2,0.40,0.934329966613967
43,2,0.45,0.9483690161571205
43,2,0.50,0.8722684351650998
43,2,0.55,0.9729507304484117
43,2,0.60,0.9660521565571766
43,2,0.65,0.9533257979994962
43,2,0.70,0.981950027140826
43,2,0.75,0.9871350482031557
43,2,0.80,0.9965590610141031
43,2,0.85,0.9914331989572127
43,2,0.90,0.995382103847437
43,2,0.95,0.9964369353490997
43,3,0.05,-0.8739729410313901
43,3,0.10,0.8230410821083807
43,3,0.15,0.8643192575711136
43,3,0.20,0.8201610660008056
43,3,0.25,0.8445191248628842
43,3,0.30,0.9130154373759836
43,3,0.35,0.9547676781304517
43,3,0.40,0.9701584745904012
43,3,0.45,0.9873723402764842
43,3,0.50,0.9472659820721758
43,3,0.55,0.8742982518293838
43,3,0.60,0.9915634163413228
43,3,0.65,0.9816404420603044
43,3,0.70,0.9399535065702611
43,3,0.75,0.9858736636923343
43,3,0.80,0.9925238842195855
43,3,0.85,0.9846142397956039
43,3,0.90,0.9926193003804408
43,3,0.95,0.9968055308093596
43,4,0.05,-0.025153625417401404
43,4,0.10,0.44956034789504395
43,4,0.15,0.5570604042598155
43,4,0.20,0.8004327861294176
43,4,0.25,0.8504642174702302
43,4,0.30,0.8454352675304442
43,4,0.35,0.9479645901439022
43,4,0.40,0.920702842158842
43,4,0.45,0.9389887542663006
43,4,0.50,0.9392053300164832
43,4,0.55,0.964398500344645
43,4,0.60,0.9689739218422885
43,4,0.65,0.9748978199633909
43,4,0.70,0.9815749515201249
43,4,0.75,0.9926495611503557
43,4,0.80,0.99551115880422
43,4,0.85,0.9790923497917579
43,4,0.90,0.9947288623449582
43,4,0.95,0.9963103330192741
43,5,0.05,0.921268256450444
43,5,0.10,0.6636659375301193
43,5,0.15,0.6881119086761799
43,5,0.20,0.8688994303362996
43,5,0.25,0.8771898987435621
43,5,0.30,0.8399008919325746
43,5,0.35,0.9493520021596555
43,5,0.40,0.9472470466494193
43,5,0.45,0.9449558597157415
43,5,0.50,0.9582506708832694
43,5,0.55,0.9285260947630734
43,5,0.60,0.9816118724790998
43,5,0.65,0.9876244504779346
43,5,0.70,0.9836998345598496
43,5,0.75,0.9859219953863448
43,5,0.80,0.9915249775693229
43,5,0.85,0.9854777324434424
43,5,0.90,0.9872462086767162
43,5,0.95,0.9898579195308491
43,6,0.05,0.6858445968581213
43,6,0.10,0.6133138210562188
43,6,0.15,0.8027636054068175
43,6,0.20,0.8699970600520247
43,6,0.25,0.6739066580220359
43,6,0.30,0.9273039145209505
43,6,0.35,0.8709321896129609
43,6,0.40,0.9381698202787604
43,6,0.45,0.9751660697440957
43,6,0.50,0.9766166353527121
43,6,0.55,0.9684526754705317
43,6,0.60,0.9779905524737031
43,6,0.65,0.9809143322449047
43,6,0.70,0.9872107755673123
43,6,0.75,0.9885406127209018
43,6,0.80,0.9849157185948545
43,6,0.85,0.9947743006078572
43,6,0.90,0.9946546423541236
43,6,0.95,0.9957062746511652
43,7,0.05,0.9140295691644126
43,7,0.10,0.8745686600770044
43,7,0.15,0.5590240343792091
43,7,0.20,0.7586142775453627
43,7,0.25,0.7949686981460791
43,7,0.30,0.9194872718319179
43,7,0.35,0.8527814898856323
43,7,0.40,0.9785664754437466
43,7,0.45,0.9750639683501536
43,7,0.50,0.9833730839820769
43,7,0.55,0.9652139345462164
43,7,0.60,0.9702724679846101
43,7,0.65,0.9836399461121148
43,7,0.70,0.9900627507108636
43,7,0.75,0.9814276351320732
43,7,0.80,0.9874515277105875
43,7,0.85,0.9949601314486853
43,7,0.90,0.9933135907587569
43,7,0.95,0.9902947914668152
43,8,0.05,0.5173927299766883
43,8,0.10,0.42496815079244943
43,8,0.15,0.887971650556949
43,8,0.20,0.80728117743545
43,8,0.25,0.88144124338715
43,8,0.30,0.8729816755230211
43,8,0.35,0.954142931465945
43,8,0.40,0.9751864804873414
43,8,0.45,0.9695795654219869
43,8,0.50,0.9548549801551784
43,8,0.55,0.9208104226045251
43,8,0.60,0.9085798387393569
43,8,0.65,0.9900942532676855
43,8,0.70,0.9836604225625096
43,8,0.75,0.9898661729375248
43,8,0.80,0.9886301828079527
43,8,0.85,0.9963958408649407
43,8,0.90,0.9947545464571376
43,8,0.95,0.9911250758614985
43,9,0.05,0.6559203084010894
43,9,0.10,0.5501848237739868
43,9,0.15,0.7862815784438265
43,9,0.20,0.9354158837139495
43,9,0.25,0.7238898425802565
43,9,0.30,0.8051619729977446
43,9,0.35,0.9270779292130739
43,9,0.40,0.9436132167224321
43,9,0.45,0.9046822043779227
43,9,0.50,0.9780221881423139
43,9,0.55,0.9686321653568672
43,9,0.60,0.9717093525472711
43,9,0.65,0.9747739694486551
43,9,0.70,0.9907239980050438
43,9,0.75,0.9828694143755239
43,9,0.80,0.9906947814663536
43,9,0.85,0.9919215663630995
43,9,0.90,0.9970241139185573
43,9,0.95,0.988628261194972
44,0,0.05,0.5916387886066028
44,0,0.10,0.6358595259037381
44,0,0.15,0.7764622915722684
44,0,0.20,0.874790664243089
44,0,0.25,0.8883017925151396
44,0,0.30,0.8655489227151357
44,0,0.35,0.9441050279133044
44,0,0.40,0.9643004532059638
44,0,0.45,0.9446935864073266
44,0,0.50,0.9513298717909401
44,0,0.55,0.9716983220220348
44,0,0.60,0.9826407151349152
44,0,0.65,0.9746200166972403
44,0,0.70,0.9928782313377661
44,0,0.75,0.9899103761634633
44,0,0.80,0.9922524070559191
44,0,0.85,0.9880693445681227
44,0,0.90,0.996281926897741
44,0,0.95,0.993653889260876
44,1,0.05,0.5525240131089537
44,1,0.10,0.7041821163844727
44,1,0.15,0.8266430180275558
44,1,0.20,0.799381368851837
44,1,0.25,0.9741272301117831
44,1,0.30,0.9552548387097953
44,1,0.35,0.9665571899325718
44,1,0.40,0.9827906035244465
44,1,0.45,0.9291635476977094
44,1,0.50,0.9513205094145047
44,1,0.55,0.9788436966195821
44,1,0.60,0.9880308475199955
44,1,0.65,0.9912610737710589
44,1,0.70,0.9908584088643151
44,1,0.75,0.9955189937757294
44,1,0.80,0.9923823759076928
44,1,0.85,0.9933165366814556
44,1,0.90,0.9960270783089282
44,1,0.95,0.996643103071884
44,2,0.05,0.37067684869812756
44,2,0.10,0.6363256988200794
44,2,0.15,0.8302087347195263
44,2,0.20,0.8520172856295736
44,2,0.25,0.9398939298589609
44,2,0.30,0.960022252767727
44,2,0.35,0.945068418066642
44,2,0.40,0.9766046368627296
44,2,0.45,0.9589889373265851
44,2,0.50,0.9803482267132811
44,2,0.55,0.9782387779305317
44,2,0.60,0.9856647939816012
44,2,0.65,0.9660510015401976
44,2,0.70,0.9954016715224933
44,2,0.75,0.9918862589755209
44,2,0.80,0.9882485009483032
44,2,0.85,0.9871149602032251
44,2,0.90,0.994660093278965
44,2,0.95,0.9943593354236916
44,3,0.05,0.4345232778147057
44,3,0.10,0.8062387909351186
44,3,0.15,0.742487770885451
44,3,0.20,0.27547434310147667
44,3,0.25,0.9440162713426965
44,3,0.30,0.9724948016515201
44,3,0.35,0.887084414885768
44,3,0.40,0.9751642442770184
44,3,0.45,0.9593433319946684
44,3,0.50,0.969230290497538
44,3,0.55,0.9816504515745572
44,3,0.60,0.9830270829452189
44,3,0.65,0.9695754691990993
44,3,0.70,0.973185232125177
44,3,0.75,0.9931262475106647
44,3,0.80,0.9689574125662009
44,3,0.85,0.9929484729508354
44,3,0.90,0.9840397849929489
44,3,0.95,0.9967636849325671
44,4,0.05,0.6789926532298582
44,4,0.10,0.6760275743746775
44,4,0.15,0.8446854925195479
44,4,0.20,0.9117128872470242
44,4,0.25,0.9484486598286568
44,4,0.30,0.9013436584162073
44,4,0.35,0.9627313842883807
44,4,0.40,0.9331756148549726
44,4,0.45,0.9642364027104008
44,4,0.50,0.9836869897095852
44,4,0.55,0.969051675465455
44,4,0.60,0.9686184592481051
44,4,0.65,0.9884446946576884
44,4,0.70,0.989760857978349
44,4,0.75,0.9715479619426235
44,4,0.80,0.9887604261260566
44,4,0.85,0.9748295481219343
44,4,0.90,0.9923728622534491
44,4,0.95,0.9909460514873816
44,5,0.05,0.5165708813795274
44,5,0.10,0.5296153785796001
44,5,0.15,0.9143053587539672
44,5,0.20,0.8708447421540704
44,5,0.25,0.8170741316656697
44,5,0.30,0.9725574289819621
44,5,0.35,0.9879094312130899
44,5,0.40,0.9504461523742826
44,5,0.45,0.9656386563334086
44,5,0.50,0.9652324735097125
44,5,0.55,0.9887727795875613
44,5,0.60,0.9925204586998948
44,5,0.65,0.9787429516627532
44,5,0.70,0.9929017814659836
44,5,0.75,0.9934205086255262
44,5,0.80,0.9820170628750793
44,5,0.85,0.9931322818899015
44,5,0.90,0.9943822559369877
44,5,0.95,0.9953032599288592
44,6,0.05,-1.5885565331631142
44,6,0.10,0.7622770780577669
44,6,0.15,0.7747904036730714
44,6,0.20,0.861310224792754
44,6,0.25,0.9291238791163999
44,6,0.30,0.9597447990178021
44,6,0.35,0.9793285348868973
44,6,0.40,0.9349047874837552
44,6,0.45,0.9663012653887875
44,6,0.50,0.9584470487287136
44,6,0.55,0.8945198762163091
44,6,0.60,0.9834725163973813
44,6,0.65,0.9805308916569945
44,6,0.70,0.9937219810482013
44,6,0.75,0.9963494972608394
44,6,0.80,0.9904517595798669
44,6,0.85,0.991194240849088
44,6,0.90,0.9968039897715515
44,6,0.95,0.993277244666131
44,7,0.05,0.2377848706097785
44,7,0.10,0.7848254502073564
44,7,0.15,0.4659840833070109
44,7,0.20,0.9559274235311815
44,7,0.25,0.9528856988779172
44,7,0.30,0.9278090136658922
44,7,0.35,0.8335581125548852
44,7,0.40,0.8687726789107528
44,7,0.45,0.9540833189183747
44,7,0.50,0.931600803586412
44,7,0.55,0.9757309739543591
44,7,0.60,0.9866312464172461
44,7,0.65,0.9846568005620498
44,7,0.70,0.9935716570054405
44,7,0.75,0.9871618119851955
44,7,0.80,0.9949729394394438
44,7,0.85,0.9939622150197028
44,7,0.90,0.9959420550978219
44,7,0.95,0.9955672259161409
44,8,0.05,-0.19566193810643684
44,8,0.10,0.8638253061803784
44,8,0.15,0.9349254314997985
44,8,0.20,0.8819854567349908
44,8,0.25,0.7409434150677476
44,8,0.30,0.9594805495674625
44,8,0.35,0.9825383011028647
44,8,0.40,0.9550398947282105
44,8,0.45,0.962228943512546
44,8,0.50,0.912362810126596
44,8,0.55,0.9656199090355722
44,8,0.60,0.987991472830934
44,8,0.65,0.9852200878232671
44,8,0.70,0.9829410405107221
44,8,0.75,0.9922869355212878
44,8,0.80,0.9946111653932209
44,8,0.85,0.9907924873007851
44,8,0.90,0.994537020339494
44,8,0.95,0.9958933839616664
44,9,0.05,0.5262157505598298
44,9,0.10,0.5806589604384085
44,9,0.15,0.9169813813098745
44,9,0.20,0.8980818784270413
44,9,0.25,0.9305914492477376
44,9,0.30,0.9792541141654434
44,9,0.35,0.9589558900234826
44,9,0.40,0.8778109183677918
44,9,0.45,0.9532859282651747
44,9,0.50,0.9762689978254941
44,9,0.55,0.955982213518449
44,9,0.60,0.9892191187178563
44,9,0.65,0.9839438934554974
44,9,0.70,0.9935107456876554
44,9,0.75,0.9918007788669394
44,9,0.80,0.9934424650162033
44,9,0.85,0.9795694803128663
44,9,0.90,0.9926137538945542
44,9,0.95,0.9958864203438516
45,0,0.05,0.6059696530020635
45,0,0.10,0.8861180802937645
45,0,0.15,0.8580967197980713
45,0,0.20,0.6571222731893076
45,0,0.25,0.9578049372682886
45,0,0.30,0.9690003971801322
45,0,0.35,0.9810529051655273
45,0,0.40,0.9478030229764824
45,0,0.45,0.9702713324839054
45,0,0.50,0.8610901857156331
45,0,0.55,0.9756859012639121
45,0,0.60,0.9012798348759864
45,0,0.65,0.9771198662196908
45,0,0.70,0.9826894812027771
45,0,0.75,0.9937138986001277
45,0,0.80,0.9882487099827686
45,0,0.85,0.9914102844453955
45,0,0.90,0.9950055571955154
45,0,0.95,0.9918720132344223
45,1,0.05,0.10902294851887084
45,1,0.10,0.7697684837492897
45,1,0.15,0.8082942675349147
45,1,0.20,0.89602988782773
45,1,0.25,0.8763745464385139
45,1,0.30,0.9754300270091911
45,1,0.35,0.8943806375577368
45,1,0.40,0.9516169573799271
45,1,0.45,0.9555252588538181
45,1,0.50,0.9538431585889765
45,1,0.55,0.9838738841947056
45,1,0.60,0.9753932223554712
45,1,0.65,0.9770618802964958
45,1,0.70,0.9954642606309692
45,1,0.75,0.982017021291954
45,1,0.80,0.9934147189049222
45,1,0.85,0.9829985182785181
45,1,0.90,0.9910531310806867
45,1,0.95,0.9948243426083595
45,2,0.05,0.3806342807435439
45,2,0.10,0.8798678850078142
45,2,0.15,0.8482563565513034
45,2,0.20,0.8618893786817838
45,2,0.25,0.8166405395275278
45,2,0.30,0.7709919306723366
45,2,0.35,0.9123267471249621
45,2,0.40,0.9829361720000103
45,2,0.45,0.9437888032447661
45,2,0.50,0.9125720228583226
45,2,0.55,0.9217548134560769
45,2,0.60,0.9536134853791991
45,2,0.65,0.9799092975835353
45,2,0.70,0.9922999492773549
45,2,0.75,0.990440373023709
45,2,0.80,0.9904254919251776
45,2,0.85,0.984216846605351
45,2,0.90,0.9940645882677992
45,2,0.95,0.9932799352610223
45,3,0.05,0.8805345529030584
45,3,0.10,-0.002078855429339832
45,3,0.15,0.7834504267150029
45,3,0.20,0.8610177295797758
45,3,0.25,0.8213395392670226
45,3,0.30,0.9321503317597063
45,3,0.35,0.9524205542776623
45,3,0.40,0.9304627598882865
45,3,0.45,0.9603759975604045
45,3,0.50,0.932272900670517
45,3,0.55,0.9201682502256396
45,3,0.60,0.9234156513708798
45,3,0.65,0.973420305480578
45,3,0.70,0.9532093344318552
45,3,0.75,0.9855403763144452
45,3,0.80,0.9962963348573031
45,3,0.85,0.9950813989575638
45,3,0.90,0.9943326501978629
45,3,0.95,0.9917267149208305
45,4,0.05,0.48584859254333945
45,4,0.10,0.7165002409159887
45,4,0.15,0.8513486365062379
45,4,0.20,0.9116291514881134
45,4,0.25,0.9195203263356557
45,4,0.30,0.9677387420988541
45,4,0.35,0.9343497019132546
45,4,0.40,0.8713666980264662
45,4,0.45,0.981111966101722
45,4,0.50,0.9539385295984469
45,4,0.55,0.9347596542460456
45,4,0.60,0.9556133877689558
45,4,0.65,0.9721645199285978
45,4,0.70,0.98633869532692
45,4,0.75,0.9638891899760383
45,4,0.80,0.9903207114290646
45,4,0.85,0.9927029738993082
45,4,0.90,0.9925161507676661
45,4,0.95,0.9938305004525171
45,5,0.05,0.7132728387274083
45,5,0.10,0.2199419110974914
45,5,0.15,0.7483950026303929
45,5,0.20,0.7779450477090721
45,5,0.25,0.9533444045652568
45,5,0.30,0.8450460323415038
45,5,0.35,0.9373256008896401
45,5,0.40,0.8308572161348364
45,5,0.45,0.9707939931339257
45,5,0.50,0.9499890936476871
45,5,0.55,0.9735569700702228
45,5,0.60,0.9730496279663005
45,5,0.65,0.9760130210380578
45,5,0.70,0.9903382289888133
45,5,0.75,0.9876994503376336
45,5,0.80,0.9877032702901499
45,5,0.85,0.9858548001036944
45,5,0.90,0.9907180706272445
45,5,0.95,0.9931972143300202
45,6,0.05,0.46193122500456263
45,6,0.10,0.925834227026947
45,6,0.15,0.8199650850307665
45,6,0.20,0.7448540598017462
45,6,0.25,0.8443039573025091
45,6,0.30,0.952626312604497
45,6,0.35,0.41125501889216953
45,6,0.40,0.8798704214352121
45,6,0.45,0.9580110063087561
45,6,0.50,0.9818451461404754
45,6,0.55,0.9786210955345552
45,6,0.60,0.9743530851092791
45,6,0.65,0.9764736361447917
45,6,0.70,0.9768903389911557
45,6,0.75,0.9719683667019663
45,6,0.80,0.9917635335634084
45,6,0.85,0.9959506379981145
45,6,0.90,0.995814755422783
45,6,0.95,0.9947918325115268
45,7,0.05,0.8341561018786959
45,7,0.10,-0.060837459469223365
45,7,0.15,0.7980979731313357
45,7,0.20,0.7836908623496541
45,7,0.25,0.9307175862021653
45,7,0.30,0.9498885039204078
45,7,0.35,0.9410771053411338
45,7,0.40,0.9657053316918982
45,7,0.45,0.9766840121328064
45,7,0.50,0.9241104894441083
45,7,0.55,0.9594081784328479
45,7,0.60,0.9685792245538183
45,7,0.65,0.9848128833867369
45,7,0.70,0.9829940676147622
45,7,0.75,0.9820408525861181
45,7,0.80,0.9840782878378618
45,7,0.85,0.993207117018517
45,7,0.90,0.9931587528262872
45,7,0.95,0.9957262682321617
45,8,0.05,0.7579041317175805
45,8,0.10,0.47761558907171675
45,8,0.15,0.8889047017188634
45,8,0.20,0.7663242227172247
45,8,0.25,0.9483108023305766
45,8,0.30,0.9444152879045802
45,8,0.35,0.9603133498319832
45,8,0.40,0.8667260681091917
45,8,0.45,0.9078317130781535
45,8,0.50,0.9622291509112169
45,8,0.55,0.9439559558750299
45,8,0.60,0.9403449897202405
45,8,0.65,0.9682136599858293
45,8,0.70,0.9541179014792109
45,8,0.75,0.9910210125529256
45,8,0.80,0.9843808462206608
45,8,0.85,0.9950531731290486
45,8,0.90,0.9843256799772238
45,8,0.95,0.9948245437966942
45,9,0.05,0.2897465052172211
45,9,0.10,0.9338284859566153
45,9,0.15,0.8304788281824659
45,9,0.20,0.8327857069461371
45,9,0.25,0.8957752058158476
45,9,0.30,0.8000205390594701
45,9,0.35,0.9513847206547742
45,9,0.40,0.8914648499973311
45,9,0.45,0.9134175284110541
45,9,0.50,0.9574189797490675
45,9,0.55,0.9387581126379045
45,9,0.60,0.9647920666867115
45,9,0.65,0.9811345691047371
45,9,0.70,0.9814441278909481
45,9,0.75,0.9789818719612834
45,9,0.80,0.9930256390232364
45,9,0.85,0.9924796365393872
45,9,0.90,0.9813114647720812
45,9,0.95,0.9916562912739754
46,0,0.05,0.5556098584121965
46,0,0.10,0.4962454814694902
46,0,0.15,0.8002958566030886
46,0,0.20,0.9653702650717298
46,0,0.25,0.8447847816780722
46,0,0.30,0.9122542721059431
46,0,0.35,0.9800911034500001
46,0,0.40,0.964562344226031
46,0,0.45,0.881031469728265
46,0,0.50,0.9565121723810697
46,0,0.55,0.9555601268764763
46,0,0.60,0.936340119165005
46,0,0.65,0.989406595480874
46,0,0.70,0.9866613707319396
46,0,0.75,0.9928092891363334
46,0,0.80,0.9937547180695355
46,0,0.85,0.9949383208622233
46,0,0.90,0.994906838863856
46,0,0.95,0.9947982042240613
46,1,0.05,0.14135582097679078
46,1,0.10,0.9007010818695091
46,1,0.15,0.8608425157900906
46,1,0.20,0.7881039354621419
46,1,0.25,0.9324368233635286
46,1,0.30,0.9347394674551475
46,1,0.35,0.9736943455422737
46,1,0.40,0.7911177196002668
46,1,0.45,0.9574265338781839
46,1,0.50,0.9341393384208478
46,1,0.55,0.9326477103329711
46,1,0.60,0.9333544101933043
46,1,0.65,0.9728260621653392
46,1,0.70,0.9684867002607931
46,1,0.75,0.9839851532304086
46,1,0.80,0.9778096789354347
46,1,0.85,0.9825643850988202
46,1,0.90,0.9359271109062599
46,1,0.95,0.9949440142148168
46,2,0.05,-0.06688755851852246
46,2,0.10,0.3949197484584108
46,2,0.15,0.8924064679213922
46,2,0.20,0.8437856822540928
46,2,0.25,0.3672025692663953
46,2,0.30,0.8181904979304264
46,2,0.35,0.9304837142337906
46,2,0.40,0.9604545708956206
46,2,0.45,0.9469525975798536
46,2,0.50,0.9772967735057143
46,2,0.55,0.9781076316812909
46,2,0.60,0.973217180154411
46,2,0.65,0.9849930429927757
46,2,0.70,0.9832991879370168
46,2,0.75,0.9901500273701448
46,2,0.80,0.9917162016240093
46,2,0.85,0.9838324058185939
46,2,0.90,0.9952130431466663
46,2,0.95,0.9918005194932163
46,3,0.05,0.6284076007474984
46,3,0.10,0.97235293775421
46,3,0.15,0.8594925183207188
46,3,0.20,0.9007130525919163
46,3,0.25,0.8800318535183318
46,3,0.30,0.4878423031431801
46,3,0.35,0.7458559991984094
46,3,0.40,0.931798955201276
46,3,0.45,0.9377942294073035
46,3,0.50,0.9798080801673152
46,3,0.55,0.9574416283537105
46,3,0.60,0.9822101601387124
46,3,0.65,0.9782668016975263
46,3,0.70,0.989958975558457
46,3,0.75,0.9774807405678773
46,3,0.80,0.9886142964266735
46,3,0.85,0.987737704131787
46,3,0.90,0.9842795382965497
46,3,0.95,0.974231865086696
46,4,0.05,0.9029623663580981
46,4,0.10,0.48572002874556064
46,4,0.15,0.8162234836599441
46,4,0.20,0.9312020125236306
46,4,0.25,0.8534987874031967
46,4,0.30,0.8690277150985228
46,4,0.35,0.9612099012681511
46,4,0.40,0.9614310412768037
46,4,0.45,0.9658238899915367
46,4,0.50,0.8776567353307707
46,4,0.55,0.911377149990337
46,4,0.60,0.9690368368574939
46,4,0.65,0.9735967147044411
46,4,0.70,0.9881231676485632
46,4,0.75,0.9836466003108955
46,4,0.80,0.984170664497036
46,4,0.85,0.9938788649979118
46,4,0.90,0.9898497440809936
46,4,0.95,0.9888035948968859
46,5,0.05,0.8494811737986842
46,5,0.10,0.5767598835901906
46,5,0.15,0.8762731352962275
46,5,0.20,0.9609531254678156
46,5,0.25,0.7386803661797271
46,5,0.30,0.9339889139858619
46,5,0.35,0.9321198823085467
46,5,0.40,0.880364191353842
46,5,0.45,0.9501477698309215
46,5,0.50,0.9883062937362084
46,5,0.55,0.8585070298399506
46,5,0.60,0.9586743375351404
46,5,0.65,0.9667545081165881
46,5,0.70,0.98506726033573
46,5,0.75,0.9792748652178367
46,5,0.80,0.9730137197866215
46,5,0.85,0.9933003093376584
46,5,0.90,0.9952228123130993
46,5,0.95,0.9933786044656886
46,6,0.05,0.71482546096382
46,6,0.10,0.533830143248978
46,6,0.15,0.9044170862887502
46,6,0.20,0.7605399312580774
46,6,0.25,0.9348340907721406
46,6,0.30,0.8578847997071644
46,6,0.35,0.9534613427028941
46,6,0.40,0.9819426699396521
46,6,0.45,0.9349405420225889
46,6,0.50,0.9362128116093277
46,6,0.55,0.9413863425282921
46,6,0.60,0.9865442697185528
46,6,0.65,0.9850953185123853
46,6,0.70,0.9743320383436455
46,6,0.75,0.9625357069260048
46,6,0.80,0.9897888248725978
46,6,0.85,0.9900090772510193
46,6,0.90,0.9934517601731404
46,6,0.95,0.9926750693612788
46,7,0.05,0.8003939677040706
46,7,0.10,0.9161037670197513
46,7,0.15,0.1757889436917901
46,7,0.20,0.9336700735167698
46,7,0.25,0.8627194248045852
46,7,0.30,0.926211959908485
46,7,0.35,0.8242090252845019
46,7,0.40,0.9833973180268605
46,7,0.45,0.9453350625312076
46,7,0.50,0.9640980673764213
46,7,0.55,0.9712689789888347
46,7,0.60,0.9779125271419677
46,7,0.65,0.9590310219620375
46,7,0.70,0.9877119816407025
46,7,0.75,0.9780292305230835
46,7,0.80,0.9931049249224967
46,7,0.85,0.9868861214771556
46,7,0.90,0.9716615428840736
46,7,0.95,0.9961646066038456
46,8,0.05,0.7361692716524668
46,8,0.10,0.9196623637846105
46,8,0.15,0.9518006928904945
46,8,0.20,0.9129265456228652
46,8,0.25,0.8774666417480723
46,8,0.30,0.8496931119160573
46,8,0.35,0.9246947050204869
46,8,0.40,0.9848978304881687
46,8,0.45,0.8938004987560854
46,8,0.50,0.9899325327705037
46,8,0.55,0.947101253524638
46,8,0.60,0.9319431451238558
46,8,0.65,0.9238126507279916
46,8,0.70,0.9593292834068939
46,8,0.75,0.9928055796730242
46,8,0.80,0.974530641357919
46,8,0.85,0.9905438970556839
46,8,0.90,0.9963440578809589
46,8,0.95,0.9922530401697246
46,9,0.05,0.7822781344260253
46,9,0.10,0.8805286031735128
46,9,0.15,0.7651289450435492
46,9,0.20,0.9646657553521573
46,9,0.25,0.6801110323048895
46,9,0.30,0.9249279082686034
46,9,0.35,0.8005447206045666
46,9,0.40,0.7581417946214645
46,9,0.45,0.9255752560438976
46,9,0.50,0.9671166364065271
46,9,0.55,0.9628983829571802
46,9,0.60,0.9603026949273001
46,9,0.65,0.9850149613143795
46,9,0.70,0.9823253700284903
46,9,0.75,0.9885539726574818
46,9,0.80,0.9899477197272011
46,9,0.85,0.9905991064113857
46,9,0.90,0.9937000820767286
46,9,0.95,0.9953197919743855
47,0,0.05,0.8761556566717625
47,0,0.10,0.7485641304493227
47,0,0.15,0.9292162549647913
47,0,0.20,0.8663458524229956
47,0,0.25,0.8814645184811922
47,0,0.30,0.7986312424685876
47,0,0.35,0.9609150156740545
47,0,0.40,0.9475641089647383
47,0,0.45,0.9386080905754184
47,0,0.50,0.9760511097323666
47,0,0.55,0.9858634146132697
47,0,0.60,0.9732259950088553
47,0,0.65,0.985901898480046
47,0,0.70,0.9874810850300434
47,0,0.75,0.9923374009563257
47,0,0.80,0.9951829103311439
47,0,0.85,0.9915262769175858
47,0,0.90,0.9903043722509774
47,0,0.95,0.990672142471824
47,1,0.05,0.508726896141573
47,1,0.10,0.784389806472655
47,1,0.15,0.662347769904102
47,1,0.20,0.7943062587537135
47,1,0.25,0.9082950686552126
47,1,0.30,0.8585419620916038
47,1,0.35,0.891400149092477
47,1,0.40,0.837351497505995
47,1,0.45,0.9490486453567335
47,1,0.50,0.9553749567639073
47,1,0.55,0.9299780217196257
47,1,0.60,0.9813173775685107
47,1,0.65,0.9744658556340172
47,1,0.70,0.9936915346910761
47,1,0.75,0.9923261157915205
47,1,0.80,0.9771966223566753
47,1,0.85,0.9967899847848523
47,1,0.90,0.9946213220573431
47,1,0.95,0.9972477742205181
47,2,0.05,0.38521140893115413
47,2,0.10,0.494998454716868
47,2,0.15,0.8258588178316922
47,2,0.20,0.5266466183407376
47,2,0.25,0.7192720287731511
47,2,0.30,0.9102398784859302
47,2,0.35,0.9319488694502395
47,2,0.40,0.918038817928704
47,2,0.45,0.9728002511140991
47,2,0.50,0.9558703570868297
47,2,0.55,0.9694962362827395
47,2,0.60,0.9795990907495111
47,2,0.65,0.9789835757641484
47,2,0.70,0.9850093287344137
47,2,0.75,0.9917861842668018
47,2,0.80,0.9949748160678774
47,2,0.85,0.9902858291932205
47,2,0.90,0.9940685097105063
47,2,0.95,0.9975870269097187
47,3,0.05,0.6743691105280754
47,3,0.10,0.8190388602387344
47,3,0.15,0.7307076629971301
47,3,0.20,0.7927696194963842
47,3,0.25,0.9007172727352118
47,3,0.30,0.8805465764807259
47,3,0.35,0.9497409785017008
47,3,0.40,0.9768496420958633
47,3,0.45,0.9645556487595416
47,3,0.50,0.9490263836645126
47,3,0.55,0.9839501990969363
47,3,0.60,0.9908944769630396
47,3,0.65,0.9886703859678233
47,3,0.70,0.9908482585965401
47,3,0.75,0.9958358934122353
47,3,0.80,0.9915074619028712
47,3,0.85,0.9877278916929985
47,3,0.90,0.9946336189702876
47,3,0.95,0.9875422606877446
47,4,0.05,0.7424173055053342
47,4,0.10,0.7741937388508804
47,4,0.15,0.915558465614767
47,4,0.20,0.6807797543357375
47,4,0.25,0.9398183085559346
47,4,0.30,0.6957822031035631
47,4,0.35,0.8862180125425999
47,4,0.40,0.961497213063996
47,4,0.45,0.9832338429104996
47,4,0.50,0.9210701248969152
47,4,0.55,0.9392063028348804
47,4,0.60,0.9847636880607016
47,4,0.65,0.9849843027078311
47,4,0.70,0.9858896610348848
47,4,0.75,0.9848249576423694
47,4,0.80,0.9906497397104896
47,4,0.85,0.9953642307186783
47,4,0.90,0.99624767687726
47,4,0.95,0.9968218587723997
47,5,0.05,0.3770031502603842
47,5,0.10,0.9212651423733574
47,5,0.15,0.9254635975050773
47,5,0.20,0.899408119471274
47,5,0.25,0.9386655529816957
47,5,0.30,0.9278332583519572
47,5,0.35,0.8458318884607645
47,5,0.40,0.9003847049591885
47,5,0.45,0.9659449602190298
47,5,0.50,0.9764981747311584
47,5,0.55,0.9566030344768323
47,5,0.60,0.9857017445465935
47,5,0.65,0.981316546798647
47,5,0.70,0.983855639801756
47,5,0.75,0.9912629735009507
47,5,0.80,0.9956660453207502
47,5,0.85,0.9885946113906742
47,5,0.90,0.9937432110422768
47,5,0.95,0.9906182536229473
47,6,0.05,0.4495987635147377
47,6,0.10,0.5934885035833781
47,6,0.15,0.8429033715721979
47,6,0.20,0.9326284925038353
47,6,0.25,0.8669992475986862
47,6,0.30,0.8386358308199895
47,6,0.35,0.9418583600787873
47,6,0.40,0.9030910442962105
47,6,0.45,0.9416420706581362
47,6,0.50,0.972128222237079
47,6,0.55,0.9834305682935663
47,6,0.60,0.9889658435644298
47,6,0.65,0.9850615259410548
47,6,0.70,0.9920925720523068
47,6,0.75,0.9876566183364008
47,6,0.80,0.9877091835591985
47,6,0.85,0.9950445743710108
47,6,0.90,0.9931961119264966
47,6,0.95,0.9939376464319102
47,7,0.05,0.7750566848101326
47,7,0.10,0.7450079702580439
47,7,0.15,0.8860350966317309
47,7,0.20,0.7012822161196561
47,7,0.25,0.7233041827368809
47,7,0.30,0.8800838793206878
47,7,0.35,0.9747341202822402
47,7,0.40,0.8760092755116243
47,7,0.45,0.9600925294901415
47,7,0.50,0.9713470603998554
47,7,0.55,0.9849547103477533
47,7,0.60,0.9815388513537718
47,7,0.65,0.9881063958675493
47,7,0.70,0.9784811734015377
47,7,0.75,0.9893461345296104
47,7,0.80,0.9941087131032057
47,7,0.85,0.9930137789770962
47,7,0.90,0.9827791589688649
47,7,0.95,0.985655572807714
47,8,0.05,0.18398191931501384
47,8,0.10,0.7283719491192326
47,8,0.15,0.8842505722218322
47,8,0.20,0.5473571004368971
47,8,0.25,0.8908274216843601
47,8,0.30,0.8621051913293165
47,8,0.35,0.8182652374600426
47,8,0.40,0.9406267597979513
47,8,0.45,0.9595000009876673
47,8,0.50,0.9627638760685133
47,8,0.55,0.9845902103259898
47,8,0.60,0.9851975658120382
47,8,0.65,0.9916897207128896
47,8,0.70,0.9899908482281145
47,8,0.75,0.9927766977685285
47,8,0.80,0.9911896902775225
47,8,0.85,0.9847058999082421
47,8,0.90,0.9962923912649096
47,8,0.95,0.9955665249977842
47,9,0.05,0.5732618800846573
47,9,0.10,0.6896069396424761
47,9,0.15,0.9334055713759809
47,9,0.20,0.7312281171503412
47,9,0.25,0.8938446546891065
47,9,0.30,0.957576596786528
47,9,0.35,0.9619431849229232
47,9,0.40,0.8991335588217355
47,9,0.45,0.9266700753759076
47,9,0.50,0.9509018213298824
47,9,0.55,0.9848972288251789
47,9,0.60,0.9805513890969022
47,9,0.65,0.9868284872300965
47,9,0.70,0.9900399937004367
47,9,0.75,0.99338818695181
47,9,0.80,0.9956345798325168
47,9,0.85,0.9915584659819108
47,9,0.90,0.9941525791837063
47,9,0.95,0.9872124667866978
48,0,0.05,0.8376396223591769
48,0,0.10,0.8321800100205361
48,0,0.15,0.6246814172240978
48,0,0.20,0.6373609613457605
48,0,0.25,0.8913581878113561
48,0,0.30,0.9655033161617119
48,0,0.35,0.9087477917125537
48,0,0.40,0.9027840869612096
48,0,0.45,0.951431096743979
48,0,0.50,0.8409889693068832
48,0,0.55,0.9796377333331783
48,0,0.60,0.9339863799040655
48,0,0.65,0.9285258748226014
48,0,0.70,0.9941656097922519
48,0,0.75,0.9928265808762282
48,0,0.80,0.9908357160975474
48,0,0.85,0.9957493102190068
48,0,0.90,0.9851233613235748
48,0,0.95,0.9964838288451459
48,1,0.05,0.8176979795103609
48,1,0.10,0.1051807034826332
48,1,0.15,0.716848383151341
48,1,0.20,0.9159998637862995
48,1,0.25,0.8830556145954546
48,1,0.30,0.9487169875416087
48,1,0.35,0.6117160993939448
48,1,0.40,0.8944301228196609
48,1,0.45,0.9369249199183082
48,1,0.50,0.9422369240415742
48,1,0.55,0.9861261411724784
48,1,0.60,0.9786886799952085
48,1,0.65,0.9911893631224131
48,1,0.70,0.9938767049000155
48,1,0.75,0.9890993202042514
48,1,0.80,0.9931307612819046
48,1,0.85,0.9887930776919683
48,1,0.90,0.9912521233452896
48,1,0.95,0.9936736781662839
48,2,0.05,0.7089496102613773
48,2,0.10,0.6228784387713818
48,2,0.15,0.9010148110090848
48,2,0.20,0.9380394205877313
48,2,0.25,0.9352321616514129
48,2,0.30,0.9667157724011721
48,2,0.35,0.8227394396722757
48,2,0.40,0.9450722900163365
48,2,0.45,0.9767654366202975
48,2,0.50,0.9823024782543365
48,2,0.55,0.9827103860439551
48,2,0.60,0.978252112676524
48,2,0.65,0.9897795958551197
48,2,0.70,0.9914355095902941
48,2,0.75,0.9954204761891733
48,2,0.80,0.9953756185803208
48,2,0.85,0.9931524546946631
48,2,0.90,0.9935137487307016
48,2,0.95,0.9947019397036831
48,3,0.05,0.8162055026714018
48,3,0.10,0.8915559279933876
48,3,0.15,0.6625737260422069
48,3,0.20,0.8153570822730077
48,3,0.25,0.9423192357841961
48,3,0.30,0.9592201953042753
48,3,0.35,0.8370303035470175
48,3,0.40,0.9054455306531008
48,3,0.45,0.9522039721095638
48,3,0.50,0.9827962651166291
48,3,0.55,0.9663962883191427
48,3,0.60,0.987579660673073
48,3,0.65,0.9892843979538518
48,3,0.70,0.9852521769080553
48,3,0.75,0.9930442913228779
48,3,0.80,0.9875626115233771
48,3,0.85,0.991318856851143
48,3,0.90,0.9938954926708342
48,3,0.95,0.9891801891151403
48,4,0.05,0.44640071663691605
48,4,0.10,0.6431289018213137
48,4,0.15,0.7945435418853786
48,4,0.20,0.8042616702912618
48,4,0.25,0.7721290545580901
48,4,0.30,0.8739345974124272
48,4,0.35,0.932963103958071
48,4,0.40,0.9500163353550078
48,4,0.45,0.9750142094337322
48,4,0.50,0.9799851399792396
48,4,0.55,0.9791166770878449
48,4,0.60,0.9918685432167794
48,4,0.65,0.9752884165937461
48,4,0.70,0.9914971231321839
48,4,0.75,0.990307369856892
48,4,0.80,0.9938504258095757
48,4,0.85,0.9943989865232098
48,4,0.90,0.9960129646648034
48,4,0.95,0.9949480242052847
48,5,0.05,0.5447368927508832
48,5,0.10,0.7216199907824214
48,5,0.15,0.48400087859339014
48,5,0.20,0.7861073350845058
48,5,0.25,0.9155406810580996
48,5,0.30,0.9731159619168301
48,5,0.35,0.959444784466379
48,5,0.40,0.8740870890050081
48,5,0.45,0.9466960451739651
48,5,0.50,0.9875154452506477
48,5,0.55,0.9316423911875615
48,5,0.60,0.9766694879763103
48,5,0.65,0.9881860895085142
48,5,0.70,0.9917450894471991
48,5,0.75,0.9917668775459629
48,5,0.80,0.9900612302523937
48,5,0.85,0.9936030208625085
48,5,0.90,0.9926259404418531
48,5,0.95,0.9945223088660384
48,6,0.05,0.7758170640065795
48,6,0.10,0.7602327240925727
48,6,0.15,0.9562124952036062
48,6,0.20,0.7187394821280504
48,6,0.25,0.811038816728337
48,6,0.30,0.9582931993117171
48,6,0.35,0.9194399897236406
48,6,0.40,0.7159957052055183
48,6,0.45,0.9701844585951183
48,6,0.50,0.9753765146202059
48,6,0.55,0.8752618648964107
48,6,0.60,0.9762590867344388
48,6,0.65,0.9887698672269338
48,6,0.70,0.9786421008061035
48,6,0.75,0.97063522482216
48,6,0.80,0.9962221226001269
48,6,0.85,0.9955900800065653
48,6,0.90,0.9947905950096892
48,6,0.95,0.9856252429299667
48,7,0.05,0.6426900075039645
48,7,0.10,0.8296540433041486
48,7,0.15,0.4732514192235918
48,7,0.20,0.7350083598319559
48,7,0.25,0.8236679649056642
48,7,0.30,0.9525507221201326
48,7,0.35,0.9816727840336892
48,7,0.40,0.9612336015628712
48,7,0.45,0.8953479648755862
48,7,0.50,0.9358590308366418
48,7,0.55,0.9802697167267134
48,7,0.60,0.9828319423696824
48,7,0.65,0.9055535467338647
48,7,0.70,0.9870474265290133
48,7,0.75,0.9915371185156011
48,7,0.80,0.9647504491202781
48,7,0.85,0.9956403931653149
48,7,0.90,0.994495772278321
48,7,0.95,0.9728986069574238
48,8,0.05,0.7817038207362297
48,8,0.10,0.4677973282251233
48,8,0.15,0.9120804684757025
48,8,0.20,0.8534301520095611
48,8,0.25,0.7390186801098679
48,8,0.30,0.9403535986690765
48,8,0.35,0.8701902966887893
48,8,0.40,0.9334412849199798
48,8,0.45,0.9465652734015871
48,8,0.50,0.975648181899121
48,8,0.55,0.9859602695636366
48,8,0.60,0.9597301798083484
48,8,0.65,0.9932617122798634
48,8,0.70,0.9946540851242744
48,8,0.75,0.9958961673909662
48,8,0.80,0.9921844453243047
48,8,0.85,0.9895811705144534
48,8,0.90,0.9944955624439212
48,8,0.95,0.9937395585971318
48,9,0.05,0.2699451304259023
48,9,0.10,0.6586562252439527
48,9,0.15,0.8967523413682212
48,9,0.20,0.9184048132732068
48,9,0.25,0.9714371577801623
48,9,0.30,0.9357775545827836
48,9,0.35,0.9118585935578616
48,9,0.40,0.966826641788661
48,9,0.45,0.9702973194947415
48,9,0.50,0.9218554986637384
48,9,0.55,0.9844493328165268
48,9,0.60,0.9726892980273775
48,9,0.65,0.9918528710287418
48,9,0.70,0.9856285205072371
48,9,0.75,0.9905136117033637
48,9,0.80,0.9918490845437344
48,9,0.85,0.9871336145212026
48,9,0.90,0.9964191033763917
48,9,0.95,0.9962516422342018
49,0,0.05,0.8044920246552736
49,0,0.10,0.9472283030375424
49,0,0.15,0.8132379814308811
49,0,0.20,0.9069533061518829
49,0,0.25,0.9187107021521626
49,0,0.30,0.7578436230467286
49,0,0.35,0.9061534921656631
49,0,0.40,0.944019366402248
49,0,0.45,0.9712388162563328
49,0,0.50,0.9780963456165752
49,0,0.55,0.9873186484236363
49,0,0.60,0.9782078247201134
49,0,0.65,0.9911221118585686
49,0,0.70,0.9913781430519498
49,0,0.75,0.9905199401475884
49,0,0.80,0.9891887217642953
49,0,0.85,0.9921797669476952
49,0,0.90,0.9943792325987635
49,0,0.95,0.9938166115112903
49,1,0.05,0.7107424379971268
49,1,0.10,0.7103879989162278
49,1,0.15,0.8704545212310979
49,1,0.20,0.9135777651286476
49,1,0.25,0.9554436282566815
49,1,0.30,0.9201631740165832
49,1,0.35,0.9808066122478992
49,1,0.40,0.9691992644100683
49,1,0.45,0.9563955664213488
49,1,0.50,0.9849602716644987
49,1,0.55,0.9865062746108029
49,1,0.60,0.9858648431829966
49,1,0.65,0.9891327403452216
49,1,0.70,0.9913763656857686
49,1,0.75,0.9921445557829873
49,1,0.80,0.9918683466756402
49,1,0.85,0.9892911143909512
49,1,0.90,0.9960631491204524
49,1,0.95,0.9956767727716899
49,2,0.05,0.7398468724463965
49,2,0.10,0.49813324490627187
49,2,0.15,0.8544637774834418
49,2,0.20,0.8076518881969929
49,2,0.25,0.9352921050160425
49,2,0.30,0.9367222061901097
49,2,0.35,0.9484271365041756
49,2,0.40,0.959286337149515
49,2,0.45,0.9455855549358565
49,2,0.50,0.9808663674172243
49,2,0.55,0.9458250882255806
49,2,0.60,0.9864602743953051
49,2,0.65,0.9876847239748183
49,2,0.70,0.9884896065859748
49,2,0.75,0.9934058021654988
49,2,0.80,0.9823088311676791
49,2,0.85,0.994087121410899
49,2,0.90,0.9833392928440532
49,2,0.95,0.9941860047080496
49,3,0.05,0.86446298051103
49,3,0.10,0.7029766098293879
49,3,0.15,0.8039655734466937
49,3,0.20,0.696711530707459
49,3,0.25,0.8972124802559616
49,3,0.30,0.8916116592021289
49,3,0.35,0.8787953370189658
49,3,0.40,0.8930954005736816
49,3,0.45,0.9876497263626608
49,3,0.50,0.9829125559895389
49,3,0.55,0.9463086493922966
49,3,0.60,0.9809072182514873
49,3,0.65,0.9930024041097331
49,3,0.70,0.9936763299263914
49,3,0.75,0.9764286573669794
49,3,0.80,0.9846527185193313
49,3,0.85,0.9966100197030956
49,3,0.90,0.9939748495334902
49,3,0.95,0.9966601491819738
49,4,0.05,0.7556114400167331
49,4,0.10,0.4326844491598567
49,4,0.15,0.8576365316263705
49,4,0.20,0.8942422760366169
49,4,0.25,0.8910322998989489
49,4,0.30,0.8879115701058866
49,4,0.35,0.9318442661855053
49,4,0.40,0.9821051450663769
49,4,0.45,0.9874015796948673
49,4,0.50,0.9869476971494826
49,4,0.55,0.9548435626125445
49,4,0.60,0.9779599793077757
49,4,0.65,0.9888397864264885
49,4,0.70,0.9937823621305075
49,4,0.75,0.9759363729144095
49,4,0.80,0.9928829409158085
49,4,0.85,0.9809018976740601
49,4,0.90,0.9927032149234014
49,4,0.95,0.9957714668079293
49,5,0.05,0.5800615251459538
49,5,0.10,0.758545981695574
49,5,0.15,0.8253220007036369
49,5,0.20,0.7992088686190921
49,5,0.25,0.9309296627477681
49,5,0.30,0.9390830856019566
49,5,0.35,0.9349472291073071
49,5,0.40,0.9227618127932092
49,5,0.45,0.9709370542335832
49,5,0.50,0.9810061591717472
49,5,0.55,0.99228489935057
49,5,0.60,0.9307669176629704
49,5,0.65,0.9914375543332187
49,5,0.70,0.9881734120599854
49,5,0.75,0.9790832430701105
49,5,0.80,0.9932404635020404
49,5,0.85,0.9923717663248476
49,5,0.90,0.9923135820397002
49,5,0.95,0.9910321529318942
49,6,0.05,0.7057960631245437
49,6,0.10,0.7559055303995889
49,6,0.15,0.5993225316715751
49,6,0.20,0.9051599216146293
49,6,0.25,0.7724410858943555
49,6,0.30,0.9293673949392856
49,6,0.35,0.9197588378153472
49,6,0.40,0.9471260032664659
49,6,0.45,0.9700545276505579
49,6,0.50,0.9640080341355219
49,6,0.55,0.9556826242150799
49,6,0.60,0.9879690081409273
49,6,0.65,0.9891141783120554
49,6,0.70,0.9882607373568618
49,6,0.75,0.9839811734645595
49,6,0.80,0.9865516485338774
49,6,0.85,0.9958089483455138
49,6,0.90,0.9938415125030465
49,6,0.95,0.9936622796382558
49,7,0.05,0.8627357505625688
49,7,0.10,0.7363499868367293
49,7,0.15,0.7829436596733623
49,7,0.20,0.8465375899185432
49,7,0.25,0.8897368081647062
49,7,0.30,0.9438616163887428
49,7,0.35,0.8888122899354657
49,7,0.40,0.9734700371621288
49,7,0.45,0.9774680810901876
49,7,0.50,0.9882630639467028
49,7,0.55,0.9903957783590659
49,7,0.60,0.9856320601615609
49,7,0.65,0.9855045317286308
49,7,0.70,0.9863566872535124
49,7,0.75,0.9933035461362608
49,7,0.80,0.9912091736103592
49,7,0.85,0.994367574947864
49,7,0.90,0.984700004774013
49,7,0.95,0.9933940168501225
49,8,0.05,0.9585077183237124
49,8,0.10,0.41930383665105075
49,8,0.15,0.48099787181153963
49,8,0.20,0.8393955489459319
49,8,0.25,0.9258363334502843
49,8,0.30,0.9300915844950304
49,8,0.35,0.9487318848476738
49,8,0.40,0.9478239839374876
49,8,0.45,0.9717481345836302
49,8,0.50,0.982723845078781
49,8,0.55,0.980809022517999
49,8,0.60,0.988493694648963
49,8,0.65,0.9954689565563559
49,8,0.70,0.9851540892713496
49,8,0.75,0.9691261967191133
49,8,0.80,0.9861415208271631
49,8,0.85,0.9938939972729351
49,8,0.90,0.9869624419553271
49,8,0.95,0.9963575182665168
49,9,0.05,0.8367453940031424
49,9,0.10,0.5846948888584167
49,9,0.15,0.8762457575576762
49,9,0.20,0.9491110806401705
49,9,0.25,0.9134411190054768
49,9,0.30,0.9322270995624359
49,9,0.35,0.9766493588230192
49,9,0.40,0.921808772422665
49,9,0.45,0.9493026323423142
49,9,0.50,0.9844635106652385
49,9,0.55,0.984162476492321
49,9,0.60,0.9811051618914253
49,9,0.65,0.955871359902443
49,9,0.70,0.990010343574555
49,9,0.75,0.9826374546861301
49,9,0.80,0.9891022337683518
49,9,0.85,0.9952953997382861
49,9,0.90,0.9925104749492574
49,9,0.95,0.9960665149358106
50,0,0.05,0.6255587352958591
50,0,0.10,0.4200105715614558
50,0,0.15,0.9181542005245349
50,0,0.20,0.8562469343896546
50,0,0.25,0.9359120118314357
50,0,0.30,0.9297352215336058
50,0,0.35,0.9496184204393507
50,0,0.40,0.9317011977099061
50,0,0.45,0.9321945379561443
50,0,0.50,0.9505829882252224
50,0,0.55,0.9710427078177465
50,0,0.60,0.9718060575943835
50,0,0.65,0.979621774549234
50,0,0.70,0.9924555245055728
50,0,0.75,0.9932032145157215
50,0,0.80,0.9883240412495329
50,0,0.85,0.9932768718123879
50,0,0.90,0.9973709775270785
50,0,0.95,0.9894025145030005
50,1,0.05,0.797458985964363
50,1,0.10,0.6045246499396173
50,1,0.15,0.888855063209889
50,1,0.20,0.8672525725549318
50,1,0.25,0.9611317306802105
50,1,0.30,0.96119943293304
50,1,0.35,0.9611439295741925
50,1,0.40,0.9371484897005218
50,1,0.45,0.9836867140383452
50,1,0.50,0.9765403723829577
50,1,0.55,0.9773984476876494
50,1,0.60,0.9748975463499331
50,1,0.65,0.9796201641670444
50,1,0.70,0.9738592252420076
50,1,0.75,0.9569942232134642
50,1,0.80,0.9884411404927456
50,1,0.85,0.9893643743276745
50,1,0.90,0.9904671990730015
50,1,0.95,0.9935822052173585
50,2,0.05,0.33715142628225925
50,2,0.10,0.509004728175716
50,2,0.15,0.7289286641195256
50,2,0.20,0.8770712720954901
50,2,0.25,0.9576767451008701
50,2,0.30,0.9301310541688472
50,2,0.35,0.9254996126373316
50,2,0.40,0.9717944184187263
50,2,0.45,0.9676251387490262
50,2,0.50,0.8837792893783362
50,2,0.55,0.9750533230383702
50,2,0.60,0.9815012418440767
50,2,0.65,0.9345263490716061
50,2,0.70,0.9867183010420729
50,2,0.75,0.9943181091462232
50,2,0.80,0.9937464550618054
50,2,0.85,0.9929413343887851
50,2,0.90,0.9956759562191971
50,2,0.95,0.9897336474535837
50,3,0.05,0.18476278228220944
50,3,0.10,0.6480427304348408
50,3,0.15,0.8719953784215686
50,3,0.20,0.9376557182121735
50,3,0.25,0.8708675316352453
50,3,0.30,0.9169709221440745
50,3,0.35,0.9609304678928307
50,3,0.40,0.9565105071552
50,3,0.45,0.9757693334549837
50,3,0.50,0.9508330541407819
50,3,0.55,0.9808066306207527
50,3,0.60,0.9685850918057748
50,3,0.65,0.9740992174034614
50,3,0.70,0.9599756975694316
50,3,0.75,0.9922134536231055
50,3,0.80,0.9924417545344303
50,3,0.85,0.9951550011514765
50,3,0.90,0.992712348348978
50,3,0.95,0.9951921731794583
50,4,0.05,0.7529000454092709
50,4,0.10,0.6535514362261824
50,4,0.15,0.7483314484453453
50,4,0.20,0.8297959313903152
50,4,0.25,0.9215398831136177
50,4,0.30,0.9491807060306037
50,4,0.35,0.931272616844994
50,4,0.40,0.9696287255573434
50,4,0.45,0.9620926972298903
50,4,0.50,0.9697069892882721
50,4,0.55,0.9634795946507694
50,4,0.60,0.9906834213012587
50,4,0.65,0.9694217856898906
50,4,0.70,0.9908545798165417
50,4,0.75,0.9933490870938946
50,4,0.80,0.9945042874016962
50,4,0.85,0.9946699595472415
50,4,0.90,0.9947790315906452
50,4,0.95,0.9945950961608775
50,5,0.05,0.7992164091683881
50,5,0.10,0.7798930291145999
50,5,0.15,0.7209221020579133
50,5,0.20,0.8453337606623644
50,5,0.25,0.5409424261417303
50,5,0.30,0.909290442913711
50,5,0.35,0.9832031810207714
50,5,0.40,0.945698367800465
50,5,0.45,0.9668439272408246
50,5,0.50,0.9474584353857946
50,5,0.55,0.9112505862310786
50,5,0.60,0.9253067757426543
50,5,0.65,0.9432424458421292
50,5,0.70,0.9795748267779733
50,5,0.75,0.9857449065045825
50,5,0.80,0.9909345380117135
50,5,0.85,0.9947570913996573
50,5,0.90,0.9901468145024748
50,5,0.95,0.9935131871592381
50,6,0.05,0.8157226877488765
50,6,0.10,0.4040325941453333
50,6,0.15,0.8474200028277294
50,6,0.20,0.8308754867413677
50,6,0.25,0.8300841782098795
50,6,0.30,0.9118537657415687
50,6,0.35,0.9422779284406543
50,6,0.40,0.9518945447393511
50,6,0.45,0.9680271263271799
50,6,0.50,0.9493203418148931
50,6,0.55,0.9784052675298596
50,6,0.60,0.970911173925824
50,6,0.65,0.9815785591469592
50,6,0.70,0.9893223441241055
50,6,0.75,0.9949895234905365
50,6,0.80,0.9936100796086035
50,6,0.85,0.9885970646262802
50,6,0.90,0.9922969051061014
50,6,0.95,0.9962719095861793
50,7,0.05,-0.49155359972713164
50,7,0.10,0.8019202174495493
50,7,0.15,0.7875635664365981
50,7,0.20,0.9297829999043349
50,7,0.25,0.8549309680850118
50,7,0.30,0.9642882128313514
50,7,0.35,0.880347540998379
50,7,0.40,0.9470255851853188
50,7,0.45,0.9382705810870792
50,7,0.50,0.9588249185011606
50,7,0.55,0.8633645598914909
50,7,0.60,0.9790179620774709
50,7,0.65,0.970961207127901
50,7,0.70,0.987730288829418
50,7,0.75,0.991720827937865
50,7,0.80,0.9865757412100691
50,7,0.85,0.9951174378589764
50,7,0.90,0.9939195240744823
50,7,0.95,0.9967381506671058
50,8,0.05,0.49120261609218696
50,8,0.10,0.6794586736374634
50,8,0.15,0.8245841600785617
50,8,0.20,0.8010426774402782
50,8,0.25,0.8052454944161522
50,8,0.30,0.9214923521123319
50,8,0.35,0.8804528741859987
50,8,0.40,0.963323931023693
50,8,0.45,0.9591573777084614
50,8,0.50,0.9302336568762145
50,8,0.55,0.9565543084908984
50,8,0.60,0.9807543619155756
50,8,0.65,0.9699541928402878
50,8,0.70,0.990269752461883
50,8,0.75,0.98372828112515
50,8,0.80,0.9840450194735342
50,8,0.85,0.9915683591420573
50,8,0.90,0.9861937670888902
50,8,0.95,0.9947821052802139
50,9,0.05,0.8275422342658698
50,9,0.10,0.6143000529798898
50,9,0.15,0.09733146654313918
50,9,0.20,0.8959146049259459
50,9,0.25,0.9315256121276164
50,9,0.30,0.9650572331519325
50,9,0.35,0.8917182536272468
50,9,0.40,0.9677275704880259
50,9,0.45,0.9347174002329337
50,9,0.50,0.9776572245255866
50,9,0.55,0.9633710436213095
50,9,0.60,0.97248781365827
50,9,0.65,0.9746221750875945
50,9,0.70,0.9761706347918014
50,9,0.75,0.9829171977357297
50,9,0.80,0.993829447283393
50,9,0.85,0.987315492150971
50,9,0.90,0.9958724349676246
50,9,0.95,0.9966034595671073
51,0,0.05,0.18822320027779527
51,0,0.10,0.8401273401508411
51,0,0.15,0.9340661692958805
51,0,0.20,0.8256315006628349
51,0,0.25,0.8063736672432749
51,0,0.30,0.9181938067394722
51,0,0.35,0.9129974776798192
51,0,0.40,0.8555237137904173
51,0,0.45,0.9669957742453431
51,0,0.50,0.9865209445435047
51,0,0.55,0.983735561174013
51,0,0.60,0.9781902344489862
51,0,0.65,0.9815738241077516
51,0,0.70,0.9705799021729338
51,0,0.75,0.9684743307705764
51,0,0.80,0.9934249513346219
51,0,0.85,0.9931398961016664
51,0,0.90,0.9884568130848287
51,0,0.95,0.9981985062633003
51,1,0.05,0.9403440713846221
51,1,0.10,0.8007805517196632
51,1,0.15,0.8510229834510017
51,1,0.20,0.8987087928887009
51,1,0.25,0.941346153888361
51,1,0.30,0.9286523025831478
51,1,0.35,0.9543395745111675
51,1,0.40,0.9675271684240512
51,1,0.45,0.9755553456877913
51,1,0.50,0.9700909074230156
51,1,0.55,0.9735764969947858
51,1,0.60,0.9761828529754548
51,1,0.65,0.9538439209644878
51,1,0.70,0.9875767741688858
51,1,0.75,0.982459665984923
51,1,0.80,0.9746377836546548
51,1,0.85,0.9917658968492401
51,1,0.90,0.9927651739239871
51,1,0.95,0.9952961458542835
51,2,0.05,0.8536290202442399
51,2,0.10,0.8885420005633247
51,2,0.15,0.9297704289157326
51,2,0.20,0.6916807290917231
51,2,0.25,0.6840019416216794
51,2,0.30,0.7036460686380042
51,2,0.35,0.9600242790321891
51,2,0.40,0.940723221013773
51,2,0.45,0.9301313379252912
51,2,0.50,0.976943531585271
51,2,0.55,0.980407627284714
51,2,0.60,0.9878938110227327
51,2,0.65,0.9888421878698628
51,2,0.70,0.9918202346334534
51,2,0.75,0.9828752152511235
51,2,0.80,0.9875074206228359
51,2,0.85,0.9962121253340644
51,2,0.90,0.9893935287106657
51,2,0.95,0.99358729794252
51,3,0.05,0.9407662702655353
51,3,0.10,0.8220991967796876
51,3,0.15,0.9185042364453498
51,3,0.20,0.3806128698967455
51,3,0.25,0.8252329799670292
51,3,0.30,0.8775341471228084
51,3,0.35,0.9534885606125696
51,3,0.40,0.9493820339442745
51,3,0.45,0.9389244503831798
51,3,0.50,0.9715294040000668
51,3,0.55,0.9852774308081438
51,3,0.60,0.9810604549738131
51,3,0.65,0.9894959978907177
51,3,0.70,0.9827878817135124
51,3,0.75,0.9927529877105173
51,3,0.80,0.9898423717157611
51,3,0.85,0.9897885842942173
51,3,0.90,0.9904215031561537
51,3,0.95,0.9943485874474005
51,4,0.05,0.9113325621004467
51,4,0.10,0.7820611777768758
51,4,0.15,0.9625641044352146
51,4,0.20,0.7106146885598603
51,4,0.25,0.9151828385215859
51,4,0.30,0.918588454973275
51,4,0.35,0.9785129749964753
51,4,0.40,0.9562526956297395
51,4,0.45,0.9754204535200646
51,4,0.50,0.9888449961374357
51,4,0.55,0.970553931988513
51,4,0.60,0.9757972484365474
51,4,0.65,0.9663953747931686
51,4,0.70,0.9920898934639221
51,4,0.75,0.9920812617294101
51,4,0.80,0.9951942893824373
51,4,0.85,0.991924064349251
51,4,0.90,0.9939400005819905
51,4,0.95,0.9846720857600876
51,5,0.05,0.232292286238046
51,5,0.10,0.8367968214364743
51,5,0.15,0.8854454233071933
51,5,0.20,0.9329270253035525
51,5,0.25,0.9640690134860512
51,5,0.30,0.8533869954141804
51,5,0.35,0.9383488164295349
51,5,0.40,0.9425305575204799
51,5,0.45,0.9375660547695261
51,5,0.50,0.9301974660304135
51,5,0.55,0.9847964184973211
51,5,0.60,0.9698978595351463
51,5,0.65,0.9879129836743951
51,5,0.70,0.9891117675027518
51,5,0.75,0.9824383468590903
51,5,0.80,0.9813221234453919
51,5,0.85,0.9937978397682485
51,5,0.90,0.9936428099865037
51,5,0.95,0.9914127422112277
51,6,0.05,-1.103265361403258
51,6,0.10,0.8174124382049869
51,6,0.15,0.8623697731474452
51,6,0.20,0.672708092597734
51,6,0.25,0.9022118317209269
51,6,0.30,0.8925994010715765
51,6,0.35,0.971494595842127
51,6,0.40,0.9671118850125446
51,6,0.45,0.9486896695184892
51,6,0.50,0.98626980069731
51,6,0.55,0.9898215491045228
51,6,0.60,0.9918191457309029
51,6,0.65,0.9770645449770905
51,6,0.70,0.9821652228140765
51,6,0.75,0.9920696704708066
51,6,0.80,0.9936417481034854
51,6,0.85,0.9961218539476706
51,6,0.90,0.9894960248974481
51,6,0.95,0.9951862626296607
51,7,0.05,0.7324264162028185
51,7,0.10,0.8419908072751935
51,7,0.15,0.8985707863640514
51,7,0.20,0.9109485000361064
51,7,0.25,0.9189149633375614
51,7,0.30,0.9014609187687892
51,7,0.35,0.8220550031603806
51,7,0.40,0.9169905291375603
51,7,0.45,0.9459560777317052
51,7,0.50,0.9547619290102255
51,7,0.55,0.9730768906085915
51,7,0.60,0.9905548638441329
51,7,0.65,0.9840228338166024
51,7,0.70,0.9901248916907784
51,7,0.75,0.9874886844360184
51,7,0.80,0.982336533298933
51,7,0.85,0.9836658806805713
51,7,0.90,0.9943236494413791
51,7,0.95,0.9954350780817375
51,8,0.05,0.342676933322431
51,8,0.10,0.7775568597842769
51,8,0.15,0.9356962447350812
51,8,0.20,0.6037055164582641
51,8,0.25,0.7181151055580326
51,8,0.30,0.9030986496918872
51,8,0.35,0.9509360752484152
51,8,0.40,0.9418990242960399
51,8,0.45,0.876362742804228
51,8,0.50,0.991300066095836
51,8,0.55,0.9620256138918751
51,8,0.60,0.9852601648513886
51,8,0.65,0.9882763892742844
51,8,0.70,0.9940375720330887
51,8,0.75,0.9888875146704086
51,8,0.80,0.9956999778790103
51,8,0.85,0.992753850423084
51,8,0.90,0.9896249399089108
51,8,0.95,0.9915199727334428
51,9,0.05,0.928832770713702
51,9,0.10,0.8815107683113352
51,9,0.15,0.6551539524213507
51,9,0.20,0.7191718961007242
51,9,0.25,0.814992685139879
51,9,0.30,0.8869385395871678
51,9,0.35,0.8743041469619433
51,9,0.40,0.9468343225074536
51,9,0.45,0.9412222214736058
51,9,0.50,0.9659301619358662
51,9,0.55,0.9835780059499311
51,9,0.60,0.9870846858868882
51,9,0.65,0.9860584606793195
51,9,0.70,0.9828508834865891
51,9,0.75,0.9839714681089027
51,9,0.80,0.9916259102063099
51,9,0.85,0.9926849007251773
51,9,0.90,0.9874277266342254
51,9,0.95,0.9890417518229638
52,0,0.05,-0.8238607357896293
52,0,0.10,0.6685947158568846
52,0,0.15,0.7201275130392559
52,0,0.20,0.8262941866780775
52,0,0.25,0.8883931427572082
52,0,0.30,0.8205276361686932
52,0,0.35,0.946998477356511
52,0,0.40,0.9114778597735848
52,0,0.45,0.972875407739448
52,0,0.50,0.9733296686426368
52,0,0.55,0.9605954614669696
52,0,0.60,0.9744755543290629
52,0,0.65,0.984601532290615
52,0,0.70,0.9697656466202449
52,0,0.75,0.9788808344271206
52,0,0.80,0.996419683869606
52,0,0.85,0.9931364028396165
52,0,0.90,0.9823332633949652
52,0,0.95,0.9866768735095643
52,1,0.05,0.5865200658167786
52,1,0.10,0.6869016885087218
52,1,0.15,0.8583591127460215
52,1,0.20,0.9310806019097412
52,1,0.25,0.7791244972590418
52,1,0.30,0.954664094504475
52,1,0.35,0.945540097132395
52,1,0.40,0.8831016457111228
52,1,0.45,0.9658974325829394
52,1,0.50,0.8828531726791919
52,1,0.55,0.9586093462121613
52,1,0.60,0.9625580116570839
52,1,0.65,0.9894000181345833
52,1,0.70,0.9886688778397282
52,1,0.75,0.9938250567236188
52,1,0.80,0.9890088411437441
52,1,0.85,0.9935479827376912
52,1,0.90,0.9964454177760517
52,1,0.95,0.9894795801796297
52,2,0.05,0.2485410178664338
52,2,0.10,0.8019341777693122
52,2,0.15,0.9117353147231881
52,2,0.20,0.9652064780618784
52,2,0.25,0.8773534227808578
52,2,0.30,0.7023672948027786
52,2,0.35,0.804256711494763
52,2,0.40,0.9648466838899965
52,2,0.45,0.9245178854981306
52,2,0.50,0.9850516803961732
52,2,0.55,0.9915043396042372
52,2,0.60,0.9909442618178262
52,2,0.65,0.9756016260317525
52,2,0.70,0.9829894226345063
52,2,0.75,0.9854318332386269
52,2,0.80,0.987284265289805
52,2,0.85,0.97694473048085
52,2,0.90,0.9926745661042751
52,2,0.95,0.9942815573043469
52,3,0.05,0.444084226807932
52,3,0.10,0.7053796152169958
52,3,0.15,0.8265864794024066
52,3,0.20,0.7965303061240824
52,3,0.25,0.7150468321198353
52,3,0.30,0.9290516253658141
52,3,0.35,0.9784489169661561
52,3,0.40,0.9575193101517541
52,3,0.45,0.9607682650195118
52,3,0.50,0.9520144780165549
52,3,0.55,0.9322714755782364
52,3,0.60,0.9854390237529638
52,3,0.65,0.9859614157804285
52,3,0.70,0.9720311167992328
52,3,0.75,0.9507158286387859
52,3,0.80,0.9925255034244794
52,3,0.85,0.9935041899202659
52,3,0.90,0.9959166627653734
52,3,0.95,0.9936234586076869
52,4,0.05,0.6858517347885491
52,4,0.10,0.2829405763956774
52,4,0.15,0.710358184002641
52,4,0.20,0.8159893496401578
52,4,0.25,0.8448921819261189
52,4,0.30,0.9443689331320705
52,4,0.35,0.9507341664654734
52,4,0.40,0.9197528353508606
52,4,0.45,0.9707959715244467
52,4,0.50,0.9512888537040229
52,4,0.55,0.9368585827848308
52,4,0.60,0.9460511592225014
52,4,0.65,0.9917118694001671
52,4,0.70,0.9940887044588492
52,4,0.75,0.985751635462745
52,4,0.80,0.9937249615942634
52,4,0.85,0.9946566734448978
52,4,0.90,0.9919456930185802
52,4,0.95,0.9920305478834903
52,5,0.05,0.011909100356115143
52,5,0.10,0.79422835129891
52,5,0.15,0.797105157514312
52,5,0.20,0.8994053500390398
52,5,0.25,0.9685981810613324
52,5,0.30,0.9086131321507788
52,5,0.35,0.8778509359161971
52,5,0.40,0.9532378129719731
52,5,0.45,0.9775195321985307
52,5,0.50,0.9189093945888721
52,5,0.55,0.9663223597975772
52,5,0.60,0.9853271405734967
52,5,0.65,0.9688642869491825
52,5,0.70,0.9891431945827096
52,5,0.75,0.9739566259402351
52,5,0.80,0.9833455605865726
52,5,0.85,0.993235811631224
52,5,0.90,0.9931795088288223
52,5,0.95,0.9901821497588222
52,6,0.05,0.8862950894672555
52,6,0.10,0.6911662913575151
52,6,0.15,0.6599936684780008
52,6,0.20,0.8970820565574898
52,6,0.25,0.9204363950622543
52,6,0.30,0.9585092110043743
52,6,0.35,0.9676710821500236
52,6,0.40,0.9565692295127366
52,6,0.45,0.9620380649156834
52,6,0.50,0.9574315515715752
52,6,0.55,0.9740380256767037
52,6,0.60,0.9839612486060578
52,6,0.65,0.9765710069956363
52,6,0.70,0.9872759172377307
52,6,0.75,0.988150402446582
52,6,0.80,0.9914486175135595
52,6,0.85,0.993991021821097
52,6,0.90,0.9947056207367766
52,6,0.95,0.9975001054273722
52,7,0.05,0.2821044387318147
52,7,0.10,0.5082597489348052
52,7,0.15,0.9370170194592853
52,7,0.20,0.9500716946517563
52,7,0.25,0.9545996677536409
52,7,0.30,0.9623130956961832
52,7,0.35,0.9740018144690681
52,7,0.40,0.9836899661695605
52,7,0.45,0.9492081749416528
52,7,0.50,0.9690381049190698
52,7,0.55,0.9846071638910688
52,7,0.60,0.9774284555900602
52,7,0.65,0.9585839891528173
52,7,0.70,0.9879623911364632
52,7,0.75,0.9945927699963772
52,7,0.80,0.9908017072000357
52,7,0.85,0.9924933170864089
52,7,0.90,0.9936690123359162
52,7,0.95,0.9946374171195502
52,8,0.05,0.5140562987467157
52,8,0.10,0.4336200576246464
52,8,0.15,0.769423814538224
52,8,0.20,0.7791813707509453
52,8,0.25,0.763245453243452
52,8,0.30,0.7971487481204577
52,8,0.35,0.9625349735802204
52,8,0.40,0.9774550981535755
52,8,0.45,0.9435911295208155
52,8,0.50,0.951497869455481
52,8,0.55,0.9751786356170776
52,8,0.60,0.974699416022049
52,8,0.65,0.9833205480049939
52,8,0.70,0.991021845656452
52,8,0.75,0.9879207617486
52,8,0.80,0.992107235196604
52,8,0.85,0.9907586987684865
52,8,0.90,0.9921599540173364
52,8,0.95,0.9873916017405793
52,9,0.05,0.37229503805784925
52,9,0.10,0.8513734348979314
52,9,0.15,0.6501733744559575
52,9,0.20,0.7024012367839902
52,9,0.25,0.9584432650908046
52,9,0.30,0.9631228767614125
52,9,0.35,0.97095878014437
52,9,0.40,0.9676120518010535
52,9,0.45,0.9610213389564827
52,9,0.50,0.9822825724603063
52,9,0.55,0.9445856767548808
52,9,0.60,0.9662170022903788
52,9,0.65,0.9792565979933145
52,9,0.70,0.9869018586732047
52,9,0.75,0.9786441895289438
52,9,0.80,0.9855721019576584
52,9,0.85,0.9524065315664872
52,9,0.90,0.9963566951065113
52,9,0.95,0.9953415210467149
53,0,0.05,0.7304480680533565
53,0,0.10,0.8080256409251247
53,0,0.15,0.8258597518786363
53,0,0.20,0.7687783194991675
53,0,0.25,0.8709766089091913
53,0,0.30,0.96569801198312
53,0,0.35,0.9361403550043408
53,0,0.40,0.9373209364240003
53,0,0.45,0.932602151751848
53,0,0.50,0.973764224751348
53,0,0.55,0.9907295384136839
53,0,0.60,0.9818111412463117
53,0,0.65,0.9907262117370388
53,0,0.70,0.9869491881795713
53,0,0.75,0.984620786894108
53,0,0.80,0.9814838120575236
53,0,0.85,0.9930978040080567
53,0,0.90,0.9906495938470713
53,0,0.95,0.9961845204928089
53,1,0.05,0.8857046136778267
53,1,0.10,0.8344420177280523
53,1,0.15,0.7266664423043316
53,1,0.20,0.7767899538827558
53,1,0.25,0.8654163858166198
53,1,0.30,0.9692500382802595
53,1,0.35,0.9522468291513336
53,1,0.40,0.9302800459246239
53,1,0.45,0.941057590988433
53,1,0.50,0.9869925585517466
53,1,0.55,0.9252539487788204
53,1,0.60,0.9709066880486479
53,1,0.65,0.9740844744068426
53,1,0.70,0.972887802368442
53,1,0.75,0.9827237193760043
53,1,0.80,0.9846704788494993
53,1,0.85,0.9945928657970513
53,1,0.90,0.9927374072592344
53,1,0.95,0.9942377634553716
53,2,0.05,0.38509273765234486
53,2,0.10,0.7283023398890187
53,2,0.15,0.15280283625379842
53,2,0.20,0.6776784506608856
53,2,0.25,0.9137401250169945
53,2,0.30,0.882126601025579
53,2,0.35,0.9184999634162224
53,2,0.40,0.9374769744402559
53,2,0.45,0.9703587408805469
53,2,0.50,0.96079715914202
53,2,0.55,0.9670552974070193
53,2,0.60,0.9793775669461852
53,2,0.65,0.9804746066202539
53,2,0.70,0.99013039405507
53,2,0.75,0.9948305033258747
53,2,0.80,0.9891192526366948
53,2,0.85,0.9881258282384536
53,2,0.90,0.9940990441182899
53,2,0.95,0.9931825050112267
53,3,0.05,0.8507674854952767
53,3,0.10,0.6469824117869387
53,3,0.15,0.8092933365978067
53,3,0.20,0.8010659120876611
53,3,0.25,0.8134496414708776
53,3,0.30,0.7911953303139707
53,3,0.35,0.9481643971829237
53,3,0.40,0.9438795011368338
53,3,0.45,0.982643476456654
53,3,0.50,0.9614957687974394
53,3,0.55,0.9725857186665299
53,3,0.60,0.9498032927979496
53,3,0.65,0.9566255206627943
53,3,0.70,0.9824173754969504
53,3,0.75,0.9824004006305885
53,3,0.80,0.9867458857382211
53,3,0.85,0.9936702606372192
53,3,0.90,0.9812115635555815
53,3,0.95,0.9952180405742997
53,4,0.05,0.32927482313525436
53,4,0.10,0.8716675942128397
53,4,0.15,0.8933036462964884
53,4,0.20,0.8017724995202538
53,4,0.25,0.8247882467421562
53,4,0.30,0.902872993659537
53,4,0.35,0.9426692412897791
53,4,0.40,0.9681064172278353
53,4,0.45,0.9787627976804356
53,4,0.50,0.9541176915007759
53,4,0.55,0.944182088086116
53,4,0.60,0.9780541841555859
53,4,0.65,0.9648952757687439
53,4,0.70,0.9910366461445467
53,4,0.75,0.989199569037167
53,4,0.80,0.9891224447691257
53,4,0.85,0.9771572535857809
53,4,0.90,0.9943149361692615
53,4,0.95,0.9954808911788371
53,5,0.05,0.02093397920243456
53,5,0.10,0.6188631041875867
53,5,0.15,0.740959903387802
53,5,0.20,0.503912172017968
53,5,0.25,0.9030476725745128
53,5,0.30,0.8945168838467374
53,5,0.35,0.9349601851790674
53,5,0.40,0.8786482392733335
53,5,0.45,0.9441935564654094
53,5,0.50,0.97631539516827
53,5,0.55,0.9773907849391135
53,5,0.60,0.9886749271655798
53,5,0.65,0.9760797028143088
53,5,0.70,0.9863685824168885
53,5,0.75,0.9720048747440279
53,5,0.80,0.9893712875252975
53,5,0.85,0.9898113600054604
53,5,0.90,0.9964704757024437
53,5,0.95,0.9764292837128248
53,6,0.05,0.924242050328085
53,6,0.10,0.7108165569201182
53,6,0.15,0.6103893400091753
53,6,0.20,0.6475634611057905
53,6,0.25,0.8693590485385361
53,6,0.30,0.8539166435907981
53,6,0.35,0.8208939906213252
53,6,0.40,0.9427823084312212
53,6,0.45,0.9383413609467971
53,6,0.50,0.9339192020046986
53,6,0.55,0.9773442941113379
53,6,0.60,0.9471225768588948
53,6,0.65,0.9798195425326167
53,6,0.70,0.9530863098746132
53,6,0.75,0.9761082202363354
53,6,0.80,0.9923354995331732
53,6,0.85,0.9937256354496101
53,6,0.90,0.9942562364951966
53,6,0.95,0.9938547471611164
53,7,0.05,-0.6630298843236364
53,7,0.10,0.6109888217119867
53,7,0.15,0.5659981857953497
53,7,0.20,0.8685607356069978
53,7,0.25,0.8614479134647357
53,7,0.30,0.9485946169649804
53,7,0.35,0.9669641425050229
53,7,0.40,0.8928997702817499
53,7,0.45,0.9316367457742314
53,7,0.50,0.9652136667892309
53,7,0.55,0.9641253645310627
53,7,0.60,0.9563187935175372
53,7,0.65,0.9757476692095002
53,7,0.70,0.9895336070742842
53,7,0.75,0.9879657833794018
53,7,0.80,0.9897830031992685
53,7,0.85,0.9875329149173405
53,7,0.90,0.9821248625386685
53,7,0.95,0.9949193862590471
53,8,0.05,0.8268599091304482
53,8,0.10,0.8195230548657785
53,8,0.15,0.6283443229728825
53,8,0.20,0.7984036627955127
53,8,0.25,0.8245180823041109
53,8,0.30,0.8963695337312203
53,8,0.35,0.842675540722957
53,8,0.40,0.9747357377393792
53,8,0.45,0.9595051364135814
53,8,0.50,0.9696535855274325
53,8,0.55,0.9594876159600357
53,8,0.60,0.9946034576692239
53,8,0.65,0.97107794186588
53,8,0.70,0.9954306231023874
53,8,0.75,0.9769368782599223
53,8,0.80,0.9883581944663709
53,8,0.85,0.9806842403528087
53,8,0.90,0.9965706114345375
53,8,0.95,0.9957589118141272
53,9,0.05,0.16869312741049702
53,9,0.10,0.4298698343729872
53,9,0.15,0.8459171591659003
53,9,0.20,0.48201857680317306
53,9,0.25,0.9379129754386589
53,9,0.30,0.8838534108115966
53,9,0.35,0.9344707890326588
53,9,0.40,0.9450831778456349
53,9,0.45,0.9418693414079323
53,9,0.50,0.9588504317832292
53,9,0.55,0.9770085837524628
53,9,0.60,0.9897141657730071
53,9,0.65,0.9728529740484732
53,9,0.70,0.9743667141079853
53,9,0.75,0.9945900407375412
53,9,0.80,0.986504103603288
53,9,0.85,0.9822888736210674
53,9,0.90,0.9951233263368559
53,9,0.95,0.9861010859340579
54,0,0.05,0.5527771432708585
54,0,0.10,0.6547889259061437
54,0,0.15,0.9289650982602575
54,0,0.20,0.7112104239312131
54,0,0.25,0.9141898485446318
54,0,0.30,0.8459302898783766
54,0,0.35,0.9635469443187539
54,0,0.40,0.9134139419757632
54,0,0.45,0.8942438087302652
54,0,0.50,0.9538389156235656
54,0,0.55,0.9917093953080555
54,0,0.60,0.9845220477941912
54,0,0.65,0.9494944234152126
54,0,0.70,0.9791682440346788
54,0,0.75,0.9892803774467887
54,0,0.80,0.9945136863719817
54,0,0.85,0.9912288141136137
54,0,0.90,0.9969351023099945
54,0,0.95,0.9931887415554491
54,1,0.05,0.3298545422719137
54,1,0.10,0.8277502269119374
54,1,0.15,0.9150599931651406
54,1,0.20,0.7545616856486512
54,1,0.25,0.810367573194505
54,1,0.30,0.8611306595933615
54,1,0.35,0.9794137804595396
54,1,0.40,0.9005938593486759
54,1,0.45,0.9812964332771382
54,1,0.50,0.9210002724611784
54,1,0.55,0.9692023274891222
54,1,0.60,0.9690585571434402
54,1,0.65,0.9865225425610975
54,1,0.70,0.9794540148318694
54,1,0.75,0.9731562746420062
54,1,0.80,0.9925942062958732
54,1,0.85,0.9920637645530449
54,1,0.90,0.9816296610509687
54,1,0.95,0.9906180237550233
54,2,0.05,-0.11185346544918384
54,2,0.10,0.43666769797164473
54,2,0.15,0.9030112305742451
54,2,0.20,0.8597522768684501
54,2,0.25,0.8849349654595893
54,2,0.30,0.9079607254021381
54,2,0.35,0.9107966480774342
54,2,0.40,0.9705229465430638
54,2,0.45,0.9079398484674684
54,2,0.50,0.9499425820523413
54,2,0.55,0.9665492134305598
54,2,0.60,0.9593927629494953
54,2,0.65,0.9838334387164351
54,2,0.70,0.9899074992247925
54,2,0.75,0.9897057464138161
54,2,0.80,0.9930954141673115
54,2,0.85,0.9903310145443054
54,2,0.90,0.9949291714888352
54,2,0.95,0.9955721547574932
54,3,0.05,0.10010105140847925
54,3,0.10,0.5393554083503891
54,3,0.15,0.7102886465375531
54,3,0.20,0.8584273410446761
54,3,0.25,0.9384660844581958
54,3,0.30,0.87194088047275
54,3,0.35,0.8127276053625506
54,3,0.40,0.8776959391006942
54,3,0.45,0.8975278743155003
54,3,0.50,0.9730870157450107
54,3,0.55,0.9678011678710878
54,3,0.60,0.9376902618460746
54,3,0.65,0.9746617514575492
54,3,0.70,0.9804758221940089
54,3,0.75,0.9794955224851342
54,3,0.80,0.99043945667703
54,3,0.85,0.9924622354479743
54,3,0.90,0.9930776549820326
54,3,0.95,0.9938217600163768
54,4,0.05,0.00197187319220804
54,4,0.10,0.42886148664320456
54,4,0.15,0.761564958246647
54,4,0.20,0.4393967798582178
54,4,0.25,0.8486719245796328
54,4,0.30,0.9102784673347314
54,4,0.35,0.9422519725124086
54,4,0.40,0.9557018082074674
54,4,0.45,0.9656166190981254
54,4,0.50,0.9889330155889119
54,4,0.55,0.9783213547629617
54,4,0.60,0.9550555800664237
54,4,0.65,0.9417218019528125
54,4,0.70,0.9747058138562701
54,4,0.75,0.9847029256854462
54,4,0.80,0.9851701053392775
54,4,0.85,0.97977628132982
54,4,0.90,0.9758475873056519
54,4,0.95,0.9945471754476016
54,5,0.05,-0.059745564395238926
54,5,0.10,0.7616148849111479
54,5,0.15,0.964449237047548
54,5,0.20,0.8318671727719041
54,5,0.25,0.862246260094359
54,5,0.30,0.8910993428721785
54,5,0.35,0.8916771574953496
54,5,0.40,0.9541682015152994
54,5,0.45,0.9487282559151389
54,5,0.50,0.9716891085605754
54,5,0.55,0.9858310703341294
54,5,0.60,0.9540612157153873
54,5,0.65,0.9763697588671029
54,5,0.70,0.9850031529567904
54,5,0.75,0.9903403826616443
54,5,0.80,0.9954107380281844
54,5,0.85,0.9944682670954608
54,5,0.90,0.9936266431144961
54,5,0.95,0.997170297610651
54,6,0.05,-0.039957565069793644
54,6,0.10,0.8209062389497556
54,6,0.15,0.6326338356191256
54,6,0.20,0.9533112233096469
54,6,0.25,0.9693206434200901
54,6,0.30,0.9378126231880287
54,6,0.35,0.9759761012638293
54,6,0.40,0.9206386904769834
54,6,0.45,0.9135391431448455
54,6,0.50,0.9748175918353886
54,6,0.55,0.9464089184428139
54,6,0.60,0.9383413588802705
54,6,0.65,0.9857497609896838
54,6,0.70,0.9878122166083834
54,6,0.75,0.9873246201609476
54,6,0.80,0.9914838123557151
54,6,0.85,0.9922366893146178
54,6,0.90,0.9906065961955347
54,6,0.95,0.9925582081623565
54,7,0.05,0.7492635141433088
54,7,0.10,0.8195506519733826
54,7,0.15,0.9354058035229533
54,7,0.20,0.7500442435787359
54,7,0.25,0.9440519940251818
54,7,0.30,0.8770529524016863
54,7,0.35,0.9001986367677492
54,7,0.40,0.9392537143679776
54,7,0.45,0.9384132952936749
54,7,0.50,0.9299891370765923
54,7,0.55,0.9858380605949142
54,7,0.60,0.9702579033348828
54,7,0.65,0.9881487381122864
54,7,0.70,0.9588305980493214
54,7,0.75,0.9752590645206564
54,7,0.80,0.9905448330857989
54,7,0.85,0.9953314501453441
54,7,0.90,0.9973368273780453
54,7,0.95,0.9946149013396007
54,8,0.05,0.6575621502135065
54,8,0.10,0.8766044307658855
54,8,0.15,0.4813779687848849
54,8,0.20,0.5988768448287634
54,8,0.25,0.714237480060095
54,8,0.30,0.873162041496148
54,8,0.35,0.9277817860983282
54,8,0.40,0.8433123817628265
54,8,0.45,0.9545925831445642
54,8,0.50,0.9648989197402889
54,8,0.55,0.9855191410985453
54,8,0.60,0.9529508862096387
54,8,0.65,0.9850991899137681
54,8,0.70,0.9869153578043034
54,8,0.75,0.9883294301217318
54,8,0.80,0.9913899214234374
54,8,0.85,0.9939154936141765
54,8,0.90,0.9946016957036401
54,8,0.95,0.9889037665917892
54,9,0.05,0.25620841654681636
54,9,0.10,0.7723938266773938
54,9,0.15,0.86646775638847
54,9,0.20,0.9486970566932891
54,9,0.25,0.8311287415434347
54,9,0.30,0.8113077859028085
54,9,0.35,0.9658676549467986
54,9,0.40,0.9460662079959707
54,9,0.45,0.980679353375969
54,9,0.50,0.9796877958885434
54,9,0.55,0.9751344181807047
54,9,0.60,0.9453140200448379
54,9,0.65,0.9783871231958899
54,9,0.70,0.9719211657229582
54,9,0.75,0.9874943939615237
54,9,0.80,0.9881998911554885
54,9,0.85,0.9957491901171895
54,9,0.90,0.9915837225279376
54,9,0.95,0.9956035881642802
55,0,0.05,0.6520977907710108
55,0,0.10,0.8544848486189583
55,0,0.15,0.9246704330874295
55,0,0.20,0.9587379054134626
55,0,0.25,0.9525204486716692
55,0,0.30,0.8739775445442833
55,0,0.35,0.9429268205271661
55,0,0.40,0.9391712859126817
55,0,0.45,0.9573423042406554
55,0,0.50,0.9626581231719045
55,0,0.55,0.9750318089584035
55,0,0.60,0.986738569229348
55,0,0.65,0.9854616070922186
55,0,0.70,0.9663436351294742
55,0,0.75,0.9919861656627822
55,0,0.80,0.993276765610274
55,0,0.85,0.9871653426344658
55,0,0.90,0.9971246424062038
55,0,0.95,0.9941273878969559
55,1,0.05,0.8227145852006876
55,1,0.10,0.8261040995950217
55,1,0.15,0.9610265408427717
55,1,0.20,0.879649936179514
55,1,0.25,0.9461835638606444
55,1,0.30,0.9031407640493128
55,1,0.35,0.8908281607438772
55,1,0.40,0.9705219682188266
55,1,0.45,0.9810510722292226
55,1,0.50,0.9715107910712926
55,1,0.55,0.9818728598552412
55,1,0.60,0.9549713637754713
55,1,0.65,0.9863155528606499
55,1,0.70,0.9659467793922581
55,1,0.75,0.979722877211812
55,1,0.80,0.9952387890999913
55,1,0.85,0.9945183191220857
55,1,0.90,0.9851945921672278
55,1,0.95,0.9935977857855234
55,2,0.05,0.9151529967411689
55,2,0.10,0.8970578351835707
55,2,0.15,0.7524744890997823
55,2,0.20,0.904873702363308
55,2,0.25,0.9491974978791069
55,2,0.30,0.8952716895364916
55,2,0.35,0.9309562384285917
55,2,0.40,0.9319259610521528
55,2,0.45,0.9748582005339931
55,2,0.50,0.9061844787067936
55,2,0.55,0.9822805149337928
55,2,0.60,0.9615033471117104
55,2,0.65,0.9910412793989126
55,2,0.70,0.990782955570985
55,2,0.75,0.9885550198984592
55,2,0.80,0.9682129729126401
55,2,0.85,0.9913243254640911
55,2,0.90,0.9924661878363993
55,2,0.95,0.9896026977505905
55,3,0.05,0.7449615748083178
55,3,0.10,0.711422347904346
55,3,0.15,0.9278887255226682
55,3,0.20,0.875044655512515
55,3,0.25,0.8958353036409186
55,3,0.30,0.96577165930704
55,3,0.35,0.9220998023707953
55,3,0.40,0.9634529296379081
55,3,0.45,0.972476087697014
55,3,0.50,0.9864314743371968
55,3,0.55,0.9823086848981855
55,3,0.60,0.9850920938741008
55,3,0.65,0.9837871279038838
55,3,0.70,0.9902995282729332
55,3,0.75,0.9938857015064229
55,3,0.80,0.991748326049946
55,3,0.85,0.993251237169733
55,3,0.90,0.9857808241624065
55,3,0.95,0.9966148958417755
55,4,0.05,0.3039255135521097
55,4,0.10,0.9066947450675478
55,4,0.15,0.9073788900313494
55,4,0.20,0.9074430875560036
55,4,0.25,0.8650169731208666
55,4,0.30,0.9373468919536202
55,4,0.35,0.9460806545969465
55,4,0.40,0.9408655508895254
55,4,0.45,0.9569783244050704
55,4,0.50,0.9372081286925601
55,4,0.55,0.9799493659037113
55,4,0.60,0.9635447507460675
55,4,0.65,0.9814708431019769
55,4,0.70,0.9820097785166859
55,4,0.75,0.992169844552371
55,4,0.80,0.990895343879701
55,4,0.85,0.9939936330122406
55,4,0.90,0.9940677927539615
55,4,0.95,0.990832348413319
55,5,0.05,0.6755103210070157
55,5,0.10,0.8711866353904939
55,5,0.15,0.8307014916568174
55,5,0.20,0.8836575849957241
55,5,0.25,0.892642868645847
55,5,0.30,0.9603205983161125
55,5,0.35,0.9651202151474761
55,5,0.40,0.9717630279663119
55,5,0.45,0.9457361286358084
55,5,0.50,0.969617003106126
55,5,0.55,0.965882498168002
55,5,0.60,0.9831625460722461
55,5,0.65,0.979665853882996
55,5,0.70,0.9904707005693804
55,5,0.75,0.9905894751483112
55,5,0.80,0.9790728253055189
55,5,0.85,0.9910165429571965
55,5,0.90,0.9928259058322645
55,5,0.95,0.9933184482879381
55,6,0.05,0.7171923542180771
55,6,0.10,0.9267311800579191
55,6,0.15,0.8654996552022258
55,6,0.20,0.8846458173514267
55,6,0.25,0.7592462323472793
55,6,0.30,0.9211255152594618
55,6,0.35,0.8406580638126091
55,6,0.40,0.9423952221159128
55,6,0.45,0.9278309349376572
55,6,0.50,0.9221675870133629
55,6,0.55,0.9878366610139523
55,6,0.60,0.9848518546387777
55,6,0.65,0.989301904596884
55,6,0.70,0.9858488232863115
55,6,0.75,0.9915390024713677
55,6,0.80,0.9882564260027706
55,6,0.85,0.9917801544518978
55,6,0.90,0.9944329578969385
55,6,0.95,0.9765823014547104
55,7,0.05,0.8108008207064124
55,7,0.10,0.8299533991509117
55,7,0.15,0.9336117812278928
55,7,0.20,0.9484173997773001
55,7,0.25,0.8790424502616955
55,7,0.30,0.9205424795344572
55,7,0.35,0.9155447207962693
55,7,0.40,0.9788202559538312
55,7,0.45,0.9393313510095834
55,7,0.50,0.9611630870963139
55,7,0.55,0.9848529119289301
55,7,0.60,0.9810912457564774
55,7,0.65,0.9661840767569971
55,7,0.70,0.9912047732548567
55,7,0.75,0.9928760560780613
55,7,0.80,0.9941741502400792
55,7,0.85,0.991918996977756
55,7,0.90,0.9901576543909647
55,7,0.95,0.9976495433945014
55,8,0.05,0.9122423328718046
55,8,0.10,0.7113216019495613
55,8,0.15,0.802220355144752
55,8,0.20,0.9314713169433181
55,8,0.25,0.9298022887840212
55,8,0.30,0.9208796710053081
55,8,0.35,0.8714739975773964
55,8,0.40,0.9278351648339277
55,8,0.45,0.9508214827281539
55,8,0.50,0.8918355623059022
55,8,0.55,0.9429741070085593
55,8,0.60,0.9802467638345487
55,8,0.65,0.9827178618311488
55,8,0.70,0.9910717927461307
55,8,0.75,0.9896394334217545
55,8,0.80,0.9901741065784588
55,8,0.85,0.9799692734110581
55,8,0.90,0.9943594358487298
55,8,0.95,0.9945760095166385
55,9,0.05,0.8357763064322274
55,9,0.10,0.9353106803004423
55,9,0.15,0.9070414257906138
55,9,0.20,0.9308938579031126
55,9,0.25,0.9311670889345596
55,9,0.30,0.9351036510797546
55,9,0.35,0.8287511072015092
55,9,0.40,0.9484085875147595
55,9,0.45,0.9205211192259842
55,9,0.50,0.9639813980803033
55,9,0.55,0.9730941238685691
55,9,0.60,0.9848660443732982
55,9,0.65,0.9872239571132991
55,9,0.70,0.988520983588151
55,9,0.75,0.9868300251773915
55,9,0.80,0.9923799712432896
55,9,0.85,0.9930188696978401
55,9,0.90,0.9930965237829582
55,9,0.95,0.9958439795945647
56,0,0.05,0.8564809575359933
56,0,0.10,0.7195452460283462
56,0,0.15,0.9335395762615686
56,0,0.20,0.7251648377231534
56,0,0.25,0.9234932590307199
56,0,0.30,0.9040952678926553
56,0,0.35,0.9550973291812155
56,0,0.40,0.934950226010126
56,0,0.45,0.9514593001467578
56,0,0.50,0.9661352628544506
56,0,0.55,0.9727444210778156
56,0,0.60,0.9354906500729316
56,0,0.65,0.9789746289255821
56,0,0.70,0.9839283793428454
56,0,0.75,0.9919624159236653
56,0,0.80,0.9831922480600785
56,0,0.85,0.9886007093497652
56,0,0.90,0.9915343105009602
56,0,0.95,0.9941790747252639
56,1,0.05,0.9657430767800449
56,1,0.10,0.650871738650173
56,1,0.15,0.6364631560169474
56,1,0.20,0.7617014415751528
56,1,0.25,0.9089977253457117
56,1,0.30,0.9621718296640663
56,1,0.35,0.9541446318476388
56,1,0.40,0.9723789394756969
56,1,0.45,0.9564508128736038
56,1,0.50,0.9692029935774038
56,1,0.55,0.9528346099718457
56,1,0.60,0.9759310452110973
56,1,0.65,0.9868890058298548
56,1,0.70,0.9878041450751232
56,1,0.75,0.9868481304933082
56,1,0.80,0.9844608636613104
56,1,0.85,0.9951906036210648
56,1,0.90,0.985802731539303
56,1,0.95,0.9819809067830867
56,2,0.05,0.7959466894945653
56,2,0.10,0.8560865728634597
56,2,0.15,0.7217517195293977
56,2,0.20,0.8820847006687951
56,2,0.25,0.9495694541532841
56,2,0.30,0.9089507991990675
56,2,0.35,0.897184724196639
56,2,0.40,0.9334711311132418
56,2,0.45,0.9519861780439667
56,2,0.50,0.9776628400187252
56,2,0.55,0.9742683785310097
56,2,0.60,0.968313411073753
56,2,0.65,0.9676678034503324
56,2,0.70,0.9921621823239664
56,2,0.75,0.9812248488076456
56,2,0.80,0.9816389883803383
56,2,0.85,0.9834458726192549
56,2,0.90,0.987025007347256
56,2,0.95,0.9899787109922433
56,3,0.05,0.9738041554024846
56,3,0.10,0.6324790426341913
56,3,0.15,0.88637648196952
56,3,0.20,0.9443503099135828
56,3,0.25,0.9363067080946108
56,3,0.30,0.7909173817932567
56,3,0.35,0.9328979469725248
56,3,0.40,0.9318366154906987
56,3,0.45,0.9755179712808462
56,3,0.50,0.9731367338679924
56,3,0.55,0.9776824939153445
56,3,0.60,0.9680433779370342
56,3,0.65,0.9745881249822039
56,3,0.70,0.9546735991853261
56,3,0.75,0.9897825213478553
56,3,0.80,0.9905537920623909
56,3,0.85,0.9899531597540359
56,3,0.90,0.9942093920182754
56,3,0.95,0.9950185735112822
56,4,0.05,0.8535149623029022
56,4,0.10,0.819115721301915
56,4,0.15,0.8676680361630004
56,4,0.20,0.8173989555501657
56,4,0.25,0.9130328567040764
56,4,0.30,0.8295226869983479
56,4,0.35,0.9185364810214424
56,4,0.40,0.9625721041829349
56,4,0.45,0.9816879639341898
56,4,0.50,0.9039326358667277
56,4,0.55,0.9633658548686018
56,4,0.60,0.9062347815080601
56,4,0.65,0.9841537802311696
56,4,0.70,0.9680704696493156
56,4,0.75,0.987587310688456
56,4,0.80,0.9912818584359482
56,4,0.85,0.9949987209337565
56,4,0.90,0.9953235242216515
56,4,0.95,0.9963485260885286
56,5,0.05,0.7495866130714839
56,5,0.10,0.6482710660743487
56,5,0.15,0.7745473110939887
56,5,0.20,0.683732424671993
56,5,0.25,0.9321441539261828
56,5,0.30,0.9528021635987509
56,5,0.35,0.9388255150883019
56,5,0.40,0.962343085753795
56,5,0.45,0.953847875324472
56,5,0.50,0.9841575133598987
56,5,0.55,0.9838333641302044
56,5,0.60,0.977714019698088
56,5,0.65,0.9684125355452574
56,5,0.70,0.9912260363398175
56,5,0.75,0.986230064884754
56,5,0.80,0.9676788152351103
56,5,0.85,0.9946089809180432
56,5,0.90,0.9854490162037416
56,5,0.95,0.9957454480237558
56,6,0.05,0.9222264067493217
56,6,0.10,0.8690348981045919
56,6,0.15,0.8446516116211336
56,6,0.20,0.7995494628334554
56,6,0.25,0.7186576482636786
56,6,0.30,0.6307642868675484
56,6,0.35,0.9367441020711472
56,6,0.40,0.9592351905419872
56,6,0.45,0.9630213684924557
56,6,0.50,0.9611227662640108
56,6,0.55,0.9653107252569888
56,6,0.60,0.9740073416322942
56,6,0.65,0.9836763661918284
56,6,0.70,0.9920809922946591
56,6,0.75,0.9814053105335084
56,6,0.80,0.9813665657707396
56,6,0.85,0.9930025736577299
56,6,0.90,0.9915826424058307
56,6,0.95,0.9921670348086765
56,7,0.05,0.8456317130404074
56,7,0.10,0.29066420604935095
56,7,0.15,0.8228352386909499
56,7,0.20,0.9394584908758907
56,7,0.25,0.8453426468872342
56,7,0.30,0.9363965602300137
56,7,0.35,0.9690686218960043
56,7,0.40,0.9761769637945366
56,7,0.45,0.9032643039823478
56,7,0.50,0.9704005045578432
56,7,0.55,0.9702164346525538
56,7,0.60,0.951324574632209
56,7,0.65,0.9847882918964949
56,7,0.70,0.9853805482412736
56,7,0.75,0.991015693299977
56,7,0.80,0.9913034014928167
56,7,0.85,0.9962421776370268
56,7,0.90,0.9894581280907896
56,7,0.95,0.9975240949208022
56,8,0.05,0.7731513622151854
56,8,0.10,0.8447159358189285
56,8,0.15,0.8081023316860052
56,8,0.20,0.9019992341339288
56,8,0.25,0.8449512442136138
56,8,0.30,0.9070865018821186
56,8,0.35,0.8944370026141155
56,8,0.40,0.9395694138749516
56,8,0.45,0.981944888286828
56,8,0.50,0.9790384496775866
56,8,0.55,0.9786838675980033
56,8,0.60,0.971170977336491
56,8,0.65,0.9828121987380035
56,8,0.70,0.9477967672196483
56,8,0.75,0.9947767611355549
56,8,0.80,0.9900748918121716
56,8,0.85,0.9897265551436492
56,8,0.90,0.9930917776867465
56,8,0.95,0.9947252208590344
56,9,0.05,0.5893724444387765
56,9,0.10,0.7769243348117005
56,9,0.15,0.831132024214062
56,9,0.20,0.5078196829011039
56,9,0.25,0.865321012668333
56,9,0.30,0.9187177063444886
56,9,0.35,0.9508385249249748
56,9,0.40,0.9538860392779186
56,9,0.45,0.9698201485649094
56,9,0.50,0.9544512406296998
56,9,0.55,0.9715165597477969
56,9,0.60,0.985439174393714
56,9,0.65,0.9856646494389295
56,9,0.70,0.9883056918761602
56,9,0.75,0.9665516199209773
56,9,0.80,0.9395366787728231
56,9,0.85,0.9806313012996296
56,9,0.90,0.9829839823868359
56,9,0.95,0.9945257683787859
57,0,0.05,0.489105637896043
57,0,0.10,0.8323051923088887
57,0,0.15,0.9525134095639635
57,0,0.20,0.751448023165542
57,0,0.25,0.8084652532832006
57,0,0.30,0.9553085321944051
57,0,0.35,0.959592278175841
57,0,0.40,0.9592920771027812
57,0,0.45,0.9747945039935817
57,0,0.50,0.9726375367069655
57,0,0.55,0.9798494962935026
57,0,0.60,0.9722622989391952
57,0,0.65,0.9873555567991081
57,0,0.70,0.9860524825783406
57,0,0.75,0.9940367001066717
57,0,0.80,0.9857128910541686
57,0,0.85,0.992235854162246
57,0,0.90,0.9890610229682448
57,0,0.95,0.9952542678993588
57,1,0.05,0.9225885234890814
57,1,0.10,0.9277055709979066
57,1,0.15,0.8243041353611977
57,1,0.20,0.8420316624081503
57,1,0.25,0.8839414435263145
57,1,0.30,0.9118867912060907
57,1,0.35,0.8219358379363826
57,1,0.40,0.8989794209042219
57,1,0.45,0.9802565415278224
57,1,0.50,0.9789673800146297
57,1,0.55,0.9765619780874778
57,1,0.60,0.989173530740589
57,1,0.65,0.9895059734594661
57,1,0.70,0.9783318996105723
57,1,0.75,0.9951956720307071
57,1,0.80,0.9939009045285904
57,1,0.85,0.9883070121286892
57,1,0.90,0.9881348858156074
57,1,0.95,0.99508078926814
57,2,0.05,0.908076184573951
57,2,0.10,0.839315788514599
57,2,0.15,0.8711580235444613
57,2,0.20,0.9765344425498815
57,2,0.25,0.9054827334883796
57,2,0.30,0.9477338510821702
57,2,0.35,0.9573185300123123
57,2,0.40,0.9289898652919739
57,2,0.45,0.9908754984014203
57,2,0.50,0.9476465585009899
57,2,0.55,0.9684269865330427
57,2,0.60,0.9914641862776786
57,2,0.65,0.990285852827617
57,2,0.70,0.9913645823055676
57,2,0.75,0.9936853703244102
57,2,0.80,0.9857825941497249
57,2,0.85,0.9912859566057238
57,2,0.90,0.9944008869315676
57,2,0.95,0.9927728230939431
57,3,0.05,0.43240139621941587
57,3,0.10,0.8725461204317508
57,3,0.15,0.7221977132754958
57,3,0.20,0.7434722923787109
57,3,0.25,0.9476668104695739
57,3,0.30,0.955876491766425
57,3,0.35,0.8927546973074254
57,3,0.40,0.9324018412020867
57,3,0.45,0.9480205687967509
57,3,0.50,0.9832009648219918
57,3,0.55,0.9712144173452745
57,3,0.60,0.9941390435225487
57,3,0.65,0.995242208912974
57,3,0.70,0.9932755934988662
57,3,0.75,0.9921633029504902
57,3,0.80,0.9922789925390904
57,3,0.85,0.9949479160322499
57,3,0.90,0.9945245453274986
57,3,0.95,0.9970874551177092
57,4,0.05,0.3710859386848928
57,4,0.10,0.8247605155101176
57,4,0.15,0.46678642756189004
57,4,0.20,0.9644471737634405
57,4,0.25,0.9099201188206978
57,4,0.30,0.972581321348748
57,4,0.35,0.9655286021937444
57,4,0.40,0.9681474558708283
57,4,0.45,0.952170337370097
57,4,0.50,0.9818601592110945
57,4,0.55,0.9836980203477639
57,4,0.60,0.9802323308965317
57,4,0.65,0.9868713678309748
57,4,0.70,0.9837849853035372
57,4,0.75,0.990187896248295
57,4,0.80,0.9957992985620768
57,4,0.85,0.9955998081857548
57,4,0.90,0.9919932936973158
57,4,0.95,0.9959997677537793
57,5,0.05,0.5722303187227706
57,5,0.10,0.8710672555738467
57,5,0.15,0.878754455574468
57,5,0.20,0.8858329350756123
57,5,0.25,0.890223114979885
57,5,0.30,0.8748444381672809
57,5,0.35,0.9180056634266338
57,5,0.40,0.9625654244156476
57,5,0.45,0.9478290519738121
57,5,0.50,0.9603628176162077
57,5,0.55,0.9756569159798072
57,5,0.60,0.970352243114246
57,5,0.65,0.9841092119496591
57,5,0.70,0.9951696843016363
57,5,0.75,0.9875313324018179
57,5,0.80,0.9957341197835272
57,5,0.85,0.9968246320052627
57,5,0.90,0.9948250191165652
57,5,0.95,0.9942860863373323
57,6,0.05,0.6959359712950803
57,6,0.10,0.9383190990406851
57,6,0.15,0.9194438637027542
57,6,0.20,0.8603332075794059
57,6,0.25,0.7973379961725452
57,6,0.30,0.9678408362076951
57,6,0.35,0.9358312927783818
57,6,0.40,0.9775718864585103
57,6,0.45,0.9592451847500155
57,6,0.50,0.9828303911318362
57,6,0.55,0.972208725347343
57,6,0.60,0.9078773597452776
57,6,0.65,0.9831236367275491
57,6,0.70,0.9871640179256701
57,6,0.75,0.9888341376439055
57,6,0.80,0.9921086368625593
57,6,0.85,0.9962665902862133
57,6,0.90,0.9960967570703337
57,6,0.95,0.9973033965104134
57,7,0.05,0.3920005083998759
57,7,0.10,0.35747991273090207
57,7,0.15,0.8733645017030693
57,7,0.20,0.8754363290432704
57,7,0.25,0.8633679970319103
57,7,0.30,0.9008850969163641
57,7,0.35,0.9451222124052588
57,7,0.40,0.9744086593928163
57,7,0.45,0.9792930492931387
57,7,0.50,0.9551182015730034
57,7,0.55,0.9657737494992934
57,7,0.60,0.9928858792011588
57,7,0.65,0.9923740677719288
57,7,0.70,0.992341110504796
57,7,0.75,0.9933529952009693
57,7,0.80,0.9939560472057752
57,7,0.85,0.9945322598117551
57,7,0.90,0.9960628800833126
57,7,0.95,0.9955188737478501
57,8,0.05,0.8159510309710883
57,8,0.10,0.731268905394675
57,8,0.15,0.6643035842955348
57,8,0.20,0.8798026291312043
57,8,0.25,0.8677334065929334
57,8,0.30,0.9085885300175779
57,8,0.35,0.9394343560553307
57,8,0.40,0.9746054429414294
57,8,0.45,0.9549172630965264
57,8,0.50,0.9863028231872906
57,8,0.55,0.9896422170226128
57,8,0.60,0.9887681403241045
57,8,0.65,0.9833670092707375
57,8,0.70,0.9819398299810069
57,8,0.75,0.987627782084254
57,8,0.80,0.9962029013431817
57,8,0.85,0.9962630788297535
57,8,0.90,0.9909830752224825
57,8,0.95,0.9961028335645029
57,9,0.05,0.7133563630333803
57,9,0.10,0.9333955628763834
57,9,0.15,0.7967940391493626
57,9,0.20,0.9223624119035397
57,9,0.25,0.9245023022999785
57,9,0.30,0.8531546199409877
57,9,0.35,0.8024480165738231
57,9,0.40,0.9583787772182911
57,9,0.45,0.9655649474715287
57,9,0.50,0.967059356653789
57,9,0.55,0.9513186142395027
57,9,0.60,0.9292622105872367
57,9,0.65,0.9895219437643595
57,9,0.70,0.992095461117291
57,9,0.75,0.9946324006025161
57,9,0.80,0.9942245585985094
57,9,0.85,0.9969548547033014
57,9,0.90,0.9937154729888228
57,9,0.95,0.9965402818845753
58,0,0.05,0.8482869621008806
58,0,0.10,0.7761532379090516
58,0,0.15,0.7768449788488245
58,0,0.20,0.9514089352998113
58,0,0.25,0.8746952912084326
58,0,0.30,0.9605428045383048
58,0,0.35,0.8981756777426
58,0,0.40,0.9004803846602187
58,0,0.45,0.9457315361290395
58,0,0.50,0.9775442988209916
58,0,0.55,0.9819443373229996
58,0,0.60,0.9668099763603594
58,0,0.65,0.989613090027286
58,0,0.70,0.9681344862844996
58,0,0.75,0.993787092976794
58,0,0.80,0.9947470072943781
58,0,0.85,0.9960591445423689
58,0,0.90,0.993982964158126
58,0,0.95,0.9952227029588409
58,1,0.05,0.4936912468881799
58,1,0.10,0.6974915525371161
58,1,0.15,0.9260634830414113
58,1,0.20,0.8871319860339304
58,1,0.25,0.9100979511347469
58,1,0.30,0.9294579047873213
58,1,0.35,0.9604954686365853
58,1,0.40,0.9741905926635879
58,1,0.45,0.914472357574335
58,1,0.50,0.9793231030667724
58,1,0.55,0.9135757535545839
58,1,0.60,0.9772108317457149
58,1,0.65,0.9423634737254012
58,1,0.70,0.9907096705804859
58,1,0.75,0.9855512704631579
58,1,0.80,0.990056061755077
58,1,0.85,0.9946893379757971
58,1,0.90,0.9944923031591195
58,1,0.95,0.9866531536568912
58,2,0.05,0.6614551774754854
58,2,0.10,0.9072144755996797
58,2,0.15,0.9000030796079108
58,2,0.20,0.838180177144907
58,2,0.25,0.9356146727727589
58,2,0.30,0.8267772385516207
58,2,0.35,0.8928059969081515
58,2,0.40,0.87005741499111
58,2,0.45,0.9613608770678158
58,2,0.50,0.9734889084473252
58,2,0.55,0.9710368183019075
58,2,0.60,0.9751548482853759
58,2,0.65,0.9845415219830974
58,2,0.70,0.9618570713806265
58,2,0.75,0.9853358660238446
58,2,0.80,0.9693006790124905
58,2,0.85,0.9929815694306408
58,2,0.90,0.997821706954451
58,2,0.95,0.9951529033964249
58,3,0.05,0.527649187772089
58,3,0.10,0.8732946628765621
58,3,0.15,0.6344318621757709
58,3,0.20,0.8602345836514318
58,3,0.25,0.9570669069796728
58,3,0.30,0.9188516213375535
58,3,0.35,0.8984818499145998
58,3,0.40,0.8670851794929219
58,3,0.45,0.9831674499290312
58,3,0.50,0.9705093432573227
58,3,0.55,0.9290439663762288
58,3,0.60,0.9490171780870938
58,3,0.65,0.9778202806695805
58,3,0.70,0.9623421282584949
58,3,0.75,0.9799023659660282
58,3,0.80,0.9919199730464272
58,3,0.85,0.9908743674891348
58,3,0.90,0.9975201966510403
58,3,0.95,0.9941519735780047
58,4,0.05,0.737520899843999
58,4,0.10,0.947654472270204
58,4,0.15,0.9559865340664055
58,4,0.20,0.9395381548296108
58,4,0.25,0.9104297814195478
58,4,0.30,0.8651513634068575
58,4,0.35,0.6391959350053239
58,4,0.40,0.9381942776661826
58,4,0.45,0.9489452703810611
58,4,0.50,0.9657084456211932
58,4,0.55,0.9759746316281999
58,4,0.60,0.9725223024359456
58,4,0.65,0.9887654115997857
58,4,0.70,0.9869501347275305
58,4,0.75,0.9894046634597924
58,4,0.80,0.9753391219658863
58,4,0.85,0.9862950851954281
58,4,0.90,0.9959811324921283
58,4,0.95,0.9973218806928771
58,5,0.05,0.8513816679868866
58,5,0.10,0.776435503813629
58,5,0.15,0.8399864504871943
58,5,0.20,0.9374670952770976
58,5,0.25,0.9612437383405138
58,5,0.30,0.8943727646586472
58,5,0.35,0.9265233712833307
58,5,0.40,0.9521119178550161
58,5,0.45,0.903250431662552
58,5,0.50,0.9514860891607977
58,5,0.55,0.9737166005807807
58,5,0.60,0.9835446320242165
58,5,0.65,0.991236623432311
58,5,0.70,0.9725838521729606
58,5,0.75,0.9840705666780624
58,5,0.80,0.9823902264111176
58,5,0.85,0.9973695498588354
58,5,0.90,0.9956254223765949
58,5,0.95,0.9949477693657103
58,6,0.05,-0.08460456322782917
58,6,0.10,0.8594480300137475
58,6,0.15,0.4677444189401866
58,6,0.20,0.9113672058104695
58,6,0.25,0.8871771984847633
58,6,0.30,0.8569391164181874
58,6,0.35,0.9015786885765742
58,6,0.40,0.9777349538255505
58,6,0.45,0.9386020977993793
58,6,0.50,0.9388554693778967
58,6,0.55,0.9872629614293247
58,6,0.60,0.9698283337620499
58,6,0.65,0.9809101019754828
58,6,0.70,0.9673769594747088
58,6,0.75,0.9851393956845306
58,6,0.80,0.9924881724574881
58,6,0.85,0.9875858075311523
58,6,0.90,0.9934380314902735
58,6,0.95,0.9948195463699296
58,7,0.05,0.9462728895988195
58,7,0.10,0.6301082259913785
58,7,0.15,0.6219971438421136
58,7,0.20,0.881165286696626
58,7,0.25,0.8722281682632668
58,7,0.30,0.7272718670828575
58,7,0.35,0.9416595968042654
58,7,0.40,0.9762668733663759
58,7,0.45,0.9642942439631607
58,7,0.50,0.9697866847581811
58,7,0.55,0.9846905186668066
58,7,0.60,0.9632749506851725
58,7,0.65,0.9842400959058982
58,7,0.70,0.9801634560467027
58,7,0.75,0.9882867796298062
58,7,0.80,0.992335651522417
58,7,0.85,0.9866952022169074
58,7,0.90,0.9921688648767963
58,7,0.95,0.9949226559572236
58,8,0.05,0.42248655073427244
58,8,0.10,0.5263773556237692
58,8,0.15,0.9238007979398499
58,8,0.20,0.8917059243814689
58,8,0.25,0.9257647780705588
58,8,0.30,0.8587394366808115
58,8,0.35,0.9104029355589609
58,8,0.40,0.9609340050476494
58,8,0.45,0.9248738055094573
58,8,0.50,0.977632709182778
58,8,0.55,0.9802045973365363
58,8,0.60,0.9881251922446382
58,8,0.65,0.9882590390640729
58,8,0.70,0.9820176955840003
58,8,0.75,0.9933687122643369
58,8,0.80,0.9792342834642551
58,8,0.85,0.9764210424302084
58,8,0.90,0.9955871406676396
58,8,0.95,0.9966398637053381
58,9,0.05,0.1368193859300355
58,9,0.10,0.929220224987725
58,9,0.15,0.612919595012877
58,9,0.20,0.8254883866644445
58,9,0.25,0.9288006871427462
58,9,0.30,0.934803308754131
58,9,0.35,0.9744693450930422
58,9,0.40,0.9713386781453466
58,9,0.45,0.960263301991999
58,9,0.50,0.9616935811962342
58,9,0.55,0.9696378693685272
58,9,0.60,0.968862932396019
58,9,0.65,0.9779938171767981
58,9,0.70,0.9940245662434285
58,9,0.75,0.991961767498101
58,9,0.80,0.980210517678203
58,9,0.85,0.9946319480942881
58,9,0.90,0.9942742269814313
58,9,0.95,0.9964646144285013
59,0,0.05,0.6246499671008053
59,0,0.10,0.7973551817659204
59,0,0.15,0.7242747960874594
59,0,0.20,0.9212408499571656
59,0,0.25,0.9614717958569675
59,0,0.30,0.9103629031298478
59,0,0.35,0.982469908049019
59,0,0.40,0.9091752078239155
59,0,0.45,0.9824825025240046
59,0,0.50,0.9636454571096774
59,0,0.55,0.9809543284453868
59,0,0.60,0.9655627392131436
59,0,0.65,0.976183950414062
59,0,0.70,0.978658090927823
59,0,0.75,0.9853139275409104
59,0,0.80,0.9897356295800318
59,0,0.85,0.9912335125060674
59,0,0.90,0.9950610064397155
59,0,0.95,0.9962266754331706
59,1,0.05,0.2897694728037472
59,1,0.10,0.7353819088747384
59,1,0.15,0.7111713231344773
59,1,0.20,0.9532084135834564
59,1,0.25,0.9558889144042229
59,1,0.30,0.9845155775526704
59,1,0.35,0.9218435462029744
59,1,0.40,0.989479849504068
59,1,0.45,0.9852002710871284
59,1,0.50,0.9340756451228499
59,1,0.55,0.9882735532337187
59,1,0.60,0.9883004404112867
59,1,0.65,0.9902384143028391
59,1,0.70,0.9863673254445542
59,1,0.75,0.9919865546251256
59,1,0.80,0.9932160791937412
59,1,0.85,0.9948326983160038
59,1,0.90,0.9956074688467879
59,1,0.95,0.9958047258657923
59,2,0.05,0.9427388689502759
59,2,0.10,0.8594113996758962
59,2,0.15,0.7924414201287827
59,2,0.20,0.7882222225551497
59,2,0.25,0.9049902801406556
59,2,0.30,0.9737046728562742
59,2,0.35,0.9642672744125569
59,2,0.40,0.9879341098634984
59,2,0.45,0.9862566988622378
59,2,0.50,0.9877416245027136
59,2,0.55,0.9833871156352421
59,2,0.60,0.9626234011733809
59,2,0.65,0.9892323217928509
59,2,0.70,0.9882854744903173
59,2,0.75,0.9829474691333536
59,2,0.80,0.9906354343787257
59,2,0.85,0.9925771948362943
59,2,0.90,0.9944415705646957
59,2,0.95,0.9960311708520038
59,3,0.05,0.9215604912684894
59,3,0.10,0.6769883460067864
59,3,0.15,0.5836472106959487
59,3,0.20,0.9513106887334504
59,3,0.25,0.9044973568716835
59,3,0.30,0.9734580369422787
59,3,0.35,0.9830038101039802
59,3,0.40,0.8735457436065677
59,3,0.45,0.937033643372717
59,3,0.50,0.9934051612518667
59,3,0.55,0.9743892373289962
59,3,0.60,0.963271795239015
59,3,0.65,0.987546623269371
59,3,0.70,0.9923199795299279
59,3,0.75,0.9891129521406153
59,3,0.80,0.9951615474322095
59,3,0.85,0.9910975907921434
59,3,0.90,0.9912753500837562
59,3,0.95,0.9915563311267853
59,4,0.05,0.759521670819874
59,4,0.10,0.8800323944643542
59,4,0.15,0.8583002122813476
59,4,0.20,0.9457855281068193
59,4,0.25,0.9388099798787063
59,4,0.30,0.9410206605586412
59,4,0.35,0.9469677085506885
59,4,0.40,0.9660942894400357
59,4,0.45,0.9823418099965426
59,4,0.50,0.9742195985391378
59,4,0.55,0.983155825798535
59,4,0.60,0.9685636918402996
59,4,0.65,0.9861742126484805
59,4,0.70,0.9897204895339158
59,4,0.75,0.9726071293986506
59,4,0.80,0.9758624977894451
59,4,0.85,0.9930586455421379
59,4,0.90,0.9961954554542831
59,4,0.95,0.994562536230438
59,5,0.05,0.7176544095834172
59,5,0.10,0.8052472835183626
59,5,0.15,0.909535120894281
59,5,0.20,0.9616587422325942
59,5,0.25,0.9474364108929846
59,5,0.30,0.9291809406305553
59,5,0.35,0.92916832485086
59,5,0.40,0.9831999715303607
59,5,0.45,0.9730667296969937
59,5,0.50,0.979924368262825
59,5,0.55,0.9883695566146148
59,5,0.60,0.9393000876191665
59,5,0.65,0.9899804391445037
59,5,0.70,0.9923637394235963
59,5,0.75,0.9866278642953137
59,5,0.80,0.9857275847235599
59,5,0.85,0.9944785277833594
59,5,0.90,0.9746696255792444
59,5,0.95,0.9885056723374214
59,6,0.05,0.5485051268203125
59,6,0.10,0.8205793696412848
59,6,0.15,0.9145545470141436
59,6,0.20,0.8037175331918578
59,6,0.25,0.9275396938610357
59,6,0.30,0.9741214331192958
59,6,0.35,0.9819922836441983
59,6,0.40,0.9317485723217188
59,6,0.45,0.9783420161400385
59,6,0.50,0.9706493789480786
59,6,0.55,0.9716947106813904
59,6,0.60,0.990423092249976
59,6,0.65,0.9921275851101045
59,6,0.70,0.9913213652233084
59,6,0.75,0.982360879555851
59,6,0.80,0.9903305182299222
59,6,0.85,0.989298805919223
59,6,0.90,0.996421927863361
59,6,0.95,0.9964490164776916
59,7,0.05,-0.10575303332008335
59,7,0.10,0.44379924645120905
59,7,0.15,0.9237354766166789
59,7,0.20,0.9252952382687405
59,7,0.25,0.8382282276924347
59,7,0.30,0.9529737510641157
59,7,0.35,0.9823507116810807
59,7,0.40,0.9759177295772088
59,7,0.45,0.9546486535717835
59,7,0.50,0.9569670388603113
59,7,0.55,0.9898414441086612
59,7,0.60,0.9888495774903485
59,7,0.65,0.9678004576074315
59,7,0.70,0.9857011446761352
59,7,0.75,0.9932813501353742
59,7,0.80,0.9903361496117953
59,7,0.85,0.9930041497916576
59,7,0.90,0.989823196124883
59,7,0.95,0.9945277865281662
59,8,0.05,0.65716227576105
59,8,0.10,0.5208044646738497
59,8,0.15,0.9399299628428035
59,8,0.20,0.8817467528525145
59,8,0.25,0.9639861508424027
59,8,0.30,0.8735482290413262
59,8,0.35,0.9807722314213981
59,8,0.40,0.9320832668140413
59,8,0.45,0.9369625078015344
59,8,0.50,0.9744565533750387
59,8,0.55,0.984570514717114
59,8,0.60,0.9767200659088433
59,8,0.65,0.9671343852168771
59,8,0.70,0.9837246124527471
59,8,0.75,0.9826690002698416
59,8,0.80,0.9968226084758436
59,8,0.85,0.9937822853880239
59,8,0.90,0.9959913095917364
59,8,0.95,0.997314622747159
59,9,0.05,0.8236989320066541
59,9,0.10,0.8940241296766144
59,9,0.15,0.9120116985293174
59,9,0.20,0.9324885899731166
59,9,0.25,0.9543239640660126
59,9,0.30,0.9100888658970802
59,9,0.35,0.9902880958942579
59,9,0.40,0.9908781032248221
59,9,0.45,0.9895219968282296
59,9,0.50,0.9479379844572512
59,9,0.55,0.9719726570299736
59,9,0.60,0.9881841441402871
59,9,0.65,0.9857696887322948
59,9,0.70,0.9715570239778635
59,9,0.75,0.9898738957180332
59,9,0.80,0.994239138031419
59,9,0.85,0.9942511202736101
59,9,0.90,0.9922591353899607
59,9,0.95,0.99651010569442
60,0,0.05,0.6895717951008078
60,0,0.10,0.8471044903080605
60,0,0.15,0.6332315727078446
60,0,0.20,0.8470075389151722
60,0,0.25,0.8898611885181374
60,0,0.30,0.9264638570050387
60,0,0.35,0.8633747853489255
60,0,0.40,0.9087886958641109
60,0,0.45,0.9774259844531771
60,0,0.50,0.9813247208883465
60,0,0.55,0.9595954440159116
60,0,0.60,0.9881231168702769
60,0,0.65,0.9947216298462773
60,0,0.70,0.9922694359302269
60,0,0.75,0.9892014439481479
60,0,0.80,0.9851367082293816
60,0,0.85,0.9866745272973537
60,0,0.90,0.9908846233558931
60,0,0.95,0.9911576961430073
60,1,0.05,-0.42939921389671043
60,1,0.10,0.5935480282064806
60,1,0.15,0.7783181746372112
60,1,0.20,0.8386048659085791
60,1,0.25,0.8860093485709678
60,1,0.30,0.936929948570689
60,1,0.35,0.9527096534049198
60,1,0.40,0.9783265568761296
60,1,0.45,0.9557679481290532
60,1,0.50,0.9891551955746055
60,1,0.55,0.9393596360801202
60,1,0.60,0.9868040767020989
60,1,0.65,0.9665360471426634
60,1,0.70,0.974739144137667
60,1,0.75,0.9903033880595314
60,1,0.80,0.9915097259367601
60,1,0.85,0.9878323660844512
60,1,0.90,0.9949167984464957
60,1,0.95,0.9963739330711509
60,2,0.05,0.597576450674248
60,2,0.10,0.6765191380747014
60,2,0.15,0.8436869832417817
60,2,0.20,0.9235444787730899
60,2,0.25,0.8430390253973213
60,2,0.30,0.8313771094573696
60,2,0.35,0.9674020104061675
60,2,0.40,0.9142030317507468
60,2,0.45,0.9860685111552954
60,2,0.50,0.9893842589160264
60,2,0.55,0.9785475369010979
60,2,0.60,0.9692066827834817
60,2,0.65,0.972202655074607
60,2,0.70,0.990677115763879
60,2,0.75,0.9906477950979213
60,2,0.80,0.9909410016208882
60,2,0.85,0.9892261820904388
60,2,0.90,0.9954833359768023
60,2,0.95,0.9955818758468735
60,3,0.05,0.7580105924564573
60,3,0.10,0.8670944742365103
60,3,0.15,0.8138250171906003
60,3,0.20,0.7151763252801634
60,3,0.25,0.9242365249064978
60,3,0.30,0.9668959554539487
60,3,0.35,0.9415755639538546
60,3,0.40,0.949337739073121
60,3,0.45,0.9668028213037327
60,3,0.50,0.9761763040283562
60,3,0.55,0.9372611235426458
60,3,0.60,0.9854760570293271
60,3,0.65,0.972060353808873
60,3,0.70,0.9916251508042685
60,3,0.75,0.979859320778985
60,3,0.80,0.990713932912633
60,3,0.85,0.9900452098429284
60,3,0.90,0.9945348821360654
60,3,0.95,0.9936768407386595
60,4,0.05,0.9486357189562987
60,4,0.10,0.5386515522163847
60,4,0.15,0.7872104602153154
60,4,0.20,0.9183762525599015
60,4,0.25,0.9234015039890894
60,4,0.30,0.9720940531838089
60,4,0.35,0.9087791110480521
60,4,0.40,0.9039035858886288
60,4,0.45,0.9613064820025232
60,4,0.50,0.9724425654467169
60,4,0.55,0.9914649237941671
60,4,0.60,0.9372071239022559
60,4,0.65,0.9841359327547954
60,4,0.70,0.9929688582851612
60,4,0.75,0.9915012730549404
60,4,0.80,0.9649762053004799
60,4,0.85,0.9955341494300078
60,4,0.90,0.9961661583712944
60,4,0.95,0.9953326780805881
60,5,0.05,-0.9599918720762766
60,5,0.10,0.8178934284682011
60,5,0.15,0.8550119453219209
60,5,0.20,0.4497842557732705
60,5,0.25,0.8535314955708141
60,5,0.30,0.8195335019610466
60,5,0.35,0.9762226522530811
60,5,0.40,0.9063389569536898
60,5,0.45,0.9693852460738777
60,5,0.50,0.983542338679344
60,5,0.55,0.9777665205908916
60,5,0.60,0.9648953049953467
60,5,0.65,0.9667428075756702
60,5,0.70,0.9877307382505279
60,5,0.75,0.9865071716837329
60,5,0.80,0.9940775986224355
60,5,0.85,0.9856653335276622
60,5,0.90,0.9905514112330491
60,5,0.95,0.9936108096147696
60,6,0.05,-0.2527785806017486
60,6,0.10,0.42602450908214395
60,6,0.15,0.8987389514356183
60,6,0.20,0.6639721737823792
60,6,0.25,0.9399443487019882
60,6,0.30,0.9002757902307478
60,6,0.35,0.9743164617624382
60,6,0.40,0.9589715779400632
60,6,0.45,0.947792734511066
60,6,0.50,0.9638160063934941
60,6,0.55,0.9868360320244993
60,6,0.60,0.9487753657789719
60,6,0.65,0.9817381288723095
60,6,0.70,0.9913154070787472
60,6,0.75,0.9728057209256001
60,6,0.80,0.982079160225911
60,6,0.85,0.9948192522061172
60,6,0.90,0.995391823785252
60,6,0.95,0.9961131235909755
60,7,0.05,0.6745495974357575
60,7,0.10,0.7652087114047884
60,7,0.15,0.8323069802507019
60,7,0.20,0.6686486145110992
60,7,0.25,0.7466875178337545
60,7,0.30,0.882729986389201
60,7,0.35,0.9421753428067465
60,7,0.40,0.9608562946087774
60,7,0.45,0.9784133145726226
60,7,0.50,0.9847558785887479
60,7,0.55,0.9749037463546756
60,7,0.60,0.9658826163321033
60,7,0.65,0.9823268256832545
60,7,0.70,0.9857292168075293
60,7,0.75,0.981612926369137
60,7,0.80,0.9908637924625487
60,7,0.85,0.9917578191274962
60,7,0.90,0.9952578429453073
60,7,0.95,0.9938191896710429
60,8,0.05,0.47363231540169504
60,8,0.10,0.21719152889612092
60,8,0.15,0.7341239207268008
60,8,0.20,0.8288062122031343
60,8,0.25,0.9765297087943043
60,8,0.30,0.8558081361060529
60,8,0.35,0.9225654066931572
60,8,0.40,0.8604290064548648
60,8,0.45,0.9904608408472592
60,8,0.50,0.9705026412369047
60,8,0.55,0.9518574996747686
60,8,0.60,0.9870619844612896
60,8,0.65,0.9731219335762019
60,8,0.70,0.9678678482958042
60,8,0.75,0.8941145119524517
60,8,0.80,0.9917955248057873
60,8,0.85,0.9953429746663524
60,8,0.90,0.9962413694373975
60,8,0.95,0.9831067726728893
60,9,0.05,-0.10321928503772182
60,9,0.10,0.6923692930976382
60,9,0.15,0.7517028416723122
60,9,0.20,0.7053211578559512
60,9,0.25,0.9502949042418527
60,9,0.30,0.7791269062338291
60,9,0.35,0.9093749141301197
60,9,0.40,0.9627200164529021
60,9,0.45,0.9812045293543449
60,9,0.50,0.964809633866708
60,9,0.55,0.9470603692054598
60,9,0.60,0.976192511540982
60,9,0.65,0.9847556919627731
60,9,0.70,0.9869128349977608
60,9,0.75,0.9869501479208243
60,9,0.80,0.9884864615335319
60,9,0.85,0.9943511809724749
60,9,0.90,0.9933335658701158
60,9,0.95,0.9900292562665679
61,0,0.05,0.7654866606316917
61,0,0.10,0.8519523087677178
61,0,0.15,0.798662083467408
61,0,0.20,0.8337944158345141
61,0,0.25,0.8852802529375323
61,0,0.30,0.913196818374313
61,0,0.35,0.9426165626311604
61,0,0.40,0.9711003711367536
61,0,0.45,0.861794147997625
61,0,0.50,0.9852206757042002
61,0,0.55,0.9547518389187024
61,0,0.60,0.9503481531289297
61,0,0.65,0.991921273665491
61,0,0.70,0.9937884856735861
61,0,0.75,0.9874838648026881
61,0,0.80,0.9911890220265481
61,0,0.85,0.9896561039218116
61,0,0.90,0.9960409850807727
61,0,0.95,0.9968279172852907
61,1,0.05,0.7743095724240024
61,1,0.10,0.5214622689910244
61,1,0.15,0.7188815224411209
61,1,0.20,0.49575981606981656
61,1,0.25,0.9469440766683089
61,1,0.30,0.9663532785139183
61,1,0.35,0.9492028018799451
61,1,0.40,0.9177735227604743
61,1,0.45,0.9844699060639401
61,1,0.50,0.9639890111489244
61,1,0.55,0.9845926024982337
61,1,0.60,0.9584984989959173
61,1,0.65,0.9843576396150359
61,1,0.70,0.9855211735950776
61,1,0.75,0.9937502265836747
61,1,0.80,0.9937686886952813
61,1,0.85,0.9914055966138894
61,1,0.90,0.9885764840026088
61,1,0.95,0.9953879019659129
61,2,0.05,0.8497016918487253
61,2,0.10,-0.11860232826013939
61,2,0.15,0.23776818560415058
61,2,0.20,0.7420684942249476
61,2,0.25,0.9575791430054267
61,2,0.30,0.9235640667742367
61,2,0.35,0.8932861167648336
61,2,0.40,0.9418302778202191
61,2,0.45,0.9454687688574946
61,2,0.50,0.9866015421305119
61,2,0.55,0.9573985079837493
61,2,0.60,0.9632493766266699
61,2,0.65,0.9739565109126311
61,2,0.70,0.9857702948656503
61,2,0.75,0.9935282813350218
61,2,0.80,0.9883609937800636
61,2,0.85,0.9940638684110977
61,2,0.90,0.9944201345344655
61,2,0.95,0.9963243846560518
61,3,0.05,0.7586192921257753
61,3,0.10,0.9237984625231531
61,3,0.15,0.8862623928649749
61,3,0.20,0.9633286903927692
61,3,0.25,0.9145085173264844
61,3,0.30,0.9270869555042656
61,3,0.35,0.854385920326233
61,3,0.40,0.8891074170963579
61,3,0.45,0.9720147122252315
61,3,0.50,0.9418984954473071
61,3,0.55,0.9485371722463113
61,3,0.60,0.9754910287631027
61,3,0.65,0.9889597108732896
61,3,0.70,0.9918195941055005
61,3,0.75,0.994773173010701
61,3,0.80,0.9926043653863973
61,3,0.85,0.9903019071942591
61,3,0.90,0.9879832511354857
61,3,0.95,0.9982009610259213
61,4,0.05,0.601061141223663
61,4,0.10,0.6345096489927176
61,4,0.15,0.7114359228046023
61,4,0.20,0.9471609345071615
61,4,0.25,0.8318630360339248
61,4,0.30,0.9710975107587289
61,4,0.35,0.9286683140632652
61,4,0.40,0.9518332615935139
61,4,0.45,0.9604031263941657
61,4,0.50,0.9803851511920844
61,4,0.55,0.9562520314681053
61,4,0.60,0.9602829668029009
61,4,0.65,0.9794334562435282
61,4,0.70,0.9917822143479768
61,4,0.75,0.9810299630712056
61,4,0.80,0.9859532091450214
61,4,0.85,0.993082071693122
61,4,0.90,0.9938434682625497
61,4,0.95,0.995344910121544
61,5,0.05,0.8837775583002269
61,5,0.10,0.8606350348728804
61,5,0.15,0.44747140727623935
61,5,0.20,0.4777334400310047
61,5,0.25,0.8732875119653253
61,5,0.30,0.9371181570796304
61,5,0.35,0.9432463307837048
61,5,0.40,0.97061325507699
61,5,0.45,0.988760803928548
61,5,0.50,0.9324890632266882
61,5,0.55,0.9744970787738717
61,5,0.60,0.9882174081923837
61,5,0.65,0.9922362616456416
61,5,0.70,0.9809959255574195
61,5,0.75,0.9860563950179427
61,5,0.80,0.9882487849328382
61,5,0.85,0.9756498952906921
61,5,0.90,0.9944447094682383
61,5,0.95,0.9940020556649434
61,6,0.05,0.4687198747768043
61,6,0.10,-0.22477918576411504
61,6,0.15,0.8996339615800828
61,6,0.20,0.9509568069690973
61,6,0.25,0.9467115737899013
61,6,0.30,0.8827234537540912
61,6,0.35,0.9487609945124041
61,6,0.40,0.9784007808522652
61,6,0.45,0.9550187723460187
61,6,0.50,0.9390421497164028
61,6,0.55,0.9824073121753283
61,6,0.60,0.983043565928064
61,6,0.65,0.9841621068123947
61,6,0.70,0.9825202290901366
61,6,0.75,0.9938722285401863
61,6,0.80,0.9945124316402592
61,6,0.85,0.9916180559458999
61,6,0.90,0.9889273863914728
61,6,0.95,0.9948277691612577
61,7,0.05,0.5818994238634208
61,7,0.10,0.7852709853189566
61,7,0.15,0.6942334179302747
61,7,0.20,0.9222685887344652
61,7,0.25,0.9388526892120367
61,7,0.30,0.9392304622998899
61,7,0.35,0.8938251168307855
61,7,0.40,0.9146554377493199
61,7,0.45,0.9628780230751752
61,7,0.50,0.9883795918753718
61,7,0.55,0.9860244969875684
61,7,0.60,0.9844513343044136
61,7,0.65,0.9937748042701624
61,7,0.70,0.9866059246464144
61,7,0.75,0.9938980223086785
61,7,0.80,0.9942410161048963
61,7,0.85,0.9823473986504725
61,7,0.90,0.9952520965798745
61,7,0.95,0.9937050775358561
61,8,0.05,0.4059140645983408
61,8,0.10,0.5371816558666481
61,8,0.15,0.9358861135281312
61,8,0.20,0.6321637870324807
61,8,0.25,0.9424369875127517
61,8,0.30,0.8310380793561325
61,8,0.35,0.9449481726576193
61,8,0.40,0.9786045693183443
61,8,0.45,0.9488398665206415
61,8,0.50,0.9837688183182713
61,8,0.55,0.9891968521488782
61,8,0.60,0.9792462230353267
61,8,0.65,0.9741365386784269
61,8,0.70,0.9825751596612878
61,8,0.75,0.986587200304012
61,8,0.80,0.9926154277646749
61,8,0.85,0.9954308530171719
61,8,0.90,0.9902849982399502
61,8,0.95,0.9961705498397176
61,9,0.05,0.3951312922673791
61,9,0.10,0.6909697115244062
61,9,0.15,0.7764321339482909
61,9,0.20,0.9543789732977447
61,9,0.25,0.8878955186460028
61,9,0.30,0.8669631596872314
61,9,0.35,0.8139377887176715
61,9,0.40,0.9691405576421065
61,9,0.45,0.9325809690645523
61,9,0.50,0.9864880346184108
61,9,0.55,0.9507420305046651
61,9,0.60,0.9508706116815774
61,9,0.65,0.9144110443980948
61,9,0.70,0.9379124655719581
61,9,0.75,0.9939028363242913
61,9,0.80,0.983190728235646
61,9,0.85,0.996198545761745
61,9,0.90,0.995616878798122
61,9,0.95,0.9969775109382838
62,0,0.05,0.4589519574144628
62,0,0.10,0.6107136117307956
62,0,0.15,0.8878634403453077
62,0,0.20,0.906432728397849
62,0,0.25,0.9073889476310102
62,0,0.30,0.9688216246658015
62,0,0.35,0.9545846121014205
62,0,0.40,0.9750796906581234
62,0,0.45,0.9625290360728479
62,0,0.50,0.9424174238100739
62,0,0.55,0.9879454217166229
62,0,0.60,0.9272942931802147
62,0,0.65,0.9737125233274254
62,0,0.70,0.9918868239003005
62,0,0.75,0.9871624668918217
62,0,0.80,0.9928161831368159
62,0,0.85,0.9940546759819365
62,0,0.90,0.9955598734335054
62,0,0.95,0.9947686288821225
62,1,0.05,0.7337013084804402
62,1,0.10,0.6307363827928862
62,1,0.15,0.7662491986812957
62,1,0.20,0.612476867112927
62,1,0.25,0.9465614955147281
62,1,0.30,0.9615692600991127
62,1,0.35,0.9516123755361726
62,1,0.40,0.9826247694493435
62,1,0.45,0.9735997652226369
62,1,0.50,0.9583998703772474
62,1,0.55,0.9902495383982085
62,1,0.60,0.9876140270667889
62,1,0.65,0.8833418097644046
62,1,0.70,0.9852750831777
62,1,0.75,0.992303013192611
62,1,0.80,0.9954832119853134
62,1,0.85,0.9950078238775447
62,1,0.90,0.9934636413273216
62,1,0.95,0.9957918151309674
62,2,0.05,0.8156990152203716
62,2,0.10,0.6749734653167823
62,2,0.15,0.7976075622456367
62,2,0.20,0.8096309957788167
62,2,0.25,0.8881776370015001
62,2,0.30,0.8780824627363817
62,2,0.35,0.9541174423440215
62,2,0.40,0.9145431867782126
62,2,0.45,0.9725213195522047
62,2,0.50,0.9530273537413965
62,2,0.55,0.982410521158022
62,2,0.60,0.9861070621609322
62,2,0.65,0.9900111454303088
62,2,0.70,0.9798855137262398
62,2,0.75,0.9757127359653852
62,2,0.80,0.9782983744444764
62,2,0.85,0.9927042531241076
62,2,0.90,0.9938447272925569
62,2,0.95,0.98942766108247
62,3,0.05,0.43793157282850104
62,3,0.10,0.9538134361080614
62,3,0.15,0.8638674435128063
62,3,0.20,0.8460097376979449
62,3,0.25,0.9229835874121757
62,3,0.30,0.9602248554653042
62,3,0.35,0.9682770243714324
62,3,0.40,0.9509588041972091
62,3,0.45,0.9682463171627601
62,3,0.50,0.9625148369541848
62,3,0.55,0.9809907114302907
62,3,0.60,0.9863093036120051
62,3,0.65,0.9637664464141
62,3,0.70,0.9803795434462753
62,3,0.75,0.9880222718038236
62,3,0.80,0.9936746314932395
62,3,0.85,0.9914961125949515
62,3,0.90,0.9925557044223869
62,3,0.95,0.9946014544633125
62,4,0.05,0.4768157279006665
62,4,0.10,0.8960144676857378
62,4,0.15,0.8815481032374297
62,4,0.20,0.8692010695389004
62,4,0.25,0.9026357475233031
62,4,0.30,0.8752301534208562
62,4,0.35,0.9570833238441933
62,4,0.40,0.940865363620737
62,4,0.45,0.9067718166108761
62,4,0.50,0.9634650370969408
62,4,0.55,0.9836992910741539
62,4,0.60,0.9803837717436957
62,4,0.65,0.9815731441695299
62,4,0.70,0.9925286616904856
62,4,0.75,0.976250314321526
62,4,0.80,0.9879110236166494
62,4,0.85,0.9541363119735549
62,4,0.90,0.9958260295499428
62,4,0.95,0.993795913019193
62,5,0.05,0.6830247087168386
62,5,0.10,0.8922777095563064
62,5,0.15,0.8795648646609553
62,5,0.20,0.9530681165624455
62,5,0.25,0.946214749948498
62,5,0.30,0.9495193057976542
62,5,0.35,0.9262073178331292
62,5,0.40,0.9396476583648041
62,5,0.45,0.9157277381990911
62,5,0.50,0.975852896573274
62,5,0.55,0.9818183424908845
62,5,0.60,0.9932409175963147
62,5,0.65,0.9872187779467431
62,5,0.70,0.9745973646664478
62,5,0.75,0.9947097407061757
62,5,0.80,0.98515933908393
62,5,0.85,0.9946985564230416
62,5,0.90,0.9857729265830039
62,5,0.95,0.9951368634278708
62,6,0.05,-0.19579889880039048
62,6,0.10,0.6292494226348295
62,6,0.15,0.6916172634458746
62,6,0.20,0.7662736903187404
62,6,0.25,0.8398203453022821
62,6,0.30,0.8795168794457935
62,6,0.35,0.9230404321408917
62,6,0.40,0.9710470436493528
62,6,0.45,0.9802268544878687
62,6,0.50,0.9604256102908576
62,6,0.55,0.9709810682669338
62,6,0.60,0.9789966249187112
62,6,0.65,0.9601457006503039
62,6,0.70,0.9765770711788054
62,6,0.75,0.9862962754809351
62,6,0.80,0.9895220275340737
62,6,0.85,0.991804733524668
62,6,0.90,0.9959616614702602
62,6,0.95,0.9960025156055382
62,7,0.05,0.3426510186482964
62,7,0.10,0.5447689820519621
62,7,0.15,0.9306398334579336
62,7,0.20,0.8844669483739266
62,7,0.25,0.9448678249031263
62,7,0.30,0.9303952407282299
62,7,0.35,0.9586053432137668
62,7,0.40,0.9294953102197077
62,7,0.45,0.9319749439610963
62,7,0.50,0.9800379738453359
62,7,0.55,0.9785964979142907
62,7,0.60,0.9849178157431434
62,7,0.65,0.9823394892155047
62,7,0.70,0.9789990424091117
62,7,0.75,0.9804483859901032
62,7,0.80,0.983255827896027
62,7,0.85,0.9887207613849017
62,7,0.90,0.9948140097980938
62,7,0.95,0.9769610734925354
62,8,0.05,0.6160523906967119
62,8,0.10,0.9292356139010323
62,8,0.15,0.8919099636698185
62,8,0.20,0.8072737885635848
62,8,0.25,0.9822962213796961
62,8,0.30,0.9812211191589838
62,8,0.35,0.9702179322564729
62,8,0.40,0.963723823923195
62,8,0.45,0.9738225114684961
62,8,0.50,0.9778299033731991
62,8,0.55,0.9582245520241189
62,8,0.60,0.9763633665502677
62,8,0.65,0.9889493910457448
62,8,0.70,0.9746558145321743
62,8,0.75,0.9906786994103977
62,8,0.80,0.9916436318714803
62,8,0.85,0.9831449134222108
62,8,0.90,0.9960711318361303
62,8,0.95,0.9950509699809297
62,9,0.05,0.8835110645905729
62,9,0.10,0.8533777459729022
62,9,0.15,0.9639771138565838
62,9,0.20,0.7184850461757741
62,9,0.25,0.7354784245928953
62,9,0.30,0.933407906752321
62,9,0.35,0.9404424468510054
62,9,0.40,0.957616315468121
62,9,0.45,0.930328497491911
62,9,0.50,0.9375730798493263
62,9,0.55,0.9710143198442729
62,9,0.60,0.9411971409115415
62,9,0.65,0.9869710362163749
62,9,0.70,0.9905215519551636
62,9,0.75,0.9793492823087027
62,9,0.80,0.988362306095615
62,9,0.85,0.9959900383347969
62,9,0.90,0.995442648838039
62,9,0.95,0.9838454074153936
63,0,0.05,-1.1489155261311077
63,0,0.10,0.8987245541417892
63,0,0.15,0.6784642325658559
63,0,0.20,0.8727979900156183
63,0,0.25,0.7091612859703444
63,0,0.30,0.8370441067291011
63,0,0.35,0.962964587772193
63,0,0.40,0.9594521434279493
63,0,0.45,0.9758677213540213
63,0,0.50,0.9802922446893255
63,0,0.55,0.9834419482733796
63,0,0.60,0.9800132849773929
63,0,0.65,0.9908047994538643
63,0,0.70,0.9886689570990291
63,0,0.75,0.9888168653869757
63,0,0.80,0.9834096898271958
63,0,0.85,0.9866521269808997
63,0,0.90,0.9939262499183539
63,0,0.95,0.9939015707993635
63,1,0.05,-0.6733715799062403
63,1,0.10,0.3397452303666657
63,1,0.15,0.9237923823319216
63,1,0.20,0.9520645440444562
63,1,0.25,0.7942341405858111
63,1,0.30,0.9522411091824269
63,1,0.35,0.9535542175926158
63,1,0.40,0.9789726386055451
63,1,0.45,0.9684928965395367
63,1,0.50,0.9803975021249556
63,1,0.55,0.9852087572127616
63,1,0.60,0.9905409528960449
63,1,0.65,0.982087081335108
63,1,0.70,0.9807722257413677
63,1,0.75,0.9921122934415134
63,1,0.80,0.9945664820830953
63,1,0.85,0.9757846480696167
63,1,0.90,0.9923565162021376
63,1,0.95,0.9943595955624234
63,2,0.05,0.889471724579119
63,2,0.10,0.844855999249375
63,2,0.15,0.5137029829633599
63,2,0.20,0.6646913816627237
63,2,0.25,0.8691232478341441
63,2,0.30,0.9319806410574012
63,2,0.35,0.806859831436193
63,2,0.40,0.9475202385676816
63,2,0.45,0.9132248850855235
63,2,0.50,0.9726390344721714
63,2,0.55,0.9825775074106469
63,2,0.60,0.9875155354010937
63,2,0.65,0.9909284283727989
63,2,0.70,0.9659737286300052
63,2,0.75,0.9892255799686178
63,2,0.80,0.9784335414541673
63,2,0.85,0.9918643844302037
63,2,0.90,0.9949735269973287
63,2,0.95,0.9949141799601565
63,3,0.05,0.7233017166616809
63,3,0.10,0.4551546627274734
63,3,0.15,0.7519913658652104
63,3,0.20,0.7056197120453486
63,3,0.25,0.7471740900376894
63,3,0.30,0.841677439659439
63,3,0.35,0.9217407638162776
63,3,0.40,0.9495763607157257
63,3,0.45,0.9884876028190522
63,3,0.50,0.992509231542678
63,3,0.55,0.9813572849991008
63,3,0.60,0.9785582374265771
63,3,0.65,0.9864869571245215
63,3,0.70,0.985972989208308
63,3,0.75,0.9931575108412027
63,3,0.80,0.9932367600248626
63,3,0.85,0.9959151445055957
63,3,0.90,0.990226035284058
63,3,0.95,0.9926573571632328
63,4,0.05,0.5442337719907226
63,4,0.10,0.575271240616337
63,4,0.15,0.9274918980590644
63,4,0.20,0.49907789814703185
63,4,0.25,0.9680296789709385
63,4,0.30,0.8653120213699892
63,4,0.35,0.9416455423396299
63,4,0.40,0.9788757948059321
63,4,0.45,0.9833941124672173
63,4,0.50,0.9262323009943264
63,4,0.55,0.9726543701908837
63,4,0.60,0.9855867683439553
63,4,0.65,0.9689944023564865
63,4,0.70,0.966331227199352
63,4,0.75,0.9855047221745926
63,4,0.80,0.9847871370639804
63,4,0.85,0.9819011744308164
63,4,0.90,0.980876621039473
63,4,0.95,0.9908073788559891
63,5,0.05,-1.089622008453508
63,5,0.10,0.3916789725247797
63,5,0.15,0.8342727162712591
63,5,0.20,0.7465311248973221
63,5,0.25,0.6985631995558335
63,5,0.30,0.8955987374499803
63,5,0.35,0.9749820045788069
63,5,0.40,0.9894911327088937
63,5,0.45,0.9785157068116699
63,5,0.50,0.9823837571127683
63,5,0.55,0.9832511282191134
63,5,0.60,0.9792590547832957
63,5,0.65,0.968995075725116
63,5,0.70,0.9832684531187504
63,5,0.75,0.9519998338122442
63,5,0.80,0.9857311894034906
63,5,0.85,0.9854116650553475
63,5,0.90,0.9955797549653356
63,5,0.95,0.9913822920321015
63,6,0.05,0.8805860485654603
63,6,0.10,0.9133819774585843
63,6,0.15,0.760267807663064
63,6,0.20,0.8855059641732003
63,6,0.25,0.9375264427922305
63,6,0.30,0.9622337238579252
63,6,0.35,0.9273318770985604
63,6,0.40,0.9633349956281563
63,6,0.45,0.9787032944945937
63,6,0.50,0.9540790160370219
63,6,0.55,0.9732205780340184
63,6,0.60,0.9845160335011705
63,6,0.65,0.9905443815244289
63,6,0.70,0.9854460459363801
63,6,0.75,0.9824067142493003
63,6,0.80,0.9902678501142923
63,6,0.85,0.9792746813749817
63,6,0.90,0.9927341887247458
63,6,0.95,0.9944531644856478
63,7,0.05,0.7126887571150297
63,7,0.10,0.38156031134768265
63,7,0.15,0.7390790290727298
63,7,0.20,0.759812445977308
63,7,0.25,0.8706853623110681
63,7,0.30,0.9776847243552166
63,7,0.35,0.9586610386313192
63,7,0.40,0.9532363283343785
63,7,0.45,0.9483728573843667
63,7,0.50,0.9792932110633774
63,7,0.55,0.9826877854990971
63,7,0.60,0.9683056461598886
63,7,0.65,0.978318760620988
63,7,0.70,0.9876129496564997
63,7,0.75,0.9895965284955637
63,7,0.80,0.9900632161727007
63,7,0.85,0.9848023343674951
63,7,0.90,0.9970212722807453
63,7,0.95,0.9955309836940489
63,8,0.05,0.8649294771582159
63,8,0.10,0.8293445539051785
63,8,0.15,0.7704102935471938
63,8,0.20,0.6359080166970099
63,8,0.25,0.8889168117050293
63,8,0.30,0.9780679919984578
63,8,0.35,0.7038633004438215
63,8,0.40,0.9572120500549217
63,8,0.45,0.9811194100586272
63,8,0.50,0.9464494203075079
63,8,0.55,0.977122078512547
63,8,0.60,0.9835949996482235
63,8,0.65,0.9905681939063994
63,8,0.70,0.9870803616355127
63,8,0.75,0.9711087945121577
63,8,0.80,0.9751093410565722
63,8,0.85,0.995285035952342
63,8,0.90,0.9954179689550335
63,8,0.95,0.987921859003988
63,9,0.05,0.8629903993336105
63,9,0.10,0.45333724558195676
63,9,0.15,0.8848807705054197
63,9,0.20,0.7649281713652527
63,9,0.25,0.7815582767407359
63,9,0.30,0.9193866492887662
63,9,0.35,0.8923294451773858
63,9,0.40,0.9667420663152952
63,9,0.45,0.9796687333975463
63,9,0.50,0.9805481286249942
63,9,0.55,0.980833513096488
63,9,0.60,0.9884832015280439
63,9,0.65,0.9882708982592958
63,9,0.70,0.9804958620714568
63,9,0.75,0.975053982246895
63,9,0.80,0.9932320864097997
63,9,0.85,0.9955916227535409
63,9,0.90,0.9926149729009831
63,9,0.95,0.9941849870628102
64,0,0.05,0.5182262704760965
64,0,0.10,0.8587430709543538
64,0,0.15,0.844915899240726
64,0,0.20,0.6683136581081932
64,0,0.25,0.9020950546639063
64,0,0.30,0.901987278788095
64,0,0.35,0.9614981945667695
64,0,0.40,0.9854438869023666
64,0,0.45,0.9315819681374964
64,0,0.50,0.9406151625833631
64,0,0.55,0.9643581661048729
64,0,0.60,0.9913850548364513
64,0,0.65,0.9795382603029853
64,0,0.70,0.9924976306396175
64,0,0.75,0.9859411698624924
64,0,0.80,0.9357454950306598
64,0,0.85,0.9908373124491249
64,0,0.90,0.9946302551557555
64,0,0.95,0.9964792744491452
64,1,0.05,0.7747605022889853
64,1,0.10,0.7903987774761616
64,1,0.15,0.870558927389347
64,1,0.20,0.7353748144137076
64,1,0.25,0.8482664589258507
64,1,0.30,0.8422073586242689
64,1,0.35,0.8980193540169281
64,1,0.40,0.8486670215759234
64,1,0.45,0.9867790273707873
64,1,0.50,0.9675262088912224
64,1,0.55,0.911285789079071
64,1,0.60,0.9724735022827886
64,1,0.65,0.9860116505181189
64,1,0.70,0.9859548427876645
64,1,0.75,0.9952213726493304
64,1,0.80,0.9763849193014782
64,1,0.85,0.9922319854889409
64,1,0.90,0.9915148180380816
64,1,0.95,0.9770036916315881
64,2,0.05,0.3724662215991438
64,2,0.10,0.6482414127030209
64,2,0.15,0.75994004470672
64,2,0.20,0.8253404670040866
64,2,0.25,0.5755084435738038
64,2,0.30,0.829703420105695
64,2,0.35,0.9294322704287103
64,2,0.40,0.850890676388553
64,2,0.45,0.8895696227363155
64,2,0.50,0.9092890246963425
64,2,0.55,0.9917130214969063
64,2,0.60,0.9804606568836806
64,2,0.65,0.9781891290756914
64,2,0.70,0.97336458675608
64,2,0.75,0.9926408942960557
64,2,0.80,0.9866123334341449
64,2,0.85,0.9932058471394638
64,2,0.90,0.9950053458770123
64,2,0.95,0.9973267611688013
64,3,0.05,0.8831314340349736
64,3,0.10,0.8631974303210811
64,3,0.15,0.8149509565840416
64,3,0.20,0.6890670275619879
64,3,0.25,0.9579875895739709
64,3,0.30,0.9314528956007887
64,3,0.35,0.9759299014382719
64,3,0.40,0.9219102118631259
64,3,0.45,0.9279764824295658
64,3,0.50,0.9503409531420043
64,3,0.55,0.9856397643279793
64,3,0.60,0.9917375660478115
64,3,0.65,0.9785560710192149
64,3,0.70,0.9836177758794209
64,3,0.75,0.9793676269421029
64,3,0.80,0.9891356177113875
64,3,0.85,0.9941181646783355
64,3,0.90,0.9960642737275835
64,3,0.95,0.9930237912070115
64,4,0.05,0.7229649349001753
64,4,0.10,0.6588350775409959
64,4,0.15,0.8756689189444533
64,4,0.20,0.5238195255728024
64,4,0.25,0.8375674499126191
64,4,0.30,0.9030562277399354
64,4,0.35,0.9129865780632899
64,4,0.40,0.9574216977215846
64,4,0.45,0.9735907739976828
64,4,0.50,0.9477780513752065
64,4,0.55,0.9907582119657504
64,4,0.60,0.9744843119150283
64,4,0.65,0.9876118990056236
64,4,0.70,0.9932511047319192
64,4,0.75,0.9534981656386813
64,4,0.80,0.9871001065631059
64,4,0.85,0.9935829740611656
64,4,0.90,0.994372358984159
64,4,0.95,0.989578544290907
64,5,0.05,0.933003610332001
64,5,0.10,0.6595395592632525
64,5,0.15,0.9369671857238823
64,5,0.20,0.7019314054163568
64,5,0.25,0.8207300212987492
64,5,0.30,0.8721600383748145
64,5,0.35,0.844455605448137
64,5,0.40,0.9459952188580456
64,5,0.45,0.957173752319283
64,5,0.50,0.9266593182791478
64,5,0.55,0.9738377858035682
64,5,0.60,0.9867310289511974
64,5,0.65,0.9633170966517082
64,5,0.70,0.9840346707076248
64,5,0.75,0.9893970935806451
64,5,0.80,0.9842238255191128
64,5,0.85,0.9920998668575624
64,5,0.90,0.9842051605121808
64,5,0.95,0.9933537393673
64,6,0.05,0.2246062429158333
64,6,0.10,0.7464815785385337
64,6,0.15,0.90243749435447
64,6,0.20,0.9216078881512828
64,6,0.25,0.8459337911629436
64,6,0.30,0.824107309802204
64,6,0.35,0.9568904876168222
64,6,0.40,0.863122127719711
64,6,0.45,0.9780533601812337
64,6,0.50,0.9375841648989419
64,6,0.55,0.9459252835757064
64,6,0.60,0.9892640107986651
64,6,0.65,0.9763102077347605
64,6,0.70,0.9847124724727658
64,6,0.75,0.9945465939075222
64,6,0.80,0.9868279163484545
64,6,0.85,0.9940874211363491
64,6,0.90,0.9900801896524329
64,6,0.95,0.9978540519703245
64,7,0.05,0.28107030282206846
64,7,0.10,0.46246442668824006
64,7,0.15,0.8937846368484839
64,7,0.20,0.8289734660880034
64,7,0.25,0.6578127038186945
64,7,0.30,0.8745325799989251
64,7,0.35,0.8400890985183275
64,7,0.40,0.8584189451778281
64,7,0.45,0.9090932486703853
64,7,0.50,0.9888305145315421
64,7,0.55,0.9520419057677093
64,7,0.60,0.9928225135243601
64,7,0.65,0.9846206297105798
64,7,0.70,0.988688020989907
64,7,0.75,0.9883071803156144
64,7,0.80,0.9945070196697644
64,7,0.85,0.9904396859887192
64,7,0.90,0.9860956128126904
64,7,0.95,0.9972925801952346
64,8,0.05,0.0518718088946587
64,8,0.10,0.6311075479208508
64,8,0.15,0.17927610180526665
64,8,0.20,0.5537635373207612
64,8,0.25,0.8706313729603824
64,8,0.30,0.8194509303455819
64,8,0.35,0.8765461276718974
64,8,0.40,0.8850421241851358
64,8,0.45,0.9775900226771418
64,8,0.50,0.9659356057151459
64,8,0.55,0.9429839859814256
64,8,0.60,0.9824823680744891
64,8,0.65,0.9834251372682788
64,8,0.70,0.9875910504678576
64,8,0.75,0.9868269434972248
64,8,0.80,0.973501312827238
64,8,0.85,0.990235701708545
64,8,0.90,0.9938506458969396
64,8,0.95,0.9950129038147489
64,9,0.05,0.5955980362107114
64,9,0.10,0.8930333619011912
64,9,0.15,0.9544415497295922
64,9,0.20,0.645931217681179
64,9,0.25,0.9057716664782244
64,9,0.30,0.8847552179187346
64,9,0.35,0.9115115403699924
64,9,0.40,0.9676356189299528
64,9,0.45,0.9582195081979591
64,9,0.50,0.9729552873286462
64,9,0.55,0.9044661961215742
64,9,0.60,0.9765733585274098
64,9,0.65,0.9786074922765406
64,9,0.70,0.972405735881248
64,9,0.75,0.9936535401922698
64,9,0.80,0.980269600940915
64,9,0.85,0.9780055315042896
64,9,0.90,0.9808057237772155
64,9,0.95,0.9958913356254147
65,0,0.05,0.6976346712703496
65,0,0.10,0.8830125535520279
65,0,0.15,0.7817396447474239
65,0,0.20,0.8437486577509399
65,0,0.25,0.9380757244885622
65,0,0.30,0.8963254790789347
65,0,0.35,0.8784507785548402
65,0,0.40,0.9621579897168384
65,0,0.45,0.9684829435703489
65,0,0.50,0.9904701987934516
65,0,0.55,0.9795646415147221
65,0,0.60,0.9939332519318486
65,0,0.65,0.9859923107312849
65,0,0.70,0.9593559349883433
65,0,0.75,0.9933404869792694
65,0,0.80,0.9930332520000661
65,0,0.85,0.9933369435826844
65,0,0.90,0.9951793284917221
65,0,0.95,0.9914460525478795
65,1,0.05,-0.6252284464154683
65,1,0.10,0.5955699088913866
65,1,0.15,0.9033255224739939
65,1,0.20,0.9188494072448107
65,1,0.25,0.8788769909698297
65,1,0.30,0.8639774154556319
65,1,0.35,0.9264662130635715
65,1,0.40,0.9363007926249395
65,1,0.45,0.9673894578526955
65,1,0.50,0.9471174297081427
65,1,0.55,0.981241690428238
65,1,0.60,0.9917648712205267
65,1,0.65,0.9897885114075583
65,1,0.70,0.9700482066680591
65,1,0.75,0.9314582847338031
65,1,0.80,0.993937063743247
65,1,0.85,0.9933514750340623
65,1,0.90,0.9940540327764729
65,1,0.95,0.9951814667081349
65,2,0.05,-1.3116789964969247
65,2,0.10,0.5549463250519491
65,2,0.15,0.9033133996490207
65,2,0.20,0.9313358290008866
65,2,0.25,0.8796305785195371
65,2,0.30,0.9519766082076476
65,2,0.35,0.9718577434999514
65,2,0.40,0.952745543555962
65,2,0.45,0.9426557338346127
65,2,0.50,0.962914093645408
65,2,0.55,0.991254836490352
65,2,0.60,0.960405503666508
65,2,0.65,0.9890484521393477
65,2,0.70,0.9859468668253732
65,2,0.75,0.992302957957566
65,2,0.80,0.9946400209713336
65,2,0.85,0.9906553803697659
65,2,0.90,0.9962088841585743
65,2,0.95,0.9956990808419983
65,3,0.05,-0.017063555025050192
65,3,0.10,0.4816576413124596
65,3,0.15,0.8591407898253747
65,3,0.20,0.854618804563484
65,3,0.25,0.9339450096866759
65,3,0.30,0.9155614673833326
65,3,0.35,0.9037463511723596
65,3,0.40,0.8578696336820657
65,3,0.45,0.9064157589229592
65,3,0.50,0.9906205267794932
65,3,0.55,0.9821466606822318
65,3,0.60,0.9831736954985952
65,3,0.65,0.9878357815971586
65,3,0.70,0.9899077309381056
65,3,0.75,0.9946191736134642
65,3,0.80,0.9916577271177722
65,3,0.85,0.9952945336159247
65,3,0.90,0.994828931598651
65,3,0.95,0.9941628373643492
65,4,0.05,0.14952337421639117
65,4,0.10,0.7657403284308053
65,4,0.15,0.9369308040096933
65,4,0.20,0.8893001451496996
65,4,0.25,0.9079691517063727
65,4,0.30,0.9251778267776198
65,4,0.35,0.943606992290419
65,4,0.40,0.9567882786571845
65,4,0.45,0.8697271266427686
65,4,0.50,0.9753831111890021
65,4,0.55,0.9754288941441478
65,4,0.60,0.9836661244507108
65,4,0.65,0.9757168288165227
65,4,0.70,0.9779251430344296
65,4,0.75,0.9894849361744786
65,4,0.80,0.996915447269457
65,4,0.85,0.9787635393535068
65,4,0.90,0.9958641773036985
65,4,0.95,0.995225942028484
65,5,0.05,-0.15354867608023448
65,5,0.10,0.5045235988510216
65,5,0.15,0.8410654998531388
65,5,0.20,0.8050170273089927
65,5,0.25,0.9538493073049085
65,5,0.30,0.8840591953657434
65,5,0.35,0.9517367874607684
65,5,0.40,0.961958976337895
65,5,0.45,0.9754241139878468
65,5,0.50,0.9558819183402802
65,5,0.55,0.9591763997995649
65,5,0.60,0.9881516933672785
65,5,0.65,0.9917998618788578
65,5,0.70,0.9711395611710616
65,5,0.75,0.9885139299279356
65,5,0.80,0.9913857447275443
65,5,0.85,0.9835662035807697
65,5,0.90,0.9936010923862287
65,5,0.95,0.9931322628728078
65,6,0.05,-1.0918865649982537
65,6,0.10,0.7076344418745656
65,6,0.15,0.7836239397348318
65,6,0.20,0.8404791195361088
65,6,0.25,0.9358347163038747
65,6,0.30,0.9294835944175914
65,6,0.35,0.9209931032685321
65,6,0.40,0.931698497839657
65,6,0.45,0.9605431815683715
65,6,0.50,0.9643370430909567
65,6,0.55,0.9691944217552051
65,6,0.60,0.9737913100799863
65,6,0.65,0.9766508606687807
65,6,0.70,0.9788292813522224
65,6,0.75,0.994634358518542
65,6,0.80,0.9954689380536922
65,6,0.85,0.9964526998736789
65,6,0.90,0.9937173111892998
65,6,0.95,0.9943691932088793
65,7,0.05,0.5286830014949064
65,7,0.10,0.7596072846465597
65,7,0.15,0.8046780340209041
65,7,0.20,0.9350649528996634
65,7,0.25,0.9120945647069265
65,7,0.30,0.8930456465248526
65,7,0.35,0.9255002639397226
65,7,0.40,0.9307144640840587
65,7,0.45,0.9805782679557643
65,7,0.50,0.965459379102563
65,7,0.55,0.985698853174723
65,7,0.60,0.9887749095446197
65,7,0.65,0.9450700669619608
65,7,0.70,0.9865510934155265
65,7,0.75,0.9854023044511458
65,7,0.80,0.994339440402658
65,7,0.85,0.9833430512296335
65,7,0.90,0.9938502690830919
65,7,0.95,0.9912789825547175
65,8,0.05,-1.0764944064370838
65,8,0.10,0.3140645929107678
65,8,0.15,0.8260753104469769
65,8,0.20,0.7937493683717525
65,8,0.25,0.9486386402892375
65,8,0.30,0.9171791097244236
65,8,0.35,0.89352436392724
65,8,0.40,0.9646527824257072
65,8,0.45,0.9779814973625983
65,8,0.50,0.965476477236641
65,8,0.55,0.9709458110328129
65,8,0.60,0.9265697980729382
65,8,0.65,0.9714405264734988
65,8,0.70,0.9825721114300872
65,8,0.75,0.9943275263737201
65,8,0.80,0.9921558381915727
65,8,0.85,0.9939994311715307
65,8,0.90,0.9892901750517747
65,8,0.95,0.9959518314404315
65,9,0.05,0.17736029847047974
65,9,0.10,0.8533105978984723
65,9,0.15,0.9287742983531753
65,9,0.20,0.8801444235503636
65,9,0.25,0.8672186338702217
65,9,0.30,0.9235988261706826
65,9,0.35,0.9283701009297531
65,9,0.40,0.9507367534354062
65,9,0.45,0.9654071146559337
65,9,0.50,0.9842602714590185
65,9,0.55,0.9728020403692312
65,9,0.60,0.9735768264241195
65,9,0.65,0.9919865587430264
65,9,0.70,0.9875177844311159
65,9,0.75,0.9943917480595804
65,9,0.80,0.9942237128066653
65,9,0.85,0.9918657808254792
65,9,0.90,0.989654205722207
65,9,0.95,0.9947619732339481
66,0,0.05,-3.27158953961286
66,0,0.10,0.8595324193967313
66,0,0.15,0.9144450778305959
66,0,0.20,0.8497239714054594
66,0,0.25,0.910443508149006
66,0,0.30,0.9503469559330442
66,0,0.35,0.8951747942164481
66,0,0.40,0.9865916572926067
66,0,0.45,0.9853265145832718
66,0,0.50,0.9683494201104709
66,0,0.55,0.9773219093645917
66,0,0.60,0.9817152729520162
66,0,0.65,0.9851365887017735
66,0,0.70,0.9845867491694745
66,0,0.75,0.9833968904163298
66,0,0.80,0.9911922034288684
66,0,0.85,0.9951798282695601
66,0,0.90,0.9846345027837414
66,0,0.95,0.9957541522366036
66,1,0.05,0.1919655069583046
66,1,0.10,0.8544529158724923
66,1,0.15,0.7721362495533153
66,1,0.20,0.8362203090399486
66,1,0.25,0.8308117331090918
66,1,0.30,0.9644228941382766
66,1,0.35,0.9556843653163449
66,1,0.40,0.8977955769191805
66,1,0.45,0.972914357540632
66,1,0.50,0.913861672155013
66,1,0.55,0.9682237121586723
66,1,0.60,0.9845266980267288
66,1,0.65,0.961763814098608
66,1,0.70,0.9766872258625268
66,1,0.75,0.9942872966089881
66,1,0.80,0.9928718908408468
66,1,0.85,0.9918809428517805
66,1,0.90,0.9834768320795626
66,1,0.95,0.9952070557248185
66,2,0.05,0.17697478083734297
66,2,0.10,0.7898927940459148
66,2,0.15,0.726214351829443
66,2,0.20,0.7782258512701674
66,2,0.25,0.8880021321055271
66,2,0.30,0.8009733820746255
66,2,0.35,0.966527351624824
66,2,0.40,0.9508344796008746
66,2,0.45,0.9204356032680135
66,2,0.50,0.962707635456262
66,2,0.55,0.9632278092556461
66,2,0.60,0.9870390976531317
66,2,0.65,0.9785128140801679
66,2,0.70,0.9946189854642723
66,2,0.75,0.993894849499763
66,2,0.80,0.9737975350279708
66,2,0.85,0.9883309307907283
66,2,0.90,0.9931086416683221
66,2,0.95,0.9938881490464486
66,3,0.05,0.15027108329409078
66,3,0.10,0.9289636722205669
66,3,0.15,0.8943417483281302
66,3,0.20,0.8743167613666853
66,3,0.25,0.6580629926216695
66,3,0.30,0.9824222872883387
66,3,0.35,0.8767624080842686
66,3,0.40,0.9536288385655664
66,3,0.45,0.9338434067296755
66,3,0.50,0.9842529692077873
66,3,0.55,0.9601393547090554
66,3,0.60,0.992713136402059
66,3,0.65,0.950673076759293
66,3,0.70,0.9710524472245127
66,3,0.75,0.9895130509336462
66,3,0.80,0.9925576297162633
66,3,0.85,0.9952193423399827
66,3,0.90,0.9930791751477968
66,3,0.95,0.9917146504074464
66,4,0.05,0.8440742597705649
66,4,0.10,0.28343333263939474
66,4,0.15,0.8560008248434221
66,4,0.20,0.8780950934155213
66,4,0.25,0.9345247584646343
66,4,0.30,0.7800873640423738
66,4,0.35,0.9831597773281799
66,4,0.40,0.9810957409690035
66,4,0.45,0.9610326598983512
66,4,0.50,0.9810073558275776
66,4,0.55,0.9735888736156524
66,4,0.60,0.9831326873900916
66,4,0.65,0.9927491289080844
66,4,0.70,0.9919927890636664
66,4,0.75,0.9920815318829779
66,4,0.80,0.9720142841516354
66,4,0.85,0.9870171494327158
66,4,0.90,0.9923195392491907
66,4,0.95,0.9843392134492133
66,5,0.05,0.7834876960883608
66,5,0.10,0.6289819949293372
66,5,0.15,0.8656983982399424
66,5,0.20,0.8226850905626519
66,5,0.25,0.9476500465120217
66,5,0.30,0.9796621003191747
66,5,0.35,0.9787095101364949
66,5,0.40,0.940699813969815
66,5,0.45,0.9838001754201855
66,5,0.50,0.9552405365759116
66,5,0.55,0.8952346373479414
66,5,0.60,0.979142079929283
66,5,0.65,0.9454401962051909
66,5,0.70,0.9949479637992423
66,5,0.75,0.9898124378527321
66,5,0.80,0.9910823213993837
66,5,0.85,0.9904633897343285
66,5,0.90,0.9929438424599816
66,5,0.95,0.9969139370184023
66,6,0.05,0.7821729877565666
66,6,0.10,0.38135156801733383
66,6,0.15,0.8759955329284953
66,6,0.20,0.8745474287211539
66,6,0.25,0.9468194227071004
66,6,0.30,0.9636351139442562
66,6,0.35,0.9346026850193588
66,6,0.40,0.9207299007816783
66,6,0.45,0.910320824080328
66,6,0.50,0.9717517893212734
66,6,0.55,0.9445315375379915
66,6,0.60,0.9772682387857955
66,6,0.65,0.9868885705653704
66,6,0.70,0.9938263875653374
66,6,0.75,0.9957495823083602
66,6,0.80,0.9889807558566284
66,6,0.85,0.9801350650110395
66,6,0.90,0.9915896552018898
66,6,0.95,0.9973101214154201
66,7,0.05,0.770841749431767
66,7,0.10,0.7132138152374835
66,7,0.15,0.8434994893665986
66,7,0.20,0.9540139668756776
66,7,0.25,0.9307564997381912
66,7,0.30,0.9574247655438817
66,7,0.35,0.787405878323084
66,7,0.40,0.9558280325409045
66,7,0.45,0.9775348250395839
66,7,0.50,0.8817259457770784
66,7,0.55,0.9907546700844807
66,7,0.60,0.9575136773377698
66,7,0.65,0.9719874797631712
66,7,0.70,0.983461977466434
66,7,0.75,0.987014058017593
66,7,0.80,0.9949968914427707
66,7,0.85,0.9906022370983664
66,7,0.90,0.994048123974933
66,7,0.95,0.9920224189963627
66,8,0.05,0.5335991796224031
66,8,0.10,0.8459126966143928
66,8,0.15,0.9068094157978468
66,8,0.20,0.9283530572737998
66,8,0.25,0.9017395975524568
66,8,0.30,0.9385154452679381
66,8,0.35,0.9538843358839404
66,8,0.40,0.8928963802537335
66,8,0.45,0.897537729695541
66,8,0.50,0.9624939578115035
66,8,0.55,0.9924474823579715
66,8,0.60,0.9891113858855115
66,8,0.65,0.9953607495431297
66,8,0.70,0.9650220775579453
66,8,0.75,0.9863323119626071
66,8,0.80,0.9943961847813836
66,8,0.85,0.9831567870489096
66,8,0.90,0.9946225694011879
66,8,0.95,0.9950232899463468
66,9,0.05,0.7104239226396137
66,9,0.10,0.9119824934644537
66,9,0.15,0.9170798318814796
66,9,0.20,0.7536222657535755
66,9,0.25,0.813167293916732
66,9,0.30,0.9745985014298626
66,9,0.35,0.9136832975989548
66,9,0.40,0.8913923317990682
66,9,0.45,0.9821618888401019
66,9,0.50,0.945316976967303
66,9,0.55,0.9828334543027724
66,9,0.60,0.986285324891225
66,9,0.65,0.9918406011595459
66,9,0.70,0.9820015831520845
66,9,0.75,0.9926363126768543
66,9,0.80,0.994190866204943
66,9,0.85,0.9884847596080617
66,9,0.90,0.9954596587838863
66,9,0.95,0.9950517645088286
67,0,0.05,0.44786934718231863
67,0,0.10,0.8973616657396313
67,0,0.15,0.8737340613021012
67,0,0.20,0.8827711369078453
67,0,0.25,0.9659487733364325
67,0,0.30,0.9213649255209431
67,0,0.35,0.9169864297635122
67,0,0.40,0.948333319976434
67,0,0.45,0.9582265029867435
67,0,0.50,0.9852185777110581
67,0,0.55,0.970022057064529
67,0,0.60,0.9808465389338856
67,0,0.65,0.9693768346062347
67,0,0.70,0.9871037847791966
67,0,0.75,0.9832046630444321
67,0,0.80,0.9922920084141017
67,0,0.85,0.9935219554303781
67,0,0.90,0.9946506700041561
67,0,0.95,0.9924866232630756
67,1,0.05,0.6247578933128737
67,1,0.10,0.8068831316513314
67,1,0.15,0.7957745684236307
67,1,0.20,0.7903340420066016
67,1,0.25,0.9045264529478931
67,1,0.30,0.9658214679873702
67,1,0.35,0.9515928438508399
67,1,0.40,0.9526611549006876
67,1,0.45,0.971263150328921
67,1,0.50,0.9814883741499654
67,1,0.55,0.9785575233040579
67,1,0.60,0.9870614515532312
67,1,0.65,0.9741544666532876
67,1,0.70,0.9777953112971954
67,1,0.75,0.9544877022512706
67,1,0.80,0.9944070780923946
67,1,0.85,0.996176999691718
67,1,0.90,0.9954183157972655
67,1,0.95,0.9925355407497132
67,2,0.05,0.6145029796156876
67,2,0.10,0.800195485978055
67,2,0.15,0.8308761524933418
67,2,0.20,0.8847139511213393
67,2,0.25,0.8718251558655096
67,2,0.30,0.8465128428482657
67,2,0.35,0.9251872839921377
67,2,0.40,0.973616793333868
67,2,0.45,0.9300747949472614
67,2,0.50,0.9716209956779449
67,2,0.55,0.9622663296733045
67,2,0.60,0.9825827855462437
67,2,0.65,0.9766205858743
67,2,0.70,0.9843759173112906
67,2,0.75,0.9808446987462835
67,2,0.80,0.9918566606505682
67,2,0.85,0.9932934777040988
67,2,0.90,0.9953513711564733
67,2,0.95,0.9941067075465426
67,3,0.05,0.7684556130643367
67,3,0.10,0.7375884577850065
67,3,0.15,0.8445865240165918
67,3,0.20,0.7564388864155865
67,3,0.25,0.904835734601257
67,3,0.30,0.9867514604359481
67,3,0.35,0.9159854822569986
67,3,0.40,0.9468156315409896
67,3,0.45,0.9654758574280651
67,3,0.50,0.9716637956080225
67,3,0.55,0.9729364503959999
67,3,0.60,0.9788327967452433
67,3,0.65,0.9681436517844051
67,3,0.70,0.9728233997185846
67,3,0.75,0.9821228960112907
67,3,0.80,0.9930333041371302
67,3,0.85,0.9941155570015999
67,3,0.90,0.9821624186143907
67,3,0.95,0.9949636605805561
67,4,0.05,0.6135266389227731
67,4,0.10,0.16688677527635787
67,4,0.15,0.9532133882263338
67,4,0.20,0.8836908510090458
67,4,0.25,0.7297590310538102
67,4,0.30,0.9383057609861418
67,4,0.35,0.9359355102344284
67,4,0.40,0.9375293119763682
67,4,0.45,0.9745787700153444
67,4,0.50,0.9892926293468576
67,4,0.55,0.9814462902363548
67,4,0.60,0.9775475256690803
67,4,0.65,0.9727677126605405
67,4,0.70,0.9683224547107592
67,4,0.75,0.9899958652633611
67,4,0.80,0.9937000659667885
67,4,0.85,0.9952254166359161
67,4,0.90,0.9931384616126803
67,4,0.95,0.9948377503625426
67,5,0.05,-0.30847621320308427
67,5,0.10,0.6802021034902492
67,5,0.15,0.8456933532885892
67,5,0.20,0.9534733765106969
67,5,0.25,0.9438819092241296
67,5,0.30,0.9517551717338197
67,5,0.35,0.9723504332479168
67,5,0.40,0.9573835414340288
67,5,0.45,0.9682598434063978
67,5,0.50,0.9880986255849579
67,5,0.55,0.969209251068235
67,5,0.60,0.954657403223604
67,5,0.65,0.9662581779412864
67,5,0.70,0.9830711910645503
67,5,0.75,0.9913807355679373
67,5,0.80,0.9841410886409024
67,5,0.85,0.9945633284829326
67,5,0.90,0.9936852974213335
67,5,0.95,0.9966806463289765
67,6,0.05,0.7208951353548032
67,6,0.10,0.7633073320986441
67,6,0.15,0.7783126362647703
67,6,0.20,0.8770004199085873
67,6,0.25,0.9378424114195393
67,6,0.30,0.9232891695168673
67,6,0.35,0.951531204443676
67,6,0.40,0.9494393081786057
67,6,0.45,0.9612997483949794
67,6,0.50,0.962639180245074
67,6,0.55,0.981133253789874
67,6,0.60,0.8853000295216188
67,6,0.65,0.981807745967789
67,6,0.70,0.9894474227103178
67,6,0.75,0.9750259937903631
67,6,0.80,0.9797175661611377
67,6,0.85,0.9758237149437057
67,6,0.90,0.9930627727107086
67,6,0.95,0.9908405047964962
67,7,0.05,0.30147623377728916
67,7,0.10,0.7908835196303173
67,7,0.15,0.7923131857610493
67,7,0.20,0.8765207754241983
67,7,0.25,0.9687871089175694
67,7,0.30,0.8680798079526936
67,7,0.35,0.8070778788245125
67,7,0.40,0.9222839343913387
67,7,0.45,0.9403916967542646
67,7,0.50,0.9550701720880845
67,7,0.55,0.990247584133949
67,7,0.60,0.9643712111285936
67,7,0.65,0.9717305671588119
67,7,0.70,0.9846625422629585
67,7,0.75,0.9724884241622505
67,7,0.80,0.9758459841048319
67,7,0.85,0.9751729805379309
67,7,0.90,0.9928000865359968
67,7,0.95,0.9965018577947525
67,8,0.05,0.5841490163898536
67,8,0.10,0.7444732916868485
67,8,0.15,0.8836219570623278
67,8,0.20,0.9378196075552219
67,8,0.25,0.9353080205184747
67,8,0.30,0.954947537210032
67,8,0.35,0.8539322831041395
67,8,0.40,0.8542591276972572
67,8,0.45,0.8617039606793451
67,8,0.50,0.9686266867504327
67,8,0.55,0.9786756658944611
67,8,0.60,0.9519291992064625
67,8,0.65,0.969283321414506
67,8,0.70,0.96472389740648
67,8,0.75,0.9938347242229811
67,8,0.80,0.9951028033843935
67,8,0.85,0.9913508990244636
67,8,0.90,0.9920566929636992
67,8,0.95,0.9953759039627209
67,9,0.05,0.9295066131769371
67,9,0.10,0.9025407974452793
67,9,0.15,0.8260507062534552
67,9,0.20,0.7649559453819625
67,9,0.25,0.7831334835093336
67,9,0.30,0.9041122838415916
67,9,0.35,0.8883604661466877
67,9,0.40,0.9211979638498196
67,9,0.45,0.9621864181011524
67,9,0.50,0.9801363929878978
67,9,0.55,0.9665358096607901
67,9,0.60,0.9755476587373125
67,9,0.65,0.9826567414512324
67,9,0.70,0.9904225634103198
67,9,0.75,0.9907768603393949
67,9,0.80,0.9929331959596754
67,9,0.85,0.988378902801747
67,9,0.90,0.9946566864401032
67,9,0.95,0.9958917507364696
68,0,0.05,0.8985222536660404
68,0,0.10,0.7290034712405795
68,0,0.15,0.6791631589200573
68,0,0.20,0.6308382145981988
68,0,0.25,0.9629638120264741
68,0,0.30,0.8451669830793128
68,0,0.35,0.7794369638391514
68,0,0.40,0.9312148424862952
68,0,0.45,0.9260248436567532
68,0,0.50,0.9764303184739871
68,0,0.55,0.9709866596993435
68,0,0.60,0.9732610459620169
68,0,0.65,0.9895351815301724
68,0,0.70,0.9737305798370187
68,0,0.75,0.991457600713607
68,0,0.80,0.9939178357435868
68,0,0.85,0.9958102585266052
68,0,0.90,0.9940220416829629
68,0,0.95,0.9957984038791151
68,1,0.05,0.7733173740827612
68,1,0.10,0.8787143901919154
68,1,0.15,0.8831805771849512
68,1,0.20,0.8882720497931804
68,1,0.25,0.7913322710139581
68,1,0.30,0.9610963717838477
68,1,0.35,0.8731394746353227
68,1,0.40,0.9738964951466369
68,1,0.45,0.9751762583321331
68,1,0.50,0.9661420002159277
68,1,0.55,0.9650130367727133
68,1,0.60,0.9775043762441176
68,1,0.65,0.9919363031939891
68,1,0.70,0.9892491012526763
68,1,0.75,0.9907921880876984
68,1,0.80,0.9930931352876234
68,1,0.85,0.9767090363726143
68,1,0.90,0.9940690036825011
68,1,0.95,0.994640784869794
68,2,0.05,0.03894552844460919
68,2,0.10,0.7903691764491722
68,2,0.15,0.7850037183714478
68,2,0.20,0.9040100824112975
68,2,0.25,0.9118951561569321
68,2,0.30,0.9472008100583749
68,2,0.35,0.969377073536714
68,2,0.40,0.973646572963794
68,2,0.45,0.9659562390888442
68,2,0.50,0.9817382723294859
68,2,0.55,0.9583351787457288
68,2,0.60,0.9906777010619378
68,2,0.65,0.9763039984149763
68,2,0.70,0.9725224842028571
68,2,0.75,0.9952359856825008
68,2,0.80,0.9908689088575072
68,2,0.85,0.9960244953959273
68,2,0.90,0.9898179745132198
68,2,0.95,0.9820497511274928
68,3,0.05,0.5692296655235137
68,3,0.10,0.4093618393096059
68,3,0.15,0.41093951177414245
68,3,0.20,0.8958632963541602
68,3,0.25,0.8373304771205178
68,3,0.30,0.8706255729864076
68,3,0.35,0.8554900706879706
68,3,0.40,0.9570223406980858
68,3,0.45,0.9457045635502442
68,3,0.50,0.9694460423855232
68,3,0.55,0.966805573447085
68,3,0.60,0.9718090110850516
68,3,0.65,0.9919716532476563
68,3,0.70,0.9700342340717811
68,3,0.75,0.9895139475997504
68,3,0.80,0.9902212037556717
68,3,0.85,0.9959722358367458
68,3,0.90,0.9904994086056526
68,3,0.95,0.9937083133746932
68,4,0.05,0.929458699564583
68,4,0.10,0.5027490949798239
68,4,0.15,0.8671102925422889
68,4,0.20,0.9058555697399031
68,4,0.25,0.7441759526761464
68,4,0.30,0.9597011117056408
68,4,0.35,0.9676802218750368
68,4,0.40,0.9691277098557703
68,4,0.45,0.9767070177986522
68,4,0.50,0.9545045336546436
68,4,0.55,0.9626293167346796
68,4,0.60,0.9854510078641
68,4,0.65,0.9243093850516289
68,4,0.70,0.9852870357131914
68,4,0.75,0.9777465178831276
68,4,0.80,0.9811400676726669
68,4,0.85,0.9817551701961241
68,4,0.90,0.9931968106634621
68,4,0.95,0.9944551277851191
68,5,0.05,0.613002970838043
68,5,0.10,0.4604968157572916
68,5,0.15,0.7207295220869239
68,5,0.20,0.7348092221111999
68,5,0.25,0.8659109364263101
68,5,0.30,0.8999254953562107
68,5,0.35,0.8700779411581887
68,5,0.40,0.9421156453240624
68,5,0.45,0.9663292240323625
68,5,0.50,0.9708310397557389
68,5,0.55,0.95031463784277
68,5,0.60,0.9864321900644031
68,5,0.65,0.9875537779130376
68,5,0.70,0.9814436522934588
68,5,0.75,0.9921197193047517
68,5,0.80,0.9801664902137438
68,5,0.85,0.9864714252131233
68,5,0.90,0.9925104371213314
68,5,0.95,0.9482942469228369
68,6,0.05,0.6320388073927603
68,6,0.10,0.7962532977151574
68,6,0.15,0.8945796938302455
68,6,0.20,0.9258684856853978
68,6,0.25,0.8970878297696983
68,6,0.30,0.8644677436483359
68,6,0.35,0.8817719688436267
68,6,0.40,0.9508283338631491
68,6,0.45,0.9692016574705673
68,6,0.50,0.9685330761621752
68,6,0.55,0.9678677522425225
68,6,0.60,0.9677971114962651
68,6,0.65,0.9787783754310418
68,6,0.70,0.9880887837436506
68,6,0.75,0.9784078659107311
68,6,0.80,0.9884125923370389
68,6,0.85,0.9964946926287493
68,6,0.90,0.9959453568246476
68,6,0.95,0.989436499665704
68,7,0.05,-1.523837001777001
68,7,0.10,0.4100702297986738
68,7,0.15,0.7783068182178654
68,7,0.20,0.8414900433438652
68,7,0.25,0.7979704846648537
68,7,0.30,0.8861633013385831
68,7,0.35,0.9655861511084501
68,7,0.40,0.9756754066258455
68,7,0.45,0.9533858490298183
68,7,0.50,0.9868481279526213
68,7,0.55,0.9282977895034416
68,7,0.60,0.9796384510595562
68,7,0.65,0.9858439196836649
68,7,0.70,0.9888023573543555
68,7,0.75,0.9794372626433209
68,7,0.80,0.9875362542945881
68,7,0.85,0.9948122226670318
68,7,0.90,0.9911507766482079
68,7,0.95,0.993841996847365
68,8,0.05,0.821538696164101
68,8,0.10,0.48056072224207513
68,8,0.15,0.5402999089116685
68,8,0.20,0.8632056750808595
68,8,0.25,0.950321893026064
68,8,0.30,0.783316313331681
68,8,0.35,0.9614496987525101
68,8,0.40,0.973867574317131
68,8,0.45,0.9052044669226595
68,8,0.50,0.9542178240604833
68,8,0.55,0.9758334293697566
68,8,0.60,0.9812804748926012
68,8,0.65,0.9730062717164748
68,8,0.70,0.9808612887755336
68,8,0.75,0.9817848784549225
68,8,0.80,0.9850019562345825
68,8,0.85,0.9811605444281887
68,8,0.90,0.9912316159905725
68,8,0.95,0.9936341910133308
68,9,0.05,-0.18338018289653357
68,9,0.10,0.941363066821989
68,9,0.15,0.9105281105015873
68,9,0.20,0.9348650059158643
68,9,0.25,0.8025840618319778
68,9,0.30,0.8943851901060077
68,9,0.35,0.9391537235316443
68,9,0.40,0.9297953068654473
68,9,0.45,0.9666997087734687
68,9,0.50,0.9804949028774466
68,9,0.55,0.9627076575788569
68,9,0.60,0.9554248581389904
68,9,0.65,0.9538829892670627
68,9,0.70,0.9821766677808814
68,9,0.75,0.9900432066702
68,9,0.80,0.9899753734663527
68,9,0.85,0.9886845990869496
68,9,0.90,0.985940873128325
68,9,0.95,0.9958027522662821
69,0,0.05,-0.3405784211500318
69,0,0.10,0.6967209396965613
69,0,0.15,0.6511275502269779
69,0,0.20,0.5932973323686908
69,0,0.25,0.7732036554587015
69,0,0.30,0.8374299942186154
69,0,0.35,0.9565793986035682
69,0,0.40,0.9641781407620332
69,0,0.45,0.9002752850591237
69,0,0.50,0.9752020069650253
69,0,0.55,0.9754077665088172
69,0,0.60,0.9576053383981156
69,0,0.65,0.9829942668214278
69,0,0.70,0.9804768495866792
69,0,0.75,0.9905038633182958
69,0,0.80,0.9637546147714998
69,0,0.85,0.9895498923590486
69,0,0.90,0.9901131001659498
69,0,0.95,0.9948787246862182
69,1,0.05,0.7201483465111531
69,1,0.10,0.6012774670585985
69,1,0.15,0.757299250367637
69,1,0.20,0.7367807976626665
69,1,0.25,0.9600646906565575
69,1,0.30,0.9579743784482423
69,1,0.35,0.9593993693328624
69,1,0.40,0.9524152753112092
69,1,0.45,0.9571472271860265
69,1,0.50,0.9742412801871809
69,1,0.55,0.9800576441967026
69,1,0.60,0.9810518522812516
69,1,0.65,0.9745262176923217
69,1,0.70,0.9897412885293463
69,1,0.75,0.9956411561561567
69,1,0.80,0.9844750086498824
69,1,0.85,0.9898667158943262
69,1,0.90,0.9946449771144231
69,1,0.95,0.9938224357060503
69,2,0.05,0.7620322048558938
69,2,0.10,0.5737231260282645
69,2,0.15,0.8844474468431462
69,2,0.20,0.8095994310975758
69,2,0.25,0.8979749753397255
69,2,0.30,0.9243991549382669
69,2,0.35,0.968237943445598
69,2,0.40,0.9506613916066886
69,2,0.45,0.9799459508916453
69,2,0.50,0.9785066506222643
69,2,0.55,0.9799417889326206
69,2,0.60,0.9478778690395181
69,2,0.65,0.984572299984259
69,2,0.70,0.9896784376878646
69,2,0.75,0.9875413943914311
69,2,0.80,0.9907122691275972
69,2,0.85,0.9890014820136438
69,2,0.90,0.9925165731450626
69,2,0.95,0.99403750048161
69,3,0.05,0.05668135633269655
69,3,0.10,0.23255226045889776
69,3,0.15,0.6012009027910166
69,3,0.20,0.6328945302202723
69,3,0.25,0.9004136641075258
69,3,0.30,0.8980187960131369
69,3,0.35,0.9140819523761107
69,3,0.40,0.9539137316932822
69,3,0.45,0.960544508670427
69,3,0.50,0.9755323554703335
69,3,0.55,0.9675544399075547
69,3,0.60,0.9826223559274222
69,3,0.65,0.989380631799907
69,3,0.70,0.9900482166412914
69,3,0.75,0.9852225020382138
69,3,0.80,0.9892050197466745
69,3,0.85,0.9953134915481101
69,3,0.90,0.9955169817772177
69,3,0.95,0.9962150781514802
69,4,0.05,0.6002581882800464
69,4,0.10,0.12282823611406446
69,4,0.15,0.6610461080425452
69,4,0.20,0.9423426531264514
69,4,0.25,0.9010308658376448
69,4,0.30,0.8837474966098584
69,4,0.35,0.8426694428832017
69,4,0.40,0.9419233452275089
69,4,0.45,0.9760258361605524
69,4,0.50,0.98194672142544
69,4,0.55,0.9442765719269154
69,4,0.60,0.962205467077823
69,4,0.65,0.9880285368537197
69,4,0.70,0.9876122736482442
69,4,0.75,0.9877814910299094
69,4,0.80,0.9937862082800033
69,4,0.85,0.99322849644893
69,4,0.90,0.9935966906055719
69,4,0.95,0.9964183500983839
69,5,0.05,0.6075913639553696
69,5,0.10,0.8233274275793961
69,5,0.15,0.7694901909457827
69,5,0.20,0.8827313903381404
69,5,0.25,0.9227689299588748
69,5,0.30,0.9562544797178653
69,5,0.35,0.913435105803648
69,5,0.40,0.9407945593066992
69,5,0.45,0.9736023287483361
69,5,0.50,0.9741649116964434
69,5,0.55,0.9675967747476186
69,5,0.60,0.973899062061745
69,5,0.65,0.9863033733580828
69,5,0.70,0.9897090750938148
69,5,0.75,0.9888315810992073
69,5,0.80,0.9960190882902906
69,5,0.85,0.9947529300014486
69,5,0.90,0.9945550647606337
69,5,0.95,0.9966202464946906
69,6,0.05,0.7660994686817335
69,6,0.10,0.9297617401362476
69,6,0.15,0.6072401113736268
69,6,0.20,0.8381066350663712
69,6,0.25,0.7696533128727541
69,6,0.30,0.9324974784753307
69,6,0.35,0.9680025152601303
69,6,0.40,0.9585586585297873
69,6,0.45,0.98027092973071
69,6,0.50,0.983519053682448
69,6,0.55,0.9898283746069214
69,6,0.60,0.9806744942230756
69,6,0.65,0.9708723104999964
69,6,0.70,0.9955333515091965
69,6,0.75,0.9918678754049597
69,6,0.80,0.9938728513932203
69,6,0.85,0.9901107738565842
69,6,0.90,0.9936853046878771
69,6,0.95,0.9941512202672738
69,7,0.05,0.6852377857182856
69,7,0.10,0.7563894117355948
69,7,0.15,0.7326022520474531
69,7,0.20,0.762166424674702
69,7,0.25,0.8576088696142379
69,7,0.30,0.965870542348634
69,7,0.35,0.9604971865832679
69,7,0.40,0.9245148502764096
69,7,0.45,0.9787787803536038
69,7,0.50,0.9684853619893653
69,7,0.55,0.9789001514715392
69,7,0.60,0.9484707762233138
69,7,0.65,0.9843867483984179
69,7,0.70,0.9887277845175022
69,7,0.75,0.9808388366726898
69,7,0.80,0.9861435797569886
69,7,0.85,0.9972766920109074
69,7,0.90,0.9930236199223229
69,7,0.95,0.9968518237699745
69,8,0.05,0.6308343951698054
69,8,0.10,0.7758951825166649
69,8,0.15,0.7805861765450706
69,8,0.20,0.7627785595932925
69,8,0.25,0.7281405657060807
69,8,0.30,0.9237974789476263
69,8,0.35,0.9100703131575287
69,8,0.40,0.9717160798698519
69,8,0.45,0.9646264460161269
69,8,0.50,0.9489963178533442
69,8,0.55,0.984236065103567
69,8,0.60,0.9841224455027541
69,8,0.65,0.9946294783406893
69,8,0.70,0.9852139261454779
69,8,0.75,0.9868578679673727
69,8,0.80,0.9926265068213455
69,8,0.85,0.9958194404593089
69,8,0.90,0.9912241227781124
69,8,0.95,0.9967533977984738
69,9,0.05,-0.7049569255630244
69,9,0.10,0.8335747972622163
69,9,0.15,0.6035242700223735
69,9,0.20,0.7316886444383588
69,9,0.25,0.7487780516520728
69,9,0.30,0.9305975193790257
69,9,0.35,0.9607756682275501
69,9,0.40,0.9426485236801927
69,9,0.45,0.9829787747106393
69,9,0.50,0.940209876995441
69,9,0.55,0.9872438399165289
69,9,0.60,0.983704079883732
69,9,0.65,0.9823843455456427
69,9,0.70,0.9887700813767758
69,9,0.75,0.9928339583880206
69,9,0.80,0.9920951239092713
69,9,0.85,0.9937563226716944
69,9,0.90,0.9949384671172801
69,9,0.95,0.9966259271395059
70,0,0.05,0.7077153875908981
70,0,0.10,0.8763317458233465
70,0,0.15,0.9473475619193502
70,0,0.20,0.9573433098445153
70,0,0.25,0.6149052125055847
70,0,0.30,0.9715777297928447
70,0,0.35,0.9504605825893877
70,0,0.40,0.8070527284638355
70,0,0.45,0.9641816701843084
70,0,0.50,0.9862947294034098
70,0,0.55,0.9839598994004997
70,0,0.60,0.9886366681112079
70,0,0.65,0.9899772429518086
70,0,0.70,0.9932390878819823
70,0,0.75,0.9905607777678576
70,0,0.80,0.9706366906873666
70,0,0.85,0.9965305553108832
70,0,0.90,0.9944468024552281
70,0,0.95,0.9956093922747634
70,1,0.05,0.43929722058592036
70,1,0.10,0.863499431689957
70,1,0.15,0.8783399754840466
70,1,0.20,0.625164056338888
70,1,0.25,0.9543736043674111
70,1,0.30,0.9419519857387735
70,1,0.35,0.9713188447076246
70,1,0.40,0.9895105036763175
70,1,0.45,0.9869330447526945
70,1,0.50,0.9715759413190069
70,1,0.55,0.9918127396322904
70,1,0.60,0.9877658713535006
70,1,0.65,0.9825414898748713
70,1,0.70,0.9900275271346441
70,1,0.75,0.9820277946182527
70,1,0.80,0.9944997824977287
70,1,0.85,0.9950123860303771
70,1,0.90,0.9937917280335408
70,1,0.95,0.9933508061074581
70,2,0.05,0.9003535247323097
70,2,0.10,0.8789232866734951
70,2,0.15,0.9245954754470425
70,2,0.20,0.5963725967232787
70,2,0.25,0.9043602472751566
70,2,0.30,0.89570657783106
70,2,0.35,0.954019692350399
70,2,0.40,0.9352543764128258
70,2,0.45,0.9866464533099817
70,2,0.50,0.9778742202986257
70,2,0.55,0.9699666743671292
70,2,0.60,0.9910652728918259
70,2,0.65,0.9917792239481953
70,2,0.70,0.9921634593739743
70,2,0.75,0.9722737110164765
70,2,0.80,0.9889522619906874
70,2,0.85,0.9912811483727166
70,2,0.90,0.9950131256220703
70,2,0.95,0.9958946844500058
70,3,0.05,0.8359979322983189
70,3,0.10,0.5992430099264934
70,3,0.15,0.8860245377322354
70,3,0.20,0.44187032768171175
70,3,0.25,0.7731727667723085
70,3,0.30,0.9603939399748466
70,3,0.35,0.8558317322379672
70,3,0.40,0.9774972460375855
70,3,0.45,0.9742110342627883
70,3,0.50,0.9609338583777494
70,3,0.55,0.9779954697299439
70,3,0.60,0.9790435954205011
70,3,0.65,0.9883680741611885
70,3,0.70,0.9899046772236425
70,3,0.75,0.9904588326942688
70,3,0.80,0.9914339411180791
70,3,0.85,0.9906540137565335
70,3,0.90,0.9946428137653266
70,3,0.95,0.990824964657635
70,4,0.05,-0.04159439086920114
70,4,0.10,0.5113987674661621
70,4,0.15,0.9023115918127308
70,4,0.20,0.7024560895732546
70,4,0.25,0.8913318922746699
70,4,0.30,0.8385983359375656
70,4,0.35,0.8937693357593508
70,4,0.40,0.9710598948546711
70,4,0.45,0.9174818539638954
70,4,0.50,0.9770393007922904
70,4,0.55,0.9794232258019192
70,4,0.60,0.9937523552822957
70,4,0.65,0.9873403234790595
70,4,0.70,0.9887588463102525
70,4,0.75,0.9926576016609087
70,4,0.80,0.9927756964109486
70,4,0.85,0.9912765387648903
70,4,0.90,0.9810821950961199
70,4,0.95,0.992899711747404
70,5,0.05,0.8431914159216622
70,5,0.10,0.434335752029673
70,5,0.15,0.5830300125564181
70,5,0.20,0.8421967016013363
70,5,0.25,0.7516732809909392
70,5,0.30,0.9691272551712424
70,5,0.35,0.9378648346521786
70,5,0.40,0.9735829699206419
70,5,0.45,0.9603017104352064
70,5,0.50,0.9763921047982462
70,5,0.55,0.9905041329259178
70,5,0.60,0.9866270404044191
70,5,0.65,0.986263680295664
70,5,0.70,0.982008143937272
70,5,0.75,0.9888373663538792
70,5,0.80,0.9876626260241783
70,5,0.85,0.9931419476025689
70,5,0.90,0.9958952704958266
70,5,0.95,0.9941221798905183
70,6,0.05,0.7730334522705637
70,6,0.10,0.9110847806861543
70,6,0.15,0.8371472740408792
70,6,0.20,0.6635774718602112
70,6,0.25,0.9171299537744108
70,6,0.30,0.8994401389259344
70,6,0.35,0.9476296968600657
70,6,0.40,0.9684698576750792
70,6,0.45,0.9598979154365557
70,6,0.50,0.9696333891121925
70,6,0.55,0.9632314397158355
70,6,0.60,0.9739982053663181
70,6,0.65,0.98961181716409
70,6,0.70,0.9898864505079014
70,6,0.75,0.9940310774401896
70,6,0.80,0.9906049282963183
70,6,0.85,0.9933996264948914
70,6,0.90,0.9907925775932779
70,6,0.95,0.9962543105668054
70,7,0.05,0.4779602472377802
70,7,0.10,0.7678079695609763
70,7,0.15,0.9265384869781547
70,7,0.20,0.8125185114973852
70,7,0.25,0.9559169786880085
70,7,0.30,0.9153376344253793
70,7,0.35,0.9621039616627635
70,7,0.40,0.9743870573149989
70,7,0.45,0.9826330558288464
70,7,0.50,0.9920714425162406
70,7,0.55,0.9813330937065221
70,7,0.60,0.9651848154673416
70,7,0.65,0.9828231885614244
70,7,0.70,0.9900623049578551
70,7,0.75,0.9927038850023614
70,7,0.80,0.9825424384458022
70,7,0.85,0.9949038777365968
70,7,0.90,0.9973709710438345
70,7,0.95,0.9955735762419766
70,8,0.05,0.9574310500215222
70,8,0.10,0.9495845861116997
70,8,0.15,0.935026514746766
70,8,0.20,0.9540274607800568
70,8,0.25,0.7458437595591466
70,8,0.30,0.918660367778461
70,8,0.35,0.876399325662605
70,8,0.40,0.961622873021499
70,8,0.45,0.9445858212414338
70,8,0.50,0.957066197334843
70,8,0.55,0.9796236912433814
70,8,0.60,0.9900248981185932
70,8,0.65,0.9398705716818032
70,8,0.70,0.994189666509408
70,8,0.75,0.9927610396843751
70,8,0.80,0.9632611281264626
70,8,0.85,0.9908760539178926
70,8,0.90,0.9941986261153953
70,8,0.95,0.9959471470310874
70,9,0.05,0.7804908168107216
70,9,0.10,0.8939535270607355
70,9,0.15,0.8645241408905239
70,9,0.20,0.5007996137041046
70,9,0.25,0.732283541305564
70,9,0.30,0.9394558253330852
70,9,0.35,0.9000958863750668
70,9,0.40,0.9636708924222052
70,9,0.45,0.9648398253011462
70,9,0.50,0.9796270301817167
70,9,0.55,0.984675139719804
70,9,0.60,0.9664948651937983
70,9,0.65,0.987450386053599
70,9,0.70,0.9474051456411712
70,9,0.75,0.9816552674714732
70,9,0.80,0.9909089723644522
70,9,0.85,0.9893414945111804
70,9,0.90,0.9941837007884797
70,9,0.95,0.9962178372751079
71,0,0.05,0.4613306633267028
71,0,0.10,0.7532182096834209
71,0,0.15,0.937168841935336
71,0,0.20,0.7886117942559817
71,0,0.25,0.8449829561520141
71,0,0.30,0.9107364232295019
71,0,0.35,0.8765660917401156
71,0,0.40,0.8966961281195761
71,0,0.45,0.9522027040250332
71,0,0.50,0.9751486896526734
71,0,0.55,0.9672434229985258
71,0,0.60,0.9852626887470155
71,0,0.65,0.9827083970642068
71,0,0.70,0.9898119873630683
71,0,0.75,0.9868456476015606
71,0,0.80,0.9829198198763667
71,0,0.85,0.995020187692913
71,0,0.90,0.9881763267758121
71,0,0.95,0.9938986176889206
71,1,0.05,0.7333994577871827
71,1,0.10,0.6310451974128828
71,1,0.15,0.9288058651864877
71,1,0.20,0.5831453358275456
71,1,0.25,0.8902007050787062
71,1,0.30,0.9565027162925027
71,1,0.35,0.9456389179837665
71,1,0.40,0.9900117130669223
71,1,0.45,0.9844070513095616
71,1,0.50,0.9825209720203542
71,1,0.55,0.9799531484150728
71,1,0.60,0.9796325405082692
71,1,0.65,0.9945374002694484
71,1,0.70,0.9915570030639121
71,1,0.75,0.9936874918953205
71,1,0.80,0.9915130630608544
71,1,0.85,0.988089759178751
71,1,0.90,0.9943368522773272
71,1,0.95,0.9963005464631952
71,2,0.05,0.8305181272785631
71,2,0.10,0.9411402855851767
71,2,0.15,0.9403657400115376
71,2,0.20,0.8689448631094248
71,2,0.25,0.7467150292019813
71,2,0.30,0.8484310155107183
71,2,0.35,0.8722223624584248
71,2,0.40,0.991574926719438
71,2,0.45,0.9576613062270041
71,2,0.50,0.9611972874842851
71,2,0.55,0.9854212169521407
71,2,0.60,0.9882860082162066
71,2,0.65,0.9890721165589973
71,2,0.70,0.9883106986948592
71,2,0.75,0.9821960791014318
71,2,0.80,0.995944858054412
71,2,0.85,0.9919080360414922
71,2,0.90,0.9953450431836881
71,2,0.95,0.9963199465099257
71,3,0.05,0.39737518749725476
71,3,0.10,0.8929715534645722
71,3,0.15,0.8594052835833116
71,3,0.20,0.7534827666725965
71,3,0.25,0.8216612679751585
71,3,0.30,0.9760353546521483
71,3,0.35,0.9469302507672351
71,3,0.40,0.9583610920964015
71,3,0.45,0.9823372457760979
71,3,0.50,0.9798140169932302
71,3,0.55,0.9667476411301563
71,3,0.60,0.9879853567151503
71,3,0.65,0.9953185074824422
71,3,0.70,0.9867986258498597
71,3,0.75,0.9889675058746653
71,3,0.80,0.9869833857185427
71,3,0.85,0.9930824295020679
71,3,0.90,0.9968315196319334
71,3,0.95,0.9944600990791179
71,4,0.05,0.7163147741753202
71,4,0.10,0.9437126833774782
71,4,0.15,0.9381546970271128
71,4,0.20,0.9045493152732174
71,4,0.25,0.6786072805182061
71,4,0.30,0.969858621042244
71,4,0.35,0.9703109018296423
71,4,0.40,0.9777384930506297
71,4,0.45,0.9791794035480793
71,4,0.50,0.9775697384477476
71,4,0.55,0.9831957020296785
71,4,0.60,0.9796493535068439
71,4,0.65,0.9903361649652338
71,4,0.70,0.9835337226888758
71,4,0.75,0.9929584933332795
71,4,0.80,0.9929491294311973
71,4,0.85,0.9904385829169948
71,4,0.90,0.9969574541077953
71,4,0.95,0.9968334208194536
71,5,0.05,0.21406614417567693
71,5,0.10,0.8759784559600965
71,5,0.15,0.7687563590927308
71,5,0.20,0.7962087599905843
71,5,0.25,0.9717078693578096
71,5,0.30,0.8249914134512746
71,5,0.35,0.943411923061822
71,5,0.40,0.9384341432098947
71,5,0.45,0.7982635231526265
71,5,0.50,0.9632862836567266
71,5,0.55,0.9587940065239705
71,5,0.60,0.9474420532869509
71,5,0.65,0.9891591296167281
71,5,0.70,0.996727112227439
71,5,0.75,0.989921504920428
71,5,0.80,0.9806796359260415
71,5,0.85,0.9942577045977274
71,5,0.90,0.9955720233317557
71,5,0.95,0.9953557002297355
71,6,0.05,0.8086375505564827
71,6,0.10,0.9535389245417533
71,6,0.15,0.907682223138651
71,6,0.20,0.9156226828210882
71,6,0.25,0.7664350113713463
71,6,0.30,0.9203198163640647
71,6,0.35,0.8967487206776644
71,6,0.40,0.9849699224712454
71,6,0.45,0.9796259422189331
71,6,0.50,0.9828802491583619
71,6,0.55,0.9756300235617629
71,6,0.60,0.9780240838668199
71,6,0.65,0.9690517980051976
71,6,0.70,0.9932632685624653
71,6,0.75,0.9905063881974955
71,6,0.80,0.9936857316041059
71,6,0.85,0.9928994006992089
71,6,0.90,0.9919592945304185
71,6,0.95,0.9947475329436446
71,7,0.05,0.8698422503843379
71,7,0.10,0.8194993970140475
71,7,0.15,0.9002026745712417
71,7,0.20,0.7979642171928326
71,7,0.25,0.8611505436580972
71,7,0.30,0.975370545233962
71,7,0.35,0.9718726242488533
71,7,0.40,0.9503268985913607
71,7,0.45,0.917950790717197
71,7,0.50,0.9906741929758677
71,7,0.55,0.9894160688659012
71,7,0.60,0.9833575031052328
71,7,0.65,0.9926060368225034
71,7,0.70,0.9895526322230832
71,7,0.75,0.9911103515906916
71,7,0.80,0.9936410944310782
71,7,0.85,0.99446302320557
71,7,0.90,0.9867292129727274
71,7,0.95,0.9960755811400223
71,8,0.05,0.7608509531232304
71,8,0.10,0.7805026055698641
71,8,0.15,0.9026198656962704
71,8,0.20,0.8313173452200014
71,8,0.25,0.8797198654383063
71,8,0.30,0.7301282837885932
71,8,0.35,0.9718099370774257
71,8,0.40,0.9663443224710442
71,8,0.45,0.9845546203316141
71,8,0.50,0.9855390915610156
71,8,0.55,0.9760494326682699
71,8,0.60,0.9805579874689928
71,8,0.65,0.9925769068438
71,8,0.70,0.9799790725627345
71,8,0.75,0.9900946451011207
71,8,0.80,0.9903342303801534
71,8,0.85,0.9953802908164787
71,8,0.90,0.9923800336126094
71,8,0.95,0.995253980394997
71,9,0.05,0.778653318630564
71,9,0.10,0.7984229138590214
71,9,0.15,0.7400380384756079
71,9,0.20,0.8150773372035235
71,9,0.25,0.8297207894006178
71,9,0.30,0.9424287433296785
71,9,0.35,0.9585024926820839
71,9,0.40,0.97136064004442
71,9,0.45,0.8836078286099471
71,9,0.50,0.9722553462512245
71,9,0.55,0.9899586128608392
71,9,0.60,0.9753543669311061
71,9,0.65,0.9954725730482078
71,9,0.70,0.9887855497808491
71,9,0.75,0.9937308791988447
71,9,0.80,0.9938962226656866
71,9,0.85,0.9957858956451805
71,9,0.90,0.984284638669067
71,9,0.95,0.9942429031678829
72,0,0.05,0.42916844734770987
72,0,0.10,0.9118862455933073
72,0,0.15,0.8692999775349395
72,0,0.20,0.844915105400462
72,0,0.25,0.7989373256244603
72,0,0.30,0.9193215031772687
72,0,0.35,0.9381545551379757
72,0,0.40,0.9791842456341413
72,0,0.45,0.9876801760099925
72,0,0.50,0.9734415442986735
72,0,0.55,0.9903277801845517
72,0,0.60,0.9849403803760118
72,0,0.65,0.9809978457546441
72,0,0.70,0.9906715734192599
72,0,0.75,0.9877652890002631
72,0,0.80,0.9935343156665786
72,0,0.85,0.9916096738088747
72,0,0.90,0.9914231642773932
72,0,0.95,0.9924669318342134
72,1,0.05,0.3998835101993419
72,1,0.10,0.6989620308147526
72,1,0.15,0.657738476287381
72,1,0.20,0.7108848763149975
72,1,0.25,0.9474044085591408
72,1,0.30,0.9541039398671604
72,1,0.35,0.9602302023969397
72,1,0.40,0.964778208371385
72,1,0.45,0.9794885620385823
72,1,0.50,0.9868229135703163
72,1,0.55,0.9846345694435868
72,1,0.60,0.98841206738672
72,1,0.65,0.9552350722885505
72,1,0.70,0.990425909145174
72,1,0.75,0.9781871910658917
72,1,0.80,0.9887584199201447
72,1,0.85,0.9950610883777905
72,1,0.90,0.9949194061242168
72,1,0.95,0.9921321381678825
72,2,0.05,0.6707684469827571
72,2,0.10,0.7844255601703413
72,2,0.15,0.9284443997197526
72,2,0.20,0.8188915221832611
72,2,0.25,0.9409598177725259
72,2,0.30,0.945283469689752
72,2,0.35,0.8441602005081175
72,2,0.40,0.9639873637887449
72,2,0.45,0.9283993312965988
72,2,0.50,0.9451863202432519
72,2,0.55,0.972481412732128
72,2,0.60,0.982527087733923
72,2,0.65,0.9820856511710259
72,2,0.70,0.9921153550609267
72,2,0.75,0.9785367827125078
72,2,0.80,0.9961887026542491
72,2,0.85,0.953277462007613
72,2,0.90,0.9652338022509396
72,2,0.95,0.9956000760695061
72,3,0.05,0.8232609942597517
72,3,0.10,0.7879165583292373
72,3,0.15,0.9190970585929923
72,3,0.20,0.764709636822787
72,3,0.25,0.7131530618835517
72,3,0.30,0.89512596668588
72,3,0.35,0.9663157560474777
72,3,0.40,0.9372278573093297
72,3,0.45,0.9774534275164327
72,3,0.50,0.9757762428599097
72,3,0.55,0.9741933552649682
72,3,0.60,0.9892135825157916
72,3,0.65,0.9921661628370773
72,3,0.70,0.9877431141014638
72,3,0.75,0.9884464034945076
72,3,0.80,0.9957812161428311
72,3,0.85,0.9864907716024336
72,3,0.90,0.9947385032669768
72,3,0.95,0.993642201044067
72,4,0.05,0.5077418754312178
72,4,0.10,0.8696820437283059
72,4,0.15,0.86354440754959
72,4,0.20,0.7872966375934154
72,4,0.25,0.8812274659548351
72,4,0.30,0.9713351176344377
72,4,0.35,0.9677005106345482
72,4,0.40,0.9561356687976423
72,4,0.45,0.9750419131193596
72,4,0.50,0.9717687732078656
72,4,0.55,0.9756946500911131
72,4,0.60,0.9812671645188487
72,4,0.65,0.9952048442251471
72,4,0.70,0.9883258659554627
72,4,0.75,0.9479853739022637
72,4,0.80,0.9874500989193278
72,4,0.85,0.9942838086118947
72,4,0.90,0.9933755916401616
72,4,0.95,0.9957195039614272
72,5,0.05,0.9374252431499456
72,5,0.10,0.9127967292995727
72,5,0.15,0.8391069737565859
72,5,0.20,0.9448518111632421
72,5,0.25,0.9265196651359436
72,5,0.30,0.9549456001429019
72,5,0.35,0.9670088448028769
72,5,0.40,0.980630373484036
72,5,0.45,0.9656021147626768
72,5,0.50,0.9857725210513744
72,5,0.55,0.9776026806033844
72,5,0.60,0.9914522193412117
72,5,0.65,0.981464088095207
72,5,0.70,0.989734604037622
72,5,0.75,0.9927793583753404
72,5,0.80,0.9920444908533913
72,5,0.85,0.993167892413308
72,5,0.90,0.9962203265835117
72,5,0.95,0.9953823463154607
72,6,0.05,0.21025985950201553
72,6,0.10,0.7177038370621401
72,6,0.15,0.8515070617465509
72,6,0.20,0.8896178677412708
72,6,0.25,0.9205650395391368
72,6,0.30,0.9235521610337264
72,6,0.35,0.9499046076705636
72,6,0.40,0.9687759488663694
72,6,0.45,0.949050538897863
72,6,0.50,0.9785494765492306
72,6,0.55,0.9821892433311472
72,6,0.60,0.9816651714941669
72,6,0.65,0.9866110816250739
72,6,0.70,0.9830889689971991
72,6,0.75,0.9924496974752711
72,6,0.80,0.9936823711320457
72,6,0.85,0.9820946471435141
72,6,0.90,0.992978261745834
72,6,0.95,0.9898990865215966
72,7,0.05,0.7172047677239741
72,7,0.10,0.7473049795538078
72,7,0.15,0.8042678980845277
72,7,0.20,0.9473502872634147
72,7,0.25,0.9501157661632864
72,7,0.30,0.9611230723641515
72,7,0.35,0.8778830693330308
72,7,0.40,0.9473006070836304
72,7,0.45,0.9315867393873253
72,7,0.50,0.983690518494649
72,7,0.55,0.9832394552433857
72,7,0.60,0.9851773428342725
72,7,0.65,0.9830668309150049
72,7,0.70,0.9876335761361871
72,7,0.75,0.9908100489718914
72,7,0.80,0.9943214210707875
72,7,0.85,0.9964485565769989
72,7,0.90,0.9920776068754742
72,7,0.95,0.9961212003810186
72,8,0.05,0.632605244625601
72,8,0.10,0.7811706511541574
72,8,0.15,0.829333716412816
72,8,0.20,0.9073658372600104
72,8,0.25,0.9574842512271416
72,8,0.30,0.9502197961025445
72,8,0.35,0.8610663811260802
72,8,0.40,0.9774506419364415
72,8,0.45,0.964248559852244
72,8,0.50,0.9618276872408691
72,8,0.55,0.9874364805306529
72,8,0.60,0.9725243613138174
72,8,0.65,0.9668130159761172
72,8,0.70,0.9887639399986315
72,8,0.75,0.9900490130991885
72,8,0.80,0.9719504184074903
72,8,0.85,0.9881098651048809
72,8,0.90,0.9906809704301629
72,8,0.95,0.9976383852082298
72,9,0.05,0.8322333594735356
72,9,0.10,0.8773403619004196
72,9,0.15,0.8862114339793272
72,9,0.20,0.9021830272425004
72,9,0.25,0.8656147676504174
72,9,0.30,0.9192363791195813
72,9,0.35,0.8807510877444281
72,9,0.40,0.9646946013108073
72,9,0.45,0.9795793086779254
72,9,0.50,0.9635232170763526
72,9,0.55,0.9677541279228686
72,9,0.60,0.9646292476232705
72,9,0.65,0.9793846534962594
72,9,0.70,0.9906022075057497
72,9,0.75,0.9880079172719126
72,9,0.80,0.995819182137588
72,9,0.85,0.9882153431256655
72,9,0.90,0.9955795221616964
72,9,0.95,0.989906244526789
73,0,0.05,0.713914930241703
73,0,0.10,0.74211344113962
73,0,0.15,0.7201279058770224
73,0,0.20,0.9110576275607644
73,0,0.25,0.9102278175998109
73,0,0.30,0.8889071698973863
73,0,0.35,0.9740936402287628
73,0,0.40,0.8964565635861355
73,0,0.45,0.9405663111209829
73,0,0.50,0.9814185921997499
73,0,0.55,0.9739793982419432
73,0,0.60,0.9841160886808034
73,0,0.65,0.9801603121490469
73,0,0.70,0.9868475337830855
73,0,0.75,0.9806572583438778
73,0,0.80,0.9907484558843218
73,0,0.85,0.9971758597315977
73,0,0.90,0.9870562311662098
73,0,0.95,0.9937684012155129
73,1,0.05,0.39548049833723664
73,1,0.10,0.7896746241053865
73,1,0.15,0.9403820876389182
73,1,0.20,0.9639642966425717
73,1,0.25,0.8822385763049869
73,1,0.30,0.7860636226939954
73,1,0.35,0.9667878782224638
73,1,0.40,0.9629157592875847
73,1,0.45,0.9379435653873608
73,1,0.50,0.9797311703278514
73,1,0.55,0.9786418365834513
73,1,0.60,0.9460924875358164
73,1,0.65,0.9508118006515527
73,1,0.70,0.9911938428832483
73,1,0.75,0.986715530795077
73,1,0.80,0.9885788099156706
73,1,0.85,0.9956620670648149
73,1,0.90,0.9906018459258527
73,1,0.95,0.9966712701719084
73,2,0.05,0.5761327130099206
73,2,0.10,0.915563493418472
73,2,0.15,0.9490246588206981
73,2,0.20,0.9620417634977092
73,2,0.25,0.939817145270922
73,2,0.30,0.8967518562136133
73,2,0.35,0.7999671197568103
73,2,0.40,0.9394752914823704
73,2,0.45,0.9559605838046097
73,2,0.50,0.9736290687169408
73,2,0.55,0.9755483492567628
73,2,0.60,0.9871664936747842
73,2,0.65,0.9590995950605831
73,2,0.70,0.9881288871621658
73,2,0.75,0.9891043856264375
73,2,0.80,0.9908420824177567
73,2,0.85,0.9930012160970033
73,2,0.90,0.9928638785598072
73,2,0.95,0.9965668991169533
73,3,0.05,0.6089552512564167
73,3,0.10,0.8457506665769783
73,3,0.15,0.7705482437031643
73,3,0.20,0.9103308621346798
73,3,0.25,0.8273096625614892
73,3,0.30,0.6648030379756733
73,3,0.35,0.9612220711052415
73,3,0.40,0.9652418662711768
73,3,0.45,0.917399225281957
73,3,0.50,0.9729264514072284
73,3,0.55,0.9700225103290502
73,3,0.60,0.9780256313871779
73,3,0.65,0.9887406813332558
73,3,0.70,0.9884189198390932
73,3,0.75,0.9896546678264369
73,3,0.80,0.9940293104091333
73,3,0.85,0.9830867329290957
73,3,0.90,0.984765353679837
73,3,0.95,0.9863897717437745
73,4,0.05,0.6555941643588112
73,4,0.10,0.7597719383884776
73,4,0.15,0.9349416440086552
73,4,0.20,0.9169872449812398
73,4,0.25,0.8229956409877259
73,4,0.30,0.921205143426472
73,4,0.35,0.7869706604700314
73,4,0.40,0.9645240986322368
73,4,0.45,0.9602129635634984
73,4,0.50,0.9709587759999698
73,4,0.55,0.9556960824522928
73,4,0.60,0.9856504768210576
73,4,0.65,0.9879135150284348
73,4,0.70,0.9798520953020269
73,4,0.75,0.9828502741760706
73,4,0.80,0.9651050158704401
73,4,0.85,0.9865542145993953
73,4,0.90,0.9916858367599993
73,4,0.95,0.9964311072716835
73,5,0.05,0.4501433650298463
73,5,0.10,0.7626512045365867
73,5,0.15,0.7859192307233178
73,5,0.20,0.8498245582739888
73,5,0.25,0.9580463716513752
73,5,0.30,0.9246863532091051
73,5,0.35,0.9097869451424851
73,5,0.40,0.9323856112937998
73,5,0.45,0.9609290440884244
73,5,0.50,0.9336587128096959
73,5,0.55,0.9564144588629586
73,5,0.60,0.9881599131800664
73,5,0.65,0.9879941671541567
73,5,0.70,0.9951812887874659
73,5,0.75,0.9807683038873705
73,5,0.80,0.9939553482855634
73,5,0.85,0.9963622616633646
73,5,0.90,0.9857476030439937
73,5,0.95,0.9943889138999232
73,6,0.05,0.48222186793468813
73,6,0.10,0.7799358599997259
73,6,0.15,0.7415482876415511
73,6,0.20,0.9572655643724622
73,6,0.25,0.9015263762096904
73,6,0.30,0.9738520178457023
73,6,0.35,0.9747432408001506
73,6,0.40,0.9550908892628792
73,6,0.45,0.9717988796386647
73,6,0.50,0.9784217141102338
73,6,0.55,0.9718157020978496
73,6,0.60,0.9617082326025169
73,6,0.65,0.9846022955836754
73,6,0.70,0.978663823991794
73,6,0.75,0.9932404920103807
73,6,0.80,0.9933355793563337
73,6,0.85,0.9921861592781132
73,6,0.90,0.9938987065720837
73,6,0.95,0.9932263135480609
73,7,0.05,0.7493303300620273
73,7,0.10,0.8555410318252742
73,7,0.15,0.9004019482142158
73,7,0.20,0.8920818576276766
73,7,0.25,0.8990680087191468
73,7,0.30,0.9308680705046448
73,7,0.35,0.8599527753959586
73,7,0.40,0.9608453369839378
73,7,0.45,0.9475211357517197
73,7,0.50,0.9636284038744701
73,7,0.55,0.9697043333728099
73,7,0.60,0.9656388737773234
73,7,0.65,0.9884870767961954
73,7,0.70,0.9902173804316556
73,7,0.75,0.9807724947318062
73,7,0.80,0.9904610593930006
73,7,0.85,0.9843365152808302
73,7,0.90,0.9945587625545966
73,7,0.95,0.9949929820263128
73,8,0.05,0.5971045165711327
73,8,0.10,0.7887235295061122
73,8,0.15,0.8446630551049689
73,8,0.20,0.9738185238915921
73,8,0.25,0.9355077002086369
73,8,0.30,0.954314798960249
73,8,0.35,0.912202524713387
73,8,0.40,0.9720186784156765
73,8,0.45,0.8367465367611066
73,8,0.50,0.9823203254639332
73,8,0.55,0.9876338645466487
73,8,0.60,0.976812903386106
73,8,0.65,0.9833643925478747
73,8,0.70,0.9598686518512365
73,8,0.75,0.9852476562320566
73,8,0.80,0.9955902722527538
73,8,0.85,0.9798854358413054
73,8,0.90,0.9942848387279815
73,8,0.95,0.9927696381019265
73,9,0.05,0.9617426793930733
73,9,0.10,0.8246128873223977
73,9,0.15,0.7774881678334843
73,9,0.20,0.87023666034631
73,9,0.25,0.8740601908490531
73,9,0.30,0.9380181639648052
73,9,0.35,0.9085577124856227
73,9,0.40,0.9603903801310466
73,9,0.45,0.9551139758997874
73,9,0.50,0.9689470176278873
73,9,0.55,0.973121380849538
73,9,0.60,0.9704167178832351
73,9,0.65,0.9713934025190823
73,9,0.70,0.9742172612439943
73,9,0.75,0.9660629969890323
73,9,0.80,0.9897185439150292
73,9,0.85,0.9887891160065656
73,9,0.90,0.9909985347612655
73,9,0.95,0.9966210650234407
74,0,0.05,0.5393290301534275
74,0,0.10,0.8784534171173646
74,0,0.15,0.8128260034391956
74,0,0.20,0.8063546644289241
74,0,0.25,0.8808720720087169
74,0,0.30,0.9090728810598911
74,0,0.35,0.8315841870780898
74,0,0.40,0.9617413357885874
74,0,0.45,0.9481227531666139
74,0,0.50,0.9707761314830172
74,0,0.55,0.9624332681259486
74,0,0.60,0.9759039994212751
74,0,0.65,0.9760872405459627
74,0,0.70,0.9929732898369279
74,0,0.75,0.9746753755847493
74,0,0.80,0.9884771692409534
74,0,0.85,0.9942337113128871
74,0,0.90,0.9934809723247007
74,0,0.95,0.995366810981788
74,1,0.05,0.4409296807584636
74,1,0.10,0.5849406824745603
74,1,0.15,0.625514113613836
74,1,0.20,0.7939050761117098
74,1,0.25,0.8979224458994823
74,1,0.30,0.9394307069581741
74,1,0.35,0.4398636629353587
74,1,0.40,0.8967885908503196
74,1,0.45,0.93532427486797
74,1,0.50,0.9312410595628003
74,1,0.55,0.9738123582710919
74,1,0.60,0.9807186865168329
74,1,0.65,0.9901494967146576
74,1,0.70,0.9889927078278806
74,1,0.75,0.9895998178153409
74,1,0.80,0.9924981833959879
74,1,0.85,0.9906181876360515
74,1,0.90,0.9913102427452892
74,1,0.95,0.9951473843266248
74,2,0.05,0.6022061952560962
74,2,0.10,0.7468211926015516
74,2,0.15,0.7735787492563646
74,2,0.20,0.7973321994689692
74,2,0.25,0.9547912444473271
74,2,0.30,0.9199305830297942
74,2,0.35,0.8841777818142286
74,2,0.40,0.9653154865335579
74,2,0.45,0.886963872593933
74,2,0.50,0.9682899161373613
74,2,0.55,0.9669294020811546
74,2,0.60,0.9883450149418637
74,2,0.65,0.9695436121813761
74,2,0.70,0.990660757557581
74,2,0.75,0.9828777358546509
74,2,0.80,0.9926670007184426
74,2,0.85,0.9972952541531891
74,2,0.90,0.9949950457271048
74,2,0.95,0.9881849230873263
74,3,0.05,0.8031915305360448
74,3,0.10,0.7674620367887695
74,3,0.15,0.6694248277886929
74,3,0.20,0.9508028019251584
74,3,0.25,0.8990049596518049
74,3,0.30,0.9042395822993831
74,3,0.35,0.8910337787899516
74,3,0.40,0.9203276899193618
74,3,0.45,0.9422726858222622
74,3,0.50,0.9667973556142913
74,3,0.55,0.9735585019907672
74,3,0.60,0.9311330297088338
74,3,0.65,0.974597477513534
74,3,0.70,0.973687422933139
74,3,0.75,0.9845200177376837
74,3,0.80,0.9946423501829299
74,3,0.85,0.9935949257606691
74,3,0.90,0.9956285037535818
74,3,0.95,0.9950412139040327
74,4,0.05,0.2760146130290394
74,4,0.10,0.6545831830420434
74,4,0.15,0.8913145577285517
74,4,0.20,0.7450538691394482
74,4,0.25,0.8006227090361938
74,4,0.30,0.7491810478622152
74,4,0.35,0.9401999594096975
74,4,0.40,0.9541236864035161
74,4,0.45,0.9751533575457136
74,4,0.50,0.9733012620933092
74,4,0.55,0.9725537236692912
74,4,0.60,0.9737955855782463
74,4,0.65,0.9704923858467593
74,4,0.70,0.9919779874284708
74,4,0.75,0.9752640683539839
74,4,0.80,0.9909342586302387
74,4,0.85,0.9932742059859988
74,4,0.90,0.9946294588965129
74,4,0.95,0.9956651651870603
74,5,0.05,0.6360006514024841
74,5,0.10,0.7541875821398786
74,5,0.15,0.865983680107518
74,5,0.20,0.8856162347773887
74,5,0.25,0.8319709855194701
74,5,0.30,0.7125879693575764
74,5,0.35,0.9703439110564498
74,5,0.40,0.9518236968095402
74,5,0.45,0.9663929859055188
74,5,0.50,0.9535675333561604
74,5,0.55,0.9766914111170616
74,5,0.60,0.9930798899636232
74,5,0.65,0.981618023528504
74,5,0.70,0.9839533317068636
74,5,0.75,0.9713744728494056
74,5,0.80,0.9857624609361363
74,5,0.85,0.9904087547102121
74,5,0.90,0.9964987059252148
74,5,0.95,0.9957330698785349
74,6,0.05,0.43815301390041905
74,6,0.10,0.8039282843017019
74,6,0.15,0.7028572509178665
74,6,0.20,0.8665132421869126
74,6,0.25,0.9017193638562678
74,6,0.30,0.930906623936428
74,6,0.35,0.35932685449997326
74,6,0.40,0.9308496565153878
74,6,0.45,0.952086189833454
74,6,0.50,0.9570885492398987
74,6,0.55,0.9852734072293508
74,6,0.60,0.9342359519314352
74,6,0.65,0.9892730782382908
74,6,0.70,0.9507089408295554
74,6,0.75,0.987120903092602
74,6,0.80,0.9900502726656599
74,6,0.85,0.9936783869853492
74,6,0.90,0.9936898628310576
74,6,0.95,0.9921257379094682
74,7,0.05,0.551632415131089
74,7,0.10,0.3315630712705282
74,7,0.15,0.7024418598368605
74,7,0.20,0.8521871202868152
74,7,0.25,0.8601324670671678
74,7,0.30,0.9643579032350724
74,7,0.35,0.929874331894117
74,7,0.40,0.9447505922862571
74,7,0.45,0.9655978970682848
74,7,0.50,0.9776481562127762
74,7,0.55,0.9418718082508554
74,7,0.60,0.9878678875185267
74,7,0.65,0.9839290951280455
74,7,0.70,0.9799599160107851
74,7,0.75,0.9826555390960426
74,7,0.80,0.9864052875968332
74,7,0.85,0.9923829206321753
74,7,0.90,0.9939288073850344
74,7,0.95,0.990303220856354
74,8,0.05,0.32639747990470136
74,8,0.10,0.41516346815140437
74,8,0.15,0.8227271469383045
74,8,0.20,0.6688077602147842
74,8,0.25,0.8992846038247065
74,8,0.30,0.9119377699234077
74,8,0.35,0.9464180067301124
74,8,0.40,0.9591723158762104
74,8,0.45,0.9581369407292085
74,8,0.50,0.9786085554021746
74,8,0.55,0.9703958226508528
74,8,0.60,0.9826416815076638
74,8,0.65,0.9682037421680532
74,8,0.70,0.988224593523565
74,8,0.75,0.9910629093815772
74,8,0.80,0.9917147900253129
74,8,0.85,0.9868404170244317
74,8,0.90,0.9913461650684234
74,8,0.95,0.98880115015785
74,9,0.05,0.5663697396486949
74,9,0.10,0.6866206205437004
74,9,0.15,0.8918294604937161
74,9,0.20,0.9030215469133207
74,9,0.25,0.8205501127756618
74,9,0.30,0.9740418109912415
74,9,0.35,0.9153633638522146
74,9,0.40,0.7836703640775271
74,9,0.45,0.9630168348055097
74,9,0.50,0.9682642967120323
74,9,0.55,0.9732833486919289
74,9,0.60,0.984497290096869
74,9,0.65,0.9947608285472301
74,9,0.70,0.9914231629971835
74,9,0.75,0.9958788907686648
74,9,0.80,0.9918980893963972
74,9,0.85,0.9899373600792813
74,9,0.90,0.9893111167450837
74,9,0.95,0.996307975348652
75,0,0.05,0.5112637453277245
75,0,0.10,0.9059282472546203
75,0,0.15,0.8479215942075878
75,0,0.20,0.9148991978271308
75,0,0.25,0.9037192926414044
75,0,0.30,0.9809152545828881
75,0,0.35,0.9532389663367206
75,0,0.40,0.9844949932632481
75,0,0.45,0.9723524459753655
75,0,0.50,0.973571734822448
75,0,0.55,0.9743666933740129
75,0,0.60,0.9897614779222657
75,0,0.65,0.9762070258896584
75,0,0.70,0.985520833704861
75,0,0.75,0.984498507110278
75,0,0.80,0.9896889149835969
75,0,0.85,0.9826230884574344
75,0,0.90,0.9932757931746227
75,0,0.95,0.9969986169310606
75,1,0.05,0.5211883011580364
75,1,0.10,0.8247129988948851
75,1,0.15,0.928309774499466
75,1,0.20,0.8917581054839919
75,1,0.25,0.9560461491287413
75,1,0.30,0.9575028738450093
75,1,0.35,0.9672569392360872
75,1,0.40,0.9655422150304691
75,1,0.45,0.9318196843595599
75,1,0.50,0.9632640905080947
75,1,0.55,0.984257582326821
75,1,0.60,0.981836464235196
75,1,0.65,0.9846649407576793
75,1,0.70,0.9906615724578163
75,1,0.75,0.9906956045221955
75,1,0.80,0.9942545403668849
75,1,0.85,0.9960529086136097
75,1,0.90,0.9875158047360169
75,1,0.95,0.9843858897664938
75,2,0.05,0.8396602716624896
75,2,0.10,0.835507680954096
75,2,0.15,0.9212998790495975
75,2,0.20,0.8479916319086355
75,2,0.25,0.9339387104828636
75,2,0.30,0.9236520223696972
75,2,0.35,0.8720155031468415
75,2,0.40,0.9467176980651105
75,2,0.45,0.9236023893026654
75,2,0.50,0.9774200368122761
75,2,0.55,0.9766755467215325
75,2,0.60,0.9781401967694214
75,2,0.65,0.987992633109973
75,2,0.70,0.9845335051410037
75,2,0.75,0.9900536789928805
75,2,0.80,0.9897155026218675
75,2,0.85,0.9951758456336773
75,2,0.90,0.9418470851237937
75,2,0.95,0.9855877843696834
75,3,0.05,0.839221384382365
75,3,0.10,0.8571338016173498
75,3,0.15,0.9375254741938601
75,3,0.20,0.8714677561926713
75,3,0.25,0.9173503213531384
75,3,0.30,0.9573571241418599
75,3,0.35,0.8835220686460186
75,3,0.40,0.9774483390488777
75,3,0.45,0.9577710345905182
75,3,0.50,0.9897769747735099
75,3,0.55,0.9869018894839061
75,3,0.60,0.9791244228731728
75,3,0.65,0.9827208865676839
75,3,0.70,0.9851537873805485
75,3,0.75,0.9938277482030713
75,3,0.80,0.9929154582042137
75,3,0.85,0.9916074254519199
75,3,0.90,0.9967517202952385
75,3,0.95,0.9930444413297983
75,4,0.05,0.9041729868309026
75,4,0.10,0.8214402722307914
75,4,0.15,0.8939825050202725
75,4,0.20,0.83844292681916
75,4,0.25,0.9033153724318048
75,4,0.30,0.6411751049367671
75,4,0.35,0.9179647893708018
75,4,0.40,0.9516686887025002
75,4,0.45,0.9727755866487565
75,4,0.50,0.9818752509859073
75,4,0.55,0.9860460537018799
75,4,0.60,0.9582441955841242
75,4,0.65,0.98160736107455
75,4,0.70,0.9881413530912229
75,4,0.75,0.9948189611012505
75,4,0.80,0.9873292185494644
75,4,0.85,0.9932065889698135
75,4,0.90,0.9967558392359585
75,4,0.95,0.9961769363863721
75,5,0.05,-0.6423204158123363
75,5,0.10,0.8178828212082554
75,5,0.15,0.9129381016254237
75,5,0.20,0.9083383598787176
75,5,0.25,0.9185849886273082
75,5,0.30,0.8496946619189767
75,5,0.35,0.9670336511683884
75,5,0.40,0.9601858544309625
75,5,0.45,0.9867049492640385
75,5,0.50,0.9772685847147462
75,5,0.55,0.9676585238166113
75,5,0.60,0.9571961422092291
75,5,0.65,0.9881442356151847
75,5,0.70,0.9806640142476034
75,5,0.75,0.9871640933517709
75,5,0.80,0.9934514273663348
75,5,0.85,0.9934175726495856
75,5,0.90,0.9958290799971419
75,5,0.95,0.99255878162561
75,6,0.05,0.4351790606442887
75,6,0.10,0.906801959952088
75,6,0.15,0.8874681735974409
75,6,0.20,0.8863610964478703
75,6,0.25,0.9201880996521723
75,6,0.30,0.9398004989102464
75,6,0.35,0.8954169756328252
75,6,0.40,0.9223895190927711
75,6,0.45,0.9653908107575108
75,6,0.50,0.9828525373000321
75,6,0.55,0.9682116065529769
75,6,0.60,0.985563519975425
75,6,0.65,0.9790713318555081
75,6,0.70,0.988976823584885
75,6,0.75,0.9738292633065956
75,6,0.80,0.9892910303946932
75,6,0.85,0.9948219730101309
75,6,0.90,0.9934871646655377
75,6,0.95,0.9847581851702243
75,7,0.05,0.8611072873977975
75,7,0.10,0.910356577536288
75,7,0.15,0.891335372694031
75,7,0.20,0.8685585345027009
75,7,0.25,0.9258721497452767
75,7,0.30,0.9038684481634579
75,7,0.35,0.9551067408093454
75,7,0.40,0.9483627779986709
75,7,0.45,0.945732827147052
75,7,0.50,0.9800505151928308
75,7,0.55,0.9829871154582279
75,7,0.60,0.9779481600841671
75,7,0.65,0.9841427027771775
75,7,0.70,0.9878024189128475
75,7,0.75,0.9901137849189721
75,7,0.80,0.98437933633971
75,7,0.85,0.9791407232564258
75,7,0.90,0.988360097825522
75,7,0.95,0.9949823882620217
75,8,0.05,0.3485605811244359
75,8,0.10,0.8109882460232216
75,8,0.15,0.8079163102105142
75,8,0.20,0.9229876721742908
75,8,0.25,0.9635927211117082
75,8,0.30,0.9588566885704128
75,8,0.35,0.9670660384133897
75,8,0.40,0.9023337790423287
75,8,0.45,0.9827112531464095
75,8,0.50,0.9765549933964143
75,8,0.55,0.9854969263134679
75,8,0.60,0.9758222929387464
75,8,0.65,0.9878587662455093
75,8,0.70,0.9654719571083863
75,8,0.75,0.9881484523280407
75,8,0.80,0.9885618017385953
75,8,0.85,0.9905803737957279
75,8,0.90,0.9938868278171334
75,8,0.95,0.9920229031913221
75,9,0.05,0.8002932510647156
75,9,0.10,0.8063502391729878
75,9,0.15,0.8745696985712144
75,9,0.20,0.9040735152964375
75,9,0.25,0.8709907681624405
75,9,0.30,0.8968820001082566
75,9,0.35,0.9701246095423117
75,9,0.40,0.9630148467196025
75,9,0.45,0.9633484341734843
75,9,0.50,0.9280823092759742
75,9,0.55,0.9827673697702928
75,9,0.60,0.9811784857024602
75,9,0.65,0.9873361258518345
75,9,0.70,0.9886214000854157
75,9,0.75,0.9931729614845544
75,9,0.80,0.9885057641998881
75,9,0.85,0.989608048438239
75,9,0.90,0.9933709865395479
75,9,0.95,0.9962597773881229
76,0,0.05,0.7213829960581536
76,0,0.10,0.7292179151526839
76,0,0.15,0.8587900010601116
76,0,0.20,0.5411430585668686
76,0,0.25,0.9200081044620017
76,0,0.30,0.9500328094677426
76,0,0.35,0.9546232831565812
76,0,0.40,0.9729503367151924
76,0,0.45,0.9768602573376519
76,0,0.50,0.9310195968517281
76,0,0.55,0.9842444167896184
76,0,0.60,0.9807319762944743
76,0,0.65,0.9901196713264362
76,0,0.70,0.9908829930908223
76,0,0.75,0.9937014020126934
76,0,0.80,0.9895116877652663
76,0,0.85,0.989594060602286
76,0,0.90,0.9962357451023034
76,0,0.95,0.9947956706878431
76,1,0.05,0.5364304980546521
76,1,0.10,0.497836758064663
76,1,0.15,0.6503841114405233
76,1,0.20,0.6483986353829987
76,1,0.25,0.8399644494711866
76,1,0.30,0.5420790952523745
76,1,0.35,0.7868804921062234
76,1,0.40,0.793827729948611
76,1,0.45,0.8719947975031366
76,1,0.50,0.9796009314982979
76,1,0.55,0.9925471779159087
76,1,0.60,0.9738394216234357
76,1,0.65,0.9831857434092801
76,1,0.70,0.9913581309997566
76,1,0.75,0.9699164132147422
76,1,0.80,0.9809029550349027
76,1,0.85,0.9802152208367548
76,1,0.90,0.9792125773552538
76,1,0.95,0.9916740011170102
76,2,0.05,0.31317913398077135
76,2,0.10,0.5766129783825689
76,2,0.15,0.7585628700902489
76,2,0.20,0.9669010970182546
76,2,0.25,0.9018422938418753
76,2,0.30,0.8295956129263111
76,2,0.35,0.9415402230640044
76,2,0.40,0.9533861781122128
76,2,0.45,0.896312665190971
76,2,0.50,0.9860550352324201
76,2,0.55,0.9385566025010058
76,2,0.60,0.9597484002937463
76,2,0.65,0.957750861297174
76,2,0.70,0.9886687910201464
76,2,0.75,0.9834968527560672
76,2,0.80,0.994168785426426
76,2,0.85,0.9950443777842536
76,2,0.90,0.995198925991328
76,2,0.95,0.9915112968706059
76,3,0.05,0.11411994285142846
76,3,0.10,0.7313783043562632
76,3,0.15,0.5760348718891978
76,3,0.20,0.8520279444009444
76,3,0.25,0.8486151915047346
76,3,0.30,0.9733527477738612
76,3,0.35,0.866798946473454
76,3,0.40,0.9309190370641427
76,3,0.45,0.866698607730098
76,3,0.50,0.7964196432150638
76,3,0.55,0.9814737169299641
76,3,0.60,0.9911818257571361
76,3,0.65,0.9825782030742924
76,3,0.70,0.9334733035446539
76,3,0.75,0.9603505837090396
76,3,0.80,0.9928709760669762
76,3,0.85,0.9939760352136698
76,3,0.90,0.9932105202207044
76,3,0.95,0.9966880846290673
76,4,0.05,0.6518549310658267
76,4,0.10,0.5135103687130869
76,4,0.15,0.5178374817699957
76,4,0.20,0.8240450847760279
76,4,0.25,0.9408411511759179
76,4,0.30,0.9446883647023132
76,4,0.35,0.6878599996170347
76,4,0.40,0.9705829417151405
76,4,0.45,0.7505608366733179
76,4,0.50,0.9743343382911909
76,4,0.55,0.9928417305012421
76,4,0.60,0.9865916075676262
76,4,0.65,0.991282044340959
76,4,0.70,0.9860470350423106
76,4,0.75,0.9906882622169227
76,4,0.80,0.9905226461721904
76,4,0.85,0.9892010745813791
76,4,0.90,0.9892062872061698
76,4,0.95,0.9775853151878832
76,5,0.05,0.5533459852101019
76,5,0.10,0.7023814816691742
76,5,0.15,0.7942018233937695
76,5,0.20,0.8643581761438677
76,5,0.25,0.9436975070278659
76,5,0.30,0.9531973602263116
76,5,0.35,0.8303792036877096
76,5,0.40,0.8824086585282376
76,5,0.45,0.9826115576968104
76,5,0.50,0.97849432213787
76,5,0.55,0.9203505724486868
76,5,0.60,0.9131010790159292
76,5,0.65,0.9093149532124126
76,5,0.70,0.9847569506659296
76,5,0.75,0.9801952021372249
76,5,0.80,0.991557654809213
76,5,0.85,0.9873927006888854
76,5,0.90,0.988928649891973
76,5,0.95,0.9932464257559296
76,6,0.05,0.6985174945261263
76,6,0.10,0.8246828840526168
76,6,0.15,0.8888781198157181
76,6,0.20,0.5260067612104012
76,6,0.25,0.5691392902980038
76,6,0.30,0.9837609303018018
76,6,0.35,0.7426539946455553
76,6,0.40,0.8870365785702857
76,6,0.45,0.8655074136625371
76,6,0.50,0.9722395421843669
76,6,0.55,0.9878586416197197
76,6,0.60,0.9895207078946721
76,6,0.65,0.9733447697627975
76,6,0.70,0.9761056127109303
76,6,0.75,0.9735043267524635
76,6,0.80,0.9802857714052142
76,6,0.85,0.9946350901411987
76,6,0.90,0.9690345085008454
76,6,0.95,0.9931437623345871
76,7,0.05,-1.3156029226929697
76,7,0.10,0.8134509459838248
76,7,0.15,0.4786412185252874
76,7,0.20,0.9634216311982451
76,7,0.25,0.6079178625949732
76,7,0.30,0.7954852191056759
76,7,0.35,0.8278545791921869
76,7,0.40,0.8344977662128437
76,7,0.45,0.8863975412367251
76,7,0.50,0.8057634327986904
76,7,0.55,0.83743592127118
76,7,0.60,0.9001625753316985
76,7,0.65,0.9608720130633763
76,7,0.70,0.993136463259866
76,7,0.75,0.9692574415521792
76,7,0.80,0.9789795420961346
76,7,0.85,0.9951708817365152
76,7,0.90,0.9903439384232849
76,7,0.95,0.973816642113935
76,8,0.05,0.18833362815357435
76,8,0.10,0.7021627588997306
76,8,0.15,0.8050580497432743
76,8,0.20,0.7089384492121802
76,8,0.25,0.9261128741450564
76,8,0.30,0.9407411202557036
76,8,0.35,0.9431509252906262
76,8,0.40,0.7248039083341351
76,8,0.45,0.9732094380090653
76,8,0.50,0.9624278210518924
76,8,0.55,0.9797117068715
76,8,0.60,0.9764781345134027
76,8,0.65,0.9864026943624855
76,8,0.70,0.982849038631643
76,8,0.75,0.9919936463842538
76,8,0.80,0.976944343103126
76,8,0.85,0.992419520071249
76,8,0.90,0.9941361580898448
76,8,0.95,0.98947945644656
76,9,0.05,0.4500500316092165
76,9,0.10,0.672464253290056
76,9,0.15,0.8322252015298587
76,9,0.20,0.8592582368480723
76,9,0.25,0.9474558796092714
76,9,0.30,0.9699094595033959
76,9,0.35,0.8163751552533154
76,9,0.40,0.9195268060487515
76,9,0.45,0.9507256107009373
76,9,0.50,0.9099535338551976
76,9,0.55,0.8993409599673096
76,9,0.60,0.9758171312345256
76,9,0.65,0.9423417534954508
76,9,0.70,0.984019862079622
76,9,0.75,0.9870467796978284
76,9,0.80,0.9950020207420041
76,9,0.85,0.9957341343327059
76,9,0.90,0.9878479068429814
76,9,0.95,0.9907495521491505
77,0,0.05,-0.3302485576281917
77,0,0.10,0.9100719873877726
77,0,0.15,0.864088110734781
77,0,0.20,0.9074290776632713
77,0,0.25,0.8706789160642118
77,0,0.30,0.9376008771212123
77,0,0.35,0.8666658978906813
77,0,0.40,0.9354300009241253
77,0,0.45,0.9483822806539915
77,0,0.50,0.9590686164395531
77,0,0.55,0.9836691710724812
77,0,0.60,0.9652548159774951
77,0,0.65,0.9684315331611892
77,0,0.70,0.9903933796486598
77,0,0.75,0.9854475453088517
77,0,0.80,0.9868430312050317
77,0,0.85,0.9807671496848326
77,0,0.90,0.9894145860205422
77,0,0.95,0.9971300028297582
77,1,0.05,0.7857498307263553
77,1,0.10,0.8212045885938306
77,1,0.15,0.9564601619199895
77,1,0.20,0.9482085799717778
77,1,0.25,0.9495290126880334
77,1,0.30,0.8161764348012475
77,1,0.35,0.9231705887277714
77,1,0.40,0.9404434973812427
77,1,0.45,0.905338412864945
77,1,0.50,0.978590795823219
77,1,0.55,0.9718378337895015
77,1,0.60,0.9692505130060195
77,1,0.65,0.9783847354286536
77,1,0.70,0.9905679786646305
77,1,0.75,0.9868455740689944
77,1,0.80,0.9735582819798098
77,1,0.85,0.9941392044504641
77,1,0.90,0.9944132330342467
77,1,0.95,0.9908805301971269
77,2,0.05,0.2935774563360015
77,2,0.10,0.4106276364332556
77,2,0.15,0.9492509125394365
77,2,0.20,0.9680921930863057
77,2,0.25,0.8903802065251236
77,2,0.30,0.9270312549118149
77,2,0.35,0.9657704774940155
77,2,0.40,0.9700071413077694
77,2,0.45,0.9191412814504448
77,2,0.50,0.9210186089028002
77,2,0.55,0.9553966277978179
77,2,0.60,0.9860943412639357
77,2,0.65,0.9766009253679251
77,2,0.70,0.9773204678984136
77,2,0.75,0.9828148275858066
77,2,0.80,0.995010865653441
77,2,0.85,0.9940011225500359
77,2,0.90,0.9943152777935662
77,2,0.95,0.9966545281599115
77,3,0.05,0.5977558871104671
77,3,0.10,0.8940219514429014
77,3,0.15,0.8406367303372887
77,3,0.20,0.9574509984248302
77,3,0.25,0.9479542771035158
77,3,0.30,0.9236588013266401
77,3,0.35,0.9393965095676629
77,3,0.40,0.9722300063110668
77,3,0.45,0.9527963881976925
77,3,0.50,0.9231630796197183
77,3,0.55,0.9450341365304561
77,3,0.60,0.9546646924158121
77,3,0.65,0.9384414652656076
77,3,0.70,0.9797211694427824
77,3,0.75,0.9910243369202395
77,3,0.80,0.9847072542498009
77,3,0.85,0.9972515838111731
77,3,0.90,0.9919611438637213
77,3,0.95,0.9917784044394486
77,4,0.05,0.8191019886661337
77,4,0.10,0.8797893856440251
77,4,0.15,0.8768240230127855
77,4,0.20,0.9660292911509817
77,4,0.25,0.886886527426024
77,4,0.30,0.9328110669394493
77,4,0.35,0.88845988931395
77,4,0.40,0.9619662280879411
77,4,0.45,0.8869382444229621
77,4,0.50,0.8746777041751463
77,4,0.55,0.9596309451749313
77,4,0.60,0.977498864598808
77,4,0.65,0.9850811840014525
77,4,0.70,0.9922050477898988
77,4,0.75,0.9964387803558533
77,4,0.80,0.9903046665044454
77,4,0.85,0.9943606094271582
77,4,0.90,0.986779169774279
77,4,0.95,0.9936898135569416
77,5,0.05,0.5749310503660495
77,5,0.10,0.929339634353566
77,5,0.15,0.8970092329356845
77,5,0.20,0.9385549040509239
77,5,0.25,0.8995452429842303
77,5,0.30,0.9301845552769044
77,5,0.35,0.9057604801462763
77,5,0.40,0.9107651649664964
77,5,0.45,0.980432992123779
77,5,0.50,0.9878436202257566
77,5,0.55,0.9775691933954113
77,5,0.60,0.981536717700501
77,5,0.65,0.9885813728777508
77,5,0.70,0.9770901502574653
77,5,0.75,0.9784602817639803
77,5,0.80,0.9920024750678029
77,5,0.85,0.9895075510696295
77,5,0.90,0.9797991856336797
77,5,0.95,0.9910279313998552
77,6,0.05,0.6601712647396399
77,6,0.10,0.6867305191497325
77,6,0.15,0.9375350490938487
77,6,0.20,0.935156680853078
77,6,0.25,0.845354762721447
77,6,0.30,0.8908271483321661
77,6,0.35,0.950148093396971
77,6,0.40,0.955425071489694
77,6,0.45,0.9559860103633794
77,6,0.50,0.9581592559824315
77,6,0.55,0.9526091186117038
77,6,0.60,0.9765936583584968
77,6,0.65,0.9825553378319601
77,6,0.70,0.9844237416033483
77,6,0.75,0.9894399945768145
77,6,0.80,0.993028174261532
77,6,0.85,0.9915753066326879
77,6,0.90,0.9927150663975476
77,6,0.95,0.997535817768281
77,7,0.05,0.7500691546445886
77,7,0.10,0.8008550448439097
77,7,0.15,0.9826398577302672
77,7,0.20,0.9424842340795838
77,7,0.25,0.9431176524429239
77,7,0.30,0.7285153109760554
77,7,0.35,0.9087675455204008
77,7,0.40,0.9811152382227922
77,7,0.45,0.966091030267385
77,7,0.50,0.9614608716411166
77,7,0.55,0.9802789194437346
77,7,0.60,0.9923554245989471
77,7,0.65,0.9760641671191278
77,7,0.70,0.9020286568899172
77,7,0.75,0.9818893988032802
77,7,0.80,0.9756678080007797
77,7,0.85,0.9924523829932765
77,7,0.90,0.9932379222516355
77,7,0.95,0.9906553842435706
77,8,0.05,0.27416907781131017
77,8,0.10,0.8764150738457956
77,8,0.15,0.9656976173109708
77,8,0.20,0.9564481879503672
77,8,0.25,0.7633220192207385
77,8,0.30,0.9357049235286166
77,8,0.35,0.9483536765631297
77,8,0.40,0.9486588392203436
77,8,0.45,0.9789624716569323
77,8,0.50,0.9549343165376698
77,8,0.55,0.9902099872233877
77,8,0.60,0.982762453544366
77,8,0.65,0.9495293370958381
77,8,0.70,0.9811155165444466
77,8,0.75,0.9510820678252094
77,8,0.80,0.9912061822282139
77,8,0.85,0.9937083948409461
77,8,0.90,0.9881095250412177
77,8,0.95,0.9953444505534512
77,9,0.05,0.33288311716203556
77,9,0.10,0.956445530740696
77,9,0.15,0.9444090802879764
77,9,0.20,0.9465848744271917
77,9,0.25,0.8893419456729226
77,9,0.30,0.9108846400299522
77,9,0.35,0.9324283957122845
77,9,0.40,0.9488899012901627
77,9,0.45,0.970516738774565
77,9,0.50,0.976681432108806
77,9,0.55,0.9770896396420878
77,9,0.60,0.9773449317802934
77,9,0.65,0.9855408364317694
77,9,0.70,0.9912834998667794
77,9,0.75,0.988740732658634
77,9,0.80,0.9900499337103814
77,9,0.85,0.9896979604413446
77,9,0.90,0.9918129614838355
77,9,0.95,0.9945609340677145
78,0,0.05,0.008298593307652369
78,0,0.10,0.6009034005294822
78,0,0.15,0.907562753965883
78,0,0.20,0.8442901329706102
78,0,0.25,0.8579768257030189
78,0,0.30,0.9210654438319072
78,0,0.35,0.9534071004682001
78,0,0.40,0.8876244849973405
78,0,0.45,0.9704457479646484
78,0,0.50,0.9812827754175927
78,0,0.55,0.9759034441047454
78,0,0.60,0.9660898923882352
78,0,0.65,0.9771370817790069
78,0,0.70,0.9722630639939593
78,0,0.75,0.9912385505713677
78,0,0.80,0.9945639444581531
78,0,0.85,0.9906915989032548
78,0,0.90,0.996765403893046
78,0,0.95,0.9858391334984291
78,1,0.05,0.8203892862047988
78,1,0.10,0.4257387225901794
78,1,0.15,0.9324520506679206
78,1,0.20,0.7622166962843584
78,1,0.25,0.9522151854765292
78,1,0.30,0.8655583331471812
78,1,0.35,0.9714172427007303
78,1,0.40,0.9308414839060517
78,1,0.45,0.8920123428019741
78,1,0.50,0.9455747796330652
78,1,0.55,0.9743475720998819
78,1,0.60,0.979230889081736
78,1,0.65,0.9689479818395835
78,1,0.70,0.9897274079098596
78,1,0.75,0.988660128518617
78,1,0.80,0.9786196961378467
78,1,0.85,0.9889339098573775
78,1,0.90,0.9974659426886042
78,1,0.95,0.9943728945948808
78,2,0.05,0.25165385177612076
78,2,0.10,0.46718771717195284
78,2,0.15,0.7916273192285094
78,2,0.20,0.951220866605476
78,2,0.25,0.9647536785052785
78,2,0.30,0.9003759435576537
78,2,0.35,0.9344229290633236
78,2,0.40,0.9573998821680905
78,2,0.45,0.9256917317509537
78,2,0.50,0.9543695527279992
78,2,0.55,0.9181612648230717
78,2,0.60,0.9778102135735283
78,2,0.65,0.9920948048245919
78,2,0.70,0.9944227522822014
78,2,0.75,0.9847380704770584
78,2,0.80,0.995841829062644
78,2,0.85,0.9874610151887725
78,2,0.90,0.9942739380724027
78,2,0.95,0.9964692574941776
78,3,0.05,0.4561046489245917
78,3,0.10,0.8094774866960954
78,3,0.15,0.8984772599401027
78,3,0.20,0.8841149635403294
78,3,0.25,0.9729097413811907
78,3,0.30,0.9674027965260374
78,3,0.35,0.8961617105638271
78,3,0.40,0.9212164650361311
78,3,0.45,0.949561577968573
78,3,0.50,0.9565401356102741
78,3,0.55,0.9765817114396511
78,3,0.60,0.980269865416732
78,3,0.65,0.9707633102818708
78,3,0.70,0.9740590230750233
78,3,0.75,0.9894342076404785
78,3,0.80,0.978535749187874
78,3,0.85,0.9815269739441471
78,3,0.90,0.9946042284394512
78,3,0.95,0.9960959947680992
78,4,0.05,-0.20710883296974392
78,4,0.10,0.6947676725710608
78,4,0.15,0.8609639174721965
78,4,0.20,0.8569859835687326
78,4,0.25,0.8795813967000697
78,4,0.30,0.8543601945076025
78,4,0.35,0.9791820473333819
78,4,0.40,0.8750573795552274
78,4,0.45,0.9789254385476397
78,4,0.50,0.9853496317075962
78,4,0.55,0.9814716839625176
78,4,0.60,0.9886029008220044
78,4,0.65,0.9879200674320684
78,4,0.70,0.8894465928943271
78,4,0.75,0.9870912122751438
78,4,0.80,0.9727657803932078
78,4,0.85,0.9904023275803218
78,4,0.90,0.9931928303121231
78,4,0.95,0.9943781254132091
78,5,0.05,0.40501015864039613
78,5,0.10,0.8623211848762011
78,5,0.15,0.6215063673914241
78,5,0.20,0.90839647649748
78,5,0.25,0.899962224029714
78,5,0.30,0.9274069098097675
78,5,0.35,0.9189916546728493
78,5,0.40,0.9387673840858127
78,5,0.45,0.9800561508233987
78,5,0.50,0.9799126221657067
78,5,0.55,0.9790903227376354
78,5,0.60,0.9841980601329268
78,5,0.65,0.9696571078867328
78,5,0.70,0.9748520508220747
78,5,0.75,0.9776267318194032
78,5,0.80,0.9898442730126831
78,5,0.85,0.9818545904077997
78,5,0.90,0.9932291240995806
78,5,0.95,0.9919322082501962
78,6,0.05,-0.4693089326321358
78,6,0.10,0.8610103023877481
78,6,0.15,0.8821874163511522
78,6,0.20,0.9347976134258074
78,6,0.25,0.8908845860899562
78,6,0.30,0.9577439377059727
78,6,0.35,0.9648764579523743
78,6,0.40,0.85899491881706
78,6,0.45,0.9404187479115264
78,6,0.50,0.9690270531774485
78,6,0.55,0.9686131452802347
78,6,0.60,0.9580015939765939
78,6,0.65,0.9883796660482849
78,6,0.70,0.9746142423679764
78,6,0.75,0.96242838728673
78,6,0.80,0.9921583730125451
78,6,0.85,0.9919997201349365
78,6,0.90,0.9929051788978223
78,6,0.95,0.995274946609129
78,7,0.05,0.7192031563619394
78,7,0.10,0.6654227099445729
78,7,0.15,0.6660684338007581
78,7,0.20,0.9054863057836204
78,7,0.25,0.7749083241439596
78,7,0.30,0.888080989748933
78,7,0.35,0.9643701112218874
78,7,0.40,0.939201925643413
78,7,0.45,0.942748160579974
78,7,0.50,0.9406500937853046
78,7,0.55,0.980450221986397
78,7,0.60,0.9805066340090458
78,7,0.65,0.9449945893411853
78,7,0.70,0.9886591029974364
78,7,0.75,0.9882976967724529
78,7,0.80,0.9892278392544355
78,7,0.85,0.992826914127328
78,7,0.90,0.9954907463217828
78,7,0.95,0.9962182931352285
78,8,0.05,0.6820708479176518
78,8,0.10,0.6577079315508867
78,8,0.15,0.7163380389956584
78,8,0.20,0.7574989725892447
78,8,0.25,0.8411008014194006
78,8,0.30,0.9382874729967118
78,8,0.35,0.9748942474163418
78,8,0.40,0.9707196893029522
78,8,0.45,0.9686801724085091
78,8,0.50,0.9468841149924423
78,8,0.55,0.9867854156741802
78,8,0.60,0.9834346576793186
78,8,0.65,0.9625689446693069
78,8,0.70,0.9945584085106889
78,8,0.75,0.9907586347825299
78,8,0.80,0.9959956636060789
78,8,0.85,0.9829498097004652
78,8,0.90,0.9940367185492139
78,8,0.95,0.9914538097173463
78,9,0.05,-0.009449784380344495
78,9,0.10,0.7999466570035038
78,9,0.15,0.6914740117162524
78,9,0.20,0.8945628342440161
78,9,0.25,0.9399890706562917
78,9,0.30,0.9405583983476241
78,9,0.35,0.7697190473208781
78,9,0.40,0.9892785389717911
78,9,0.45,0.8905848206394663
78,9,0.50,0.9602775622064813
78,9,0.55,0.9825444106818016
78,9,0.60,0.983006079842689
78,9,0.65,0.9630199076314627
78,9,0.70,0.98033897064429
78,9,0.75,0.9903205415517972
78,9,0.80,0.9867495960347407
78,9,0.85,0.9827413386471398
78,9,0.90,0.9926765263643608
78,9,0.95,0.9977386156798213
79,0,0.05,0.22515361835265302
79,0,0.10,0.7420211172535716
79,0,0.15,0.911603171327252
79,0,0.20,0.952119388711873
79,0,0.25,0.9377403918958697
79,0,0.30,0.9638607110198812
79,0,0.35,0.9524066494839746
79,0,0.40,0.9852389180843305
79,0,0.45,0.9624413856801131
79,0,0.50,0.9677707002140749
79,0,0.55,0.9626259494490733
79,0,0.60,0.9769321923083198
79,0,0.65,0.9883988666702683
79,0,0.70,0.9905294106393159
79,0,0.75,0.9898046889044995
79,0,0.80,0.9863860158683331
79,0,0.85,0.9938315877123554
79,0,0.90,0.9953849957311531
79,0,0.95,0.9946973408671973
79,1,0.05,0.26542002865291436
79,1,0.10,0.6028043703617294
79,1,0.15,0.7812499675730156
79,1,0.20,0.9435550394823196
79,1,0.25,0.9300288660200784
79,1,0.30,0.9268227904458497
79,1,0.35,0.9476377059978205
79,1,0.40,0.952791576510744
79,1,0.45,0.8602368909635246
79,1,0.50,0.9740878594905161
79,1,0.55,0.9826380557711669
79,1,0.60,0.9859503565876789
79,1,0.65,0.9898815394634304
79,1,0.70,0.9816685476766633
79,1,0.75,0.9897399499491789
79,1,0.80,0.9875145047495333
79,1,0.85,0.9932528402924843
79,1,0.90,0.9911372995323601
79,1,0.95,0.9950962784330716
79,2,0.05,0.388101189772738
79,2,0.10,0.7985498033397385
79,2,0.15,0.8882652415106769
79,2,0.20,0.9379436971820783
79,2,0.25,0.9346157378739194
79,2,0.30,0.9393190810745603
79,2,0.35,0.9540795992848883
79,2,0.40,0.9573216717666702
79,2,0.45,0.9728409615843173
79,2,0.50,0.9569429138150896
79,2,0.55,0.9398288024511751
79,2,0.60,0.9663661649507532
79,2,0.65,0.9621724874369105
79,2,0.70,0.9875368401638075
79,2,0.75,0.9865181153254385
79,2,0.80,0.977691104200379
79,2,0.85,0.9907521366273927
79,2,0.90,0.9953073828666247
79,2,0.95,0.9963787171674966
79,3,0.05,0.4133409507937367
79,3,0.10,0.8088198180672045
79,3,0.15,0.6413406146764912
79,3,0.20,0.882992756275031
79,3,0.25,0.8408616999768104
79,3,0.30,0.9506514103376734
79,3,0.35,0.9595632348728624
79,3,0.40,0.9812479047642588
79,3,0.45,0.971668068087652
79,3,0.50,0.9783891895987192
79,3,0.55,0.9741635981702349
79,3,0.60,0.96495232760224
79,3,0.65,0.9750781144508202
79,3,0.70,0.9859195631006571
79,3,0.75,0.9827290469313338
79,3,0.80,0.9849311397182827
79,3,0.85,0.990402314568515
79,3,0.90,0.9935733154911531
79,3,0.95,0.9939024525720505
79,4,0.05,0.39125759441650354
79,4,0.10,0.7489675652198147
79,4,0.15,0.8447844979921564
79,4,0.20,0.8881853380002035
79,4,0.25,0.921591853901485
79,4,0.30,0.9671000465600692
79,4,0.35,0.9486964107843819
79,4,0.40,0.955534539492426
79,4,0.45,0.9755517402832933
79,4,0.50,0.9737730372682696
79,4,0.55,0.9572476630280526
79,4,0.60,0.9866051175679
79,4,0.65,0.9931542375290865
79,4,0.70,0.9830627297107518
79,4,0.75,0.9925278939606184
79,4,0.80,0.9719931708881837
79,4,0.85,0.9935615536355595
79,4,0.90,0.9908460706203863
79,4,0.95,0.9860766595892069
79,5,0.05,0.7936014468764965
79,5,0.10,0.5654034018117253
79,5,0.15,0.7526897249048049
79,5,0.20,0.854691404347534
79,5,0.25,0.7708955825155703
79,5,0.30,0.934292412349492
79,5,0.35,0.935655633049486
79,5,0.40,0.9531564177024789
79,5,0.45,0.9730673478308427
79,5,0.50,0.941788166998725
79,5,0.55,0.984257949160582
79,5,0.60,0.9845142458468318
79,5,0.65,0.9824056996023449
79,5,0.70,0.9924592014738106
79,5,0.75,0.9878982274774305
79,5,0.80,0.9896263185066402
79,5,0.85,0.9921349809961566
79,5,0.90,0.9965255027124927
79,5,0.95,0.9950841674850998
79,6,0.05,0.39461576777766316
79,6,0.10,0.517311938505671
79,6,0.15,0.8775010614008262
79,6,0.20,0.8829617878696855
79,6,0.25,0.9295693300709897
79,6,0.30,0.9271458290552417
79,6,0.35,0.9566895978826898
79,6,0.40,0.9265238820629323
79,6,0.45,0.9868287060768938
79,6,0.50,0.9836741611350693
79,6,0.55,0.9822779137942397
79,6,0.60,0.9753474021521317
79,6,0.65,0.9801137313103723
79,6,0.70,0.975425295362612
79,6,0.75,0.99330895827621
79,6,0.80,0.9923480151828842
79,6,0.85,0.9956699937043842
79,6,0.90,0.9965486204174172
79,6,0.95,0.9968286023370395
79,7,0.05,0.49253010558879484
79,7,0.10,0.7380469609266525
79,7,0.15,0.8867609167374211
79,7,0.20,0.808787299460802
79,7,0.25,0.8591473988374827
79,7,0.30,0.9489462471944309
79,7,0.35,0.9607074007470268
79,7,0.40,0.9665262702694178
79,7,0.45,0.9770728015146842
79,7,0.50,0.9806309750546701
79,7,0.55,0.9833607168912958
79,7,0.60,0.9604349602300896
79,7,0.65,0.9836991086482876
79,7,0.70,0.982213826321025
79,7,0.75,0.9901526809080821
79,7,0.80,0.9902630813571334
79,7,0.85,0.9934029748314166
79,7,0.90,0.9878607035908916
79,7,0.95,0.993734690991181
79,8,0.05,0.8183874830856108
79,8,0.10,0.8416462572820531
79,8,0.15,0.7882189036524242
79,8,0.20,0.922034046144511
79,8,0.25,0.9341560110285277
79,8,0.30,0.9246431077972044
79,8,0.35,0.9698062760982563
79,8,0.40,0.9341644976457593
79,8,0.45,0.9732878200899131
79,8,0.50,0.981370632701063
79,8,0.55,0.9732989768332283
79,8,0.60,0.9859140885070511
79,8,0.65,0.9838119351397949
79,8,0.70,0.9743137975393694
79,8,0.75,0.992098156263485
79,8,0.80,0.9919898892287103
79,8,0.85,0.9800029797033045
79,8,0.90,0.9971026787263806
79,8,0.95,0.9915648525649814
79,9,0.05,0.3540694311639432
79,9,0.10,0.4901918203411574
79,9,0.15,0.8303927965204579
79,9,0.20,0.8306919962922267
79,9,0.25,0.8710701486633401
79,9,0.30,0.9337911452393963
79,9,0.35,0.8464538034236059
79,9,0.40,0.9581267272071218
79,9,0.45,0.9521968334699134
79,9,0.50,0.9643052959323727
79,9,0.55,0.9837415693785817
79,9,0.60,0.9861633406516096
79,9,0.65,0.9235500059104818
79,9,0.70,0.980719233342529
79,9,0.75,0.9824129370387861
79,9,0.80,0.9943339077282699
79,9,0.85,0.989703443999162
79,9,0.90,0.9928213757006307
79,9,0.95,0.976481582825203
80,0,0.05,0.4996271061173293
80,0,0.10,0.7318150225225121
80,0,0.15,0.8171434057622572
80,0,0.20,0.9114766011767196
80,0,0.25,0.9575754735083641
80,0,0.30,0.9229440231144824
80,0,0.35,0.9818243135132679
80,0,0.40,0.9639681820090897
80,0,0.45,0.9693171135205347
80,0,0.50,0.9600135508246124
80,0,0.55,0.9844772337827475
80,0,0.60,0.9821449817916483
80,0,0.65,0.9770587298419043
80,0,0.70,0.9956908744608339
80,0,0.75,0.9907988999802028
80,0,0.80,0.9747914555982489
80,0,0.85,0.9952769682407151
80,0,0.90,0.9970380780845689
80,0,0.95,0.9930220024321004
80,1,0.05,0.04872425569456418
80,1,0.10,0.7311923312817316
80,1,0.15,0.8521142064751027
80,1,0.20,0.7029182214748521
80,1,0.25,0.9438492387166282
80,1,0.30,0.9480199703786523
80,1,0.35,0.9674077679967562
80,1,0.40,0.9760405551676559
80,1,0.45,0.9839409694941976
80,1,0.50,0.9801103334888771
80,1,0.55,0.9755008629963708
80,1,0.60,0.9853674066853448
80,1,0.65,0.9778976430793195
80,1,0.70,0.9935663234090852
80,1,0.75,0.9920142475360587
80,1,0.80,0.9942894335769388
80,1,0.85,0.993884969493972
80,1,0.90,0.9959115570401793
80,1,0.95,0.9930361220260718
80,2,0.05,0.6217216153312904
80,2,0.10,0.28908553730604636
80,2,0.15,0.9486646135234055
80,2,0.20,0.9259192173214523
80,2,0.25,0.9053845505650272
80,2,0.30,0.9281663004991076
80,2,0.35,0.9540439744617255
80,2,0.40,0.9734049065386092
80,2,0.45,0.9728142849836713
80,2,0.50,0.9777877292294755
80,2,0.55,0.9778111655775127
80,2,0.60,0.98633948752125
80,2,0.65,0.9875516332389952
80,2,0.70,0.9734752205932149
80,2,0.75,0.992565586340604
80,2,0.80,0.9796396604428711
80,2,0.85,0.9897223479309099
80,2,0.90,0.9939422636445338
80,2,0.95,0.9977456481588917
80,3,0.05,0.5456425468217292
80,3,0.10,0.7343502321099076
80,3,0.15,0.7005659083847888
80,3,0.20,0.8780448122361408
80,3,0.25,0.7980344329041155
80,3,0.30,0.8947944059791307
80,3,0.35,0.9787677450698568
80,3,0.40,0.9709244163450885
80,3,0.45,0.8826649157556923
80,3,0.50,0.9808675742005541
80,3,0.55,0.980807476991458
80,3,0.60,0.9878598465432403
80,3,0.65,0.9706781235782059
80,3,0.70,0.9931712231989213
80,3,0.75,0.989647704835506
80,3,0.80,0.96698402168819
80,3,0.85,0.9905637057371839
80,3,0.90,0.985190396383184
80,3,0.95,0.9944360028737095
80,4,0.05,0.07090245170318887
80,4,0.10,0.3753752804412922
80,4,0.15,0.8228252710101591
80,4,0.20,0.760625703368055
80,4,0.25,0.9208815445020709
80,4,0.30,0.9287511783035409
80,4,0.35,0.877751570436852
80,4,0.40,0.9618395980425505
80,4,0.45,0.9750003426774773
80,4,0.50,0.9833681243303084
80,4,0.55,0.9646997341494572
80,4,0.60,0.9396821783121968
80,4,0.65,0.9471482887277922
80,4,0.70,0.9910503600789528
80,4,0.75,0.990046241728973
80,4,0.80,0.9834904775568999
80,4,0.85,0.9905085775947454
80,4,0.90,0.9938995530064277
80,4,0.95,0.9903654107586857
80,5,0.05,-0.9524075438881641
80,5,0.10,0.7842939123685329
80,5,0.15,0.8019783058030278
80,5,0.20,0.8685563457153556
80,5,0.25,0.9776482918750159
80,5,0.30,0.9655168805897837
80,5,0.35,0.9549854210116974
80,5,0.40,0.9818534627024204
80,5,0.45,0.9691115405937856
80,5,0.50,0.9672354432706695
80,5,0.55,0.9830081352645491
80,5,0.60,0.9436758767200869
80,5,0.65,0.9907539903826065
80,5,0.70,0.9926440034855184
80,5,0.75,0.9917158878186016
80,5,0.80,0.9942447128967808
80,5,0.85,0.9846103130902049
80,5,0.90,0.9960846331985136
80,5,0.95,0.9948264406421063
80,6,0.05,0.18970175897883956
80,6,0.10,0.8239884093541977
80,6,0.15,0.9023779738905031
80,6,0.20,0.8635670657401011
80,6,0.25,0.9621981944879474
80,6,0.30,0.9681104275372184
80,6,0.35,0.9552495098816541
80,6,0.40,0.9498953674810888
80,6,0.45,0.9753120629181848
80,6,0.50,0.9258316105575239
80,6,0.55,0.969569928353982
80,6,0.60,0.967039287316652
80,6,0.65,0.9849226089602141
80,6,0.70,0.9783244245131814
80,6,0.75,0.9896270005729839
80,6,0.80,0.9947167829057462
80,6,0.85,0.9939865080610409
80,6,0.90,0.9895538100024216
80,6,0.95,0.9953136552978976
80,7,0.05,0.29401314408897283
80,7,0.10,0.7053572259783892
80,7,0.15,0.6952611561987365
80,7,0.20,0.9449672832683634
80,7,0.25,0.936642668126941
80,7,0.30,0.984859960136564
80,7,0.35,0.9451818338714193
80,7,0.40,0.9738300853334015
80,7,0.45,0.9544946429112173
80,7,0.50,0.987664597649691
80,7,0.55,0.9752615340659256
80,7,0.60,0.9780328560192583
80,7,0.65,0.9921235865001061
80,7,0.70,0.9913085657157298
80,7,0.75,0.981979708515584
80,7,0.80,0.9847427670041056
80,7,0.85,0.9865619072453291
80,7,0.90,0.9902269746614983
80,7,0.95,0.9931162924608612
80,8,0.05,0.7322256285688695
80,8,0.10,0.8035476418281239
80,8,0.15,0.8949181261683337
80,8,0.20,0.8284065104802035
80,8,0.25,0.9176138564500093
80,8,0.30,0.9376293649306446
80,8,0.35,0.9342956741876327
80,8,0.40,0.9545012041696426
80,8,0.45,0.9721599430032779
80,8,0.50,0.9330729656457134
80,8,0.55,0.9877727102815822
80,8,0.60,0.9924214822952906
80,8,0.65,0.9863042874442954
80,8,0.70,0.9856398640899776
80,8,0.75,0.9885167196074138
80,8,0.80,0.9945597399685415
80,8,0.85,0.9945060669167628
80,8,0.90,0.9847912696434543
80,8,0.95,0.9900640335205811
80,9,0.05,0.29966099878318997
80,9,0.10,0.7156068566891309
80,9,0.15,0.937607411921149
80,9,0.20,0.9296206326970063
80,9,0.25,0.8129243988106662
80,9,0.30,0.85502237063409
80,9,0.35,0.9370783199502809
80,9,0.40,0.9842217199350547
80,9,0.45,0.9388667417971411
80,9,0.50,0.9858051425514827
80,9,0.55,0.9383156740694373
80,9,0.60,0.9907149240847284
80,9,0.65,0.9924071097348057
80,9,0.70,0.9901525371017222
80,9,0.75,0.9947924614510447
80,9,0.80,0.9840246526968826
80,9,0.85,0.9968552679776664
80,9,0.90,0.9939137985869129
80,9,0.95,0.992306569612397
81,0,0.05,0.23685346978736022
81,0,0.10,0.9121940819010657
81,0,0.15,0.9229153850465436
81,0,0.20,0.9223111234790611
81,0,0.25,0.9500344177248129
81,0,0.30,0.9151594447039807
81,0,0.35,0.9157246970744454
81,0,0.40,0.9271329353028263
81,0,0.45,0.9007917926620228
81,0,0.50,0.9793243461237721
81,0,0.55,0.9687271185998297
81,0,0.60,0.9744133172980647
81,0,0.65,0.9817084003107343
81,0,0.70,0.9787645026126738
81,0,0.75,0.9915105436621424
81,0,0.80,0.9934220340760833
81,0,0.85,0.996405333009736
81,0,0.90,0.9966999035440698
81,0,0.95,0.9935642025475983
81,1,0.05,-1.382158176381262
81,1,0.10,0.9124832377029676
81,1,0.15,0.9501641213487397
81,1,0.20,0.7642967834091383
81,1,0.25,0.8863860685456622
81,1,0.30,0.9018875902144836
81,1,0.35,0.9588004191612703
81,1,0.40,0.9724541872842161
81,1,0.45,0.9539430859637652
81,1,0.50,0.9658898136617556
81,1,0.55,0.9478767216627018
81,1,0.60,0.9750272247330293
81,1,0.65,0.9896875673146135
81,1,0.70,0.9897699119447324
81,1,0.75,0.9822059523439739
81,1,0.80,0.9953002557494076
81,1,0.85,0.9916703744135807
81,1,0.90,0.9952607441228076
81,1,0.95,0.9944867327360228
81,2,0.05,0.8115675373998632
81,2,0.10,0.7213128905017698
81,2,0.15,0.8773848108140149
81,2,0.20,0.9147302386644302
81,2,0.25,0.9257011608757667
81,2,0.30,0.9386738962539183
81,2,0.35,0.9588899874885389
81,2,0.40,0.9265306129050512
81,2,0.45,0.9822481144106171
81,2,0.50,0.9707865835061223
81,2,0.55,0.9508152132421817
81,2,0.60,0.9818121174555754
81,2,0.65,0.9888899403186712
81,2,0.70,0.9812368698377799
81,2,0.75,0.9928475285704553
81,2,0.80,0.9880852595306017
81,2,0.85,0.9943390177951649
81,2,0.90,0.9966244986515115
81,2,0.95,0.9916651922783511
81,3,0.05,0.6627799691118255
81,3,0.10,0.8622916564467278
81,3,0.15,0.8670823488793331
81,3,0.20,0.8669177634562479
81,3,0.25,0.8154149144267187
81,3,0.30,0.8648826059982785
81,3,0.35,0.9695941869562636
81,3,0.40,0.9517176436047424
81,3,0.45,0.9790109094397285
81,3,0.50,0.9713282220138426
81,3,0.55,0.9786073227699285
81,3,0.60,0.9878992538126491
81,3,0.65,0.9937169405666755
81,3,0.70,0.9881564126098664
81,3,0.75,0.995227676230275
81,3,0.80,0.9805861565146898
81,3,0.85,0.9945471598263323
81,3,0.90,0.9864737227515938
81,3,0.95,0.9932979024695182
81,4,0.05,0.6418474321049533
81,4,0.10,0.3315194260915969
81,4,0.15,0.8627461681161098
81,4,0.20,0.8630706345758552
81,4,0.25,0.7399127182635354
81,4,0.30,0.9035355306784855
81,4,0.35,0.9303422690437946
81,4,0.40,0.9473702841450427
81,4,0.45,0.97970667499867
81,4,0.50,0.973569950243219
81,4,0.55,0.98272478176623
81,4,0.60,0.9521782342931957
81,4,0.65,0.9898697043115161
81,4,0.70,0.9759781331546694
81,4,0.75,0.9899308864422666
81,4,0.80,0.9904423724798774
81,4,0.85,0.991624168515148
81,4,0.90,0.994733872998737
81,4,0.95,0.9960973111039163
81,5,0.05,0.759190943388012
81,5,0.10,0.657579913905485
81,5,0.15,0.8836797441225333
81,5,0.20,0.8947012486417257
81,5,0.25,0.860728720188112
81,5,0.30,0.8269925681821859
81,5,0.35,0.9235394530030379
81,5,0.40,0.9368917001553366
81,5,0.45,0.9824576522607483
81,5,0.50,0.9744389220237609
81,5,0.55,0.9801618451164621
81,5,0.60,0.9864906355360825
81,5,0.65,0.9876960244459073
81,5,0.70,0.9862843264631518
81,5,0.75,0.9885134918876356
81,5,0.80,0.9868651695700896
81,5,0.85,0.9852671929828825
81,5,0.90,0.9932043145041619
81,5,0.95,0.992448864803934
81,6,0.05,0.6073431962039542
81,6,0.10,0.7886951474946562
81,6,0.15,0.8440202584911788
81,6,0.20,0.8911963284016347
81,6,0.25,0.8335600029554086
81,6,0.30,0.8807971503061862
81,6,0.35,0.9294147691759225
81,6,0.40,0.9638094081081932
81,6,0.45,0.9663598223296739
81,6,0.50,0.9835902375961098
81,6,0.55,0.9691292887950647
81,6,0.60,0.9941827826935766
81,6,0.65,0.9830383303986682
81,6,0.70,0.9810970720249654
81,6,0.75,0.9909991416991706
81,6,0.80,0.9920778729162398
81,6,0.85,0.9867456367635898
81,6,0.90,0.9933596237033007
81,6,0.95,0.9968388122907635
81,7,0.05,-3.663524748631838
81,7,0.10,0.8942633871010094
81,7,0.15,0.8997323654886528
81,7,0.20,0.8803533684740849
81,7,0.25,0.8706900946808689
81,7,0.30,0.921784825235215
81,7,0.35,0.9369257103189705
81,7,0.40,0.9592634095524588
81,7,0.45,0.9821435760534072
81,7,0.50,0.9702449113873937
81,7,0.55,0.9906719642338104
81,7,0.60,0.9776721780884454
81,7,0.65,0.9884349130312666
81,7,0.70,0.9893873027045534
81,7,0.75,0.9820066988761516
81,7,0.80,0.984221509881393
81,7,0.85,0.9950920319338602
81,7,0.90,0.9895113812062296
81,7,0.95,0.9965339813256474
81,8,0.05,0.01674021960134775
81,8,0.10,0.8524406723627056
81,8,0.15,0.8559236178927832
81,8,0.20,0.9277250281527537
81,8,0.25,0.7247494274879942
81,8,0.30,0.8231603705786178
81,8,0.35,0.9543207981076685
81,8,0.40,0.9631821816701949
81,8,0.45,0.9807400377373675
81,8,0.50,0.9849728818843487
81,8,0.55,0.9669158941316526
81,8,0.60,0.985956800503478
81,8,0.65,0.9900459539529486
81,8,0.70,0.9894954584733612
81,8,0.75,0.9936784934836611
81,8,0.80,0.9924268021958179
81,8,0.85,0.9770808185737804
81,8,0.90,0.9942127252252879
81,8,0.95,0.9956830563826795
81,9,0.05,0.6348527680738438
81,9,0.10,0.6274925528615802
81,9,0.15,0.8494879036758753
81,9,0.20,0.9009268147233972
81,9,0.25,0.8477017351551756
81,9,0.30,0.9490426948568669
81,9,0.35,0.9142679493241835
81,9,0.40,0.9616940563688197
81,9,0.45,0.922704245264705
81,9,0.50,0.9783673682162104
81,9,0.55,0.9637424414818204
81,9,0.60,0.9814386276677554
81,9,0.65,0.9877217910067986
81,9,0.70,0.959429956429157
81,9,0.75,0.9944544095585739
81,9,0.80,0.9943454853418877
81,9,0.85,0.9948029891082779
81,9,0.90,0.9955217834710823
81,9,0.95,0.9959925205391879
82,0,0.05,0.8744338080156897
82,0,0.10,0.5970605580008177
82,0,0.15,0.7459375985775014
82,0,0.20,0.8595048263116822
82,0,0.25,0.8608136022437567
82,0,0.30,0.8834243545908896
82,0,0.35,0.9355849525720111
82,0,0.40,0.9495886595794626
82,0,0.45,0.9829262744063281
82,0,0.50,0.9786767911853693
82,0,0.55,0.9707651204721636
82,0,0.60,0.9870987432111942
82,0,0.65,0.9868024145056357
82,0,0.70,0.9799326252864383
82,0,0.75,0.979812941480121
82,0,0.80,0.9843030272301709
82,0,0.85,0.9926535002124847
82,0,0.90,0.9949547206444204
82,0,0.95,0.996046037157862
82,1,0.05,0.9274879307836218
82,1,0.10,0.903038202692939
82,1,0.15,0.6619780701598881
82,1,0.20,0.6315032340255404
82,1,0.25,0.9012340624264312
82,1,0.30,0.9413849506694089
82,1,0.35,0.9279921543330166
82,1,0.40,0.9079745034461012
82,1,0.45,0.9468966865134429
82,1,0.50,0.969602783335458
82,1,0.55,0.9324184436621124
82,1,0.60,0.9746146403908525
82,1,0.65,0.9922187174756181
82,1,0.70,0.9870700624642057
82,1,0.75,0.99358783626109
82,1,0.80,0.989444599288401
82,1,0.85,0.9867168159638929
82,1,0.90,0.9977786497929502
82,1,0.95,0.9936427201681884
82,2,0.05,0.6226594124933412
82,2,0.10,0.43196545837968126
82,2,0.15,0.8064661068589094
82,2,0.20,0.8260888134061953
82,2,0.25,0.7886692101517696
82,2,0.30,0.8697037248964736
82,2,0.35,0.9833180695614486
82,2,0.40,0.95490161947974
82,2,0.45,0.939930199011273
82,2,0.50,0.9583752404327861
82,2,0.55,0.9635072835331288
82,2,0.60,0.9749463556645758
82,2,0.65,0.9822310700679316
82,2,0.70,0.9896861502971838
82,2,0.75,0.975674166342393
82,2,0.80,0.9860418093655571
82,2,0.85,0.9921425058102938
82,2,0.90,0.9916858921365139
82,2,0.95,0.9951232615383526
82,3,0.05,0.6194599885515818
82,3,0.10,0.8042522492825368
82,3,0.15,0.890136312536025
82,3,0.20,0.9520004349966853
82,3,0.25,0.7468664490410655
82,3,0.30,0.9413462037903091
82,3,0.35,0.9204751897325433
82,3,0.40,0.9011329875235644
82,3,0.45,0.9534745434935866
82,3,0.50,0.9746372835237518
82,3,0.55,0.949015234575459
82,3,0.60,0.9874455048906373
82,3,0.65,0.9696068384521791
82,3,0.70,0.9766442306213526
82,3,0.75,0.9961406010210604
82,3,0.80,0.9916065669431388
82,3,0.85,0.9965613087762464
82,3,0.90,0.9890163822316758
82,3,0.95,0.9949776773134396
82,4,0.05,-0.08083941636082814
82,4,0.10,0.8668722218907268
82,4,0.15,0.9123399647985577
82,4,0.20,0.8389808582115816
82,4,0.25,0.94845435330836
82,4,0.30,0.9310707197176187
82,4,0.35,0.9465753968011893
82,4,0.40,0.9551367581700707
82,4,0.45,0.9620297464024825
82,4,0.50,0.9839532516241104
82,4,0.55,0.942545705592895
82,4,0.60,0.9785613629946341
82,4,0.65,0.9808919680392216
82,4,0.70,0.9915806813917255
82,4,0.75,0.9790519759602917
82,4,0.80,0.9866341609427803
82,4,0.85,0.9966230754727957
82,4,0.90,0.9934589492377363
82,4,0.95,0.9968461895304261
82,5,0.05,0.9132580606016436
82,5,0.10,0.7402803919938961
82,5,0.15,0.473903672008927
82,5,0.20,0.9275807648234012
82,5,0.25,0.8539512296790486
82,5,0.30,0.9068420212743582
82,5,0.35,0.9164125532529642
82,5,0.40,0.9775200566597935
82,5,0.45,0.9716426084831162
82,5,0.50,0.9249020587376915
82,5,0.55,0.988369605444074
82,5,0.60,0.9786319506529987
82,5,0.65,0.9870096079591142
82,5,0.70,0.971129296682703
82,5,0.75,0.9825593732872772
82,5,0.80,0.9923819708726112
82,5,0.85,0.9926740742629401
82,5,0.90,0.9951245570700498
82,5,0.95,0.9914731597527044
82,6,0.05,0.7618460613016398
82,6,0.10,0.5434023036144384
82,6,0.15,0.841361512049329
82,6,0.20,0.9356784787820314
82,6,0.25,0.745201353556943
82,6,0.30,0.874590467388161
82,6,0.35,0.9726769744787909
82,6,0.40,0.9651464310991416
82,6,0.45,0.975329427560174
82,6,0.50,0.8772258281390557
82,6,0.55,0.9809947166578332
82,6,0.60,0.9922377158597887
82,6,0.65,0.9913973235293427
82,6,0.70,0.9901885748045256
82,6,0.75,0.9868930027635457
82,6,0.80,0.9919041211701686
82,6,0.85,0.9899260411627205
82,6,0.90,0.9930083097239332
82,6,0.95,0.9964064982209675
82,7,0.05,0.4454011506728496
82,7,0.10,0.6827051513124766
82,7,0.15,0.8830097670304023
82,7,0.20,0.8854310139126986
82,7,0.25,0.8618118001468371
82,7,0.30,0.9348512849371592
82,7,0.35,0.9186403967499807
82,7,0.40,0.9655225085777769
82,7,0.45,0.9796463148097773
82,7,0.50,0.9817069077907306
82,7,0.55,0.9678959557753894
82,7,0.60,0.9872777875326754
82,7,0.65,0.9733470988338129
82,7,0.70,0.9873306669705668
82,7,0.75,0.9931519237813888
82,7,0.80,0.9904004659789141
82,7,0.85,0.9960637257087204
82,7,0.90,0.9968459244381976
82,7,0.95,0.9910634477531794
82,8,0.05,0.6430781403623008
82,8,0.10,0.8674409476327642
82,8,0.15,0.5098870716225218
82,8,0.20,0.8625697746750771
82,8,0.25,0.881826890340527
82,8,0.30,0.9368200857378568
82,8,0.35,0.8565872218397661
82,8,0.40,0.9727009274761843
82,8,0.45,0.8750282258198232
82,8,0.50,0.9729212653788964
82,8,0.55,0.9788198846591735
82,8,0.60,0.950805386159366
82,8,0.65,0.9913484861086619
82,8,0.70,0.9914388558108957
82,8,0.75,0.9898852475291505
82,8,0.80,0.9790779300936457
82,8,0.85,0.9948433504648102
82,8,0.90,0.996980857634453
82,8,0.95,0.9926649700822392
82,9,0.05,0.42289720662893404
82,9,0.10,0.8813665483754629
82,9,0.15,0.9078313237484069
82,9,0.20,0.8410958588005156
82,9,0.25,0.9262972630279915
82,9,0.30,0.9064189055886218
82,9,0.35,0.9557838076951077
82,9,0.40,0.8684766156374721
82,9,0.45,0.9876086830275507
82,9,0.50,0.9853313601466219
82,9,0.55,0.9565995399437954
82,9,0.60,0.9872885601718223
82,9,0.65,0.9909278029515187
82,9,0.70,0.9902167194961398
82,9,0.75,0.9752505330408651
82,9,0.80,0.994463763958866
82,9,0.85,0.9942259345636484
82,9,0.90,0.982531055390181
82,9,0.95,0.995622623311887
83,0,0.05,0.7587932712802312
83,0,0.10,0.9104062133242264
83,0,0.15,0.6140044140738069
83,0,0.20,0.901224257284412
83,0,0.25,0.8937640780517271
83,0,0.30,0.9370027061253061
83,0,0.35,0.9771293702245039
83,0,0.40,0.9610576264011913
83,0,0.45,0.966927278478087
83,0,0.50,0.9774225584611957
83,0,0.55,0.9649372804781515
83,0,0.60,0.9607141422613268
83,0,0.65,0.9852079193253656
83,0,0.70,0.989319427800528
83,0,0.75,0.9914610717041792
83,0,0.80,0.9895342446385399
83,0,0.85,0.9873737270137373
83,0,0.90,0.9931459947076873
83,0,0.95,0.9904303457810779
83,1,0.05,0.7943886177868683
83,1,0.10,0.631049047200013
83,1,0.15,0.8969661024223275
83,1,0.20,0.9097691316466202
83,1,0.25,0.9299619011344186
83,1,0.30,0.9207283446314919
83,1,0.35,0.9825215563113374
83,1,0.40,0.9689597507774821
83,1,0.45,0.9462861378449962
83,1,0.50,0.9716464384469227
83,1,0.55,0.9746466497965061
83,1,0.60,0.9770866703404167
83,1,0.65,0.9941088183496344
83,1,0.70,0.9896511387304276
83,1,0.75,0.9928621871892709
83,1,0.80,0.9949974321117505
83,1,0.85,0.9943689961807385
83,1,0.90,0.9896821496392184
83,1,0.95,0.9880812097193498
83,2,0.05,0.3532050028973909
83,2,0.10,0.796053227261336
83,2,0.15,0.8779832784189894
83,2,0.20,0.8714458299583101
83,2,0.25,0.9209091650441358
83,2,0.30,0.9410794675389458
83,2,0.35,0.9714121680973191
83,2,0.40,0.9540482642390173
83,2,0.45,0.9797661186379963
83,2,0.50,0.9718261841292255
83,2,0.55,0.9678710431165839
83,2,0.60,0.9788747200095234
83,2,0.65,0.9835554435723542
83,2,0.70,0.9899579439666603
83,2,0.75,0.9891875973155871
83,2,0.80,0.991870855409069
83,2,0.85,0.9915331334904715
83,2,0.90,0.9932159615063673
83,2,0.95,0.9812852959880373
83,3,0.05,0.9221569315723351
83,3,0.10,0.5294086854556181
83,3,0.15,0.676617264637978
83,3,0.20,0.8841458521860287
83,3,0.25,0.9005310821571862
83,3,0.30,0.9660703383019839
83,3,0.35,0.9486929426634269
83,3,0.40,0.9223492067208239
83,3,0.45,0.9794182879056712
83,3,0.50,0.9864141467208549
83,3,0.55,0.9743971991982582
83,3,0.60,0.9712628152599856
83,3,0.65,0.9947672955077782
83,3,0.70,0.9854682172907032
83,3,0.75,0.9856946558422693
83,3,0.80,0.9844018440115455
83,3,0.85,0.9936180417667938
83,3,0.90,0.9935577838045869
83,3,0.95,0.9871821889815219
83,4,0.05,0.8770947889750978
83,4,0.10,0.857070538258026
83,4,0.15,0.7201081272535244
83,4,0.20,0.8674645478684605
83,4,0.25,0.969164655551324
83,4,0.30,0.946232285638511
83,4,0.35,0.94250217997804
83,4,0.40,0.954436130295011
83,4,0.45,0.9813759200913932
83,4,0.50,0.946676957039311
83,4,0.55,0.969739379558685
83,4,0.60,0.9872993686183421
83,4,0.65,0.9897998765642576
83,4,0.70,0.9944779261080676
83,4,0.75,0.9924178733350033
83,4,0.80,0.983635448029311
83,4,0.85,0.9939627596066803
83,4,0.90,0.9947721335145895
83,4,0.95,0.9887203286514189
83,5,0.05,0.6325757064064808
83,5,0.10,0.6334077238189206
83,5,0.15,0.6667411419575637
83,5,0.20,0.9277332623301862
83,5,0.25,0.9501632084501165
83,5,0.30,0.9248524192814469
83,5,0.35,0.9562962866455156
83,5,0.40,0.9748556889664902
83,5,0.45,0.9751495926972699
83,5,0.50,0.969781639788582
83,5,0.55,0.9863359545959607
83,5,0.60,0.9688055411392572
83,5,0.65,0.982785166533612
83,5,0.70,0.9841415391999985
83,5,0.75,0.9934278773119994
83,5,0.80,0.9932550260660274
83,5,0.85,0.9940178214545647
83,5,0.90,0.9942963361186987
83,5,0.95,0.9977089514536037
83,6,0.05,0.5331963169084379
83,6,0.10,0.7563626317027023
83,6,0.15,0.8626206118754687
83,6,0.20,0.9320710483343545
83,6,0.25,0.9319581832957213
83,6,0.30,0.859502030499991
83,6,0.35,0.9683041824200059
83,6,0.40,0.9574664139286567
83,6,0.45,0.9604918010257528
83,6,0.50,0.9809835589164555
83,6,0.55,0.9706389801604882
83,6,0.60,0.9810142630559883
83,6,0.65,0.9901143786239472
83,6,0.70,0.9908124664001074
83,6,0.75,0.9868410838278325
83,6,0.80,0.9831118259233542
83,6,0.85,0.9907444251581745
83,6,0.90,0.993270098553662
83,6,0.95,0.9937098938875671
83,7,0.05,0.95727692983898
83,7,0.10,0.6311988132304185
83,7,0.15,0.9123282980841692
83,7,0.20,0.7949816869855822
83,7,0.25,0.9029668578199476
83,7,0.30,0.9173405731945158
83,7,0.35,0.940595350407687
83,7,0.40,0.9445688418191415
83,7,0.45,0.9795940050084816
83,7,0.50,0.982304007785231
83,7,0.55,0.9817363160294142
83,7,0.60,0.9761030370676966
83,7,0.65,0.991501713622042
83,7,0.70,0.9797156676930391
83,7,0.75,0.9912374058338161
83,7,0.80,0.9867472386962436
83,7,0.85,0.9949603980896301
83,7,0.90,0.9937476944019882
83,7,0.95,0.9968877583531178
83,8,0.05,0.777565376784376
83,8,0.10,0.3517283916236924
83,8,0.15,0.7685270477304423
83,8,0.20,0.8821682298886957
83,8,0.25,0.9004334099553688
83,8,0.30,0.934231897029449
83,8,0.35,0.9656279412202279
83,8,0.40,0.9751448217037569
83,8,0.45,0.9678123196749455
83,8,0.50,0.9753634737614266
83,8,0.55,0.9810103094008302
83,8,0.60,0.9804387760750224
83,8,0.65,0.9932091648271753
83,8,0.70,0.9872376476940372
83,8,0.75,0.9866738132349954
83,8,0.80,0.9906864529782793
83,8,0.85,0.993728934423284
83,8,0.90,0.9950974297969898
83,8,0.95,0.9932219098218004
83,9,0.05,0.9164587895188767
83,9,0.10,0.8063936694334659
83,9,0.15,0.7748749656103608
83,9,0.20,0.9086656087183076
83,9,0.25,0.8983889585013528
83,9,0.30,0.9291715997787446
83,9,0.35,0.9216724255856072
83,9,0.40,0.9649520324838393
83,9,0.45,0.9627404179902695
83,9,0.50,0.9826546798958073
83,9,0.55,0.9721359351346585
83,9,0.60,0.9883380126903332
83,9,0.65,0.9689885292602928
83,9,0.70,0.9907560424759019
83,9,0.75,0.9937088651322551
83,9,0.80,0.993226638144931
83,9,0.85,0.9955944040539945
83,9,0.90,0.9951339633359702
83,9,0.95,0.9936677086412476
84,0,0.05,0.738558728239126
84,0,0.10,0.6273307338116663
84,0,0.15,0.9068158510065688
84,0,0.20,0.9132763701520317
84,0,0.25,0.9537281253696697
84,0,0.30,0.9755392527075439
84,0,0.35,0.9800203966119707
84,0,0.40,0.9458311971168472
84,0,0.45,0.9723425557928898
84,0,0.50,0.9534310986882019
84,0,0.55,0.9796787948252753
84,0,0.60,0.983739389919488
84,0,0.65,0.9829831737987276
84,0,0.70,0.9948229109775188
84,0,0.75,0.9909763290335584
84,0,0.80,0.9929999276275078
84,0,0.85,0.9877568080754461
84,0,0.90,0.9938489657546046
84,0,0.95,0.9918883041246298
84,1,0.05,0.12689745774206096
84,1,0.10,0.9687881344272778
84,1,0.15,0.7672146799181665
84,1,0.20,0.9361845066005915
84,1,0.25,0.6704634208386766
84,1,0.30,0.9385826952166516
84,1,0.35,0.9665072166937444
84,1,0.40,0.9645714981485253
84,1,0.45,0.9863981571563256
84,1,0.50,0.9475788681416547
84,1,0.55,0.9814515624024919
84,1,0.60,0.9867548936609413
84,1,0.65,0.9815460194050808
84,1,0.70,0.983900100551412
84,1,0.75,0.9954527078561279
84,1,0.80,0.994161784026628
84,1,0.85,0.9882018696474018
84,1,0.90,0.9949764106023528
84,1,0.95,0.9963941783526629
84,2,0.05,0.8305154634800198
84,2,0.10,0.45793345364173466
84,2,0.15,0.6708667791374393
84,2,0.20,0.9615926766194274
84,2,0.25,0.6281805906160767
84,2,0.30,0.9563752706617104
84,2,0.35,0.9551680414852503
84,2,0.40,0.9563141500804688
84,2,0.45,0.9398746866412835
84,2,0.50,0.9671231957944034
84,2,0.55,0.9808827147227832
84,2,0.60,0.9557002819093778
84,2,0.65,0.9792999646448668
84,2,0.70,0.986465412077632
84,2,0.75,0.9859182012914411
84,2,0.80,0.9936066233947027
84,2,0.85,0.9951016781360006
84,2,0.90,0.9963693038747999
84,2,0.95,0.9943637525245448
84,3,0.05,0.846823463508869
84,3,0.10,0.8759540958198688
84,3,0.15,0.900185130794389
84,3,0.20,0.8778970473063187
84,3,0.25,0.8616137406451031
84,3,0.30,0.8121893551323841
84,3,0.35,0.8718943066316238
84,3,0.40,0.9637545108728663
84,3,0.45,0.9535573174710362
84,3,0.50,0.9787144456701194
84,3,0.55,0.9896427267267264
84,3,0.60,0.9872724009218774
84,3,0.65,0.9945000075479105
84,3,0.70,0.985765842618669
84,3,0.75,0.9939136942323191
84,3,0.80,0.9894367345257734
84,3,0.85,0.9926559174031664
84,3,0.90,0.9945142524720716
84,3,0.95,0.9960301553298866
84,4,0.05,0.30852660537698084
84,4,0.10,0.6472115446845986
84,4,0.15,0.7547056536234765
84,4,0.20,0.743885999888836
84,4,0.25,0.9566584523139243
84,4,0.30,0.9344208639320065
84,4,0.35,0.9607760989992189
84,4,0.40,0.959025275940832
84,4,0.45,0.9864379888412279
84,4,0.50,0.9773510068715421
84,4,0.55,0.9757128807105206
84,4,0.60,0.9874288178219808
84,4,0.65,0.9887932713864072
84,4,0.70,0.9788841392961205
84,4,0.75,0.9926403536839995
84,4,0.80,0.9916889989128492
84,4,0.85,0.994433095276027
84,4,0.90,0.9933333854581327
84,4,0.95,0.9947738811630918
84,5,0.05,0.11810991994841125
84,5,0.10,0.6825827301688243
84,5,0.15,0.8616841719869759
84,5,0.20,0.8397560434349293
84,5,0.25,0.9280186539233782
84,5,0.30,0.9325585857353562
84,5,0.35,0.9741574874750292
84,5,0.40,0.9664040583556762
84,5,0.45,0.9842350202393878
84,5,0.50,0.979718724737739
84,5,0.55,0.9703792590122601
84,5,0.60,0.973097605250592
84,5,0.65,0.9818134399774855
84,5,0.70,0.989036246761148
84,5,0.75,0.9925887255334935
84,5,0.80,0.995195815388247
84,5,0.85,0.9965425852896962
84,5,0.90,0.9945449756540685
84,5,0.95,0.9935969038865387
84,6,0.05,-1.3197018936932645
84,6,0.10,0.33238854474319257
84,6,0.15,0.8477998691923925
84,6,0.20,0.7855391396160176
84,6,0.25,0.9731045825615053
84,6,0.30,0.927323859495792
84,6,0.35,0.9774344862213258
84,6,0.40,0.9379084273212002
84,6,0.45,0.9671412992825801
84,6,0.50,0.9687137274948365
84,6,0.55,0.9707244071696847
84,6,0.60,0.9878066575613873
84,6,0.65,0.9639401093868908
84,6,0.70,0.9807283443254713
84,6,0.75,0.9878998711056797
84,6,0.80,0.989456814662385
84,6,0.85,0.9936553472083982
84,6,0.90,0.9957980663820633
84,6,0.95,0.9905285689556372
84,7,0.05,0.8408651875273279
84,7,0.10,0.624500211641059
84,7,0.15,0.8584954812931956
84,7,0.20,0.850366432111954
84,7,0.25,0.9445335991628492
84,7,0.30,0.9246604624194997
84,7,0.35,0.9154237843026201
84,7,0.40,0.9537320617022413
84,7,0.45,0.9622688231114512
84,7,0.50,0.946427107292052
84,7,0.55,0.9749061645252968
84,7,0.60,0.964263750223625
84,7,0.65,0.9892093536711313
84,7,0.70,0.9919451462575757
84,7,0.75,0.9864391663220896
84,7,0.80,0.9819310788724823
84,7,0.85,0.9934120034861441
84,7,0.90,0.9915861198155351
84,7,0.95,0.9935936885301652
84,8,0.05,0.6045464289167621
84,8,0.10,0.8934719207997085
84,8,0.15,0.5627156549516302
84,8,0.20,0.8389055523343873
84,8,0.25,0.9181526737963627
84,8,0.30,0.9425218086061304
84,8,0.35,0.9432351975149613
84,8,0.40,0.9709591648210824
84,8,0.45,0.9078432866896108
84,8,0.50,0.9430484543078712
84,8,0.55,0.9770119292894756
84,8,0.60,0.9862456890648282
84,8,0.65,0.9808229746834111
84,8,0.70,0.9809890085736757
84,8,0.75,0.987184427841443
84,8,0.80,0.9937271194705168
84,8,0.85,0.9967948237436385
84,8,0.90,0.9914529011671563
84,8,0.95,0.9951482137920699
84,9,0.05,0.41179085681034544
84,9,0.10,0.8365899734445881
84,9,0.15,0.8813144188566515
84,9,0.20,0.8955539866044367
84,9,0.25,0.938309095106103
84,9,0.30,0.9450177948334132
84,9,0.35,0.937713010947075
84,9,0.40,0.9422076718959612
84,9,0.45,0.9752396684959834
84,9,0.50,0.9569748946961479
84,9,0.55,0.9848979568883658
84,9,0.60,0.9684528938353965
84,9,0.65,0.9901249401136488
84,9,0.70,0.9929895550047786
84,9,0.75,0.9917227289841436
84,9,0.80,0.9883525614060844
84,9,0.85,0.993506261545767
84,9,0.90,0.9950217572932012
84,9,0.95,0.9937543494570378
85,0,0.05,0.8239000890511936
85,0,0.10,0.8356244797615195
85,0,0.15,0.9165486804834602
85,0,0.20,0.892311502674449
85,0,0.25,0.8655026344788116
85,0,0.30,0.970475977175662
85,0,0.35,0.89285730086317
85,0,0.40,0.9744096357515635
85,0,0.45,0.974167257596642
85,0,0.50,0.9487916296802075
85,0,0.55,0.9858127463583893
85,0,0.60,0.9747111425018917
85,0,0.65,0.9861826603866808
85,0,0.70,0.9909432697591128
85,0,0.75,0.9928064077651344
85,0,0.80,0.9905354661559942
85,0,0.85,0.9893803660549814
85,0,0.90,0.992478815269748
85,0,0.95,0.9937892696918165
85,1,0.05,0.865652544599796
85,1,0.10,0.39788852438722233
85,1,0.15,0.923337905534527
85,1,0.20,0.9807239149745042
85,1,0.25,0.8434747631629759
85,1,0.30,0.9045201058495467
85,1,0.35,0.6643286830577704
85,1,0.40,0.9212604047659955
85,1,0.45,0.8974649530222134
85,1,0.50,0.9840474702525333
85,1,0.55,0.9472834268431498
85,1,0.60,0.9906035530936552
85,1,0.65,0.964068847837035
85,1,0.70,0.9833578420790544
85,1,0.75,0.9902613447754118
85,1,0.80,0.9786635324647939
85,1,0.85,0.9952034292820672
85,1,0.90,0.9945758160636382
85,1,0.95,0.9892353168407129
85,2,0.05,0.8899367215707832
85,2,0.10,0.8047139487454078
85,2,0.15,0.9769338145444175
85,2,0.20,0.9155614422756938
85,2,0.25,0.9293664518543759
85,2,0.30,0.7886609525668581
85,2,0.35,0.9125347283684535
85,2,0.40,0.95288763973392
85,2,0.45,0.969792160993077
85,2,0.50,0.9850607001731669
85,2,0.55,0.9349691197522079
85,2,0.60,0.991341532575134
85,2,0.65,0.9901169426623948
85,2,0.70,0.9890146531781654
85,2,0.75,0.9818712193347766
85,2,0.80,0.9879112117622029
85,2,0.85,0.9946013746058445
85,2,0.90,0.9919429673802637
85,2,0.95,0.9956007709726067
85,3,0.05,0.6311259172565669
85,3,0.10,0.6429809495218219
85,3,0.15,0.8553708894933518
85,3,0.20,0.9670473415446875
85,3,0.25,0.8264616704250571
85,3,0.30,0.9290429641339137
85,3,0.35,0.881086198159331
85,3,0.40,0.9875591898684588
85,3,0.45,0.9769920227127515
85,3,0.50,0.9313673728984679
85,3,0.55,0.9822144929603945
85,3,0.60,0.9816902105573035
85,3,0.65,0.9906540043702319
85,3,0.70,0.9911820947552278
85,3,0.75,0.9884753359519824
85,3,0.80,0.9960280771499949
85,3,0.85,0.9912193694484563
85,3,0.90,0.9948500177971641
85,3,0.95,0.995964977475614
85,4,0.05,0.5354508856717837
85,4,0.10,0.20431447994350882
85,4,0.15,0.5995880922609015
85,4,0.20,0.9052962637568424
85,4,0.25,0.9635120422211381
85,4,0.30,0.9361640872618082
85,4,0.35,0.9120317345185932
85,4,0.40,0.9537127945581171
85,4,0.45,0.9607104634339829
85,4,0.50,0.9847867113453643
85,4,0.55,0.9834757484588796
85,4,0.60,0.988353057059913
85,4,0.65,0.9709850196630935
85,4,0.70,0.9892094248982078
85,4,0.75,0.9840829752869689
85,4,0.80,0.991889900482364
85,4,0.85,0.994806455035489
85,4,0.90,0.9962653244440824
85,4,0.95,0.9955083803886651
85,5,0.05,0.8171116793612285
85,5,0.10,0.4397765275515161
85,5,0.15,0.8463353308478487
85,5,0.20,0.7845764625662398
85,5,0.25,0.8054298181518367
85,5,0.30,0.8457410775177472
85,5,0.35,0.9134034049530593
85,5,0.40,0.969089955452452
85,5,0.45,0.9773944655359015
85,5,0.50,0.9620884563922425
85,5,0.55,0.9572882036763547
85,5,0.60,0.9874318413011618
85,5,0.65,0.9810046869294392
85,5,0.70,0.9811838347036569
85,5,0.75,0.9610628537709759
85,5,0.80,0.9930591524902046
85,5,0.85,0.9943960982044895
85,5,0.90,0.9895963392615309
85,5,0.95,0.9961215747130464
85,6,0.05,0.5274604011495018
85,6,0.10,0.7258594784909738
85,6,0.15,0.9190231572016251
85,6,0.20,0.9285878222568942
85,6,0.25,0.8481104529341436
85,6,0.30,0.7945843367226323
85,6,0.35,0.9676289366004388
85,6,0.40,0.9600640947231629
85,6,0.45,0.9618521092655709
85,6,0.50,0.9638627640879505
85,6,0.55,0.9938992173498203
85,6,0.60,0.9702641161626586
85,6,0.65,0.9865781848577282
85,6,0.70,0.9898498353162903
85,6,0.75,0.9894017100280308
85,6,0.80,0.9909987257661433
85,6,0.85,0.9944290782330104
85,6,0.90,0.9828231663989431
85,6,0.95,0.9923124717383436
85,7,0.05,0.6378988047112539
85,7,0.10,0.9398764593806122
85,7,0.15,0.3396968986556683
85,7,0.20,0.9434590051840308
85,7,0.25,0.9104358104749056
85,7,0.30,0.9112665553294738
85,7,0.35,0.9622388840388547
85,7,0.40,0.8818266752431672
85,7,0.45,0.9841944690885621
85,7,0.50,0.9869125577637624
85,7,0.55,0.9883779272558438
85,7,0.60,0.9796932703993906
85,7,0.65,0.9932326207757792
85,7,0.70,0.9844739810598386
85,7,0.75,0.99591901132694
85,7,0.80,0.9918730379180138
85,7,0.85,0.9929603706696749
85,7,0.90,0.9953002545026584
85,7,0.95,0.9956852473259195
85,8,0.05,-0.05352634337594364
85,8,0.10,0.4484738525142813
85,8,0.15,0.8825840086979152
85,8,0.20,0.41746545168627813
85,8,0.25,0.9639439434145203
85,8,0.30,0.8379777921852424
85,8,0.35,0.95545240985563
85,8,0.40,0.9724304683252056
85,8,0.45,0.9551037342777257
85,8,0.50,0.9802144500699688
85,8,0.55,0.9756807119992003
85,8,0.60,0.9689596335741218
85,8,0.65,0.9899713451896295
85,8,0.70,0.9899232813247294
85,8,0.75,0.9835290065455813
85,8,0.80,0.9876783976604587
85,8,0.85,0.9953582225632777
85,8,0.90,0.99446806893336
85,8,0.95,0.9961833139919506
85,9,0.05,0.6400798537380377
85,9,0.10,0.699685503124839
85,9,0.15,0.8428838437876904
85,9,0.20,0.9431755020385766
85,9,0.25,0.9548728475604255
85,9,0.30,0.930594998937154
85,9,0.35,0.9553093893641065
85,9,0.40,0.9543376538427728
85,9,0.45,0.9882936802866492
85,9,0.50,0.9771344132324253
85,9,0.55,0.9763419883782276
85,9,0.60,0.9703343422750803
85,9,0.65,0.9920181942358888
85,9,0.70,0.986169407520358
85,9,0.75,0.9928759640086653
85,9,0.80,0.9890924165109986
85,9,0.85,0.9947630494614191
85,9,0.90,0.9931734971301022
85,9,0.95,0.9932961034453113
86,0,0.05,0.1958661299534724
86,0,0.10,0.7134848432891618
86,0,0.15,0.6897064996888713
86,0,0.20,0.7706402573581305
86,0,0.25,0.8071837715637089
86,0,0.30,0.8892054336765668
86,0,0.35,0.7461717330915487
86,0,0.40,0.8682549281189726
86,0,0.45,0.8289120248469724
86,0,0.50,0.9869018954162198
86,0,0.55,0.9138817994782645
86,0,0.60,0.9895442617504554
86,0,0.65,0.9432758420063878
86,0,0.70,0.9749026037040222
86,0,0.75,0.988310786842154
86,0,0.80,0.9856647115237994
86,0,0.85,0.9944870613997706
86,0,0.90,0.9913578731380861
86,0,0.95,0.9929787927421303
86,1,0.05,0.9368247727462682
86,1,0.10,0.47363908643556285
86,1,0.15,0.6544225365589498
86,1,0.20,0.500091301440502
86,1,0.25,0.8832034631374786
86,1,0.30,0.9796179877478527
86,1,0.35,0.9573979222613969
86,1,0.40,0.976275966624154
86,1,0.45,0.9671291387733649
86,1,0.50,0.9617445929052998
86,1,0.55,0.9592694653812339
86,1,0.60,0.9758473312507029
86,1,0.65,0.9874055074672482
86,1,0.70,0.9900988410666659
86,1,0.75,0.9874430925247719
86,1,0.80,0.9484821680124689
86,1,0.85,0.9725406418115728
86,1,0.90,0.9962336200858661
86,1,0.95,0.9947441380136371
86,2,0.05,-0.692638758398878
86,2,0.10,0.5619364553208075
86,2,0.15,0.5122101176088494
86,2,0.20,0.752554811666958
86,2,0.25,0.8140051508231663
86,2,0.30,0.9214441986271814
86,2,0.35,0.972001525040921
86,2,0.40,0.9150097906472383
86,2,0.45,0.9604086424608953
86,2,0.50,0.9170589144681301
86,2,0.55,0.9526072119532839
86,2,0.60,0.9761504312318682
86,2,0.65,0.9868843863923338
86,2,0.70,0.9878937616341619
86,2,0.75,0.9933593378618073
86,2,0.80,0.9904404802098611
86,2,0.85,0.9878250286761955
86,2,0.90,0.9895698538462604
86,2,0.95,0.9899055009880836
86,3,0.05,0.6762900293251525
86,3,0.10,0.6624240546475482
86,3,0.15,0.815503544627372
86,3,0.20,0.5820621095106605
86,3,0.25,0.7338920074955935
86,3,0.30,0.8591489562755286
86,3,0.35,0.9612110018559115
86,3,0.40,0.976488024246533
86,3,0.45,0.8844632330152962
86,3,0.50,0.9132398740598385
86,3,0.55,0.8761301075663643
86,3,0.60,0.992705292416793
86,3,0.65,0.9742188154877593
86,3,0.70,0.9488395852127575
86,3,0.75,0.9609678034488384
86,3,0.80,0.9918996234105029
86,3,0.85,0.9930112775048208
86,3,0.90,0.9969494373833265
86,3,0.95,0.9951152000093053
86,4,0.05,0.3702960691938978
86,4,0.10,0.7276726235486272
86,4,0.15,0.8715663873781702
86,4,0.20,0.7215860637313922
86,4,0.25,0.8142527809681221
86,4,0.30,0.923727265895472
86,4,0.35,0.9236107456019726
86,4,0.40,0.948142748221986
86,4,0.45,0.9697482775500109
86,4,0.50,0.9877866086155492
86,4,0.55,0.9881171897295171
86,4,0.60,0.986547949546936
86,4,0.65,0.9889681524620563
86,4,0.70,0.9815770110118746
86,4,0.75,0.9910973313780932
86,4,0.80,0.9946381849099541
86,4,0.85,0.9942994112362616
86,4,0.90,0.9948869754430867
86,4,0.95,0.9934822578201876
86,5,0.05,0.8683597968088212
86,5,0.10,0.7028689703044501
86,5,0.15,0.8507506848743724
86,5,0.20,0.6092278021650878
86,5,0.25,0.8326447351789386
86,5,0.30,0.9349326016352814
86,5,0.35,0.9124178511898099
86,5,0.40,0.9687892755648458
86,5,0.45,0.9680205722582282
86,5,0.50,0.7222183131836557
86,5,0.55,0.9580134161274849
86,5,0.60,0.9608008271822328
86,5,0.65,0.9299680481726569
86,5,0.70,0.961631966411372
86,5,0.75,0.9916047180681291
86,5,0.80,0.991434179319844
86,5,0.85,0.9948378932922062
86,5,0.90,0.9962074072836806
86,5,0.95,0.9951324718013088
86,6,0.05,0.43538705473860273
86,6,0.10,0.6893578722182647
86,6,0.15,0.7626344059224165
86,6,0.20,0.82184944136334
86,6,0.25,0.9022905716912502
86,6,0.30,0.9592639675686564
86,6,0.35,0.9074819728024971
86,6,0.40,0.9473828758684453
86,6,0.45,0.8252500824571298
86,6,0.50,0.9418285896254549
86,6,0.55,0.9315483385568031
86,6,0.60,0.9834327685616047
86,6,0.65,0.9886494024183009
86,6,0.70,0.9810488157500397
86,6,0.75,0.984651287693669
86,6,0.80,0.977401623122777
86,6,0.85,0.9942008967101365
86,6,0.90,0.9967113802715728
86,6,0.95,0.9947959182331245
86,7,0.05,0.3311464543951629
86,7,0.10,0.6942886175190162
86,7,0.15,0.627793183606018
86,7,0.20,0.7558639121505841
86,7,0.25,0.8554713314256857
86,7,0.30,0.9536189309838521
86,7,0.35,0.839370604667182
86,7,0.40,0.9717636974609339
86,7,0.45,0.9506524144509991
86,7,0.50,0.9194253817281048
86,7,0.55,0.9716769922996843
86,7,0.60,0.9726782312641009
86,7,0.65,0.9689605012519547
86,7,0.70,0.967832953903178
86,7,0.75,0.9946581803835098
86,7,0.80,0.9911439983329735
86,7,0.85,0.9921538000810777
86,7,0.90,0.9914872227124153
86,7,0.95,0.9942670924555194
86,8,0.05,0.3552617621207498
86,8,0.10,0.6225493873982787
86,8,0.15,0.3680003114760081
86,8,0.20,0.8001859032350546
86,8,0.25,0.8171242376179915
86,8,0.30,0.9692054855781387
86,8,0.35,0.9520677340306982
86,8,0.40,0.9698284269947534
86,8,0.45,0.9830590520773802
86,8,0.50,0.9073032341535615
86,8,0.55,0.9481594537912903
86,8,0.60,0.9892946630939804
86,8,0.65,0.9807891678912789
86,8,0.70,0.9861503659017616
86,8,0.75,0.930940596699966
86,8,0.80,0.9777783204207118
86,8,0.85,0.9954307092894771
86,8,0.90,0.9940267753391923
86,8,0.95,0.9946303675844939
86,9,0.05,0.2800992257562219
86,9,0.10,0.30178120412182197
86,9,0.15,0.8823582192892199
86,9,0.20,0.9273950029565443
86,9,0.25,0.8217120375944956
86,9,0.30,0.9154058277076835
86,9,0.35,0.6879876719917336
86,9,0.40,0.9313229115135567
86,9,0.45,0.9164857838953935
86,9,0.50,0.9673489490885806
86,9,0.55,0.9873254289123756
86,9,0.60,0.9536450031073169
86,9,0.65,0.9852651833359104
86,9,0.70,0.9742555434931239
86,9,0.75,0.986542719029429
86,9,0.80,0.9858583218286394
86,9,0.85,0.9924089048955594
86,9,0.90,0.9662686820850476
86,9,0.95,0.9938373903203034
87,0,0.05,0.9638233609121881
87,0,0.10,0.8650602017840114
87,0,0.15,0.8604982559000942
87,0,0.20,0.9583488577128914
87,0,0.25,0.8284224008078904
87,0,0.30,0.871823947043051
87,0,0.35,0.8814107437135266
87,0,0.40,0.9598166437020258
87,0,0.45,0.9778682443559005
87,0,0.50,0.9144662198193049
87,0,0.55,0.95812408399016
87,0,0.60,0.9701041674566475
87,0,0.65,0.9888608318132838
87,0,0.70,0.9681374277900614
87,0,0.75,0.9907837465788493
87,0,0.80,0.9962533898130506
87,0,0.85,0.983815130887799
87,0,0.90,0.9857722502139151
87,0,0.95,0.9955214915111209
87,1,0.05,0.5864739795819418
87,1,0.10,0.4793866731021543
87,1,0.15,0.8404863773216219
87,1,0.20,0.8988462988261048
87,1,0.25,0.9315728487958814
87,1,0.30,0.9058883643948419
87,1,0.35,0.9107932680798682
87,1,0.40,0.9505908987646343
87,1,0.45,0.9424230873849485
87,1,0.50,0.974663523009912
87,1,0.55,0.9843944873342322
87,1,0.60,0.988347167320214
87,1,0.65,0.9790777511204147
87,1,0.70,0.9577255501937328
87,1,0.75,0.9887732175505559
87,1,0.80,0.9877132537330475
87,1,0.85,0.977485472842949
87,1,0.90,0.991858912219967
87,1,0.95,0.9976662434933882
87,2,0.05,0.7993954218849494
87,2,0.10,0.3862308590553386
87,2,0.15,0.9051152744122964
87,2,0.20,0.8951907620108356
87,2,0.25,0.9447065986838348
87,2,0.30,0.9269720105451322
87,2,0.35,0.8983804665110611
87,2,0.40,0.8907976088041036
87,2,0.45,0.8610433503834896
87,2,0.50,0.9103976452723278
87,2,0.55,0.9702238342081471
87,2,0.60,0.982824894607668
87,2,0.65,0.972477067635558
87,2,0.70,0.982780422658856
87,2,0.75,0.9722072369947272
87,2,0.80,0.9836299720719676
87,2,0.85,0.9948039093479949
87,2,0.90,0.9961432447622263
87,2,0.95,0.996478270240093
87,3,0.05,0.5899282550116749
87,3,0.10,0.8819807487404582
87,3,0.15,0.9296771826470265
87,3,0.20,0.9250815654345613
87,3,0.25,0.8420612378180853
87,3,0.30,0.6676166248571938
87,3,0.35,0.6839172255672359
87,3,0.40,0.9337836472788387
87,3,0.45,0.9490511656697854
87,3,0.50,0.9683409282702552
87,3,0.55,0.9812360793057441
87,3,0.60,0.9857085623907521
87,3,0.65,0.925180379639962
87,3,0.70,0.9922813071357673
87,3,0.75,0.9914199453772614
87,3,0.80,0.9875542037713805
87,3,0.85,0.9942769390092766
87,3,0.90,0.9947892601941357
87,3,0.95,0.9930515254832707
87,4,0.05,0.8288871280924766
87,4,0.10,0.8437876096443513
87,4,0.15,0.7653665084512277
87,4,0.20,0.9471329503082424
87,4,0.25,0.8212640697214391
87,4,0.30,0.9367356983306466
87,4,0.35,0.9286478874269702
87,4,0.40,0.9561852211891783
87,4,0.45,0.912178197544062
87,4,0.50,0.9833056401660356
87,4,0.55,0.9273188804591129
87,4,0.60,0.9516487424296194
87,4,0.65,0.9916746519401436
87,4,0.70,0.9867477228013187
87,4,0.75,0.965290357645668
87,4,0.80,0.9834381027769086
87,4,0.85,0.9837899032623333
87,4,0.90,0.9933999252908563
87,4,0.95,0.9948936553287016
87,5,0.05,0.8972948900458229
87,5,0.10,0.9123372605766784
87,5,0.15,0.6503260355372085
87,5,0.20,0.9192647377399853
87,5,0.25,0.6816428254499738
87,5,0.30,0.7769300151018256
87,5,0.35,0.9622638348039267
87,5,0.40,0.8740009800967221
87,5,0.45,0.9244010514358134
87,5,0.50,0.9792163197546602
87,5,0.55,0.9643135836843942
87,5,0.60,0.894044847694055
87,5,0.65,0.9822021947285767
87,5,0.70,0.9893268685076305
87,5,0.75,0.98841313009285
87,5,0.80,0.9868398162011918
87,5,0.85,0.9858404872543692
87,5,0.90,0.9947058188474264
87,5,0.95,0.997141924429323
87,6,0.05,0.3032174883210311
87,6,0.10,0.6665688661643874
87,6,0.15,0.23555287735840202
87,6,0.20,0.9315319526673751
87,6,0.25,0.7713232095943306
87,6,0.30,0.8445380541145784
87,6,0.35,0.9542394227619101
87,6,0.40,0.7994383846883314
87,6,0.45,0.9561762634060915
87,6,0.50,0.9762663568650464
87,6,0.55,0.9529658493140234
87,6,0.60,0.9845235607589238
87,6,0.65,0.9790388244701825
87,6,0.70,0.9888622300808363
87,6,0.75,0.9920013134579039
87,6,0.80,0.992054057041831
87,6,0.85,0.9922912397027768
87,6,0.90,0.9876580074299406
87,6,0.95,0.9961344206694381
87,7,0.05,0.799832845450605
87,7,0.10,0.8184562464407811
87,7,0.15,0.6815381425786404
87,7,0.20,0.9071017510076486
87,7,0.25,0.9564543616118109
87,7,0.30,0.8712603785479889
87,7,0.35,0.8341861445568979
87,7,0.40,0.9375999807574944
87,7,0.45,0.9206668172684234
87,7,0.50,0.926793563723822
87,7,0.55,0.9194790556606391
87,7,0.60,0.9757192237308474
87,7,0.65,0.9755701236411818
87,7,0.70,0.9922307367555081
87,7,0.75,0.9937298756084175
87,7,0.80,0.9950097861972894
87,7,0.85,0.9958600897029881
87,7,0.90,0.9944864979513606
87,7,0.95,0.9958847962251003
87,8,0.05,0.7587823752681693
87,8,0.10,0.23419322012567467
87,8,0.15,0.8850867707848069
87,8,0.20,0.9347833479261838
87,8,0.25,0.8701108305213503
87,8,0.30,0.8827943259056452
87,8,0.35,0.959494805035811
87,8,0.40,0.9238493291444564
87,8,0.45,0.9703922686597086
87,8,0.50,0.9686424724166062
87,8,0.55,0.9094975294829581
87,8,0.60,0.9685195020532888
87,8,0.65,0.984853118557821
87,8,0.70,0.9950164334836887
87,8,0.75,0.9925335891239585
87,8,0.80,0.98777688574208
87,8,0.85,0.9925663615901692
87,8,0.90,0.992405758987673
87,8,0.95,0.9911369065903912
87,9,0.05,0.604487737031297
87,9,0.10,0.7952062931147778
87,9,0.15,0.8300153812135724
87,9,0.20,0.9615737688196905
87,9,0.25,0.9408409890670854
87,9,0.30,0.8132437674168926
87,9,0.35,0.8837328059995908
87,9,0.40,0.9627694077352871
87,9,0.45,0.9606114688457519
87,9,0.50,0.974360745339675
87,9,0.55,0.9748463643833475
87,9,0.60,0.952976889961193
87,9,0.65,0.9849180100805041
87,9,0.70,0.985945349052799
87,9,0.75,0.985691045394722
87,9,0.80,0.9924845504526139
87,9,0.85,0.9931890012311001
87,9,0.90,0.9975583448100871
87,9,0.95,0.996153855984303
88,0,0.05,0.9098248532767823
88,0,0.10,0.5109443578780639
88,0,0.15,0.8592205861913507
88,0,0.20,0.7706755141044463
88,0,0.25,0.8786256839581554
88,0,0.30,0.942328918394929
88,0,0.35,0.9185961459184715
88,0,0.40,0.9719691931119161
88,0,0.45,0.9637568586165911
88,0,0.50,0.9601555717122809
88,0,0.55,0.98568424771286
88,0,0.60,0.9555841423310956
88,0,0.65,0.9778211829098659
88,0,0.70,0.98489944343523
88,0,0.75,0.9891917246227454
88,0,0.80,0.992323200096691
88,0,0.85,0.9958006040358464
88,0,0.90,0.9965824351688501
88,0,0.95,0.9907378602500375
88,1,0.05,0.1765181436208345
88,1,0.10,0.769974948143874
88,1,0.15,0.6499244223079907
88,1,0.20,0.921881860615046
88,1,0.25,0.9078926249241448
88,1,0.30,0.8285888965210928
88,1,0.35,0.9482918706543239
88,1,0.40,0.9577174666040238
88,1,0.45,0.9487045289106453
88,1,0.50,0.9752465955441354
88,1,0.55,0.9709341770958008
88,1,0.60,0.9859220351043867
88,1,0.65,0.9946764884589334
88,1,0.70,0.9867749791548904
88,1,0.75,0.9904993031403022
88,1,0.80,0.9924821175013212
88,1,0.85,0.9945018708956735
88,1,0.90,0.995983942496895
88,1,0.95,0.9968430230654792
88,2,0.05,0.45260621344722063
88,2,0.10,0.9126863333195021
88,2,0.15,0.864089992802108
88,2,0.20,0.8577591972923978
88,2,0.25,0.8750220573384361
88,2,0.30,0.9430422489904304
88,2,0.35,0.9220244685946437
88,2,0.40,0.9121420869874068
88,2,0.45,0.944499490373612
88,2,0.50,0.9697724917617714
88,2,0.55,0.9807319458698499
88,2,0.60,0.9824185099711024
88,2,0.65,0.9835840508071905
88,2,0.70,0.9842535893769886
88,2,0.75,0.9941856420105194
88,2,0.80,0.9940412272427136
88,2,0.85,0.9941046048652533
88,2,0.90,0.9910074324060961
88,2,0.95,0.9936640726835672
88,3,0.05,0.10633418847990184
88,3,0.10,0.6054884792589018
88,3,0.15,0.7419122884373792
88,3,0.20,0.8316903147368769
88,3,0.25,0.8473290353776753
88,3,0.30,0.926836037553362
88,3,0.35,0.9200423044121714
88,3,0.40,0.9691675467931788
88,3,0.45,0.9706490936978275
88,3,0.50,0.9790448747462299
88,3,0.55,0.9847562793827943
88,3,0.60,0.9857386724623295
88,3,0.65,0.9832802495813376
88,3,0.70,0.9808205964017269
88,3,0.75,0.9839377518941638
88,3,0.80,0.989611607545198
88,3,0.85,0.9939278015379952
88,3,0.90,0.9940551224883548
88,3,0.95,0.9890712453902616
88,4,0.05,0.5543237122063192
88,4,0.10,0.8529674140422914
88,4,0.15,0.563197042251201
88,4,0.20,0.9574178349638534
88,4,0.25,0.8017451685430083
88,4,0.30,0.9259300939120847
88,4,0.35,0.9529324661645044
88,4,0.40,0.9491916068715014
88,4,0.45,0.9302596861162334
88,4,0.50,0.9702051536316206
88,4,0.55,0.9726573938091139
88,4,0.60,0.9699922707892497
88,4,0.65,0.9849774550764118
88,4,0.70,0.9657512865365491
88,4,0.75,0.9911929993358521
88,4,0.80,0.9872734482230947
88,4,0.85,0.9919360296310364
88,4,0.90,0.9911761347024497
88,4,0.95,0.9938023612307418
88,5,0.05,0.8000479821756997
88,5,0.10,0.8815857367348239
88,5,0.15,0.6949938667613933
88,5,0.20,0.8419448989678184
88,5,0.25,0.8498609716578155
88,5,0.30,0.8601076328944023
88,5,0.35,0.9515228511671517
88,5,0.40,0.9220361941371323
88,5,0.45,0.9628888463258608
88,5,0.50,0.9706974785238303
88,5,0.55,0.9814033976299278
88,5,0.60,0.9840398864454414
88,5,0.65,0.9889003254842231
88,5,0.70,0.9790791652275218
88,5,0.75,0.9916562577563242
88,5,0.80,0.9856286811640167
88,5,0.85,0.9933413715589082
88,5,0.90,0.9929890426206873
88,5,0.95,0.9961297022613793
88,6,0.05,0.8611757659713151
88,6,0.10,0.928262853395257
88,6,0.15,0.9051704476324066
88,6,0.20,0.8369652287941505
88,6,0.25,0.9651366766029151
88,6,0.30,0.9299017829101845
88,6,0.35,0.9265618262316287
88,6,0.40,0.9632859808296996
88,6,0.45,0.9682087164187099
88,6,0.50,0.9610780986670232
88,6,0.55,0.9560734876576645
88,6,0.60,0.9710157527759277
88,6,0.65,0.9540659282990746
88,6,0.70,0.9887573777630176
88,6,0.75,0.9911314292475092
88,6,0.80,0.9894349684529156
88,6,0.85,0.9930229986402482
88,6,0.90,0.9946898656416556
88,6,0.95,0.9952504960070074
88,7,0.05,0.6366742869601443
88,7,0.10,0.6044292267096945
88,7,0.15,0.8448942518481699
88,7,0.20,0.8171696657362859
88,7,0.25,0.905998512351164
88,7,0.30,0.831579207615878
88,7,0.35,0.8761875775961743
88,7,0.40,0.8406251052375889
88,7,0.45,0.9798070094889373
88,7,0.50,0.9828416219689552
88,7,0.55,0.9542007561906877
88,7,0.60,0.9603048421865401
88,7,0.65,0.9894863693958532
88,7,0.70,0.9916433288467874
88,7,0.75,0.9924746213977583
88,7,0.80,0.9859961125225505
88,7,0.85,0.968546758240626
88,7,0.90,0.9870293795337635
88,7,0.95,0.9921810224609782
88,8,0.05,0.7130692976913793
88,8,0.10,0.8849164480681678
88,8,0.15,0.8716523884784024
88,8,0.20,0.8529526067342101
88,8,0.25,0.9692592878659172
88,8,0.30,0.9591731776458204
88,8,0.35,0.969170744931216
88,8,0.40,0.9570376611454882
88,8,0.45,0.9385275160564298
88,8,0.50,0.9768176004817467
88,8,0.55,0.9569952812846493
88,8,0.60,0.9870456135066316
88,8,0.65,0.9809294723086922
88,8,0.70,0.9831639690353425
88,8,0.75,0.9854568580486458
88,8,0.80,0.9949438880503757
88,8,0.85,0.9946470900802865
88,8,0.90,0.9851805168507347
88,8,0.95,0.9946942354763927
88,9,0.05,0.7205645906461416
88,9,0.10,0.8543649139000247
88,9,0.15,0.7833705963934229
88,9,0.20,0.7703142684788707
88,9,0.25,0.9712579414860456
88,9,0.30,0.9341800834593763
88,9,0.35,0.9553870975582468
88,9,0.40,0.7763031112941805
88,9,0.45,0.9207265940563177
88,9,0.50,0.9331875941639329
88,9,0.55,0.9638412038412958
88,9,0.60,0.9840278708262704
88,9,0.65,0.9955079446933072
88,9,0.70,0.9901890235799207
88,9,0.75,0.9808350073944927
88,9,0.80,0.9931638412674871
88,9,0.85,0.9956717142840485
88,9,0.90,0.9867502910035295
88,9,0.95,0.9955017107550057
89,0,0.05,-0.5586499110743155
89,0,0.10,0.9326335626309604
89,0,0.15,0.9225242279993151
89,0,0.20,0.9212328262749502
89,0,0.25,0.9497749291432241
89,0,0.30,0.9557508856934669
89,0,0.35,0.9226070893187074
89,0,0.40,0.9591930367032976
89,0,0.45,0.9559583371243087
89,0,0.50,0.9571509498944109
89,0,0.55,0.9263956439778691
89,0,0.60,0.9766940779762832
89,0,0.65,0.9228562937888268
89,0,0.70,0.9848486805552638
89,0,0.75,0.9926443961357655
89,0,0.80,0.9919730519724298
89,0,0.85,0.9878557200681766
89,0,0.90,0.9929269585239457
89,0,0.95,0.9944949367499148
89,1,0.05,0.01629133267618832
89,1,0.10,0.3754525633716722
89,1,0.15,0.7852094583847109
89,1,0.20,0.917874582260483
89,1,0.25,0.8913598950136181
89,1,0.30,0.9219787734638868
89,1,0.35,0.9549002146675643
89,1,0.40,0.9618520723249271
89,1,0.45,0.9803453162277938
89,1,0.50,0.979605321032835
89,1,0.55,0.9514139006641062
89,1,0.60,0.9831281240999484
89,1,0.65,0.9895276043670078
89,1,0.70,0.9894866209161574
89,1,0.75,0.9815059184533195
89,1,0.80,0.9954508036202969
89,1,0.85,0.9902099713931451
89,1,0.90,0.9935496104300504
89,1,0.95,0.9943768944941274
89,2,0.05,0.001134001759735881
89,2,0.10,0.8180004412211761
89,2,0.15,-0.178102952463707
89,2,0.20,0.8653717108175912
89,2,0.25,0.9230375259673657
89,2,0.30,0.909062130236697
89,2,0.35,0.9578435365873428
89,2,0.40,0.9250841438670374
89,2,0.45,0.9663859444485549
89,2,0.50,0.964164905442872
89,2,0.55,0.987123141012595
89,2,0.60,0.9890021309291172
89,2,0.65,0.9706600727530578
89,2,0.70,0.9874131142820726
89,2,0.75,0.9790861768833018
89,2,0.80,0.9923062071225506
89,2,0.85,0.9955317909503707
89,2,0.90,0.9946823412253973
89,2,0.95,0.9968640481999652
89,3,0.05,0.13827109084912748
89,3,0.10,0.6881024230416002
89,3,0.15,0.6990281211093464
89,3,0.20,0.577032222971958
89,3,0.25,0.8420840268026262
89,3,0.30,0.7236939461032255
89,3,0.35,0.9378383326693074
89,3,0.40,0.9339438248574887
89,3,0.45,0.9757465913837554
89,3,0.50,0.9795024800021429
89,3,0.55,0.949670983609704
89,3,0.60,0.9927510068218682
89,3,0.65,0.9866190048040738
89,3,0.70,0.98983915243053
89,3,0.75,0.9892734528453515
89,3,0.80,0.9911534402361178
89,3,0.85,0.9907368954099937
89,3,0.90,0.9866443645921089
89,3,0.95,0.9969396983263346
89,4,0.05,0.8789631214873853
89,4,0.10,0.8404953638357382
89,4,0.15,0.9037706833622422
89,4,0.20,0.9243348418443247
89,4,0.25,0.8145573401790844
89,4,0.30,0.9062118480244012
89,4,0.35,0.9685434564163523
89,4,0.40,0.9484909106850795
89,4,0.45,0.9771285630545187
89,4,0.50,0.9840530583049462
89,4,0.55,0.9510436382190229
89,4,0.60,0.9850554713519317
89,4,0.65,0.9866816685591879
89,4,0.70,0.9875352706751057
89,4,0.75,0.995803583813124
89,4,0.80,0.9948791049112226
89,4,0.85,0.9942593093610812
89,4,0.90,0.9957919844206813
89,4,0.95,0.9930210067367936
89,5,0.05,-0.40381334918200995
89,5,0.10,0.8555845199786112
89,5,0.15,0.7344709596930621
89,5,0.20,0.9677370689722251
89,5,0.25,0.9378155991594993
89,5,0.30,0.8785451257126597
89,5,0.35,0.9226260440993993
89,5,0.40,0.9417382652993072
89,5,0.45,0.8114029620955041
89,5,0.50,0.9462704505356104
89,5,0.55,0.9144404015338746
89,5,0.60,0.9822552447209528
89,5,0.65,0.988564741141069
89,5,0.70,0.9937265528450476
89,5,0.75,0.9924521980981963
89,5,0.80,0.9875040731317625
89,5,0.85,0.9961756495347213
89,5,0.90,0.9967736922224452
89,5,0.95,0.9944447580187411
89,6,0.05,0.6440491416933207
89,6,0.10,0.8036541228605857
89,6,0.15,0.8465523716956752
89,6,0.20,0.7208351433254114
89,6,0.25,0.9492263238474654
89,6,0.30,0.9633130366778722
89,6,0.35,0.9248619801804614
89,6,0.40,0.9164615310563862
89,6,0.45,0.9674505429536351
89,6,0.50,0.9877741221191084
89,6,0.55,0.9669348944976329
89,6,0.60,0.9680543610172531
89,6,0.65,0.9867510872983717
89,6,0.70,0.9863828941512415
89,6,0.75,0.9859794433824154
89,6,0.80,0.9926702853258751
89,6,0.85,0.9958153089563558
89,6,0.90,0.9965079584510721
89,6,0.95,0.9792504257201342
89,7,0.05,0.8526209376382226
89,7,0.10,0.7103443222842449
89,7,0.15,0.6742078493237413
89,7,0.20,0.8677531060763892
89,7,0.25,0.9573882174566578
89,7,0.30,0.9166719453649164
89,7,0.35,0.9402072296221409
89,7,0.40,0.970567650529154
89,7,0.45,0.9749613171257214
89,7,0.50,0.9573981437491185
89,7,0.55,0.9810323432184582
89,7,0.60,0.9823438669698223
89,7,0.65,0.9897708184037654
89,7,0.70,0.9938351068037586
89,7,0.75,0.9905129567362504
89,7,0.80,0.9944927673912253
89,7,0.85,0.9903491479899703
89,7,0.90,0.9950533882077236
89,7,0.95,0.996645080765611
89,8,0.05,-6.278169381039934
89,8,0.10,0.8396974954956657
89,8,0.15,0.7926488323627175
89,8,0.20,0.9105555580659154
89,8,0.25,0.9208292540357862
89,8,0.30,0.890409846891566
89,8,0.35,0.9708829060585948
89,8,0.40,0.9533747458778326
89,8,0.45,0.9172748122765834
89,8,0.50,0.9773452985794028
89,8,0.55,0.9525914147755508
89,8,0.60,0.981318834081995
89,8,0.65,0.9703809387681852
89,8,0.70,0.9647589919893478
89,8,0.75,0.9930500697021396
89,8,0.80,0.9929868396120513
89,8,0.85,0.9872716880843716
89,8,0.90,0.992629950326819
89,8,0.95,0.9943300430711363
89,9,0.05,0.8211899801086396
89,9,0.10,0.5914156868934314
89,9,0.15,0.40994870456907884
89,9,0.20,0.7888929501092194
89,9,0.25,0.8775482949452835
89,9,0.30,0.9121910607413327
89,9,0.35,0.970535126953358
89,9,0.40,0.9846684694556471
89,9,0.45,0.9665252701076957
89,9,0.50,0.951174430991137
89,9,0.55,0.9863294278999499
89,9,0.60,0.9751717689853618
89,9,0.65,0.9856361384872884
89,9,0.70,0.9915610940308123
89,9,0.75,0.9792124850163291
89,9,0.80,0.9849167177677152
89,9,0.85,0.9805554488112814
89,9,0.90,0.9947966035962762
89,9,0.95,0.9949569963273245
90,0,0.05,0.47057015976738314
90,0,0.10,0.36612045942368865
90,0,0.15,0.9432600063078096
90,0,0.20,0.9292593259050788
90,0,0.25,0.8947838522394993
90,0,0.30,0.8678525858388436
90,0,0.35,0.9279183965038106
90,0,0.40,0.9758286315106975
90,0,0.45,0.9807975359664253
90,0,0.50,0.9374018462766162
90,0,0.55,0.9739302656431975
90,0,0.60,0.985355932787193
90,0,0.65,0.991073871471388
90,0,0.70,0.9902263111172732
90,0,0.75,0.9802580863526187
90,0,0.80,0.9932144613400535
90,0,0.85,0.9910041137591439
90,0,0.90,0.9850933714670478
90,0,0.95,0.992178100141556
90,1,0.05,0.83133344683639
90,1,0.10,0.49715838813973223
90,1,0.15,0.7092667317453513
90,1,0.20,0.9178054029693149
90,1,0.25,0.9650485254021912
90,1,0.30,0.919072835373723
90,1,0.35,0.9420270468014096
90,1,0.40,0.9513446999767102
90,1,0.45,0.975705645515841
90,1,0.50,0.9811781711992779
90,1,0.55,0.9613081401038679
90,1,0.60,0.963035793980265
90,1,0.65,0.9859467693875403
90,1,0.70,0.9868710269213216
90,1,0.75,0.9840316250163426
90,1,0.80,0.9953642809091948
90,1,0.85,0.9933494394270944
90,1,0.90,0.9939902155624389
90,1,0.95,0.9977294765700786
90,2,0.05,0.7181778801391907
90,2,0.10,0.7266063442953933
90,2,0.15,0.9524728338506165
90,2,0.20,0.9171647267820997
90,2,0.25,0.9343858415773412
90,2,0.30,0.9379072715879585
90,2,0.35,0.7298935775733513
90,2,0.40,0.9683140968377598
90,2,0.45,0.9742162017210055
90,2,0.50,0.9666689354063454
90,2,0.55,0.9720180706442884
90,2,0.60,0.9736487884001849
90,2,0.65,0.9885032109437387
90,2,0.70,0.9797338102193397
90,2,0.75,0.9912142310276655
90,2,0.80,0.9939535624394894
90,2,0.85,0.9901648288230539
90,2,0.90,0.9952421325965164
90,2,0.95,0.9955607396603227
90,3,0.05,0.3432549952865004
90,3,0.10,0.8720944211148933
90,3,0.15,0.9231262373118461
90,3,0.20,0.9260083400611694
90,3,0.25,0.958395483181675
90,3,0.30,0.9827969332618218
90,3,0.35,0.9331727150460878
90,3,0.40,0.9581295184486246
90,3,0.45,0.9233218617059982
90,3,0.50,0.9836923425065186
90,3,0.55,0.9741671072162104
90,3,0.60,0.9430234694962933
90,3,0.65,0.9765218595784136
90,3,0.70,0.9938816542952887
90,3,0.75,0.9908969019177567
90,3,0.80,0.9964831516669498
90,3,0.85,0.9936447984719383
90,3,0.90,0.9934556462653553
90,3,0.95,0.9939119928123785
90,4,0.05,0.8519202215629231
90,4,0.10,0.8927982203048489
90,4,0.15,0.7735282125667579
90,4,0.20,0.9050823274045936
90,4,0.25,0.9327872905398308
90,4,0.30,0.8107596802132085
90,4,0.35,0.9816574317646718
90,4,0.40,0.979806276270373
90,4,0.45,0.9673905403934916
90,4,0.50,0.9614933582142225
90,4,0.55,0.9682800391451447
90,4,0.60,0.9795907726635262
90,4,0.65,0.9867429510712349
90,4,0.70,0.9895117233082468
90,4,0.75,0.986017798850709
90,4,0.80,0.9927412662202763
90,4,0.85,0.9901339663282522
90,4,0.90,0.9882646182853639
90,4,0.95,0.9949202019096889
90,5,0.05,0.8312146454009688
90,5,0.10,0.525034333307602
90,5,0.15,0.8867215641288685
90,5,0.20,0.8677077113581421
90,5,0.25,0.9487897043966848
90,5,0.30,0.9469474630622
90,5,0.35,0.8977761209335724
90,5,0.40,0.9283219100958138
90,5,0.45,0.9574299832432414
90,5,0.50,0.8902452748570324
90,5,0.55,0.986068807245965
90,5,0.60,0.994576893902877
90,5,0.65,0.9893753260928847
90,5,0.70,0.9877581952457248
90,5,0.75,0.9666488443265641
90,5,0.80,0.9907670191850908
90,5,0.85,0.9881706236784424
90,5,0.90,0.9931465727408224
90,5,0.95,0.9969843867846153
90,6,0.05,0.7318283775150793
90,6,0.10,0.8206813572016933
90,6,0.15,0.6240038874522096
90,6,0.20,0.8849686261975902
90,6,0.25,0.8989837458254784
90,6,0.30,0.9123805326771511
90,6,0.35,0.9497867337190521
90,6,0.40,0.9431146267581926
90,6,0.45,0.9645975056857168
90,6,0.50,0.9830208773371132
90,6,0.55,0.9624992190748307
90,6,0.60,0.991849711383285
90,6,0.65,0.9915846030126966
90,6,0.70,0.9926441559448864
90,6,0.75,0.9546463927059728
90,6,0.80,0.9906742672937887
90,6,0.85,0.9835345912119701
90,6,0.90,0.992011623654579
90,6,0.95,0.9968025782003122
90,7,0.05,0.3299741653432777
90,7,0.10,0.6827704919424141
90,7,0.15,0.7968871387651966
90,7,0.20,0.8204596511973606
90,7,0.25,0.9144276987257358
90,7,0.30,0.9368475413009875
90,7,0.35,0.9514243627776371
90,7,0.40,0.9807749315493642
90,7,0.45,0.9692358952120161
90,7,0.50,0.9061752138854826
90,7,0.55,0.9881072228340493
90,7,0.60,0.9712350488759321
90,7,0.65,0.987362471534161
90,7,0.70,0.9892336970949545
90,7,0.75,0.9838674906412901
90,7,0.80,0.9935713712090812
90,7,0.85,0.9914010087299129
90,7,0.90,0.980790327287098
90,7,0.95,0.9970833987971358
90,8,0.05,0.3324589602866721
90,8,0.10,0.7997306346026999
90,8,0.15,0.572679854824816
90,8,0.20,0.8160777307257601
90,8,0.25,0.9223718434818559
90,8,0.30,0.9688262883433528
90,8,0.35,0.9677343850036811
90,8,0.40,0.9684085230850658
90,8,0.45,0.9577016596065226
90,8,0.50,0.9580747316469941
90,8,0.55,0.9570888110493935
90,8,0.60,0.944929101345318
90,8,0.65,0.9822836566812352
90,8,0.70,0.9784114678087241
90,8,0.75,0.9184129038003432
90,8,0.80,0.9866998816487702
90,8,0.85,0.9786433340379
90,8,0.90,0.9969174901812493
90,8,0.95,0.9846629371418266
90,9,0.05,0.3209623333612329
90,9,0.10,0.6503124226899155
90,9,0.15,0.7680626782744048
90,9,0.20,0.9523754897511855
90,9,0.25,0.8880566345127314
90,9,0.30,0.9801590756066684
90,9,0.35,0.8797450693934215
90,9,0.40,0.9395968710082171
90,9,0.45,0.9534131698102277
90,9,0.50,0.9808461599300349
90,9,0.55,0.9809044334460817
90,9,0.60,0.9672983840978114
90,9,0.65,0.9884919799237473
90,9,0.70,0.988472256686881
90,9,0.75,0.99065184306896
90,9,0.80,0.9931422740481646
90,9,0.85,0.986955077691378
90,9,0.90,0.9938415662479788
90,9,0.95,0.9963016434727366
91,0,0.05,0.2953458876259094
91,0,0.10,0.28336151926684006
91,0,0.15,0.810305139962094
91,0,0.20,0.7483389354816161
91,0,0.25,0.9453921724266159
91,0,0.30,0.9640795860022638
91,0,0.35,0.940947533244659
91,0,0.40,0.9800332949510238
91,0,0.45,0.9186633499447917
91,0,0.50,0.9662244568550705
91,0,0.55,0.9598364945449247
91,0,0.60,0.9854278899369928
91,0,0.65,0.9900569913558968
91,0,0.70,0.973661325265307
91,0,0.75,0.9937076096260246
91,0,0.80,0.9872701256769929
91,0,0.85,0.9916099478573681
91,0,0.90,0.9945635211946036
91,0,0.95,0.9948625744331094
91,1,0.05,0.2573799850940056
91,1,0.10,0.2801271410020161
91,1,0.15,0.6223488749734732
91,1,0.20,0.9000937980167342
91,1,0.25,0.7669680159052625
91,1,0.30,0.9057312979892493
91,1,0.35,0.8545153671941234
91,1,0.40,0.9801644210783592
91,1,0.45,0.9603460625956568
91,1,0.50,0.9133745000623839
91,1,0.55,0.9706648764273569
91,1,0.60,0.9919474510413551
91,1,0.65,0.9901885244725996
91,1,0.70,0.9872869124681842
91,1,0.75,0.9813078327472049
91,1,0.80,0.9851155843255313
91,1,0.85,0.9928185933241194
91,1,0.90,0.9839346293133336
91,1,0.95,0.9916917573945736
91,2,0.05,0.7610045977201179
91,2,0.10,0.47292556026608656
91,2,0.15,0.9246398109870854
91,2,0.20,0.8833837589196106
91,2,0.25,0.9259898940421324
91,2,0.30,0.9065036038434343
91,2,0.35,0.9318886446958795
91,2,0.40,0.9186783049736796
91,2,0.45,0.9811978869788262
91,2,0.50,0.9786519218178186
91,2,0.55,0.9811524402159332
91,2,0.60,0.9710625678737721
91,2,0.65,0.9795830474388721
91,2,0.70,0.9837779369570534
91,2,0.75,0.9886457405681216
91,2,0.80,0.9851849094138178
91,2,0.85,0.9903773987322048
91,2,0.90,0.9959720169904052
91,2,0.95,0.9970020018907035
91,3,0.05,-0.20846666475799824
91,3,0.10,0.2673778785468549
91,3,0.15,-0.043114077959674146
91,3,0.20,0.9106372594806769
91,3,0.25,0.9288047857919002
91,3,0.30,0.9475765277972533
91,3,0.35,0.975752720706646
91,3,0.40,0.882088096039992
91,3,0.45,0.9437445187910887
91,3,0.50,0.9807634232756188
91,3,0.55,0.9864769560742811
91,3,0.60,0.9854743668343431
91,3,0.65,0.986947327159737
91,3,0.70,0.9928850096806021
91,3,0.75,0.9862838874122681
91,3,0.80,0.9932397140417571
91,3,0.85,0.987225102571161
91,3,0.90,0.9968613171007812
91,3,0.95,0.9919413545863729
91,4,0.05,-0.27720815116560615
91,4,0.10,0.5632319824574676
91,4,0.15,0.5905397579134819
91,4,0.20,0.814206662453872
91,4,0.25,0.844034640192939
91,4,0.30,0.7773715961516248
91,4,0.35,0.9187062458370095
91,4,0.40,0.9821044642245965
91,4,0.45,0.9671370687275195
91,4,0.50,0.9741958032447184
91,4,0.55,0.9611205595387678
91,4,0.60,0.9645603604766062
91,4,0.65,0.9883409988371537
91,4,0.70,0.980833221464986
91,4,0.75,0.992565907434387
91,4,0.80,0.944889119009918
91,4,0.85,0.9927170179444099
91,4,0.90,0.9951239202305017
91,4,0.95,0.9910119068618864
91,5,0.05,0.5973826505471275
91,5,0.10,0.3217475272141149
91,5,0.15,0.8911890117085648
91,5,0.20,0.7179980253787193
91,5,0.25,0.9535504717449529
91,5,0.30,0.8705566853607658
91,5,0.35,0.9305339210478878
91,5,0.40,0.9059705801532543
91,5,0.45,0.9774429223909891
91,5,0.50,0.9866771306941882
91,5,0.55,0.9820889779209168
91,5,0.60,0.9907392730173732
91,5,0.65,0.9891698928215111
91,5,0.70,0.9934557978861777
91,5,0.75,0.9885465391141155
91,5,0.80,0.9924827447238608
91,5,0.85,0.9923576012916769
91,5,0.90,0.989400764842831
91,5,0.95,0.99548683682808
91,6,0.05,0.44997551874179287
91,6,0.10,0.29924288918781694
91,6,0.15,0.6054423535863571
91,6,0.20,0.8227260747501538
91,6,0.25,0.8648219257772082
91,6,0.30,0.9197460234504177
91,6,0.35,0.9474011607294612
91,6,0.40,0.916683371680353
91,6,0.45,0.9805268092552297
91,6,0.50,0.9760647186497026
91,6,0.55,0.9858424717683869
91,6,0.60,0.9574180495281026
91,6,0.65,0.9821850174690145
91,6,0.70,0.9858027626124533
91,6,0.75,0.965497647279199
91,6,0.80,0.9890096972664029
91,6,0.85,0.9952585449076106
91,6,0.90,0.9950719797432409
91,6,0.95,0.996022568163814
91,7,0.05,0.5574864620837157
91,7,0.10,0.8183796716462146
91,7,0.15,0.37068968078516495
91,7,0.20,0.9186577065945875
91,7,0.25,0.8199667921358701
91,7,0.30,0.9418006128643924
91,7,0.35,0.8066409346083686
91,7,0.40,0.8961927021185253
91,7,0.45,0.8995511061832593
91,7,0.50,0.9539082438536121
91,7,0.55,0.9672624396174887
91,7,0.60,0.9827331095065048
91,7,0.65,0.9912926696616318
91,7,0.70,0.9526489121151773
91,7,0.75,0.9894041059677098
91,7,0.80,0.9873124893378622
91,7,0.85,0.9864076559098823
91,7,0.90,0.9889771041413561
91,7,0.95,0.9975850817012972
91,8,0.05,-0.09333245968259041
91,8,0.10,0.42445268590176266
91,8,0.15,0.6236908407641801
91,8,0.20,0.8773156172609523
91,8,0.25,0.9615358251657875
91,8,0.30,0.935147805709385
91,8,0.35,0.8695565153898285
91,8,0.40,0.9402637895532623
91,8,0.45,0.9525440846449766
91,8,0.50,0.9532661510132328
91,8,0.55,0.9768956637500498
91,8,0.60,0.9889720963432174
91,8,0.65,0.9776842138967891
91,8,0.70,0.984682959978868
91,8,0.75,0.991438777400188
91,8,0.80,0.9919863698636764
91,8,0.85,0.993760794552366
91,8,0.90,0.9917266466445693
91,8,0.95,0.9965475930267335
91,9,0.05,-0.011559789284426802
91,9,0.10,0.7100527466022895
91,9,0.15,0.9059132078791465
91,9,0.20,0.901710944580502
91,9,0.25,0.8897429000868254
91,9,0.30,0.8796644361812318
91,9,0.35,0.9654083082923087
91,9,0.40,0.9395804716342998
91,9,0.45,0.9738646144386397
91,9,0.50,0.9244795481723809
91,9,0.55,0.9799844775694969
91,9,0.60,0.9934941691827507
91,9,0.65,0.9846854428574642
91,9,0.70,0.991757375544947
91,9,0.75,0.9807772547066043
91,9,0.80,0.9886462596579048
91,9,0.85,0.992758772674107
91,9,0.90,0.9931160991384637
91,9,0.95,0.996639881139414
92,0,0.05,0.8157806894536807
92,0,0.10,0.8165872615814511
92,0,0.15,0.9407844308443917
92,0,0.20,0.8521925526609779
92,0,0.25,0.9429996594354105
92,0,0.30,0.7421564361974067
92,0,0.35,0.9334887241633039
92,0,0.40,0.986653507215869
92,0,0.45,0.9819149722435461
92,0,0.50,0.9222985652285169
92,0,0.55,0.8730354655483957
92,0,0.60,0.9842578605608691
92,0,0.65,0.989842058701124
92,0,0.70,0.9809946890131299
92,0,0.75,0.9805403157792392
92,0,0.80,0.9928699083407774
92,0,0.85,0.9829977863381737
92,0,0.90,0.986970276413178
92,0,0.95,0.9954235600654456
92,1,0.05,0.8827311119690413
92,1,0.10,0.9501169065878938
92,1,0.15,0.585977134633408
92,1,0.20,0.9457775588652634
92,1,0.25,0.803831925356011
92,1,0.30,0.904418477321297
92,1,0.35,0.887436594862587
92,1,0.40,0.9742741196815318
92,1,0.45,0.967565004236098
92,1,0.50,0.982373784454514
92,1,0.55,0.8864775267580026
92,1,0.60,0.993920608862217
92,1,0.65,0.954473487859378
92,1,0.70,0.9891962449948157
92,1,0.75,0.9915725482079643
92,1,0.80,0.9917956292831623
92,1,0.85,0.9922309443017274
92,1,0.90,0.9915445810674044
92,1,0.95,0.9928026710149652
92,2,0.05,0.6844044754486416
92,2,0.10,0.88711219745631
92,2,0.15,0.8931056553233515
92,2,0.20,0.3961551733330535
92,2,0.25,0.9285416283605019
92,2,0.30,0.9672296664364584
92,2,0.35,0.962094202534836
92,2,0.40,0.9230675822040478
92,2,0.45,0.9150312568918624
92,2,0.50,0.8812282976844118
92,2,0.55,0.9667791357900093
92,2,0.60,0.9840971979875718
92,2,0.65,0.9913928787087386
92,2,0.70,0.9801395846798516
92,2,0.75,0.9892105647794227
92,2,0.80,0.9938188370580491
92,2,0.85,0.9724527386541861
92,2,0.90,0.9944276779676601
92,2,0.95,0.995592242063857
92,3,0.05,0.7187961306652817
92,3,0.10,0.9209300115036156
92,3,0.15,0.7039442032206635
92,3,0.20,0.9438448966822839
92,3,0.25,0.9434884181116863
92,3,0.30,0.9187806740768932
92,3,0.35,0.9057210453341189
92,3,0.40,0.7545740881189876
92,3,0.45,0.9542162273662949
92,3,0.50,0.9780872856190387
92,3,0.55,0.9861128952876244
92,3,0.60,0.9712918697207964
92,3,0.65,0.9868366036846148
92,3,0.70,0.9898076587364608
92,3,0.75,0.9933093941994637
92,3,0.80,0.9751442889057717
92,3,0.85,0.9890954194937768
92,3,0.90,0.9801128488914539
92,3,0.95,0.9946411234460347
92,4,0.05,0.7726497667610744
92,4,0.10,0.8543898804044507
92,4,0.15,0.9499255139049059
92,4,0.20,0.7479906885472314
92,4,0.25,0.7192661093044541
92,4,0.30,0.8934264365560965
92,4,0.35,0.9604198892470763
92,4,0.40,0.9732281315911916
92,4,0.45,0.9783187249630291
92,4,0.50,0.9081684619190685
92,4,0.55,0.9887312349898945
92,4,0.60,0.9512577252054807
92,4,0.65,0.9442545226469233
92,4,0.70,0.9733985841858311
92,4,0.75,0.9930782393048474
92,4,0.80,0.9880528239465516
92,4,0.85,0.9920003621526212
92,4,0.90,0.9867375761624546
92,4,0.95,0.995325961663903
92,5,0.05,-0.04059257645620762
92,5,0.10,0.716153283121695
92,5,0.15,0.6961591621224386
92,5,0.20,0.9573539832693329
92,5,0.25,0.6727681003153971
92,5,0.30,0.9369903712370428
92,5,0.35,0.903633891335084
92,5,0.40,0.9116938273084391
92,5,0.45,0.9644527530248117
92,5,0.50,0.9580993455458817
92,5,0.55,0.9744448439069922
92,5,0.60,0.9901788196813496
92,5,0.65,0.9876171743254697
92,5,0.70,0.9846788470273798
92,5,0.75,0.9780719260984893
92,5,0.80,0.9941375179365664
92,5,0.85,0.9886474992412215
92,5,0.90,0.992023798354584
92,5,0.95,0.9939858323810267
92,6,0.05,0.7893101207410647
92,6,0.10,0.7549135295059353
92,6,0.15,0.9662929961184689
92,6,0.20,0.8364180982691006
92,6,0.25,0.967627032081267
92,6,0.30,0.9437698026104292
92,6,0.35,0.9207699934464361
92,6,0.40,0.9688098192166351
92,6,0.45,0.9867621552341843
92,6,0.50,0.9217276897858653
92,6,0.55,0.9798735575491343
92,6,0.60,0.987650480958413
92,6,0.65,0.9904921543239229
92,6,0.70,0.9606861191060869
92,6,0.75,0.9808990936182465
92,6,0.80,0.9822130341747423
92,6,0.85,0.9920824067157186
92,6,0.90,0.9873398768137096
92,6,0.95,0.996154037265664
92,7,0.05,0.5279995429980524
92,7,0.10,0.8790869985878912
92,7,0.15,0.6144790346562118
92,7,0.20,0.9130667559663248
92,7,0.25,0.8816312829086617
92,7,0.30,0.887603823451056
92,7,0.35,0.942146250724949
92,7,0.40,0.948577263798685
92,7,0.45,0.9711095101335995
92,7,0.50,0.9589553496627088
92,7,0.55,0.9816906989206153
92,7,0.60,0.9870958320075804
92,7,0.65,0.9734646316525605
92,7,0.70,0.9888830569084688
92,7,0.75,0.9948386169819206
92,7,0.80,0.9953903618079265
92,7,0.85,0.9875269074725901
92,7,0.90,0.9891482361339057
92,7,0.95,0.9959898921493207
92,8,0.05,0.8603888903551877
92,8,0.10,0.5350771582230918
92,8,0.15,0.946049240117607
92,8,0.20,0.9437768123388144
92,8,0.25,0.8069917646325145
92,8,0.30,0.7343372530013729
92,8,0.35,0.8434687028256038
92,8,0.40,0.973329487284647
92,8,0.45,0.8960216989627137
92,8,0.50,0.9595304422398249
92,8,0.55,0.9869257645287886
92,8,0.60,0.9935051586583367
92,8,0.65,0.9839327475978861
92,8,0.70,0.983450314883585
92,8,0.75,0.9628109860156138
92,8,0.80,0.990014750947752
92,8,0.85,0.9929952630814554
92,8,0.90,0.9933566282730798
92,8,0.95,0.9941692368136696
92,9,0.05,-2.232068636326414
92,9,0.10,0.9510967124641742
92,9,0.15,0.897145994388404
92,9,0.20,0.5493946260917267
92,9,0.25,0.9487848946355428
92,9,0.30,0.8659065351719455
92,9,0.35,0.8894003764104016
92,9,0.40,0.9641395843562797
92,9,0.45,0.983369840368115
92,9,0.50,0.9407482782731083
92,9,0.55,0.9925054942127599
92,9,0.60,0.9837335272306024
92,9,0.65,0.9886871765626245
92,9,0.70,0.9863623070288641
92,9,0.75,0.9918619446932524
92,9,0.80,0.9809264547403177
92,9,0.85,0.9922932035460342
92,9,0.90,0.9949025064166204
92,9,0.95,0.9909717135080202
93,0,0.05,0.22606871452375898
93,0,0.10,0.7253326567360532
93,0,0.15,0.8846779434215452
93,0,0.20,0.8642701212790758
93,0,0.25,0.8335327955962155
93,0,0.30,0.9288995379205468
93,0,0.35,0.7451076560386267
93,0,0.40,0.9210459445666006
93,0,0.45,0.9281300166144347
93,0,0.50,0.9373386309789914
93,0,0.55,0.9584700539727518
93,0,0.60,0.9674540269268246
93,0,0.65,0.9825829926684518
93,0,0.70,0.9355765831304089
93,0,0.75,0.9866744056047527
93,0,0.80,0.9924314667477535
93,0,0.85,0.9835937629918778
93,0,0.90,0.9913306265960744
93,0,0.95,0.9940452197703858
93,1,0.05,0.8413526166032382
93,1,0.10,0.3147070390843002
93,1,0.15,0.5885803779106276
93,1,0.20,0.9480647428293927
93,1,0.25,0.7490829421606561
93,1,0.30,0.8873008464790477
93,1,0.35,0.9712972945314305
93,1,0.40,0.9206529348521632
93,1,0.45,0.9108981499895874
93,1,0.50,0.9626983833067355
93,1,0.55,0.9528337790221341
93,1,0.60,0.9798846393451572
93,1,0.65,0.9763340660467
93,1,0.70,0.9836983208834168
93,1,0.75,0.9669825657978393
93,1,0.80,0.9926848494360103
93,1,0.85,0.9965235567710619
93,1,0.90,0.9944725410736741
93,1,0.95,0.9902026284511302
93,2,0.05,0.3159681223260784
93,2,0.10,0.7394081129713339
93,2,0.15,0.7715691848939126
93,2,0.20,0.868471552449359
93,2,0.25,0.9585600382541761
93,2,0.30,0.9705799103914241
93,2,0.35,0.8315463908200373
93,2,0.40,0.6910742456566384
93,2,0.45,0.9817819636639951
93,2,0.50,0.96855164206167
93,2,0.55,0.9862562539407608
93,2,0.60,0.9890544728605074
93,2,0.65,0.982091251837557
93,2,0.70,0.9661995522696896
93,2,0.75,0.9848068209833483
93,2,0.80,0.9901372896885889
93,2,0.85,0.9883932165385229
93,2,0.90,0.9953391127016783
93,2,0.95,0.9925784322971689
93,3,0.05,0.9475001183964258
93,3,0.10,0.698692809739998
93,3,0.15,0.7304370129006175
93,3,0.20,0.8854819211254992
93,3,0.25,0.8499061289620469
93,3,0.30,0.689707269261769
93,3,0.35,0.9402501838235328
93,3,0.40,0.9384716374826485
93,3,0.45,0.9558901415392518
93,3,0.50,0.9765158901821125
93,3,0.55,0.9718508802808615
93,3,0.60,0.9574887694353754
93,3,0.65,0.9826343755655167
93,3,0.70,0.9836633547194834
93,3,0.75,0.988762132681177
93,3,0.80,0.9925368975032812
93,3,0.85,0.9953594310403953
93,3,0.90,0.9897119299401396
93,3,0.95,0.9921412145086859
93,4,0.05,0.6417605164022042
93,4,0.10,-0.10786865880675478
93,4,0.15,0.8331174367467459
93,4,0.20,0.8419198856345649
93,4,0.25,0.6608638488335485
93,4,0.30,0.8170239096801851
93,4,0.35,0.856619417418008
93,4,0.40,0.7212565115061984
93,4,0.45,0.6553732601621767
93,4,0.50,0.9570009327404518
93,4,0.55,0.9721651439661022
93,4,0.60,0.9844120166891612
93,4,0.65,0.9839929862802296
93,4,0.70,0.9877127928761763
93,4,0.75,0.9823287452473469
93,4,0.80,0.990303970665313
93,4,0.85,0.9923314906651224
93,4,0.90,0.9943619211131589
93,4,0.95,0.9944466346252908
93,5,0.05,0.15342952410475297
93,5,0.10,0.2918189609226116
93,5,0.15,0.5833596344180164
93,5,0.20,0.8128597216856779
93,5,0.25,0.8973503801863221
93,5,0.30,0.9411216220764516
93,5,0.35,0.9482428277180484
93,5,0.40,0.9017612627673269
93,5,0.45,0.972056439849227
93,5,0.50,0.9467632529185415
93,5,0.55,0.9791152519464241
93,5,0.60,0.9798572457767153
93,5,0.65,0.9792291637996411
93,5,0.70,0.9789585471306058
93,5,0.75,0.9919857304187985
93,5,0.80,0.9804867624343888
93,5,0.85,0.9853200301692516
93,5,0.90,0.9952056009565472
93,5,0.95,0.9903531057375332
93,6,0.05,0.18203192959488335
93,6,0.10,0.7559573486582565
93,6,0.15,0.8357793086514096
93,6,0.20,0.8278435542523026
93,6,0.25,0.6793883507000926
93,6,0.30,0.9479121340978989
93,6,0.35,0.2297998950447966
93,6,0.40,0.9521881823747926
93,6,0.45,0.943730939426247
93,6,0.50,0.973643755826532
93,6,0.55,0.9716802486306554
93,6,0.60,0.8966330127590212
93,6,0.65,0.9836955822288936
93,6,0.70,0.9764800810056236
93,6,0.75,0.9808253307349761
93,6,0.80,0.9818869568391974
93,6,0.85,0.9912497579834466
93,6,0.90,0.9944543675800142
93,6,0.95,0.9964681451838681
93,7,0.05,0.4631079577844609
93,7,0.10,0.6656464786712084
93,7,0.15,0.8567085149304654
93,7,0.20,0.7900537369412479
93,7,0.25,0.8175574830109861
93,7,0.30,0.8958121474419546
93,7,0.35,0.9408638967079979
93,7,0.40,0.9744900586850193
93,7,0.45,0.9545277408435436
93,7,0.50,0.95611585924879
93,7,0.55,0.9207476665992225
93,7,0.60,0.9815944538163335
93,7,0.65,0.9882935703525889
93,7,0.70,0.9802432721713111
93,7,0.75,0.9694367544612584
93,7,0.80,0.9896496560799746
93,7,0.85,0.9887110106160998
93,7,0.90,0.9896544280279611
93,7,0.95,0.9960201625411217
93,8,0.05,0.5543167596743148
93,8,0.10,0.7651938485409825
93,8,0.15,0.8795195734944852
93,8,0.20,0.7188554415469984
93,8,0.25,0.8790296555516749
93,8,0.30,0.9048932392262962
93,8,0.35,0.9547299292107705
93,8,0.40,0.9514181011859457
93,8,0.45,0.9728137640671317
93,8,0.50,0.9612056439576104
93,8,0.55,0.978839842391468
93,8,0.60,0.9715985443903891
93,8,0.65,0.9828539096534007
93,8,0.70,0.9857761996649229
93,8,0.75,0.9865561935740864
93,8,0.80,0.9957146745962279
93,8,0.85,0.9948617173070143
93,8,0.90,0.9949078088493101
93,8,0.95,0.996342420664341
93,9,0.05,0.34313307650515734
93,9,0.10,0.5657480699114305
93,9,0.15,0.5978984140484276
93,9,0.20,0.7213738265828731
93,9,0.25,0.8703767372075687
93,9,0.30,0.9324236359415309
93,9,0.35,0.8845277314515125
93,9,0.40,0.971610435435925
93,9,0.45,0.9712912953040782
93,9,0.50,0.9802259215028614
93,9,0.55,0.9781861560412338
93,9,0.60,0.9640191264636648
93,9,0.65,0.9727627901112375
93,9,0.70,0.9798784851476601
93,9,0.75,0.9784297643556958
93,9,0.80,0.9871098910869391
93,9,0.85,0.9937613756986965
93,9,0.90,0.9955574013464142
93,9,0.95,0.9919467257757424
94,0,0.05,0.748348607175545
94,0,0.10,0.9442592491179365
94,0,0.15,0.7064604111303586
94,0,0.20,0.9159826097362769
94,0,0.25,0.7589821458888971
94,0,0.30,0.7477480477034585
94,0,0.35,0.8948259647194807
94,0,0.40,0.9674232837166891
94,0,0.45,0.9319365933999185
94,0,0.50,0.9212914116427168
94,0,0.55,0.9917812019898016
94,0,0.60,0.9756604150066795
94,0,0.65,0.979426192413413
94,0,0.70,0.9901524345249183
94,0,0.75,0.9902868575429329
94,0,0.80,0.9857930563010995
94,0,0.85,0.9952537982669919
94,0,0.90,0.9964143239968248
94,0,0.95,0.9951635560027016
94,1,0.05,0.6041179412221052
94,1,0.10,0.7283348519389807
94,1,0.15,0.8871730079362756
94,1,0.20,0.8517111443457642
94,1,0.25,0.8638543932472076
94,1,0.30,0.8569565186165848
94,1,0.35,0.9394909846373336
94,1,0.40,0.9186043974137348
94,1,0.45,0.9681591181272355
94,1,0.50,0.9639971229467692
94,1,0.55,0.9782269150865353
94,1,0.60,0.9758765182219357
94,1,0.65,0.9892236016119478
94,1,0.70,0.9896279540372611
94,1,0.75,0.9907118643613323
94,1,0.80,0.9894589896245574
94,1,0.85,0.9943535746909329
94,1,0.90,0.9961030292242904
94,1,0.95,0.9937085994821159
94,2,0.05,0.8216785625205002
94,2,0.10,0.8604117186238316
94,2,0.15,0.7839775547303338
94,2,0.20,0.7979402350879867
94,2,0.25,0.9294840509587791
94,2,0.30,0.884132935375233
94,2,0.35,0.9328344516282312
94,2,0.40,0.9587902226754541
94,2,0.45,0.9721628329634258
94,2,0.50,0.9756852383147703
94,2,0.55,0.968432292464627
94,2,0.60,0.9673767405822221
94,2,0.65,0.9682099957570571
94,2,0.70,0.9517406028438553
94,2,0.75,0.9529597430535218
94,2,0.80,0.9917238662075794
94,2,0.85,0.9894736285972033
94,2,0.90,0.9926511375284394
94,2,0.95,0.9951932940858451
94,3,0.05,0.6549118463554223
94,3,0.10,0.9182044463246446
94,3,0.15,0.8615478669689168
94,3,0.20,0.7890198784927489
94,3,0.25,0.8525407574458906
94,3,0.30,0.8431543078533195
94,3,0.35,0.9474046820114301
94,3,0.40,0.9830171903624028
94,3,0.45,0.9373458468240888
94,3,0.50,0.9557975616909161
94,3,0.55,0.9858256293467559
94,3,0.60,0.9569395162262758
94,3,0.65,0.9542802456287226
94,3,0.70,0.9875493470086466
94,3,0.75,0.990690356064448
94,3,0.80,0.9953563023229419
94,3,0.85,0.9926029755096064
94,3,0.90,0.9951078758169575
94,3,0.95,0.9956272818184484
94,4,0.05,0.619385373270325
94,4,0.10,0.7890742305228597
94,4,0.15,0.8548242174293026
94,4,0.20,0.8407010458799649
94,4,0.25,0.8566295177007885
94,4,0.30,0.8307873317546647
94,4,0.35,0.9647136181008721
94,4,0.40,0.9356067552024414
94,4,0.45,0.9416458492161204
94,4,0.50,0.9787145363035361
94,4,0.55,0.9825909551074818
94,4,0.60,0.9619228307017484
94,4,0.65,0.9509739603134061
94,4,0.70,0.9877969370540313
94,4,0.75,0.9908920043089534
94,4,0.80,0.9929919225418422
94,4,0.85,0.9929899216795701
94,4,0.90,0.9943404894312223
94,4,0.95,0.9969038863934568
94,5,0.05,0.4137458542214969
94,5,0.10,0.715661602710055
94,5,0.15,0.8796368614060859
94,5,0.20,0.852534413012733
94,5,0.25,0.8991018026069951
94,5,0.30,0.8752795251129898
94,5,0.35,0.9617182533237912
94,5,0.40,0.9257303269156008
94,5,0.45,0.865114360295601
94,5,0.50,0.9167697154098042
94,5,0.55,0.9822011868904708
94,5,0.60,0.9830765095035068
94,5,0.65,0.974220562859471
94,5,0.70,0.9883756333971428
94,5,0.75,0.977766401396708
94,5,0.80,0.98945785362972
94,5,0.85,0.9865898477380891
94,5,0.90,0.9672629693442694
94,5,0.95,0.9961804338580128
94,6,0.05,0.5536993564158131
94,6,0.10,0.69856273996171
94,6,0.15,0.8501449563090102
94,6,0.20,0.8954858487228551
94,6,0.25,0.8876068725791673
94,6,0.30,0.9137691577327061
94,6,0.35,0.9157030419216714
94,6,0.40,0.9559383345011302
94,6,0.45,0.9806368948875906
94,6,0.50,0.982059291006583
94,6,0.55,0.9665835861013866
94,6,0.60,0.9716829833417918
94,6,0.65,0.9846266372788609
94,6,0.70,0.987463858239014
94,6,0.75,0.9792776272440069
94,6,0.80,0.9910990774593258
94,6,0.85,0.9903968081626819
94,6,0.90,0.9968276267734134
94,6,0.95,0.9958234297487327
94,7,0.05,0.6453248412888577
94,7,0.10,0.8277479922052351
94,7,0.15,0.9320810528825745
94,7,0.20,0.7961033017559453
94,7,0.25,0.9052635097698638
94,7,0.30,0.857442999117726
94,7,0.35,0.9249663621964461
94,7,0.40,0.7899945981044618
94,7,0.45,0.931239792648858
94,7,0.50,0.9588055025308251
94,7,0.55,0.9749388474184643
94,7,0.60,0.978857453033787
94,7,0.65,0.9669847232693548
94,7,0.70,0.9854301803539174
94,7,0.75,0.9893268181087874
94,7,0.80,0.9950815650905168
94,7,0.85,0.9959521506459588
94,7,0.90,0.9951368865279325
94,7,0.95,0.9957516056551728
94,8,0.05,0.8903844327788768
94,8,0.10,0.45248385073540953
94,8,0.15,0.8308868085933551
94,8,0.20,0.7380751769881668
94,8,0.25,0.9428706926064254
94,8,0.30,0.8602338448595067
94,8,0.35,0.8707110401119039
94,8,0.40,0.9236939729339211
94,8,0.45,0.9712192037718707
94,8,0.50,0.9857840090419073
94,8,0.55,0.980181547081032
94,8,0.60,0.9682101065622919
94,8,0.65,0.9448568475713377
94,8,0.70,0.9857068472003941
94,8,0.75,0.9893701173683846
94,8,0.80,0.9942837212240656
94,8,0.85,0.9947689885475711
94,8,0.90,0.9959690111696188
94,8,0.95,0.9760059080178991
94,9,0.05,0.8011135373863945
94,9,0.10,0.836305029421871
94,9,0.15,0.8360311678671386
94,9,0.20,0.887378325803527
94,9,0.25,0.9353114073419323
94,9,0.30,0.7871775842460152
94,9,0.35,0.8866460705477676
94,9,0.40,0.8924308244061989
94,9,0.45,0.9835001782257132
94,9,0.50,0.9507068611768552
94,9,0.55,0.9714844774162894
94,9,0.60,0.952349483521685
94,9,0.65,0.9870537406552784
94,9,0.70,0.9875506445816904
94,9,0.75,0.9766433827671587
94,9,0.80,0.9908304683561757
94,9,0.85,0.982694871871357
94,9,0.90,0.9937621053219138
94,9,0.95,0.9950169695182585
95,0,0.05,0.5769781749404341
95,0,0.10,0.014915433287149615
95,0,0.15,0.861231509935058
95,0,0.20,0.9091599846499528
95,0,0.25,0.6856489563611368
95,0,0.30,0.8693889956998252
95,0,0.35,0.9635298995423011
95,0,0.40,0.9713157944486651
95,0,0.45,0.9827719749777509
95,0,0.50,0.9739133880101953
95,0,0.55,0.9691263502723958
95,0,0.60,0.9889817951969221
95,0,0.65,0.9871386349794365
95,0,0.70,0.9941798420890022
95,0,0.75,0.9895442617617708
95,0,0.80,0.9914352297314685
95,0,0.85,0.9934040508126403
95,0,0.90,0.9940292931624023
95,0,0.95,0.9953695495805504
95,1,0.05,0.18749331687174575
95,1,0.10,0.8804682587342524
95,1,0.15,0.6786921404246384
95,1,0.20,0.8547854409640229
95,1,0.25,0.8417702090663266
95,1,0.30,0.9253765041152233
95,1,0.35,0.8940917334770242
95,1,0.40,0.9093514924630342
95,1,0.45,0.9337846045746325
95,1,0.50,0.9401335746851862
95,1,0.55,0.9843921969242235
95,1,0.60,0.9766552690294978
95,1,0.65,0.9816892299979796
95,1,0.70,0.9890974283298711
95,1,0.75,0.9907151434705094
95,1,0.80,0.9811255239051958
95,1,0.85,0.9939938672794232
95,1,0.90,0.9884937827627324
95,1,0.95,0.9966301261970334
95,2,0.05,-0.03414775159756056
95,2,0.10,0.8449077863941405
95,2,0.15,0.8758968739418358
95,2,0.20,0.9329910348751062
95,2,0.25,0.9095674174868107
95,2,0.30,0.9155869911419163
95,2,0.35,0.9370111764668572
95,2,0.40,0.9548001856597965
95,2,0.45,0.9449567498733881
95,2,0.50,0.9636311417907931
95,2,0.55,0.9859522782492894
95,2,0.60,0.9692688320426746
95,2,0.65,0.9854353143552907
95,2,0.70,0.9870262369175163
95,2,0.75,0.9911570875612395
95,2,0.80,0.9676771315415034
95,2,0.85,0.9942661352535721
95,2,0.90,0.993687448160681
95,2,0.95,0.9909912330784397
95,3,0.05,0.46688908227848513
95,3,0.10,0.8712216998364486
95,3,0.15,0.7506276958092393
95,3,0.20,0.9077797126986701
95,3,0.25,0.9733895884872599
95,3,0.30,0.9546992244695844
95,3,0.35,0.9534316361890939
95,3,0.40,0.9359593989743047
95,3,0.45,0.9682038492328164
95,3,0.50,0.9881228300335316
95,3,0.55,0.9796660550397067
95,3,0.60,0.9366653307043469
95,3,0.65,0.9885998450185369
95,3,0.70,0.9926300137162989
95,3,0.75,0.9830460959571854
95,3,0.80,0.9884848734061324
95,3,0.85,0.9898857996228939
95,3,0.90,0.9941845932130973
95,3,0.95,0.9961667510564409
95,4,0.05,0.2522274019232078
95,4,0.10,0.8178316852161351
95,4,0.15,0.8497196364499333
95,4,0.20,0.9473178178281826
95,4,0.25,0.9692231353379005
95,4,0.30,0.7903862666812742
95,4,0.35,0.9153133379952834
95,4,0.40,0.9142941260280757
95,4,0.45,0.9406930013302991
95,4,0.50,0.9778344054521824
95,4,0.55,0.986161324229813
95,4,0.60,0.9898421014339193
95,4,0.65,0.9838431822078312
95,4,0.70,0.9900186745414891
95,4,0.75,0.9728477770013898
95,4,0.80,0.9922162907633433
95,4,0.85,0.9922060265039812
95,4,0.90,0.9928378621003114
95,4,0.95,0.9911075326423515
95,5,0.05,0.426440472659389
95,5,0.10,0.6224405720427433
95,5,0.15,0.7647441705178994
95,5,0.20,0.9191591576386107
95,5,0.25,0.9449873065938803
95,5,0.30,0.7928921444944751
95,5,0.35,0.9108198282277197
95,5,0.40,0.9821102130304389
95,5,0.45,0.9424406306300567
95,5,0.50,0.958445118169123
95,5,0.55,0.970816103269146
95,5,0.60,0.9859801509070941
95,5,0.65,0.9847346618805238
95,5,0.70,0.9857872070095764
95,5,0.75,0.9909102995141389
95,5,0.80,0.9656417266364541
95,5,0.85,0.9949873569165631
95,5,0.90,0.9926027945577826
95,5,0.95,0.9908121383517634
95,6,0.05,0.2877078395408884
95,6,0.10,0.7000918698522092
95,6,0.15,0.9213360932414164
95,6,0.20,0.9378457006463411
95,6,0.25,0.9110865387548979
95,6,0.30,0.9462790482717098
95,6,0.35,0.9644711211678785
95,6,0.40,0.9694547765202591
95,6,0.45,0.9564009250343068
95,6,0.50,0.9471103198905175
95,6,0.55,0.9790161077114437
95,6,0.60,0.9847978686180383
95,6,0.65,0.9911874130106022
95,6,0.70,0.9725123218601739
95,6,0.75,0.9838353999130702
95,6,0.80,0.9875142380047365
95,6,0.85,0.987641926334147
95,6,0.90,0.994087067703669
95,6,0.95,0.9930675138955839
95,7,0.05,0.19353381798401836
95,7,0.10,0.17788492033278902
95,7,0.15,0.9070610433275839
95,7,0.20,0.8839441629516082
95,7,0.25,0.944114679284698
95,7,0.30,0.7722467048873856
95,7,0.35,0.8799259485250503
95,7,0.40,0.9614472462046456
95,7,0.45,0.9750754045472041
95,7,0.50,0.9728624224065765
95,7,0.55,0.9793216619964183
95,7,0.60,0.978530699173807
95,7,0.65,0.9819290885506332
95,7,0.70,0.9937153773307225
95,7,0.75,0.9880367437109515
95,7,0.80,0.9906971078010893
95,7,0.85,0.9921442557703869
95,7,0.90,0.9834862276058114
95,7,0.95,0.9906016278348073
95,8,0.05,0.5935967742025274
95,8,0.10,0.7787558462421911
95,8,0.15,0.6640187510038906
95,8,0.20,0.9264203797459797
95,8,0.25,0.9580519723678255
95,8,0.30,0.9434097761905405
95,8,0.35,0.9591414867984749
95,8,0.40,0.9201966936854087
95,8,0.45,0.9479448359714484
95,8,0.50,0.956006512866632
95,8,0.55,0.9732206967637465
95,8,0.60,0.9779768896738312
95,8,0.65,0.9809218224201889
95,8,0.70,0.9818006859515027
95,8,0.75,0.9859462463112014
95,8,0.80,0.9861610924705481
95,8,0.85,0.9760943269781823
95,8,0.90,0.9813501719936366
95,8,0.95,0.9941087739072526
95,9,0.05,0.49702811637735966
95,9,0.10,0.8887368398627338
95,9,0.15,0.7049108932262828
95,9,0.20,0.94941375686718
95,9,0.25,0.8602341124297321
95,9,0.30,0.958575814106768
95,9,0.35,0.8944512779780402
95,9,0.40,0.9563001461507294
95,9,0.45,0.9699554236488575
95,9,0.50,0.9787584769510957
95,9,0.55,0.9661261246079353
95,9,0.60,0.953891650728187
95,9,0.65,0.9755318508221664
95,9,0.70,0.9898025298612289
95,9,0.75,0.9615113052721691
95,9,0.80,0.9871727955738357
95,9,0.85,0.9900611535021809
95,9,0.90,0.9904231485425756
95,9,0.95,0.9956784528673649
96,0,0.05,0.6205872435159784
96,0,0.10,0.6787456853322773
96,0,0.15,0.40004549265818046
96,0,0.20,0.8865188353379727
96,0,0.25,0.8201007443583065
96,0,0.30,0.9447205473662783
96,0,0.35,0.9578280207687392
96,0,0.40,0.9402324047837862
96,0,0.45,0.9748845709482091
96,0,0.50,0.8154768421218677
96,0,0.55,0.9712349613615944
96,0,0.60,0.9844842422584311
96,0,0.65,0.9902653498269993
96,0,0.70,0.9870814611255972
96,0,0.75,0.9647737131529571
96,0,0.80,0.992145977235112
96,0,0.85,0.9929695333738655
96,0,0.90,0.9801705547669383
96,0,0.95,0.9861035629964696
96,1,0.05,0.5778388775800625
96,1,0.10,0.772994531599091
96,1,0.15,0.9089043946283146
96,1,0.20,0.878136461960263
96,1,0.25,0.8609608945221752
96,1,0.30,0.9292750531206859
96,1,0.35,0.9673226738299275
96,1,0.40,0.9674875162660063
96,1,0.45,0.9751727659217728
96,1,0.50,0.957159973365258
96,1,0.55,0.9772179555495829
96,1,0.60,0.9608855675456924
96,1,0.65,0.9748657220522079
96,1,0.70,0.9774615322208051
96,1,0.75,0.9776525215482926
96,1,0.80,0.9909884463275155
96,1,0.85,0.9920566767589399
96,1,0.90,0.9883907362416812
96,1,0.95,0.9907356559987537
96,2,0.05,-0.08443285647541865
96,2,0.10,0.8778515615315742
96,2,0.15,0.8177078588759306
96,2,0.20,0.9222036347609243
96,2,0.25,0.7254359737006564
96,2,0.30,0.8830778054892676
96,2,0.35,0.9396250901513457
96,2,0.40,0.9828830801939583
96,2,0.45,0.9688767601606465
96,2,0.50,0.9892331163663634
96,2,0.55,0.970856145288274
96,2,0.60,0.9499658281760427
96,2,0.65,0.9871741572950782
96,2,0.70,0.9878874012846739
96,2,0.75,0.9896138008197976
96,2,0.80,0.9768334707028448
96,2,0.85,0.9926340971496992
96,2,0.90,0.9912695368682041
96,2,0.95,0.995197154140879
96,3,0.05,0.07747186281680618
96,3,0.10,0.85437711217979
96,3,0.15,0.9091122348078037
96,3,0.20,0.8730379074006296
96,3,0.25,0.8611120204692274
96,3,0.30,0.9675377356600459
96,3,0.35,0.9480691500648687
96,3,0.40,0.9885023216124339
96,3,0.45,0.959333870767203
96,3,0.50,0.9827548482458172
96,3,0.55,0.9742569682745637
96,3,0.60,0.978513678203448
96,3,0.65,0.9876300442826305
96,3,0.70,0.9903685523992677
96,3,0.75,0.9923942841574109
96,3,0.80,0.9911153673974231
96,3,0.85,0.9937320213078984
96,3,0.90,0.9952716082136479
96,3,0.95,0.993379652521168
96,4,0.05,0.5048847310858213
96,4,0.10,0.8344431411276725
96,4,0.15,0.938544647520035
96,4,0.20,0.9098876447219257
96,4,0.25,0.8829279441201958
96,4,0.30,0.9698053146872383
96,4,0.35,0.904713465786101
96,4,0.40,0.9727788996666062
96,4,0.45,0.9680746902844521
96,4,0.50,0.9725653817423334
96,4,0.55,0.8387729658026511
96,4,0.60,0.9783600486870505
96,4,0.65,0.9838288816617048
96,4,0.70,0.9874133021835007
96,4,0.75,0.9944413298394474
96,4,0.80,0.9927797469976253
96,4,0.85,0.9914018891589482
96,4,0.90,0.9859941529780663
96,4,0.95,0.9918151956711966
96,5,0.05,0.6003611984867852
96,5,0.10,0.4746675075254936
96,5,0.15,0.8083675676342718
96,5,0.20,0.9542382046547689
96,5,0.25,0.8722574968814594
96,5,0.30,0.7418203522598277
96,5,0.35,0.9461184035510537
96,5,0.40,0.890740071516904
96,5,0.45,0.9733912174540397
96,5,0.50,0.9818292354183661
96,5,0.55,0.9765669447756758
96,5,0.60,0.9680925664165401
96,5,0.65,0.9658148529603148
96,5,0.70,0.9838709878092301
96,5,0.75,0.9812053586428978
96,5,0.80,0.9641434161229561
96,5,0.85,0.9946456959362415
96,5,0.90,0.9934601562473865
96,5,0.95,0.9940108663617574
96,6,0.05,0.29751682317061534
96,6,0.10,0.5875198779496582
96,6,0.15,0.9572557114055658
96,6,0.20,0.9433255405352259
96,6,0.25,0.9381174216220095
96,6,0.30,0.8637537073688735
96,6,0.35,0.9274174072289789
96,6,0.40,0.9815391117769416
96,6,0.45,0.9387122468449904
96,6,0.50,0.9902155493786198
96,6,0.55,0.9777895863732126
96,6,0.60,0.9359048276043433
96,6,0.65,0.9689990352246763
96,6,0.70,0.981257545571979
96,6,0.75,0.9927690552264719
96,6,0.80,0.9868244510419828
96,6,0.85,0.9938024436763361
96,6,0.90,0.9893238800555166
96,6,0.95,0.9933033252059752
96,7,0.05,0.28853665869770906
96,7,0.10,0.747348944224972
96,7,0.15,0.9104097609006812
96,7,0.20,0.9553329736639877
96,7,0.25,0.7368622835713977
96,7,0.30,0.8517961684392277
96,7,0.35,0.9342595787108564
96,7,0.40,0.9202434145868384
96,7,0.45,0.9860432702612895
96,7,0.50,0.9756532915022706
96,7,0.55,0.9852711735001923
96,7,0.60,0.9643443415818725
96,7,0.65,0.9892680283647555
96,7,0.70,0.9895135804650668
96,7,0.75,0.9792217650646089
96,7,0.80,0.9896140475670867
96,7,0.85,0.9926443885591166
96,7,0.90,0.9959316568983522
96,7,0.95,0.9964884178755807
96,8,0.05,0.26729309626573194
96,8,0.10,0.6918409820049432
96,8,0.15,0.8577331561109209
96,8,0.20,0.52229757818066
96,8,0.25,0.6359843279990892
96,8,0.30,0.8930001055573854
96,8,0.35,0.976177728391822
96,8,0.40,0.97072495529854
96,8,0.45,0.9808544256279496
96,8,0.50,0.9875520195240001
96,8,0.55,0.9756219196051851
96,8,0.60,0.9697960032427723
96,8,0.65,0.985345401117967
96,8,0.70,0.9821813092874024
96,8,0.75,0.9911031250880772
96,8,0.80,0.9896535697892568
96,8,0.85,0.9934373621518717
96,8,0.90,0.9962761590598126
96,8,0.95,0.9946299692644875
96,9,0.05,0.8767286337887789
96,9,0.10,0.3704512889087712
96,9,0.15,0.889539793044227
96,9,0.20,0.7039111719209192
96,9,0.25,0.8730495786739672
96,9,0.30,0.9287309832934325
96,9,0.35,0.8826786712652004
96,9,0.40,0.955350455858805
96,9,0.45,0.9804766906613328
96,9,0.50,0.9714402484497979
96,9,0.55,0.9797383435334565
96,9,0.60,0.9798661138660251
96,9,0.65,0.9381677819162523
96,9,0.70,0.9836533348720008
96,9,0.75,0.9953753611344466
96,9,0.80,0.9668534147901149
96,9,0.85,0.9920353074297138
96,9,0.90,0.9676410187320879
96,9,0.95,0.991357176757213
97,0,0.05,0.6097118220361515
97,0,0.10,0.9191723734639907
97,0,0.15,0.6205881775211042
97,0,0.20,0.8674737634030498
97,0,0.25,0.894282385792862
97,0,0.30,0.8350340505360289
97,0,0.35,0.9501104424234511
97,0,0.40,0.9689690590395705
97,0,0.45,0.9786725031269383
97,0,0.50,0.9683493342297049
97,0,0.55,0.943714113503548
97,0,0.60,0.9824867473119837
97,0,0.65,0.9809441142838652
97,0,0.70,0.9876415761348384
97,0,0.75,0.9912980367419209
97,0,0.80,0.9921923481374286
97,0,0.85,0.9790400885249644
97,0,0.90,0.9953018754127679
97,0,0.95,0.9971816220189084
97,1,0.05,0.1373964189801743
97,1,0.10,-0.18788206351017944
97,1,0.15,0.716312067887199
97,1,0.20,0.8885361040646623
97,1,0.25,0.8689650586902157
97,1,0.30,0.9521687164137438
97,1,0.35,0.932637245447243
97,1,0.40,0.9320265831450715
97,1,0.45,0.9133396447290023
97,1,0.50,0.975626019256464
97,1,0.55,0.9861335076212578
97,1,0.60,0.9878540151976996
97,1,0.65,0.9886238228296294
97,1,0.70,0.9838451699692713
97,1,0.75,0.9954633610941475
97,1,0.80,0.9752734261656706
97,1,0.85,0.9947371569402954
97,1,0.90,0.9942203281890333
97,1,0.95,0.9965097311614319
97,2,0.05,0.6676245553642355
97,2,0.10,0.9123453657679044
97,2,0.15,0.9071367872012364
97,2,0.20,0.8254068541285103
97,2,0.25,0.7961334490407949
97,2,0.30,0.9392148301347922
97,2,0.35,0.9431912480894037
97,2,0.40,0.9749764595235038
97,2,0.45,0.9775721523907014
97,2,0.50,0.9392313671227898
97,2,0.55,0.9773644147686044
97,2,0.60,0.9839517154592783
97,2,0.65,0.9746468703243047
97,2,0.70,0.978129250437292
97,2,0.75,0.986732701599608
97,2,0.80,0.9886552329882304
97,2,0.85,0.9939181620207718
97,2,0.90,0.9947052534203039
97,2,0.95,0.9957674128191923
97,3,0.05,0.41964420186950346
97,3,0.10,0.8893721199612394
97,3,0.15,0.7121174037948684
97,3,0.20,0.8600274632761113
97,3,0.25,0.8732240972698395
97,3,0.30,0.9144966797518576
97,3,0.35,0.911283591961426
97,3,0.40,0.940086838578666
97,3,0.45,0.9170413463219199
97,3,0.50,0.9433665263208505
97,3,0.55,0.8819056056026654
97,3,0.60,0.9690719378193348
97,3,0.65,0.96929092761444
97,3,0.70,0.9887861660476454
97,3,0.75,0.9822184778164444
97,3,0.80,0.9879192674030426
97,3,0.85,0.9907442809103445
97,3,0.90,0.9937555408239513
97,3,0.95,0.9957209645816791
97,4,0.05,0.5732366535380269
97,4,0.10,0.757036585100103
97,4,0.15,0.8968459055789757
97,4,0.20,0.7978854834485869
97,4,0.25,0.7387492593127472
97,4,0.30,0.9483114808675734
97,4,0.35,0.9440824221056554
97,4,0.40,0.9413319655228289
97,4,0.45,0.9597195227407773
97,4,0.50,0.9411937131564154
97,4,0.55,0.985167166380585
97,4,0.60,0.9826691043689777
97,4,0.65,0.9871961968143226
97,4,0.70,0.9716594864914573
97,4,0.75,0.9815888748602113
97,4,0.80,0.9945121237764073
97,4,0.85,0.9833227379437816
97,4,0.90,0.9913972442912
97,4,0.95,0.995041352163374
97,5,0.05,0.5382526625433168
97,5,0.10,0.810564145771153
97,5,0.15,0.8231719679112068
97,5,0.20,0.8874598363205721
97,5,0.25,0.8736811537556424
97,5,0.30,0.9292779068440247
97,5,0.35,0.9428588325709386
97,5,0.40,0.9359456175953202
97,5,0.45,0.9739172866730804
97,5,0.50,0.9091376027805668
97,5,0.55,0.976119816529196
97,5,0.60,0.9752289392999745
97,5,0.65,0.9787756172478679
97,5,0.70,0.9644802491008395
97,5,0.75,0.9872684602166517
97,5,0.80,0.9915488177807779
97,5,0.85,0.9939947641572257
97,5,0.90,0.9948665170743908
97,5,0.95,0.9689427905198312
97,6,0.05,0.40251567623976614
97,6,0.10,0.9062843483101551
97,6,0.15,0.8800295863151013
97,6,0.20,0.5936085267077711
97,6,0.25,0.8474455763614128
97,6,0.30,0.9855322975286867
97,6,0.35,0.9534570012990368
97,6,0.40,0.9130127774825695
97,6,0.45,0.9354503432979948
97,6,0.50,0.9635233658392939
97,6,0.55,0.9558380353420088
97,6,0.60,0.9844514565502461
97,6,0.65,0.961245799013039
97,6,0.70,0.9601285187022754
97,6,0.75,0.9781365572362252
97,6,0.80,0.9941127951300041
97,6,0.85,0.9955577705221641
97,6,0.90,0.9871725010357719
97,6,0.95,0.9956058284176129
97,7,0.05,0.5939874154110041
97,7,0.10,0.7034724269146557
97,7,0.15,0.8967675088234144
97,7,0.20,0.8843375387867947
97,7,0.25,0.9486324840712747
97,7,0.30,0.9283491743527799
97,7,0.35,0.9741732772311941
97,7,0.40,0.9679532866710484
97,7,0.45,0.9511571828081221
97,7,0.50,0.7835573798158139
97,7,0.55,0.9861850031752819
97,7,0.60,0.9860374461481447
97,7,0.65,0.9820573267297521
97,7,0.70,0.9683987123885367
97,7,0.75,0.9770093808802767
97,7,0.80,0.9941617509942159
97,7,0.85,0.9874631885705782
97,7,0.90,0.9808759912494611
97,7,0.95,0.996742152402854
97,8,0.05,0.40493560457103894
97,8,0.10,0.7448209498669134
97,8,0.15,0.8955333385478031
97,8,0.20,0.8347454575567375
97,8,0.25,0.9537742477804745
97,8,0.30,0.9679509693880386
97,8,0.35,0.9150808584152176
97,8,0.40,0.9707429518414254
97,8,0.45,0.9709887586587175
97,8,0.50,0.8754516224512163
97,8,0.55,0.9547960629825261
97,8,0.60,0.9786119582409535
97,8,0.65,0.9643149551590575
97,8,0.70,0.9912102885426859
97,8,0.75,0.9911984539218288
97,8,0.80,0.9922807675933557
97,8,0.85,0.9916491851353099
97,8,0.90,0.9893153923915199
97,8,0.95,0.9938821657135752
97,9,0.05,0.6090343476215023
97,9,0.10,0.8696634605230307
97,9,0.15,0.9480302151252555
97,9,0.20,0.9508743936048123
97,9,0.25,0.8859845912878571
97,9,0.30,0.9291071045164504
97,9,0.35,0.9690684264367141
97,9,0.40,0.881629710152223
97,9,0.45,0.9746444804603517
97,9,0.50,0.971764322899651
97,9,0.55,0.9625850660940047
97,9,0.60,0.9773510522075959
97,9,0.65,0.9832814019824436
97,9,0.70,0.9855020192286882
97,9,0.75,0.9925353903287594
97,9,0.80,0.9665300819856777
97,9,0.85,0.9867343523566997
97,9,0.90,0.9957011121266222
97,9,0.95,0.9962923417579631
98,0,0.05,0.6279083637682584
98,0,0.10,0.9563726445512302
98,0,0.15,0.8929774484581281
98,0,0.20,0.950922012681164
98,0,0.25,0.9471721386824966
98,0,0.30,0.9038917715557335
98,0,0.35,0.9677421279354504
98,0,0.40,0.9829583801301449
98,0,0.45,0.9399777979281441
98,0,0.50,0.9769298000309345
98,0,0.55,0.9140840173521306
98,0,0.60,0.9539849476998217
98,0,0.65,0.971349355394259
98,0,0.70,0.9797790658485471
98,0,0.75,0.992935222943917
98,0,0.80,0.9934348849719232
98,0,0.85,0.9858884417433598
98,0,0.90,0.9970801452699664
98,0,0.95,0.9939146935856366
98,1,0.05,0.6556915216279837
98,1,0.10,0.8108844057948574
98,1,0.15,0.7916907480478689
98,1,0.20,0.9190273886671544
98,1,0.25,0.937195109953081
98,1,0.30,0.9385224841344418
98,1,0.35,0.9248456003150287
98,1,0.40,0.8591972420675116
98,1,0.45,0.9622496535481859
98,1,0.50,0.9610552614081641
98,1,0.55,0.985079617866819
98,1,0.60,0.9819232216472858
98,1,0.65,0.9628296245783561
98,1,0.70,0.9936788339511422
98,1,0.75,0.9927619532563468
98,1,0.80,0.9937726946156249
98,1,0.85,0.9828027862693101
98,1,0.90,0.9953312244623299
98,1,0.95,0.993352709436693
98,2,0.05,0.4468626336861127
98,2,0.10,0.9036048954490454
98,2,0.15,0.919004215188697
98,2,0.20,0.9132625757482685
98,2,0.25,0.7103172174129391
98,2,0.30,0.7964354914347956
98,2,0.35,0.963164429075392
98,2,0.40,0.9826944879568096
98,2,0.45,0.9857399792179518
98,2,0.50,0.9797451860495804
98,2,0.55,0.9634520996791427
98,2,0.60,0.9828786852343763
98,2,0.65,0.9855687039464819
98,2,0.70,0.9590849495086963
98,2,0.75,0.9833404542274067
98,2,0.80,0.9946663568491859
98,2,0.85,0.993456169114326
98,2,0.90,0.9887902736460165
98,2,0.95,0.992792978519786
98,3,0.05,0.9594796217724214
98,3,0.10,0.8561966788874945
98,3,0.15,0.8819290907201259
98,3,0.20,0.9649331138423852
98,3,0.25,0.9437998294946893
98,3,0.30,0.9525608325114145
98,3,0.35,0.9402761033392266
98,3,0.40,0.9693284398882845
98,3,0.45,0.9675557099611107
98,3,0.50,0.913778184810778
98,3,0.55,0.9484425856536745
98,3,0.60,0.9876173535348788
98,3,0.65,0.981570908585034
98,3,0.70,0.9381541530781052
98,3,0.75,0.9868794110158203
98,3,0.80,0.9964489707533798
98,3,0.85,0.9892228251739694
98,3,0.90,0.9940528913325958
98,3,0.95,0.9963874626458548
98,4,0.05,0.698827832053512
98,4,0.10,0.7053340480543722
98,4,0.15,0.8517537997876272
98,4,0.20,0.8798578169240897
98,4,0.25,0.9740570649820036
98,4,0.30,0.957746588018263
98,4,0.35,0.9059624313884658
98,4,0.40,0.9550969531446785
98,4,0.45,0.9723160440656761
98,4,0.50,0.968033495902609
98,4,0.55,0.9604262781514591
98,4,0.60,0.9882397213716553
98,4,0.65,0.9658790674981463
98,4,0.70,0.9638367253513831
98,4,0.75,0.9806001052230777
98,4,0.80,0.9931931663651337
98,4,0.85,0.9941449881629068
98,4,0.90,0.9956862513152259
98,4,0.95,0.9962574636697223
98,5,0.05,0.6923137561427581
98,5,0.10,0.9328015278191695
98,5,0.15,0.8388256413292253
98,5,0.20,0.890563729111993
98,5,0.25,0.9775164839814542
98,5,0.30,0.975424476916793
98,5,0.35,0.9584652553106909
98,5,0.40,0.9767107785529
98,5,0.45,0.9774711489010175
98,5,0.50,0.9301911923992399
98,5,0.55,0.9787109805641093
98,5,0.60,0.9814672536277447
98,5,0.65,0.9922927899654626
98,5,0.70,0.9823005772581452
98,5,0.75,0.9936085204989233
98,5,0.80,0.9941048115785825
98,5,0.85,0.9909123874273325
98,5,0.90,0.9893395963502861
98,5,0.95,0.9929799816710023
98,6,0.05,0.6999738834057985
98,6,0.10,0.8556440865825803
98,6,0.15,0.8974456898015796
98,6,0.20,0.8940045527578164
98,6,0.25,0.9086000601797237
98,6,0.30,0.9116973620020028
98,6,0.35,0.9364111848577604
98,6,0.40,0.9796042673453127
98,6,0.45,0.9795972962872573
98,6,0.50,0.9802713297793418
98,6,0.55,0.9772885254593602
98,6,0.60,0.9768715020374085
98,6,0.65,0.9675837418362289
98,6,0.70,0.9796213668052471
98,6,0.75,0.9943622877871378
98,6,0.80,0.9945230834289183
98,6,0.85,0.9955387090591292
98,6,0.90,0.9930719214168923
98,6,0.95,0.9859744870202442
98,7,0.05,0.6220026812324193
98,7,0.10,0.7798311014458752
98,7,0.15,0.8863770139533125
98,7,0.20,0.937054678967854
98,7,0.25,0.8252293549495522
98,7,0.30,0.9719989468766378
98,7,0.35,0.677674868418379
98,7,0.40,0.9792536767390982
98,7,0.45,0.9830593595172215
98,7,0.50,0.9840517485146139
98,7,0.55,0.9859752948427374
98,7,0.60,0.9862227714443932
98,7,0.65,0.9845433398566034
98,7,0.70,0.9950679212261035
98,7,0.75,0.9920122488922112
98,7,0.80,0.9911106792396341
98,7,0.85,0.984334365473061
98,7,0.90,0.9953309775173319
98,7,0.95,0.995853734944443
98,8,0.05,0.8129069875650271
98,8,0.10,0.5150328914323414
98,8,0.15,0.8659504432220024
98,8,0.20,0.9673466677497456
98,8,0.25,0.9088380796553216
98,8,0.30,0.9561347646235617
98,8,0.35,0.9105402875423481
98,8,0.40,0.9834793503948723
98,8,0.45,0.7708052498156315
98,8,0.50,0.9598358017687741
98,8,0.55,0.9830730091681442
98,8,0.60,0.9861467903366318
98,8,0.65,0.9856865236482599
98,8,0.70,0.95806298194279
98,8,0.75,0.9896286959215939
98,8,0.80,0.9943753177830948
98,8,0.85,0.9915886317980884
98,8,0.90,0.9925759828124865
98,8,0.95,0.9962012708468558
98,9,0.05,0.7357179623921338
98,9,0.10,0.7027363406174589
98,9,0.15,0.8982904795237174
98,9,0.20,0.9400165431002477
98,9,0.25,0.8684358383441344
98,9,0.30,0.9205113247486952
98,9,0.35,0.7597890154567173
98,9,0.40,0.9638657744067388
98,9,0.45,0.9271754285353526
98,9,0.50,0.9607169327266982
98,9,0.55,0.9468111455197349
98,9,0.60,0.9668560791581822
98,9,0.65,0.9911473427985035
98,9,0.70,0.9867647495507851
98,9,0.75,0.9881618518027394
98,9,0.80,0.9920635656290575
98,9,0.85,0.988636741528854
98,9,0.90,0.992795261979894
98,9,0.95,0.995671976409437
99,0,0.05,0.5323427018544384
99,0,0.10,0.6281812185507291
99,0,0.15,0.42717653015018076
99,0,0.20,0.85782763651182
99,0,0.25,0.9359259748772704
99,0,0.30,0.943672390646984
99,0,0.35,0.966069152680284
99,0,0.40,0.7116730599821539
99,0,0.45,0.9579156889006496
99,0,0.50,0.9341570598742337
99,0,0.55,0.9679838821094325
99,0,0.60,0.9676871435165778
99,0,0.65,0.9764328556466505
99,0,0.70,0.9926975466495105
99,0,0.75,0.9843747427693279
99,0,0.80,0.9885668904334023
99,0,0.85,0.9955486112574029
99,0,0.90,0.9921946393865989
99,0,0.95,0.994581046136306
99,1,0.05,0.9527077527131923
99,1,0.10,0.9288313535251329
99,1,0.15,0.9253961603472693
99,1,0.20,0.8377146927317517
99,1,0.25,0.8798936411406755
99,1,0.30,0.9092025468891393
99,1,0.35,0.8705089415367502
99,1,0.40,0.9540554457594973
99,1,0.45,0.9242367731851002
99,1,0.50,0.9813709339750222
99,1,0.55,0.9801120235796489
99,1,0.60,0.9714317327117749
99,1,0.65,0.981771986666234
99,1,0.70,0.9848963422359989
99,1,0.75,0.9869539695274979
99,1,0.80,0.9862861279941452
99,1,0.85,0.992936661147901
99,1,0.90,0.9902954541006906
99,1,0.95,0.9950294783094736
99,2,0.05,0.4117046648614211
99,2,0.10,0.5606104677129196
99,2,0.15,0.7677735176083519
99,2,0.20,0.7598434064764061
99,2,0.25,0.8612060355830387
99,2,0.30,0.9463977776748865
99,2,0.35,0.9151597879017691
99,2,0.40,0.9616153334236391
99,2,0.45,0.9722571292882768
99,2,0.50,0.9784154933935983
99,2,0.55,0.9633085623583333
99,2,0.60,0.9863588584255955
99,2,0.65,0.9735207549664694
99,2,0.70,0.9915015092832036
99,2,0.75,0.9953911201804432
99,2,0.80,0.9908704915407874
99,2,0.85,0.9939277992109388
99,2,0.90,0.9892144531536093
99,2,0.95,0.9967017562590899
99,3,0.05,0.6842348767729832
99,3,0.10,0.8957693141898415
99,3,0.15,0.7837288376572975
99,3,0.20,0.8535388839681443
99,3,0.25,0.8119462615280632
99,3,0.30,0.8916989500465776
99,3,0.35,0.94398180392743
99,3,0.40,0.9639201197984769
99,3,0.45,0.936067571205448
99,3,0.50,0.976293440494526
99,3,0.55,0.9175137295026328
99,3,0.60,0.9807090347746852
99,3,0.65,0.9860164237311072
99,3,0.70,0.9709726651774674
99,3,0.75,0.9837453014158403
99,3,0.80,0.9870938173940724
99,3,0.85,0.9935394278605455
99,3,0.90,0.9926233269470335
99,3,0.95,0.9938797148908363
99,4,0.05,0.5245573020487997
99,4,0.10,0.330116230671166
99,4,0.15,0.7486519756174399
99,4,0.20,0.5223287370666929
99,4,0.25,0.7885890389688169
99,4,0.30,0.903158520419809
99,4,0.35,0.9311841504971563
99,4,0.40,0.9733836679843554
99,4,0.45,0.9138993914387992
99,4,0.50,0.987524171436425
99,4,0.55,0.9839448846722737
99,4,0.60,0.9799726683928908
99,4,0.65,0.973170070927745
99,4,0.70,0.9513199367313644
99,4,0.75,0.9865449665283265
99,4,0.80,0.9908650039874768
99,4,0.85,0.989689709027671
99,4,0.90,0.9940797302459249
99,4,0.95,0.9949814322416574
99,5,0.05,0.3168227840005534
99,5,0.10,0.7232464718439535
99,5,0.15,0.8489451639812313
99,5,0.20,0.639966365277675
99,5,0.25,0.8794215523984499
99,5,0.30,0.9528665501995789
99,5,0.35,0.8748340166590058
99,5,0.40,0.9562753110734888
99,5,0.45,0.9044345941903374
99,5,0.50,0.9855183090062641
99,5,0.55,0.9678175133719161
99,5,0.60,0.987216909316486
99,5,0.65,0.9830145527721207
99,5,0.70,0.9880764680039709
99,5,0.75,0.9852859186868403
99,5,0.80,0.9789199801555327
99,5,0.85,0.9902753764576679
99,5,0.90,0.9922143312938719
99,5,0.95,0.9938921539590818
99,6,0.05,0.368905830904542
99,6,0.10,0.8657495587372949
99,6,0.15,0.8420941729429392
99,6,0.20,0.9134184125568725
99,6,0.25,0.9056255052701259
99,6,0.30,0.9553282245391294
99,6,0.35,0.7899973469476438
99,6,0.40,0.9820169177898245
99,6,0.45,0.9515054966450036
99,6,0.50,0.979708506205193
99,6,0.55,0.8809212142845348
99,6,0.60,0.9615952208895856
99,6,0.65,0.979378821250926
99,6,0.70,0.9897879207677667
99,6,0.75,0.9925317593663638
99,6,0.80,0.9934100716256495
99,6,0.85,0.9933837170180391
99,6,0.90,0.985147930142751
99,6,0.95,0.9961694218172319
99,7,0.05,0.4200872912769483
99,7,0.10,0.7505776486435852
99,7,0.15,0.7224291706989867
99,7,0.20,0.9011080221527832
99,7,0.25,0.8883539977402275
99,7,0.30,0.745858583139049
99,7,0.35,0.9587193447139014
99,7,0.40,0.9141254165257698
99,7,0.45,0.9475787317408785
99,7,0.50,0.9475947846188241
99,7,0.55,0.9539795432000779
99,7,0.60,0.9740812269789285
99,7,0.65,0.9933910375350898
99,7,0.70,0.9841180273712727
99,7,0.75,0.9873961386904339
99,7,0.80,0.9836644029607905
99,7,0.85,0.9943991446277739
99,7,0.90,0.9923688193929217
99,7,0.95,0.9948441651755674
99,8,0.05,-0.0915914499747228
99,8,0.10,0.7955822329282534
99,8,0.15,0.7615984648713133
99,8,0.20,0.8953774474281463
99,8,0.25,0.7414028119181768
99,8,0.30,0.7798572228577199
99,8,0.35,0.967778172218126
99,8,0.40,0.9532931987368829
99,8,0.45,0.9549091930280763
99,8,0.50,0.9804662477375173
99,8,0.55,0.9812985790666203
99,8,0.60,0.9738942327592047
99,8,0.65,0.9937295882239873
99,8,0.70,0.9916311936930182
99,8,0.75,0.9789834342686475
99,8,0.80,0.990112005993647
99,8,0.85,0.9924313466215945
99,8,0.90,0.9966192021474088
99,8,0.95,0.9954257745081034
99,9,0.05,-0.5644806092186623
99,9,0.10,0.8310503057811073
99,9,0.15,0.8544775406681454
99,9,0.20,0.9318597282166898
99,9,0.25,0.8637212873372261
99,9,0.30,0.8651297092290036
99,9,0.35,0.8972071869108421
99,9,0.40,0.9069419207867341
99,9,0.45,0.913976739657312
99,9,0.50,0.631968349016431
99,9,0.55,0.9871757795083191
99,9,0.60,0.9699323332032713
99,9,0.65,0.9603832002001139
99,9,0.70,0.9744865492555324
99,9,0.75,0.9927277487283919
99,9,0.80,0.9910088339064413
99,9,0.85,0.9968594489426952
99,9,0.90,0.993575528247085
99,9,0.95,0.9919589544352712
