random_seed,split_seed,sample_ratio,r2
0,0,0.05,0.9943478727652929
0,0,0.10,0.9950101774741498
0,0,0.15,0.9970214817053228
0,0,0.20,0.9981604508725238
0,0,0.25,0.9978542073243362
0,0,0.30,0.9981324046333551
0,0,0.35,0.99707538904189
0,0,0.40,0.9981720852900263
0,0,0.45,0.9976685261442576
0,0,0.50,0.9983299889183107
0,0,0.55,0.997882224344475
0,0,0.60,0.9981439992427735
0,0,0.65,0.9981941619854292
0,0,0.70,0.9985160088396129
0,0,0.75,0.9986523848227993
0,0,0.80,0.9984487465482501
0,0,0.85,0.9983420603861752
0,0,0.90,0.9983561429555015
0,0,0.95,0.9983625769597314
0,1,0.05,0.9781142504866894
0,1,0.10,0.9957258290470312
0,1,0.15,0.9970314452264747
0,1,0.20,0.9974131703204333
0,1,0.25,0.9973697543303892
0,1,0.30,0.9980200167874033
0,1,0.35,0.997776143263595
0,1,0.40,0.9971174872623305
0,1,0.45,0.9984701691462383
0,1,0.50,0.9980852423174955
0,1,0.55,0.9977366350668477
0,1,0.60,0.9977312785000377
0,1,0.65,0.9982389339293833
0,1,0.70,0.9982470105709306
0,1,0.75,0.9984625561396817
0,1,0.80,0.9985968480852394
0,1,0.85,0.9979686276321468
0,1,0.90,0.9988633812371589
0,1,0.95,0.998773413467276
0,2,0.05,0.9926489806340724
0,2,0.10,0.9967256386461635
0,2,0.15,0.9969505361418662
0,2,0.20,0.998384804633613
0,2,0.25,0.9970703791550288
0,2,0.30,0.9976326416908721
0,2,0.35,0.997896206579345
0,2,0.40,0.9980282032858998
0,2,0.45,0.998031785967999
0,2,0.50,0.9978283604762167
0,2,0.55,0.9982011139874526
0,2,0.60,0.9981971747897614
0,2,0.65,0.9983275466341202
0,2,0.70,0.9983774332587098
0,2,0.75,0.9981218685811533
0,2,0.80,0.9984640139711262
0,2,0.85,0.998423092287888
0,2,0.90,0.9986453655227376
0,2,0.95,0.998314514030784
0,3,0.05,0.9932780712769504
0,3,0.10,0.9979868679393078
0,3,0.15,0.9968878505650807
0,3,0.20,0.9981380558582682
0,3,0.25,0.9972895375283907
0,3,0.30,0.9978219895752409
0,3,0.35,0.9977005659415419
0,3,0.40,0.9977958233757607
0,3,0.45,0.9979918042757864
0,3,0.50,0.9978461757328265
0,3,0.55,0.998423887916836
0,3,0.60,0.9981050575335282
0,3,0.65,0.9984446947422835
0,3,0.70,0.9986592935243546
0,3,0.75,0.998694095171691
0,3,0.80,0.9981884707215539
0,3,0.85,0.998673074228752
0,3,0.90,0.998627713177465
0,3,0.95,0.9986081386416608
0,4,0.05,0.9964477428563889
0,4,0.10,0.9899261407778478
0,4,0.15,0.9976466509815634
0,4,0.20,0.9979714275556126
0,4,0.25,0.9975806307439207
0,4,0.30,0.9968689176080083
0,4,0.35,0.9978283300336915
0,4,0.40,0.9976039237504442
0,4,0.45,0.9982935604396713
0,4,0.50,0.997964743483397
0,4,0.55,0.9978727547237223
0,4,0.60,0.9984992210992304
0,4,0.65,0.9982258343760413
0,4,0.70,0.9981838371172976
0,4,0.75,0.9983834647258951
0,4,0.80,0.9981155338926492
0,4,0.85,0.9987179159652325
0,4,0.90,0.9984289041338211
0,4,0.95,0.9986621929980997
0,5,0.05,0.9927647795693857
0,5,0.10,0.9979427053879735
0,5,0.15,0.9962682784399237
0,5,0.20,0.9977087534475373
0,5,0.25,0.9975317260315515
0,5,0.30,0.9983737086772713
0,5,0.35,0.9979424068244395
0,5,0.40,0.9974706467805231
0,5,0.45,0.9980031553004527
0,5,0.50,0.9979245603618941
0,5,0.55,0.9976731585712628
0,5,0.60,0.998469909337178
0,5,0.65,0.9986303834926464
0,5,0.70,0.998284922419345
0,5,0.75,0.9982131154920257
0,5,0.80,0.9981315093255847
0,5,0.85,0.9982927212483429
0,5,0.90,0.9983226579686099
0,5,0.95,0.9985545626445351
0,6,0.05,0.9951404781296849
0,6,0.10,0.99551554802794
0,6,0.15,0.9966029177685387
0,6,0.20,0.9978927518595379
0,6,0.25,0.9960152054078301
0,6,0.30,0.9971112980247339
0,6,0.35,0.9974706163063053
0,6,0.40,0.9979272485131997
0,6,0.45,0.9977064509861198
0,6,0.50,0.9981988672886994
0,6,0.55,0.9979640078050022
0,6,0.60,0.9982171333549635
0,6,0.65,0.9979551313100237
0,6,0.70,0.9984697876633438
0,6,0.75,0.9983089109387439
0,6,0.80,0.9984666619609867
0,6,0.85,0.9983718438607467
0,6,0.90,0.998556001424837
0,6,0.95,0.9983367269287445
0,7,0.05,0.9948028173648695
0,7,0.10,0.9981990642758546
0,7,0.15,0.9970040233254162
0,7,0.20,0.997689029583365
0,7,0.25,0.9978925158298488
0,7,0.30,0.9973971959806318
0,7,0.35,0.9982566938874604
0,7,0.40,0.9975203092468732
0,7,0.45,0.9969325652666853
0,7,0.50,0.9976435498868985
0,7,0.55,0.998378824122636
0,7,0.60,0.9983239083527715
0,7,0.65,0.9985437933058466
0,7,0.70,0.9983029606521986
0,7,0.75,0.9985823552610134
0,7,0.80,0.9984173291966915
0,7,0.85,0.9986815601867332
0,7,0.90,0.9986285194357922
0,7,0.95,0.9983446841222041
0,8,0.05,0.9897642437812055
0,8,0.10,0.9965216921021561
0,8,0.15,0.9972079688385784
0,8,0.20,0.9968306012608056
0,8,0.25,0.9976398412105171
0,8,0.30,0.9977108807755231
0,8,0.35,0.996319064941124
0,8,0.40,0.9979250894047677
0,8,0.45,0.9973773797408665
0,8,0.50,0.99742156138094
0,8,0.55,0.9977417878612108
0,8,0.60,0.9984722449665823
0,8,0.65,0.9979202071191527
0,8,0.70,0.9985365878476862
0,8,0.75,0.9983648889570957
0,8,0.80,0.9983207788829809
0,8,0.85,0.9986388229567996
0,8,0.90,0.9985389507292739
0,8,0.95,0.9985106731206901
0,9,0.05,0.9807160976801416
0,9,0.10,0.9968354341956914
0,9,0.15,0.996070476038307
0,9,0.20,0.9966993495860431
0,9,0.25,0.9979094365874089
0,9,0.30,0.9980485009313586
0,9,0.35,0.9976479884443884
0,9,0.40,0.9974287361487699
0,9,0.45,0.9973865591439852
0,9,0.50,0.9982751827022951
0,9,0.55,0.9979419860045489
0,9,0.60,0.9977464679247101
0,9,0.65,0.9985696886342275
0,9,0.70,0.998327565351163
0,9,0.75,0.9984583706186306
0,9,0.80,0.9987142192483103
0,9,0.85,0.9982421678375499
0,9,0.90,0.9986095823567853
0,9,0.95,0.9983226230060952
1,0,0.05,0.9949677566164651
1,0,0.10,0.9926562281429714
1,0,0.15,0.9967398732985813
1,0,0.20,0.9973295079578954
1,0,0.25,0.9980453453963385
1,0,0.30,0.996948819293027
1,0,0.35,0.9975245559545647
1,0,0.40,0.9975587425758999
1,0,0.45,0.9975905687503009
1,0,0.50,0.9982602390076813
1,0,0.55,0.9984115371128529
1,0,0.60,0.9981437450435674
1,0,0.65,0.9981410944978606
1,0,0.70,0.998236603824584
1,0,0.75,0.9982548568627857
1,0,0.80,0.9986100558761908
1,0,0.85,0.9981634402825132
1,0,0.90,0.9986060617449721
1,0,0.95,0.9988635335126745
1,1,0.05,0.9902519063913792
1,1,0.10,0.9965967677953594
1,1,0.15,0.9952705294761881
1,1,0.20,0.9971743016354556
1,1,0.25,0.996487771264539
1,1,0.30,0.9973821717189406
1,1,0.35,0.9978737857084538
1,1,0.40,0.997655360427855
1,1,0.45,0.9977351832053415
1,1,0.50,0.9982815275870787
1,1,0.55,0.998238223427922
1,1,0.60,0.9982010343528349
1,1,0.65,0.9980560553413712
1,1,0.70,0.9981987840933595
1,1,0.75,0.9983834566792218
1,1,0.80,0.9982811080017627
1,1,0.85,0.9983872492772249
1,1,0.90,0.9986124915628989
1,1,0.95,0.9987233190272945
1,2,0.05,0.9845918477721676
1,2,0.10,0.9953341725733702
1,2,0.15,0.9975434489910565
1,2,0.20,0.9967453171906199
1,2,0.25,0.9977386211879394
1,2,0.30,0.9975417277386377
1,2,0.35,0.9976380378322478
1,2,0.40,0.9980189158610667
1,2,0.45,0.997709996387458
1,2,0.50,0.9985360276305729
1,2,0.55,0.9984181550278901
1,2,0.60,0.9981904672124647
1,2,0.65,0.9980482894627676
1,2,0.70,0.9984641648724005
1,2,0.75,0.9984850439428
1,2,0.80,0.9986956664992632
1,2,0.85,0.9984585617544136
1,2,0.90,0.9985505440998013
1,2,0.95,0.9983253742051769
1,3,0.05,0.98656969003273
1,3,0.10,0.9961083805591745
1,3,0.15,0.9970335372219449
1,3,0.20,0.9969875586116629
1,3,0.25,0.9971243972740613
1,3,0.30,0.9959738980791233
1,3,0.35,0.9967072140531971
1,3,0.40,0.9972483460707412
1,3,0.45,0.997549618475646
1,3,0.50,0.9984144059484901
1,3,0.55,0.9984302454712612
1,3,0.60,0.9978474328415707
1,3,0.65,0.9979344885097994
1,3,0.70,0.9979289401173626
1,3,0.75,0.9985353122366343
1,3,0.80,0.998411419686297
1,3,0.85,0.9983281848803088
1,3,0.90,0.9984688284339932
1,3,0.95,0.9984278438633829
1,4,0.05,0.9930981741031482
1,4,0.10,0.9957798047888942
1,4,0.15,0.9960001927783793
1,4,0.20,0.9963747482746639
1,4,0.25,0.9974701780704358
1,4,0.30,0.9967947372999839
1,4,0.35,0.9973533134073118
1,4,0.40,0.9975172618449658
1,4,0.45,0.9975965018082771
1,4,0.50,0.9983899338971087
1,4,0.55,0.9982217882670765
1,4,0.60,0.9982656465653512
1,4,0.65,0.9984890630853162
1,4,0.70,0.998384268246773
1,4,0.75,0.9981497580487543
1,4,0.80,0.9981235549014162
1,4,0.85,0.9984851392592435
1,4,0.90,0.9985530892831735
1,4,0.95,0.9986185575862533
1,5,0.05,0.9829852311686749
1,5,0.10,0.992721376592454
1,5,0.15,0.997039412217033
1,5,0.20,0.9969694996251822
1,5,0.25,0.9942689008587613
1,5,0.30,0.998084584459501
1,5,0.35,0.9973892235706758
1,5,0.40,0.9979550749550561
1,5,0.45,0.9978772896584985
1,5,0.50,0.9981225447096125
1,5,0.55,0.9981403572601626
1,5,0.60,0.9986742429534344
1,5,0.65,0.9982973749168104
1,5,0.70,0.9981373067518169
1,5,0.75,0.998683871015992
1,5,0.80,0.9989574823868802
1,5,0.85,0.9983228392667498
1,5,0.90,0.9987124876318323
1,5,0.95,0.9984459425198565
1,6,0.05,0.991932582765105
1,6,0.10,0.9946529401065743
1,6,0.15,0.9963115624733742
1,6,0.20,0.9964815030829695
1,6,0.25,0.9977167371209502
1,6,0.30,0.9975835736275902
1,6,0.35,0.9979921379010347
1,6,0.40,0.9982416300795347
1,6,0.45,0.9978598607587993
1,6,0.50,0.9982909539531623
1,6,0.55,0.9976708931542776
1,6,0.60,0.9982162471800222
1,6,0.65,0.9986032921073061
1,6,0.70,0.9980479945718362
1,6,0.75,0.9981200844731667
1,6,0.80,0.9987103660898948
1,6,0.85,0.998653871644985
1,6,0.90,0.9984782662177768
1,6,0.95,0.9986235956211447
1,7,0.05,0.9805880122732503
1,7,0.10,0.9915254484372206
1,7,0.15,0.997629871647581
1,7,0.20,0.9974115798934612
1,7,0.25,0.9971378030703195
1,7,0.30,0.9970213848621143
1,7,0.35,0.996840342556226
1,7,0.40,0.9972743200141135
1,7,0.45,0.9978635233350678
1,7,0.50,0.9988614278670824
1,7,0.55,0.9986809232599376
1,7,0.60,0.9980987936356586
1,7,0.65,0.9982257204938007
1,7,0.70,0.9982985666345892
1,7,0.75,0.9983156514147982
1,7,0.80,0.9984284658251197
1,7,0.85,0.9983636035185081
1,7,0.90,0.9985983199893402
1,7,0.95,0.9985211407397744
1,8,0.05,0.9670632636292537
1,8,0.10,0.994981221779163
1,8,0.15,0.9972746127686087
1,8,0.20,0.9968620168392175
1,8,0.25,0.9964962473652533
1,8,0.30,0.9982215040363029
1,8,0.35,0.99755705090441
1,8,0.40,0.9980195888490404
1,8,0.45,0.9982170141895459
1,8,0.50,0.9981600456790736
1,8,0.55,0.9984495862691263
1,8,0.60,0.9982523809381908
1,8,0.65,0.9982188370854829
1,8,0.70,0.9982461179435458
1,8,0.75,0.9984413006414609
1,8,0.80,0.9986660640619446
1,8,0.85,0.9983382994503178
1,8,0.90,0.9984497521729155
1,8,0.95,0.9986806911594565
1,9,0.05,0.9902654805557678
1,9,0.10,0.9972323475913546
1,9,0.15,0.9973131729308014
1,9,0.20,0.9963889926557022
1,9,0.25,0.9970310176299698
1,9,0.30,0.9981051938729554
1,9,0.35,0.9973807650799699
1,9,0.40,0.9970355874652768
1,9,0.45,0.9977111728092665
1,9,0.50,0.9984230124760121
1,9,0.55,0.9983167414343286
1,9,0.60,0.9979708600172474
1,9,0.65,0.9976052117901453
1,9,0.70,0.9983312150902578
1,9,0.75,0.9983405891953256
1,9,0.80,0.998474325157417
1,9,0.85,0.9983386833194685
1,9,0.90,0.9986434907749988
1,9,0.95,0.9985677196090612
2,0,0.05,0.9709618600515121
2,0,0.10,0.9957501427944034
2,0,0.15,0.9956350477381616
2,0,0.20,0.996340809054449
2,0,0.25,0.9976055291243782
2,0,0.30,0.9983000291356231
2,0,0.35,0.9982915891027041
2,0,0.40,0.9980063903377674
2,0,0.45,0.9981426890662595
2,0,0.50,0.9975667321892261
2,0,0.55,0.9981062076925923
2,0,0.60,0.9984211154688556
2,0,0.65,0.998727183504265
2,0,0.70,0.9984703034039856
2,0,0.75,0.9983434033034226
2,0,0.80,0.9984919395125336
2,0,0.85,0.9983996575013716
2,0,0.90,0.9983820511281604
2,0,0.95,0.9984444205310894
2,1,0.05,0.9941691051089168
2,1,0.10,0.9951083678326832
2,1,0.15,0.9968248490164413
2,1,0.20,0.9971717438473492
2,1,0.25,0.9973646593722206
2,1,0.30,0.9976903733092861
2,1,0.35,0.9979362976709906
2,1,0.40,0.9982705486487002
2,1,0.45,0.9979519183557709
2,1,0.50,0.9978715453445264
2,1,0.55,0.9981017025848203
2,1,0.60,0.9986213627756189
2,1,0.65,0.9985168326705316
2,1,0.70,0.9984241892924101
2,1,0.75,0.9986339588527442
2,1,0.80,0.9983883527773733
2,1,0.85,0.9986765918596969
2,1,0.90,0.9986800378909435
2,1,0.95,0.9987228158331513
2,2,0.05,0.9920324727157064
2,2,0.10,0.9978787172683939
2,2,0.15,0.9960793864874689
2,2,0.20,0.9972920071276011
2,2,0.25,0.9969856960157311
2,2,0.30,0.9974743148979012
2,2,0.35,0.9974212947507629
2,2,0.40,0.9976194715306288
2,2,0.45,0.9984824038777812
2,2,0.50,0.9976739079653055
2,2,0.55,0.9982101745110208
2,2,0.60,0.9985054809480425
2,2,0.65,0.9981992020844194
2,2,0.70,0.9985255830016689
2,2,0.75,0.9986606434056442
2,2,0.80,0.9981484226716729
2,2,0.85,0.9986525579952216
2,2,0.90,0.9983859820949468
2,2,0.95,0.9987845611906154
2,3,0.05,0.9876605622060975
2,3,0.10,0.9952943259399882
2,3,0.15,0.9969176957937154
2,3,0.20,0.9971675623636322
2,3,0.25,0.9971854620816051
2,3,0.30,0.9977197272581242
2,3,0.35,0.9982640804087354
2,3,0.40,0.9973674758655439
2,3,0.45,0.9975428970302033
2,3,0.50,0.998300783177015
2,3,0.55,0.9983549138894567
2,3,0.60,0.998545273979137
2,3,0.65,0.9982582139302669
2,3,0.70,0.9984905755701393
2,3,0.75,0.998527744135642
2,3,0.80,0.9986308401415764
2,3,0.85,0.9983941624282787
2,3,0.90,0.9986480280743903
2,3,0.95,0.9983921459440527
2,4,0.05,0.9943296784222043
2,4,0.10,0.9958945634977759
2,4,0.15,0.9976071886354723
2,4,0.20,0.9965938467578096
2,4,0.25,0.997802454085007
2,4,0.30,0.9979477053772745
2,4,0.35,0.9980275208157501
2,4,0.40,0.9973646500036617
2,4,0.45,0.9976870085444792
2,4,0.50,0.9979897513164074
2,4,0.55,0.9985372582807635
2,4,0.60,0.9980602082400357
2,4,0.65,0.9981203659388928
2,4,0.70,0.9980911207365177
2,4,0.75,0.9985977170538065
2,4,0.80,0.9987478344442865
2,4,0.85,0.9985066795825055
2,4,0.90,0.9985856227823032
2,4,0.95,0.9983513073775324
2,5,0.05,0.9928187731315767
2,5,0.10,0.9935370861150017
2,5,0.15,0.9961851191123289
2,5,0.20,0.9976509626346485
2,5,0.25,0.997587125748759
2,5,0.30,0.9975878274401859
2,5,0.35,0.997246772080994
2,5,0.40,0.9982997270901294
2,5,0.45,0.9981108917235918
2,5,0.50,0.9978229604448496
2,5,0.55,0.99797874591013
2,5,0.60,0.9982647043283281
2,5,0.65,0.9986228891038803
2,5,0.70,0.998431054973489
2,5,0.75,0.9982322389108979
2,5,0.80,0.9985399011055306
2,5,0.85,0.998426066715513
2,5,0.90,0.998597863695227
2,5,0.95,0.9985500463097197
2,6,0.05,0.9946901562123013
2,6,0.10,0.9912693084955858
2,6,0.15,0.9970181523109339
2,6,0.20,0.9973411017619428
2,6,0.25,0.9973658354316378
2,6,0.30,0.9983047473106982
2,6,0.35,0.9977796440028314
2,6,0.40,0.997505220316435
2,6,0.45,0.9983110260235202
2,6,0.50,0.9979125296114023
2,6,0.55,0.9985108511076427
2,6,0.60,0.9984806859776305
2,6,0.65,0.9980119775359486
2,6,0.70,0.9983128203358846
2,6,0.75,0.9987212013283475
2,6,0.80,0.998638769027378
2,6,0.85,0.9984922299864509
2,6,0.90,0.9987596207058534
2,6,0.95,0.9985713316633406
2,7,0.05,0.9842737960113959
2,7,0.10,0.9967090982562338
2,7,0.15,0.996629708894578
2,7,0.20,0.9976106854702198
2,7,0.25,0.9973815080727112
2,7,0.30,0.9976940764396273
2,7,0.35,0.9975998821967763
2,7,0.40,0.9981314124519516
2,7,0.45,0.9977374236228009
2,7,0.50,0.9985198595200845
2,7,0.55,0.9977771339652439
2,7,0.60,0.9984475999929462
2,7,0.65,0.9984678741109412
2,7,0.70,0.9987226413311935
2,7,0.75,0.9984673356168321
2,7,0.80,0.9985331424201283
2,7,0.85,0.9986833236469994
2,7,0.90,0.998588223793604
2,7,0.95,0.9985968044216041
2,8,0.05,0.9908225458074912
2,8,0.10,0.9954601880768477
2,8,0.15,0.9973715249799066
2,8,0.20,0.9971910765036587
2,8,0.25,0.997489201956018
2,8,0.30,0.9973615325311485
2,8,0.35,0.9981670617988968
2,8,0.40,0.9980172060612222
2,8,0.45,0.9981898582277254
2,8,0.50,0.9978874192668005
2,8,0.55,0.9985658966610047
2,8,0.60,0.9983137631697948
2,8,0.65,0.9983963687631301
2,8,0.70,0.9985226714220008
2,8,0.75,0.9985749769802738
2,8,0.80,0.9986120013120503
2,8,0.85,0.9985475585061605
2,8,0.90,0.9987143871915244
2,8,0.95,0.9987003854098865
2,9,0.05,0.9923216828280322
2,9,0.10,0.9958415108178493
2,9,0.15,0.9970211386518656
2,9,0.20,0.9963311757600007
2,9,0.25,0.9979932213397966
2,9,0.30,0.9982530904021388
2,9,0.35,0.9976413413053384
2,9,0.40,0.9980423904579228
2,9,0.45,0.9983129996061277
2,9,0.50,0.9980575482789719
2,9,0.55,0.9978460740038191
2,9,0.60,0.9984677863480902
2,9,0.65,0.9984041433934375
2,9,0.70,0.99856414885127
2,9,0.75,0.9986313315046434
2,9,0.80,0.9981919830134256
2,9,0.85,0.9984120709362742
2,9,0.90,0.9985687806730285
2,9,0.95,0.9984821783073099
3,0,0.05,0.9941989623074662
3,0,0.10,0.9975003363192971
3,0,0.15,0.9980746893880865
3,0,0.20,0.9981611845300155
3,0,0.25,0.9980519434157694
3,0,0.30,0.9981332832642075
3,0,0.35,0.9978105187149066
3,0,0.40,0.998352591212476
3,0,0.45,0.998339965549143
3,0,0.50,0.9976904426722534
3,0,0.55,0.9986773491629214
3,0,0.60,0.9982558614515833
3,0,0.65,0.9981878889714694
3,0,0.70,0.9979945327878692
3,0,0.75,0.9985647432409762
3,0,0.80,0.9983028083044894
3,0,0.85,0.9986155531548679
3,0,0.90,0.9988026163789688
3,0,0.95,0.9986984165637907
3,1,0.05,0.9952242333951539
3,1,0.10,0.996262454852377
3,1,0.15,0.9971550471649695
3,1,0.20,0.9979452072311857
3,1,0.25,0.9979546669203044
3,1,0.30,0.9976789248475506
3,1,0.35,0.9980669442416438
3,1,0.40,0.9980939256795223
3,1,0.45,0.9977302522426131
3,1,0.50,0.9984578692635022
3,1,0.55,0.9985668928152028
3,1,0.60,0.9976851498363337
3,1,0.65,0.9983294814103743
3,1,0.70,0.9984002332273008
3,1,0.75,0.9986794062018302
3,1,0.80,0.9982658593143022
3,1,0.85,0.9985867511704266
3,1,0.90,0.9987144867790151
3,1,0.95,0.9982916307226365
3,2,0.05,0.9947492622303497
3,2,0.10,0.99748715008525
3,2,0.15,0.9975935436803981
3,2,0.20,0.9974912406825326
3,2,0.25,0.9979101548763125
3,2,0.30,0.9983116285176032
3,2,0.35,0.9978530355961864
3,2,0.40,0.9981520738705928
3,2,0.45,0.9982937386762458
3,2,0.50,0.998358869905238
3,2,0.55,0.9984413994736316
3,2,0.60,0.9980899294136518
3,2,0.65,0.998017021344222
3,2,0.70,0.9982072177764572
3,2,0.75,0.9985312235385547
3,2,0.80,0.9987199074351478
3,2,0.85,0.9985541128628028
3,2,0.90,0.998559361402618
3,2,0.95,0.9986233364576317
3,3,0.05,0.9859872131435203
3,3,0.10,0.9965515512155221
3,3,0.15,0.9982913168897027
3,3,0.20,0.9982380695442322
3,3,0.25,0.998109739564793
3,3,0.30,0.9985512867597104
3,3,0.35,0.9979593687811725
3,3,0.40,0.997951164892031
3,3,0.45,0.9985815470813619
3,3,0.50,0.9983360534604739
3,3,0.55,0.9985311238876398
3,3,0.60,0.9983544932395667
3,3,0.65,0.9981535245543314
3,3,0.70,0.9981024486410659
3,3,0.75,0.9981317299443424
3,3,0.80,0.9979776579037135
3,3,0.85,0.9981325778916906
3,3,0.90,0.9984721215316517
3,3,0.95,0.9984702749853811
3,4,0.05,0.9910691566522445
3,4,0.10,0.9978709936715524
3,4,0.15,0.9981068574236147
3,4,0.20,0.9966407608534756
3,4,0.25,0.9965609620854919
3,4,0.30,0.9981042910874122
3,4,0.35,0.9980079148893153
3,4,0.40,0.9983849667398313
3,4,0.45,0.9984081321390754
3,4,0.50,0.9980908780644966
3,4,0.55,0.998464249631873
3,4,0.60,0.9984418461425254
3,4,0.65,0.9980086387744468
3,4,0.70,0.9984415489898151
3,4,0.75,0.9984147779420731
3,4,0.80,0.998564054961708
3,4,0.85,0.9984524894515396
3,4,0.90,0.9987268430889911
3,4,0.95,0.99877078763618
3,5,0.05,0.9858582197599607
3,5,0.10,0.9961041500745684
3,5,0.15,0.9974185538364951
3,5,0.20,0.9977889258649415
3,5,0.25,0.9976901864374186
3,5,0.30,0.9980447485138036
3,5,0.35,0.9981664395393298
3,5,0.40,0.9977312160706225
3,5,0.45,0.998216544620688
3,5,0.50,0.9980754545937846
3,5,0.55,0.9985470478202496
3,5,0.60,0.9987582606160509
3,5,0.65,0.9984109783376416
3,5,0.70,0.9981075341970617
3,5,0.75,0.9981843493544491
3,5,0.80,0.9986347454072227
3,5,0.85,0.998646146539058
3,5,0.90,0.9981267764504467
3,5,0.95,0.9985608313720465
3,6,0.05,0.9847094540510504
3,6,0.10,0.9950552238803736
3,6,0.15,0.9975608713728876
3,6,0.20,0.9968045014767809
3,6,0.25,0.9969944242985903
3,6,0.30,0.9977758050539077
3,6,0.35,0.998163935944751
3,6,0.40,0.9980694723872814
3,6,0.45,0.9984842695348402
3,6,0.50,0.9984170896078087
3,6,0.55,0.9982371462561865
3,6,0.60,0.9983070916632887
3,6,0.65,0.998587174902913
3,6,0.70,0.9980311956615566
3,6,0.75,0.9985693651878027
3,6,0.80,0.9986212724257457
3,6,0.85,0.9983969291777496
3,6,0.90,0.9987024480476923
3,6,0.95,0.998434105328626
3,7,0.05,0.9822229912115994
3,7,0.10,0.9958522372544243
3,7,0.15,0.9974735295487535
3,7,0.20,0.997928460915359
3,7,0.25,0.9982003497279731
3,7,0.30,0.997635216278818
3,7,0.35,0.9980851763477862
3,7,0.40,0.9982337119363236
3,7,0.45,0.9982620471026056
3,7,0.50,0.9982555051669573
3,7,0.55,0.9980833462361943
3,7,0.60,0.998238224912521
3,7,0.65,0.998020086507965
3,7,0.70,0.9982456184538298
3,7,0.75,0.9983602609967911
3,7,0.80,0.998567982964642
3,7,0.85,0.9982709277945276
3,7,0.90,0.9985946841255153
3,7,0.95,0.9985495239292093
3,8,0.05,0.9905228395247256
3,8,0.10,0.9946440151684782
3,8,0.15,0.9977398988157923
3,8,0.20,0.99803027862803
3,8,0.25,0.9984014165179851
3,8,0.30,0.9979819894956385
3,8,0.35,0.9981407070965008
3,8,0.40,0.9982620584396886
3,8,0.45,0.998248964499442
3,8,0.50,0.9982920270211513
3,8,0.55,0.9983852896421597
3,8,0.60,0.998362335256451
3,8,0.65,0.9984777838812033
3,8,0.70,0.9987251626496576
3,8,0.75,0.998700363931392
3,8,0.80,0.9984958315288707
3,8,0.85,0.9987374695937034
3,8,0.90,0.9987759573711511
3,8,0.95,0.9983512809670015
3,9,0.05,0.9943275782767347
3,9,0.10,0.997394079616335
3,9,0.15,0.9972787127045806
3,9,0.20,0.9978765344696872
3,9,0.25,0.9983398760202814
3,9,0.30,0.9980638093648542
3,9,0.35,0.9977142014396437
3,9,0.40,0.9984083610173471
3,9,0.45,0.9984292954611762
3,9,0.50,0.9982728616009914
3,9,0.55,0.9981444816791653
3,9,0.60,0.9983332520596606
3,9,0.65,0.9984001192688859
3,9,0.70,0.9985837438318618
3,9,0.75,0.9981984056778952
3,9,0.80,0.9986142732674471
3,9,0.85,0.998547292222599
3,9,0.90,0.9983477002408755
3,9,0.95,0.9986620740136447
4,0,0.05,0.9892869392215565
4,0,0.10,0.9946688438913728
4,0,0.15,0.9971974267823218
4,0,0.20,0.9975818167033392
4,0,0.25,0.9979344805123478
4,0,0.30,0.9975812776346226
4,0,0.35,0.9975118526678353
4,0,0.40,0.9984795357126599
4,0,0.45,0.9980642054650464
4,0,0.50,0.9980855191236918
4,0,0.55,0.9985031773623906
4,0,0.60,0.9979045848467952
4,0,0.65,0.9982914733459276
4,0,0.70,0.9983217102477878
4,0,0.75,0.9984596543105084
4,0,0.80,0.9985752389288258
4,0,0.85,0.9986371083546367
4,0,0.90,0.9984902770448136
4,0,0.95,0.9985423990946859
4,1,0.05,0.9876156444892888
4,1,0.10,0.9950626455201106
4,1,0.15,0.9951736822104089
4,1,0.20,0.9973934104466435
4,1,0.25,0.9968040882596999
4,1,0.30,0.9978136201985609
4,1,0.35,0.9980642068892085
4,1,0.40,0.9976710604485607
4,1,0.45,0.9981490876003114
4,1,0.50,0.9980290809378539
4,1,0.55,0.9978944016685649
4,1,0.60,0.9983445379969959
4,1,0.65,0.9983196466240387
4,1,0.70,0.9985980672309805
4,1,0.75,0.9987234058899802
4,1,0.80,0.9984291956002055
4,1,0.85,0.998501725499756
4,1,0.90,0.9983684656905992
4,1,0.95,0.9982814453588774
4,2,0.05,0.9863876739453173
4,2,0.10,0.9929392057024082
4,2,0.15,0.9932532943924652
4,2,0.20,0.996317958963993
4,2,0.25,0.9972051361252029
4,2,0.30,0.9978495112993794
4,2,0.35,0.9975245394141029
4,2,0.40,0.9977684365611956
4,2,0.45,0.9981750315957766
4,2,0.50,0.9981418137431892
4,2,0.55,0.9981968831848577
4,2,0.60,0.9985931950308395
4,2,0.65,0.9986036628049003
4,2,0.70,0.9984300221443171
4,2,0.75,0.9981551917567054
4,2,0.80,0.9983365570432934
4,2,0.85,0.998559674978133
4,2,0.90,0.9978358193405031
4,2,0.95,0.9986305460466437
4,3,0.05,0.9769505444509268
4,3,0.10,0.9961581826391156
4,3,0.15,0.9949412036888565
4,3,0.20,0.9971572794862414
4,3,0.25,0.9978867090696797
4,3,0.30,0.9977383586248815
4,3,0.35,0.9972151396653592
4,3,0.40,0.9977910268346571
4,3,0.45,0.9975124061545272
4,3,0.50,0.9983673420846835
4,3,0.55,0.9985612560278952
4,3,0.60,0.9982220331332038
4,3,0.65,0.9982761408798588
4,3,0.70,0.9987970733594376
4,3,0.75,0.9981058981574013
4,3,0.80,0.9985992912186891
4,3,0.85,0.9985372419878473
4,3,0.90,0.9985835674981041
4,3,0.95,0.9983213938106712
4,4,0.05,0.9881101122656579
4,4,0.10,0.9962419330087199
4,4,0.15,0.9975875331614792
4,4,0.20,0.99782000527234
4,4,0.25,0.997769174796646
4,4,0.30,0.9979995866265824
4,4,0.35,0.9980330431027444
4,4,0.40,0.998001555032941
4,4,0.45,0.9981193783610506
4,4,0.50,0.9982038137255177
4,4,0.55,0.9981677749008088
4,4,0.60,0.9984854133020346
4,4,0.65,0.99802946905045
4,4,0.70,0.9986110950704467
4,4,0.75,0.9986166519710488
4,4,0.80,0.9985716569281364
4,4,0.85,0.9984285829352544
4,4,0.90,0.998311852520895
4,4,0.95,0.9985619320497457
4,5,0.05,0.9821837764752799
4,5,0.10,0.9967323791470267
4,5,0.15,0.9973376641085382
4,5,0.20,0.9975988402900982
4,5,0.25,0.9978576905088783
4,5,0.30,0.9974545628856154
4,5,0.35,0.9973851057788408
4,5,0.40,0.9978844727893403
4,5,0.45,0.9982828370119864
4,5,0.50,0.9976462052516627
4,5,0.55,0.9982169270016266
4,5,0.60,0.9983049339238157
4,5,0.65,0.9982382025069083
4,5,0.70,0.9982878025729576
4,5,0.75,0.9983565732970677
4,5,0.80,0.998542512163451
4,5,0.85,0.9983931556127499
4,5,0.90,0.9986265973180141
4,5,0.95,0.9982996807990724
4,6,0.05,0.9848875492587574
4,6,0.10,0.9978876160380379
4,6,0.15,0.9974988990116271
4,6,0.20,0.9965667173891438
4,6,0.25,0.9980601477607282
4,6,0.30,0.9973437182928263
4,6,0.35,0.9979824060652801
4,6,0.40,0.9978298993781003
4,6,0.45,0.9974270421492593
4,6,0.50,0.9981331029827853
4,6,0.55,0.9980120233324561
4,6,0.60,0.9984054204065852
4,6,0.65,0.998269292954698
4,6,0.70,0.9983634655289055
4,6,0.75,0.9987341286325514
4,6,0.80,0.9984543814476475
4,6,0.85,0.9987919705696224
4,6,0.90,0.9986835622804514
4,6,0.95,0.9984441620866854
4,7,0.05,0.9921685436915694
4,7,0.10,0.9957509243367584
4,7,0.15,0.9967111967316228
4,7,0.20,0.9977174897927731
4,7,0.25,0.9972758871350391
4,7,0.30,0.9976447203489479
4,7,0.35,0.9981430819355788
4,7,0.40,0.9977212679552556
4,7,0.45,0.9981496229332552
4,7,0.50,0.9987242671725393
4,7,0.55,0.9983449870160384
4,7,0.60,0.9981194713207026
4,7,0.65,0.9984926276663826
4,7,0.70,0.9982942945704861
4,7,0.75,0.9988894870475847
4,7,0.80,0.9984948222868791
4,7,0.85,0.9985763119144117
4,7,0.90,0.998672883595064
4,7,0.95,0.9986047611266199
4,8,0.05,0.9931752800840028
4,8,0.10,0.9924100079803464
4,8,0.15,0.9967504306021291
4,8,0.20,0.9962763433858318
4,8,0.25,0.9983050394480418
4,8,0.30,0.9975773617582759
4,8,0.35,0.9981515161618032
4,8,0.40,0.9973890552309665
4,8,0.45,0.9976938631278345
4,8,0.50,0.9982390010064776
4,8,0.55,0.99841647057148
4,8,0.60,0.9985839931351896
4,8,0.65,0.9983828219252254
4,8,0.70,0.9984950888311425
4,8,0.75,0.9983478594081583
4,8,0.80,0.9984788744170932
4,8,0.85,0.99852190936189
4,8,0.90,0.9985575219965419
4,8,0.95,0.998435306212044
4,9,0.05,0.9812341359713115
4,9,0.10,0.9938240173027079
4,9,0.15,0.9959056249847381
4,9,0.20,0.9973967061961498
4,9,0.25,0.9977405528456852
4,9,0.30,0.9972247108685489
4,9,0.35,0.9977536296717409
4,9,0.40,0.9972962876015438
4,9,0.45,0.9985901817181844
4,9,0.50,0.9980932212425314
4,9,0.55,0.9983721181930155
4,9,0.60,0.9982957184592078
4,9,0.65,0.9983570301765233
4,9,0.70,0.9984666871438573
4,9,0.75,0.9984934134629868
4,9,0.80,0.9986542544968495
4,9,0.85,0.9986467326819023
4,9,0.90,0.9984099661113207
4,9,0.95,0.9984480521884227
5,0,0.05,0.9892083333948588
5,0,0.10,0.9934194029461927
5,0,0.15,0.996504779831958
5,0,0.20,0.9980423741407144
5,0,0.25,0.9970808213969896
5,0,0.30,0.9982036122151161
5,0,0.35,0.9980469712395261
5,0,0.40,0.9980104844386074
5,0,0.45,0.9976575543789274
5,0,0.50,0.9981082794759443
5,0,0.55,0.998286136859655
5,0,0.60,0.9980629705458562
5,0,0.65,0.9981878994729231
5,0,0.70,0.9982420370350801
5,0,0.75,0.9980867266624195
5,0,0.80,0.9983859962853417
5,0,0.85,0.9983335358678912
5,0,0.90,0.9984737895294089
5,0,0.95,0.9983740519105535
5,1,0.05,0.9773305472120366
5,1,0.10,0.996204856388744
5,1,0.15,0.9954813370164999
5,1,0.20,0.9976099251401714
5,1,0.25,0.9973889459252898
5,1,0.30,0.9976182999193179
5,1,0.35,0.9979419327472941
5,1,0.40,0.9980236813377842
5,1,0.45,0.9982218872736268
5,1,0.50,0.9979834171842473
5,1,0.55,0.998488568386506
5,1,0.60,0.9983159299937433
5,1,0.65,0.9983445254003782
5,1,0.70,0.9982386872951493
5,1,0.75,0.9981958778959326
5,1,0.80,0.9985378946744544
5,1,0.85,0.9983604724598675
5,1,0.90,0.9985274361023355
5,1,0.95,0.9985920917656442
5,2,0.05,0.9928254919545358
5,2,0.10,0.9968141769550841
5,2,0.15,0.9980266541152691
5,2,0.20,0.9978617949460169
5,2,0.25,0.997376725715917
5,2,0.30,0.998267021424716
5,2,0.35,0.9978883093420592
5,2,0.40,0.9978859574124234
5,2,0.45,0.9979556697231156
5,2,0.50,0.9982690248576056
5,2,0.55,0.9978500861339269
5,2,0.60,0.9977221720475703
5,2,0.65,0.9983879748248925
5,2,0.70,0.9982349957284787
5,2,0.75,0.998000459612233
5,2,0.80,0.9985356961406785
5,2,0.85,0.9984792987822972
5,2,0.90,0.9984124789607485
5,2,0.95,0.9985463141097757
5,3,0.05,0.9786488266798452
5,3,0.10,0.9952995947245263
5,3,0.15,0.9970485042358618
5,3,0.20,0.998072733113881
5,3,0.25,0.9981296300414981
5,3,0.30,0.9979766206887918
5,3,0.35,0.9985322435511456
5,3,0.40,0.9976017682608971
5,3,0.45,0.9981138789981779
5,3,0.50,0.9982440493186754
5,3,0.55,0.9981843330066428
5,3,0.60,0.997809514449035
5,3,0.65,0.9982608372877521
5,3,0.70,0.9983001343799771
5,3,0.75,0.9984613614886928
5,3,0.80,0.9981027431081703
5,3,0.85,0.9985069241840201
5,3,0.90,0.9987171596372475
5,3,0.95,0.998322803624102
5,4,0.05,0.9856388726332784
5,4,0.10,0.9962729523483489
5,4,0.15,0.9968951310883343
5,4,0.20,0.9972077355511021
5,4,0.25,0.9976107629983021
5,4,0.30,0.9966233912312963
5,4,0.35,0.9974843133529245
5,4,0.40,0.998053612405434
5,4,0.45,0.9977403444439815
5,4,0.50,0.9979334615114124
5,4,0.55,0.9985149863879076
5,4,0.60,0.9983845078804753
5,4,0.65,0.9978398498201638
5,4,0.70,0.9984322207751877
5,4,0.75,0.9984815227946081
5,4,0.80,0.9986591173036822
5,4,0.85,0.998568294444972
5,4,0.90,0.9984432285243715
5,4,0.95,0.9985723691263676
5,5,0.05,0.9933245237060463
5,5,0.10,0.9938319239308819
5,5,0.15,0.9975721733877904
5,5,0.20,0.9982745167085368
5,5,0.25,0.9981036283482257
5,5,0.30,0.997143251505387
5,5,0.35,0.998395529421115
5,5,0.40,0.9979773238571962
5,5,0.45,0.9978724091240596
5,5,0.50,0.9982222379836387
5,5,0.55,0.9979136599525875
5,5,0.60,0.997744672620978
5,5,0.65,0.998175665914101
5,5,0.70,0.9984298744647897
5,5,0.75,0.9985439191687955
5,5,0.80,0.9982732714956313
5,5,0.85,0.9982785726112405
5,5,0.90,0.9986682562530986
5,5,0.95,0.9985417748501201
5,6,0.05,0.9947130014765426
5,6,0.10,0.9939098574666232
5,6,0.15,0.9977036193051487
5,6,0.20,0.9969262469149135
5,6,0.25,0.9974359242017179
5,6,0.30,0.9973401808529923
5,6,0.35,0.9980517529424011
5,6,0.40,0.9983113603026996
5,6,0.45,0.9979380658239185
5,6,0.50,0.9983031663226336
5,6,0.55,0.9980809782096409
5,6,0.60,0.9979064639038959
5,6,0.65,0.9974988933083889
5,6,0.70,0.9981965651111157
5,6,0.75,0.9984310071977809
5,6,0.80,0.9984582199800457
5,6,0.85,0.9983553786759749
5,6,0.90,0.9984255827539211
5,6,0.95,0.9986730904761366
5,7,0.05,0.9913770329292462
5,7,0.10,0.9962591009316523
5,7,0.15,0.9971316686434777
5,7,0.20,0.9960404590858496
5,7,0.25,0.9972970441693891
5,7,0.30,0.9984873886851858
5,7,0.35,0.9974539796257382
5,7,0.40,0.9980217209130801
5,7,0.45,0.9980190237134926
5,7,0.50,0.9975474352131359
5,7,0.55,0.9980324518629831
5,7,0.60,0.9981017329837406
5,7,0.65,0.9982356368244402
5,7,0.70,0.9980283926787227
5,7,0.75,0.9982937836448238
5,7,0.80,0.9985653292962043
5,7,0.85,0.9983305548427887
5,7,0.90,0.9987891657006596
5,7,0.95,0.9985637445847038
5,8,0.05,0.9903564892933345
5,8,0.10,0.9965798889931147
5,8,0.15,0.9977039556857429
5,8,0.20,0.9972282345787068
5,8,0.25,0.997619689745623
5,8,0.30,0.9975421151532237
5,8,0.35,0.9979869845933275
5,8,0.40,0.9987306298019238
5,8,0.45,0.9977523243695677
5,8,0.50,0.9985358921084466
5,8,0.55,0.9983050756302877
5,8,0.60,0.9982176820988282
5,8,0.65,0.9979262952123379
5,8,0.70,0.9981424432524437
5,8,0.75,0.9981686016718498
5,8,0.80,0.9979959482619638
5,8,0.85,0.9981859706746885
5,8,0.90,0.9982005391319548
5,8,0.95,0.9984161412288274
5,9,0.05,0.9896420709132673
5,9,0.10,0.9958073060850603
5,9,0.15,0.996317377162103
5,9,0.20,0.9971478089228314
5,9,0.25,0.9973116235047883
5,9,0.30,0.9980855157201374
5,9,0.35,0.9975485789729278
5,9,0.40,0.9979556603041089
5,9,0.45,0.9982653373286345
5,9,0.50,0.9982383555434081
5,9,0.55,0.9983667699487402
5,9,0.60,0.9980075074722621
5,9,0.65,0.9982589095271159
5,9,0.70,0.9980328316976028
5,9,0.75,0.9985943620124541
5,9,0.80,0.998367659236144
5,9,0.85,0.9982092864107501
5,9,0.90,0.9986695278052985
5,9,0.95,0.998566584510528
6,0,0.05,0.9866604268068312
6,0,0.10,0.9927188842877429
6,0,0.15,0.9982506476322649
6,0,0.20,0.9976865481624392
6,0,0.25,0.9979026800327585
6,0,0.30,0.9978865788114908
6,0,0.35,0.9974396097688908
6,0,0.40,0.9981238883100219
6,0,0.45,0.9980147916705548
6,0,0.50,0.9987547373300566
6,0,0.55,0.9985077447298873
6,0,0.60,0.9983406810154916
6,0,0.65,0.9984254618243179
6,0,0.70,0.9986818217022463
6,0,0.75,0.9985864083377561
6,0,0.80,0.9981185754777302
6,0,0.85,0.9985329213646436
6,0,0.90,0.9983956603996946
6,0,0.95,0.9984424832047861
6,1,0.05,0.968866042669574
6,1,0.10,0.9892024747911048
6,1,0.15,0.9969238041609862
6,1,0.20,0.9970497931151646
6,1,0.25,0.9977981192221871
6,1,0.30,0.9984679093722026
6,1,0.35,0.9980234099245004
6,1,0.40,0.9979526839999249
6,1,0.45,0.9978676771770157
6,1,0.50,0.998429527550283
6,1,0.55,0.9981005385982158
6,1,0.60,0.9984076941387785
6,1,0.65,0.9987044917253854
6,1,0.70,0.9984166110349911
6,1,0.75,0.9984524156179048
6,1,0.80,0.9984732553072948
6,1,0.85,0.9988187976279691
6,1,0.90,0.9981182603978791
6,1,0.95,0.9983741461643777
6,2,0.05,0.9868329793044051
6,2,0.10,0.9970484213502582
6,2,0.15,0.9974989966647995
6,2,0.20,0.9975600524960239
6,2,0.25,0.9977816324602405
6,2,0.30,0.9974659168193085
6,2,0.35,0.9980376650721271
6,2,0.40,0.9978295419153976
6,2,0.45,0.9987199645594206
6,2,0.50,0.9983594415838363
6,2,0.55,0.9985242378143684
6,2,0.60,0.9984571861548781
6,2,0.65,0.9982681543358778
6,2,0.70,0.997962401187823
6,2,0.75,0.9982459627934194
6,2,0.80,0.9982266880167705
6,2,0.85,0.9986541842920718
6,2,0.90,0.9984116787822879
6,2,0.95,0.9987265675121257
6,3,0.05,0.9838089964626684
6,3,0.10,0.9966406959648657
6,3,0.15,0.9976140954144627
6,3,0.20,0.9975438691705416
6,3,0.25,0.9975841351505291
6,3,0.30,0.9975430736141453
6,3,0.35,0.9982138691401363
6,3,0.40,0.998267242348372
6,3,0.45,0.9975829644095076
6,3,0.50,0.9977209524817465
6,3,0.55,0.9979835172423631
6,3,0.60,0.9981278035220229
6,3,0.65,0.9981111006043428
6,3,0.70,0.998268423380031
6,3,0.75,0.9983358593185512
6,3,0.80,0.9984980659706346
6,3,0.85,0.9983353226530742
6,3,0.90,0.9985259773803744
6,3,0.95,0.998351684335036
6,4,0.05,0.9828952605480992
6,4,0.10,0.9964394638125144
6,4,0.15,0.9968927666058741
6,4,0.20,0.9975147893854461
6,4,0.25,0.997991056533794
6,4,0.30,0.9979300396984069
6,4,0.35,0.9972722255869202
6,4,0.40,0.9980696542565788
6,4,0.45,0.9985365412489188
6,4,0.50,0.9978525294141798
6,4,0.55,0.9982195746332595
6,4,0.60,0.9985222432600175
6,4,0.65,0.9986276198852083
6,4,0.70,0.9987943206324108
6,4,0.75,0.998328064249114
6,4,0.80,0.9984516188757886
6,4,0.85,0.9986563138124493
6,4,0.90,0.9985338104851085
6,4,0.95,0.9984573219515088
6,5,0.05,0.9922267691575574
6,5,0.10,0.9966709103622141
6,5,0.15,0.9977238637040783
6,5,0.20,0.9985750587531653
6,5,0.25,0.9976613932083582
6,5,0.30,0.9976440165170584
6,5,0.35,0.997432608401492
6,5,0.40,0.997709974600891
6,5,0.45,0.9986829404258706
6,5,0.50,0.9983196288320539
6,5,0.55,0.9983887432830895
6,5,0.60,0.997721038300844
6,5,0.65,0.998495331674438
6,5,0.70,0.9982941230349718
6,5,0.75,0.9981727419160328
6,5,0.80,0.9982793251768972
6,5,0.85,0.9987046756282904
6,5,0.90,0.9982722066739653
6,5,0.95,0.9980413087771928
6,6,0.05,0.9892949333435084
6,6,0.10,0.9957045153533884
6,6,0.15,0.997220427510276
6,6,0.20,0.9974102066277598
6,6,0.25,0.9980204706123544
6,6,0.30,0.998120164481065
6,6,0.35,0.9982472229412555
6,6,0.40,0.9973963566913355
6,6,0.45,0.9983409868355718
6,6,0.50,0.9977944173353412
6,6,0.55,0.9981853811750477
6,6,0.60,0.9981339315240867
6,6,0.65,0.9982869743320313
6,6,0.70,0.9983324322864228
6,6,0.75,0.9983968773284772
6,6,0.80,0.9983963658329531
6,6,0.85,0.9984388649289099
6,6,0.90,0.9983041471802956
6,6,0.95,0.9984204439020241
6,7,0.05,0.9853190755875729
6,7,0.10,0.9973930809436353
6,7,0.15,0.998195242570594
6,7,0.20,0.9971726631543266
6,7,0.25,0.9984045309681898
6,7,0.30,0.9980976272897273
6,7,0.35,0.9982052477164184
6,7,0.40,0.9978229177487394
6,7,0.45,0.9978589388263244
6,7,0.50,0.9983420043087331
6,7,0.55,0.998255983816101
6,7,0.60,0.9983214406992615
6,7,0.65,0.9979017840657731
6,7,0.70,0.9985161473886729
6,7,0.75,0.9983605548405463
6,7,0.80,0.9984075497830883
6,7,0.85,0.9980361408126212
6,7,0.90,0.9986733905525335
6,7,0.95,0.9984895907544207
6,8,0.05,0.9818996117771345
6,8,0.10,0.997832531723688
6,8,0.15,0.9972369452303975
6,8,0.20,0.9975856693101119
6,8,0.25,0.9980324861532368
6,8,0.30,0.998028556723661
6,8,0.35,0.9975654993588473
6,8,0.40,0.9980519804000539
6,8,0.45,0.998332976993246
6,8,0.50,0.9978439958556401
6,8,0.55,0.9981078881608244
6,8,0.60,0.998154440756942
6,8,0.65,0.9982248649466805
6,8,0.70,0.9982474379444745
6,8,0.75,0.99841629990329
6,8,0.80,0.998517960393632
6,8,0.85,0.9980493421182545
6,8,0.90,0.9983808259681002
6,8,0.95,0.9985076447072724
6,9,0.05,0.9891513882772751
6,9,0.10,0.9973114390705776
6,9,0.15,0.996429080967965
6,9,0.20,0.9979114376962892
6,9,0.25,0.9980117532879276
6,9,0.30,0.9977572163712184
6,9,0.35,0.9976092561868718
6,9,0.40,0.9982079810132625
6,9,0.45,0.997768867120779
6,9,0.50,0.9979612183572016
6,9,0.55,0.9986687842375591
6,9,0.60,0.997909442452229
6,9,0.65,0.9985851723965292
6,9,0.70,0.9983352311957713
6,9,0.75,0.9981386321725243
6,9,0.80,0.9985954639828454
6,9,0.85,0.9982559976020655
6,9,0.90,0.998137002087564
6,9,0.95,0.9984652683214915
7,0,0.05,0.9890597835698516
7,0,0.10,0.9934597095464167
7,0,0.15,0.9975699373019317
7,0,0.20,0.997819600139434
7,0,0.25,0.9967780056883603
7,0,0.30,0.998063058416972
7,0,0.35,0.998024499579313
7,0,0.40,0.9980744189610745
7,0,0.45,0.9982209741689775
7,0,0.50,0.997736531114288
7,0,0.55,0.9983410810176181
7,0,0.60,0.9982205319198832
7,0,0.65,0.9982470863137868
7,0,0.70,0.99866001582731
7,0,0.75,0.9982855460344734
7,0,0.80,0.9986714010109776
7,0,0.85,0.9986438321443257
7,0,0.90,0.998557769421805
7,0,0.95,0.998517174390608
7,1,0.05,0.9930752414525218
7,1,0.10,0.9944608432360124
7,1,0.15,0.9971657415445829
7,1,0.20,0.9974661790698373
7,1,0.25,0.9980262757484434
7,1,0.30,0.9979694160213991
7,1,0.35,0.9981229473274306
7,1,0.40,0.9980713734943071
7,1,0.45,0.998048556487036
7,1,0.50,0.9983868005577345
7,1,0.55,0.9981630965783624
7,1,0.60,0.9982005101121533
7,1,0.65,0.9981250002652535
7,1,0.70,0.9984653349838434
7,1,0.75,0.9983606576171661
7,1,0.80,0.9988022114065258
7,1,0.85,0.9985952870921934
7,1,0.90,0.9983979826709511
7,1,0.95,0.9984514991759205
7,2,0.05,0.986426192988216
7,2,0.10,0.9953618280329062
7,2,0.15,0.996992305947362
7,2,0.20,0.9958134954472405
7,2,0.25,0.9975272171272886
7,2,0.30,0.9977971357162865
7,2,0.35,0.9975018397753729
7,2,0.40,0.998119437238865
7,2,0.45,0.9979886029679591
7,2,0.50,0.9986154926461606
7,2,0.55,0.9982344962212683
7,2,0.60,0.9981234426035756
7,2,0.65,0.9984893312288958
7,2,0.70,0.9988861257203911
7,2,0.75,0.9985639630299128
7,2,0.80,0.99880291894443
7,2,0.85,0.9986520472160381
7,2,0.90,0.9986112420630412
7,2,0.95,0.9985334121516
7,3,0.05,0.9877705949766084
7,3,0.10,0.9965856228380282
7,3,0.15,0.9962768421397212
7,3,0.20,0.996665528826992
7,3,0.25,0.9976907113069222
7,3,0.30,0.9981281099752234
7,3,0.35,0.9982789181622467
7,3,0.40,0.9983873104982826
7,3,0.45,0.9979771530426331
7,3,0.50,0.9979920767178726
7,3,0.55,0.9974119556260462
7,3,0.60,0.9983544489967076
7,3,0.65,0.9984387706246604
7,3,0.70,0.9982506099160635
7,3,0.75,0.9984305355796635
7,3,0.80,0.998342709025263
7,3,0.85,0.9983447712692876
7,3,0.90,0.9984989769263881
7,3,0.95,0.9983240374024341
7,4,0.05,0.9935194266148015
7,4,0.10,0.9940987320373222
7,4,0.15,0.995802611425237
7,4,0.20,0.9968979297601621
7,4,0.25,0.997747269225652
7,4,0.30,0.9972460793300137
7,4,0.35,0.9981875276544568
7,4,0.40,0.9982769445789439
7,4,0.45,0.998501896812837
7,4,0.50,0.9981684593177865
7,4,0.55,0.9978507487610752
7,4,0.60,0.9978119591341331
7,4,0.65,0.9980266556590698
7,4,0.70,0.9984620311207443
7,4,0.75,0.9985023644586919
7,4,0.80,0.9987334381653915
7,4,0.85,0.9985005413229132
7,4,0.90,0.9986579297820438
7,4,0.95,0.9985163191438446
7,5,0.05,0.9862790360239049
7,5,0.10,0.9935132486090679
7,5,0.15,0.9966830453178338
7,5,0.20,0.9971929491987662
7,5,0.25,0.9977240685129083
7,5,0.30,0.9975382654647782
7,5,0.35,0.997751071898444
7,5,0.40,0.9976156643792731
7,5,0.45,0.9982851575803785
7,5,0.50,0.9980356150892343
7,5,0.55,0.9982883927980933
7,5,0.60,0.9982469624259332
7,5,0.65,0.9984569180039659
7,5,0.70,0.998085099216529
7,5,0.75,0.9987128367662438
7,5,0.80,0.9986475775347756
7,5,0.85,0.998543451670951
7,5,0.90,0.9983455552282193
7,5,0.95,0.998317855784989
7,6,0.05,0.9788810560480746
7,6,0.10,0.9952718129197914
7,6,0.15,0.997607466681547
7,6,0.20,0.9960199170040841
7,6,0.25,0.9981642675745669
7,6,0.30,0.9976752220331951
7,6,0.35,0.9978204786785448
7,6,0.40,0.9978416430524709
7,6,0.45,0.9981286901213388
7,6,0.50,0.9981711358015989
7,6,0.55,0.9984855538143529
7,6,0.60,0.9981308476840131
7,6,0.65,0.9984334396839615
7,6,0.70,0.9985939907389214
7,6,0.75,0.9985390979774073
7,6,0.80,0.9985358538367987
7,6,0.85,0.9983488189884174
7,6,0.90,0.9985448554052511
7,6,0.95,0.998522101114993
7,7,0.05,0.9886158555111922
7,7,0.10,0.996795551625513
7,7,0.15,0.9976499754903116
7,7,0.20,0.996802544674355
7,7,0.25,0.9961550218128881
7,7,0.30,0.9979600253870274
7,7,0.35,0.9979869628778965
7,7,0.40,0.9983864401250522
7,7,0.45,0.9982599506510746
7,7,0.50,0.9985496268316987
7,7,0.55,0.9977337785315464
7,7,0.60,0.99821412648193
7,7,0.65,0.9983114113372162
7,7,0.70,0.998190896604752
7,7,0.75,0.9986221763267791
7,7,0.80,0.9984092404968691
7,7,0.85,0.9984764427997495
7,7,0.90,0.9985365069239304
7,7,0.95,0.9985665451636293
7,8,0.05,0.9867334708980381
7,8,0.10,0.9958484917568362
7,8,0.15,0.9983285876065436
7,8,0.20,0.9965994403943129
7,8,0.25,0.9976762474600275
7,8,0.30,0.9975066654234979
7,8,0.35,0.9982056200346034
7,8,0.40,0.9976119501801655
7,8,0.45,0.9983208024103931
7,8,0.50,0.9980782536932036
7,8,0.55,0.9983165410573033
7,8,0.60,0.9980035397844913
7,8,0.65,0.9983324792393738
7,8,0.70,0.9984922715583245
7,8,0.75,0.9983484547411444
7,8,0.80,0.9982251064831921
7,8,0.85,0.9982669118106735
7,8,0.90,0.9985224917004347
7,8,0.95,0.998546409940393
7,9,0.05,0.9894615790328378
7,9,0.10,0.9943023041911101
7,9,0.15,0.9930204910747163
7,9,0.20,0.9971127140886504
7,9,0.25,0.9973306256933148
7,9,0.30,0.9982814469400875
7,9,0.35,0.9986506041152308
7,9,0.40,0.9983765431320818
7,9,0.45,0.9975857443221461
7,9,0.50,0.9985246000173736
7,9,0.55,0.9982720209747218
7,9,0.60,0.998415883242435
7,9,0.65,0.9982507481529541
7,9,0.70,0.9984424401359934
7,9,0.75,0.9985352967336366
7,9,0.80,0.9986303232690205
7,9,0.85,0.9983986362056823
7,9,0.90,0.9982668028066392
7,9,0.95,0.9985764538962678
8,0,0.05,0.9855237416317038
8,0,0.10,0.9972041891947929
8,0,0.15,0.9966587895452311
8,0,0.20,0.9973415505379967
8,0,0.25,0.9973722536544041
8,0,0.30,0.998593068642403
8,0,0.35,0.9980009575719403
8,0,0.40,0.9980494346123999
8,0,0.45,0.9986564898809211
8,0,0.50,0.9983411252752638
8,0,0.55,0.9984341264607886
8,0,0.60,0.9987120059364917
8,0,0.65,0.998160442866147
8,0,0.70,0.9987572402814641
8,0,0.75,0.998607822765251
8,0,0.80,0.9985331063523355
8,0,0.85,0.9984480628544461
8,0,0.90,0.9983358500380778
8,0,0.95,0.9985619769098191
8,1,0.05,0.9924822118730328
8,1,0.10,0.9915502369810807
8,1,0.15,0.9968863473520799
8,1,0.20,0.998800952070971
8,1,0.25,0.9976962743494265
8,1,0.30,0.9980689191512413
8,1,0.35,0.9983255404438929
8,1,0.40,0.9982574525907237
8,1,0.45,0.9984249106213655
8,1,0.50,0.9987388193578755
8,1,0.55,0.998033046794625
8,1,0.60,0.9985026942613537
8,1,0.65,0.998662447030617
8,1,0.70,0.9987620097603345
8,1,0.75,0.9984459482039163
8,1,0.80,0.9981406534153984
8,1,0.85,0.9984424772931801
8,1,0.90,0.9987150321633622
8,1,0.95,0.9983782320813924
8,2,0.05,0.9835455288629188
8,2,0.10,0.9964352166507106
8,2,0.15,0.995966529852633
8,2,0.20,0.9983240122303652
8,2,0.25,0.9979068933039634
8,2,0.30,0.9975625423162884
8,2,0.35,0.9977396911828154
8,2,0.40,0.9984595971616239
8,2,0.45,0.9984272537230321
8,2,0.50,0.9981226230167348
8,2,0.55,0.9980354786423669
8,2,0.60,0.998659297758269
8,2,0.65,0.9981588802047447
8,2,0.70,0.9983985274482298
8,2,0.75,0.9983005725150829
8,2,0.80,0.9985173511461409
8,2,0.85,0.9987143970203046
8,2,0.90,0.9984467122172908
8,2,0.95,0.9984977509042596
8,3,0.05,0.9586166678756494
8,3,0.10,0.9973488317199809
8,3,0.15,0.9962156010259465
8,3,0.20,0.9983531364607808
8,3,0.25,0.9975208308519916
8,3,0.30,0.9976767129706183
8,3,0.35,0.998004736362349
8,3,0.40,0.9984738288112117
8,3,0.45,0.998331849754024
8,3,0.50,0.9988717119134315
8,3,0.55,0.9979303705733727
8,3,0.60,0.9985005078376804
8,3,0.65,0.9984440023020591
8,3,0.70,0.9986834869613914
8,3,0.75,0.998556127753877
8,3,0.80,0.9985836210995941
8,3,0.85,0.9986232528184197
8,3,0.90,0.9982862746390861
8,3,0.95,0.9984763995733625
8,4,0.05,0.9943856480765674
8,4,0.10,0.9971096926085286
8,4,0.15,0.9970018010122101
8,4,0.20,0.9983074702968527
8,4,0.25,0.9970360376860519
8,4,0.30,0.9975248800518126
8,4,0.35,0.998164498176074
8,4,0.40,0.9983938895537161
8,4,0.45,0.9979174611070948
8,4,0.50,0.9979516085313738
8,4,0.55,0.9983224920040974
8,4,0.60,0.9982343520656071
8,4,0.65,0.9986148868016985
8,4,0.70,0.9985175689934309
8,4,0.75,0.998378000731086
8,4,0.80,0.9984374587213054
8,4,0.85,0.9983253825645838
8,4,0.90,0.9987797398619425
8,4,0.95,0.9985105388911756
8,5,0.05,0.9925538447648717
8,5,0.10,0.9962509810768699
8,5,0.15,0.9968780705099647
8,5,0.20,0.9986319249638586
8,5,0.25,0.9981954524458259
8,5,0.30,0.9981093466871738
8,5,0.35,0.9986094308755686
8,5,0.40,0.9986664707770565
8,5,0.45,0.99836001711837
8,5,0.50,0.9985493149464981
8,5,0.55,0.9986097742975342
8,5,0.60,0.9985283076869237
8,5,0.65,0.9982923242547579
8,5,0.70,0.9986275278221572
8,5,0.75,0.9986824127736886
8,5,0.80,0.9985330234832237
8,5,0.85,0.9984989554705034
8,5,0.90,0.998756580372644
8,5,0.95,0.9982008051014778
8,6,0.05,0.9937120223215437
8,6,0.10,0.9972540249835439
8,6,0.15,0.9980956054705545
8,6,0.20,0.9982807637348702
8,6,0.25,0.9975809299151117
8,6,0.30,0.9980018138376929
8,6,0.35,0.9982031113186288
8,6,0.40,0.998517941426702
8,6,0.45,0.9979280789157936
8,6,0.50,0.9978970533347813
8,6,0.55,0.9987944731131818
8,6,0.60,0.9988966729014799
8,6,0.65,0.9985785113731607
8,6,0.70,0.9988065721364101
8,6,0.75,0.9984650076091093
8,6,0.80,0.9987718381558651
8,6,0.85,0.9983723773989706
8,6,0.90,0.9984720222083949
8,6,0.95,0.998492287143958
8,7,0.05,0.9912997148850029
8,7,0.10,0.9963531186699269
8,7,0.15,0.995327030113971
8,7,0.20,0.9973465381237793
8,7,0.25,0.9975428269899661
8,7,0.30,0.997966803574194
8,7,0.35,0.9977271969150956
8,7,0.40,0.9982212974839098
8,7,0.45,0.9984535108314
8,7,0.50,0.998360857157749
8,7,0.55,0.9987754558406037
8,7,0.60,0.9985031833201075
8,7,0.65,0.9983042922784354
8,7,0.70,0.9986350988499024
8,7,0.75,0.998206087811318
8,7,0.80,0.9982117572335489
8,7,0.85,0.9984063987035205
8,7,0.90,0.9987094269475406
8,7,0.95,0.9985191404906797
8,8,0.05,0.9947845373215456
8,8,0.10,0.9942074326679093
8,8,0.15,0.9971386415617043
8,8,0.20,0.998710442125734
8,8,0.25,0.9974724444532713
8,8,0.30,0.9984133017600729
8,8,0.35,0.9983344141640718
8,8,0.40,0.998208470820006
8,8,0.45,0.9977715965426195
8,8,0.50,0.9983605979629396
8,8,0.55,0.9982720299635836
8,8,0.60,0.9986021251363578
8,8,0.65,0.9987284800244144
8,8,0.70,0.9986178686896386
8,8,0.75,0.9983912324611188
8,8,0.80,0.9985232265045457
8,8,0.85,0.9984555956710187
8,8,0.90,0.9982581146090027
8,8,0.95,0.9982629953472062
8,9,0.05,0.9938681881420214
8,9,0.10,0.9944701916262064
8,9,0.15,0.9974121602106097
8,9,0.20,0.9974299270933775
8,9,0.25,0.9984001907504597
8,9,0.30,0.9982857446511237
8,9,0.35,0.9978280911376659
8,9,0.40,0.9981805883041861
8,9,0.45,0.9980056518921238
8,9,0.50,0.9981032032514233
8,9,0.55,0.9982081463903015
8,9,0.60,0.9981172192097987
8,9,0.65,0.9985129510528771
8,9,0.70,0.9982401471389559
8,9,0.75,0.9983181798872911
8,9,0.80,0.9986336867980802
8,9,0.85,0.9987370742311679
8,9,0.90,0.9983623246819667
8,9,0.95,0.9984290829135156
9,0,0.05,0.9898594713823492
9,0,0.10,0.9965595371078961
9,0,0.15,0.9958848366419042
9,0,0.20,0.9966976197337083
9,0,0.25,0.997458982363063
9,0,0.30,0.9980797421325472
9,0,0.35,0.9985651857914328
9,0,0.40,0.9978758996927954
9,0,0.45,0.9983927249204609
9,0,0.50,0.9983498491142172
9,0,0.55,0.9986812930157327
9,0,0.60,0.9985385510779548
9,0,0.65,0.9983458109111663
9,0,0.70,0.9986489250447482
9,0,0.75,0.9984683093718872
9,0,0.80,0.9984447268089924
9,0,0.85,0.9986034034084996
9,0,0.90,0.9985351366121032
9,0,0.95,0.9984933875242167
9,1,0.05,0.9941983500631838
9,1,0.10,0.9956391573589704
9,1,0.15,0.9980100914093303
9,1,0.20,0.9973323683055765
9,1,0.25,0.9978293481642676
9,1,0.30,0.9973803331703891
9,1,0.35,0.9978720639526655
9,1,0.40,0.9982216884779261
9,1,0.45,0.9983814077588886
9,1,0.50,0.9981671564525759
9,1,0.55,0.9985076980327487
9,1,0.60,0.9987485179404682
9,1,0.65,0.9986318080755063
9,1,0.70,0.998599158563975
9,1,0.75,0.9983268988577629
9,1,0.80,0.998300593847033
9,1,0.85,0.9985091614070261
9,1,0.90,0.9984866229945963
9,1,0.95,0.9984151024867693
9,2,0.05,0.9835002333247213
9,2,0.10,0.9943644149486582
9,2,0.15,0.995497717654173
9,2,0.20,0.9982288389414132
9,2,0.25,0.997430768396168
9,2,0.30,0.9981353691736702
9,2,0.35,0.9983640360309993
9,2,0.40,0.997639140171719
9,2,0.45,0.9978604465294774
9,2,0.50,0.9980885840642103
9,2,0.55,0.9987758371422704
9,2,0.60,0.9984215534001237
9,2,0.65,0.9987548268107822
9,2,0.70,0.9986699797459124
9,2,0.75,0.9980810879188957
9,2,0.80,0.9986240819003432
9,2,0.85,0.9982242009295026
9,2,0.90,0.9984874859602423
9,2,0.95,0.9984967494145255
9,3,0.05,0.9909233596659127
9,3,0.10,0.9941852607873647
9,3,0.15,0.9973480926566387
9,3,0.20,0.9977998129882636
9,3,0.25,0.9976959758506286
9,3,0.30,0.997568923468805
9,3,0.35,0.9972525265643695
9,3,0.40,0.9978915047032226
9,3,0.45,0.9982711463403535
9,3,0.50,0.998095801734068
9,3,0.55,0.9980602647563218
9,3,0.60,0.9982849739683153
9,3,0.65,0.9983127617557518
9,3,0.70,0.9976243366224793
9,3,0.75,0.998496072371221
9,3,0.80,0.9984039605866947
9,3,0.85,0.9984425202892573
9,3,0.90,0.9984767935487945
9,3,0.95,0.9984027795260305
9,4,0.05,0.9877049447760196
9,4,0.10,0.9947747244063593
9,4,0.15,0.9938337924273061
9,4,0.20,0.9971497959238433
9,4,0.25,0.9982877473612848
9,4,0.30,0.9984673282476046
9,4,0.35,0.9983098816748692
9,4,0.40,0.9984662976510851
9,4,0.45,0.998727318272955
9,4,0.50,0.9981473918910821
9,4,0.55,0.9988960014715953
9,4,0.60,0.9984412902629821
9,4,0.65,0.9981699401319595
9,4,0.70,0.9986628721551472
9,4,0.75,0.9983499485518489
9,4,0.80,0.9982519387123429
9,4,0.85,0.9983723860318944
9,4,0.90,0.998368659908314
9,4,0.95,0.9984715112120887
9,5,0.05,0.9790278554364875
9,5,0.10,0.9958558992049341
9,5,0.15,0.9979357799826378
9,5,0.20,0.9977492863875892
9,5,0.25,0.9969108702854977
9,5,0.30,0.9964964363672902
9,5,0.35,0.9970685262773065
9,5,0.40,0.9979059206540535
9,5,0.45,0.998608230679695
9,5,0.50,0.9984778945357669
9,5,0.55,0.9985976233300176
9,5,0.60,0.9985781203685621
9,5,0.65,0.9982439685783178
9,5,0.70,0.9987352650057557
9,5,0.75,0.9980826680190492
9,5,0.80,0.998656796996939
9,5,0.85,0.9986175437110009
9,5,0.90,0.9987248793014086
9,5,0.95,0.9987749238607027
9,6,0.05,0.9951669035851227
9,6,0.10,0.9944017912347424
9,6,0.15,0.9967018803692579
9,6,0.20,0.9979626559388096
9,6,0.25,0.997347657221241
9,6,0.30,0.9983422278554279
9,6,0.35,0.9979318791195031
9,6,0.40,0.9982619117995372
9,6,0.45,0.9984188124475633
9,6,0.50,0.9977230020959924
9,6,0.55,0.9987343270322777
9,6,0.60,0.99829836580609
9,6,0.65,0.9982293182255256
9,6,0.70,0.9981506865085722
9,6,0.75,0.9982268474906804
9,6,0.80,0.9983117160531519
9,6,0.85,0.9985146634956322
9,6,0.90,0.9985521827623532
9,6,0.95,0.9986520061679095
9,7,0.05,0.9922719500619266
9,7,0.10,0.9962581030843959
9,7,0.15,0.9953642694391924
9,7,0.20,0.9974984154039666
9,7,0.25,0.9978734771354975
9,7,0.30,0.9980269769248165
9,7,0.35,0.9976040566341307
9,7,0.40,0.9978404111123951
9,7,0.45,0.9980909680515785
9,7,0.50,0.9986744706169585
9,7,0.55,0.9985109496208241
9,7,0.60,0.9978604420750278
9,7,0.65,0.9985626164836776
9,7,0.70,0.9984305084512665
9,7,0.75,0.9979547434623156
9,7,0.80,0.9984736981267353
9,7,0.85,0.9980235563297706
9,7,0.90,0.9983760791845298
9,7,0.95,0.99835420664856
9,8,0.05,0.986611471772102
9,8,0.10,0.9962102815366584
9,8,0.15,0.9963472944260576
9,8,0.20,0.9972719230901298
9,8,0.25,0.9977928897747057
9,8,0.30,0.9982293902266786
9,8,0.35,0.9982392008509071
9,8,0.40,0.997455802686532
9,8,0.45,0.9983664436121534
9,8,0.50,0.9988577336817346
9,8,0.55,0.9982285690978153
9,8,0.60,0.9982573616181415
9,8,0.65,0.9981125584411905
9,8,0.70,0.9985079916733367
9,8,0.75,0.9984255515501695
9,8,0.80,0.9985025246305025
9,8,0.85,0.9984781719934998
9,8,0.90,0.9987018559888863
9,8,0.95,0.9986893158134796
9,9,0.05,0.9859077757142899
9,9,0.10,0.9948237538306383
9,9,0.15,0.9962202964672412
9,9,0.20,0.997913118489867
9,9,0.25,0.9981555136551578
9,9,0.30,0.9985811695523014
9,9,0.35,0.9980893556495434
9,9,0.40,0.998364882447675
9,9,0.45,0.9983858944486447
9,9,0.50,0.9979140015838108
9,9,0.55,0.9982503547124081
9,9,0.60,0.998639982013368
9,9,0.65,0.9984800783032839
9,9,0.70,0.9982803399992093
9,9,0.75,0.9983896101547617
9,9,0.80,0.9987316998025455
9,9,0.85,0.9987169166410069
9,9,0.90,0.998385678054108
9,9,0.95,0.998700084876915
10,0,0.05,0.9853049143057775
10,0,0.10,0.9959929021999094
10,0,0.15,0.9973225301963161
10,0,0.20,0.9970102006217274
10,0,0.25,0.9977757651091436
10,0,0.30,0.997759296812188
10,0,0.35,0.9980913021646495
10,0,0.40,0.9972034773506754
10,0,0.45,0.9975173918312886
10,0,0.50,0.9977935805790002
10,0,0.55,0.9977721020144069
10,0,0.60,0.9983860088874853
10,0,0.65,0.9984286369360544
10,0,0.70,0.9984769832591076
10,0,0.75,0.9984667263268018
10,0,0.80,0.9984024327682555
10,0,0.85,0.998351012310294
10,0,0.90,0.9987093401158459
10,0,0.95,0.998439637765128
10,1,0.05,0.9730330338252197
10,1,0.10,0.9951262349135719
10,1,0.15,0.9973804019974658
10,1,0.20,0.9962504401839684
10,1,0.25,0.997809950856847
10,1,0.30,0.997012299587281
10,1,0.35,0.9980091109603733
10,1,0.40,0.9977220624383178
10,1,0.45,0.9977597333780769
10,1,0.50,0.9979088880369521
10,1,0.55,0.998535733020183
10,1,0.60,0.9979692582783808
10,1,0.65,0.9982407773903192
10,1,0.70,0.9978168068855944
10,1,0.75,0.9987431709979967
10,1,0.80,0.9983796786889787
10,1,0.85,0.9986580424572435
10,1,0.90,0.9985561237757987
10,1,0.95,0.9986931947200149
10,2,0.05,0.993223896783673
10,2,0.10,0.9966313758942509
10,2,0.15,0.9961549519551234
10,2,0.20,0.9983583578762034
10,2,0.25,0.998375457369263
10,2,0.30,0.9979866816431643
10,2,0.35,0.998487000558442
10,2,0.40,0.9978201386466511
10,2,0.45,0.9985265013139825
10,2,0.50,0.9978435534535436
10,2,0.55,0.9981738633903682
10,2,0.60,0.9981045490432431
10,2,0.65,0.9986573238997689
10,2,0.70,0.9985239407336394
10,2,0.75,0.9983785740100601
10,2,0.80,0.9981822423394145
10,2,0.85,0.9982837711140685
10,2,0.90,0.9983801053321522
10,2,0.95,0.9984893277538887
10,3,0.05,0.98126106235897
10,3,0.10,0.9964167011323051
10,3,0.15,0.9972527401526975
10,3,0.20,0.998061137715248
10,3,0.25,0.9983694237288374
10,3,0.30,0.9982632141409835
10,3,0.35,0.9974604883134852
10,3,0.40,0.9976823539503876
10,3,0.45,0.9978427812532801
10,3,0.50,0.9981174071259438
10,3,0.55,0.9985034226785029
10,3,0.60,0.9984693663922367
10,3,0.65,0.9984741851506584
10,3,0.70,0.9983391834299726
10,3,0.75,0.9984341894526875
10,3,0.80,0.9986223190330162
10,3,0.85,0.9985067675699199
10,3,0.90,0.9984048611010741
10,3,0.95,0.9982964663753726
10,4,0.05,0.9851398724502088
10,4,0.10,0.9940025056963269
10,4,0.15,0.9966863222078423
10,4,0.20,0.9983019984035855
10,4,0.25,0.9975050923308293
10,4,0.30,0.9983615508532023
10,4,0.35,0.9979904299064569
10,4,0.40,0.9980322417673269
10,4,0.45,0.9980335907654164
10,4,0.50,0.9986418015672834
10,4,0.55,0.9979432426706126
10,4,0.60,0.9981997703636987
10,4,0.65,0.9982292806389786
10,4,0.70,0.9984221172625307
10,4,0.75,0.9984099872630714
10,4,0.80,0.9980968294915276
10,4,0.85,0.9984764496530529
10,4,0.90,0.9983562747257585
10,4,0.95,0.9982166336422886
10,5,0.05,0.9972306439601514
10,5,0.10,0.995276927561
10,5,0.15,0.9964508602206382
10,5,0.20,0.9981726830245674
10,5,0.25,0.9983008711652127
10,5,0.30,0.9977842413585645
10,5,0.35,0.998547068302785
10,5,0.40,0.9973056069863379
10,5,0.45,0.9976179792017723
10,5,0.50,0.9981618377155851
10,5,0.55,0.9977207373753357
10,5,0.60,0.9983162066952467
10,5,0.65,0.9984188671061873
10,5,0.70,0.9981961681925053
10,5,0.75,0.998062953774781
10,5,0.80,0.9982255468760396
10,5,0.85,0.9984912592664841
10,5,0.90,0.9987788580714682
10,5,0.95,0.9982352250700798
10,6,0.05,0.9910268148530215
10,6,0.10,0.9967149135382252
10,6,0.15,0.9974800559748049
10,6,0.20,0.9983839896889595
10,6,0.25,0.9980436158176145
10,6,0.30,0.9981670849291665
10,6,0.35,0.9980196866487198
10,6,0.40,0.9978319908773134
10,6,0.45,0.9983064647771358
10,6,0.50,0.9982890528549756
10,6,0.55,0.9983346058689869
10,6,0.60,0.9985583043975844
10,6,0.65,0.9983405585110535
10,6,0.70,0.9980529949337774
10,6,0.75,0.9980854349882197
10,6,0.80,0.9981837425852309
10,6,0.85,0.9985532079235636
10,6,0.90,0.9988506033438938
10,6,0.95,0.9986241158241217
10,7,0.05,0.9880806926882327
10,7,0.10,0.9956499415918607
10,7,0.15,0.9969518479544595
10,7,0.20,0.99753335317577
10,7,0.25,0.9987689768420324
10,7,0.30,0.9979023823756235
10,7,0.35,0.9985288339416623
10,7,0.40,0.9985569919489414
10,7,0.45,0.9981889777803987
10,7,0.50,0.9983031665416929
10,7,0.55,0.9981071615903842
10,7,0.60,0.9983884895767497
10,7,0.65,0.9982875025358323
10,7,0.70,0.9983883420116394
10,7,0.75,0.9980788647801885
10,7,0.80,0.9985985948529356
10,7,0.85,0.9984998528775952
10,7,0.90,0.9984059257443656
10,7,0.95,0.9980393468633313
10,8,0.05,0.9879422541429614
10,8,0.10,0.9939866460434513
10,8,0.15,0.9973088314728245
10,8,0.20,0.997424026559005
10,8,0.25,0.9978989212517972
10,8,0.30,0.9972386580745469
10,8,0.35,0.9982580248812947
10,8,0.40,0.9976429729951652
10,8,0.45,0.9975398419630973
10,8,0.50,0.9982393993947255
10,8,0.55,0.9982825966487586
10,8,0.60,0.9981389360878714
10,8,0.65,0.9976585395474339
10,8,0.70,0.9985514679321523
10,8,0.75,0.9985462367979419
10,8,0.80,0.9983964276633172
10,8,0.85,0.9981362518551458
10,8,0.90,0.9986436530881577
10,8,0.95,0.9983062356019277
10,9,0.05,0.9935024038820721
10,9,0.10,0.9947586126215265
10,9,0.15,0.9970674423432081
10,9,0.20,0.998439009896956
10,9,0.25,0.9977655799861713
10,9,0.30,0.997248814664679
10,9,0.35,0.9976749006687506
10,9,0.40,0.9984158615362068
10,9,0.45,0.9979584700044797
10,9,0.50,0.9986225233510756
10,9,0.55,0.9985065300932783
10,9,0.60,0.9985729636643956
10,9,0.65,0.9984892621855458
10,9,0.70,0.9986685929751045
10,9,0.75,0.998294453104383
10,9,0.80,0.9981515659176727
10,9,0.85,0.9983903252768417
10,9,0.90,0.9983327621683894
10,9,0.95,0.9984922001796755
11,0,0.05,0.9935323593522309
11,0,0.10,0.9984028436472837
11,0,0.15,0.9978277292714522
11,0,0.20,0.997804154674798
11,0,0.25,0.9974806261894319
11,0,0.30,0.9978942918385457
11,0,0.35,0.9985152936974686
11,0,0.40,0.9980987203057659
11,0,0.45,0.9983591085381746
11,0,0.50,0.9981735256614291
11,0,0.55,0.9979636063992361
11,0,0.60,0.9978834940395397
11,0,0.65,0.99807482853613
11,0,0.70,0.9983689333736825
11,0,0.75,0.998629298185662
11,0,0.80,0.9984649757465072
11,0,0.85,0.9987260488724277
11,0,0.90,0.9981101975661282
11,0,0.95,0.9987219875229711
11,1,0.05,0.9912999114112567
11,1,0.10,0.996182759799479
11,1,0.15,0.9973471521134221
11,1,0.20,0.9981099818129751
11,1,0.25,0.9975528707284607
11,1,0.30,0.9977064927915105
11,1,0.35,0.9985426041589327
11,1,0.40,0.997515135148552
11,1,0.45,0.9985963040518633
11,1,0.50,0.9977770683270871
11,1,0.55,0.9982855816833351
11,1,0.60,0.9984487726277261
11,1,0.65,0.998143301464394
11,1,0.70,0.9985254144605547
11,1,0.75,0.9986418922980181
11,1,0.80,0.9984275128387111
11,1,0.85,0.9982784956484452
11,1,0.90,0.9984242020120425
11,1,0.95,0.9986393893548563
11,2,0.05,0.9947651279878557
11,2,0.10,0.996229736354483
11,2,0.15,0.9967553921248684
11,2,0.20,0.9975100554682579
11,2,0.25,0.9976074400970371
11,2,0.30,0.9975457734462566
11,2,0.35,0.9985514747491082
11,2,0.40,0.9978907397938424
11,2,0.45,0.998045454710069
11,2,0.50,0.9979055249563974
11,2,0.55,0.9977185255039334
11,2,0.60,0.9978434312050319
11,2,0.65,0.9983602741216561
11,2,0.70,0.998290242461919
11,2,0.75,0.9984302265591705
11,2,0.80,0.99792167049958
11,2,0.85,0.9986480548454146
11,2,0.90,0.998497721595001
11,2,0.95,0.9983318546607666
11,3,0.05,0.9881343576732636
11,3,0.10,0.9975124665545126
11,3,0.15,0.9972924609874092
11,3,0.20,0.997517697913634
11,3,0.25,0.9983312872319099
11,3,0.30,0.9975006677356805
11,3,0.35,0.9981968488335358
11,3,0.40,0.9975195036886014
11,3,0.45,0.9981663416769219
11,3,0.50,0.9983012838767125
11,3,0.55,0.9976073380828735
11,3,0.60,0.9981068116823208
11,3,0.65,0.9984659591277228
11,3,0.70,0.9981978976818113
11,3,0.75,0.9985362672985266
11,3,0.80,0.9986267842142735
11,3,0.85,0.9985578971732068
11,3,0.90,0.9985276864123588
11,3,0.95,0.9984779353161013
11,4,0.05,0.992120966914987
11,4,0.10,0.99368827397739
11,4,0.15,0.9987671375006977
11,4,0.20,0.9973533444115319
11,4,0.25,0.9986515720205826
11,4,0.30,0.9976354194254891
11,4,0.35,0.9983309649232445
11,4,0.40,0.9985061013637039
11,4,0.45,0.997472351590029
11,4,0.50,0.9984789905522379
11,4,0.55,0.9985104966237698
11,4,0.60,0.997737036967603
11,4,0.65,0.9981641596190232
11,4,0.70,0.9985802690039284
11,4,0.75,0.9988249384410269
11,4,0.80,0.9984608099741832
11,4,0.85,0.9985907416746744
11,4,0.90,0.9986401123986826
11,4,0.95,0.9980477686490311
11,5,0.05,0.990246476211334
11,5,0.10,0.9955562225985356
11,5,0.15,0.9963384169105463
11,5,0.20,0.9981157858547266
11,5,0.25,0.9982283383345596
11,5,0.30,0.9981501617575985
11,5,0.35,0.9981387343017594
11,5,0.40,0.9985163531268774
11,5,0.45,0.9979456285205417
11,5,0.50,0.9978883129536248
11,5,0.55,0.9984437480158741
11,5,0.60,0.9986902095792227
11,5,0.65,0.998225908572503
11,5,0.70,0.99825558103186
11,5,0.75,0.9986553503095307
11,5,0.80,0.9981561526433282
11,5,0.85,0.9983805842577262
11,5,0.90,0.9986853223303764
11,5,0.95,0.9983181145870996
11,6,0.05,0.9814649068783473
11,6,0.10,0.9959464815141523
11,6,0.15,0.9979619607490565
11,6,0.20,0.994989809302846
11,6,0.25,0.9982237001087935
11,6,0.30,0.9975163938163107
11,6,0.35,0.9984031248274534
11,6,0.40,0.9984507716684359
11,6,0.45,0.9983713652483851
11,6,0.50,0.9983616251524084
11,6,0.55,0.9976988009408883
11,6,0.60,0.9980620574761755
11,6,0.65,0.9982917713896814
11,6,0.70,0.9980910422825029
11,6,0.75,0.9980682018028079
11,6,0.80,0.9982050103003476
11,6,0.85,0.9984475409779091
11,6,0.90,0.9984089243267431
11,6,0.95,0.9987277099945266
11,7,0.05,0.9885949056217167
11,7,0.10,0.9984931694377881
11,7,0.15,0.9962281437131446
11,7,0.20,0.9981263492860872
11,7,0.25,0.9980307019610328
11,7,0.30,0.9977871391128151
11,7,0.35,0.9980868226637339
11,7,0.40,0.9983163907491653
11,7,0.45,0.9981474481193033
11,7,0.50,0.997427771318083
11,7,0.55,0.9984432266848537
11,7,0.60,0.998284208177511
11,7,0.65,0.9983309042564333
11,7,0.70,0.9984234266169058
11,7,0.75,0.9985592863101398
11,7,0.80,0.9987341962486874
11,7,0.85,0.9982284478008334
11,7,0.90,0.9983321276300982
11,7,0.95,0.9982292349147603
11,8,0.05,0.9909885606674023
11,8,0.10,0.9975911545252888
11,8,0.15,0.9976768796707778
11,8,0.20,0.9980852722175003
11,8,0.25,0.9976620829473721
11,8,0.30,0.9983218533280198
11,8,0.35,0.9987328679279641
11,8,0.40,0.99815438021025
11,8,0.45,0.9980748580100061
11,8,0.50,0.9986713110133425
11,8,0.55,0.9985382699626346
11,8,0.60,0.998229422223983
11,8,0.65,0.9978257486068153
11,8,0.70,0.9985176535978573
11,8,0.75,0.9982682259227952
11,8,0.80,0.9984125727132298
11,8,0.85,0.9983504478537543
11,8,0.90,0.9982858755503221
11,8,0.95,0.9982638516641554
11,9,0.05,0.9918516932250817
11,9,0.10,0.9951603720989212
11,9,0.15,0.9979005204600258
11,9,0.20,0.9959093944634627
11,9,0.25,0.9976275219639155
11,9,0.30,0.9981448565113993
11,9,0.35,0.99863626150866
11,9,0.40,0.9985730634355761
11,9,0.45,0.9982822355902835
11,9,0.50,0.9982002780881316
11,9,0.55,0.998551048956235
11,9,0.60,0.9985997935532526
11,9,0.65,0.9985603052207491
11,9,0.70,0.9982944215213733
11,9,0.75,0.9984974126451276
11,9,0.80,0.9983352061484859
11,9,0.85,0.9983187764946699
11,9,0.90,0.9985208422741785
11,9,0.95,0.9982836911408921
12,0,0.05,0.9928729460695782
12,0,0.10,0.9970757720278958
12,0,0.15,0.9967435005037865
12,0,0.20,0.9983635419945428
12,0,0.25,0.9978503457963356
12,0,0.30,0.9985394076579875
12,0,0.35,0.9973704526097935
12,0,0.40,0.9978305033017727
12,0,0.45,0.9981557106345362
12,0,0.50,0.99830604052423
12,0,0.55,0.9984546220833005
12,0,0.60,0.9980218319155518
12,0,0.65,0.9984209869652972
12,0,0.70,0.9984169700506015
12,0,0.75,0.9983750287749947
12,0,0.80,0.9986940279192187
12,0,0.85,0.9984732243642859
12,0,0.90,0.9981048044732107
12,0,0.95,0.9986442528521593
12,1,0.05,0.994581599916217
12,1,0.10,0.99386283597
12,1,0.15,0.9969213700577587
12,1,0.20,0.9973086627705707
12,1,0.25,0.997621357629754
12,1,0.30,0.9981625864860862
12,1,0.35,0.9982515769550345
12,1,0.40,0.9982182636159964
12,1,0.45,0.9981515569436084
12,1,0.50,0.9981837315438559
12,1,0.55,0.9984643299897294
12,1,0.60,0.9983005939469364
12,1,0.65,0.9985395842725524
12,1,0.70,0.9982538309554805
12,1,0.75,0.998401305409211
12,1,0.80,0.998452949370982
12,1,0.85,0.9984678491931843
12,1,0.90,0.9986585050494213
12,1,0.95,0.9984237310176187
12,2,0.05,0.9930837895035167
12,2,0.10,0.9977694186754701
12,2,0.15,0.9981620089230167
12,2,0.20,0.9977672736453886
12,2,0.25,0.9982435851250178
12,2,0.30,0.9978741064137856
12,2,0.35,0.9977277139879066
12,2,0.40,0.998428501361587
12,2,0.45,0.9985328770635495
12,2,0.50,0.9983262430895621
12,2,0.55,0.998521029233834
12,2,0.60,0.9986780128712865
12,2,0.65,0.9986123003963109
12,2,0.70,0.9986875477850606
12,2,0.75,0.9982778895134686
12,2,0.80,0.9983138988944085
12,2,0.85,0.9985695463336696
12,2,0.90,0.9984435480586772
12,2,0.95,0.9983003068744492
12,3,0.05,0.9668389279974061
12,3,0.10,0.996110203391131
12,3,0.15,0.9981799526558519
12,3,0.20,0.9975751475631514
12,3,0.25,0.9973569484896069
12,3,0.30,0.9980017047003844
12,3,0.35,0.9983430188134959
12,3,0.40,0.9985744634803922
12,3,0.45,0.9981892812235096
12,3,0.50,0.9979728128081083
12,3,0.55,0.9984003417678384
12,3,0.60,0.9984018602037885
12,3,0.65,0.9988030589211427
12,3,0.70,0.9983181759221564
12,3,0.75,0.9983827728025833
12,3,0.80,0.9984368352445165
12,3,0.85,0.9981805603268624
12,3,0.90,0.9986456519368386
12,3,0.95,0.9982429123422364
12,4,0.05,0.9862229829520823
12,4,0.10,0.9960582218027358
12,4,0.15,0.9984665736903418
12,4,0.20,0.9983946877013915
12,4,0.25,0.9973041908613418
12,4,0.30,0.9975370528426839
12,4,0.35,0.9977257045073011
12,4,0.40,0.9980366460051618
12,4,0.45,0.9983759384845429
12,4,0.50,0.9984629191635576
12,4,0.55,0.9985244025250877
12,4,0.60,0.9983007190591214
12,4,0.65,0.998616044502312
12,4,0.70,0.9984033339812469
12,4,0.75,0.9984684203555471
12,4,0.80,0.9985046693687828
12,4,0.85,0.9987064392248329
12,4,0.90,0.9984235491701793
12,4,0.95,0.9985585803488927
12,5,0.05,0.9762498818002259
12,5,0.10,0.9957665903785672
12,5,0.15,0.9974789662891377
12,5,0.20,0.9979282926227698
12,5,0.25,0.9981310752392024
12,5,0.30,0.9980028728496484
12,5,0.35,0.9981434097886384
12,5,0.40,0.9984656408119933
12,5,0.45,0.9982251821623046
12,5,0.50,0.998163942262531
12,5,0.55,0.998597748432458
12,5,0.60,0.998468528568216
12,5,0.65,0.9984020296391078
12,5,0.70,0.9984737774295409
12,5,0.75,0.9985812680353381
12,5,0.80,0.9981496279728026
12,5,0.85,0.9983969594932667
12,5,0.90,0.9983103784505134
12,5,0.95,0.9983705966753904
12,6,0.05,0.9798926484551121
12,6,0.10,0.9958140897548408
12,6,0.15,0.9968600273344166
12,6,0.20,0.9970882801553048
12,6,0.25,0.9986611179560586
12,6,0.30,0.9981868547460699
12,6,0.35,0.9980572017729903
12,6,0.40,0.9977928689852142
12,6,0.45,0.9985221476861735
12,6,0.50,0.9980884572263694
12,6,0.55,0.998176970860562
12,6,0.60,0.9982240432366773
12,6,0.65,0.9985720548231615
12,6,0.70,0.9985197505053638
12,6,0.75,0.9984917776667973
12,6,0.80,0.9984864469466924
12,6,0.85,0.9984068548672322
12,6,0.90,0.9984784576431491
12,6,0.95,0.998378337878929
12,7,0.05,0.9769504299970674
12,7,0.10,0.9964582381479895
12,7,0.15,0.996655328683656
12,7,0.20,0.9974158529639571
12,7,0.25,0.9981332751515518
12,7,0.30,0.9982767328138049
12,7,0.35,0.9979008352665465
12,7,0.40,0.9982813232788832
12,7,0.45,0.9981100398103585
12,7,0.50,0.9979104843359947
12,7,0.55,0.9987895379148798
12,7,0.60,0.9982320400977567
12,7,0.65,0.9984391595811902
12,7,0.70,0.9986136971577224
12,7,0.75,0.9982651703291286
12,7,0.80,0.998412750669367
12,7,0.85,0.9982394596869435
12,7,0.90,0.9985380686087355
12,7,0.95,0.998342045905858
12,8,0.05,0.9964817195576956
12,8,0.10,0.997435289815716
12,8,0.15,0.9969164941368455
12,8,0.20,0.997710463974125
12,8,0.25,0.9976330388304872
12,8,0.30,0.9983121285679926
12,8,0.35,0.998126988080159
12,8,0.40,0.9981102419929299
12,8,0.45,0.997853734709432
12,8,0.50,0.9981819115492172
12,8,0.55,0.9982167885782076
12,8,0.60,0.9986640968323172
12,8,0.65,0.9981666078613392
12,8,0.70,0.9986003212412439
12,8,0.75,0.9985952174179288
12,8,0.80,0.9985140181500443
12,8,0.85,0.9983057158957586
12,8,0.90,0.9984871607061724
12,8,0.95,0.9986071109395224
12,9,0.05,0.9680356961759533
12,9,0.10,0.9960915003199782
12,9,0.15,0.9972875498021542
12,9,0.20,0.9983264413527435
12,9,0.25,0.998850210932646
12,9,0.30,0.9986788693067742
12,9,0.35,0.9982590645922927
12,9,0.40,0.9976659236682047
12,9,0.45,0.9978519183562441
12,9,0.50,0.9984170945547053
12,9,0.55,0.9983340684055524
12,9,0.60,0.998035247309272
12,9,0.65,0.9984499782839369
12,9,0.70,0.9987880871003357
12,9,0.75,0.9982484355649883
12,9,0.80,0.9985537237085927
12,9,0.85,0.9981238506356062
12,9,0.90,0.9986419996829058
12,9,0.95,0.9982846563522128
13,0,0.05,0.9838675985095421
13,0,0.10,0.9968364207860325
13,0,0.15,0.9975258529103996
13,0,0.20,0.9977671013897722
13,0,0.25,0.9978791488042345
13,0,0.30,0.9978985212676895
13,0,0.35,0.9980362063984113
13,0,0.40,0.997481407403997
13,0,0.45,0.9978955334953782
13,0,0.50,0.9980402793047074
13,0,0.55,0.9978911792943502
13,0,0.60,0.9986865358202303
13,0,0.65,0.9986119488047787
13,0,0.70,0.9983866906241742
13,0,0.75,0.9982583834515001
13,0,0.80,0.9980733748138106
13,0,0.85,0.9988649083313011
13,0,0.90,0.9987340063606094
13,0,0.95,0.9986160004586446
13,1,0.05,0.9919542701193417
13,1,0.10,0.9961228785683494
13,1,0.15,0.9974557816380794
13,1,0.20,0.9976370646952446
13,1,0.25,0.9984496934997896
13,1,0.30,0.9982762485477334
13,1,0.35,0.997933294909722
13,1,0.40,0.9982350580944731
13,1,0.45,0.9979239540102167
13,1,0.50,0.9977514064879399
13,1,0.55,0.9981100284916327
13,1,0.60,0.9985026856290274
13,1,0.65,0.997803387087116
13,1,0.70,0.9984798457849128
13,1,0.75,0.9985101323840162
13,1,0.80,0.9984333492713648
13,1,0.85,0.9985448595744055
13,1,0.90,0.9985991209237842
13,1,0.95,0.9987802377716745
13,2,0.05,0.9878980681603861
13,2,0.10,0.99710697086987
13,2,0.15,0.9983171333126518
13,2,0.20,0.9982554473085433
13,2,0.25,0.9984105863019982
13,2,0.30,0.9980587098016482
13,2,0.35,0.9988035468510145
13,2,0.40,0.9983265075424808
13,2,0.45,0.9978670605657809
13,2,0.50,0.9974373898009011
13,2,0.55,0.9981539582965263
13,2,0.60,0.9981323385419774
13,2,0.65,0.9981662641072884
13,2,0.70,0.9985312917588962
13,2,0.75,0.9986452511713172
13,2,0.80,0.998508492724011
13,2,0.85,0.9985517410102961
13,2,0.90,0.9986768559788962
13,2,0.95,0.9987027046310161
13,3,0.05,0.985042227262407
13,3,0.10,0.992667369373107
13,3,0.15,0.9979608580375532
13,3,0.20,0.9978186683856917
13,3,0.25,0.9982018511551843
13,3,0.30,0.9981581119919065
13,3,0.35,0.9980037380789158
13,3,0.40,0.9980092220860529
13,3,0.45,0.9979309847528353
13,3,0.50,0.997885702298027
13,3,0.55,0.9981702435940558
13,3,0.60,0.9985004744078297
13,3,0.65,0.9982707135337953
13,3,0.70,0.998355408474198
13,3,0.75,0.9982154467201377
13,3,0.80,0.9983783303705887
13,3,0.85,0.998530557872089
13,3,0.90,0.9984392543905172
13,3,0.95,0.9983503885429086
13,4,0.05,0.9878607842192383
13,4,0.10,0.9960871399302426
13,4,0.15,0.9981844294727673
13,4,0.20,0.998416178909669
13,4,0.25,0.9982689288788033
13,4,0.30,0.9984446797385922
13,4,0.35,0.9984997914566901
13,4,0.40,0.9985246074617233
13,4,0.45,0.9982475343080663
13,4,0.50,0.9977971309611537
13,4,0.55,0.9981070419698148
13,4,0.60,0.9983779469793967
13,4,0.65,0.9984982142970072
13,4,0.70,0.9983616536167351
13,4,0.75,0.9985417170222737
13,4,0.80,0.9985226146926046
13,4,0.85,0.9983679408135437
13,4,0.90,0.9986106957062513
13,4,0.95,0.9985732241788136
13,5,0.05,0.9830511712525309
13,5,0.10,0.9947555243528453
13,5,0.15,0.9969257081913094
13,5,0.20,0.998477427281454
13,5,0.25,0.9976662024270125
13,5,0.30,0.9983721973217288
13,5,0.35,0.997597765924489
13,5,0.40,0.998167614501724
13,5,0.45,0.9984613263251806
13,5,0.50,0.9981444723158158
13,5,0.55,0.9986211101441401
13,5,0.60,0.9978267679358039
13,5,0.65,0.9986147194607783
13,5,0.70,0.9984706563404351
13,5,0.75,0.9982815970182827
13,5,0.80,0.9986226700994788
13,5,0.85,0.9983442488031409
13,5,0.90,0.9985732723824408
13,5,0.95,0.9986791723437751
13,6,0.05,0.9930720109958184
13,6,0.10,0.9972972613892137
13,6,0.15,0.9982887664085659
13,6,0.20,0.9985126206636566
13,6,0.25,0.9979512177306695
13,6,0.30,0.9980034791236001
13,6,0.35,0.9979166564149037
13,6,0.40,0.9984764962353717
13,6,0.45,0.9981727698780302
13,6,0.50,0.9982092988407654
13,6,0.55,0.9976176969982963
13,6,0.60,0.9981953999059533
13,6,0.65,0.9986011475124554
13,6,0.70,0.9978783693032909
13,6,0.75,0.9986318063451705
13,6,0.80,0.9984574419992843
13,6,0.85,0.998323353421001
13,6,0.90,0.9983557744055438
13,6,0.95,0.9985121011013817
13,7,0.05,0.9896037850608304
13,7,0.10,0.9963626910306543
13,7,0.15,0.9972435038799015
13,7,0.20,0.997484812108906
13,7,0.25,0.9977170386673518
13,7,0.30,0.998446905784555
13,7,0.35,0.9984539298414554
13,7,0.40,0.9981572283557957
13,7,0.45,0.9984618360322438
13,7,0.50,0.9981365558339845
13,7,0.55,0.9979345430897397
13,7,0.60,0.9979609849028709
13,7,0.65,0.9981695207969415
13,7,0.70,0.9984541089205095
13,7,0.75,0.9986327926100586
13,7,0.80,0.9980448137358237
13,7,0.85,0.9986729572047219
13,7,0.90,0.9985889512358107
13,7,0.95,0.998416460070647
13,8,0.05,0.9852236836268294
13,8,0.10,0.9969231768987841
13,8,0.15,0.9981485221139693
13,8,0.20,0.9982408970642686
13,8,0.25,0.9981102619530992
13,8,0.30,0.9982534257826935
13,8,0.35,0.9983682446292872
13,8,0.40,0.9978562294316397
13,8,0.45,0.9978978666527594
13,8,0.50,0.9985336184413949
13,8,0.55,0.9983266278794397
13,8,0.60,0.9980990233064448
13,8,0.65,0.9984341748303917
13,8,0.70,0.9986396551855761
13,8,0.75,0.9981979532062645
13,8,0.80,0.9981071151820273
13,8,0.85,0.9986068424666914
13,8,0.90,0.9986507375347027
13,8,0.95,0.9984584587773992
13,9,0.05,0.9962555468147618
13,9,0.10,0.9958316437337528
13,9,0.15,0.998417839544262
13,9,0.20,0.998000141908811
13,9,0.25,0.9975271638197792
13,9,0.30,0.9985743566783418
13,9,0.35,0.998691632391494
13,9,0.40,0.9979845691718088
13,9,0.45,0.9983605846361695
13,9,0.50,0.998551517342749
13,9,0.55,0.9982821686874401
13,9,0.60,0.9980583868995756
13,9,0.65,0.9982401641602819
13,9,0.70,0.9981526774602691
13,9,0.75,0.998552028676332
13,9,0.80,0.9986941343817687
13,9,0.85,0.9985183953729
13,9,0.90,0.9984624110401715
13,9,0.95,0.9984697969765337
14,0,0.05,0.9854637833397731
14,0,0.10,0.9972817709543088
14,0,0.15,0.9964277372546312
14,0,0.20,0.9971580855594425
14,0,0.25,0.998149673487021
14,0,0.30,0.9974971697245617
14,0,0.35,0.9981495303758304
14,0,0.40,0.9986063122295439
14,0,0.45,0.9987808774048205
14,0,0.50,0.9981245421876521
14,0,0.55,0.9980800246334934
14,0,0.60,0.9982287936234642
14,0,0.65,0.9983202215837825
14,0,0.70,0.9983736002229392
14,0,0.75,0.998550634210405
14,0,0.80,0.9985202611779215
14,0,0.85,0.998534061227793
14,0,0.90,0.998485949873317
14,0,0.95,0.9985541057945371
14,1,0.05,0.9938187261959635
14,1,0.10,0.9939407240277325
14,1,0.15,0.9957170103121681
14,1,0.20,0.997619654336316
14,1,0.25,0.9984647102749258
14,1,0.30,0.9980899960914366
14,1,0.35,0.9972062881289717
14,1,0.40,0.9977339225098626
14,1,0.45,0.9979028953549977
14,1,0.50,0.9981927782287732
14,1,0.55,0.9983574617290486
14,1,0.60,0.9985538911167827
14,1,0.65,0.998420941717974
14,1,0.70,0.998745278797218
14,1,0.75,0.9983635215541313
14,1,0.80,0.9986718795208538
14,1,0.85,0.998437550037033
14,1,0.90,0.9983942328940933
14,1,0.95,0.9986137653273858
14,2,0.05,0.9903925103825328
14,2,0.10,0.9927359928099221
14,2,0.15,0.9962666269166133
14,2,0.20,0.9960975092044988
14,2,0.25,0.9972065452032088
14,2,0.30,0.9977429407590613
14,2,0.35,0.9976018788915101
14,2,0.40,0.9984836115236079
14,2,0.45,0.9984090659668982
14,2,0.50,0.9983633103249755
14,2,0.55,0.9985399820646517
14,2,0.60,0.9986015056005961
14,2,0.65,0.9985327181936838
14,2,0.70,0.9985578847462858
14,2,0.75,0.9981366540421357
14,2,0.80,0.9984759153566609
14,2,0.85,0.9987565462809278
14,2,0.90,0.9986589859551241
14,2,0.95,0.9983903299152616
14,3,0.05,0.9965602201122582
14,3,0.10,0.9956939959489235
14,3,0.15,0.9972435014265729
14,3,0.20,0.9972698634997488
14,3,0.25,0.9978878417273175
14,3,0.30,0.9975033572863747
14,3,0.35,0.9976128999890329
14,3,0.40,0.9980837459726205
14,3,0.45,0.998055264719328
14,3,0.50,0.9983791424166052
14,3,0.55,0.9983029705637149
14,3,0.60,0.9983500566983439
14,3,0.65,0.9984819611383434
14,3,0.70,0.9981597869921796
14,3,0.75,0.9982248577407781
14,3,0.80,0.9985143649277349
14,3,0.85,0.9985677916199621
14,3,0.90,0.9983880432550152
14,3,0.95,0.9980155045391855
14,4,0.05,0.9783966102803211
14,4,0.10,0.9965093613999169
14,4,0.15,0.9979829781027483
14,4,0.20,0.9949891963357748
14,4,0.25,0.9977199247504335
14,4,0.30,0.9976562293641094
14,4,0.35,0.9983859984267018
14,4,0.40,0.9979331696652408
14,4,0.45,0.9983075647963382
14,4,0.50,0.9985133829314075
14,4,0.55,0.9984660918142857
14,4,0.60,0.9986732688998272
14,4,0.65,0.99843416916876
14,4,0.70,0.9985011428935756
14,4,0.75,0.9984313162545556
14,4,0.80,0.9985023287437585
14,4,0.85,0.998564746347563
14,4,0.90,0.9985055914432956
14,4,0.95,0.9985962505148981
14,5,0.05,0.9908766128408475
14,5,0.10,0.9962675294563887
14,5,0.15,0.9972263220810635
14,5,0.20,0.9976896229106359
14,5,0.25,0.9977596576553707
14,5,0.30,0.9982982075133792
14,5,0.35,0.9979760657883179
14,5,0.40,0.9979727997351758
14,5,0.45,0.9987547788338045
14,5,0.50,0.9979487223664448
14,5,0.55,0.9985582078484766
14,5,0.60,0.9982321978903073
14,5,0.65,0.9987035938394303
14,5,0.70,0.9985500671753498
14,5,0.75,0.9986271968630458
14,5,0.80,0.9983906830173376
14,5,0.85,0.9985949173919676
14,5,0.90,0.9986926573712205
14,5,0.95,0.9984763704612979
14,6,0.05,0.9946721157783798
14,6,0.10,0.996887288348766
14,6,0.15,0.9972007245301678
14,6,0.20,0.9970785233203228
14,6,0.25,0.9967762588730994
14,6,0.30,0.9971929637475478
14,6,0.35,0.9978879307570099
14,6,0.40,0.9979967020689162
14,6,0.45,0.9979882023719794
14,6,0.50,0.9979612575317127
14,6,0.55,0.9985439545634598
14,6,0.60,0.9984566866301727
14,6,0.65,0.9983507416286566
14,6,0.70,0.99854636673522
14,6,0.75,0.998594028213388
14,6,0.80,0.9985676617561975
14,6,0.85,0.9987975985752215
14,6,0.90,0.9985767472639326
14,6,0.95,0.9985364573037386
14,7,0.05,0.99326597720627
14,7,0.10,0.9946185208371605
14,7,0.15,0.9973895745210617
14,7,0.20,0.9972917175564547
14,7,0.25,0.9985198504401895
14,7,0.30,0.9973936324725834
14,7,0.35,0.9984868139053215
14,7,0.40,0.998273049943979
14,7,0.45,0.998543354784365
14,7,0.50,0.9980454010472332
14,7,0.55,0.9985266330915117
14,7,0.60,0.9982039588939222
14,7,0.65,0.9983023054862433
14,7,0.70,0.9987726416709166
14,7,0.75,0.9985825537680557
14,7,0.80,0.9981708547812302
14,7,0.85,0.9981326746311109
14,7,0.90,0.9985375858811851
14,7,0.95,0.9983854406741512
14,8,0.05,0.9932924496650791
14,8,0.10,0.9964109937916743
14,8,0.15,0.9975851008828389
14,8,0.20,0.9961441526639091
14,8,0.25,0.9966067969209743
14,8,0.30,0.9978000177776432
14,8,0.35,0.99831135575662
14,8,0.40,0.9984723976952197
14,8,0.45,0.9978576447605542
14,8,0.50,0.9987226784191527
14,8,0.55,0.9986094625619659
14,8,0.60,0.9983949688032944
14,8,0.65,0.9982868445575545
14,8,0.70,0.9985920359987481
14,8,0.75,0.9985818751401244
14,8,0.80,0.9985484934181194
14,8,0.85,0.9984002956819592
14,8,0.90,0.9987017148612312
14,8,0.95,0.9985427879339495
14,9,0.05,0.9771143136258299
14,9,0.10,0.9978786599452062
14,9,0.15,0.9960117702769004
14,9,0.20,0.9972324102131809
14,9,0.25,0.9976134861458437
14,9,0.30,0.997960421411835
14,9,0.35,0.998646669237138
14,9,0.40,0.9982576160912926
14,9,0.45,0.9983401203507548
14,9,0.50,0.998620879151158
14,9,0.55,0.998175801752351
14,9,0.60,0.9982555710887384
14,9,0.65,0.9986593958724208
14,9,0.70,0.9987101433727349
14,9,0.75,0.9986195047362325
14,9,0.80,0.9985135211803393
14,9,0.85,0.9982781657462878
14,9,0.90,0.9982194613692423
14,9,0.95,0.9984626533343303
15,0,0.05,0.9555039411138455
15,0,0.10,0.9952016305138502
15,0,0.15,0.9951984674925929
15,0,0.20,0.9980911491351274
15,0,0.25,0.9954328061788236
15,0,0.30,0.9981740834799787
15,0,0.35,0.997605079522834
15,0,0.40,0.9975592001445777
15,0,0.45,0.9976895840995665
15,0,0.50,0.9980900382921045
15,0,0.55,0.9981267472672707
15,0,0.60,0.998022985427091
15,0,0.65,0.9983757329674127
15,0,0.70,0.9980198403122249
15,0,0.75,0.998573169128371
15,0,0.80,0.9984775994523807
15,0,0.85,0.9986917578848132
15,0,0.90,0.9982719307568747
15,0,0.95,0.998453235763027
15,1,0.05,0.9713464599106569
15,1,0.10,0.9959675700987531
15,1,0.15,0.9951717628475137
15,1,0.20,0.9969150111866565
15,1,0.25,0.9970323808559494
15,1,0.30,0.9968361746741944
15,1,0.35,0.9971140132527611
15,1,0.40,0.998000488657302
15,1,0.45,0.9968059106243451
15,1,0.50,0.9977787641491033
15,1,0.55,0.9983967913601124
15,1,0.60,0.9983888208264141
15,1,0.65,0.9983262150701575
15,1,0.70,0.9985490526210642
15,1,0.75,0.9982391089675756
15,1,0.80,0.9983220840307185
15,1,0.85,0.9986700064414727
15,1,0.90,0.9986732692514592
15,1,0.95,0.998286207069304
15,2,0.05,0.9909328555867922
15,2,0.10,0.995593936197281
15,2,0.15,0.9960825983647132
15,2,0.20,0.9970073466318483
15,2,0.25,0.9967928614936015
15,2,0.30,0.9982485869241841
15,2,0.35,0.9973716962946368
15,2,0.40,0.9979803443995257
15,2,0.45,0.997665181353084
15,2,0.50,0.9974524772177481
15,2,0.55,0.9985970100661499
15,2,0.60,0.99820075045028
15,2,0.65,0.9981814526756595
15,2,0.70,0.9980670212680482
15,2,0.75,0.9984792757442538
15,2,0.80,0.998304185288808
15,2,0.85,0.998510352884194
15,2,0.90,0.9984078735668195
15,2,0.95,0.9985006276540445
15,3,0.05,0.9890363579831115
15,3,0.10,0.9947601777182379
15,3,0.15,0.9957773962727902
15,3,0.20,0.9978673747006171
15,3,0.25,0.9965083843278442
15,3,0.30,0.9967789941452468
15,3,0.35,0.9967030241377549
15,3,0.40,0.998149782952165
15,3,0.45,0.9973446084947113
15,3,0.50,0.9978511958314619
15,3,0.55,0.9983546541651257
15,3,0.60,0.9983219925353944
15,3,0.65,0.9982267860637206
15,3,0.70,0.9982353215628836
15,3,0.75,0.9984720706722352
15,3,0.80,0.9983444908048409
15,3,0.85,0.9980964601513679
15,3,0.90,0.99799815909103
15,3,0.95,0.9983617862398335
15,4,0.05,0.988120303613805
15,4,0.10,0.9957017148731009
15,4,0.15,0.9969902698326013
15,4,0.20,0.9971278821100393
15,4,0.25,0.9968512683149097
15,4,0.30,0.9968827006583725
15,4,0.35,0.99671887033496
15,4,0.40,0.9978767732869324
15,4,0.45,0.9982824612138188
15,4,0.50,0.998446864392497
15,4,0.55,0.9981599467719053
15,4,0.60,0.9984167692279549
15,4,0.65,0.9985076682295568
15,4,0.70,0.9986171332155866
15,4,0.75,0.9984868462638363
15,4,0.80,0.998505893687723
15,4,0.85,0.9984026489669159
15,4,0.90,0.9985468217162997
15,4,0.95,0.9982111646389057
15,5,0.05,0.9801559701284956
15,5,0.10,0.9954741901596855
15,5,0.15,0.9978474688566867
15,5,0.20,0.9955818585873684
15,5,0.25,0.9968609946055463
15,5,0.30,0.9979502927329726
15,5,0.35,0.9976840203172267
15,5,0.40,0.998187347744666
15,5,0.45,0.9978024931834526
15,5,0.50,0.9980638390708829
15,5,0.55,0.9980784766533767
15,5,0.60,0.9977610119055598
15,5,0.65,0.9981471434774547
15,5,0.70,0.9983997074763123
15,5,0.75,0.9982977567854471
15,5,0.80,0.9988301295058343
15,5,0.85,0.9981293786919158
15,5,0.90,0.9984589228866192
15,5,0.95,0.9982464906280185
15,6,0.05,0.9823311644111408
15,6,0.10,0.9951164087227893
15,6,0.15,0.9956627469737507
15,6,0.20,0.9980100967412696
15,6,0.25,0.9966441762037306
15,6,0.30,0.9979413367974683
15,6,0.35,0.9978066470383031
15,6,0.40,0.9976885869335154
15,6,0.45,0.998184778739198
15,6,0.50,0.9982204602493239
15,6,0.55,0.9974574079858824
15,6,0.60,0.9980361706299058
15,6,0.65,0.9980882260432835
15,6,0.70,0.9979328135426551
15,6,0.75,0.998571416558523
15,6,0.80,0.9982693740253997
15,6,0.85,0.9984587500774263
15,6,0.90,0.9984521067589701
15,6,0.95,0.9982351612555578
15,7,0.05,0.9922561814520207
15,7,0.10,0.9931986932748945
15,7,0.15,0.9962083529289927
15,7,0.20,0.9969876339977493
15,7,0.25,0.997432930831539
15,7,0.30,0.9978900044621741
15,7,0.35,0.9978461948442089
15,7,0.40,0.9976890517503412
15,7,0.45,0.998263352124876
15,7,0.50,0.998164104148325
15,7,0.55,0.9980480527590705
15,7,0.60,0.9978290951589425
15,7,0.65,0.9981238666945743
15,7,0.70,0.9983203984391005
15,7,0.75,0.998433503068692
15,7,0.80,0.9985763897885853
15,7,0.85,0.9986685231182227
15,7,0.90,0.9985010705536334
15,7,0.95,0.9984978744458768
15,8,0.05,0.9865727535676213
15,8,0.10,0.995317876457825
15,8,0.15,0.9971486553646116
15,8,0.20,0.9975640068121492
15,8,0.25,0.9974380895830139
15,8,0.30,0.9969367004702064
15,8,0.35,0.9974945030701131
15,8,0.40,0.9983013162188826
15,8,0.45,0.9979323110371437
15,8,0.50,0.9980208472928424
15,8,0.55,0.9977881547710188
15,8,0.60,0.9981003669116316
15,8,0.65,0.9984687278135883
15,8,0.70,0.9980935086563277
15,8,0.75,0.9985346110735533
15,8,0.80,0.9986986288852464
15,8,0.85,0.998820915191543
15,8,0.90,0.9986447093116122
15,8,0.95,0.9982793083518707
15,9,0.05,0.9925135989743294
15,9,0.10,0.992224620902632
15,9,0.15,0.9957959243545664
15,9,0.20,0.9968227525986877
15,9,0.25,0.9952935136483604
15,9,0.30,0.9970961631030313
15,9,0.35,0.9974935631506392
15,9,0.40,0.9978879223750626
15,9,0.45,0.9979010759635065
15,9,0.50,0.9979049419142157
15,9,0.55,0.998491988909504
15,9,0.60,0.9981521010080093
15,9,0.65,0.9983644007298539
15,9,0.70,0.9980959404456604
15,9,0.75,0.9983798801501806
15,9,0.80,0.9983502195469476
15,9,0.85,0.9988065542562543
15,9,0.90,0.9982400314302405
15,9,0.95,0.9983617620819976
16,0,0.05,0.9859179343194524
16,0,0.10,0.9969441862351279
16,0,0.15,0.9964718979317714
16,0,0.20,0.9970180887599308
16,0,0.25,0.9958232737355243
16,0,0.30,0.9982050265454016
16,0,0.35,0.9985600728783178
16,0,0.40,0.9975608161262249
16,0,0.45,0.9987520660192589
16,0,0.50,0.998419269660151
16,0,0.55,0.9983946951925035
16,0,0.60,0.9982687264706154
16,0,0.65,0.998543991868193
16,0,0.70,0.9989135745980264
16,0,0.75,0.9984574513516434
16,0,0.80,0.9984369710413907
16,0,0.85,0.9985726851898867
16,0,0.90,0.9983369880077707
16,0,0.95,0.9985837153973903
16,1,0.05,0.9957926445468347
16,1,0.10,0.9958473161164627
16,1,0.15,0.9950791384501435
16,1,0.20,0.9982144847658107
16,1,0.25,0.9976757093024232
16,1,0.30,0.9979367810350236
16,1,0.35,0.997776856307001
16,1,0.40,0.9980476400117217
16,1,0.45,0.9979512668737567
16,1,0.50,0.9979267115678581
16,1,0.55,0.9980181887642962
16,1,0.60,0.998676845870754
16,1,0.65,0.9979774998463625
16,1,0.70,0.9985487262776109
16,1,0.75,0.9981175165517343
16,1,0.80,0.9985886878202718
16,1,0.85,0.9985840725041574
16,1,0.90,0.9985261963215649
16,1,0.95,0.9980814635012555
16,2,0.05,0.9947309404586084
16,2,0.10,0.9907371157257473
16,2,0.15,0.9967771256066912
16,2,0.20,0.9956081323309541
16,2,0.25,0.997512079345951
16,2,0.30,0.9978508087560226
16,2,0.35,0.9983252506846455
16,2,0.40,0.998161624804844
16,2,0.45,0.9984515383128096
16,2,0.50,0.9980712928591663
16,2,0.55,0.9982148384340843
16,2,0.60,0.9980467055317261
16,2,0.65,0.9982725042815481
16,2,0.70,0.9982543464302649
16,2,0.75,0.9984607528768333
16,2,0.80,0.9986178620522386
16,2,0.85,0.998670256584802
16,2,0.90,0.9987120104901158
16,2,0.95,0.9985980137980296
16,3,0.05,0.9897682905628788
16,3,0.10,0.9950899240962765
16,3,0.15,0.99591814472671
16,3,0.20,0.997441913180057
16,3,0.25,0.9981322321721092
16,3,0.30,0.9976814189747809
16,3,0.35,0.9983644096536634
16,3,0.40,0.9978187858901907
16,3,0.45,0.9983162733150025
16,3,0.50,0.9981605692963693
16,3,0.55,0.9976956759311524
16,3,0.60,0.9987385631084744
16,3,0.65,0.9982773152544272
16,3,0.70,0.9982111886079887
16,3,0.75,0.9985646920233443
16,3,0.80,0.9987606860613507
16,3,0.85,0.9986094583601447
16,3,0.90,0.9982807097078967
16,3,0.95,0.998575293497812
16,4,0.05,0.9881855105918386
16,4,0.10,0.9953089264470649
16,4,0.15,0.9951496726698729
16,4,0.20,0.9971279107823763
16,4,0.25,0.9972924134028885
16,4,0.30,0.9976741392239846
16,4,0.35,0.9979434047837777
16,4,0.40,0.9984082377637994
16,4,0.45,0.9978689408746848
16,4,0.50,0.998098051433423
16,4,0.55,0.9984540249154312
16,4,0.60,0.9983123893646345
16,4,0.65,0.9981680674135289
16,4,0.70,0.9985176288573153
16,4,0.75,0.9982545799862226
16,4,0.80,0.9981267589829713
16,4,0.85,0.9988875106735389
16,4,0.90,0.9985610249872429
16,4,0.95,0.9984220214181655
16,5,0.05,0.9968393293598158
16,5,0.10,0.9960281691192634
16,5,0.15,0.9951321285957039
16,5,0.20,0.9969551902040266
16,5,0.25,0.9985769628102256
16,5,0.30,0.997451010970646
16,5,0.35,0.9986638359146315
16,5,0.40,0.9978355797064971
16,5,0.45,0.9983548625146176
16,5,0.50,0.9984732796606505
16,5,0.55,0.9982318760606316
16,5,0.60,0.9982709396953701
16,5,0.65,0.9983188475277136
16,5,0.70,0.9980512038554694
16,5,0.75,0.998101831049743
16,5,0.80,0.9987379555632738
16,5,0.85,0.9988690033969965
16,5,0.90,0.9985102774263173
16,5,0.95,0.9986643847189249
16,6,0.05,0.989932079590395
16,6,0.10,0.9965668871038944
16,6,0.15,0.9936707926712968
16,6,0.20,0.9957638536979913
16,6,0.25,0.9979465067875004
16,6,0.30,0.997961064967551
16,6,0.35,0.998414479135453
16,6,0.40,0.9976385103634148
16,6,0.45,0.9979997890511697
16,6,0.50,0.9985373199260725
16,6,0.55,0.9985675674310748
16,6,0.60,0.9982154763448237
16,6,0.65,0.9979872074688629
16,6,0.70,0.9984890684916639
16,6,0.75,0.9985602673915226
16,6,0.80,0.9983957659184
16,6,0.85,0.998226863025175
16,6,0.90,0.9985559410478753
16,6,0.95,0.998405655939562
16,7,0.05,0.9890311207293969
16,7,0.10,0.9916802802340616
16,7,0.15,0.9974035848179714
16,7,0.20,0.99768197701301
16,7,0.25,0.9972844275024478
16,7,0.30,0.9973956616899561
16,7,0.35,0.9978553023342019
16,7,0.40,0.9982209858790253
16,7,0.45,0.9974484224935307
16,7,0.50,0.9980343842644833
16,7,0.55,0.9981955357049946
16,7,0.60,0.9981009472423562
16,7,0.65,0.9987008788859092
16,7,0.70,0.998106227845516
16,7,0.75,0.9984796011134508
16,7,0.80,0.9981623657277177
16,7,0.85,0.9985446156468828
16,7,0.90,0.9983148565676879
16,7,0.95,0.9983313830911985
16,8,0.05,0.9938673045030808
16,8,0.10,0.997664934740701
16,8,0.15,0.9958300150688812
16,8,0.20,0.9973513936024455
16,8,0.25,0.9979204390446659
16,8,0.30,0.9966352007084691
16,8,0.35,0.9982252549369797
16,8,0.40,0.998384388535831
16,8,0.45,0.9983855052292553
16,8,0.50,0.9984034881940929
16,8,0.55,0.9982163166627027
16,8,0.60,0.9982033181812471
16,8,0.65,0.9981752049094019
16,8,0.70,0.9986269359279603
16,8,0.75,0.9979963017996132
16,8,0.80,0.9984136298846638
16,8,0.85,0.998620154070516
16,8,0.90,0.9983562245753818
16,8,0.95,0.9983788814114197
16,9,0.05,0.9948943474310342
16,9,0.10,0.9942938898359331
16,9,0.15,0.9970073337117005
16,9,0.20,0.996246605404623
16,9,0.25,0.9974408677532729
16,9,0.30,0.9979961279037048
16,9,0.35,0.9975152124148042
16,9,0.40,0.9983657037435343
16,9,0.45,0.9980601172823393
16,9,0.50,0.9979327540626259
16,9,0.55,0.9978781916803793
16,9,0.60,0.9984536024903983
16,9,0.65,0.9981686276924423
16,9,0.70,0.9982664102296172
16,9,0.75,0.9986898604769402
16,9,0.80,0.9987268444768577
16,9,0.85,0.9984648569354696
16,9,0.90,0.9988400654885707
16,9,0.95,0.9984847164411148
17,0,0.05,0.9888921345033413
17,0,0.10,0.9921011547186712
17,0,0.15,0.9965277067343148
17,0,0.20,0.9966868388023766
17,0,0.25,0.9976235820010557
17,0,0.30,0.998069477347777
17,0,0.35,0.9979715613653513
17,0,0.40,0.9974251137325885
17,0,0.45,0.9981350604768494
17,0,0.50,0.9980332682164416
17,0,0.55,0.998249367202079
17,0,0.60,0.9980504653447242
17,0,0.65,0.9982254153602512
17,0,0.70,0.9981605291143164
17,0,0.75,0.9984998436227609
17,0,0.80,0.9981364003227864
17,0,0.85,0.9984477167323348
17,0,0.90,0.9981445227008385
17,0,0.95,0.9986290493678799
17,1,0.05,0.9952043635959499
17,1,0.10,0.9955825124708573
17,1,0.15,0.9967055027613663
17,1,0.20,0.9973331000674847
17,1,0.25,0.9979396941880017
17,1,0.30,0.9976178535842413
17,1,0.35,0.9977168650702034
17,1,0.40,0.9985564408319036
17,1,0.45,0.9981631418613783
17,1,0.50,0.9980366199130447
17,1,0.55,0.9982642758408969
17,1,0.60,0.9985302720280468
17,1,0.65,0.9981413812916378
17,1,0.70,0.998448210353292
17,1,0.75,0.9984482934783423
17,1,0.80,0.9982458365054299
17,1,0.85,0.9982533010320382
17,1,0.90,0.9984192774890427
17,1,0.95,0.9988012659462194
17,2,0.05,0.9909103431780872
17,2,0.10,0.9964608360104906
17,2,0.15,0.9976391460215235
17,2,0.20,0.996960429164301
17,2,0.25,0.9983869421221001
17,2,0.30,0.998356095301239
17,2,0.35,0.9983061244857642
17,2,0.40,0.9978357611674917
17,2,0.45,0.9981815895192229
17,2,0.50,0.9986255473442466
17,2,0.55,0.9981332217094965
17,2,0.60,0.9978636680735166
17,2,0.65,0.9976864183527988
17,2,0.70,0.9979679310888574
17,2,0.75,0.9982528636701772
17,2,0.80,0.9983110965153826
17,2,0.85,0.9983924040370603
17,2,0.90,0.9983592660817038
17,2,0.95,0.998357408218651
17,3,0.05,0.9877863180994034
17,3,0.10,0.9966470551164603
17,3,0.15,0.9969191459161149
17,3,0.20,0.997140777844656
17,3,0.25,0.996928072140262
17,3,0.30,0.9970363454090782
17,3,0.35,0.9980660864409352
17,3,0.40,0.9973270658547663
17,3,0.45,0.997806077049493
17,3,0.50,0.998105482726326
17,3,0.55,0.9981646739876995
17,3,0.60,0.9983860060359786
17,3,0.65,0.9977957710827967
17,3,0.70,0.9985128133022986
17,3,0.75,0.9983140175404974
17,3,0.80,0.9979761955228174
17,3,0.85,0.9985125734471638
17,3,0.90,0.9985835932084896
17,3,0.95,0.9982205945360325
17,4,0.05,0.9916225300543281
17,4,0.10,0.9957910380725019
17,4,0.15,0.9967767109799351
17,4,0.20,0.9981151860698951
17,4,0.25,0.9981038347146596
17,4,0.30,0.997837121685089
17,4,0.35,0.9985794821903762
17,4,0.40,0.9982767905733192
17,4,0.45,0.998037889512171
17,4,0.50,0.9982580346113913
17,4,0.55,0.9975194923144002
17,4,0.60,0.9985603822164109
17,4,0.65,0.9983087148509913
17,4,0.70,0.9985041717100509
17,4,0.75,0.9981326233800938
17,4,0.80,0.99798215355902
17,4,0.85,0.9980607590264481
17,4,0.90,0.9985468684206004
17,4,0.95,0.9985423794766742
17,5,0.05,0.9899020093798305
17,5,0.10,0.9977271894372385
17,5,0.15,0.9976916839115102
17,5,0.20,0.9982485033627164
17,5,0.25,0.9981110782259309
17,5,0.30,0.9978997078792635
17,5,0.35,0.997624706865896
17,5,0.40,0.9979685606053063
17,5,0.45,0.9980568206755317
17,5,0.50,0.9973464197029979
17,5,0.55,0.9979285215842533
17,5,0.60,0.997923184911098
17,5,0.65,0.9981050212212647
17,5,0.70,0.9982889980965104
17,5,0.75,0.99834309605158
17,5,0.80,0.998453179059573
17,5,0.85,0.9983788029982444
17,5,0.90,0.9983787254057064
17,5,0.95,0.998580352412017
17,6,0.05,0.9822901289668277
17,6,0.10,0.9924742452306256
17,6,0.15,0.9974644476271917
17,6,0.20,0.9979230402676127
17,6,0.25,0.997321962330873
17,6,0.30,0.9979634891696735
17,6,0.35,0.9981174340425645
17,6,0.40,0.9979444545167034
17,6,0.45,0.9978508010597802
17,6,0.50,0.9980515683145101
17,6,0.55,0.9984739541966149
17,6,0.60,0.9973956882390468
17,6,0.65,0.9979757898077444
17,6,0.70,0.9986226541686396
17,6,0.75,0.9986935052997931
17,6,0.80,0.9984748379643705
17,6,0.85,0.9982626739662175
17,6,0.90,0.9982977286910035
17,6,0.95,0.9985601080630103
17,7,0.05,0.9959735248538805
17,7,0.10,0.9971982486327468
17,7,0.15,0.9976723532152263
17,7,0.20,0.9979975124174512
17,7,0.25,0.9979799110350133
17,7,0.30,0.9980938833560243
17,7,0.35,0.9982272903774919
17,7,0.40,0.998219163205044
17,7,0.45,0.9979537394512632
17,7,0.50,0.9982955734287737
17,7,0.55,0.9977242011068255
17,7,0.60,0.9984283692389037
17,7,0.65,0.9978347259944006
17,7,0.70,0.9986294283266766
17,7,0.75,0.9983493434440163
17,7,0.80,0.9984243797385095
17,7,0.85,0.9982018439812586
17,7,0.90,0.9981352557283982
17,7,0.95,0.9984100767156074
17,8,0.05,0.9930096297239851
17,8,0.10,0.997486701545251
17,8,0.15,0.9955386142847451
17,8,0.20,0.9972289459640238
17,8,0.25,0.9974984913677485
17,8,0.30,0.997341281647009
17,8,0.35,0.9982128504359745
17,8,0.40,0.9977230770386523
17,8,0.45,0.9983166769648323
17,8,0.50,0.9984066381376988
17,8,0.55,0.998139094363686
17,8,0.60,0.9984061983436979
17,8,0.65,0.9984232596636858
17,8,0.70,0.998580000865496
17,8,0.75,0.9982148407217496
17,8,0.80,0.9984471396457636
17,8,0.85,0.9983352175821649
17,8,0.90,0.9985201768871594
17,8,0.95,0.9982870314952499
17,9,0.05,0.989714459237462
17,9,0.10,0.9955858266214769
17,9,0.15,0.9973158084564951
17,9,0.20,0.9969943674687233
17,9,0.25,0.9979972783344692
17,9,0.30,0.9983231257880633
17,9,0.35,0.9979759582274125
17,9,0.40,0.9979834687502017
17,9,0.45,0.9980109195622854
17,9,0.50,0.9983055934016652
17,9,0.55,0.9984316895123003
17,9,0.60,0.9984110532846648
17,9,0.65,0.9983358793588404
17,9,0.70,0.9982604983357409
17,9,0.75,0.9983352041221922
17,9,0.80,0.9979020844423798
17,9,0.85,0.9982963082599976
17,9,0.90,0.9988469561792758
17,9,0.95,0.9984834033741533
18,0,0.05,0.9871435500452295
18,0,0.10,0.99578130994019
18,0,0.15,0.9968206845995756
18,0,0.20,0.9977361299924966
18,0,0.25,0.9967436909592513
18,0,0.30,0.9972374816249607
18,0,0.35,0.9981010124156092
18,0,0.40,0.9975926246527855
18,0,0.45,0.9982183830376997
18,0,0.50,0.9980312965105743
18,0,0.55,0.9984973168261113
18,0,0.60,0.9981874927277323
18,0,0.65,0.9981517006927201
18,0,0.70,0.9986220629464307
18,0,0.75,0.997970601747591
18,0,0.80,0.9982446901584762
18,0,0.85,0.9985939872765169
18,0,0.90,0.9984798352046989
18,0,0.95,0.9985732603001981
18,1,0.05,0.9926389084798527
18,1,0.10,0.9953255902829428
18,1,0.15,0.9955445665119041
18,1,0.20,0.9973003327705331
18,1,0.25,0.9975475224063164
18,1,0.30,0.9977084555531757
18,1,0.35,0.9983164700926206
18,1,0.40,0.9978263817738214
18,1,0.45,0.9976512678142221
18,1,0.50,0.9983690048904073
18,1,0.55,0.9983261261040675
18,1,0.60,0.9982204857337885
18,1,0.65,0.9986000585467961
18,1,0.70,0.9983274354840594
18,1,0.75,0.9987400598126115
18,1,0.80,0.9981263020279941
18,1,0.85,0.9984167945955102
18,1,0.90,0.9984262175537576
18,1,0.95,0.9982744159230161
18,2,0.05,0.9897709527398131
18,2,0.10,0.9963989582094456
18,2,0.15,0.9963669493490473
18,2,0.20,0.9977812397410956
18,2,0.25,0.99704481594238
18,2,0.30,0.9976118864048114
18,2,0.35,0.9978322383719538
18,2,0.40,0.9976448560177137
18,2,0.45,0.9979953135711586
18,2,0.50,0.9979744957158421
18,2,0.55,0.9981231455847456
18,2,0.60,0.9981804931145366
18,2,0.65,0.998318079082004
18,2,0.70,0.9982963357092575
18,2,0.75,0.9984908075414711
18,2,0.80,0.9979216760036765
18,2,0.85,0.9986894118620515
18,2,0.90,0.9986947031370973
18,2,0.95,0.9983296640170463
18,3,0.05,0.9916570995335772
18,3,0.10,0.9965129594675396
18,3,0.15,0.9960869994421547
18,3,0.20,0.9967262496034962
18,3,0.25,0.9976202282588533
18,3,0.30,0.9981282255641464
18,3,0.35,0.9981784031714651
18,3,0.40,0.9980427159439563
18,3,0.45,0.997932878275072
18,3,0.50,0.9982004102545374
18,3,0.55,0.9980019032492959
18,3,0.60,0.9979813299101591
18,3,0.65,0.9979400348167469
18,3,0.70,0.9985587414231207
18,3,0.75,0.9985247593135428
18,3,0.80,0.9982756663218861
18,3,0.85,0.9986321475337206
18,3,0.90,0.9984348344386037
18,3,0.95,0.9984976092424029
18,4,0.05,0.9518582518626597
18,4,0.10,0.9976132430153841
18,4,0.15,0.9965353501773485
18,4,0.20,0.9971439098954384
18,4,0.25,0.9979725369082392
18,4,0.30,0.9979493376460646
18,4,0.35,0.998028791920051
18,4,0.40,0.997960357415868
18,4,0.45,0.9979879515462866
18,4,0.50,0.9981421815293031
18,4,0.55,0.9977956681867993
18,4,0.60,0.998662896100542
18,4,0.65,0.9982624691840589
18,4,0.70,0.9985186643648034
18,4,0.75,0.9983069632948909
18,4,0.80,0.9979294116064453
18,4,0.85,0.9981150887554802
18,4,0.90,0.9983336617138987
18,4,0.95,0.9986104650688294
18,5,0.05,0.9889470891100921
18,5,0.10,0.9958309994232255
18,5,0.15,0.9965625835282965
18,5,0.20,0.9971580948141451
18,5,0.25,0.9973530570260676
18,5,0.30,0.9971161364727418
18,5,0.35,0.997477673318966
18,5,0.40,0.9969701888044009
18,5,0.45,0.99807401707201
18,5,0.50,0.9983144353257252
18,5,0.55,0.9980351728314094
18,5,0.60,0.998237582067801
18,5,0.65,0.9981488585343004
18,5,0.70,0.9982644271883411
18,5,0.75,0.9984815160687835
18,5,0.80,0.9982888714668952
18,5,0.85,0.9987126946941901
18,5,0.90,0.9984735986711349
18,5,0.95,0.9984402348356324
18,6,0.05,0.9887785118257187
18,6,0.10,0.9964049041751792
18,6,0.15,0.9960619627907796
18,6,0.20,0.9965932573921475
18,6,0.25,0.9965642283725464
18,6,0.30,0.9977932085579975
18,6,0.35,0.9981763472243395
18,6,0.40,0.9979537734227673
18,6,0.45,0.9982961453263712
18,6,0.50,0.9982606348205556
18,6,0.55,0.9981262012489709
18,6,0.60,0.9981911467928746
18,6,0.65,0.9981525419346972
18,6,0.70,0.9983801578380237
18,6,0.75,0.9982856806132955
18,6,0.80,0.9982125755497645
18,6,0.85,0.9984213813861337
18,6,0.90,0.9986703451262882
18,6,0.95,0.9984573517740227
18,7,0.05,0.9953830559647959
18,7,0.10,0.9960465576449868
18,7,0.15,0.9972920041611437
18,7,0.20,0.9975345193239573
18,7,0.25,0.9976545051325194
18,7,0.30,0.9978284067427545
18,7,0.35,0.9978719328172849
18,7,0.40,0.9980198324913089
18,7,0.45,0.99812972469624
18,7,0.50,0.9975341093182875
18,7,0.55,0.9980670976061063
18,7,0.60,0.9982432971683642
18,7,0.65,0.9981564780566318
18,7,0.70,0.9984498083625064
18,7,0.75,0.9983837826020271
18,7,0.80,0.9979645351892644
18,7,0.85,0.9985198033052924
18,7,0.90,0.9984837221352695
18,7,0.95,0.9984779949384495
18,8,0.05,0.9910088423308102
18,8,0.10,0.9969790138711573
18,8,0.15,0.9965964913369507
18,8,0.20,0.9968963855321025
18,8,0.25,0.997296405215213
18,8,0.30,0.9978048352535789
18,8,0.35,0.9976276929855545
18,8,0.40,0.9975524548826851
18,8,0.45,0.9981518615112254
18,8,0.50,0.9981322292339955
18,8,0.55,0.998815704534878
18,8,0.60,0.9984635653609593
18,8,0.65,0.9985135285361998
18,8,0.70,0.9986212480008345
18,8,0.75,0.9983958413064524
18,8,0.80,0.998217338001881
18,8,0.85,0.9985402806046233
18,8,0.90,0.9984151729440146
18,8,0.95,0.9985482472170738
18,9,0.05,0.9955228834004158
18,9,0.10,0.9960830908396414
18,9,0.15,0.9967225841789609
18,9,0.20,0.9979856486246361
18,9,0.25,0.9977380543897927
18,9,0.30,0.996579530725674
18,9,0.35,0.9984354546702782
18,9,0.40,0.9981063882632012
18,9,0.45,0.9979378135659827
18,9,0.50,0.9984356330662268
18,9,0.55,0.9985582984987934
18,9,0.60,0.998627616368195
18,9,0.65,0.9984060996667306
18,9,0.70,0.9982060617596982
18,9,0.75,0.9985459291619292
18,9,0.80,0.9984808139433684
18,9,0.85,0.998288060859652
18,9,0.90,0.9983501601404501
18,9,0.95,0.998454466131359
19,0,0.05,0.989806961600588
19,0,0.10,0.9942071488703664
19,0,0.15,0.9960119328633915
19,0,0.20,0.9974505305724564
19,0,0.25,0.9973464813401628
19,0,0.30,0.9977082745540136
19,0,0.35,0.9982255108963927
19,0,0.40,0.9975259434637013
19,0,0.45,0.9982851407631546
19,0,0.50,0.9982125081495927
19,0,0.55,0.99822560757642
19,0,0.60,0.9984271325647641
19,0,0.65,0.9984009706235468
19,0,0.70,0.9986253534944524
19,0,0.75,0.9979046853167904
19,0,0.80,0.9983333068391769
19,0,0.85,0.9980894546912209
19,0,0.90,0.9987093226137727
19,0,0.95,0.9986130397693277
19,1,0.05,0.9924002064651282
19,1,0.10,0.9936371201036657
19,1,0.15,0.9972739854925492
19,1,0.20,0.9977790414669301
19,1,0.25,0.9977407501065338
19,1,0.30,0.9984864680831309
19,1,0.35,0.9978469479526716
19,1,0.40,0.9976413297779944
19,1,0.45,0.998168903172201
19,1,0.50,0.9981479489720806
19,1,0.55,0.9978781289069962
19,1,0.60,0.9982283131789899
19,1,0.65,0.9982880598320232
19,1,0.70,0.9983833458984039
19,1,0.75,0.9985990972618126
19,1,0.80,0.9980300817216631
19,1,0.85,0.9981995443403312
19,1,0.90,0.9986579308269647
19,1,0.95,0.9988387504990299
19,2,0.05,0.9940208697153953
19,2,0.10,0.9971679683262912
19,2,0.15,0.9969962791897871
19,2,0.20,0.9978869431848328
19,2,0.25,0.9984697657625845
19,2,0.30,0.9979525135927325
19,2,0.35,0.9980694163621011
19,2,0.40,0.9977084101901431
19,2,0.45,0.9984305840972714
19,2,0.50,0.9980573360433763
19,2,0.55,0.9981198217433339
19,2,0.60,0.9984476125353007
19,2,0.65,0.9983539965554244
19,2,0.70,0.9980526275613596
19,2,0.75,0.997994270834322
19,2,0.80,0.9983162534149262
19,2,0.85,0.9983913601053117
19,2,0.90,0.99843315137246
19,2,0.95,0.998636451830828
19,3,0.05,0.9883754577757571
19,3,0.10,0.9929984596512355
19,3,0.15,0.9951689170490731
19,3,0.20,0.9972037269695884
19,3,0.25,0.9985072079608442
19,3,0.30,0.9979401910033151
19,3,0.35,0.9981387386250655
19,3,0.40,0.9981241876886582
19,3,0.45,0.9983034062008634
19,3,0.50,0.9983789488033544
19,3,0.55,0.9981930418233381
19,3,0.60,0.9974459287259227
19,3,0.65,0.9983085653141951
19,3,0.70,0.998474881207917
19,3,0.75,0.9986967326329403
19,3,0.80,0.9984721424013898
19,3,0.85,0.9988102400541191
19,3,0.90,0.9985874087267892
19,3,0.95,0.9984045047910556
19,4,0.05,0.9912463623980011
19,4,0.10,0.9957250108580098
19,4,0.15,0.9937003360921676
19,4,0.20,0.9967700037203037
19,4,0.25,0.9980754580651302
19,4,0.30,0.9976020831650241
19,4,0.35,0.9982535618873241
19,4,0.40,0.9977434445944023
19,4,0.45,0.9979076778938515
19,4,0.50,0.9985320649572309
19,4,0.55,0.9981372779829214
19,4,0.60,0.998397741246165
19,4,0.65,0.99811697249472
19,4,0.70,0.9983637212717247
19,4,0.75,0.9987603918664697
19,4,0.80,0.9984051713300555
19,4,0.85,0.9985154462364711
19,4,0.90,0.9985779865530306
19,4,0.95,0.9985819078861201
19,5,0.05,0.9794101594555711
19,5,0.10,0.9887644767227206
19,5,0.15,0.9953607812907206
19,5,0.20,0.9978983054739704
19,5,0.25,0.9979508506644862
19,5,0.30,0.9978100669512078
19,5,0.35,0.9974570676322895
19,5,0.40,0.9980416467535099
19,5,0.45,0.9978668393294153
19,5,0.50,0.9979788310892465
19,5,0.55,0.9981941795970432
19,5,0.60,0.9983554857699924
19,5,0.65,0.9982395627978358
19,5,0.70,0.9984375283739584
19,5,0.75,0.9986497991865673
19,5,0.80,0.9985904547932969
19,5,0.85,0.9983924169365228
19,5,0.90,0.998593345632553
19,5,0.95,0.9986485560871755
19,6,0.05,0.983950030844103
19,6,0.10,0.9892838387833612
19,6,0.15,0.9951165469046982
19,6,0.20,0.9977617941277003
19,6,0.25,0.9968404023857687
19,6,0.30,0.9971621885294768
19,6,0.35,0.9975242721508019
19,6,0.40,0.9980548966931675
19,6,0.45,0.9977623486116864
19,6,0.50,0.9981649767611566
19,6,0.55,0.9981862886916537
19,6,0.60,0.9984561412569218
19,6,0.65,0.998204933805252
19,6,0.70,0.9984131271879373
19,6,0.75,0.9982196253477771
19,6,0.80,0.9983248056402735
19,6,0.85,0.998294136755329
19,6,0.90,0.9985297342693259
19,6,0.95,0.9987279192690932
19,7,0.05,0.9912740962763384
19,7,0.10,0.9947796715082733
19,7,0.15,0.9966078355844168
19,7,0.20,0.9978906019428617
19,7,0.25,0.9982510788082222
19,7,0.30,0.9978912627676966
19,7,0.35,0.9984609965734712
19,7,0.40,0.9974877027646326
19,7,0.45,0.9981678611993147
19,7,0.50,0.9981870821041021
19,7,0.55,0.9981647405435101
19,7,0.60,0.9983786908194028
19,7,0.65,0.9985593278742484
19,7,0.70,0.9981488512362305
19,7,0.75,0.9983288859768968
19,7,0.80,0.9983427890812039
19,7,0.85,0.9982765212891949
19,7,0.90,0.9983768202611844
19,7,0.95,0.9987760045751298
19,8,0.05,0.9910029822032509
19,8,0.10,0.9937720852444912
19,8,0.15,0.9957662971308835
19,8,0.20,0.9969849679584956
19,8,0.25,0.9982558137298709
19,8,0.30,0.9984253136575489
19,8,0.35,0.9979045731875613
19,8,0.40,0.9980865063766703
19,8,0.45,0.9978459731717051
19,8,0.50,0.9980347914854983
19,8,0.55,0.998606512261139
19,8,0.60,0.9980433445594055
19,8,0.65,0.9980943379625606
19,8,0.70,0.9985439033014304
19,8,0.75,0.9982970117331446
19,8,0.80,0.9981033311067591
19,8,0.85,0.9987482453980291
19,8,0.90,0.9985669377759593
19,8,0.95,0.9984103921335526
19,9,0.05,0.9866465756534218
19,9,0.10,0.9939718780026299
19,9,0.15,0.9960533833974429
19,9,0.20,0.9961658042564709
19,9,0.25,0.9978388561558683
19,9,0.30,0.9982385064856552
19,9,0.35,0.9981826438223297
19,9,0.40,0.9978990382912306
19,9,0.45,0.998244002497422
19,9,0.50,0.9977770583351325
19,9,0.55,0.9982539121864021
19,9,0.60,0.9981906133554641
19,9,0.65,0.9986725257542585
19,9,0.70,0.9983058747709617
19,9,0.75,0.9983142696302186
19,9,0.80,0.9983735303058713
19,9,0.85,0.9984538182543032
19,9,0.90,0.9985290315580312
19,9,0.95,0.9986091460625434
20,0,0.05,0.987694375186433
20,0,0.10,0.9940863767951899
20,0,0.15,0.997088078269801
20,0,0.20,0.9968503124463981
20,0,0.25,0.9972550729239693
20,0,0.30,0.9978002878366451
20,0,0.35,0.9982880478597334
20,0,0.40,0.9975382578637604
20,0,0.45,0.9980432614613745
20,0,0.50,0.9974692962259434
20,0,0.55,0.9985527299947339
20,0,0.60,0.9981544289037729
20,0,0.65,0.9985943294865515
20,0,0.70,0.9984288206392382
20,0,0.75,0.998406429329059
20,0,0.80,0.9987092341333911
20,0,0.85,0.9983290143404968
20,0,0.90,0.9983213502740368
20,0,0.95,0.9984377079684119
20,1,0.05,0.9947840837652746
20,1,0.10,0.9967134925399842
20,1,0.15,0.9969886910202114
20,1,0.20,0.996585197616118
20,1,0.25,0.996853832172235
20,1,0.30,0.9982003731747677
20,1,0.35,0.9973656869600485
20,1,0.40,0.9980797643688106
20,1,0.45,0.9977451035427133
20,1,0.50,0.9981158673714068
20,1,0.55,0.9983753242961041
20,1,0.60,0.9981623124018738
20,1,0.65,0.9980290210120748
20,1,0.70,0.998733125554286
20,1,0.75,0.9984374043577611
20,1,0.80,0.9984753933931594
20,1,0.85,0.9982463502234764
20,1,0.90,0.998668070951817
20,1,0.95,0.9987992565487865
20,2,0.05,0.9854925299988989
20,2,0.10,0.9935751313501534
20,2,0.15,0.9969997645204033
20,2,0.20,0.9969535742454906
20,2,0.25,0.9974834282868125
20,2,0.30,0.9975584583025658
20,2,0.35,0.9982835875916791
20,2,0.40,0.9979787529884304
20,2,0.45,0.9980430939113595
20,2,0.50,0.9982250247897222
20,2,0.55,0.998254519074471
20,2,0.60,0.9980117981479946
20,2,0.65,0.9980415255998215
20,2,0.70,0.998266867589291
20,2,0.75,0.9986514385282428
20,2,0.80,0.9982030235520911
20,2,0.85,0.9982125184854083
20,2,0.90,0.9986693801713371
20,2,0.95,0.9987092406292063
20,3,0.05,0.9878925142485815
20,3,0.10,0.9956616210178736
20,3,0.15,0.9958601696048124
20,3,0.20,0.9968078379790171
20,3,0.25,0.9978161577979544
20,3,0.30,0.9976050615114499
20,3,0.35,0.9972531491051654
20,3,0.40,0.9982541954299093
20,3,0.45,0.9973836603057994
20,3,0.50,0.9979852024062014
20,3,0.55,0.9981927178817005
20,3,0.60,0.9984787553143132
20,3,0.65,0.9983238465798874
20,3,0.70,0.9984071915972015
20,3,0.75,0.9985853969133569
20,3,0.80,0.9985455245045054
20,3,0.85,0.9985541461166025
20,3,0.90,0.9982523831327796
20,3,0.95,0.9982062353848867
20,4,0.05,0.9902190548545254
20,4,0.10,0.9942834408383214
20,4,0.15,0.9973633028059168
20,4,0.20,0.9970266952070279
20,4,0.25,0.9968855720136599
20,4,0.30,0.9977025031984923
20,4,0.35,0.9981378967316472
20,4,0.40,0.9981959524741766
20,4,0.45,0.9983153158659233
20,4,0.50,0.9981465740621198
20,4,0.55,0.9983620347310019
20,4,0.60,0.998387319733866
20,4,0.65,0.9982149528638348
20,4,0.70,0.9987033459318766
20,4,0.75,0.9981051101258362
20,4,0.80,0.9983858459690754
20,4,0.85,0.9986244939641875
20,4,0.90,0.9986745829956428
20,4,0.95,0.9984477193665247
20,5,0.05,0.9850665409529328
20,5,0.10,0.9973968880547249
20,5,0.15,0.9978551332576505
20,5,0.20,0.9968927995200223
20,5,0.25,0.9968152308295257
20,5,0.30,0.9973580192979506
20,5,0.35,0.9984048052892143
20,5,0.40,0.9974796179932621
20,5,0.45,0.9981294117355409
20,5,0.50,0.9983906886556921
20,5,0.55,0.9977566435498548
20,5,0.60,0.9978082841619466
20,5,0.65,0.9977862019028351
20,5,0.70,0.9983887241504841
20,5,0.75,0.9983651089102439
20,5,0.80,0.9980326171024174
20,5,0.85,0.9982847902278296
20,5,0.90,0.9984904279397592
20,5,0.95,0.9984222324723868
20,6,0.05,0.9858336072275172
20,6,0.10,0.9973083071182699
20,6,0.15,0.9971424693996235
20,6,0.20,0.9952633293838912
20,6,0.25,0.9968154068726677
20,6,0.30,0.9974198195621438
20,6,0.35,0.9981351223849173
20,6,0.40,0.997912730843014
20,6,0.45,0.9979765029005256
20,6,0.50,0.9977818391097675
20,6,0.55,0.9984708622412531
20,6,0.60,0.9984638378082227
20,6,0.65,0.9981837677322656
20,6,0.70,0.9979929787670284
20,6,0.75,0.9985317051174407
20,6,0.80,0.998378681200602
20,6,0.85,0.9984666832878853
20,6,0.90,0.9980798409942123
20,6,0.95,0.9988391533583576
20,7,0.05,0.9943462010580675
20,7,0.10,0.9971797119753213
20,7,0.15,0.9963868735330674
20,7,0.20,0.9962199321722254
20,7,0.25,0.9977430550727185
20,7,0.30,0.9972678137092177
20,7,0.35,0.9977268640769117
20,7,0.40,0.9979160831894113
20,7,0.45,0.9984426477767699
20,7,0.50,0.9986811551227968
20,7,0.55,0.9983495295607779
20,7,0.60,0.998623837199731
20,7,0.65,0.998073294551796
20,7,0.70,0.9982420315698579
20,7,0.75,0.9985707867455608
20,7,0.80,0.9980891248594237
20,7,0.85,0.9986160956361292
20,7,0.90,0.9985234239419919
20,7,0.95,0.9985355050773518
20,8,0.05,0.9952717776538488
20,8,0.10,0.9944835803704924
20,8,0.15,0.9982011978451765
20,8,0.20,0.9969271974367591
20,8,0.25,0.9977640701029701
20,8,0.30,0.9973003978335805
20,8,0.35,0.9979810214899743
20,8,0.40,0.9983240215803936
20,8,0.45,0.9981455462178999
20,8,0.50,0.9983195482531684
20,8,0.55,0.9979464791746472
20,8,0.60,0.9979494136498378
20,8,0.65,0.998496982054394
20,8,0.70,0.9981651186822537
20,8,0.75,0.9981791779242256
20,8,0.80,0.9987712655808213
20,8,0.85,0.9983593942686573
20,8,0.90,0.9981173593666912
20,8,0.95,0.9984815244720598
20,9,0.05,0.9877664233904624
20,9,0.10,0.9958534537906718
20,9,0.15,0.9964557990982079
20,9,0.20,0.9973360384893846
20,9,0.25,0.9962799475113887
20,9,0.30,0.99772285330851
20,9,0.35,0.997224916225081
20,9,0.40,0.9980910899535259
20,9,0.45,0.9983499785130802
20,9,0.50,0.9977305670009323
20,9,0.55,0.9984778268004355
20,9,0.60,0.9984270517208393
20,9,0.65,0.9982563999869274
20,9,0.70,0.9982368204353603
20,9,0.75,0.9980750983188641
20,9,0.80,0.998384218634902
20,9,0.85,0.9984097910120941
20,9,0.90,0.9983340383127987
20,9,0.95,0.9984188113679475
21,0,0.05,0.981173491661283
21,0,0.10,0.9933127987352066
21,0,0.15,0.9955043539657971
21,0,0.20,0.9979447555100314
21,0,0.25,0.9978856089864798
21,0,0.30,0.9973542893116077
21,0,0.35,0.9978297886408615
21,0,0.40,0.9978779203638127
21,0,0.45,0.9983667710896987
21,0,0.50,0.9985128049047988
21,0,0.55,0.9980692561518137
21,0,0.60,0.9982246562983713
21,0,0.65,0.9981198827942601
21,0,0.70,0.9983473657857902
21,0,0.75,0.998485156828742
21,0,0.80,0.9983876984118791
21,0,0.85,0.9984868005576046
21,0,0.90,0.9982682063893542
21,0,0.95,0.9985528271551132
21,1,0.05,0.9843561383991066
21,1,0.10,0.9965969143622965
21,1,0.15,0.9957406614941213
21,1,0.20,0.9981239714858152
21,1,0.25,0.9977110311665873
21,1,0.30,0.9975427228235142
21,1,0.35,0.9972169997286147
21,1,0.40,0.9976746021699614
21,1,0.45,0.9985650471216951
21,1,0.50,0.9980665418776236
21,1,0.55,0.9983816460427486
21,1,0.60,0.9984830373096658
21,1,0.65,0.99867631575754
21,1,0.70,0.9986810185860164
21,1,0.75,0.9980926681191834
21,1,0.80,0.9981899393078171
21,1,0.85,0.9984650313214896
21,1,0.90,0.9983821249149075
21,1,0.95,0.9984288937024619
21,2,0.05,0.9969348286364499
21,2,0.10,0.9943673642144494
21,2,0.15,0.9962711641956744
21,2,0.20,0.9958368417038584
21,2,0.25,0.9959628727524797
21,2,0.30,0.9977991899263794
21,2,0.35,0.997717617992336
21,2,0.40,0.9976674797502003
21,2,0.45,0.9980954202569193
21,2,0.50,0.9975225984641874
21,2,0.55,0.9980156895517495
21,2,0.60,0.9982511952664613
21,2,0.65,0.998606499114179
21,2,0.70,0.9986353337380577
21,2,0.75,0.9983886060989442
21,2,0.80,0.9985222786286914
21,2,0.85,0.9984964427861757
21,2,0.90,0.9979463145234584
21,2,0.95,0.9985697593954133
21,3,0.05,0.9954281646092532
21,3,0.10,0.9926577944594566
21,3,0.15,0.9967877945348981
21,3,0.20,0.9958156439464593
21,3,0.25,0.9967218552368741
21,3,0.30,0.9974500689220583
21,3,0.35,0.9970976660182673
21,3,0.40,0.9978874166033743
21,3,0.45,0.9986140697124524
21,3,0.50,0.9977566560250934
21,3,0.55,0.9982128402946245
21,3,0.60,0.9982911947438905
21,3,0.65,0.9986127653574333
21,3,0.70,0.9983868320341339
21,3,0.75,0.9983443899711878
21,3,0.80,0.9985439936506149
21,3,0.85,0.9986203909164881
21,3,0.90,0.998356349827104
21,3,0.95,0.9985648588220133
21,4,0.05,0.9931909829280826
21,4,0.10,0.9925657279448968
21,4,0.15,0.996973601035158
21,4,0.20,0.9965376085856928
21,4,0.25,0.997731790249485
21,4,0.30,0.9976618464502416
21,4,0.35,0.9975859807819613
21,4,0.40,0.9980900483836781
21,4,0.45,0.9983311248479625
21,4,0.50,0.9982938421676265
21,4,0.55,0.9981699355333881
21,4,0.60,0.9983913202627354
21,4,0.65,0.9984990763566379
21,4,0.70,0.9979529830599618
21,4,0.75,0.9981273613647788
21,4,0.80,0.9984386975679537
21,4,0.85,0.9983640211894734
21,4,0.90,0.9983584564611375
21,4,0.95,0.9983774021201212
21,5,0.05,0.9953887941957709
21,5,0.10,0.9932791112869802
21,5,0.15,0.998495112265916
21,5,0.20,0.9967658637949085
21,5,0.25,0.9976090910609926
21,5,0.30,0.9975023121779106
21,5,0.35,0.9976776978559366
21,5,0.40,0.9976992723280076
21,5,0.45,0.9982143124298162
21,5,0.50,0.997694029992553
21,5,0.55,0.9985142274905551
21,5,0.60,0.9986311881045561
21,5,0.65,0.9988212231925875
21,5,0.70,0.998217352352187
21,5,0.75,0.998725985025538
21,5,0.80,0.9983130399521752
21,5,0.85,0.9985069910698074
21,5,0.90,0.9984066725992036
21,5,0.95,0.9985182960167124
21,6,0.05,0.9832727480129447
21,6,0.10,0.9935917306718898
21,6,0.15,0.9948885534515647
21,6,0.20,0.9977008616899873
21,6,0.25,0.9962468711438357
21,6,0.30,0.997054149263856
21,6,0.35,0.997820169460682
21,6,0.40,0.9981702071861591
21,6,0.45,0.9977285030276306
21,6,0.50,0.9980434323685727
21,6,0.55,0.9978176890509127
21,6,0.60,0.9988156527657096
21,6,0.65,0.9986179760982887
21,6,0.70,0.9985015415884629
21,6,0.75,0.9985529327059831
21,6,0.80,0.9985123961225635
21,6,0.85,0.9982830888610628
21,6,0.90,0.9984862722343799
21,6,0.95,0.9986105411177874
21,7,0.05,0.9775119710075797
21,7,0.10,0.9930822349522811
21,7,0.15,0.9964111064543191
21,7,0.20,0.9978224395552284
21,7,0.25,0.9972693873298303
21,7,0.30,0.9979389650744126
21,7,0.35,0.9977288274496059
21,7,0.40,0.9982879756601014
21,7,0.45,0.9983465627072615
21,7,0.50,0.9985670028190503
21,7,0.55,0.9977094671490728
21,7,0.60,0.9985253446579322
21,7,0.65,0.9983642693548276
21,7,0.70,0.9988412072467125
21,7,0.75,0.9983633770825943
21,7,0.80,0.9982459662573686
21,7,0.85,0.9984407552720769
21,7,0.90,0.9981893670140279
21,7,0.95,0.9987874513917774
21,8,0.05,0.980920551886437
21,8,0.10,0.9948188727617333
21,8,0.15,0.9950845615049213
21,8,0.20,0.9970338358360284
21,8,0.25,0.9966307862407452
21,8,0.30,0.9975609721523958
21,8,0.35,0.9974202340990204
21,8,0.40,0.9983632904211389
21,8,0.45,0.9976155309130118
21,8,0.50,0.9982534307597217
21,8,0.55,0.9984895559622451
21,8,0.60,0.9983638768211458
21,8,0.65,0.9985504226480506
21,8,0.70,0.9986076954590941
21,8,0.75,0.9983931645454752
21,8,0.80,0.998583427690106
21,8,0.85,0.9986862380467303
21,8,0.90,0.9985039258169649
21,8,0.95,0.9986455214417327
21,9,0.05,0.9891591460358357
21,9,0.10,0.9951052984396072
21,9,0.15,0.9960300816293817
21,9,0.20,0.9967539674732222
21,9,0.25,0.9974311519428003
21,9,0.30,0.9975692677969167
21,9,0.35,0.9979933466059406
21,9,0.40,0.9974795449181831
21,9,0.45,0.9975772381128735
21,9,0.50,0.9978973727617106
21,9,0.55,0.9983018933586191
21,9,0.60,0.9986907793448897
21,9,0.65,0.9981294713780011
21,9,0.70,0.9984560889629518
21,9,0.75,0.9983922836794233
21,9,0.80,0.9983906446621366
21,9,0.85,0.998281213209449
21,9,0.90,0.9985100178471102
21,9,0.95,0.9986346138216097
22,0,0.05,0.9703131083158394
22,0,0.10,0.992339363775624
22,0,0.15,0.9967029535406596
22,0,0.20,0.997872093610161
22,0,0.25,0.9970855779377141
22,0,0.30,0.9974962828580979
22,0,0.35,0.9978556137334893
22,0,0.40,0.9982528124401855
22,0,0.45,0.9976786154139653
22,0,0.50,0.9983900773909109
22,0,0.55,0.9984037827515918
22,0,0.60,0.9986509820139949
22,0,0.65,0.9988075965278861
22,0,0.70,0.9983860840631588
22,0,0.75,0.9984574644111044
22,0,0.80,0.9984522491942037
22,0,0.85,0.9983764480547109
22,0,0.90,0.9985090464317141
22,0,0.95,0.9986515383440989
22,1,0.05,0.9889742592629756
22,1,0.10,0.9888702583657021
22,1,0.15,0.9974191031449746
22,1,0.20,0.995759668535886
22,1,0.25,0.9970944080854219
22,1,0.30,0.9967720714386171
22,1,0.35,0.9976576790204539
22,1,0.40,0.9977592238034841
22,1,0.45,0.9980445290145061
22,1,0.50,0.9985085494767272
22,1,0.55,0.9984844580837037
22,1,0.60,0.9985117748414696
22,1,0.65,0.9982800869343569
22,1,0.70,0.9987833776002248
22,1,0.75,0.9984362672506909
22,1,0.80,0.9985743554680905
22,1,0.85,0.9985834979617041
22,1,0.90,0.998414303223754
22,1,0.95,0.9985341442679512
22,2,0.05,0.9741976889133206
22,2,0.10,0.9920027855461804
22,2,0.15,0.997502813979204
22,2,0.20,0.9974593733810527
22,2,0.25,0.9974139187140152
22,2,0.30,0.9973997144748462
22,2,0.35,0.9981334865000626
22,2,0.40,0.9979928021161247
22,2,0.45,0.9985749958984479
22,2,0.50,0.9982365363184029
22,2,0.55,0.9978011256145574
22,2,0.60,0.9983519111897919
22,2,0.65,0.9982894009671393
22,2,0.70,0.9981151680019229
22,2,0.75,0.9981384737644499
22,2,0.80,0.9988737480231891
22,2,0.85,0.9983527332692458
22,2,0.90,0.998582065294656
22,2,0.95,0.998332830733057
22,3,0.05,0.9942095790066063
22,3,0.10,0.9958383779740112
22,3,0.15,0.994907634891724
22,3,0.20,0.9970407137944077
22,3,0.25,0.9975490117659134
22,3,0.30,0.9979063954875875
22,3,0.35,0.9981721897409813
22,3,0.40,0.9983913846554909
22,3,0.45,0.9981122415741
22,3,0.50,0.998105820122449
22,3,0.55,0.9984019778828703
22,3,0.60,0.9979259815819056
22,3,0.65,0.998292263518074
22,3,0.70,0.998088912559833
22,3,0.75,0.998314813171231
22,3,0.80,0.997980940546431
22,3,0.85,0.9982589005798183
22,3,0.90,0.9984053462753305
22,3,0.95,0.9985346755013825
22,4,0.05,0.9882085228290611
22,4,0.10,0.9950925065293605
22,4,0.15,0.9977417333745655
22,4,0.20,0.9962622406336223
22,4,0.25,0.9966455858285629
22,4,0.30,0.9976994590430224
22,4,0.35,0.9982625435679635
22,4,0.40,0.9981735592276282
22,4,0.45,0.9986261582443045
22,4,0.50,0.998767205254856
22,4,0.55,0.998485337322885
22,4,0.60,0.9982719633384227
22,4,0.65,0.9984288790514367
22,4,0.70,0.998018190079019
22,4,0.75,0.9984501007935176
22,4,0.80,0.9981024308846318
22,4,0.85,0.9983476012833895
22,4,0.90,0.998503002873112
22,4,0.95,0.9985532169951707
22,5,0.05,0.9923446205419068
22,5,0.10,0.994753120145244
22,5,0.15,0.9937417306959448
22,5,0.20,0.9979439707233522
22,5,0.25,0.9982204157400081
22,5,0.30,0.9980630083033382
22,5,0.35,0.9985337368299745
22,5,0.40,0.9981008225040001
22,5,0.45,0.9981062957570871
22,5,0.50,0.9983432357651832
22,5,0.55,0.9979484784385552
22,5,0.60,0.9985543218405616
22,5,0.65,0.9983963630799478
22,5,0.70,0.9981442589306467
22,5,0.75,0.998342335942202
22,5,0.80,0.998576464310147
22,5,0.85,0.9982804991430693
22,5,0.90,0.998429568511568
22,5,0.95,0.9986159786690623
22,6,0.05,0.9924236158097699
22,6,0.10,0.9964484222961785
22,6,0.15,0.9966230081740456
22,6,0.20,0.9972272451245647
22,6,0.25,0.9974767482939608
22,6,0.30,0.9976475124840766
22,6,0.35,0.9981786013677902
22,6,0.40,0.9986776970035242
22,6,0.45,0.998199545970596
22,6,0.50,0.9983059128140341
22,6,0.55,0.9985872749982048
22,6,0.60,0.9982965418656814
22,6,0.65,0.998350492131124
22,6,0.70,0.9987015577998877
22,6,0.75,0.9988600083818728
22,6,0.80,0.9986366629934059
22,6,0.85,0.9984168774193486
22,6,0.90,0.9984599285795341
22,6,0.95,0.9984881420244722
22,7,0.05,0.976727404849426
22,7,0.10,0.9958737931334557
22,7,0.15,0.9965155982347612
22,7,0.20,0.9971425730447707
22,7,0.25,0.9976935977376998
22,7,0.30,0.9970586013605468
22,7,0.35,0.998161964820627
22,7,0.40,0.9980941797661197
22,7,0.45,0.9982967969957091
22,7,0.50,0.9981762873639954
22,7,0.55,0.9979555511998163
22,7,0.60,0.9985188261894135
22,7,0.65,0.9984288170216655
22,7,0.70,0.9985511638951917
22,7,0.75,0.9984902709941736
22,7,0.80,0.9986475937941945
22,7,0.85,0.9980766273582987
22,7,0.90,0.9984614717675186
22,7,0.95,0.9983378703171688
22,8,0.05,0.9942034398917514
22,8,0.10,0.9956088085409
22,8,0.15,0.9965936811529986
22,8,0.20,0.9971894372291046
22,8,0.25,0.9969647907926912
22,8,0.30,0.9978242339449701
22,8,0.35,0.9980211114438396
22,8,0.40,0.9977691433577562
22,8,0.45,0.9986035494660106
22,8,0.50,0.9984547874490749
22,8,0.55,0.9984195903994181
22,8,0.60,0.9984893946563739
22,8,0.65,0.9987782236587263
22,8,0.70,0.9985340054526061
22,8,0.75,0.9987371036066464
22,8,0.80,0.9985205925165911
22,8,0.85,0.9984297932662998
22,8,0.90,0.9981851472864525
22,8,0.95,0.9985185318534766
22,9,0.05,0.9866006759515377
22,9,0.10,0.9880748674978469
22,9,0.15,0.996027443750877
22,9,0.20,0.9975726887074248
22,9,0.25,0.9969159013392311
22,9,0.30,0.9972826026902225
22,9,0.35,0.9986046499597904
22,9,0.40,0.9977127935103816
22,9,0.45,0.9979396181797752
22,9,0.50,0.9985874587862571
22,9,0.55,0.9985619426762873
22,9,0.60,0.9985422422768307
22,9,0.65,0.9985277019625067
22,9,0.70,0.998270189615046
22,9,0.75,0.9982036378568613
22,9,0.80,0.9984375454636225
22,9,0.85,0.9984332549240922
22,9,0.90,0.9985035184417368
22,9,0.95,0.9985203144559496
23,0,0.05,0.9893615924432357
23,0,0.10,0.994482850665678
23,0,0.15,0.996013284270637
23,0,0.20,0.9970657719188516
23,0,0.25,0.9957802051825155
23,0,0.30,0.9973697046957367
23,0,0.35,0.997544437679438
23,0,0.40,0.9975702405954381
23,0,0.45,0.9976924572193557
23,0,0.50,0.9979495273846195
23,0,0.55,0.9985936736652882
23,0,0.60,0.9980961478182958
23,0,0.65,0.9983656982229568
23,0,0.70,0.998288172349014
23,0,0.75,0.9982105315189793
23,0,0.80,0.9986662091404197
23,0,0.85,0.9983844203760683
23,0,0.90,0.9985206667537534
23,0,0.95,0.998629609132022
23,1,0.05,0.9890573381424276
23,1,0.10,0.9960873346491578
23,1,0.15,0.9943128460294488
23,1,0.20,0.9965869812841565
23,1,0.25,0.9960789843836799
23,1,0.30,0.996411260317081
23,1,0.35,0.9975526818803384
23,1,0.40,0.9983143962512556
23,1,0.45,0.9980553606410758
23,1,0.50,0.9983326313231334
23,1,0.55,0.9979456387232654
23,1,0.60,0.9984360766008743
23,1,0.65,0.9979572175875184
23,1,0.70,0.9984643311336641
23,1,0.75,0.9980300558226243
23,1,0.80,0.9983532295696537
23,1,0.85,0.9983870566524359
23,1,0.90,0.998553620257714
23,1,0.95,0.9985719351636044
23,2,0.05,0.9921638352211889
23,2,0.10,0.9938243036097676
23,2,0.15,0.9965511671315092
23,2,0.20,0.9963485714157794
23,2,0.25,0.9974690833446893
23,2,0.30,0.9959184808599697
23,2,0.35,0.9977706158657318
23,2,0.40,0.9976277165478199
23,2,0.45,0.9981191964077156
23,2,0.50,0.9985760136211358
23,2,0.55,0.997796740806377
23,2,0.60,0.9981916579512861
23,2,0.65,0.9985207882789265
23,2,0.70,0.9984562182210044
23,2,0.75,0.9980703061172439
23,2,0.80,0.9982513152862763
23,2,0.85,0.9985185173571562
23,2,0.90,0.998653004980724
23,2,0.95,0.9985309526743932
23,3,0.05,0.9951168058819356
23,3,0.10,0.9968571653522253
23,3,0.15,0.9978231586477208
23,3,0.20,0.9976155171181014
23,3,0.25,0.9973448228406148
23,3,0.30,0.9975572811397186
23,3,0.35,0.9973146242193934
23,3,0.40,0.9974842079261494
23,3,0.45,0.9981325372675041
23,3,0.50,0.9982930245879604
23,3,0.55,0.9985143958876103
23,3,0.60,0.9985666395140538
23,3,0.65,0.9978283266229603
23,3,0.70,0.9984081464027786
23,3,0.75,0.9984143095596161
23,3,0.80,0.9984370950912094
23,3,0.85,0.9983741156166154
23,3,0.90,0.9985663820955215
23,3,0.95,0.9984648141524682
23,4,0.05,0.9934581900725442
23,4,0.10,0.9975015829970973
23,4,0.15,0.9939743875198864
23,4,0.20,0.9972399257711373
23,4,0.25,0.9975721967764903
23,4,0.30,0.9975860244067886
23,4,0.35,0.9968658238165731
23,4,0.40,0.997670018111919
23,4,0.45,0.9982066281448015
23,4,0.50,0.9982974964500916
23,4,0.55,0.9982540634236713
23,4,0.60,0.9981276779056315
23,4,0.65,0.9984612207014909
23,4,0.70,0.998139173993861
23,4,0.75,0.9984217203242948
23,4,0.80,0.9983762602897248
23,4,0.85,0.998442782648807
23,4,0.90,0.9979273871685879
23,4,0.95,0.998510797346981
23,5,0.05,0.9942242832602174
23,5,0.10,0.9963149894510358
23,5,0.15,0.9968025688783689
23,5,0.20,0.9976180118743799
23,5,0.25,0.9973966217344904
23,5,0.30,0.997401146996309
23,5,0.35,0.9970136468962971
23,5,0.40,0.9976408229638044
23,5,0.45,0.9972274744332583
23,5,0.50,0.9980935876878401
23,5,0.55,0.9984309229314124
23,5,0.60,0.9979869929285754
23,5,0.65,0.9984232240841132
23,5,0.70,0.9986476063842001
23,5,0.75,0.9984507535321617
23,5,0.80,0.9986916924168358
23,5,0.85,0.9984563412438645
23,5,0.90,0.9983845013254946
23,5,0.95,0.9985854436882996
23,6,0.05,0.9842442622673623
23,6,0.10,0.9937776449420945
23,6,0.15,0.995349888371512
23,6,0.20,0.9954237392202732
23,6,0.25,0.996888636013135
23,6,0.30,0.9975632740209478
23,6,0.35,0.9977871844709504
23,6,0.40,0.9972120457315358
23,6,0.45,0.9980507281864786
23,6,0.50,0.9975498728867982
23,6,0.55,0.9985090946779942
23,6,0.60,0.9987077498577306
23,6,0.65,0.9975218119658869
23,6,0.70,0.9982173064539136
23,6,0.75,0.9986510284662917
23,6,0.80,0.998507451207643
23,6,0.85,0.9983515522787785
23,6,0.90,0.998499640855815
23,6,0.95,0.9986474739526492
23,7,0.05,0.9872703322744012
23,7,0.10,0.9933437550807528
23,7,0.15,0.9957697584564872
23,7,0.20,0.9972215101207681
23,7,0.25,0.9972578897199758
23,7,0.30,0.9976387525258152
23,7,0.35,0.9982527600453965
23,7,0.40,0.9980867024512363
23,7,0.45,0.9986554225374173
23,7,0.50,0.9977762340911863
23,7,0.55,0.9980863831223926
23,7,0.60,0.9983430659962377
23,7,0.65,0.9984558202823784
23,7,0.70,0.9982333860069196
23,7,0.75,0.9984294621889682
23,7,0.80,0.9983293831790069
23,7,0.85,0.9987341688589959
23,7,0.90,0.998257798506475
23,7,0.95,0.9985894598638477
23,8,0.05,0.992614734097589
23,8,0.10,0.9972791189725867
23,8,0.15,0.9953531974237358
23,8,0.20,0.9964663355740864
23,8,0.25,0.9970770733985078
23,8,0.30,0.9969065712335875
23,8,0.35,0.9962034512966536
23,8,0.40,0.997433837104901
23,8,0.45,0.9981015758551457
23,8,0.50,0.9978482695778512
23,8,0.55,0.9981492446009052
23,8,0.60,0.9984092811248476
23,8,0.65,0.9983397772374246
23,8,0.70,0.9978236026594084
23,8,0.75,0.9983560909754403
23,8,0.80,0.9988758748400022
23,8,0.85,0.9986950897230193
23,8,0.90,0.9981969591685232
23,8,0.95,0.998536517760551
23,9,0.05,0.9936742452256935
23,9,0.10,0.9955120940037333
23,9,0.15,0.9942206198458668
23,9,0.20,0.9945278892978223
23,9,0.25,0.9975832447836184
23,9,0.30,0.9974089389196271
23,9,0.35,0.9965323390790944
23,9,0.40,0.9982442442935027
23,9,0.45,0.9984944272739349
23,9,0.50,0.997912282670468
23,9,0.55,0.9985995503295122
23,9,0.60,0.9978484357534915
23,9,0.65,0.9981702795020163
23,9,0.70,0.9982747086820697
23,9,0.75,0.9983881302540332
23,9,0.80,0.9982905882961065
23,9,0.85,0.9984214126120391
23,9,0.90,0.998336696946412
23,9,0.95,0.9986193301801238
24,0,0.05,0.9596195598201989
24,0,0.10,0.9955295391425089
24,0,0.15,0.9959187750757241
24,0,0.20,0.9963599158862081
24,0,0.25,0.997969066663989
24,0,0.30,0.9975509493261988
24,0,0.35,0.9979443630376504
24,0,0.40,0.9980090502809296
24,0,0.45,0.9974365349600175
24,0,0.50,0.9976000160015338
24,0,0.55,0.997588069612668
24,0,0.60,0.9982237090088464
24,0,0.65,0.9982162647127755
24,0,0.70,0.9981635165019352
24,0,0.75,0.9983751939752908
24,0,0.80,0.9985555622653779
24,0,0.85,0.9981631322228003
24,0,0.90,0.9985343189695668
24,0,0.95,0.9984881268329006
24,1,0.05,0.9906140763429342
24,1,0.10,0.9940880652449046
24,1,0.15,0.9957053349850075
24,1,0.20,0.9976380370284238
24,1,0.25,0.9982995243853473
24,1,0.30,0.9978539882400767
24,1,0.35,0.9972895184758662
24,1,0.40,0.9982043283607105
24,1,0.45,0.9975435365291144
24,1,0.50,0.9982126737417538
24,1,0.55,0.997533159892838
24,1,0.60,0.9982550510659253
24,1,0.65,0.9980520579819583
24,1,0.70,0.9981604263719338
24,1,0.75,0.9984761939392747
24,1,0.80,0.9981330748546464
24,1,0.85,0.9986292108534123
24,1,0.90,0.9983567074792794
24,1,0.95,0.9985721198836663
24,2,0.05,0.993089602618195
24,2,0.10,0.9973815441783839
24,2,0.15,0.9968111725567256
24,2,0.20,0.9976568507729319
24,2,0.25,0.9978202865793743
24,2,0.30,0.9975697425353931
24,2,0.35,0.9976591071340509
24,2,0.40,0.9975885503822715
24,2,0.45,0.9976452770289316
24,2,0.50,0.9985699174146583
24,2,0.55,0.9976890284453828
24,2,0.60,0.9981739698079042
24,2,0.65,0.9980197638058266
24,2,0.70,0.9981272715818457
24,2,0.75,0.9983434820374676
24,2,0.80,0.9984060797716215
24,2,0.85,0.998525161599011
24,2,0.90,0.9985905741215141
24,2,0.95,0.998815606930885
24,3,0.05,0.9898637705430543
24,3,0.10,0.9959429404676026
24,3,0.15,0.9961893671246344
24,3,0.20,0.9978799221637691
24,3,0.25,0.9976939751589985
24,3,0.30,0.9975825044291953
24,3,0.35,0.998099127149088
24,3,0.40,0.9974805930322773
24,3,0.45,0.9983135671622761
24,3,0.50,0.9975137870724284
24,3,0.55,0.9981350214358248
24,3,0.60,0.9981777263218068
24,3,0.65,0.9984061172576498
24,3,0.70,0.9982832800694171
24,3,0.75,0.998594212528934
24,3,0.80,0.998162589683515
24,3,0.85,0.9987428546411172
24,3,0.90,0.9986957396814108
24,3,0.95,0.9985844464208784
24,4,0.05,0.994090188641497
24,4,0.10,0.9966593782429597
24,4,0.15,0.9968519382404797
24,4,0.20,0.9963385460183958
24,4,0.25,0.9972654160243893
24,4,0.30,0.9977261255574683
24,4,0.35,0.9973809870113834
24,4,0.40,0.9980101950359196
24,4,0.45,0.997882840664332
24,4,0.50,0.9980327978008597
24,4,0.55,0.998274288905085
24,4,0.60,0.9983345912917581
24,4,0.65,0.9981568752303233
24,4,0.70,0.9983435786306728
24,4,0.75,0.9984495273075411
24,4,0.80,0.9982105101464707
24,4,0.85,0.9984776876064176
24,4,0.90,0.9985152349324301
24,4,0.95,0.9985188057765405
24,5,0.05,0.9889689687808281
24,5,0.10,0.9953188420947273
24,5,0.15,0.9970056092842082
24,5,0.20,0.9972676300565134
24,5,0.25,0.9977510518944543
24,5,0.30,0.9975847784180081
24,5,0.35,0.9976429606112657
24,5,0.40,0.9972781623621514
24,5,0.45,0.9975003690343675
24,5,0.50,0.9979252730182817
24,5,0.55,0.9983045490982617
24,5,0.60,0.9983622627443477
24,5,0.65,0.9983632679151075
24,5,0.70,0.9982513052990966
24,5,0.75,0.9982891315060207
24,5,0.80,0.9982770825236433
24,5,0.85,0.9984350260275848
24,5,0.90,0.9984637659317354
24,5,0.95,0.9986456734690896
24,6,0.05,0.9946258663745927
24,6,0.10,0.995999032120607
24,6,0.15,0.9957593813756886
24,6,0.20,0.9974909931436551
24,6,0.25,0.997525132817886
24,6,0.30,0.9974900796469325
24,6,0.35,0.9977046384907801
24,6,0.40,0.9981484253481419
24,6,0.45,0.9977506150685987
24,6,0.50,0.997722674150172
24,6,0.55,0.997873758014731
24,6,0.60,0.9983060577827584
24,6,0.65,0.9982160065431295
24,6,0.70,0.9985778300239144
24,6,0.75,0.9982870325803452
24,6,0.80,0.9982764546102783
24,6,0.85,0.9983495898683519
24,6,0.90,0.9987729104744986
24,6,0.95,0.9986499905875882
24,7,0.05,0.9930466261864852
24,7,0.10,0.9946499794668586
24,7,0.15,0.9965789604147706
24,7,0.20,0.9970006141887451
24,7,0.25,0.9974526095634156
24,7,0.30,0.9971025950966915
24,7,0.35,0.9971473419083681
24,7,0.40,0.9979871702700286
24,7,0.45,0.9983741949694159
24,7,0.50,0.9977036589654399
24,7,0.55,0.998275838988269
24,7,0.60,0.9983478069372976
24,7,0.65,0.9979082054243291
24,7,0.70,0.9980497427462066
24,7,0.75,0.998168966155759
24,7,0.80,0.9983865435211701
24,7,0.85,0.9986725929272001
24,7,0.90,0.9986916311993294
24,7,0.95,0.9983855414850425
24,8,0.05,0.9882834501484563
24,8,0.10,0.9936007502939925
24,8,0.15,0.9971243014192178
24,8,0.20,0.9978979992156487
24,8,0.25,0.9969857292888181
24,8,0.30,0.9978160502193012
24,8,0.35,0.9981727627100634
24,8,0.40,0.9972114797237053
24,8,0.45,0.9980514253617843
24,8,0.50,0.998135410227153
24,8,0.55,0.9983270297441476
24,8,0.60,0.9980979374487481
24,8,0.65,0.99826774729516
24,8,0.70,0.9983770521403068
24,8,0.75,0.9981935898025408
24,8,0.80,0.998506941944942
24,8,0.85,0.9986711767278448
24,8,0.90,0.9984048487911502
24,8,0.95,0.9984661881796583
24,9,0.05,0.9881096586119327
24,9,0.10,0.9968039106404932
24,9,0.15,0.9973479809231031
24,9,0.20,0.9972095568964102
24,9,0.25,0.9981501761650611
24,9,0.30,0.9980451147088422
24,9,0.35,0.9976705221513706
24,9,0.40,0.9971159320887655
24,9,0.45,0.997895225039823
24,9,0.50,0.998177193251979
24,9,0.55,0.9983802646549378
24,9,0.60,0.9982387357915806
24,9,0.65,0.9981979496880269
24,9,0.70,0.9982902396599582
24,9,0.75,0.9983216932585628
24,9,0.80,0.9983097724349929
24,9,0.85,0.9985179948934919
24,9,0.90,0.9984689816890443
24,9,0.95,0.9982359383421542
25,0,0.05,0.9874157438577749
25,0,0.10,0.9965682510745082
25,0,0.15,0.9962536788224071
25,0,0.20,0.9971357477186775
25,0,0.25,0.9977409323792829
25,0,0.30,0.9977408424417392
25,0,0.35,0.9978445046187873
25,0,0.40,0.9978551959427397
25,0,0.45,0.9982742061619998
25,0,0.50,0.997780451890835
25,0,0.55,0.9978270107480552
25,0,0.60,0.9987820200064575
25,0,0.65,0.9983163361512798
25,0,0.70,0.9979612327638542
25,0,0.75,0.9981485570477356
25,0,0.80,0.9984040891212038
25,0,0.85,0.9982744372722231
25,0,0.90,0.9984194537606472
25,0,0.95,0.9984880693961753
25,1,0.05,0.9770433036196486
25,1,0.10,0.9959017192389856
25,1,0.15,0.9966993607979744
25,1,0.20,0.9969789388259956
25,1,0.25,0.9981888601122167
25,1,0.30,0.9979723792945738
25,1,0.35,0.9972818621915935
25,1,0.40,0.9982495352053427
25,1,0.45,0.9984230195162145
25,1,0.50,0.9982637820468042
25,1,0.55,0.9985695988954162
25,1,0.60,0.998685551255218
25,1,0.65,0.9983648940046597
25,1,0.70,0.998443675019705
25,1,0.75,0.9981505232931814
25,1,0.80,0.9978746062360124
25,1,0.85,0.9984889898041869
25,1,0.90,0.9982905370287123
25,1,0.95,0.9987829050409057
25,2,0.05,0.98785127760368
25,2,0.10,0.9948587358328991
25,2,0.15,0.9954162927543411
25,2,0.20,0.997818802743783
25,2,0.25,0.9983664029466337
25,2,0.30,0.9983761249081017
25,2,0.35,0.9979489536445876
25,2,0.40,0.9979038175426684
25,2,0.45,0.9981057166702244
25,2,0.50,0.9981364564198039
25,2,0.55,0.9979371335948125
25,2,0.60,0.9982602719751281
25,2,0.65,0.9979498834935994
25,2,0.70,0.9985499351785325
25,2,0.75,0.997904537010103
25,2,0.80,0.9982598210668097
25,2,0.85,0.9979547423488141
25,2,0.90,0.9986499665686207
25,2,0.95,0.9986476918721674
25,3,0.05,0.9726349618681834
25,3,0.10,0.9974901703579527
25,3,0.15,0.9964997137212702
25,3,0.20,0.9971387265054297
25,3,0.25,0.99775314586981
25,3,0.30,0.9973246636627566
25,3,0.35,0.9977901693635061
25,3,0.40,0.9980268211254975
25,3,0.45,0.9974741488214502
25,3,0.50,0.9984463456231074
25,3,0.55,0.9980511124338909
25,3,0.60,0.9984512977517307
25,3,0.65,0.9983501635636045
25,3,0.70,0.998284746318088
25,3,0.75,0.9982536804477006
25,3,0.80,0.9983590148410091
25,3,0.85,0.9986072414266006
25,3,0.90,0.9985791017907626
25,3,0.95,0.9985280276799966
25,4,0.05,0.9898703069890098
25,4,0.10,0.9916579165056555
25,4,0.15,0.9961226916691878
25,4,0.20,0.994078312816707
25,4,0.25,0.9976139076347541
25,4,0.30,0.997049772832492
25,4,0.35,0.9979206612392825
25,4,0.40,0.9978653301640068
25,4,0.45,0.9979849876635626
25,4,0.50,0.9981005245707771
25,4,0.55,0.998110001803025
25,4,0.60,0.9979687731201393
25,4,0.65,0.9981341709753095
25,4,0.70,0.9984591395048985
25,4,0.75,0.9982580293149761
25,4,0.80,0.9985679998686677
25,4,0.85,0.9982712651358363
25,4,0.90,0.9986078828461113
25,4,0.95,0.9983960835447693
25,5,0.05,0.9825875551808697
25,5,0.10,0.9942081910196412
25,5,0.15,0.9955057345878437
25,5,0.20,0.9982268639709502
25,5,0.25,0.9974089974738426
25,5,0.30,0.997819534693374
25,5,0.35,0.9978079622166514
25,5,0.40,0.9981237980576145
25,5,0.45,0.9980495340451114
25,5,0.50,0.9983163717478943
25,5,0.55,0.9984896278015362
25,5,0.60,0.9981230261861707
25,5,0.65,0.9984650991493544
25,5,0.70,0.9985104772346522
25,5,0.75,0.9983501142839608
25,5,0.80,0.9986684581501005
25,5,0.85,0.9984176620367049
25,5,0.90,0.9984130868327212
25,5,0.95,0.9987044945644832
25,6,0.05,0.9907061836917711
25,6,0.10,0.9920324202024077
25,6,0.15,0.9957818487694405
25,6,0.20,0.9974761283305064
25,6,0.25,0.9980159998283427
25,6,0.30,0.997854988433434
25,6,0.35,0.9978090854032469
25,6,0.40,0.997913062879571
25,6,0.45,0.997695498077035
25,6,0.50,0.9981669089987069
25,6,0.55,0.9977169759559247
25,6,0.60,0.9985046554019613
25,6,0.65,0.9986199344464216
25,6,0.70,0.9985341644138251
25,6,0.75,0.9978801028559412
25,6,0.80,0.9987958649879146
25,6,0.85,0.9985448930736676
25,6,0.90,0.9984302395164906
25,6,0.95,0.9986563887008582
25,7,0.05,0.9895612456620977
25,7,0.10,0.995370555355884
25,7,0.15,0.9975818979735241
25,7,0.20,0.9973186061824418
25,7,0.25,0.997919866215091
25,7,0.30,0.9975428615840081
25,7,0.35,0.9979588413955907
25,7,0.40,0.9983602770910474
25,7,0.45,0.9983381774084311
25,7,0.50,0.9983581507683975
25,7,0.55,0.9981660475849398
25,7,0.60,0.9985995061910774
25,7,0.65,0.9983977413984256
25,7,0.70,0.9982850911859248
25,7,0.75,0.9985138553690657
25,7,0.80,0.9980240741501805
25,7,0.85,0.9983145887541653
25,7,0.90,0.998624654476805
25,7,0.95,0.9985449298756649
25,8,0.05,0.9871468035811074
25,8,0.10,0.9922810354850771
25,8,0.15,0.9954196022292414
25,8,0.20,0.997626149869214
25,8,0.25,0.9981348284259483
25,8,0.30,0.9983443801428467
25,8,0.35,0.9984215883213141
25,8,0.40,0.9980648002971759
25,8,0.45,0.9981233801024945
25,8,0.50,0.9983452747518904
25,8,0.55,0.9980522675577792
25,8,0.60,0.9984591392151739
25,8,0.65,0.9983641189391919
25,8,0.70,0.9982605717163092
25,8,0.75,0.9979857608704867
25,8,0.80,0.9986214048824273
25,8,0.85,0.9984083431841515
25,8,0.90,0.9984743892213059
25,8,0.95,0.998088208181941
25,9,0.05,0.9949335425807752
25,9,0.10,0.9970112509591277
25,9,0.15,0.9947639200373247
25,9,0.20,0.9977819282977279
25,9,0.25,0.997738222076976
25,9,0.30,0.998365780932355
25,9,0.35,0.9977778850998886
25,9,0.40,0.9979111518587089
25,9,0.45,0.9984120406267394
25,9,0.50,0.9980679413706243
25,9,0.55,0.9984130916778339
25,9,0.60,0.9986368700533188
25,9,0.65,0.9981071871791521
25,9,0.70,0.9981363631303886
25,9,0.75,0.998368155899671
25,9,0.80,0.9986348150605463
25,9,0.85,0.998095498490834
25,9,0.90,0.9983067838224393
25,9,0.95,0.9986144581100724
26,0,0.05,0.9862414772214853
26,0,0.10,0.9946857675506142
26,0,0.15,0.9966995770683389
26,0,0.20,0.9974447323213069
26,0,0.25,0.9972214392124426
26,0,0.30,0.9982148111977232
26,0,0.35,0.9977689713244774
26,0,0.40,0.9975557499272439
26,0,0.45,0.9983951008919622
26,0,0.50,0.9979333194783799
26,0,0.55,0.9979282450518121
26,0,0.60,0.9974658966286154
26,0,0.65,0.9978778356832065
26,0,0.70,0.9984044684290231
26,0,0.75,0.998062314377171
26,0,0.80,0.9984179324963479
26,0,0.85,0.9982826370366885
26,0,0.90,0.9985001224366534
26,0,0.95,0.9986546269589596
26,1,0.05,0.9938086750838471
26,1,0.10,0.9943374272180949
26,1,0.15,0.996638288785307
26,1,0.20,0.9968844261615551
26,1,0.25,0.9972145716147961
26,1,0.30,0.9977602775805303
26,1,0.35,0.9974852408497755
26,1,0.40,0.9979991898588995
26,1,0.45,0.9982919933195359
26,1,0.50,0.9979142568703131
26,1,0.55,0.9976837733847436
26,1,0.60,0.9982398564595908
26,1,0.65,0.9977549878735328
26,1,0.70,0.9982493023847397
26,1,0.75,0.9985270512157479
26,1,0.80,0.998439742079304
26,1,0.85,0.9981285814637193
26,1,0.90,0.9984179433693339
26,1,0.95,0.9984317858695076
26,2,0.05,0.9841050684068873
26,2,0.10,0.9925390441006349
26,2,0.15,0.997724451037444
26,2,0.20,0.9966513951236086
26,2,0.25,0.9962033806009516
26,2,0.30,0.9958770094095765
26,2,0.35,0.9979627444458311
26,2,0.40,0.9979526928717007
26,2,0.45,0.9978248482643431
26,2,0.50,0.9978468036542134
26,2,0.55,0.9983528336485443
26,2,0.60,0.9980601878214276
26,2,0.65,0.9983563924375748
26,2,0.70,0.9978967009615245
26,2,0.75,0.9981779693142969
26,2,0.80,0.9983902246390914
26,2,0.85,0.9983003588411196
26,2,0.90,0.9984798045643052
26,2,0.95,0.9983379947188732
26,3,0.05,0.9891787990572775
26,3,0.10,0.9931067587567816
26,3,0.15,0.9967776464583776
26,3,0.20,0.9975633432136192
26,3,0.25,0.9974479960718334
26,3,0.30,0.9967964493875269
26,3,0.35,0.9979279657824774
26,3,0.40,0.9979261674477271
26,3,0.45,0.9985687836685366
26,3,0.50,0.9975850524118972
26,3,0.55,0.9985394926897149
26,3,0.60,0.9983263762984433
26,3,0.65,0.9984885138072136
26,3,0.70,0.9982562981015415
26,3,0.75,0.9977229176249176
26,3,0.80,0.9983016542906499
26,3,0.85,0.9987341476837748
26,3,0.90,0.9984450526642838
26,3,0.95,0.9983673777527279
26,4,0.05,0.9820232344783716
26,4,0.10,0.9954671169004567
26,4,0.15,0.9957706261139413
26,4,0.20,0.9972050996667252
26,4,0.25,0.9972268266798782
26,4,0.30,0.9956049909360584
26,4,0.35,0.9981784661528703
26,4,0.40,0.9977828124510046
26,4,0.45,0.9984035204934935
26,4,0.50,0.9978761420204219
26,4,0.55,0.9983291473276826
26,4,0.60,0.9984853885912491
26,4,0.65,0.998189178691261
26,4,0.70,0.998212767125443
26,4,0.75,0.9979519058505429
26,4,0.80,0.998373504350984
26,4,0.85,0.9981221554993976
26,4,0.90,0.9985895435319838
26,4,0.95,0.998331173276354
26,5,0.05,0.9880822230775375
26,5,0.10,0.99441523580058
26,5,0.15,0.9960894611112573
26,5,0.20,0.9961781932482947
26,5,0.25,0.9974419863586956
26,5,0.30,0.9979587265424137
26,5,0.35,0.9973317548009886
26,5,0.40,0.9983219144194282
26,5,0.45,0.9977159770085356
26,5,0.50,0.9982630007939096
26,5,0.55,0.9982323566479988
26,5,0.60,0.9983638649712969
26,5,0.65,0.9981047054526286
26,5,0.70,0.9981220780047071
26,5,0.75,0.9984499901334675
26,5,0.80,0.9985560950919307
26,5,0.85,0.9986313468886773
26,5,0.90,0.998307269271717
26,5,0.95,0.9982984318870127
26,6,0.05,0.9715735314792631
26,6,0.10,0.9974505311075506
26,6,0.15,0.9937405742241336
26,6,0.20,0.9962918949057027
26,6,0.25,0.9967003513339584
26,6,0.30,0.9983809379219473
26,6,0.35,0.9981943930582814
26,6,0.40,0.9978064425808615
26,6,0.45,0.9978409632911885
26,6,0.50,0.9981133599275069
26,6,0.55,0.9978738064044204
26,6,0.60,0.9980933100367033
26,6,0.65,0.9976199247526102
26,6,0.70,0.9984626316528479
26,6,0.75,0.9983640481835714
26,6,0.80,0.9984055208089171
26,6,0.85,0.9984875438819941
26,6,0.90,0.9985467835883899
26,6,0.95,0.9982026228397007
26,7,0.05,0.9913173821736337
26,7,0.10,0.9957215479999919
26,7,0.15,0.994877540209132
26,7,0.20,0.996499430721045
26,7,0.25,0.9952406634577199
26,7,0.30,0.9963284384905281
26,7,0.35,0.9966423461318226
26,7,0.40,0.9977033885368075
26,7,0.45,0.9976639846023098
26,7,0.50,0.9979120486025779
26,7,0.55,0.9982565615142831
26,7,0.60,0.9983876594037467
26,7,0.65,0.9979283976546427
26,7,0.70,0.998159095510606
26,7,0.75,0.9981567591165864
26,7,0.80,0.9981700045554833
26,7,0.85,0.9984235353959762
26,7,0.90,0.9986987203499551
26,7,0.95,0.9986101412411444
26,8,0.05,0.9942894837301556
26,8,0.10,0.9959950563878887
26,8,0.15,0.996546568075928
26,8,0.20,0.9968686959546219
26,8,0.25,0.9970352735800578
26,8,0.30,0.9981567183336088
26,8,0.35,0.9961278301804141
26,8,0.40,0.9984439270563076
26,8,0.45,0.998411702196867
26,8,0.50,0.9984395331874366
26,8,0.55,0.9982688103555983
26,8,0.60,0.9983786722823788
26,8,0.65,0.9980585926334686
26,8,0.70,0.9984663487721097
26,8,0.75,0.998391922659181
26,8,0.80,0.998284144375124
26,8,0.85,0.9984997371320433
26,8,0.90,0.9984461511773124
26,8,0.95,0.9986411163029645
26,9,0.05,0.9916859769706674
26,9,0.10,0.992944094830282
26,9,0.15,0.9966038115867841
26,9,0.20,0.9975882236015438
26,9,0.25,0.9969998802577466
26,9,0.30,0.9970547348859995
26,9,0.35,0.9982695105376502
26,9,0.40,0.9976925963761484
26,9,0.45,0.9978023685697484
26,9,0.50,0.9975602935297191
26,9,0.55,0.9980634242273708
26,9,0.60,0.9977672328195883
26,9,0.65,0.9977321646664401
26,9,0.70,0.9979096409947078
26,9,0.75,0.9984210116434812
26,9,0.80,0.9984871592253326
26,9,0.85,0.9980887076608348
26,9,0.90,0.9987504122967281
26,9,0.95,0.9987278032544858
27,0,0.05,0.987239219767118
27,0,0.10,0.9949974472891174
27,0,0.15,0.9976887043448642
27,0,0.20,0.998044604793791
27,0,0.25,0.9980860169893873
27,0,0.30,0.997655176046398
27,0,0.35,0.9983735639847857
27,0,0.40,0.9982855182622509
27,0,0.45,0.9983346109043854
27,0,0.50,0.9984836857760493
27,0,0.55,0.9980010968571359
27,0,0.60,0.9984034620330307
27,0,0.65,0.9984986442941514
27,0,0.70,0.9986810854902728
27,0,0.75,0.998009794149026
27,0,0.80,0.9984694820209217
27,0,0.85,0.9977982803627259
27,0,0.90,0.9985668647967424
27,0,0.95,0.9984337324968666
27,1,0.05,0.9881792747747641
27,1,0.10,0.9966231766146666
27,1,0.15,0.9963418967312605
27,1,0.20,0.9974549548444379
27,1,0.25,0.9982339299744246
27,1,0.30,0.9986210328697821
27,1,0.35,0.9982139840082043
27,1,0.40,0.9983156288293449
27,1,0.45,0.9984032053004083
27,1,0.50,0.9981404166780333
27,1,0.55,0.9980284400613226
27,1,0.60,0.9983496176879078
27,1,0.65,0.9986845489142574
27,1,0.70,0.9985014025891552
27,1,0.75,0.9982642944308328
27,1,0.80,0.9977179027079642
27,1,0.85,0.9985462087457416
27,1,0.90,0.9983625381161394
27,1,0.95,0.9983430989475582
27,2,0.05,0.9868973799142571
27,2,0.10,0.9955365337663876
27,2,0.15,0.9978643313066919
27,2,0.20,0.9971189711036397
27,2,0.25,0.9977214808493808
27,2,0.30,0.9974221308703378
27,2,0.35,0.9982835513431713
27,2,0.40,0.9982712224812702
27,2,0.45,0.9983505417417625
27,2,0.50,0.9983983210896222
27,2,0.55,0.9985569320344384
27,2,0.60,0.9984839159060499
27,2,0.65,0.9984103430824564
27,2,0.70,0.9985664769534844
27,2,0.75,0.9986463713482311
27,2,0.80,0.9988749723524656
27,2,0.85,0.998536723244145
27,2,0.90,0.9984927938563953
27,2,0.95,0.9984976871703374
27,3,0.05,0.9872494939445505
27,3,0.10,0.9928228478000826
27,3,0.15,0.9969500260033745
27,3,0.20,0.9979288412685596
27,3,0.25,0.9979661784727063
27,3,0.30,0.9984076620280806
27,3,0.35,0.9985598240430976
27,3,0.40,0.9986468152210539
27,3,0.45,0.9983655725745133
27,3,0.50,0.998429795883465
27,3,0.55,0.9988334858088256
27,3,0.60,0.9979576653081034
27,3,0.65,0.9987184403050963
27,3,0.70,0.9985093258519867
27,3,0.75,0.9982027662642836
27,3,0.80,0.9983195298787091
27,3,0.85,0.9982431848098854
27,3,0.90,0.9985517170252807
27,3,0.95,0.9983510545164953
27,4,0.05,0.9777811066089453
27,4,0.10,0.9943778583397632
27,4,0.15,0.9976465020533228
27,4,0.20,0.9971806807114734
27,4,0.25,0.9976141771289676
27,4,0.30,0.9982160792085311
27,4,0.35,0.9986578126328691
27,4,0.40,0.9983780583147277
27,4,0.45,0.9986236593523171
27,4,0.50,0.9985054083239935
27,4,0.55,0.9986668783762913
27,4,0.60,0.9986003578245136
27,4,0.65,0.9983561407939807
27,4,0.70,0.998273666066288
27,4,0.75,0.9985487165441932
27,4,0.80,0.9984983063554059
27,4,0.85,0.997950770415467
27,4,0.90,0.9986062466960842
27,4,0.95,0.9986427824460764
27,5,0.05,0.9918447498835441
27,5,0.10,0.9954571338044633
27,5,0.15,0.9971503088298105
27,5,0.20,0.9971910641328855
27,5,0.25,0.9981272971920192
27,5,0.30,0.998750053065629
27,5,0.35,0.9982173649650545
27,5,0.40,0.9985212437916867
27,5,0.45,0.9977213084952637
27,5,0.50,0.9982549823884539
27,5,0.55,0.9986044696309292
27,5,0.60,0.9983378590872327
27,5,0.65,0.9982234600154481
27,5,0.70,0.9985517400001847
27,5,0.75,0.9985715365028625
27,5,0.80,0.9983597992295157
27,5,0.85,0.9981540232235412
27,5,0.90,0.9980691197682654
27,5,0.95,0.9983672685171096
27,6,0.05,0.9652374885679351
27,6,0.10,0.9958695871752148
27,6,0.15,0.9981790942680001
27,6,0.20,0.9978736627066678
27,6,0.25,0.9976563203191954
27,6,0.30,0.9983160445092055
27,6,0.35,0.998009542332769
27,6,0.40,0.9982912814889778
27,6,0.45,0.9987206538654638
27,6,0.50,0.9986173129386257
27,6,0.55,0.9984901860199902
27,6,0.60,0.9987795878779502
27,6,0.65,0.9988045231233791
27,6,0.70,0.9984296854195673
27,6,0.75,0.9984850398953076
27,6,0.80,0.9985306638445303
27,6,0.85,0.9985426709886067
27,6,0.90,0.9984968114596546
27,6,0.95,0.9984719015650162
27,7,0.05,0.9886830153109163
27,7,0.10,0.9928888153412254
27,7,0.15,0.9972089556748858
27,7,0.20,0.9979768698597551
27,7,0.25,0.9979691018864798
27,7,0.30,0.9983620562795883
27,7,0.35,0.9979399022691819
27,7,0.40,0.9985507095265027
27,7,0.45,0.998112486027993
27,7,0.50,0.998516988661031
27,7,0.55,0.9978892807920839
27,7,0.60,0.9985753426022923
27,7,0.65,0.9988026947797073
27,7,0.70,0.9983468224229517
27,7,0.75,0.9982325740141101
27,7,0.80,0.9983235915521456
27,7,0.85,0.9981880292012689
27,7,0.90,0.9985180467288551
27,7,0.95,0.9986464147150412
27,8,0.05,0.989735569487135
27,8,0.10,0.9960460788803007
27,8,0.15,0.9974531181909588
27,8,0.20,0.9978329582704524
27,8,0.25,0.9983026926255153
27,8,0.30,0.998702362491303
27,8,0.35,0.9984684632454682
27,8,0.40,0.9981606967258433
27,8,0.45,0.9982842387196376
27,8,0.50,0.9980442544783001
27,8,0.55,0.9980664814644646
27,8,0.60,0.9986192365897317
27,8,0.65,0.998138448135094
27,8,0.70,0.9983519569496381
27,8,0.75,0.998670982627993
27,8,0.80,0.9981899612583544
27,8,0.85,0.9982652923000042
27,8,0.90,0.9988270423784881
27,8,0.95,0.9983502630297161
27,9,0.05,0.9936607847061748
27,9,0.10,0.9975614511802463
27,9,0.15,0.9979852624656597
27,9,0.20,0.9976823342018754
27,9,0.25,0.997771913742705
27,9,0.30,0.9982526190097691
27,9,0.35,0.9984253847475463
27,9,0.40,0.9982829279933909
27,9,0.45,0.9983619178792952
27,9,0.50,0.9986625291737782
27,9,0.55,0.9979934154706895
27,9,0.60,0.9984187301702042
27,9,0.65,0.9983360459832796
27,9,0.70,0.998429288052665
27,9,0.75,0.9986187225274629
27,9,0.80,0.9985754357514841
27,9,0.85,0.9983071212098534
27,9,0.90,0.9986842404012832
27,9,0.95,0.998366771426354
28,0,0.05,0.9755226642285589
28,0,0.10,0.9951743144087618
28,0,0.15,0.9957138449797056
28,0,0.20,0.997636229444765
28,0,0.25,0.9974700468596499
28,0,0.30,0.9972690687311386
28,0,0.35,0.9975425480601092
28,0,0.40,0.9978496768008576
28,0,0.45,0.9980369073052053
28,0,0.50,0.9985902665672342
28,0,0.55,0.998309625653212
28,0,0.60,0.9984399040397289
28,0,0.65,0.9984614770907798
28,0,0.70,0.9985323974972262
28,0,0.75,0.9985186904490495
28,0,0.80,0.9983564477987394
28,0,0.85,0.9983108843337791
28,0,0.90,0.9988365363588776
28,0,0.95,0.9985243900178565
28,1,0.05,0.9911224163402482
28,1,0.10,0.9907749693624238
28,1,0.15,0.9977822432692238
28,1,0.20,0.9969308571166028
28,1,0.25,0.9973063452870881
28,1,0.30,0.9976464318978235
28,1,0.35,0.9984578742791103
28,1,0.40,0.9976141351548365
28,1,0.45,0.9985007400712816
28,1,0.50,0.9984301055718908
28,1,0.55,0.9978636658406607
28,1,0.60,0.9983351720051741
28,1,0.65,0.9984934938144322
28,1,0.70,0.998193346506394
28,1,0.75,0.9985390095825578
28,1,0.80,0.9983368046022989
28,1,0.85,0.9981248614233088
28,1,0.90,0.9984540873730288
28,1,0.95,0.9986016561944399
28,2,0.05,0.9939257164468838
28,2,0.10,0.9944655712072131
28,2,0.15,0.996716662484988
28,2,0.20,0.9975804144321265
28,2,0.25,0.9974198147910192
28,2,0.30,0.9969538621816549
28,2,0.35,0.9978383599296875
28,2,0.40,0.9979382892651334
28,2,0.45,0.9979183861570781
28,2,0.50,0.9983989622179835
28,2,0.55,0.9982908753439785
28,2,0.60,0.9981895991417574
28,2,0.65,0.9985474653155494
28,2,0.70,0.9984283371584017
28,2,0.75,0.998368821462575
28,2,0.80,0.9985155465370846
28,2,0.85,0.9986808827486461
28,2,0.90,0.9983774157895285
28,2,0.95,0.9983225429599892
28,3,0.05,0.9936771307866646
28,3,0.10,0.995772010990582
28,3,0.15,0.9966803744101222
28,3,0.20,0.9975558472542568
28,3,0.25,0.9972498967408006
28,3,0.30,0.9975384433554415
28,3,0.35,0.9983204117450473
28,3,0.40,0.9983405105558588
28,3,0.45,0.9984093995430817
28,3,0.50,0.9982118174667638
28,3,0.55,0.9983714496631064
28,3,0.60,0.9982762230562464
28,3,0.65,0.9984531359779512
28,3,0.70,0.9982553243602579
28,3,0.75,0.998567075063164
28,3,0.80,0.9982649089265204
28,3,0.85,0.9984892731206276
28,3,0.90,0.998444589607556
28,3,0.95,0.9986878846210793
28,4,0.05,0.990084060163186
28,4,0.10,0.9976584736734777
28,4,0.15,0.9972237327813885
28,4,0.20,0.9955988570528524
28,4,0.25,0.9967592059994381
28,4,0.30,0.9979821736103588
28,4,0.35,0.9980040518400789
28,4,0.40,0.9978364510290747
28,4,0.45,0.9975802339926803
28,4,0.50,0.9985819559890775
28,4,0.55,0.9981553272677747
28,4,0.60,0.9983073018789269
28,4,0.65,0.99841610051738
28,4,0.70,0.9981780280057988
28,4,0.75,0.9982407131428682
28,4,0.80,0.9985250820205729
28,4,0.85,0.9982264447959966
28,4,0.90,0.9985675045541266
28,4,0.95,0.998442447935023
28,5,0.05,0.9953681063415043
28,5,0.10,0.9963401603078822
28,5,0.15,0.9966839265752155
28,5,0.20,0.9978582067578746
28,5,0.25,0.9981903833100412
28,5,0.30,0.9975179976711974
28,5,0.35,0.9982195370849025
28,5,0.40,0.998274084397627
28,5,0.45,0.9983327444124237
28,5,0.50,0.998101308408416
28,5,0.55,0.9984452882824463
28,5,0.60,0.9982220302673167
28,5,0.65,0.9985391551701712
28,5,0.70,0.9984494021516978
28,5,0.75,0.9979508282943468
28,5,0.80,0.9984962441548595
28,5,0.85,0.9984189473087163
28,5,0.90,0.9986171168498681
28,5,0.95,0.998577150502979
28,6,0.05,0.9920528360791704
28,6,0.10,0.9974916249382033
28,6,0.15,0.9978630152111715
28,6,0.20,0.9969115950638562
28,6,0.25,0.9976720059982043
28,6,0.30,0.9978357759543965
28,6,0.35,0.9976891833392204
28,6,0.40,0.9980862921010494
28,6,0.45,0.9981211709265683
28,6,0.50,0.9980426458731166
28,6,0.55,0.9985307136000846
28,6,0.60,0.9985481277971038
28,6,0.65,0.9981172352607339
28,6,0.70,0.9984254211664354
28,6,0.75,0.9983163232883179
28,6,0.80,0.998396972431807
28,6,0.85,0.9984417278437313
28,6,0.90,0.9986302242265149
28,6,0.95,0.9986210244085403
28,7,0.05,0.9851898273471755
28,7,0.10,0.9970725395622538
28,7,0.15,0.9961316498339715
28,7,0.20,0.9966406706682164
28,7,0.25,0.9981561618186847
28,7,0.30,0.997967688770598
28,7,0.35,0.9976045469991933
28,7,0.40,0.9980824329976566
28,7,0.45,0.998385918586041
28,7,0.50,0.9982767195457122
28,7,0.55,0.9983201484335739
28,7,0.60,0.9983228053589276
28,7,0.65,0.9982606034885658
28,7,0.70,0.9986041773722432
28,7,0.75,0.9985223054789569
28,7,0.80,0.9984049003447028
28,7,0.85,0.9985273672324025
28,7,0.90,0.9984120819839902
28,7,0.95,0.9986494007364186
28,8,0.05,0.9940024544192027
28,8,0.10,0.9934395032618896
28,8,0.15,0.9956650908126555
28,8,0.20,0.9955718425069753
28,8,0.25,0.9981496273422273
28,8,0.30,0.9976962007995115
28,8,0.35,0.9975312083959198
28,8,0.40,0.9980054085551272
28,8,0.45,0.9984487261916034
28,8,0.50,0.9983541290785174
28,8,0.55,0.9984206780227637
28,8,0.60,0.9982760811915365
28,8,0.65,0.9984811739297598
28,8,0.70,0.9981509937157949
28,8,0.75,0.9984889060662236
28,8,0.80,0.9985951536680743
28,8,0.85,0.9985534892476351
28,8,0.90,0.9983226782022403
28,8,0.95,0.9983912926661784
28,9,0.05,0.9875051674693165
28,9,0.10,0.9979622680883742
28,9,0.15,0.9977859710849237
28,9,0.20,0.996394766530148
28,9,0.25,0.9971419226105939
28,9,0.30,0.9977144098266831
28,9,0.35,0.9976385344843431
28,9,0.40,0.997779092045507
28,9,0.45,0.9982554378157682
28,9,0.50,0.9984944619789708
28,9,0.55,0.998311552630318
28,9,0.60,0.9985266138137632
28,9,0.65,0.9983047149634129
28,9,0.70,0.9980831365190233
28,9,0.75,0.998710658641724
28,9,0.80,0.9985179677652053
28,9,0.85,0.9982920301722764
28,9,0.90,0.9985002512181006
28,9,0.95,0.9984066830438718
29,0,0.05,0.9979113013426428
29,0,0.10,0.9954064211873859
29,0,0.15,0.9969932585277278
29,0,0.20,0.9964102221044404
29,0,0.25,0.9973377900846014
29,0,0.30,0.9977079717784644
29,0,0.35,0.9980791868688965
29,0,0.40,0.9981185023145687
29,0,0.45,0.9978475343112287
29,0,0.50,0.9981662014219495
29,0,0.55,0.998447909908707
29,0,0.60,0.997880025939642
29,0,0.65,0.9980986118118131
29,0,0.70,0.998169273299809
29,0,0.75,0.9983451119190592
29,0,0.80,0.9982065508877873
29,0,0.85,0.9986049350294142
29,0,0.90,0.9984926029842366
29,0,0.95,0.9987139178890972
29,1,0.05,0.9865947011322875
29,1,0.10,0.9928812041456228
29,1,0.15,0.9974332820768342
29,1,0.20,0.9974687858369929
29,1,0.25,0.9974648428714623
29,1,0.30,0.9974313480201047
29,1,0.35,0.9984321911174785
29,1,0.40,0.9982028645866642
29,1,0.45,0.9982553111559309
29,1,0.50,0.998347113303974
29,1,0.55,0.9977040866330004
29,1,0.60,0.9986419624655494
29,1,0.65,0.9983788516170653
29,1,0.70,0.9982387930782578
29,1,0.75,0.9988392590371455
29,1,0.80,0.9983294629214622
29,1,0.85,0.998703492514998
29,1,0.90,0.9983141048520027
29,1,0.95,0.9983783494040827
29,2,0.05,0.9955019604758619
29,2,0.10,0.995248412882447
29,2,0.15,0.9964745077515446
29,2,0.20,0.996998651769221
29,2,0.25,0.9972634809523633
29,2,0.30,0.9974423847190889
29,2,0.35,0.9979107342722868
29,2,0.40,0.9980361948206561
29,2,0.45,0.9977243749941641
29,2,0.50,0.9985243265920962
29,2,0.55,0.9984513716623256
29,2,0.60,0.9978766639128409
29,2,0.65,0.9977331235879019
29,2,0.70,0.9986112721205949
29,2,0.75,0.9981637989721358
29,2,0.80,0.9984620367505667
29,2,0.85,0.9981501933422996
29,2,0.90,0.9987773367934838
29,2,0.95,0.9984570839015587
29,3,0.05,0.9955569143600017
29,3,0.10,0.9940649732747799
29,3,0.15,0.9967180704161164
29,3,0.20,0.9956246264979453
29,3,0.25,0.99733103281827
29,3,0.30,0.9978891731087274
29,3,0.35,0.9982741695683388
29,3,0.40,0.9983196704925713
29,3,0.45,0.9983233570774463
29,3,0.50,0.9979788371360726
29,3,0.55,0.9982554047841524
29,3,0.60,0.9982977999484747
29,3,0.65,0.9983927150352061
29,3,0.70,0.9980058626208214
29,3,0.75,0.9984102322476406
29,3,0.80,0.9983642655680273
29,3,0.85,0.9983764738170271
29,3,0.90,0.9985913919705531
29,3,0.95,0.9984064834558214
29,4,0.05,0.9928914727957584
29,4,0.10,0.99539430539114
29,4,0.15,0.9966264057038977
29,4,0.20,0.996569908309778
29,4,0.25,0.9977658464004875
29,4,0.30,0.9968565980457879
29,4,0.35,0.9981911068285643
29,4,0.40,0.998191232499504
29,4,0.45,0.9982780381601486
29,4,0.50,0.9980069302894032
29,4,0.55,0.9983383875102514
29,4,0.60,0.9977717951361353
29,4,0.65,0.9983046774364113
29,4,0.70,0.9981747739403265
29,4,0.75,0.9982625583545642
29,4,0.80,0.9986791647606814
29,4,0.85,0.9982276504406016
29,4,0.90,0.998260917761645
29,4,0.95,0.9987382254259892
29,5,0.05,0.9899258825470346
29,5,0.10,0.9956390282725825
29,5,0.15,0.9967971690528764
29,5,0.20,0.9964869965947906
29,5,0.25,0.9968670276801964
29,5,0.30,0.99727037519504
29,5,0.35,0.9978078528800725
29,5,0.40,0.998382747589579
29,5,0.45,0.9982750331980439
29,5,0.50,0.9986723234776453
29,5,0.55,0.9983278148151034
29,5,0.60,0.9981075904473049
29,5,0.65,0.9981879800444966
29,5,0.70,0.9980074951904903
29,5,0.75,0.9984174443535324
29,5,0.80,0.998329396019774
29,5,0.85,0.9982082820225475
29,5,0.90,0.998534883148381
29,5,0.95,0.998461027617229
29,6,0.05,0.9917648309066187
29,6,0.10,0.9936828866273806
29,6,0.15,0.9962942735277593
29,6,0.20,0.9965105268905748
29,6,0.25,0.9978785457406534
29,6,0.30,0.9979914564758885
29,6,0.35,0.997927768959986
29,6,0.40,0.9984438005236811
29,6,0.45,0.9982476202248283
29,6,0.50,0.9980745302904265
29,6,0.55,0.9986015509643844
29,6,0.60,0.998162040245108
29,6,0.65,0.9984306485764709
29,6,0.70,0.9981441320194692
29,6,0.75,0.9980543323495149
29,6,0.80,0.9985981922625403
29,6,0.85,0.9984554045262997
29,6,0.90,0.9985553150823613
29,6,0.95,0.99865550315283
29,7,0.05,0.9820546871873356
29,7,0.10,0.9958793180218701
29,7,0.15,0.996585412166801
29,7,0.20,0.997492850584292
29,7,0.25,0.9969351829037497
29,7,0.30,0.9978708711184437
29,7,0.35,0.9978585848345123
29,7,0.40,0.9980705012218971
29,7,0.45,0.9984454762405243
29,7,0.50,0.998396279144921
29,7,0.55,0.9986364311774332
29,7,0.60,0.9983323693282993
29,7,0.65,0.9983662373718429
29,7,0.70,0.9984939552288908
29,7,0.75,0.9983933882330173
29,7,0.80,0.9985821657752795
29,7,0.85,0.9984657669453119
29,7,0.90,0.9986061801989223
29,7,0.95,0.9981656334129106
29,8,0.05,0.9922735769769576
29,8,0.10,0.9952863283072714
29,8,0.15,0.9969915352629573
29,8,0.20,0.9978899664764481
29,8,0.25,0.9980242671351217
29,8,0.30,0.997589236703842
29,8,0.35,0.9983036853994445
29,8,0.40,0.9977869204184713
29,8,0.45,0.9984531505648303
29,8,0.50,0.9984362733725416
29,8,0.55,0.9988278339397806
29,8,0.60,0.9979657158256922
29,8,0.65,0.9980512567854574
29,8,0.70,0.9979044777322048
29,8,0.75,0.9983571700289802
29,8,0.80,0.9985178222906219
29,8,0.85,0.9984562366777953
29,8,0.90,0.9983854522250228
29,8,0.95,0.9986391879420208
29,9,0.05,0.9910134895292084
29,9,0.10,0.99494062161593
29,9,0.15,0.9966365573913211
29,9,0.20,0.9978011107102791
29,9,0.25,0.9974243115210369
29,9,0.30,0.9979260253701744
29,9,0.35,0.9981803202903359
29,9,0.40,0.9977697756906575
29,9,0.45,0.9986879278228559
29,9,0.50,0.9979862356768655
29,9,0.55,0.9983529800726199
29,9,0.60,0.9981426284896885
29,9,0.65,0.9983788721887896
29,9,0.70,0.9982628853375853
29,9,0.75,0.9982331031422914
29,9,0.80,0.9981758325286715
29,9,0.85,0.9982638893537571
29,9,0.90,0.9986334570167177
29,9,0.95,0.9984798773219447
30,0,0.05,0.995264794558584
30,0,0.10,0.9920688495401944
30,0,0.15,0.997664820558349
30,0,0.20,0.9968890260550545
30,0,0.25,0.9976651539218635
30,0,0.30,0.998581758649885
30,0,0.35,0.9987879357162417
30,0,0.40,0.9982170557591508
30,0,0.45,0.9985006654223697
30,0,0.50,0.9987157278815597
30,0,0.55,0.9988846911970688
30,0,0.60,0.998270710691904
30,0,0.65,0.9983788512900612
30,0,0.70,0.9983617625355059
30,0,0.75,0.9980769339887473
30,0,0.80,0.9984117589485868
30,0,0.85,0.9984846358520386
30,0,0.90,0.9985422306606989
30,0,0.95,0.9986077692849633
30,1,0.05,0.9975555002897393
30,1,0.10,0.995503841928092
30,1,0.15,0.9968464275267308
30,1,0.20,0.9969616048667234
30,1,0.25,0.9976615041508154
30,1,0.30,0.9982323180137126
30,1,0.35,0.9982085639305234
30,1,0.40,0.9986538490953272
30,1,0.45,0.9987137042962647
30,1,0.50,0.9983294675641097
30,1,0.55,0.9983275421193213
30,1,0.60,0.998599397278951
30,1,0.65,0.9986430196439752
30,1,0.70,0.9981587300573068
30,1,0.75,0.998240847651395
30,1,0.80,0.9985041401885737
30,1,0.85,0.9984002060881324
30,1,0.90,0.998676584872539
30,1,0.95,0.9983964109729921
30,2,0.05,0.9934018025670937
30,2,0.10,0.9961451512200891
30,2,0.15,0.9956416886360716
30,2,0.20,0.997632119941931
30,2,0.25,0.9979022488558337
30,2,0.30,0.9977239182366595
30,2,0.35,0.9981761000270777
30,2,0.40,0.9980245316879809
30,2,0.45,0.9984911378508161
30,2,0.50,0.9986072107875598
30,2,0.55,0.9982813322578566
30,2,0.60,0.9985421170567192
30,2,0.65,0.9983936016204956
30,2,0.70,0.9985159604095495
30,2,0.75,0.9983004126309257
30,2,0.80,0.9981244179529714
30,2,0.85,0.9984378381817943
30,2,0.90,0.9987683517660708
30,2,0.95,0.9984755404441831
30,3,0.05,0.9860497787546177
30,3,0.10,0.9894547252874086
30,3,0.15,0.995332351549979
30,3,0.20,0.9974823236295339
30,3,0.25,0.9983038893304513
30,3,0.30,0.9987133616901103
30,3,0.35,0.9981712254743846
30,3,0.40,0.9982027228735618
30,3,0.45,0.9982479586028533
30,3,0.50,0.9986234298048864
30,3,0.55,0.9984770225622915
30,3,0.60,0.9986338456227088
30,3,0.65,0.9987223799663038
30,3,0.70,0.9983103020536774
30,3,0.75,0.998264556566876
30,3,0.80,0.9985194147459453
30,3,0.85,0.9983746298908478
30,3,0.90,0.9981014676849502
30,3,0.95,0.9985630731632149
30,4,0.05,0.9930316319067578
30,4,0.10,0.9961785894667017
30,4,0.15,0.9967823840167863
30,4,0.20,0.99590066380942
30,4,0.25,0.9980165710761341
30,4,0.30,0.9984447663755819
30,4,0.35,0.9980538621454204
30,4,0.40,0.9984056020772581
30,4,0.45,0.9981954322458304
30,4,0.50,0.9986057419163827
30,4,0.55,0.9985584503854911
30,4,0.60,0.9984957315479409
30,4,0.65,0.9982292971260883
30,4,0.70,0.9984697715144638
30,4,0.75,0.9983658871094313
30,4,0.80,0.998718165184201
30,4,0.85,0.9984374338757722
30,4,0.90,0.9986056595746835
30,4,0.95,0.9984806866229738
30,5,0.05,0.9887523646927602
30,5,0.10,0.9969795048308946
30,5,0.15,0.9973577451062033
30,5,0.20,0.997936938066537
30,5,0.25,0.9975961157855759
30,5,0.30,0.9978533290156285
30,5,0.35,0.9981420498493804
30,5,0.40,0.9985545316668163
30,5,0.45,0.9981871809883086
30,5,0.50,0.9988111149697444
30,5,0.55,0.998696942972104
30,5,0.60,0.9982424476925261
30,5,0.65,0.9983762635655482
30,5,0.70,0.9984349112665567
30,5,0.75,0.9984912678468943
30,5,0.80,0.9983140845343225
30,5,0.85,0.9985454423630463
30,5,0.90,0.998440081245161
30,5,0.95,0.9984872004447152
30,6,0.05,0.9750513375329378
30,6,0.10,0.9928287101043868
30,6,0.15,0.9949983531084299
30,6,0.20,0.9980745536512696
30,6,0.25,0.9977151599669228
30,6,0.30,0.9984365225024766
30,6,0.35,0.9975015360825812
30,6,0.40,0.9979590277046949
30,6,0.45,0.9988158086895588
30,6,0.50,0.9988133112050733
30,6,0.55,0.9987660554191455
30,6,0.60,0.9983101575259217
30,6,0.65,0.9989241623594077
30,6,0.70,0.9984838385069842
30,6,0.75,0.9981995702315866
30,6,0.80,0.9985791971461323
30,6,0.85,0.9986158875700961
30,6,0.90,0.998615652926997
30,6,0.95,0.9987687857075561
30,7,0.05,0.9880254646192803
30,7,0.10,0.996768780809385
30,7,0.15,0.9968524527028009
30,7,0.20,0.99691882421638
30,7,0.25,0.9975007478453773
30,7,0.30,0.9979882485623657
30,7,0.35,0.9980706871891275
30,7,0.40,0.9980658610973853
30,7,0.45,0.9985782735187019
30,7,0.50,0.9986637589950004
30,7,0.55,0.9984471198248963
30,7,0.60,0.9981705547553612
30,7,0.65,0.9988037107147639
30,7,0.70,0.9984032914034388
30,7,0.75,0.9985015126114314
30,7,0.80,0.9982223708231014
30,7,0.85,0.9984189437045303
30,7,0.90,0.9985873274351927
30,7,0.95,0.9986668599314974
30,8,0.05,0.9892647249539562
30,8,0.10,0.9967157070668612
30,8,0.15,0.9957279712696184
30,8,0.20,0.9980720009214474
30,8,0.25,0.9974299418454182
30,8,0.30,0.9979919395298076
30,8,0.35,0.9983710191551682
30,8,0.40,0.9983544433258742
30,8,0.45,0.9982713432593399
30,8,0.50,0.9984722405830623
30,8,0.55,0.9985729187397515
30,8,0.60,0.998546878165612
30,8,0.65,0.9984232369870072
30,8,0.70,0.9981753131391615
30,8,0.75,0.9983482539064121
30,8,0.80,0.9985319151249564
30,8,0.85,0.9985435401944083
30,8,0.90,0.9983765631642995
30,8,0.95,0.9986747341711634
30,9,0.05,0.9888629197338609
30,9,0.10,0.9958713093006536
30,9,0.15,0.9955218716492965
30,9,0.20,0.9977529133180106
30,9,0.25,0.9977552126454827
30,9,0.30,0.9982557183936486
30,9,0.35,0.9974384335161056
30,9,0.40,0.9980272984833337
30,9,0.45,0.9982966362732879
30,9,0.50,0.9988083980118133
30,9,0.55,0.998877447541771
30,9,0.60,0.9986657161621217
30,9,0.65,0.9983059978045977
30,9,0.70,0.998684926305252
30,9,0.75,0.9981294665729155
30,9,0.80,0.9986331023499904
30,9,0.85,0.9982370629776879
30,9,0.90,0.9986197095466857
30,9,0.95,0.9989567123661264
31,0,0.05,0.9766473931308952
31,0,0.10,0.9961379091252346
31,0,0.15,0.9970913797961554
31,0,0.20,0.997277580936355
31,0,0.25,0.9978791466346223
31,0,0.30,0.9976975712096242
31,0,0.35,0.9975680221449627
31,0,0.40,0.997677200980061
31,0,0.45,0.9977884014506336
31,0,0.50,0.998054852334359
31,0,0.55,0.9979198736544216
31,0,0.60,0.9984584348558132
31,0,0.65,0.9983257747946741
31,0,0.70,0.998091124311736
31,0,0.75,0.998344879956487
31,0,0.80,0.9987912189751645
31,0,0.85,0.9982754629524809
31,0,0.90,0.9983912401544627
31,0,0.95,0.9986299362776531
31,1,0.05,0.9926358021663259
31,1,0.10,0.9962718786462179
31,1,0.15,0.9971871266981387
31,1,0.20,0.9966705235713575
31,1,0.25,0.9979758625920027
31,1,0.30,0.9981199161949071
31,1,0.35,0.9980868614781668
31,1,0.40,0.9978029542764403
31,1,0.45,0.9972852738497067
31,1,0.50,0.9977818198402384
31,1,0.55,0.9984039396152095
31,1,0.60,0.9981060072211752
31,1,0.65,0.9981101013256348
31,1,0.70,0.9980195234847502
31,1,0.75,0.998476060103334
31,1,0.80,0.9982094681088487
31,1,0.85,0.9986368925686004
31,1,0.90,0.9981809529155111
31,1,0.95,0.9982724063566643
31,2,0.05,0.9908877313283669
31,2,0.10,0.9971882769098751
31,2,0.15,0.9973769282834313
31,2,0.20,0.9975559199492455
31,2,0.25,0.9977683582323104
31,2,0.30,0.9979900050139394
31,2,0.35,0.9979294416154442
31,2,0.40,0.9982488185430332
31,2,0.45,0.9975965291863045
31,2,0.50,0.9979494188858753
31,2,0.55,0.9979851969707003
31,2,0.60,0.9986075382783768
31,2,0.65,0.9984393489217017
31,2,0.70,0.9980512723616911
31,2,0.75,0.9978726416846037
31,2,0.80,0.9985986237944222
31,2,0.85,0.9980110167506463
31,2,0.90,0.9987617231485074
31,2,0.95,0.9983147316551679
31,3,0.05,0.9849641762787777
31,3,0.10,0.9971036262756635
31,3,0.15,0.9955663472758314
31,3,0.20,0.9969455785106979
31,3,0.25,0.9972558443916807
31,3,0.30,0.9975020282638685
31,3,0.35,0.9976927866629014
31,3,0.40,0.9980618026581846
31,3,0.45,0.9983850567200838
31,3,0.50,0.9978104105510519
31,3,0.55,0.9981894176672133
31,3,0.60,0.9984822616219536
31,3,0.65,0.9984150465097785
31,3,0.70,0.998493712580905
31,3,0.75,0.998046135201454
31,3,0.80,0.9985808283729134
31,3,0.85,0.9985080562942775
31,3,0.90,0.9985400226889987
31,3,0.95,0.9984378121952099
31,4,0.05,0.9943378360936012
31,4,0.10,0.9967435174326065
31,4,0.15,0.9966017287152328
31,4,0.20,0.9972864900286873
31,4,0.25,0.9971213272808376
31,4,0.30,0.9977614175976455
31,4,0.35,0.997875295298489
31,4,0.40,0.9978728457538463
31,4,0.45,0.9977586832345691
31,4,0.50,0.9985787077127019
31,4,0.55,0.9986511167359503
31,4,0.60,0.9986843190050498
31,4,0.65,0.9981937790677105
31,4,0.70,0.9981459679399812
31,4,0.75,0.9984478960223782
31,4,0.80,0.9984860803935988
31,4,0.85,0.9985759437717239
31,4,0.90,0.998109259993514
31,4,0.95,0.9986046848542158
31,5,0.05,0.9793697772367044
31,5,0.10,0.9937598715057426
31,5,0.15,0.9965984617239847
31,5,0.20,0.9970038330877923
31,5,0.25,0.9979451128182152
31,5,0.30,0.9975763214560851
31,5,0.35,0.9981623319853663
31,5,0.40,0.9985289022917376
31,5,0.45,0.9980665358266081
31,5,0.50,0.99814826935539
31,5,0.55,0.9980728821127085
31,5,0.60,0.9985300849215406
31,5,0.65,0.9983534716681103
31,5,0.70,0.9983725656698844
31,5,0.75,0.9983939687842935
31,5,0.80,0.9983669383162735
31,5,0.85,0.9984407828098827
31,5,0.90,0.9983258937905503
31,5,0.95,0.9983068797665866
31,6,0.05,0.9754021819937537
31,6,0.10,0.99652392968424
31,6,0.15,0.9961971394059206
31,6,0.20,0.997910674157958
31,6,0.25,0.9975817691051163
31,6,0.30,0.997529501651543
31,6,0.35,0.9980441897622059
31,6,0.40,0.9972657750231119
31,6,0.45,0.9981983729398229
31,6,0.50,0.9983245995830909
31,6,0.55,0.9982198409041787
31,6,0.60,0.9980648510752941
31,6,0.65,0.998157922386769
31,6,0.70,0.9988248810750171
31,6,0.75,0.9983482850570908
31,6,0.80,0.9984844367952189
31,6,0.85,0.9984069826727355
31,6,0.90,0.9984095791627469
31,6,0.95,0.9984231847401496
31,7,0.05,0.9897670494323525
31,7,0.10,0.997272346850936
31,7,0.15,0.9986852690005896
31,7,0.20,0.9968827508516392
31,7,0.25,0.9969198661665079
31,7,0.30,0.9982307527040728
31,7,0.35,0.997363561557029
31,7,0.40,0.9976473250435862
31,7,0.45,0.9979854170872176
31,7,0.50,0.9983342127623532
31,7,0.55,0.9981064209722225
31,7,0.60,0.9987203735612847
31,7,0.65,0.9978962020121838
31,7,0.70,0.9982003001966258
31,7,0.75,0.9983683416800202
31,7,0.80,0.9983879273058311
31,7,0.85,0.9985159594848462
31,7,0.90,0.9984984803331761
31,7,0.95,0.9985416093987666
31,8,0.05,0.9894049615834234
31,8,0.10,0.9945035642142399
31,8,0.15,0.9975424269620478
31,8,0.20,0.9965493777101314
31,8,0.25,0.9978117468012977
31,8,0.30,0.9981943908998074
31,8,0.35,0.9977397827420783
31,8,0.40,0.9982493539630435
31,8,0.45,0.9982042928150625
31,8,0.50,0.9982651431548295
31,8,0.55,0.9981853327502161
31,8,0.60,0.9984651924381499
31,8,0.65,0.9981247874023231
31,8,0.70,0.9984226900000294
31,8,0.75,0.9984149222471503
31,8,0.80,0.9982143711473231
31,8,0.85,0.9985135137812724
31,8,0.90,0.9983407645215737
31,8,0.95,0.9984741934650454
31,9,0.05,0.9917547214762722
31,9,0.10,0.9949438096380316
31,9,0.15,0.9972727071261426
31,9,0.20,0.9981585231920541
31,9,0.25,0.9967884109225835
31,9,0.30,0.998521915020719
31,9,0.35,0.9975346109849409
31,9,0.40,0.9980479944164472
31,9,0.45,0.9979785871874207
31,9,0.50,0.9979466502392341
31,9,0.55,0.9982076048577002
31,9,0.60,0.9981243647079865
31,9,0.65,0.9982313342564784
31,9,0.70,0.998052929480278
31,9,0.75,0.9984337662602508
31,9,0.80,0.9979981964340457
31,9,0.85,0.9984792624335455
31,9,0.90,0.9984229061291289
31,9,0.95,0.9986397236971584
32,0,0.05,0.9928992738906721
32,0,0.10,0.9967499185132421
32,0,0.15,0.9957885901621764
32,0,0.20,0.9974460672767551
32,0,0.25,0.9965122236286248
32,0,0.30,0.997562158543739
32,0,0.35,0.9974121216279352
32,0,0.40,0.9975431154234021
32,0,0.45,0.9977075491727052
32,0,0.50,0.9981735537913405
32,0,0.55,0.9981750743073523
32,0,0.60,0.9977689007688396
32,0,0.65,0.9986515373395013
32,0,0.70,0.9985561649522572
32,0,0.75,0.9982648329175516
32,0,0.80,0.9984200670263237
32,0,0.85,0.9985512583916857
32,0,0.90,0.9983170633362639
32,0,0.95,0.9983749742408569
32,1,0.05,0.9637107513466526
32,1,0.10,0.9950729381715292
32,1,0.15,0.9960830991453651
32,1,0.20,0.9961604088093214
32,1,0.25,0.9980802123387711
32,1,0.30,0.9975368961481784
32,1,0.35,0.9971404938027164
32,1,0.40,0.9980911796392463
32,1,0.45,0.9977077108057714
32,1,0.50,0.998157034584274
32,1,0.55,0.9981774366298523
32,1,0.60,0.9988140727871172
32,1,0.65,0.9982980529300871
32,1,0.70,0.9982741071929795
32,1,0.75,0.9984209506330696
32,1,0.80,0.9986220625721729
32,1,0.85,0.9982817507864707
32,1,0.90,0.9982142649943988
32,1,0.95,0.998511680917325
32,2,0.05,0.9868431138195102
32,2,0.10,0.9920499824988203
32,2,0.15,0.9969557276167909
32,2,0.20,0.9965032639028893
32,2,0.25,0.9973093724956998
32,2,0.30,0.9977505631504421
32,2,0.35,0.9966510305209166
32,2,0.40,0.9982887599116049
32,2,0.45,0.9979248813605277
32,2,0.50,0.9972847915046312
32,2,0.55,0.9980309807959279
32,2,0.60,0.9983182876149536
32,2,0.65,0.9984800775786268
32,2,0.70,0.998254460902222
32,2,0.75,0.9982438141251062
32,2,0.80,0.998322083334563
32,2,0.85,0.9985682603992759
32,2,0.90,0.9982999789755337
32,2,0.95,0.9983438346543567
32,3,0.05,0.9922879901887195
32,3,0.10,0.9941846785221483
32,3,0.15,0.9969170827373715
32,3,0.20,0.9969114847372723
32,3,0.25,0.9964746221807201
32,3,0.30,0.9976265389339718
32,3,0.35,0.9979092482964202
32,3,0.40,0.9982567503467831
32,3,0.45,0.9980022966843636
32,3,0.50,0.9982253438493356
32,3,0.55,0.9983927566295215
32,3,0.60,0.9986430746060403
32,3,0.65,0.998413094139452
32,3,0.70,0.9981875047539944
32,3,0.75,0.9984078521639345
32,3,0.80,0.9984240109740443
32,3,0.85,0.9988617840896331
32,3,0.90,0.9984034017594139
32,3,0.95,0.9983268777343436
32,4,0.05,0.9937641730295994
32,4,0.10,0.9936136711993782
32,4,0.15,0.996487698455444
32,4,0.20,0.9977997509609965
32,4,0.25,0.9975163817753208
32,4,0.30,0.9971791789044102
32,4,0.35,0.9975051629413124
32,4,0.40,0.9982752272701707
32,4,0.45,0.9982446476490864
32,4,0.50,0.99879155241097
32,4,0.55,0.9986848359057072
32,4,0.60,0.9980522730439211
32,4,0.65,0.9979378391931939
32,4,0.70,0.997796193931563
32,4,0.75,0.9983276773064723
32,4,0.80,0.9985881738967857
32,4,0.85,0.998400890435883
32,4,0.90,0.9984528024279465
32,4,0.95,0.9978752596385637
32,5,0.05,0.9921889427042889
32,5,0.10,0.9875423446314222
32,5,0.15,0.9963487000159755
32,5,0.20,0.9972800306546736
32,5,0.25,0.9965584667058502
32,5,0.30,0.9982563137570615
32,5,0.35,0.9978795058476649
32,5,0.40,0.9978287453952425
32,5,0.45,0.998213865209014
32,5,0.50,0.9983453948526908
32,5,0.55,0.9983653607801506
32,5,0.60,0.9980432386232443
32,5,0.65,0.9982325757504948
32,5,0.70,0.9982592760827468
32,5,0.75,0.9982897013116002
32,5,0.80,0.9984284158602689
32,5,0.85,0.9985709964785888
32,5,0.90,0.9983168060494578
32,5,0.95,0.9983911184403477
32,6,0.05,0.9898107548437974
32,6,0.10,0.9928564315401469
32,6,0.15,0.9970790319917902
32,6,0.20,0.9973135031431054
32,6,0.25,0.997165803930857
32,6,0.30,0.9975121836308515
32,6,0.35,0.9975679655649283
32,6,0.40,0.997290212451156
32,6,0.45,0.9982296290098006
32,6,0.50,0.9978423111761067
32,6,0.55,0.9979724433749317
32,6,0.60,0.9986222131156511
32,6,0.65,0.9982503166665411
32,6,0.70,0.9980254281786498
32,6,0.75,0.9980488414302486
32,6,0.80,0.9983156500108428
32,6,0.85,0.9983562797663541
32,6,0.90,0.99852402446096
32,6,0.95,0.9988356553006816
32,7,0.05,0.9886860256169885
32,7,0.10,0.9948510352708301
32,7,0.15,0.9982820344306127
32,7,0.20,0.9971098972371734
32,7,0.25,0.9962499072154719
32,7,0.30,0.9978958696427537
32,7,0.35,0.9977447284776245
32,7,0.40,0.9979627961608981
32,7,0.45,0.9978245523825859
32,7,0.50,0.9985513366072344
32,7,0.55,0.9981792401705839
32,7,0.60,0.9983488030918111
32,7,0.65,0.9981746475008345
32,7,0.70,0.9985736518754302
32,7,0.75,0.9982855844557108
32,7,0.80,0.9984492509281824
32,7,0.85,0.9986007471549541
32,7,0.90,0.9981515628163926
32,7,0.95,0.9983215272420408
32,8,0.05,0.9909378895437552
32,8,0.10,0.9938772738311262
32,8,0.15,0.9957834265365119
32,8,0.20,0.9965764363575556
32,8,0.25,0.997016882851446
32,8,0.30,0.9976660790637699
32,8,0.35,0.9976298352071918
32,8,0.40,0.9979542532089906
32,8,0.45,0.998604638748392
32,8,0.50,0.9980353045135839
32,8,0.55,0.9986225875040803
32,8,0.60,0.9977515035485685
32,8,0.65,0.998404101203252
32,8,0.70,0.9983751235011316
32,8,0.75,0.9986101019955245
32,8,0.80,0.9985760854085638
32,8,0.85,0.9979231772148518
32,8,0.90,0.9983952100509642
32,8,0.95,0.998422911853304
32,9,0.05,0.9956014650833928
32,9,0.10,0.9922416025328822
32,9,0.15,0.9975717342690629
32,9,0.20,0.9972362047188422
32,9,0.25,0.9960926177578764
32,9,0.30,0.99750568353277
32,9,0.35,0.9975959431966517
32,9,0.40,0.9982631262120282
32,9,0.45,0.9984513186679145
32,9,0.50,0.9981932516997859
32,9,0.55,0.9984682384347479
32,9,0.60,0.9980460131750158
32,9,0.65,0.9981375936651622
32,9,0.70,0.9981469171684352
32,9,0.75,0.9984511827105128
32,9,0.80,0.9984759547231807
32,9,0.85,0.9984901813490245
32,9,0.90,0.9986653193580218
32,9,0.95,0.9982127072069522
33,0,0.05,0.9878771544696253
33,0,0.10,0.9948193799142204
33,0,0.15,0.9952273801109026
33,0,0.20,0.9948696072778691
33,0,0.25,0.9972193340633532
33,0,0.30,0.9975072057054115
33,0,0.35,0.9980359596051008
33,0,0.40,0.9982462602940038
33,0,0.45,0.9982621124016047
33,0,0.50,0.9983987883793128
33,0,0.55,0.9977943166655276
33,0,0.60,0.9982330248026096
33,0,0.65,0.9984918082607277
33,0,0.70,0.9981759317850436
33,0,0.75,0.9984946140883272
33,0,0.80,0.9988847159367013
33,0,0.85,0.9986309207847529
33,0,0.90,0.9984847161695287
33,0,0.95,0.9985095625386439
33,1,0.05,0.9967432621264816
33,1,0.10,0.9898502356342079
33,1,0.15,0.995773804249728
33,1,0.20,0.9974222435754527
33,1,0.25,0.9969106390849729
33,1,0.30,0.9977959937836285
33,1,0.35,0.9979913890213542
33,1,0.40,0.9982614903931458
33,1,0.45,0.997554619314767
33,1,0.50,0.9983057217636514
33,1,0.55,0.9979853896387478
33,1,0.60,0.9982677648493843
33,1,0.65,0.9979048505340258
33,1,0.70,0.9986077942958893
33,1,0.75,0.9982142979231063
33,1,0.80,0.998705695056802
33,1,0.85,0.9983109891203059
33,1,0.90,0.9985283428775231
33,1,0.95,0.99831372648975
33,2,0.05,0.9896405723618168
33,2,0.10,0.9946667008470628
33,2,0.15,0.9970986183507373
33,2,0.20,0.9975220114134377
33,2,0.25,0.997306778965627
33,2,0.30,0.9980551246426963
33,2,0.35,0.9981520232983
33,2,0.40,0.9975793686477783
33,2,0.45,0.9980814930529276
33,2,0.50,0.9981891918866392
33,2,0.55,0.9979945713072508
33,2,0.60,0.9983307147627474
33,2,0.65,0.9982531888906971
33,2,0.70,0.9984534405037466
33,2,0.75,0.9979467994691754
33,2,0.80,0.9981767885549467
33,2,0.85,0.9983234765898041
33,2,0.90,0.99842965478416
33,2,0.95,0.9986184601776468
33,3,0.05,0.9899711782627127
33,3,0.10,0.9931919208842712
33,3,0.15,0.9963351728741637
33,3,0.20,0.9967589116371808
33,3,0.25,0.9975258749720511
33,3,0.30,0.9978879787862923
33,3,0.35,0.9976749973224096
33,3,0.40,0.9977810399829445
33,3,0.45,0.9976774176039972
33,3,0.50,0.9981699632853915
33,3,0.55,0.9983551681272955
33,3,0.60,0.9978245683882594
33,3,0.65,0.997764903006655
33,3,0.70,0.9980874667679234
33,3,0.75,0.9983441387375499
33,3,0.80,0.9985264016616255
33,3,0.85,0.9984797903748706
33,3,0.90,0.9987325806093114
33,3,0.95,0.9987435942392097
33,4,0.05,0.9911443339080465
33,4,0.10,0.9945772686193273
33,4,0.15,0.9959102026240129
33,4,0.20,0.9974036251297048
33,4,0.25,0.9966244199963967
33,4,0.30,0.9973734299401626
33,4,0.35,0.9972177735030057
33,4,0.40,0.9981408420250865
33,4,0.45,0.9979883985463068
33,4,0.50,0.9977134229514714
33,4,0.55,0.9985362696290165
33,4,0.60,0.998310467017772
33,4,0.65,0.9975840665898015
33,4,0.70,0.998088447020177
33,4,0.75,0.9981707157696044
33,4,0.80,0.9983721724904485
33,4,0.85,0.9981564408611006
33,4,0.90,0.9983802216548209
33,4,0.95,0.9987250341325797
33,5,0.05,0.9847409731388238
33,5,0.10,0.9905450341338993
33,5,0.15,0.993391417232409
33,5,0.20,0.9975276840750534
33,5,0.25,0.9972208003737806
33,5,0.30,0.9976632077472524
33,5,0.35,0.9980585496561515
33,5,0.40,0.9976757966780274
33,5,0.45,0.9977322696732075
33,5,0.50,0.9980888168535905
33,5,0.55,0.9980799972753481
33,5,0.60,0.9980724764378214
33,5,0.65,0.9982593424241698
33,5,0.70,0.9981212224066075
33,5,0.75,0.9981236591346426
33,5,0.80,0.9985965353451356
33,5,0.85,0.9982061262208104
33,5,0.90,0.9981788655800697
33,5,0.95,0.9985188417528537
33,6,0.05,0.9929355688466571
33,6,0.10,0.9958529684962011
33,6,0.15,0.9968331871265718
33,6,0.20,0.997091284344035
33,6,0.25,0.9967554917662788
33,6,0.30,0.9979260815686588
33,6,0.35,0.9982350263555543
33,6,0.40,0.997946792229754
33,6,0.45,0.9981343242815351
33,6,0.50,0.9978449373594352
33,6,0.55,0.9983554387444452
33,6,0.60,0.998296875791424
33,6,0.65,0.998433051884457
33,6,0.70,0.9983761753238852
33,6,0.75,0.9982259192511881
33,6,0.80,0.9986009012059848
33,6,0.85,0.9985631047373761
33,6,0.90,0.9986211793054449
33,6,0.95,0.9984061089157277
33,7,0.05,0.9940510548275691
33,7,0.10,0.994980083903423
33,7,0.15,0.9956938465746009
33,7,0.20,0.9962326237307634
33,7,0.25,0.9977036486550105
33,7,0.30,0.9976973988293515
33,7,0.35,0.9981550694931811
33,7,0.40,0.9983847614969906
33,7,0.45,0.9980724305547976
33,7,0.50,0.9981814227539683
33,7,0.55,0.9977227037071171
33,7,0.60,0.9985091961155732
33,7,0.65,0.9981254313680595
33,7,0.70,0.9981591475749665
33,7,0.75,0.9980992244024635
33,7,0.80,0.9981878492720034
33,7,0.85,0.9984196198759488
33,7,0.90,0.9982827990025294
33,7,0.95,0.9984423283611739
33,8,0.05,0.9892272279534703
33,8,0.10,0.9948790406765798
33,8,0.15,0.9963309013561998
33,8,0.20,0.996722081417335
33,8,0.25,0.997877862951366
33,8,0.30,0.9974330979916893
33,8,0.35,0.9976857808500451
33,8,0.40,0.9978861678797573
33,8,0.45,0.9976644979977892
33,8,0.50,0.9980778172774364
33,8,0.55,0.9981433928240445
33,8,0.60,0.998266058722923
33,8,0.65,0.9980603293772854
33,8,0.70,0.9983674606471652
33,8,0.75,0.9983325844824426
33,8,0.80,0.998378633046213
33,8,0.85,0.9983019528768206
33,8,0.90,0.998610728077539
33,8,0.95,0.9984655427899537
33,9,0.05,0.9752570465119218
33,9,0.10,0.9954071092931228
33,9,0.15,0.9967774578941564
33,9,0.20,0.9952633353250476
33,9,0.25,0.9961102958849384
33,9,0.30,0.9974449977323478
33,9,0.35,0.9975863682806675
33,9,0.40,0.9985865696272475
33,9,0.45,0.9977170217310353
33,9,0.50,0.998081590521554
33,9,0.55,0.9980531147586443
33,9,0.60,0.9981198640511042
33,9,0.65,0.9982676640303068
33,9,0.70,0.9986101947153906
33,9,0.75,0.9985790819739053
33,9,0.80,0.9985849637801519
33,9,0.85,0.9984892572938703
33,9,0.90,0.9984739804378678
33,9,0.95,0.9983609698099222
34,0,0.05,0.9870625552995097
34,0,0.10,0.9967539327823131
34,0,0.15,0.9954490607999238
34,0,0.20,0.997047779036466
34,0,0.25,0.9974002291076671
34,0,0.30,0.9979184174486194
34,0,0.35,0.9982201874290344
34,0,0.40,0.9982052028453915
34,0,0.45,0.9982193756187411
34,0,0.50,0.9981778024274783
34,0,0.55,0.9981952792425542
34,0,0.60,0.9983411373540906
34,0,0.65,0.9976864470659286
34,0,0.70,0.9983405078959525
34,0,0.75,0.9985058820803794
34,0,0.80,0.998440565459379
34,0,0.85,0.9980538750595893
34,0,0.90,0.9987335791878454
34,0,0.95,0.9987893013993221
34,1,0.05,0.9820587719215104
34,1,0.10,0.9966620571031477
34,1,0.15,0.9967799452807388
34,1,0.20,0.9969135205995586
34,1,0.25,0.9973146489153423
34,1,0.30,0.9980186857641294
34,1,0.35,0.9980246999745668
34,1,0.40,0.9984161954661827
34,1,0.45,0.9977391276853456
34,1,0.50,0.9983190707709836
34,1,0.55,0.9982141747356439
34,1,0.60,0.9981125097748119
34,1,0.65,0.9986046566459853
34,1,0.70,0.9981724079338183
34,1,0.75,0.9984284114721435
34,1,0.80,0.9984247100397114
34,1,0.85,0.9987152707235938
34,1,0.90,0.9986429216534868
34,1,0.95,0.9983041678876059
34,2,0.05,0.9927793989494644
34,2,0.10,0.9960832243475685
34,2,0.15,0.9936312913546571
34,2,0.20,0.9977530510527554
34,2,0.25,0.9970073250538699
34,2,0.30,0.9973584975943406
34,2,0.35,0.9976518603572013
34,2,0.40,0.998272098940285
34,2,0.45,0.9984467537434317
34,2,0.50,0.9979545864671874
34,2,0.55,0.9983946877333821
34,2,0.60,0.9980765436708187
34,2,0.65,0.9983562214589201
34,2,0.70,0.9984685768762674
34,2,0.75,0.9987063623576193
34,2,0.80,0.998574976186151
34,2,0.85,0.9984458924212526
34,2,0.90,0.9982998393170618
34,2,0.95,0.9983045328107102
34,3,0.05,0.9870288105155034
34,3,0.10,0.9960357693357914
34,3,0.15,0.9971270323477505
34,3,0.20,0.9973069422609182
34,3,0.25,0.997730403696096
34,3,0.30,0.9981877019083816
34,3,0.35,0.9982678018127726
34,3,0.40,0.9980245685609528
34,3,0.45,0.9980961125259249
34,3,0.50,0.9979097065285468
34,3,0.55,0.9983217605252938
34,3,0.60,0.9981400917905596
34,3,0.65,0.998717193990893
34,3,0.70,0.9983675318460906
34,3,0.75,0.9984395868668123
34,3,0.80,0.9984270557905385
34,3,0.85,0.998407516091527
34,3,0.90,0.9981898019696497
34,3,0.95,0.9986659615100062
34,4,0.05,0.9937473262463755
34,4,0.10,0.9932511801608818
34,4,0.15,0.9971818903692217
34,4,0.20,0.9975117779248012
34,4,0.25,0.9972451728930323
34,4,0.30,0.9981961761003423
34,4,0.35,0.9974292845820901
34,4,0.40,0.9980598792833255
34,4,0.45,0.998271391789494
34,4,0.50,0.9980062576009907
34,4,0.55,0.9983391257837684
34,4,0.60,0.9982214669015048
34,4,0.65,0.9983773882580187
34,4,0.70,0.9981709836984409
34,4,0.75,0.9984676352275735
34,4,0.80,0.9983588832828679
34,4,0.85,0.9986896717221041
34,4,0.90,0.9985671126758346
34,4,0.95,0.9985748034925633
34,5,0.05,0.9359757294223876
34,5,0.10,0.9947959172991825
34,5,0.15,0.9969199923545038
34,5,0.20,0.9983936055065067
34,5,0.25,0.9981978922194701
34,5,0.30,0.9970359969374035
34,5,0.35,0.9983686493424212
34,5,0.40,0.9981789459394586
34,5,0.45,0.997224818848349
34,5,0.50,0.9980839724077395
34,5,0.55,0.9982270862291935
34,5,0.60,0.9983699278202589
34,5,0.65,0.9982293491877616
34,5,0.70,0.9982976917546373
34,5,0.75,0.9980391917926225
34,5,0.80,0.9982654002648712
34,5,0.85,0.9985551167794109
34,5,0.90,0.9984402441086199
34,5,0.95,0.9983979423727103
34,6,0.05,0.9887739796724421
34,6,0.10,0.994197515287592
34,6,0.15,0.9958470394189433
34,6,0.20,0.9976920724851416
34,6,0.25,0.997788251534108
34,6,0.30,0.9979996710238273
34,6,0.35,0.9973347979916375
34,6,0.40,0.9977896550061702
34,6,0.45,0.9979481162856434
34,6,0.50,0.9980902945292776
34,6,0.55,0.9980920761548553
34,6,0.60,0.9984778848537349
34,6,0.65,0.9980195504372649
34,6,0.70,0.9980675630918476
34,6,0.75,0.9986377940848017
34,6,0.80,0.9983572838610281
34,6,0.85,0.9986018017648851
34,6,0.90,0.9982846488367517
34,6,0.95,0.998013880172962
34,7,0.05,0.9958040217134716
34,7,0.10,0.9975172929602693
34,7,0.15,0.9965477229795439
34,7,0.20,0.9969057608821855
34,7,0.25,0.9978416030865224
34,7,0.30,0.9976885151569752
34,7,0.35,0.9979591887941128
34,7,0.40,0.997821644735422
34,7,0.45,0.99763013907978
34,7,0.50,0.9975466113366261
34,7,0.55,0.9985043807191709
34,7,0.60,0.9985386296375628
34,7,0.65,0.9986765488994279
34,7,0.70,0.9985547605275478
34,7,0.75,0.9983494492205306
34,7,0.80,0.9984410106277278
34,7,0.85,0.9985168662994935
34,7,0.90,0.9986094249704178
34,7,0.95,0.9986459311931699
34,8,0.05,0.9963137058992805
34,8,0.10,0.9973243701470534
34,8,0.15,0.9977550373161215
34,8,0.20,0.9975618256142494
34,8,0.25,0.9980892964075984
34,8,0.30,0.9982590269497269
34,8,0.35,0.9977160878334876
34,8,0.40,0.9978154300928939
34,8,0.45,0.9981869443116732
34,8,0.50,0.9982132252682823
34,8,0.55,0.9983616244634608
34,8,0.60,0.9988728186952223
34,8,0.65,0.9983777687616503
34,8,0.70,0.9986089659726513
34,8,0.75,0.9985692982713702
34,8,0.80,0.9986157807180075
34,8,0.85,0.9981290707983224
34,8,0.90,0.9984952731971276
34,8,0.95,0.9986914074882569
34,9,0.05,0.9898362621559184
34,9,0.10,0.9928782875552489
34,9,0.15,0.9961878029610292
34,9,0.20,0.9974458562880842
34,9,0.25,0.9980153969144396
34,9,0.30,0.9976174140257033
34,9,0.35,0.9975631246961367
34,9,0.40,0.9983496501844589
34,9,0.45,0.9986618485600621
34,9,0.50,0.9981808496611021
34,9,0.55,0.9983978659396856
34,9,0.60,0.9987456215385894
34,9,0.65,0.9983418029530886
34,9,0.70,0.9983788846243427
34,9,0.75,0.9979379415069028
34,9,0.80,0.9983309609294393
34,9,0.85,0.9985193044636669
34,9,0.90,0.998333648146397
34,9,0.95,0.9983951897691099
35,0,0.05,0.9949942511840427
35,0,0.10,0.995509943465081
35,0,0.15,0.9968321803666721
35,0,0.20,0.9975679064533026
35,0,0.25,0.9974657525057573
35,0,0.30,0.9976707030845746
35,0,0.35,0.9982007653075237
35,0,0.40,0.9987737760096961
35,0,0.45,0.9984547332913494
35,0,0.50,0.9981480419286896
35,0,0.55,0.9981749169095346
35,0,0.60,0.9986188695959686
35,0,0.65,0.9979678930730571
35,0,0.70,0.9982566565160627
35,0,0.75,0.9985416171868704
35,0,0.80,0.9983301811127222
35,0,0.85,0.9984793777369381
35,0,0.90,0.9984617322610493
35,0,0.95,0.9989414421963307
35,1,0.05,0.9928398189875046
35,1,0.10,0.9968955716729958
35,1,0.15,0.9975503680819788
35,1,0.20,0.9965531227440213
35,1,0.25,0.9979867706304393
35,1,0.30,0.997902396531297
35,1,0.35,0.9981497720652236
35,1,0.40,0.997901043310152
35,1,0.45,0.998508977600802
35,1,0.50,0.9984998761067949
35,1,0.55,0.9982500989530653
35,1,0.60,0.9983697016625332
35,1,0.65,0.9982546224542458
35,1,0.70,0.9987006514412061
35,1,0.75,0.9986255776682473
35,1,0.80,0.9986893390050325
35,1,0.85,0.9984499823967132
35,1,0.90,0.9987315730764394
35,1,0.95,0.9984733960442557
35,2,0.05,0.9863696978024276
35,2,0.10,0.9954116689386671
35,2,0.15,0.9970539092984139
35,2,0.20,0.9969458656419331
35,2,0.25,0.9969160924212415
35,2,0.30,0.9977554244080623
35,2,0.35,0.9979857836851463
35,2,0.40,0.9984269500832144
35,2,0.45,0.9983996554664093
35,2,0.50,0.9981219170009171
35,2,0.55,0.9983900914842994
35,2,0.60,0.9982499681187523
35,2,0.65,0.9980178376971567
35,2,0.70,0.9981792953928655
35,2,0.75,0.9982911480691126
35,2,0.80,0.9984018036590143
35,2,0.85,0.9985875227014541
35,2,0.90,0.9984865746079737
35,2,0.95,0.9986162858833372
35,3,0.05,0.9931683932185874
35,3,0.10,0.9971224139034806
35,3,0.15,0.9959379261060023
35,3,0.20,0.9978703715389995
35,3,0.25,0.9977180485972331
35,3,0.30,0.9968455844622
35,3,0.35,0.9972168487246341
35,3,0.40,0.9979468596048339
35,3,0.45,0.9982979421167162
35,3,0.50,0.998173210793601
35,3,0.55,0.9982443731220101
35,3,0.60,0.9985777087293253
35,3,0.65,0.9983685598285291
35,3,0.70,0.9984445018681524
35,3,0.75,0.9987181015672822
35,3,0.80,0.9986309528854307
35,3,0.85,0.9985435385490318
35,3,0.90,0.9986976176341085
35,3,0.95,0.9984952844046171
35,4,0.05,0.9930619354071333
35,4,0.10,0.9943726074750324
35,4,0.15,0.9963785464052866
35,4,0.20,0.9973852973319847
35,4,0.25,0.9983635551948803
35,4,0.30,0.9979020260172609
35,4,0.35,0.9974780195102955
35,4,0.40,0.99853456435871
35,4,0.45,0.998413649884075
35,4,0.50,0.9983160980821663
35,4,0.55,0.9985255432870896
35,4,0.60,0.998407156263829
35,4,0.65,0.9987542071396738
35,4,0.70,0.9987300280575774
35,4,0.75,0.9984950477426315
35,4,0.80,0.9986470697536709
35,4,0.85,0.9983736166011816
35,4,0.90,0.9984987867806446
35,4,0.95,0.9984275897686851
35,5,0.05,0.9777543591718622
35,5,0.10,0.993170818626401
35,5,0.15,0.9966962595934481
35,5,0.20,0.9976090685327054
35,5,0.25,0.9980023882863307
35,5,0.30,0.9975954290919417
35,5,0.35,0.9983904198308132
35,5,0.40,0.9983046286655208
35,5,0.45,0.9982360717304726
35,5,0.50,0.9981081474661657
35,5,0.55,0.998624971488541
35,5,0.60,0.9983294411435888
35,5,0.65,0.9983201587004006
35,5,0.70,0.9985255706484983
35,5,0.75,0.9987471311885819
35,5,0.80,0.998539732803663
35,5,0.85,0.9985008988191351
35,5,0.90,0.9986747239762886
35,5,0.95,0.998418762815557
35,6,0.05,0.9953798803113316
35,6,0.10,0.9956979590305758
35,6,0.15,0.9970526385666343
35,6,0.20,0.9966416462576844
35,6,0.25,0.9974860130058333
35,6,0.30,0.997933940488033
35,6,0.35,0.9981217237155251
35,6,0.40,0.998444798857383
35,6,0.45,0.9981181816863638
35,6,0.50,0.998097401018486
35,6,0.55,0.9983435375935712
35,6,0.60,0.9982532974972774
35,6,0.65,0.9981809674393431
35,6,0.70,0.9985955085641323
35,6,0.75,0.9985097537201416
35,6,0.80,0.9986297623069693
35,6,0.85,0.9986072365582198
35,6,0.90,0.9987743155016182
35,6,0.95,0.998468258496406
35,7,0.05,0.990433187078493
35,7,0.10,0.9948378015794934
35,7,0.15,0.9977082484390828
35,7,0.20,0.9974906949169591
35,7,0.25,0.9976776349846443
35,7,0.30,0.9973756337856882
35,7,0.35,0.9980195204327655
35,7,0.40,0.9981878146904536
35,7,0.45,0.9975052042766434
35,7,0.50,0.9981821224444967
35,7,0.55,0.9985731743867534
35,7,0.60,0.9981573812173251
35,7,0.65,0.9982633702863545
35,7,0.70,0.9984951160608551
35,7,0.75,0.9985211803671649
35,7,0.80,0.9981481508397412
35,7,0.85,0.9983231625280958
35,7,0.90,0.998331760236606
35,7,0.95,0.9986736207185725
35,8,0.05,0.983655528916235
35,8,0.10,0.9940111425121017
35,8,0.15,0.9970973210211957
35,8,0.20,0.9974409709654842
35,8,0.25,0.9982245089062717
35,8,0.30,0.9981223799861567
35,8,0.35,0.9974693476550314
35,8,0.40,0.9980060919836387
35,8,0.45,0.9984837583788692
35,8,0.50,0.9986778412951949
35,8,0.55,0.998195221579218
35,8,0.60,0.9983903471591935
35,8,0.65,0.9985523115951928
35,8,0.70,0.998393860170336
35,8,0.75,0.9984244553591424
35,8,0.80,0.9985227977013668
35,8,0.85,0.9985415794875165
35,8,0.90,0.9983637399088335
35,8,0.95,0.9984286553403069
35,9,0.05,0.9906214623121656
35,9,0.10,0.9888762748486841
35,9,0.15,0.9973555696583193
35,9,0.20,0.9970727383981997
35,9,0.25,0.9977709189879491
35,9,0.30,0.9972047837267339
35,9,0.35,0.9980024228164667
35,9,0.40,0.9982014792171702
35,9,0.45,0.99838870345605
35,9,0.50,0.9985293697557522
35,9,0.55,0.9985318429689016
35,9,0.60,0.9985921405805831
35,9,0.65,0.9986617551641624
35,9,0.70,0.9984982773561519
35,9,0.75,0.9986078327551082
35,9,0.80,0.9981930378746227
35,9,0.85,0.9979839532759731
35,9,0.90,0.998234025539613
35,9,0.95,0.9985683856542105
36,0,0.05,0.9885381602587903
36,0,0.10,0.9934345789527094
36,0,0.15,0.9951760139327813
36,0,0.20,0.99706759674026
36,0,0.25,0.9986296505085417
36,0,0.30,0.99775985908835
36,0,0.35,0.9979808564393845
36,0,0.40,0.9978362913444871
36,0,0.45,0.9984494823606248
36,0,0.50,0.9980432498290095
36,0,0.55,0.9981763518928045
36,0,0.60,0.9985152603645099
36,0,0.65,0.9982108419969336
36,0,0.70,0.9981963607101788
36,0,0.75,0.9987584258497507
36,0,0.80,0.9985442453738937
36,0,0.85,0.9987084889045693
36,0,0.90,0.9984626291539452
36,0,0.95,0.9985233399124719
36,1,0.05,0.9839929442605964
36,1,0.10,0.9964449235810569
36,1,0.15,0.9958300428275971
36,1,0.20,0.9977377304263007
36,1,0.25,0.997226291136069
36,1,0.30,0.998423981361702
36,1,0.35,0.9976184398093745
36,1,0.40,0.9984226948249417
36,1,0.45,0.9981735866443862
36,1,0.50,0.9982080343051271
36,1,0.55,0.9978142265203744
36,1,0.60,0.9984048211719612
36,1,0.65,0.9983047720543501
36,1,0.70,0.9984670014073633
36,1,0.75,0.9986836567523342
36,1,0.80,0.9984897372388593
36,1,0.85,0.9985879948818738
36,1,0.90,0.99858453854793
36,1,0.95,0.998729912174248
36,2,0.05,0.9794927096436243
36,2,0.10,0.9955482480144411
36,2,0.15,0.9958566088605447
36,2,0.20,0.9973531919129515
36,2,0.25,0.997325416924628
36,2,0.30,0.9982515859547403
36,2,0.35,0.9981108587558902
36,2,0.40,0.9985798604580184
36,2,0.45,0.9980265062391276
36,2,0.50,0.9981413283278083
36,2,0.55,0.9983064549128607
36,2,0.60,0.9985626503886028
36,2,0.65,0.9983691743807824
36,2,0.70,0.9983273285490212
36,2,0.75,0.998234668698438
36,2,0.80,0.9984109203527434
36,2,0.85,0.998335310493269
36,2,0.90,0.9985052723000788
36,2,0.95,0.9984313430199689
36,3,0.05,0.9977809427960691
36,3,0.10,0.9961598989106117
36,3,0.15,0.9962099413852238
36,3,0.20,0.9968092577201687
36,3,0.25,0.997134233456431
36,3,0.30,0.9976184659434153
36,3,0.35,0.9980616090927223
36,3,0.40,0.998381911559124
36,3,0.45,0.9982643362334344
36,3,0.50,0.9982376751188169
36,3,0.55,0.9980547093876141
36,3,0.60,0.9984188522964469
36,3,0.65,0.9978899637085673
36,3,0.70,0.998640218486997
36,3,0.75,0.9985723395640744
36,3,0.80,0.9984210546916495
36,3,0.85,0.9983747014531479
36,3,0.90,0.9983233322528355
36,3,0.95,0.9983532221378941
36,4,0.05,0.9891909091113185
36,4,0.10,0.9932651531579824
36,4,0.15,0.9971505179328152
36,4,0.20,0.9984236584684382
36,4,0.25,0.9980484543392392
36,4,0.30,0.9981154942442206
36,4,0.35,0.9976666405981488
36,4,0.40,0.997653954224813
36,4,0.45,0.9978115957544619
36,4,0.50,0.9977258400814787
36,4,0.55,0.9982601671454961
36,4,0.60,0.9978168158200196
36,4,0.65,0.9985096084971523
36,4,0.70,0.9983424288863658
36,4,0.75,0.9984639948501702
36,4,0.80,0.9983483046340538
36,4,0.85,0.9987167762635876
36,4,0.90,0.998343961040573
36,4,0.95,0.998650085705139
36,5,0.05,0.9926602417766205
36,5,0.10,0.9944500177484599
36,5,0.15,0.9964124910476369
36,5,0.20,0.9974536678731102
36,5,0.25,0.9986058958764858
36,5,0.30,0.997277808804432
36,5,0.35,0.9977288759457091
36,5,0.40,0.9979966588171161
36,5,0.45,0.9978674551219994
36,5,0.50,0.9976589395269736
36,5,0.55,0.9979320752956408
36,5,0.60,0.9983780663260091
36,5,0.65,0.9975130417115471
36,5,0.70,0.9982731391543619
36,5,0.75,0.9983923671313246
36,5,0.80,0.9983919173261672
36,5,0.85,0.9983448215289201
36,5,0.90,0.9986614270767384
36,5,0.95,0.9984531902303033
36,6,0.05,0.9861254630164621
36,6,0.10,0.9946996482130264
36,6,0.15,0.9956524758229524
36,6,0.20,0.9965204670720402
36,6,0.25,0.9978579216830262
36,6,0.30,0.997278003384595
36,6,0.35,0.9975776015025388
36,6,0.40,0.9984338600521712
36,6,0.45,0.9980352891538085
36,6,0.50,0.998053171895075
36,6,0.55,0.997962647345859
36,6,0.60,0.9981792052755898
36,6,0.65,0.9986329895280065
36,6,0.70,0.9983941788605738
36,6,0.75,0.998433112401823
36,6,0.80,0.9984799642366123
36,6,0.85,0.998436846887614
36,6,0.90,0.9985492747316883
36,6,0.95,0.9985111866781509
36,7,0.05,0.9781905912645702
36,7,0.10,0.9939276974733728
36,7,0.15,0.9979529620492622
36,7,0.20,0.9978630911744938
36,7,0.25,0.9976110278347641
36,7,0.30,0.9977327076333421
36,7,0.35,0.997744168016504
36,7,0.40,0.9980254717340578
36,7,0.45,0.997687731776444
36,7,0.50,0.9979274437977141
36,7,0.55,0.9985441334584297
36,7,0.60,0.9980568117202054
36,7,0.65,0.998402044015335
36,7,0.70,0.9984219232269059
36,7,0.75,0.9984208483983019
36,7,0.80,0.9985505032705217
36,7,0.85,0.9983619560515922
36,7,0.90,0.9985866040524916
36,7,0.95,0.9983127802291807
36,8,0.05,0.987939128736358
36,8,0.10,0.9959128984593553
36,8,0.15,0.9961728058954247
36,8,0.20,0.9979919877955407
36,8,0.25,0.9986775889811205
36,8,0.30,0.9978431299735854
36,8,0.35,0.9986430963492436
36,8,0.40,0.9982455515187858
36,8,0.45,0.9978599965507533
36,8,0.50,0.9981729751887239
36,8,0.55,0.9985271656341487
36,8,0.60,0.9985225003446925
36,8,0.65,0.9982276630927623
36,8,0.70,0.9986435146591508
36,8,0.75,0.9981754283757139
36,8,0.80,0.9985144484145677
36,8,0.85,0.9985931358380239
36,8,0.90,0.9983481690764882
36,8,0.95,0.9985214298868228
36,9,0.05,0.9882533864054259
36,9,0.10,0.9953881760150749
36,9,0.15,0.9961032851958762
36,9,0.20,0.9981631614191377
36,9,0.25,0.9977493151666065
36,9,0.30,0.9980288706494158
36,9,0.35,0.998160528039929
36,9,0.40,0.9982067066512131
36,9,0.45,0.9982008627177578
36,9,0.50,0.9984190146369112
36,9,0.55,0.9983850606130397
36,9,0.60,0.9982070720183711
36,9,0.65,0.9984385781702431
36,9,0.70,0.998292999931533
36,9,0.75,0.9985812540405771
36,9,0.80,0.9983243055555301
36,9,0.85,0.9983686063654633
36,9,0.90,0.9983419258347691
36,9,0.95,0.998405949641064
37,0,0.05,0.9957929407938566
37,0,0.10,0.9977114331590271
37,0,0.15,0.9978577386429943
37,0,0.20,0.9980023627029171
37,0,0.25,0.9977794993939233
37,0,0.30,0.9970784761847257
37,0,0.35,0.9979512134637905
37,0,0.40,0.9980763996345613
37,0,0.45,0.9979735600020077
37,0,0.50,0.9983808417698209
37,0,0.55,0.9986765513456752
37,0,0.60,0.9983492372710038
37,0,0.65,0.9985521932482184
37,0,0.70,0.9983571893006125
37,0,0.75,0.9985404206288708
37,0,0.80,0.9984913838906581
37,0,0.85,0.9981823548031971
37,0,0.90,0.9980336447053185
37,0,0.95,0.9986435454782635
37,1,0.05,0.9966105229470306
37,1,0.10,0.9972996633834681
37,1,0.15,0.9976495329877584
37,1,0.20,0.9984056037969081
37,1,0.25,0.9978001928957341
37,1,0.30,0.9963638391202345
37,1,0.35,0.9976869720062832
37,1,0.40,0.9984072702457512
37,1,0.45,0.9981966655704433
37,1,0.50,0.9979203518326806
37,1,0.55,0.9983690709895517
37,1,0.60,0.9979753081368115
37,1,0.65,0.9982349230328444
37,1,0.70,0.9985435788095799
37,1,0.75,0.998235722969375
37,1,0.80,0.9985017326007135
37,1,0.85,0.9982253776450505
37,1,0.90,0.9981494803792716
37,1,0.95,0.9981275378543571
37,2,0.05,0.990463873618112
37,2,0.10,0.9980874743117187
37,2,0.15,0.9979730737048906
37,2,0.20,0.9969387492129097
37,2,0.25,0.9982050043645811
37,2,0.30,0.9980354967554105
37,2,0.35,0.9981313949181579
37,2,0.40,0.9976957035582223
37,2,0.45,0.9980373671635415
37,2,0.50,0.9982870520134405
37,2,0.55,0.9982312600902012
37,2,0.60,0.9977494187540212
37,2,0.65,0.9981791171919256
37,2,0.70,0.9982409429966167
37,2,0.75,0.9982613202215075
37,2,0.80,0.9984009345993405
37,2,0.85,0.9986245220694623
37,2,0.90,0.9982452253924184
37,2,0.95,0.9982457054073263
37,3,0.05,0.9911815752538593
37,3,0.10,0.9956247971437231
37,3,0.15,0.9965599221033514
37,3,0.20,0.997181748601219
37,3,0.25,0.9973770174671128
37,3,0.30,0.9977178499648851
37,3,0.35,0.997915496777392
37,3,0.40,0.9975543638814002
37,3,0.45,0.9981839532866401
37,3,0.50,0.9983081456759336
37,3,0.55,0.9980034980598103
37,3,0.60,0.9983252009734165
37,3,0.65,0.9976785759398542
37,3,0.70,0.9983939160844391
37,3,0.75,0.9983352385694474
37,3,0.80,0.9984273686157107
37,3,0.85,0.9983455001578487
37,3,0.90,0.9984986184202271
37,3,0.95,0.998491925196267
37,4,0.05,0.9912139718173961
37,4,0.10,0.996210725832885
37,4,0.15,0.9964106807406267
37,4,0.20,0.9963205380242494
37,4,0.25,0.9987654858025601
37,4,0.30,0.9970133675072188
37,4,0.35,0.9975428887518362
37,4,0.40,0.997970835866962
37,4,0.45,0.9978360149592141
37,4,0.50,0.998075557489266
37,4,0.55,0.9985907375407149
37,4,0.60,0.9982565104015126
37,4,0.65,0.9980222662128473
37,4,0.70,0.998150617164165
37,4,0.75,0.9982867820506165
37,4,0.80,0.9983143931043338
37,4,0.85,0.9985201433476623
37,4,0.90,0.9984443127440003
37,4,0.95,0.9983046056852763
37,5,0.05,0.9878965444914085
37,5,0.10,0.996023925497552
37,5,0.15,0.9974572456395318
37,5,0.20,0.9976162392352238
37,5,0.25,0.9974882135036444
37,5,0.30,0.9972683577718922
37,5,0.35,0.9977022540571786
37,5,0.40,0.9983431145209806
37,5,0.45,0.9981969883942677
37,5,0.50,0.9976543328092589
37,5,0.55,0.9980631854210538
37,5,0.60,0.9983223795369824
37,5,0.65,0.9978693382014949
37,5,0.70,0.9981679436587212
37,5,0.75,0.9977379428854652
37,5,0.80,0.9981036593933388
37,5,0.85,0.9982888703927917
37,5,0.90,0.9984549778269795
37,5,0.95,0.9986098223276827
37,6,0.05,0.9937670747765078
37,6,0.10,0.9955567139793294
37,6,0.15,0.9975352476346747
37,6,0.20,0.997768866175732
37,6,0.25,0.9979715235617362
37,6,0.30,0.997869712564833
37,6,0.35,0.9971682643236518
37,6,0.40,0.9976368493374063
37,6,0.45,0.9979504512506874
37,6,0.50,0.9983761851457349
37,6,0.55,0.9979075158920361
37,6,0.60,0.9980937346680929
37,6,0.65,0.9984837803849573
37,6,0.70,0.9981512903636228
37,6,0.75,0.9986336840135308
37,6,0.80,0.9982082372414127
37,6,0.85,0.9984552723533898
37,6,0.90,0.9985549529747848
37,6,0.95,0.9984081565711641
37,7,0.05,0.9901380231997745
37,7,0.10,0.995554949468494
37,7,0.15,0.9965136175179437
37,7,0.20,0.9968047180107001
37,7,0.25,0.9970866639774971
37,7,0.30,0.9977781836951812
37,7,0.35,0.9968188510524771
37,7,0.40,0.9978046139350534
37,7,0.45,0.9981646496337501
37,7,0.50,0.9979402158258375
37,7,0.55,0.997630894753907
37,7,0.60,0.9982402335497617
37,7,0.65,0.9976256616804304
37,7,0.70,0.9978865805733201
37,7,0.75,0.9983860645558339
37,7,0.80,0.9986393470991173
37,7,0.85,0.9978921929109148
37,7,0.90,0.9982438962994322
37,7,0.95,0.9983992765422225
37,8,0.05,0.9874828340751964
37,8,0.10,0.9969881991914468
37,8,0.15,0.9974581635125622
37,8,0.20,0.9981151695647271
37,8,0.25,0.997486351665684
37,8,0.30,0.9969760490469627
37,8,0.35,0.9979885976064352
37,8,0.40,0.9980950319895429
37,8,0.45,0.9985202291602546
37,8,0.50,0.9983992961829431
37,8,0.55,0.9983930784909003
37,8,0.60,0.9986868712916305
37,8,0.65,0.9982537939342985
37,8,0.70,0.9982323050423167
37,8,0.75,0.9983492896745098
37,8,0.80,0.9985294089189245
37,8,0.85,0.9985964831967569
37,8,0.90,0.9984187319881248
37,8,0.95,0.9982419099701448
37,9,0.05,0.9938287084631844
37,9,0.10,0.9962096514259254
37,9,0.15,0.9965301494522706
37,9,0.20,0.9973307284628515
37,9,0.25,0.9970306170111712
37,9,0.30,0.9978874179819497
37,9,0.35,0.9976768703098102
37,9,0.40,0.9980972757498958
37,9,0.45,0.9980714615680243
37,9,0.50,0.9977834200047927
37,9,0.55,0.9980442445136454
37,9,0.60,0.9981026441179682
37,9,0.65,0.9978016036615517
37,9,0.70,0.9984110522969353
37,9,0.75,0.9986718019732909
37,9,0.80,0.9985028233712777
37,9,0.85,0.9981067919226426
37,9,0.90,0.9982152717647765
37,9,0.95,0.9982552349742463
38,0,0.05,0.9908592398090754
38,0,0.10,0.9951281001201808
38,0,0.15,0.9959337227331664
38,0,0.20,0.9964552803661975
38,0,0.25,0.9968008181502823
38,0,0.30,0.9976285980660597
38,0,0.35,0.997969953216823
38,0,0.40,0.9982056691300456
38,0,0.45,0.9982819150435054
38,0,0.50,0.9972260690251463
38,0,0.55,0.9981632583421313
38,0,0.60,0.9979718678602524
38,0,0.65,0.9980943221887076
38,0,0.70,0.9984528197643628
38,0,0.75,0.9984636312362858
38,0,0.80,0.9983915097400913
38,0,0.85,0.9985625218399409
38,0,0.90,0.9987089610206179
38,0,0.95,0.9986370713421964
38,1,0.05,0.9963247818771903
38,1,0.10,0.9972304066162921
38,1,0.15,0.9962052938416537
38,1,0.20,0.9972898155595207
38,1,0.25,0.9960027596177924
38,1,0.30,0.9980638162025751
38,1,0.35,0.9977527389717321
38,1,0.40,0.9981901955052819
38,1,0.45,0.9984462409560865
38,1,0.50,0.9978046414274994
38,1,0.55,0.9981656862994248
38,1,0.60,0.9984057805320429
38,1,0.65,0.9981280910206862
38,1,0.70,0.9984249668542106
38,1,0.75,0.9981437008169495
38,1,0.80,0.998183072443418
38,1,0.85,0.9985555956359552
38,1,0.90,0.9985029127015006
38,1,0.95,0.9981765998714854
38,2,0.05,0.9951378933620736
38,2,0.10,0.9927368484966792
38,2,0.15,0.9973388822112782
38,2,0.20,0.9983414015323262
38,2,0.25,0.9981670036523366
38,2,0.30,0.9979711686878295
38,2,0.35,0.9979534077817878
38,2,0.40,0.9975382377995852
38,2,0.45,0.9985228312580222
38,2,0.50,0.9979280695578314
38,2,0.55,0.9983400486999845
38,2,0.60,0.9978697612525991
38,2,0.65,0.9979723736270629
38,2,0.70,0.9984257288636889
38,2,0.75,0.9983798108868277
38,2,0.80,0.9983406920554015
38,2,0.85,0.9981965687244686
38,2,0.90,0.9984817174969997
38,2,0.95,0.9986353411916729
38,3,0.05,0.9915596884162586
38,3,0.10,0.9936916166264426
38,3,0.15,0.9966687630942296
38,3,0.20,0.9955076824584649
38,3,0.25,0.9983772630997442
38,3,0.30,0.9978783752155926
38,3,0.35,0.9978963620798379
38,3,0.40,0.9983055271324259
38,3,0.45,0.9977467605006614
38,3,0.50,0.9985082008589821
38,3,0.55,0.9979764765430015
38,3,0.60,0.9983812644216722
38,3,0.65,0.9984003462535271
38,3,0.70,0.9985020812642
38,3,0.75,0.9980889729606482
38,3,0.80,0.9982147720313956
38,3,0.85,0.9985764140096165
38,3,0.90,0.9987291874431051
38,3,0.95,0.9983759695651974
38,4,0.05,0.9888405348456274
38,4,0.10,0.9968318171414245
38,4,0.15,0.9963459662707205
38,4,0.20,0.9980762007870778
38,4,0.25,0.9975430982029496
38,4,0.30,0.99843981570675
38,4,0.35,0.997486562398254
38,4,0.40,0.9980901322057975
38,4,0.45,0.9980742879826415
38,4,0.50,0.9981301117846472
38,4,0.55,0.998438119497285
38,4,0.60,0.9984968091272423
38,4,0.65,0.9981402634038286
38,4,0.70,0.9986666955596496
38,4,0.75,0.9983269515795462
38,4,0.80,0.9984464505238081
38,4,0.85,0.9981814365699034
38,4,0.90,0.9984191834218579
38,4,0.95,0.9984713393840874
38,5,0.05,0.9904478222028174
38,5,0.10,0.971746177670938
38,5,0.15,0.9971148266872853
38,5,0.20,0.9970833431121343
38,5,0.25,0.9979242011537581
38,5,0.30,0.9979731295815161
38,5,0.35,0.9976877245527347
38,5,0.40,0.9979473176747623
38,5,0.45,0.997860002579106
38,5,0.50,0.998517651222955
38,5,0.55,0.9982134825884608
38,5,0.60,0.9983655124666609
38,5,0.65,0.9985088746892045
38,5,0.70,0.9982992601382037
38,5,0.75,0.998522485543766
38,5,0.80,0.9985136916688455
38,5,0.85,0.998464395963202
38,5,0.90,0.9984230023488629
38,5,0.95,0.998557666798167
38,6,0.05,0.9785147447853578
38,6,0.10,0.993298927684964
38,6,0.15,0.9973000151388443
38,6,0.20,0.9983107156888037
38,6,0.25,0.9981709717006256
38,6,0.30,0.9979212246211945
38,6,0.35,0.9979227365173704
38,6,0.40,0.9981004729897378
38,6,0.45,0.9983449466038741
38,6,0.50,0.9985743829965338
38,6,0.55,0.9979627479058218
38,6,0.60,0.9973545259067025
38,6,0.65,0.9981102840633539
38,6,0.70,0.9984111256265797
38,6,0.75,0.9979322314752078
38,6,0.80,0.9983449541728726
38,6,0.85,0.9986046709503735
38,6,0.90,0.9988415221771434
38,6,0.95,0.9983698120350185
38,7,0.05,0.9774719805569823
38,7,0.10,0.9954524409749972
38,7,0.15,0.9967857472136856
38,7,0.20,0.9975864424298303
38,7,0.25,0.997393783122752
38,7,0.30,0.9978039586754215
38,7,0.35,0.9981739275162766
38,7,0.40,0.9983677478079879
38,7,0.45,0.9981570311812569
38,7,0.50,0.9982035266663005
38,7,0.55,0.9980802302755146
38,7,0.60,0.9982477863415454
38,7,0.65,0.9983620787838217
38,7,0.70,0.9982947768382061
38,7,0.75,0.9979893066857232
38,7,0.80,0.9984438468405578
38,7,0.85,0.9984662759098318
38,7,0.90,0.9986127836291507
38,7,0.95,0.9985694317591237
38,8,0.05,0.9937094352120918
38,8,0.10,0.9969616347688329
38,8,0.15,0.9972918163369505
38,8,0.20,0.9975431190693046
38,8,0.25,0.9985293497103045
38,8,0.30,0.9977222212230796
38,8,0.35,0.998368517790014
38,8,0.40,0.998114354446
38,8,0.45,0.9983908731748697
38,8,0.50,0.9981994832240958
38,8,0.55,0.9979797905026937
38,8,0.60,0.998148793201989
38,8,0.65,0.9981954338697824
38,8,0.70,0.9982282183251331
38,8,0.75,0.9980849629277857
38,8,0.80,0.998584193023653
38,8,0.85,0.9985374536873093
38,8,0.90,0.998753494120716
38,8,0.95,0.9983754799305118
38,9,0.05,0.9947744120647338
38,9,0.10,0.9932941360293128
38,9,0.15,0.9974860765111793
38,9,0.20,0.9978842336951483
38,9,0.25,0.9976406515939218
38,9,0.30,0.9979804374833096
38,9,0.35,0.9979043266205561
38,9,0.40,0.9977973856186608
38,9,0.45,0.9981105080012498
38,9,0.50,0.9983487424999975
38,9,0.55,0.9985368420503327
38,9,0.60,0.9980661871934937
38,9,0.65,0.9983680261978517
38,9,0.70,0.9981225231483504
38,9,0.75,0.9984201115202909
38,9,0.80,0.9978622213811758
38,9,0.85,0.9983711789603462
38,9,0.90,0.9985355326932517
38,9,0.95,0.9983672697918224
39,0,0.05,0.9965568124249874
39,0,0.10,0.9957923245426779
39,0,0.15,0.9971454583850453
39,0,0.20,0.9976869495709886
39,0,0.25,0.9981209637992585
39,0,0.30,0.9980344701951737
39,0,0.35,0.9979810416400619
39,0,0.40,0.9982024401880061
39,0,0.45,0.9982218918263308
39,0,0.50,0.9981558924710188
39,0,0.55,0.9984549186562072
39,0,0.60,0.9981873314622495
39,0,0.65,0.9980730391300852
39,0,0.70,0.9987412625100749
39,0,0.75,0.9986248505272277
39,0,0.80,0.9985431652225548
39,0,0.85,0.9983287168900316
39,0,0.90,0.9986018545516424
39,0,0.95,0.9984415125377593
39,1,0.05,0.9934050798188321
39,1,0.10,0.9970691811006678
39,1,0.15,0.9974560373285611
39,1,0.20,0.998281609119588
39,1,0.25,0.998379947802505
39,1,0.30,0.9982586176424553
39,1,0.35,0.9978382815474671
39,1,0.40,0.9978291783787424
39,1,0.45,0.9977745894881561
39,1,0.50,0.99845617107428
39,1,0.55,0.9985723177236265
39,1,0.60,0.9982724600996635
39,1,0.65,0.9980634956447432
39,1,0.70,0.9982382076881886
39,1,0.75,0.9984297731135665
39,1,0.80,0.9987520027277619
39,1,0.85,0.9983199316331853
39,1,0.90,0.998619160499596
39,1,0.95,0.9986571850576261
39,2,0.05,0.9963847126207861
39,2,0.10,0.996155106970572
39,2,0.15,0.9957755617575832
39,2,0.20,0.9985821225503727
39,2,0.25,0.9969615894308692
39,2,0.30,0.9981069172929088
39,2,0.35,0.9980435390552111
39,2,0.40,0.9979931254229323
39,2,0.45,0.9979796023977252
39,2,0.50,0.9977787793755956
39,2,0.55,0.9980709366406046
39,2,0.60,0.998103190043328
39,2,0.65,0.9986385106775469
39,2,0.70,0.9982391418327928
39,2,0.75,0.9983257849865581
39,2,0.80,0.9987301997240878
39,2,0.85,0.9982922542017546
39,2,0.90,0.998766340225735
39,2,0.95,0.9982948247285383
39,3,0.05,0.963275810821187
39,3,0.10,0.9951529283683654
39,3,0.15,0.997089142533579
39,3,0.20,0.9974266194478767
39,3,0.25,0.9966265699007694
39,3,0.30,0.9983274183244477
39,3,0.35,0.9977569747578564
39,3,0.40,0.9983017516986799
39,3,0.45,0.9981735487974883
39,3,0.50,0.9985926024834361
39,3,0.55,0.997899987106028
39,3,0.60,0.9982597452848848
39,3,0.65,0.998310736756287
39,3,0.70,0.9986781944055452
39,3,0.75,0.9984625026868794
39,3,0.80,0.9986433318708668
39,3,0.85,0.9983411031333693
39,3,0.90,0.9983681298409964
39,3,0.95,0.9984165020821144
39,4,0.05,0.99495604762979
39,4,0.10,0.9961824588909387
39,4,0.15,0.9968067177171163
39,4,0.20,0.998310880908796
39,4,0.25,0.997462588485564
39,4,0.30,0.9977222546050517
39,4,0.35,0.9973368554887028
39,4,0.40,0.9982106029758513
39,4,0.45,0.998376394424057
39,4,0.50,0.998326423146079
39,4,0.55,0.9983376317675641
39,4,0.60,0.998073364586803
39,4,0.65,0.9982997973605003
39,4,0.70,0.9985119326587166
39,4,0.75,0.9983987800479954
39,4,0.80,0.9982299093679372
39,4,0.85,0.9985466962404657
39,4,0.90,0.9986509998714562
39,4,0.95,0.9982959793800449
39,5,0.05,0.9920942309408891
39,5,0.10,0.9965583855245511
39,5,0.15,0.9989013860642344
39,5,0.20,0.9979074072608805
39,5,0.25,0.9976306584746228
39,5,0.30,0.9977731901380773
39,5,0.35,0.9978540850799028
39,5,0.40,0.9981073130331676
39,5,0.45,0.9984195025806964
39,5,0.50,0.9983704108993585
39,5,0.55,0.998336026508101
39,5,0.60,0.9978726864098848
39,5,0.65,0.9981460117491249
39,5,0.70,0.9978918906447379
39,5,0.75,0.9983225511292225
39,5,0.80,0.9985606508158574
39,5,0.85,0.9982796738178813
39,5,0.90,0.9983047044213408
39,5,0.95,0.9986968025916125
39,6,0.05,0.9900476472011678
39,6,0.10,0.9931207696893007
39,6,0.15,0.9977190940922585
39,6,0.20,0.9978679143166912
39,6,0.25,0.9974815312099333
39,6,0.30,0.9973517353785846
39,6,0.35,0.9978027470804192
39,6,0.40,0.9985677351935951
39,6,0.45,0.9978975351867833
39,6,0.50,0.9978658122212387
39,6,0.55,0.9983157823899971
39,6,0.60,0.9983629633047127
39,6,0.65,0.9979367148813013
39,6,0.70,0.9979169269122931
39,6,0.75,0.9982893464089421
39,6,0.80,0.9984459475388774
39,6,0.85,0.9985103281855331
39,6,0.90,0.998379626744468
39,6,0.95,0.998681476599692
39,7,0.05,0.9816120393239581
39,7,0.10,0.9976388401805726
39,7,0.15,0.9965310306323217
39,7,0.20,0.9981035249615428
39,7,0.25,0.9977042570935125
39,7,0.30,0.9972335025212931
39,7,0.35,0.9983254795307871
39,7,0.40,0.9979734089652471
39,7,0.45,0.998461949925208
39,7,0.50,0.9980574933471308
39,7,0.55,0.998403227054313
39,7,0.60,0.9981413215274186
39,7,0.65,0.9980985311470512
39,7,0.70,0.9982316640350728
39,7,0.75,0.9982082325890831
39,7,0.80,0.9985563981625479
39,7,0.85,0.9982348549425871
39,7,0.90,0.998771745151819
39,7,0.95,0.9981603554357118
39,8,0.05,0.9910759809388624
39,8,0.10,0.9929268846510283
39,8,0.15,0.9975124788946975
39,8,0.20,0.9979568584998741
39,8,0.25,0.9980889767023818
39,8,0.30,0.9981363847194881
39,8,0.35,0.9979962779725841
39,8,0.40,0.9982536385001639
39,8,0.45,0.9983596807932431
39,8,0.50,0.9985443825612981
39,8,0.55,0.9982864954091285
39,8,0.60,0.9986672184000932
39,8,0.65,0.9983449564557247
39,8,0.70,0.9983418440971951
39,8,0.75,0.9980872203073686
39,8,0.80,0.9983798238354957
39,8,0.85,0.9985747273586102
39,8,0.90,0.9985035322039708
39,8,0.95,0.998278853565006
39,9,0.05,0.9911692894541864
39,9,0.10,0.9939795739865529
39,9,0.15,0.9948574523380681
39,9,0.20,0.9978605389775846
39,9,0.25,0.9976238652851959
39,9,0.30,0.9981199948412129
39,9,0.35,0.9983164618079179
39,9,0.40,0.9979178429864926
39,9,0.45,0.9977226021113658
39,9,0.50,0.9981941165831055
39,9,0.55,0.9982294102158485
39,9,0.60,0.9982993770492313
39,9,0.65,0.9979748492263559
39,9,0.70,0.9979348169167341
39,9,0.75,0.9982193382538772
39,9,0.80,0.9982422093985595
39,9,0.85,0.9987273556511447
39,9,0.90,0.9983740340342478
39,9,0.95,0.998536169679968
40,0,0.05,0.9886495349206355
40,0,0.10,0.9977183551088559
40,0,0.15,0.9957837763667298
40,0,0.20,0.9981684428185199
40,0,0.25,0.9982079307629488
40,0,0.30,0.997750971172712
40,0,0.35,0.9980346781991043
40,0,0.40,0.9980673860335022
40,0,0.45,0.9983124104577829
40,0,0.50,0.9979756462419809
40,0,0.55,0.997920384984318
40,0,0.60,0.9982846312629686
40,0,0.65,0.9983705178204016
40,0,0.70,0.9984335886181106
40,0,0.75,0.9984903342675209
40,0,0.80,0.998436525966427
40,0,0.85,0.9984427048634434
40,0,0.90,0.9988315281537714
40,0,0.95,0.9986610626157072
40,1,0.05,0.9882846560315031
40,1,0.10,0.9960833492610017
40,1,0.15,0.9964253101443253
40,1,0.20,0.9980756427873887
40,1,0.25,0.9973605785458691
40,1,0.30,0.9987985969677557
40,1,0.35,0.9982697470496738
40,1,0.40,0.9988573466024101
40,1,0.45,0.9980431446051344
40,1,0.50,0.9985286906846751
40,1,0.55,0.9978639147578013
40,1,0.60,0.998472083850956
40,1,0.65,0.9984363594883119
40,1,0.70,0.9984121456469616
40,1,0.75,0.9983220588026378
40,1,0.80,0.9983851273720707
40,1,0.85,0.9984124604820438
40,1,0.90,0.9984899339584399
40,1,0.95,0.9984851890862952
40,2,0.05,0.9927744581585745
40,2,0.10,0.9980490068986789
40,2,0.15,0.9953652496447714
40,2,0.20,0.9970760642565252
40,2,0.25,0.9984925458754822
40,2,0.30,0.9986318069312441
40,2,0.35,0.9982092118213955
40,2,0.40,0.9979295428069975
40,2,0.45,0.9983271613687166
40,2,0.50,0.9975561755620795
40,2,0.55,0.9985079605064161
40,2,0.60,0.9982128422533589
40,2,0.65,0.9988811904729158
40,2,0.70,0.9982268086895439
40,2,0.75,0.9983268659946107
40,2,0.80,0.9985061704146433
40,2,0.85,0.9984480130190865
40,2,0.90,0.9986762253978544
40,2,0.95,0.9981324184198471
40,3,0.05,0.9807421559514092
40,3,0.10,0.9948545587040761
40,3,0.15,0.9963136559592837
40,3,0.20,0.99767296980048
40,3,0.25,0.997873660611437
40,3,0.30,0.9982959193092203
40,3,0.35,0.9984501964875233
40,3,0.40,0.9981939620017504
40,3,0.45,0.9984998184190744
40,3,0.50,0.9984427179982266
40,3,0.55,0.9983548716118221
40,3,0.60,0.9979211776430797
40,3,0.65,0.998554326413663
40,3,0.70,0.9986892587764031
40,3,0.75,0.9984557979751488
40,3,0.80,0.9982248585652191
40,3,0.85,0.9986572534526481
40,3,0.90,0.9987456756060494
40,3,0.95,0.9988084400312006
40,4,0.05,0.990380473852695
40,4,0.10,0.9951836908738185
40,4,0.15,0.9957885565777168
40,4,0.20,0.9973409866173942
40,4,0.25,0.9986068621282568
40,4,0.30,0.9982966917629605
40,4,0.35,0.9977262888124073
40,4,0.40,0.99829053579553
40,4,0.45,0.9980645089434411
40,4,0.50,0.9985553455055175
40,4,0.55,0.9983813458601675
40,4,0.60,0.998449541925369
40,4,0.65,0.9988188921856066
40,4,0.70,0.99839623567194
40,4,0.75,0.9985025391555161
40,4,0.80,0.9985777716029022
40,4,0.85,0.9984683621966537
40,4,0.90,0.9984630460881468
40,4,0.95,0.998612290191098
40,5,0.05,0.978313583145516
40,5,0.10,0.9941466789258678
40,5,0.15,0.9977044089330314
40,5,0.20,0.99636615401556
40,5,0.25,0.9976823283329539
40,5,0.30,0.9978796538264494
40,5,0.35,0.9978230176292398
40,5,0.40,0.9987321681419717
40,5,0.45,0.9983717327708529
40,5,0.50,0.9986633056044418
40,5,0.55,0.9982171112321967
40,5,0.60,0.9982786976242073
40,5,0.65,0.9983168895310709
40,5,0.70,0.998679399282444
40,5,0.75,0.9983982080795638
40,5,0.80,0.9982562337258568
40,5,0.85,0.9985024132865816
40,5,0.90,0.9986593164854657
40,5,0.95,0.9985893411110316
40,6,0.05,0.9930526307570077
40,6,0.10,0.9942927990634768
40,6,0.15,0.9974686608763953
40,6,0.20,0.9977968309554931
40,6,0.25,0.9977192556798581
40,6,0.30,0.9979957655823443
40,6,0.35,0.9982559275523019
40,6,0.40,0.9980605396208131
40,6,0.45,0.997611699638262
40,6,0.50,0.9980522480518249
40,6,0.55,0.9982937188699545
40,6,0.60,0.9982021403463929
40,6,0.65,0.998292918549541
40,6,0.70,0.9986782942980417
40,6,0.75,0.9985206058149838
40,6,0.80,0.99844235187539
40,6,0.85,0.9983243743125179
40,6,0.90,0.998746438504001
40,6,0.95,0.9984469475246115
40,7,0.05,0.9870046973138951
40,7,0.10,0.9937058361629963
40,7,0.15,0.9975532227737682
40,7,0.20,0.9982123589064285
40,7,0.25,0.9978009561822554
40,7,0.30,0.9977104897858685
40,7,0.35,0.9982649071664729
40,7,0.40,0.9983645741462026
40,7,0.45,0.9986665839178335
40,7,0.50,0.9979272506980905
40,7,0.55,0.99838472662694
40,7,0.60,0.9984130235258573
40,7,0.65,0.9984169375208438
40,7,0.70,0.9985750064053525
40,7,0.75,0.9985468476199035
40,7,0.80,0.9985412982496402
40,7,0.85,0.9984025612365299
40,7,0.90,0.9986531893301845
40,7,0.95,0.998396896080731
40,8,0.05,0.9813135590253195
40,8,0.10,0.995167774150733
40,8,0.15,0.9973697381717128
40,8,0.20,0.9982503549680068
40,8,0.25,0.9979219000468468
40,8,0.30,0.9981626423371099
40,8,0.35,0.9984945188771255
40,8,0.40,0.9977423736231319
40,8,0.45,0.997741495639602
40,8,0.50,0.9983799709136254
40,8,0.55,0.9983276452733975
40,8,0.60,0.9981653993228433
40,8,0.65,0.9981905630892075
40,8,0.70,0.9985409619130413
40,8,0.75,0.9981182884733835
40,8,0.80,0.9985662592754461
40,8,0.85,0.9985172290938215
40,8,0.90,0.9984980110882735
40,8,0.95,0.9984669914836783
40,9,0.05,0.9955054881420475
40,9,0.10,0.9963436665939563
40,9,0.15,0.9970968090577079
40,9,0.20,0.9977314561560632
40,9,0.25,0.9975759614095152
40,9,0.30,0.9982390331177365
40,9,0.35,0.9982506189497223
40,9,0.40,0.9979846289353557
40,9,0.45,0.9982074742096589
40,9,0.50,0.9984400418748614
40,9,0.55,0.9984479887545497
40,9,0.60,0.9985249360727434
40,9,0.65,0.9984630242608742
40,9,0.70,0.9986693895697981
40,9,0.75,0.9984583951407384
40,9,0.80,0.9987098323429163
40,9,0.85,0.9985325857336858
40,9,0.90,0.9985784999716641
40,9,0.95,0.9984574568632169
41,0,0.05,0.9792377498320867
41,0,0.10,0.9961065809181223
41,0,0.15,0.996849093220956
41,0,0.20,0.997804757831701
41,0,0.25,0.996363437212682
41,0,0.30,0.9980053173538408
41,0,0.35,0.9983540483220515
41,0,0.40,0.998617997563012
41,0,0.45,0.9978361207663383
41,0,0.50,0.9986332183559977
41,0,0.55,0.9986244441996402
41,0,0.60,0.998011584323001
41,0,0.65,0.9984824498941834
41,0,0.70,0.9985524674173545
41,0,0.75,0.9981752109315003
41,0,0.80,0.9985204595538413
41,0,0.85,0.9985661574845114
41,0,0.90,0.9982952018767963
41,0,0.95,0.9985545451358504
41,1,0.05,0.9936516425018153
41,1,0.10,0.995635037315412
41,1,0.15,0.9980529624037264
41,1,0.20,0.9971538077007567
41,1,0.25,0.9982152010298544
41,1,0.30,0.9980139638057578
41,1,0.35,0.9983036578947239
41,1,0.40,0.9984849753487063
41,1,0.45,0.9985941869308883
41,1,0.50,0.9983162471226988
41,1,0.55,0.9980985705059426
41,1,0.60,0.9982808702444429
41,1,0.65,0.9983876163637211
41,1,0.70,0.9986278828445591
41,1,0.75,0.9987086111579465
41,1,0.80,0.9986504897037615
41,1,0.85,0.9985600075048349
41,1,0.90,0.9985102804317727
41,1,0.95,0.9982888528819388
41,2,0.05,0.9910321398158817
41,2,0.10,0.9948277234843476
41,2,0.15,0.9982645242203144
41,2,0.20,0.9969785324842318
41,2,0.25,0.9985356820300475
41,2,0.30,0.9981721887336698
41,2,0.35,0.9983217213821537
41,2,0.40,0.9981911622122609
41,2,0.45,0.9984465089666905
41,2,0.50,0.9979639981550752
41,2,0.55,0.9984080278218765
41,2,0.60,0.9984410210368135
41,2,0.65,0.9984052465927244
41,2,0.70,0.9982895486060764
41,2,0.75,0.9983732677785352
41,2,0.80,0.9982645833976252
41,2,0.85,0.9983560227369348
41,2,0.90,0.9983361735588252
41,2,0.95,0.9984334528488983
41,3,0.05,0.9816653741506456
41,3,0.10,0.9949812685363969
41,3,0.15,0.9977225553883994
41,3,0.20,0.9967666144423921
41,3,0.25,0.9976664008161865
41,3,0.30,0.9985566599780985
41,3,0.35,0.9972483325882173
41,3,0.40,0.9984260017424119
41,3,0.45,0.998375962578186
41,3,0.50,0.998171553425759
41,3,0.55,0.9983343601099732
41,3,0.60,0.9978554974073969
41,3,0.65,0.9985915862374753
41,3,0.70,0.9985870884009675
41,3,0.75,0.998411508042013
41,3,0.80,0.9985188361809779
41,3,0.85,0.9985381950026864
41,3,0.90,0.9983078132086943
41,3,0.95,0.9980883717234101
41,4,0.05,0.9804651386284675
41,4,0.10,0.9966366379904551
41,4,0.15,0.9978739416183074
41,4,0.20,0.9973936225278182
41,4,0.25,0.9979391719826349
41,4,0.30,0.998243186040433
41,4,0.35,0.9973534989507765
41,4,0.40,0.9979904971691356
41,4,0.45,0.9982518804294108
41,4,0.50,0.9979666661080484
41,4,0.55,0.9986518643391942
41,4,0.60,0.9980495470422394
41,4,0.65,0.998244732518139
41,4,0.70,0.9981734175784414
41,4,0.75,0.998090226362287
41,4,0.80,0.9987088006485099
41,4,0.85,0.9984445434764949
41,4,0.90,0.9984285259957676
41,4,0.95,0.9985099792812187
41,5,0.05,0.9904575944984787
41,5,0.10,0.9943921777016551
41,5,0.15,0.996789310681494
41,5,0.20,0.9969764047636595
41,5,0.25,0.9971898311479137
41,5,0.30,0.9970303771461329
41,5,0.35,0.9984043118119253
41,5,0.40,0.997598094479028
41,5,0.45,0.9984289099665431
41,5,0.50,0.9982974132899772
41,5,0.55,0.9986684751439991
41,5,0.60,0.9986891797309841
41,5,0.65,0.9984128200257968
41,5,0.70,0.9983000359691732
41,5,0.75,0.9986541081045922
41,5,0.80,0.9985706921289408
41,5,0.85,0.9987505355870681
41,5,0.90,0.9984443129069641
41,5,0.95,0.9983795359938544
41,6,0.05,0.9796706544405963
41,6,0.10,0.9930896969023156
41,6,0.15,0.9970342021372081
41,6,0.20,0.9973383777368907
41,6,0.25,0.9980545738274395
41,6,0.30,0.998184272177998
41,6,0.35,0.9979850303811729
41,6,0.40,0.9987785675306361
41,6,0.45,0.998524433219502
41,6,0.50,0.9979659565523463
41,6,0.55,0.998136361679732
41,6,0.60,0.9986508789985005
41,6,0.65,0.9983675103317992
41,6,0.70,0.9984855214830153
41,6,0.75,0.9984455247977184
41,6,0.80,0.9980154090797838
41,6,0.85,0.9983141979180035
41,6,0.90,0.9983547287402672
41,6,0.95,0.9987603591642956
41,7,0.05,0.9931804076834271
41,7,0.10,0.9932885752095186
41,7,0.15,0.9977864171037777
41,7,0.20,0.9982363484896829
41,7,0.25,0.9979280700960471
41,7,0.30,0.9986006339777934
41,7,0.35,0.9983111533746114
41,7,0.40,0.998585944699498
41,7,0.45,0.9983809782021692
41,7,0.50,0.9984290960077226
41,7,0.55,0.9984297943173637
41,7,0.60,0.9981032412350571
41,7,0.65,0.9987695813923578
41,7,0.70,0.998527261927236
41,7,0.75,0.9985989253604844
41,7,0.80,0.9987398326545454
41,7,0.85,0.998473564836336
41,7,0.90,0.9986784445935655
41,7,0.95,0.9985943285627606
41,8,0.05,0.9970257275139077
41,8,0.10,0.9919372275519174
41,8,0.15,0.9969172641096782
41,8,0.20,0.9982626519659824
41,8,0.25,0.9977867646991669
41,8,0.30,0.9979843299370005
41,8,0.35,0.9985452128976984
41,8,0.40,0.9982282308657754
41,8,0.45,0.9984977180814326
41,8,0.50,0.998282641465434
41,8,0.55,0.9981182265383366
41,8,0.60,0.9986276326820155
41,8,0.65,0.9982687546375054
41,8,0.70,0.9990116338098111
41,8,0.75,0.9983494821811509
41,8,0.80,0.9981623877125831
41,8,0.85,0.9985831006142711
41,8,0.90,0.9984961293863819
41,8,0.95,0.9986352392086549
41,9,0.05,0.9868044362580695
41,9,0.10,0.9935590059032933
41,9,0.15,0.9981443553324058
41,9,0.20,0.9986237680549288
41,9,0.25,0.9975562601015564
41,9,0.30,0.9980590914069627
41,9,0.35,0.9978800871382226
41,9,0.40,0.9986944737047265
41,9,0.45,0.99874095784071
41,9,0.50,0.9986286283930959
41,9,0.55,0.9985082846478436
41,9,0.60,0.9982814386238169
41,9,0.65,0.9986279542065677
41,9,0.70,0.9984214844434162
41,9,0.75,0.9985303419226359
41,9,0.80,0.9986259378135699
41,9,0.85,0.9985730304394496
41,9,0.90,0.9986719317763078
41,9,0.95,0.9982291714844607
42,0,0.05,0.9922824398680071
42,0,0.10,0.9965670223051033
42,0,0.15,0.9941480498631784
42,0,0.20,0.9974415071826066
42,0,0.25,0.9974487821310914
42,0,0.30,0.9974385797533108
42,0,0.35,0.9976731449933841
42,0,0.40,0.9983860449160875
42,0,0.45,0.997732915510767
42,0,0.50,0.9980827259451392
42,0,0.55,0.9984216773625305
42,0,0.60,0.9979472985699004
42,0,0.65,0.9985833055146309
42,0,0.70,0.9983235995526545
42,0,0.75,0.9984018433374385
42,0,0.80,0.998327599781969
42,0,0.85,0.9983236796039722
42,0,0.90,0.9981287903445419
42,0,0.95,0.9985414009083896
42,1,0.05,0.9886713125888649
42,1,0.10,0.9979889319244655
42,1,0.15,0.9967853116253561
42,1,0.20,0.9977722596250548
42,1,0.25,0.9976176173106686
42,1,0.30,0.9974775415059766
42,1,0.35,0.998010160268621
42,1,0.40,0.9973759309323649
42,1,0.45,0.9977138707476826
42,1,0.50,0.9985873740342208
42,1,0.55,0.9981669019816258
42,1,0.60,0.9982717699739051
42,1,0.65,0.9984194095519051
42,1,0.70,0.998188146066996
42,1,0.75,0.9983011088983759
42,1,0.80,0.9986274712344795
42,1,0.85,0.9986080602580649
42,1,0.90,0.998574726557418
42,1,0.95,0.9987862693364896
42,2,0.05,0.9878277717261406
42,2,0.10,0.9970352366790163
42,2,0.15,0.9961780360938857
42,2,0.20,0.996949852874404
42,2,0.25,0.9977193407145292
42,2,0.30,0.9981152574089363
42,2,0.35,0.9977679095979596
42,2,0.40,0.9976665104260773
42,2,0.45,0.9981355941754584
42,2,0.50,0.9979032401753642
42,2,0.55,0.9984077407569046
42,2,0.60,0.9983054310299186
42,2,0.65,0.9983306106561379
42,2,0.70,0.9984269405025955
42,2,0.75,0.9981767129385855
42,2,0.80,0.9984768196148542
42,2,0.85,0.9981840419213068
42,2,0.90,0.9987311699171829
42,2,0.95,0.9986422197522858
42,3,0.05,0.988008767513709
42,3,0.10,0.9938162312476522
42,3,0.15,0.9980456015677267
42,3,0.20,0.9971788201270538
42,3,0.25,0.9969959784668839
42,3,0.30,0.9979543481045041
42,3,0.35,0.9979881055201018
42,3,0.40,0.9977535839292084
42,3,0.45,0.9977455273100176
42,3,0.50,0.9983836669886978
42,3,0.55,0.9981986266396334
42,3,0.60,0.9982970098554074
42,3,0.65,0.998489833697051
42,3,0.70,0.9984057756485846
42,3,0.75,0.99857301522524
42,3,0.80,0.9986919301981534
42,3,0.85,0.9983120083589843
42,3,0.90,0.9987026652355263
42,3,0.95,0.9985085808614054
42,4,0.05,0.9894036955921434
42,4,0.10,0.9950181322353067
42,4,0.15,0.9971625941967615
42,4,0.20,0.9973321698936299
42,4,0.25,0.9987275305866126
42,4,0.30,0.9977862488347335
42,4,0.35,0.9972785675957663
42,4,0.40,0.9978493783589819
42,4,0.45,0.9983437090328239
42,4,0.50,0.9981418275625954
42,4,0.55,0.9980095028363152
42,4,0.60,0.9982110194105359
42,4,0.65,0.998350059345815
42,4,0.70,0.9982168989854262
42,4,0.75,0.9977581051996499
42,4,0.80,0.9981439944801066
42,4,0.85,0.9982534992557782
42,4,0.90,0.9981878320561766
42,4,0.95,0.9984500181633653
42,5,0.05,0.9866522877255312
42,5,0.10,0.9966741192267828
42,5,0.15,0.9973501627610517
42,5,0.20,0.9971447987676185
42,5,0.25,0.9962567665246009
42,5,0.30,0.9981433483333702
42,5,0.35,0.9977376200210492
42,5,0.40,0.9978587021422025
42,5,0.45,0.9974956573543763
42,5,0.50,0.9982700149975645
42,5,0.55,0.998000512783102
42,5,0.60,0.998408133488147
42,5,0.65,0.9982657489808606
42,5,0.70,0.9982259385147652
42,5,0.75,0.998033835269849
42,5,0.80,0.9980694901363677
42,5,0.85,0.9983954522418218
42,5,0.90,0.9988191153435249
42,5,0.95,0.998677372961687
42,6,0.05,0.9921557645688498
42,6,0.10,0.9807893571345602
42,6,0.15,0.9970659610976393
42,6,0.20,0.9960826236033812
42,6,0.25,0.9967874548571763
42,6,0.30,0.9973722932425618
42,6,0.35,0.9976361366836867
42,6,0.40,0.9980186625525208
42,6,0.45,0.9979824680505875
42,6,0.50,0.9977038566764475
42,6,0.55,0.9986481087946881
42,6,0.60,0.9982133058740861
42,6,0.65,0.998271262253956
42,6,0.70,0.9985044582238978
42,6,0.75,0.9980650571676234
42,6,0.80,0.9983449280062459
42,6,0.85,0.9983111659542955
42,6,0.90,0.9985086275526089
42,6,0.95,0.9985405799171196
42,7,0.05,0.9883558447607815
42,7,0.10,0.9969730514565719
42,7,0.15,0.9978985850495772
42,7,0.20,0.9978685311245074
42,7,0.25,0.9972984143062207
42,7,0.30,0.997736843850722
42,7,0.35,0.9977067562166305
42,7,0.40,0.9982726751216978
42,7,0.45,0.9976877985536017
42,7,0.50,0.9983661499673981
42,7,0.55,0.9980999077155817
42,7,0.60,0.9980862799468703
42,7,0.65,0.9983641571824785
42,7,0.70,0.9979820222774554
42,7,0.75,0.9982924140640388
42,7,0.80,0.998488045731202
42,7,0.85,0.9986182165200084
42,7,0.90,0.9985021732248992
42,7,0.95,0.9984938357717689
42,8,0.05,0.9875330928646939
42,8,0.10,0.9974359558635307
42,8,0.15,0.9967731575795591
42,8,0.20,0.997306811424426
42,8,0.25,0.9972097391914467
42,8,0.30,0.9973073171433016
42,8,0.35,0.9980158171332749
42,8,0.40,0.9978777126813552
42,8,0.45,0.9978985106741359
42,8,0.50,0.9979985700604476
42,8,0.55,0.9979267756636601
42,8,0.60,0.9983036211724693
42,8,0.65,0.9982780127089642
42,8,0.70,0.9977874374049334
42,8,0.75,0.9982594190191899
42,8,0.80,0.998204927294932
42,8,0.85,0.9984897934677978
42,8,0.90,0.9981384139891648
42,8,0.95,0.9985269466225343
42,9,0.05,0.9933527411804218
42,9,0.10,0.9969388168900413
42,9,0.15,0.9971711004659386
42,9,0.20,0.9968128946077459
42,9,0.25,0.9979012144746863
42,9,0.30,0.9981392976747128
42,9,0.35,0.9977388191913733
42,9,0.40,0.9975410495288972
42,9,0.45,0.9978975792380951
42,9,0.50,0.9978470835820993
42,9,0.55,0.9985608113535425
42,9,0.60,0.9977694534077076
42,9,0.65,0.9985129323032215
42,9,0.70,0.9980561830773693
42,9,0.75,0.9981668348957154
42,9,0.80,0.998313025839734
42,9,0.85,0.9982780072465366
42,9,0.90,0.9981129306154483
42,9,0.95,0.9984435379830203
43,0,0.05,0.979536529209053
43,0,0.10,0.9942036688632852
43,0,0.15,0.996505564647921
43,0,0.20,0.9978725407770288
43,0,0.25,0.9977341406972687
43,0,0.30,0.9980063489058874
43,0,0.35,0.9981663960215313
43,0,0.40,0.9973501797905572
43,0,0.45,0.9977782841094499
43,0,0.50,0.9982009021361182
43,0,0.55,0.9977003005974655
43,0,0.60,0.997603146288119
43,0,0.65,0.9983560431563578
43,0,0.70,0.9985067001505833
43,0,0.75,0.9985217945075939
43,0,0.80,0.9984921131324157
43,0,0.85,0.9985403140777727
43,0,0.90,0.9986001700159706
43,0,0.95,0.9985390300388437
43,1,0.05,0.9848100588456283
43,1,0.10,0.9950462436373391
43,1,0.15,0.9977453662073134
43,1,0.20,0.9967304015418352
43,1,0.25,0.9966916634387212
43,1,0.30,0.9975472961157366
43,1,0.35,0.9978259672067993
43,1,0.40,0.9980661923266719
43,1,0.45,0.9980366186659237
43,1,0.50,0.9982479988861158
43,1,0.55,0.9978168018376992
43,1,0.60,0.9982664215841354
43,1,0.65,0.997813711760339
43,1,0.70,0.998460008167279
43,1,0.75,0.998186262513772
43,1,0.80,0.9983670378808561
43,1,0.85,0.9981880188875472
43,1,0.90,0.9985318649051809
43,1,0.95,0.9985708985942269
43,2,0.05,0.9961094548802754
43,2,0.10,0.9967280179673637
43,2,0.15,0.9964976574989435
43,2,0.20,0.9973992105931123
43,2,0.25,0.9970902443449969
43,2,0.30,0.9973544958111132
43,2,0.35,0.9981624051187502
43,2,0.40,0.9980892351433656
43,2,0.45,0.9977276463874123
43,2,0.50,0.9982519036383573
43,2,0.55,0.9984050880008158
43,2,0.60,0.9976986677865025
43,2,0.65,0.9984391104568154
43,2,0.70,0.9981762971234117
43,2,0.75,0.9983810396542494
43,2,0.80,0.9976185021743234
43,2,0.85,0.9983455473811064
43,2,0.90,0.9981144311566985
43,2,0.95,0.9988036209843505
43,3,0.05,0.9883302902716434
43,3,0.10,0.9973987326010441
43,3,0.15,0.997655517537835
43,3,0.20,0.9977407107788829
43,3,0.25,0.9971462777746155
43,3,0.30,0.99650661623162
43,3,0.35,0.9978150990889959
43,3,0.40,0.9985307715409102
43,3,0.45,0.9985899115516803
43,3,0.50,0.9981443370707312
43,3,0.55,0.9978698628549062
43,3,0.60,0.9981524712093721
43,3,0.65,0.9979260993308305
43,3,0.70,0.9988082686945249
43,3,0.75,0.9985152625940628
43,3,0.80,0.9983845812412001
43,3,0.85,0.9985595477648612
43,3,0.90,0.9982530790339147
43,3,0.95,0.9982922863521002
43,4,0.05,0.991667989265411
43,4,0.10,0.995442082051488
43,4,0.15,0.9959762794545152
43,4,0.20,0.9963766793444635
43,4,0.25,0.9972883547507485
43,4,0.30,0.997367379262705
43,4,0.35,0.9983570585314793
43,4,0.40,0.9981763843820571
43,4,0.45,0.9981773590875163
43,4,0.50,0.9973354522177358
43,4,0.55,0.997978499242527
43,4,0.60,0.9981929059049858
43,4,0.65,0.9981684998578352
43,4,0.70,0.9975146336975903
43,4,0.75,0.9985649686880153
43,4,0.80,0.9984509156124795
43,4,0.85,0.9983924462719996
43,4,0.90,0.998252841112655
43,4,0.95,0.9986939087683069
43,5,0.05,0.9930947135271384
43,5,0.10,0.9933635521832568
43,5,0.15,0.9968347765451258
43,5,0.20,0.9969678438097692
43,5,0.25,0.9985129156963273
43,5,0.30,0.9969669467189091
43,5,0.35,0.9984226673745655
43,5,0.40,0.9975041705054051
43,5,0.45,0.9981153210468778
43,5,0.50,0.9982569506943003
43,5,0.55,0.9974478396130844
43,5,0.60,0.9977344446259886
43,5,0.65,0.9980443239945923
43,5,0.70,0.9980624375781714
43,5,0.75,0.9986427333268062
43,5,0.80,0.9980498770216916
43,5,0.85,0.9986706349431467
43,5,0.90,0.9985835088916823
43,5,0.95,0.9985877604527567
43,6,0.05,0.9740440473632188
43,6,0.10,0.9963114618562164
43,6,0.15,0.9946837921786019
43,6,0.20,0.9978418055197199
43,6,0.25,0.9979435925973531
43,6,0.30,0.9964565188509272
43,6,0.35,0.9976501770812566
43,6,0.40,0.9977733274961408
43,6,0.45,0.99793006141417
43,6,0.50,0.998162815151881
43,6,0.55,0.9983466870894978
43,6,0.60,0.9980865010054331
43,6,0.65,0.9981009308763464
43,6,0.70,0.9983766373945563
43,6,0.75,0.9979953842610955
43,6,0.80,0.998447257067776
43,6,0.85,0.9984472336433532
43,6,0.90,0.9979313685460119
43,6,0.95,0.9987077909328363
43,7,0.05,0.9922506904988349
43,7,0.10,0.9935189989634824
43,7,0.15,0.9966100767444032
43,7,0.20,0.9975657310189416
43,7,0.25,0.9969457498528905
43,7,0.30,0.9969677944412584
43,7,0.35,0.9971467953427877
43,7,0.40,0.9972286941792449
43,7,0.45,0.9978653064604354
43,7,0.50,0.9977853039008382
43,7,0.55,0.9985706400534549
43,7,0.60,0.9981667155298101
43,7,0.65,0.9983634775006613
43,7,0.70,0.9983928260698723
43,7,0.75,0.9981201235007277
43,7,0.80,0.9985610025182533
43,7,0.85,0.9983314343469033
43,7,0.90,0.9985411044667224
43,7,0.95,0.9985317029657637
43,8,0.05,0.981636658374264
43,8,0.10,0.9969163299944599
43,8,0.15,0.9963894828571604
43,8,0.20,0.9974332344689232
43,8,0.25,0.9970845651800833
43,8,0.30,0.9962115219924704
43,8,0.35,0.9971179399891748
43,8,0.40,0.9977073519951475
43,8,0.45,0.9979844558479801
43,8,0.50,0.9982751331068582
43,8,0.55,0.9980096828188962
43,8,0.60,0.9981028569333378
43,8,0.65,0.9981622170123147
43,8,0.70,0.998293045964319
43,8,0.75,0.9982905814450816
43,8,0.80,0.9984209116604053
43,8,0.85,0.9985292426520191
43,8,0.90,0.9983911801445445
43,8,0.95,0.9986402829149817
43,9,0.05,0.9862127329527929
43,9,0.10,0.9935891173063032
43,9,0.15,0.9976381961204307
43,9,0.20,0.9959409095624564
43,9,0.25,0.9977283303266841
43,9,0.30,0.9968465690609848
43,9,0.35,0.9979804765498106
43,9,0.40,0.9979339245312129
43,9,0.45,0.9979473360538441
43,9,0.50,0.9984856308802041
43,9,0.55,0.9979865929457605
43,9,0.60,0.9980596045387163
43,9,0.65,0.9987280844279073
43,9,0.70,0.9985267752239321
43,9,0.75,0.998295705655141
43,9,0.80,0.9983324772517373
43,9,0.85,0.9983973060636266
43,9,0.90,0.998591101600407
43,9,0.95,0.9985214710087101
44,0,0.05,0.9966269947050764
44,0,0.10,0.9963630374140815
44,0,0.15,0.9973858541146841
44,0,0.20,0.9962782281763783
44,0,0.25,0.9979072656272309
44,0,0.30,0.9977998768219553
44,0,0.35,0.997780225624306
44,0,0.40,0.998203320537148
44,0,0.45,0.9983876847825258
44,0,0.50,0.9982237339088222
44,0,0.55,0.9981291901813273
44,0,0.60,0.9981759781249632
44,0,0.65,0.9982748045424196
44,0,0.70,0.9982676860205014
44,0,0.75,0.9983212560826342
44,0,0.80,0.9984770404017256
44,0,0.85,0.9980406680742173
44,0,0.90,0.9984183756944763
44,0,0.95,0.9984815132893706
44,1,0.05,0.9845869378593868
44,1,0.10,0.9962384368134921
44,1,0.15,0.9977505239784704
44,1,0.20,0.9983675415823109
44,1,0.25,0.9971639542127277
44,1,0.30,0.9983793826086022
44,1,0.35,0.9982271406804776
44,1,0.40,0.9980437628130597
44,1,0.45,0.998238665873831
44,1,0.50,0.9981497658495512
44,1,0.55,0.998252399326508
44,1,0.60,0.9981032359805555
44,1,0.65,0.9978485628059888
44,1,0.70,0.998609082900693
44,1,0.75,0.9984174993727009
44,1,0.80,0.998235906442322
44,1,0.85,0.9983785831699806
44,1,0.90,0.9983706061873441
44,1,0.95,0.998443252347676
44,2,0.05,0.9946773309337771
44,2,0.10,0.9955327580426571
44,2,0.15,0.9952004285760202
44,2,0.20,0.9979884945391564
44,2,0.25,0.9979079448922226
44,2,0.30,0.9982531945180869
44,2,0.35,0.9984666846939346
44,2,0.40,0.9979966404685335
44,2,0.45,0.9981061724632655
44,2,0.50,0.9979612049233434
44,2,0.55,0.9982969455768248
44,2,0.60,0.9975686923460548
44,2,0.65,0.9977791032553082
44,2,0.70,0.9985248527911288
44,2,0.75,0.9986374794353153
44,2,0.80,0.9984068051894865
44,2,0.85,0.9978380810558949
44,2,0.90,0.99852625222107
44,2,0.95,0.9987299854289188
44,3,0.05,0.993415012748452
44,3,0.10,0.9967843902426361
44,3,0.15,0.9978776792927357
44,3,0.20,0.9981585854210395
44,3,0.25,0.9975549434767437
44,3,0.30,0.9978223860648596
44,3,0.35,0.9974794234277691
44,3,0.40,0.9981853504079929
44,3,0.45,0.998161603032652
44,3,0.50,0.9985613216727358
44,3,0.55,0.9979133630469476
44,3,0.60,0.9984146909903422
44,3,0.65,0.9984286034659513
44,3,0.70,0.998322478144776
44,3,0.75,0.9984151680206108
44,3,0.80,0.9983321370024851
44,3,0.85,0.9985084334445347
44,3,0.90,0.9981176065632089
44,3,0.95,0.9985640059489201
44,4,0.05,0.9929558552938654
44,4,0.10,0.997112503417518
44,4,0.15,0.9968790804290658
44,4,0.20,0.9985253676765041
44,4,0.25,0.9981382652561814
44,4,0.30,0.9982809152907516
44,4,0.35,0.9982447803068897
44,4,0.40,0.9979359933334891
44,4,0.45,0.9985346929255732
44,4,0.50,0.9983876923142571
44,4,0.55,0.9977035308540902
44,4,0.60,0.9978846605768514
44,4,0.65,0.9983901990054926
44,4,0.70,0.998091939310248
44,4,0.75,0.9983215961831345
44,4,0.80,0.9984304875691435
44,4,0.85,0.9986528436095478
44,4,0.90,0.9984628369733208
44,4,0.95,0.9985673481083724
44,5,0.05,0.9942429616551131
44,5,0.10,0.997162564019234
44,5,0.15,0.9971070345679357
44,5,0.20,0.9971509744174999
44,5,0.25,0.9974354335243399
44,5,0.30,0.9979192673103165
44,5,0.35,0.9977684122227363
44,5,0.40,0.9981324932109242
44,5,0.45,0.9979502403346254
44,5,0.50,0.9974127698518026
44,5,0.55,0.9986637410008643
44,5,0.60,0.9984618348343312
44,5,0.65,0.9984684169847468
44,5,0.70,0.9983891713957705
44,5,0.75,0.9981134959049219
44,5,0.80,0.9984939712614738
44,5,0.85,0.9983112207266345
44,5,0.90,0.9981745927025872
44,5,0.95,0.9986501874699374
44,6,0.05,0.9948560675227315
44,6,0.10,0.9950959871598697
44,6,0.15,0.996760971124084
44,6,0.20,0.9988865013090555
44,6,0.25,0.9975788170831388
44,6,0.30,0.9982505746019112
44,6,0.35,0.9977035282875089
44,6,0.40,0.9983278441898563
44,6,0.45,0.9982441242751414
44,6,0.50,0.998294440876272
44,6,0.55,0.997827997230894
44,6,0.60,0.9981591094517681
44,6,0.65,0.9985007506516989
44,6,0.70,0.9983676053999019
44,6,0.75,0.9982937944758709
44,6,0.80,0.9981831204941058
44,6,0.85,0.9982417434631766
44,6,0.90,0.9986364417590282
44,6,0.95,0.9985200369580663
44,7,0.05,0.992819426889481
44,7,0.10,0.9961234086021856
44,7,0.15,0.9969153969925156
44,7,0.20,0.9962691308400005
44,7,0.25,0.9981783631529668
44,7,0.30,0.9980541295600992
44,7,0.35,0.9984163806338213
44,7,0.40,0.9983583284679266
44,7,0.45,0.9983404242850362
44,7,0.50,0.998014927995088
44,7,0.55,0.9980940826560265
44,7,0.60,0.998514691252349
44,7,0.65,0.9980320154254054
44,7,0.70,0.9983933681288165
44,7,0.75,0.9980642311155955
44,7,0.80,0.9982135651771891
44,7,0.85,0.9982027611148985
44,7,0.90,0.9983289445757555
44,7,0.95,0.9986602614074639
44,8,0.05,0.9972331010741496
44,8,0.10,0.9972063303255332
44,8,0.15,0.9961338127856636
44,8,0.20,0.996857648579737
44,8,0.25,0.9978847784729229
44,8,0.30,0.9977986293593352
44,8,0.35,0.9976040745406569
44,8,0.40,0.9980910237455086
44,8,0.45,0.9981371238443129
44,8,0.50,0.9981046090730085
44,8,0.55,0.9982407870498027
44,8,0.60,0.9980791142182229
44,8,0.65,0.9975249280038508
44,8,0.70,0.9983876520094291
44,8,0.75,0.9982464569571486
44,8,0.80,0.998270039929972
44,8,0.85,0.9981020526391937
44,8,0.90,0.9982277861486964
44,8,0.95,0.9982519266984577
44,9,0.05,0.990907425222436
44,9,0.10,0.9941704123318049
44,9,0.15,0.9950062415330152
44,9,0.20,0.9972682699224439
44,9,0.25,0.9975721777551467
44,9,0.30,0.9982099995509074
44,9,0.35,0.9981173951632083
44,9,0.40,0.9978769769181468
44,9,0.45,0.9977205774363792
44,9,0.50,0.997657887816133
44,9,0.55,0.9984830628389183
44,9,0.60,0.9985088112022499
44,9,0.65,0.9979913792249412
44,9,0.70,0.9984675104793997
44,9,0.75,0.9985206573860408
44,9,0.80,0.9981316371965135
44,9,0.85,0.9983889106948379
44,9,0.90,0.9983818866154786
44,9,0.95,0.9982845345896222
45,0,0.05,0.9897006417574179
45,0,0.10,0.9960693975344455
45,0,0.15,0.9974639646074978
45,0,0.20,0.9964915043783303
45,0,0.25,0.9974656241034354
45,0,0.30,0.9981752408135326
45,0,0.35,0.9983053156752496
45,0,0.40,0.9983795964666526
45,0,0.45,0.9978835812565938
45,0,0.50,0.9979573579592568
45,0,0.55,0.9984961497939062
45,0,0.60,0.99830933513372
45,0,0.65,0.9982493001398587
45,0,0.70,0.9979310328875722
45,0,0.75,0.9984997380228054
45,0,0.80,0.9984420529864729
45,0,0.85,0.9985515344995564
45,0,0.90,0.9981145060939282
45,0,0.95,0.9988056348867149
45,1,0.05,0.9930184282914797
45,1,0.10,0.9942171318559477
45,1,0.15,0.9970667893418678
45,1,0.20,0.9976260986882981
45,1,0.25,0.9977046538542887
45,1,0.30,0.9981542831097329
45,1,0.35,0.9977659771868421
45,1,0.40,0.9982434341752283
45,1,0.45,0.9982462520264219
45,1,0.50,0.9982562002103228
45,1,0.55,0.9982668139259642
45,1,0.60,0.998269298266402
45,1,0.65,0.998696156393078
45,1,0.70,0.9985559065888531
45,1,0.75,0.9984842791628297
45,1,0.80,0.9983796295634286
45,1,0.85,0.9985171097000844
45,1,0.90,0.9983238229212718
45,1,0.95,0.9983799926829471
45,2,0.05,0.9898408143499096
45,2,0.10,0.994509765398619
45,2,0.15,0.9967814927086108
45,2,0.20,0.9976664507618345
45,2,0.25,0.9971531476548343
45,2,0.30,0.9985363259590517
45,2,0.35,0.9977271375053531
45,2,0.40,0.9976245721374144
45,2,0.45,0.9980468342696773
45,2,0.50,0.9981777224638997
45,2,0.55,0.9982215829265773
45,2,0.60,0.9985088789257762
45,2,0.65,0.9984920907134331
45,2,0.70,0.9984960254329176
45,2,0.75,0.998223190240832
45,2,0.80,0.9981776984925841
45,2,0.85,0.9984409814400661
45,2,0.90,0.9985778963412331
45,2,0.95,0.9988468564854966
45,3,0.05,0.9806999468002106
45,3,0.10,0.9946488315099675
45,3,0.15,0.9970303494803424
45,3,0.20,0.9974055942982497
45,3,0.25,0.9971084958450798
45,3,0.30,0.9975698115283289
45,3,0.35,0.9977437308888538
45,3,0.40,0.9981006344546615
45,3,0.45,0.9978711782164199
45,3,0.50,0.9977827660160352
45,3,0.55,0.998222100929733
45,3,0.60,0.9984816974954869
45,3,0.65,0.9984937188869158
45,3,0.70,0.9985630116007561
45,3,0.75,0.9982910225450118
45,3,0.80,0.9982652069895475
45,3,0.85,0.9982421790060131
45,3,0.90,0.9986017577952471
45,3,0.95,0.9983783269172914
45,4,0.05,0.9848062431759721
45,4,0.10,0.9964204299042944
45,4,0.15,0.995244500823007
45,4,0.20,0.9976721740287501
45,4,0.25,0.9972919565539531
45,4,0.30,0.9981627882870003
45,4,0.35,0.9982860777296404
45,4,0.40,0.9977481339085169
45,4,0.45,0.9982809982948105
45,4,0.50,0.9985651605010935
45,4,0.55,0.9981200238235476
45,4,0.60,0.9984917514289433
45,4,0.65,0.9985061287405803
45,4,0.70,0.9985857059095627
45,4,0.75,0.9979852499760125
45,4,0.80,0.9986204402435445
45,4,0.85,0.9981439048892904
45,4,0.90,0.9984268571237064
45,4,0.95,0.998331738211006
45,5,0.05,0.9767071082985794
45,5,0.10,0.9972761525740786
45,5,0.15,0.9975954025813848
45,5,0.20,0.9969704976406888
45,5,0.25,0.9974765278106689
45,5,0.30,0.9983435055343418
45,5,0.35,0.9980971220849717
45,5,0.40,0.9980837083378724
45,5,0.45,0.9987772441394352
45,5,0.50,0.9981896524690995
45,5,0.55,0.9984213059282105
45,5,0.60,0.9983125842527205
45,5,0.65,0.9984790275719928
45,5,0.70,0.9982904605605404
45,5,0.75,0.9985962637301345
45,5,0.80,0.9986776614047266
45,5,0.85,0.9984521582558203
45,5,0.90,0.9982409563788878
45,5,0.95,0.9984542295380722
45,6,0.05,0.9923682884078927
45,6,0.10,0.9908454696152539
45,6,0.15,0.996758819696841
45,6,0.20,0.9968181444991159
45,6,0.25,0.9982634462091733
45,6,0.30,0.9973874142532173
45,6,0.35,0.9976836038309791
45,6,0.40,0.9982139928101822
45,6,0.45,0.9979684898786172
45,6,0.50,0.9986162557180618
45,6,0.55,0.9980069139095655
45,6,0.60,0.9982006425933214
45,6,0.65,0.9984109440821436
45,6,0.70,0.9983548991816288
45,6,0.75,0.9984201896219802
45,6,0.80,0.9988319076233899
45,6,0.85,0.9984593161474951
45,6,0.90,0.9986525532117833
45,6,0.95,0.9984810490747636
45,7,0.05,0.9952379636801456
45,7,0.10,0.9977786219946205
45,7,0.15,0.9964355604410574
45,7,0.20,0.9971960604244884
45,7,0.25,0.9977742528950762
45,7,0.30,0.9977477882556909
45,7,0.35,0.9984081822802493
45,7,0.40,0.9980031909322234
45,7,0.45,0.9979465312307683
45,7,0.50,0.9984895857085911
45,7,0.55,0.998358379468826
45,7,0.60,0.998124131821121
45,7,0.65,0.9979626930028948
45,7,0.70,0.99849641256675
45,7,0.75,0.9982489170671034
45,7,0.80,0.9986692742758715
45,7,0.85,0.9982878139304353
45,7,0.90,0.9984305070979355
45,7,0.95,0.9983914257671141
45,8,0.05,0.9828777086641055
45,8,0.10,0.9965578142017711
45,8,0.15,0.996950311985313
45,8,0.20,0.996223725206587
45,8,0.25,0.998134563863578
45,8,0.30,0.9978798841178126
45,8,0.35,0.9982738026017354
45,8,0.40,0.998362682911918
45,8,0.45,0.9984153603075394
45,8,0.50,0.99842192099532
45,8,0.55,0.9982824819871254
45,8,0.60,0.9984286503446086
45,8,0.65,0.9982697076488674
45,8,0.70,0.9983487835160916
45,8,0.75,0.9982927092575145
45,8,0.80,0.9982910191328614
45,8,0.85,0.9982820934050759
45,8,0.90,0.9984635683242924
45,8,0.95,0.9983229791343398
45,9,0.05,0.9903278665590616
45,9,0.10,0.9970835376159374
45,9,0.15,0.9967926880261787
45,9,0.20,0.9978951442925029
45,9,0.25,0.9970964670546522
45,9,0.30,0.9982183414280518
45,9,0.35,0.9982611582610305
45,9,0.40,0.9978143661588281
45,9,0.45,0.9984841092128196
45,9,0.50,0.9983780443825458
45,9,0.55,0.998565177781528
45,9,0.60,0.9983303642985952
45,9,0.65,0.9982834613339452
45,9,0.70,0.9985816749311732
45,9,0.75,0.9986879752681247
45,9,0.80,0.9986201366866082
45,9,0.85,0.9983632797925308
45,9,0.90,0.9985421661467451
45,9,0.95,0.9987658380603007
46,0,0.05,0.992415523877408
46,0,0.10,0.9953321969591654
46,0,0.15,0.9970515205311646
46,0,0.20,0.995955575431656
46,0,0.25,0.9976214415240167
46,0,0.30,0.9976193392005254
46,0,0.35,0.9972119524287425
46,0,0.40,0.9981146188268838
46,0,0.45,0.9977170927232447
46,0,0.50,0.9983589866898563
46,0,0.55,0.9985829785953608
46,0,0.60,0.9979947055868049
46,0,0.65,0.9983047767201584
46,0,0.70,0.9983714479511193
46,0,0.75,0.9985193867112568
46,0,0.80,0.9984972712275234
46,0,0.85,0.9982189459909895
46,0,0.90,0.9985738411063694
46,0,0.95,0.9983214322054258
46,1,0.05,0.9760367301473781
46,1,0.10,0.9927647907395141
46,1,0.15,0.9972590857386834
46,1,0.20,0.9957364402477227
46,1,0.25,0.9975267632524587
46,1,0.30,0.9971104170148996
46,1,0.35,0.9974417083660576
46,1,0.40,0.9985653489231193
46,1,0.45,0.9980439228326299
46,1,0.50,0.9980047795298524
46,1,0.55,0.9983860366421808
46,1,0.60,0.9986723566808009
46,1,0.65,0.9980074886522584
46,1,0.70,0.9982951046367649
46,1,0.75,0.998295645051338
46,1,0.80,0.998588475272259
46,1,0.85,0.998297169029703
46,1,0.90,0.9978174110776535
46,1,0.95,0.9985017311203385
46,2,0.05,0.976573789736917
46,2,0.10,0.9938560046155236
46,2,0.15,0.9980272569593458
46,2,0.20,0.9979313780740807
46,2,0.25,0.9976561585050326
46,2,0.30,0.9982808647862622
46,2,0.35,0.9979477215020965
46,2,0.40,0.9984141699052927
46,2,0.45,0.9985445370682454
46,2,0.50,0.9983897624278272
46,2,0.55,0.9982751752560949
46,2,0.60,0.9980615558723758
46,2,0.65,0.9983472781876219
46,2,0.70,0.9979649440940938
46,2,0.75,0.9981731874469097
46,2,0.80,0.998323777138244
46,2,0.85,0.9984685883546686
46,2,0.90,0.9982672918060777
46,2,0.95,0.998363109474516
46,3,0.05,0.9929094930222876
46,3,0.10,0.995459417191526
46,3,0.15,0.9981372089685889
46,3,0.20,0.9977640926344636
46,3,0.25,0.9975131246426194
46,3,0.30,0.9981976523385722
46,3,0.35,0.9973956916519248
46,3,0.40,0.9986150758408181
46,3,0.45,0.9980117324237475
46,3,0.50,0.9982318536137127
46,3,0.55,0.9981107222382489
46,3,0.60,0.9982849924007785
46,3,0.65,0.9981090302087129
46,3,0.70,0.9981482919714058
46,3,0.75,0.9984033249287322
46,3,0.80,0.9981629925577247
46,3,0.85,0.9984123702410842
46,3,0.90,0.9982552737799787
46,3,0.95,0.9979792738861454
46,4,0.05,0.9844941051158065
46,4,0.10,0.9966408666924081
46,4,0.15,0.9979105951472973
46,4,0.20,0.9968280092477128
46,4,0.25,0.9975386019195709
46,4,0.30,0.9970970753985453
46,4,0.35,0.9977020698962683
46,4,0.40,0.9978672994367532
46,4,0.45,0.9981495441065803
46,4,0.50,0.9984041024912832
46,4,0.55,0.9981925916248188
46,4,0.60,0.998296717167592
46,4,0.65,0.998280739525851
46,4,0.70,0.9982897324184931
46,4,0.75,0.998437217027963
46,4,0.80,0.9981917912834701
46,4,0.85,0.9985514530425205
46,4,0.90,0.9979311982080438
46,4,0.95,0.9987431938833402
46,5,0.05,0.9887035360104457
46,5,0.10,0.9936345159109821
46,5,0.15,0.9976816994187009
46,5,0.20,0.997657228020925
46,5,0.25,0.9981036910082343
46,5,0.30,0.997263228976753
46,5,0.35,0.997808281292747
46,5,0.40,0.99816005474704
46,5,0.45,0.9978997900781424
46,5,0.50,0.9982863720802337
46,5,0.55,0.9985481025241301
46,5,0.60,0.9982991416093916
46,5,0.65,0.9981906577278157
46,5,0.70,0.9985417471116953
46,5,0.75,0.9983990873890158
46,5,0.80,0.9984546410755932
46,5,0.85,0.9984087468550022
46,5,0.90,0.9983036894549183
46,5,0.95,0.998269301257651
46,6,0.05,0.9946760376748359
46,6,0.10,0.9969716487170803
46,6,0.15,0.9953245941599139
46,6,0.20,0.9980577442611039
46,6,0.25,0.9973957256570576
46,6,0.30,0.9977483912450067
46,6,0.35,0.9980428872968846
46,6,0.40,0.9979061402574538
46,6,0.45,0.9979949131150543
46,6,0.50,0.997873542687538
46,6,0.55,0.9987000169986703
46,6,0.60,0.9983494529864416
46,6,0.65,0.9982784208249172
46,6,0.70,0.9983327258914672
46,6,0.75,0.9985458026831472
46,6,0.80,0.9982827449727407
46,6,0.85,0.998378796545431
46,6,0.90,0.9982798425567867
46,6,0.95,0.9983288094800463
46,7,0.05,0.9961848129502265
46,7,0.10,0.9956759592260032
46,7,0.15,0.9964847351650793
46,7,0.20,0.9981589698318231
46,7,0.25,0.9966914051369823
46,7,0.30,0.9974848187079356
46,7,0.35,0.9981440461128879
46,7,0.40,0.9977914613583587
46,7,0.45,0.9983864653504557
46,7,0.50,0.998071129264108
46,7,0.55,0.9984947578250172
46,7,0.60,0.998365730125506
46,7,0.65,0.9982111620092515
46,7,0.70,0.9981845834981165
46,7,0.75,0.9983477640317804
46,7,0.80,0.9981843790859224
46,7,0.85,0.998091292287764
46,7,0.90,0.9984624517214125
46,7,0.95,0.99877604495361
46,8,0.05,0.9945719847216
46,8,0.10,0.9976276549609798
46,8,0.15,0.993242012893123
46,8,0.20,0.9967828390513477
46,8,0.25,0.9984499266774961
46,8,0.30,0.99775196537681
46,8,0.35,0.9984866288026938
46,8,0.40,0.9984090570002538
46,8,0.45,0.9980807321725444
46,8,0.50,0.998857063563418
46,8,0.55,0.9984499533739897
46,8,0.60,0.9981372217869802
46,8,0.65,0.9984255310519385
46,8,0.70,0.9985263657212966
46,8,0.75,0.9983835941692302
46,8,0.80,0.9985704259904968
46,8,0.85,0.9984059666168621
46,8,0.90,0.998411528208342
46,8,0.95,0.9983404425237755
46,9,0.05,0.9954250357210207
46,9,0.10,0.9939134441707916
46,9,0.15,0.994936568793148
46,9,0.20,0.9951977605419045
46,9,0.25,0.9978851213019349
46,9,0.30,0.9974826999692995
46,9,0.35,0.998174391777658
46,9,0.40,0.9980796091551117
46,9,0.45,0.9979884566076279
46,9,0.50,0.9985609252694478
46,9,0.55,0.9985355201059593
46,9,0.60,0.9983826605440138
46,9,0.65,0.9983702949819561
46,9,0.70,0.998352447243421
46,9,0.75,0.9983996618287853
46,9,0.80,0.9981980660314193
46,9,0.85,0.9984262732186662
46,9,0.90,0.9981978509046296
46,9,0.95,0.9983459494821915
47,0,0.05,0.9819568219091687
47,0,0.10,0.9936241930769508
47,0,0.15,0.9963743663451168
47,0,0.20,0.9968875600809762
47,0,0.25,0.9979456451607729
47,0,0.30,0.9979360362871211
47,0,0.35,0.9983566428761607
47,0,0.40,0.9979417111688998
47,0,0.45,0.9981880469949799
47,0,0.50,0.9981401786630739
47,0,0.55,0.998357427644242
47,0,0.60,0.9983635506297861
47,0,0.65,0.9983904474031179
47,0,0.70,0.9982059540927096
47,0,0.75,0.9983149538562323
47,0,0.80,0.9983995909715337
47,0,0.85,0.9981306268741407
47,0,0.90,0.9983809599907225
47,0,0.95,0.9985755485013303
47,1,0.05,0.9852796869753168
47,1,0.10,0.9938800070032102
47,1,0.15,0.9974314774842813
47,1,0.20,0.9975611358773337
47,1,0.25,0.9978250887675388
47,1,0.30,0.9981532066937958
47,1,0.35,0.9972741576986194
47,1,0.40,0.9981111177457539
47,1,0.45,0.9981902475570263
47,1,0.50,0.9985935230306399
47,1,0.55,0.9984192733322059
47,1,0.60,0.998336937519976
47,1,0.65,0.9987221081647534
47,1,0.70,0.9987778761637653
47,1,0.75,0.9983476238809672
47,1,0.80,0.9987225044330421
47,1,0.85,0.9984701346824968
47,1,0.90,0.9987730058257118
47,1,0.95,0.9984451965829673
47,2,0.05,0.9870741324580422
47,2,0.10,0.9962541731492902
47,2,0.15,0.996351033403323
47,2,0.20,0.9964696526887311
47,2,0.25,0.9976015221694688
47,2,0.30,0.9981104477083582
47,2,0.35,0.9983000830293614
47,2,0.40,0.9982464105519168
47,2,0.45,0.9981896554992342
47,2,0.50,0.9983367715763304
47,2,0.55,0.9983705440520988
47,2,0.60,0.9981845154820004
47,2,0.65,0.9985785772303514
47,2,0.70,0.9984927306604078
47,2,0.75,0.9982644990352172
47,2,0.80,0.9983800565719967
47,2,0.85,0.9984909464098987
47,2,0.90,0.9984855817766645
47,2,0.95,0.9983845034782275
47,3,0.05,0.9841071234143857
47,3,0.10,0.9961197973549115
47,3,0.15,0.9951973295071013
47,3,0.20,0.9968769048365889
47,3,0.25,0.997085304231147
47,3,0.30,0.9982012012193654
47,3,0.35,0.9977552551493201
47,3,0.40,0.9980217872658971
47,3,0.45,0.9983229940718428
47,3,0.50,0.9979466347189136
47,3,0.55,0.9982667650282686
47,3,0.60,0.9985687920386984
47,3,0.65,0.9985603782237622
47,3,0.70,0.9986864116029035
47,3,0.75,0.9983228171995274
47,3,0.80,0.9980436541358377
47,3,0.85,0.9983702194591051
47,3,0.90,0.9984552134514825
47,3,0.95,0.9985992519009748
47,4,0.05,0.9814097115505778
47,4,0.10,0.9951222478945118
47,4,0.15,0.9964051666688046
47,4,0.20,0.9974200197353505
47,4,0.25,0.9982237545442831
47,4,0.30,0.9979367589874768
47,4,0.35,0.9977860501769413
47,4,0.40,0.9978418163312147
47,4,0.45,0.9983042219791183
47,4,0.50,0.9975827236160744
47,4,0.55,0.9980233882968413
47,4,0.60,0.998091903403798
47,4,0.65,0.9984663846350711
47,4,0.70,0.9986336472769063
47,4,0.75,0.9982446371617629
47,4,0.80,0.9987032017113577
47,4,0.85,0.998387867136352
47,4,0.90,0.9982702335706802
47,4,0.95,0.9984021889244818
47,5,0.05,0.9807326825623582
47,5,0.10,0.996246208699079
47,5,0.15,0.9967292716148849
47,5,0.20,0.9961624355617595
47,5,0.25,0.996915232823107
47,5,0.30,0.9979173011771832
47,5,0.35,0.9976655927368576
47,5,0.40,0.9985712376432971
47,5,0.45,0.9978000731723485
47,5,0.50,0.9983400708425656
47,5,0.55,0.998474852224404
47,5,0.60,0.9984591610293541
47,5,0.65,0.9978999683610806
47,5,0.70,0.9986585826752188
47,5,0.75,0.9982920518747368
47,5,0.80,0.9985501821754407
47,5,0.85,0.9981893799280454
47,5,0.90,0.998334452623184
47,5,0.95,0.9983978119365884
47,6,0.05,0.9845359466431245
47,6,0.10,0.9960168346075643
47,6,0.15,0.996106530053758
47,6,0.20,0.9979397292301702
47,6,0.25,0.9976767683755844
47,6,0.30,0.9984587645698649
47,6,0.35,0.9978607354812246
47,6,0.40,0.9977999002758
47,6,0.45,0.9982501838622656
47,6,0.50,0.9985283481595016
47,6,0.55,0.997980032279658
47,6,0.60,0.9983381189645932
47,6,0.65,0.9981178468273664
47,6,0.70,0.998230642658772
47,6,0.75,0.9986086980779253
47,6,0.80,0.9984282478392803
47,6,0.85,0.998180773310209
47,6,0.90,0.9984477573787952
47,6,0.95,0.9986745307650572
47,7,0.05,0.9903810587227049
47,7,0.10,0.9959148121112197
47,7,0.15,0.9961137780380535
47,7,0.20,0.99589635787243
47,7,0.25,0.9978642638849752
47,7,0.30,0.9983381741461956
47,7,0.35,0.9980449101085284
47,7,0.40,0.9984959262289346
47,7,0.45,0.9985490456154741
47,7,0.50,0.9985097587877092
47,7,0.55,0.997935890597833
47,7,0.60,0.9978947445067667
47,7,0.65,0.9983494569466976
47,7,0.70,0.9984250185709947
47,7,0.75,0.9982933272746143
47,7,0.80,0.9986665565993345
47,7,0.85,0.9984450316791482
47,7,0.90,0.9981223356109219
47,7,0.95,0.9981556327728587
47,8,0.05,0.9735361997275017
47,8,0.10,0.9977541824386281
47,8,0.15,0.9967845208037345
47,8,0.20,0.9956688165019368
47,8,0.25,0.997207054790579
47,8,0.30,0.9983877412489522
47,8,0.35,0.9981338413374774
47,8,0.40,0.9981757579609082
47,8,0.45,0.9980899942463143
47,8,0.50,0.9981352927887034
47,8,0.55,0.99845775445791
47,8,0.60,0.9980435069010151
47,8,0.65,0.9984977043812093
47,8,0.70,0.9986713170768794
47,8,0.75,0.9984946336050996
47,8,0.80,0.9984845179945784
47,8,0.85,0.9981455278303665
47,8,0.90,0.9981730726376749
47,8,0.95,0.9985685902595024
47,9,0.05,0.980744176564001
47,9,0.10,0.9963347388329636
47,9,0.15,0.9963127392482578
47,9,0.20,0.9969296898041783
47,9,0.25,0.9976346018370317
47,9,0.30,0.9986154517399158
47,9,0.35,0.997702161071306
47,9,0.40,0.997946456220528
47,9,0.45,0.9983231581768437
47,9,0.50,0.9981425534665905
47,9,0.55,0.998378310858042
47,9,0.60,0.9980478012014844
47,9,0.65,0.9983888118242411
47,9,0.70,0.9982191723484458
47,9,0.75,0.9984158839364196
47,9,0.80,0.998412698940229
47,9,0.85,0.9985520804505796
47,9,0.90,0.9984855343641094
47,9,0.95,0.9982983880679628
48,0,0.05,0.9915329747759832
48,0,0.10,0.9972165244749625
48,0,0.15,0.9977068607679951
48,0,0.20,0.9969311868822456
48,0,0.25,0.9974808125596721
48,0,0.30,0.9982486898631031
48,0,0.35,0.9980382691343559
48,0,0.40,0.997967607424993
48,0,0.45,0.9984248500746704
48,0,0.50,0.9984427954300098
48,0,0.55,0.9981395135080487
48,0,0.60,0.9985266994741347
48,0,0.65,0.9984116857993401
48,0,0.70,0.9982212565441314
48,0,0.75,0.9983456500008806
48,0,0.80,0.998342006649965
48,0,0.85,0.998363433375067
48,0,0.90,0.9985982140024541
48,0,0.95,0.9985326602685407
48,1,0.05,0.9739986277576129
48,1,0.10,0.99676049053343
48,1,0.15,0.9969231762303914
48,1,0.20,0.9978175587708136
48,1,0.25,0.9972733782165223
48,1,0.30,0.9981060462271909
48,1,0.35,0.99751609281842
48,1,0.40,0.9979766438736902
48,1,0.45,0.9976356124560207
48,1,0.50,0.9981631346510313
48,1,0.55,0.9984815776189336
48,1,0.60,0.9982519692772388
48,1,0.65,0.9981876231861447
48,1,0.70,0.9986684396795104
48,1,0.75,0.9983556741086352
48,1,0.80,0.9988836763963018
48,1,0.85,0.9985170001174147
48,1,0.90,0.9983380915605572
48,1,0.95,0.9984497821870205
48,2,0.05,0.9905587539605794
48,2,0.10,0.996224034868826
48,2,0.15,0.9973721746979043
48,2,0.20,0.9978181094681525
48,2,0.25,0.9974757200911153
48,2,0.30,0.9977936222150008
48,2,0.35,0.9983603326364061
48,2,0.40,0.9981785802307411
48,2,0.45,0.9981678482103986
48,2,0.50,0.9982183053227794
48,2,0.55,0.9981989035740153
48,2,0.60,0.9983876159457598
48,2,0.65,0.9985737043172598
48,2,0.70,0.9985104656051558
48,2,0.75,0.9984824523506214
48,2,0.80,0.9983028062874129
48,2,0.85,0.9985533696300777
48,2,0.90,0.9984908279939998
48,2,0.95,0.9984842448400247
48,3,0.05,0.9806308475842591
48,3,0.10,0.9968112781818701
48,3,0.15,0.997431808895673
48,3,0.20,0.9976483006048065
48,3,0.25,0.9974800498426648
48,3,0.30,0.9983393197852046
48,3,0.35,0.9980942587030647
48,3,0.40,0.9983382128454501
48,3,0.45,0.9981806488215538
48,3,0.50,0.9977257224267293
48,3,0.55,0.9983079041853073
48,3,0.60,0.9982663209754751
48,3,0.65,0.9982110693494307
48,3,0.70,0.9982792912787296
48,3,0.75,0.9984588940717278
48,3,0.80,0.9986015897691195
48,3,0.85,0.9988471236938691
48,3,0.90,0.9986058707270739
48,3,0.95,0.9985013110522815
48,4,0.05,0.9899958275649756
48,4,0.10,0.996349885169454
48,4,0.15,0.9961255770338593
48,4,0.20,0.9979008284029132
48,4,0.25,0.99787693968536
48,4,0.30,0.9971539596800912
48,4,0.35,0.9974696914191818
48,4,0.40,0.9978145677672196
48,4,0.45,0.9979709837511236
48,4,0.50,0.9983498175885784
48,4,0.55,0.9984036244718804
48,4,0.60,0.9986581874773275
48,4,0.65,0.9983250941528103
48,4,0.70,0.9984917365053191
48,4,0.75,0.9985708362324875
48,4,0.80,0.9985421647692757
48,4,0.85,0.9985772524910901
48,4,0.90,0.9985355075547112
48,4,0.95,0.9986350292418027
48,5,0.05,0.9889827546866101
48,5,0.10,0.9943298194601454
48,5,0.15,0.9953941470801988
48,5,0.20,0.9975334571155845
48,5,0.25,0.9963903696504384
48,5,0.30,0.997914215556622
48,5,0.35,0.9980117097400323
48,5,0.40,0.998272433775668
48,5,0.45,0.9979798243412281
48,5,0.50,0.9980589077227137
48,5,0.55,0.9983260761386686
48,5,0.60,0.9982879748954111
48,5,0.65,0.9982356542026153
48,5,0.70,0.9985770668211006
48,5,0.75,0.9984949235006613
48,5,0.80,0.998640805869673
48,5,0.85,0.9984271747894586
48,5,0.90,0.9985628482685588
48,5,0.95,0.9984475194635288
48,6,0.05,0.985763243048908
48,6,0.10,0.9953562302710477
48,6,0.15,0.9954575732283496
48,6,0.20,0.9969461491311471
48,6,0.25,0.9981413964960171
48,6,0.30,0.9976630037531351
48,6,0.35,0.9978216900547894
48,6,0.40,0.9973824096854707
48,6,0.45,0.9983781291846798
48,6,0.50,0.9984339359166995
48,6,0.55,0.9979635806178455
48,6,0.60,0.9985751838874206
48,6,0.65,0.9986432154115934
48,6,0.70,0.9984070868801052
48,6,0.75,0.9982967749134767
48,6,0.80,0.9985259429639225
48,6,0.85,0.998577667689555
48,6,0.90,0.9984341127133732
48,6,0.95,0.9985623271588557
48,7,0.05,0.9918913007974636
48,7,0.10,0.994956604182732
48,7,0.15,0.9969786111379833
48,7,0.20,0.9968062961977269
48,7,0.25,0.9983381948141642
48,7,0.30,0.9973797140996143
48,7,0.35,0.9972510823991435
48,7,0.40,0.997914703960831
48,7,0.45,0.998236090862808
48,7,0.50,0.9986004683240493
48,7,0.55,0.998412628645578
48,7,0.60,0.9985370072710026
48,7,0.65,0.9985800714634934
48,7,0.70,0.9981621639504278
48,7,0.75,0.9986529770192663
48,7,0.80,0.9984270357320747
48,7,0.85,0.9981478537044094
48,7,0.90,0.9984227163889745
48,7,0.95,0.9983595147232952
48,8,0.05,0.9840840456109585
48,8,0.10,0.9931788779264147
48,8,0.15,0.9964683689943573
48,8,0.20,0.9971154705543339
48,8,0.25,0.9964897889672073
48,8,0.30,0.9979837358354781
48,8,0.35,0.9979265258516774
48,8,0.40,0.9981138409401904
48,8,0.45,0.9985757484906673
48,8,0.50,0.9980697270258052
48,8,0.55,0.9983638690764484
48,8,0.60,0.9981898076090906
48,8,0.65,0.9982430454493147
48,8,0.70,0.9980642323999352
48,8,0.75,0.9986696985366688
48,8,0.80,0.9985522004699305
48,8,0.85,0.9987014454884893
48,8,0.90,0.9985005875130695
48,8,0.95,0.998590220601649
48,9,0.05,0.9954571133962924
48,9,0.10,0.9975318692946609
48,9,0.15,0.9983197343740952
48,9,0.20,0.9972439707056283
48,9,0.25,0.9978090694588471
48,9,0.30,0.9983921536080388
48,9,0.35,0.9982357311575675
48,9,0.40,0.9980436924072703
48,9,0.45,0.9979257686495013
48,9,0.50,0.9985007834659744
48,9,0.55,0.9981831462540709
48,9,0.60,0.9980887242858071
48,9,0.65,0.9983482725967873
48,9,0.70,0.9983969522004651
48,9,0.75,0.9984830747303771
48,9,0.80,0.9983748756623856
48,9,0.85,0.9988673543347428
48,9,0.90,0.998225510384177
48,9,0.95,0.9985015078066308
49,0,0.05,0.9907803395018764
49,0,0.10,0.9967225365188652
49,0,0.15,0.9969362181660092
49,0,0.20,0.9984499379175301
49,0,0.25,0.997703503238418
49,0,0.30,0.9979916053849275
49,0,0.35,0.9980027469384865
49,0,0.40,0.9978691438213245
49,0,0.45,0.9975307814607752
49,0,0.50,0.9978104287590895
49,0,0.55,0.9983008298029205
49,0,0.60,0.9984720805895394
49,0,0.65,0.9980531356063704
49,0,0.70,0.9985136148146152
49,0,0.75,0.998530658313871
49,0,0.80,0.9987136830942636
49,0,0.85,0.9982200428277754
49,0,0.90,0.9982614409368752
49,0,0.95,0.9985814704144347
49,1,0.05,0.9781507033868708
49,1,0.10,0.9950749791937622
49,1,0.15,0.9962826314363362
49,1,0.20,0.9977371781077274
49,1,0.25,0.9967220930612221
49,1,0.30,0.9980435829509782
49,1,0.35,0.9973542311277485
49,1,0.40,0.9980039600850693
49,1,0.45,0.998386296181218
49,1,0.50,0.9983303950822345
49,1,0.55,0.9982911765152742
49,1,0.60,0.9985725414495771
49,1,0.65,0.9982061160938497
49,1,0.70,0.998506587805153
49,1,0.75,0.9985467948034069
49,1,0.80,0.9983914790738785
49,1,0.85,0.9986991679818787
49,1,0.90,0.9985130419405313
49,1,0.95,0.9987020186017385
49,2,0.05,0.9881274635151109
49,2,0.10,0.9940784104241832
49,2,0.15,0.9963310074214802
49,2,0.20,0.9976989086948626
49,2,0.25,0.9981526106944477
49,2,0.30,0.9976088333437909
49,2,0.35,0.9978796568275551
49,2,0.40,0.9979875782280221
49,2,0.45,0.9979953114853423
49,2,0.50,0.9981081989832622
49,2,0.55,0.9978682101331644
49,2,0.60,0.9984398942170952
49,2,0.65,0.9984556595443873
49,2,0.70,0.9984884258826723
49,2,0.75,0.9979507204167468
49,2,0.80,0.9982232377156642
49,2,0.85,0.9983279375194197
49,2,0.90,0.9985764796051174
49,2,0.95,0.9982893179579352
49,3,0.05,0.9941285331668454
49,3,0.10,0.9963637089540048
49,3,0.15,0.9962374365086766
49,3,0.20,0.9981106452849279
49,3,0.25,0.9970966757309808
49,3,0.30,0.9979702599503988
49,3,0.35,0.9976696084178789
49,3,0.40,0.9977001298614394
49,3,0.45,0.9984379718262664
49,3,0.50,0.9980084304509652
49,3,0.55,0.9981076530067996
49,3,0.60,0.9984129335030528
49,3,0.65,0.9985479790955157
49,3,0.70,0.9985195375799422
49,3,0.75,0.9984035006365004
49,3,0.80,0.9983882013245073
49,3,0.85,0.997964199335352
49,3,0.90,0.9984893031506175
49,3,0.95,0.9987654869859298
49,4,0.05,0.9816290691235288
49,4,0.10,0.9970317320448413
49,4,0.15,0.9969095910428499
49,4,0.20,0.9977238913088472
49,4,0.25,0.997048830447794
49,4,0.30,0.9971925323707179
49,4,0.35,0.9979596314031719
49,4,0.40,0.9976499176149949
49,4,0.45,0.9980316447748732
49,4,0.50,0.9983668570995814
49,4,0.55,0.9983045222305886
49,4,0.60,0.9978765044610414
49,4,0.65,0.9983306344728391
49,4,0.70,0.9985264873859719
49,4,0.75,0.998108353797465
49,4,0.80,0.998382103044924
49,4,0.85,0.9984475368597318
49,4,0.90,0.998717100254129
49,4,0.95,0.9984966114086175
49,5,0.05,0.9746956759162326
49,5,0.10,0.9963092539752533
49,5,0.15,0.9971684526045071
49,5,0.20,0.9963714981770299
49,5,0.25,0.9979427276017422
49,5,0.30,0.9976773894589495
49,5,0.35,0.9976511745126834
49,5,0.40,0.9977293926783685
49,5,0.45,0.9983027585396785
49,5,0.50,0.9984571554128358
49,5,0.55,0.9980370080001987
49,5,0.60,0.9984192466242416
49,5,0.65,0.9982411078770287
49,5,0.70,0.9982695086033153
49,5,0.75,0.9979118266694108
49,5,0.80,0.9984403087383458
49,5,0.85,0.9984700084289099
49,5,0.90,0.9987238518169221
49,5,0.95,0.9985543023428426
49,6,0.05,0.9911269462515937
49,6,0.10,0.9957740262923075
49,6,0.15,0.9942604655898556
49,6,0.20,0.9967898975989742
49,6,0.25,0.9977323990884333
49,6,0.30,0.9975995702495972
49,6,0.35,0.9981228384525964
49,6,0.40,0.9979867068259389
49,6,0.45,0.9977874408871786
49,6,0.50,0.9984838325726779
49,6,0.55,0.9983524179731883
49,6,0.60,0.9982979011941905
49,6,0.65,0.9983907461760091
49,6,0.70,0.9984818529081817
49,6,0.75,0.9982609439706518
49,6,0.80,0.9985880458799511
49,6,0.85,0.9982847088834056
49,6,0.90,0.9988172096595755
49,6,0.95,0.998534645463396
49,7,0.05,0.9903096059189419
49,7,0.10,0.9932692437708566
49,7,0.15,0.9969432889540845
49,7,0.20,0.99691836988581
49,7,0.25,0.9974834458269946
49,7,0.30,0.997756662440535
49,7,0.35,0.9979674764015937
49,7,0.40,0.9976826402394304
49,7,0.45,0.9971826446463928
49,7,0.50,0.9980250111217915
49,7,0.55,0.9980987576501367
49,7,0.60,0.9981501090770046
49,7,0.65,0.9986536162136332
49,7,0.70,0.9985679996283517
49,7,0.75,0.9986267984878048
49,7,0.80,0.9988332112854758
49,7,0.85,0.9982034166163022
49,7,0.90,0.9981621015339992
49,7,0.95,0.9988851428454633
49,8,0.05,0.9897887327036511
49,8,0.10,0.9976260972767962
49,8,0.15,0.9970321753741771
49,8,0.20,0.9964107905775431
49,8,0.25,0.9969199243976353
49,8,0.30,0.9975951836112606
49,8,0.35,0.9977398367147211
49,8,0.40,0.9980489427558783
49,8,0.45,0.9985440221084467
49,8,0.50,0.9984246957165989
49,8,0.55,0.9982573414837456
49,8,0.60,0.9983995437652635
49,8,0.65,0.9984025744803837
49,8,0.70,0.9985159432013233
49,8,0.75,0.9982942524597195
49,8,0.80,0.9982816410931638
49,8,0.85,0.9983020742657535
49,8,0.90,0.9979675472682044
49,8,0.95,0.9983425749843295
49,9,0.05,0.9861801523884604
49,9,0.10,0.9968480165737146
49,9,0.15,0.9968209584978557
49,9,0.20,0.9973762707823609
49,9,0.25,0.9977612663981501
49,9,0.30,0.9982776369627495
49,9,0.35,0.9976913652902202
49,9,0.40,0.9977872084828443
49,9,0.45,0.9977339399500202
49,9,0.50,0.9980141282223636
49,9,0.55,0.9983423651856367
49,9,0.60,0.9979703223124204
49,9,0.65,0.9982028130169666
49,9,0.70,0.9983991336358663
49,9,0.75,0.9981544172436019
49,9,0.80,0.9985802938635993
49,9,0.85,0.9985113062033932
49,9,0.90,0.9983520329823931
49,9,0.95,0.9986291566658982
50,0,0.05,0.9907569540161775
50,0,0.10,0.9952383710618115
50,0,0.15,0.9960389377643577
50,0,0.20,0.9974714995869122
50,0,0.25,0.9980225674514861
50,0,0.30,0.9970305291011176
50,0,0.35,0.9974616613064373
50,0,0.40,0.9979058735753779
50,0,0.45,0.9985384627398541
50,0,0.50,0.9980522640389831
50,0,0.55,0.9985608432745223
50,0,0.60,0.9981811798789205
50,0,0.65,0.9983835178236732
50,0,0.70,0.9980790838229815
50,0,0.75,0.9985037474286461
50,0,0.80,0.9985027349484583
50,0,0.85,0.9987678214433159
50,0,0.90,0.9981539434182483
50,0,0.95,0.9983309808426137
50,1,0.05,0.9937192915271665
50,1,0.10,0.9963701214336584
50,1,0.15,0.9963031131191469
50,1,0.20,0.9978616717974909
50,1,0.25,0.9959988224746118
50,1,0.30,0.9975793504789435
50,1,0.35,0.998564311893405
50,1,0.40,0.9977348310544379
50,1,0.45,0.9982032379812894
50,1,0.50,0.9979072104103304
50,1,0.55,0.9981747474107077
50,1,0.60,0.9984071859375855
50,1,0.65,0.9979864377910831
50,1,0.70,0.9981774542532207
50,1,0.75,0.9979661982844935
50,1,0.80,0.9981264016875586
50,1,0.85,0.9985978319553435
50,1,0.90,0.9985050232949955
50,1,0.95,0.9984939971283422
50,2,0.05,0.9887250659015591
50,2,0.10,0.9980771756174938
50,2,0.15,0.9952700219435611
50,2,0.20,0.9976279385322455
50,2,0.25,0.9979965023631566
50,2,0.30,0.9984113678963759
50,2,0.35,0.9980415979830379
50,2,0.40,0.9976308926005455
50,2,0.45,0.99821782136537
50,2,0.50,0.9983791357710571
50,2,0.55,0.998057141880836
50,2,0.60,0.9982840415693367
50,2,0.65,0.997695550822321
50,2,0.70,0.9982293425670966
50,2,0.75,0.9980013201453961
50,2,0.80,0.998285047676647
50,2,0.85,0.9983930061044283
50,2,0.90,0.9984253786984001
50,2,0.95,0.9986941583486378
50,3,0.05,0.9936650576393767
50,3,0.10,0.9958159559368204
50,3,0.15,0.997484587488421
50,3,0.20,0.9977959516542273
50,3,0.25,0.9982920359599845
50,3,0.30,0.9975019552947578
50,3,0.35,0.9978522156769896
50,3,0.40,0.9977676806968531
50,3,0.45,0.9980008273787716
50,3,0.50,0.9980640313417847
50,3,0.55,0.997758040132324
50,3,0.60,0.9980808970814481
50,3,0.65,0.9981851236580206
50,3,0.70,0.9982825093421975
50,3,0.75,0.9979928209423782
50,3,0.80,0.9983200362915395
50,3,0.85,0.9982342322084203
50,3,0.90,0.9984704186618636
50,3,0.95,0.9984005233719376
50,4,0.05,0.9931165780241218
50,4,0.10,0.9965519126249541
50,4,0.15,0.9977412562553608
50,4,0.20,0.9970967315287017
50,4,0.25,0.997350710122556
50,4,0.30,0.9985918161197139
50,4,0.35,0.997672027482427
50,4,0.40,0.9979715597893709
50,4,0.45,0.998151684205807
50,4,0.50,0.9982476613769753
50,4,0.55,0.9980203461355437
50,4,0.60,0.9984043042797637
50,4,0.65,0.9979092991685513
50,4,0.70,0.9984102658947599
50,4,0.75,0.9985219834332761
50,4,0.80,0.9986739839872523
50,4,0.85,0.9982799119721959
50,4,0.90,0.9983929232148278
50,4,0.95,0.9983586033076834
50,5,0.05,0.9867238562150673
50,5,0.10,0.9969843365073008
50,5,0.15,0.9972939480786887
50,5,0.20,0.9976675202345712
50,5,0.25,0.997564719528257
50,5,0.30,0.9980448726985707
50,5,0.35,0.9977874771919042
50,5,0.40,0.9978796178936853
50,5,0.45,0.9978176736547619
50,5,0.50,0.998382358708086
50,5,0.55,0.9981736596157104
50,5,0.60,0.9980275946949368
50,5,0.65,0.9983362560046416
50,5,0.70,0.9984677169194568
50,5,0.75,0.998629727890241
50,5,0.80,0.9984380309802224
50,5,0.85,0.9985172825694288
50,5,0.90,0.9982272634890118
50,5,0.95,0.9982254606347241
50,6,0.05,0.9923540974850793
50,6,0.10,0.9959813014674771
50,6,0.15,0.9959505608814042
50,6,0.20,0.9969175996493916
50,6,0.25,0.9982621076299877
50,6,0.30,0.9978350026287814
50,6,0.35,0.9969176702538767
50,6,0.40,0.9979831731504776
50,6,0.45,0.9981881621085958
50,6,0.50,0.9985464936126959
50,6,0.55,0.9984786901945824
50,6,0.60,0.9983630672407549
50,6,0.65,0.9982899119954977
50,6,0.70,0.9984201330799581
50,6,0.75,0.9984163202128926
50,6,0.80,0.9981930730524373
50,6,0.85,0.9980417729345503
50,6,0.90,0.9981915190216103
50,6,0.95,0.9983569150093755
50,7,0.05,0.9945878103014643
50,7,0.10,0.9966713831407676
50,7,0.15,0.9970403571702523
50,7,0.20,0.9975212779227082
50,7,0.25,0.997738898095183
50,7,0.30,0.9983610032870753
50,7,0.35,0.9981643942310655
50,7,0.40,0.9978735699890926
50,7,0.45,0.9983981688795189
50,7,0.50,0.9983082054959466
50,7,0.55,0.9976905310754935
50,7,0.60,0.9980435841612293
50,7,0.65,0.9978740946501558
50,7,0.70,0.9985402930583753
50,7,0.75,0.9981755214413136
50,7,0.80,0.9985536787529591
50,7,0.85,0.9981044728628418
50,7,0.90,0.9982600836144002
50,7,0.95,0.9983932142028383
50,8,0.05,0.9881808092729719
50,8,0.10,0.9960034367776449
50,8,0.15,0.9961522172648267
50,8,0.20,0.9962687215925361
50,8,0.25,0.9967805057753598
50,8,0.30,0.9970446163156536
50,8,0.35,0.9977668234116852
50,8,0.40,0.9980694245241714
50,8,0.45,0.99834956180549
50,8,0.50,0.9985183429733735
50,8,0.55,0.9984139362562444
50,8,0.60,0.9985208954200527
50,8,0.65,0.9983890270966389
50,8,0.70,0.9984419000776855
50,8,0.75,0.9982725179541692
50,8,0.80,0.9985336796224273
50,8,0.85,0.9985787529650766
50,8,0.90,0.9984969204697174
50,8,0.95,0.9981558152466884
50,9,0.05,0.9927098724432982
50,9,0.10,0.9970978315035085
50,9,0.15,0.9958213328342723
50,9,0.20,0.9971887511962187
50,9,0.25,0.9973700791947642
50,9,0.30,0.9980058892641467
50,9,0.35,0.997854608534131
50,9,0.40,0.9980333436580023
50,9,0.45,0.9981835004791483
50,9,0.50,0.9982283239998081
50,9,0.55,0.9984990588403231
50,9,0.60,0.9982608999780341
50,9,0.65,0.9982704289074322
50,9,0.70,0.9981831754392141
50,9,0.75,0.9986055191917201
50,9,0.80,0.9984830814444452
50,9,0.85,0.9985976422323641
50,9,0.90,0.9985296127368581
50,9,0.95,0.9984308464795146
51,0,0.05,0.9860664694545503
51,0,0.10,0.9975463868782064
51,0,0.15,0.9969646692985954
51,0,0.20,0.9980077558819872
51,0,0.25,0.9976994492293182
51,0,0.30,0.9978102347200903
51,0,0.35,0.9977811610266429
51,0,0.40,0.9978542411450979
51,0,0.45,0.9977677073208904
51,0,0.50,0.9983207437588637
51,0,0.55,0.9983983515463415
51,0,0.60,0.998431546496468
51,0,0.65,0.9985772029988359
51,0,0.70,0.9984911047967057
51,0,0.75,0.9984913588094252
51,0,0.80,0.9982857895133139
51,0,0.85,0.9981070885489708
51,0,0.90,0.9984741265644848
51,0,0.95,0.9983546606044124
51,1,0.05,0.9926471243118895
51,1,0.10,0.9901716228144194
51,1,0.15,0.9974304467447903
51,1,0.20,0.9972799143621527
51,1,0.25,0.9966701434290653
51,1,0.30,0.9981469461140178
51,1,0.35,0.9978456627752079
51,1,0.40,0.9979181024537961
51,1,0.45,0.9983165625547202
51,1,0.50,0.9968565703281907
51,1,0.55,0.9978193987085328
51,1,0.60,0.998061224349727
51,1,0.65,0.998282121117627
51,1,0.70,0.9981702642104282
51,1,0.75,0.9983663962855401
51,1,0.80,0.9985246366574588
51,1,0.85,0.9985744384667398
51,1,0.90,0.9982735419201056
51,1,0.95,0.9984401037930595
51,2,0.05,0.997438634783613
51,2,0.10,0.9961603434399613
51,2,0.15,0.9963487879785184
51,2,0.20,0.9972903243338316
51,2,0.25,0.9970003965523738
51,2,0.30,0.9977266685897671
51,2,0.35,0.9981558194214519
51,2,0.40,0.9974426132153121
51,2,0.45,0.9980878780948448
51,2,0.50,0.9982610739094786
51,2,0.55,0.9981672619594969
51,2,0.60,0.9985424032350917
51,2,0.65,0.9982490364637361
51,2,0.70,0.9983352145023184
51,2,0.75,0.9984762974849023
51,2,0.80,0.9987966710629022
51,2,0.85,0.9984327923590037
51,2,0.90,0.9982969027672374
51,2,0.95,0.9985360278416398
51,3,0.05,0.9913421089845806
51,3,0.10,0.9960567117008351
51,3,0.15,0.9968530738653117
51,3,0.20,0.996988070067182
51,3,0.25,0.998120293469169
51,3,0.30,0.9973529829542453
51,3,0.35,0.997617421895172
51,3,0.40,0.9979013774706891
51,3,0.45,0.9984545562612743
51,3,0.50,0.9982219840442262
51,3,0.55,0.9978778407050588
51,3,0.60,0.9981191953024267
51,3,0.65,0.9984997254842833
51,3,0.70,0.9982451193546192
51,3,0.75,0.9982103250876697
51,3,0.80,0.9983239409297829
51,3,0.85,0.9984921631675167
51,3,0.90,0.998657166650166
51,3,0.95,0.9988035503570816
51,4,0.05,0.9866345123380225
51,4,0.10,0.9960494208044474
51,4,0.15,0.9961908918090998
51,4,0.20,0.9968682532909413
51,4,0.25,0.9983092549277962
51,4,0.30,0.9980054296396583
51,4,0.35,0.9978899133814411
51,4,0.40,0.9975175982001407
51,4,0.45,0.998228330489771
51,4,0.50,0.998310925627948
51,4,0.55,0.9984164366652567
51,4,0.60,0.9984682464124998
51,4,0.65,0.9981402076106065
51,4,0.70,0.9979021732534624
51,4,0.75,0.9984366171163593
51,4,0.80,0.9984398971150116
51,4,0.85,0.9984026812686516
51,4,0.90,0.9982759430368701
51,4,0.95,0.9983812285204071
51,5,0.05,0.9851143058485381
51,5,0.10,0.9954216789665777
51,5,0.15,0.9958681164060745
51,5,0.20,0.9982646552446237
51,5,0.25,0.997578993472108
51,5,0.30,0.9979422414417195
51,5,0.35,0.9974151042843544
51,5,0.40,0.9979906012456244
51,5,0.45,0.998121509703443
51,5,0.50,0.998078954571178
51,5,0.55,0.9979836056583098
51,5,0.60,0.9984086366738907
51,5,0.65,0.9984640076503988
51,5,0.70,0.9978558862959072
51,5,0.75,0.9985145357196246
51,5,0.80,0.9981072792545607
51,5,0.85,0.9986179332200374
51,5,0.90,0.9988673813483756
51,5,0.95,0.9986082533626128
51,6,0.05,0.9885064131387351
51,6,0.10,0.9896324956667885
51,6,0.15,0.9972006177014212
51,6,0.20,0.9967298676157775
51,6,0.25,0.9986148996144555
51,6,0.30,0.9979537612943178
51,6,0.35,0.9979642550106178
51,6,0.40,0.9980998461327676
51,6,0.45,0.9982649557758919
51,6,0.50,0.9981098410734963
51,6,0.55,0.9977199793732409
51,6,0.60,0.9983404591142346
51,6,0.65,0.9978825187632687
51,6,0.70,0.9981226704767494
51,6,0.75,0.998277932341286
51,6,0.80,0.9985243703188231
51,6,0.85,0.9982488425304354
51,6,0.90,0.9987667232942786
51,6,0.95,0.9985385916607998
51,7,0.05,0.9950143984094976
51,7,0.10,0.996923796498636
51,7,0.15,0.9947005131281856
51,7,0.20,0.9963306173283615
51,7,0.25,0.9967704405442869
51,7,0.30,0.9979180721820643
51,7,0.35,0.9976137840055288
51,7,0.40,0.9978895772086278
51,7,0.45,0.9976296392460474
51,7,0.50,0.998585342049194
51,7,0.55,0.9980583251686521
51,7,0.60,0.9984380852813656
51,7,0.65,0.9981924990336192
51,7,0.70,0.9985526582833933
51,7,0.75,0.9986564693241573
51,7,0.80,0.9984615768899532
51,7,0.85,0.9986552383841023
51,7,0.90,0.9984232999140208
51,7,0.95,0.9981413401274881
51,8,0.05,0.9875936681875559
51,8,0.10,0.9950124189294381
51,8,0.15,0.9967331339707107
51,8,0.20,0.9982810855447117
51,8,0.25,0.9978095702460571
51,8,0.30,0.9979844025142739
51,8,0.35,0.997807065211751
51,8,0.40,0.9979763606516269
51,8,0.45,0.9982388573904172
51,8,0.50,0.9981378520365868
51,8,0.55,0.9982712798202371
51,8,0.60,0.9980375803970861
51,8,0.65,0.9984909230355851
51,8,0.70,0.9980535539836164
51,8,0.75,0.998487924815483
51,8,0.80,0.9982361732271307
51,8,0.85,0.9984585830396415
51,8,0.90,0.9985752556857718
51,8,0.95,0.9987199980969138
51,9,0.05,0.9913036800872711
51,9,0.10,0.9969076708451914
51,9,0.15,0.9954427156054203
51,9,0.20,0.9970157557174971
51,9,0.25,0.9976106840764104
51,9,0.30,0.9979807254636578
51,9,0.35,0.9975958386582414
51,9,0.40,0.9979137675479522
51,9,0.45,0.9981432407678036
51,9,0.50,0.998382309922822
51,9,0.55,0.9978659695730597
51,9,0.60,0.997878882426632
51,9,0.65,0.9987620716179966
51,9,0.70,0.9983703211281456
51,9,0.75,0.9984914598453242
51,9,0.80,0.9985943573076711
51,9,0.85,0.9984332286558435
51,9,0.90,0.998600948954132
51,9,0.95,0.9984107857423603
52,0,0.05,0.9750487420506018
52,0,0.10,0.9949583561182149
52,0,0.15,0.996691354293996
52,0,0.20,0.9982839581249058
52,0,0.25,0.9981534427074726
52,0,0.30,0.9979876970610955
52,0,0.35,0.998186428579402
52,0,0.40,0.9982281166947753
52,0,0.45,0.9984038212817717
52,0,0.50,0.9986534470557544
52,0,0.55,0.9984483303698302
52,0,0.60,0.9985878368873273
52,0,0.65,0.9980202246954628
52,0,0.70,0.998166376750843
52,0,0.75,0.9980647897279984
52,0,0.80,0.9986430448710736
52,0,0.85,0.9984288737220082
52,0,0.90,0.9984649597208715
52,0,0.95,0.9983832410279163
52,1,0.05,0.9506918216831611
52,1,0.10,0.9977692956701424
52,1,0.15,0.9966199423199611
52,1,0.20,0.9978879785819287
52,1,0.25,0.9979783757025731
52,1,0.30,0.9982150638722572
52,1,0.35,0.9981612818347111
52,1,0.40,0.9981398981335536
52,1,0.45,0.9985337962599463
52,1,0.50,0.9982718266088458
52,1,0.55,0.9981679896186219
52,1,0.60,0.998486335303414
52,1,0.65,0.99849154620603
52,1,0.70,0.998595223147223
52,1,0.75,0.9986175833460015
52,1,0.80,0.9986238456540648
52,1,0.85,0.998642191655831
52,1,0.90,0.9986421408682985
52,1,0.95,0.9983078595216156
52,2,0.05,0.9853504540104877
52,2,0.10,0.9947771278818066
52,2,0.15,0.9980127072448588
52,2,0.20,0.9977297001196472
52,2,0.25,0.9979444933361655
52,2,0.30,0.9983988402289752
52,2,0.35,0.9983845164990637
52,2,0.40,0.9982528393642243
52,2,0.45,0.9986699493048555
52,2,0.50,0.9982023746569333
52,2,0.55,0.9983416762360275
52,2,0.60,0.9982041843506798
52,2,0.65,0.9988626445594396
52,2,0.70,0.9984402776132668
52,2,0.75,0.9984116695761622
52,2,0.80,0.998457779325473
52,2,0.85,0.9985842248700272
52,2,0.90,0.9987147029440467
52,2,0.95,0.9983521614897733
52,3,0.05,0.9527603943668493
52,3,0.10,0.9981186709662792
52,3,0.15,0.995963116759214
52,3,0.20,0.997282519537539
52,3,0.25,0.9976610516250151
52,3,0.30,0.9981409038407392
52,3,0.35,0.9984974420951269
52,3,0.40,0.9982089464723475
52,3,0.45,0.9978198823979493
52,3,0.50,0.9982907225149871
52,3,0.55,0.9979756301015633
52,3,0.60,0.9984152698092377
52,3,0.65,0.9984713613760892
52,3,0.70,0.9984766564757216
52,3,0.75,0.998517464601662
52,3,0.80,0.998515358417517
52,3,0.85,0.9986239931968558
52,3,0.90,0.9988840772167071
52,3,0.95,0.9987495351616277
52,4,0.05,0.9875893718447172
52,4,0.10,0.9970685261192834
52,4,0.15,0.9974547144786889
52,4,0.20,0.9964008136909627
52,4,0.25,0.9974247766461424
52,4,0.30,0.9976996554996173
52,4,0.35,0.9981919385410967
52,4,0.40,0.9981529163884224
52,4,0.45,0.9984578108365082
52,4,0.50,0.9983316066991087
52,4,0.55,0.9984081746433222
52,4,0.60,0.9984270291843658
52,4,0.65,0.9984693937596297
52,4,0.70,0.9981438467146158
52,4,0.75,0.9986219704202414
52,4,0.80,0.9986772789755974
52,4,0.85,0.9985843144127549
52,4,0.90,0.9985036105625325
52,4,0.95,0.9981657914389543
52,5,0.05,0.9864683698373768
52,5,0.10,0.9967946894318996
52,5,0.15,0.9981141306567037
52,5,0.20,0.99752069450971
52,5,0.25,0.997926319388066
52,5,0.30,0.9978632550535909
52,5,0.35,0.9984758821459612
52,5,0.40,0.998569059235124
52,5,0.45,0.9985326376366741
52,5,0.50,0.9981195428336537
52,5,0.55,0.9985637591920865
52,5,0.60,0.9985684557398169
52,5,0.65,0.9984628084803554
52,5,0.70,0.9986516619315939
52,5,0.75,0.9985596757953816
52,5,0.80,0.998713644267665
52,5,0.85,0.9985231162118254
52,5,0.90,0.9985311072403509
52,5,0.95,0.9982987955987174
52,6,0.05,0.9905996789257958
52,6,0.10,0.9933762847409313
52,6,0.15,0.99706684908534
52,6,0.20,0.9974076146910777
52,6,0.25,0.9976845726090685
52,6,0.30,0.9981458961797736
52,6,0.35,0.9977116027996807
52,6,0.40,0.9981944604008726
52,6,0.45,0.9980738577345045
52,6,0.50,0.9983120534948784
52,6,0.55,0.9984338693399185
52,6,0.60,0.9984731842362806
52,6,0.65,0.9980955498576296
52,6,0.70,0.9984888637555197
52,6,0.75,0.9986991980792808
52,6,0.80,0.9986003822834524
52,6,0.85,0.9986852617855603
52,6,0.90,0.9985399615771802
52,6,0.95,0.9984719462388677
52,7,0.05,0.9891109266365226
52,7,0.10,0.9962641103508733
52,7,0.15,0.9979129332436592
52,7,0.20,0.9978186984276742
52,7,0.25,0.9983172737608176
52,7,0.30,0.9980458224642356
52,7,0.35,0.9982427446718989
52,7,0.40,0.9978986976123766
52,7,0.45,0.9982415571529927
52,7,0.50,0.9986171720457243
52,7,0.55,0.9979077910400797
52,7,0.60,0.9983394908854735
52,7,0.65,0.998587178743773
52,7,0.70,0.9985024537944273
52,7,0.75,0.9983492605428582
52,7,0.80,0.9980596770076335
52,7,0.85,0.9985795848307472
52,7,0.90,0.9986003674926028
52,7,0.95,0.9984914835016159
52,8,0.05,0.9856165054257892
52,8,0.10,0.9979103245474453
52,8,0.15,0.9968178661960583
52,8,0.20,0.9983338049462596
52,8,0.25,0.9978274300420507
52,8,0.30,0.9983562535991086
52,8,0.35,0.9984952387504265
52,8,0.40,0.998029355767125
52,8,0.45,0.9981726402871457
52,8,0.50,0.9986105398435071
52,8,0.55,0.9985835755093653
52,8,0.60,0.9985456005289238
52,8,0.65,0.9982310020877394
52,8,0.70,0.9987031868923317
52,8,0.75,0.9984461687839196
52,8,0.80,0.9987146419795081
52,8,0.85,0.99854332928928
52,8,0.90,0.9982806246376095
52,8,0.95,0.9986379589248725
52,9,0.05,0.9881337192819597
52,9,0.10,0.9970644925085901
52,9,0.15,0.9962969462056874
52,9,0.20,0.9972885349742582
52,9,0.25,0.9978047650509944
52,9,0.30,0.9987167594922577
52,9,0.35,0.9970425115258835
52,9,0.40,0.9979359067619711
52,9,0.45,0.9983534496463555
52,9,0.50,0.9983024220013311
52,9,0.55,0.9985690613009044
52,9,0.60,0.9986545944174331
52,9,0.65,0.9984124360096462
52,9,0.70,0.9984640525525084
52,9,0.75,0.9985977631521793
52,9,0.80,0.998726448273439
52,9,0.85,0.9983964372183078
52,9,0.90,0.998620318263255
52,9,0.95,0.9983287409628263
53,0,0.05,0.9747409836221888
53,0,0.10,0.9952834531836872
53,0,0.15,0.9964464055328451
53,0,0.20,0.9972707209701682
53,0,0.25,0.9971336833362899
53,0,0.30,0.9981747010900114
53,0,0.35,0.9975293390212171
53,0,0.40,0.9978613316730504
53,0,0.45,0.9978324720166131
53,0,0.50,0.9980641720934816
53,0,0.55,0.9985251634690715
53,0,0.60,0.9977452112940292
53,0,0.65,0.998019604866865
53,0,0.70,0.9985874364150853
53,0,0.75,0.9976633000123319
53,0,0.80,0.9983367628161665
53,0,0.85,0.9987430950454297
53,0,0.90,0.9984373488572087
53,0,0.95,0.9983453893227217
53,1,0.05,0.9814084041762048
53,1,0.10,0.9965721771326739
53,1,0.15,0.9976434790795027
53,1,0.20,0.997411199962817
53,1,0.25,0.997221438191758
53,1,0.30,0.9978460760976825
53,1,0.35,0.9978420916681457
53,1,0.40,0.9983399998122748
53,1,0.45,0.9983174288778449
53,1,0.50,0.9981212913121487
53,1,0.55,0.9982557114147286
53,1,0.60,0.9979642841139132
53,1,0.65,0.9978321764484702
53,1,0.70,0.9978788324127893
53,1,0.75,0.998350457397364
53,1,0.80,0.998817723628048
53,1,0.85,0.998561142401035
53,1,0.90,0.9984124136635484
53,1,0.95,0.9987645937634215
53,2,0.05,0.9885682597429445
53,2,0.10,0.996418299698119
53,2,0.15,0.9961773850925137
53,2,0.20,0.9965988259863597
53,2,0.25,0.9972955800371347
53,2,0.30,0.9978348573028227
53,2,0.35,0.9981434275777559
53,2,0.40,0.9978509188219059
53,2,0.45,0.9969195215295698
53,2,0.50,0.9981801922523705
53,2,0.55,0.9981860591202194
53,2,0.60,0.9979854210499242
53,2,0.65,0.9983100106877579
53,2,0.70,0.9987247596945162
53,2,0.75,0.9982053326965203
53,2,0.80,0.9983772195368016
53,2,0.85,0.9984805776328016
53,2,0.90,0.9983578130519567
53,2,0.95,0.9987155241344827
53,3,0.05,0.9915189763079943
53,3,0.10,0.9947063516549652
53,3,0.15,0.9966346365934456
53,3,0.20,0.9967894519741483
53,3,0.25,0.9976393379624111
53,3,0.30,0.9975917628238744
53,3,0.35,0.9982438089175957
53,3,0.40,0.997316008057886
53,3,0.45,0.9978427489751088
53,3,0.50,0.9985885138157069
53,3,0.55,0.9979657540234521
53,3,0.60,0.9984521303542322
53,3,0.65,0.9985540439837386
53,3,0.70,0.9984011358955623
53,3,0.75,0.9987723663383608
53,3,0.80,0.9984450593406499
53,3,0.85,0.9985506537524804
53,3,0.90,0.998639365736032
53,3,0.95,0.9983431996877279
53,4,0.05,0.9942226649881778
53,4,0.10,0.9953059177955564
53,4,0.15,0.9965667437641402
53,4,0.20,0.9968331832387953
53,4,0.25,0.9974950099624303
53,4,0.30,0.9972510699629946
53,4,0.35,0.9981379769583311
53,4,0.40,0.9980174717889874
53,4,0.45,0.9981926624045798
53,4,0.50,0.9985144035854336
53,4,0.55,0.9981734850051408
53,4,0.60,0.9983194497569029
53,4,0.65,0.9977802568272347
53,4,0.70,0.9986546864823365
53,4,0.75,0.9979973495217221
53,4,0.80,0.9986374953641225
53,4,0.85,0.9985062165727266
53,4,0.90,0.9984676205425214
53,4,0.95,0.9981730662921704
53,5,0.05,0.9923626711032215
53,5,0.10,0.9941701976177051
53,5,0.15,0.996042978854103
53,5,0.20,0.9968470421116352
53,5,0.25,0.997108862187262
53,5,0.30,0.9980147605656866
53,5,0.35,0.998096284062741
53,5,0.40,0.9985177328077655
53,5,0.45,0.9975786358373898
53,5,0.50,0.9980556505103755
53,5,0.55,0.99807547823632
53,5,0.60,0.9984093933049226
53,5,0.65,0.9985870147562447
53,5,0.70,0.9980858938193141
53,5,0.75,0.997993301490043
53,5,0.80,0.9984906128020211
53,5,0.85,0.9985445246114912
53,5,0.90,0.9985762112905364
53,5,0.95,0.9983086818476803
53,6,0.05,0.9510253910716139
53,6,0.10,0.9944597796962559
53,6,0.15,0.9961068642979382
53,6,0.20,0.9974600624189575
53,6,0.25,0.9979016143568019
53,6,0.30,0.9977898701387801
53,6,0.35,0.9970615309000431
53,6,0.40,0.9982915042290863
53,6,0.45,0.9979756513296177
53,6,0.50,0.9977196464686634
53,6,0.55,0.9980613146149613
53,6,0.60,0.9982386829525496
53,6,0.65,0.9983266898921417
53,6,0.70,0.9982222616083734
53,6,0.75,0.998521867169644
53,6,0.80,0.9987702694751883
53,6,0.85,0.9983656683458939
53,6,0.90,0.9985288280166845
53,6,0.95,0.9988268406026781
53,7,0.05,0.9930376766238647
53,7,0.10,0.997471545231728
53,7,0.15,0.997219720152004
53,7,0.20,0.996397535967462
53,7,0.25,0.996665542999201
53,7,0.30,0.9972916939947764
53,7,0.35,0.996636465598541
53,7,0.40,0.9981537897528363
53,7,0.45,0.997585493413494
53,7,0.50,0.9983521837614278
53,7,0.55,0.9983717732853605
53,7,0.60,0.9984419157716032
53,7,0.65,0.9979185576260656
53,7,0.70,0.9982331518557722
53,7,0.75,0.998324523309278
53,7,0.80,0.9984187645717006
53,7,0.85,0.998477596642863
53,7,0.90,0.998460128688035
53,7,0.95,0.9987549630507584
53,8,0.05,0.9945382832936255
53,8,0.10,0.9946327907503082
53,8,0.15,0.9975142529497583
53,8,0.20,0.9974389132038427
53,8,0.25,0.9963923040108047
53,8,0.30,0.9978438864100622
53,8,0.35,0.9976159643546225
53,8,0.40,0.9983395283118588
53,8,0.45,0.9982222557600937
53,8,0.50,0.9986404163235042
53,8,0.55,0.9979266371806336
53,8,0.60,0.9980366759380516
53,8,0.65,0.9985476023165301
53,8,0.70,0.9981402171631983
53,8,0.75,0.9982510749712327
53,8,0.80,0.9985092292673265
53,8,0.85,0.998413370004836
53,8,0.90,0.9982851559346185
53,8,0.95,0.9982738772909426
53,9,0.05,0.9929789094434115
53,9,0.10,0.997074751336445
53,9,0.15,0.9960418297529053
53,9,0.20,0.9973416273606794
53,9,0.25,0.9975513446739513
53,9,0.30,0.9978894365323301
53,9,0.35,0.9979557416370343
53,9,0.40,0.997769387587413
53,9,0.45,0.9983691632888161
53,9,0.50,0.998217967160538
53,9,0.55,0.9984742817869898
53,9,0.60,0.998538940006061
53,9,0.65,0.9982899124831017
53,9,0.70,0.9983256513032615
53,9,0.75,0.9985871512019215
53,9,0.80,0.9983951290286721
53,9,0.85,0.998352694949306
53,9,0.90,0.9986463565369024
53,9,0.95,0.9981662982993375
54,0,0.05,0.9913711683253752
54,0,0.10,0.9976227051278037
54,0,0.15,0.9974049425581243
54,0,0.20,0.9963902040306879
54,0,0.25,0.9973857337131298
54,0,0.30,0.9983230172033987
54,0,0.35,0.9981044134186953
54,0,0.40,0.9979856907726062
54,0,0.45,0.9986648902969414
54,0,0.50,0.9980438456515439
54,0,0.55,0.9987697953022971
54,0,0.60,0.99850047843954
54,0,0.65,0.9984761409608359
54,0,0.70,0.9984050447623934
54,0,0.75,0.9981921852646474
54,0,0.80,0.998514939959678
54,0,0.85,0.9986839563456394
54,0,0.90,0.998675652439441
54,0,0.95,0.9985453584785265
54,1,0.05,0.9877937700115158
54,1,0.10,0.9956754572039503
54,1,0.15,0.9970909375749193
54,1,0.20,0.997870354231396
54,1,0.25,0.9980272811868454
54,1,0.30,0.9977681842801962
54,1,0.35,0.9985914751511824
54,1,0.40,0.9980346868896265
54,1,0.45,0.9980976302724787
54,1,0.50,0.9988703915244177
54,1,0.55,0.998450317092382
54,1,0.60,0.9982564682382158
54,1,0.65,0.9982398828188503
54,1,0.70,0.9985491721206564
54,1,0.75,0.9984379733733365
54,1,0.80,0.9984450112918795
54,1,0.85,0.9983098250123073
54,1,0.90,0.9985907320112792
54,1,0.95,0.998633374417398
54,2,0.05,0.9932663598601583
54,2,0.10,0.9976141822000376
54,2,0.15,0.9974945139534547
54,2,0.20,0.997808220877773
54,2,0.25,0.9970305501264775
54,2,0.30,0.9987141962109428
54,2,0.35,0.9984302663020761
54,2,0.40,0.9979828712379124
54,2,0.45,0.9981902452452631
54,2,0.50,0.9980483824474101
54,2,0.55,0.9984156105435851
54,2,0.60,0.998191423322877
54,2,0.65,0.9985594554950161
54,2,0.70,0.9984459923742705
54,2,0.75,0.9986700560278804
54,2,0.80,0.9981558206072374
54,2,0.85,0.9987153084090776
54,2,0.90,0.9984239512262869
54,2,0.95,0.9985453333840839
54,3,0.05,0.9881173104041444
54,3,0.10,0.9964363386045695
54,3,0.15,0.9968962347304314
54,3,0.20,0.997904189237874
54,3,0.25,0.9982823897762109
54,3,0.30,0.9978939101848997
54,3,0.35,0.9984773635550902
54,3,0.40,0.9984724649772544
54,3,0.45,0.9980191461473646
54,3,0.50,0.9982063576003787
54,3,0.55,0.9984323886367175
54,3,0.60,0.9984277057133163
54,3,0.65,0.9982845084801922
54,3,0.70,0.9985774872386228
54,3,0.75,0.9984102996377644
54,3,0.80,0.9983015300526477
54,3,0.85,0.9984601057781199
54,3,0.90,0.9986138402914674
54,3,0.95,0.9985700892615617
54,4,0.05,0.9897499938496415
54,4,0.10,0.9968596290458676
54,4,0.15,0.9975341606953129
54,4,0.20,0.9977957221825337
54,4,0.25,0.9978191412530565
54,4,0.30,0.9979210680103112
54,4,0.35,0.9980039273123381
54,4,0.40,0.9977239127104395
54,4,0.45,0.9984138325647117
54,4,0.50,0.9985942221777264
54,4,0.55,0.9980235073715408
54,4,0.60,0.9982894565079327
54,4,0.65,0.9984607884552447
54,4,0.70,0.998405697313609
54,4,0.75,0.9982310524349275
54,4,0.80,0.9980324017496578
54,4,0.85,0.9981778094762055
54,4,0.90,0.9982171134066989
54,4,0.95,0.9983124874212694
54,5,0.05,0.9931353359624595
54,5,0.10,0.99547421576293
54,5,0.15,0.9957235551756711
54,5,0.20,0.9973604768065111
54,5,0.25,0.9972593130427225
54,5,0.30,0.998027070918086
54,5,0.35,0.9977831381516742
54,5,0.40,0.9982285457022066
54,5,0.45,0.9985653333016995
54,5,0.50,0.9981129337822877
54,5,0.55,0.9984829716653816
54,5,0.60,0.998396112336987
54,5,0.65,0.9987994892628871
54,5,0.70,0.99843351836533
54,5,0.75,0.9979058147696119
54,5,0.80,0.9983998222094989
54,5,0.85,0.9983620726628892
54,5,0.90,0.9986249806062657
54,5,0.95,0.9984681187154417
54,6,0.05,0.9927627018610611
54,6,0.10,0.9964830662726331
54,6,0.15,0.9970509582064115
54,6,0.20,0.9974550051142357
54,6,0.25,0.9970685047047195
54,6,0.30,0.9983422394678406
54,6,0.35,0.9980767835214043
54,6,0.40,0.9981395356959457
54,6,0.45,0.998162384476989
54,6,0.50,0.9985831249800422
54,6,0.55,0.9982742426240394
54,6,0.60,0.9985998359198514
54,6,0.65,0.9984082995236679
54,6,0.70,0.9985056535171224
54,6,0.75,0.9980452051903391
54,6,0.80,0.9981138952730725
54,6,0.85,0.9987018752638539
54,6,0.90,0.9982710292314683
54,6,0.95,0.9986568618904098
54,7,0.05,0.9949358527952576
54,7,0.10,0.9958411066847259
54,7,0.15,0.9968884001179898
54,7,0.20,0.9974190530625499
54,7,0.25,0.9975874717440825
54,7,0.30,0.9980163001800044
54,7,0.35,0.9979166189598184
54,7,0.40,0.9981068130462293
54,7,0.45,0.998496876449946
54,7,0.50,0.9983572590750424
54,7,0.55,0.9979888237391501
54,7,0.60,0.9982273082008207
54,7,0.65,0.9982821486681037
54,7,0.70,0.9983697507769334
54,7,0.75,0.9982847765073289
54,7,0.80,0.9982671473966824
54,7,0.85,0.9984630875302748
54,7,0.90,0.9982196929108336
54,7,0.95,0.9984731407740848
54,8,0.05,0.9968868607441278
54,8,0.10,0.9961639667850363
54,8,0.15,0.9980790875284057
54,8,0.20,0.9977659520528049
54,8,0.25,0.9978020284145973
54,8,0.30,0.9985206807897001
54,8,0.35,0.9976556122837424
54,8,0.40,0.9977802092919287
54,8,0.45,0.998418768122726
54,8,0.50,0.99837204955613
54,8,0.55,0.9981241781879945
54,8,0.60,0.9987092230023812
54,8,0.65,0.9983365694977171
54,8,0.70,0.9981453244812496
54,8,0.75,0.998516389782964
54,8,0.80,0.9981509403392842
54,8,0.85,0.9985811653490863
54,8,0.90,0.9985236741800287
54,8,0.95,0.998224359050271
54,9,0.05,0.9932827596593438
54,9,0.10,0.9965071394515675
54,9,0.15,0.9983925826444965
54,9,0.20,0.9980818161688035
54,9,0.25,0.9974732805827834
54,9,0.30,0.9984211390170861
54,9,0.35,0.9984007983324933
54,9,0.40,0.9980535685235696
54,9,0.45,0.9985111699798331
54,9,0.50,0.9981230036333344
54,9,0.55,0.9985851032946579
54,9,0.60,0.9983393675928943
54,9,0.65,0.9983546780231962
54,9,0.70,0.9984322782494355
54,9,0.75,0.99872247819254
54,9,0.80,0.9981321002629125
54,9,0.85,0.9980967790313038
54,9,0.90,0.9987138748873244
54,9,0.95,0.9985439149868204
55,0,0.05,0.9875768274526439
55,0,0.10,0.9930154860676121
55,0,0.15,0.9954440397110847
55,0,0.20,0.9971780137788527
55,0,0.25,0.9957374492405843
55,0,0.30,0.9977062880590986
55,0,0.35,0.9969028585135632
55,0,0.40,0.9980785847498858
55,0,0.45,0.9979444592939053
55,0,0.50,0.9983731484547022
55,0,0.55,0.9985541080797198
55,0,0.60,0.9984186882746922
55,0,0.65,0.9983319113384471
55,0,0.70,0.9985169068553522
55,0,0.75,0.9985942921172427
55,0,0.80,0.9984591610818555
55,0,0.85,0.9985023493062839
55,0,0.90,0.9984178435164657
55,0,0.95,0.9982553742964839
55,1,0.05,0.9877788320269633
55,1,0.10,0.9935941144602283
55,1,0.15,0.9929393990387428
55,1,0.20,0.9962775023088091
55,1,0.25,0.9973519079431875
55,1,0.30,0.9978847342066001
55,1,0.35,0.9978841286336926
55,1,0.40,0.9978692601424443
55,1,0.45,0.9980207995500194
55,1,0.50,0.9984356993120845
55,1,0.55,0.9983885677412204
55,1,0.60,0.9984008890520458
55,1,0.65,0.9983420040945903
55,1,0.70,0.9984841314279614
55,1,0.75,0.9983737397958434
55,1,0.80,0.9983681575816805
55,1,0.85,0.9985880881396546
55,1,0.90,0.9982950314293869
55,1,0.95,0.9984734011858255
55,2,0.05,0.9893936487970048
55,2,0.10,0.9920141844688385
55,2,0.15,0.9964419722256048
55,2,0.20,0.996195038845287
55,2,0.25,0.9974088434713787
55,2,0.30,0.9979826237253832
55,2,0.35,0.9978754773957191
55,2,0.40,0.9978274845062393
55,2,0.45,0.9979276368059635
55,2,0.50,0.9983630845722948
55,2,0.55,0.9983778864201455
55,2,0.60,0.9981923610651251
55,2,0.65,0.9985716041752842
55,2,0.70,0.9983326216879418
55,2,0.75,0.9987618545081052
55,2,0.80,0.9985606107526654
55,2,0.85,0.9983921748769601
55,2,0.90,0.998489230582385
55,2,0.95,0.9985703311992415
55,3,0.05,0.9639121675417545
55,3,0.10,0.9951768705627584
55,3,0.15,0.9972567915427538
55,3,0.20,0.9973708473635007
55,3,0.25,0.9972284397154089
55,3,0.30,0.9977646512295679
55,3,0.35,0.9977998574505231
55,3,0.40,0.9984125644025036
55,3,0.45,0.9981112149443555
55,3,0.50,0.9983119574816358
55,3,0.55,0.998018916196407
55,3,0.60,0.998395662579901
55,3,0.65,0.9982758795481124
55,3,0.70,0.9982254061255056
55,3,0.75,0.9986734638090945
55,3,0.80,0.9977366654740286
55,3,0.85,0.9985519337398584
55,3,0.90,0.9984318829666278
55,3,0.95,0.9985681930018203
55,4,0.05,0.9818177493923822
55,4,0.10,0.995648841440538
55,4,0.15,0.9977305627819648
55,4,0.20,0.9971128004379292
55,4,0.25,0.998173879715129
55,4,0.30,0.997469187296048
55,4,0.35,0.9972315099459453
55,4,0.40,0.997688318432816
55,4,0.45,0.9980380758732542
55,4,0.50,0.9981434471787335
55,4,0.55,0.9979195401966486
55,4,0.60,0.9982947082101656
55,4,0.65,0.998169829016631
55,4,0.70,0.9986496683708206
55,4,0.75,0.9984748597298483
55,4,0.80,0.9985780364052432
55,4,0.85,0.9984784850692936
55,4,0.90,0.9985116728870445
55,4,0.95,0.9981725783559734
55,5,0.05,0.9827728146366801
55,5,0.10,0.9957326160530438
55,5,0.15,0.9975789887744656
55,5,0.20,0.997550733884073
55,5,0.25,0.9971714991412213
55,5,0.30,0.9974679478667218
55,5,0.35,0.9971126631251174
55,5,0.40,0.9974622580560195
55,5,0.45,0.9980713894894127
55,5,0.50,0.997837582096094
55,5,0.55,0.9984629432730432
55,5,0.60,0.9984493494650487
55,5,0.65,0.9984436380982464
55,5,0.70,0.9983721958737791
55,5,0.75,0.9986679209794768
55,5,0.80,0.9982693385326701
55,5,0.85,0.9982826011184752
55,5,0.90,0.9985600697769311
55,5,0.95,0.9987339313354457
55,6,0.05,0.9842300597359688
55,6,0.10,0.9960850063110488
55,6,0.15,0.9970551025206894
55,6,0.20,0.9974050098793474
55,6,0.25,0.997160264287596
55,6,0.30,0.997631032297777
55,6,0.35,0.9978665156181429
55,6,0.40,0.9977707720540163
55,6,0.45,0.9974856670470679
55,6,0.50,0.9980309878937842
55,6,0.55,0.9979580103006065
55,6,0.60,0.998208289515453
55,6,0.65,0.9984922155769935
55,6,0.70,0.9983204111171308
55,6,0.75,0.9983431820461651
55,6,0.80,0.9984091520552486
55,6,0.85,0.998703665256583
55,6,0.90,0.9985988107536672
55,6,0.95,0.9984969002456858
55,7,0.05,0.9875229718514053
55,7,0.10,0.995820360328431
55,7,0.15,0.9976052309568384
55,7,0.20,0.9974033861292818
55,7,0.25,0.9980711339307592
55,7,0.30,0.9975585628178899
55,7,0.35,0.9976822291231869
55,7,0.40,0.99826497821749
55,7,0.45,0.9980091218125697
55,7,0.50,0.9981566124875595
55,7,0.55,0.9978517145834777
55,7,0.60,0.998019941660623
55,7,0.65,0.9981730170320327
55,7,0.70,0.9985088935004799
55,7,0.75,0.9985093178316716
55,7,0.80,0.9982890586500184
55,7,0.85,0.9985794527851551
55,7,0.90,0.9981996920260885
55,7,0.95,0.9984999693836061
55,8,0.05,0.9974441764929922
55,8,0.10,0.9949138244370739
55,8,0.15,0.9974642921974349
55,8,0.20,0.9973190680733185
55,8,0.25,0.9972143399761624
55,8,0.30,0.9978336199901539
55,8,0.35,0.9977188391640488
55,8,0.40,0.9974648246304645
55,8,0.45,0.9977854217202019
55,8,0.50,0.9974254258848834
55,8,0.55,0.997996221749618
55,8,0.60,0.9980860594129105
55,8,0.65,0.9983963309199526
55,8,0.70,0.9982833352596169
55,8,0.75,0.9981540014837724
55,8,0.80,0.9985245751388675
55,8,0.85,0.9984649846317731
55,8,0.90,0.9984426672004413
55,8,0.95,0.9987031328093525
55,9,0.05,0.9838321251694756
55,9,0.10,0.9942498423710002
55,9,0.15,0.9960048763364514
55,9,0.20,0.9981681991398798
55,9,0.25,0.9974679615625961
55,9,0.30,0.9977293891796581
55,9,0.35,0.9986456863631666
55,9,0.40,0.9976108765362904
55,9,0.45,0.9979375726361933
55,9,0.50,0.9975171477486268
55,9,0.55,0.9983027022639582
55,9,0.60,0.9983500838461621
55,9,0.65,0.9986759835440964
55,9,0.70,0.9982377239478525
55,9,0.75,0.9984004377851425
55,9,0.80,0.998483295838069
55,9,0.85,0.9986313406190493
55,9,0.90,0.9984886462128757
55,9,0.95,0.998754726834855
56,0,0.05,0.990911053709661
56,0,0.10,0.9958844839482105
56,0,0.15,0.9932590574548513
56,0,0.20,0.9967971253951544
56,0,0.25,0.9968927585346523
56,0,0.30,0.9978514721775653
56,0,0.35,0.9983580487142971
56,0,0.40,0.9981574372675094
56,0,0.45,0.9984967443544985
56,0,0.50,0.9982479235468703
56,0,0.55,0.9981033145254599
56,0,0.60,0.998874118459752
56,0,0.65,0.9983450095849432
56,0,0.70,0.9982732718648833
56,0,0.75,0.9985064367064185
56,0,0.80,0.9983379696518423
56,0,0.85,0.998469587089901
56,0,0.90,0.998220145841068
56,0,0.95,0.998427436719901
56,1,0.05,0.9921199896924046
56,1,0.10,0.9934272434528459
56,1,0.15,0.9977109016035175
56,1,0.20,0.998288945886482
56,1,0.25,0.9964964852043924
56,1,0.30,0.9984551561595529
56,1,0.35,0.9979214337426092
56,1,0.40,0.9984221373763521
56,1,0.45,0.9982213807502622
56,1,0.50,0.9981012413121045
56,1,0.55,0.9985902422189782
56,1,0.60,0.9983509129651734
56,1,0.65,0.9986009145429117
56,1,0.70,0.9984897651915723
56,1,0.75,0.9984703789525428
56,1,0.80,0.9983023489813853
56,1,0.85,0.9985537012946594
56,1,0.90,0.9985257538872654
56,1,0.95,0.9985841381808432
56,2,0.05,0.9899146241833853
56,2,0.10,0.9939911443392834
56,2,0.15,0.9958132859184076
56,2,0.20,0.9976612139529563
56,2,0.25,0.9981355655811888
56,2,0.30,0.9971872622885632
56,2,0.35,0.9976018044395729
56,2,0.40,0.9981721955353863
56,2,0.45,0.9981976104866941
56,2,0.50,0.9975596905645651
56,2,0.55,0.9980413780717968
56,2,0.60,0.9981322061239366
56,2,0.65,0.998403528190205
56,2,0.70,0.9985535969621551
56,2,0.75,0.9984496868927344
56,2,0.80,0.9982961550775823
56,2,0.85,0.998438377836207
56,2,0.90,0.9986429247396741
56,2,0.95,0.998274774030141
56,3,0.05,0.9882847269604771
56,3,0.10,0.9959602992837531
56,3,0.15,0.9960349102542905
56,3,0.20,0.9959199844215005
56,3,0.25,0.9974074937147206
56,3,0.30,0.9982672744294897
56,3,0.35,0.9982395737425049
56,3,0.40,0.9981483324631649
56,3,0.45,0.998193686348778
56,3,0.50,0.9978778889437131
56,3,0.55,0.9980994600182721
56,3,0.60,0.9978036870938546
56,3,0.65,0.9986493944952901
56,3,0.70,0.9985652258147517
56,3,0.75,0.9982756394662463
56,3,0.80,0.9986978207647135
56,3,0.85,0.9982113256543405
56,3,0.90,0.9983592586184207
56,3,0.95,0.998451846980513
56,4,0.05,0.9880623252301308
56,4,0.10,0.9932921782254465
56,4,0.15,0.9954707663005669
56,4,0.20,0.9978666974288768
56,4,0.25,0.9971949385761176
56,4,0.30,0.9979863691706137
56,4,0.35,0.9977408693192954
56,4,0.40,0.9982371428739146
56,4,0.45,0.997641055486411
56,4,0.50,0.9978859597935098
56,4,0.55,0.9984170389971511
56,4,0.60,0.9984943224927997
56,4,0.65,0.9983468417923603
56,4,0.70,0.9983901964548306
56,4,0.75,0.9985842134390733
56,4,0.80,0.9985549443718721
56,4,0.85,0.9981223132717424
56,4,0.90,0.9986340828382307
56,4,0.95,0.9983256689498189
56,5,0.05,0.9844202162966027
56,5,0.10,0.996157488952719
56,5,0.15,0.9971921531478892
56,5,0.20,0.9962339465421777
56,5,0.25,0.9970978429750775
56,5,0.30,0.9979745013257263
56,5,0.35,0.9981567521265077
56,5,0.40,0.998071982216161
56,5,0.45,0.9985031745670846
56,5,0.50,0.9980799751993504
56,5,0.55,0.9983167256753679
56,5,0.60,0.9986611967818714
56,5,0.65,0.998166394255377
56,5,0.70,0.9986101720482162
56,5,0.75,0.9981119194014325
56,5,0.80,0.9984472592192043
56,5,0.85,0.9985168754758497
56,5,0.90,0.998111088963403
56,5,0.95,0.9987257003337013
56,6,0.05,0.9944542470061303
56,6,0.10,0.9965715894044308
56,6,0.15,0.9965187695115162
56,6,0.20,0.9981631173146819
56,6,0.25,0.9974501947341347
56,6,0.30,0.9980019657600989
56,6,0.35,0.9979907590730469
56,6,0.40,0.9976271767824443
56,6,0.45,0.9982451752074647
56,6,0.50,0.9982500890186602
56,6,0.55,0.9980698604577266
56,6,0.60,0.9981291312536765
56,6,0.65,0.998533908441144
56,6,0.70,0.9983634396017711
56,6,0.75,0.9987843004109686
56,6,0.80,0.9984546155221097
56,6,0.85,0.9983516942289042
56,6,0.90,0.9985615657366521
56,6,0.95,0.9984502887986438
56,7,0.05,0.9824147805279838
56,7,0.10,0.9945916182549079
56,7,0.15,0.9962888751346899
56,7,0.20,0.9971852424005433
56,7,0.25,0.997389201042501
56,7,0.30,0.997030868384336
56,7,0.35,0.997821016293444
56,7,0.40,0.9981830586166658
56,7,0.45,0.9978848470876777
56,7,0.50,0.9980287445378715
56,7,0.55,0.9982577994184212
56,7,0.60,0.9983095315103078
56,7,0.65,0.9982088333361947
56,7,0.70,0.9986459270550015
56,7,0.75,0.9983079873729289
56,7,0.80,0.9984351975367186
56,7,0.85,0.9984010563299426
56,7,0.90,0.9983131886310305
56,7,0.95,0.9985703497399733
56,8,0.05,0.9922736748710068
56,8,0.10,0.9946533851091567
56,8,0.15,0.9966065506522763
56,8,0.20,0.9977703592435156
56,8,0.25,0.9971495172041878
56,8,0.30,0.9977102151564959
56,8,0.35,0.997906944616081
56,8,0.40,0.9981954101328204
56,8,0.45,0.9984879678892818
56,8,0.50,0.9984865401445553
56,8,0.55,0.9986671120484201
56,8,0.60,0.9981632737497255
56,8,0.65,0.9981674984883652
56,8,0.70,0.9982205539248671
56,8,0.75,0.9984555430872792
56,8,0.80,0.998371378370888
56,8,0.85,0.998232255399898
56,8,0.90,0.9984529661953553
56,8,0.95,0.9986192661552136
56,9,0.05,0.9941996160841646
56,9,0.10,0.9942859947462055
56,9,0.15,0.9969615605495411
56,9,0.20,0.9972238290507609
56,9,0.25,0.997468538344537
56,9,0.30,0.998294117924479
56,9,0.35,0.9979453372197126
56,9,0.40,0.9982727474001517
56,9,0.45,0.99832877529681
56,9,0.50,0.9981310055721927
56,9,0.55,0.9980340211582329
56,9,0.60,0.9986932887158362
56,9,0.65,0.99834978245544
56,9,0.70,0.9982597060513282
56,9,0.75,0.998500877806527
56,9,0.80,0.9985708949082727
56,9,0.85,0.998445967709731
56,9,0.90,0.9985692385652841
56,9,0.95,0.9982009334454471
57,0,0.05,0.9934429289844087
57,0,0.10,0.9956033063068277
57,0,0.15,0.9970800882577161
57,0,0.20,0.9976459652791322
57,0,0.25,0.9983900495697563
57,0,0.30,0.9980253812362581
57,0,0.35,0.99791712855863
57,0,0.40,0.9986363261459777
57,0,0.45,0.998473118024839
57,0,0.50,0.9982944160080977
57,0,0.55,0.9983677041112227
57,0,0.60,0.9984596078883742
57,0,0.65,0.9983969952301399
57,0,0.70,0.9984726861033469
57,0,0.75,0.9986078944397833
57,0,0.80,0.9984795887552922
57,0,0.85,0.998598702624778
57,0,0.90,0.9986196119787055
57,0,0.95,0.9984935088753472
57,1,0.05,0.9947040456141663
57,1,0.10,0.9935205262206386
57,1,0.15,0.9965822567391858
57,1,0.20,0.9982186501047084
57,1,0.25,0.9983522051320906
57,1,0.30,0.9977313853379008
57,1,0.35,0.9984769538821301
57,1,0.40,0.9983494342507722
57,1,0.45,0.9982568442721331
57,1,0.50,0.9983499619690118
57,1,0.55,0.9983154703140177
57,1,0.60,0.9983256177179303
57,1,0.65,0.9980877593072509
57,1,0.70,0.9984636485824424
57,1,0.75,0.9985034707800391
57,1,0.80,0.9986012298876192
57,1,0.85,0.9986222913637676
57,1,0.90,0.9983512978590937
57,1,0.95,0.9983295677180573
57,2,0.05,0.9742193278995662
57,2,0.10,0.9956280920269434
57,2,0.15,0.9967537011902394
57,2,0.20,0.997022536339058
57,2,0.25,0.9977612190245977
57,2,0.30,0.9982573774299845
57,2,0.35,0.9982719231769585
57,2,0.40,0.9983111807119658
57,2,0.45,0.9984537996295259
57,2,0.50,0.9986412454072051
57,2,0.55,0.9982748493350068
57,2,0.60,0.9984054472347664
57,2,0.65,0.9987927724231334
57,2,0.70,0.9985671103143898
57,2,0.75,0.9987078055546517
57,2,0.80,0.9985628014929081
57,2,0.85,0.9987462559713974
57,2,0.90,0.9986126511814317
57,2,0.95,0.9986679152089091
57,3,0.05,0.9924403598019063
57,3,0.10,0.9954778377764617
57,3,0.15,0.9981391573910716
57,3,0.20,0.9988503820857905
57,3,0.25,0.9982962272632296
57,3,0.30,0.9974366230754713
57,3,0.35,0.9976984148352551
57,3,0.40,0.9984212065567584
57,3,0.45,0.9987051688347567
57,3,0.50,0.9980453973618073
57,3,0.55,0.9982145430861155
57,3,0.60,0.9979225619449498
57,3,0.65,0.9984429844806278
57,3,0.70,0.9986246975983858
57,3,0.75,0.9984280924007971
57,3,0.80,0.9983678458281839
57,3,0.85,0.998415639963331
57,3,0.90,0.9984627471146733
57,3,0.95,0.9984388208083423
57,4,0.05,0.9916791172024566
57,4,0.10,0.9956423603842
57,4,0.15,0.997603966107621
57,4,0.20,0.9985238748244037
57,4,0.25,0.9985845412929258
57,4,0.30,0.998281421232456
57,4,0.35,0.9982988551692153
57,4,0.40,0.9983848402565099
57,4,0.45,0.9984671673061052
57,4,0.50,0.9982699876863672
57,4,0.55,0.9987222380620401
57,4,0.60,0.9985873555825819
57,4,0.65,0.9985186324817944
57,4,0.70,0.9986488629698843
57,4,0.75,0.9984860873739037
57,4,0.80,0.9984196043631947
57,4,0.85,0.9985853998679497
57,4,0.90,0.9985555237840235
57,4,0.95,0.9986140511265109
57,5,0.05,0.9898493008921634
57,5,0.10,0.9954686904842417
57,5,0.15,0.9982370336125651
57,5,0.20,0.9977696373655311
57,5,0.25,0.9984328905266544
57,5,0.30,0.9974960210011968
57,5,0.35,0.9978290758094693
57,5,0.40,0.9985591275783063
57,5,0.45,0.9983812416102057
57,5,0.50,0.9982684781717518
57,5,0.55,0.9985651719126556
57,5,0.60,0.9981668367813152
57,5,0.65,0.9986942319421981
57,5,0.70,0.9983492919037195
57,5,0.75,0.9980253594687356
57,5,0.80,0.9983829675124748
57,5,0.85,0.9983494507311186
57,5,0.90,0.9983185507451761
57,5,0.95,0.9984429697255784
57,6,0.05,0.9874048064102396
57,6,0.10,0.9945649517011217
57,6,0.15,0.996831690732158
57,6,0.20,0.9976717664651633
57,6,0.25,0.9983648363460508
57,6,0.30,0.9984604701902882
57,6,0.35,0.9984079626999454
57,6,0.40,0.9984582611648135
57,6,0.45,0.9980232201829048
57,6,0.50,0.9982312543088654
57,6,0.55,0.9980392116781789
57,6,0.60,0.9986665634319876
57,6,0.65,0.998625243876528
57,6,0.70,0.9986785360361345
57,6,0.75,0.9986526041540704
57,6,0.80,0.9986786039256556
57,6,0.85,0.9986007065870464
57,6,0.90,0.9983282660427253
57,6,0.95,0.9982483215552661
57,7,0.05,0.9933299097578936
57,7,0.10,0.9939674256072366
57,7,0.15,0.9983167858872882
57,7,0.20,0.9982310647142026
57,7,0.25,0.9978563083974609
57,7,0.30,0.9983774032927825
57,7,0.35,0.9982231777101266
57,7,0.40,0.9983901346628693
57,7,0.45,0.9983483131643786
57,7,0.50,0.9984924121687254
57,7,0.55,0.9982442298267408
57,7,0.60,0.9984837267236804
57,7,0.65,0.9981073761322187
57,7,0.70,0.9983398284200314
57,7,0.75,0.998531640238247
57,7,0.80,0.9985165192353352
57,7,0.85,0.9984865025722383
57,7,0.90,0.9986445758640695
57,7,0.95,0.9987110762783481
57,8,0.05,0.9873306353928119
57,8,0.10,0.9966518656702997
57,8,0.15,0.9975875486339217
57,8,0.20,0.9982347751242332
57,8,0.25,0.9989230072571383
57,8,0.30,0.9982039309750086
57,8,0.35,0.9985067149629705
57,8,0.40,0.9984301855137243
57,8,0.45,0.9987422731790472
57,8,0.50,0.9984464996897671
57,8,0.55,0.9985137298032354
57,8,0.60,0.9983405218871969
57,8,0.65,0.9984196466050497
57,8,0.70,0.9984689609422133
57,8,0.75,0.9986311039798307
57,8,0.80,0.9981683683349416
57,8,0.85,0.9983381245916788
57,8,0.90,0.9985621954498635
57,8,0.95,0.998586246472241
57,9,0.05,0.9868799247930377
57,9,0.10,0.9896167208848332
57,9,0.15,0.9982171868993994
57,9,0.20,0.9956406738075017
57,9,0.25,0.9987138393332414
57,9,0.30,0.9980695092678382
57,9,0.35,0.998965246432807
57,9,0.40,0.9982558835649007
57,9,0.45,0.9983516344373863
57,9,0.50,0.9986109280311123
57,9,0.55,0.9984914321307777
57,9,0.60,0.9980106771251253
57,9,0.65,0.9984430060973006
57,9,0.70,0.9986298523979306
57,9,0.75,0.9986518875351089
57,9,0.80,0.9985998513687147
57,9,0.85,0.9983202910236812
57,9,0.90,0.9987150225881347
57,9,0.95,0.9986792061289027
58,0,0.05,0.9791226065487487
58,0,0.10,0.9944184898022413
58,0,0.15,0.9966735619057115
58,0,0.20,0.9980135207684036
58,0,0.25,0.998035694252626
58,0,0.30,0.9977708303061323
58,0,0.35,0.9979719594868592
58,0,0.40,0.9975506373789301
58,0,0.45,0.9978295245376989
58,0,0.50,0.9978887913557798
58,0,0.55,0.9980985928510521
58,0,0.60,0.9983121798258361
58,0,0.65,0.998594721198218
58,0,0.70,0.998188624369345
58,0,0.75,0.9983199974483936
58,0,0.80,0.9985031651141817
58,0,0.85,0.998448147781428
58,0,0.90,0.9985353862932987
58,0,0.95,0.99848617226286
58,1,0.05,0.9929838251774977
58,1,0.10,0.9940731926650312
58,1,0.15,0.9959756871626643
58,1,0.20,0.9976064262555178
58,1,0.25,0.9982676220214002
58,1,0.30,0.9981827340538665
58,1,0.35,0.9974813382244253
58,1,0.40,0.9977813433564222
58,1,0.45,0.9977379440584665
58,1,0.50,0.99843477096184
58,1,0.55,0.9980617869102945
58,1,0.60,0.9981528841811511
58,1,0.65,0.9986520245754323
58,1,0.70,0.9983561426824494
58,1,0.75,0.9979942067842358
58,1,0.80,0.9984949883611594
58,1,0.85,0.9986068880358735
58,1,0.90,0.9985354205255361
58,1,0.95,0.998416511401146
58,2,0.05,0.9729977055857087
58,2,0.10,0.9947242285345668
58,2,0.15,0.9975296312103724
58,2,0.20,0.9974589587634236
58,2,0.25,0.9978756200208176
58,2,0.30,0.9977997957367157
58,2,0.35,0.9980520556581195
58,2,0.40,0.9983565844676562
58,2,0.45,0.9976935902603841
58,2,0.50,0.998539968936051
58,2,0.55,0.9982695884756106
58,2,0.60,0.9980985668433973
58,2,0.65,0.998307574735721
58,2,0.70,0.9982947903751904
58,2,0.75,0.9982359059083135
58,2,0.80,0.998445718441
58,2,0.85,0.9984297467199311
58,2,0.90,0.9981898155267116
58,2,0.95,0.998431707161708
58,3,0.05,0.9795654337932471
58,3,0.10,0.9922100604273445
58,3,0.15,0.9965335075576736
58,3,0.20,0.9968806335672096
58,3,0.25,0.9978735438080883
58,3,0.30,0.9979647904366924
58,3,0.35,0.9971540847128915
58,3,0.40,0.997973923480445
58,3,0.45,0.9973144991199685
58,3,0.50,0.9978406805202891
58,3,0.55,0.9981563929946589
58,3,0.60,0.9983455532173219
58,3,0.65,0.9981855863927735
58,3,0.70,0.998244820309746
58,3,0.75,0.9983345351892238
58,3,0.80,0.9986199369003288
58,3,0.85,0.9980595524384098
58,3,0.90,0.9982682432805636
58,3,0.95,0.9985422203635034
58,4,0.05,0.9770575904702115
58,4,0.10,0.9953279288125306
58,4,0.15,0.9963866808280111
58,4,0.20,0.9971682948104272
58,4,0.25,0.9983928877236374
58,4,0.30,0.9983494845168461
58,4,0.35,0.9977204891376839
58,4,0.40,0.9982161504298357
58,4,0.45,0.9981310770138985
58,4,0.50,0.9976851869654925
58,4,0.55,0.9983353732292328
58,4,0.60,0.9982366520986364
58,4,0.65,0.9979257331173463
58,4,0.70,0.9986286505693953
58,4,0.75,0.9982440720370968
58,4,0.80,0.9985258407158636
58,4,0.85,0.9986466759893591
58,4,0.90,0.9986097366085337
58,4,0.95,0.9982298142568231
58,5,0.05,0.9853780373438003
58,5,0.10,0.9933598103706365
58,5,0.15,0.9956278691206831
58,5,0.20,0.9978226350400448
58,5,0.25,0.9982299886249875
58,5,0.30,0.99807790549699
58,5,0.35,0.9974082750041354
58,5,0.40,0.9975877717438036
58,5,0.45,0.9978941355216434
58,5,0.50,0.9979868460903675
58,5,0.55,0.998457403849067
58,5,0.60,0.9983486243923705
58,5,0.65,0.9983615997053717
58,5,0.70,0.9981696124492712
58,5,0.75,0.9980263574331052
58,5,0.80,0.9982014620945943
58,5,0.85,0.9981505891582378
58,5,0.90,0.9984970510216853
58,5,0.95,0.9984660478554034
58,6,0.05,0.9948249975699709
58,6,0.10,0.9963293726752823
58,6,0.15,0.9958699149003407
58,6,0.20,0.9975358372036536
58,6,0.25,0.9975610416236962
58,6,0.30,0.998449752070062
58,6,0.35,0.9979127314460827
58,6,0.40,0.997973111506156
58,6,0.45,0.9978256607870346
58,6,0.50,0.9980186617877271
58,6,0.55,0.9981007814930127
58,6,0.60,0.9984923591898845
58,6,0.65,0.9978062836643486
58,6,0.70,0.9982418429040582
58,6,0.75,0.9986770096057863
58,6,0.80,0.9983639979052019
58,6,0.85,0.9983889006282475
58,6,0.90,0.9982372492751974
58,6,0.95,0.9984438404381755
58,7,0.05,0.9802126806720993
58,7,0.10,0.9950868983907794
58,7,0.15,0.9972368393817672
58,7,0.20,0.9974955938785036
58,7,0.25,0.9980194551791782
58,7,0.30,0.9981018088302831
58,7,0.35,0.9983571525229221
58,7,0.40,0.9981212869511835
58,7,0.45,0.9977294669852944
58,7,0.50,0.9979543630699467
58,7,0.55,0.9978444557903335
58,7,0.60,0.9979980711763228
58,7,0.65,0.9979234383653326
58,7,0.70,0.9983259666620091
58,7,0.75,0.9980894699113838
58,7,0.80,0.9982462031903849
58,7,0.85,0.9986869910200243
58,7,0.90,0.9986894644465795
58,7,0.95,0.9986137604951862
58,8,0.05,0.9742475422400794
58,8,0.10,0.9966045913331325
58,8,0.15,0.9978389473194734
58,8,0.20,0.9973297948673132
58,8,0.25,0.9983105571944093
58,8,0.30,0.9978286214087695
58,8,0.35,0.9979138287167129
58,8,0.40,0.997435838243746
58,8,0.45,0.9973960590624652
58,8,0.50,0.9982596039754803
58,8,0.55,0.9981647046026615
58,8,0.60,0.9984226930518301
58,8,0.65,0.9981155741597727
58,8,0.70,0.9977990502298164
58,8,0.75,0.9983495368470164
58,8,0.80,0.9988775385111464
58,8,0.85,0.998527961291148
58,8,0.90,0.9983566428116956
58,8,0.95,0.9985543511518059
58,9,0.05,0.9850879624134932
58,9,0.10,0.9937711437191061
58,9,0.15,0.9974532432628253
58,9,0.20,0.9975832919676972
58,9,0.25,0.9981445093734894
58,9,0.30,0.9985126643712922
58,9,0.35,0.9981019295279707
58,9,0.40,0.9977156195837772
58,9,0.45,0.9982029768711763
58,9,0.50,0.9982806740824038
58,9,0.55,0.9982560398710877
58,9,0.60,0.9980795363018732
58,9,0.65,0.9986545975523604
58,9,0.70,0.9982382524931868
58,9,0.75,0.9979820888869995
58,9,0.80,0.9981249317232975
58,9,0.85,0.9980099584363098
58,9,0.90,0.9984924766428549
58,9,0.95,0.9984774324055931
59,0,0.05,0.9884196026617572
59,0,0.10,0.9957950410245645
59,0,0.15,0.9968042330283131
59,0,0.20,0.9971180853228501
59,0,0.25,0.998120852425389
59,0,0.30,0.9977950593721848
59,0,0.35,0.9979129645746854
59,0,0.40,0.99856203082856
59,0,0.45,0.9980576892517155
59,0,0.50,0.9980631033209376
59,0,0.55,0.9984277619228085
59,0,0.60,0.9986082736364732
59,0,0.65,0.998109949698386
59,0,0.70,0.9981553178694432
59,0,0.75,0.9988182268165327
59,0,0.80,0.9982508019977157
59,0,0.85,0.9984428037655768
59,0,0.90,0.9985574181235496
59,0,0.95,0.9984274069897647
59,1,0.05,0.989339009923394
59,1,0.10,0.9953427704453074
59,1,0.15,0.9972940901751041
59,1,0.20,0.9979133656349217
59,1,0.25,0.9983655521374366
59,1,0.30,0.9985710056494389
59,1,0.35,0.9980548001571846
59,1,0.40,0.9981724019130487
59,1,0.45,0.9983316913060114
59,1,0.50,0.9982392204936272
59,1,0.55,0.9983994924096316
59,1,0.60,0.9983604347477361
59,1,0.65,0.9983047591318228
59,1,0.70,0.9982570592805075
59,1,0.75,0.9981933728538219
59,1,0.80,0.9983730821170547
59,1,0.85,0.9987453896378309
59,1,0.90,0.9984769714419729
59,1,0.95,0.998717912530127
59,2,0.05,0.9701445737135138
59,2,0.10,0.9929557647265046
59,2,0.15,0.9972604036136204
59,2,0.20,0.9979985965517358
59,2,0.25,0.9978130829904457
59,2,0.30,0.9981702283424823
59,2,0.35,0.9977970966691191
59,2,0.40,0.9984650233034332
59,2,0.45,0.9982938568407888
59,2,0.50,0.9978740124909274
59,2,0.55,0.998389962662235
59,2,0.60,0.9983506492621417
59,2,0.65,0.9982842249335687
59,2,0.70,0.9985621783725129
59,2,0.75,0.9981681826539874
59,2,0.80,0.9981649929720215
59,2,0.85,0.9985637373342637
59,2,0.90,0.9985623766015096
59,2,0.95,0.9984461571385397
59,3,0.05,0.9877949548948036
59,3,0.10,0.9945717592048702
59,3,0.15,0.9945293949492993
59,3,0.20,0.9969452215965555
59,3,0.25,0.9978596416928667
59,3,0.30,0.9980774777539035
59,3,0.35,0.9986142825956942
59,3,0.40,0.9978770372475263
59,3,0.45,0.9981721023320771
59,3,0.50,0.9978425351492533
59,3,0.55,0.9986519572228532
59,3,0.60,0.9984751795235458
59,3,0.65,0.9986726780416322
59,3,0.70,0.9983829238775264
59,3,0.75,0.9984781895423847
59,3,0.80,0.9983687160771668
59,3,0.85,0.9984226085058324
59,3,0.90,0.9984446567816552
59,3,0.95,0.9985402945731656
59,4,0.05,0.9916243058513381
59,4,0.10,0.9945813966433426
59,4,0.15,0.9970798799559235
59,4,0.20,0.997987887101841
59,4,0.25,0.9980758780222269
59,4,0.30,0.998016605885095
59,4,0.35,0.9984472249898286
59,4,0.40,0.9979172916531464
59,4,0.45,0.9981092724804884
59,4,0.50,0.9983201247247567
59,4,0.55,0.9980607988950904
59,4,0.60,0.9983802394974043
59,4,0.65,0.9987802396037466
59,4,0.70,0.9986075501561619
59,4,0.75,0.9989579877430449
59,4,0.80,0.9983932020475534
59,4,0.85,0.9986127570818931
59,4,0.90,0.9985588806329726
59,4,0.95,0.9986415059797402
59,5,0.05,0.9780138339022888
59,5,0.10,0.9952877928986167
59,5,0.15,0.9964603299187453
59,5,0.20,0.997800849308545
59,5,0.25,0.997975448040248
59,5,0.30,0.9981558881391727
59,5,0.35,0.9983347563810714
59,5,0.40,0.9982753714667437
59,5,0.45,0.9983811473717611
59,5,0.50,0.9976708783586362
59,5,0.55,0.99876237308701
59,5,0.60,0.9983815811582264
59,5,0.65,0.9981970071274983
59,5,0.70,0.9986080037338557
59,5,0.75,0.9983041468707207
59,5,0.80,0.9979261981954799
59,5,0.85,0.9984844146609092
59,5,0.90,0.9984631801722369
59,5,0.95,0.9985006713703563
59,6,0.05,0.9907783085492737
59,6,0.10,0.9966057129370677
59,6,0.15,0.9968617004611446
59,6,0.20,0.997095343188918
59,6,0.25,0.9979276798131357
59,6,0.30,0.9979148641656684
59,6,0.35,0.997492150649096
59,6,0.40,0.9982348339391119
59,6,0.45,0.9981744639816119
59,6,0.50,0.9981854697811272
59,6,0.55,0.9986148541675202
59,6,0.60,0.9984204974095949
59,6,0.65,0.9983971003638383
59,6,0.70,0.998393491367266
59,6,0.75,0.998272336038802
59,6,0.80,0.9982314536844172
59,6,0.85,0.9983381246687638
59,6,0.90,0.9983746332567742
59,6,0.95,0.998652666580885
59,7,0.05,0.9902272543168597
59,7,0.10,0.991085912168273
59,7,0.15,0.9972398770491099
59,7,0.20,0.9979293782499634
59,7,0.25,0.9983548294003668
59,7,0.30,0.9978801124948138
59,7,0.35,0.9977461521286913
59,7,0.40,0.9984518018344413
59,7,0.45,0.9980950112405051
59,7,0.50,0.9974459625824814
59,7,0.55,0.9981661621574228
59,7,0.60,0.9983005447058907
59,7,0.65,0.998611171094848
59,7,0.70,0.9983022562133903
59,7,0.75,0.998533139921336
59,7,0.80,0.9984124188031652
59,7,0.85,0.9982493336434571
59,7,0.90,0.9987258766634112
59,7,0.95,0.9986502942015743
59,8,0.05,0.9909384382740045
59,8,0.10,0.9941877924386476
59,8,0.15,0.9962131009037023
59,8,0.20,0.9974388947126349
59,8,0.25,0.9971967877727453
59,8,0.30,0.9980291430358961
59,8,0.35,0.9972714051857161
59,8,0.40,0.9975862676682172
59,8,0.45,0.9983028459362645
59,8,0.50,0.9980763494484094
59,8,0.55,0.9984165295756129
59,8,0.60,0.9982265833298147
59,8,0.65,0.9983557652964263
59,8,0.70,0.9983534833731941
59,8,0.75,0.9979045973940656
59,8,0.80,0.9981914731031588
59,8,0.85,0.9984176049486715
59,8,0.90,0.9983801649620153
59,8,0.95,0.9987040665558425
59,9,0.05,0.9891396099715952
59,9,0.10,0.997348171825708
59,9,0.15,0.9966625289183503
59,9,0.20,0.9983563668489647
59,9,0.25,0.9978201549711133
59,9,0.30,0.998176469005516
59,9,0.35,0.9978726830132439
59,9,0.40,0.9982060221392032
59,9,0.45,0.998010914103722
59,9,0.50,0.9983518195487392
59,9,0.55,0.9984283330795788
59,9,0.60,0.998575035651497
59,9,0.65,0.9981340492894738
59,9,0.70,0.9982699086707542
59,9,0.75,0.9985318572495796
59,9,0.80,0.9984561804585158
59,9,0.85,0.9983230774405347
59,9,0.90,0.9984519529662513
59,9,0.95,0.9983623493334579
60,0,0.05,0.9762201859678296
60,0,0.10,0.9964653771544837
60,0,0.15,0.9968648680301695
60,0,0.20,0.9986367106533683
60,0,0.25,0.9979126606187144
60,0,0.30,0.9983296884993859
60,0,0.35,0.9982414946294172
60,0,0.40,0.9985933435352934
60,0,0.45,0.9986239828172626
60,0,0.50,0.9985103994493952
60,0,0.55,0.9988393409322923
60,0,0.60,0.9985980663114009
60,0,0.65,0.9983386799312411
60,0,0.70,0.9984388444456437
60,0,0.75,0.9982579438808016
60,0,0.80,0.998836411261852
60,0,0.85,0.9987359398512675
60,0,0.90,0.9985641440171149
60,0,0.95,0.9984336121163195
60,1,0.05,0.9945214116477442
60,1,0.10,0.9965615417410454
60,1,0.15,0.9964444063129864
60,1,0.20,0.9969721004925064
60,1,0.25,0.9979704291576982
60,1,0.30,0.9985471161283449
60,1,0.35,0.9984304525562678
60,1,0.40,0.9981960005941606
60,1,0.45,0.9983708804279317
60,1,0.50,0.9985884490785477
60,1,0.55,0.9983553056164173
60,1,0.60,0.9984223967486033
60,1,0.65,0.9987162504985382
60,1,0.70,0.998750093989711
60,1,0.75,0.9984542940141353
60,1,0.80,0.9988622986650847
60,1,0.85,0.99867565809538
60,1,0.90,0.9988524532519016
60,1,0.95,0.9985125354548555
60,2,0.05,0.9792063885842284
60,2,0.10,0.9979311053316413
60,2,0.15,0.9960231804906263
60,2,0.20,0.9977771591301202
60,2,0.25,0.9983848765516106
60,2,0.30,0.9974722781347299
60,2,0.35,0.9986339605570306
60,2,0.40,0.9979078304876874
60,2,0.45,0.9983008446559295
60,2,0.50,0.9984986221053039
60,2,0.55,0.9987728231003312
60,2,0.60,0.9984125648351456
60,2,0.65,0.9987256020359108
60,2,0.70,0.9985608116743335
60,2,0.75,0.9984888619412301
60,2,0.80,0.9985304289799012
60,2,0.85,0.9986649388468166
60,2,0.90,0.9984377657729484
60,2,0.95,0.9987158238680046
60,3,0.05,0.9950504427576012
60,3,0.10,0.9967824612694375
60,3,0.15,0.9960234839266863
60,3,0.20,0.9977057265603458
60,3,0.25,0.997706475931983
60,3,0.30,0.9983411942975917
60,3,0.35,0.9985819931142166
60,3,0.40,0.9985069062947378
60,3,0.45,0.9985179161167911
60,3,0.50,0.998817873778069
60,3,0.55,0.9985710670258756
60,3,0.60,0.9985501226304909
60,3,0.65,0.9987838420148545
60,3,0.70,0.9984597187842402
60,3,0.75,0.998695827500305
60,3,0.80,0.9985562926327144
60,3,0.85,0.9985278350287536
60,3,0.90,0.9986416264645556
60,3,0.95,0.9985582645993781
60,4,0.05,0.9924788582034688
60,4,0.10,0.9953302459053219
60,4,0.15,0.995641215563896
60,4,0.20,0.9975294454773073
60,4,0.25,0.998266986528981
60,4,0.30,0.9985902856973358
60,4,0.35,0.9981397514033347
60,4,0.40,0.9982519816285484
60,4,0.45,0.9983923913181256
60,4,0.50,0.9983264255064739
60,4,0.55,0.9987042952945893
60,4,0.60,0.9985787784304829
60,4,0.65,0.998856249253741
60,4,0.70,0.9985747178548464
60,4,0.75,0.9987414114162112
60,4,0.80,0.9985272709434675
60,4,0.85,0.9987741026816154
60,4,0.90,0.9984571546892095
60,4,0.95,0.9987195831269716
60,5,0.05,0.9939383968955251
60,5,0.10,0.9963665318566689
60,5,0.15,0.9973880853825389
60,5,0.20,0.9976150772499134
60,5,0.25,0.9978065755940682
60,5,0.30,0.9985576369769316
60,5,0.35,0.9979917247009992
60,5,0.40,0.9987417867784161
60,5,0.45,0.9983697253385747
60,5,0.50,0.9981066439947858
60,5,0.55,0.9981978893676661
60,5,0.60,0.9986130918764831
60,5,0.65,0.9985886235188793
60,5,0.70,0.9984413668336428
60,5,0.75,0.9987369731706938
60,5,0.80,0.9985977490125313
60,5,0.85,0.9985259941633065
60,5,0.90,0.9986293325328063
60,5,0.95,0.9986413109254656
60,6,0.05,0.9934069736651633
60,6,0.10,0.9961100241144913
60,6,0.15,0.9971462586986035
60,6,0.20,0.9976857034795941
60,6,0.25,0.9976587721107395
60,6,0.30,0.9976826135100079
60,6,0.35,0.99828409031035
60,6,0.40,0.9981864346820474
60,6,0.45,0.9983703924034816
60,6,0.50,0.9986206744588323
60,6,0.55,0.9986725796232289
60,6,0.60,0.9982599919018906
60,6,0.65,0.9986103365459755
60,6,0.70,0.9986144561273966
60,6,0.75,0.9985770058228439
60,6,0.80,0.9987035441610802
60,6,0.85,0.9986042627884081
60,6,0.90,0.9986788017277816
60,6,0.95,0.998598854445784
60,7,0.05,0.9917959675549973
60,7,0.10,0.9946214628777602
60,7,0.15,0.9974562464031609
60,7,0.20,0.9979346205592653
60,7,0.25,0.9980422434152216
60,7,0.30,0.9983048234528564
60,7,0.35,0.9981886759437141
60,7,0.40,0.9985370216801055
60,7,0.45,0.9984011533930294
60,7,0.50,0.9985146883512442
60,7,0.55,0.9983851888107652
60,7,0.60,0.9986199311225107
60,7,0.65,0.9985746702405954
60,7,0.70,0.9988646378857011
60,7,0.75,0.9985536907868205
60,7,0.80,0.9985974842608608
60,7,0.85,0.9984747098049003
60,7,0.90,0.9986391980152454
60,7,0.95,0.9985451416387252
60,8,0.05,0.9821069858932633
60,8,0.10,0.9972184594679163
60,8,0.15,0.9973439603099731
60,8,0.20,0.9968094252423235
60,8,0.25,0.9977389354858835
60,8,0.30,0.9978960092844626
60,8,0.35,0.9983264887143123
60,8,0.40,0.9982603836112829
60,8,0.45,0.9983405812196606
60,8,0.50,0.9985683977303755
60,8,0.55,0.9981986717393703
60,8,0.60,0.9986468755612103
60,8,0.65,0.9984437560938336
60,8,0.70,0.9983291665429934
60,8,0.75,0.9986455723926156
60,8,0.80,0.9988380460018923
60,8,0.85,0.9986020351412787
60,8,0.90,0.9987442875021563
60,8,0.95,0.9987398893819133
60,9,0.05,0.9923947226414204
60,9,0.10,0.9958449593649201
60,9,0.15,0.9963214787837998
60,9,0.20,0.9983643055450763
60,9,0.25,0.9984066892815665
60,9,0.30,0.9986104912623044
60,9,0.35,0.9982891578207516
60,9,0.40,0.9981786536801684
60,9,0.45,0.9981538114932323
60,9,0.50,0.9984508226926659
60,9,0.55,0.9986915841680264
60,9,0.60,0.9982187961646186
60,9,0.65,0.9982891300261747
60,9,0.70,0.9985460024150543
60,9,0.75,0.9984660050521392
60,9,0.80,0.99875571039441
60,9,0.85,0.9986481852126801
60,9,0.90,0.9985056084318928
60,9,0.95,0.9987799274437199
61,0,0.05,0.9873777329927095
61,0,0.10,0.9963993212804063
61,0,0.15,0.9965413778732921
61,0,0.20,0.9978095533252114
61,0,0.25,0.9970140523503972
61,0,0.30,0.9983026904538316
61,0,0.35,0.9985233951749471
61,0,0.40,0.9984901517264836
61,0,0.45,0.9983807512584435
61,0,0.50,0.9981680511530119
61,0,0.55,0.9986268902559173
61,0,0.60,0.998466580120457
61,0,0.65,0.9986418512675739
61,0,0.70,0.9989143047091165
61,0,0.75,0.9988309541468988
61,0,0.80,0.998533578647409
61,0,0.85,0.9985024128371903
61,0,0.90,0.9987149308915613
61,0,0.95,0.9984670274234452
61,1,0.05,0.9833271506184916
61,1,0.10,0.9942989421229947
61,1,0.15,0.9956885175339397
61,1,0.20,0.9972793961918083
61,1,0.25,0.9969406473691184
61,1,0.30,0.997620153620256
61,1,0.35,0.9981240044984452
61,1,0.40,0.9981174918188861
61,1,0.45,0.9984060982181651
61,1,0.50,0.9985240139203856
61,1,0.55,0.9980087886312677
61,1,0.60,0.9985395295865837
61,1,0.65,0.9984009029309305
61,1,0.70,0.9983779534465468
61,1,0.75,0.9985587032810134
61,1,0.80,0.9985708988884049
61,1,0.85,0.998618363179447
61,1,0.90,0.9984344332207
61,1,0.95,0.9984593081588231
61,2,0.05,0.9324214629194025
61,2,0.10,0.9940418893383974
61,2,0.15,0.992949150799114
61,2,0.20,0.9971650343373343
61,2,0.25,0.9970771184570387
61,2,0.30,0.998538260037851
61,2,0.35,0.9981704354030561
61,2,0.40,0.9986827649225134
61,2,0.45,0.9985150218880057
61,2,0.50,0.9984154635756859
61,2,0.55,0.9983446715993083
61,2,0.60,0.9981494399393295
61,2,0.65,0.9984824979826644
61,2,0.70,0.9986154848335578
61,2,0.75,0.9984392292801754
61,2,0.80,0.9986061555960453
61,2,0.85,0.9983741949559884
61,2,0.90,0.9982807489701323
61,2,0.95,0.9979354909993509
61,3,0.05,0.9940229566004877
61,3,0.10,0.9939246735152166
61,3,0.15,0.9970506510037285
61,3,0.20,0.997220779532443
61,3,0.25,0.9973147139624872
61,3,0.30,0.9975878283968883
61,3,0.35,0.9983383313194795
61,3,0.40,0.9984600630625621
61,3,0.45,0.9983117202028488
61,3,0.50,0.9981427938430326
61,3,0.55,0.9977994406299353
61,3,0.60,0.9984739645523286
61,3,0.65,0.998612661270297
61,3,0.70,0.9981906603360469
61,3,0.75,0.9986019420954262
61,3,0.80,0.9982797657366242
61,3,0.85,0.9983887612671087
61,3,0.90,0.9985108208178609
61,3,0.95,0.9986046769628406
61,4,0.05,0.9895277099712045
61,4,0.10,0.9960184301906472
61,4,0.15,0.9967358069806898
61,4,0.20,0.9973081725218265
61,4,0.25,0.9975094715791212
61,4,0.30,0.9976076686293983
61,4,0.35,0.9980268303279798
61,4,0.40,0.997936127067828
61,4,0.45,0.9984926325330561
61,4,0.50,0.9983461526409435
61,4,0.55,0.9977317813201001
61,4,0.60,0.9984834281635944
61,4,0.65,0.9986743699699694
61,4,0.70,0.998468285010448
61,4,0.75,0.9983228942363552
61,4,0.80,0.9985183054267828
61,4,0.85,0.9983924487911447
61,4,0.90,0.9985891361307889
61,4,0.95,0.9982567752943512
61,5,0.05,0.9928471981135047
61,5,0.10,0.9949581860128223
61,5,0.15,0.9959478198948609
61,5,0.20,0.9969347466692101
61,5,0.25,0.997673740556683
61,5,0.30,0.9981553894406264
61,5,0.35,0.9983462172797387
61,5,0.40,0.998128192993749
61,5,0.45,0.9981964438449019
61,5,0.50,0.9984397822500762
61,5,0.55,0.998485200069436
61,5,0.60,0.9982844534225913
61,5,0.65,0.9981516841101897
61,5,0.70,0.9985477586461392
61,5,0.75,0.9985267405757475
61,5,0.80,0.9983137501937918
61,5,0.85,0.9985885380997663
61,5,0.90,0.998792998557975
61,5,0.95,0.9984658731800637
61,6,0.05,0.9952793221484256
61,6,0.10,0.9966203306111099
61,6,0.15,0.9951222169021369
61,6,0.20,0.9973269148090292
61,6,0.25,0.9973350891381524
61,6,0.30,0.997744565710067
61,6,0.35,0.9977381111147312
61,6,0.40,0.9982571385324507
61,6,0.45,0.9981896908853817
61,6,0.50,0.9985233080033428
61,6,0.55,0.9985205502540145
61,6,0.60,0.9983340881339043
61,6,0.65,0.9982784860254668
61,6,0.70,0.9984623807826973
61,6,0.75,0.9985518639370454
61,6,0.80,0.9981564716260231
61,6,0.85,0.9986887233710491
61,6,0.90,0.9987646186177481
61,6,0.95,0.9985863193557947
61,7,0.05,0.9899509942218702
61,7,0.10,0.994564245454859
61,7,0.15,0.9958819572036757
61,7,0.20,0.9965093074907436
61,7,0.25,0.9957809893692792
61,7,0.30,0.9977413781826383
61,7,0.35,0.998126056896499
61,7,0.40,0.9981165524964263
61,7,0.45,0.9986276415154844
61,7,0.50,0.9981904013019448
61,7,0.55,0.9981659773309105
61,7,0.60,0.9982710327048286
61,7,0.65,0.9983153958130446
61,7,0.70,0.9986045130539986
61,7,0.75,0.9985109832922487
61,7,0.80,0.9983488087813237
61,7,0.85,0.9984055503220898
61,7,0.90,0.9982322128170174
61,7,0.95,0.9985725923067379
61,8,0.05,0.9951163044176027
61,8,0.10,0.9919027372133806
61,8,0.15,0.9934011255349341
61,8,0.20,0.9967962743280865
61,8,0.25,0.9979123830092135
61,8,0.30,0.9980260187712731
61,8,0.35,0.9982453469419513
61,8,0.40,0.9978691786036584
61,8,0.45,0.9979508642768562
61,8,0.50,0.9986218716547016
61,8,0.55,0.9983928905384807
61,8,0.60,0.9984648270758166
61,8,0.65,0.9980639501223905
61,8,0.70,0.9985583716666675
61,8,0.75,0.9985311390725982
61,8,0.80,0.9983781182376984
61,8,0.85,0.9983640045598288
61,8,0.90,0.9986983909414408
61,8,0.95,0.9986324731395354
61,9,0.05,0.9900456337947414
61,9,0.10,0.9958872430763793
61,9,0.15,0.9956653515932402
61,9,0.20,0.9973615323414622
61,9,0.25,0.9981776563883331
61,9,0.30,0.9978358578552022
61,9,0.35,0.9972507234884989
61,9,0.40,0.998029193458238
61,9,0.45,0.9981652099357636
61,9,0.50,0.9984210023295915
61,9,0.55,0.9980952067172136
61,9,0.60,0.9983434075302244
61,9,0.65,0.9985197250794667
61,9,0.70,0.9984717423127971
61,9,0.75,0.9985704200845847
61,9,0.80,0.998657945929103
61,9,0.85,0.9983122734132821
61,9,0.90,0.9984570791085293
61,9,0.95,0.9984590421363554
62,0,0.05,0.9954059812835923
62,0,0.10,0.994950758652637
62,0,0.15,0.9965143074801224
62,0,0.20,0.9973215830111909
62,0,0.25,0.9964041779784999
62,0,0.30,0.9962316810905328
62,0,0.35,0.9980217426491106
62,0,0.40,0.9977235994764139
62,0,0.45,0.9983632745664086
62,0,0.50,0.9977088194098362
62,0,0.55,0.9979676968129285
62,0,0.60,0.9984105748827184
62,0,0.65,0.998138022315261
62,0,0.70,0.9986341603190363
62,0,0.75,0.9977914421611283
62,0,0.80,0.9983832470691428
62,0,0.85,0.998473147682837
62,0,0.90,0.9984323812688373
62,0,0.95,0.9985383221818828
62,1,0.05,0.9900875261551623
62,1,0.10,0.9956424844253141
62,1,0.15,0.9966269350189834
62,1,0.20,0.9962193225092764
62,1,0.25,0.9971048659905186
62,1,0.30,0.9976094287387172
62,1,0.35,0.9980178024520829
62,1,0.40,0.9981303964644939
62,1,0.45,0.9976642101689301
62,1,0.50,0.998337322723836
62,1,0.55,0.9980398485239047
62,1,0.60,0.997950479777236
62,1,0.65,0.9982798433166712
62,1,0.70,0.9979989998709312
62,1,0.75,0.9981471455192599
62,1,0.80,0.9983233779389792
62,1,0.85,0.9984347590462869
62,1,0.90,0.9982936166972232
62,1,0.95,0.9987326448202519
62,2,0.05,0.9949179421987517
62,2,0.10,0.994356702174627
62,2,0.15,0.9959540523070219
62,2,0.20,0.9979224227752168
62,2,0.25,0.9979503812113905
62,2,0.30,0.9977841025678319
62,2,0.35,0.9974662515233585
62,2,0.40,0.9981495515673305
62,2,0.45,0.9977888291602144
62,2,0.50,0.9972504395607819
62,2,0.55,0.998150733772989
62,2,0.60,0.998120332693853
62,2,0.65,0.9981295583444892
62,2,0.70,0.9981712814356996
62,2,0.75,0.9985762817894194
62,2,0.80,0.9984226669116131
62,2,0.85,0.9982908027338037
62,2,0.90,0.9985352965594821
62,2,0.95,0.9980536497767364
62,3,0.05,0.9859926903537454
62,3,0.10,0.9920649537884103
62,3,0.15,0.9966203562678637
62,3,0.20,0.9970283691741713
62,3,0.25,0.9968678134391789
62,3,0.30,0.99710029615607
62,3,0.35,0.9978793594413043
62,3,0.40,0.9981330272397495
62,3,0.45,0.9975357530996686
62,3,0.50,0.9979824351495156
62,3,0.55,0.9978605091512612
62,3,0.60,0.9981261258328986
62,3,0.65,0.9979193566567196
62,3,0.70,0.9982714258280373
62,3,0.75,0.9984608446721418
62,3,0.80,0.9976300301537108
62,3,0.85,0.998563483546669
62,3,0.90,0.9985642938505339
62,3,0.95,0.9983795321234398
62,4,0.05,0.9920176791695721
62,4,0.10,0.9954382980976233
62,4,0.15,0.9963921226246181
62,4,0.20,0.9962950161878756
62,4,0.25,0.9973177189109237
62,4,0.30,0.9972245957625648
62,4,0.35,0.9975426861959773
62,4,0.40,0.9982642115347312
62,4,0.45,0.997161200172715
62,4,0.50,0.9979192727612461
62,4,0.55,0.9978386469131327
62,4,0.60,0.9983658837378652
62,4,0.65,0.9980254568145303
62,4,0.70,0.997978159166109
62,4,0.75,0.9982879716913432
62,4,0.80,0.9986539817166932
62,4,0.85,0.9982676207579234
62,4,0.90,0.9982990607920925
62,4,0.95,0.9986829614206613
62,5,0.05,0.9919666542542105
62,5,0.10,0.9960216503996514
62,5,0.15,0.9966552820930747
62,5,0.20,0.9951319437984466
62,5,0.25,0.997394519460982
62,5,0.30,0.9981824281465784
62,5,0.35,0.9978718461747655
62,5,0.40,0.997450809943645
62,5,0.45,0.9981911513078947
62,5,0.50,0.9982920979158787
62,5,0.55,0.9976897761688409
62,5,0.60,0.9979439442170828
62,5,0.65,0.9980148474031029
62,5,0.70,0.9979407978113228
62,5,0.75,0.9981289087686601
62,5,0.80,0.9987349520839983
62,5,0.85,0.998390387335274
62,5,0.90,0.998655550640606
62,5,0.95,0.9981899462078069
62,6,0.05,0.982672511553575
62,6,0.10,0.9932103837884452
62,6,0.15,0.9957409937191103
62,6,0.20,0.9973187956380007
62,6,0.25,0.9975843193046353
62,6,0.30,0.9974221643845345
62,6,0.35,0.9976910204468978
62,6,0.40,0.9977763890477035
62,6,0.45,0.9983096396736584
62,6,0.50,0.9977334134423962
62,6,0.55,0.997997070521829
62,6,0.60,0.9985932092414034
62,6,0.65,0.9984017583735972
62,6,0.70,0.9978326448157265
62,6,0.75,0.9982464666083942
62,6,0.80,0.9981601411719425
62,6,0.85,0.9985990944073643
62,6,0.90,0.9987709890069013
62,6,0.95,0.9985772001550595
62,7,0.05,0.991305744616425
62,7,0.10,0.9943672158550544
62,7,0.15,0.9961060567058136
62,7,0.20,0.996106912330213
62,7,0.25,0.998379355498848
62,7,0.30,0.9976728762880402
62,7,0.35,0.9979754248833101
62,7,0.40,0.998012292188004
62,7,0.45,0.998397329255941
62,7,0.50,0.9982878872753292
62,7,0.55,0.9978347931520788
62,7,0.60,0.9981624675237951
62,7,0.65,0.9983968096589778
62,7,0.70,0.997622362086022
62,7,0.75,0.9983245690493566
62,7,0.80,0.9984608031844604
62,7,0.85,0.9985983425938547
62,7,0.90,0.9985161820412479
62,7,0.95,0.9984886071413956
62,8,0.05,0.9920955651139738
62,8,0.10,0.9929947194665117
62,8,0.15,0.9975960246814611
62,8,0.20,0.9964808993887581
62,8,0.25,0.9969564857076774
62,8,0.30,0.9974900057911572
62,8,0.35,0.9977776423658643
62,8,0.40,0.9979127840687587
62,8,0.45,0.9980303683434634
62,8,0.50,0.9980027338068604
62,8,0.55,0.9983085861895761
62,8,0.60,0.9984480632295879
62,8,0.65,0.9982934467977387
62,8,0.70,0.9979157118404856
62,8,0.75,0.998174363403415
62,8,0.80,0.9983447439720955
62,8,0.85,0.9982506031485199
62,8,0.90,0.9986555474542821
62,8,0.95,0.9986745360930546
62,9,0.05,0.9924286466138544
62,9,0.10,0.9959074667104844
62,9,0.15,0.9965756165715315
62,9,0.20,0.9973543983003279
62,9,0.25,0.9966756194016414
62,9,0.30,0.9979846974866411
62,9,0.35,0.9980877322360046
62,9,0.40,0.9982821137253488
62,9,0.45,0.9982411761122975
62,9,0.50,0.9978235774748375
62,9,0.55,0.9979861622418913
62,9,0.60,0.9981021591390957
62,9,0.65,0.9982576732183378
62,9,0.70,0.9982720406501744
62,9,0.75,0.9983312500172793
62,9,0.80,0.9986705402830709
62,9,0.85,0.9987058022546211
62,9,0.90,0.9985610400558473
62,9,0.95,0.9982595246194937
63,0,0.05,0.9910269803998533
63,0,0.10,0.9933984898821944
63,0,0.15,0.9965570137712992
63,0,0.20,0.9976980533964859
63,0,0.25,0.9978550272385388
63,0,0.30,0.9977228815642699
63,0,0.35,0.9982703172145332
63,0,0.40,0.9980843229907612
63,0,0.45,0.9975338136068358
63,0,0.50,0.9983880928993046
63,0,0.55,0.9984841839601818
63,0,0.60,0.9979753031968684
63,0,0.65,0.9983932233562273
63,0,0.70,0.9982543151630386
63,0,0.75,0.998494647837484
63,0,0.80,0.9982540952033068
63,0,0.85,0.9982790157792574
63,0,0.90,0.9985914304496224
63,0,0.95,0.9982191134346918
63,1,0.05,0.991544033734168
63,1,0.10,0.9924265560630463
63,1,0.15,0.9964001231700811
63,1,0.20,0.9974395069965
63,1,0.25,0.997761772960441
63,1,0.30,0.9981455624495378
63,1,0.35,0.9985576618095738
63,1,0.40,0.9978750472917459
63,1,0.45,0.9975705083128943
63,1,0.50,0.9984634939983459
63,1,0.55,0.9982525859093337
63,1,0.60,0.9979393534384638
63,1,0.65,0.9983584730753592
63,1,0.70,0.9980459267060304
63,1,0.75,0.998382171677217
63,1,0.80,0.9981677996507354
63,1,0.85,0.9987355176718913
63,1,0.90,0.998367821955996
63,1,0.95,0.9984121860410115
63,2,0.05,0.9719207093477205
63,2,0.10,0.9960371586383142
63,2,0.15,0.9963779391681313
63,2,0.20,0.997276522674407
63,2,0.25,0.997853803761942
63,2,0.30,0.998308436945037
63,2,0.35,0.9975369268782935
63,2,0.40,0.9986220811424682
63,2,0.45,0.9978675303143089
63,2,0.50,0.9983174104468018
63,2,0.55,0.9982007840253112
63,2,0.60,0.9983505001891294
63,2,0.65,0.9983515892906644
63,2,0.70,0.9980370988705515
63,2,0.75,0.9979933581227644
63,2,0.80,0.9982415230003885
63,2,0.85,0.9985125948606636
63,2,0.90,0.9985172525015307
63,2,0.95,0.9986443412502822
63,3,0.05,0.9754451032664242
63,3,0.10,0.99580762087939
63,3,0.15,0.9955399561787351
63,3,0.20,0.995825052444229
63,3,0.25,0.9973359268316602
63,3,0.30,0.9976828463796261
63,3,0.35,0.9982381558239765
63,3,0.40,0.9970169846944857
63,3,0.45,0.9976916669963971
63,3,0.50,0.997818630546438
63,3,0.55,0.9976439868914608
63,3,0.60,0.9980989584867287
63,3,0.65,0.9981340141379215
63,3,0.70,0.9983806131823026
63,3,0.75,0.9982212182477017
63,3,0.80,0.9983405060137004
63,3,0.85,0.998472423610673
63,3,0.90,0.9984833982770399
63,3,0.95,0.9984348785332224
63,4,0.05,0.9867259148759835
63,4,0.10,0.997048044267019
63,4,0.15,0.9966579392455299
63,4,0.20,0.9965466169319886
63,4,0.25,0.9968338123467756
63,4,0.30,0.9973270584601616
63,4,0.35,0.9975768162109081
63,4,0.40,0.9972440687929713
63,4,0.45,0.9977026329283767
63,4,0.50,0.9982397966063361
63,4,0.55,0.9976255905635051
63,4,0.60,0.9980654137223072
63,4,0.65,0.998130650501518
63,4,0.70,0.9986673898674564
63,4,0.75,0.9984341656346741
63,4,0.80,0.9983305071320648
63,4,0.85,0.9987795073498081
63,4,0.90,0.998634156830793
63,4,0.95,0.998667000569691
63,5,0.05,0.9522652693764592
63,5,0.10,0.9940754344284743
63,5,0.15,0.9975714465335636
63,5,0.20,0.9966842925930803
63,5,0.25,0.9972117430854096
63,5,0.30,0.9978612357023995
63,5,0.35,0.9974207559592735
63,5,0.40,0.9975078809062581
63,5,0.45,0.9980921587191398
63,5,0.50,0.9983595171156752
63,5,0.55,0.9982712720313929
63,5,0.60,0.9976245270876714
63,5,0.65,0.9983041070361415
63,5,0.70,0.998257678961297
63,5,0.75,0.9987547299139274
63,5,0.80,0.9983905725343969
63,5,0.85,0.9986794958236921
63,5,0.90,0.9982634229702487
63,5,0.95,0.9981062066982914
63,6,0.05,0.9912564459763046
63,6,0.10,0.994437684012512
63,6,0.15,0.9970358041678246
63,6,0.20,0.9969737212743658
63,6,0.25,0.9973104603984366
63,6,0.30,0.9973829292899488
63,6,0.35,0.9982644420565043
63,6,0.40,0.9974591998429494
63,6,0.45,0.9978726596337801
63,6,0.50,0.9982051892367467
63,6,0.55,0.9980507810525251
63,6,0.60,0.9982742788850042
63,6,0.65,0.9983462648024554
63,6,0.70,0.998399712632985
63,6,0.75,0.9978259422269982
63,6,0.80,0.9984802607079402
63,6,0.85,0.99819613843699
63,6,0.90,0.9982666302536786
63,6,0.95,0.9985536067610408
63,7,0.05,0.9841478897758739
63,7,0.10,0.9958872669616854
63,7,0.15,0.9961645118011333
63,7,0.20,0.9977454814306959
63,7,0.25,0.9970517960118028
63,7,0.30,0.9979626633802356
63,7,0.35,0.9974234592294146
63,7,0.40,0.9980368901763391
63,7,0.45,0.9980804198541559
63,7,0.50,0.9979944173007901
63,7,0.55,0.9979889933896233
63,7,0.60,0.9983728085334846
63,7,0.65,0.9983393655840194
63,7,0.70,0.9976969414359294
63,7,0.75,0.9978132459448563
63,7,0.80,0.9981414651712963
63,7,0.85,0.9982998417353498
63,7,0.90,0.9985322659786133
63,7,0.95,0.9985707124890106
63,8,0.05,0.990829171251366
63,8,0.10,0.995092579731075
63,8,0.15,0.9955181542111129
63,8,0.20,0.9964969531106285
63,8,0.25,0.9966153192169083
63,8,0.30,0.9976586637113553
63,8,0.35,0.998470770807926
63,8,0.40,0.9977428434350528
63,8,0.45,0.9979865092075793
63,8,0.50,0.9980908494335327
63,8,0.55,0.9984529628350076
63,8,0.60,0.9980858304357656
63,8,0.65,0.9983226385082619
63,8,0.70,0.9981221050354367
63,8,0.75,0.9977210222937877
63,8,0.80,0.9982546504692431
63,8,0.85,0.9985286381574611
63,8,0.90,0.9983300629779382
63,8,0.95,0.9986436437009809
63,9,0.05,0.9844411564813639
63,9,0.10,0.9950825184202705
63,9,0.15,0.9966003633151217
63,9,0.20,0.9973323391617238
63,9,0.25,0.996835710455127
63,9,0.30,0.9977362979244929
63,9,0.35,0.9977312075491868
63,9,0.40,0.9981086584329074
63,9,0.45,0.9977481900375114
63,9,0.50,0.9985212929553843
63,9,0.55,0.9985475314239881
63,9,0.60,0.997960427723885
63,9,0.65,0.9985519730882086
63,9,0.70,0.9981726273396423
63,9,0.75,0.9982985023823557
63,9,0.80,0.9985392789544301
63,9,0.85,0.9986429711019444
63,9,0.90,0.9982682378271261
63,9,0.95,0.9985813044781188
64,0,0.05,0.978479233133231
64,0,0.10,0.9957900081051556
64,0,0.15,0.9958264620876719
64,0,0.20,0.9964179975086432
64,0,0.25,0.9966085971508529
64,0,0.30,0.9975586240874259
64,0,0.35,0.9981736322654721
64,0,0.40,0.9979197679088825
64,0,0.45,0.9979636066134865
64,0,0.50,0.9983973929936631
64,0,0.55,0.9980716861570047
64,0,0.60,0.9988175725946086
64,0,0.65,0.9985637561525943
64,0,0.70,0.9984738774067725
64,0,0.75,0.9985987204852199
64,0,0.80,0.9984297425692603
64,0,0.85,0.9985221380601014
64,0,0.90,0.9984827823236001
64,0,0.95,0.9985336371164301
64,1,0.05,0.9901791870960562
64,1,0.10,0.9955796574936915
64,1,0.15,0.9966515880188435
64,1,0.20,0.9977242988177945
64,1,0.25,0.9979135801416181
64,1,0.30,0.9982408510606102
64,1,0.35,0.9979993386405172
64,1,0.40,0.9978722198897917
64,1,0.45,0.9979215909744669
64,1,0.50,0.9987017241291807
64,1,0.55,0.9978131762176233
64,1,0.60,0.9979603786896082
64,1,0.65,0.998561988919532
64,1,0.70,0.9984236976234112
64,1,0.75,0.9982499393603197
64,1,0.80,0.9983802188359968
64,1,0.85,0.9985501807509045
64,1,0.90,0.9984989614625622
64,1,0.95,0.9980922725931535
64,2,0.05,0.9928026157965059
64,2,0.10,0.9938348646035003
64,2,0.15,0.9946320168767611
64,2,0.20,0.996879691259185
64,2,0.25,0.9977340574037724
64,2,0.30,0.9971847553751634
64,2,0.35,0.9985372161199272
64,2,0.40,0.9984707154286385
64,2,0.45,0.998460731754198
64,2,0.50,0.9977238614939619
64,2,0.55,0.9983498006924724
64,2,0.60,0.9983168568639816
64,2,0.65,0.9980170373173313
64,2,0.70,0.9983194528953798
64,2,0.75,0.9982671398275293
64,2,0.80,0.9984662962834909
64,2,0.85,0.9985444402340999
64,2,0.90,0.9985814106064886
64,2,0.95,0.9984066074128919
64,3,0.05,0.9782263350500531
64,3,0.10,0.9975330476473355
64,3,0.15,0.9977907818884166
64,3,0.20,0.9969389154834775
64,3,0.25,0.9979396859275382
64,3,0.30,0.9973120041669229
64,3,0.35,0.9977317163794687
64,3,0.40,0.9986921138883242
64,3,0.45,0.9979850126716965
64,3,0.50,0.9984427528471038
64,3,0.55,0.9987509735689696
64,3,0.60,0.9980276732159846
64,3,0.65,0.99866019015757
64,3,0.70,0.9986253237445248
64,3,0.75,0.9985594382922853
64,3,0.80,0.9984620460871994
64,3,0.85,0.9986694791902149
64,3,0.90,0.9986407907824112
64,3,0.95,0.9984492456075714
64,4,0.05,0.9869813158529298
64,4,0.10,0.9942850840606139
64,4,0.15,0.9980733069238203
64,4,0.20,0.9973044469376859
64,4,0.25,0.9971328091628308
64,4,0.30,0.9982366459597468
64,4,0.35,0.9981159370372686
64,4,0.40,0.9984679402360371
64,4,0.45,0.9982415729289391
64,4,0.50,0.9985687988605418
64,4,0.55,0.998186992866491
64,4,0.60,0.9985107318060684
64,4,0.65,0.9986064996193164
64,4,0.70,0.9982982611688999
64,4,0.75,0.9981662956615586
64,4,0.80,0.9984036869537685
64,4,0.85,0.9985883066371322
64,4,0.90,0.998306226284567
64,4,0.95,0.9985352311138991
64,5,0.05,0.9870766344251128
64,5,0.10,0.9960298901524846
64,5,0.15,0.9959931733165973
64,5,0.20,0.998096069369514
64,5,0.25,0.9973256086137869
64,5,0.30,0.9980190350576699
64,5,0.35,0.9979629449014321
64,5,0.40,0.9980249412795711
64,5,0.45,0.9974233384102066
64,5,0.50,0.9981134021675682
64,5,0.55,0.9983503031762937
64,5,0.60,0.998511699155474
64,5,0.65,0.9985003319348752
64,5,0.70,0.9984992673008067
64,5,0.75,0.9981746021485726
64,5,0.80,0.9983646785482124
64,5,0.85,0.9986398560807869
64,5,0.90,0.9986296053600991
64,5,0.95,0.9984915712153745
64,6,0.05,0.9968234883593409
64,6,0.10,0.9968456113581631
64,6,0.15,0.9971235713805364
64,6,0.20,0.9978691453826178
64,6,0.25,0.9968351888588283
64,6,0.30,0.9973154802162205
64,6,0.35,0.9981431663020928
64,6,0.40,0.9978345602564769
64,6,0.45,0.9978922914890869
64,6,0.50,0.9983928804164448
64,6,0.55,0.9982628632856565
64,6,0.60,0.9984702160336182
64,6,0.65,0.9985632404655074
64,6,0.70,0.998466095035211
64,6,0.75,0.9985122771331246
64,6,0.80,0.9987051105493989
64,6,0.85,0.9984464422114615
64,6,0.90,0.998508873344893
64,6,0.95,0.998673392685669
64,7,0.05,0.992655651753116
64,7,0.10,0.9951034482996991
64,7,0.15,0.9966260857250351
64,7,0.20,0.9977806928611472
64,7,0.25,0.9979017507886337
64,7,0.30,0.9978100588128723
64,7,0.35,0.9976985334049785
64,7,0.40,0.9983855733340175
64,7,0.45,0.9981631550093767
64,7,0.50,0.9983143282601492
64,7,0.55,0.9985923502105343
64,7,0.60,0.9979932402970328
64,7,0.65,0.9985450478671902
64,7,0.70,0.9985669197132815
64,7,0.75,0.9981819755651365
64,7,0.80,0.9984468100154447
64,7,0.85,0.9981288602846141
64,7,0.90,0.9986223351624259
64,7,0.95,0.998509755921927
64,8,0.05,0.9947944643181339
64,8,0.10,0.9914937770474602
64,8,0.15,0.9972953592412707
64,8,0.20,0.9964820321578739
64,8,0.25,0.9980649576060632
64,8,0.30,0.997767632182626
64,8,0.35,0.9978196853212455
64,8,0.40,0.9978007200306366
64,8,0.45,0.9976098199643255
64,8,0.50,0.9985436909684839
64,8,0.55,0.9985906880086887
64,8,0.60,0.9986221254677253
64,8,0.65,0.9984334082991422
64,8,0.70,0.9985738423868495
64,8,0.75,0.9978769856059563
64,8,0.80,0.9985879294512706
64,8,0.85,0.9983123140248575
64,8,0.90,0.9986186121602892
64,8,0.95,0.9977503701361453
64,9,0.05,0.9895584716274496
64,9,0.10,0.9960501872000397
64,9,0.15,0.9971322340984747
64,9,0.20,0.997152140225957
64,9,0.25,0.9979494849228133
64,9,0.30,0.9978525580670127
64,9,0.35,0.99749213142251
64,9,0.40,0.998483732133574
64,9,0.45,0.9983846078412051
64,9,0.50,0.9980325358173868
64,9,0.55,0.99858309689129
64,9,0.60,0.9986087068110016
64,9,0.65,0.9984901540913926
64,9,0.70,0.998362364147772
64,9,0.75,0.998200011558575
64,9,0.80,0.9986070212461697
64,9,0.85,0.9982136954160233
64,9,0.90,0.9982561153228126
64,9,0.95,0.9985224467883639
65,0,0.05,0.989041370432926
65,0,0.10,0.9935095615158767
65,0,0.15,0.998208851862162
65,0,0.20,0.9980553142369516
65,0,0.25,0.9978656920121032
65,0,0.30,0.9983348501416625
65,0,0.35,0.998179924509867
65,0,0.40,0.9973844809532495
65,0,0.45,0.9975447494013819
65,0,0.50,0.9978514118655872
65,0,0.55,0.9985194673048663
65,0,0.60,0.9981950730348543
65,0,0.65,0.998723514667353
65,0,0.70,0.9987343332493216
65,0,0.75,0.998648370932004
65,0,0.80,0.9982238974987004
65,0,0.85,0.9986104973449594
65,0,0.90,0.9985782913232742
65,0,0.95,0.9984543746227014
65,1,0.05,0.9900842894414471
65,1,0.10,0.9966600889237837
65,1,0.15,0.9956884947326443
65,1,0.20,0.9967254664473361
65,1,0.25,0.9982835476040727
65,1,0.30,0.9976668611721888
65,1,0.35,0.9985252076746047
65,1,0.40,0.9984306094712154
65,1,0.45,0.9981596068475351
65,1,0.50,0.9976133989383891
65,1,0.55,0.9986455409596681
65,1,0.60,0.998611301571481
65,1,0.65,0.9986792255797288
65,1,0.70,0.9981311179882648
65,1,0.75,0.9982600762728835
65,1,0.80,0.9985400028969806
65,1,0.85,0.9989067587234927
65,1,0.90,0.998612486104614
65,1,0.95,0.9985555071630915
65,2,0.05,0.9926972364495533
65,2,0.10,0.9973509959174464
65,2,0.15,0.9960073199763442
65,2,0.20,0.9982790876858375
65,2,0.25,0.9973166436024606
65,2,0.30,0.9979044798185894
65,2,0.35,0.998217472699503
65,2,0.40,0.998213091864019
65,2,0.45,0.998596518200983
65,2,0.50,0.9984872165581029
65,2,0.55,0.9985637836031925
65,2,0.60,0.9983561735428937
65,2,0.65,0.9986886818796586
65,2,0.70,0.9985211255024801
65,2,0.75,0.9981653990854676
65,2,0.80,0.9984060575005387
65,2,0.85,0.9982059971924971
65,2,0.90,0.9985157599158864
65,2,0.95,0.9985861283844041
65,3,0.05,0.9910305643942381
65,3,0.10,0.9945349425478903
65,3,0.15,0.997154714262446
65,3,0.20,0.997992795555381
65,3,0.25,0.997698754904862
65,3,0.30,0.9979931847901686
65,3,0.35,0.9984642421451672
65,3,0.40,0.9985568968896236
65,3,0.45,0.9983541988327534
65,3,0.50,0.9988131903518381
65,3,0.55,0.9987204792822034
65,3,0.60,0.9986464616340076
65,3,0.65,0.9983868595571816
65,3,0.70,0.9986570595765772
65,3,0.75,0.9983651789409479
65,3,0.80,0.9981724057091348
65,3,0.85,0.9985690124699529
65,3,0.90,0.9985795316288013
65,3,0.95,0.9985644314208553
65,4,0.05,0.9899797952899406
65,4,0.10,0.9959481462796542
65,4,0.15,0.9972451555718649
65,4,0.20,0.9972464806939136
65,4,0.25,0.9983065232937417
65,4,0.30,0.9959123228072879
65,4,0.35,0.9975456650418884
65,4,0.40,0.9984140942802419
65,4,0.45,0.9981522237255409
65,4,0.50,0.9985232862823286
65,4,0.55,0.9987609442918886
65,4,0.60,0.9982395770137792
65,4,0.65,0.9987103589595627
65,4,0.70,0.9986279896896912
65,4,0.75,0.998297592596918
65,4,0.80,0.9986406838756261
65,4,0.85,0.9981092495953332
65,4,0.90,0.9984640954064942
65,4,0.95,0.9983414246230696
65,5,0.05,0.9896052632299431
65,5,0.10,0.9936947948534097
65,5,0.15,0.996321386185459
65,5,0.20,0.9974842003692688
65,5,0.25,0.9982689636787125
65,5,0.30,0.9974737480275522
65,5,0.35,0.9982699922720576
65,5,0.40,0.9982891344897281
65,5,0.45,0.998392803106307
65,5,0.50,0.9986998236223542
65,5,0.55,0.9984397019349721
65,5,0.60,0.9982167262614673
65,5,0.65,0.9982430991957469
65,5,0.70,0.9985386696543453
65,5,0.75,0.9985854688399244
65,5,0.80,0.9984086011536506
65,5,0.85,0.998547391898624
65,5,0.90,0.9986670764925513
65,5,0.95,0.9987795796380418
65,6,0.05,0.9927826165143986
65,6,0.10,0.9946306893801687
65,6,0.15,0.9962870690843791
65,6,0.20,0.9981356716966678
65,6,0.25,0.9978351725612837
65,6,0.30,0.9978578831075282
65,6,0.35,0.9980055404829201
65,6,0.40,0.9985407645283343
65,6,0.45,0.9983745511611795
65,6,0.50,0.9986945198787536
65,6,0.55,0.9980723093808833
65,6,0.60,0.9984006045393768
65,6,0.65,0.9978374091280311
65,6,0.70,0.9981747093512107
65,6,0.75,0.998449401163885
65,6,0.80,0.9985209703113302
65,6,0.85,0.9984871000703133
65,6,0.90,0.9987544567208636
65,6,0.95,0.9985153869269648
65,7,0.05,0.9824653376659552
65,7,0.10,0.9970185584872677
65,7,0.15,0.9967614468792149
65,7,0.20,0.9974169286600563
65,7,0.25,0.99790765536031
65,7,0.30,0.9976182516218962
65,7,0.35,0.997949417578428
65,7,0.40,0.99865559993956
65,7,0.45,0.998570612224469
65,7,0.50,0.9984907872253432
65,7,0.55,0.9983180350999273
65,7,0.60,0.9986572685221772
65,7,0.65,0.9984777925463021
65,7,0.70,0.9984616174981035
65,7,0.75,0.998519778226027
65,7,0.80,0.9984397330485822
65,7,0.85,0.998339786847865
65,7,0.90,0.9986174541853508
65,7,0.95,0.9982998828972844
65,8,0.05,0.985306479525813
65,8,0.10,0.9959045787817347
65,8,0.15,0.997606499069057
65,8,0.20,0.997717804212752
65,8,0.25,0.997703026377448
65,8,0.30,0.9978732547311455
65,8,0.35,0.9984107790800159
65,8,0.40,0.9981421662497385
65,8,0.45,0.9982788456191342
65,8,0.50,0.9982426183572096
65,8,0.55,0.9979967449443726
65,8,0.60,0.9982330078743702
65,8,0.65,0.9986721905190956
65,8,0.70,0.9981983211936424
65,8,0.75,0.998567803858805
65,8,0.80,0.9979559191325889
65,8,0.85,0.9981215044134011
65,8,0.90,0.9983784228981316
65,8,0.95,0.998071147834947
65,9,0.05,0.9916960309972955
65,9,0.10,0.9951797756655362
65,9,0.15,0.9969412505854278
65,9,0.20,0.9978570382480504
65,9,0.25,0.9983962544663619
65,9,0.30,0.997562451259564
65,9,0.35,0.9980533019621828
65,9,0.40,0.9978872989977609
65,9,0.45,0.9986542853494265
65,9,0.50,0.9979616054628164
65,9,0.55,0.9983587966678875
65,9,0.60,0.9985579531846716
65,9,0.65,0.9986519512500958
65,9,0.70,0.998301243458911
65,9,0.75,0.998353743746989
65,9,0.80,0.9985440575127388
65,9,0.85,0.9982413939587352
65,9,0.90,0.9987402099878804
65,9,0.95,0.9983623241145735
66,0,0.05,0.9879790357810909
66,0,0.10,0.9935259615201606
66,0,0.15,0.9957079924429385
66,0,0.20,0.9978344381833957
66,0,0.25,0.9972887242641942
66,0,0.30,0.9983673663498166
66,0,0.35,0.9975700304075117
66,0,0.40,0.9968480638453603
66,0,0.45,0.998160524576982
66,0,0.50,0.9982974409309967
66,0,0.55,0.9981285922767272
66,0,0.60,0.9980950385759624
66,0,0.65,0.9982732887631852
66,0,0.70,0.9982226540289705
66,0,0.75,0.998628847863011
66,0,0.80,0.9985038479419365
66,0,0.85,0.9981426903711624
66,0,0.90,0.9985916012359151
66,0,0.95,0.9984571640879071
66,1,0.05,0.987807673684522
66,1,0.10,0.9958522134524268
66,1,0.15,0.9965126160250161
66,1,0.20,0.9972700271945958
66,1,0.25,0.99832179878334
66,1,0.30,0.997728847948477
66,1,0.35,0.9974617163889926
66,1,0.40,0.9976461569447407
66,1,0.45,0.9981948871221278
66,1,0.50,0.9981857558226616
66,1,0.55,0.9981275189329197
66,1,0.60,0.9983049985481455
66,1,0.65,0.9981928726832157
66,1,0.70,0.9981775959759762
66,1,0.75,0.9982777334275608
66,1,0.80,0.99835419908032
66,1,0.85,0.9983601166248893
66,1,0.90,0.9984656901257004
66,1,0.95,0.9987858930766845
66,2,0.05,0.9795818642550052
66,2,0.10,0.9953895116624968
66,2,0.15,0.9974441784619329
66,2,0.20,0.9978769636268152
66,2,0.25,0.9968791204529254
66,2,0.30,0.9981669078149453
66,2,0.35,0.9975976348809861
66,2,0.40,0.9980130872686657
66,2,0.45,0.9979311045495085
66,2,0.50,0.9979769762544904
66,2,0.55,0.9984782223847435
66,2,0.60,0.9980567830192931
66,2,0.65,0.9985788812678317
66,2,0.70,0.9984185655456277
66,2,0.75,0.9985633928331142
66,2,0.80,0.9982032625424122
66,2,0.85,0.9984589566469787
66,2,0.90,0.9985859952598587
66,2,0.95,0.9985061146633056
66,3,0.05,0.982672492656748
66,3,0.10,0.9943038766690661
66,3,0.15,0.9966739149962254
66,3,0.20,0.9977368888499876
66,3,0.25,0.9974539607404609
66,3,0.30,0.9974887933992778
66,3,0.35,0.996665352157705
66,3,0.40,0.9978602045763323
66,3,0.45,0.9981518150884602
66,3,0.50,0.9979010174021598
66,3,0.55,0.998531174944841
66,3,0.60,0.9984626967511467
66,3,0.65,0.9983990450693743
66,3,0.70,0.9984135639667987
66,3,0.75,0.9985721463675475
66,3,0.80,0.9984810054586002
66,3,0.85,0.9984687786672084
66,3,0.90,0.99859189371731
66,3,0.95,0.9986306595899472
66,4,0.05,0.9846526648648637
66,4,0.10,0.9944180747176303
66,4,0.15,0.9968082445546963
66,4,0.20,0.9975427229565197
66,4,0.25,0.9977999701540263
66,4,0.30,0.998146228137171
66,4,0.35,0.9979118530786202
66,4,0.40,0.9983328739081203
66,4,0.45,0.998007414934927
66,4,0.50,0.9982120796748724
66,4,0.55,0.9985389906344083
66,4,0.60,0.9979031089478508
66,4,0.65,0.9980966546472743
66,4,0.70,0.9984343390139958
66,4,0.75,0.9984789527556156
66,4,0.80,0.9981009657458192
66,4,0.85,0.998422394823684
66,4,0.90,0.9983939757000487
66,4,0.95,0.9985802900376761
66,5,0.05,0.9761822611688646
66,5,0.10,0.9955890866180866
66,5,0.15,0.9975614918736257
66,5,0.20,0.9979101977375703
66,5,0.25,0.9980712799909065
66,5,0.30,0.9977324485626111
66,5,0.35,0.9981169313160173
66,5,0.40,0.9974989241059938
66,5,0.45,0.9981997014742369
66,5,0.50,0.9982642197620324
66,5,0.55,0.9980854233523823
66,5,0.60,0.9982199191736091
66,5,0.65,0.9981651753921869
66,5,0.70,0.9985902585379584
66,5,0.75,0.9982022595700039
66,5,0.80,0.9984044636779615
66,5,0.85,0.9983700089401509
66,5,0.90,0.9985063640478476
66,5,0.95,0.9985070508252499
66,6,0.05,0.9842979803180434
66,6,0.10,0.9959772792222021
66,6,0.15,0.997178622482998
66,6,0.20,0.9964662049886874
66,6,0.25,0.9982159168434304
66,6,0.30,0.9974893314750221
66,6,0.35,0.9976936362108222
66,6,0.40,0.9979932401087628
66,6,0.45,0.9977416536079904
66,6,0.50,0.9978784831488188
66,6,0.55,0.9981998063877863
66,6,0.60,0.9981055278204584
66,6,0.65,0.9981763768264424
66,6,0.70,0.998273417637674
66,6,0.75,0.9984278672723752
66,6,0.80,0.9985613489648034
66,6,0.85,0.9983081253910163
66,6,0.90,0.998159193525729
66,6,0.95,0.9984098778893072
66,7,0.05,0.9935929462760578
66,7,0.10,0.9945593253557857
66,7,0.15,0.9977744163790473
66,7,0.20,0.9971597806917039
66,7,0.25,0.9975396221618564
66,7,0.30,0.9973102326532945
66,7,0.35,0.9974936586723968
66,7,0.40,0.9976186329934466
66,7,0.45,0.9979108109489114
66,7,0.50,0.9974726173063412
66,7,0.55,0.9982476309104182
66,7,0.60,0.9980989270232875
66,7,0.65,0.9978101412225822
66,7,0.70,0.998507445170184
66,7,0.75,0.9982613596814629
66,7,0.80,0.998579234782565
66,7,0.85,0.9984246406079916
66,7,0.90,0.9986669719500784
66,7,0.95,0.998386457904626
66,8,0.05,0.9776246357477787
66,8,0.10,0.9953828309590675
66,8,0.15,0.996785583528325
66,8,0.20,0.9967203127072902
66,8,0.25,0.9978460830874182
66,8,0.30,0.9979298026787329
66,8,0.35,0.998083441668442
66,8,0.40,0.9983451496532828
66,8,0.45,0.997781121852664
66,8,0.50,0.9980871382571271
66,8,0.55,0.9980968362157416
66,8,0.60,0.9985832079531105
66,8,0.65,0.9984957242105321
66,8,0.70,0.998123756267251
66,8,0.75,0.9981636310205406
66,8,0.80,0.9984659568603635
66,8,0.85,0.9982727305871083
66,8,0.90,0.9983379302087779
66,8,0.95,0.9984064654225512
66,9,0.05,0.9777067282663069
66,9,0.10,0.9940606655943077
66,9,0.15,0.9965840434411891
66,9,0.20,0.9974913073176662
66,9,0.25,0.9976515171689561
66,9,0.30,0.9977674238468579
66,9,0.35,0.9975431957213922
66,9,0.40,0.9976996842777295
66,9,0.45,0.9981364664124417
66,9,0.50,0.9983447095790926
66,9,0.55,0.9985540348072756
66,9,0.60,0.9983011987091531
66,9,0.65,0.9979939057433912
66,9,0.70,0.9984072324096666
66,9,0.75,0.9981763429587047
66,9,0.80,0.9983084182563904
66,9,0.85,0.998410025515206
66,9,0.90,0.9984131759651186
66,9,0.95,0.9983635274246219
67,0,0.05,0.9861102590216454
67,0,0.10,0.9958380396576898
67,0,0.15,0.9969841456849854
67,0,0.20,0.9967964495603727
67,0,0.25,0.9977656316171929
67,0,0.30,0.9976461277668983
67,0,0.35,0.9974370691926232
67,0,0.40,0.9975475226814218
67,0,0.45,0.9983713025850173
67,0,0.50,0.9983591793453169
67,0,0.55,0.9984797484824561
67,0,0.60,0.9983391162502842
67,0,0.65,0.9984288100132307
67,0,0.70,0.9983578910720826
67,0,0.75,0.998047745251918
67,0,0.80,0.9984762845337647
67,0,0.85,0.9986950757904317
67,0,0.90,0.9985489875977603
67,0,0.95,0.9983737669681212
67,1,0.05,0.9790774342219624
67,1,0.10,0.9961060313722853
67,1,0.15,0.9967162570148856
67,1,0.20,0.9974344677536109
67,1,0.25,0.9979099973741228
67,1,0.30,0.9983190024581049
67,1,0.35,0.9981042213034591
67,1,0.40,0.9981530735462033
67,1,0.45,0.9980451365034751
67,1,0.50,0.9980673755378865
67,1,0.55,0.9985620889044701
67,1,0.60,0.9984994570356884
67,1,0.65,0.9986315367740731
67,1,0.70,0.9983566691631939
67,1,0.75,0.9983967783857077
67,1,0.80,0.9985114609953538
67,1,0.85,0.9983935633438883
67,1,0.90,0.9983569888569882
67,1,0.95,0.9986117053305429
67,2,0.05,0.9906226855228428
67,2,0.10,0.9947305868944272
67,2,0.15,0.9971989791115491
67,2,0.20,0.9978246623370353
67,2,0.25,0.9975499038640266
67,2,0.30,0.9971710679294576
67,2,0.35,0.9982928716462067
67,2,0.40,0.9983062214020492
67,2,0.45,0.998573059548807
67,2,0.50,0.9984425879676275
67,2,0.55,0.998407027956188
67,2,0.60,0.9981922831557561
67,2,0.65,0.9984384183507812
67,2,0.70,0.9983294929798542
67,2,0.75,0.9983010042711692
67,2,0.80,0.998457608148323
67,2,0.85,0.9984222056949642
67,2,0.90,0.9984378643190468
67,2,0.95,0.9985403270093467
67,3,0.05,0.985560912266941
67,3,0.10,0.9975656885960894
67,3,0.15,0.9972500172572504
67,3,0.20,0.9980934242682914
67,3,0.25,0.9981840099283829
67,3,0.30,0.9986185851595804
67,3,0.35,0.9986053973452796
67,3,0.40,0.9987416236413663
67,3,0.45,0.9987603770972757
67,3,0.50,0.9983979296832108
67,3,0.55,0.998554001133389
67,3,0.60,0.998579813384398
67,3,0.65,0.9983111017528015
67,3,0.70,0.998503928817877
67,3,0.75,0.9985027084257675
67,3,0.80,0.9982341359283393
67,3,0.85,0.9985921208395191
67,3,0.90,0.9984588585647249
67,3,0.95,0.9985350665130108
67,4,0.05,0.9949940953179137
67,4,0.10,0.9969537097585355
67,4,0.15,0.9976901244698575
67,4,0.20,0.9970790329731652
67,4,0.25,0.9971600590580559
67,4,0.30,0.9982303818796777
67,4,0.35,0.9985240497871067
67,4,0.40,0.9983050443739278
67,4,0.45,0.9984844121143193
67,4,0.50,0.998556597473515
67,4,0.55,0.9984028889302066
67,4,0.60,0.9984254054262445
67,4,0.65,0.9985475667435613
67,4,0.70,0.9987203282945395
67,4,0.75,0.9984856377331499
67,4,0.80,0.9985138732652169
67,4,0.85,0.998159992663745
67,4,0.90,0.9986083156452512
67,4,0.95,0.9985606561913252
67,5,0.05,0.983044103179798
67,5,0.10,0.9953671394671713
67,5,0.15,0.9955271525269597
67,5,0.20,0.9971598480558468
67,5,0.25,0.9982723792162087
67,5,0.30,0.9975091519045463
67,5,0.35,0.9985463741247963
67,5,0.40,0.998146701732158
67,5,0.45,0.99788878914586
67,5,0.50,0.9981625009711884
67,5,0.55,0.9981477875803938
67,5,0.60,0.9981790941668407
67,5,0.65,0.9980830251313108
67,5,0.70,0.9979854643063377
67,5,0.75,0.9984565184030801
67,5,0.80,0.9980210487483474
67,5,0.85,0.9985715390898495
67,5,0.90,0.99846729616146
67,5,0.95,0.9984727173196747
67,6,0.05,0.9858711092587049
67,6,0.10,0.9948592816127751
67,6,0.15,0.9966065057104124
67,6,0.20,0.9966686076111916
67,6,0.25,0.9974317840288428
67,6,0.30,0.9982484540173615
67,6,0.35,0.9980430822990451
67,6,0.40,0.9980679479458037
67,6,0.45,0.9980211511462453
67,6,0.50,0.9984043935669897
67,6,0.55,0.9986287339407154
67,6,0.60,0.9977920987312507
67,6,0.65,0.9985403167648788
67,6,0.70,0.9985498008212036
67,6,0.75,0.9985927848084566
67,6,0.80,0.9985479667830639
67,6,0.85,0.9985904526853158
67,6,0.90,0.9986242586480155
67,6,0.95,0.9984020691556218
67,7,0.05,0.9899291507950028
67,7,0.10,0.9931118893436424
67,7,0.15,0.9954541057466116
67,7,0.20,0.9968177728726398
67,7,0.25,0.9966140100074047
67,7,0.30,0.9981958022109506
67,7,0.35,0.9980167582953452
67,7,0.40,0.9979213243815667
67,7,0.45,0.9979580520491803
67,7,0.50,0.9979042069320492
67,7,0.55,0.9979009159168447
67,7,0.60,0.9984291291293077
67,7,0.65,0.9982267501663146
67,7,0.70,0.9982668657560019
67,7,0.75,0.9979972578023082
67,7,0.80,0.998759919429691
67,7,0.85,0.99862159862019
67,7,0.90,0.9983837289462045
67,7,0.95,0.9985387164806588
67,8,0.05,0.9895024641937324
67,8,0.10,0.9938320272347713
67,8,0.15,0.9968173701987677
67,8,0.20,0.997187690937885
67,8,0.25,0.9976791123354295
67,8,0.30,0.9980845123388651
67,8,0.35,0.9986975911046961
67,8,0.40,0.9984199605040462
67,8,0.45,0.9983042211076371
67,8,0.50,0.9982169338499616
67,8,0.55,0.9981472963209611
67,8,0.60,0.9985178991678918
67,8,0.65,0.9983508026318063
67,8,0.70,0.9984102568831433
67,8,0.75,0.9984489561987734
67,8,0.80,0.9983881707597608
67,8,0.85,0.9986124502245243
67,8,0.90,0.9985277455651318
67,8,0.95,0.9986542941522729
67,9,0.05,0.9948572602051448
67,9,0.10,0.9955087680962286
67,9,0.15,0.9974621506840555
67,9,0.20,0.9982166485588609
67,9,0.25,0.9983534676035755
67,9,0.30,0.997872566243307
67,9,0.35,0.9978711612258421
67,9,0.40,0.9979974791845774
67,9,0.45,0.9985920331450484
67,9,0.50,0.998237645801011
67,9,0.55,0.9984658785423691
67,9,0.60,0.9988042874917492
67,9,0.65,0.9987103618716933
67,9,0.70,0.9981346645017601
67,9,0.75,0.9981884693248775
67,9,0.80,0.9981540756683202
67,9,0.85,0.9984037850513163
67,9,0.90,0.998327569608323
67,9,0.95,0.9983618317067203
68,0,0.05,0.9919567253367353
68,0,0.10,0.9953607198319225
68,0,0.15,0.99733741113234
68,0,0.20,0.9962784321264935
68,0,0.25,0.9968330359453483
68,0,0.30,0.9977805369719285
68,0,0.35,0.9980363177175516
68,0,0.40,0.9984702113877199
68,0,0.45,0.9979845667504762
68,0,0.50,0.9987659681080523
68,0,0.55,0.9982525098388842
68,0,0.60,0.9979813201722076
68,0,0.65,0.998644041973998
68,0,0.70,0.9983045846742362
68,0,0.75,0.998491089156002
68,0,0.80,0.9979983358137139
68,0,0.85,0.9985290328121613
68,0,0.90,0.9983723623526245
68,0,0.95,0.9985559803195166
68,1,0.05,0.9849280343027979
68,1,0.10,0.9953945469882283
68,1,0.15,0.9970002359673381
68,1,0.20,0.9969102817760757
68,1,0.25,0.9977948107115977
68,1,0.30,0.9981343164704327
68,1,0.35,0.9983295646704469
68,1,0.40,0.9981635505633142
68,1,0.45,0.9976805033412252
68,1,0.50,0.9982695731762733
68,1,0.55,0.9983773580630735
68,1,0.60,0.9981734986965005
68,1,0.65,0.9984607985251901
68,1,0.70,0.9984230347894396
68,1,0.75,0.9985106331552116
68,1,0.80,0.9984268327189743
68,1,0.85,0.9980963780646052
68,1,0.90,0.998475261221969
68,1,0.95,0.9983068554963365
68,2,0.05,0.9902634174914358
68,2,0.10,0.9976715164976973
68,2,0.15,0.9972750306566928
68,2,0.20,0.9973369625577381
68,2,0.25,0.9981986744052862
68,2,0.30,0.9974458942473682
68,2,0.35,0.9977774769928106
68,2,0.40,0.9981891212584328
68,2,0.45,0.9985050633112358
68,2,0.50,0.9983128244316535
68,2,0.55,0.9982511928643657
68,2,0.60,0.9985655723118086
68,2,0.65,0.9983189592842004
68,2,0.70,0.9982428521750638
68,2,0.75,0.9980687308179037
68,2,0.80,0.9984044334076202
68,2,0.85,0.9984152852103233
68,2,0.90,0.9983111958412475
68,2,0.95,0.9983197484650128
68,3,0.05,0.9918069376896378
68,3,0.10,0.995874646237747
68,3,0.15,0.9974444249685475
68,3,0.20,0.9972964253509689
68,3,0.25,0.9979289808630065
68,3,0.30,0.9987148593814308
68,3,0.35,0.9979660973531366
68,3,0.40,0.9980948598327968
68,3,0.45,0.9987514072700978
68,3,0.50,0.9983992976266945
68,3,0.55,0.9985401399891155
68,3,0.60,0.9982678544967781
68,3,0.65,0.998508845264108
68,3,0.70,0.9985022011589308
68,3,0.75,0.9987413121683968
68,3,0.80,0.9985430335826178
68,3,0.85,0.9987074657886863
68,3,0.90,0.9983223352265749
68,3,0.95,0.9985115042544199
68,4,0.05,0.9762791614296661
68,4,0.10,0.9967438248940735
68,4,0.15,0.9966869650272211
68,4,0.20,0.9975622071657533
68,4,0.25,0.9982308992386152
68,4,0.30,0.9981593661892451
68,4,0.35,0.9982707803385102
68,4,0.40,0.9984057657162905
68,4,0.45,0.9980124518314034
68,4,0.50,0.9976288512995616
68,4,0.55,0.9984456801569871
68,4,0.60,0.998042190708004
68,4,0.65,0.9982315039854364
68,4,0.70,0.9983582373715719
68,4,0.75,0.99835448475671
68,4,0.80,0.998325296130839
68,4,0.85,0.9985903662134867
68,4,0.90,0.9980624558718222
68,4,0.95,0.9985310696185382
68,5,0.05,0.9916717886251563
68,5,0.10,0.9953864509042354
68,5,0.15,0.9957315296633132
68,5,0.20,0.9975237590960602
68,5,0.25,0.9977127935611928
68,5,0.30,0.9979162135711933
68,5,0.35,0.9978014096887232
68,5,0.40,0.9979251748267651
68,5,0.45,0.997846667493228
68,5,0.50,0.9979673746245146
68,5,0.55,0.9984762077520309
68,5,0.60,0.9980516143808892
68,5,0.65,0.9983651335418884
68,5,0.70,0.9982379363770871
68,5,0.75,0.9977617424744398
68,5,0.80,0.99855926111625
68,5,0.85,0.9983242484731288
68,5,0.90,0.998373763191289
68,5,0.95,0.9985654626983201
68,6,0.05,0.9924213995890147
68,6,0.10,0.9949586778494538
68,6,0.15,0.9978496492715908
68,6,0.20,0.996617222445954
68,6,0.25,0.9971185776902987
68,6,0.30,0.9981485108426602
68,6,0.35,0.9984609461445232
68,6,0.40,0.998466491519581
68,6,0.45,0.9980604498161787
68,6,0.50,0.9979665783429148
68,6,0.55,0.9986107496133257
68,6,0.60,0.9978884480863852
68,6,0.65,0.998208008208347
68,6,0.70,0.9982806245132144
68,6,0.75,0.9982318269411549
68,6,0.80,0.9987166347519932
68,6,0.85,0.9983863078159949
68,6,0.90,0.9982271416085062
68,6,0.95,0.9985766717674888
68,7,0.05,0.9924355091828425
68,7,0.10,0.9958424861908732
68,7,0.15,0.9979071087028527
68,7,0.20,0.9960491983069861
68,7,0.25,0.9982347270388279
68,7,0.30,0.9981590825032901
68,7,0.35,0.9976868091418716
68,7,0.40,0.9985981376503752
68,7,0.45,0.9976690135017727
68,7,0.50,0.9984527488221949
68,7,0.55,0.9983573512480902
68,7,0.60,0.9979903175553275
68,7,0.65,0.997886821218249
68,7,0.70,0.9983494460015377
68,7,0.75,0.9983948943051303
68,7,0.80,0.9987105024586954
68,7,0.85,0.998339510549891
68,7,0.90,0.9985331879239923
68,7,0.95,0.9985877430948255
68,8,0.05,0.9881764837670719
68,8,0.10,0.9966259667971391
68,8,0.15,0.9972010494196188
68,8,0.20,0.9971274144167283
68,8,0.25,0.9975278982810958
68,8,0.30,0.9982264330086433
68,8,0.35,0.9981980318870526
68,8,0.40,0.998551868853331
68,8,0.45,0.9980086440813327
68,8,0.50,0.9980208651406498
68,8,0.55,0.9984469983787683
68,8,0.60,0.9984698438167018
68,8,0.65,0.9978765745931082
68,8,0.70,0.9985470784892664
68,8,0.75,0.9986299461923112
68,8,0.80,0.9982579276213495
68,8,0.85,0.998214330089773
68,8,0.90,0.9986918865802834
68,8,0.95,0.9984367233114436
68,9,0.05,0.9927619105993422
68,9,0.10,0.9968414028751942
68,9,0.15,0.996803703878115
68,9,0.20,0.9965662430324382
68,9,0.25,0.9974460459684525
68,9,0.30,0.9980496968730008
68,9,0.35,0.9978702140724411
68,9,0.40,0.9980759622134654
68,9,0.45,0.9984640784765801
68,9,0.50,0.9983459968403862
68,9,0.55,0.9985880631212269
68,9,0.60,0.9982865999885856
68,9,0.65,0.9983076044457672
68,9,0.70,0.998432139027397
68,9,0.75,0.9983410616622314
68,9,0.80,0.9979280125317367
68,9,0.85,0.9984821016983586
68,9,0.90,0.9984313197652828
68,9,0.95,0.9983028813017025
69,0,0.05,0.9909075100592412
69,0,0.10,0.9968498840630097
69,0,0.15,0.9971338126728407
69,0,0.20,0.9980067875611546
69,0,0.25,0.9978198075609044
69,0,0.30,0.9982733498332654
69,0,0.35,0.9975537118408649
69,0,0.40,0.9979142630776245
69,0,0.45,0.9977724967554215
69,0,0.50,0.9981482997286307
69,0,0.55,0.9982847599333078
69,0,0.60,0.9981116344214911
69,0,0.65,0.9980629280779144
69,0,0.70,0.9984088213741358
69,0,0.75,0.9982653771302343
69,0,0.80,0.9986237312006006
69,0,0.85,0.9983240725560565
69,0,0.90,0.9983217334125001
69,0,0.95,0.9986122461143794
69,1,0.05,0.9845259580340618
69,1,0.10,0.9972647723596556
69,1,0.15,0.9970287671576928
69,1,0.20,0.9972617210745754
69,1,0.25,0.9978343995737079
69,1,0.30,0.997809190765148
69,1,0.35,0.998139835188375
69,1,0.40,0.9986950058365242
69,1,0.45,0.9979030050090062
69,1,0.50,0.9981399235278452
69,1,0.55,0.99828590279234
69,1,0.60,0.9985059095701225
69,1,0.65,0.9986822747033338
69,1,0.70,0.9983293083006114
69,1,0.75,0.9984827547868108
69,1,0.80,0.9985666484679886
69,1,0.85,0.9983663605357792
69,1,0.90,0.9983681675433794
69,1,0.95,0.9982778292793945
69,2,0.05,0.9733703147170708
69,2,0.10,0.9975218000404128
69,2,0.15,0.9975456782878661
69,2,0.20,0.9983232753276103
69,2,0.25,0.9977731222093694
69,2,0.30,0.9978475117335964
69,2,0.35,0.9978496917945721
69,2,0.40,0.997612091009601
69,2,0.45,0.9984014906937733
69,2,0.50,0.9979806790096633
69,2,0.55,0.9986774163218284
69,2,0.60,0.997938802669267
69,2,0.65,0.9987205806270063
69,2,0.70,0.9983666016421989
69,2,0.75,0.9983583905535289
69,2,0.80,0.998231425173557
69,2,0.85,0.9984300367547414
69,2,0.90,0.9987210112409212
69,2,0.95,0.9980809964989151
69,3,0.05,0.9852969083413783
69,3,0.10,0.9969220053308204
69,3,0.15,0.9977619785422114
69,3,0.20,0.9974900760424421
69,3,0.25,0.9974710984257888
69,3,0.30,0.9980486518976306
69,3,0.35,0.9978778727717227
69,3,0.40,0.9982122032482847
69,3,0.45,0.9981047611044944
69,3,0.50,0.9981620072424079
69,3,0.55,0.9985768555299722
69,3,0.60,0.9981265218825041
69,3,0.65,0.9983733820413717
69,3,0.70,0.9985220408532275
69,3,0.75,0.9982203439308828
69,3,0.80,0.9983822623734234
69,3,0.85,0.9985034308424627
69,3,0.90,0.9984830707978161
69,3,0.95,0.9984411814136457
69,4,0.05,0.9878088064679772
69,4,0.10,0.995433015207951
69,4,0.15,0.9977749627464365
69,4,0.20,0.9981929948379885
69,4,0.25,0.9974198955599376
69,4,0.30,0.9973330403525651
69,4,0.35,0.9978394926826011
69,4,0.40,0.9982343995362767
69,4,0.45,0.998078122311516
69,4,0.50,0.9984985643113232
69,4,0.55,0.9979535775970472
69,4,0.60,0.9982058689740582
69,4,0.65,0.9979320276042746
69,4,0.70,0.9979656211317941
69,4,0.75,0.9982614177510934
69,4,0.80,0.9982861143664568
69,4,0.85,0.9983143704333376
69,4,0.90,0.9983724474580317
69,4,0.95,0.9988857810097496
69,5,0.05,0.9873969175610159
69,5,0.10,0.9958203617466775
69,5,0.15,0.995959241831651
69,5,0.20,0.997021564958981
69,5,0.25,0.9972340395551798
69,5,0.30,0.9974621865095951
69,5,0.35,0.9974197413265727
69,5,0.40,0.9970504450260994
69,5,0.45,0.9982380143553055
69,5,0.50,0.9979954168488424
69,5,0.55,0.9980124188725319
69,5,0.60,0.9981617651830638
69,5,0.65,0.9982458621439294
69,5,0.70,0.9984651362792885
69,5,0.75,0.9982572595416935
69,5,0.80,0.9985149288550759
69,5,0.85,0.9987462782960844
69,5,0.90,0.9980188450102512
69,5,0.95,0.9985946052542468
69,6,0.05,0.9872552701132213
69,6,0.10,0.9956115169414118
69,6,0.15,0.9975763653360704
69,6,0.20,0.9967530086656
69,6,0.25,0.995037426054362
69,6,0.30,0.9978849847771192
69,6,0.35,0.9972331202583078
69,6,0.40,0.9977907856408792
69,6,0.45,0.9979738925354338
69,6,0.50,0.9979351461133051
69,6,0.55,0.9981503045146303
69,6,0.60,0.9984059529583401
69,6,0.65,0.9983002201233108
69,6,0.70,0.9984815428444604
69,6,0.75,0.9983472588434976
69,6,0.80,0.998704466643677
69,6,0.85,0.998346694470578
69,6,0.90,0.998138617982059
69,6,0.95,0.9982972207775165
69,7,0.05,0.9773644794381867
69,7,0.10,0.9948431558187614
69,7,0.15,0.9974725856020357
69,7,0.20,0.9977203794636489
69,7,0.25,0.9970365534869993
69,7,0.30,0.9981570848434673
69,7,0.35,0.998353895559377
69,7,0.40,0.9986045190073254
69,7,0.45,0.9978061903241011
69,7,0.50,0.9983028364090089
69,7,0.55,0.9982373897282073
69,7,0.60,0.9983231134318006
69,7,0.65,0.9984975161063927
69,7,0.70,0.9985292323265498
69,7,0.75,0.9979706160948881
69,7,0.80,0.9986409528367823
69,7,0.85,0.9987400193233804
69,7,0.90,0.9981451604588057
69,7,0.95,0.9986204566327471
69,8,0.05,0.9697979770148955
69,8,0.10,0.9914539556231914
69,8,0.15,0.9969002106917291
69,8,0.20,0.9970396342086524
69,8,0.25,0.9975233016714677
69,8,0.30,0.9974738238659835
69,8,0.35,0.9983720109898
69,8,0.40,0.9982192958868001
69,8,0.45,0.9987868960634464
69,8,0.50,0.9982281979821879
69,8,0.55,0.9986985451785279
69,8,0.60,0.9981963955463884
69,8,0.65,0.9979873994345869
69,8,0.70,0.9983788292918196
69,8,0.75,0.9985958550160132
69,8,0.80,0.9985569662333308
69,8,0.85,0.9986649791791914
69,8,0.90,0.9975978255436166
69,8,0.95,0.9984093508069805
69,9,0.05,0.990172771640907
69,9,0.10,0.9954673775194619
69,9,0.15,0.9975769939107145
69,9,0.20,0.997371718674097
69,9,0.25,0.9969844279970954
69,9,0.30,0.9981917463456879
69,9,0.35,0.998298246305546
69,9,0.40,0.9981978391734849
69,9,0.45,0.9984373969707162
69,9,0.50,0.9977691577047724
69,9,0.55,0.998369095452025
69,9,0.60,0.9980617542967452
69,9,0.65,0.9984931915400419
69,9,0.70,0.998006420879593
69,9,0.75,0.998405928996608
69,9,0.80,0.9984773888521599
69,9,0.85,0.998301305690664
69,9,0.90,0.9986485057411126
69,9,0.95,0.9983255885415278
70,0,0.05,0.9718989142973337
70,0,0.10,0.9938055706240783
70,0,0.15,0.9970058968518116
70,0,0.20,0.9984463509027892
70,0,0.25,0.9974970584088544
70,0,0.30,0.9967002811596654
70,0,0.35,0.9981361937210596
70,0,0.40,0.9976835523893637
70,0,0.45,0.9978031932705119
70,0,0.50,0.9975856048487468
70,0,0.55,0.9983955954971518
70,0,0.60,0.9981095175117024
70,0,0.65,0.9979936221888197
70,0,0.70,0.9984677546990731
70,0,0.75,0.9983120747246282
70,0,0.80,0.9982815531523456
70,0,0.85,0.9984188562109435
70,0,0.90,0.9983025990645673
70,0,0.95,0.9983018985851987
70,1,0.05,0.9787940737530291
70,1,0.10,0.9971664967875943
70,1,0.15,0.9952496706530541
70,1,0.20,0.9965434046460621
70,1,0.25,0.9979417218414728
70,1,0.30,0.9980360966446296
70,1,0.35,0.9981648954072271
70,1,0.40,0.9981718726912947
70,1,0.45,0.998386652109524
70,1,0.50,0.9979934831593814
70,1,0.55,0.9980775087920845
70,1,0.60,0.9984738703664257
70,1,0.65,0.9981173734960678
70,1,0.70,0.9984266143101727
70,1,0.75,0.9984056887802096
70,1,0.80,0.998220749675814
70,1,0.85,0.9982476755876768
70,1,0.90,0.9984931126033256
70,1,0.95,0.9984496931852027
70,2,0.05,0.9801659418474319
70,2,0.10,0.9956790039628207
70,2,0.15,0.9959259444316529
70,2,0.20,0.9974507810404784
70,2,0.25,0.9980854962550938
70,2,0.30,0.9970083078337908
70,2,0.35,0.9982238668062026
70,2,0.40,0.9973675960980537
70,2,0.45,0.9980678753144427
70,2,0.50,0.9981316144530727
70,2,0.55,0.9985844529021954
70,2,0.60,0.9985624113034453
70,2,0.65,0.9982989719700133
70,2,0.70,0.9983407111963393
70,2,0.75,0.9982130466033823
70,2,0.80,0.9985627992218797
70,2,0.85,0.9981001752132342
70,2,0.90,0.9983841376959308
70,2,0.95,0.9980797997486452
70,3,0.05,0.9792410762183091
70,3,0.10,0.9964079494312766
70,3,0.15,0.9969031385705709
70,3,0.20,0.9965288139972381
70,3,0.25,0.9978776022683222
70,3,0.30,0.9963129034445053
70,3,0.35,0.9971691455418047
70,3,0.40,0.9980183456007089
70,3,0.45,0.9981203222091585
70,3,0.50,0.9978327082209467
70,3,0.55,0.998185426061394
70,3,0.60,0.998348136542207
70,3,0.65,0.9982050327035744
70,3,0.70,0.9983669646477551
70,3,0.75,0.9984499643184716
70,3,0.80,0.9983474133329554
70,3,0.85,0.9985827185321458
70,3,0.90,0.9985342415957033
70,3,0.95,0.9985321368780047
70,4,0.05,0.9854463296411886
70,4,0.10,0.9942799861999579
70,4,0.15,0.996874598040776
70,4,0.20,0.997079356644783
70,4,0.25,0.9973217541672528
70,4,0.30,0.9979369386061673
70,4,0.35,0.9976570844700987
70,4,0.40,0.9981673586445152
70,4,0.45,0.998247307807436
70,4,0.50,0.9979803366375005
70,4,0.55,0.998609808743118
70,4,0.60,0.9977938755693779
70,4,0.65,0.997805647636519
70,4,0.70,0.9980664703259652
70,4,0.75,0.9982381782966839
70,4,0.80,0.9985031500396776
70,4,0.85,0.9986300619344588
70,4,0.90,0.9986808594884069
70,4,0.95,0.9982812094254213
70,5,0.05,0.977569761020964
70,5,0.10,0.9942007645917639
70,5,0.15,0.9951936943954479
70,5,0.20,0.9968792388365585
70,5,0.25,0.998318402103413
70,5,0.30,0.9978564765703902
70,5,0.35,0.9977563649461939
70,5,0.40,0.9978034534741798
70,5,0.45,0.9979287094661774
70,5,0.50,0.9984670299269013
70,5,0.55,0.9981862203756504
70,5,0.60,0.9978589282022858
70,5,0.65,0.9984072664321708
70,5,0.70,0.9983124317810965
70,5,0.75,0.9983806510717029
70,5,0.80,0.9982427686408394
70,5,0.85,0.9986440464478888
70,5,0.90,0.998515089791814
70,5,0.95,0.9984251555582079
70,6,0.05,0.9928881812008051
70,6,0.10,0.9970363482863549
70,6,0.15,0.9973805699085381
70,6,0.20,0.9964541658270429
70,6,0.25,0.9964130048208695
70,6,0.30,0.9974065194798004
70,6,0.35,0.9975825331184853
70,6,0.40,0.9979725097590562
70,6,0.45,0.9981998654818327
70,6,0.50,0.9981609185202291
70,6,0.55,0.9980948463567766
70,6,0.60,0.9980566184290419
70,6,0.65,0.9981880825846136
70,6,0.70,0.9982959407193237
70,6,0.75,0.9984007656762198
70,6,0.80,0.9984133397546765
70,6,0.85,0.9985695512704422
70,6,0.90,0.9985028724758963
70,6,0.95,0.9983636856880561
70,7,0.05,0.9919227880042497
70,7,0.10,0.9965924268621753
70,7,0.15,0.9959118852348483
70,7,0.20,0.997480995292487
70,7,0.25,0.9981753514924673
70,7,0.30,0.9974061433379308
70,7,0.35,0.9983564834589856
70,7,0.40,0.9977799166465616
70,7,0.45,0.9983039067594884
70,7,0.50,0.9980655169077701
70,7,0.55,0.9981633456678385
70,7,0.60,0.9979943606429204
70,7,0.65,0.9982529618369547
70,7,0.70,0.9981978337140812
70,7,0.75,0.9986042374089856
70,7,0.80,0.9984994185803611
70,7,0.85,0.9985061406619913
70,7,0.90,0.998530571831163
70,7,0.95,0.9985544124820342
70,8,0.05,0.9832957663880262
70,8,0.10,0.9933822819092005
70,8,0.15,0.9963450916105056
70,8,0.20,0.9973453575145316
70,8,0.25,0.9974703497881471
70,8,0.30,0.9967275414683284
70,8,0.35,0.9982375768778535
70,8,0.40,0.9980554301747095
70,8,0.45,0.9980771380923411
70,8,0.50,0.9980891455445784
70,8,0.55,0.9981475673054704
70,8,0.60,0.9984550918361477
70,8,0.65,0.9982838212942583
70,8,0.70,0.9984984391700117
70,8,0.75,0.9980348057102127
70,8,0.80,0.9989249215663989
70,8,0.85,0.9984369688981138
70,8,0.90,0.9985547437572404
70,8,0.95,0.9983723327318287
70,9,0.05,0.9933405156486174
70,9,0.10,0.9968080593396534
70,9,0.15,0.9968988443179068
70,9,0.20,0.9969278710049501
70,9,0.25,0.9969637873763461
70,9,0.30,0.997796476107876
70,9,0.35,0.997818149000115
70,9,0.40,0.9978448476955996
70,9,0.45,0.9977415702914757
70,9,0.50,0.9981750188978441
70,9,0.55,0.9981133138186538
70,9,0.60,0.9978219040750205
70,9,0.65,0.9983122295333237
70,9,0.70,0.9985723712371725
70,9,0.75,0.9981538634696344
70,9,0.80,0.9986071444359323
70,9,0.85,0.9984652236179856
70,9,0.90,0.998607655502986
70,9,0.95,0.9984140642889857
71,0,0.05,0.98708667650886
71,0,0.10,0.9927194455394974
71,0,0.15,0.997263141400179
71,0,0.20,0.9981464464143117
71,0,0.25,0.9977251263057589
71,0,0.30,0.9975824927240551
71,0,0.35,0.9981195932633837
71,0,0.40,0.9977363310870366
71,0,0.45,0.9979592160021675
71,0,0.50,0.9980590148258309
71,0,0.55,0.9979609238215013
71,0,0.60,0.9978002787160161
71,0,0.65,0.9981412786300905
71,0,0.70,0.9980246672607264
71,0,0.75,0.9986085504186175
71,0,0.80,0.998665462194519
71,0,0.85,0.9984057124638841
71,0,0.90,0.9983626194719953
71,0,0.95,0.9983884884159241
71,1,0.05,0.9942515435077139
71,1,0.10,0.9971145281078714
71,1,0.15,0.9958581400717083
71,1,0.20,0.9977456524998128
71,1,0.25,0.9974304025618184
71,1,0.30,0.9976792422060289
71,1,0.35,0.9975195975053411
71,1,0.40,0.9981765818233546
71,1,0.45,0.9982568208261765
71,1,0.50,0.9978257449649227
71,1,0.55,0.9981764416142301
71,1,0.60,0.9979956722837418
71,1,0.65,0.9987218464780124
71,1,0.70,0.9979389284609888
71,1,0.75,0.9979639449891926
71,1,0.80,0.9984176761493516
71,1,0.85,0.9985580449140141
71,1,0.90,0.9984685261731164
71,1,0.95,0.9985047659608769
71,2,0.05,0.9839001336032585
71,2,0.10,0.9945965116152727
71,2,0.15,0.9966098376903824
71,2,0.20,0.998378612323904
71,2,0.25,0.9976200203005835
71,2,0.30,0.9974463841060502
71,2,0.35,0.998145200833589
71,2,0.40,0.9981527679052967
71,2,0.45,0.9980650747607583
71,2,0.50,0.9982979080338419
71,2,0.55,0.9979356931339189
71,2,0.60,0.9977706654828076
71,2,0.65,0.9981082719215849
71,2,0.70,0.9982556289810781
71,2,0.75,0.9983943815334473
71,2,0.80,0.9983619904344386
71,2,0.85,0.9981128841829228
71,2,0.90,0.9981268053175688
71,2,0.95,0.9985772759367989
71,3,0.05,0.9943663966580679
71,3,0.10,0.9953861255651837
71,3,0.15,0.9964781639380018
71,3,0.20,0.9966020618311751
71,3,0.25,0.9977537077448189
71,3,0.30,0.9978418439804709
71,3,0.35,0.9978514571821273
71,3,0.40,0.998474787737165
71,3,0.45,0.9981042738501488
71,3,0.50,0.9986557610911417
71,3,0.55,0.9982028023294323
71,3,0.60,0.9986030563506954
71,3,0.65,0.9982319016353414
71,3,0.70,0.9984041275748466
71,3,0.75,0.9982620125473894
71,3,0.80,0.9984264650075488
71,3,0.85,0.9983736296461625
71,3,0.90,0.9985785887266027
71,3,0.95,0.9985050668237868
71,4,0.05,0.9872756130751755
71,4,0.10,0.9950423580309947
71,4,0.15,0.9969656517198962
71,4,0.20,0.9973174485344873
71,4,0.25,0.996389012845899
71,4,0.30,0.9979051843596808
71,4,0.35,0.9974917634500967
71,4,0.40,0.9977417567880316
71,4,0.45,0.9978975439770349
71,4,0.50,0.9981447499012718
71,4,0.55,0.9983686927202808
71,4,0.60,0.9981539505165888
71,4,0.65,0.9980812390992934
71,4,0.70,0.998154632909556
71,4,0.75,0.9984080861219387
71,4,0.80,0.9984974723325806
71,4,0.85,0.9980362173103435
71,4,0.90,0.9986423301612711
71,4,0.95,0.9984171019953264
71,5,0.05,0.9894190574571898
71,5,0.10,0.9945498670659659
71,5,0.15,0.9965966787348071
71,5,0.20,0.9967701236252179
71,5,0.25,0.997906751037166
71,5,0.30,0.9980218449431018
71,5,0.35,0.9984990402914521
71,5,0.40,0.9977519216090862
71,5,0.45,0.9977898598200745
71,5,0.50,0.9980777670566988
71,5,0.55,0.9982091310426291
71,5,0.60,0.9980604835581928
71,5,0.65,0.9984581367493356
71,5,0.70,0.9980401304773205
71,5,0.75,0.9980499415815447
71,5,0.80,0.9987095569172371
71,5,0.85,0.9981200970321826
71,5,0.90,0.9986471991572691
71,5,0.95,0.9985061738901312
71,6,0.05,0.9929223704100465
71,6,0.10,0.9945657572033136
71,6,0.15,0.996907394772133
71,6,0.20,0.9974668248408952
71,6,0.25,0.9974530851765432
71,6,0.30,0.9978057216795526
71,6,0.35,0.9974686360259039
71,6,0.40,0.9980272859313009
71,6,0.45,0.9977759999805331
71,6,0.50,0.9981373415790042
71,6,0.55,0.9983616947165315
71,6,0.60,0.9983189064718435
71,6,0.65,0.9979814529947818
71,6,0.70,0.9977315392059855
71,6,0.75,0.9980331497762454
71,6,0.80,0.9981418829985607
71,6,0.85,0.9983833285198278
71,6,0.90,0.9984483934607111
71,6,0.95,0.9983987802555037
71,7,0.05,0.9931789880619177
71,7,0.10,0.995653137414483
71,7,0.15,0.9969835628954815
71,7,0.20,0.9978687620261051
71,7,0.25,0.9961465059930812
71,7,0.30,0.9975285374115671
71,7,0.35,0.9974134556750507
71,7,0.40,0.9981347980997739
71,7,0.45,0.9980684489626046
71,7,0.50,0.9982334590236794
71,7,0.55,0.9980410392339237
71,7,0.60,0.997769527181779
71,7,0.65,0.9978163069909209
71,7,0.70,0.9981148594124026
71,7,0.75,0.998487560247131
71,7,0.80,0.9986172290508235
71,7,0.85,0.9984966981188956
71,7,0.90,0.9988904629920863
71,7,0.95,0.9986587796197558
71,8,0.05,0.9923476915176845
71,8,0.10,0.9950063352847192
71,8,0.15,0.9970083236483771
71,8,0.20,0.99678904331357
71,8,0.25,0.9977659518685066
71,8,0.30,0.9976180327992057
71,8,0.35,0.9977037958828181
71,8,0.40,0.9979578893200028
71,8,0.45,0.9982337782404891
71,8,0.50,0.99824203939975
71,8,0.55,0.9984556975145867
71,8,0.60,0.9980030543972493
71,8,0.65,0.9982830555889523
71,8,0.70,0.9983369040345619
71,8,0.75,0.9983989563067858
71,8,0.80,0.9980640638455089
71,8,0.85,0.9984455561612545
71,8,0.90,0.9985877133013813
71,8,0.95,0.9984014686934334
71,9,0.05,0.9939821746329808
71,9,0.10,0.9955418160442436
71,9,0.15,0.9961556294700996
71,9,0.20,0.9963602042693511
71,9,0.25,0.9973980919113735
71,9,0.30,0.9974789098077312
71,9,0.35,0.9984792895786454
71,9,0.40,0.9981854942064043
71,9,0.45,0.9981688096948459
71,9,0.50,0.9983598867808767
71,9,0.55,0.9985076261378618
71,9,0.60,0.998511042610213
71,9,0.65,0.9981336921311734
71,9,0.70,0.9981807125587214
71,9,0.75,0.9984206519644142
71,9,0.80,0.9982217600417779
71,9,0.85,0.9986473732066513
71,9,0.90,0.9984972345409358
71,9,0.95,0.9982894407271077
72,0,0.05,0.9861037013605837
72,0,0.10,0.9979920398467947
72,0,0.15,0.9955125323634931
72,0,0.20,0.9970985480590003
72,0,0.25,0.9967020609107275
72,0,0.30,0.9981110344393019
72,0,0.35,0.9977760872180292
72,0,0.40,0.9981155713649847
72,0,0.45,0.9981168929674527
72,0,0.50,0.9976358522612917
72,0,0.55,0.9979120731485919
72,0,0.60,0.997916542910867
72,0,0.65,0.9982499463969776
72,0,0.70,0.998416874640781
72,0,0.75,0.9984516551693903
72,0,0.80,0.9982915355077867
72,0,0.85,0.9984537438552913
72,0,0.90,0.9983968826698648
72,0,0.95,0.9984964281856489
72,1,0.05,0.9943919352559352
72,1,0.10,0.9956005792264887
72,1,0.15,0.9958369795071755
72,1,0.20,0.9968576644837024
72,1,0.25,0.9975954984669138
72,1,0.30,0.9972955677790045
72,1,0.35,0.9972600095604673
72,1,0.40,0.9979948437674889
72,1,0.45,0.9981069990143594
72,1,0.50,0.99801987838936
72,1,0.55,0.9982307826247757
72,1,0.60,0.9979163753581872
72,1,0.65,0.9984300986508696
72,1,0.70,0.9980343089677475
72,1,0.75,0.9982395608995939
72,1,0.80,0.9980445206953067
72,1,0.85,0.9986298240457647
72,1,0.90,0.9984962828050087
72,1,0.95,0.99819835448944
72,2,0.05,0.9902231259717835
72,2,0.10,0.997832379304078
72,2,0.15,0.9962478873616091
72,2,0.20,0.9983004462355732
72,2,0.25,0.9964041843172944
72,2,0.30,0.9963962907496247
72,2,0.35,0.9976647887990364
72,2,0.40,0.9984951816445222
72,2,0.45,0.9975520499592215
72,2,0.50,0.9983104296189232
72,2,0.55,0.9982692587962613
72,2,0.60,0.998082248885154
72,2,0.65,0.9985389636052575
72,2,0.70,0.9979811603226884
72,2,0.75,0.99846393651162
72,2,0.80,0.9985440265530764
72,2,0.85,0.9983392774825195
72,2,0.90,0.998312256448655
72,2,0.95,0.9982201494226869
72,3,0.05,0.9892438050792399
72,3,0.10,0.9964983537882351
72,3,0.15,0.9977445731095286
72,3,0.20,0.9971792463036296
72,3,0.25,0.9977866141629502
72,3,0.30,0.9976472065937952
72,3,0.35,0.9980393482040593
72,3,0.40,0.9978267072177199
72,3,0.45,0.9980038204736225
72,3,0.50,0.9982815094011781
72,3,0.55,0.9976225808643541
72,3,0.60,0.9975339221810117
72,3,0.65,0.9981964401826025
72,3,0.70,0.9981342676670194
72,3,0.75,0.9977846483189317
72,3,0.80,0.9983528629088108
72,3,0.85,0.9986685932473587
72,3,0.90,0.9985914072403738
72,3,0.95,0.9985198033407805
72,4,0.05,0.9928057919176647
72,4,0.10,0.9961749661270523
72,4,0.15,0.9981182424282931
72,4,0.20,0.998127882851141
72,4,0.25,0.997604831023574
72,4,0.30,0.9977181100045672
72,4,0.35,0.9971756298657208
72,4,0.40,0.9976507920579312
72,4,0.45,0.9977997083594831
72,4,0.50,0.9976067059283175
72,4,0.55,0.9985620475731587
72,4,0.60,0.9976477308716866
72,4,0.65,0.998008555788238
72,4,0.70,0.9979642362230269
72,4,0.75,0.9980634424597318
72,4,0.80,0.9980237954915191
72,4,0.85,0.9983677190430497
72,4,0.90,0.9983332255344118
72,4,0.95,0.9986512013783567
72,5,0.05,0.9929898103285322
72,5,0.10,0.9961622092132408
72,5,0.15,0.9965226681871318
72,5,0.20,0.9971652846833566
72,5,0.25,0.9974618507565484
72,5,0.30,0.9982339913876911
72,5,0.35,0.9975834826630434
72,5,0.40,0.9982322274112354
72,5,0.45,0.9977860636327162
72,5,0.50,0.9980059991126287
72,5,0.55,0.9981110406854503
72,5,0.60,0.9978933874748103
72,5,0.65,0.9979602775276843
72,5,0.70,0.9978938483369698
72,5,0.75,0.9982653563478586
72,5,0.80,0.9983767326665082
72,5,0.85,0.9982708084745091
72,5,0.90,0.9987337596135137
72,5,0.95,0.9984545823519383
72,6,0.05,0.9890075917181909
72,6,0.10,0.9960450898769649
72,6,0.15,0.9979184743156618
72,6,0.20,0.9967586544950859
72,6,0.25,0.9975582764996768
72,6,0.30,0.9971712934470786
72,6,0.35,0.997684037076159
72,6,0.40,0.9978739863255758
72,6,0.45,0.9973603916335678
72,6,0.50,0.9981546165532243
72,6,0.55,0.9977403014472209
72,6,0.60,0.9979451760946351
72,6,0.65,0.9982761915303994
72,6,0.70,0.998222184848898
72,6,0.75,0.9985268751010136
72,6,0.80,0.9982190394888176
72,6,0.85,0.998678751170258
72,6,0.90,0.9986504089225806
72,6,0.95,0.9980698180988037
72,7,0.05,0.9931203057120326
72,7,0.10,0.9949212511526621
72,7,0.15,0.9977644235285693
72,7,0.20,0.9958410263727769
72,7,0.25,0.9977776417211933
72,7,0.30,0.997333019182101
72,7,0.35,0.997641144081666
72,7,0.40,0.9971305105780439
72,7,0.45,0.9976358669205769
72,7,0.50,0.9983604315059961
72,7,0.55,0.9977665973459718
72,7,0.60,0.9984864499635017
72,7,0.65,0.9980953557218439
72,7,0.70,0.9980715339498684
72,7,0.75,0.9981045841328027
72,7,0.80,0.998628241274681
72,7,0.85,0.9984932651370229
72,7,0.90,0.9985428073463599
72,7,0.95,0.9985705546680348
72,8,0.05,0.9855901179009903
72,8,0.10,0.9975651007592901
72,8,0.15,0.9968023652231256
72,8,0.20,0.9975520523719134
72,8,0.25,0.9966220561316247
72,8,0.30,0.9975007870140732
72,8,0.35,0.9976532245221224
72,8,0.40,0.9979716203826955
72,8,0.45,0.9978915233567223
72,8,0.50,0.9974490284710313
72,8,0.55,0.997932115637286
72,8,0.60,0.9979252452436247
72,8,0.65,0.9986369652094883
72,8,0.70,0.9983810892719062
72,8,0.75,0.9981711646099182
72,8,0.80,0.9987418217745337
72,8,0.85,0.9987354074646885
72,8,0.90,0.9985208790397502
72,8,0.95,0.9983642713870312
72,9,0.05,0.9939311362544617
72,9,0.10,0.9976282120287873
72,9,0.15,0.9979137235069877
72,9,0.20,0.9968667423244439
72,9,0.25,0.9976107837269551
72,9,0.30,0.9974880612278333
72,9,0.35,0.9982928402017045
72,9,0.40,0.9973574769069341
72,9,0.45,0.9982317223878898
72,9,0.50,0.9983889201013594
72,9,0.55,0.9979641737346413
72,9,0.60,0.9982848386659725
72,9,0.65,0.9979265906095688
72,9,0.70,0.9982327560435397
72,9,0.75,0.9984061174976413
72,9,0.80,0.9986351975926449
72,9,0.85,0.9985654849429146
72,9,0.90,0.9983900013707336
72,9,0.95,0.9986502010248824
73,0,0.05,0.9875673082102915
73,0,0.10,0.9974351755015326
73,0,0.15,0.9957296369621417
73,0,0.20,0.9974250376022814
73,0,0.25,0.9975960254700039
73,0,0.30,0.9983296350505313
73,0,0.35,0.9986248656346327
73,0,0.40,0.9982258489789982
73,0,0.45,0.9983302960693752
73,0,0.50,0.998223093818147
73,0,0.55,0.9984162014279092
73,0,0.60,0.9982134908434511
73,0,0.65,0.998381104635854
73,0,0.70,0.9986110205820561
73,0,0.75,0.9984992607343192
73,0,0.80,0.9983387300728734
73,0,0.85,0.998462655263256
73,0,0.90,0.9983633996848197
73,0,0.95,0.9985057910934176
73,1,0.05,0.9793603046079014
73,1,0.10,0.9978720486509519
73,1,0.15,0.9970415783772749
73,1,0.20,0.9975418365871537
73,1,0.25,0.9979862410403805
73,1,0.30,0.9979028283348147
73,1,0.35,0.998431292537953
73,1,0.40,0.9982559325134214
73,1,0.45,0.9983996431248733
73,1,0.50,0.9983734886564181
73,1,0.55,0.9985113156427765
73,1,0.60,0.9984825184627792
73,1,0.65,0.9987868968452495
73,1,0.70,0.9980700157602289
73,1,0.75,0.9984745936805415
73,1,0.80,0.9984264221713604
73,1,0.85,0.9987741621682101
73,1,0.90,0.9985349867150128
73,1,0.95,0.9983243729089305
73,2,0.05,0.9747276521020851
73,2,0.10,0.9924225104520249
73,2,0.15,0.9965126647658344
73,2,0.20,0.9979841095103422
73,2,0.25,0.99829158671523
73,2,0.30,0.9984156197730457
73,2,0.35,0.9977803991769338
73,2,0.40,0.9984436207504626
73,2,0.45,0.9981328007820686
73,2,0.50,0.99847783953278
73,2,0.55,0.9987053214211978
73,2,0.60,0.998367725899988
73,2,0.65,0.9984407475370364
73,2,0.70,0.998445220110159
73,2,0.75,0.9983881164430985
73,2,0.80,0.9986654237320309
73,2,0.85,0.9982327561777449
73,2,0.90,0.9984847300207736
73,2,0.95,0.9982917718813644
73,3,0.05,0.9890973430860078
73,3,0.10,0.9967767900259662
73,3,0.15,0.9967772335430782
73,3,0.20,0.9972892478942847
73,3,0.25,0.9976647740641896
73,3,0.30,0.997463550903912
73,3,0.35,0.9975650895038461
73,3,0.40,0.9987611242843346
73,3,0.45,0.9985204221112709
73,3,0.50,0.9980689052997478
73,3,0.55,0.9981545733618411
73,3,0.60,0.9981621132529246
73,3,0.65,0.9987997020017189
73,3,0.70,0.9983344315131171
73,3,0.75,0.9982910437842945
73,3,0.80,0.9984146917322901
73,3,0.85,0.9984756592274568
73,3,0.90,0.9985696069215955
73,3,0.95,0.9984652582465033
73,4,0.05,0.990314787553978
73,4,0.10,0.9973462666770634
73,4,0.15,0.9954352867433452
73,4,0.20,0.9976340722305
73,4,0.25,0.99805635406273
73,4,0.30,0.9981280317337847
73,4,0.35,0.9980635054290748
73,4,0.40,0.9983544064081188
73,4,0.45,0.9984497173873591
73,4,0.50,0.9980544816440766
73,4,0.55,0.9983622993741192
73,4,0.60,0.9986148504580745
73,4,0.65,0.9985630162819717
73,4,0.70,0.9986349017636177
73,4,0.75,0.9986630704832467
73,4,0.80,0.9985957415620658
73,4,0.85,0.9987158770708082
73,4,0.90,0.9985653652874134
73,4,0.95,0.9984119108165606
73,5,0.05,0.9908871366209148
73,5,0.10,0.9978549507901898
73,5,0.15,0.9971226347764609
73,5,0.20,0.9982310889206275
73,5,0.25,0.9979881732062683
73,5,0.30,0.9980677921333295
73,5,0.35,0.9984626178725428
73,5,0.40,0.9982320780302033
73,5,0.45,0.9985267737855366
73,5,0.50,0.9986909059353325
73,5,0.55,0.9982776591112419
73,5,0.60,0.9986945453747829
73,5,0.65,0.998506544635695
73,5,0.70,0.9984980311425337
73,5,0.75,0.9984389135345801
73,5,0.80,0.9986276263198569
73,5,0.85,0.998624108642558
73,5,0.90,0.9985947037519686
73,5,0.95,0.998640249916907
73,6,0.05,0.988318505768648
73,6,0.10,0.9959045567508776
73,6,0.15,0.9952354768023934
73,6,0.20,0.9978982089638926
73,6,0.25,0.9973694385859666
73,6,0.30,0.9986363406752079
73,6,0.35,0.9981254768098246
73,6,0.40,0.9979530800998335
73,6,0.45,0.9980516109756412
73,6,0.50,0.9982259364034802
73,6,0.55,0.9985664038692819
73,6,0.60,0.9983031686336663
73,6,0.65,0.9986768824686751
73,6,0.70,0.9983541063864187
73,6,0.75,0.9985269207094198
73,6,0.80,0.9984814931278454
73,6,0.85,0.99874346697499
73,6,0.90,0.9984846028822774
73,6,0.95,0.9985910502191235
73,7,0.05,0.9871111194135073
73,7,0.10,0.9970537028541073
73,7,0.15,0.9967208077158719
73,7,0.20,0.9978354901034573
73,7,0.25,0.9968841173910418
73,7,0.30,0.9971004200810694
73,7,0.35,0.9981972199522464
73,7,0.40,0.9982398771931403
73,7,0.45,0.9982050759622995
73,7,0.50,0.9985708920614144
73,7,0.55,0.9982235200752374
73,7,0.60,0.9982300381168169
73,7,0.65,0.9980953097932234
73,7,0.70,0.9983975646744484
73,7,0.75,0.9982878399396456
73,7,0.80,0.9983855616759747
73,7,0.85,0.9983036579669214
73,7,0.90,0.998563770009813
73,7,0.95,0.9986948217306337
73,8,0.05,0.9866906522200851
73,8,0.10,0.9976506346483045
73,8,0.15,0.9974275725638402
73,8,0.20,0.99819579303792
73,8,0.25,0.9974586072934356
73,8,0.30,0.9981816531148193
73,8,0.35,0.9984569716631844
73,8,0.40,0.9983059571091774
73,8,0.45,0.9986896405653406
73,8,0.50,0.9986163869404474
73,8,0.55,0.9984081780787996
73,8,0.60,0.9983769822154842
73,8,0.65,0.9982542501444575
73,8,0.70,0.9984423867279723
73,8,0.75,0.997988640192438
73,8,0.80,0.9986539881469884
73,8,0.85,0.9984130834298667
73,8,0.90,0.9983790325119075
73,8,0.95,0.9985809276859974
73,9,0.05,0.985462712389282
73,9,0.10,0.9972734392756799
73,9,0.15,0.9970170656005742
73,9,0.20,0.9969637720950154
73,9,0.25,0.9964579088937869
73,9,0.30,0.9984057269249457
73,9,0.35,0.9983270148157886
73,9,0.40,0.9980117017848376
73,9,0.45,0.9982469465948245
73,9,0.50,0.9984942326049147
73,9,0.55,0.9980718108237687
73,9,0.60,0.9986050364384634
73,9,0.65,0.9984735068682813
73,9,0.70,0.9986477583637182
73,9,0.75,0.9982003043776497
73,9,0.80,0.9984603599958654
73,9,0.85,0.9984364825038219
73,9,0.90,0.9987266319430653
73,9,0.95,0.9983448689600255
74,0,0.05,0.9915739987410482
74,0,0.10,0.9952155820849613
74,0,0.15,0.9957424019209001
74,0,0.20,0.9972036932678352
74,0,0.25,0.9972917471744186
74,0,0.30,0.997595147597755
74,0,0.35,0.9982934654472025
74,0,0.40,0.9982796428861924
74,0,0.45,0.99837906352051
74,0,0.50,0.9977515367924795
74,0,0.55,0.9982137700874101
74,0,0.60,0.9984650116245073
74,0,0.65,0.9984182957102831
74,0,0.70,0.9980645081616727
74,0,0.75,0.9986447288115337
74,0,0.80,0.998393713379794
74,0,0.85,0.9983333943966322
74,0,0.90,0.9985776908756915
74,0,0.95,0.9985310790462684
74,1,0.05,0.9769273675514646
74,1,0.10,0.9919065347760188
74,1,0.15,0.9961318358214567
74,1,0.20,0.9973300602057686
74,1,0.25,0.9953114777771985
74,1,0.30,0.9983677075619197
74,1,0.35,0.9980951186310875
74,1,0.40,0.9986425863740058
74,1,0.45,0.9982953963532912
74,1,0.50,0.9974059521155909
74,1,0.55,0.9981082289082823
74,1,0.60,0.9981968730899272
74,1,0.65,0.9980736929010504
74,1,0.70,0.9984845688581683
74,1,0.75,0.998227674477261
74,1,0.80,0.9984419595112846
74,1,0.85,0.998793631276866
74,1,0.90,0.998217826270507
74,1,0.95,0.9986296258394773
74,2,0.05,0.9867662513712533
74,2,0.10,0.9923598974582585
74,2,0.15,0.9954824857568674
74,2,0.20,0.9964055081321489
74,2,0.25,0.9974254745841729
74,2,0.30,0.9967741591830158
74,2,0.35,0.997177543691978
74,2,0.40,0.9978462259412572
74,2,0.45,0.9983294586871151
74,2,0.50,0.9980212885380171
74,2,0.55,0.9975493345188126
74,2,0.60,0.998133013711158
74,2,0.65,0.9988307441467167
74,2,0.70,0.9979642514492175
74,2,0.75,0.9983512179843431
74,2,0.80,0.998372978267283
74,2,0.85,0.9987090200453768
74,2,0.90,0.9984432482055812
74,2,0.95,0.9981095190659224
74,3,0.05,0.9866775740362507
74,3,0.10,0.9953983350826333
74,3,0.15,0.9973375833237766
74,3,0.20,0.9981900664797018
74,3,0.25,0.9977884307043381
74,3,0.30,0.9976638171466778
74,3,0.35,0.9982724691701288
74,3,0.40,0.9981921966297027
74,3,0.45,0.9979063892967349
74,3,0.50,0.9979454093327552
74,3,0.55,0.9982796228859342
74,3,0.60,0.9985131681730798
74,3,0.65,0.9983330384802532
74,3,0.70,0.9983541299274677
74,3,0.75,0.9984392386000699
74,3,0.80,0.9986043872638417
74,3,0.85,0.9986088913063186
74,3,0.90,0.9986287679398167
74,3,0.95,0.9985091632764732
74,4,0.05,0.9892177306702586
74,4,0.10,0.995305885738315
74,4,0.15,0.9977910157665477
74,4,0.20,0.996731568318013
74,4,0.25,0.9976960982234906
74,4,0.30,0.9978559146732565
74,4,0.35,0.9976410635665982
74,4,0.40,0.9973481158307871
74,4,0.45,0.9980571303702281
74,4,0.50,0.9977807004562272
74,4,0.55,0.9985157252907177
74,4,0.60,0.9981933850333081
74,4,0.65,0.9982121104860593
74,4,0.70,0.9984170061680024
74,4,0.75,0.9986161796920686
74,4,0.80,0.998662502321665
74,4,0.85,0.9986862273907255
74,4,0.90,0.9984526065054964
74,4,0.95,0.9980377421771481
74,5,0.05,0.9880520340889394
74,5,0.10,0.9872995464951184
74,5,0.15,0.9962657277086324
74,5,0.20,0.9961232045884083
74,5,0.25,0.9982911682307241
74,5,0.30,0.9977979051233004
74,5,0.35,0.9981646220505763
74,5,0.40,0.9973418577395161
74,5,0.45,0.9979500846553984
74,5,0.50,0.9977310449911094
74,5,0.55,0.9977768634229184
74,5,0.60,0.9980695190869441
74,5,0.65,0.9984644456010067
74,5,0.70,0.9981022083401929
74,5,0.75,0.998353414348431
74,5,0.80,0.9983721945246217
74,5,0.85,0.9983994562984946
74,5,0.90,0.998407280423309
74,5,0.95,0.9984936804735233
74,6,0.05,0.9800656924775671
74,6,0.10,0.9891760538820853
74,6,0.15,0.9975019931899762
74,6,0.20,0.9966024231881137
74,6,0.25,0.9972494561584904
74,6,0.30,0.9971711855248516
74,6,0.35,0.997172062510099
74,6,0.40,0.9972252366808071
74,6,0.45,0.9972182248762426
74,6,0.50,0.9977159811119921
74,6,0.55,0.9981514179023439
74,6,0.60,0.998387296051504
74,6,0.65,0.9981653063997881
74,6,0.70,0.9984045639545651
74,6,0.75,0.9977402801282855
74,6,0.80,0.9987033744424674
74,6,0.85,0.9984183498448604
74,6,0.90,0.9984282371038433
74,6,0.95,0.9984515630085792
74,7,0.05,0.9894969876317904
74,7,0.10,0.9931633407351526
74,7,0.15,0.9975483613193287
74,7,0.20,0.9969548015453397
74,7,0.25,0.997666422533153
74,7,0.30,0.9976273252270517
74,7,0.35,0.9979963651839201
74,7,0.40,0.997804359474034
74,7,0.45,0.9976155752457466
74,7,0.50,0.9983481298453061
74,7,0.55,0.9975850499868552
74,7,0.60,0.9984420673942529
74,7,0.65,0.9982834809241474
74,7,0.70,0.9984956886542475
74,7,0.75,0.9983615709763346
74,7,0.80,0.9985614617655806
74,7,0.85,0.9984048935119729
74,7,0.90,0.9983157944965126
74,7,0.95,0.9985311927279316
74,8,0.05,0.9882345482698953
74,8,0.10,0.9944220881650848
74,8,0.15,0.9975650456140748
74,8,0.20,0.9983722062788414
74,8,0.25,0.9980064351348017
74,8,0.30,0.9969937743780721
74,8,0.35,0.9977503192547279
74,8,0.40,0.997523195142265
74,8,0.45,0.9980745384514176
74,8,0.50,0.9976839620672926
74,8,0.55,0.9980969145389704
74,8,0.60,0.9984318330049192
74,8,0.65,0.9983040369653617
74,8,0.70,0.9983450748741479
74,8,0.75,0.998164351782447
74,8,0.80,0.9985700576518987
74,8,0.85,0.9984942524149458
74,8,0.90,0.9983558703238798
74,8,0.95,0.9983985890082941
74,9,0.05,0.9755490421984112
74,9,0.10,0.9915923132468543
74,9,0.15,0.9972904396973508
74,9,0.20,0.9968783947062341
74,9,0.25,0.9977647152639377
74,9,0.30,0.9981369567606548
74,9,0.35,0.9978959777305343
74,9,0.40,0.9980668613890468
74,9,0.45,0.9976625661352451
74,9,0.50,0.9985399500213809
74,9,0.55,0.9979346768225952
74,9,0.60,0.9983136856757063
74,9,0.65,0.9983879605588287
74,9,0.70,0.9984688914880756
74,9,0.75,0.9985377684277648
74,9,0.80,0.9984754881456163
74,9,0.85,0.9984524706879446
74,9,0.90,0.9983557423040867
74,9,0.95,0.9986481361464367
75,0,0.05,0.9853377038175353
75,0,0.10,0.9943544835699851
75,0,0.15,0.9970774427753231
75,0,0.20,0.9967815620670043
75,0,0.25,0.9977606015819821
75,0,0.30,0.9973361534413707
75,0,0.35,0.9983727069730554
75,0,0.40,0.9981277703855097
75,0,0.45,0.9980427352543909
75,0,0.50,0.9977816914699197
75,0,0.55,0.9985581885485051
75,0,0.60,0.9986363557372986
75,0,0.65,0.9985045704825656
75,0,0.70,0.9985968825125723
75,0,0.75,0.9984704703400935
75,0,0.80,0.9984219804433061
75,0,0.85,0.9986023194370283
75,0,0.90,0.9986845960980417
75,0,0.95,0.9986521568357924
75,1,0.05,0.9880393431595381
75,1,0.10,0.991228708305087
75,1,0.15,0.9975129034781667
75,1,0.20,0.9977346354668059
75,1,0.25,0.9969627448737922
75,1,0.30,0.9984496233931117
75,1,0.35,0.9980413737706091
75,1,0.40,0.9986358182736773
75,1,0.45,0.9980535315241531
75,1,0.50,0.997976072161239
75,1,0.55,0.9983671132027473
75,1,0.60,0.9982138207624673
75,1,0.65,0.9979369665404509
75,1,0.70,0.9985459129895993
75,1,0.75,0.9981946202095128
75,1,0.80,0.9983901985502791
75,1,0.85,0.9981617124494199
75,1,0.90,0.9986336792483985
75,1,0.95,0.9983521090203133
75,2,0.05,0.9960177814502535
75,2,0.10,0.9961604512065548
75,2,0.15,0.9970562797426461
75,2,0.20,0.9972576133588175
75,2,0.25,0.9967331263417947
75,2,0.30,0.9976409227849028
75,2,0.35,0.9978988593905682
75,2,0.40,0.9982178305501017
75,2,0.45,0.9979500337632239
75,2,0.50,0.9979786631490479
75,2,0.55,0.9983234293294491
75,2,0.60,0.9983645341964623
75,2,0.65,0.9985178409534394
75,2,0.70,0.9980113115942181
75,2,0.75,0.9980823591354285
75,2,0.80,0.9986030890041938
75,2,0.85,0.9985001517195142
75,2,0.90,0.9984583894916701
75,2,0.95,0.9986275596656045
75,3,0.05,0.996536736434705
75,3,0.10,0.9918789407178829
75,3,0.15,0.9972655649300101
75,3,0.20,0.9976320203214954
75,3,0.25,0.9985909352036855
75,3,0.30,0.9987447635272935
75,3,0.35,0.9981654296776435
75,3,0.40,0.9976228672663613
75,3,0.45,0.9984155720575629
75,3,0.50,0.9982383895103359
75,3,0.55,0.9983101107505042
75,3,0.60,0.9987288730066515
75,3,0.65,0.9983788322007645
75,3,0.70,0.9985212881751963
75,3,0.75,0.9984228601102538
75,3,0.80,0.9984724593251781
75,3,0.85,0.9986577694014552
75,3,0.90,0.9984362587058364
75,3,0.95,0.9982877107741748
75,4,0.05,0.9914128502528662
75,4,0.10,0.99717075232671
75,4,0.15,0.997080657463151
75,4,0.20,0.99776279998935
75,4,0.25,0.9983782714743641
75,4,0.30,0.9979968516260995
75,4,0.35,0.9978555970045112
75,4,0.40,0.9983622782045641
75,4,0.45,0.9985051028319394
75,4,0.50,0.9980353281837901
75,4,0.55,0.998288361064531
75,4,0.60,0.9985320262049724
75,4,0.65,0.998559891206391
75,4,0.70,0.9982606968158847
75,4,0.75,0.9982529596713049
75,4,0.80,0.9985900256255371
75,4,0.85,0.9986170342731988
75,4,0.90,0.9985330099340024
75,4,0.95,0.9986328533962526
75,5,0.05,0.9669218523244565
75,5,0.10,0.9948715525643838
75,5,0.15,0.9977279650171751
75,5,0.20,0.9971193990633095
75,5,0.25,0.9983978127192226
75,5,0.30,0.9968968175941306
75,5,0.35,0.997854794309908
75,5,0.40,0.9982665444049929
75,5,0.45,0.998244947555814
75,5,0.50,0.9980570005026925
75,5,0.55,0.9982282478774475
75,5,0.60,0.9983720765555419
75,5,0.65,0.9981988653618651
75,5,0.70,0.9981415411361637
75,5,0.75,0.9984585342909665
75,5,0.80,0.9983758982345347
75,5,0.85,0.998644290065607
75,5,0.90,0.9984563498836296
75,5,0.95,0.9986299027443125
75,6,0.05,0.9935353875172063
75,6,0.10,0.9931289681064898
75,6,0.15,0.9963530284221989
75,6,0.20,0.9967811035618763
75,6,0.25,0.9981728464581049
75,6,0.30,0.9978272321816934
75,6,0.35,0.9974934678493151
75,6,0.40,0.9976433900523664
75,6,0.45,0.9982635803563469
75,6,0.50,0.9978079633973437
75,6,0.55,0.9983695550215078
75,6,0.60,0.9981461864847265
75,6,0.65,0.9979610194812785
75,6,0.70,0.9987488987736818
75,6,0.75,0.9981173077665203
75,6,0.80,0.9985377305654914
75,6,0.85,0.9987120839807242
75,6,0.90,0.9986049799310538
75,6,0.95,0.9985019142193455
75,7,0.05,0.986890296090287
75,7,0.10,0.9957553993878644
75,7,0.15,0.9963596420508541
75,7,0.20,0.9974592045002172
75,7,0.25,0.9973676610510216
75,7,0.30,0.9979426274904266
75,7,0.35,0.9972164892602858
75,7,0.40,0.9966852419567453
75,7,0.45,0.9978672363114884
75,7,0.50,0.997590749601485
75,7,0.55,0.9985209918578027
75,7,0.60,0.997733858442249
75,7,0.65,0.9987000234182252
75,7,0.70,0.9985539158662671
75,7,0.75,0.9983586045029311
75,7,0.80,0.9984454177980547
75,7,0.85,0.9985315572755243
75,7,0.90,0.9985472027940181
75,7,0.95,0.9984751473148777
75,8,0.05,0.9944796896785193
75,8,0.10,0.9972177301636104
75,8,0.15,0.9973389519312331
75,8,0.20,0.9951533825357716
75,8,0.25,0.9979940451792654
75,8,0.30,0.996743365593432
75,8,0.35,0.997945892591878
75,8,0.40,0.9975272216287916
75,8,0.45,0.9978831039138073
75,8,0.50,0.9979081410895048
75,8,0.55,0.9983373093081818
75,8,0.60,0.9981815200797958
75,8,0.65,0.9985611727768126
75,8,0.70,0.9982042179411078
75,8,0.75,0.9983121444225732
75,8,0.80,0.9986655599875517
75,8,0.85,0.9983851720883319
75,8,0.90,0.998760175623773
75,8,0.95,0.998451512558931
75,9,0.05,0.9866265929825488
75,9,0.10,0.9973785056932724
75,9,0.15,0.9968519279276802
75,9,0.20,0.9961104964617654
75,9,0.25,0.9976847861374674
75,9,0.30,0.997987280270542
75,9,0.35,0.9980415333942204
75,9,0.40,0.9981530364603554
75,9,0.45,0.9982858613278442
75,9,0.50,0.998608868015668
75,9,0.55,0.9985008349605693
75,9,0.60,0.9983250159429227
75,9,0.65,0.9986695075466522
75,9,0.70,0.9982304434065012
75,9,0.75,0.9984308060107768
75,9,0.80,0.9983991987896528
75,9,0.85,0.9985418085908182
75,9,0.90,0.9987215463320013
75,9,0.95,0.9982972584930008
76,0,0.05,0.99147873963707
76,0,0.10,0.9954805758437926
76,0,0.15,0.997199504833607
76,0,0.20,0.996713060153067
76,0,0.25,0.9974516320614052
76,0,0.30,0.9973582848714729
76,0,0.35,0.9980361136331534
76,0,0.40,0.9982900810519899
76,0,0.45,0.9986016957421519
76,0,0.50,0.9981899001909463
76,0,0.55,0.9979690742670972
76,0,0.60,0.9983061607383537
76,0,0.65,0.9985015563384609
76,0,0.70,0.9986173877636266
76,0,0.75,0.9986442340435093
76,0,0.80,0.9983185169966666
76,0,0.85,0.9983760950904372
76,0,0.90,0.998299786859886
76,0,0.95,0.998702456306784
76,1,0.05,0.9806759713189548
76,1,0.10,0.9947013712211593
76,1,0.15,0.9970877512866573
76,1,0.20,0.9975160369971187
76,1,0.25,0.9973540198794337
76,1,0.30,0.9975495987499551
76,1,0.35,0.9981346912388048
76,1,0.40,0.9978030893386888
76,1,0.45,0.9980959805171236
76,1,0.50,0.998269263213437
76,1,0.55,0.9982030525286233
76,1,0.60,0.9980117970953274
76,1,0.65,0.9981339772551943
76,1,0.70,0.9984918559133462
76,1,0.75,0.9982422559841119
76,1,0.80,0.9983129787421006
76,1,0.85,0.9985084152436279
76,1,0.90,0.9984861336932395
76,1,0.95,0.9982951362560533
76,2,0.05,0.9457958667352329
76,2,0.10,0.9950093624517493
76,2,0.15,0.9972545992995949
76,2,0.20,0.998238990473141
76,2,0.25,0.9976194912019561
76,2,0.30,0.9979751369495673
76,2,0.35,0.9984872777758871
76,2,0.40,0.9982105023568808
76,2,0.45,0.998307930387837
76,2,0.50,0.9984195041891135
76,2,0.55,0.9972707198768569
76,2,0.60,0.998288579982598
76,2,0.65,0.9982070088309782
76,2,0.70,0.9982806529057259
76,2,0.75,0.998431005304217
76,2,0.80,0.9980999214097839
76,2,0.85,0.9983221304574609
76,2,0.90,0.9987004911262832
76,2,0.95,0.9985271328395028
76,3,0.05,0.9918703010407746
76,3,0.10,0.9944585145390168
76,3,0.15,0.9964892480324569
76,3,0.20,0.9975566002098362
76,3,0.25,0.9978091370175609
76,3,0.30,0.9971929788438119
76,3,0.35,0.9980559435912729
76,3,0.40,0.9978359236404253
76,3,0.45,0.9983634141293856
76,3,0.50,0.9984781461381214
76,3,0.55,0.9981506597766987
76,3,0.60,0.9983301247051387
76,3,0.65,0.998424466234994
76,3,0.70,0.9985277160061479
76,3,0.75,0.998324636878668
76,3,0.80,0.9984967335820607
76,3,0.85,0.9983985354308631
76,3,0.90,0.9984427393927738
76,3,0.95,0.9986046969520257
76,4,0.05,0.98789291762484
76,4,0.10,0.9941390890321126
76,4,0.15,0.9969538355537835
76,4,0.20,0.9977061919531287
76,4,0.25,0.9981744604534933
76,4,0.30,0.9982199842592931
76,4,0.35,0.997718991414394
76,4,0.40,0.9976779553991263
76,4,0.45,0.9973621185429263
76,4,0.50,0.9978511624223362
76,4,0.55,0.9982418362154586
76,4,0.60,0.9985541228252452
76,4,0.65,0.9984066305254224
76,4,0.70,0.9981783698361973
76,4,0.75,0.9981248478509123
76,4,0.80,0.9985425428954335
76,4,0.85,0.9981546499500771
76,4,0.90,0.9987118022507113
76,4,0.95,0.9983358135141184
76,5,0.05,0.9864626514525365
76,5,0.10,0.9961489869997127
76,5,0.15,0.9977194993164289
76,5,0.20,0.9972260708636898
76,5,0.25,0.9980605605236051
76,5,0.30,0.9976717752035213
76,5,0.35,0.9984588548833081
76,5,0.40,0.9976551272757718
76,5,0.45,0.9980469545125885
76,5,0.50,0.9981514492164687
76,5,0.55,0.9982880851965481
76,5,0.60,0.9982886555844097
76,5,0.65,0.9985913336490095
76,5,0.70,0.9979697409350143
76,5,0.75,0.9982538383809357
76,5,0.80,0.9982325368800566
76,5,0.85,0.9985368283486192
76,5,0.90,0.9980802419446733
76,5,0.95,0.9981385669311452
76,6,0.05,0.9897908882958522
76,6,0.10,0.9962155855878938
76,6,0.15,0.9969363339639296
76,6,0.20,0.9972779273295281
76,6,0.25,0.9982909655967976
76,6,0.30,0.9984977086214714
76,6,0.35,0.9979373126642965
76,6,0.40,0.9978619367620475
76,6,0.45,0.9980049597247694
76,6,0.50,0.9982944963606883
76,6,0.55,0.9978138594419068
76,6,0.60,0.9979912409494869
76,6,0.65,0.9984755172729279
76,6,0.70,0.9979510581959959
76,6,0.75,0.9982932514872305
76,6,0.80,0.9982685016634194
76,6,0.85,0.9984331441807771
76,6,0.90,0.9980883332941918
76,6,0.95,0.9983341625765971
76,7,0.05,0.9807397535485152
76,7,0.10,0.9917944101728188
76,7,0.15,0.9967543737731526
76,7,0.20,0.9972652384797812
76,7,0.25,0.9975095559771182
76,7,0.30,0.9975266238549549
76,7,0.35,0.9974653596375165
76,7,0.40,0.998217190534855
76,7,0.45,0.9985198616058251
76,7,0.50,0.9987971647828631
76,7,0.55,0.9982653951335807
76,7,0.60,0.9984441636251362
76,7,0.65,0.9983430926034107
76,7,0.70,0.9982400695092998
76,7,0.75,0.9982538964638819
76,7,0.80,0.9984602025723898
76,7,0.85,0.9985203506044654
76,7,0.90,0.9982593888978584
76,7,0.95,0.9983468358711117
76,8,0.05,0.9915825344367469
76,8,0.10,0.9969590040222193
76,8,0.15,0.9969663729064441
76,8,0.20,0.9972283369223547
76,8,0.25,0.9981994477561472
76,8,0.30,0.998161513798215
76,8,0.35,0.9981274036115203
76,8,0.40,0.9976445603037823
76,8,0.45,0.9982390809783445
76,8,0.50,0.9982412963694625
76,8,0.55,0.9983054622790943
76,8,0.60,0.9980882084906791
76,8,0.65,0.9982401144117554
76,8,0.70,0.9984818096232644
76,8,0.75,0.9980104083928911
76,8,0.80,0.9981655578269646
76,8,0.85,0.9984500641754012
76,8,0.90,0.9982388030232445
76,8,0.95,0.9984425016539376
76,9,0.05,0.9682838016859145
76,9,0.10,0.9916615879190398
76,9,0.15,0.997740734313138
76,9,0.20,0.9972988537780789
76,9,0.25,0.9979609522828667
76,9,0.30,0.9983106755177935
76,9,0.35,0.9979506615409932
76,9,0.40,0.9974978093642495
76,9,0.45,0.9977827544918827
76,9,0.50,0.9981878666096909
76,9,0.55,0.9981499619328861
76,9,0.60,0.9980912193785875
76,9,0.65,0.9981470654932536
76,9,0.70,0.9983513934938844
76,9,0.75,0.9984937909489716
76,9,0.80,0.9983525107958681
76,9,0.85,0.9984308943267013
76,9,0.90,0.998828178839804
76,9,0.95,0.9985011022110702
77,0,0.05,0.9896165096793481
77,0,0.10,0.9975570650770175
77,0,0.15,0.9967936560952623
77,0,0.20,0.9972371213085686
77,0,0.25,0.9979012544129793
77,0,0.30,0.9970676573925003
77,0,0.35,0.9983939244324788
77,0,0.40,0.997516525307135
77,0,0.45,0.9977015948337601
77,0,0.50,0.9978566096588479
77,0,0.55,0.9982745896090744
77,0,0.60,0.9981888859852568
77,0,0.65,0.9982283106109853
77,0,0.70,0.9981226573275396
77,0,0.75,0.9985092451113134
77,0,0.80,0.9985813340949273
77,0,0.85,0.9982833964078079
77,0,0.90,0.9984924629241996
77,0,0.95,0.9985677907418035
77,1,0.05,0.9831689431402912
77,1,0.10,0.9948182219443983
77,1,0.15,0.9969220984721883
77,1,0.20,0.9976416815352398
77,1,0.25,0.9972998897307149
77,1,0.30,0.9983656942440421
77,1,0.35,0.997460467502474
77,1,0.40,0.9979763915704111
77,1,0.45,0.9979408855719849
77,1,0.50,0.9980743440865718
77,1,0.55,0.9982485412932112
77,1,0.60,0.9980675396693397
77,1,0.65,0.9979743188996077
77,1,0.70,0.9985179687260044
77,1,0.75,0.9981806596458886
77,1,0.80,0.9983468817747464
77,1,0.85,0.9984795642219635
77,1,0.90,0.9985707499019965
77,1,0.95,0.9982582399045703
77,2,0.05,0.9730826622076137
77,2,0.10,0.9963896833636137
77,2,0.15,0.99696325912127
77,2,0.20,0.9965471287230638
77,2,0.25,0.9975384910721588
77,2,0.30,0.9981772135685536
77,2,0.35,0.9984107828016221
77,2,0.40,0.9980091589136829
77,2,0.45,0.9979437776520048
77,2,0.50,0.997856813110872
77,2,0.55,0.9980367938034671
77,2,0.60,0.9977049097011503
77,2,0.65,0.9982489033026725
77,2,0.70,0.9983972013432291
77,2,0.75,0.998498980987591
77,2,0.80,0.9985359080190432
77,2,0.85,0.9983030998449061
77,2,0.90,0.9985352090327305
77,2,0.95,0.9983034523126545
77,3,0.05,0.9834302703666099
77,3,0.10,0.9968626843086922
77,3,0.15,0.9973735343626877
77,3,0.20,0.9974860532215412
77,3,0.25,0.9982149510450451
77,3,0.30,0.9983998063501625
77,3,0.35,0.998233863675035
77,3,0.40,0.9974216897033555
77,3,0.45,0.9983776186947761
77,3,0.50,0.9978331395879153
77,3,0.55,0.9983249313256798
77,3,0.60,0.998449387921066
77,3,0.65,0.9982462978227895
77,3,0.70,0.9987367121142247
77,3,0.75,0.9984143223393124
77,3,0.80,0.9982638776240095
77,3,0.85,0.9982307994097126
77,3,0.90,0.9982043355966932
77,3,0.95,0.9985042465995403
77,4,0.05,0.9940085472327126
77,4,0.10,0.9921632373810728
77,4,0.15,0.9978061335857952
77,4,0.20,0.9971573229874418
77,4,0.25,0.997146348448211
77,4,0.30,0.9979114971672953
77,4,0.35,0.9983095702637113
77,4,0.40,0.9982658919222815
77,4,0.45,0.9976759465591666
77,4,0.50,0.9980082635516504
77,4,0.55,0.9978939676674224
77,4,0.60,0.9979756262931812
77,4,0.65,0.9984318924411958
77,4,0.70,0.9983779714650904
77,4,0.75,0.9982904671737082
77,4,0.80,0.9985028591458628
77,4,0.85,0.9982922496673515
77,4,0.90,0.9980450842548149
77,4,0.95,0.9982590818238565
77,5,0.05,0.9893904597345579
77,5,0.10,0.9928231193288403
77,5,0.15,0.9953485519513878
77,5,0.20,0.9968285688153723
77,5,0.25,0.9971166325055533
77,5,0.30,0.9975060178204934
77,5,0.35,0.997365973819422
77,5,0.40,0.9984387948663294
77,5,0.45,0.998361015124556
77,5,0.50,0.9986125766750039
77,5,0.55,0.9980802373067422
77,5,0.60,0.9984186968573642
77,5,0.65,0.9986232797707942
77,5,0.70,0.9982137685542785
77,5,0.75,0.9981793720460812
77,5,0.80,0.9983823189200316
77,5,0.85,0.9985498495807994
77,5,0.90,0.9986122396859418
77,5,0.95,0.9985265260402973
77,6,0.05,0.9933928098111253
77,6,0.10,0.9972644336852784
77,6,0.15,0.9963577782482417
77,6,0.20,0.9970770815989074
77,6,0.25,0.9978108306677427
77,6,0.30,0.9976507848827157
77,6,0.35,0.9976070437638944
77,6,0.40,0.9984650581109558
77,6,0.45,0.9980081779924496
77,6,0.50,0.9982289920635771
77,6,0.55,0.9978274903235514
77,6,0.60,0.9978368747272041
77,6,0.65,0.9982154167961872
77,6,0.70,0.9986008722893398
77,6,0.75,0.9980618831643493
77,6,0.80,0.9982788226337698
77,6,0.85,0.9984779665394066
77,6,0.90,0.9981713519623686
77,6,0.95,0.9985337576636603
77,7,0.05,0.9786796497276412
77,7,0.10,0.9962261224552635
77,7,0.15,0.9967622436570956
77,7,0.20,0.9960179023308732
77,7,0.25,0.9974846680344251
77,7,0.30,0.9984368729875287
77,7,0.35,0.9983224861916887
77,7,0.40,0.9977001537597526
77,7,0.45,0.9981265388228706
77,7,0.50,0.9981914538204906
77,7,0.55,0.9984521325128908
77,7,0.60,0.9981444117826632
77,7,0.65,0.9980769623897146
77,7,0.70,0.9984294197052309
77,7,0.75,0.9980496545487064
77,7,0.80,0.9984830920647543
77,7,0.85,0.9984886443272241
77,7,0.90,0.9983856589340556
77,7,0.95,0.9985651984815838
77,8,0.05,0.9917524908066683
77,8,0.10,0.9933183637301073
77,8,0.15,0.9971927591169336
77,8,0.20,0.997153641628061
77,8,0.25,0.997199469484924
77,8,0.30,0.9979069249150769
77,8,0.35,0.9983207757991811
77,8,0.40,0.9980908049201501
77,8,0.45,0.9981034890522311
77,8,0.50,0.9983813066786323
77,8,0.55,0.998445870530722
77,8,0.60,0.9979588550052243
77,8,0.65,0.9982830430358511
77,8,0.70,0.9984451686213868
77,8,0.75,0.9984518855724278
77,8,0.80,0.9983094735814251
77,8,0.85,0.9985575249346746
77,8,0.90,0.9983612029501486
77,8,0.95,0.9986340235455922
77,9,0.05,0.9797114098549097
77,9,0.10,0.99610282168442
77,9,0.15,0.9974558752851529
77,9,0.20,0.9959708877479846
77,9,0.25,0.997784908172235
77,9,0.30,0.9983452210291232
77,9,0.35,0.9982169109573671
77,9,0.40,0.9981805571909474
77,9,0.45,0.9981485235427634
77,9,0.50,0.9974978802074993
77,9,0.55,0.9982611532137099
77,9,0.60,0.9976649528195047
77,9,0.65,0.9985143489509742
77,9,0.70,0.9981892952575312
77,9,0.75,0.9983033752044473
77,9,0.80,0.9982435316728485
77,9,0.85,0.9980734541173462
77,9,0.90,0.9983640548458038
77,9,0.95,0.9984191676852656
78,0,0.05,0.9908614640077108
78,0,0.10,0.993461490790461
78,0,0.15,0.99704959845312
78,0,0.20,0.9969810108624475
78,0,0.25,0.9965342176074412
78,0,0.30,0.9980760353898025
78,0,0.35,0.9974833942014076
78,0,0.40,0.9978568489344666
78,0,0.45,0.9979285988048934
78,0,0.50,0.998318157645551
78,0,0.55,0.9980669127059104
78,0,0.60,0.9986030694767247
78,0,0.65,0.9987318420333807
78,0,0.70,0.9984326008796994
78,0,0.75,0.9983874058152667
78,0,0.80,0.9983793731255386
78,0,0.85,0.998421665565905
78,0,0.90,0.9987047146870024
78,0,0.95,0.9987317791842284
78,1,0.05,0.9905171639653593
78,1,0.10,0.9955719376858786
78,1,0.15,0.9963731401204479
78,1,0.20,0.9972224098171164
78,1,0.25,0.9981403765396065
78,1,0.30,0.996598311581442
78,1,0.35,0.9978829682672131
78,1,0.40,0.9982220095543138
78,1,0.45,0.9983202630006478
78,1,0.50,0.9983954157557168
78,1,0.55,0.9983597679608768
78,1,0.60,0.9984953465456999
78,1,0.65,0.9981805578001975
78,1,0.70,0.99825100921827
78,1,0.75,0.9984496086153978
78,1,0.80,0.9982649189075397
78,1,0.85,0.9983561736730763
78,1,0.90,0.9984806337113908
78,1,0.95,0.9983447163483873
78,2,0.05,0.9958408102218403
78,2,0.10,0.9958305818484011
78,2,0.15,0.9968792664138404
78,2,0.20,0.9975331320898755
78,2,0.25,0.9980726226482234
78,2,0.30,0.9977999118860732
78,2,0.35,0.9979369197942358
78,2,0.40,0.9983032409668324
78,2,0.45,0.9984832412094646
78,2,0.50,0.998317974142437
78,2,0.55,0.9982553680682328
78,2,0.60,0.9982966809724605
78,2,0.65,0.9980884493187875
78,2,0.70,0.9981979717314962
78,2,0.75,0.9988375501448076
78,2,0.80,0.9982380027386138
78,2,0.85,0.9984020472765318
78,2,0.90,0.9981383400688144
78,2,0.95,0.9985802908015821
78,3,0.05,0.9920516683370108
78,3,0.10,0.9969894055036803
78,3,0.15,0.9974722017755459
78,3,0.20,0.9979591454300529
78,3,0.25,0.99676440573581
78,3,0.30,0.9973901105093217
78,3,0.35,0.9983685617173867
78,3,0.40,0.9979648767643172
78,3,0.45,0.9977904291028222
78,3,0.50,0.9980067105305369
78,3,0.55,0.998611865067355
78,3,0.60,0.997993245693093
78,3,0.65,0.9985047594234263
78,3,0.70,0.9983139732427903
78,3,0.75,0.9983902474863293
78,3,0.80,0.9985532294329035
78,3,0.85,0.9982830593023716
78,3,0.90,0.9983320859434832
78,3,0.95,0.998479569185685
78,4,0.05,0.9910827736908249
78,4,0.10,0.9930162252285257
78,4,0.15,0.9969261465304119
78,4,0.20,0.9975578295610068
78,4,0.25,0.9968120023290494
78,4,0.30,0.9980694862771414
78,4,0.35,0.9971085812831448
78,4,0.40,0.9986221156330228
78,4,0.45,0.9980932951313362
78,4,0.50,0.9981140197957395
78,4,0.55,0.9984445308969223
78,4,0.60,0.998468364733496
78,4,0.65,0.9984067929786773
78,4,0.70,0.9984968027370988
78,4,0.75,0.9984541534114322
78,4,0.80,0.9984845473123573
78,4,0.85,0.9982980698947173
78,4,0.90,0.9985810816009264
78,4,0.95,0.9985014047142611
78,5,0.05,0.9943345638770711
78,5,0.10,0.9952020165512633
78,5,0.15,0.9972968587308023
78,5,0.20,0.9969217079903493
78,5,0.25,0.9975373590747004
78,5,0.30,0.9962506846043518
78,5,0.35,0.997938427197162
78,5,0.40,0.9979211923618757
78,5,0.45,0.9981847436413623
78,5,0.50,0.9985180685775233
78,5,0.55,0.9983403863166816
78,5,0.60,0.9978828055390858
78,5,0.65,0.9985875955327903
78,5,0.70,0.9984140794057929
78,5,0.75,0.9986513011679566
78,5,0.80,0.9986635294349374
78,5,0.85,0.9987154676158719
78,5,0.90,0.9986849949477556
78,5,0.95,0.9983587334515648
78,6,0.05,0.9920833116471447
78,6,0.10,0.9933879462230485
78,6,0.15,0.9969933800859276
78,6,0.20,0.9976981148975923
78,6,0.25,0.9979290437262059
78,6,0.30,0.9964618900948774
78,6,0.35,0.9977215443030812
78,6,0.40,0.9983466571410766
78,6,0.45,0.9984179493106482
78,6,0.50,0.9982292345286499
78,6,0.55,0.9981590394113694
78,6,0.60,0.997895913954128
78,6,0.65,0.9984479765410325
78,6,0.70,0.9982480479640131
78,6,0.75,0.9982328494900601
78,6,0.80,0.9982561644736634
78,6,0.85,0.9984987700908562
78,6,0.90,0.9987119241962237
78,6,0.95,0.99852458474236
78,7,0.05,0.9894364356879158
78,7,0.10,0.9951649163208615
78,7,0.15,0.9973339327272936
78,7,0.20,0.9978108214536369
78,7,0.25,0.9963569340455012
78,7,0.30,0.9977337786780268
78,7,0.35,0.99796743973071
78,7,0.40,0.9978142670005766
78,7,0.45,0.9983413318981955
78,7,0.50,0.998423797657221
78,7,0.55,0.9986764765645619
78,7,0.60,0.9980652788445672
78,7,0.65,0.9985020979419146
78,7,0.70,0.9984911568729385
78,7,0.75,0.998433966593544
78,7,0.80,0.9983152561083655
78,7,0.85,0.9986379241443638
78,7,0.90,0.9985340512638844
78,7,0.95,0.9984641729350766
78,8,0.05,0.9729321313085437
78,8,0.10,0.9951225904146344
78,8,0.15,0.9965680534980165
78,8,0.20,0.9973239370749619
78,8,0.25,0.9976306517002242
78,8,0.30,0.997531952559495
78,8,0.35,0.9971916169195134
78,8,0.40,0.998518380684636
78,8,0.45,0.9979670321941647
78,8,0.50,0.997594088829296
78,8,0.55,0.998161700429925
78,8,0.60,0.9980108180869538
78,8,0.65,0.9984092526770147
78,8,0.70,0.998391031246474
78,8,0.75,0.9983064445239496
78,8,0.80,0.998251043752508
78,8,0.85,0.9985117667511206
78,8,0.90,0.9983192636599443
78,8,0.95,0.9985624747211231
78,9,0.05,0.9893347354944856
78,9,0.10,0.995897941226466
78,9,0.15,0.9968670554399305
78,9,0.20,0.9982123377058767
78,9,0.25,0.9973777673510482
78,9,0.30,0.9974662635575805
78,9,0.35,0.9976294981789413
78,9,0.40,0.9983077472570807
78,9,0.45,0.9980908139528973
78,9,0.50,0.9984756049898128
78,9,0.55,0.9985918957320981
78,9,0.60,0.9984892985268452
78,9,0.65,0.9985399975466631
78,9,0.70,0.9983904144978449
78,9,0.75,0.9986182571000679
78,9,0.80,0.9985537218018369
78,9,0.85,0.9985213778129772
78,9,0.90,0.9984589873240374
78,9,0.95,0.9984905862762158
79,0,0.05,0.9502014544971813
79,0,0.10,0.9943616828483544
79,0,0.15,0.9957511389707215
79,0,0.20,0.9976966030049137
79,0,0.25,0.997372551173582
79,0,0.30,0.9966995257935967
79,0,0.35,0.9984369198280121
79,0,0.40,0.9981940530787541
79,0,0.45,0.9982035815177647
79,0,0.50,0.9977613427326977
79,0,0.55,0.998564366505248
79,0,0.60,0.9984273425171982
79,0,0.65,0.9983840118740079
79,0,0.70,0.9982431186214302
79,0,0.75,0.9984610589077623
79,0,0.80,0.998452577293967
79,0,0.85,0.9983505473988132
79,0,0.90,0.9986288734869503
79,0,0.95,0.9984684245284586
79,1,0.05,0.9916812768129282
79,1,0.10,0.9960875544714876
79,1,0.15,0.9968916706062051
79,1,0.20,0.9973780193192824
79,1,0.25,0.9963895942768514
79,1,0.30,0.9982198839165414
79,1,0.35,0.9978944316250535
79,1,0.40,0.9984790478178249
79,1,0.45,0.9981161220680369
79,1,0.50,0.9981037922373972
79,1,0.55,0.9980149834256179
79,1,0.60,0.9983915193801326
79,1,0.65,0.9984611432651914
79,1,0.70,0.9981333897663246
79,1,0.75,0.9982152206284135
79,1,0.80,0.9981223409561584
79,1,0.85,0.9983979273881248
79,1,0.90,0.9986943176354482
79,1,0.95,0.9983801331681651
79,2,0.05,0.9945763426115763
79,2,0.10,0.9945524108756207
79,2,0.15,0.9964793182257365
79,2,0.20,0.997854384360716
79,2,0.25,0.9968415693129963
79,2,0.30,0.9982559116733888
79,2,0.35,0.9979789944197678
79,2,0.40,0.9980595023621349
79,2,0.45,0.9974056099167772
79,2,0.50,0.9980622139045995
79,2,0.55,0.9980274280823119
79,2,0.60,0.9981567727935912
79,2,0.65,0.9983538243410398
79,2,0.70,0.998357375507279
79,2,0.75,0.9982147464206728
79,2,0.80,0.9985636520179932
79,2,0.85,0.9980815872709203
79,2,0.90,0.998804899911566
79,2,0.95,0.9986672227185651
79,3,0.05,0.9888018067673134
79,3,0.10,0.9958865241667355
79,3,0.15,0.9962736182454136
79,3,0.20,0.9966127790027423
79,3,0.25,0.9983322941634121
79,3,0.30,0.9980329463143464
79,3,0.35,0.9980284479733846
79,3,0.40,0.9984781610954786
79,3,0.45,0.998358412315484
79,3,0.50,0.9983251557546712
79,3,0.55,0.9979615694141133
79,3,0.60,0.9985996011475329
79,3,0.65,0.9980232879164062
79,3,0.70,0.9983682074864039
79,3,0.75,0.9983830937415525
79,3,0.80,0.9984896384392888
79,3,0.85,0.9984573471717789
79,3,0.90,0.9981893052127514
79,3,0.95,0.998511858237697
79,4,0.05,0.9851275258284025
79,4,0.10,0.9956083423785433
79,4,0.15,0.9976674107648139
79,4,0.20,0.997255335225663
79,4,0.25,0.9975798817075154
79,4,0.30,0.9968614320719712
79,4,0.35,0.9979170924501538
79,4,0.40,0.9982579430870635
79,4,0.45,0.9984880085710882
79,4,0.50,0.9979408605295061
79,4,0.55,0.998188545396389
79,4,0.60,0.9985519900125195
79,4,0.65,0.9981585801844955
79,4,0.70,0.9982329766521112
79,4,0.75,0.9984844383245308
79,4,0.80,0.9980493206457771
79,4,0.85,0.9984197565774898
79,4,0.90,0.9984429530929285
79,4,0.95,0.9983776309000042
79,5,0.05,0.9776507621539623
79,5,0.10,0.992870853369935
79,5,0.15,0.995646329224217
79,5,0.20,0.9973361198224053
79,5,0.25,0.9969615397727778
79,5,0.30,0.9983682966747345
79,5,0.35,0.9978217165918665
79,5,0.40,0.9980915191600382
79,5,0.45,0.9981076807285202
79,5,0.50,0.9981724649140562
79,5,0.55,0.9983402031602638
79,5,0.60,0.9981118265084793
79,5,0.65,0.9982038359908243
79,5,0.70,0.9979449244277686
79,5,0.75,0.9983684046012243
79,5,0.80,0.9982108795678595
79,5,0.85,0.9984655440040381
79,5,0.90,0.9983465428449275
79,5,0.95,0.9983489727359639
79,6,0.05,0.994439393557557
79,6,0.10,0.9943553082854772
79,6,0.15,0.9949038110944691
79,6,0.20,0.9981853034335874
79,6,0.25,0.9969890540965869
79,6,0.30,0.9972142698916049
79,6,0.35,0.998185801129053
79,6,0.40,0.9984430243432887
79,6,0.45,0.9982289190502073
79,6,0.50,0.9984116180567734
79,6,0.55,0.9979507997738943
79,6,0.60,0.9982798235223876
79,6,0.65,0.998339600314003
79,6,0.70,0.9984733052584759
79,6,0.75,0.9982487739048849
79,6,0.80,0.9982956643770571
79,6,0.85,0.9983655819415531
79,6,0.90,0.9987848375026028
79,6,0.95,0.9987047900983085
79,7,0.05,0.9903893353199701
79,7,0.10,0.9908544148055461
79,7,0.15,0.9970590611487125
79,7,0.20,0.9975178308102713
79,7,0.25,0.9969083941523237
79,7,0.30,0.997808610929112
79,7,0.35,0.9981061976091906
79,7,0.40,0.9982698228010621
79,7,0.45,0.9985083149534376
79,7,0.50,0.9978007299445355
79,7,0.55,0.9983241156758629
79,7,0.60,0.9982633096150442
79,7,0.65,0.9980998709714788
79,7,0.70,0.9984037160947967
79,7,0.75,0.998283872458434
79,7,0.80,0.998231055463534
79,7,0.85,0.9982749739066286
79,7,0.90,0.9981691911701834
79,7,0.95,0.9983611712268122
79,8,0.05,0.9901512228594601
79,8,0.10,0.9954790152712261
79,8,0.15,0.9937425637791605
79,8,0.20,0.9972247458639305
79,8,0.25,0.9968611659848229
79,8,0.30,0.9978686888874214
79,8,0.35,0.9977842609472058
79,8,0.40,0.9984797065872318
79,8,0.45,0.9986197991353581
79,8,0.50,0.9978020370751236
79,8,0.55,0.9983200528990108
79,8,0.60,0.9980187360447212
79,8,0.65,0.998187725659851
79,8,0.70,0.9985593363909813
79,8,0.75,0.9984272010022397
79,8,0.80,0.9983127330832874
79,8,0.85,0.9985134211542598
79,8,0.90,0.9989156498952206
79,8,0.95,0.9985440498872583
79,9,0.05,0.9923076783919269
79,9,0.10,0.9941973955736477
79,9,0.15,0.9967148480805265
79,9,0.20,0.9967405959373511
79,9,0.25,0.9975327790761355
79,9,0.30,0.9981649492177621
79,9,0.35,0.9971458491481724
79,9,0.40,0.9975462462118414
79,9,0.45,0.9982489811021862
79,9,0.50,0.9978740714881741
79,9,0.55,0.9981048060457239
79,9,0.60,0.998170931640297
79,9,0.65,0.9983801411216254
79,9,0.70,0.9984357573326746
79,9,0.75,0.9986515046981773
79,9,0.80,0.998308098183214
79,9,0.85,0.9986954532376124
79,9,0.90,0.998570627370664
79,9,0.95,0.9985392751841411
80,0,0.05,0.9893493131043453
80,0,0.10,0.9979017410130994
80,0,0.15,0.9967434152947386
80,0,0.20,0.9973294897395257
80,0,0.25,0.9967623955315792
80,0,0.30,0.9972512176120368
80,0,0.35,0.998084687359388
80,0,0.40,0.9982385654139044
80,0,0.45,0.9984020657518033
80,0,0.50,0.9985658148100078
80,0,0.55,0.9984400715533304
80,0,0.60,0.998018678295304
80,0,0.65,0.9982094096184719
80,0,0.70,0.998698440528344
80,0,0.75,0.9986244395328214
80,0,0.80,0.9986009774550154
80,0,0.85,0.9985883574835565
80,0,0.90,0.9987236394346708
80,0,0.95,0.9981646139670759
80,1,0.05,0.9886037793525458
80,1,0.10,0.9978177988029177
80,1,0.15,0.9977250506574841
80,1,0.20,0.9966001372854026
80,1,0.25,0.9981273241255795
80,1,0.30,0.9972937413989055
80,1,0.35,0.9972720855360947
80,1,0.40,0.998087873886293
80,1,0.45,0.9982409376406636
80,1,0.50,0.9982571461904046
80,1,0.55,0.9984415375888479
80,1,0.60,0.9986242705847277
80,1,0.65,0.9979869287101618
80,1,0.70,0.9983137480931527
80,1,0.75,0.9983517673525
80,1,0.80,0.9982748457963024
80,1,0.85,0.9985004555351497
80,1,0.90,0.9982613624446247
80,1,0.95,0.9985201035911141
80,2,0.05,0.9926445027622514
80,2,0.10,0.9972621154757524
80,2,0.15,0.9966453302292612
80,2,0.20,0.9973258941310678
80,2,0.25,0.9974260734150922
80,2,0.30,0.9984350132462193
80,2,0.35,0.99777657681979
80,2,0.40,0.9984516886604893
80,2,0.45,0.9982502048779666
80,2,0.50,0.9981457645922971
80,2,0.55,0.9981700242659962
80,2,0.60,0.9986550623957143
80,2,0.65,0.9982271878888562
80,2,0.70,0.9987469987290135
80,2,0.75,0.9987155927812974
80,2,0.80,0.9982091196512486
80,2,0.85,0.9985931544331106
80,2,0.90,0.998559166962286
80,2,0.95,0.9985965110891385
80,3,0.05,0.9924356170719454
80,3,0.10,0.9953502814121142
80,3,0.15,0.9951950169092031
80,3,0.20,0.9965693285845912
80,3,0.25,0.9969872107586011
80,3,0.30,0.9977245932433111
80,3,0.35,0.9981096680769711
80,3,0.40,0.9978739959130071
80,3,0.45,0.9983303512277185
80,3,0.50,0.9985465953292592
80,3,0.55,0.997942182299346
80,3,0.60,0.9982019767309475
80,3,0.65,0.9981799467152542
80,3,0.70,0.9985768048845614
80,3,0.75,0.9983870015997404
80,3,0.80,0.9981817042268041
80,3,0.85,0.9986797573382368
80,3,0.90,0.998700962858097
80,3,0.95,0.998494724990472
80,4,0.05,0.9873263033112331
80,4,0.10,0.9955881515667347
80,4,0.15,0.9977943711663236
80,4,0.20,0.9955166408867643
80,4,0.25,0.997665630967231
80,4,0.30,0.9978621065556782
80,4,0.35,0.9987145413917718
80,4,0.40,0.9983868432598597
80,4,0.45,0.9981493846230758
80,4,0.50,0.9984244044423021
80,4,0.55,0.9982994812495182
80,4,0.60,0.9981952447455695
80,4,0.65,0.9983078412321325
80,4,0.70,0.9984851851614959
80,4,0.75,0.9982173474994073
80,4,0.80,0.9984956518449848
80,4,0.85,0.9985624130561658
80,4,0.90,0.9985118307305761
80,4,0.95,0.9987517047527807
80,5,0.05,0.9924333156694631
80,5,0.10,0.9963157962451933
80,5,0.15,0.9946214551509872
80,5,0.20,0.9972908614429544
80,5,0.25,0.9974670638507384
80,5,0.30,0.9979076481866386
80,5,0.35,0.9983014682701723
80,5,0.40,0.9984718721109838
80,5,0.45,0.9981722182403733
80,5,0.50,0.9981529402480962
80,5,0.55,0.9985896589410327
80,5,0.60,0.998417773809332
80,5,0.65,0.9984606807956438
80,5,0.70,0.9982774871446218
80,5,0.75,0.9984742194369461
80,5,0.80,0.998483552233063
80,5,0.85,0.9983686082244064
80,5,0.90,0.9986172206525868
80,5,0.95,0.998562009210914
80,6,0.05,0.9898146660233585
80,6,0.10,0.9969379584797261
80,6,0.15,0.997138868736985
80,6,0.20,0.9970947312055286
80,6,0.25,0.9980659113327732
80,6,0.30,0.9977536731986009
80,6,0.35,0.9978522769083973
80,6,0.40,0.9982069155487852
80,6,0.45,0.9983833987721334
80,6,0.50,0.9982161147986764
80,6,0.55,0.9983767992800361
80,6,0.60,0.9984671676198851
80,6,0.65,0.9980553379400849
80,6,0.70,0.9984217118084989
80,6,0.75,0.9981538135460425
80,6,0.80,0.9983212325757486
80,6,0.85,0.998282910675711
80,6,0.90,0.9985793103035641
80,6,0.95,0.9983373980880041
80,7,0.05,0.9699438270987457
80,7,0.10,0.9965177643818047
80,7,0.15,0.995965852376911
80,7,0.20,0.9971950901451493
80,7,0.25,0.9974470677399088
80,7,0.30,0.9976710909651642
80,7,0.35,0.998148198059083
80,7,0.40,0.9986888857435393
80,7,0.45,0.9985865350812315
80,7,0.50,0.9981205030198195
80,7,0.55,0.9979617427129972
80,7,0.60,0.9978713290305059
80,7,0.65,0.99833681061714
80,7,0.70,0.9983382828149742
80,7,0.75,0.998128546791644
80,7,0.80,0.9982608216185553
80,7,0.85,0.9984888544000733
80,7,0.90,0.9982345357836194
80,7,0.95,0.9987669548740451
80,8,0.05,0.9627013762462842
80,8,0.10,0.9930786758784429
80,8,0.15,0.9952344727177717
80,8,0.20,0.9962089504463427
80,8,0.25,0.9975322680250448
80,8,0.30,0.9979157178000666
80,8,0.35,0.9978571767524951
80,8,0.40,0.9982687738404525
80,8,0.45,0.9983479810865501
80,8,0.50,0.9981144765804701
80,8,0.55,0.9984941054660271
80,8,0.60,0.9985540228107075
80,8,0.65,0.9981037819676161
80,8,0.70,0.9979778237275844
80,8,0.75,0.9985336573779363
80,8,0.80,0.9982857590441846
80,8,0.85,0.9985374636475379
80,8,0.90,0.9984660032096804
80,8,0.95,0.9984341665501616
80,9,0.05,0.9844071551023823
80,9,0.10,0.9972566549679988
80,9,0.15,0.9966571513503035
80,9,0.20,0.9979448163473036
80,9,0.25,0.9971079204631976
80,9,0.30,0.998258960887853
80,9,0.35,0.9980050909125007
80,9,0.40,0.997875730682993
80,9,0.45,0.9980398622668616
80,9,0.50,0.9979595840519111
80,9,0.55,0.9984545282331855
80,9,0.60,0.9984489320332528
80,9,0.65,0.9982377076340271
80,9,0.70,0.9984449692869408
80,9,0.75,0.9985242627606081
80,9,0.80,0.9985533441678504
80,9,0.85,0.9983313111047392
80,9,0.90,0.9985795390597668
80,9,0.95,0.9982976842311426
81,0,0.05,0.9839887404337816
81,0,0.10,0.9961959221494786
81,0,0.15,0.9972892152507514
81,0,0.20,0.9965170323747197
81,0,0.25,0.998245291245085
81,0,0.30,0.9969601113669604
81,0,0.35,0.9977725071701201
81,0,0.40,0.9982225844816499
81,0,0.45,0.998380884010622
81,0,0.50,0.9977745401958308
81,0,0.55,0.9983826121024383
81,0,0.60,0.9983189771634055
81,0,0.65,0.9984167557609723
81,0,0.70,0.9983267165501429
81,0,0.75,0.9982057560196915
81,0,0.80,0.9985114508940109
81,0,0.85,0.9987143934854409
81,0,0.90,0.9985052753203689
81,0,0.95,0.9985300771123958
81,1,0.05,0.9756525046722179
81,1,0.10,0.9973324111210503
81,1,0.15,0.997284525106334
81,1,0.20,0.9969115746885385
81,1,0.25,0.9974936244518612
81,1,0.30,0.9971974178030899
81,1,0.35,0.9981321840701868
81,1,0.40,0.9981238649910216
81,1,0.45,0.9983424856625608
81,1,0.50,0.998476524833813
81,1,0.55,0.998371610388233
81,1,0.60,0.9980611658502005
81,1,0.65,0.9981184216183767
81,1,0.70,0.9985504090782079
81,1,0.75,0.9985130869324061
81,1,0.80,0.9984553327734617
81,1,0.85,0.9984395421678304
81,1,0.90,0.998771709202113
81,1,0.95,0.9985272763349243
81,2,0.05,0.9810695858376001
81,2,0.10,0.9983374597364807
81,2,0.15,0.9971481529301158
81,2,0.20,0.9983549885557487
81,2,0.25,0.9979506634868214
81,2,0.30,0.9967331084449558
81,2,0.35,0.9976675470518761
81,2,0.40,0.9978023449902613
81,2,0.45,0.998088323367119
81,2,0.50,0.9981380488866897
81,2,0.55,0.9986496464581466
81,2,0.60,0.9980416895461517
81,2,0.65,0.9981330415653786
81,2,0.70,0.9985197495414394
81,2,0.75,0.9984540383429358
81,2,0.80,0.9981890364075999
81,2,0.85,0.9984439148040406
81,2,0.90,0.9983922427367242
81,2,0.95,0.99834246635647
81,3,0.05,0.9967183757657615
81,3,0.10,0.9971161214427982
81,3,0.15,0.9961864791007302
81,3,0.20,0.9977175989880513
81,3,0.25,0.9984597617919511
81,3,0.30,0.9980384613207837
81,3,0.35,0.9974907994881683
81,3,0.40,0.9979272509190387
81,3,0.45,0.9984514663200367
81,3,0.50,0.9983623696168205
81,3,0.55,0.9984080253880394
81,3,0.60,0.9982907876902605
81,3,0.65,0.9984510712675629
81,3,0.70,0.9985592257984395
81,3,0.75,0.9980878196933366
81,3,0.80,0.998456087426186
81,3,0.85,0.9981831080575067
81,3,0.90,0.9985618448224238
81,3,0.95,0.9986518635826849
81,4,0.05,0.9875704983937982
81,4,0.10,0.9960740913289069
81,4,0.15,0.9973294969408079
81,4,0.20,0.9977350081878379
81,4,0.25,0.998418513648062
81,4,0.30,0.9985892137689779
81,4,0.35,0.9980178936794953
81,4,0.40,0.9987032301558317
81,4,0.45,0.9987122533362235
81,4,0.50,0.9981292931298462
81,4,0.55,0.9988375899417345
81,4,0.60,0.9981972066443419
81,4,0.65,0.9982955086208215
81,4,0.70,0.9986138465664032
81,4,0.75,0.9984298793736552
81,4,0.80,0.9985107313791761
81,4,0.85,0.9982775632021192
81,4,0.90,0.9982581486239499
81,4,0.95,0.9983685507458145
81,5,0.05,0.9924939911472977
81,5,0.10,0.9948417297917768
81,5,0.15,0.9975123981597223
81,5,0.20,0.9976617533209251
81,5,0.25,0.9982414090946254
81,5,0.30,0.9975916080427781
81,5,0.35,0.9989218452639907
81,5,0.40,0.9978585271215578
81,5,0.45,0.9982690635243453
81,5,0.50,0.9984048738035461
81,5,0.55,0.9978609827678524
81,5,0.60,0.9984066123871658
81,5,0.65,0.9984306460852397
81,5,0.70,0.9982490863199168
81,5,0.75,0.9982163257437022
81,5,0.80,0.9980144763701497
81,5,0.85,0.9985718088639801
81,5,0.90,0.998465971186586
81,5,0.95,0.9984628517805805
81,6,0.05,0.9918572153146993
81,6,0.10,0.9946855934666357
81,6,0.15,0.9965964692543154
81,6,0.20,0.9984649779427915
81,6,0.25,0.9975340837348573
81,6,0.30,0.9984001117223422
81,6,0.35,0.9976113685033071
81,6,0.40,0.9974145757124366
81,6,0.45,0.9983939943538954
81,6,0.50,0.9981990637924623
81,6,0.55,0.9984151965685999
81,6,0.60,0.9985255269383293
81,6,0.65,0.9986798859873321
81,6,0.70,0.9986100574468278
81,6,0.75,0.9984457312167191
81,6,0.80,0.9984874710585459
81,6,0.85,0.9983134102034918
81,6,0.90,0.9985109329960535
81,6,0.95,0.9985540793391261
81,7,0.05,0.990273332172764
81,7,0.10,0.9978744686792675
81,7,0.15,0.9964232682682893
81,7,0.20,0.9974887433278523
81,7,0.25,0.9978092267621299
81,7,0.30,0.9981534757084422
81,7,0.35,0.9987108280022207
81,7,0.40,0.9983537332306609
81,7,0.45,0.998448898469419
81,7,0.50,0.9981880533341644
81,7,0.55,0.9980701937630814
81,7,0.60,0.9985313526415112
81,7,0.65,0.9982627774882528
81,7,0.70,0.9986506920916264
81,7,0.75,0.9981778241776684
81,7,0.80,0.9987145093923059
81,7,0.85,0.9983754974966979
81,7,0.90,0.9985038868227057
81,7,0.95,0.9983510311256959
81,8,0.05,0.9934570926537403
81,8,0.10,0.9976566970520369
81,8,0.15,0.9979194191535344
81,8,0.20,0.9973613257976155
81,8,0.25,0.9980371090070536
81,8,0.30,0.997619749583959
81,8,0.35,0.9984377561519909
81,8,0.40,0.9978474549917468
81,8,0.45,0.9984231112409367
81,8,0.50,0.9986649191111382
81,8,0.55,0.9982343292641632
81,8,0.60,0.9985052947073646
81,8,0.65,0.9986401029646903
81,8,0.70,0.9979812331096909
81,8,0.75,0.9984023076245827
81,8,0.80,0.9984102361639613
81,8,0.85,0.9985614941601924
81,8,0.90,0.9984670720289907
81,8,0.95,0.9987559549543655
81,9,0.05,0.9868226352293175
81,9,0.10,0.997173071189194
81,9,0.15,0.9969978384472696
81,9,0.20,0.9976937663622762
81,9,0.25,0.9976436561682189
81,9,0.30,0.9983300173444932
81,9,0.35,0.9983102461267288
81,9,0.40,0.9979770251064309
81,9,0.45,0.9987017601538001
81,9,0.50,0.9983521176668927
81,9,0.55,0.9984456737952863
81,9,0.60,0.9984525324346586
81,9,0.65,0.9978741307485007
81,9,0.70,0.9985206205929629
81,9,0.75,0.9984797935510249
81,9,0.80,0.9983648384528616
81,9,0.85,0.9983474486884445
81,9,0.90,0.9986448847289512
81,9,0.95,0.9981605246592028
82,0,0.05,0.985814679292993
82,0,0.10,0.9965258452526802
82,0,0.15,0.9954360104437128
82,0,0.20,0.9957038823870282
82,0,0.25,0.9980746473132411
82,0,0.30,0.9976879543393237
82,0,0.35,0.9987014645068597
82,0,0.40,0.9983902775502544
82,0,0.45,0.9984020179025187
82,0,0.50,0.9983823662073982
82,0,0.55,0.9984529594480567
82,0,0.60,0.998452747808486
82,0,0.65,0.998645917562828
82,0,0.70,0.9983560986433347
82,0,0.75,0.9983161771019259
82,0,0.80,0.9984088077396784
82,0,0.85,0.9985805024471942
82,0,0.90,0.9985101289074895
82,0,0.95,0.9985296872563119
82,1,0.05,0.9935915837962057
82,1,0.10,0.9932042164641193
82,1,0.15,0.9960816347886792
82,1,0.20,0.9974107155422277
82,1,0.25,0.9976834232959902
82,1,0.30,0.9983298202587193
82,1,0.35,0.9976709032337029
82,1,0.40,0.9981443824474235
82,1,0.45,0.998752821247911
82,1,0.50,0.9981062128924704
82,1,0.55,0.9984994648511809
82,1,0.60,0.9985319943609794
82,1,0.65,0.9985567695992869
82,1,0.70,0.9983004399228635
82,1,0.75,0.9985120983043847
82,1,0.80,0.998425068092859
82,1,0.85,0.998307842058606
82,1,0.90,0.9983915260433848
82,1,0.95,0.9985766523195491
82,2,0.05,0.990355091407353
82,2,0.10,0.9961714130576762
82,2,0.15,0.9966873667750467
82,2,0.20,0.9976741937284773
82,2,0.25,0.9983913399486751
82,2,0.30,0.9982928193332568
82,2,0.35,0.99785326879914
82,2,0.40,0.9982500889418902
82,2,0.45,0.9978310724889512
82,2,0.50,0.998578698824582
82,2,0.55,0.9987960686665672
82,2,0.60,0.9983907299712009
82,2,0.65,0.9984716429513549
82,2,0.70,0.9980516829751056
82,2,0.75,0.9986408717648915
82,2,0.80,0.9984774989976124
82,2,0.85,0.998480058087321
82,2,0.90,0.9985287797101235
82,2,0.95,0.9984745559733847
82,3,0.05,0.9921008311358033
82,3,0.10,0.9945959981426645
82,3,0.15,0.9975428992831563
82,3,0.20,0.9979210091725562
82,3,0.25,0.998253363771614
82,3,0.30,0.9977008590529036
82,3,0.35,0.9979968620212737
82,3,0.40,0.9979631837940259
82,3,0.45,0.9983749989175565
82,3,0.50,0.99855122755145
82,3,0.55,0.9983890489728166
82,3,0.60,0.9984761799045381
82,3,0.65,0.9985945296949148
82,3,0.70,0.9985036907262966
82,3,0.75,0.9984204439764888
82,3,0.80,0.9985258339943128
82,3,0.85,0.9983259417273839
82,3,0.90,0.9981784657123449
82,3,0.95,0.9984448085090466
82,4,0.05,0.9891651503667916
82,4,0.10,0.9959950418237054
82,4,0.15,0.9967061195026462
82,4,0.20,0.996652571518156
82,4,0.25,0.9983796132958644
82,4,0.30,0.9981589221386307
82,4,0.35,0.9979316684410172
82,4,0.40,0.9981512168747946
82,4,0.45,0.9982966676802555
82,4,0.50,0.9983384151873733
82,4,0.55,0.9984141552608066
82,4,0.60,0.998244626920244
82,4,0.65,0.9986317546060847
82,4,0.70,0.9983739211935889
82,4,0.75,0.9981631807038949
82,4,0.80,0.9986427891206683
82,4,0.85,0.9985215458223027
82,4,0.90,0.9986768847404909
82,4,0.95,0.9986220592370307
82,5,0.05,0.9827940618288048
82,5,0.10,0.9957135175002607
82,5,0.15,0.9956546048436877
82,5,0.20,0.9984760488890347
82,5,0.25,0.9983177064864727
82,5,0.30,0.9980670037389249
82,5,0.35,0.9976774892403927
82,5,0.40,0.9981215728591308
82,5,0.45,0.9981336368687083
82,5,0.50,0.9979781573776321
82,5,0.55,0.9982866027079818
82,5,0.60,0.9983361575413708
82,5,0.65,0.998532078731236
82,5,0.70,0.9983816619448974
82,5,0.75,0.9984901730693362
82,5,0.80,0.9986162045149284
82,5,0.85,0.9985475723445983
82,5,0.90,0.9985562424158989
82,5,0.95,0.9984559534569031
82,6,0.05,0.9952253315747357
82,6,0.10,0.9971752925288019
82,6,0.15,0.9962737766610612
82,6,0.20,0.9981964597603983
82,6,0.25,0.9980020912339667
82,6,0.30,0.9982766128166942
82,6,0.35,0.9972703624717841
82,6,0.40,0.9984584680054833
82,6,0.45,0.9981783437419409
82,6,0.50,0.9979828690689385
82,6,0.55,0.9983658246670623
82,6,0.60,0.9982634734956504
82,6,0.65,0.9983873795462883
82,6,0.70,0.9985511946655449
82,6,0.75,0.9985915035599475
82,6,0.80,0.998748361912878
82,6,0.85,0.9984877562166782
82,6,0.90,0.9983633383495218
82,6,0.95,0.9986200161789297
82,7,0.05,0.9915348001465472
82,7,0.10,0.9942287556315154
82,7,0.15,0.9970924741445151
82,7,0.20,0.9979120070829294
82,7,0.25,0.9981395757730858
82,7,0.30,0.9983076666797654
82,7,0.35,0.9985142066376184
82,7,0.40,0.9986651062759277
82,7,0.45,0.9989543520103009
82,7,0.50,0.9984279409410035
82,7,0.55,0.9981126225631641
82,7,0.60,0.9982717400779332
82,7,0.65,0.9985160304801154
82,7,0.70,0.9985679943044606
82,7,0.75,0.9985204285564317
82,7,0.80,0.9982064061909124
82,7,0.85,0.9986211130133612
82,7,0.90,0.9985218275626646
82,7,0.95,0.998524234859106
82,8,0.05,0.9912738947651982
82,8,0.10,0.9959212470688905
82,8,0.15,0.9956344972515424
82,8,0.20,0.9982215561200277
82,8,0.25,0.9981802496649865
82,8,0.30,0.9979434191916436
82,8,0.35,0.9979581616540886
82,8,0.40,0.9982584128482772
82,8,0.45,0.9983339592546108
82,8,0.50,0.9983151872383793
82,8,0.55,0.9985280461115299
82,8,0.60,0.998616275332383
82,8,0.65,0.9985814220366138
82,8,0.70,0.9984781711532505
82,8,0.75,0.998413141748428
82,8,0.80,0.9984828199298784
82,8,0.85,0.9985532917476648
82,8,0.90,0.9987673857798658
82,8,0.95,0.9985137881199279
82,9,0.05,0.9893663437842809
82,9,0.10,0.9955694463542921
82,9,0.15,0.9965956146804353
82,9,0.20,0.9967245307464592
82,9,0.25,0.9977370671661583
82,9,0.30,0.998255036915607
82,9,0.35,0.9986117806975573
82,9,0.40,0.9981083150086879
82,9,0.45,0.9982534830469134
82,9,0.50,0.9985431741355583
82,9,0.55,0.9985968456268036
82,9,0.60,0.9982342926671409
82,9,0.65,0.9985080109362646
82,9,0.70,0.9982794881179216
82,9,0.75,0.9981148371214795
82,9,0.80,0.9983755452246587
82,9,0.85,0.9985652717622635
82,9,0.90,0.9985680873002116
82,9,0.95,0.9985685405651671
83,0,0.05,0.9540221010137534
83,0,0.10,0.9967817539400454
83,0,0.15,0.9973454359327887
83,0,0.20,0.9972866893314716
83,0,0.25,0.997457046612888
83,0,0.30,0.9978155881291315
83,0,0.35,0.9980310120990799
83,0,0.40,0.9978793795276673
83,0,0.45,0.9977744927732524
83,0,0.50,0.9984986977838085
83,0,0.55,0.9984354137273859
83,0,0.60,0.998548803028117
83,0,0.65,0.9982747319676034
83,0,0.70,0.9980822341425062
83,0,0.75,0.9982739688355051
83,0,0.80,0.9981511352622321
83,0,0.85,0.9984038913758685
83,0,0.90,0.9985151575970099
83,0,0.95,0.9985970902043418
83,1,0.05,0.9884692391734606
83,1,0.10,0.9971232198121444
83,1,0.15,0.9966839482686766
83,1,0.20,0.996792126675071
83,1,0.25,0.9970460345285947
83,1,0.30,0.9983406894553652
83,1,0.35,0.9979983058259663
83,1,0.40,0.9982788101883101
83,1,0.45,0.9975826389282734
83,1,0.50,0.9984044500950175
83,1,0.55,0.9982359399582228
83,1,0.60,0.9982052430068238
83,1,0.65,0.9983148113153453
83,1,0.70,0.9985250566045372
83,1,0.75,0.998224767812602
83,1,0.80,0.9982345049817354
83,1,0.85,0.9985217226315651
83,1,0.90,0.9982850041998522
83,1,0.95,0.9985386601952427
83,2,0.05,0.9951290661223338
83,2,0.10,0.9971176619009214
83,2,0.15,0.9967600287921579
83,2,0.20,0.9963391030536137
83,2,0.25,0.9976382961790045
83,2,0.30,0.9979856460586592
83,2,0.35,0.9980221398179273
83,2,0.40,0.9977491773971834
83,2,0.45,0.9981166122219299
83,2,0.50,0.9983408733257247
83,2,0.55,0.9979979192617582
83,2,0.60,0.9980117860797981
83,2,0.65,0.9981990047983348
83,2,0.70,0.9981236371333683
83,2,0.75,0.9982147291289273
83,2,0.80,0.9985365560197685
83,2,0.85,0.9984274987521761
83,2,0.90,0.9986991237536671
83,2,0.95,0.9984738457086699
83,3,0.05,0.993966233466005
83,3,0.10,0.995500249178296
83,3,0.15,0.9973597590625394
83,3,0.20,0.9981085602537296
83,3,0.25,0.9973188932911654
83,3,0.30,0.9976403296528196
83,3,0.35,0.997472936421075
83,3,0.40,0.9983223369807785
83,3,0.45,0.9976057527422084
83,3,0.50,0.9977341843221156
83,3,0.55,0.9983411002051706
83,3,0.60,0.9982775341665046
83,3,0.65,0.9981325326651912
83,3,0.70,0.9982746850841858
83,3,0.75,0.998048349105438
83,3,0.80,0.9984060328135851
83,3,0.85,0.9982457111333316
83,3,0.90,0.9984914955303121
83,3,0.95,0.9985297134068091
83,4,0.05,0.9876074426407376
83,4,0.10,0.9964963560968771
83,4,0.15,0.9969316946250132
83,4,0.20,0.9960143459936145
83,4,0.25,0.9983247551213374
83,4,0.30,0.9972263422347325
83,4,0.35,0.9975421280208039
83,4,0.40,0.9978349213824883
83,4,0.45,0.9976828569932029
83,4,0.50,0.9986481529241045
83,4,0.55,0.9981385454155508
83,4,0.60,0.9986799810014133
83,4,0.65,0.9977293929454603
83,4,0.70,0.9979965814406945
83,4,0.75,0.9979858063039001
83,4,0.80,0.9984918393894994
83,4,0.85,0.9983740546252348
83,4,0.90,0.9983940741460103
83,4,0.95,0.9982224478191197
83,5,0.05,0.9916408051983365
83,5,0.10,0.9964163807556982
83,5,0.15,0.9983858593343171
83,5,0.20,0.9975222946321134
83,5,0.25,0.9960735958369891
83,5,0.30,0.9973574837861001
83,5,0.35,0.9967696974833441
83,5,0.40,0.9981242388560835
83,5,0.45,0.9982707070298468
83,5,0.50,0.9982131447248137
83,5,0.55,0.9978887036263576
83,5,0.60,0.9981395067684725
83,5,0.65,0.9980089003471787
83,5,0.70,0.9977858266160848
83,5,0.75,0.9984376568702201
83,5,0.80,0.9986237619083449
83,5,0.85,0.9985676790548278
83,5,0.90,0.9982840047579852
83,5,0.95,0.9982516400535872
83,6,0.05,0.9941665944124252
83,6,0.10,0.9938822946842397
83,6,0.15,0.9965875182093552
83,6,0.20,0.9977367838259656
83,6,0.25,0.9977243484077247
83,6,0.30,0.9977209473153539
83,6,0.35,0.9982804574336017
83,6,0.40,0.9981830359479342
83,6,0.45,0.9981600473558795
83,6,0.50,0.9975849725642408
83,6,0.55,0.9985025350134474
83,6,0.60,0.9979253157880503
83,6,0.65,0.9984686574752505
83,6,0.70,0.998063940689971
83,6,0.75,0.9982810211238586
83,6,0.80,0.9984579958264822
83,6,0.85,0.9982440962779761
83,6,0.90,0.9983160690422591
83,6,0.95,0.9981240334901296
83,7,0.05,0.9923424586354697
83,7,0.10,0.9948951972235819
83,7,0.15,0.995630827951286
83,7,0.20,0.9976566492207422
83,7,0.25,0.9966922452616137
83,7,0.30,0.9979567307242921
83,7,0.35,0.9973587199962493
83,7,0.40,0.9976497632703414
83,7,0.45,0.9977122159241665
83,7,0.50,0.9982474806442586
83,7,0.55,0.9980324199450659
83,7,0.60,0.9977000385166909
83,7,0.65,0.9982499638310834
83,7,0.70,0.9981674361722029
83,7,0.75,0.9982930783787454
83,7,0.80,0.9984013363587024
83,7,0.85,0.9985552394779623
83,7,0.90,0.9984181568444352
83,7,0.95,0.9983179044599211
83,8,0.05,0.9891682675863502
83,8,0.10,0.9957688961604466
83,8,0.15,0.9953377586830596
83,8,0.20,0.9980605153147287
83,8,0.25,0.9977880562876792
83,8,0.30,0.9973106814369355
83,8,0.35,0.9977417726569434
83,8,0.40,0.9974284916732482
83,8,0.45,0.9980700723897395
83,8,0.50,0.9984415723872238
83,8,0.55,0.9979157263248705
83,8,0.60,0.9982472812115337
83,8,0.65,0.9979746526715272
83,8,0.70,0.9982299947103737
83,8,0.75,0.9981672398914054
83,8,0.80,0.9983166831141166
83,8,0.85,0.9984067520469737
83,8,0.90,0.9983682570697019
83,8,0.95,0.9985447236035677
83,9,0.05,0.9904983617509745
83,9,0.10,0.9958431409940246
83,9,0.15,0.9959548134304662
83,9,0.20,0.9979531864842144
83,9,0.25,0.9977695548107905
83,9,0.30,0.9980291419337461
83,9,0.35,0.9975756729362574
83,9,0.40,0.9975226698482315
83,9,0.45,0.9982934057918741
83,9,0.50,0.9979408909727053
83,9,0.55,0.9979842014014532
83,9,0.60,0.9982354148636119
83,9,0.65,0.9980559313431865
83,9,0.70,0.9979485136774963
83,9,0.75,0.9980749924402649
83,9,0.80,0.9980956743341627
83,9,0.85,0.9985371276959182
83,9,0.90,0.9984547326981413
83,9,0.95,0.9983863964993703
84,0,0.05,0.9925541009695108
84,0,0.10,0.9751545251162995
84,0,0.15,0.9984410283447168
84,0,0.20,0.9968326121391812
84,0,0.25,0.9978055837714725
84,0,0.30,0.997957503034973
84,0,0.35,0.9984944939577749
84,0,0.40,0.9975809687282827
84,0,0.45,0.998270350800039
84,0,0.50,0.998227683271096
84,0,0.55,0.9980676729456631
84,0,0.60,0.998143346996426
84,0,0.65,0.9983251634738498
84,0,0.70,0.9984686988596366
84,0,0.75,0.9986633520608524
84,0,0.80,0.9982916005955846
84,0,0.85,0.9985575227677174
84,0,0.90,0.9986157913561863
84,0,0.95,0.9987802097668951
84,1,0.05,0.9930364086469416
84,1,0.10,0.996589799900094
84,1,0.15,0.9974484156113415
84,1,0.20,0.996841880653233
84,1,0.25,0.9980191987748278
84,1,0.30,0.9979053546008506
84,1,0.35,0.997020720983188
84,1,0.40,0.9977389773017733
84,1,0.45,0.9973215205711301
84,1,0.50,0.9978695623990325
84,1,0.55,0.9983059340760865
84,1,0.60,0.9980011619954977
84,1,0.65,0.9984306966353405
84,1,0.70,0.9984924887734759
84,1,0.75,0.9980739582565586
84,1,0.80,0.998433787176671
84,1,0.85,0.998750858094925
84,1,0.90,0.9983084708465387
84,1,0.95,0.9982944200974408
84,2,0.05,0.9917892986519711
84,2,0.10,0.993556122176497
84,2,0.15,0.9966813149442206
84,2,0.20,0.9961639067511704
84,2,0.25,0.9984465342332544
84,2,0.30,0.9973559810860956
84,2,0.35,0.9982083221896102
84,2,0.40,0.9982062301441627
84,2,0.45,0.9978054202112627
84,2,0.50,0.9982861852662538
84,2,0.55,0.9983988963388231
84,2,0.60,0.9988639550746957
84,2,0.65,0.9980331820384781
84,2,0.70,0.9981311308304706
84,2,0.75,0.9981421805334367
84,2,0.80,0.9983338701382675
84,2,0.85,0.9986111548807208
84,2,0.90,0.99843800320638
84,2,0.95,0.9982197910168426
84,3,0.05,0.9951067921780026
84,3,0.10,0.9951372614780499
84,3,0.15,0.996749017173569
84,3,0.20,0.9972524249538266
84,3,0.25,0.9988227167405013
84,3,0.30,0.9978350736807863
84,3,0.35,0.9982007358550369
84,3,0.40,0.9982164413844444
84,3,0.45,0.9977896814140486
84,3,0.50,0.9982596691796196
84,3,0.55,0.9975915426342443
84,3,0.60,0.9982088833465822
84,3,0.65,0.9985399616820895
84,3,0.70,0.9985117196882168
84,3,0.75,0.9983521383471684
84,3,0.80,0.9987411997140125
84,3,0.85,0.9984818345583387
84,3,0.90,0.9983730171207754
84,3,0.95,0.9984728884797933
84,4,0.05,0.9939825553976281
84,4,0.10,0.9945765377788145
84,4,0.15,0.995767166515448
84,4,0.20,0.9972685095961787
84,4,0.25,0.9974177473289662
84,4,0.30,0.9982373626818639
84,4,0.35,0.9972818124563246
84,4,0.40,0.9977407342928496
84,4,0.45,0.9979619542216374
84,4,0.50,0.9979253371779037
84,4,0.55,0.9979390966802101
84,4,0.60,0.998253725791519
84,4,0.65,0.9987695090042178
84,4,0.70,0.9985931415601905
84,4,0.75,0.9985033115889113
84,4,0.80,0.9985668431350989
84,4,0.85,0.9984687927407712
84,4,0.90,0.998415631741994
84,4,0.95,0.998451663347319
84,5,0.05,0.9918515965437048
84,5,0.10,0.9971031889513385
84,5,0.15,0.9963679903512388
84,5,0.20,0.9971807452026953
84,5,0.25,0.9986186649791471
84,5,0.30,0.9981332037293427
84,5,0.35,0.9975907217160185
84,5,0.40,0.9978058310595753
84,5,0.45,0.9982666526529707
84,5,0.50,0.998493281411014
84,5,0.55,0.9980921979177004
84,5,0.60,0.9983053342481387
84,5,0.65,0.9983232168602081
84,5,0.70,0.9985866438973052
84,5,0.75,0.9983088706539363
84,5,0.80,0.9985409562557692
84,5,0.85,0.9983216946904575
84,5,0.90,0.9985425198550426
84,5,0.95,0.9984195018495124
84,6,0.05,0.9901140733026813
84,6,0.10,0.9970045846959725
84,6,0.15,0.9965586783987439
84,6,0.20,0.995984475290915
84,6,0.25,0.9968336559393465
84,6,0.30,0.9982264498074542
84,6,0.35,0.9978253165716092
84,6,0.40,0.9973992079289609
84,6,0.45,0.9981906934917789
84,6,0.50,0.998156452909865
84,6,0.55,0.9979419775700342
84,6,0.60,0.9981684041484449
84,6,0.65,0.9981534606575211
84,6,0.70,0.9980895439613464
84,6,0.75,0.9986599099906147
84,6,0.80,0.9984515974915888
84,6,0.85,0.9985145483522614
84,6,0.90,0.9984669163351894
84,6,0.95,0.9984591916283437
84,7,0.05,0.995541422986364
84,7,0.10,0.9970807304132637
84,7,0.15,0.9982404550231856
84,7,0.20,0.9966983481084842
84,7,0.25,0.9981986739374171
84,7,0.30,0.997339009106526
84,7,0.35,0.9980847968637085
84,7,0.40,0.9978644838005419
84,7,0.45,0.9986583879221725
84,7,0.50,0.9980349112113036
84,7,0.55,0.998330855305109
84,7,0.60,0.9983127785897667
84,7,0.65,0.9980177710793285
84,7,0.70,0.9983169728663732
84,7,0.75,0.997973393278316
84,7,0.80,0.9989192905445512
84,7,0.85,0.9985227209562157
84,7,0.90,0.9984792463430472
84,7,0.95,0.9983059724829499
84,8,0.05,0.9917894388282995
84,8,0.10,0.9977723543047267
84,8,0.15,0.9982788534397501
84,8,0.20,0.9973553659393141
84,8,0.25,0.9970037695872673
84,8,0.30,0.9974055425348873
84,8,0.35,0.9984325063798665
84,8,0.40,0.9977782062598052
84,8,0.45,0.9979068788343884
84,8,0.50,0.9986988376377886
84,8,0.55,0.9973194081348276
84,8,0.60,0.9981540975361908
84,8,0.65,0.9982875477806125
84,8,0.70,0.9988251997524044
84,8,0.75,0.9985393598817242
84,8,0.80,0.9985295245638385
84,8,0.85,0.9980724158043784
84,8,0.90,0.9982118325986136
84,8,0.95,0.9984005371805988
84,9,0.05,0.9926801966909715
84,9,0.10,0.9980669251168731
84,9,0.15,0.9974847578261047
84,9,0.20,0.9974676910478855
84,9,0.25,0.998309707016777
84,9,0.30,0.9975299815770794
84,9,0.35,0.9986717856255666
84,9,0.40,0.9975477232639198
84,9,0.45,0.9985102170981217
84,9,0.50,0.9977986306821559
84,9,0.55,0.9986929162340757
84,9,0.60,0.9982306099795107
84,9,0.65,0.9978670605698755
84,9,0.70,0.9981250253384089
84,9,0.75,0.9980041798387185
84,9,0.80,0.9981987962236457
84,9,0.85,0.9984535009365104
84,9,0.90,0.998669364951711
84,9,0.95,0.9987221811305369
85,0,0.05,0.9937732407300217
85,0,0.10,0.9944960873600395
85,0,0.15,0.9971812667418264
85,0,0.20,0.997566244178547
85,0,0.25,0.9983581405150942
85,0,0.30,0.9979434057767788
85,0,0.35,0.9986167657729843
85,0,0.40,0.998148622488505
85,0,0.45,0.9986050995192474
85,0,0.50,0.9979161411054623
85,0,0.55,0.99801634840677
85,0,0.60,0.9981493226306501
85,0,0.65,0.9983664839538404
85,0,0.70,0.9982717247048741
85,0,0.75,0.9985535277160881
85,0,0.80,0.9986088585308642
85,0,0.85,0.9982514686135392
85,0,0.90,0.9986119765706555
85,0,0.95,0.998252661253272
85,1,0.05,0.9783626175774139
85,1,0.10,0.9971314322162627
85,1,0.15,0.9971851739516814
85,1,0.20,0.9973352094408722
85,1,0.25,0.9980894269428969
85,1,0.30,0.9976378549129944
85,1,0.35,0.9983613214213538
85,1,0.40,0.9985942461474062
85,1,0.45,0.9976461156059401
85,1,0.50,0.9985716799690557
85,1,0.55,0.9986001836632529
85,1,0.60,0.9978357371512442
85,1,0.65,0.9985629523234737
85,1,0.70,0.9986507846993624
85,1,0.75,0.9984975274281419
85,1,0.80,0.9985490848793536
85,1,0.85,0.9987539910548897
85,1,0.90,0.9984105480327579
85,1,0.95,0.998723456049939
85,2,0.05,0.9891380403588597
85,2,0.10,0.9971948365574721
85,2,0.15,0.9971448629745886
85,2,0.20,0.9972630623011133
85,2,0.25,0.9977116928212193
85,2,0.30,0.9984253202864846
85,2,0.35,0.9978428774703434
85,2,0.40,0.9982483501472162
85,2,0.45,0.9985584326042192
85,2,0.50,0.9985354556034406
85,2,0.55,0.9980003653956512
85,2,0.60,0.9984830597390316
85,2,0.65,0.9985317710381868
85,2,0.70,0.9985476769750723
85,2,0.75,0.9983072932087976
85,2,0.80,0.9983004615291534
85,2,0.85,0.9983695070417833
85,2,0.90,0.9984595108936858
85,2,0.95,0.9984282401080915
85,3,0.05,0.9915685983153454
85,3,0.10,0.9966992382213077
85,3,0.15,0.9967535488911573
85,3,0.20,0.9977562096519847
85,3,0.25,0.9982302826924796
85,3,0.30,0.998353239558105
85,3,0.35,0.997573786733869
85,3,0.40,0.9977975005125037
85,3,0.45,0.9983321244373085
85,3,0.50,0.9983171905944186
85,3,0.55,0.9979225460508753
85,3,0.60,0.9982783039019687
85,3,0.65,0.9978656320764938
85,3,0.70,0.9988496794302619
85,3,0.75,0.9985199909681725
85,3,0.80,0.9981485430096821
85,3,0.85,0.9985435685078595
85,3,0.90,0.9983709396939211
85,3,0.95,0.9981624159956252
85,4,0.05,0.9872945280403346
85,4,0.10,0.9939217713340694
85,4,0.15,0.9964743611947076
85,4,0.20,0.9984923407214009
85,4,0.25,0.9978505392875981
85,4,0.30,0.9983758317770767
85,4,0.35,0.9984863939965327
85,4,0.40,0.998454828384739
85,4,0.45,0.9984700627718998
85,4,0.50,0.9986811830601328
85,4,0.55,0.9985687455288283
85,4,0.60,0.9983185710603825
85,4,0.65,0.9981726835849323
85,4,0.70,0.9984194474484275
85,4,0.75,0.998384360043352
85,4,0.80,0.9983910321578207
85,4,0.85,0.9983441981971943
85,4,0.90,0.9984049884510219
85,4,0.95,0.9986663799149725
85,5,0.05,0.9949437086007574
85,5,0.10,0.9965994311246675
85,5,0.15,0.9976732506947757
85,5,0.20,0.9963015102815874
85,5,0.25,0.998207435734067
85,5,0.30,0.9978201219230349
85,5,0.35,0.9982632515535791
85,5,0.40,0.998513007589168
85,5,0.45,0.9979633669559909
85,5,0.50,0.9983654099878778
85,5,0.55,0.9978939349058844
85,5,0.60,0.9981263507668328
85,5,0.65,0.9987668322007855
85,5,0.70,0.9985967482810476
85,5,0.75,0.9980870354120444
85,5,0.80,0.998538571186194
85,5,0.85,0.9983817869240271
85,5,0.90,0.9982822771473463
85,5,0.95,0.9988187163117247
85,6,0.05,0.9936483745809226
85,6,0.10,0.9954506292466251
85,6,0.15,0.9955692647040995
85,6,0.20,0.997772923577055
85,6,0.25,0.9981975380734704
85,6,0.30,0.9982334404140641
85,6,0.35,0.9983697370121876
85,6,0.40,0.9988279016047106
85,6,0.45,0.9982366343822375
85,6,0.50,0.9982626560248262
85,6,0.55,0.998264945097395
85,6,0.60,0.9980951845557847
85,6,0.65,0.9982867289521378
85,6,0.70,0.9986089486064774
85,6,0.75,0.9977852371493551
85,6,0.80,0.9985352292121737
85,6,0.85,0.9983266624078557
85,6,0.90,0.9986441246439745
85,6,0.95,0.9985616638645997
85,7,0.05,0.9904416289801022
85,7,0.10,0.9972355275467902
85,7,0.15,0.9976984466434268
85,7,0.20,0.997563932993729
85,7,0.25,0.9979101535507395
85,7,0.30,0.9985770013280485
85,7,0.35,0.9985576544726298
85,7,0.40,0.9987271224125599
85,7,0.45,0.9981788062120359
85,7,0.50,0.9982932681456934
85,7,0.55,0.9984260459536319
85,7,0.60,0.9985208602423826
85,7,0.65,0.9985245536964692
85,7,0.70,0.9984406971640184
85,7,0.75,0.9980752565101565
85,7,0.80,0.9980214834314309
85,7,0.85,0.9983931496118348
85,7,0.90,0.9984248102959099
85,7,0.95,0.9984530643931775
85,8,0.05,0.9926904828817257
85,8,0.10,0.9928156119737279
85,8,0.15,0.9971477803110383
85,8,0.20,0.9985912771403859
85,8,0.25,0.9985792041681611
85,8,0.30,0.9978602621782311
85,8,0.35,0.9985976885042431
85,8,0.40,0.9985001817163549
85,8,0.45,0.9979124954010402
85,8,0.50,0.997814159205658
85,8,0.55,0.9981533088809087
85,8,0.60,0.9982717490678576
85,8,0.65,0.9984501511262908
85,8,0.70,0.9982018188618695
85,8,0.75,0.998334275705656
85,8,0.80,0.9983858918022229
85,8,0.85,0.9986457350303876
85,8,0.90,0.9983083960811633
85,8,0.95,0.9981150633141008
85,9,0.05,0.9944227208717681
85,9,0.10,0.9952371068084904
85,9,0.15,0.998225487096245
85,9,0.20,0.9976135574378617
85,9,0.25,0.9982661405170341
85,9,0.30,0.9980924893238382
85,9,0.35,0.9981158439401008
85,9,0.40,0.9982210552451658
85,9,0.45,0.9980372643227413
85,9,0.50,0.9983680323880372
85,9,0.55,0.9981388669619637
85,9,0.60,0.9983952027679086
85,9,0.65,0.9981234196707284
85,9,0.70,0.9983340089954066
85,9,0.75,0.99815227174628
85,9,0.80,0.998143465769965
85,9,0.85,0.9986349777459864
85,9,0.90,0.9985371341249671
85,9,0.95,0.998564412352884
86,0,0.05,0.9914571524783952
86,0,0.10,0.9962617411705897
86,0,0.15,0.9975028097323395
86,0,0.20,0.9985192906033273
86,0,0.25,0.9977510042029076
86,0,0.30,0.9981588994037307
86,0,0.35,0.9974615127873708
86,0,0.40,0.9984396892868772
86,0,0.45,0.9985472949160066
86,0,0.50,0.9981014663348894
86,0,0.55,0.9984029533460036
86,0,0.60,0.998082697637377
86,0,0.65,0.9980994027999487
86,0,0.70,0.998537746866494
86,0,0.75,0.9982462233894449
86,0,0.80,0.9984711141784905
86,0,0.85,0.9985150375027377
86,0,0.90,0.9985312358966849
86,0,0.95,0.9984352943013857
86,1,0.05,0.9854389969495327
86,1,0.10,0.994249495758558
86,1,0.15,0.997672750592207
86,1,0.20,0.9974404410433458
86,1,0.25,0.997380130657642
86,1,0.30,0.9971687014624275
86,1,0.35,0.9979849084777641
86,1,0.40,0.9984788453828694
86,1,0.45,0.9979481400582629
86,1,0.50,0.9980193265853753
86,1,0.55,0.9981152843878016
86,1,0.60,0.9983302437211212
86,1,0.65,0.9984634937757467
86,1,0.70,0.9981696911896298
86,1,0.75,0.9983223323899607
86,1,0.80,0.9982935479565621
86,1,0.85,0.9982734936636368
86,1,0.90,0.9984660044834133
86,1,0.95,0.9985917620219673
86,2,0.05,0.9778456713722061
86,2,0.10,0.9946598532666366
86,2,0.15,0.99720397643277
86,2,0.20,0.996906600821174
86,2,0.25,0.9977662773217081
86,2,0.30,0.9980277739996614
86,2,0.35,0.9978621306785216
86,2,0.40,0.9976905818639652
86,2,0.45,0.9978986220384394
86,2,0.50,0.9982636858331753
86,2,0.55,0.9985403350305195
86,2,0.60,0.9985197782366605
86,2,0.65,0.9982179355914161
86,2,0.70,0.9984109943358186
86,2,0.75,0.998301922475437
86,2,0.80,0.9985413757647461
86,2,0.85,0.9984967518005753
86,2,0.90,0.9984676533561172
86,2,0.95,0.9985950455954836
86,3,0.05,0.9821783936288824
86,3,0.10,0.9931444954144778
86,3,0.15,0.9964622344254899
86,3,0.20,0.9968071805401069
86,3,0.25,0.9974791057558107
86,3,0.30,0.9980010810491223
86,3,0.35,0.9979588395657584
86,3,0.40,0.9979437543265037
86,3,0.45,0.9980656138639414
86,3,0.50,0.9976844337645399
86,3,0.55,0.9978934622655741
86,3,0.60,0.9983500226413136
86,3,0.65,0.9986118124186231
86,3,0.70,0.998528600659693
86,3,0.75,0.99849698022522
86,3,0.80,0.9982388968524051
86,3,0.85,0.9985768380950542
86,3,0.90,0.998612654953188
86,3,0.95,0.9984523768136827
86,4,0.05,0.984410844543081
86,4,0.10,0.9953523032099441
86,4,0.15,0.9949074656585787
86,4,0.20,0.9975073777713174
86,4,0.25,0.997976071172276
86,4,0.30,0.998181263173895
86,4,0.35,0.9975535308132136
86,4,0.40,0.9976776072889606
86,4,0.45,0.9982766265866116
86,4,0.50,0.9982503847903087
86,4,0.55,0.9985911946319205
86,4,0.60,0.9979618325072299
86,4,0.65,0.9981290622371953
86,4,0.70,0.9984248242266225
86,4,0.75,0.9987094351480447
86,4,0.80,0.9985057810090471
86,4,0.85,0.9983632284176345
86,4,0.90,0.9985536923036906
86,4,0.95,0.9986678269067261
86,5,0.05,0.991168152901603
86,5,0.10,0.9969439286026814
86,5,0.15,0.9964580050589976
86,5,0.20,0.9962309323970263
86,5,0.25,0.9983602515551919
86,5,0.30,0.9981038309012321
86,5,0.35,0.9978621820143174
86,5,0.40,0.9979710617230854
86,5,0.45,0.9977132081681714
86,5,0.50,0.9986537378647175
86,5,0.55,0.9982166162207615
86,5,0.60,0.9983905468846742
86,5,0.65,0.9984556000492248
86,5,0.70,0.9985229976954701
86,5,0.75,0.9984928506611346
86,5,0.80,0.998368531581639
86,5,0.85,0.9984539662179513
86,5,0.90,0.9982553948859789
86,5,0.95,0.9982137225470914
86,6,0.05,0.9683810706642747
86,6,0.10,0.9933247250368161
86,6,0.15,0.9964356796653495
86,6,0.20,0.9975244294307216
86,6,0.25,0.9971460764433542
86,6,0.30,0.998278686454818
86,6,0.35,0.9973149628315
86,6,0.40,0.9985426347258248
86,6,0.45,0.9978670654283364
86,6,0.50,0.9981592785850059
86,6,0.55,0.9980580951130772
86,6,0.60,0.99818109425284
86,6,0.65,0.9982493787301062
86,6,0.70,0.9981884000172255
86,6,0.75,0.9984412140134225
86,6,0.80,0.9981497241116198
86,6,0.85,0.9982750859297966
86,6,0.90,0.9984825131536091
86,6,0.95,0.9982891910308319
86,7,0.05,0.9932668626130351
86,7,0.10,0.9973243955534417
86,7,0.15,0.9963034908022433
86,7,0.20,0.9974632075402381
86,7,0.25,0.9979066681947137
86,7,0.30,0.9972442916534686
86,7,0.35,0.9980943298575321
86,7,0.40,0.9981719468055983
86,7,0.45,0.9984097104294307
86,7,0.50,0.9983438233080797
86,7,0.55,0.9983816397201679
86,7,0.60,0.9983561008677986
86,7,0.65,0.9981749036040899
86,7,0.70,0.9984839081813965
86,7,0.75,0.9986257488933179
86,7,0.80,0.9983573976500084
86,7,0.85,0.9985692384608655
86,7,0.90,0.9986594608821213
86,7,0.95,0.9981344091814889
86,8,0.05,0.9836204319670517
86,8,0.10,0.9963130640401625
86,8,0.15,0.9974940687228143
86,8,0.20,0.9975498983716506
86,8,0.25,0.9976061046140439
86,8,0.30,0.997266737427319
86,8,0.35,0.9972042169087456
86,8,0.40,0.9983289155537616
86,8,0.45,0.9979396855805479
86,8,0.50,0.9981964000852572
86,8,0.55,0.9980452421809876
86,8,0.60,0.998211040328203
86,8,0.65,0.9981608922116396
86,8,0.70,0.9983639963036944
86,8,0.75,0.9984821029715902
86,8,0.80,0.9984916085791066
86,8,0.85,0.9988008468530698
86,8,0.90,0.9984149714310335
86,8,0.95,0.9983223672137644
86,9,0.05,0.9842639347851851
86,9,0.10,0.9945405632310802
86,9,0.15,0.9975319736968796
86,9,0.20,0.9980969441339191
86,9,0.25,0.9976753368089967
86,9,0.30,0.9980945090651644
86,9,0.35,0.9983753795046377
86,9,0.40,0.997737121261775
86,9,0.45,0.9979941330860481
86,9,0.50,0.9980070137102158
86,9,0.55,0.9984936726003494
86,9,0.60,0.9984992473148535
86,9,0.65,0.9980165497984886
86,9,0.70,0.9983212858151612
86,9,0.75,0.9986378951079451
86,9,0.80,0.9983517577624448
86,9,0.85,0.9985782070117357
86,9,0.90,0.9981070044631203
86,9,0.95,0.9984952690226692
87,0,0.05,0.9914795836763055
87,0,0.10,0.9948682885157946
87,0,0.15,0.9981959663935961
87,0,0.20,0.9962620182191544
87,0,0.25,0.9977192382075853
87,0,0.30,0.9984246161101946
87,0,0.35,0.9983965059722592
87,0,0.40,0.9984907437787358
87,0,0.45,0.9985965260516374
87,0,0.50,0.9983793699096084
87,0,0.55,0.9984897599549133
87,0,0.60,0.9984016874713105
87,0,0.65,0.9979949081925
87,0,0.70,0.9986479140804563
87,0,0.75,0.9984774430779916
87,0,0.80,0.9985887204154255
87,0,0.85,0.9985325750246076
87,0,0.90,0.9983775671666413
87,0,0.95,0.9982824818496524
87,1,0.05,0.9913308058628073
87,1,0.10,0.9966024371133727
87,1,0.15,0.9980176206537033
87,1,0.20,0.9981719902009305
87,1,0.25,0.9983849040323133
87,1,0.30,0.9980283160725082
87,1,0.35,0.9968761556467023
87,1,0.40,0.9979301161473042
87,1,0.45,0.9984620207496109
87,1,0.50,0.9981024839755471
87,1,0.55,0.9980579361641755
87,1,0.60,0.9983016388042162
87,1,0.65,0.9986758487991096
87,1,0.70,0.9984818483616907
87,1,0.75,0.9984849750943786
87,1,0.80,0.9984393183530229
87,1,0.85,0.9982283151205382
87,1,0.90,0.9983277675118561
87,1,0.95,0.9983588668647494
87,2,0.05,0.9955082301759544
87,2,0.10,0.997619364996609
87,2,0.15,0.9977031173324455
87,2,0.20,0.9978557209456362
87,2,0.25,0.997539010875735
87,2,0.30,0.9982527506704948
87,2,0.35,0.9981504316989471
87,2,0.40,0.9983907188269173
87,2,0.45,0.9984713545080827
87,2,0.50,0.998366111307421
87,2,0.55,0.9983816904966293
87,2,0.60,0.9979506105033221
87,2,0.65,0.9981491032473911
87,2,0.70,0.9984011641181233
87,2,0.75,0.9980349363450781
87,2,0.80,0.9986985428333824
87,2,0.85,0.9986611583958604
87,2,0.90,0.9983853888156726
87,2,0.95,0.9979455195135956
87,3,0.05,0.967987588143012
87,3,0.10,0.9965053493699806
87,3,0.15,0.998149501441412
87,3,0.20,0.9974681891223419
87,3,0.25,0.9982894025168192
87,3,0.30,0.9974586353441985
87,3,0.35,0.9978693515322488
87,3,0.40,0.9984732241407395
87,3,0.45,0.9982937909290293
87,3,0.50,0.9980581087795843
87,3,0.55,0.9986527916889781
87,3,0.60,0.9980047105821799
87,3,0.65,0.9979816017568216
87,3,0.70,0.9984053362009828
87,3,0.75,0.9983785086624515
87,3,0.80,0.9982539209267932
87,3,0.85,0.998468982694181
87,3,0.90,0.9985083228861374
87,3,0.95,0.9984309162524826
87,4,0.05,0.9943461339257035
87,4,0.10,0.9940793731562352
87,4,0.15,0.9976275797422689
87,4,0.20,0.9979773267299856
87,4,0.25,0.997536654790285
87,4,0.30,0.9984626958732102
87,4,0.35,0.9979284282514091
87,4,0.40,0.9982342797513618
87,4,0.45,0.9982492656253206
87,4,0.50,0.9980347341596175
87,4,0.55,0.9980082402232293
87,4,0.60,0.9985365944065758
87,4,0.65,0.997886627558335
87,4,0.70,0.9979302521060606
87,4,0.75,0.9981563548145553
87,4,0.80,0.9985138669783139
87,4,0.85,0.9985262868269249
87,4,0.90,0.9982818222506836
87,4,0.95,0.9986310662817118
87,5,0.05,0.9908810036392749
87,5,0.10,0.9968375011202636
87,5,0.15,0.9977386303258664
87,5,0.20,0.9976381938647196
87,5,0.25,0.9981886451819165
87,5,0.30,0.9983084514169648
87,5,0.35,0.9985982323772126
87,5,0.40,0.9986235781677619
87,5,0.45,0.9984478547405231
87,5,0.50,0.9984352207084236
87,5,0.55,0.9983625715008634
87,5,0.60,0.9985072793910741
87,5,0.65,0.9986065204531731
87,5,0.70,0.9980149490453094
87,5,0.75,0.9979577490914439
87,5,0.80,0.9983177653539957
87,5,0.85,0.9983247336430439
87,5,0.90,0.9987374577450758
87,5,0.95,0.9986701208916358
87,6,0.05,0.9928907769126503
87,6,0.10,0.9955799233721433
87,6,0.15,0.9974800751284747
87,6,0.20,0.9974733526820049
87,6,0.25,0.9982314813634153
87,6,0.30,0.9980399564359115
87,6,0.35,0.9977207370883041
87,6,0.40,0.998525860032702
87,6,0.45,0.9979347045114977
87,6,0.50,0.9980565593149906
87,6,0.55,0.9981013070370452
87,6,0.60,0.99830618391972
87,6,0.65,0.9984750676744847
87,6,0.70,0.9978465605803961
87,6,0.75,0.9982367852561204
87,6,0.80,0.9985100991316804
87,6,0.85,0.9981591284012605
87,6,0.90,0.9984605355481412
87,6,0.95,0.9984752057452146
87,7,0.05,0.9898317360632574
87,7,0.10,0.9933850546022474
87,7,0.15,0.9974886124492097
87,7,0.20,0.9984768510805209
87,7,0.25,0.99747743952981
87,7,0.30,0.998036884398847
87,7,0.35,0.9982415029415187
87,7,0.40,0.9983119724019641
87,7,0.45,0.9984680318574568
87,7,0.50,0.997818536544158
87,7,0.55,0.9980102875933877
87,7,0.60,0.9980867799741646
87,7,0.65,0.9985273491899315
87,7,0.70,0.9982918920896698
87,7,0.75,0.9980578965782522
87,7,0.80,0.9982594278120515
87,7,0.85,0.9985247405141715
87,7,0.90,0.9984664376595576
87,7,0.95,0.9984037479254171
87,8,0.05,0.993674599704305
87,8,0.10,0.9982236953340523
87,8,0.15,0.9964874664220639
87,8,0.20,0.9977645568964328
87,8,0.25,0.997288215526779
87,8,0.30,0.997368414568463
87,8,0.35,0.9985701278961433
87,8,0.40,0.9981644829594252
87,8,0.45,0.9981537611088689
87,8,0.50,0.9981484172022592
87,8,0.55,0.9982086761125497
87,8,0.60,0.9982290127761261
87,8,0.65,0.9982907428644933
87,8,0.70,0.998229182954467
87,8,0.75,0.9986435727988939
87,8,0.80,0.9983935934576641
87,8,0.85,0.9981930622866837
87,8,0.90,0.9985336394291742
87,8,0.95,0.9984919894073909
87,9,0.05,0.9884402835257672
87,9,0.10,0.9963651758611091
87,9,0.15,0.9980105783928109
87,9,0.20,0.9980329784950269
87,9,0.25,0.997918076137256
87,9,0.30,0.9984596396943396
87,9,0.35,0.9980915404160916
87,9,0.40,0.9985490332688457
87,9,0.45,0.9983351012634746
87,9,0.50,0.9981119083970282
87,9,0.55,0.9979735680063394
87,9,0.60,0.9984228223210397
87,9,0.65,0.9984405754525534
87,9,0.70,0.9981879244756607
87,9,0.75,0.9981581238982139
87,9,0.80,0.9984855612233359
87,9,0.85,0.9986061925984526
87,9,0.90,0.9983559539981581
87,9,0.95,0.9981922604435786
88,0,0.05,0.991425999352841
88,0,0.10,0.9961567386304894
88,0,0.15,0.9964412922770649
88,0,0.20,0.9979123879860144
88,0,0.25,0.9975275862707536
88,0,0.30,0.9975971838318495
88,0,0.35,0.9977233946169574
88,0,0.40,0.9983375798409337
88,0,0.45,0.9976024548742529
88,0,0.50,0.9977355166808367
88,0,0.55,0.9977361457148873
88,0,0.60,0.9982706157458132
88,0,0.65,0.9978427119549323
88,0,0.70,0.9983735705531014
88,0,0.75,0.9982772124012137
88,0,0.80,0.9985506062587896
88,0,0.85,0.9982135034568639
88,0,0.90,0.9983764847425344
88,0,0.95,0.998576579905918
88,1,0.05,0.9893201944661556
88,1,0.10,0.9954448741197545
88,1,0.15,0.9969324070311335
88,1,0.20,0.9966415739274299
88,1,0.25,0.9973389250685272
88,1,0.30,0.997121515190825
88,1,0.35,0.9966891102834547
88,1,0.40,0.9980771028171516
88,1,0.45,0.9970995157825111
88,1,0.50,0.9984494794031538
88,1,0.55,0.9986920817273338
88,1,0.60,0.9987264959848494
88,1,0.65,0.9984414221633233
88,1,0.70,0.9984342620257342
88,1,0.75,0.9984122715449023
88,1,0.80,0.9984408371417725
88,1,0.85,0.9983931986807063
88,1,0.90,0.9984968239269416
88,1,0.95,0.9984988189503515
88,2,0.05,0.9776846936460625
88,2,0.10,0.9972853996259023
88,2,0.15,0.9972642630734045
88,2,0.20,0.9977921693517813
88,2,0.25,0.9967807603005197
88,2,0.30,0.9979928290302155
88,2,0.35,0.9980515483315913
88,2,0.40,0.997940899730843
88,2,0.45,0.9981280433598736
88,2,0.50,0.9986035576012786
88,2,0.55,0.9983585214698396
88,2,0.60,0.9981931057723995
88,2,0.65,0.998208145677818
88,2,0.70,0.9986130220338147
88,2,0.75,0.9985366773626095
88,2,0.80,0.9985582579162333
88,2,0.85,0.9986717875356187
88,2,0.90,0.99873634000287
88,2,0.95,0.9982984782124191
88,3,0.05,0.9894916775564886
88,3,0.10,0.995278925379616
88,3,0.15,0.9972245213471069
88,3,0.20,0.9963155216691509
88,3,0.25,0.9978501207014939
88,3,0.30,0.9977570883343847
88,3,0.35,0.9974668913647192
88,3,0.40,0.9980327687784222
88,3,0.45,0.9979455664279552
88,3,0.50,0.9982051331006284
88,3,0.55,0.9983534392542998
88,3,0.60,0.9986905879909792
88,3,0.65,0.998028595995008
88,3,0.70,0.998225063310619
88,3,0.75,0.9982538607670041
88,3,0.80,0.998463311188297
88,3,0.85,0.9984998609545535
88,3,0.90,0.9987129056438806
88,3,0.95,0.9986848637117787
88,4,0.05,0.9923286445404244
88,4,0.10,0.9965678647835825
88,4,0.15,0.9970768262832077
88,4,0.20,0.997796686456306
88,4,0.25,0.9973893981322319
88,4,0.30,0.9972775521497546
88,4,0.35,0.997733051025382
88,4,0.40,0.9984217436998968
88,4,0.45,0.9979104065093533
88,4,0.50,0.9983887673204738
88,4,0.55,0.9982487967035271
88,4,0.60,0.9983101800009552
88,4,0.65,0.9982525244077556
88,4,0.70,0.9981988418263288
88,4,0.75,0.9984259654775653
88,4,0.80,0.9984324634694441
88,4,0.85,0.9984585619276949
88,4,0.90,0.9983004707797699
88,4,0.95,0.9983717096633294
88,5,0.05,0.9938636234784393
88,5,0.10,0.9904451389448068
88,5,0.15,0.9974225340462138
88,5,0.20,0.9974957232655619
88,5,0.25,0.9977623136057443
88,5,0.30,0.9980704972867425
88,5,0.35,0.9974635787363253
88,5,0.40,0.9980111171591396
88,5,0.45,0.9981866210078274
88,5,0.50,0.9982210727428145
88,5,0.55,0.9978510964434262
88,5,0.60,0.9980327912598749
88,5,0.65,0.9984028757882006
88,5,0.70,0.9986235155248893
88,5,0.75,0.9981616094271207
88,5,0.80,0.9983647166517752
88,5,0.85,0.9982979750944809
88,5,0.90,0.9984171571141487
88,5,0.95,0.9987584383713218
88,6,0.05,0.9897477813715294
88,6,0.10,0.9949396483100367
88,6,0.15,0.9973220598448826
88,6,0.20,0.9973402082643138
88,6,0.25,0.9964853638506931
88,6,0.30,0.9969394759674843
88,6,0.35,0.9977533744009806
88,6,0.40,0.9980433962139527
88,6,0.45,0.9984785642357988
88,6,0.50,0.9986124796247884
88,6,0.55,0.9981296633068794
88,6,0.60,0.9980938780918608
88,6,0.65,0.9983233455635665
88,6,0.70,0.9985895025413855
88,6,0.75,0.9982905135690702
88,6,0.80,0.9984990062360956
88,6,0.85,0.9983238515587299
88,6,0.90,0.9985156556398554
88,6,0.95,0.9984017821686114
88,7,0.05,0.9855194743839086
88,7,0.10,0.9955806388992606
88,7,0.15,0.9964759391120276
88,7,0.20,0.9961217356099571
88,7,0.25,0.9968447027769111
88,7,0.30,0.9970338837031724
88,7,0.35,0.997562234403547
88,7,0.40,0.9978981720079554
88,7,0.45,0.9980569350981142
88,7,0.50,0.9983626174918129
88,7,0.55,0.9981343704305544
88,7,0.60,0.9981072238379168
88,7,0.65,0.9984893394567838
88,7,0.70,0.9980604388576928
88,7,0.75,0.9977133629711402
88,7,0.80,0.9984459346947564
88,7,0.85,0.9985585396318483
88,7,0.90,0.9984880118269654
88,7,0.95,0.9984092306578989
88,8,0.05,0.9871201589529945
88,8,0.10,0.9927935892156413
88,8,0.15,0.9962764650265303
88,8,0.20,0.9968675166736554
88,8,0.25,0.9973958525256535
88,8,0.30,0.9967441593564786
88,8,0.35,0.9978666516498199
88,8,0.40,0.9973920983377604
88,8,0.45,0.9981162345006328
88,8,0.50,0.9977949645989717
88,8,0.55,0.9972128132503392
88,8,0.60,0.9983934782175653
88,8,0.65,0.9984405735910252
88,8,0.70,0.9984106510682585
88,8,0.75,0.9982769280488224
88,8,0.80,0.9981266248620138
88,8,0.85,0.9984676093966983
88,8,0.90,0.9987482012250214
88,8,0.95,0.9986154129888491
88,9,0.05,0.9907127046283267
88,9,0.10,0.9907899081057309
88,9,0.15,0.9970618601032859
88,9,0.20,0.9968558004779619
88,9,0.25,0.996611003096755
88,9,0.30,0.9972614588838682
88,9,0.35,0.9978303043570623
88,9,0.40,0.9981638656604647
88,9,0.45,0.9984019450533423
88,9,0.50,0.9978846565312123
88,9,0.55,0.9985107160083802
88,9,0.60,0.99798037333514
88,9,0.65,0.9985204170090981
88,9,0.70,0.9978050720204333
88,9,0.75,0.9979503166840353
88,9,0.80,0.9980847374589779
88,9,0.85,0.9982191111434564
88,9,0.90,0.9982249631728789
88,9,0.95,0.9984068680437871
89,0,0.05,0.9838825337714843
89,0,0.10,0.9975212885215667
89,0,0.15,0.9973801069385992
89,0,0.20,0.9969840675956176
89,0,0.25,0.9972821157027979
89,0,0.30,0.9967251978726971
89,0,0.35,0.9976166216469764
89,0,0.40,0.9983305257674976
89,0,0.45,0.9984319833520748
89,0,0.50,0.9981691710200558
89,0,0.55,0.9984757636245547
89,0,0.60,0.9986006504201059
89,0,0.65,0.9985482924166328
89,0,0.70,0.9984124614729796
89,0,0.75,0.9982337220514079
89,0,0.80,0.9981802784436788
89,0,0.85,0.9982984367333211
89,0,0.90,0.9985603306597906
89,0,0.95,0.9983705703694805
89,1,0.05,0.9934218745292971
89,1,0.10,0.9961453925544502
89,1,0.15,0.9977183450641787
89,1,0.20,0.9973319313353958
89,1,0.25,0.9975839358428359
89,1,0.30,0.9979247837768564
89,1,0.35,0.9980953654948174
89,1,0.40,0.9981931620702263
89,1,0.45,0.9984600488191324
89,1,0.50,0.9975903746589103
89,1,0.55,0.9980842552280309
89,1,0.60,0.998185272692811
89,1,0.65,0.9985745353475448
89,1,0.70,0.9983299827242673
89,1,0.75,0.998396940374919
89,1,0.80,0.9983784714849178
89,1,0.85,0.9983240762342589
89,1,0.90,0.9984699396667706
89,1,0.95,0.9985179792715074
89,2,0.05,0.9813602482763797
89,2,0.10,0.9968673885568105
89,2,0.15,0.9954961526366897
89,2,0.20,0.9978721895801587
89,2,0.25,0.9977595139552082
89,2,0.30,0.998379451117566
89,2,0.35,0.9983525545955199
89,2,0.40,0.997948995968593
89,2,0.45,0.9984693695681471
89,2,0.50,0.9986020153612679
89,2,0.55,0.9981049638085716
89,2,0.60,0.9984923065051254
89,2,0.65,0.9985345238177539
89,2,0.70,0.9976888954267357
89,2,0.75,0.9985840667935648
89,2,0.80,0.9981697214063826
89,2,0.85,0.9983492026194628
89,2,0.90,0.9982349098947355
89,2,0.95,0.9985123006303471
89,3,0.05,0.9895988296930728
89,3,0.10,0.9967576166910042
89,3,0.15,0.9975371625443092
89,3,0.20,0.9979012075867255
89,3,0.25,0.9986632726230729
89,3,0.30,0.9975221245904718
89,3,0.35,0.9981017327441487
89,3,0.40,0.9982146578682358
89,3,0.45,0.9980031106619816
89,3,0.50,0.9983230561074081
89,3,0.55,0.9983718936804632
89,3,0.60,0.9985193527006518
89,3,0.65,0.9983023355393931
89,3,0.70,0.9980506416327127
89,3,0.75,0.9982035756970487
89,3,0.80,0.9984545089629296
89,3,0.85,0.9985016965638562
89,3,0.90,0.9985102497611452
89,3,0.95,0.9982909986674116
89,4,0.05,0.9890189485655488
89,4,0.10,0.9975440533337682
89,4,0.15,0.9981729458370595
89,4,0.20,0.9977288059882311
89,4,0.25,0.9979191681877451
89,4,0.30,0.9983021757082527
89,4,0.35,0.9981267851400947
89,4,0.40,0.9980707479401695
89,4,0.45,0.9985956554158254
89,4,0.50,0.9983641484756307
89,4,0.55,0.9984972015625626
89,4,0.60,0.9985754355528942
89,4,0.65,0.9985349978108445
89,4,0.70,0.9985157706185924
89,4,0.75,0.9984776597114348
89,4,0.80,0.9983534736877719
89,4,0.85,0.99836410838262
89,4,0.90,0.9980845468287385
89,4,0.95,0.998227075994386
89,5,0.05,0.9943108686913515
89,5,0.10,0.9968054543493821
89,5,0.15,0.9965398758352076
89,5,0.20,0.9977829558888023
89,5,0.25,0.9976797011271662
89,5,0.30,0.9982480920973211
89,5,0.35,0.9982329361653818
89,5,0.40,0.9981947823289645
89,5,0.45,0.9982257570876922
89,5,0.50,0.9982140017476624
89,5,0.55,0.9982670329702985
89,5,0.60,0.9979432549600861
89,5,0.65,0.9983091700380056
89,5,0.70,0.9986737768000813
89,5,0.75,0.9988080395283356
89,5,0.80,0.9983201405203062
89,5,0.85,0.9985039455423991
89,5,0.90,0.998498193621274
89,5,0.95,0.9984663358182095
89,6,0.05,0.9687530741999443
89,6,0.10,0.9956261168000499
89,6,0.15,0.9976784768959224
89,6,0.20,0.9975658767152409
89,6,0.25,0.997868754700176
89,6,0.30,0.9975879516119102
89,6,0.35,0.9976973468523311
89,6,0.40,0.998236264008898
89,6,0.45,0.9977324489158356
89,6,0.50,0.9984512441702464
89,6,0.55,0.9984246090683693
89,6,0.60,0.9985655723920492
89,6,0.65,0.9985769716548883
89,6,0.70,0.998598704291881
89,6,0.75,0.9985345268426218
89,6,0.80,0.9983511654573934
89,6,0.85,0.9982272296333056
89,6,0.90,0.9982944768323987
89,6,0.95,0.9985244910158417
89,7,0.05,0.9823813008103188
89,7,0.10,0.9962016056929052
89,7,0.15,0.9977789759533645
89,7,0.20,0.998150348846973
89,7,0.25,0.9980225471895152
89,7,0.30,0.9980526491747345
89,7,0.35,0.9982659312651833
89,7,0.40,0.9982828047672108
89,7,0.45,0.9986363763151849
89,7,0.50,0.9984118222572957
89,7,0.55,0.9983637645962009
89,7,0.60,0.9988346549644618
89,7,0.65,0.9988939069463897
89,7,0.70,0.998108907498748
89,7,0.75,0.9982753840282533
89,7,0.80,0.9986381293702287
89,7,0.85,0.9982994203007572
89,7,0.90,0.9986293593493726
89,7,0.95,0.9984158316453109
89,8,0.05,0.989000249779729
89,8,0.10,0.9938015083113462
89,8,0.15,0.9964769966515845
89,8,0.20,0.9973649968741893
89,8,0.25,0.9982101603241821
89,8,0.30,0.9979425573737299
89,8,0.35,0.9981618404707214
89,8,0.40,0.9984594712849064
89,8,0.45,0.9979751314090264
89,8,0.50,0.9982861357463555
89,8,0.55,0.998088703883484
89,8,0.60,0.9981917977022063
89,8,0.65,0.9984988819391067
89,8,0.70,0.9984666088187542
89,8,0.75,0.9983206155278684
89,8,0.80,0.9977538543130973
89,8,0.85,0.9984657627191043
89,8,0.90,0.9986054858563727
89,8,0.95,0.9984651307085861
89,9,0.05,0.9953220149284882
89,9,0.10,0.9967083238708209
89,9,0.15,0.9964104742139109
89,9,0.20,0.9980927544331376
89,9,0.25,0.9987232669573456
89,9,0.30,0.9971483379211844
89,9,0.35,0.9982425182072618
89,9,0.40,0.9981527913445992
89,9,0.45,0.9984016524143421
89,9,0.50,0.9984934855149515
89,9,0.55,0.9984152012589911
89,9,0.60,0.9985264018003834
89,9,0.65,0.998124483618799
89,9,0.70,0.9984778517898055
89,9,0.75,0.9984675509787495
89,9,0.80,0.9983055221634555
89,9,0.85,0.9983469776928546
89,9,0.90,0.9985322055194618
89,9,0.95,0.9986089522339484
90,0,0.05,0.9912596733493696
90,0,0.10,0.9954604157162765
90,0,0.15,0.9970654958185552
90,0,0.20,0.9973371817416028
90,0,0.25,0.9978807421665978
90,0,0.30,0.9968131838132005
90,0,0.35,0.9981438023301469
90,0,0.40,0.9978617776193958
90,0,0.45,0.9981365607612671
90,0,0.50,0.9980354100859683
90,0,0.55,0.9979377086185807
90,0,0.60,0.9981055317446891
90,0,0.65,0.9979122238856724
90,0,0.70,0.9982362265964587
90,0,0.75,0.9984375051924653
90,0,0.80,0.998358624826396
90,0,0.85,0.9985128646170592
90,0,0.90,0.9985742161729527
90,0,0.95,0.9985830829966882
90,1,0.05,0.9874673552754537
90,1,0.10,0.99582239648668
90,1,0.15,0.9959593472161551
90,1,0.20,0.9967296327636789
90,1,0.25,0.9983235872113573
90,1,0.30,0.9968584439686673
90,1,0.35,0.9981885546527308
90,1,0.40,0.9977447285974871
90,1,0.45,0.997898103286101
90,1,0.50,0.9973445048206336
90,1,0.55,0.9980768200061816
90,1,0.60,0.998180327862267
90,1,0.65,0.9984108686085135
90,1,0.70,0.9978594655316539
90,1,0.75,0.9982022658845838
90,1,0.80,0.9983264306959897
90,1,0.85,0.9984879444331816
90,1,0.90,0.9983399093848971
90,1,0.95,0.9985455481791398
90,2,0.05,0.9868431723443444
90,2,0.10,0.9932277304374211
90,2,0.15,0.99640019367643
90,2,0.20,0.9967834414777879
90,2,0.25,0.9969972994902074
90,2,0.30,0.9975492048530784
90,2,0.35,0.9971901828419631
90,2,0.40,0.9982524841811883
90,2,0.45,0.9981740801208512
90,2,0.50,0.9982709156895883
90,2,0.55,0.998273753760649
90,2,0.60,0.9980167479349231
90,2,0.65,0.9983416090676982
90,2,0.70,0.9983164468563805
90,2,0.75,0.9983478587796408
90,2,0.80,0.9984707806963297
90,2,0.85,0.9986351361452095
90,2,0.90,0.9984061416962192
90,2,0.95,0.9986259801882076
90,3,0.05,0.9903059711419043
90,3,0.10,0.9923059927937421
90,3,0.15,0.9962078629492931
90,3,0.20,0.9976119443498298
90,3,0.25,0.9977574510285311
90,3,0.30,0.9978055477459448
90,3,0.35,0.9977231577604152
90,3,0.40,0.9981550858173923
90,3,0.45,0.9980569140998259
90,3,0.50,0.9979869612761535
90,3,0.55,0.9980432787071519
90,3,0.60,0.9981832832625485
90,3,0.65,0.9980745946141398
90,3,0.70,0.9981853168756015
90,3,0.75,0.9980861255020146
90,3,0.80,0.9984100638191736
90,3,0.85,0.998386824623179
90,3,0.90,0.9983818767967053
90,3,0.95,0.9988218423027408
90,4,0.05,0.9868659560735485
90,4,0.10,0.9965550939226694
90,4,0.15,0.9969215072757426
90,4,0.20,0.995871766937045
90,4,0.25,0.9964665662361054
90,4,0.30,0.9980507792956634
90,4,0.35,0.9980413061309392
90,4,0.40,0.9975812901506699
90,4,0.45,0.9974681111593948
90,4,0.50,0.9984624151628726
90,4,0.55,0.9980108286531321
90,4,0.60,0.9977861766780433
90,4,0.65,0.9983286430575704
90,4,0.70,0.9984306006777537
90,4,0.75,0.9982979901720986
90,4,0.80,0.9983947342824523
90,4,0.85,0.9982611351122177
90,4,0.90,0.9985344107203589
90,4,0.95,0.9988424251669079
90,5,0.05,0.9921434290970567
90,5,0.10,0.9959696401970634
90,5,0.15,0.997447275981163
90,5,0.20,0.9965877627614348
90,5,0.25,0.9969758609167488
90,5,0.30,0.9981238432890162
90,5,0.35,0.9976767139657757
90,5,0.40,0.9975223065434283
90,5,0.45,0.9981449138851265
90,5,0.50,0.9974814049249088
90,5,0.55,0.998157738275142
90,5,0.60,0.9986979173353574
90,5,0.65,0.9982002705723322
90,5,0.70,0.9976157300496545
90,5,0.75,0.9982473952015753
90,5,0.80,0.9983134274180012
90,5,0.85,0.9981523362416308
90,5,0.90,0.9984841856547674
90,5,0.95,0.9984733223257733
90,6,0.05,0.9907575372006091
90,6,0.10,0.9940224048806023
90,6,0.15,0.9963694166639053
90,6,0.20,0.9961752279847172
90,6,0.25,0.9979559208509484
90,6,0.30,0.9971372494978687
90,6,0.35,0.9975966078259575
90,6,0.40,0.9979188437523566
90,6,0.45,0.9974434643827993
90,6,0.50,0.9979428033132502
90,6,0.55,0.9983594540193138
90,6,0.60,0.9980102768072793
90,6,0.65,0.9979946065906359
90,6,0.70,0.9982440350632008
90,6,0.75,0.9981302409213921
90,6,0.80,0.9987444156241633
90,6,0.85,0.9985998329867353
90,6,0.90,0.9985116679868564
90,6,0.95,0.9984879005212508
90,7,0.05,0.9880758111716734
90,7,0.10,0.9911687705913556
90,7,0.15,0.997629235902179
90,7,0.20,0.9971719423572803
90,7,0.25,0.9971622862873143
90,7,0.30,0.9976610281371339
90,7,0.35,0.9983431310911726
90,7,0.40,0.9977550105075008
90,7,0.45,0.9981455471013647
90,7,0.50,0.9979099328961512
90,7,0.55,0.9981123900032924
90,7,0.60,0.9982731525341089
90,7,0.65,0.9980808718828809
90,7,0.70,0.9981883991658251
90,7,0.75,0.9983482257861717
90,7,0.80,0.9979781336804855
90,7,0.85,0.9983252308013991
90,7,0.90,0.998575078684814
90,7,0.95,0.9985894712770765
90,8,0.05,0.9796243380885156
90,8,0.10,0.9923523626100783
90,8,0.15,0.9957198710289497
90,8,0.20,0.9971686671856573
90,8,0.25,0.9973908530603892
90,8,0.30,0.9980020033229913
90,8,0.35,0.9983010762928171
90,8,0.40,0.9974792403201456
90,8,0.45,0.9974559707128555
90,8,0.50,0.99821746536282
90,8,0.55,0.9985392210766494
90,8,0.60,0.9981896221069115
90,8,0.65,0.9979603081357075
90,8,0.70,0.9981505545156192
90,8,0.75,0.9983107019766091
90,8,0.80,0.9984541817473922
90,8,0.85,0.9986009796316123
90,8,0.90,0.9986740449302209
90,8,0.95,0.9983359115404437
90,9,0.05,0.9882674729481533
90,9,0.10,0.9947335223713717
90,9,0.15,0.996066877424379
90,9,0.20,0.9981864853427364
90,9,0.25,0.9976630932923546
90,9,0.30,0.998080213077022
90,9,0.35,0.9973248996744558
90,9,0.40,0.9981778289219639
90,9,0.45,0.9974150770928947
90,9,0.50,0.9982001100681797
90,9,0.55,0.9984233136415435
90,9,0.60,0.9978093045293023
90,9,0.65,0.9982364796840828
90,9,0.70,0.9978878220803367
90,9,0.75,0.9985667198090925
90,9,0.80,0.9983816069018823
90,9,0.85,0.9986478098469344
90,9,0.90,0.9984069834311433
90,9,0.95,0.9985707862304445
91,0,0.05,0.9910479309890335
91,0,0.10,0.99114219816012
91,0,0.15,0.9974166201838914
91,0,0.20,0.9975804649190507
91,0,0.25,0.9981514286079669
91,0,0.30,0.9977030326903351
91,0,0.35,0.9979326132561553
91,0,0.40,0.9984202981925304
91,0,0.45,0.9986287068233348
91,0,0.50,0.9984489836529247
91,0,0.55,0.9982878530043467
91,0,0.60,0.9984667298351534
91,0,0.65,0.9984536353168686
91,0,0.70,0.9985229251102187
91,0,0.75,0.9984000978166248
91,0,0.80,0.9987831753611625
91,0,0.85,0.998571077941626
91,0,0.90,0.998478229534408
91,0,0.95,0.9984809210865311
91,1,0.05,0.994715520889662
91,1,0.10,0.9971361871141363
91,1,0.15,0.9981616252351394
91,1,0.20,0.9980545046293868
91,1,0.25,0.9974019868364261
91,1,0.30,0.9978870983314289
91,1,0.35,0.9980948156899372
91,1,0.40,0.9983288869997032
91,1,0.45,0.998428951060414
91,1,0.50,0.9982290091675055
91,1,0.55,0.9981881282024407
91,1,0.60,0.9983737971684857
91,1,0.65,0.9982497868967148
91,1,0.70,0.99835747303073
91,1,0.75,0.9984221613874431
91,1,0.80,0.998562960688204
91,1,0.85,0.998699687161216
91,1,0.90,0.9981570513339681
91,1,0.95,0.9986314848649537
91,2,0.05,0.9929475667299719
91,2,0.10,0.9949544733309084
91,2,0.15,0.9963398863359474
91,2,0.20,0.9976609051690019
91,2,0.25,0.9978224108053262
91,2,0.30,0.9980511937793499
91,2,0.35,0.9982201072005344
91,2,0.40,0.9982893181527991
91,2,0.45,0.998329972738236
91,2,0.50,0.9982079510225236
91,2,0.55,0.9983315831981141
91,2,0.60,0.998488825917451
91,2,0.65,0.9983199057975197
91,2,0.70,0.9983059333424991
91,2,0.75,0.9985168377171508
91,2,0.80,0.9982767364847118
91,2,0.85,0.9984582718046611
91,2,0.90,0.9984873946985536
91,2,0.95,0.9984201241713473
91,3,0.05,0.9915565215046811
91,3,0.10,0.994724131544406
91,3,0.15,0.9982971765375706
91,3,0.20,0.998482311487362
91,3,0.25,0.9975872022216381
91,3,0.30,0.9972434932646992
91,3,0.35,0.9979292470866589
91,3,0.40,0.9980708321201439
91,3,0.45,0.9977871334291468
91,3,0.50,0.998149295191409
91,3,0.55,0.9983074027534712
91,3,0.60,0.9985619108498829
91,3,0.65,0.9984182088236032
91,3,0.70,0.9984137592498415
91,3,0.75,0.998456278021905
91,3,0.80,0.9988727362086256
91,3,0.85,0.998651148772784
91,3,0.90,0.9981868549932927
91,3,0.95,0.9984875817857708
91,4,0.05,0.9919641931825799
91,4,0.10,0.997517301789292
91,4,0.15,0.9980728596016171
91,4,0.20,0.9981057737754688
91,4,0.25,0.9982681924567886
91,4,0.30,0.9982217159671813
91,4,0.35,0.9980271479369809
91,4,0.40,0.9981393388805404
91,4,0.45,0.9981249274185933
91,4,0.50,0.998808801243584
91,4,0.55,0.998281005674052
91,4,0.60,0.9978688507951368
91,4,0.65,0.9985089892521442
91,4,0.70,0.9984629114932513
91,4,0.75,0.9983698343191062
91,4,0.80,0.9984472700634655
91,4,0.85,0.9981763561066357
91,4,0.90,0.998384942468859
91,4,0.95,0.9985919032918747
91,5,0.05,0.9898609779560772
91,5,0.10,0.995694597933427
91,5,0.15,0.9978307869179777
91,5,0.20,0.9978994686188621
91,5,0.25,0.9976799474600994
91,5,0.30,0.9982498885382631
91,5,0.35,0.9976085748451102
91,5,0.40,0.9980157312406227
91,5,0.45,0.9983270014837068
91,5,0.50,0.9981687461572158
91,5,0.55,0.9978254429697185
91,5,0.60,0.9983956055861758
91,5,0.65,0.998528583862101
91,5,0.70,0.9986914998745449
91,5,0.75,0.9985673763845503
91,5,0.80,0.9983341331988719
91,5,0.85,0.9987396125393484
91,5,0.90,0.9986796702346492
91,5,0.95,0.998188865507751
91,6,0.05,0.9912763967508764
91,6,0.10,0.9968179512430493
91,6,0.15,0.9978892137552767
91,6,0.20,0.9976593785881135
91,6,0.25,0.996693564904069
91,6,0.30,0.9974217778490392
91,6,0.35,0.9988537934139453
91,6,0.40,0.9983199686794424
91,6,0.45,0.9982030437000314
91,6,0.50,0.9982535569965341
91,6,0.55,0.9984757859595091
91,6,0.60,0.9985563641351067
91,6,0.65,0.9983399781157759
91,6,0.70,0.9981219031770958
91,6,0.75,0.9983451317348058
91,6,0.80,0.9983438100919464
91,6,0.85,0.9983935528788234
91,6,0.90,0.9983316522462692
91,6,0.95,0.9985185270802406
91,7,0.05,0.988939585803152
91,7,0.10,0.9957980867514561
91,7,0.15,0.9969121649720496
91,7,0.20,0.9975374313429005
91,7,0.25,0.9979569184759027
91,7,0.30,0.9979891639850486
91,7,0.35,0.9980053582411181
91,7,0.40,0.9977464883711152
91,7,0.45,0.9980722323008371
91,7,0.50,0.9983457577959077
91,7,0.55,0.9982733823515806
91,7,0.60,0.9984171767962331
91,7,0.65,0.998342003600665
91,7,0.70,0.9980225151074523
91,7,0.75,0.9984190832785975
91,7,0.80,0.9983871534633241
91,7,0.85,0.9985854654569174
91,7,0.90,0.9985244160423694
91,7,0.95,0.998431722190339
91,8,0.05,0.9913410957612054
91,8,0.10,0.9953779013908991
91,8,0.15,0.9979857906637972
91,8,0.20,0.9979465213757768
91,8,0.25,0.9976054949040765
91,8,0.30,0.9973063339317774
91,8,0.35,0.9981740474384228
91,8,0.40,0.9984533820982947
91,8,0.45,0.9983254892793796
91,8,0.50,0.998562519273561
91,8,0.55,0.9980789771124864
91,8,0.60,0.9984406902809235
91,8,0.65,0.9983459675186608
91,8,0.70,0.9978675903171842
91,8,0.75,0.9982314211836659
91,8,0.80,0.9982906935486885
91,8,0.85,0.998189639533462
91,8,0.90,0.9983744526841509
91,8,0.95,0.9985632836604694
91,9,0.05,0.9792760211496055
91,9,0.10,0.995269548888257
91,9,0.15,0.9974733134748429
91,9,0.20,0.9974365057374931
91,9,0.25,0.9979311175692943
91,9,0.30,0.9982056629746029
91,9,0.35,0.9983465165071367
91,9,0.40,0.9977758196750915
91,9,0.45,0.9980382852391023
91,9,0.50,0.9981692335174339
91,9,0.55,0.998036648652056
91,9,0.60,0.9982743938935243
91,9,0.65,0.998353864955652
91,9,0.70,0.9989419705737872
91,9,0.75,0.9984255882109737
91,9,0.80,0.9984392504445332
91,9,0.85,0.9981937314319194
91,9,0.90,0.9986326319380789
91,9,0.95,0.9984406316807312
92,0,0.05,0.9860196656221458
92,0,0.10,0.9950878976927693
92,0,0.15,0.9949085789295359
92,0,0.20,0.9970552536687658
92,0,0.25,0.9973886769579976
92,0,0.30,0.99674744112576
92,0,0.35,0.9975570359709447
92,0,0.40,0.997256299881621
92,0,0.45,0.9981467730578856
92,0,0.50,0.997997458737441
92,0,0.55,0.998219144692964
92,0,0.60,0.9980476001141163
92,0,0.65,0.9980624412692782
92,0,0.70,0.9984865120432643
92,0,0.75,0.9985051339221543
92,0,0.80,0.9987898363313963
92,0,0.85,0.9985873518145951
92,0,0.90,0.9984135462125124
92,0,0.95,0.9985561863918097
92,1,0.05,0.9924845940337895
92,1,0.10,0.996025630033356
92,1,0.15,0.9968289480304687
92,1,0.20,0.9979865542291173
92,1,0.25,0.998102565128309
92,1,0.30,0.9979003106402882
92,1,0.35,0.9977849903039904
92,1,0.40,0.9979387673482993
92,1,0.45,0.9985267602107569
92,1,0.50,0.9978994844855228
92,1,0.55,0.9980611327530874
92,1,0.60,0.9981140650340186
92,1,0.65,0.9985582057466437
92,1,0.70,0.998242982323052
92,1,0.75,0.997789749418182
92,1,0.80,0.9986061667362213
92,1,0.85,0.9982545697400649
92,1,0.90,0.9983321637095033
92,1,0.95,0.9983003130128041
92,2,0.05,0.9897788159911082
92,2,0.10,0.9937643143643259
92,2,0.15,0.9968271824746104
92,2,0.20,0.9969177165094844
92,2,0.25,0.9977108966283156
92,2,0.30,0.997701191148078
92,2,0.35,0.9975878049876227
92,2,0.40,0.9973372099926323
92,2,0.45,0.9982102976032488
92,2,0.50,0.9982493431744156
92,2,0.55,0.9983015265682692
92,2,0.60,0.997825476057572
92,2,0.65,0.9982529653127015
92,2,0.70,0.9981721958962041
92,2,0.75,0.998450532661014
92,2,0.80,0.9981896253123624
92,2,0.85,0.9985980039847728
92,2,0.90,0.9983326426002643
92,2,0.95,0.9985371498086317
92,3,0.05,0.9933692568529128
92,3,0.10,0.9942574954088104
92,3,0.15,0.9962967208758822
92,3,0.20,0.9968917796832341
92,3,0.25,0.9968439661851886
92,3,0.30,0.9978214850566512
92,3,0.35,0.9979151712816424
92,3,0.40,0.9972935357817572
92,3,0.45,0.9979075910044901
92,3,0.50,0.9982598795926636
92,3,0.55,0.9982022653498835
92,3,0.60,0.9981930778913536
92,3,0.65,0.9980885341015007
92,3,0.70,0.998444620209105
92,3,0.75,0.9986303899050214
92,3,0.80,0.9983332191192164
92,3,0.85,0.998355989545635
92,3,0.90,0.9986748189466771
92,3,0.95,0.9983863106419033
92,4,0.05,0.9940434339211711
92,4,0.10,0.9960606184990475
92,4,0.15,0.9969575396293403
92,4,0.20,0.9963900786104
92,4,0.25,0.9975792158172355
92,4,0.30,0.9970565362826075
92,4,0.35,0.9975785333983682
92,4,0.40,0.9974341225866928
92,4,0.45,0.9981587963724923
92,4,0.50,0.9981644891595997
92,4,0.55,0.998165172783525
92,4,0.60,0.9981641067484945
92,4,0.65,0.9983373991535666
92,4,0.70,0.9980739477764996
92,4,0.75,0.9977932165390732
92,4,0.80,0.9985266710009986
92,4,0.85,0.9984082493002768
92,4,0.90,0.9985859961058448
92,4,0.95,0.9985344158193808
92,5,0.05,0.9856648892565391
92,5,0.10,0.9951192902585454
92,5,0.15,0.9970889491365525
92,5,0.20,0.9974966033577427
92,5,0.25,0.9979045958569819
92,5,0.30,0.998005877920885
92,5,0.35,0.9974059017131259
92,5,0.40,0.9982897061020761
92,5,0.45,0.9981803328822164
92,5,0.50,0.998052182535354
92,5,0.55,0.9980211464324765
92,5,0.60,0.9979807114722874
92,5,0.65,0.9984630767319422
92,5,0.70,0.9979414330696281
92,5,0.75,0.9982458834939393
92,5,0.80,0.9983918645517765
92,5,0.85,0.9984032856457502
92,5,0.90,0.9984883179121417
92,5,0.95,0.99873999616348
92,6,0.05,0.9864326368440207
92,6,0.10,0.9923537029829076
92,6,0.15,0.995664177936084
92,6,0.20,0.9964776359396927
92,6,0.25,0.9972010238070997
92,6,0.30,0.9971713894813389
92,6,0.35,0.997638482233578
92,6,0.40,0.9975188465953042
92,6,0.45,0.997934241966462
92,6,0.50,0.9971963240259416
92,6,0.55,0.9979321618557842
92,6,0.60,0.9982137079786001
92,6,0.65,0.9982519176380775
92,6,0.70,0.9984884858149142
92,6,0.75,0.9978543875211547
92,6,0.80,0.9983794432429615
92,6,0.85,0.9984096438606523
92,6,0.90,0.9985910086101735
92,6,0.95,0.9984312711541684
92,7,0.05,0.9853894747981158
92,7,0.10,0.9955473413616484
92,7,0.15,0.9969586787781097
92,7,0.20,0.9965995320232828
92,7,0.25,0.99776967974348
92,7,0.30,0.9969547226780354
92,7,0.35,0.9977125912439921
92,7,0.40,0.9976175759255964
92,7,0.45,0.9983791317948195
92,7,0.50,0.9982176629062043
92,7,0.55,0.9983131500924888
92,7,0.60,0.9985152848358352
92,7,0.65,0.9983291962958245
92,7,0.70,0.9981618112660315
92,7,0.75,0.9982492488159664
92,7,0.80,0.9986554263969003
92,7,0.85,0.9985906829989719
92,7,0.90,0.9984165048647332
92,7,0.95,0.9983784117267905
92,8,0.05,0.9925202394918863
92,8,0.10,0.9977351273590552
92,8,0.15,0.9972591935006188
92,8,0.20,0.9973949385226148
92,8,0.25,0.9979479683241881
92,8,0.30,0.9972342212825548
92,8,0.35,0.9976742349555816
92,8,0.40,0.997635627584883
92,8,0.45,0.998272425827949
92,8,0.50,0.9980299885955279
92,8,0.55,0.9978277230629412
92,8,0.60,0.9981913555636511
92,8,0.65,0.9979050581894698
92,8,0.70,0.9986172584717276
92,8,0.75,0.9982645263381879
92,8,0.80,0.9982644697852013
92,8,0.85,0.9985095452169636
92,8,0.90,0.9984291657541304
92,8,0.95,0.998406696576931
92,9,0.05,0.987821042486289
92,9,0.10,0.9954506024089709
92,9,0.15,0.9966802773727867
92,9,0.20,0.9960934368109503
92,9,0.25,0.9974816239345913
92,9,0.30,0.9973651495889101
92,9,0.35,0.9971584234768968
92,9,0.40,0.9976089416588656
92,9,0.45,0.9973827548397352
92,9,0.50,0.9980310590768828
92,9,0.55,0.9975905258434785
92,9,0.60,0.9979493860242397
92,9,0.65,0.9986294275535766
92,9,0.70,0.9984348584157768
92,9,0.75,0.99862672133503
92,9,0.80,0.9985626965180623
92,9,0.85,0.9984257599120366
92,9,0.90,0.9984520233826346
92,9,0.95,0.9986327291883784
93,0,0.05,0.986911696937417
93,0,0.10,0.9957745709239662
93,0,0.15,0.9967771319523749
93,0,0.20,0.9965680757726573
93,0,0.25,0.997192618172988
93,0,0.30,0.9968549351859823
93,0,0.35,0.9974945408640562
93,0,0.40,0.9976801426706376
93,0,0.45,0.9978632806164982
93,0,0.50,0.9986581887916337
93,0,0.55,0.9984409023931601
93,0,0.60,0.9983069530988223
93,0,0.65,0.9980550198004076
93,0,0.70,0.9984496399689794
93,0,0.75,0.9985175022151722
93,0,0.80,0.9982747270778602
93,0,0.85,0.9984143208791806
93,0,0.90,0.9986311747746685
93,0,0.95,0.9987783181074537
93,1,0.05,0.9864479351202311
93,1,0.10,0.9887198159360402
93,1,0.15,0.9946034986790941
93,1,0.20,0.9965174557329661
93,1,0.25,0.9975579749794466
93,1,0.30,0.996859284705075
93,1,0.35,0.9974013756377964
93,1,0.40,0.9980572133381305
93,1,0.45,0.9977961343960773
93,1,0.50,0.9976145389670673
93,1,0.55,0.9985521387346801
93,1,0.60,0.9985526785659083
93,1,0.65,0.9983743982202574
93,1,0.70,0.9984742260631693
93,1,0.75,0.9981811912115524
93,1,0.80,0.998400543375118
93,1,0.85,0.9985429904637927
93,1,0.90,0.9985718550010884
93,1,0.95,0.9986815504830187
93,2,0.05,0.9883756880306735
93,2,0.10,0.994912609949002
93,2,0.15,0.9970569411912926
93,2,0.20,0.9964523729193965
93,2,0.25,0.9972656979748498
93,2,0.30,0.9978761194926479
93,2,0.35,0.9980910525117234
93,2,0.40,0.9979433041262358
93,2,0.45,0.9975186882085535
93,2,0.50,0.9975127208102236
93,2,0.55,0.9980377097784084
93,2,0.60,0.9982483986499681
93,2,0.65,0.9983597835631703
93,2,0.70,0.9983083188131511
93,2,0.75,0.9983952535285682
93,2,0.80,0.9984392865641226
93,2,0.85,0.9984729065323927
93,2,0.90,0.9984974197853039
93,2,0.95,0.9984924222944079
93,3,0.05,0.9818982512331007
93,3,0.10,0.9952155348626747
93,3,0.15,0.9967073593336732
93,3,0.20,0.9972890776797293
93,3,0.25,0.9982753931751168
93,3,0.30,0.9978638659773004
93,3,0.35,0.9980953254212243
93,3,0.40,0.9980571936142496
93,3,0.45,0.997957248531518
93,3,0.50,0.9977240491303876
93,3,0.55,0.9978192860097089
93,3,0.60,0.9982115874025241
93,3,0.65,0.9979246889944975
93,3,0.70,0.9983707528566377
93,3,0.75,0.9986958094925538
93,3,0.80,0.9984005748929184
93,3,0.85,0.9986864793580944
93,3,0.90,0.9983561240723319
93,3,0.95,0.9986362105050591
93,4,0.05,0.9814662220595366
93,4,0.10,0.9963877870383733
93,4,0.15,0.997612897795639
93,4,0.20,0.9967175146497351
93,4,0.25,0.9977039614038924
93,4,0.30,0.9980872467473755
93,4,0.35,0.9976603829503647
93,4,0.40,0.9975740789000962
93,4,0.45,0.9979738737873559
93,4,0.50,0.9979765667747421
93,4,0.55,0.9981339102558429
93,4,0.60,0.9981307186491455
93,4,0.65,0.9978751334134123
93,4,0.70,0.9985584087375857
93,4,0.75,0.9983857378259324
93,4,0.80,0.9984452824920089
93,4,0.85,0.9985497391263187
93,4,0.90,0.9983656840380383
93,4,0.95,0.9983570072518358
93,5,0.05,0.9903685947538508
93,5,0.10,0.9970702042964369
93,5,0.15,0.9966495357972409
93,5,0.20,0.9966003296203901
93,5,0.25,0.9975619464395907
93,5,0.30,0.996931452915972
93,5,0.35,0.9973803100127002
93,5,0.40,0.9974250180534637
93,5,0.45,0.9982959323541537
93,5,0.50,0.998517196640839
93,5,0.55,0.9981569400738947
93,5,0.60,0.9989178982323131
93,5,0.65,0.9984170205624223
93,5,0.70,0.9981589251214096
93,5,0.75,0.9985982402071982
93,5,0.80,0.9984445104407631
93,5,0.85,0.9986648657844349
93,5,0.90,0.9984386018398048
93,5,0.95,0.9983381668987533
93,6,0.05,0.9949797141774965
93,6,0.10,0.9957204582425805
93,6,0.15,0.9972074256511702
93,6,0.20,0.9964991795394342
93,6,0.25,0.9983301048527262
93,6,0.30,0.9976467739631755
93,6,0.35,0.9980000428313811
93,6,0.40,0.9975046792673926
93,6,0.45,0.9972298751422909
93,6,0.50,0.9976817674395926
93,6,0.55,0.9979737039612473
93,6,0.60,0.9979370226828085
93,6,0.65,0.9985520509939818
93,6,0.70,0.9984163529225089
93,6,0.75,0.9981677055107582
93,6,0.80,0.9983763195827215
93,6,0.85,0.9984040009841206
93,6,0.90,0.9985666186931679
93,6,0.95,0.9986343672189772
93,7,0.05,0.9883512789222108
93,7,0.10,0.9948169952133759
93,7,0.15,0.9969146491078473
93,7,0.20,0.9977674393805253
93,7,0.25,0.9978050957206376
93,7,0.30,0.9975977644228858
93,7,0.35,0.9974547444905735
93,7,0.40,0.9983666714981755
93,7,0.45,0.9979506778767618
93,7,0.50,0.9982340230765727
93,7,0.55,0.9982396642726677
93,7,0.60,0.9980709802852349
93,7,0.65,0.9983847473677175
93,7,0.70,0.9981841463691765
93,7,0.75,0.9982284831866738
93,7,0.80,0.9984995226663325
93,7,0.85,0.9983795357920892
93,7,0.90,0.9985376618368793
93,7,0.95,0.9988167889227308
93,8,0.05,0.9922423647187271
93,8,0.10,0.9965799489377841
93,8,0.15,0.9953579646883377
93,8,0.20,0.9964797510210044
93,8,0.25,0.9981161606612862
93,8,0.30,0.9973187940162066
93,8,0.35,0.9982114037971107
93,8,0.40,0.9979591349270132
93,8,0.45,0.9973408399317506
93,8,0.50,0.9982813736555252
93,8,0.55,0.9980741891765168
93,8,0.60,0.9980812033863958
93,8,0.65,0.9982618683195476
93,8,0.70,0.998454466827279
93,8,0.75,0.9987993924791186
93,8,0.80,0.9985387504067158
93,8,0.85,0.9985097245130062
93,8,0.90,0.9986037282489398
93,8,0.95,0.998632412271316
93,9,0.05,0.9878158104983146
93,9,0.10,0.9944058344089993
93,9,0.15,0.9934704537187672
93,9,0.20,0.9965405316989163
93,9,0.25,0.9976416002586785
93,9,0.30,0.9976447488461911
93,9,0.35,0.9973288559995844
93,9,0.40,0.9970974541245746
93,9,0.45,0.9982290124963983
93,9,0.50,0.9979616895342308
93,9,0.55,0.9983264641418703
93,9,0.60,0.9981102398157435
93,9,0.65,0.99822851526705
93,9,0.70,0.9982967151437887
93,9,0.75,0.9981000370940876
93,9,0.80,0.9986363032994224
93,9,0.85,0.9984782376124408
93,9,0.90,0.9985852723885102
93,9,0.95,0.9984441540985672
94,0,0.05,0.9924000422226413
94,0,0.10,0.9969684368796794
94,0,0.15,0.9971285971201302
94,0,0.20,0.996634197721741
94,0,0.25,0.9976062200967196
94,0,0.30,0.9979657049392786
94,0,0.35,0.9979620097174788
94,0,0.40,0.997356083397617
94,0,0.45,0.9979852664474166
94,0,0.50,0.998087540546049
94,0,0.55,0.9982755177828802
94,0,0.60,0.9980425861575285
94,0,0.65,0.9985693595846276
94,0,0.70,0.9986430789351534
94,0,0.75,0.9982548622928792
94,0,0.80,0.9979257915749312
94,0,0.85,0.9986201300389674
94,0,0.90,0.9983949880058062
94,0,0.95,0.998576505666857
94,1,0.05,0.9965204154757322
94,1,0.10,0.9954010783050543
94,1,0.15,0.9947104297582517
94,1,0.20,0.9970534684365047
94,1,0.25,0.9972998954312747
94,1,0.30,0.9976588573227732
94,1,0.35,0.9980409710274548
94,1,0.40,0.9982264971892298
94,1,0.45,0.9982682871941233
94,1,0.50,0.9980274964175243
94,1,0.55,0.9981765236362687
94,1,0.60,0.9982896073108879
94,1,0.65,0.9983635303517137
94,1,0.70,0.9986311533199612
94,1,0.75,0.9983620869250754
94,1,0.80,0.9982619499341149
94,1,0.85,0.9985316306513354
94,1,0.90,0.9984833563456986
94,1,0.95,0.9985717380430706
94,2,0.05,0.9762974163582278
94,2,0.10,0.995524023470727
94,2,0.15,0.9971970005778191
94,2,0.20,0.9970383768709017
94,2,0.25,0.9975178497623037
94,2,0.30,0.9976067135994812
94,2,0.35,0.9977289784767016
94,2,0.40,0.997763394427968
94,2,0.45,0.9979816523812993
94,2,0.50,0.9981493501757495
94,2,0.55,0.9982540212796309
94,2,0.60,0.9986674649698929
94,2,0.65,0.9980427281905317
94,2,0.70,0.9984871337445151
94,2,0.75,0.9985217940822302
94,2,0.80,0.9983766335903678
94,2,0.85,0.9983001268532822
94,2,0.90,0.9982774193562753
94,2,0.95,0.9986077266152388
94,3,0.05,0.9924491813893551
94,3,0.10,0.9954339619142313
94,3,0.15,0.9965255175618584
94,3,0.20,0.9972142490361728
94,3,0.25,0.9967102103763024
94,3,0.30,0.9984428546879185
94,3,0.35,0.9977502865613447
94,3,0.40,0.9979026152454036
94,3,0.45,0.9980953588709234
94,3,0.50,0.9983370660990881
94,3,0.55,0.9976467610189371
94,3,0.60,0.9983046543912694
94,3,0.65,0.998039417012115
94,3,0.70,0.9980010212345723
94,3,0.75,0.9984302339192201
94,3,0.80,0.9982370742992602
94,3,0.85,0.9983644901526545
94,3,0.90,0.9982839053676353
94,3,0.95,0.9985041745841547
94,4,0.05,0.9933682899449344
94,4,0.10,0.9925221641639564
94,4,0.15,0.9979978339658181
94,4,0.20,0.9970873664493706
94,4,0.25,0.9976886346754262
94,4,0.30,0.9969821450883019
94,4,0.35,0.9978851026430288
94,4,0.40,0.9979204459047122
94,4,0.45,0.9982445243573866
94,4,0.50,0.9983438950226354
94,4,0.55,0.9982043947927695
94,4,0.60,0.9986687515654625
94,4,0.65,0.998306303628027
94,4,0.70,0.9983532188170888
94,4,0.75,0.9984513009524878
94,4,0.80,0.9986940437205957
94,4,0.85,0.9984737664584397
94,4,0.90,0.9984676048191771
94,4,0.95,0.9984927550224063
94,5,0.05,0.9826494810819428
94,5,0.10,0.9959470199869906
94,5,0.15,0.9976065214216706
94,5,0.20,0.9974781857805414
94,5,0.25,0.9963196219353337
94,5,0.30,0.9979760956307411
94,5,0.35,0.9981898442647923
94,5,0.40,0.998551362573817
94,5,0.45,0.9986897579193821
94,5,0.50,0.998226693263809
94,5,0.55,0.9980259618289422
94,5,0.60,0.9983563066262665
94,5,0.65,0.9983117050752409
94,5,0.70,0.9981885695113862
94,5,0.75,0.9981910947976578
94,5,0.80,0.9983190313894704
94,5,0.85,0.9980684114606118
94,5,0.90,0.9983565045733714
94,5,0.95,0.9985165399714647
94,6,0.05,0.9924930441161972
94,6,0.10,0.994875866012548
94,6,0.15,0.9973942691579992
94,6,0.20,0.9986334670804567
94,6,0.25,0.9958450027950432
94,6,0.30,0.9975282552812554
94,6,0.35,0.9978416782710275
94,6,0.40,0.9982331028342566
94,6,0.45,0.9980217054414031
94,6,0.50,0.9977583772657131
94,6,0.55,0.9983547617257349
94,6,0.60,0.9982777104334669
94,6,0.65,0.9977237965872472
94,6,0.70,0.9985768219138553
94,6,0.75,0.9984784808750512
94,6,0.80,0.998223411659246
94,6,0.85,0.9984714739281482
94,6,0.90,0.9984116329759819
94,6,0.95,0.9983175355702565
94,7,0.05,0.9908011371345183
94,7,0.10,0.9950939745881646
94,7,0.15,0.9946181610197995
94,7,0.20,0.9971951503313583
94,7,0.25,0.9982230322962988
94,7,0.30,0.9973829858756067
94,7,0.35,0.998571845570479
94,7,0.40,0.9981315799758157
94,7,0.45,0.9979003338293205
94,7,0.50,0.998301471851861
94,7,0.55,0.9985318828007519
94,7,0.60,0.9979731594507969
94,7,0.65,0.9984157236008736
94,7,0.70,0.9983251287664467
94,7,0.75,0.9983822103486113
94,7,0.80,0.9986373218831909
94,7,0.85,0.9983799503798124
94,7,0.90,0.9980635568334812
94,7,0.95,0.9983962993823402
94,8,0.05,0.988977222867919
94,8,0.10,0.9924992154145263
94,8,0.15,0.9970369907316736
94,8,0.20,0.9972916490725059
94,8,0.25,0.9976665172674165
94,8,0.30,0.9979031883460746
94,8,0.35,0.9977617504182026
94,8,0.40,0.997951376163145
94,8,0.45,0.9980837688526192
94,8,0.50,0.9979966771922024
94,8,0.55,0.9981454470993203
94,8,0.60,0.9976900955000547
94,8,0.65,0.9984166477463834
94,8,0.70,0.998571389233989
94,8,0.75,0.9980527582394512
94,8,0.80,0.9984957632337707
94,8,0.85,0.9986803771736394
94,8,0.90,0.9987288125006757
94,8,0.95,0.9984915207642815
94,9,0.05,0.9872383247234835
94,9,0.10,0.9935499979700363
94,9,0.15,0.9954639769841077
94,9,0.20,0.9952374614132885
94,9,0.25,0.9979578666582773
94,9,0.30,0.997735301633416
94,9,0.35,0.9983041087821506
94,9,0.40,0.9979703537397685
94,9,0.45,0.9984913637046289
94,9,0.50,0.9982181461777873
94,9,0.55,0.9982888456984654
94,9,0.60,0.9980579334247027
94,9,0.65,0.9983786834474753
94,9,0.70,0.9986122929650739
94,9,0.75,0.998450992041186
94,9,0.80,0.9982601898362237
94,9,0.85,0.9986648405639004
94,9,0.90,0.9985108688253295
94,9,0.95,0.9983974839127446
95,0,0.05,0.9932108037771737
95,0,0.10,0.9944822548728784
95,0,0.15,0.9965113562901771
95,0,0.20,0.9966343290182301
95,0,0.25,0.9977389661969867
95,0,0.30,0.9975262487526116
95,0,0.35,0.997049221654414
95,0,0.40,0.997822497501488
95,0,0.45,0.9982966114924101
95,0,0.50,0.9985821437377631
95,0,0.55,0.9985880220708002
95,0,0.60,0.9986030785046657
95,0,0.65,0.9981657507481917
95,0,0.70,0.9987942590553409
95,0,0.75,0.9987248383951622
95,0,0.80,0.9988077700605577
95,0,0.85,0.9984119239731911
95,0,0.90,0.9983977134429171
95,0,0.95,0.9984041497234876
95,1,0.05,0.9863667655884212
95,1,0.10,0.9961531533415292
95,1,0.15,0.9972810733743117
95,1,0.20,0.9971991639465624
95,1,0.25,0.996478626961735
95,1,0.30,0.9976865916581176
95,1,0.35,0.9975033598027246
95,1,0.40,0.9980984193255984
95,1,0.45,0.998169245666394
95,1,0.50,0.9984508033804237
95,1,0.55,0.9985917092027868
95,1,0.60,0.9983319524857641
95,1,0.65,0.9988119885424752
95,1,0.70,0.9983017717032616
95,1,0.75,0.9981578378094454
95,1,0.80,0.9985753758283971
95,1,0.85,0.9983295201669218
95,1,0.90,0.9986015836771985
95,1,0.95,0.9986272586606756
95,2,0.05,0.9770543127341103
95,2,0.10,0.9969100404249748
95,2,0.15,0.997116462871781
95,2,0.20,0.9981518812950285
95,2,0.25,0.9977655936018286
95,2,0.30,0.9980228038625045
95,2,0.35,0.9977266237885082
95,2,0.40,0.9981596088111567
95,2,0.45,0.9983330262878564
95,2,0.50,0.9982031421293498
95,2,0.55,0.9981210433838285
95,2,0.60,0.9985010096869376
95,2,0.65,0.9981215207984936
95,2,0.70,0.9984638504862073
95,2,0.75,0.9986266668484626
95,2,0.80,0.998669169542352
95,2,0.85,0.9985602773512855
95,2,0.90,0.9984406634383423
95,2,0.95,0.9984196025759645
95,3,0.05,0.9869466668412875
95,3,0.10,0.9940274654774809
95,3,0.15,0.9967397697251464
95,3,0.20,0.9978433684175309
95,3,0.25,0.9967445227400576
95,3,0.30,0.9975079147334213
95,3,0.35,0.998682574404617
95,3,0.40,0.9986077966842155
95,3,0.45,0.9987972123530173
95,3,0.50,0.9984178217832632
95,3,0.55,0.9985011025517669
95,3,0.60,0.998467082440594
95,3,0.65,0.9987862618967291
95,3,0.70,0.9983533752469386
95,3,0.75,0.9984893984455909
95,3,0.80,0.9985178799019097
95,3,0.85,0.9986121815704032
95,3,0.90,0.9986971807982006
95,3,0.95,0.9984789464080669
95,4,0.05,0.9926020803907057
95,4,0.10,0.9933815829327773
95,4,0.15,0.9974209583481888
95,4,0.20,0.9977819994592637
95,4,0.25,0.9952659719242695
95,4,0.30,0.9978537580360732
95,4,0.35,0.9982715391324561
95,4,0.40,0.9987335523539417
95,4,0.45,0.9983905644594514
95,4,0.50,0.9975346935151639
95,4,0.55,0.998189438272833
95,4,0.60,0.9983818002880765
95,4,0.65,0.9984628486717991
95,4,0.70,0.9985824457390369
95,4,0.75,0.9986164898552139
95,4,0.80,0.9984697315392009
95,4,0.85,0.9985449535354245
95,4,0.90,0.9985965597106382
95,4,0.95,0.9983353995217827
95,5,0.05,0.993684211851308
95,5,0.10,0.9974706268765043
95,5,0.15,0.9970966787760068
95,5,0.20,0.9965324665617954
95,5,0.25,0.9969591711909074
95,5,0.30,0.9976660331901308
95,5,0.35,0.9981429337096801
95,5,0.40,0.9976600652145174
95,5,0.45,0.9982294837974389
95,5,0.50,0.9984751010656966
95,5,0.55,0.9981250936993851
95,5,0.60,0.9983669747443245
95,5,0.65,0.9983063365224762
95,5,0.70,0.9979648265692715
95,5,0.75,0.9983936148041324
95,5,0.80,0.9983781826617278
95,5,0.85,0.9985588538199904
95,5,0.90,0.9986165260333281
95,5,0.95,0.9984764888451128
95,6,0.05,0.9897377316258454
95,6,0.10,0.9959058771189643
95,6,0.15,0.9980615332873113
95,6,0.20,0.9965323281684962
95,6,0.25,0.9969937023380462
95,6,0.30,0.9972592015335247
95,6,0.35,0.9973206627935307
95,6,0.40,0.998189109348516
95,6,0.45,0.9984780039607314
95,6,0.50,0.9987241544708573
95,6,0.55,0.9981890967097075
95,6,0.60,0.9985264424116331
95,6,0.65,0.9985884551352169
95,6,0.70,0.9984703074782219
95,6,0.75,0.9984327243555695
95,6,0.80,0.9985589866433313
95,6,0.85,0.9987192028618369
95,6,0.90,0.9983620525468935
95,6,0.95,0.9985449688026407
95,7,0.05,0.9899413419930958
95,7,0.10,0.9980123600408342
95,7,0.15,0.9956982725706448
95,7,0.20,0.997833573113513
95,7,0.25,0.9972026883734627
95,7,0.30,0.9978964645994968
95,7,0.35,0.9978193571228576
95,7,0.40,0.9979735313983759
95,7,0.45,0.9980606640731935
95,7,0.50,0.9984252681617386
95,7,0.55,0.9986849564178406
95,7,0.60,0.9983318316243605
95,7,0.65,0.9982267713951337
95,7,0.70,0.9980962745257921
95,7,0.75,0.9982091284151876
95,7,0.80,0.9982651662810433
95,7,0.85,0.9983178967470796
95,7,0.90,0.9982986150866935
95,7,0.95,0.9984747296782968
95,8,0.05,0.9811726633509046
95,8,0.10,0.9975878504904606
95,8,0.15,0.9973891184019792
95,8,0.20,0.9975270791260894
95,8,0.25,0.9966839907042897
95,8,0.30,0.9982488795091581
95,8,0.35,0.9981120030858389
95,8,0.40,0.9980348851765236
95,8,0.45,0.998120836410816
95,8,0.50,0.9982534165901904
95,8,0.55,0.9985535397367746
95,8,0.60,0.998591130778291
95,8,0.65,0.9980318904209945
95,8,0.70,0.9982091224045928
95,8,0.75,0.9986508770080339
95,8,0.80,0.9985320204664262
95,8,0.85,0.9981437665826606
95,8,0.90,0.9984132751412585
95,8,0.95,0.9985634524763639
95,9,0.05,0.9891600231383405
95,9,0.10,0.9966858787276957
95,9,0.15,0.9968378157428209
95,9,0.20,0.9971811059325032
95,9,0.25,0.9976332646452543
95,9,0.30,0.9982374894917455
95,9,0.35,0.9984053243266775
95,9,0.40,0.9984868572483203
95,9,0.45,0.9978451894828294
95,9,0.50,0.998510025719003
95,9,0.55,0.99839037651511
95,9,0.60,0.998564471648576
95,9,0.65,0.9983609178342533
95,9,0.70,0.9982710957086328
95,9,0.75,0.9984811882639526
95,9,0.80,0.9986868924378589
95,9,0.85,0.99860004703356
95,9,0.90,0.9983631911383446
95,9,0.95,0.9983684933678575
96,0,0.05,0.9655247587176357
96,0,0.10,0.9954339435555423
96,0,0.15,0.9970631455473024
96,0,0.20,0.9964412157007967
96,0,0.25,0.9975420648063976
96,0,0.30,0.9982122528128209
96,0,0.35,0.9978696998574297
96,0,0.40,0.9983548057582264
96,0,0.45,0.9980480455077011
96,0,0.50,0.9985677192043856
96,0,0.55,0.9980143583262767
96,0,0.60,0.9984057671592402
96,0,0.65,0.9986783962152059
96,0,0.70,0.9985409203789978
96,0,0.75,0.9984357362742858
96,0,0.80,0.998442013762346
96,0,0.85,0.998714549991089
96,0,0.90,0.9983748565977505
96,0,0.95,0.9986845191022817
96,1,0.05,0.9802202166228015
96,1,0.10,0.995770190447269
96,1,0.15,0.9961155247974681
96,1,0.20,0.9976326750025444
96,1,0.25,0.9972307420398892
96,1,0.30,0.9974433774601241
96,1,0.35,0.9981134995772424
96,1,0.40,0.9982095848876358
96,1,0.45,0.9984006542963619
96,1,0.50,0.9984834609795498
96,1,0.55,0.9983322640377483
96,1,0.60,0.9982700925224928
96,1,0.65,0.9985034074928933
96,1,0.70,0.9986057019207064
96,1,0.75,0.9986164207392859
96,1,0.80,0.998440327736487
96,1,0.85,0.9984625997283212
96,1,0.90,0.9980484854792925
96,1,0.95,0.9988410275366435
96,2,0.05,0.9879510092949572
96,2,0.10,0.9971652505609325
96,2,0.15,0.9975451401852301
96,2,0.20,0.997045247198336
96,2,0.25,0.9977409583494872
96,2,0.30,0.9979043960557934
96,2,0.35,0.9978884755212882
96,2,0.40,0.9981439254537126
96,2,0.45,0.9984179324359999
96,2,0.50,0.9983861708656646
96,2,0.55,0.9984124440476714
96,2,0.60,0.9986786460141338
96,2,0.65,0.9984639537893255
96,2,0.70,0.9986273554640746
96,2,0.75,0.9987459554032522
96,2,0.80,0.9986200477458839
96,2,0.85,0.9983192218356907
96,2,0.90,0.9986256163758603
96,2,0.95,0.9985765721560294
96,3,0.05,0.9914189942558974
96,3,0.10,0.9946030980048903
96,3,0.15,0.9962137642414641
96,3,0.20,0.9969887931400833
96,3,0.25,0.9979253811231962
96,3,0.30,0.9972830557513882
96,3,0.35,0.9985451859294768
96,3,0.40,0.998305180842665
96,3,0.45,0.9987432939114541
96,3,0.50,0.9983800405389691
96,3,0.55,0.9982727686056024
96,3,0.60,0.998346668125491
96,3,0.65,0.9985579654616475
96,3,0.70,0.9985303176456223
96,3,0.75,0.9986105807511056
96,3,0.80,0.9984261044884314
96,3,0.85,0.9986698451750801
96,3,0.90,0.9984667591312546
96,3,0.95,0.9988976178600052
96,4,0.05,0.9905613075776711
96,4,0.10,0.996492780645967
96,4,0.15,0.9963949893069705
96,4,0.20,0.9984166691780466
96,4,0.25,0.9970036665248357
96,4,0.30,0.9982478573124297
96,4,0.35,0.9982324516938015
96,4,0.40,0.9981344837615218
96,4,0.45,0.9983795148624134
96,4,0.50,0.998558432541733
96,4,0.55,0.9985863491166607
96,4,0.60,0.9983936254322128
96,4,0.65,0.9986370358597952
96,4,0.70,0.9986513152864677
96,4,0.75,0.9986278414884191
96,4,0.80,0.9987148940962661
96,4,0.85,0.9984120242089985
96,4,0.90,0.9985996229693057
96,4,0.95,0.9982144078538975
96,5,0.05,0.9953537048855681
96,5,0.10,0.9916092136397696
96,5,0.15,0.9950475734979721
96,5,0.20,0.9978666077307986
96,5,0.25,0.9972925478633591
96,5,0.30,0.9980211332681078
96,5,0.35,0.9978421536775443
96,5,0.40,0.9983512718444764
96,5,0.45,0.998678849602682
96,5,0.50,0.9980463661082748
96,5,0.55,0.998397185622309
96,5,0.60,0.9987096958786698
96,5,0.65,0.9987140282581809
96,5,0.70,0.9985613088051055
96,5,0.75,0.9985132241556058
96,5,0.80,0.9984442243093814
96,5,0.85,0.9984828767525611
96,5,0.90,0.9984019065413295
96,5,0.95,0.9984524901170275
96,6,0.05,0.9788110852493371
96,6,0.10,0.9971893733357309
96,6,0.15,0.9956205863157576
96,6,0.20,0.9970978034857924
96,6,0.25,0.9975631026543426
96,6,0.30,0.9978551594542595
96,6,0.35,0.9978581510807103
96,6,0.40,0.9982818864343211
96,6,0.45,0.9987640182027683
96,6,0.50,0.9985393407473583
96,6,0.55,0.998657050709513
96,6,0.60,0.9981464331114858
96,6,0.65,0.9982677213655612
96,6,0.70,0.9982901923444639
96,6,0.75,0.9984226082839154
96,6,0.80,0.9986488564085771
96,6,0.85,0.9981161525330524
96,6,0.90,0.9986644787762521
96,6,0.95,0.9985686788855056
96,7,0.05,0.9884155297131287
96,7,0.10,0.9905957189252302
96,7,0.15,0.997985301656663
96,7,0.20,0.9975661582648017
96,7,0.25,0.9974853962831336
96,7,0.30,0.997884923161935
96,7,0.35,0.9984994551828865
96,7,0.40,0.9982462817592631
96,7,0.45,0.9984386371505329
96,7,0.50,0.9982350006310168
96,7,0.55,0.9986885736685508
96,7,0.60,0.9984070599338765
96,7,0.65,0.9984521600274697
96,7,0.70,0.9986105281258023
96,7,0.75,0.9984902569234477
96,7,0.80,0.9986016333506479
96,7,0.85,0.9986585000261312
96,7,0.90,0.9984095195923545
96,7,0.95,0.9982752385132072
96,8,0.05,0.9909554246106992
96,8,0.10,0.9918352369206694
96,8,0.15,0.9973917382351162
96,8,0.20,0.9971723193557167
96,8,0.25,0.9982608144099255
96,8,0.30,0.9975374336636962
96,8,0.35,0.9976292166816431
96,8,0.40,0.9985852533768093
96,8,0.45,0.9981710214029443
96,8,0.50,0.9981341974854453
96,8,0.55,0.9985733680728973
96,8,0.60,0.99855749330073
96,8,0.65,0.9987831579497444
96,8,0.70,0.9987805404591065
96,8,0.75,0.9988289299926587
96,8,0.80,0.9985070194800546
96,8,0.85,0.9986704071682004
96,8,0.90,0.9985969361194215
96,8,0.95,0.9985696081446785
96,9,0.05,0.9804276543213605
96,9,0.10,0.9942228385921623
96,9,0.15,0.9982573911921098
96,9,0.20,0.9969569469177015
96,9,0.25,0.9975945470589923
96,9,0.30,0.9974389022022287
96,9,0.35,0.9982687508876712
96,9,0.40,0.9981135487112265
96,9,0.45,0.9979328003134562
96,9,0.50,0.9981436882200414
96,9,0.55,0.9985745330472894
96,9,0.60,0.9984822584914681
96,9,0.65,0.9987563643431407
96,9,0.70,0.9981360792644122
96,9,0.75,0.9981260690008605
96,9,0.80,0.9984687534858516
96,9,0.85,0.9983012417265608
96,9,0.90,0.9986513816887892
96,9,0.95,0.9988366912234999
97,0,0.05,0.9927344437250446
97,0,0.10,0.9950119833772705
97,0,0.15,0.9979702221094152
97,0,0.20,0.997391498855753
97,0,0.25,0.9973967381452441
97,0,0.30,0.9978961348163853
97,0,0.35,0.9979640288871595
97,0,0.40,0.9975336222687362
97,0,0.45,0.998163857830095
97,0,0.50,0.9977933041186632
97,0,0.55,0.9977590723381169
97,0,0.60,0.9983825401285441
97,0,0.65,0.9979152938411818
97,0,0.70,0.9978660445922146
97,0,0.75,0.998348624692628
97,0,0.80,0.998416793085512
97,0,0.85,0.9981083975184935
97,0,0.90,0.9984186521792628
97,0,0.95,0.9984786777753838
97,1,0.05,0.9922919654953465
97,1,0.10,0.9944773455951729
97,1,0.15,0.9972905797645389
97,1,0.20,0.9971969625662621
97,1,0.25,0.9980670545007583
97,1,0.30,0.9975863151763406
97,1,0.35,0.9981937622122853
97,1,0.40,0.9981376886912992
97,1,0.45,0.9980196821768376
97,1,0.50,0.9984660388331464
97,1,0.55,0.9980965516021152
97,1,0.60,0.9983077678036183
97,1,0.65,0.9986320312477226
97,1,0.70,0.998306166972342
97,1,0.75,0.9976434620096277
97,1,0.80,0.9983186834641459
97,1,0.85,0.9984214124259005
97,1,0.90,0.9987054741734955
97,1,0.95,0.9986107514166835
97,2,0.05,0.9872940079400638
97,2,0.10,0.9951852515115966
97,2,0.15,0.9976222229156133
97,2,0.20,0.9964636211689178
97,2,0.25,0.997114026671977
97,2,0.30,0.9982702861375593
97,2,0.35,0.9974848360120224
97,2,0.40,0.9979938305483119
97,2,0.45,0.9981735077242891
97,2,0.50,0.9980381545453453
97,2,0.55,0.9976732727907005
97,2,0.60,0.9982496042317848
97,2,0.65,0.9981992377865646
97,2,0.70,0.9983366151215356
97,2,0.75,0.9983276202666107
97,2,0.80,0.9985033385858233
97,2,0.85,0.9984975454270615
97,2,0.90,0.9984312126222273
97,2,0.95,0.9981135385788914
97,3,0.05,0.992575464659139
97,3,0.10,0.995873765537132
97,3,0.15,0.9966183689810789
97,3,0.20,0.9962695621509722
97,3,0.25,0.9982279697493411
97,3,0.30,0.9975578395046013
97,3,0.35,0.9979647752863964
97,3,0.40,0.9977897914389894
97,3,0.45,0.9974310484607192
97,3,0.50,0.997941839874502
97,3,0.55,0.9985161008438723
97,3,0.60,0.998568667881726
97,3,0.65,0.9977847554110542
97,3,0.70,0.9983838814741002
97,3,0.75,0.9983730518023617
97,3,0.80,0.9982920421004029
97,3,0.85,0.9981968918637585
97,3,0.90,0.9985042792970317
97,3,0.95,0.9984806366881088
97,4,0.05,0.9825755696241195
97,4,0.10,0.9966769723264016
97,4,0.15,0.9966953247320702
97,4,0.20,0.9971619451892834
97,4,0.25,0.9980597557509239
97,4,0.30,0.9976871435153329
97,4,0.35,0.9981048058304604
97,4,0.40,0.997992229069977
97,4,0.45,0.9973031629866762
97,4,0.50,0.9975769609820078
97,4,0.55,0.997506512100494
97,4,0.60,0.9981853291990792
97,4,0.65,0.9984649942728708
97,4,0.70,0.99833117914219
97,4,0.75,0.9984937610646153
97,4,0.80,0.9982083018424612
97,4,0.85,0.99846657914642
97,4,0.90,0.9985333682399221
97,4,0.95,0.9984564933145341
97,5,0.05,0.996943330696605
97,5,0.10,0.9950888565551881
97,5,0.15,0.998346889709546
97,5,0.20,0.9965883469680755
97,5,0.25,0.9974604349414695
97,5,0.30,0.9975151001021079
97,5,0.35,0.9980452319018577
97,5,0.40,0.9976330443473576
97,5,0.45,0.998287004566044
97,5,0.50,0.9981674011999497
97,5,0.55,0.998556060757765
97,5,0.60,0.9983871855176243
97,5,0.65,0.9984975821540579
97,5,0.70,0.9986350401570407
97,5,0.75,0.9981727074623
97,5,0.80,0.9984940817092486
97,5,0.85,0.9983402661543138
97,5,0.90,0.998375295740672
97,5,0.95,0.9980464399963189
97,6,0.05,0.9953754773381732
97,6,0.10,0.9953552126812931
97,6,0.15,0.9977009127869815
97,6,0.20,0.9982140515901324
97,6,0.25,0.9978002211207081
97,6,0.30,0.9982189377120334
97,6,0.35,0.997722338778364
97,6,0.40,0.9969514598862868
97,6,0.45,0.9987132145082623
97,6,0.50,0.9979759753426792
97,6,0.55,0.9978531018231466
97,6,0.60,0.9983930119369826
97,6,0.65,0.9982132728120505
97,6,0.70,0.9984303063948523
97,6,0.75,0.9984728075391566
97,6,0.80,0.9984541444648418
97,6,0.85,0.9983759587675489
97,6,0.90,0.9984491694654286
97,6,0.95,0.9986918601949462
97,7,0.05,0.9883808518192505
97,7,0.10,0.9953310189210061
97,7,0.15,0.9971808040583635
97,7,0.20,0.9983679670548196
97,7,0.25,0.9981002928577635
97,7,0.30,0.9972935152192705
97,7,0.35,0.9982226915912638
97,7,0.40,0.9976727695540626
97,7,0.45,0.9981144435224188
97,7,0.50,0.9978640194392799
97,7,0.55,0.9982921904021201
97,7,0.60,0.9985420738004853
97,7,0.65,0.9982077874139178
97,7,0.70,0.9984868375945521
97,7,0.75,0.998382268939534
97,7,0.80,0.9985172823714937
97,7,0.85,0.9982287795216616
97,7,0.90,0.9985193273849671
97,7,0.95,0.9984517771714091
97,8,0.05,0.9842456418825323
97,8,0.10,0.9966936754243251
97,8,0.15,0.9955012560167215
97,8,0.20,0.9971202601803723
97,8,0.25,0.9974209573603057
97,8,0.30,0.9969541578786403
97,8,0.35,0.9978428421456398
97,8,0.40,0.9979641834527518
97,8,0.45,0.9982590807835174
97,8,0.50,0.9977363304935868
97,8,0.55,0.9981393499216552
97,8,0.60,0.9980582747686264
97,8,0.65,0.9984658348702538
97,8,0.70,0.9983618517090669
97,8,0.75,0.9980151639545732
97,8,0.80,0.9988451510094573
97,8,0.85,0.9986197623888279
97,8,0.90,0.9985001105361353
97,8,0.95,0.9983296616520089
97,9,0.05,0.9801217160946083
97,9,0.10,0.995548037128026
97,9,0.15,0.9974264898211171
97,9,0.20,0.9974359667751758
97,9,0.25,0.9983496140828939
97,9,0.30,0.9968002467398097
97,9,0.35,0.9979648107128883
97,9,0.40,0.9976315780119626
97,9,0.45,0.9978114175338525
97,9,0.50,0.9980614603910654
97,9,0.55,0.9987362061816912
97,9,0.60,0.998155457297917
97,9,0.65,0.9986079007851955
97,9,0.70,0.9985670863880223
97,9,0.75,0.9983001849876489
97,9,0.80,0.998179455218398
97,9,0.85,0.9978890357436477
97,9,0.90,0.9983589808074984
97,9,0.95,0.9984698783554047
98,0,0.05,0.9919153017687031
98,0,0.10,0.9965052590456432
98,0,0.15,0.9967688377466131
98,0,0.20,0.9963886405274107
98,0,0.25,0.9975833654273274
98,0,0.30,0.9978575274978004
98,0,0.35,0.9985330357966808
98,0,0.40,0.9983134603160987
98,0,0.45,0.9978414081413881
98,0,0.50,0.9984406315361778
98,0,0.55,0.9984146071759006
98,0,0.60,0.9983836123630787
98,0,0.65,0.9983399330355756
98,0,0.70,0.997965574580871
98,0,0.75,0.9979160171533553
98,0,0.80,0.9983200289746925
98,0,0.85,0.9986961081209266
98,0,0.90,0.9985563237485031
98,0,0.95,0.998519631111967
98,1,0.05,0.9961511270386336
98,1,0.10,0.9961089655764978
98,1,0.15,0.9974545804634725
98,1,0.20,0.9974645855395134
98,1,0.25,0.9974938336472711
98,1,0.30,0.9979428645452705
98,1,0.35,0.9979947032919086
98,1,0.40,0.9984168540864335
98,1,0.45,0.9979541715856154
98,1,0.50,0.9986098137130103
98,1,0.55,0.9980145481893533
98,1,0.60,0.9980263454820645
98,1,0.65,0.9982508276911618
98,1,0.70,0.9982943074190869
98,1,0.75,0.9983331570417258
98,1,0.80,0.9986353225622754
98,1,0.85,0.9986632066841762
98,1,0.90,0.9986318816991439
98,1,0.95,0.998501138080407
98,2,0.05,0.995314367939182
98,2,0.10,0.994968595637723
98,2,0.15,0.9967506686322092
98,2,0.20,0.9979639762138917
98,2,0.25,0.9974671549346417
98,2,0.30,0.9980655140333166
98,2,0.35,0.9980955745418753
98,2,0.40,0.9984775868498439
98,2,0.45,0.9985553190519322
98,2,0.50,0.9981245644520944
98,2,0.55,0.9983191855669563
98,2,0.60,0.998493908529717
98,2,0.65,0.9984145626143213
98,2,0.70,0.9981227905025353
98,2,0.75,0.998011242676392
98,2,0.80,0.9981304887430317
98,2,0.85,0.9987585738954965
98,2,0.90,0.9982520355784777
98,2,0.95,0.9986419892492152
98,3,0.05,0.9899583603620064
98,3,0.10,0.9970923466971774
98,3,0.15,0.9981119603205144
98,3,0.20,0.997029225957539
98,3,0.25,0.9971330401360945
98,3,0.30,0.9983726890651431
98,3,0.35,0.9978426129302832
98,3,0.40,0.9980755740985051
98,3,0.45,0.9980880343517051
98,3,0.50,0.9979616825753852
98,3,0.55,0.9983066349596784
98,3,0.60,0.9983206788476198
98,3,0.65,0.9982916865770544
98,3,0.70,0.9983852054003561
98,3,0.75,0.9984376559471743
98,3,0.80,0.998320458968004
98,3,0.85,0.9985174887327943
98,3,0.90,0.9987272454720176
98,3,0.95,0.9989054580893472
98,4,0.05,0.9918493394953636
98,4,0.10,0.9924302301748519
98,4,0.15,0.9974856354089348
98,4,0.20,0.9978792489603021
98,4,0.25,0.9982349882672089
98,4,0.30,0.9978991076771261
98,4,0.35,0.9979853106534612
98,4,0.40,0.9978940596242811
98,4,0.45,0.9983129412402943
98,4,0.50,0.9983068352652653
98,4,0.55,0.9977643687009108
98,4,0.60,0.9985094049527682
98,4,0.65,0.9981966241072567
98,4,0.70,0.9983857877795289
98,4,0.75,0.9984229560182154
98,4,0.80,0.998152062811022
98,4,0.85,0.998403562800266
98,4,0.90,0.9984228613271241
98,4,0.95,0.9986384159350286
98,5,0.05,0.9825925561632779
98,5,0.10,0.9942072615312796
98,5,0.15,0.9982257357832884
98,5,0.20,0.9982128551890934
98,5,0.25,0.9977674467081233
98,5,0.30,0.9980007070748328
98,5,0.35,0.9980492659660248
98,5,0.40,0.9981942911569933
98,5,0.45,0.9984699488545505
98,5,0.50,0.9982035069066699
98,5,0.55,0.9984599394887679
98,5,0.60,0.998439105001579
98,5,0.65,0.998608935705526
98,5,0.70,0.9984686235158632
98,5,0.75,0.9986192195372067
98,5,0.80,0.9983690529004917
98,5,0.85,0.9985138768529863
98,5,0.90,0.998394796150832
98,5,0.95,0.9986534254089463
98,6,0.05,0.9891536064327573
98,6,0.10,0.9938493655821086
98,6,0.15,0.9972662153071954
98,6,0.20,0.9978802074319748
98,6,0.25,0.9982264051681496
98,6,0.30,0.9982451334908773
98,6,0.35,0.9980023868128879
98,6,0.40,0.9980342836915365
98,6,0.45,0.9977085878247708
98,6,0.50,0.9980358004439039
98,6,0.55,0.9979767529423936
98,6,0.60,0.9976960329150966
98,6,0.65,0.9978364348002798
98,6,0.70,0.9983765729307233
98,6,0.75,0.9983972244685683
98,6,0.80,0.9987708267212235
98,6,0.85,0.9978095705955438
98,6,0.90,0.9985270357357265
98,6,0.95,0.9987136805241615
98,7,0.05,0.9790491669200938
98,7,0.10,0.9948322790758646
98,7,0.15,0.997553560748585
98,7,0.20,0.9980356378692523
98,7,0.25,0.99778265806082
98,7,0.30,0.997957979666553
98,7,0.35,0.9977225172896644
98,7,0.40,0.9979154049572084
98,7,0.45,0.998240325277762
98,7,0.50,0.9976138193370241
98,7,0.55,0.9983076107626039
98,7,0.60,0.9982428913625073
98,7,0.65,0.9982031907466252
98,7,0.70,0.9979559059715
98,7,0.75,0.998211433795306
98,7,0.80,0.9982680287539539
98,7,0.85,0.9983475949895344
98,7,0.90,0.9986650108890597
98,7,0.95,0.9983275265504447
98,8,0.05,0.9920463303285941
98,8,0.10,0.9849761620530111
98,8,0.15,0.9976384051072957
98,8,0.20,0.9979429710740442
98,8,0.25,0.998797503943879
98,8,0.30,0.9979015510666686
98,8,0.35,0.9984568740504963
98,8,0.40,0.9977045915279392
98,8,0.45,0.9981924321056242
98,8,0.50,0.9982297530497011
98,8,0.55,0.9982408546374164
98,8,0.60,0.9985414528872494
98,8,0.65,0.9986049556905228
98,8,0.70,0.9981877062118787
98,8,0.75,0.9978608742050056
98,8,0.80,0.9984456296206267
98,8,0.85,0.9985791407859881
98,8,0.90,0.9985341441825613
98,8,0.95,0.9983867608331162
98,9,0.05,0.9773279016342119
98,9,0.10,0.9948215824571365
98,9,0.15,0.998025752017677
98,9,0.20,0.9965537329072892
98,9,0.25,0.9975182571811942
98,9,0.30,0.9979405707853193
98,9,0.35,0.998432362853216
98,9,0.40,0.9981826173468928
98,9,0.45,0.9983681081593531
98,9,0.50,0.9980882185449291
98,9,0.55,0.9987123373888852
98,9,0.60,0.9981612432933319
98,9,0.65,0.998183636577914
98,9,0.70,0.9983974263681945
98,9,0.75,0.9982841774380774
98,9,0.80,0.9981790033980946
98,9,0.85,0.9985822968446382
98,9,0.90,0.998428453328902
98,9,0.95,0.9985681056654501
99,0,0.05,0.9906064996100141
99,0,0.10,0.9962592971490173
99,0,0.15,0.9975094499068081
99,0,0.20,0.9944351383817165
99,0,0.25,0.9974890422818975
99,0,0.30,0.996770776902929
99,0,0.35,0.997530593892065
99,0,0.40,0.9977104660760507
99,0,0.45,0.9976488605338972
99,0,0.50,0.9976800401826917
99,0,0.55,0.9978239294943617
99,0,0.60,0.9979834326983237
99,0,0.65,0.9981678274345218
99,0,0.70,0.9982432536405486
99,0,0.75,0.99849231760479
99,0,0.80,0.9983859828419677
99,0,0.85,0.9986181440279767
99,0,0.90,0.9982438570626514
99,0,0.95,0.9985701115649313
99,1,0.05,0.9875441716305625
99,1,0.10,0.9964974734243152
99,1,0.15,0.9931919249549344
99,1,0.20,0.9972295996621411
99,1,0.25,0.9971197505561136
99,1,0.30,0.9970149952931188
99,1,0.35,0.9979991745656034
99,1,0.40,0.9976827797478596
99,1,0.45,0.9980712379418152
99,1,0.50,0.9982539775465663
99,1,0.55,0.998397982310032
99,1,0.60,0.9985466832783724
99,1,0.65,0.9978881081036763
99,1,0.70,0.9982950596553211
99,1,0.75,0.9982314354896334
99,1,0.80,0.9982996330370024
99,1,0.85,0.9984343959496483
99,1,0.90,0.9982264153584245
99,1,0.95,0.99839213968761
99,2,0.05,0.9819790534443749
99,2,0.10,0.9956636453360416
99,2,0.15,0.9975166939122327
99,2,0.20,0.9969313115074095
99,2,0.25,0.9974608305894563
99,2,0.30,0.9978362654184332
99,2,0.35,0.9976413051202259
99,2,0.40,0.9978439881128284
99,2,0.45,0.9982072094380633
99,2,0.50,0.9977550056230081
99,2,0.55,0.9981121154173257
99,2,0.60,0.9983848953954196
99,2,0.65,0.9980419570137734
99,2,0.70,0.9985494300540144
99,2,0.75,0.9982016933734628
99,2,0.80,0.9982307780889907
99,2,0.85,0.9984617794065106
99,2,0.90,0.9986306693328479
99,2,0.95,0.9986524237181066
99,3,0.05,0.9881717359917805
99,3,0.10,0.9971850205135698
99,3,0.15,0.9954491351386489
99,3,0.20,0.9956001177542939
99,3,0.25,0.9951292911036923
99,3,0.30,0.9968950386998882
99,3,0.35,0.9982727451840689
99,3,0.40,0.9983538903980964
99,3,0.45,0.9983027281843085
99,3,0.50,0.9984165620363911
99,3,0.55,0.9980326972364233
99,3,0.60,0.9985893409656439
99,3,0.65,0.9980462999212917
99,3,0.70,0.998611737882508
99,3,0.75,0.9978778381035753
99,3,0.80,0.9984851983646227
99,3,0.85,0.998340029783637
99,3,0.90,0.9984685472123271
99,3,0.95,0.9984507337785204
99,4,0.05,0.9871911593080099
99,4,0.10,0.9954171445680485
99,4,0.15,0.9947906010872737
99,4,0.20,0.9966121072207436
99,4,0.25,0.9972211574677108
99,4,0.30,0.9973889073274792
99,4,0.35,0.9970460825965405
99,4,0.40,0.99834102438295
99,4,0.45,0.9982020548468731
99,4,0.50,0.9981585514707618
99,4,0.55,0.9980057917965965
99,4,0.60,0.9982727776980954
99,4,0.65,0.9983437473385235
99,4,0.70,0.9985014046822782
99,4,0.75,0.9983032680319968
99,4,0.80,0.9986014702514017
99,4,0.85,0.9983687381774519
99,4,0.90,0.9985247217068858
99,4,0.95,0.9984664689813386
99,5,0.05,0.9920904920014946
99,5,0.10,0.9958191436163073
99,5,0.15,0.995202626888314
99,5,0.20,0.996486202767217
99,5,0.25,0.9980856937416028
99,5,0.30,0.9974738232673157
99,5,0.35,0.9981161014477132
99,5,0.40,0.9987640420894791
99,5,0.45,0.9980131268777888
99,5,0.50,0.9980845653505436
99,5,0.55,0.9985092569671135
99,5,0.60,0.9975556426672987
99,5,0.65,0.9984206050708424
99,5,0.70,0.9984981485818383
99,5,0.75,0.9982083295542091
99,5,0.80,0.9982775912734752
99,5,0.85,0.998187345293252
99,5,0.90,0.998391333938538
99,5,0.95,0.9984875205335593
99,6,0.05,0.9669235306792064
99,6,0.10,0.9931744642380979
99,6,0.15,0.9961778417236422
99,6,0.20,0.9956736956488191
99,6,0.25,0.9966689961689583
99,6,0.30,0.9978068808361857
99,6,0.35,0.9977172756380667
99,6,0.40,0.9979914973675916
99,6,0.45,0.9981525477275325
99,6,0.50,0.997444351953626
99,6,0.55,0.998176485714592
99,6,0.60,0.9983729422905614
99,6,0.65,0.9979663815127178
99,6,0.70,0.9985012631162014
99,6,0.75,0.9984888951279353
99,6,0.80,0.998647135018578
99,6,0.85,0.998174954957821
99,6,0.90,0.9981311989117555
99,6,0.95,0.9982936596485104
99,7,0.05,0.9861494739788678
99,7,0.10,0.9962577518694443
99,7,0.15,0.9956194697643925
99,7,0.20,0.9988973687435617
99,7,0.25,0.9969500518034691
99,7,0.30,0.9979922049711771
99,7,0.35,0.9975673548698963
99,7,0.40,0.9982782770888174
99,7,0.45,0.9975884352503263
99,7,0.50,0.9978886502544311
99,7,0.55,0.9983530707212529
99,7,0.60,0.9985332477707797
99,7,0.65,0.9984543801688279
99,7,0.70,0.9985084897024433
99,7,0.75,0.9981469060494297
99,7,0.80,0.9984714153758746
99,7,0.85,0.9985434968963434
99,7,0.90,0.9984271013915796
99,7,0.95,0.9985676255597158
99,8,0.05,0.9634718171816853
99,8,0.10,0.989926500491052
99,8,0.15,0.9953648366047924
99,8,0.20,0.9959335683458734
99,8,0.25,0.9965738456792393
99,8,0.30,0.9971500050859444
99,8,0.35,0.9975286218913645
99,8,0.40,0.9973362771887709
99,8,0.45,0.9982681314524102
99,8,0.50,0.9983273618984753
99,8,0.55,0.9983860396147606
99,8,0.60,0.9979739928472124
99,8,0.65,0.9981953769834593
99,8,0.70,0.9982508824631169
99,8,0.75,0.9979593537110713
99,8,0.80,0.9984419316333933
99,8,0.85,0.9983204061964338
99,8,0.90,0.9982955319272281
99,8,0.95,0.9983324760814609
99,9,0.05,0.9873460801575965
99,9,0.10,0.9956403323496856
99,9,0.15,0.9946295735102424
99,9,0.20,0.9979693672786235
99,9,0.25,0.99756563052731
99,9,0.30,0.9984164091615404
99,9,0.35,0.9979989736789293
99,9,0.40,0.9984736654402493
99,9,0.45,0.9982798075043092
99,9,0.50,0.9983868089900627
99,9,0.55,0.997999388867534
99,9,0.60,0.9981084318085278
99,9,0.65,0.9984532388756148
99,9,0.70,0.9977686109749166
99,9,0.75,0.9982990970186142
99,9,0.80,0.9981958863805199
99,9,0.85,0.998185485791771
99,9,0.90,0.9984704519871205
99,9,0.95,0.9982779098438217
