random_seed,split_seed,sample_ratio,r2
0,0,0.05,0.8417149875703752
0,0,0.10,0.8924461965686588
0,0,0.15,0.9414124631445099
0,0,0.20,0.9645951775586342
0,0,0.25,0.9791832693574335
0,0,0.30,0.9747808390614902
0,0,0.35,0.9850897251750292
0,0,0.40,0.9826965568621393
0,0,0.45,0.9805200826191985
0,0,0.50,0.985956380384919
0,0,0.55,0.9854587481877208
0,0,0.60,0.98750945490976
0,0,0.65,0.9888689618568731
0,0,0.70,0.9925467483294095
0,0,0.75,0.9909597371440102
0,0,0.80,0.9889749799527005
0,0,0.85,0.9893164038979987
0,0,0.90,0.9892086461508238
0,0,0.95,0.9891082787141602
0,1,0.05,0.9388562134790389
0,1,0.10,0.911518363334135
0,1,0.15,0.9622752114960917
0,1,0.20,0.9581672568207723
0,1,0.25,0.9724045263426981
0,1,0.30,0.985085753933226
0,1,0.35,0.9850165555622761
0,1,0.40,0.9864345289320553
0,1,0.45,0.9883600987626412
0,1,0.50,0.9819244695786383
0,1,0.55,0.990605291881126
0,1,0.60,0.9869930783972598
0,1,0.65,0.989678697914446
0,1,0.70,0.9881954773401189
0,1,0.75,0.9889770305770418
0,1,0.80,0.9891808667421267
0,1,0.85,0.9899362892205595
0,1,0.90,0.9876562345521045
0,1,0.95,0.988731808130073
0,2,0.05,0.8772254186368889
0,2,0.10,0.9033269937064959
0,2,0.15,0.9452371518865682
0,2,0.20,0.9769102253523709
0,2,0.25,0.9710628626084772
0,2,0.30,0.97472782649039
0,2,0.35,0.9812445966650992
0,2,0.40,0.974427232696159
0,2,0.45,0.982213370337074
0,2,0.50,0.9849074130030914
0,2,0.55,0.984839691205994
0,2,0.60,0.9911429730846483
0,2,0.65,0.9877535266124748
0,2,0.70,0.9884309647793128
0,2,0.75,0.9883300195823749
0,2,0.80,0.9877169635169198
0,2,0.85,0.9875636931934839
0,2,0.90,0.9870332749706926
0,2,0.95,0.9872725070084284
0,3,0.05,0.7979237700704765
0,3,0.10,0.9427033080991079
0,3,0.15,0.9352750492751589
0,3,0.20,0.9589574009806877
0,3,0.25,0.9762985060172132
0,3,0.30,0.9855031058755171
0,3,0.35,0.9714193133023576
0,3,0.40,0.9826448326286168
0,3,0.45,0.9874977506350067
0,3,0.50,0.9853435449178399
0,3,0.55,0.9868228094423843
0,3,0.60,0.9852612458390514
0,3,0.65,0.9863592650550849
0,3,0.70,0.988064347125237
0,3,0.75,0.9872342083389637
0,3,0.80,0.9878611435492957
0,3,0.85,0.9884865270739731
0,3,0.90,0.9879345131767878
0,3,0.95,0.9871234765655853
0,4,0.05,0.8783455359351728
0,4,0.10,0.9333385918450929
0,4,0.15,0.9589263851998246
0,4,0.20,0.9709690240357556
0,4,0.25,0.9682650085452621
0,4,0.30,0.9737196200240085
0,4,0.35,0.9816593814831321
0,4,0.40,0.9875074042728703
0,4,0.45,0.986063237316546
0,4,0.50,0.9855711939783536
0,4,0.55,0.9881551452491016
0,4,0.60,0.9875958284978101
0,4,0.65,0.9861386415428037
0,4,0.70,0.9880157485104952
0,4,0.75,0.9871358571656222
0,4,0.80,0.9890532637519822
0,4,0.85,0.988670074875894
0,4,0.90,0.9889859192703844
0,4,0.95,0.9883981695670327
0,5,0.05,0.8409725976140908
0,5,0.10,0.9498322629882079
0,5,0.15,0.957185604235597
0,5,0.20,0.9758346516057037
0,5,0.25,0.9807486252391483
0,5,0.30,0.9804952253792284
0,5,0.35,0.983084026015293
0,5,0.40,0.981488760727139
0,5,0.45,0.9867145444179561
0,5,0.50,0.987589690204826
0,5,0.55,0.9853545565699552
0,5,0.60,0.9868292960952126
0,5,0.65,0.9896454075029311
0,5,0.70,0.989929723296137
0,5,0.75,0.9886164593012042
0,5,0.80,0.9896195479108703
0,5,0.85,0.9861236054865038
0,5,0.90,0.9896655318597661
0,5,0.95,0.9872948738524115
0,6,0.05,0.8443713517905359
0,6,0.10,0.9441931651625803
0,6,0.15,0.9704867361317505
0,6,0.20,0.9570428295713911
0,6,0.25,0.9684832051395196
0,6,0.30,0.9803499187875747
0,6,0.35,0.9835328942221454
0,6,0.40,0.9792025447947974
0,6,0.45,0.9827264516482104
0,6,0.50,0.9856713606861126
0,6,0.55,0.9873241723921078
0,6,0.60,0.9860868783759034
0,6,0.65,0.9904040762111554
0,6,0.70,0.9908147254514973
0,6,0.75,0.9882942012214495
0,6,0.80,0.9877784034864348
0,6,0.85,0.990140573395596
0,6,0.90,0.9861526558148399
0,6,0.95,0.9901341557647887
0,7,0.05,0.8364515751300741
0,7,0.10,0.9114992223486292
0,7,0.15,0.955252497142151
0,7,0.20,0.9549294263746102
0,7,0.25,0.9631124125502114
0,7,0.30,0.9765467798220273
0,7,0.35,0.9798939046436858
0,7,0.40,0.978763628782093
0,7,0.45,0.9840254537533221
0,7,0.50,0.9850564226030641
0,7,0.55,0.9868711417562636
0,7,0.60,0.9889456821844925
0,7,0.65,0.9880600272153833
0,7,0.70,0.9899502912498802
0,7,0.75,0.9871527417425474
0,7,0.80,0.9899634092744687
0,7,0.85,0.9905728973416892
0,7,0.90,0.9868633965196267
0,7,0.95,0.9896798722415358
0,8,0.05,0.8681128749292191
0,8,0.10,0.8807498980722365
0,8,0.15,0.9716814285815321
0,8,0.20,0.964828000898848
0,8,0.25,0.9778336110016161
0,8,0.30,0.9600555976025041
0,8,0.35,0.9842409952396753
0,8,0.40,0.9841645594690838
0,8,0.45,0.9841673068526166
0,8,0.50,0.9862638741491975
0,8,0.55,0.9906343482777992
0,8,0.60,0.9832185501772331
0,8,0.65,0.9919669942074743
0,8,0.70,0.9893287193494088
0,8,0.75,0.9905449044252967
0,8,0.80,0.9891082069687303
0,8,0.85,0.989326925152464
0,8,0.90,0.9885560217462976
0,8,0.95,0.9916542494765928
0,9,0.05,0.6990871543553336
0,9,0.10,0.9254072723853
0,9,0.15,0.9443928059372876
0,9,0.20,0.9632159349704623
0,9,0.25,0.9547923978246201
0,9,0.30,0.9864285051307623
0,9,0.35,0.9842453530587213
0,9,0.40,0.9832399122852651
0,9,0.45,0.9779318958883906
0,9,0.50,0.9861050419865399
0,9,0.55,0.9891647151515661
0,9,0.60,0.9879220180650424
0,9,0.65,0.9896876849713078
0,9,0.70,0.9899711908055091
0,9,0.75,0.987478463550456
0,9,0.80,0.9859506098880032
0,9,0.85,0.989862248296975
0,9,0.90,0.9891615069450629
0,9,0.95,0.9900617776922787
1,0,0.05,0.9187927538862561
1,0,0.10,0.9034076055391232
1,0,0.15,0.9449592706802732
1,0,0.20,0.960720574337806
1,0,0.25,0.9784770242709125
1,0,0.30,0.9761236238027805
1,0,0.35,0.9802078877447558
1,0,0.40,0.9801480003123941
1,0,0.45,0.9834407161611629
1,0,0.50,0.9890563285414441
1,0,0.55,0.9873903211412546
1,0,0.60,0.9884013620665443
1,0,0.65,0.9843752315320479
1,0,0.70,0.9888712148384535
1,0,0.75,0.9899434239619934
1,0,0.80,0.9899836903245404
1,0,0.85,0.9863090719517749
1,0,0.90,0.9876993695091204
1,0,0.95,0.988070262356031
1,1,0.05,0.613533338637496
1,1,0.10,0.7481474096046339
1,1,0.15,0.9726159626887734
1,1,0.20,0.9627048549775399
1,1,0.25,0.975852265262446
1,1,0.30,0.9742162610800482
1,1,0.35,0.9847305825703202
1,1,0.40,0.9860573308832062
1,1,0.45,0.9864513405555094
1,1,0.50,0.9890541546571116
1,1,0.55,0.9859983719642192
1,1,0.60,0.9874954616401305
1,1,0.65,0.9899045499280669
1,1,0.70,0.9868551234271548
1,1,0.75,0.98665653802102
1,1,0.80,0.9878364473171353
1,1,0.85,0.9886750610812951
1,1,0.90,0.9892712381008062
1,1,0.95,0.9888784125127276
1,2,0.05,0.8408965290416388
1,2,0.10,0.853467741366578
1,2,0.15,0.9621631341016096
1,2,0.20,0.9819667743868636
1,2,0.25,0.9774453990497463
1,2,0.30,0.9766875907890854
1,2,0.35,0.9788670299481672
1,2,0.40,0.9851868359611796
1,2,0.45,0.9877354429295273
1,2,0.50,0.981876843857803
1,2,0.55,0.9911101817855605
1,2,0.60,0.989920494162349
1,2,0.65,0.9888436309401215
1,2,0.70,0.9893126008442501
1,2,0.75,0.9884184631849465
1,2,0.80,0.9848556740683048
1,2,0.85,0.9882110570667939
1,2,0.90,0.9896588265986502
1,2,0.95,0.988054466937474
1,3,0.05,0.8912380395072126
1,3,0.10,0.9616455719859305
1,3,0.15,0.941289992911508
1,3,0.20,0.954764185500953
1,3,0.25,0.9746619402338969
1,3,0.30,0.9832767499034322
1,3,0.35,0.9806792411442632
1,3,0.40,0.9850255464592585
1,3,0.45,0.987317720730582
1,3,0.50,0.987431576843662
1,3,0.55,0.9855764324922769
1,3,0.60,0.9893251071359471
1,3,0.65,0.9858179146160904
1,3,0.70,0.9903247307492716
1,3,0.75,0.9899540890402971
1,3,0.80,0.9867811793685691
1,3,0.85,0.9862868306981257
1,3,0.90,0.9889989520316776
1,3,0.95,0.9885463383076801
1,4,0.05,0.8978979355933275
1,4,0.10,0.9337949381543236
1,4,0.15,0.9689840622081017
1,4,0.20,0.9601289652981875
1,4,0.25,0.97514028551244
1,4,0.30,0.9829280788450774
1,4,0.35,0.9747935692568401
1,4,0.40,0.9855081668612774
1,4,0.45,0.9811884284014551
1,4,0.50,0.9864916505854676
1,4,0.55,0.9884693081142081
1,4,0.60,0.9881409710801553
1,4,0.65,0.9879574050468319
1,4,0.70,0.9879380350212925
1,4,0.75,0.9874845718989814
1,4,0.80,0.986727467987864
1,4,0.85,0.9870256349268492
1,4,0.90,0.9894209581357937
1,4,0.95,0.9892723861938715
1,5,0.05,0.9501546450808623
1,5,0.10,0.9562491387282193
1,5,0.15,0.9652192376175611
1,5,0.20,0.9746524530035168
1,5,0.25,0.9799114334617285
1,5,0.30,0.9748842128153787
1,5,0.35,0.9852261958135298
1,5,0.40,0.9861638793320637
1,5,0.45,0.9856939153106896
1,5,0.50,0.9882345617875377
1,5,0.55,0.9844862181122181
1,5,0.60,0.988816048040526
1,5,0.65,0.9860989785705725
1,5,0.70,0.9878298661134072
1,5,0.75,0.9862901920782389
1,5,0.80,0.9896037551938657
1,5,0.85,0.9881823426207352
1,5,0.90,0.9881126219880287
1,5,0.95,0.9892001000288982
1,6,0.05,0.9408433975071006
1,6,0.10,0.9017184672302802
1,6,0.15,0.9736831483470283
1,6,0.20,0.9756291324010207
1,6,0.25,0.9743531951703571
1,6,0.30,0.9799097123734488
1,6,0.35,0.9876327903825233
1,6,0.40,0.9858866496366195
1,6,0.45,0.9829864274610668
1,6,0.50,0.9868337906496155
1,6,0.55,0.9879607789657051
1,6,0.60,0.9891378815451233
1,6,0.65,0.9905678580892531
1,6,0.70,0.9894960194500992
1,6,0.75,0.9903066715875486
1,6,0.80,0.9882379039558403
1,6,0.85,0.9889583522538626
1,6,0.90,0.9904234358183893
1,6,0.95,0.9912335521972877
1,7,0.05,0.897855435123764
1,7,0.10,0.9419713422760295
1,7,0.15,0.9352772495036288
1,7,0.20,0.9432647441904521
1,7,0.25,0.9507169413851126
1,7,0.30,0.9818478159592796
1,7,0.35,0.9811428507932125
1,7,0.40,0.9840279620781718
1,7,0.45,0.9806689833894827
1,7,0.50,0.985401204215543
1,7,0.55,0.9867109086676988
1,7,0.60,0.9884474549753445
1,7,0.65,0.9836820989494024
1,7,0.70,0.9867539504141285
1,7,0.75,0.9854344037940812
1,7,0.80,0.9864005612618669
1,7,0.85,0.98594534983037
1,7,0.90,0.9871197343022903
1,7,0.95,0.9876854852506047
1,8,0.05,0.869945339667189
1,8,0.10,0.9312940381768378
1,8,0.15,0.957340008197617
1,8,0.20,0.9712936271249992
1,8,0.25,0.9546736331031243
1,8,0.30,0.9778616318369631
1,8,0.35,0.9814743711977937
1,8,0.40,0.9823025724747244
1,8,0.45,0.987936882729757
1,8,0.50,0.9884693222448347
1,8,0.55,0.9845017423907841
1,8,0.60,0.9889016764308917
1,8,0.65,0.9858505975784603
1,8,0.70,0.9870196474697864
1,8,0.75,0.9850096702300503
1,8,0.80,0.9897421824135579
1,8,0.85,0.986236334760639
1,8,0.90,0.9853755233418557
1,8,0.95,0.98944543901696
1,9,0.05,0.900262602014486
1,9,0.10,0.9053969860115333
1,9,0.15,0.9420680987079536
1,9,0.20,0.9536476509128712
1,9,0.25,0.9740170972068607
1,9,0.30,0.9818459970939346
1,9,0.35,0.9817767568187358
1,9,0.40,0.9810081823093336
1,9,0.45,0.9821586715397895
1,9,0.50,0.982868323982442
1,9,0.55,0.9890787893698499
1,9,0.60,0.9879972958175852
1,9,0.65,0.9889314548997461
1,9,0.70,0.9824603506112498
1,9,0.75,0.9891683834308033
1,9,0.80,0.9883926377235761
1,9,0.85,0.9883862879428073
1,9,0.90,0.9880337100860481
1,9,0.95,0.9868365238667022
2,0,0.05,0.9116691782603354
2,0,0.10,0.9418804601120662
2,0,0.15,0.9489870818972802
2,0,0.20,0.9696710547925207
2,0,0.25,0.9720974237116404
2,0,0.30,0.9801231447690427
2,0,0.35,0.9753950554889249
2,0,0.40,0.9853212823480922
2,0,0.45,0.9830009014057177
2,0,0.50,0.9865551438665308
2,0,0.55,0.9840193692596613
2,0,0.60,0.9905880932580308
2,0,0.65,0.9901346326038345
2,0,0.70,0.9869151426481801
2,0,0.75,0.9864882397009921
2,0,0.80,0.9872993467354376
2,0,0.85,0.9895653718897277
2,0,0.90,0.9894309437196163
2,0,0.95,0.9912016564172863
2,1,0.05,0.7266807950778247
2,1,0.10,0.9256798582897533
2,1,0.15,0.9253890992230354
2,1,0.20,0.9702043346626759
2,1,0.25,0.969406585753812
2,1,0.30,0.9804452426043685
2,1,0.35,0.9849916772767325
2,1,0.40,0.9826014724761717
2,1,0.45,0.9871332709307965
2,1,0.50,0.9858735314352685
2,1,0.55,0.983113553394834
2,1,0.60,0.9912061980939239
2,1,0.65,0.9855752975118389
2,1,0.70,0.9878293463265148
2,1,0.75,0.9905394427762122
2,1,0.80,0.986852247774424
2,1,0.85,0.9894066691262424
2,1,0.90,0.9909029882424035
2,1,0.95,0.9877490306082394
2,2,0.05,0.8295474241953628
2,2,0.10,0.9396721380819986
2,2,0.15,0.9648773286618733
2,2,0.20,0.9818228014826823
2,2,0.25,0.9811000954258956
2,2,0.30,0.9821726841305903
2,2,0.35,0.9780041179413776
2,2,0.40,0.9790986928330346
2,2,0.45,0.9869752363340669
2,2,0.50,0.9863567529390673
2,2,0.55,0.9858852344501771
2,2,0.60,0.9887309748174826
2,2,0.65,0.9871382416484091
2,2,0.70,0.986204059688014
2,2,0.75,0.9877623762157939
2,2,0.80,0.9892093489708776
2,2,0.85,0.9853589001769021
2,2,0.90,0.9851956028490344
2,2,0.95,0.9888812235481652
2,3,0.05,0.8909127313199793
2,3,0.10,0.9158933523272696
2,3,0.15,0.9530443969139175
2,3,0.20,0.972545615947176
2,3,0.25,0.9696816230115844
2,3,0.30,0.9783667672687018
2,3,0.35,0.9794843338909448
2,3,0.40,0.9836276918987163
2,3,0.45,0.978374555320206
2,3,0.50,0.9899408649305622
2,3,0.55,0.9886126311615187
2,3,0.60,0.9837241851366393
2,3,0.65,0.9898870106516432
2,3,0.70,0.9903451400436982
2,3,0.75,0.9849082804216168
2,3,0.80,0.9891331573643927
2,3,0.85,0.9857008695207892
2,3,0.90,0.9910975723133854
2,3,0.95,0.9903527748561063
2,4,0.05,0.887812412120405
2,4,0.10,0.9546517512914259
2,4,0.15,0.9608182615376414
2,4,0.20,0.9596100346143471
2,4,0.25,0.9804252201347742
2,4,0.30,0.9812543583442516
2,4,0.35,0.9829355076413456
2,4,0.40,0.9821352487169924
2,4,0.45,0.9844794261872543
2,4,0.50,0.9882545898513154
2,4,0.55,0.986020532040492
2,4,0.60,0.9894136607414687
2,4,0.65,0.9875665387819976
2,4,0.70,0.9890724210160621
2,4,0.75,0.9844703335059237
2,4,0.80,0.9875405992356864
2,4,0.85,0.9871911838650651
2,4,0.90,0.9892463236705562
2,4,0.95,0.9848880551227919
2,5,0.05,0.8533720896686354
2,5,0.10,0.9165596605387869
2,5,0.15,0.9468185045076323
2,5,0.20,0.9699647509732883
2,5,0.25,0.9759007481601298
2,5,0.30,0.9798828383734715
2,5,0.35,0.9832724878234606
2,5,0.40,0.9788458227752054
2,5,0.45,0.9817932298395806
2,5,0.50,0.9868217604475089
2,5,0.55,0.9830982088278708
2,5,0.60,0.9879646462672723
2,5,0.65,0.9916268045169818
2,5,0.70,0.9845858133901315
2,5,0.75,0.9857256753407518
2,5,0.80,0.9893292039916393
2,5,0.85,0.9886622692412741
2,5,0.90,0.9894871178828479
2,5,0.95,0.9878041832394046
2,6,0.05,0.831202289159329
2,6,0.10,0.9394238795706351
2,6,0.15,0.9577166928147754
2,6,0.20,0.9519009140344924
2,6,0.25,0.9791429287669846
2,6,0.30,0.9794308403342206
2,6,0.35,0.982377012997713
2,6,0.40,0.9869324080074471
2,6,0.45,0.9803659947528238
2,6,0.50,0.9872148818673662
2,6,0.55,0.9920099587621503
2,6,0.60,0.9851270831303814
2,6,0.65,0.9851261582256805
2,6,0.70,0.9880305627734653
2,6,0.75,0.9832008599844229
2,6,0.80,0.9863960630855523
2,6,0.85,0.9846897615039734
2,6,0.90,0.9873443937276135
2,6,0.95,0.9854151315669039
2,7,0.05,0.9292239035352489
2,7,0.10,0.9351369508899281
2,7,0.15,0.9253272476828972
2,7,0.20,0.9699941202582358
2,7,0.25,0.9811063991016052
2,7,0.30,0.9845004380146821
2,7,0.35,0.9849193636880553
2,7,0.40,0.9862839089619143
2,7,0.45,0.9857751180030032
2,7,0.50,0.9867253254348862
2,7,0.55,0.9838066199718319
2,7,0.60,0.988424731387647
2,7,0.65,0.9842701389451167
2,7,0.70,0.9849541004706297
2,7,0.75,0.9863376126853765
2,7,0.80,0.9867895029307444
2,7,0.85,0.9883748488021041
2,7,0.90,0.9892694329586923
2,7,0.95,0.9848929928493534
2,8,0.05,0.8919974656495882
2,8,0.10,0.9509321825267267
2,8,0.15,0.9546802143417643
2,8,0.20,0.9623356322108264
2,8,0.25,0.9757163878841344
2,8,0.30,0.9830409194752525
2,8,0.35,0.9841555616790729
2,8,0.40,0.9837468414631743
2,8,0.45,0.9828225497310044
2,8,0.50,0.9890754160135656
2,8,0.55,0.9882792694227526
2,8,0.60,0.9891999640629318
2,8,0.65,0.9866256011939228
2,8,0.70,0.9881085328005452
2,8,0.75,0.9859964685266999
2,8,0.80,0.9864655754220116
2,8,0.85,0.9865348527032879
2,8,0.90,0.9884007870537554
2,8,0.95,0.987577702835886
2,9,0.05,0.8526362624098943
2,9,0.10,0.9129735521902479
2,9,0.15,0.9570202238364031
2,9,0.20,0.9760315943958833
2,9,0.25,0.9799133839211639
2,9,0.30,0.980797046862127
2,9,0.35,0.9773529407317004
2,9,0.40,0.9806262610907567
2,9,0.45,0.9816480762834775
2,9,0.50,0.9868739032731797
2,9,0.55,0.9837664435282625
2,9,0.60,0.9899107083552331
2,9,0.65,0.986038938053081
2,9,0.70,0.9887920517485635
2,9,0.75,0.9869422667947125
2,9,0.80,0.9893322862230135
2,9,0.85,0.986400448101749
2,9,0.90,0.9855093565872765
2,9,0.95,0.9881412602233003
3,0,0.05,0.8364521433177051
3,0,0.10,0.9603343699544131
3,0,0.15,0.9469635203704927
3,0,0.20,0.9458298329781702
3,0,0.25,0.9740871186381046
3,0,0.30,0.9732144346816199
3,0,0.35,0.979940032348063
3,0,0.40,0.9829480762191108
3,0,0.45,0.9797833602257318
3,0,0.50,0.9839813907534517
3,0,0.55,0.9886134875638922
3,0,0.60,0.9850090323962157
3,0,0.65,0.9845222045476347
3,0,0.70,0.985157060086402
3,0,0.75,0.987309618109419
3,0,0.80,0.9886454566778714
3,0,0.85,0.9857434653771182
3,0,0.90,0.985789801911622
3,0,0.95,0.9890568328632617
3,1,0.05,0.9214175366514635
3,1,0.10,0.9509445948752213
3,1,0.15,0.9585570666982718
3,1,0.20,0.9663935145394327
3,1,0.25,0.9774093237283313
3,1,0.30,0.9801146287806
3,1,0.35,0.9861265181915312
3,1,0.40,0.9829349440011858
3,1,0.45,0.9763679721132498
3,1,0.50,0.9861275811192763
3,1,0.55,0.9818442216841536
3,1,0.60,0.9846402321757596
3,1,0.65,0.986192382150211
3,1,0.70,0.9857954438354758
3,1,0.75,0.9879351418541236
3,1,0.80,0.9862006734222578
3,1,0.85,0.987486772399306
3,1,0.90,0.9831673290945055
3,1,0.95,0.9889830565033207
3,2,0.05,0.7781814883513799
3,2,0.10,0.9131685384193545
3,2,0.15,0.9372530073644983
3,2,0.20,0.9722487160939778
3,2,0.25,0.9746305430978617
3,2,0.30,0.9835879564279186
3,2,0.35,0.9803582840261171
3,2,0.40,0.9869586684589019
3,2,0.45,0.9844269512657509
3,2,0.50,0.9817104348284639
3,2,0.55,0.9858321190727495
3,2,0.60,0.9892723527692024
3,2,0.65,0.9867367564173148
3,2,0.70,0.984619749464904
3,2,0.75,0.9886726690370026
3,2,0.80,0.9861920204092628
3,2,0.85,0.9886369603368778
3,2,0.90,0.9860338534551429
3,2,0.95,0.9882456819062193
3,3,0.05,0.8925972555809358
3,3,0.10,0.9332802531090998
3,3,0.15,0.96089948412187
3,3,0.20,0.9570272332998662
3,3,0.25,0.9798795361319999
3,3,0.30,0.9778394845303249
3,3,0.35,0.9771699907806688
3,3,0.40,0.9839594015809288
3,3,0.45,0.9853382515121302
3,3,0.50,0.9832774122770526
3,3,0.55,0.9866099016271036
3,3,0.60,0.9855436802573612
3,3,0.65,0.986915540892502
3,3,0.70,0.9859255285294108
3,3,0.75,0.9877928275494585
3,3,0.80,0.9885276756078178
3,3,0.85,0.9883778257149096
3,3,0.90,0.988968794220523
3,3,0.95,0.9876372592583198
3,4,0.05,0.8654489855612792
3,4,0.10,0.9491106906479866
3,4,0.15,0.9518615579772864
3,4,0.20,0.9736375516672247
3,4,0.25,0.978256418009973
3,4,0.30,0.9764307262001408
3,4,0.35,0.9821925318607859
3,4,0.40,0.9767253077212895
3,4,0.45,0.9765967380042365
3,4,0.50,0.9892087491701281
3,4,0.55,0.9890502015103141
3,4,0.60,0.9881884427295511
3,4,0.65,0.9862395266573336
3,4,0.70,0.9847598270744801
3,4,0.75,0.9878108905550043
3,4,0.80,0.9888906172688497
3,4,0.85,0.988817116461087
3,4,0.90,0.9887481810115604
3,4,0.95,0.9893014893881623
3,5,0.05,0.9122246363501549
3,5,0.10,0.9013414617972167
3,5,0.15,0.9452419044247373
3,5,0.20,0.9559082082725328
3,5,0.25,0.9776337216313392
3,5,0.30,0.9810678255810772
3,5,0.35,0.982651124297688
3,5,0.40,0.9799187930718513
3,5,0.45,0.987938335833113
3,5,0.50,0.9881398541551283
3,5,0.55,0.9860582111537077
3,5,0.60,0.9867020653262986
3,5,0.65,0.9843821124920167
3,5,0.70,0.9898323347280111
3,5,0.75,0.9895984813732608
3,5,0.80,0.988922748227878
3,5,0.85,0.9858297045272123
3,5,0.90,0.9897477964616147
3,5,0.95,0.9867406379522875
3,6,0.05,0.9265832391593734
3,6,0.10,0.9318959538684539
3,6,0.15,0.9361757220977985
3,6,0.20,0.9640689347242435
3,6,0.25,0.9652311710460044
3,6,0.30,0.9827997182223562
3,6,0.35,0.9803663274681267
3,6,0.40,0.9888386482440131
3,6,0.45,0.9886866807688605
3,6,0.50,0.9822309225324951
3,6,0.55,0.987852227459957
3,6,0.60,0.9879220196773746
3,6,0.65,0.9873270819201438
3,6,0.70,0.9875720619780523
3,6,0.75,0.987773064251929
3,6,0.80,0.9894264623052933
3,6,0.85,0.9866175484561359
3,6,0.90,0.9866714435508682
3,6,0.95,0.9868184493414338
3,7,0.05,0.9497497219015952
3,7,0.10,0.9487682177547119
3,7,0.15,0.9386603120099422
3,7,0.20,0.9577783055630239
3,7,0.25,0.9692014354326675
3,7,0.30,0.977598651052263
3,7,0.35,0.9860521237377337
3,7,0.40,0.9773460449043745
3,7,0.45,0.9868826110892371
3,7,0.50,0.9893539593932333
3,7,0.55,0.9867599550362207
3,7,0.60,0.9855203554115751
3,7,0.65,0.9886467818671123
3,7,0.70,0.9880577661655018
3,7,0.75,0.9898259419071191
3,7,0.80,0.9899832033753408
3,7,0.85,0.9871616147199732
3,7,0.90,0.9889525243850962
3,7,0.95,0.9870844624021198
3,8,0.05,0.7218602639163061
3,8,0.10,0.9333480871270061
3,8,0.15,0.9483018919389834
3,8,0.20,0.9500423762951867
3,8,0.25,0.9768087440122458
3,8,0.30,0.9800324316459256
3,8,0.35,0.9842957913465258
3,8,0.40,0.9815096419089178
3,8,0.45,0.981832276089499
3,8,0.50,0.9867834029246296
3,8,0.55,0.9905919702825571
3,8,0.60,0.9877721301298676
3,8,0.65,0.9894098671077031
3,8,0.70,0.9861627041068396
3,8,0.75,0.9870810248023277
3,8,0.80,0.9855055431330886
3,8,0.85,0.9881911426176104
3,8,0.90,0.9894223106374799
3,8,0.95,0.9879845551574457
3,9,0.05,0.9115183245719658
3,9,0.10,0.9542698430688816
3,9,0.15,0.9672770875019528
3,9,0.20,0.9700798579514585
3,9,0.25,0.9770528787071165
3,9,0.30,0.9835618430737503
3,9,0.35,0.9864845228596058
3,9,0.40,0.9829097894310872
3,9,0.45,0.982743333632965
3,9,0.50,0.9828545238496618
3,9,0.55,0.9818002034267693
3,9,0.60,0.9854827823866382
3,9,0.65,0.9863503614417615
3,9,0.70,0.987561209755535
3,9,0.75,0.9856105955696821
3,9,0.80,0.9892881412077932
3,9,0.85,0.98706800767762
3,9,0.90,0.988841333017141
3,9,0.95,0.9868567453241618
4,0,0.05,0.8049362686816284
4,0,0.10,0.8818865411019914
4,0,0.15,0.9563598322904128
4,0,0.20,0.9772353695879652
4,0,0.25,0.9764695294294733
4,0,0.30,0.9684658761967946
4,0,0.35,0.9818383152505099
4,0,0.40,0.9839381033379218
4,0,0.45,0.986859427608315
4,0,0.50,0.9860595983164651
4,0,0.55,0.9858636062720988
4,0,0.60,0.9886731196743008
4,0,0.65,0.9912238715985128
4,0,0.70,0.988062549044944
4,0,0.75,0.9900805939296046
4,0,0.80,0.9882353807170189
4,0,0.85,0.9905620718278669
4,0,0.90,0.9894110629743561
4,0,0.95,0.987342028436474
4,1,0.05,0.733649666439044
4,1,0.10,0.9192370624885442
4,1,0.15,0.9514828690242484
4,1,0.20,0.9762872199800738
4,1,0.25,0.9749699878166095
4,1,0.30,0.9724231845217568
4,1,0.35,0.9815799092886477
4,1,0.40,0.9898058393825219
4,1,0.45,0.985797377032571
4,1,0.50,0.9891451137988655
4,1,0.55,0.98885521656244
4,1,0.60,0.9893471313259301
4,1,0.65,0.9891173444245189
4,1,0.70,0.9879259356870168
4,1,0.75,0.9873175804055343
4,1,0.80,0.9885701070108757
4,1,0.85,0.9883534257843839
4,1,0.90,0.9858573555361247
4,1,0.95,0.987362770033355
4,2,0.05,0.9105160542954667
4,2,0.10,0.9508085370251969
4,2,0.15,0.9521875595451065
4,2,0.20,0.9688606983268406
4,2,0.25,0.9755807201914508
4,2,0.30,0.9748594617351756
4,2,0.35,0.9868914708103684
4,2,0.40,0.9836149949096721
4,2,0.45,0.9815983134598266
4,2,0.50,0.9886343413683661
4,2,0.55,0.9858699494215716
4,2,0.60,0.9917342234093011
4,2,0.65,0.9924191206726284
4,2,0.70,0.9878517067777709
4,2,0.75,0.9891721066262676
4,2,0.80,0.9903921692906295
4,2,0.85,0.9889253452399684
4,2,0.90,0.9883745042298664
4,2,0.95,0.99057026822173
4,3,0.05,0.8982644324478634
4,3,0.10,0.9414918280529692
4,3,0.15,0.9363441623393783
4,3,0.20,0.9666185236005725
4,3,0.25,0.9524350420610296
4,3,0.30,0.9800286171569135
4,3,0.35,0.9868378296600424
4,3,0.40,0.9794349452846111
4,3,0.45,0.9878025910684052
4,3,0.50,0.9873777906650307
4,3,0.55,0.9856895791468436
4,3,0.60,0.9810085503349584
4,3,0.65,0.9910677749564385
4,3,0.70,0.9901628639654669
4,3,0.75,0.9902238114454309
4,3,0.80,0.989948162332563
4,3,0.85,0.9911242624571427
4,3,0.90,0.9876674181545062
4,3,0.95,0.9892919846225745
4,4,0.05,0.919905389117731
4,4,0.10,0.9604445310077476
4,4,0.15,0.9491393437134156
4,4,0.20,0.96460627950417
4,4,0.25,0.9851711313620982
4,4,0.30,0.9844790640168749
4,4,0.35,0.9801041407463926
4,4,0.40,0.9824727920292676
4,4,0.45,0.9866052008875791
4,4,0.50,0.9837062180413908
4,4,0.55,0.9831307133077862
4,4,0.60,0.9845723497920427
4,4,0.65,0.9882059810592118
4,4,0.70,0.9879332759196217
4,4,0.75,0.9910352796873373
4,4,0.80,0.9855585824151866
4,4,0.85,0.9870087084400611
4,4,0.90,0.98611134194793
4,4,0.95,0.9896278428554023
4,5,0.05,0.887854021303573
4,5,0.10,0.91657667979983
4,5,0.15,0.9593753884199108
4,5,0.20,0.978689562314518
4,5,0.25,0.9800084652581396
4,5,0.30,0.9857019853655682
4,5,0.35,0.9815846653601669
4,5,0.40,0.988532821703925
4,5,0.45,0.9860265023696143
4,5,0.50,0.986248003397986
4,5,0.55,0.9898727903785601
4,5,0.60,0.988903594895039
4,5,0.65,0.9873265747276324
4,5,0.70,0.9891529224336038
4,5,0.75,0.9895347317302047
4,5,0.80,0.990121937472817
4,5,0.85,0.9884236179443429
4,5,0.90,0.9865895128585835
4,5,0.95,0.9884437647906612
4,6,0.05,0.7775441252601629
4,6,0.10,0.9295845135174269
4,6,0.15,0.9747075903444533
4,6,0.20,0.9724726528561795
4,6,0.25,0.967173685632569
4,6,0.30,0.9859152024079127
4,6,0.35,0.9840259294244705
4,6,0.40,0.9869412491778247
4,6,0.45,0.9830461112700224
4,6,0.50,0.9899314454038347
4,6,0.55,0.9893869151809804
4,6,0.60,0.9903589427603345
4,6,0.65,0.9911124133836821
4,6,0.70,0.9910741575053733
4,6,0.75,0.991470841081708
4,6,0.80,0.9882999194368794
4,6,0.85,0.9919078900889148
4,6,0.90,0.9899680512920312
4,6,0.95,0.9889299614204441
4,7,0.05,0.8691222108688776
4,7,0.10,0.9539210221189317
4,7,0.15,0.9488212408947679
4,7,0.20,0.9730046530713934
4,7,0.25,0.9775322525183064
4,7,0.30,0.9734301407973371
4,7,0.35,0.9861215697996951
4,7,0.40,0.9849660935705042
4,7,0.45,0.9874791819640771
4,7,0.50,0.9862462343760936
4,7,0.55,0.9845290923385859
4,7,0.60,0.9892331252534632
4,7,0.65,0.9910148643908047
4,7,0.70,0.9905064899921626
4,7,0.75,0.9888726920733918
4,7,0.80,0.991511338464406
4,7,0.85,0.9871690857306038
4,7,0.90,0.9877133423974637
4,7,0.95,0.9882530510592163
4,8,0.05,0.8488884892641022
4,8,0.10,0.9088705442994224
4,8,0.15,0.949237432471205
4,8,0.20,0.9641169511144122
4,8,0.25,0.9777962824130536
4,8,0.30,0.9826887385525157
4,8,0.35,0.9790922376630976
4,8,0.40,0.9871162777956559
4,8,0.45,0.9896476772052466
4,8,0.50,0.9847236627524241
4,8,0.55,0.9881300039325229
4,8,0.60,0.9846682733536793
4,8,0.65,0.9901632782673895
4,8,0.70,0.9907788646731012
4,8,0.75,0.9892024049072629
4,8,0.80,0.9888359921396456
4,8,0.85,0.9889102260997958
4,8,0.90,0.9891272339129483
4,8,0.95,0.9873886377964958
4,9,0.05,0.9117007828200562
4,9,0.10,0.9561121816347713
4,9,0.15,0.9619723881779032
4,9,0.20,0.9547261148439963
4,9,0.25,0.9771945888761773
4,9,0.30,0.9856934525654977
4,9,0.35,0.9842345601991416
4,9,0.40,0.9809707654356444
4,9,0.45,0.9867194039631353
4,9,0.50,0.9861454595657074
4,9,0.55,0.986127268431774
4,9,0.60,0.9883748053249458
4,9,0.65,0.9899933126798361
4,9,0.70,0.9897376449037733
4,9,0.75,0.9913483854382129
4,9,0.80,0.9878493859530058
4,9,0.85,0.9894620130732439
4,9,0.90,0.9872391771666124
4,9,0.95,0.9874730794802096
5,0,0.05,0.9376082343151275
5,0,0.10,0.8309796674821261
5,0,0.15,0.9553257494716336
5,0,0.20,0.9700543129376124
5,0,0.25,0.974092999714536
5,0,0.30,0.9788064658007406
5,0,0.35,0.9844914709191364
5,0,0.40,0.9820065966975363
5,0,0.45,0.9784401610559327
5,0,0.50,0.9867200620353511
5,0,0.55,0.9791833367585666
5,0,0.60,0.9848328730286704
5,0,0.65,0.9898710440024783
5,0,0.70,0.9853249785460544
5,0,0.75,0.9860521983939282
5,0,0.80,0.9863909144702458
5,0,0.85,0.9863292087473079
5,0,0.90,0.9844971611660148
5,0,0.95,0.9875330635127753
5,1,0.05,0.9252314269193095
5,1,0.10,0.9480677352378065
5,1,0.15,0.9646438196398192
5,1,0.20,0.954428672185447
5,1,0.25,0.9717775981063547
5,1,0.30,0.977290673061016
5,1,0.35,0.9799928464633666
5,1,0.40,0.9866891808630438
5,1,0.45,0.9753184596180956
5,1,0.50,0.9876103401276484
5,1,0.55,0.9795753077670031
5,1,0.60,0.9819088449360318
5,1,0.65,0.986992655809421
5,1,0.70,0.9878942555761338
5,1,0.75,0.9879437778642803
5,1,0.80,0.9873379525300242
5,1,0.85,0.9886198550180498
5,1,0.90,0.987738887232191
5,1,0.95,0.986759688759327
5,2,0.05,0.5053320224223317
5,2,0.10,0.8743023430014568
5,2,0.15,0.921849170559373
5,2,0.20,0.9729098536903295
5,2,0.25,0.9800087001492287
5,2,0.30,0.9733589074892794
5,2,0.35,0.979570739726709
5,2,0.40,0.9765177515387928
5,2,0.45,0.9805416054005995
5,2,0.50,0.9867608641376044
5,2,0.55,0.9864491426550398
5,2,0.60,0.9846803449644292
5,2,0.65,0.9856769921821632
5,2,0.70,0.98595592698739
5,2,0.75,0.989594174870013
5,2,0.80,0.9883045426710436
5,2,0.85,0.9880536998614333
5,2,0.90,0.9901501074878285
5,2,0.95,0.9881355868630674
5,3,0.05,0.9163293898851663
5,3,0.10,0.8735228307716418
5,3,0.15,0.9770736121867165
5,3,0.20,0.9684018666622989
5,3,0.25,0.9481448108214406
5,3,0.30,0.9639739481642957
5,3,0.35,0.9845186790687509
5,3,0.40,0.9773832209742815
5,3,0.45,0.9829004022185753
5,3,0.50,0.9862194616866676
5,3,0.55,0.9847640240077296
5,3,0.60,0.987402290278542
5,3,0.65,0.9882308051683124
5,3,0.70,0.9870449684358343
5,3,0.75,0.9870302934211561
5,3,0.80,0.988698857697786
5,3,0.85,0.9875945155390543
5,3,0.90,0.9870522380300331
5,3,0.95,0.9891620138547703
5,4,0.05,0.8789274830196903
5,4,0.10,0.8590075439254808
5,4,0.15,0.9586257845595747
5,4,0.20,0.9718387631595345
5,4,0.25,0.9762129303667884
5,4,0.30,0.9772829432963254
5,4,0.35,0.9795815072568181
5,4,0.40,0.9866104158197667
5,4,0.45,0.9806261192144897
5,4,0.50,0.9817600799696786
5,4,0.55,0.9859729286820309
5,4,0.60,0.984641875239437
5,4,0.65,0.9864873481544251
5,4,0.70,0.9889593523315553
5,4,0.75,0.9881384732594949
5,4,0.80,0.991488237238675
5,4,0.85,0.988224010236706
5,4,0.90,0.9899297040649881
5,4,0.95,0.9894454140872484
5,5,0.05,0.8111019114899318
5,5,0.10,0.952855298641465
5,5,0.15,0.9619537161894558
5,5,0.20,0.9759233752408543
5,5,0.25,0.9691987708371081
5,5,0.30,0.9833028364878721
5,5,0.35,0.9755467277530773
5,5,0.40,0.9865123041657481
5,5,0.45,0.9826726612497656
5,5,0.50,0.9832452926372947
5,5,0.55,0.9857443197950734
5,5,0.60,0.9889406511735882
5,5,0.65,0.9886596306042442
5,5,0.70,0.9899204437491853
5,5,0.75,0.9896051992218727
5,5,0.80,0.9884649799626807
5,5,0.85,0.988565098751534
5,5,0.90,0.9880404820648168
5,5,0.95,0.9868487163413989
5,6,0.05,0.6862966316605756
5,6,0.10,0.9575132672606742
5,6,0.15,0.9425801450415321
5,6,0.20,0.9608125865799504
5,6,0.25,0.9586579362361725
5,6,0.30,0.9714465314474221
5,6,0.35,0.978763721976849
5,6,0.40,0.9854681470563138
5,6,0.45,0.9829141751674606
5,6,0.50,0.9851700460631336
5,6,0.55,0.9889956316237454
5,6,0.60,0.988606306296402
5,6,0.65,0.9871749565591531
5,6,0.70,0.9833343321301131
5,6,0.75,0.9888928585296453
5,6,0.80,0.9875470479185404
5,6,0.85,0.9830483400842337
5,6,0.90,0.9864218534929752
5,6,0.95,0.9882103974886844
5,7,0.05,0.8965921386323139
5,7,0.10,0.9527785221782556
5,7,0.15,0.9413569425467387
5,7,0.20,0.9538074912249159
5,7,0.25,0.965623590599811
5,7,0.30,0.9645109995786959
5,7,0.35,0.9683272078698203
5,7,0.40,0.9773916851791931
5,7,0.45,0.9778059007706144
5,7,0.50,0.977251279093075
5,7,0.55,0.9829471545632127
5,7,0.60,0.9888272448853248
5,7,0.65,0.9882541715353852
5,7,0.70,0.9893064516055456
5,7,0.75,0.9872148722215117
5,7,0.80,0.9857115892423255
5,7,0.85,0.9900904852593986
5,7,0.90,0.9866408749972796
5,7,0.95,0.9864371940371399
5,8,0.05,0.864982222112832
5,8,0.10,0.880008951503425
5,8,0.15,0.971053261023531
5,8,0.20,0.9692662539207261
5,8,0.25,0.97474151156619
5,8,0.30,0.9831255691175024
5,8,0.35,0.9778273955925019
5,8,0.40,0.985635349600748
5,8,0.45,0.9854428733987347
5,8,0.50,0.9833353388366797
5,8,0.55,0.9791500356143797
5,8,0.60,0.9865199848767633
5,8,0.65,0.9860461860270283
5,8,0.70,0.9856914971878039
5,8,0.75,0.9868433493789163
5,8,0.80,0.9835897461042813
5,8,0.85,0.9890405273201449
5,8,0.90,0.990832161253936
5,8,0.95,0.9891729670605758
5,9,0.05,0.9210046245563489
5,9,0.10,0.9426427168189995
5,9,0.15,0.9407445262108513
5,9,0.20,0.9576843713299237
5,9,0.25,0.9825449291799426
5,9,0.30,0.9776695111183514
5,9,0.35,0.9768507371234874
5,9,0.40,0.9840729945163031
5,9,0.45,0.9847041258900815
5,9,0.50,0.9853015457672731
5,9,0.55,0.9879582276963653
5,9,0.60,0.9898205961013883
5,9,0.65,0.9855128271404383
5,9,0.70,0.98502661961622
5,9,0.75,0.9877199939614221
5,9,0.80,0.9888042993528252
5,9,0.85,0.9889537355101106
5,9,0.90,0.9905462374000265
5,9,0.95,0.9879050333721806
6,0,0.05,0.8541836162960734
6,0,0.10,0.9690958351311274
6,0,0.15,0.9695580571711037
6,0,0.20,0.9492488568092269
6,0,0.25,0.9728234710491255
6,0,0.30,0.9793875809998025
6,0,0.35,0.9675651023680127
6,0,0.40,0.9769468366425487
6,0,0.45,0.9864398343083136
6,0,0.50,0.9852341255024358
6,0,0.55,0.9862803440542727
6,0,0.60,0.986292898076278
6,0,0.65,0.9859765327910899
6,0,0.70,0.987062828263905
6,0,0.75,0.9862379710344852
6,0,0.80,0.9883099110772494
6,0,0.85,0.9870185864128045
6,0,0.90,0.9888496727095916
6,0,0.95,0.9876882354902913
6,1,0.05,0.8684404552864992
6,1,0.10,0.9366795613026542
6,1,0.15,0.9422467060576436
6,1,0.20,0.9413593149639238
6,1,0.25,0.9783791391362958
6,1,0.30,0.9740018143612259
6,1,0.35,0.9803833976941682
6,1,0.40,0.9794794641168497
6,1,0.45,0.9835928129720881
6,1,0.50,0.9832439395200292
6,1,0.55,0.9868410936678582
6,1,0.60,0.984045402032727
6,1,0.65,0.9875496405440838
6,1,0.70,0.9862071131067495
6,1,0.75,0.9892805887376331
6,1,0.80,0.9859828811087221
6,1,0.85,0.9845102377141887
6,1,0.90,0.9887058590724364
6,1,0.95,0.9883811621200053
6,2,0.05,0.8535689039020412
6,2,0.10,0.9444714979834444
6,2,0.15,0.8861570232706002
6,2,0.20,0.9636204177563379
6,2,0.25,0.9821795904041933
6,2,0.30,0.9778286476563622
6,2,0.35,0.975313476273078
6,2,0.40,0.9832347007350198
6,2,0.45,0.9865732126121837
6,2,0.50,0.9903712991511638
6,2,0.55,0.9845886216514659
6,2,0.60,0.9885120077584884
6,2,0.65,0.987094471670642
6,2,0.70,0.9861248830862557
6,2,0.75,0.9858239012361552
6,2,0.80,0.9886194396243785
6,2,0.85,0.9880833899337277
6,2,0.90,0.9870302833540983
6,2,0.95,0.9894203243951416
6,3,0.05,0.8694134434776881
6,3,0.10,0.9361760257657027
6,3,0.15,0.9444585877661228
6,3,0.20,0.9592949566212016
6,3,0.25,0.9621410880872469
6,3,0.30,0.9721252278020077
6,3,0.35,0.9848345500456215
6,3,0.40,0.9817588649723263
6,3,0.45,0.9842418494062176
6,3,0.50,0.983986208915294
6,3,0.55,0.9854462886724162
6,3,0.60,0.9888696836277447
6,3,0.65,0.9885368980104584
6,3,0.70,0.987416750404942
6,3,0.75,0.9872871476207572
6,3,0.80,0.9870362593261418
6,3,0.85,0.9905650823185669
6,3,0.90,0.9880891017385202
6,3,0.95,0.9887052463966954
6,4,0.05,0.8593776187189242
6,4,0.10,0.9430587460327498
6,4,0.15,0.9702437354661655
6,4,0.20,0.967832499508061
6,4,0.25,0.9824544288921353
6,4,0.30,0.9772341329997678
6,4,0.35,0.9811888879356527
6,4,0.40,0.9822455514663845
6,4,0.45,0.985425822612484
6,4,0.50,0.9877776351501077
6,4,0.55,0.99005300569889
6,4,0.60,0.9841174123264793
6,4,0.65,0.9881356616740017
6,4,0.70,0.9889793296043423
6,4,0.75,0.9877011386787603
6,4,0.80,0.9897638703708617
6,4,0.85,0.9888929275996142
6,4,0.90,0.9873031460492991
6,4,0.95,0.9866818784154269
6,5,0.05,0.7621455093380708
6,5,0.10,0.9690069728003072
6,5,0.15,0.9597532585753603
6,5,0.20,0.968617158540989
6,5,0.25,0.9675954328426636
6,5,0.30,0.9672576824122384
6,5,0.35,0.9763306966019211
6,5,0.40,0.9839132007114351
6,5,0.45,0.9844570122889742
6,5,0.50,0.9897586655148888
6,5,0.55,0.9884337470392336
6,5,0.60,0.9878639061377973
6,5,0.65,0.9842914938391604
6,5,0.70,0.990267938702832
6,5,0.75,0.9885184971389568
6,5,0.80,0.9879405184719064
6,5,0.85,0.9876181880587839
6,5,0.90,0.9881873838157134
6,5,0.95,0.9869579553145166
6,6,0.05,0.9497952443685712
6,6,0.10,0.9477362935440563
6,6,0.15,0.9411476454387877
6,6,0.20,0.8909422893285293
6,6,0.25,0.9837224707451637
6,6,0.30,0.9803755895574491
6,6,0.35,0.9798893386502782
6,6,0.40,0.982419404447055
6,6,0.45,0.9871449029536515
6,6,0.50,0.9861085686822975
6,6,0.55,0.9834731512628103
6,6,0.60,0.9904919312809211
6,6,0.65,0.9888416107735148
6,6,0.70,0.9866425576469862
6,6,0.75,0.9874960296887045
6,6,0.80,0.9885874656783281
6,6,0.85,0.9896760812222336
6,6,0.90,0.9884181391785254
6,6,0.95,0.9898245714853888
6,7,0.05,0.782271656214412
6,7,0.10,0.9561166599065027
6,7,0.15,0.9687152096792646
6,7,0.20,0.9709458644979219
6,7,0.25,0.9821514745824172
6,7,0.30,0.9765120843434191
6,7,0.35,0.9815122201864961
6,7,0.40,0.9861853268462979
6,7,0.45,0.9837555682292372
6,7,0.50,0.986267175434361
6,7,0.55,0.9858587026015804
6,7,0.60,0.9893831409955738
6,7,0.65,0.9880717477028422
6,7,0.70,0.9878705502375699
6,7,0.75,0.9841605904695447
6,7,0.80,0.9830453531926704
6,7,0.85,0.9887233049267392
6,7,0.90,0.989501121016748
6,7,0.95,0.988741212763445
6,8,0.05,0.8549242652972622
6,8,0.10,0.9490260694643776
6,8,0.15,0.923871331428396
6,8,0.20,0.9702543173371498
6,8,0.25,0.9767101559416889
6,8,0.30,0.9767162647881878
6,8,0.35,0.9811611888359596
6,8,0.40,0.9844928655177697
6,8,0.45,0.9872682613072463
6,8,0.50,0.9846003329810862
6,8,0.55,0.9886220318785062
6,8,0.60,0.9871633291955776
6,8,0.65,0.9889380291123632
6,8,0.70,0.9889228146174315
6,8,0.75,0.9868422691432629
6,8,0.80,0.9896792967310385
6,8,0.85,0.9873873881849294
6,8,0.90,0.9877234707321589
6,8,0.95,0.9872706343461924
6,9,0.05,0.8413861513688372
6,9,0.10,0.9173251723339759
6,9,0.15,0.9402177131339648
6,9,0.20,0.9578899791185993
6,9,0.25,0.9761050885518555
6,9,0.30,0.9803501013653073
6,9,0.35,0.9803224175380253
6,9,0.40,0.9775897133642099
6,9,0.45,0.9857485684593105
6,9,0.50,0.9867014560216739
6,9,0.55,0.9870087252212468
6,9,0.60,0.9865936898303506
6,9,0.65,0.9833636851044723
6,9,0.70,0.9885826390816003
6,9,0.75,0.9867074402926101
6,9,0.80,0.9896801281281898
6,9,0.85,0.9897395762566625
6,9,0.90,0.9872687133432771
6,9,0.95,0.9864899497988
7,0,0.05,0.8778016148451222
7,0,0.10,0.9334821725781858
7,0,0.15,0.9444909785896451
7,0,0.20,0.9699483459200093
7,0,0.25,0.9767762134209937
7,0,0.30,0.9819398991631556
7,0,0.35,0.9766186808424746
7,0,0.40,0.9791644124058109
7,0,0.45,0.9865222910343228
7,0,0.50,0.984309414294296
7,0,0.55,0.9853830935345983
7,0,0.60,0.9875211462967883
7,0,0.65,0.9874641290147689
7,0,0.70,0.9842604023536353
7,0,0.75,0.9860411476771013
7,0,0.80,0.9865583762935959
7,0,0.85,0.9893019667789287
7,0,0.90,0.9879745026545103
7,0,0.95,0.987693929224338
7,1,0.05,0.8646830003807666
7,1,0.10,0.9453178277862838
7,1,0.15,0.9642283547177339
7,1,0.20,0.9736962134006029
7,1,0.25,0.9729554457145471
7,1,0.30,0.9852058559390658
7,1,0.35,0.9742724804101416
7,1,0.40,0.9811772536477901
7,1,0.45,0.9880965722147318
7,1,0.50,0.9820677706234665
7,1,0.55,0.9866641757364558
7,1,0.60,0.9837148251098768
7,1,0.65,0.9837726598062357
7,1,0.70,0.9836770812950798
7,1,0.75,0.9847118515160248
7,1,0.80,0.9849552295074672
7,1,0.85,0.9874632970059787
7,1,0.90,0.9846284627348558
7,1,0.95,0.9889781630950314
7,2,0.05,0.9402363936222498
7,2,0.10,0.9490748254161452
7,2,0.15,0.9587886169193789
7,2,0.20,0.9776620147553482
7,2,0.25,0.9741098921385776
7,2,0.30,0.9849511006369179
7,2,0.35,0.9849447207263703
7,2,0.40,0.9803342713359913
7,2,0.45,0.9854731316227373
7,2,0.50,0.9873816671396451
7,2,0.55,0.9806527473440348
7,2,0.60,0.9855594521280558
7,2,0.65,0.9874753476642383
7,2,0.70,0.9879264083242758
7,2,0.75,0.9883460700400931
7,2,0.80,0.9858681055732021
7,2,0.85,0.9863142064164638
7,2,0.90,0.987628513788336
7,2,0.95,0.9872677865835241
7,3,0.05,0.8378167557672648
7,3,0.10,0.9039439265622399
7,3,0.15,0.9588679747866012
7,3,0.20,0.9748447242280353
7,3,0.25,0.9769732301649366
7,3,0.30,0.9788633812680574
7,3,0.35,0.9803244476976285
7,3,0.40,0.9864197162828856
7,3,0.45,0.9825227248889226
7,3,0.50,0.9846475680129826
7,3,0.55,0.984643708585808
7,3,0.60,0.9892997985418779
7,3,0.65,0.9843688250556859
7,3,0.70,0.988397662263633
7,3,0.75,0.9895394392898079
7,3,0.80,0.9917057001447631
7,3,0.85,0.9897428378028794
7,3,0.90,0.986841406267762
7,3,0.95,0.9889474804218636
7,4,0.05,0.9383554554429545
7,4,0.10,0.9017451221412885
7,4,0.15,0.9532005475750973
7,4,0.20,0.9740258493942752
7,4,0.25,0.9549623514108406
7,4,0.30,0.9842347505797691
7,4,0.35,0.9766298187679181
7,4,0.40,0.9850071894060308
7,4,0.45,0.9854528250287978
7,4,0.50,0.986614392288673
7,4,0.55,0.988821082392568
7,4,0.60,0.9889543466782519
7,4,0.65,0.9871709440325709
7,4,0.70,0.9858504938646796
7,4,0.75,0.9884503984988026
7,4,0.80,0.9864766595108418
7,4,0.85,0.9867816698901661
7,4,0.90,0.9891668377359547
7,4,0.95,0.9890084988342918
7,5,0.05,0.7334887112464303
7,5,0.10,0.9349924962771222
7,5,0.15,0.9599162099420885
7,5,0.20,0.9699023662234885
7,5,0.25,0.9839291323618087
7,5,0.30,0.9814645289537569
7,5,0.35,0.9785735886592116
7,5,0.40,0.9862707076722165
7,5,0.45,0.9854835211600014
7,5,0.50,0.9856625965767397
7,5,0.55,0.9874892643004523
7,5,0.60,0.9879473184693228
7,5,0.65,0.9911648056778087
7,5,0.70,0.987019366929943
7,5,0.75,0.9870506606686079
7,5,0.80,0.9891031791835908
7,5,0.85,0.9854316902914192
7,5,0.90,0.9849775624641407
7,5,0.95,0.9887264901216042
7,6,0.05,0.8504318353897421
7,6,0.10,0.9554113555735376
7,6,0.15,0.9491400880837212
7,6,0.20,0.9637062134000051
7,6,0.25,0.9748038930293234
7,6,0.30,0.9826722310246542
7,6,0.35,0.9812835007192242
7,6,0.40,0.9835514458926998
7,6,0.45,0.9879751767778772
7,6,0.50,0.9821394123891339
7,6,0.55,0.9900445873723877
7,6,0.60,0.9853966940814616
7,6,0.65,0.9878395044218679
7,6,0.70,0.9884554736554301
7,6,0.75,0.9906590247208668
7,6,0.80,0.9877990072483995
7,6,0.85,0.9887369186186701
7,6,0.90,0.9900343688875717
7,6,0.95,0.9881158690679166
7,7,0.05,0.9119408210811317
7,7,0.10,0.9456706256920592
7,7,0.15,0.9608176799417479
7,7,0.20,0.9698243056971714
7,7,0.25,0.9725935298973513
7,7,0.30,0.98455495189996
7,7,0.35,0.9799254851320973
7,7,0.40,0.9830371974103721
7,7,0.45,0.9853313086756305
7,7,0.50,0.9890670505664622
7,7,0.55,0.9880278286030962
7,7,0.60,0.988141259532926
7,7,0.65,0.9889534503281399
7,7,0.70,0.9897292708787034
7,7,0.75,0.988673772351645
7,7,0.80,0.9873748356317652
7,7,0.85,0.98658041446757
7,7,0.90,0.9892405321237441
7,7,0.95,0.9895058488280949
7,8,0.05,0.8536527830190579
7,8,0.10,0.9328402658296154
7,8,0.15,0.9685652689569517
7,8,0.20,0.9583372678261811
7,8,0.25,0.9686639119643095
7,8,0.30,0.9832075164520937
7,8,0.35,0.9826863911886871
7,8,0.40,0.9881822122447765
7,8,0.45,0.9829704551753181
7,8,0.50,0.9858439301835655
7,8,0.55,0.9816290391961171
7,8,0.60,0.9850158209631066
7,8,0.65,0.989137710348726
7,8,0.70,0.9873295140881825
7,8,0.75,0.9878243925441287
7,8,0.80,0.9891532429779295
7,8,0.85,0.9855244694006513
7,8,0.90,0.9885632777558556
7,8,0.95,0.9880171814349804
7,9,0.05,0.7760937071176948
7,9,0.10,0.928972932423302
7,9,0.15,0.9459970923921163
7,9,0.20,0.9471794816871713
7,9,0.25,0.9802326412750136
7,9,0.30,0.9844468851517881
7,9,0.35,0.9856112916902864
7,9,0.40,0.9817320251343719
7,9,0.45,0.9850260927964246
7,9,0.50,0.9783234589798291
7,9,0.55,0.9868864630947273
7,9,0.60,0.9865347143603544
7,9,0.65,0.9831321085464362
7,9,0.70,0.9869390674590058
7,9,0.75,0.9864513451527257
7,9,0.80,0.9905408050017556
7,9,0.85,0.9877982450933875
7,9,0.90,0.9887776686714552
7,9,0.95,0.9856470058706824
8,0,0.05,0.7634058386407535
8,0,0.10,0.8308627120176741
8,0,0.15,0.9170900471865223
8,0,0.20,0.9551950577099521
8,0,0.25,0.9644730760589005
8,0,0.30,0.9752603140304327
8,0,0.35,0.9782943512519531
8,0,0.40,0.9838101117409984
8,0,0.45,0.9834142179166795
8,0,0.50,0.9849383016799427
8,0,0.55,0.9883491368658631
8,0,0.60,0.9887827553595077
8,0,0.65,0.9888933365772496
8,0,0.70,0.9874853146723248
8,0,0.75,0.9887311804725014
8,0,0.80,0.9857129844949628
8,0,0.85,0.9881232029767667
8,0,0.90,0.9861586094300959
8,0,0.95,0.9867646836055095
8,1,0.05,0.5972279684251189
8,1,0.10,0.7829726837657385
8,1,0.15,0.9533899346480343
8,1,0.20,0.9633635134383383
8,1,0.25,0.976689187902953
8,1,0.30,0.9768514364103891
8,1,0.35,0.9792798871254101
8,1,0.40,0.9854577007746964
8,1,0.45,0.9841202838016663
8,1,0.50,0.9871047600050556
8,1,0.55,0.987142028307419
8,1,0.60,0.9883213793781769
8,1,0.65,0.986801469257863
8,1,0.70,0.9897723469055812
8,1,0.75,0.9886151241569042
8,1,0.80,0.9900293179164336
8,1,0.85,0.9873262780767389
8,1,0.90,0.9903346687159271
8,1,0.95,0.9879624294963028
8,2,0.05,0.8711333922782294
8,2,0.10,0.9223291788866278
8,2,0.15,0.9700560122772122
8,2,0.20,0.973792780471101
8,2,0.25,0.9836232000565185
8,2,0.30,0.981625174087365
8,2,0.35,0.9801345760318327
8,2,0.40,0.985300986667238
8,2,0.45,0.9848306224563521
8,2,0.50,0.9863412859110858
8,2,0.55,0.9890372972225484
8,2,0.60,0.9893388151238082
8,2,0.65,0.9882372119704269
8,2,0.70,0.9896344748208986
8,2,0.75,0.9904130465049593
8,2,0.80,0.9896720357574385
8,2,0.85,0.989860205552818
8,2,0.90,0.9877753116355902
8,2,0.95,0.9903404195910851
8,3,0.05,0.6200340187018447
8,3,0.10,0.9146252852201942
8,3,0.15,0.9449070319731426
8,3,0.20,0.9761485399091552
8,3,0.25,0.9761326045998895
8,3,0.30,0.979499805405489
8,3,0.35,0.9790955140427433
8,3,0.40,0.9808285578554452
8,3,0.45,0.9854667172946746
8,3,0.50,0.9820492818558512
8,3,0.55,0.9870087500118331
8,3,0.60,0.987532426263859
8,3,0.65,0.9866035874449243
8,3,0.70,0.9867320527866207
8,3,0.75,0.9886026979765101
8,3,0.80,0.99007614263993
8,3,0.85,0.9880598622681069
8,3,0.90,0.9881556816816932
8,3,0.95,0.9906739921753891
8,4,0.05,0.7923644359304527
8,4,0.10,0.9119883617357271
8,4,0.15,0.9470960623101536
8,4,0.20,0.9724878164701353
8,4,0.25,0.9760618893770451
8,4,0.30,0.9788351097290616
8,4,0.35,0.9762615555577278
8,4,0.40,0.9833810668197499
8,4,0.45,0.9804290452135028
8,4,0.50,0.9863187948251699
8,4,0.55,0.9842451280394856
8,4,0.60,0.98426417558783
8,4,0.65,0.9872592551632565
8,4,0.70,0.9892543417226524
8,4,0.75,0.9875116266785273
8,4,0.80,0.9855304969230239
8,4,0.85,0.9898833173043498
8,4,0.90,0.9873857977584305
8,4,0.95,0.9891073019674824
8,5,0.05,0.8995945819444987
8,5,0.10,0.9203984632577011
8,5,0.15,0.9549616252841217
8,5,0.20,0.9760808481057017
8,5,0.25,0.9798329027918135
8,5,0.30,0.9804083246524514
8,5,0.35,0.9851755572290156
8,5,0.40,0.9861690890143892
8,5,0.45,0.9875306280953119
8,5,0.50,0.9907142454778656
8,5,0.55,0.9842541981174457
8,5,0.60,0.988431613551561
8,5,0.65,0.9853136768560408
8,5,0.70,0.9870921358040272
8,5,0.75,0.990239327600597
8,5,0.80,0.9861550256711746
8,5,0.85,0.9904201918206602
8,5,0.90,0.9876493575340709
8,5,0.95,0.9888275847391287
8,6,0.05,0.8663386302746294
8,6,0.10,0.9550425195206218
8,6,0.15,0.9408934737529118
8,6,0.20,0.957906618129462
8,6,0.25,0.9711230443265583
8,6,0.30,0.9809132883247026
8,6,0.35,0.9837114258069051
8,6,0.40,0.984414064312683
8,6,0.45,0.9831876635648584
8,6,0.50,0.9832410230131077
8,6,0.55,0.9842978098436197
8,6,0.60,0.9873760179000268
8,6,0.65,0.9885421572042478
8,6,0.70,0.9894975375495271
8,6,0.75,0.9884010075295492
8,6,0.80,0.9841950317553002
8,6,0.85,0.9864498711278454
8,6,0.90,0.9881164295084958
8,6,0.95,0.9887849320978235
8,7,0.05,0.9266576663600619
8,7,0.10,0.7845080406060314
8,7,0.15,0.9590062605243326
8,7,0.20,0.9553535713817669
8,7,0.25,0.9684461469492486
8,7,0.30,0.9796630791412563
8,7,0.35,0.9837031022583921
8,7,0.40,0.9854677732055003
8,7,0.45,0.9857212765162379
8,7,0.50,0.9894016202259445
8,7,0.55,0.9880968808747693
8,7,0.60,0.9887266298586914
8,7,0.65,0.9865171369271413
8,7,0.70,0.9897567092833419
8,7,0.75,0.9872797700531472
8,7,0.80,0.9879450644492059
8,7,0.85,0.989715374582656
8,7,0.90,0.9874451958480487
8,7,0.95,0.988076850862083
8,8,0.05,0.9071931036424116
8,8,0.10,0.9141634041207587
8,8,0.15,0.9552204936813266
8,8,0.20,0.9657958213281569
8,8,0.25,0.9801908432711852
8,8,0.30,0.9782566817807729
8,8,0.35,0.9737754160584048
8,8,0.40,0.9850618937606458
8,8,0.45,0.9829338680075703
8,8,0.50,0.9844303756988776
8,8,0.55,0.9884959124672886
8,8,0.60,0.9893649468523864
8,8,0.65,0.9877653842502558
8,8,0.70,0.9855666520860752
8,8,0.75,0.9865409343690215
8,8,0.80,0.9872675194671856
8,8,0.85,0.9873358906789871
8,8,0.90,0.9889411097670541
8,8,0.95,0.9863907795951176
8,9,0.05,0.6024391782784164
8,9,0.10,0.9536625423852132
8,9,0.15,0.9219004650859951
8,9,0.20,0.9678669681778288
8,9,0.25,0.9774851940601573
8,9,0.30,0.9699947336249609
8,9,0.35,0.9805699454192052
8,9,0.40,0.9846907179428174
8,9,0.45,0.9858600031408307
8,9,0.50,0.984617404149165
8,9,0.55,0.984462693367034
8,9,0.60,0.9880973666651822
8,9,0.65,0.986261495757955
8,9,0.70,0.9891586037054332
8,9,0.75,0.986367571391051
8,9,0.80,0.9910444865666692
8,9,0.85,0.9882217865027825
8,9,0.90,0.9881557247250498
8,9,0.95,0.9877575916355541
9,0,0.05,0.8377662191307074
9,0,0.10,0.9536578850004638
9,0,0.15,0.9448406123833198
9,0,0.20,0.9730652641306576
9,0,0.25,0.9824743545961151
9,0,0.30,0.9799892747361427
9,0,0.35,0.9847582549025043
9,0,0.40,0.9840043937554972
9,0,0.45,0.9812975274537192
9,0,0.50,0.9890402361270532
9,0,0.55,0.9885696374952325
9,0,0.60,0.9877978363080474
9,0,0.65,0.989759046890381
9,0,0.70,0.9890083882314002
9,0,0.75,0.9891421921286663
9,0,0.80,0.9881994366938085
9,0,0.85,0.989976035175566
9,0,0.90,0.9880084957970773
9,0,0.95,0.9890409412607518
9,1,0.05,0.8732904243153852
9,1,0.10,0.9208535111464141
9,1,0.15,0.9614346031078956
9,1,0.20,0.9626424549499297
9,1,0.25,0.9684925105285578
9,1,0.30,0.9774301174239417
9,1,0.35,0.9852398910650799
9,1,0.40,0.9859109227394561
9,1,0.45,0.9886319688863945
9,1,0.50,0.9898774753308379
9,1,0.55,0.9892170844625494
9,1,0.60,0.9867848054553051
9,1,0.65,0.9892876513451088
9,1,0.70,0.9880867752186127
9,1,0.75,0.9860307133237931
9,1,0.80,0.9870739537392692
9,1,0.85,0.9882811958375208
9,1,0.90,0.9885159851910147
9,1,0.95,0.9865696657200594
9,2,0.05,0.8054859724564702
9,2,0.10,0.9030617310613649
9,2,0.15,0.9590296669446798
9,2,0.20,0.9798376167920233
9,2,0.25,0.9609594733639296
9,2,0.30,0.9776971493034956
9,2,0.35,0.9825057766951004
9,2,0.40,0.9869066117986347
9,2,0.45,0.9871395824048903
9,2,0.50,0.9898338652857462
9,2,0.55,0.98345339335833
9,2,0.60,0.9879419539033278
9,2,0.65,0.99094847043597
9,2,0.70,0.9887011813273324
9,2,0.75,0.9900391770625214
9,2,0.80,0.9868618631557355
9,2,0.85,0.9878116722531256
9,2,0.90,0.9902460682800187
9,2,0.95,0.987437506201232
9,3,0.05,0.8424651855035061
9,3,0.10,0.9195822220347505
9,3,0.15,0.9696513773583929
9,3,0.20,0.9783009469973918
9,3,0.25,0.9529609506194747
9,3,0.30,0.9815616184527914
9,3,0.35,0.971463662837973
9,3,0.40,0.9829829163749003
9,3,0.45,0.9876246419930921
9,3,0.50,0.9860990632157117
9,3,0.55,0.9862089169533532
9,3,0.60,0.9844660096386744
9,3,0.65,0.987839539159265
9,3,0.70,0.989361177903405
9,3,0.75,0.9894383776080111
9,3,0.80,0.9868833596217531
9,3,0.85,0.9882057323972355
9,3,0.90,0.9912554440568788
9,3,0.95,0.9880502756530651
9,4,0.05,0.8796252266021282
9,4,0.10,0.9401838236913688
9,4,0.15,0.9629127791225582
9,4,0.20,0.9790899733469971
9,4,0.25,0.9764812674164476
9,4,0.30,0.9793935484146771
9,4,0.35,0.9831572646667891
9,4,0.40,0.9815214366472054
9,4,0.45,0.9861528034972604
9,4,0.50,0.9866036233578058
9,4,0.55,0.9873817051628664
9,4,0.60,0.9900970048745725
9,4,0.65,0.9866459592524798
9,4,0.70,0.9916618570217269
9,4,0.75,0.9883818123995862
9,4,0.80,0.9902348512301836
9,4,0.85,0.9887505745768793
9,4,0.90,0.9860516688278381
9,4,0.95,0.9892834416819163
9,5,0.05,0.9367902148810167
9,5,0.10,0.9313662335487644
9,5,0.15,0.9668802925875248
9,5,0.20,0.9744816567348609
9,5,0.25,0.9814693881916378
9,5,0.30,0.9786845145194701
9,5,0.35,0.9746420376455628
9,5,0.40,0.9842634009863174
9,5,0.45,0.9861225277859302
9,5,0.50,0.9891882875853756
9,5,0.55,0.9866258879741712
9,5,0.60,0.9845418620163535
9,5,0.65,0.9864747175632534
9,5,0.70,0.9879236337843376
9,5,0.75,0.9868581063890012
9,5,0.80,0.9893702409246792
9,5,0.85,0.990622401820393
9,5,0.90,0.9876380515302384
9,5,0.95,0.9862673516479916
9,6,0.05,0.8515216047273113
9,6,0.10,0.9103952604822776
9,6,0.15,0.9627752527510712
9,6,0.20,0.9674315493784149
9,6,0.25,0.9765902713763855
9,6,0.30,0.9839490174300182
9,6,0.35,0.9795961085207341
9,6,0.40,0.9849218478344183
9,6,0.45,0.9884404759627007
9,6,0.50,0.9849675217717699
9,6,0.55,0.9878324853000988
9,6,0.60,0.9894013685463712
9,6,0.65,0.9858900390479759
9,6,0.70,0.9889754377609387
9,6,0.75,0.9874924960079451
9,6,0.80,0.9874481576866325
9,6,0.85,0.9882070258914674
9,6,0.90,0.9869403687270459
9,6,0.95,0.9894079024083583
9,7,0.05,0.7917774577876681
9,7,0.10,0.9038491739672789
9,7,0.15,0.9688233448267757
9,7,0.20,0.9760759361943137
9,7,0.25,0.9769888330552843
9,7,0.30,0.9814627105927839
9,7,0.35,0.9848159459164455
9,7,0.40,0.9811091760445431
9,7,0.45,0.9856644515441678
9,7,0.50,0.9887870264758167
9,7,0.55,0.9861122085909068
9,7,0.60,0.9861236883911406
9,7,0.65,0.9907981411816542
9,7,0.70,0.9876771730743498
9,7,0.75,0.9885281726972401
9,7,0.80,0.9838286001538669
9,7,0.85,0.988512972846317
9,7,0.90,0.9843473798714688
9,7,0.95,0.9882350430816533
9,8,0.05,0.873259117209982
9,8,0.10,0.9295151595672051
9,8,0.15,0.9670206537349495
9,8,0.20,0.9820434597263106
9,8,0.25,0.9290203397457854
9,8,0.30,0.9834385854231802
9,8,0.35,0.9550856850739613
9,8,0.40,0.9878803909737632
9,8,0.45,0.9899365568771987
9,8,0.50,0.967532765177023
9,8,0.55,0.9896900198080418
9,8,0.60,0.9855117768589464
9,8,0.65,0.9899944030031747
9,8,0.70,0.988546024516396
9,8,0.75,0.9861526513295275
9,8,0.80,0.9878846709298944
9,8,0.85,0.9887969755444266
9,8,0.90,0.9885931129055453
9,8,0.95,0.9899741797968364
9,9,0.05,0.7573272258316013
9,9,0.10,0.9123003651980041
9,9,0.15,0.9471592597727566
9,9,0.20,0.9735867166916589
9,9,0.25,0.9445023428720258
9,9,0.30,0.9766585198059925
9,9,0.35,0.9790029102614513
9,9,0.40,0.9824664097158584
9,9,0.45,0.9808232510078626
9,9,0.50,0.9829503140744507
9,9,0.55,0.9848808935366982
9,9,0.60,0.9869109776751553
9,9,0.65,0.9887650430667161
9,9,0.70,0.9882932654781349
9,9,0.75,0.9872816734912457
9,9,0.80,0.9890907104378679
9,9,0.85,0.9882909303307362
9,9,0.90,0.987677502658924
9,9,0.95,0.9899787531601137
10,0,0.05,0.8805157123066724
10,0,0.10,0.9484489412280334
10,0,0.15,0.9583592306331505
10,0,0.20,0.9684617006836393
10,0,0.25,0.9591422429967854
10,0,0.30,0.9657091513185947
10,0,0.35,0.9669496333929269
10,0,0.40,0.9745789363350609
10,0,0.45,0.9829653985649989
10,0,0.50,0.987726139767684
10,0,0.55,0.9856951467702578
10,0,0.60,0.9859125090118019
10,0,0.65,0.9851064219314929
10,0,0.70,0.9872184393538387
10,0,0.75,0.9868781616041531
10,0,0.80,0.9858666582640532
10,0,0.85,0.9884116923181773
10,0,0.90,0.9864327487744168
10,0,0.95,0.9885712649826661
10,1,0.05,0.8918748426558166
10,1,0.10,0.8524874945881813
10,1,0.15,0.9600842071746493
10,1,0.20,0.9661288407017942
10,1,0.25,0.9754298086889706
10,1,0.30,0.9812266196160181
10,1,0.35,0.96233826972274
10,1,0.40,0.9815034347771345
10,1,0.45,0.9816804126071939
10,1,0.50,0.9873107120381905
10,1,0.55,0.9840517968374217
10,1,0.60,0.9834655314416674
10,1,0.65,0.9870815843610737
10,1,0.70,0.9892551883989774
10,1,0.75,0.9867447845517375
10,1,0.80,0.988521181239671
10,1,0.85,0.9879100463145503
10,1,0.90,0.9860274894979849
10,1,0.95,0.9911178346561753
10,2,0.05,0.8773809906909914
10,2,0.10,0.9355845076233176
10,2,0.15,0.9471366576019917
10,2,0.20,0.966845522743965
10,2,0.25,0.9701834876569068
10,2,0.30,0.9746326942616657
10,2,0.35,0.9791966591079898
10,2,0.40,0.9807943608205703
10,2,0.45,0.9827402249370917
10,2,0.50,0.9840971829736371
10,2,0.55,0.9884319790009397
10,2,0.60,0.9912926339681238
10,2,0.65,0.9888783426282662
10,2,0.70,0.9867086058249357
10,2,0.75,0.9873796989615675
10,2,0.80,0.9887991723075221
10,2,0.85,0.9859028112669808
10,2,0.90,0.9899554587914189
10,2,0.95,0.9873902984859655
10,3,0.05,0.7786549210114517
10,3,0.10,0.9164588945491374
10,3,0.15,0.9547324320883562
10,3,0.20,0.9711974316063517
10,3,0.25,0.9700146959334606
10,3,0.30,0.9779016851741064
10,3,0.35,0.9825692980652113
10,3,0.40,0.9822165470996327
10,3,0.45,0.9831858170154198
10,3,0.50,0.9843590446476435
10,3,0.55,0.987399756200056
10,3,0.60,0.9863559071848997
10,3,0.65,0.9850251705660155
10,3,0.70,0.9873199219788535
10,3,0.75,0.984536343969006
10,3,0.80,0.9857863055774281
10,3,0.85,0.989571038214021
10,3,0.90,0.9883374777033225
10,3,0.95,0.98854515872444
10,4,0.05,0.9262218202738458
10,4,0.10,0.9063672606288171
10,4,0.15,0.9493909752870151
10,4,0.20,0.9632359393583769
10,4,0.25,0.9756888310711871
10,4,0.30,0.9735226629651219
10,4,0.35,0.9804955654228716
10,4,0.40,0.9796726845231819
10,4,0.45,0.9866277960195549
10,4,0.50,0.985491781689366
10,4,0.55,0.9877332825499464
10,4,0.60,0.9878411488174572
10,4,0.65,0.9891064391189354
10,4,0.70,0.9859670210660628
10,4,0.75,0.9887965885580972
10,4,0.80,0.9873732977708493
10,4,0.85,0.9873817434414645
10,4,0.90,0.9852118593553556
10,4,0.95,0.9868781001125156
10,5,0.05,0.8080063490098193
10,5,0.10,0.9289173454609403
10,5,0.15,0.9510636993058049
10,5,0.20,0.9727678649355739
10,5,0.25,0.97881007200783
10,5,0.30,0.9804827589535907
10,5,0.35,0.9712295562983038
10,5,0.40,0.9803058230938754
10,5,0.45,0.9823451579729653
10,5,0.50,0.9855992111341477
10,5,0.55,0.9840019279021773
10,5,0.60,0.9860036465943589
10,5,0.65,0.9908389225539007
10,5,0.70,0.9862962926671612
10,5,0.75,0.9907235120222008
10,5,0.80,0.9897203152655609
10,5,0.85,0.9872972771705316
10,5,0.90,0.9877898734857706
10,5,0.95,0.9898379814341269
10,6,0.05,0.86943513139595
10,6,0.10,0.9055014815025623
10,6,0.15,0.9669155737811652
10,6,0.20,0.9713327816878957
10,6,0.25,0.9758977731239481
10,6,0.30,0.9685947384556727
10,6,0.35,0.9831231186412112
10,6,0.40,0.9739059872138061
10,6,0.45,0.9846217947165896
10,6,0.50,0.9828506172733387
10,6,0.55,0.9869019736861553
10,6,0.60,0.9897568280012842
10,6,0.65,0.9868988613284969
10,6,0.70,0.9895032395277202
10,6,0.75,0.989005815307476
10,6,0.80,0.9904833658877337
10,6,0.85,0.9885024526464886
10,6,0.90,0.9855374346778731
10,6,0.95,0.989569107200437
10,7,0.05,0.8448611405340456
10,7,0.10,0.9284668007876193
10,7,0.15,0.9649976232350836
10,7,0.20,0.973129853239007
10,7,0.25,0.9677462318991789
10,7,0.30,0.9700951815653275
10,7,0.35,0.9711161526123177
10,7,0.40,0.9755486293144963
10,7,0.45,0.9851873438997052
10,7,0.50,0.9799589534841104
10,7,0.55,0.9857578415185569
10,7,0.60,0.9871331545159626
10,7,0.65,0.9890202553812859
10,7,0.70,0.9863898268567426
10,7,0.75,0.9863149259647395
10,7,0.80,0.9881845324502831
10,7,0.85,0.9919142752064549
10,7,0.90,0.987218311170273
10,7,0.95,0.9874870650632389
10,8,0.05,0.9509546495993865
10,8,0.10,0.9555887481726919
10,8,0.15,0.9651687979827267
10,8,0.20,0.9708589994541882
10,8,0.25,0.9774327450107863
10,8,0.30,0.9666501908110708
10,8,0.35,0.9737643176156819
10,8,0.40,0.9810959113650785
10,8,0.45,0.986946163237784
10,8,0.50,0.989557567100202
10,8,0.55,0.9833040100222404
10,8,0.60,0.9890944739039893
10,8,0.65,0.9869074456732628
10,8,0.70,0.9888461510820157
10,8,0.75,0.9844374377209006
10,8,0.80,0.9882679831260484
10,8,0.85,0.987321429227509
10,8,0.90,0.9894179958618496
10,8,0.95,0.9884559058692396
10,9,0.05,0.8117490599836046
10,9,0.10,0.938108765028551
10,9,0.15,0.9359235681053747
10,9,0.20,0.9546268823990172
10,9,0.25,0.9724313381663852
10,9,0.30,0.966404038820652
10,9,0.35,0.9660116750650853
10,9,0.40,0.9801365977078215
10,9,0.45,0.982591822177025
10,9,0.50,0.9739558845810491
10,9,0.55,0.983993956184209
10,9,0.60,0.9874527418215115
10,9,0.65,0.9880675422010183
10,9,0.70,0.9886538882775974
10,9,0.75,0.9796997792565282
10,9,0.80,0.9884525605326251
10,9,0.85,0.9813384857882993
10,9,0.90,0.9890156278925155
10,9,0.95,0.9872859429134178
11,0,0.05,0.9243262351133402
11,0,0.10,0.9420729412992086
11,0,0.15,0.9385927620224837
11,0,0.20,0.9478386026587609
11,0,0.25,0.9788783823833908
11,0,0.30,0.9780968650574859
11,0,0.35,0.9811198209910929
11,0,0.40,0.9787117745017089
11,0,0.45,0.9858126943147517
11,0,0.50,0.9885452468316162
11,0,0.55,0.9890925101102462
11,0,0.60,0.9918613507395309
11,0,0.65,0.99111478666421
11,0,0.70,0.9897035063200733
11,0,0.75,0.9891517089096407
11,0,0.80,0.9897385283779208
11,0,0.85,0.9890270971528774
11,0,0.90,0.9901301041010412
11,0,0.95,0.9882321408761118
11,1,0.05,0.9319738088698184
11,1,0.10,0.9445110408285262
11,1,0.15,0.9287439370467937
11,1,0.20,0.9708661986105024
11,1,0.25,0.9834941945793567
11,1,0.30,0.9837453856300166
11,1,0.35,0.9811551997803287
11,1,0.40,0.983541076355182
11,1,0.45,0.9843104403942226
11,1,0.50,0.9856808644105386
11,1,0.55,0.9897367482374946
11,1,0.60,0.986703142190034
11,1,0.65,0.9859762655219368
11,1,0.70,0.9912106662301294
11,1,0.75,0.9885322727858948
11,1,0.80,0.9855887913335781
11,1,0.85,0.9885802756581591
11,1,0.90,0.9896180838602192
11,1,0.95,0.9864683738127562
11,2,0.05,0.9310701591493917
11,2,0.10,0.9431984970347747
11,2,0.15,0.973661368236386
11,2,0.20,0.9623821550191816
11,2,0.25,0.9776895134893607
11,2,0.30,0.9785912180724394
11,2,0.35,0.9798915484988737
11,2,0.40,0.9862403421316009
11,2,0.45,0.9831696705805436
11,2,0.50,0.9870037707012526
11,2,0.55,0.9822798762908125
11,2,0.60,0.9879885930177992
11,2,0.65,0.9896639552453889
11,2,0.70,0.9904511098906139
11,2,0.75,0.9902735712195149
11,2,0.80,0.9875306911698637
11,2,0.85,0.9880326986297125
11,2,0.90,0.9894131556770923
11,2,0.95,0.9888817432039974
11,3,0.05,0.87394159241041
11,3,0.10,0.9281682184184672
11,3,0.15,0.9201927710568055
11,3,0.20,0.9716611333058446
11,3,0.25,0.9738476171621825
11,3,0.30,0.9711394499731231
11,3,0.35,0.9809838661488018
11,3,0.40,0.9868454336813461
11,3,0.45,0.9832002387215941
11,3,0.50,0.9839778754368611
11,3,0.55,0.9891429195728305
11,3,0.60,0.9880315715712676
11,3,0.65,0.98852741647722
11,3,0.70,0.9872264139863104
11,3,0.75,0.9887905373722421
11,3,0.80,0.9914237349090259
11,3,0.85,0.9867041595236892
11,3,0.90,0.9852529141585613
11,3,0.95,0.9866866708667623
11,4,0.05,0.8796374579230247
11,4,0.10,0.9450554901835176
11,4,0.15,0.9647585854841579
11,4,0.20,0.9628203652510576
11,4,0.25,0.9753528043916189
11,4,0.30,0.973625819869679
11,4,0.35,0.980892484856497
11,4,0.40,0.9826460268046135
11,4,0.45,0.9868856502850134
11,4,0.50,0.988139456306102
11,4,0.55,0.987610800670536
11,4,0.60,0.9898179657036322
11,4,0.65,0.9845972497793023
11,4,0.70,0.9884153787780952
11,4,0.75,0.988514263402813
11,4,0.80,0.9885574744023128
11,4,0.85,0.9906116162075379
11,4,0.90,0.9893253398519647
11,4,0.95,0.9905750284988651
11,5,0.05,0.831734981498625
11,5,0.10,0.9523556503504034
11,5,0.15,0.9575833686864366
11,5,0.20,0.9750569584932905
11,5,0.25,0.9671343212628665
11,5,0.30,0.9775892568146745
11,5,0.35,0.9829391885807128
11,5,0.40,0.979222338738413
11,5,0.45,0.9846553689086831
11,5,0.50,0.9857574372424053
11,5,0.55,0.989784871734356
11,5,0.60,0.9907541721243953
11,5,0.65,0.98959049601355
11,5,0.70,0.9870066339270882
11,5,0.75,0.9885511935283269
11,5,0.80,0.9895651585321562
11,5,0.85,0.9910433676054651
11,5,0.90,0.9887829701953069
11,5,0.95,0.9899088286996843
11,6,0.05,0.9264647860236696
11,6,0.10,0.9451549313785451
11,6,0.15,0.972903643075064
11,6,0.20,0.964544966371471
11,6,0.25,0.9777138573149784
11,6,0.30,0.9807963228525398
11,6,0.35,0.9819768030630843
11,6,0.40,0.9853977177868841
11,6,0.45,0.9890281823068126
11,6,0.50,0.9882417728418011
11,6,0.55,0.9842546689566364
11,6,0.60,0.9846265570245067
11,6,0.65,0.987249390407832
11,6,0.70,0.9893231217624611
11,6,0.75,0.9883792325544994
11,6,0.80,0.9881588243513307
11,6,0.85,0.9878800086189744
11,6,0.90,0.986342424804701
11,6,0.95,0.9892095244464968
11,7,0.05,0.8591871262818296
11,7,0.10,0.9186660048625855
11,7,0.15,0.9470118354178817
11,7,0.20,0.979523368653029
11,7,0.25,0.9729033247062991
11,7,0.30,0.9780628301176097
11,7,0.35,0.9888206683813172
11,7,0.40,0.9858420465328713
11,7,0.45,0.9844135800069873
11,7,0.50,0.9852087723111587
11,7,0.55,0.9863676422094579
11,7,0.60,0.9881935252765501
11,7,0.65,0.9848908282676904
11,7,0.70,0.9898253320842171
11,7,0.75,0.9878027244374338
11,7,0.80,0.9887980331434173
11,7,0.85,0.9878116200464289
11,7,0.90,0.9876879673144711
11,7,0.95,0.9893659427259157
11,8,0.05,0.8474787581146581
11,8,0.10,0.9318624695984372
11,8,0.15,0.9231411757063728
11,8,0.20,0.9605886898928421
11,8,0.25,0.9653164258335469
11,8,0.30,0.9851111274617175
11,8,0.35,0.9867309600002463
11,8,0.40,0.9889879922667066
11,8,0.45,0.9834589783743772
11,8,0.50,0.9855261264915305
11,8,0.55,0.9899066156371905
11,8,0.60,0.9887627382087464
11,8,0.65,0.9882522265345474
11,8,0.70,0.9895873353680718
11,8,0.75,0.9901484860366697
11,8,0.80,0.9886710578715683
11,8,0.85,0.9902023669572403
11,8,0.90,0.9891353405192561
11,8,0.95,0.9879369227855468
11,9,0.05,0.9108720296877222
11,9,0.10,0.948546508404204
11,9,0.15,0.9392851122570121
11,9,0.20,0.9617153419369242
11,9,0.25,0.9630984677223806
11,9,0.30,0.965102963641321
11,9,0.35,0.9809504787726063
11,9,0.40,0.9831137738500241
11,9,0.45,0.9850647669150873
11,9,0.50,0.9832988128461431
11,9,0.55,0.9857087957844506
11,9,0.60,0.9909157964340197
11,9,0.65,0.9877146200295621
11,9,0.70,0.9884959485597047
11,9,0.75,0.9877540015733408
11,9,0.80,0.9851195539535132
11,9,0.85,0.9887117834152943
11,9,0.90,0.989137908227737
11,9,0.95,0.9894284343187261
12,0,0.05,0.9585565703484978
12,0,0.10,0.9637967326699789
12,0,0.15,0.9682811457085503
12,0,0.20,0.9697125522220718
12,0,0.25,0.9841712711453767
12,0,0.30,0.9755765461388857
12,0,0.35,0.9740518441689692
12,0,0.40,0.9834464798471763
12,0,0.45,0.983918398037092
12,0,0.50,0.9858284455242773
12,0,0.55,0.9875451404363393
12,0,0.60,0.985280998442247
12,0,0.65,0.9902116894619807
12,0,0.70,0.9879550263958387
12,0,0.75,0.9872257171827795
12,0,0.80,0.9879251139111862
12,0,0.85,0.9872689690361547
12,0,0.90,0.9884592296578131
12,0,0.95,0.9876621574948972
12,1,0.05,0.8667923589287962
12,1,0.10,0.9538934422792184
12,1,0.15,0.9777796166166042
12,1,0.20,0.9691885104231978
12,1,0.25,0.9746915667274455
12,1,0.30,0.9826611313590219
12,1,0.35,0.984305577104817
12,1,0.40,0.9843074023910465
12,1,0.45,0.9893828353364309
12,1,0.50,0.9834755835297997
12,1,0.55,0.9868473522135319
12,1,0.60,0.9880667056973533
12,1,0.65,0.9880759703384207
12,1,0.70,0.9855555574197867
12,1,0.75,0.9891869580870822
12,1,0.80,0.9877532042902306
12,1,0.85,0.9861887988569426
12,1,0.90,0.9862696677652627
12,1,0.95,0.984915860150636
12,2,0.05,0.8737706063490435
12,2,0.10,0.9455582527745481
12,2,0.15,0.8995397938751197
12,2,0.20,0.9479826573033059
12,2,0.25,0.9790858387590272
12,2,0.30,0.9837629226981105
12,2,0.35,0.9869886348477112
12,2,0.40,0.9858273065284895
12,2,0.45,0.9819397598805926
12,2,0.50,0.9841150859003406
12,2,0.55,0.9840251666873385
12,2,0.60,0.9866646773690668
12,2,0.65,0.9841877809380769
12,2,0.70,0.9840822176642201
12,2,0.75,0.9832862614009177
12,2,0.80,0.9867344813743696
12,2,0.85,0.98478102360399
12,2,0.90,0.9884648501729295
12,2,0.95,0.9896179307207351
12,3,0.05,0.9380498392597172
12,3,0.10,0.9641702387428318
12,3,0.15,0.8336088453034994
12,3,0.20,0.9652553227324886
12,3,0.25,0.966822740742715
12,3,0.30,0.9741629779402544
12,3,0.35,0.9816977645633732
12,3,0.40,0.9856354620116232
12,3,0.45,0.9862955065315435
12,3,0.50,0.9855152528504075
12,3,0.55,0.9850277160837491
12,3,0.60,0.9870012789875985
12,3,0.65,0.9886204366202156
12,3,0.70,0.987869674278891
12,3,0.75,0.9836142017135154
12,3,0.80,0.9856960344868279
12,3,0.85,0.9866708684132339
12,3,0.90,0.9890639003056202
12,3,0.95,0.9897759717462449
12,4,0.05,0.8799206307815448
12,4,0.10,0.9423800327770708
12,4,0.15,0.9587187122184823
12,4,0.20,0.977007762774203
12,4,0.25,0.9847313591740992
12,4,0.30,0.9806088236271036
12,4,0.35,0.9860173925183571
12,4,0.40,0.9807747597322258
12,4,0.45,0.9818782512213232
12,4,0.50,0.9854877837415023
12,4,0.55,0.9879095759185295
12,4,0.60,0.9867683881044415
12,4,0.65,0.9879950904329131
12,4,0.70,0.9862479811613674
12,4,0.75,0.9910789373099664
12,4,0.80,0.9896481930925025
12,4,0.85,0.9893813097631035
12,4,0.90,0.9889303510872905
12,4,0.95,0.9875879834150663
12,5,0.05,0.9068235224258329
12,5,0.10,0.9533597098305655
12,5,0.15,0.9745954047511831
12,5,0.20,0.9794481858676061
12,5,0.25,0.9802181162558905
12,5,0.30,0.9843697322412952
12,5,0.35,0.9840409453737544
12,5,0.40,0.9822090092996958
12,5,0.45,0.9818367215634729
12,5,0.50,0.9858014789756072
12,5,0.55,0.9841759635356016
12,5,0.60,0.9878654034486433
12,5,0.65,0.9872541428056004
12,5,0.70,0.9911455279047228
12,5,0.75,0.9853211857021834
12,5,0.80,0.9856610473816965
12,5,0.85,0.9871608661090998
12,5,0.90,0.986561189723133
12,5,0.95,0.9845675204222805
12,6,0.05,0.7039357148776462
12,6,0.10,0.9300885866203508
12,6,0.15,0.9699996617181627
12,6,0.20,0.9789775375692459
12,6,0.25,0.9819391301382313
12,6,0.30,0.9833731320200423
12,6,0.35,0.9831204846030989
12,6,0.40,0.9849301662075522
12,6,0.45,0.9847521416676993
12,6,0.50,0.9849076326232333
12,6,0.55,0.9894146862040555
12,6,0.60,0.9855143555988796
12,6,0.65,0.98887465259301
12,6,0.70,0.9848136626037689
12,6,0.75,0.988665716966293
12,6,0.80,0.9885233413727691
12,6,0.85,0.9873442358813148
12,6,0.90,0.986935528146992
12,6,0.95,0.9877443926505748
12,7,0.05,0.8445601084926239
12,7,0.10,0.9680040347062264
12,7,0.15,0.9716152518960534
12,7,0.20,0.971105689672784
12,7,0.25,0.9785187314985628
12,7,0.30,0.9765569326610537
12,7,0.35,0.9867359172706467
12,7,0.40,0.9858112993145571
12,7,0.45,0.9843159222390465
12,7,0.50,0.9854054551224058
12,7,0.55,0.986187941692686
12,7,0.60,0.9842121243376711
12,7,0.65,0.9845480410425828
12,7,0.70,0.990053872247846
12,7,0.75,0.9829489340562891
12,7,0.80,0.9876496285595002
12,7,0.85,0.9875877528091604
12,7,0.90,0.9865492892120422
12,7,0.95,0.985779034941082
12,8,0.05,0.7762194000444107
12,8,0.10,0.9585233608874572
12,8,0.15,0.9168485982734343
12,8,0.20,0.9769857891441748
12,8,0.25,0.9815355473394795
12,8,0.30,0.979558271339694
12,8,0.35,0.98756975052618
12,8,0.40,0.9789898057466894
12,8,0.45,0.9867623573641116
12,8,0.50,0.9769910970063687
12,8,0.55,0.9883153089492186
12,8,0.60,0.9842361520220082
12,8,0.65,0.9851890589636269
12,8,0.70,0.9812188288832757
12,8,0.75,0.9863664723126414
12,8,0.80,0.9862221828735436
12,8,0.85,0.9866357928027889
12,8,0.90,0.9874516821420785
12,8,0.95,0.9892804575126023
12,9,0.05,0.9409182685176241
12,9,0.10,0.9433650303694241
12,9,0.15,0.8702684082172433
12,9,0.20,0.8896044911528307
12,9,0.25,0.9767756676399083
12,9,0.30,0.9802557154292086
12,9,0.35,0.9775904145726595
12,9,0.40,0.9873525467058824
12,9,0.45,0.9877819451326798
12,9,0.50,0.9840988734647395
12,9,0.55,0.9852265083450927
12,9,0.60,0.9840838761351195
12,9,0.65,0.9882683623083744
12,9,0.70,0.9857414443099551
12,9,0.75,0.9865561495377687
12,9,0.80,0.990340090215355
12,9,0.85,0.9866327584734645
12,9,0.90,0.9890042303134249
12,9,0.95,0.9878116107404048
13,0,0.05,0.8746774598702108
13,0,0.10,0.9391011533470036
13,0,0.15,0.9566784253664986
13,0,0.20,0.9612285741242109
13,0,0.25,0.979496382276474
13,0,0.30,0.9765074692332428
13,0,0.35,0.9771030997681163
13,0,0.40,0.9789646630790919
13,0,0.45,0.9868427802457274
13,0,0.50,0.9829364191565189
13,0,0.55,0.9840602020311249
13,0,0.60,0.9878710234121443
13,0,0.65,0.9876283210541679
13,0,0.70,0.9879581197274581
13,0,0.75,0.9879043120734035
13,0,0.80,0.9863516767330293
13,0,0.85,0.9877689559231253
13,0,0.90,0.9871344543836946
13,0,0.95,0.9874218178603025
13,1,0.05,0.8028892069745659
13,1,0.10,0.948260690863651
13,1,0.15,0.956493487725032
13,1,0.20,0.9729913369411894
13,1,0.25,0.9813956556393216
13,1,0.30,0.9790582235198753
13,1,0.35,0.9842711318191323
13,1,0.40,0.9817533963863881
13,1,0.45,0.9852841754439577
13,1,0.50,0.9848395673969548
13,1,0.55,0.9824927916803178
13,1,0.60,0.988296605752146
13,1,0.65,0.9892452075807853
13,1,0.70,0.9907500633832241
13,1,0.75,0.989723485844714
13,1,0.80,0.9868079957188889
13,1,0.85,0.9889601605878225
13,1,0.90,0.9846726397928645
13,1,0.95,0.9874233182901033
13,2,0.05,0.7286460417218713
13,2,0.10,0.94988237802355
13,2,0.15,0.945684346215054
13,2,0.20,0.977842498467042
13,2,0.25,0.9800139348494128
13,2,0.30,0.9804889913995353
13,2,0.35,0.9814854753868711
13,2,0.40,0.9841777818492965
13,2,0.45,0.9848223594018375
13,2,0.50,0.9852095553670815
13,2,0.55,0.9835322647727901
13,2,0.60,0.989477304999652
13,2,0.65,0.9893559938456211
13,2,0.70,0.9875408190270468
13,2,0.75,0.9856066471983922
13,2,0.80,0.9839223903379498
13,2,0.85,0.9885126802581526
13,2,0.90,0.9877203497724955
13,2,0.95,0.9882302029316474
13,3,0.05,0.9306072330927102
13,3,0.10,0.9114703323231781
13,3,0.15,0.9194426578781821
13,3,0.20,0.9664332465353234
13,3,0.25,0.97391017147281
13,3,0.30,0.9801592422676708
13,3,0.35,0.9817698211088719
13,3,0.40,0.9828563793950608
13,3,0.45,0.988427083934317
13,3,0.50,0.9852453521547676
13,3,0.55,0.9868003794691274
13,3,0.60,0.9849618736696829
13,3,0.65,0.9899586205124518
13,3,0.70,0.9904771145656034
13,3,0.75,0.9894029410805787
13,3,0.80,0.9870435148713953
13,3,0.85,0.9900373407567847
13,3,0.90,0.9865729422084427
13,3,0.95,0.9898704685360368
13,4,0.05,0.9343611947679873
13,4,0.10,0.9605653397460996
13,4,0.15,0.9328484407535211
13,4,0.20,0.9619012950793042
13,4,0.25,0.9811319156802986
13,4,0.30,0.9758865862930681
13,4,0.35,0.9850289194595238
13,4,0.40,0.984442707874149
13,4,0.45,0.982393319234681
13,4,0.50,0.9805880860502334
13,4,0.55,0.9869391594434647
13,4,0.60,0.984543597923204
13,4,0.65,0.9870053133344115
13,4,0.70,0.9870479942901841
13,4,0.75,0.9891657418002783
13,4,0.80,0.9905874217576285
13,4,0.85,0.9899485772134725
13,4,0.90,0.9884500468940274
13,4,0.95,0.9874780166072474
13,5,0.05,0.8516200027125598
13,5,0.10,0.9575599741507539
13,5,0.15,0.9603303524057901
13,5,0.20,0.9675282339991477
13,5,0.25,0.9766066978298912
13,5,0.30,0.9854329699006632
13,5,0.35,0.9792460868891173
13,5,0.40,0.983797394045664
13,5,0.45,0.987335132741891
13,5,0.50,0.9817458712675529
13,5,0.55,0.9857652011863358
13,5,0.60,0.9880354124259462
13,5,0.65,0.9901112948521625
13,5,0.70,0.9880574686120835
13,5,0.75,0.9875789842042996
13,5,0.80,0.9883753493800922
13,5,0.85,0.9908221910480342
13,5,0.90,0.9885831895372601
13,5,0.95,0.988184949639851
13,6,0.05,0.8753800739693219
13,6,0.10,0.9521074294663956
13,6,0.15,0.9731521242727534
13,6,0.20,0.9531042571253833
13,6,0.25,0.9760563249098222
13,6,0.30,0.9732974139708048
13,6,0.35,0.9811605169322245
13,6,0.40,0.9847927602644683
13,6,0.45,0.9850692766158978
13,6,0.50,0.9852833010683925
13,6,0.55,0.9858100044861514
13,6,0.60,0.9892053049211988
13,6,0.65,0.9874600088574225
13,6,0.70,0.9856206387504883
13,6,0.75,0.9880643557627852
13,6,0.80,0.9861936357236268
13,6,0.85,0.9882921244624636
13,6,0.90,0.9840547339014006
13,6,0.95,0.9878718236146978
13,7,0.05,0.797900127286476
13,7,0.10,0.94105826840032
13,7,0.15,0.9698196646880303
13,7,0.20,0.9636434805475749
13,7,0.25,0.9758857548786324
13,7,0.30,0.9778457532998669
13,7,0.35,0.9807473967523358
13,7,0.40,0.9804524032782703
13,7,0.45,0.9842273741637305
13,7,0.50,0.9854303294757115
13,7,0.55,0.9863366338516695
13,7,0.60,0.9891685517773182
13,7,0.65,0.9896968634454181
13,7,0.70,0.9868521061617906
13,7,0.75,0.9873028911925416
13,7,0.80,0.9870997488817008
13,7,0.85,0.9865219763209004
13,7,0.90,0.986486802924021
13,7,0.95,0.9875515835736857
13,8,0.05,0.9018039143969911
13,8,0.10,0.951981777651671
13,8,0.15,0.949797160654373
13,8,0.20,0.9677885047413436
13,8,0.25,0.9777138228333297
13,8,0.30,0.9819584322086847
13,8,0.35,0.9813742663621197
13,8,0.40,0.9862032130303051
13,8,0.45,0.9839810255845485
13,8,0.50,0.986521507844851
13,8,0.55,0.9875788086936654
13,8,0.60,0.9887264197956832
13,8,0.65,0.988721144533847
13,8,0.70,0.9885069558169728
13,8,0.75,0.9900327953463285
13,8,0.80,0.9888936480755782
13,8,0.85,0.9881211097725042
13,8,0.90,0.9851810379832615
13,8,0.95,0.9848349372930477
13,9,0.05,0.8896624818059434
13,9,0.10,0.930130085709062
13,9,0.15,0.9692760158742246
13,9,0.20,0.9640362278416387
13,9,0.25,0.9586159261095801
13,9,0.30,0.9795492300810782
13,9,0.35,0.9829418067885887
13,9,0.40,0.9775290309653609
13,9,0.45,0.9842368939058457
13,9,0.50,0.9856020858643948
13,9,0.55,0.9863980208808878
13,9,0.60,0.9866281701884877
13,9,0.65,0.9860062939260319
13,9,0.70,0.9879387660171332
13,9,0.75,0.9849845664061072
13,9,0.80,0.9860730288292331
13,9,0.85,0.9871282711780138
13,9,0.90,0.982654242875378
13,9,0.95,0.9859745492622769
14,0,0.05,0.8211606331992409
14,0,0.10,0.9555920403832215
14,0,0.15,0.9617025508102732
14,0,0.20,0.9707547261310181
14,0,0.25,0.9786140619388
14,0,0.30,0.9787181417224066
14,0,0.35,0.9822844954397505
14,0,0.40,0.9790836449895141
14,0,0.45,0.9852667932702383
14,0,0.50,0.9843298108160587
14,0,0.55,0.9869625961211943
14,0,0.60,0.9880016668228524
14,0,0.65,0.9864207951141303
14,0,0.70,0.9830698639830086
14,0,0.75,0.9865461533125413
14,0,0.80,0.9856128224025954
14,0,0.85,0.9885037445095509
14,0,0.90,0.9869068024289334
14,0,0.95,0.9883773448766264
14,1,0.05,0.8765036525502535
14,1,0.10,0.8625566950121594
14,1,0.15,0.9742316440730132
14,1,0.20,0.955021485151818
14,1,0.25,0.9811818775929244
14,1,0.30,0.9753143362355817
14,1,0.35,0.9853106733952879
14,1,0.40,0.9893027318645043
14,1,0.45,0.9849713069987751
14,1,0.50,0.9840179939779082
14,1,0.55,0.9843303602636589
14,1,0.60,0.9868053546641777
14,1,0.65,0.9863002078102581
14,1,0.70,0.9874872712164858
14,1,0.75,0.9901906424461483
14,1,0.80,0.9903804076640913
14,1,0.85,0.9884285728115123
14,1,0.90,0.98550806265256
14,1,0.95,0.9902910312718844
14,2,0.05,0.8324789501787485
14,2,0.10,0.905873079807826
14,2,0.15,0.9789639346471951
14,2,0.20,0.9542978038379337
14,2,0.25,0.975310931647305
14,2,0.30,0.9734732064948631
14,2,0.35,0.9857872059859027
14,2,0.40,0.9827552134183763
14,2,0.45,0.9858966728517701
14,2,0.50,0.984760015835213
14,2,0.55,0.9865209795922673
14,2,0.60,0.9879098940294182
14,2,0.65,0.9878310245701745
14,2,0.70,0.9878640754517786
14,2,0.75,0.9900508819220107
14,2,0.80,0.9886333976324176
14,2,0.85,0.9885949659492603
14,2,0.90,0.9891700523016098
14,2,0.95,0.989233011652069
14,3,0.05,0.8385983908856802
14,3,0.10,0.9166529233877968
14,3,0.15,0.9437992757258131
14,3,0.20,0.9741316495457781
14,3,0.25,0.980440716511634
14,3,0.30,0.978455505271673
14,3,0.35,0.9875430233403185
14,3,0.40,0.9785016419690875
14,3,0.45,0.9878501193667377
14,3,0.50,0.9883910489702936
14,3,0.55,0.9875597402515189
14,3,0.60,0.9886544592844874
14,3,0.65,0.988236279221123
14,3,0.70,0.9884705300402861
14,3,0.75,0.9877659364758901
14,3,0.80,0.9889882178860525
14,3,0.85,0.9904131740142347
14,3,0.90,0.985511711586356
14,3,0.95,0.9910742565514654
14,4,0.05,0.8671320000443017
14,4,0.10,0.9001097739154237
14,4,0.15,0.9230148622891158
14,4,0.20,0.9655161704736912
14,4,0.25,0.9733504156104554
14,4,0.30,0.971695639590481
14,4,0.35,0.9862987537334049
14,4,0.40,0.9816682391882441
14,4,0.45,0.9890854062532527
14,4,0.50,0.9828117746360726
14,4,0.55,0.9891923208441562
14,4,0.60,0.9863514724610384
14,4,0.65,0.9885088128484701
14,4,0.70,0.9872055645072179
14,4,0.75,0.9902288131995834
14,4,0.80,0.9857683531635832
14,4,0.85,0.9880093518118421
14,4,0.90,0.9867056226495673
14,4,0.95,0.98689190303728
14,5,0.05,0.7723500084244173
14,5,0.10,0.9254682118143744
14,5,0.15,0.9553953320759582
14,5,0.20,0.9621735657575448
14,5,0.25,0.9622519852802813
14,5,0.30,0.9799816180891431
14,5,0.35,0.9855831742251931
14,5,0.40,0.9868561147655861
14,5,0.45,0.9852142445132629
14,5,0.50,0.9812739809509301
14,5,0.55,0.988460741888751
14,5,0.60,0.9901821618114452
14,5,0.65,0.9874668917925933
14,5,0.70,0.9888042235299322
14,5,0.75,0.9856006075470124
14,5,0.80,0.9866455427148394
14,5,0.85,0.9889251966283319
14,5,0.90,0.9888203654342657
14,5,0.95,0.9877318324481664
14,6,0.05,0.8347974856193734
14,6,0.10,0.9422707517664002
14,6,0.15,0.9485101434095687
14,6,0.20,0.9548408775612374
14,6,0.25,0.9808679587576273
14,6,0.30,0.9784415246459227
14,6,0.35,0.9831655543997287
14,6,0.40,0.9870194591481362
14,6,0.45,0.9860534584682581
14,6,0.50,0.9861876514762898
14,6,0.55,0.990202294176044
14,6,0.60,0.9865361563841635
14,6,0.65,0.9874842414789415
14,6,0.70,0.9858484796794744
14,6,0.75,0.9865111800824906
14,6,0.80,0.9894548719911639
14,6,0.85,0.9896665338565231
14,6,0.90,0.9884453348680664
14,6,0.95,0.9873868054310987
14,7,0.05,0.8272387313458481
14,7,0.10,0.9174775467039397
14,7,0.15,0.9552854383877284
14,7,0.20,0.9721373164379882
14,7,0.25,0.9780374094157402
14,7,0.30,0.9853418739443536
14,7,0.35,0.984920893976235
14,7,0.40,0.9760873971370299
14,7,0.45,0.9847068505421891
14,7,0.50,0.9836560815900774
14,7,0.55,0.9863478503866965
14,7,0.60,0.9865998667592577
14,7,0.65,0.9895802799967927
14,7,0.70,0.9877197983100148
14,7,0.75,0.9897295861874806
14,7,0.80,0.9909233331863666
14,7,0.85,0.9899845587651894
14,7,0.90,0.9867481959123017
14,7,0.95,0.9861766191322513
14,8,0.05,0.7547710617777992
14,8,0.10,0.9021132869496266
14,8,0.15,0.9652074634390422
14,8,0.20,0.9637881412911782
14,8,0.25,0.9745462836049783
14,8,0.30,0.9810838516816685
14,8,0.35,0.985205806932642
14,8,0.40,0.9825265675373237
14,8,0.45,0.9858547769814564
14,8,0.50,0.9872860807132154
14,8,0.55,0.9889247707401729
14,8,0.60,0.9888989960061253
14,8,0.65,0.987153128356523
14,8,0.70,0.9879308706771214
14,8,0.75,0.9898623990718117
14,8,0.80,0.9875683685579453
14,8,0.85,0.9905131211586214
14,8,0.90,0.9905727224507915
14,8,0.95,0.989594476579049
14,9,0.05,0.85996137920833
14,9,0.10,0.942849950876985
14,9,0.15,0.9545180895176201
14,9,0.20,0.970682272408035
14,9,0.25,0.9768514043764833
14,9,0.30,0.9777446417981962
14,9,0.35,0.9808769605092922
14,9,0.40,0.9796924969627453
14,9,0.45,0.9809450917574463
14,9,0.50,0.9878625203503445
14,9,0.55,0.9845813147566478
14,9,0.60,0.9865553420325814
14,9,0.65,0.985259436588942
14,9,0.70,0.986796942303225
14,9,0.75,0.9911613861743477
14,9,0.80,0.9870050279153568
14,9,0.85,0.987983897144906
14,9,0.90,0.9881989212511151
14,9,0.95,0.9899426802885172
15,0,0.05,0.8355340573175418
15,0,0.10,0.9558019243517989
15,0,0.15,0.95439600144058
15,0,0.20,0.9765731400176786
15,0,0.25,0.9749725504633748
15,0,0.30,0.9838991308733211
15,0,0.35,0.9863722096806029
15,0,0.40,0.9779129167075066
15,0,0.45,0.9855058193071983
15,0,0.50,0.9865997400666047
15,0,0.55,0.9867842194542277
15,0,0.60,0.9894160697581947
15,0,0.65,0.9863533866472343
15,0,0.70,0.984900558066635
15,0,0.75,0.9876867528070267
15,0,0.80,0.9891628040672348
15,0,0.85,0.9889614832368698
15,0,0.90,0.9885742921772163
15,0,0.95,0.9899205410737859
15,1,0.05,0.8575555475056986
15,1,0.10,0.9135144068305142
15,1,0.15,0.9593489064755166
15,1,0.20,0.9715469615662132
15,1,0.25,0.9776808576027122
15,1,0.30,0.9769982929866098
15,1,0.35,0.9823580332722633
15,1,0.40,0.9833937810320017
15,1,0.45,0.9769155900221909
15,1,0.50,0.9869455307578874
15,1,0.55,0.9851267341845413
15,1,0.60,0.9877649977758307
15,1,0.65,0.9877188066822048
15,1,0.70,0.9879795894523061
15,1,0.75,0.9856913681959849
15,1,0.80,0.9879609753376387
15,1,0.85,0.9902257197780427
15,1,0.90,0.9888218509145148
15,1,0.95,0.9881652496848621
15,2,0.05,0.8954266589055945
15,2,0.10,0.8160089808228861
15,2,0.15,0.9578000307141761
15,2,0.20,0.9528983309673007
15,2,0.25,0.9685351560519287
15,2,0.30,0.9861025582769373
15,2,0.35,0.9883614644344382
15,2,0.40,0.9817580176597276
15,2,0.45,0.9805827418020827
15,2,0.50,0.978321643566616
15,2,0.55,0.9883597575449885
15,2,0.60,0.986433725355001
15,2,0.65,0.9896347673240525
15,2,0.70,0.9880280239089506
15,2,0.75,0.9885550490539082
15,2,0.80,0.9865434919391736
15,2,0.85,0.9859435163423179
15,2,0.90,0.9882875109311553
15,2,0.95,0.9860498407589114
15,3,0.05,0.8984472003274555
15,3,0.10,0.9257560790651095
15,3,0.15,0.9503299483960607
15,3,0.20,0.9744613260525293
15,3,0.25,0.9777680351282182
15,3,0.30,0.9804404176321878
15,3,0.35,0.9872385489843204
15,3,0.40,0.9879954534479088
15,3,0.45,0.9879738752370514
15,3,0.50,0.9851389285677749
15,3,0.55,0.9846063532697569
15,3,0.60,0.9862166888143953
15,3,0.65,0.9841074799285159
15,3,0.70,0.9894691138188115
15,3,0.75,0.986916895272596
15,3,0.80,0.9854751850260124
15,3,0.85,0.9907243167769075
15,3,0.90,0.9898006342247667
15,3,0.95,0.9893005598750184
15,4,0.05,0.9134441066642188
15,4,0.10,0.9260821499079712
15,4,0.15,0.9707551993009519
15,4,0.20,0.9744044761604757
15,4,0.25,0.9736846318691583
15,4,0.30,0.9764154378271768
15,4,0.35,0.9838800591891527
15,4,0.40,0.9822054008193317
15,4,0.45,0.9825590729089632
15,4,0.50,0.9847585095494701
15,4,0.55,0.9851405916551644
15,4,0.60,0.9869513225609543
15,4,0.65,0.9889698010238093
15,4,0.70,0.9889076659608094
15,4,0.75,0.9875192716641488
15,4,0.80,0.9876090608724057
15,4,0.85,0.9865740839022187
15,4,0.90,0.9905036048327182
15,4,0.95,0.9884598596503413
15,5,0.05,0.8902886003604897
15,5,0.10,0.9425663753741034
15,5,0.15,0.9649959537095506
15,5,0.20,0.979036162796924
15,5,0.25,0.9716340115809964
15,5,0.30,0.9830054309054256
15,5,0.35,0.9857550442127131
15,5,0.40,0.9817049073384577
15,5,0.45,0.9844083482990252
15,5,0.50,0.985454354020588
15,5,0.55,0.9766378087323571
15,5,0.60,0.9856321524873158
15,5,0.65,0.986197113519187
15,5,0.70,0.9858965710391923
15,5,0.75,0.9852176973618666
15,5,0.80,0.9893733105750686
15,5,0.85,0.9892379442290647
15,5,0.90,0.9876762544746746
15,5,0.95,0.9848913246264562
15,6,0.05,0.8893165126136503
15,6,0.10,0.9388776806980156
15,6,0.15,0.9626616366453213
15,6,0.20,0.9703022779159658
15,6,0.25,0.9795230805662049
15,6,0.30,0.9786075099552869
15,6,0.35,0.9830209516117638
15,6,0.40,0.9853471647177725
15,6,0.45,0.9862379256456406
15,6,0.50,0.9883933874186356
15,6,0.55,0.9854487586076343
15,6,0.60,0.9864747236020931
15,6,0.65,0.9896213329837792
15,6,0.70,0.9868282419754252
15,6,0.75,0.9904428460864819
15,6,0.80,0.988622418835901
15,6,0.85,0.9909476735167472
15,6,0.90,0.9882650431136792
15,6,0.95,0.9905719915236463
15,7,0.05,0.8116103488921315
15,7,0.10,0.9479715700302659
15,7,0.15,0.9744252722292184
15,7,0.20,0.9812270291649129
15,7,0.25,0.979534108573915
15,7,0.30,0.9586813531211408
15,7,0.35,0.9839483843484353
15,7,0.40,0.9815470761630062
15,7,0.45,0.983580530522958
15,7,0.50,0.9845207619083854
15,7,0.55,0.9857685004876507
15,7,0.60,0.9812266835414677
15,7,0.65,0.9900903714399236
15,7,0.70,0.9905783263860094
15,7,0.75,0.9880451557557655
15,7,0.80,0.99048853586619
15,7,0.85,0.9885723539017905
15,7,0.90,0.9880576471951832
15,7,0.95,0.9888686099297752
15,8,0.05,0.7052282213900256
15,8,0.10,0.8019635305178703
15,8,0.15,0.9464559992076206
15,8,0.20,0.9688748201676992
15,8,0.25,0.9713223403200386
15,8,0.30,0.9743168225274794
15,8,0.35,0.9851836410392343
15,8,0.40,0.9868493265994124
15,8,0.45,0.9854725251246667
15,8,0.50,0.9798416449875976
15,8,0.55,0.9857077884358643
15,8,0.60,0.9877293071633602
15,8,0.65,0.9899710625717898
15,8,0.70,0.9901293257285075
15,8,0.75,0.9893406335001356
15,8,0.80,0.9871843535557715
15,8,0.85,0.9836920299451403
15,8,0.90,0.9893818437352416
15,8,0.95,0.9888052036039219
15,9,0.05,0.9012869023777055
15,9,0.10,0.9483034133365889
15,9,0.15,0.8910736594537826
15,9,0.20,0.974908002714204
15,9,0.25,0.9812280454939859
15,9,0.30,0.9843692219104068
15,9,0.35,0.9812269932678526
15,9,0.40,0.9860134135833583
15,9,0.45,0.9828512034714139
15,9,0.50,0.9851618668265724
15,9,0.55,0.9879604203118957
15,9,0.60,0.9887683038916517
15,9,0.65,0.9899983031802575
15,9,0.70,0.9880460173260323
15,9,0.75,0.9838756045977862
15,9,0.80,0.98712566964949
15,9,0.85,0.9890859580800786
15,9,0.90,0.9889575454626967
15,9,0.95,0.9850344838505223
16,0,0.05,0.8511565297932233
16,0,0.10,0.928348163509112
16,0,0.15,0.9500508815307926
16,0,0.20,0.9622279336709834
16,0,0.25,0.9821619977626617
16,0,0.30,0.9804010086279829
16,0,0.35,0.9845237338899369
16,0,0.40,0.9722348968504934
16,0,0.45,0.9799859740472892
16,0,0.50,0.989906254069862
16,0,0.55,0.9903449897338025
16,0,0.60,0.9869193068461067
16,0,0.65,0.9912437533849652
16,0,0.70,0.9888188332581135
16,0,0.75,0.9858243976509755
16,0,0.80,0.989395610068279
16,0,0.85,0.989983980574439
16,0,0.90,0.9892764853003368
16,0,0.95,0.9893455869912762
16,1,0.05,0.8898774114450022
16,1,0.10,0.9313002998669282
16,1,0.15,0.9748454882558768
16,1,0.20,0.9655267099744711
16,1,0.25,0.9709504598127318
16,1,0.30,0.9710213067127169
16,1,0.35,0.9720147180037934
16,1,0.40,0.9879831999160207
16,1,0.45,0.9870991810610537
16,1,0.50,0.9884317164331377
16,1,0.55,0.9885699865745022
16,1,0.60,0.9863084843393289
16,1,0.65,0.9890655627948971
16,1,0.70,0.9904200543805102
16,1,0.75,0.9872642220664715
16,1,0.80,0.9914536500448765
16,1,0.85,0.9893874143612008
16,1,0.90,0.986828398718895
16,1,0.95,0.9860309367973678
16,2,0.05,0.9082651713139944
16,2,0.10,0.9568385521640179
16,2,0.15,0.9685469706510461
16,2,0.20,0.9758292905394147
16,2,0.25,0.9830343814043477
16,2,0.30,0.9862902702086398
16,2,0.35,0.9838957396012185
16,2,0.40,0.9844505486514264
16,2,0.45,0.9838429930973601
16,2,0.50,0.9903182868644607
16,2,0.55,0.9903994118276446
16,2,0.60,0.9913662046873194
16,2,0.65,0.9896313652163342
16,2,0.70,0.9903307908266822
16,2,0.75,0.9877980950699156
16,2,0.80,0.9865932837332432
16,2,0.85,0.9863607420340439
16,2,0.90,0.9890535335343742
16,2,0.95,0.9853918315622688
16,3,0.05,0.8925248364148317
16,3,0.10,0.9121272199101931
16,3,0.15,0.9575745530107541
16,3,0.20,0.9733359021659523
16,3,0.25,0.9636084758014363
16,3,0.30,0.9746434093705594
16,3,0.35,0.9806026237832302
16,3,0.40,0.9748278262464549
16,3,0.45,0.9872044797911455
16,3,0.50,0.9836390653465094
16,3,0.55,0.9906283350050679
16,3,0.60,0.9850640720375767
16,3,0.65,0.9862400180279576
16,3,0.70,0.9896491869823508
16,3,0.75,0.9829342524452566
16,3,0.80,0.9882866245487955
16,3,0.85,0.9903173417099934
16,3,0.90,0.9880077744083501
16,3,0.95,0.98844914570108
16,4,0.05,0.9330247574141679
16,4,0.10,0.9359686755353962
16,4,0.15,0.9481354271534662
16,4,0.20,0.9557538458575239
16,4,0.25,0.9809721822993431
16,4,0.30,0.9821144653810046
16,4,0.35,0.9781618357800358
16,4,0.40,0.9848226477001802
16,4,0.45,0.9830798120790761
16,4,0.50,0.985659608655942
16,4,0.55,0.9843834311632184
16,4,0.60,0.9874086417244
16,4,0.65,0.989284191166283
16,4,0.70,0.9895662858730432
16,4,0.75,0.9879596493144837
16,4,0.80,0.9870639571581694
16,4,0.85,0.9858469103497383
16,4,0.90,0.983740705609577
16,4,0.95,0.988610347029027
16,5,0.05,0.9137722919199854
16,5,0.10,0.9345115182721041
16,5,0.15,0.9726804004704976
16,5,0.20,0.9440691709694227
16,5,0.25,0.9795915988838688
16,5,0.30,0.9822992863315004
16,5,0.35,0.9790085030851975
16,5,0.40,0.9827916521165996
16,5,0.45,0.9791662423835082
16,5,0.50,0.9862234005602882
16,5,0.55,0.987529297404446
16,5,0.60,0.9882463141082504
16,5,0.65,0.9912341726113719
16,5,0.70,0.9881602940561417
16,5,0.75,0.9885168412759586
16,5,0.80,0.9872617817845561
16,5,0.85,0.9867596948678139
16,5,0.90,0.9899425576974972
16,5,0.95,0.9889250015757768
16,6,0.05,0.878649693588542
16,6,0.10,0.9506948891899057
16,6,0.15,0.9505345294999876
16,6,0.20,0.9500710586795924
16,6,0.25,0.9645851735856019
16,6,0.30,0.9807691522043037
16,6,0.35,0.9821977568282905
16,6,0.40,0.9863573892918632
16,6,0.45,0.9866524670999651
16,6,0.50,0.9897052889193657
16,6,0.55,0.9902007488511848
16,6,0.60,0.9873588938257527
16,6,0.65,0.9889882874702774
16,6,0.70,0.9893927161973662
16,6,0.75,0.9874354052116896
16,6,0.80,0.9865445685003474
16,6,0.85,0.9876371176283067
16,6,0.90,0.9883050465778109
16,6,0.95,0.9877855702323837
16,7,0.05,0.9094795039838676
16,7,0.10,0.9258782730411643
16,7,0.15,0.9698909882864214
16,7,0.20,0.9655775330476701
16,7,0.25,0.9575557022003998
16,7,0.30,0.9719799687614687
16,7,0.35,0.9809478243067806
16,7,0.40,0.9865698919320903
16,7,0.45,0.9872161754050001
16,7,0.50,0.9866527928651827
16,7,0.55,0.9880742062578177
16,7,0.60,0.9883288568011236
16,7,0.65,0.9897940473072311
16,7,0.70,0.9920189542968211
16,7,0.75,0.9874469712695478
16,7,0.80,0.9875156037892222
16,7,0.85,0.9880079777434025
16,7,0.90,0.9890540483968839
16,7,0.95,0.987882541268607
16,8,0.05,0.9141612921176807
16,8,0.10,0.8937438412220379
16,8,0.15,0.9550762264867163
16,8,0.20,0.9444787706292228
16,8,0.25,0.9624932930533852
16,8,0.30,0.9706569513263609
16,8,0.35,0.9808134850047019
16,8,0.40,0.9856719543030572
16,8,0.45,0.9886401339676422
16,8,0.50,0.9897072085412089
16,8,0.55,0.988321444824481
16,8,0.60,0.9883745489507066
16,8,0.65,0.988920249337669
16,8,0.70,0.9884994028543075
16,8,0.75,0.9883691267115348
16,8,0.80,0.9881856954520576
16,8,0.85,0.9873414704187506
16,8,0.90,0.9865783269790592
16,8,0.95,0.9887540762394782
16,9,0.05,0.9095106738101686
16,9,0.10,0.9466234849452291
16,9,0.15,0.9409214039119894
16,9,0.20,0.9694170350967714
16,9,0.25,0.9736596537284093
16,9,0.30,0.9766335764315313
16,9,0.35,0.98733497446886
16,9,0.40,0.9710917495869817
16,9,0.45,0.9878476005858376
16,9,0.50,0.9868796152619662
16,9,0.55,0.9874113951887025
16,9,0.60,0.9852253095070567
16,9,0.65,0.9862954478060952
16,9,0.70,0.9879016615470716
16,9,0.75,0.9920358462169668
16,9,0.80,0.9881442097436914
16,9,0.85,0.9866204443550324
16,9,0.90,0.9881889254389825
16,9,0.95,0.9908377218420114
17,0,0.05,0.9244081631582692
17,0,0.10,0.9343499933539526
17,0,0.15,0.9513563764685521
17,0,0.20,0.9701841305217641
17,0,0.25,0.9695247117235286
17,0,0.30,0.9720548882807009
17,0,0.35,0.9870744287168617
17,0,0.40,0.9822237005879606
17,0,0.45,0.9715878015878949
17,0,0.50,0.9820831793354415
17,0,0.55,0.9878002079370879
17,0,0.60,0.9869646926305292
17,0,0.65,0.9875206794833541
17,0,0.70,0.9856549858983884
17,0,0.75,0.98642416878057
17,0,0.80,0.9877331516501949
17,0,0.85,0.9874824349761402
17,0,0.90,0.9870096812790753
17,0,0.95,0.986115157218425
17,1,0.05,0.8564234508774142
17,1,0.10,0.9063917681906201
17,1,0.15,0.9618775021841193
17,1,0.20,0.9743827899221439
17,1,0.25,0.9725316258874502
17,1,0.30,0.9758024397772337
17,1,0.35,0.9788911789983001
17,1,0.40,0.981219966585139
17,1,0.45,0.9881951185153721
17,1,0.50,0.9822962522777612
17,1,0.55,0.9871297856572772
17,1,0.60,0.9855018219268571
17,1,0.65,0.9854070276113853
17,1,0.70,0.9845298361469187
17,1,0.75,0.9876467664219685
17,1,0.80,0.9876232985844936
17,1,0.85,0.9875279560291371
17,1,0.90,0.9836967984744579
17,1,0.95,0.9880678464166631
17,2,0.05,0.7836035640008776
17,2,0.10,0.949562857722791
17,2,0.15,0.9622814078625417
17,2,0.20,0.9741349616202167
17,2,0.25,0.9830007119239567
17,2,0.30,0.9747743178281346
17,2,0.35,0.9862028123755736
17,2,0.40,0.9844359031805259
17,2,0.45,0.9888900969821098
17,2,0.50,0.9874878606153954
17,2,0.55,0.9887616831632308
17,2,0.60,0.9822397936489875
17,2,0.65,0.989207604361441
17,2,0.70,0.9878048447654943
17,2,0.75,0.9877419553124452
17,2,0.80,0.9878780313767009
17,2,0.85,0.9894181968258601
17,2,0.90,0.9887838491534767
17,2,0.95,0.9886618593901215
17,3,0.05,0.8675752872030564
17,3,0.10,0.9136975972000705
17,3,0.15,0.9567238215317692
17,3,0.20,0.9609231775394683
17,3,0.25,0.9658283559893434
17,3,0.30,0.9708171338618897
17,3,0.35,0.9814857924369057
17,3,0.40,0.9794167623438059
17,3,0.45,0.97954019304707
17,3,0.50,0.9765665873381627
17,3,0.55,0.9834406563284891
17,3,0.60,0.9830888968302202
17,3,0.65,0.9862858602865902
17,3,0.70,0.9877224598998381
17,3,0.75,0.9904275047424015
17,3,0.80,0.9868153285751511
17,3,0.85,0.9900350085980371
17,3,0.90,0.9886768682592011
17,3,0.95,0.9918779825763279
17,4,0.05,0.8166478750539661
17,4,0.10,0.8899396957595751
17,4,0.15,0.9630641915136816
17,4,0.20,0.9531566497738047
17,4,0.25,0.9683136981737798
17,4,0.30,0.9771552166313392
17,4,0.35,0.9726878550075947
17,4,0.40,0.9831847106173972
17,4,0.45,0.9841930402413599
17,4,0.50,0.9886866428461444
17,4,0.55,0.98534572257653
17,4,0.60,0.9858664668172596
17,4,0.65,0.9872427531599973
17,4,0.70,0.9903346751618547
17,4,0.75,0.987298019568281
17,4,0.80,0.9913981250059467
17,4,0.85,0.989397183055959
17,4,0.90,0.9900211122707337
17,4,0.95,0.9872803409274451
17,5,0.05,0.7516544222173231
17,5,0.10,0.9131769366986877
17,5,0.15,0.9634609344328825
17,5,0.20,0.9574858678397774
17,5,0.25,0.9807146941036019
17,5,0.30,0.9850784723254559
17,5,0.35,0.9813937310887507
17,5,0.40,0.9841545837633676
17,5,0.45,0.9862188494881726
17,5,0.50,0.9837922320710617
17,5,0.55,0.9845695644450266
17,5,0.60,0.9858377340548944
17,5,0.65,0.9862139634093549
17,5,0.70,0.9881265916777925
17,5,0.75,0.9892919484941636
17,5,0.80,0.9897346715997646
17,5,0.85,0.9850027358087579
17,5,0.90,0.989209455494123
17,5,0.95,0.9886235502357167
17,6,0.05,0.7827982629898838
17,6,0.10,0.9412262484091105
17,6,0.15,0.9529016126574396
17,6,0.20,0.9726259326293466
17,6,0.25,0.9767092298577636
17,6,0.30,0.9796193577618522
17,6,0.35,0.982334647026811
17,6,0.40,0.9769025017212591
17,6,0.45,0.987474143606137
17,6,0.50,0.9782382086029304
17,6,0.55,0.9891286630742903
17,6,0.60,0.9851126151823733
17,6,0.65,0.9878727178322928
17,6,0.70,0.9854361464221587
17,6,0.75,0.9881902869457818
17,6,0.80,0.986990585937149
17,6,0.85,0.9870788812389159
17,6,0.90,0.9886212234890677
17,6,0.95,0.9882661778573631
17,7,0.05,0.8232273132016552
17,7,0.10,0.833830974894318
17,7,0.15,0.9467055513851317
17,7,0.20,0.9730659392787468
17,7,0.25,0.9633971550111304
17,7,0.30,0.9791707980662371
17,7,0.35,0.9723637717202661
17,7,0.40,0.9868990928025908
17,7,0.45,0.9852629726931925
17,7,0.50,0.9858825054474207
17,7,0.55,0.9856545199695382
17,7,0.60,0.9895131921668948
17,7,0.65,0.9857399383106018
17,7,0.70,0.9873017124464797
17,7,0.75,0.9885514813939753
17,7,0.80,0.9845093331781549
17,7,0.85,0.9892527311010355
17,7,0.90,0.990052225755218
17,7,0.95,0.9849361273856391
17,8,0.05,0.8865705692818875
17,8,0.10,0.890483812400624
17,8,0.15,0.9736828326958508
17,8,0.20,0.9249478885967181
17,8,0.25,0.9567532271905367
17,8,0.30,0.9848278088652602
17,8,0.35,0.9774898633121717
17,8,0.40,0.9788682236099423
17,8,0.45,0.9819369071146432
17,8,0.50,0.984017013695123
17,8,0.55,0.9855305830689037
17,8,0.60,0.9899673556588183
17,8,0.65,0.9882080270611785
17,8,0.70,0.9861971680088536
17,8,0.75,0.9891681552640882
17,8,0.80,0.9906240506420219
17,8,0.85,0.9886123262237374
17,8,0.90,0.9890957356886438
17,8,0.95,0.9858264612039083
17,9,0.05,0.736106591093892
17,9,0.10,0.9506556586771788
17,9,0.15,0.9503686478278511
17,9,0.20,0.9772962451691861
17,9,0.25,0.9773586884400927
17,9,0.30,0.9695531014029923
17,9,0.35,0.9814440844677366
17,9,0.40,0.9858272833674626
17,9,0.45,0.9873947290814572
17,9,0.50,0.98545712536357
17,9,0.55,0.9848169689850077
17,9,0.60,0.9860500119191999
17,9,0.65,0.9860499358263881
17,9,0.70,0.9901207428291611
17,9,0.75,0.9872096761143405
17,9,0.80,0.989080121250952
17,9,0.85,0.9865946210234862
17,9,0.90,0.9887229189788378
17,9,0.95,0.9892984150143518
18,0,0.05,0.7900470728444655
18,0,0.10,0.9180617668430179
18,0,0.15,0.9751159971514717
18,0,0.20,0.9491827432194281
18,0,0.25,0.9788791703447534
18,0,0.30,0.9825764719132788
18,0,0.35,0.9875242460617792
18,0,0.40,0.9809214526109196
18,0,0.45,0.987683387506997
18,0,0.50,0.9886491149081698
18,0,0.55,0.9855332587786073
18,0,0.60,0.9911039735736645
18,0,0.65,0.9899815100016619
18,0,0.70,0.9863797421061387
18,0,0.75,0.9865873591040691
18,0,0.80,0.9855062375643133
18,0,0.85,0.9878201359142988
18,0,0.90,0.9876814659098408
18,0,0.95,0.9874003796875208
18,1,0.05,0.9658245437231483
18,1,0.10,0.9634821819488223
18,1,0.15,0.965062962458909
18,1,0.20,0.9579108275272824
18,1,0.25,0.9803732326900453
18,1,0.30,0.9841399814129662
18,1,0.35,0.9852014871901965
18,1,0.40,0.9870762380480538
18,1,0.45,0.9859790279903398
18,1,0.50,0.986349402815476
18,1,0.55,0.9863432608388712
18,1,0.60,0.9884559437213931
18,1,0.65,0.988017109519567
18,1,0.70,0.9860122874004039
18,1,0.75,0.9871245263212757
18,1,0.80,0.9862072113159165
18,1,0.85,0.985923143225225
18,1,0.90,0.987638702185331
18,1,0.95,0.9878329045100369
18,2,0.05,0.7826131517266415
18,2,0.10,0.9323690804277087
18,2,0.15,0.9634456412591228
18,2,0.20,0.9687243882449829
18,2,0.25,0.9766884136450089
18,2,0.30,0.9835590490200902
18,2,0.35,0.9808594763339507
18,2,0.40,0.983864807898623
18,2,0.45,0.9832804947533644
18,2,0.50,0.9876862531487758
18,2,0.55,0.9867696604073278
18,2,0.60,0.9875495793233856
18,2,0.65,0.989854418282907
18,2,0.70,0.9881636751074161
18,2,0.75,0.988638071761289
18,2,0.80,0.9876019502364819
18,2,0.85,0.9884895567943316
18,2,0.90,0.9883468402661639
18,2,0.95,0.9878427431955578
18,3,0.05,0.9187057176475276
18,3,0.10,0.8726846750235856
18,3,0.15,0.942318185602112
18,3,0.20,0.9669676854960945
18,3,0.25,0.9682048544186692
18,3,0.30,0.9859675994027328
18,3,0.35,0.9813206748075708
18,3,0.40,0.9829679426239784
18,3,0.45,0.9807277782363193
18,3,0.50,0.9874955662761321
18,3,0.55,0.9879042156924748
18,3,0.60,0.98518736184564
18,3,0.65,0.9900334873690636
18,3,0.70,0.9866377292126918
18,3,0.75,0.9883684204125357
18,3,0.80,0.9874251614793859
18,3,0.85,0.990152082345265
18,3,0.90,0.9910818455990573
18,3,0.95,0.9893270263241492
18,4,0.05,0.8605187910051875
18,4,0.10,0.7920480521028532
18,4,0.15,0.9730765529051177
18,4,0.20,0.9788776553972685
18,4,0.25,0.9799052482101608
18,4,0.30,0.9809554656717117
18,4,0.35,0.9846983907145921
18,4,0.40,0.9863421786743324
18,4,0.45,0.9856041832388553
18,4,0.50,0.9915400432330199
18,4,0.55,0.9887747128192734
18,4,0.60,0.9884473427468147
18,4,0.65,0.990795139406441
18,4,0.70,0.9891897532283047
18,4,0.75,0.9890183735273225
18,4,0.80,0.9873718228720347
18,4,0.85,0.9893630421504503
18,4,0.90,0.9902674506483603
18,4,0.95,0.9865023799285195
18,5,0.05,0.8945586143803187
18,5,0.10,0.9679973640993395
18,5,0.15,0.9581254729371179
18,5,0.20,0.9561812386914171
18,5,0.25,0.9732209058341859
18,5,0.30,0.9860273135099175
18,5,0.35,0.9829193409623282
18,5,0.40,0.9810060272823932
18,5,0.45,0.9863297751848068
18,5,0.50,0.9879293647676283
18,5,0.55,0.9880861233556179
18,5,0.60,0.9909576116236942
18,5,0.65,0.9862574447361188
18,5,0.70,0.9891388543029714
18,5,0.75,0.984823487182728
18,5,0.80,0.9883574284711342
18,5,0.85,0.986786117712888
18,5,0.90,0.987987431614693
18,5,0.95,0.9894718989287004
18,6,0.05,0.8703761067331202
18,6,0.10,0.9312053528764531
18,6,0.15,0.9677816528179183
18,6,0.20,0.9684659838661813
18,6,0.25,0.9756196355746314
18,6,0.30,0.9766585056144677
18,6,0.35,0.9895061762957329
18,6,0.40,0.9833064161518364
18,6,0.45,0.9848465732459087
18,6,0.50,0.9860096620013459
18,6,0.55,0.9897048667043259
18,6,0.60,0.9866848277058574
18,6,0.65,0.9895757931091194
18,6,0.70,0.988864296222966
18,6,0.75,0.988872990873365
18,6,0.80,0.9894630846782229
18,6,0.85,0.9876951952892391
18,6,0.90,0.987414268623827
18,6,0.95,0.9885526760141712
18,7,0.05,0.9051994863007634
18,7,0.10,0.9320166412113312
18,7,0.15,0.9620631079126292
18,7,0.20,0.9745921818694508
18,7,0.25,0.978752267228367
18,7,0.30,0.9858637463144537
18,7,0.35,0.9860646628443872
18,7,0.40,0.9852724734874755
18,7,0.45,0.9851614315427278
18,7,0.50,0.9891476503418791
18,7,0.55,0.9868206037792765
18,7,0.60,0.9922438676889541
18,7,0.65,0.9860432861606858
18,7,0.70,0.9880732772931224
18,7,0.75,0.9898937298353966
18,7,0.80,0.9859488622588647
18,7,0.85,0.9880556276380513
18,7,0.90,0.987926070244869
18,7,0.95,0.9878803321298407
18,8,0.05,0.908157463873059
18,8,0.10,0.8277927422830705
18,8,0.15,0.9589364110038539
18,8,0.20,0.9563173203918756
18,8,0.25,0.9785145739791321
18,8,0.30,0.9801814366074649
18,8,0.35,0.9809672011614298
18,8,0.40,0.988474556403477
18,8,0.45,0.9876596448543783
18,8,0.50,0.9876335578278348
18,8,0.55,0.9838658434711272
18,8,0.60,0.9862421446666998
18,8,0.65,0.9864894540581247
18,8,0.70,0.9885896023876484
18,8,0.75,0.9911323584635044
18,8,0.80,0.9881288623252044
18,8,0.85,0.9875222139217722
18,8,0.90,0.9889541682884759
18,8,0.95,0.9900772128491997
18,9,0.05,0.9136210374293946
18,9,0.10,0.9484099066151706
18,9,0.15,0.9319046345952928
18,9,0.20,0.9581597181308986
18,9,0.25,0.9775105244171848
18,9,0.30,0.9755020901877938
18,9,0.35,0.9875815371856266
18,9,0.40,0.9829151688535112
18,9,0.45,0.9847681378544075
18,9,0.50,0.9876744943073208
18,9,0.55,0.985394756088769
18,9,0.60,0.9885638074366042
18,9,0.65,0.9838997540777388
18,9,0.70,0.9888222137279006
18,9,0.75,0.9897270163538396
18,9,0.80,0.9885739801189624
18,9,0.85,0.9899506149006714
18,9,0.90,0.9902859355718568
18,9,0.95,0.9884640598965616
19,0,0.05,0.8898081619195959
19,0,0.10,0.9408629534407941
19,0,0.15,0.96115484414781
19,0,0.20,0.9694142097832621
19,0,0.25,0.9682851665560328
19,0,0.30,0.9882545113066147
19,0,0.35,0.9872000413834476
19,0,0.40,0.9810264816847819
19,0,0.45,0.9798955385047611
19,0,0.50,0.9860592465864273
19,0,0.55,0.9874958743427004
19,0,0.60,0.9841168425264335
19,0,0.65,0.9877602047459472
19,0,0.70,0.9864694958214136
19,0,0.75,0.9868394943316905
19,0,0.80,0.9875367771543828
19,0,0.85,0.9853032774917424
19,0,0.90,0.9898954501576501
19,0,0.95,0.987826432286598
19,1,0.05,0.9619433257490826
19,1,0.10,0.9201005037293694
19,1,0.15,0.9664090752358442
19,1,0.20,0.982315210420556
19,1,0.25,0.9763297625848608
19,1,0.30,0.9795797201680008
19,1,0.35,0.9884725214833674
19,1,0.40,0.9808606208600149
19,1,0.45,0.9856336160126059
19,1,0.50,0.9833289642544318
19,1,0.55,0.985872597525601
19,1,0.60,0.9895186917059113
19,1,0.65,0.9881076610399727
19,1,0.70,0.9890563888932185
19,1,0.75,0.9919467289185561
19,1,0.80,0.9895969620712964
19,1,0.85,0.9852602227085167
19,1,0.90,0.9877585697135871
19,1,0.95,0.9892161459946935
19,2,0.05,0.773819995288241
19,2,0.10,0.895432132271778
19,2,0.15,0.9609707877037372
19,2,0.20,0.9425259570642722
19,2,0.25,0.9409106741203255
19,2,0.30,0.9830848751924202
19,2,0.35,0.9715917310589277
19,2,0.40,0.9835939147607352
19,2,0.45,0.9820958443671309
19,2,0.50,0.9830323748059997
19,2,0.55,0.9848012106056256
19,2,0.60,0.9871930084296439
19,2,0.65,0.9884849489151104
19,2,0.70,0.9882195313963811
19,2,0.75,0.9870610644861778
19,2,0.80,0.9890213684831389
19,2,0.85,0.986651038598567
19,2,0.90,0.9866143069910304
19,2,0.95,0.9894865137218499
19,3,0.05,0.83508614220672
19,3,0.10,0.9382219200048124
19,3,0.15,0.978377033102931
19,3,0.20,0.9779405755294988
19,3,0.25,0.9818324894595198
19,3,0.30,0.9829357368931999
19,3,0.35,0.9824777306227422
19,3,0.40,0.9812264780329071
19,3,0.45,0.9871735101320518
19,3,0.50,0.984349823164198
19,3,0.55,0.9882669857067811
19,3,0.60,0.9908557157193502
19,3,0.65,0.9904118371758929
19,3,0.70,0.9866984438053418
19,3,0.75,0.9875338266430936
19,3,0.80,0.9907721118611328
19,3,0.85,0.9880329370877866
19,3,0.90,0.9863204423792854
19,3,0.95,0.9889874404089505
19,4,0.05,0.8632473242079222
19,4,0.10,0.9220148675273574
19,4,0.15,0.9583865437481086
19,4,0.20,0.9790917133228865
19,4,0.25,0.9738868458378722
19,4,0.30,0.9840774033808786
19,4,0.35,0.9859647499964438
19,4,0.40,0.9836181491732154
19,4,0.45,0.9796709433752333
19,4,0.50,0.9872835121121151
19,4,0.55,0.9869620284960713
19,4,0.60,0.9851262383420458
19,4,0.65,0.9887747634502833
19,4,0.70,0.9877780316299816
19,4,0.75,0.9873731744382578
19,4,0.80,0.9866837775862057
19,4,0.85,0.9849111477283781
19,4,0.90,0.9894213186209864
19,4,0.95,0.9902118526675813
19,5,0.05,0.9356141765363901
19,5,0.10,0.9440567859115098
19,5,0.15,0.9658309192710162
19,5,0.20,0.9737924918214055
19,5,0.25,0.9722440309915914
19,5,0.30,0.981246219736119
19,5,0.35,0.9817431778283497
19,5,0.40,0.9854418218392157
19,5,0.45,0.9862139031826643
19,5,0.50,0.9850948756983476
19,5,0.55,0.9866993363943372
19,5,0.60,0.9902895884793759
19,5,0.65,0.9890098155587613
19,5,0.70,0.9888555623325609
19,5,0.75,0.986992405009955
19,5,0.80,0.9872620487664365
19,5,0.85,0.9889153498077781
19,5,0.90,0.9867496647353113
19,5,0.95,0.9893282794875657
19,6,0.05,0.888696294007959
19,6,0.10,0.95231170368997
19,6,0.15,0.9683082143141823
19,6,0.20,0.9619414566755929
19,6,0.25,0.9616269539150893
19,6,0.30,0.9618745813653368
19,6,0.35,0.9809892715363884
19,6,0.40,0.9877155316813049
19,6,0.45,0.9868193720004848
19,6,0.50,0.9874864555649998
19,6,0.55,0.9882175952392511
19,6,0.60,0.9818557281010781
19,6,0.65,0.9861412613606265
19,6,0.70,0.9883134410590204
19,6,0.75,0.9859088185812747
19,6,0.80,0.9901706683758603
19,6,0.85,0.9883791734777877
19,6,0.90,0.9877124523022373
19,6,0.95,0.9880305812973235
19,7,0.05,0.8880327278166296
19,7,0.10,0.9412366142626605
19,7,0.15,0.9702979670610649
19,7,0.20,0.9821992772138267
19,7,0.25,0.9792581150935193
19,7,0.30,0.9749100654815037
19,7,0.35,0.9757440793681388
19,7,0.40,0.981317741082568
19,7,0.45,0.9834820526599407
19,7,0.50,0.9872044796326195
19,7,0.55,0.9822434781016455
19,7,0.60,0.9879023803234815
19,7,0.65,0.9894019065428735
19,7,0.70,0.9874066179746234
19,7,0.75,0.986600854484937
19,7,0.80,0.9884308666120756
19,7,0.85,0.9860461470311324
19,7,0.90,0.9893700982004352
19,7,0.95,0.9862831307570218
19,8,0.05,0.90116326206363
19,8,0.10,0.9306342316294074
19,8,0.15,0.9646347401498379
19,8,0.20,0.9659442639167756
19,8,0.25,0.9788412237849738
19,8,0.30,0.9598123206970702
19,8,0.35,0.9824826044933387
19,8,0.40,0.9835059799928207
19,8,0.45,0.9845506849029062
19,8,0.50,0.9852276147195743
19,8,0.55,0.9841362340391133
19,8,0.60,0.9866634688538085
19,8,0.65,0.9837520794735153
19,8,0.70,0.9878669714299118
19,8,0.75,0.9861641202350518
19,8,0.80,0.986175797932352
19,8,0.85,0.9887352469386887
19,8,0.90,0.9899847401852894
19,8,0.95,0.9903586573750647
19,9,0.05,0.8894366745004325
19,9,0.10,0.9321524958415355
19,9,0.15,0.9478158943492736
19,9,0.20,0.9611489679825498
19,9,0.25,0.9821357830084725
19,9,0.30,0.980290867311169
19,9,0.35,0.9852514898392896
19,9,0.40,0.981624884629616
19,9,0.45,0.9853862356894656
19,9,0.50,0.9860769522358893
19,9,0.55,0.9890352759464921
19,9,0.60,0.9877370731779379
19,9,0.65,0.9857229768355141
19,9,0.70,0.9866938987772853
19,9,0.75,0.9861226931881433
19,9,0.80,0.9877378779553722
19,9,0.85,0.9874610969345615
19,9,0.90,0.9898030088849386
19,9,0.95,0.9844139812367445
20,0,0.05,0.9037723278083616
20,0,0.10,0.8734985251121299
20,0,0.15,0.9538808640629054
20,0,0.20,0.9666945172062952
20,0,0.25,0.9728000320300401
20,0,0.30,0.974588193312337
20,0,0.35,0.9858340911013841
20,0,0.40,0.9839517865097486
20,0,0.45,0.9849724921227485
20,0,0.50,0.9880205398805786
20,0,0.55,0.9881676918364478
20,0,0.60,0.9876591007946334
20,0,0.65,0.987593019641883
20,0,0.70,0.9840626924399591
20,0,0.75,0.9850701688991872
20,0,0.80,0.9879302818416851
20,0,0.85,0.9878427548060836
20,0,0.90,0.9886738331283811
20,0,0.95,0.989509599886919
20,1,0.05,0.9055309150585805
20,1,0.10,0.8509663655992455
20,1,0.15,0.8268198449386259
20,1,0.20,0.9743530211291767
20,1,0.25,0.9647242750566115
20,1,0.30,0.9724090199083429
20,1,0.35,0.9842333391356597
20,1,0.40,0.9873413370032726
20,1,0.45,0.9867424076046101
20,1,0.50,0.9870389405029881
20,1,0.55,0.988802520044904
20,1,0.60,0.9918581853787066
20,1,0.65,0.9866860137246956
20,1,0.70,0.9897906458230165
20,1,0.75,0.9892226814938534
20,1,0.80,0.9859739413959951
20,1,0.85,0.9872175519465277
20,1,0.90,0.9871095823028221
20,1,0.95,0.9881758878813299
20,2,0.05,0.9050622779956117
20,2,0.10,0.9462870740235207
20,2,0.15,0.9517544696841098
20,2,0.20,0.9663846994440637
20,2,0.25,0.9811397059885195
20,2,0.30,0.9804087454615972
20,2,0.35,0.9803545359583418
20,2,0.40,0.9811488803666589
20,2,0.45,0.9816119188844608
20,2,0.50,0.9848860081765898
20,2,0.55,0.9901393672562981
20,2,0.60,0.9846901430120176
20,2,0.65,0.9904460944670946
20,2,0.70,0.9885052559544197
20,2,0.75,0.9878003477024533
20,2,0.80,0.9896269661088853
20,2,0.85,0.988509715062439
20,2,0.90,0.9873012001359808
20,2,0.95,0.987529254928585
20,3,0.05,0.8207733992419938
20,3,0.10,0.8651633921978101
20,3,0.15,0.8703035850627452
20,3,0.20,0.9688315999443878
20,3,0.25,0.9626829994029158
20,3,0.30,0.9712305602065154
20,3,0.35,0.9828224109426744
20,3,0.40,0.976705045112564
20,3,0.45,0.9877331659493298
20,3,0.50,0.9866320863036028
20,3,0.55,0.9902447272415587
20,3,0.60,0.9906176867629063
20,3,0.65,0.9869667061156516
20,3,0.70,0.988558159489924
20,3,0.75,0.9871849205948505
20,3,0.80,0.9876159186064262
20,3,0.85,0.98837319631768
20,3,0.90,0.9889043448776981
20,3,0.95,0.9891993073445656
20,4,0.05,0.8904207956777325
20,4,0.10,0.9567593470935926
20,4,0.15,0.9544711685832478
20,4,0.20,0.9754777270155739
20,4,0.25,0.9755527218163568
20,4,0.30,0.9792009118802453
20,4,0.35,0.9826487361293587
20,4,0.40,0.9806875895772978
20,4,0.45,0.9875283780634957
20,4,0.50,0.9869931582647804
20,4,0.55,0.9859621576005845
20,4,0.60,0.9880618658201832
20,4,0.65,0.9881213013244053
20,4,0.70,0.989024373793902
20,4,0.75,0.9887753656572377
20,4,0.80,0.9879903048446597
20,4,0.85,0.9893449673847423
20,4,0.90,0.9871799191734254
20,4,0.95,0.9859417519378001
20,5,0.05,0.8922543216364928
20,5,0.10,0.9611411988288647
20,5,0.15,0.957936420549832
20,5,0.20,0.9712773254155618
20,5,0.25,0.9629680839960215
20,5,0.30,0.9820311854271808
20,5,0.35,0.9858698574193827
20,5,0.40,0.9874425943607028
20,5,0.45,0.9822133070465179
20,5,0.50,0.9887707505882279
20,5,0.55,0.9912979749337102
20,5,0.60,0.9894477463090932
20,5,0.65,0.9900167565377377
20,5,0.70,0.9879508704925576
20,5,0.75,0.9865644506919965
20,5,0.80,0.9862505378462787
20,5,0.85,0.9894685631221295
20,5,0.90,0.9908941427072802
20,5,0.95,0.9879876896174673
20,6,0.05,0.867929159133341
20,6,0.10,0.9353444097296827
20,6,0.15,0.942854953557513
20,6,0.20,0.9798667073639248
20,6,0.25,0.939566241906801
20,6,0.30,0.9793562110595763
20,6,0.35,0.9833883406500902
20,6,0.40,0.9812354221482589
20,6,0.45,0.9834192203310922
20,6,0.50,0.9863914209114095
20,6,0.55,0.9833946464630985
20,6,0.60,0.988898888559012
20,6,0.65,0.9856564365718828
20,6,0.70,0.9845321880588686
20,6,0.75,0.9832858061333275
20,6,0.80,0.9869230118283122
20,6,0.85,0.9872855167530517
20,6,0.90,0.9878629339347523
20,6,0.95,0.9890176623298711
20,7,0.05,0.8357604456279442
20,7,0.10,0.9034011555632361
20,7,0.15,0.9747225018120824
20,7,0.20,0.9833853030498051
20,7,0.25,0.971973106602416
20,7,0.30,0.9854782873656671
20,7,0.35,0.9900465270440381
20,7,0.40,0.9815116645253619
20,7,0.45,0.9833562769928098
20,7,0.50,0.9865641755920638
20,7,0.55,0.9909165816847321
20,7,0.60,0.9850603946430023
20,7,0.65,0.9841736484045793
20,7,0.70,0.9885034744833799
20,7,0.75,0.9854717643948276
20,7,0.80,0.9890389589580877
20,7,0.85,0.9865988857218967
20,7,0.90,0.985903577287234
20,7,0.95,0.9858390135344295
20,8,0.05,0.8412755258705216
20,8,0.10,0.9173049890595956
20,8,0.15,0.9612594860527804
20,8,0.20,0.9771224698144804
20,8,0.25,0.9685888467441716
20,8,0.30,0.9864425128795304
20,8,0.35,0.9821927853398625
20,8,0.40,0.9836313274126702
20,8,0.45,0.9833537209212431
20,8,0.50,0.9868793301767056
20,8,0.55,0.9869605190400068
20,8,0.60,0.9882839150194767
20,8,0.65,0.9883313609769142
20,8,0.70,0.9876932199492988
20,8,0.75,0.9875848090638858
20,8,0.80,0.9874447816981797
20,8,0.85,0.9870838997030932
20,8,0.90,0.9881980997859565
20,8,0.95,0.9863062342353435
20,9,0.05,0.7117406445704819
20,9,0.10,0.9433773145855849
20,9,0.15,0.8581912468555827
20,9,0.20,0.9544955225484251
20,9,0.25,0.9574461795710215
20,9,0.30,0.981857367809455
20,9,0.35,0.982941640524637
20,9,0.40,0.9890226176104286
20,9,0.45,0.9899713768838126
20,9,0.50,0.9849092245069692
20,9,0.55,0.9842920586432122
20,9,0.60,0.9886831277681861
20,9,0.65,0.9872538342499078
20,9,0.70,0.9889060880035151
20,9,0.75,0.9891065755188464
20,9,0.80,0.9880198083121909
20,9,0.85,0.9861307552407422
20,9,0.90,0.9886276537492127
20,9,0.95,0.9903481762363711
21,0,0.05,0.8859554667409986
21,0,0.10,0.9246335718416664
21,0,0.15,0.9523818141241555
21,0,0.20,0.9743076420724477
21,0,0.25,0.9195417713110283
21,0,0.30,0.9815543442166875
21,0,0.35,0.976455595526469
21,0,0.40,0.985332704501576
21,0,0.45,0.9814187610325348
21,0,0.50,0.9890736602031073
21,0,0.55,0.9881927593719959
21,0,0.60,0.9853528120323184
21,0,0.65,0.9856227582267448
21,0,0.70,0.9890960694941696
21,0,0.75,0.9866930603345657
21,0,0.80,0.9889040010765593
21,0,0.85,0.9886902079162845
21,0,0.90,0.9836713944673714
21,0,0.95,0.9857251390598079
21,1,0.05,0.8805272452196943
21,1,0.10,0.9184296572152859
21,1,0.15,0.9080203256725757
21,1,0.20,0.9693553659080579
21,1,0.25,0.9720537975984692
21,1,0.30,0.9745374729191721
21,1,0.35,0.9819003129259176
21,1,0.40,0.9841634699472428
21,1,0.45,0.9838722285440495
21,1,0.50,0.9898480184054208
21,1,0.55,0.9849099799628008
21,1,0.60,0.9851119747102299
21,1,0.65,0.987650742391982
21,1,0.70,0.9900975104890278
21,1,0.75,0.9861911648004235
21,1,0.80,0.987067252558108
21,1,0.85,0.9892748514454837
21,1,0.90,0.9885743218156672
21,1,0.95,0.9874415239340063
21,2,0.05,0.8498268923780695
21,2,0.10,0.9259388722095242
21,2,0.15,0.9422644090185139
21,2,0.20,0.9641771095555597
21,2,0.25,0.9766154568800172
21,2,0.30,0.9831239224721696
21,2,0.35,0.978908971280376
21,2,0.40,0.9838686354147506
21,2,0.45,0.985275351253351
21,2,0.50,0.9886608240743285
21,2,0.55,0.9851972534027826
21,2,0.60,0.9853112392298544
21,2,0.65,0.9857977495079007
21,2,0.70,0.9882532469271141
21,2,0.75,0.9902806504061963
21,2,0.80,0.9903644507418617
21,2,0.85,0.9893099129210682
21,2,0.90,0.9864995478030485
21,2,0.95,0.9887126631528197
21,3,0.05,0.8023054391226382
21,3,0.10,0.9307411358861569
21,3,0.15,0.9503301741245814
21,3,0.20,0.9350632967438446
21,3,0.25,0.9755283458474139
21,3,0.30,0.9757291812250044
21,3,0.35,0.9889872900097214
21,3,0.40,0.9834809436871697
21,3,0.45,0.9860524122111769
21,3,0.50,0.9871499766713453
21,3,0.55,0.9867426058043306
21,3,0.60,0.9892302242048817
21,3,0.65,0.9897725634411634
21,3,0.70,0.989838943471333
21,3,0.75,0.9902095018198361
21,3,0.80,0.987387809267302
21,3,0.85,0.9866318992314387
21,3,0.90,0.9878294374882403
21,3,0.95,0.9903076068732594
21,4,0.05,0.9109336807247581
21,4,0.10,0.9153275894323836
21,4,0.15,0.9585367034425373
21,4,0.20,0.9520458326516256
21,4,0.25,0.9358890589458333
21,4,0.30,0.9794419917329207
21,4,0.35,0.9790030947180484
21,4,0.40,0.9862877033367563
21,4,0.45,0.9808918761475579
21,4,0.50,0.9867647144842558
21,4,0.55,0.9812874146130014
21,4,0.60,0.9892577918829987
21,4,0.65,0.9873633405194591
21,4,0.70,0.9866434766346021
21,4,0.75,0.9872954229252787
21,4,0.80,0.9891924696921783
21,4,0.85,0.9887992741442913
21,4,0.90,0.989282277074095
21,4,0.95,0.9842031444788844
21,5,0.05,0.8421576672063499
21,5,0.10,0.9269466728424389
21,5,0.15,0.9192544492833139
21,5,0.20,0.9751118579288675
21,5,0.25,0.9798720349101578
21,5,0.30,0.9794952734870048
21,5,0.35,0.9814254047674704
21,5,0.40,0.9841638229202204
21,5,0.45,0.9872530267015964
21,5,0.50,0.9863291908857164
21,5,0.55,0.9879356667409609
21,5,0.60,0.9842641831184427
21,5,0.65,0.9865413588571337
21,5,0.70,0.990109053095005
21,5,0.75,0.9902251350577038
21,5,0.80,0.9896735406221764
21,5,0.85,0.9884190606803825
21,5,0.90,0.9888418067572374
21,5,0.95,0.9861192382105854
21,6,0.05,0.8490359398741056
21,6,0.10,0.9419320253857314
21,6,0.15,0.9458321137882011
21,6,0.20,0.9203316217594196
21,6,0.25,0.9751277237683904
21,6,0.30,0.9753575850713451
21,6,0.35,0.9776514653971224
21,6,0.40,0.9752206722712988
21,6,0.45,0.9855909711970517
21,6,0.50,0.9841334046959178
21,6,0.55,0.9880469205628014
21,6,0.60,0.9896465569133016
21,6,0.65,0.9862126548763523
21,6,0.70,0.9906898154982211
21,6,0.75,0.9871041988070905
21,6,0.80,0.9880430200152281
21,6,0.85,0.9879080217628646
21,6,0.90,0.9853668927554872
21,6,0.95,0.9888706160768199
21,7,0.05,0.8060836006161404
21,7,0.10,0.9275613767189343
21,7,0.15,0.9635413113126049
21,7,0.20,0.9792649256640827
21,7,0.25,0.9807158564524865
21,7,0.30,0.9739137004144613
21,7,0.35,0.9852055240054464
21,7,0.40,0.9809098879956283
21,7,0.45,0.9857044805044601
21,7,0.50,0.9855465313332905
21,7,0.55,0.9859197079511675
21,7,0.60,0.9891618427496416
21,7,0.65,0.9885909044117109
21,7,0.70,0.9870039566078115
21,7,0.75,0.9889540804595701
21,7,0.80,0.9894463991496688
21,7,0.85,0.9884290664106391
21,7,0.90,0.9876274173025996
21,7,0.95,0.9890698419259006
21,8,0.05,0.7927367347800772
21,8,0.10,0.8790204908901196
21,8,0.15,0.926922849335324
21,8,0.20,0.9454283560462633
21,8,0.25,0.9688906493820977
21,8,0.30,0.9877106330398877
21,8,0.35,0.9830581757734598
21,8,0.40,0.987489749997777
21,8,0.45,0.9752601305947981
21,8,0.50,0.9757759886023114
21,8,0.55,0.9791919690242024
21,8,0.60,0.9899313199912253
21,8,0.65,0.9907068271622438
21,8,0.70,0.986154198174105
21,8,0.75,0.9874454615988006
21,8,0.80,0.9898282958949859
21,8,0.85,0.9901063471669469
21,8,0.90,0.9875265391119694
21,8,0.95,0.9859193570032
21,9,0.05,0.6737311494390271
21,9,0.10,0.9149959272765246
21,9,0.15,0.9450786927965581
21,9,0.20,0.9734221785924029
21,9,0.25,0.98047019635493
21,9,0.30,0.9846169886851001
21,9,0.35,0.9798473741450308
21,9,0.40,0.9856637023439252
21,9,0.45,0.9887886958870743
21,9,0.50,0.9885874254719327
21,9,0.55,0.9835462333717988
21,9,0.60,0.9881697769907015
21,9,0.65,0.9878077710428746
21,9,0.70,0.9913109336809666
21,9,0.75,0.9883062649274376
21,9,0.80,0.9891704275573772
21,9,0.85,0.9899691782839113
21,9,0.90,0.9868175291712437
21,9,0.95,0.9887946389772891
22,0,0.05,0.9296392135390892
22,0,0.10,0.9448369574393435
22,0,0.15,0.9592118509630849
22,0,0.20,0.9768824034889142
22,0,0.25,0.9754734915650077
22,0,0.30,0.9839201816539154
22,0,0.35,0.9842860465591495
22,0,0.40,0.981385373697592
22,0,0.45,0.9787374802311488
22,0,0.50,0.9822803681712525
22,0,0.55,0.9827873527244857
22,0,0.60,0.9827245772375657
22,0,0.65,0.9877330831546012
22,0,0.70,0.9856360504546513
22,0,0.75,0.9861787171929597
22,0,0.80,0.9854452193706971
22,0,0.85,0.9891191187973736
22,0,0.90,0.9887589747582093
22,0,0.95,0.9892497015417063
22,1,0.05,0.8969992550690646
22,1,0.10,0.9610733401707775
22,1,0.15,0.9713024578508501
22,1,0.20,0.9696851032465652
22,1,0.25,0.9682299456376343
22,1,0.30,0.9779530191452859
22,1,0.35,0.9816788822494186
22,1,0.40,0.9837224883973149
22,1,0.45,0.9880008024532553
22,1,0.50,0.9876368140111356
22,1,0.55,0.9816461458271
22,1,0.60,0.9867359887237638
22,1,0.65,0.9903184170960061
22,1,0.70,0.9885025346572708
22,1,0.75,0.9897072483118159
22,1,0.80,0.9857393141093864
22,1,0.85,0.9908224379088888
22,1,0.90,0.9867943402141146
22,1,0.95,0.9867692867696444
22,2,0.05,0.8658374695375919
22,2,0.10,0.9598476041183805
22,2,0.15,0.9466770477015053
22,2,0.20,0.976484831180211
22,2,0.25,0.977889071155311
22,2,0.30,0.979440098218518
22,2,0.35,0.9868849759301404
22,2,0.40,0.9788635105882416
22,2,0.45,0.9872860499299851
22,2,0.50,0.9864668344331453
22,2,0.55,0.9847309520705276
22,2,0.60,0.9863446454931154
22,2,0.65,0.984805320671585
22,2,0.70,0.9891081355195991
22,2,0.75,0.9857884607770608
22,2,0.80,0.9831528841667786
22,2,0.85,0.9881920327400446
22,2,0.90,0.9904990226306587
22,2,0.95,0.9882170057503851
22,3,0.05,0.849078323350437
22,3,0.10,0.9389762018440019
22,3,0.15,0.9631136107465617
22,3,0.20,0.972768379743883
22,3,0.25,0.9808382630254875
22,3,0.30,0.9766839456356567
22,3,0.35,0.9832512350695588
22,3,0.40,0.9806520307219699
22,3,0.45,0.981678804645161
22,3,0.50,0.9868861659204264
22,3,0.55,0.9825205070257516
22,3,0.60,0.9858485554850502
22,3,0.65,0.9855953485866826
22,3,0.70,0.9818366148369426
22,3,0.75,0.9831359464775915
22,3,0.80,0.9811060562770046
22,3,0.85,0.9836313903032262
22,3,0.90,0.9868636066733113
22,3,0.95,0.9896325944938089
22,4,0.05,0.9314893683289125
22,4,0.10,0.940388253373627
22,4,0.15,0.9570228638737418
22,4,0.20,0.9735226590475244
22,4,0.25,0.9740435411253122
22,4,0.30,0.9760969618210751
22,4,0.35,0.9794614705271625
22,4,0.40,0.98750781633672
22,4,0.45,0.9839327857821097
22,4,0.50,0.9879790526631937
22,4,0.55,0.9863718444897707
22,4,0.60,0.9849142217623628
22,4,0.65,0.9840455329409616
22,4,0.70,0.9903047920422111
22,4,0.75,0.9894503751200492
22,4,0.80,0.9891996962774314
22,4,0.85,0.9888917765669704
22,4,0.90,0.9877171164419454
22,4,0.95,0.988566858464019
22,5,0.05,0.9508663378752248
22,5,0.10,0.9359920266314914
22,5,0.15,0.9580791334607527
22,5,0.20,0.9674530645308553
22,5,0.25,0.9795119969317327
22,5,0.30,0.976451160350116
22,5,0.35,0.9860898259397571
22,5,0.40,0.9807221697735153
22,5,0.45,0.9834588305002099
22,5,0.50,0.9857501215936124
22,5,0.55,0.9876070922309765
22,5,0.60,0.9850452696175108
22,5,0.65,0.9878752489929827
22,5,0.70,0.9875392937594839
22,5,0.75,0.9899798224375191
22,5,0.80,0.9872399157001573
22,5,0.85,0.9867958788671216
22,5,0.90,0.9904943043999482
22,5,0.95,0.9874811240424555
22,6,0.05,0.7709532880063061
22,6,0.10,0.9442398196312608
22,6,0.15,0.9549399677545362
22,6,0.20,0.9734616001037537
22,6,0.25,0.9800409538719502
22,6,0.30,0.9819202402006466
22,6,0.35,0.978943219518511
22,6,0.40,0.9858288944601142
22,6,0.45,0.9870724794871003
22,6,0.50,0.9818435276791943
22,6,0.55,0.9868588620409209
22,6,0.60,0.9867152972293527
22,6,0.65,0.9850523149347362
22,6,0.70,0.9854175205280689
22,6,0.75,0.9887769505781508
22,6,0.80,0.9878429665375612
22,6,0.85,0.9884361802493344
22,6,0.90,0.9871518506154584
22,6,0.95,0.9858505619016789
22,7,0.05,0.9046350739925926
22,7,0.10,0.9265194045216252
22,7,0.15,0.9613888681682173
22,7,0.20,0.9727655259746892
22,7,0.25,0.9808459317330213
22,7,0.30,0.9839595155746352
22,7,0.35,0.9828160590895922
22,7,0.40,0.9845708861338839
22,7,0.45,0.985836075659356
22,7,0.50,0.9884310494626015
22,7,0.55,0.9831898896472394
22,7,0.60,0.9904148405375817
22,7,0.65,0.9880983954053592
22,7,0.70,0.9856785532906295
22,7,0.75,0.9885910399873796
22,7,0.80,0.9877942101984258
22,7,0.85,0.9893711969965008
22,7,0.90,0.9889846667298593
22,7,0.95,0.989320560962882
22,8,0.05,0.6967116556674008
22,8,0.10,0.9588092323050741
22,8,0.15,0.9677403038161868
22,8,0.20,0.9765207418844105
22,8,0.25,0.980206255966184
22,8,0.30,0.9854214179318187
22,8,0.35,0.9789603462882044
22,8,0.40,0.9847004858491207
22,8,0.45,0.9819447863427893
22,8,0.50,0.9805980301531307
22,8,0.55,0.9861152129004409
22,8,0.60,0.9836154740761274
22,8,0.65,0.9873395487151911
22,8,0.70,0.9883807182545589
22,8,0.75,0.9900041611127159
22,8,0.80,0.9874825230368104
22,8,0.85,0.9911917259140398
22,8,0.90,0.9851246473661948
22,8,0.95,0.9842389192684052
22,9,0.05,0.9167633227538884
22,9,0.10,0.9508455134685071
22,9,0.15,0.9719114397354277
22,9,0.20,0.9651048339723379
22,9,0.25,0.9702453553525832
22,9,0.30,0.9765632959310092
22,9,0.35,0.976095318510632
22,9,0.40,0.9834501224569183
22,9,0.45,0.9859988371491154
22,9,0.50,0.9819278158842002
22,9,0.55,0.9847149852167888
22,9,0.60,0.9898299153935697
22,9,0.65,0.9886711256113608
22,9,0.70,0.9891351279178695
22,9,0.75,0.9892900693615402
22,9,0.80,0.9846356913450095
22,9,0.85,0.9836261220160869
22,9,0.90,0.9890359832092308
22,9,0.95,0.9885813608126736
23,0,0.05,0.3891052219717428
23,0,0.10,0.9210872623885056
23,0,0.15,0.9412438860858082
23,0,0.20,0.962184001845451
23,0,0.25,0.9772412058159853
23,0,0.30,0.9805330921725665
23,0,0.35,0.9810636270905071
23,0,0.40,0.9831766358846686
23,0,0.45,0.9866835189096107
23,0,0.50,0.9875993408887278
23,0,0.55,0.9891145607513283
23,0,0.60,0.9867902681900539
23,0,0.65,0.9876782022875302
23,0,0.70,0.9883041933100859
23,0,0.75,0.984491291040994
23,0,0.80,0.9879131194904109
23,0,0.85,0.9862027047478411
23,0,0.90,0.9844091211062462
23,0,0.95,0.9900616599375286
23,1,0.05,0.8941150869908601
23,1,0.10,0.9287703772586388
23,1,0.15,0.9688117441137246
23,1,0.20,0.9610560544886189
23,1,0.25,0.972998177660595
23,1,0.30,0.9804012125723334
23,1,0.35,0.9820977881004355
23,1,0.40,0.9837817329978937
23,1,0.45,0.983250492779837
23,1,0.50,0.9816328500197502
23,1,0.55,0.9854870688012313
23,1,0.60,0.985099906523667
23,1,0.65,0.989879615402574
23,1,0.70,0.9896337482762307
23,1,0.75,0.9879438387984547
23,1,0.80,0.9880857659371313
23,1,0.85,0.9885795679574311
23,1,0.90,0.9885999427049955
23,1,0.95,0.988095017065804
23,2,0.05,0.8733833112801616
23,2,0.10,0.9490248639030897
23,2,0.15,0.9540318890974736
23,2,0.20,0.9720645147994201
23,2,0.25,0.9793940874815176
23,2,0.30,0.984096067880978
23,2,0.35,0.9829490801389003
23,2,0.40,0.9803987890280148
23,2,0.45,0.9769219589626502
23,2,0.50,0.9829582177695516
23,2,0.55,0.9899062635824171
23,2,0.60,0.9838601155775218
23,2,0.65,0.9869956774249745
23,2,0.70,0.9906662658993907
23,2,0.75,0.9906797040582948
23,2,0.80,0.991373650706534
23,2,0.85,0.9890695850150232
23,2,0.90,0.9903685831812623
23,2,0.95,0.9897866788098854
23,3,0.05,0.8590761865377903
23,3,0.10,0.9105127420096619
23,3,0.15,0.9464427237932008
23,3,0.20,0.9697553598596778
23,3,0.25,0.9628839191351126
23,3,0.30,0.978260718740836
23,3,0.35,0.9821682324790152
23,3,0.40,0.9798732182323033
23,3,0.45,0.9873325725816647
23,3,0.50,0.9853442383887643
23,3,0.55,0.9839099522879458
23,3,0.60,0.9881378822027778
23,3,0.65,0.987116269357497
23,3,0.70,0.9872414131252341
23,3,0.75,0.9894932664246826
23,3,0.80,0.9883526145479821
23,3,0.85,0.9894230496662023
23,3,0.90,0.9894268266834214
23,3,0.95,0.9877965271967541
23,4,0.05,0.8814123902265161
23,4,0.10,0.954437031762873
23,4,0.15,0.9479197895645337
23,4,0.20,0.9717955100695248
23,4,0.25,0.9796624149819214
23,4,0.30,0.9726341832605335
23,4,0.35,0.9747877357135669
23,4,0.40,0.9799732340439724
23,4,0.45,0.9796387515193893
23,4,0.50,0.9831866950838892
23,4,0.55,0.9851546141941134
23,4,0.60,0.9863267611058
23,4,0.65,0.9837934109204727
23,4,0.70,0.9895832281565489
23,4,0.75,0.9900232852262514
23,4,0.80,0.9899608026807111
23,4,0.85,0.9874619641818885
23,4,0.90,0.987980543711557
23,4,0.95,0.9884366791057887
23,5,0.05,0.929490126595701
23,5,0.10,0.8614170529234495
23,5,0.15,0.9560944992935884
23,5,0.20,0.9602075548192748
23,5,0.25,0.978737279142955
23,5,0.30,0.9757435167228197
23,5,0.35,0.9854345472623436
23,5,0.40,0.9834564146821657
23,5,0.45,0.9870331250411408
23,5,0.50,0.9821122123290905
23,5,0.55,0.9850694758850727
23,5,0.60,0.9872009045346547
23,5,0.65,0.9878861683831223
23,5,0.70,0.9892139137299618
23,5,0.75,0.9886240579120275
23,5,0.80,0.9873719889543984
23,5,0.85,0.9871531820183762
23,5,0.90,0.9880293097101294
23,5,0.95,0.9859290899862883
23,6,0.05,0.9037192519123205
23,6,0.10,0.8933372946550427
23,6,0.15,0.8962729179187905
23,6,0.20,0.9593787672631726
23,6,0.25,0.969517361236513
23,6,0.30,0.9797144662022509
23,6,0.35,0.9816324988984324
23,6,0.40,0.9871887271510807
23,6,0.45,0.9850023785137695
23,6,0.50,0.9847744865650766
23,6,0.55,0.9871442935505746
23,6,0.60,0.9876087120905976
23,6,0.65,0.9904454714351777
23,6,0.70,0.9911604877930116
23,6,0.75,0.9912736679263251
23,6,0.80,0.9877459485262177
23,6,0.85,0.9871372952600416
23,6,0.90,0.9893370324900367
23,6,0.95,0.9903347209335253
23,7,0.05,0.9522132557906914
23,7,0.10,0.941037262367072
23,7,0.15,0.9663638993064967
23,7,0.20,0.9702295571694087
23,7,0.25,0.9685684218864017
23,7,0.30,0.9767962572559725
23,7,0.35,0.9856461761376233
23,7,0.40,0.9856319349392199
23,7,0.45,0.9788807834350288
23,7,0.50,0.983082161912913
23,7,0.55,0.9826704564624823
23,7,0.60,0.9898517281483521
23,7,0.65,0.9908028666409167
23,7,0.70,0.9889404752812834
23,7,0.75,0.9865159896979969
23,7,0.80,0.9892330672938124
23,7,0.85,0.9877251381314945
23,7,0.90,0.9882789277378362
23,7,0.95,0.9881902691929497
23,8,0.05,0.9428864137218382
23,8,0.10,0.9085457718831663
23,8,0.15,0.9445885097034203
23,8,0.20,0.9627608896958847
23,8,0.25,0.9740938281416551
23,8,0.30,0.9736246604576038
23,8,0.35,0.978793112013149
23,8,0.40,0.9811109788822642
23,8,0.45,0.9867977451184392
23,8,0.50,0.9839114588997288
23,8,0.55,0.9855093057371562
23,8,0.60,0.9896492447491582
23,8,0.65,0.9883271398219382
23,8,0.70,0.9893230432311274
23,8,0.75,0.990032248523655
23,8,0.80,0.9886288922841764
23,8,0.85,0.9894001190453829
23,8,0.90,0.988606404947361
23,8,0.95,0.9870427498284557
23,9,0.05,0.8868446468634195
23,9,0.10,0.9459110960812578
23,9,0.15,0.9591590130553288
23,9,0.20,0.9714124255467941
23,9,0.25,0.9826181320216525
23,9,0.30,0.9810898930053358
23,9,0.35,0.983721387862802
23,9,0.40,0.9861545146664271
23,9,0.45,0.9847621906297862
23,9,0.50,0.9880503821130333
23,9,0.55,0.9864238776133052
23,9,0.60,0.9901558931126366
23,9,0.65,0.9850960372976315
23,9,0.70,0.9862173420081047
23,9,0.75,0.9884182457337262
23,9,0.80,0.9863198397180758
23,9,0.85,0.9849976133713502
23,9,0.90,0.9823713322701418
23,9,0.95,0.9887938118832995
24,0,0.05,0.7418523854127668
24,0,0.10,0.9097197480043266
24,0,0.15,0.9625428268300071
24,0,0.20,0.9763081577192041
24,0,0.25,0.9786258775574919
24,0,0.30,0.9836339500446986
24,0,0.35,0.9729338942478499
24,0,0.40,0.9872604748338306
24,0,0.45,0.9841880515148123
24,0,0.50,0.9894773956718383
24,0,0.55,0.9872225280746989
24,0,0.60,0.9876907879863744
24,0,0.65,0.9884569976069777
24,0,0.70,0.9886228227714352
24,0,0.75,0.9857455210091158
24,0,0.80,0.9856476798107088
24,0,0.85,0.9870754205445714
24,0,0.90,0.9881085919041699
24,0,0.95,0.9894100270239926
24,1,0.05,0.8817836136684626
24,1,0.10,0.9245215798186208
24,1,0.15,0.960435217948391
24,1,0.20,0.9639470320323248
24,1,0.25,0.9740675040136121
24,1,0.30,0.9769374725494308
24,1,0.35,0.9817747611353743
24,1,0.40,0.9854394490870387
24,1,0.45,0.9861439108454326
24,1,0.50,0.9891333396509112
24,1,0.55,0.9853840809964324
24,1,0.60,0.9867142340440521
24,1,0.65,0.9870827676237898
24,1,0.70,0.986663687979516
24,1,0.75,0.9849069210504717
24,1,0.80,0.9854815558505735
24,1,0.85,0.988428017915114
24,1,0.90,0.9858629586897739
24,1,0.95,0.9884371384259754
24,2,0.05,0.9165184080191595
24,2,0.10,0.8954667508406695
24,2,0.15,0.9347699405778441
24,2,0.20,0.974171007314206
24,2,0.25,0.9690169914994152
24,2,0.30,0.9741760935300858
24,2,0.35,0.9854865967813262
24,2,0.40,0.9830071365113803
24,2,0.45,0.9890257821360127
24,2,0.50,0.9899436034482478
24,2,0.55,0.988114077119281
24,2,0.60,0.9876385985575075
24,2,0.65,0.9905753557224857
24,2,0.70,0.9886097344306407
24,2,0.75,0.9889086065805415
24,2,0.80,0.9883422790481337
24,2,0.85,0.9891104579473879
24,2,0.90,0.9872447950350536
24,2,0.95,0.9877896911298101
24,3,0.05,0.8848357821018991
24,3,0.10,0.9416817336674226
24,3,0.15,0.9360710200500592
24,3,0.20,0.9666972701064227
24,3,0.25,0.9797320707001491
24,3,0.30,0.9830850034297237
24,3,0.35,0.9802361012216702
24,3,0.40,0.9854304762460381
24,3,0.45,0.9808295036849338
24,3,0.50,0.9816645440061875
24,3,0.55,0.9836794382726339
24,3,0.60,0.9879952251488077
24,3,0.65,0.985397302442184
24,3,0.70,0.9874308564077466
24,3,0.75,0.9867462922762099
24,3,0.80,0.9882035143498824
24,3,0.85,0.9863184747926175
24,3,0.90,0.9902803396055723
24,3,0.95,0.9897304302468133
24,4,0.05,0.8729367648959659
24,4,0.10,0.9371981581605245
24,4,0.15,0.9575617119215193
24,4,0.20,0.9808694397939314
24,4,0.25,0.9703668078470095
24,4,0.30,0.9758526997604886
24,4,0.35,0.9805363172840407
24,4,0.40,0.9843429414562493
24,4,0.45,0.9859858636246558
24,4,0.50,0.988320441094203
24,4,0.55,0.9857750363510817
24,4,0.60,0.9844263741589292
24,4,0.65,0.9853874435864813
24,4,0.70,0.9862651659841141
24,4,0.75,0.9880688377332536
24,4,0.80,0.9859275772186156
24,4,0.85,0.9896375354388641
24,4,0.90,0.9902449156615711
24,4,0.95,0.9905942842040896
24,5,0.05,0.8933882590425302
24,5,0.10,0.9384360936670032
24,5,0.15,0.9609267448418279
24,5,0.20,0.9584008043695932
24,5,0.25,0.9716809884578805
24,5,0.30,0.9829726685799159
24,5,0.35,0.9724621278236777
24,5,0.40,0.9807800361490839
24,5,0.45,0.9819721862588254
24,5,0.50,0.9889080991026236
24,5,0.55,0.9870199624237063
24,5,0.60,0.9904989651590288
24,5,0.65,0.9864457324255596
24,5,0.70,0.988447193643476
24,5,0.75,0.987715135841869
24,5,0.80,0.9870715714412583
24,5,0.85,0.9891644827497442
24,5,0.90,0.986769590323152
24,5,0.95,0.9894694466703718
24,6,0.05,0.8081014036294543
24,6,0.10,0.9309331382759451
24,6,0.15,0.9536488753965299
24,6,0.20,0.9741584952191086
24,6,0.25,0.974378769346264
24,6,0.30,0.9758091957933531
24,6,0.35,0.9851509693899566
24,6,0.40,0.984351096203854
24,6,0.45,0.9788306577999737
24,6,0.50,0.9866748854791684
24,6,0.55,0.9821455953267885
24,6,0.60,0.9867670090513748
24,6,0.65,0.9903032595609439
24,6,0.70,0.9873349620267349
24,6,0.75,0.9878653541717615
24,6,0.80,0.9881190464026821
24,6,0.85,0.9909854415898895
24,6,0.90,0.9894277155574527
24,6,0.95,0.9883095511392472
24,7,0.05,0.8906912331787742
24,7,0.10,0.9549516438975578
24,7,0.15,0.9526834670235151
24,7,0.20,0.9785487165147482
24,7,0.25,0.981262695315835
24,7,0.30,0.9819052192755687
24,7,0.35,0.9825546013195946
24,7,0.40,0.9840428289926352
24,7,0.45,0.9876423810781364
24,7,0.50,0.9857088637974485
24,7,0.55,0.9857306144975264
24,7,0.60,0.9867445841400737
24,7,0.65,0.9903199700204359
24,7,0.70,0.9890283077712354
24,7,0.75,0.9865543563256333
24,7,0.80,0.9885666803058712
24,7,0.85,0.9863652522547884
24,7,0.90,0.9878795766258238
24,7,0.95,0.9863430885248687
24,8,0.05,0.8753184200215366
24,8,0.10,0.9464761727902031
24,8,0.15,0.9454712284168493
24,8,0.20,0.9690434752191854
24,8,0.25,0.9635377847788366
24,8,0.30,0.9803139018497545
24,8,0.35,0.9723538507144226
24,8,0.40,0.981480406008687
24,8,0.45,0.9842541882230761
24,8,0.50,0.9841511187556458
24,8,0.55,0.986634359305015
24,8,0.60,0.9840893146243217
24,8,0.65,0.9891924853426446
24,8,0.70,0.9877477457847199
24,8,0.75,0.9875265778711971
24,8,0.80,0.9883279908747362
24,8,0.85,0.98944718856468
24,8,0.90,0.9869257251687945
24,8,0.95,0.9865102394373179
24,9,0.05,0.8546817841374112
24,9,0.10,0.9107958642745309
24,9,0.15,0.9534856041945149
24,9,0.20,0.9642205009781558
24,9,0.25,0.959850406887954
24,9,0.30,0.9745041010436197
24,9,0.35,0.970585053140601
24,9,0.40,0.9881850845863621
24,9,0.45,0.9832178082825308
24,9,0.50,0.9862364064576813
24,9,0.55,0.9887592858804891
24,9,0.60,0.9855352431503293
24,9,0.65,0.9881826690308314
24,9,0.70,0.9881225278335019
24,9,0.75,0.9884075086899339
24,9,0.80,0.9880898410648491
24,9,0.85,0.9874830925268276
24,9,0.90,0.987895794638149
24,9,0.95,0.9878478634610073
25,0,0.05,0.7968676828280576
25,0,0.10,0.8857827214738421
25,0,0.15,0.962808499420014
25,0,0.20,0.9720552252405973
25,0,0.25,0.9667015408002227
25,0,0.30,0.9746721475830662
25,0,0.35,0.9857848351889298
25,0,0.40,0.9848217201766523
25,0,0.45,0.9824468965044192
25,0,0.50,0.9793970904431624
25,0,0.55,0.9854409940075861
25,0,0.60,0.9863554716982424
25,0,0.65,0.9869218180120564
25,0,0.70,0.986752501000405
25,0,0.75,0.987303036616036
25,0,0.80,0.9896048239369486
25,0,0.85,0.9902197366816369
25,0,0.90,0.9882810597522734
25,0,0.95,0.9887500798330665
25,1,0.05,0.8287941521495081
25,1,0.10,0.9267331092450852
25,1,0.15,0.9596283053485859
25,1,0.20,0.9653425153911548
25,1,0.25,0.9802032034659264
25,1,0.30,0.9763124139457385
25,1,0.35,0.9836881745127529
25,1,0.40,0.9855596191299211
25,1,0.45,0.9823764168094121
25,1,0.50,0.9820412929853815
25,1,0.55,0.9870077019158616
25,1,0.60,0.9894210345923953
25,1,0.65,0.985756597042976
25,1,0.70,0.9882035592877073
25,1,0.75,0.9848070400922786
25,1,0.80,0.9872403168468291
25,1,0.85,0.9883628585529066
25,1,0.90,0.9896946070797115
25,1,0.95,0.9879455708550244
25,2,0.05,0.8551741296971084
25,2,0.10,0.927636513525316
25,2,0.15,0.9321704138848139
25,2,0.20,0.9772254627953381
25,2,0.25,0.9762138650550054
25,2,0.30,0.9818535958872909
25,2,0.35,0.9858044196363073
25,2,0.40,0.9823294258028584
25,2,0.45,0.9840211873854172
25,2,0.50,0.9850751590189345
25,2,0.55,0.9872882295612854
25,2,0.60,0.984292524444233
25,2,0.65,0.9871437090812816
25,2,0.70,0.985551247019714
25,2,0.75,0.9897563442678735
25,2,0.80,0.9888822488919254
25,2,0.85,0.9857837407530667
25,2,0.90,0.9863151680394371
25,2,0.95,0.9895232361621119
25,3,0.05,0.9072042411159946
25,3,0.10,0.8818161683299626
25,3,0.15,0.9480757517781274
25,3,0.20,0.9632251316945394
25,3,0.25,0.9696914217405407
25,3,0.30,0.975495394127717
25,3,0.35,0.980539857481712
25,3,0.40,0.9809008623136727
25,3,0.45,0.9816528181028169
25,3,0.50,0.9882656058720759
25,3,0.55,0.985580207891558
25,3,0.60,0.9871800020699372
25,3,0.65,0.9883567190089837
25,3,0.70,0.9859233676660504
25,3,0.75,0.9879437196174805
25,3,0.80,0.9850057588955149
25,3,0.85,0.9899636457475286
25,3,0.90,0.9883082646709227
25,3,0.95,0.989961274444766
25,4,0.05,0.8469291185817677
25,4,0.10,0.9260669454818256
25,4,0.15,0.9440787305679823
25,4,0.20,0.969475711760178
25,4,0.25,0.9773620879003511
25,4,0.30,0.9814563908671461
25,4,0.35,0.9831656946225251
25,4,0.40,0.9806492939909403
25,4,0.45,0.9757519897611547
25,4,0.50,0.9843864941818122
25,4,0.55,0.9846602428788566
25,4,0.60,0.9872035534072742
25,4,0.65,0.985635337909266
25,4,0.70,0.9895971854479899
25,4,0.75,0.9868575441864711
25,4,0.80,0.984529089534133
25,4,0.85,0.9856985320801617
25,4,0.90,0.9907967204157803
25,4,0.95,0.9868865804961953
25,5,0.05,0.9002669294054858
25,5,0.10,0.9383507229385194
25,5,0.15,0.9434311423947287
25,5,0.20,0.9666171822832987
25,5,0.25,0.9796241164521534
25,5,0.30,0.9805600893010924
25,5,0.35,0.9827390076604804
25,5,0.40,0.9805891606003685
25,5,0.45,0.9872663011175955
25,5,0.50,0.9837640456698779
25,5,0.55,0.9871327538238508
25,5,0.60,0.9840750863167851
25,5,0.65,0.9879232649683752
25,5,0.70,0.9883718781532935
25,5,0.75,0.9877197761033555
25,5,0.80,0.9923698149927621
25,5,0.85,0.9888827017801312
25,5,0.90,0.9887561492447589
25,5,0.95,0.9896230329875302
25,6,0.05,0.8936956324787404
25,6,0.10,0.789252434753939
25,6,0.15,0.966156115467634
25,6,0.20,0.9708625354102117
25,6,0.25,0.9724283774049429
25,6,0.30,0.9814456137892755
25,6,0.35,0.9814823084775148
25,6,0.40,0.9767067507548556
25,6,0.45,0.985494250076761
25,6,0.50,0.9841160440021532
25,6,0.55,0.9864753871629064
25,6,0.60,0.9879520132240631
25,6,0.65,0.9837041195156883
25,6,0.70,0.9895579305782237
25,6,0.75,0.9890299884394436
25,6,0.80,0.9897699232344188
25,6,0.85,0.9852846349730577
25,6,0.90,0.987309316326658
25,6,0.95,0.9893297786987563
25,7,0.05,0.7948998726187017
25,7,0.10,0.8461789619528918
25,7,0.15,0.9133297525305333
25,7,0.20,0.9769657922421756
25,7,0.25,0.9491134886779198
25,7,0.30,0.9774225451216513
25,7,0.35,0.9848092933337014
25,7,0.40,0.9835401454762216
25,7,0.45,0.9862881384459129
25,7,0.50,0.9861921511081975
25,7,0.55,0.976496061119889
25,7,0.60,0.9871802492959855
25,7,0.65,0.9850520937507191
25,7,0.70,0.985178096045252
25,7,0.75,0.9894421754230434
25,7,0.80,0.9878231364448685
25,7,0.85,0.9864876515549971
25,7,0.90,0.9878073103956878
25,7,0.95,0.9875246767095341
25,8,0.05,0.8790467779149478
25,8,0.10,0.9029134036788896
25,8,0.15,0.9711656058794091
25,8,0.20,0.9797231462518251
25,8,0.25,0.9687176985511365
25,8,0.30,0.9812014175190877
25,8,0.35,0.983536511957609
25,8,0.40,0.9874206472592099
25,8,0.45,0.9866989271623849
25,8,0.50,0.9876415455706664
25,8,0.55,0.9865193161628716
25,8,0.60,0.9865076921340719
25,8,0.65,0.9872255725413218
25,8,0.70,0.9879830679170842
25,8,0.75,0.9860667767803106
25,8,0.80,0.9899888030961055
25,8,0.85,0.9884613595045443
25,8,0.90,0.9886060568917807
25,8,0.95,0.9887078930720159
25,9,0.05,0.8532248760275273
25,9,0.10,0.9460844806386381
25,9,0.15,0.9646955060065676
25,9,0.20,0.9775587656326065
25,9,0.25,0.9755246194486438
25,9,0.30,0.9819448339717121
25,9,0.35,0.9863396904618504
25,9,0.40,0.9808657744588525
25,9,0.45,0.9838933230807962
25,9,0.50,0.9871222099433881
25,9,0.55,0.9825239653086014
25,9,0.60,0.9903850244481476
25,9,0.65,0.9874324876450508
25,9,0.70,0.985487787190061
25,9,0.75,0.989720064544933
25,9,0.80,0.9839122506171734
25,9,0.85,0.9889223885700951
25,9,0.90,0.989376523388156
25,9,0.95,0.9904530559621342
26,0,0.05,0.8388204487539848
26,0,0.10,0.8793732382904339
26,0,0.15,0.9570820410258446
26,0,0.20,0.9742196592467771
26,0,0.25,0.9761600020718577
26,0,0.30,0.9711364102889336
26,0,0.35,0.9831120350066159
26,0,0.40,0.9835961308805412
26,0,0.45,0.9870409439257267
26,0,0.50,0.9845068527024402
26,0,0.55,0.985388166805985
26,0,0.60,0.9892330810495551
26,0,0.65,0.9872827548581838
26,0,0.70,0.9887183971251289
26,0,0.75,0.985951823410367
26,0,0.80,0.9856970440097581
26,0,0.85,0.9886836961346191
26,0,0.90,0.9877134987001186
26,0,0.95,0.9874586189620126
26,1,0.05,0.8841356124248747
26,1,0.10,0.9380473954585734
26,1,0.15,0.9455210793430691
26,1,0.20,0.9773721151311282
26,1,0.25,0.9698774870991079
26,1,0.30,0.973068080559498
26,1,0.35,0.9879204982189704
26,1,0.40,0.9814934628629642
26,1,0.45,0.9802958264934831
26,1,0.50,0.9830080121511232
26,1,0.55,0.982276045003659
26,1,0.60,0.9868420310735971
26,1,0.65,0.9860898817852455
26,1,0.70,0.9877301281803896
26,1,0.75,0.9860259940099821
26,1,0.80,0.9874149957151419
26,1,0.85,0.9865562070253169
26,1,0.90,0.9883676945657439
26,1,0.95,0.9875141166242677
26,2,0.05,0.9084122022162016
26,2,0.10,0.945096180744444
26,2,0.15,0.966628101044349
26,2,0.20,0.9678724905429883
26,2,0.25,0.9755811054102039
26,2,0.30,0.9717469732347285
26,2,0.35,0.9837822044289564
26,2,0.40,0.9793516812475725
26,2,0.45,0.9864326668672198
26,2,0.50,0.9864248064062365
26,2,0.55,0.989174805178453
26,2,0.60,0.9806722399926733
26,2,0.65,0.9885230061017443
26,2,0.70,0.9879399052399679
26,2,0.75,0.9918699900640477
26,2,0.80,0.9881373738409697
26,2,0.85,0.9868801542846563
26,2,0.90,0.985202509038269
26,2,0.95,0.9879207863588434
26,3,0.05,0.8905274949727857
26,3,0.10,0.9678365659791297
26,3,0.15,0.9480617795354043
26,3,0.20,0.9712387963134208
26,3,0.25,0.9809298956633363
26,3,0.30,0.9806192288410903
26,3,0.35,0.984118543324112
26,3,0.40,0.9875256805009142
26,3,0.45,0.9875695642698609
26,3,0.50,0.9849782661806759
26,3,0.55,0.9904106143554076
26,3,0.60,0.9846723735990733
26,3,0.65,0.9889778161543404
26,3,0.70,0.9855214067383335
26,3,0.75,0.9900368197315682
26,3,0.80,0.9894559152907227
26,3,0.85,0.9863062520105849
26,3,0.90,0.988043604156194
26,3,0.95,0.9885302771137846
26,4,0.05,0.8061025847228965
26,4,0.10,0.9374528931782344
26,4,0.15,0.9622756404580781
26,4,0.20,0.9749695622930231
26,4,0.25,0.9835333889294787
26,4,0.30,0.9746438424810622
26,4,0.35,0.9825836717394312
26,4,0.40,0.9804968948462939
26,4,0.45,0.9843122663872409
26,4,0.50,0.9852794637873856
26,4,0.55,0.9849733910721881
26,4,0.60,0.9870928557944431
26,4,0.65,0.9837996920314211
26,4,0.70,0.9899295106001829
26,4,0.75,0.9890301132778153
26,4,0.80,0.9849946471089461
26,4,0.85,0.9905602930225222
26,4,0.90,0.9894187830276195
26,4,0.95,0.9860636009229867
26,5,0.05,0.9148063921258281
26,5,0.10,0.9408948552928063
26,5,0.15,0.955327535331951
26,5,0.20,0.9740608961279382
26,5,0.25,0.9630946124345973
26,5,0.30,0.9832302548712023
26,5,0.35,0.9865550951647414
26,5,0.40,0.9887954829505883
26,5,0.45,0.9850683369597332
26,5,0.50,0.9856209556674062
26,5,0.55,0.9862411265708634
26,5,0.60,0.9842253130461576
26,5,0.65,0.9820273754388904
26,5,0.70,0.9865412068477153
26,5,0.75,0.9871739678624062
26,5,0.80,0.9883754488309311
26,5,0.85,0.9885599746215058
26,5,0.90,0.9879135047518797
26,5,0.95,0.9871383693626707
26,6,0.05,0.927857178642881
26,6,0.10,0.9273935331553511
26,6,0.15,0.9481058049585904
26,6,0.20,0.9715160578689883
26,6,0.25,0.9795249392112264
26,6,0.30,0.9790650242474157
26,6,0.35,0.9822651118260367
26,6,0.40,0.9833863533812292
26,6,0.45,0.9844767819774675
26,6,0.50,0.9867009700925758
26,6,0.55,0.9837138890617227
26,6,0.60,0.9847542828318063
26,6,0.65,0.9883470238002238
26,6,0.70,0.9843376101997884
26,6,0.75,0.9858132680335506
26,6,0.80,0.9886388306951109
26,6,0.85,0.9863199697588729
26,6,0.90,0.9873555883651414
26,6,0.95,0.9892181956092465
26,7,0.05,0.9393194757577413
26,7,0.10,0.9264584229031813
26,7,0.15,0.9662296409948836
26,7,0.20,0.9720494430808861
26,7,0.25,0.9753196501616488
26,7,0.30,0.9752569252492763
26,7,0.35,0.9782719949238955
26,7,0.40,0.9808899178541526
26,7,0.45,0.9827409707288126
26,7,0.50,0.9861856401935806
26,7,0.55,0.9864611100005979
26,7,0.60,0.9899625036453362
26,7,0.65,0.9849993821184729
26,7,0.70,0.9853761677504007
26,7,0.75,0.9907639504812287
26,7,0.80,0.9840711342188487
26,7,0.85,0.985142774207042
26,7,0.90,0.9867067037909106
26,7,0.95,0.9899622718489265
26,8,0.05,0.8783258477125205
26,8,0.10,0.9691289805572065
26,8,0.15,0.9654233874295973
26,8,0.20,0.9759241544943569
26,8,0.25,0.9793229854455968
26,8,0.30,0.9748689289821008
26,8,0.35,0.9830710196286375
26,8,0.40,0.9809149162007603
26,8,0.45,0.9872691263132123
26,8,0.50,0.9902945997781434
26,8,0.55,0.9883774223770343
26,8,0.60,0.9855275276875981
26,8,0.65,0.9867097537749981
26,8,0.70,0.9855404510648631
26,8,0.75,0.9895880858577899
26,8,0.80,0.9842790899728513
26,8,0.85,0.9840990190206583
26,8,0.90,0.9843219998547299
26,8,0.95,0.987245994889459
26,9,0.05,0.8868309948139338
26,9,0.10,0.9058257879902887
26,9,0.15,0.9629276227881032
26,9,0.20,0.9624636699938702
26,9,0.25,0.9692981853428569
26,9,0.30,0.9714109110317158
26,9,0.35,0.983360101145575
26,9,0.40,0.9852154395698126
26,9,0.45,0.9851727872577772
26,9,0.50,0.9800540881360209
26,9,0.55,0.9864277637026212
26,9,0.60,0.9855001454072988
26,9,0.65,0.987527684263326
26,9,0.70,0.9864055357713846
26,9,0.75,0.9873093398505758
26,9,0.80,0.9873672673724109
26,9,0.85,0.9867844845119658
26,9,0.90,0.9879389028312271
26,9,0.95,0.9869324729880368
27,0,0.05,0.8317349783111839
27,0,0.10,0.9532979324293875
27,0,0.15,0.979349255865827
27,0,0.20,0.9763104833768094
27,0,0.25,0.9715972662366533
27,0,0.30,0.9790711876585495
27,0,0.35,0.9858914210501447
27,0,0.40,0.9746758370616899
27,0,0.45,0.9818694933973988
27,0,0.50,0.9874178082263105
27,0,0.55,0.987148823096512
27,0,0.60,0.9885664905717851
27,0,0.65,0.9914529316566392
27,0,0.70,0.9898920565796493
27,0,0.75,0.9882091152750865
27,0,0.80,0.9886261270119996
27,0,0.85,0.988651509649556
27,0,0.90,0.9887016266772128
27,0,0.95,0.9910865398089371
27,1,0.05,0.7412823889073415
27,1,0.10,0.9333013525492294
27,1,0.15,0.9521437090446365
27,1,0.20,0.9617302946888263
27,1,0.25,0.9666547634988473
27,1,0.30,0.979608947233326
27,1,0.35,0.9818343629092607
27,1,0.40,0.9869106352564732
27,1,0.45,0.9833979911863499
27,1,0.50,0.9844079558027068
27,1,0.55,0.9858670116886293
27,1,0.60,0.9853145471796533
27,1,0.65,0.986035647125788
27,1,0.70,0.9883149359771078
27,1,0.75,0.9872742295739195
27,1,0.80,0.9882020733751408
27,1,0.85,0.9885152269531939
27,1,0.90,0.9889775615570152
27,1,0.95,0.987671734411203
27,2,0.05,0.8331959434776629
27,2,0.10,0.9472935120561827
27,2,0.15,0.9687559062283219
27,2,0.20,0.9648809120590096
27,2,0.25,0.972185801622913
27,2,0.30,0.9822050904632176
27,2,0.35,0.9848848016312682
27,2,0.40,0.9835552096978022
27,2,0.45,0.9823519974104561
27,2,0.50,0.9867647180416346
27,2,0.55,0.9910143671691817
27,2,0.60,0.9899378283887527
27,2,0.65,0.9900042710401713
27,2,0.70,0.9857115311037501
27,2,0.75,0.9878528901911678
27,2,0.80,0.9875193001529533
27,2,0.85,0.9852933967016358
27,2,0.90,0.9845779970415882
27,2,0.95,0.985626869776083
27,3,0.05,0.9381726529907524
27,3,0.10,0.9583278949441837
27,3,0.15,0.94751927955249
27,3,0.20,0.9675821986641462
27,3,0.25,0.9784563125606154
27,3,0.30,0.9809298020139556
27,3,0.35,0.9817092773213898
27,3,0.40,0.9853914319537893
27,3,0.45,0.9877862719109226
27,3,0.50,0.9862145816250005
27,3,0.55,0.9849192067886863
27,3,0.60,0.9879480743780363
27,3,0.65,0.9856278732866717
27,3,0.70,0.9902941641770608
27,3,0.75,0.990720220752846
27,3,0.80,0.9867063736120404
27,3,0.85,0.9860445415639955
27,3,0.90,0.9872205610547194
27,3,0.95,0.9901369103857827
27,4,0.05,0.8308901474694471
27,4,0.10,0.9342600585539552
27,4,0.15,0.962343142318216
27,4,0.20,0.9755076351244993
27,4,0.25,0.9637619036329413
27,4,0.30,0.9787181976159482
27,4,0.35,0.9765318771132647
27,4,0.40,0.979230115945279
27,4,0.45,0.9833967151466623
27,4,0.50,0.9858324136482544
27,4,0.55,0.9845168819776026
27,4,0.60,0.9907264820000848
27,4,0.65,0.9909733939587769
27,4,0.70,0.9881558108792559
27,4,0.75,0.989791718631807
27,4,0.80,0.9880798850956903
27,4,0.85,0.9878220353552448
27,4,0.90,0.9866742118045148
27,4,0.95,0.9852580049603724
27,5,0.05,0.8303339811081106
27,5,0.10,0.9599225948815248
27,5,0.15,0.9604047545632489
27,5,0.20,0.9560977439124336
27,5,0.25,0.9772382309695816
27,5,0.30,0.9770588601265267
27,5,0.35,0.983409650493696
27,5,0.40,0.977611048892941
27,5,0.45,0.9852057504529317
27,5,0.50,0.9880987741649344
27,5,0.55,0.9875402775238723
27,5,0.60,0.9842768076610903
27,5,0.65,0.9862691179712244
27,5,0.70,0.9902138005185641
27,5,0.75,0.9888765414078367
27,5,0.80,0.9864881754361591
27,5,0.85,0.9908169710681048
27,5,0.90,0.9858697050758852
27,5,0.95,0.9866240156514952
27,6,0.05,0.7820816922092269
27,6,0.10,0.9455250503431798
27,6,0.15,0.9715834271333652
27,6,0.20,0.9470268745181554
27,6,0.25,0.9680862628798645
27,6,0.30,0.9866451656676994
27,6,0.35,0.9861215084138559
27,6,0.40,0.9871184569613565
27,6,0.45,0.981552559693361
27,6,0.50,0.9877324132794104
27,6,0.55,0.9892110730397407
27,6,0.60,0.9888939031403889
27,6,0.65,0.9855218477479355
27,6,0.70,0.9902122072540113
27,6,0.75,0.9888095573929454
27,6,0.80,0.9868331280516175
27,6,0.85,0.9902101217819217
27,6,0.90,0.9897907551364664
27,6,0.95,0.9892987159426666
27,7,0.05,0.8701415542254227
27,7,0.10,0.9590553735827305
27,7,0.15,0.9767021421439821
27,7,0.20,0.9603649164505546
27,7,0.25,0.9695227755808373
27,7,0.30,0.9756892967776511
27,7,0.35,0.9842122845951624
27,7,0.40,0.9853848701542
27,7,0.45,0.9849293834080578
27,7,0.50,0.9880344947402929
27,7,0.55,0.9879877959333093
27,7,0.60,0.988728511321943
27,7,0.65,0.9851329211384067
27,7,0.70,0.9872247633294271
27,7,0.75,0.9876971048291442
27,7,0.80,0.9892121204848465
27,7,0.85,0.9883149947069382
27,7,0.90,0.9888012752363535
27,7,0.95,0.9848446168958624
27,8,0.05,0.8844672766188829
27,8,0.10,0.8937910174052037
27,8,0.15,0.9642163615280056
27,8,0.20,0.9782965812090499
27,8,0.25,0.9597993588324931
27,8,0.30,0.9806829371411235
27,8,0.35,0.9787281212995352
27,8,0.40,0.9864121364031269
27,8,0.45,0.9839232183372943
27,8,0.50,0.9863977132806044
27,8,0.55,0.9872062407546429
27,8,0.60,0.9868883007959748
27,8,0.65,0.986637265686885
27,8,0.70,0.9862345554682601
27,8,0.75,0.9893832276909997
27,8,0.80,0.9886400764738892
27,8,0.85,0.9887768606987982
27,8,0.90,0.9899940832642046
27,8,0.95,0.9879740177952422
27,9,0.05,0.7658312383432907
27,9,0.10,0.9418561906513786
27,9,0.15,0.9724727669574248
27,9,0.20,0.9759087925840301
27,9,0.25,0.9632205041616484
27,9,0.30,0.9843181408102268
27,9,0.35,0.9849515086289281
27,9,0.40,0.9854552389818141
27,9,0.45,0.9871382890215518
27,9,0.50,0.9849242068659806
27,9,0.55,0.9882008015441713
27,9,0.60,0.9897852738974541
27,9,0.65,0.988808921341738
27,9,0.70,0.9896718201897787
27,9,0.75,0.9893811674736522
27,9,0.80,0.9862194672216983
27,9,0.85,0.9858757812098575
27,9,0.90,0.9877603662850771
27,9,0.95,0.9875017340988856
28,0,0.05,0.9062547492909611
28,0,0.10,0.9463865639611174
28,0,0.15,0.9588607105756072
28,0,0.20,0.9446820596325636
28,0,0.25,0.9693932964623364
28,0,0.30,0.9660031672451185
28,0,0.35,0.9801415447794304
28,0,0.40,0.9843785300496275
28,0,0.45,0.982854177806352
28,0,0.50,0.9870930639199594
28,0,0.55,0.9853333213177908
28,0,0.60,0.9865389265505676
28,0,0.65,0.9873958415602642
28,0,0.70,0.9918660669352164
28,0,0.75,0.9879186451306061
28,0,0.80,0.9856855687202879
28,0,0.85,0.9872593903459823
28,0,0.90,0.9889933296188255
28,0,0.95,0.9896501317667984
28,1,0.05,0.5405999034074815
28,1,0.10,0.9237207424238449
28,1,0.15,0.9544723468595165
28,1,0.20,0.9703580961145709
28,1,0.25,0.9672724507498274
28,1,0.30,0.9782815578405274
28,1,0.35,0.9828749005227955
28,1,0.40,0.9866554460377898
28,1,0.45,0.9839516077905001
28,1,0.50,0.983186772620913
28,1,0.55,0.9831543605497229
28,1,0.60,0.9891777800656845
28,1,0.65,0.9859212463023038
28,1,0.70,0.9871411971805454
28,1,0.75,0.9884847882437455
28,1,0.80,0.9881794778676196
28,1,0.85,0.9876326719726903
28,1,0.90,0.9885648012256175
28,1,0.95,0.9862276585790004
28,2,0.05,0.8471144170917746
28,2,0.10,0.9577633895234468
28,2,0.15,0.9717201578255796
28,2,0.20,0.9655752213953989
28,2,0.25,0.9847300035252485
28,2,0.30,0.966079412278274
28,2,0.35,0.984779725019035
28,2,0.40,0.9833438171266717
28,2,0.45,0.9806555477132901
28,2,0.50,0.9813637831504124
28,2,0.55,0.9790970734664903
28,2,0.60,0.9887134604061841
28,2,0.65,0.9901284173918791
28,2,0.70,0.9872267822522564
28,2,0.75,0.9889335396329166
28,2,0.80,0.9870389517855573
28,2,0.85,0.9861758361093211
28,2,0.90,0.987054319688989
28,2,0.95,0.9906701005568499
28,3,0.05,0.8990338591841106
28,3,0.10,0.9321371033575394
28,3,0.15,0.9671793405282878
28,3,0.20,0.9585617544702173
28,3,0.25,0.9551615818065962
28,3,0.30,0.9798742392581437
28,3,0.35,0.9832982809640181
28,3,0.40,0.9793905870733691
28,3,0.45,0.9737087851344753
28,3,0.50,0.9860342665047772
28,3,0.55,0.9879448356480869
28,3,0.60,0.9868333197555256
28,3,0.65,0.9875554373522855
28,3,0.70,0.9868852717348154
28,3,0.75,0.9885915368738049
28,3,0.80,0.9887650250671608
28,3,0.85,0.9879870147256302
28,3,0.90,0.9870268848335011
28,3,0.95,0.9877986314563786
28,4,0.05,0.9270063095836442
28,4,0.10,0.9308173070621014
28,4,0.15,0.9383701666824362
28,4,0.20,0.9731162726779456
28,4,0.25,0.9807264324441671
28,4,0.30,0.9824001778079519
28,4,0.35,0.9824109501711612
28,4,0.40,0.9820050551802251
28,4,0.45,0.9828270697532889
28,4,0.50,0.9798222166352055
28,4,0.55,0.9850717756997549
28,4,0.60,0.984096554791824
28,4,0.65,0.9864879074563934
28,4,0.70,0.9899483208866483
28,4,0.75,0.9886615431636543
28,4,0.80,0.9882603648558325
28,4,0.85,0.9871417977162872
28,4,0.90,0.9857375859425878
28,4,0.95,0.9898936256104229
28,5,0.05,0.9115482609865009
28,5,0.10,0.897139636394995
28,5,0.15,0.961341050986506
28,5,0.20,0.9651126642056261
28,5,0.25,0.9695849052593007
28,5,0.30,0.9826500086145614
28,5,0.35,0.9806760315488886
28,5,0.40,0.9830774360785564
28,5,0.45,0.9791043720874004
28,5,0.50,0.9825437571020927
28,5,0.55,0.985853259407841
28,5,0.60,0.9852344542407896
28,5,0.65,0.9884837533570887
28,5,0.70,0.9818500162095576
28,5,0.75,0.9867927229779926
28,5,0.80,0.9868050839548428
28,5,0.85,0.9901494744246259
28,5,0.90,0.9893242688509901
28,5,0.95,0.9865767739232583
28,6,0.05,0.8049289113419109
28,6,0.10,0.9483936670466515
28,6,0.15,0.958791688817206
28,6,0.20,0.9801230343302786
28,6,0.25,0.9770455075368516
28,6,0.30,0.9828154936353882
28,6,0.35,0.9818457943029347
28,6,0.40,0.9828600855326715
28,6,0.45,0.985105891955024
28,6,0.50,0.9865031915605689
28,6,0.55,0.9861848480474847
28,6,0.60,0.9893867748371491
28,6,0.65,0.9884509211481224
28,6,0.70,0.987900598968683
28,6,0.75,0.9880146158249405
28,6,0.80,0.9869086075054602
28,6,0.85,0.9872069779030677
28,6,0.90,0.9900083248360676
28,6,0.95,0.9868435061853101
28,7,0.05,0.8720544958005301
28,7,0.10,0.9488516008048482
28,7,0.15,0.9687273240362532
28,7,0.20,0.9790936340267568
28,7,0.25,0.9721303422218943
28,7,0.30,0.9834979466662511
28,7,0.35,0.983970752194739
28,7,0.40,0.9867600835035892
28,7,0.45,0.978461951912008
28,7,0.50,0.9829033548763774
28,7,0.55,0.9819661755761746
28,7,0.60,0.9881318529395146
28,7,0.65,0.9870236226129054
28,7,0.70,0.9857899345753377
28,7,0.75,0.9887128977771868
28,7,0.80,0.9852577252455125
28,7,0.85,0.9875103537220258
28,7,0.90,0.9896212040322
28,7,0.95,0.9897614355662079
28,8,0.05,0.8247076301746936
28,8,0.10,0.9312461900603168
28,8,0.15,0.9782089986258178
28,8,0.20,0.965086496253902
28,8,0.25,0.9752029367492252
28,8,0.30,0.9849720567114721
28,8,0.35,0.9858979803799984
28,8,0.40,0.9859293555165547
28,8,0.45,0.9874549743187649
28,8,0.50,0.9839478536897663
28,8,0.55,0.9906734816430467
28,8,0.60,0.9859795191273306
28,8,0.65,0.986171186430039
28,8,0.70,0.988899439520034
28,8,0.75,0.9863281582840698
28,8,0.80,0.9881624798503329
28,8,0.85,0.9845407333826602
28,8,0.90,0.985219601947827
28,8,0.95,0.9898296127891956
28,9,0.05,0.8460425022897266
28,9,0.10,0.9594809123162826
28,9,0.15,0.9466698066323719
28,9,0.20,0.971933692216721
28,9,0.25,0.9706600433986946
28,9,0.30,0.9821117972191589
28,9,0.35,0.9845188930125242
28,9,0.40,0.9843172992259869
28,9,0.45,0.9851870736331457
28,9,0.50,0.9866702396426635
28,9,0.55,0.9846875217891284
28,9,0.60,0.9860213947275543
28,9,0.65,0.9867467345202802
28,9,0.70,0.9845657857721605
28,9,0.75,0.9828967933329856
28,9,0.80,0.9869979672508212
28,9,0.85,0.9873072369838051
28,9,0.90,0.9900456700333932
28,9,0.95,0.9881753647105043
29,0,0.05,0.897049060064337
29,0,0.10,0.9451726038236395
29,0,0.15,0.9777447385823544
29,0,0.20,0.9521751601427897
29,0,0.25,0.9736567489777717
29,0,0.30,0.9729882969946719
29,0,0.35,0.98375753203198
29,0,0.40,0.9815561025602161
29,0,0.45,0.9821987093570401
29,0,0.50,0.9892294059331179
29,0,0.55,0.985964945805804
29,0,0.60,0.9862889617167222
29,0,0.65,0.9863285030377592
29,0,0.70,0.9868419215099081
29,0,0.75,0.9878958791329049
29,0,0.80,0.9866018863911219
29,0,0.85,0.9882797522243346
29,0,0.90,0.9882729104374715
29,0,0.95,0.9893039169529533
29,1,0.05,0.7959731951299077
29,1,0.10,0.9365096934537983
29,1,0.15,0.9604300110485618
29,1,0.20,0.9768120217369476
29,1,0.25,0.9775647510061821
29,1,0.30,0.9774039761481864
29,1,0.35,0.9845752821981041
29,1,0.40,0.9828402625132531
29,1,0.45,0.9844379385335408
29,1,0.50,0.9868987316772551
29,1,0.55,0.9872802348888445
29,1,0.60,0.9868090199185275
29,1,0.65,0.988099444218179
29,1,0.70,0.9897745658361904
29,1,0.75,0.9896855124680689
29,1,0.80,0.9866872741328534
29,1,0.85,0.9875172078285372
29,1,0.90,0.9876580243449524
29,1,0.95,0.9897558287928885
29,2,0.05,0.8094012218782797
29,2,0.10,0.938025831106066
29,2,0.15,0.9512567087593594
29,2,0.20,0.9584564941220214
29,2,0.25,0.9746182137490157
29,2,0.30,0.9740249405498433
29,2,0.35,0.9757751230062928
29,2,0.40,0.9834588980545951
29,2,0.45,0.9808995655100831
29,2,0.50,0.9855760484240401
29,2,0.55,0.9844938340112867
29,2,0.60,0.9870030922585031
29,2,0.65,0.9875494304868225
29,2,0.70,0.988648943782534
29,2,0.75,0.9895174155039235
29,2,0.80,0.9854495996423056
29,2,0.85,0.9877866351402415
29,2,0.90,0.9868752448779732
29,2,0.95,0.9883387873216473
29,3,0.05,0.9078419602299861
29,3,0.10,0.9316459782149263
29,3,0.15,0.9621805811399999
29,3,0.20,0.9733795673060385
29,3,0.25,0.9721648010625514
29,3,0.30,0.9750275869988533
29,3,0.35,0.9852440445678444
29,3,0.40,0.9834684305920726
29,3,0.45,0.9855408061762071
29,3,0.50,0.9856658130346294
29,3,0.55,0.9869539052145582
29,3,0.60,0.9885345628219716
29,3,0.65,0.9868912175245581
29,3,0.70,0.9865727944967011
29,3,0.75,0.9891430544214885
29,3,0.80,0.9891780127469377
29,3,0.85,0.9892797149935427
29,3,0.90,0.9884819548389387
29,3,0.95,0.9902431516153388
29,4,0.05,0.9239447490426056
29,4,0.10,0.9131921819296954
29,4,0.15,0.9613359542734053
29,4,0.20,0.9733623131981881
29,4,0.25,0.9667555230779067
29,4,0.30,0.9794497947443854
29,4,0.35,0.983721112599736
29,4,0.40,0.983728715077415
29,4,0.45,0.9837044192520927
29,4,0.50,0.9863705847336234
29,4,0.55,0.986804342014535
29,4,0.60,0.9879459442719492
29,4,0.65,0.984313838448002
29,4,0.70,0.989404717704868
29,4,0.75,0.9878903320697001
29,4,0.80,0.9879392915307853
29,4,0.85,0.9894048725291578
29,4,0.90,0.9869944087618275
29,4,0.95,0.9881064877599113
29,5,0.05,0.9340939689587764
29,5,0.10,0.9087070308307772
29,5,0.15,0.9436100569091933
29,5,0.20,0.9645923620856329
29,5,0.25,0.9743781035836343
29,5,0.30,0.9800081814962998
29,5,0.35,0.9819982242831081
29,5,0.40,0.9867634170042122
29,5,0.45,0.9860554245891732
29,5,0.50,0.9869878251250432
29,5,0.55,0.9854850351722156
29,5,0.60,0.9848928328236506
29,5,0.65,0.9899026097491465
29,5,0.70,0.9892294058384847
29,5,0.75,0.9877843323059791
29,5,0.80,0.985150537827903
29,5,0.85,0.9897033490119663
29,5,0.90,0.9902720092824189
29,5,0.95,0.989435278577108
29,6,0.05,0.8728723619291312
29,6,0.10,0.9031277399735093
29,6,0.15,0.9687174116586071
29,6,0.20,0.9599602400617295
29,6,0.25,0.9771512864509576
29,6,0.30,0.9773795175021799
29,6,0.35,0.9695458345783173
29,6,0.40,0.980133634378787
29,6,0.45,0.9852112952101785
29,6,0.50,0.988372472003738
29,6,0.55,0.9886971420769849
29,6,0.60,0.9852552674657903
29,6,0.65,0.9859382077815202
29,6,0.70,0.9914908815531918
29,6,0.75,0.9896735479695192
29,6,0.80,0.9852714826022367
29,6,0.85,0.988844286440814
29,6,0.90,0.9876039476663566
29,6,0.95,0.9872793904689552
29,7,0.05,0.8809327231139801
29,7,0.10,0.9790759932593289
29,7,0.15,0.9600114138528207
29,7,0.20,0.9779595834988067
29,7,0.25,0.9846378931420688
29,7,0.30,0.9718883059916168
29,7,0.35,0.9828613534920148
29,7,0.40,0.9812631309871934
29,7,0.45,0.9837011696669454
29,7,0.50,0.9863667984968164
29,7,0.55,0.9883913877666227
29,7,0.60,0.9871785579181596
29,7,0.65,0.9836411845967106
29,7,0.70,0.9891198585370009
29,7,0.75,0.9917317486699155
29,7,0.80,0.9889277207037388
29,7,0.85,0.9901263597161855
29,7,0.90,0.9875657630311535
29,7,0.95,0.9899904294484339
29,8,0.05,0.8772455745918946
29,8,0.10,0.9309216555467719
29,8,0.15,0.9473820102824221
29,8,0.20,0.9652783007357971
29,8,0.25,0.9716412445747498
29,8,0.30,0.9846409727845206
29,8,0.35,0.9801714747976554
29,8,0.40,0.9826589125088048
29,8,0.45,0.9730613303765971
29,8,0.50,0.9866703832268947
29,8,0.55,0.9897130692514914
29,8,0.60,0.9826079994583721
29,8,0.65,0.9871287771315241
29,8,0.70,0.9884150145433809
29,8,0.75,0.9871614104870419
29,8,0.80,0.9874839653626718
29,8,0.85,0.9885399972074401
29,8,0.90,0.9880036063334098
29,8,0.95,0.9888416069395308
29,9,0.05,0.8842236690277647
29,9,0.10,0.9144295100462461
29,9,0.15,0.9423843868960314
29,9,0.20,0.9732478414735476
29,9,0.25,0.9803652832433919
29,9,0.30,0.9685792696412292
29,9,0.35,0.981371039920832
29,9,0.40,0.9822768310973146
29,9,0.45,0.9834859037636281
29,9,0.50,0.9900699441980454
29,9,0.55,0.984098990178149
29,9,0.60,0.9851176533131729
29,9,0.65,0.9878802131230828
29,9,0.70,0.9887601566605508
29,9,0.75,0.9866979480442265
29,9,0.80,0.9873696890564816
29,9,0.85,0.9898898993642613
29,9,0.90,0.9866427534354154
29,9,0.95,0.9855532297270507
30,0,0.05,0.957171979515467
30,0,0.10,0.9271766953736293
30,0,0.15,0.9510180358860237
30,0,0.20,0.9587735185750855
30,0,0.25,0.9764478489471371
30,0,0.30,0.9736810697655678
30,0,0.35,0.9799156443949488
30,0,0.40,0.982038211327077
30,0,0.45,0.9857743804403538
30,0,0.50,0.9881825151451294
30,0,0.55,0.9873811466739648
30,0,0.60,0.9874645197678452
30,0,0.65,0.989722884427107
30,0,0.70,0.9866642596008802
30,0,0.75,0.9873784431592129
30,0,0.80,0.9861828158323656
30,0,0.85,0.9895757325912463
30,0,0.90,0.9878570380846545
30,0,0.95,0.9895403104042274
30,1,0.05,0.8453883293634539
30,1,0.10,0.8983497641280878
30,1,0.15,0.9434633504552219
30,1,0.20,0.9596375674786505
30,1,0.25,0.976200664514261
30,1,0.30,0.9730432191784488
30,1,0.35,0.9774854902322333
30,1,0.40,0.9839646207849493
30,1,0.45,0.9824645063760081
30,1,0.50,0.9867810183310097
30,1,0.55,0.9877008516300984
30,1,0.60,0.9887995276366528
30,1,0.65,0.9900197670493754
30,1,0.70,0.9863141367018353
30,1,0.75,0.9876577124564723
30,1,0.80,0.9902536963502248
30,1,0.85,0.9867070240089819
30,1,0.90,0.9883548870068215
30,1,0.95,0.9891677039954462
30,2,0.05,0.7852659071296242
30,2,0.10,0.9168508567651179
30,2,0.15,0.9707204693774907
30,2,0.20,0.9625866801951213
30,2,0.25,0.9528235126142687
30,2,0.30,0.9740363736113723
30,2,0.35,0.9806637867462032
30,2,0.40,0.9747936824146543
30,2,0.45,0.9810290842767242
30,2,0.50,0.9889213746563675
30,2,0.55,0.9855308875596932
30,2,0.60,0.9894954683904011
30,2,0.65,0.9859154002004522
30,2,0.70,0.9895430472621405
30,2,0.75,0.9876575871462746
30,2,0.80,0.9890536684117187
30,2,0.85,0.9890171101299103
30,2,0.90,0.9880817321730153
30,2,0.95,0.9884868384551244
30,3,0.05,0.8740331312326811
30,3,0.10,0.8957286989715633
30,3,0.15,0.9517754733689258
30,3,0.20,0.9577915572822266
30,3,0.25,0.9731677755513167
30,3,0.30,0.9778614555191514
30,3,0.35,0.9805681711130407
30,3,0.40,0.9870888635190311
30,3,0.45,0.9825806303707623
30,3,0.50,0.9870648256622427
30,3,0.55,0.9879050769132178
30,3,0.60,0.9851018162680211
30,3,0.65,0.9876766017331416
30,3,0.70,0.988871742967787
30,3,0.75,0.9891579921314183
30,3,0.80,0.988732902869349
30,3,0.85,0.988365447866636
30,3,0.90,0.9874317210838727
30,3,0.95,0.9861642690116853
30,4,0.05,0.922389832591813
30,4,0.10,0.9302239769017051
30,4,0.15,0.9419499960633277
30,4,0.20,0.9749651495846761
30,4,0.25,0.9710015429255355
30,4,0.30,0.9653570599241336
30,4,0.35,0.9851667703557694
30,4,0.40,0.9859486730147496
30,4,0.45,0.9818592819569588
30,4,0.50,0.9870164318485178
30,4,0.55,0.9866526692247722
30,4,0.60,0.9875145619999057
30,4,0.65,0.986985067993251
30,4,0.70,0.9879909467522078
30,4,0.75,0.9863823799128159
30,4,0.80,0.9874308188166405
30,4,0.85,0.9895811926625965
30,4,0.90,0.9872742234370513
30,4,0.95,0.9876026940483694
30,5,0.05,0.9027150177851794
30,5,0.10,0.9344757068318215
30,5,0.15,0.954042236769752
30,5,0.20,0.9509750178622836
30,5,0.25,0.9658674009384991
30,5,0.30,0.9734237856167995
30,5,0.35,0.9792760817067397
30,5,0.40,0.9836931856531989
30,5,0.45,0.9808634892282688
30,5,0.50,0.9885615655300296
30,5,0.55,0.9891348915140993
30,5,0.60,0.9853045755226055
30,5,0.65,0.9872141984238119
30,5,0.70,0.987956952353671
30,5,0.75,0.99054852491068
30,5,0.80,0.9871138170201321
30,5,0.85,0.9900622000911292
30,5,0.90,0.9879193217908042
30,5,0.95,0.989576652238164
30,6,0.05,0.871446109287341
30,6,0.10,0.9280308502375927
30,6,0.15,0.9685086743997382
30,6,0.20,0.9489935438494317
30,6,0.25,0.9625418384021829
30,6,0.30,0.9769274199034327
30,6,0.35,0.9778315488217402
30,6,0.40,0.985879253505381
30,6,0.45,0.9870651561662136
30,6,0.50,0.9828128452111444
30,6,0.55,0.9828919562893296
30,6,0.60,0.98621348088403
30,6,0.65,0.9884920483115727
30,6,0.70,0.9878743505363573
30,6,0.75,0.9889012469373262
30,6,0.80,0.9870289064816299
30,6,0.85,0.988749480060201
30,6,0.90,0.9853757459998079
30,6,0.95,0.9862432500666408
30,7,0.05,0.9039315530853029
30,7,0.10,0.9459958302999275
30,7,0.15,0.9604414363093514
30,7,0.20,0.9670960928053909
30,7,0.25,0.9693043802232204
30,7,0.30,0.971571315077119
30,7,0.35,0.9810976588198423
30,7,0.40,0.9848516690498152
30,7,0.45,0.9854553847279023
30,7,0.50,0.981654242864261
30,7,0.55,0.986003877833584
30,7,0.60,0.9867543676315802
30,7,0.65,0.9874242489117157
30,7,0.70,0.9885590043380426
30,7,0.75,0.987596844959507
30,7,0.80,0.987905235381677
30,7,0.85,0.9880206955194585
30,7,0.90,0.9862425109437171
30,7,0.95,0.9856279639851262
30,8,0.05,0.8950265801051047
30,8,0.10,0.9594559808426298
30,8,0.15,0.9553561468449172
30,8,0.20,0.9530563261420217
30,8,0.25,0.9623805197725122
30,8,0.30,0.9644961148236677
30,8,0.35,0.976144965947438
30,8,0.40,0.9850208016542449
30,8,0.45,0.9826876700339744
30,8,0.50,0.9829707021143435
30,8,0.55,0.9849278093867028
30,8,0.60,0.984756796898536
30,8,0.65,0.9877002847056221
30,8,0.70,0.9882788914418067
30,8,0.75,0.9875772459161214
30,8,0.80,0.9840799205925724
30,8,0.85,0.9900349901018842
30,8,0.90,0.987674336450757
30,8,0.95,0.9834582462267747
30,9,0.05,0.7994225259881221
30,9,0.10,0.9410461759264118
30,9,0.15,0.9405342453214657
30,9,0.20,0.9719151602210935
30,9,0.25,0.9787160901831671
30,9,0.30,0.9740622551756706
30,9,0.35,0.968486165242666
30,9,0.40,0.9834581514880923
30,9,0.45,0.9850118963157303
30,9,0.50,0.9823193050027953
30,9,0.55,0.9831987478674515
30,9,0.60,0.9866172014442091
30,9,0.65,0.9863859410281446
30,9,0.70,0.9867104005589569
30,9,0.75,0.9882449645636113
30,9,0.80,0.9905066875277451
30,9,0.85,0.9859826843095508
30,9,0.90,0.9853049192991141
30,9,0.95,0.986152213316652
31,0,0.05,0.8789134526460278
31,0,0.10,0.8942433711800497
31,0,0.15,0.943027970737886
31,0,0.20,0.9414020147365066
31,0,0.25,0.9811107928893269
31,0,0.30,0.9788021149324002
31,0,0.35,0.9844905213943625
31,0,0.40,0.9825922810968568
31,0,0.45,0.9834519476355547
31,0,0.50,0.9866173904303932
31,0,0.55,0.9875540460117556
31,0,0.60,0.9844992613000537
31,0,0.65,0.9842530646242348
31,0,0.70,0.9906671633890111
31,0,0.75,0.9827688294861275
31,0,0.80,0.9898003709516942
31,0,0.85,0.9888770330499478
31,0,0.90,0.9886333703476969
31,0,0.95,0.9881259743148273
31,1,0.05,0.9356488917644052
31,1,0.10,0.9310999015221939
31,1,0.15,0.9680237546477788
31,1,0.20,0.9665615161652016
31,1,0.25,0.9761428952585592
31,1,0.30,0.9801174238210849
31,1,0.35,0.9842353426119395
31,1,0.40,0.980359575616937
31,1,0.45,0.9868450193745931
31,1,0.50,0.9865953169675005
31,1,0.55,0.9852055272334594
31,1,0.60,0.985418447170259
31,1,0.65,0.9872018471587252
31,1,0.70,0.9883559207606929
31,1,0.75,0.9884577957930509
31,1,0.80,0.9906256542305155
31,1,0.85,0.9868707544885253
31,1,0.90,0.986156100493117
31,1,0.95,0.9858558443395954
31,2,0.05,0.85588966585102
31,2,0.10,0.9272986424713365
31,2,0.15,0.9402674081736222
31,2,0.20,0.9678143540690554
31,2,0.25,0.9732532163694796
31,2,0.30,0.9858479385567959
31,2,0.35,0.9815842562545022
31,2,0.40,0.9852588334092713
31,2,0.45,0.9843378725171921
31,2,0.50,0.9860277648021795
31,2,0.55,0.9900702252853113
31,2,0.60,0.9853351196831931
31,2,0.65,0.9875115722426165
31,2,0.70,0.9839049633595915
31,2,0.75,0.9902443844245067
31,2,0.80,0.9861585763187204
31,2,0.85,0.9874245071692616
31,2,0.90,0.9907114141879049
31,2,0.95,0.9891721979156733
31,3,0.05,0.8627898740914809
31,3,0.10,0.9216087479373051
31,3,0.15,0.9569454730981709
31,3,0.20,0.9643154599795092
31,3,0.25,0.9695974991792176
31,3,0.30,0.9849426589324979
31,3,0.35,0.9836452307470792
31,3,0.40,0.9838830468435983
31,3,0.45,0.9827409986967663
31,3,0.50,0.9854886589936362
31,3,0.55,0.9859737026587927
31,3,0.60,0.9884206792627123
31,3,0.65,0.9873973494218816
31,3,0.70,0.9800041531898774
31,3,0.75,0.9874734562629125
31,3,0.80,0.9876062832937963
31,3,0.85,0.9897061012932235
31,3,0.90,0.9905809275410552
31,3,0.95,0.9885637079442803
31,4,0.05,0.9222864528851447
31,4,0.10,0.9260868080866594
31,4,0.15,0.9362736671959541
31,4,0.20,0.9744197028183647
31,4,0.25,0.9785293848347981
31,4,0.30,0.9754462578564683
31,4,0.35,0.9808346367444665
31,4,0.40,0.98606078796285
31,4,0.45,0.987740993118137
31,4,0.50,0.9860763338300087
31,4,0.55,0.9885658409667772
31,4,0.60,0.9858994429822086
31,4,0.65,0.9860827962892144
31,4,0.70,0.9861449163688215
31,4,0.75,0.986521230391623
31,4,0.80,0.9876333304958482
31,4,0.85,0.9884878809699849
31,4,0.90,0.9880865893446557
31,4,0.95,0.987956583511564
31,5,0.05,0.8431388771124979
31,5,0.10,0.9253443400171673
31,5,0.15,0.955497401306451
31,5,0.20,0.9755361802133006
31,5,0.25,0.9784158281469799
31,5,0.30,0.9754292276293007
31,5,0.35,0.9791062007722036
31,5,0.40,0.9775652478288698
31,5,0.45,0.9898927500382989
31,5,0.50,0.9802527570188408
31,5,0.55,0.9858271015795004
31,5,0.60,0.9876252363293659
31,5,0.65,0.9856520714400815
31,5,0.70,0.9880609105778
31,5,0.75,0.9911854986396251
31,5,0.80,0.988906081316939
31,5,0.85,0.9872497232275244
31,5,0.90,0.986891978053625
31,5,0.95,0.9881189059846015
31,6,0.05,0.8987885787918479
31,6,0.10,0.9430077865524088
31,6,0.15,0.9491534461590414
31,6,0.20,0.9722623780404613
31,6,0.25,0.9800974661219837
31,6,0.30,0.9805726789378859
31,6,0.35,0.9863107236091444
31,6,0.40,0.9876994499295718
31,6,0.45,0.9859646733133772
31,6,0.50,0.9856879651848917
31,6,0.55,0.984916184282263
31,6,0.60,0.9863545193821449
31,6,0.65,0.990538914808119
31,6,0.70,0.9872714358307387
31,6,0.75,0.988651956674428
31,6,0.80,0.9875262784270497
31,6,0.85,0.9847699954299843
31,6,0.90,0.9899472637728629
31,6,0.95,0.9868887589983081
31,7,0.05,0.9180089050605065
31,7,0.10,0.9325844244793708
31,7,0.15,0.9707150256521162
31,7,0.20,0.9557599041416576
31,7,0.25,0.982467968832613
31,7,0.30,0.9705571223983913
31,7,0.35,0.9822186454780456
31,7,0.40,0.9824965936099518
31,7,0.45,0.9842695858909202
31,7,0.50,0.9885147347494133
31,7,0.55,0.984446363779007
31,7,0.60,0.9874926832141101
31,7,0.65,0.9888462106860455
31,7,0.70,0.9857991496253511
31,7,0.75,0.9877467201034423
31,7,0.80,0.9880047222912947
31,7,0.85,0.9856417150318068
31,7,0.90,0.988340339200413
31,7,0.95,0.9880104483395474
31,8,0.05,0.9035481807432459
31,8,0.10,0.9588003373018321
31,8,0.15,0.9639082654404101
31,8,0.20,0.9656842906232661
31,8,0.25,0.9722701399196638
31,8,0.30,0.9832550272565075
31,8,0.35,0.9810973591113902
31,8,0.40,0.9871772003259719
31,8,0.45,0.9848730732561054
31,8,0.50,0.9883858318987897
31,8,0.55,0.9892018244186288
31,8,0.60,0.9865286561521573
31,8,0.65,0.9882381327521275
31,8,0.70,0.9892736532830111
31,8,0.75,0.9884098842573532
31,8,0.80,0.9864832573034549
31,8,0.85,0.9883951295818301
31,8,0.90,0.9894856011955091
31,8,0.95,0.9902359047574538
31,9,0.05,0.8838404533702787
31,9,0.10,0.9446014071223026
31,9,0.15,0.9675833054758272
31,9,0.20,0.9783414929410842
31,9,0.25,0.9739050453708022
31,9,0.30,0.9813556839736555
31,9,0.35,0.9856390940591432
31,9,0.40,0.9871402440724344
31,9,0.45,0.9874958985657605
31,9,0.50,0.9826213714403846
31,9,0.55,0.982855456717204
31,9,0.60,0.9893540439980971
31,9,0.65,0.9901169058946899
31,9,0.70,0.9867511901559053
31,9,0.75,0.9856227726112037
31,9,0.80,0.984360145404484
31,9,0.85,0.9893172260068092
31,9,0.90,0.9858162605771574
31,9,0.95,0.9894070412709071
32,0,0.05,0.827102179715821
32,0,0.10,0.9268360368991285
32,0,0.15,0.9529690649331715
32,0,0.20,0.9560554603101804
32,0,0.25,0.974038834429966
32,0,0.30,0.9761927814107249
32,0,0.35,0.9828041023953681
32,0,0.40,0.9801323685432951
32,0,0.45,0.9839132555907305
32,0,0.50,0.9855555617543491
32,0,0.55,0.9877109374512347
32,0,0.60,0.9864508106901363
32,0,0.65,0.9891789749177295
32,0,0.70,0.9863399353758833
32,0,0.75,0.9870593643632758
32,0,0.80,0.9897629386955866
32,0,0.85,0.9880671022982019
32,0,0.90,0.9847421196147943
32,0,0.95,0.9854879202432554
32,1,0.05,0.9003381818374218
32,1,0.10,0.8298003791730415
32,1,0.15,0.9349091031304217
32,1,0.20,0.9572091643926254
32,1,0.25,0.9739739257337623
32,1,0.30,0.974621431360976
32,1,0.35,0.9780239771837158
32,1,0.40,0.9844681789722706
32,1,0.45,0.9814019963737446
32,1,0.50,0.9827386445780637
32,1,0.55,0.9876457472286262
32,1,0.60,0.9892994616522839
32,1,0.65,0.9867777394149814
32,1,0.70,0.9873969686531636
32,1,0.75,0.9899760606994819
32,1,0.80,0.9828448100273535
32,1,0.85,0.9868088522969626
32,1,0.90,0.9873760923455883
32,1,0.95,0.9850485468907556
32,2,0.05,0.8514541365113184
32,2,0.10,0.8842926328021659
32,2,0.15,0.8972574060872557
32,2,0.20,0.9666647860203329
32,2,0.25,0.9675551407773171
32,2,0.30,0.9829360249059402
32,2,0.35,0.9778045552700396
32,2,0.40,0.9855635709475677
32,2,0.45,0.9882802107631363
32,2,0.50,0.9859345008001957
32,2,0.55,0.9849455613949449
32,2,0.60,0.9896043157363272
32,2,0.65,0.9865121708580278
32,2,0.70,0.9852342358798446
32,2,0.75,0.9890550143450523
32,2,0.80,0.9884706298685918
32,2,0.85,0.9896414057540477
32,2,0.90,0.9880208225727194
32,2,0.95,0.9872010794909625
32,3,0.05,0.7543643995811667
32,3,0.10,0.833202075818775
32,3,0.15,0.9532818752265784
32,3,0.20,0.9644030555666487
32,3,0.25,0.9773601663675137
32,3,0.30,0.9748225787380858
32,3,0.35,0.9805935201078277
32,3,0.40,0.9856466188170567
32,3,0.45,0.9804076773877516
32,3,0.50,0.9863607134923765
32,3,0.55,0.9878491627248769
32,3,0.60,0.9900083618613869
32,3,0.65,0.9886011803760324
32,3,0.70,0.9898361262387811
32,3,0.75,0.9853595094701161
32,3,0.80,0.9883216151209332
32,3,0.85,0.9899991963513313
32,3,0.90,0.9892049544846532
32,3,0.95,0.9886084220805403
32,4,0.05,0.878575409265528
32,4,0.10,0.9269936172489979
32,4,0.15,0.9237004743250474
32,4,0.20,0.9446533596962403
32,4,0.25,0.982258210333612
32,4,0.30,0.9851764923489048
32,4,0.35,0.9781973140009941
32,4,0.40,0.9734258277088923
32,4,0.45,0.9622394709949541
32,4,0.50,0.9788858136070254
32,4,0.55,0.9816982721433076
32,4,0.60,0.9872273825158709
32,4,0.65,0.9873948261628334
32,4,0.70,0.9891441622276443
32,4,0.75,0.9911842495792158
32,4,0.80,0.9876158510596492
32,4,0.85,0.9883137711421046
32,4,0.90,0.9859138717592117
32,4,0.95,0.9873447745046787
32,5,0.05,0.937188020927783
32,5,0.10,0.9030262227784616
32,5,0.15,0.9261926554437109
32,5,0.20,0.9648582042521842
32,5,0.25,0.9792291975708395
32,5,0.30,0.9817088403661465
32,5,0.35,0.9780083025552837
32,5,0.40,0.9734995163754889
32,5,0.45,0.9842923830423319
32,5,0.50,0.9883132240141758
32,5,0.55,0.9882253387201854
32,5,0.60,0.9894245434561867
32,5,0.65,0.9906587703314876
32,5,0.70,0.9875671576312436
32,5,0.75,0.9839582045663358
32,5,0.80,0.9891577259516413
32,5,0.85,0.986396638373699
32,5,0.90,0.9881221015647578
32,5,0.95,0.9853265134914568
32,6,0.05,0.7653815543398905
32,6,0.10,0.8794135482697748
32,6,0.15,0.9329817232474904
32,6,0.20,0.9498865375430412
32,6,0.25,0.9760723426927186
32,6,0.30,0.9836231814346291
32,6,0.35,0.9832206032511865
32,6,0.40,0.9835761894256142
32,6,0.45,0.9830549483445594
32,6,0.50,0.987548158896104
32,6,0.55,0.9908007038735719
32,6,0.60,0.9900339936940067
32,6,0.65,0.9880592264954569
32,6,0.70,0.9872035690830318
32,6,0.75,0.9896552697840786
32,6,0.80,0.9896053037592237
32,6,0.85,0.9896745837648696
32,6,0.90,0.9858892060950678
32,6,0.95,0.9872695375633113
32,7,0.05,0.9287252502395847
32,7,0.10,0.940564008447694
32,7,0.15,0.9459610691179008
32,7,0.20,0.9632106491151892
32,7,0.25,0.9771687571027785
32,7,0.30,0.978933784994554
32,7,0.35,0.9819384663617462
32,7,0.40,0.9810735112153731
32,7,0.45,0.9848055644262961
32,7,0.50,0.9859711919804649
32,7,0.55,0.9877223606442743
32,7,0.60,0.9890497390709934
32,7,0.65,0.9862822616938516
32,7,0.70,0.9878553312634576
32,7,0.75,0.9877495254611754
32,7,0.80,0.9900474999743207
32,7,0.85,0.9887933208387871
32,7,0.90,0.9885531075102769
32,7,0.95,0.9861778502285353
32,8,0.05,0.8018206638999392
32,8,0.10,0.8554402399647526
32,8,0.15,0.9512454376509766
32,8,0.20,0.9765273789906229
32,8,0.25,0.9719100379153345
32,8,0.30,0.9732385537913879
32,8,0.35,0.9851804768504688
32,8,0.40,0.9788099029448627
32,8,0.45,0.9836907050802135
32,8,0.50,0.9848300809227061
32,8,0.55,0.9855090857691707
32,8,0.60,0.9893090838506519
32,8,0.65,0.9892848268919802
32,8,0.70,0.9895087456343983
32,8,0.75,0.9890693654982692
32,8,0.80,0.9869665402201709
32,8,0.85,0.9887235500345197
32,8,0.90,0.9891080423234476
32,8,0.95,0.9882718173756063
32,9,0.05,0.9038908275969058
32,9,0.10,0.9177322503943677
32,9,0.15,0.9429764915315954
32,9,0.20,0.9616958119278144
32,9,0.25,0.9820758318423604
32,9,0.30,0.9827336989375471
32,9,0.35,0.9840156434234852
32,9,0.40,0.9780417671646904
32,9,0.45,0.9822624135599765
32,9,0.50,0.9843546784211468
32,9,0.55,0.9900380614466426
32,9,0.60,0.9844644174970268
32,9,0.65,0.9860332008338177
32,9,0.70,0.9871716122367514
32,9,0.75,0.9855993183344592
32,9,0.80,0.9881811423856289
32,9,0.85,0.9884087632343225
32,9,0.90,0.9898158393541442
32,9,0.95,0.9903740121033366
33,0,0.05,0.8998319395700185
33,0,0.10,0.9329823733199327
33,0,0.15,0.941566189563616
33,0,0.20,0.966212405804086
33,0,0.25,0.9752804403765974
33,0,0.30,0.9730518079997187
33,0,0.35,0.9835855340517526
33,0,0.40,0.9829677768584062
33,0,0.45,0.9829294192441806
33,0,0.50,0.9802689706201388
33,0,0.55,0.9843865436203783
33,0,0.60,0.9896243187439892
33,0,0.65,0.9869971251539675
33,0,0.70,0.9849533749232667
33,0,0.75,0.9885283251117979
33,0,0.80,0.9889456486081999
33,0,0.85,0.9866883438621776
33,0,0.90,0.9859574194206797
33,0,0.95,0.9899491577348665
33,1,0.05,0.9312885746799792
33,1,0.10,0.9519023161721494
33,1,0.15,0.9473932749606812
33,1,0.20,0.9714437276008134
33,1,0.25,0.9799707913559528
33,1,0.30,0.9799516454406368
33,1,0.35,0.975095319080306
33,1,0.40,0.9852056241724138
33,1,0.45,0.9808504728360524
33,1,0.50,0.9829053843570471
33,1,0.55,0.9840496383891968
33,1,0.60,0.9875009876909956
33,1,0.65,0.9863642557516616
33,1,0.70,0.9861055154208289
33,1,0.75,0.98739051737229
33,1,0.80,0.986291332517449
33,1,0.85,0.986677224807548
33,1,0.90,0.9895846042229525
33,1,0.95,0.9877033306638698
33,2,0.05,0.8221982346976238
33,2,0.10,0.9464198269518131
33,2,0.15,0.9432914817461863
33,2,0.20,0.981475596764208
33,2,0.25,0.9761178235466418
33,2,0.30,0.971077111408982
33,2,0.35,0.9741652737116393
33,2,0.40,0.981848564054494
33,2,0.45,0.9842921807085606
33,2,0.50,0.9798290628567805
33,2,0.55,0.9840598542259167
33,2,0.60,0.9878200395747285
33,2,0.65,0.9864029569157572
33,2,0.70,0.9857905301358854
33,2,0.75,0.9878187708836855
33,2,0.80,0.985768099994551
33,2,0.85,0.9902346495909542
33,2,0.90,0.9869867756964443
33,2,0.95,0.9864155830233875
33,3,0.05,0.9066266244625887
33,3,0.10,0.9460895119823197
33,3,0.15,0.902741513447816
33,3,0.20,0.9724388787156283
33,3,0.25,0.9668915691098896
33,3,0.30,0.9763737769754423
33,3,0.35,0.9818933777392365
33,3,0.40,0.9727861141737283
33,3,0.45,0.9821624604652609
33,3,0.50,0.982947805028747
33,3,0.55,0.9897617079948501
33,3,0.60,0.9869528569956285
33,3,0.65,0.9900650843829086
33,3,0.70,0.9907414571603196
33,3,0.75,0.9892358350380568
33,3,0.80,0.9895992810936312
33,3,0.85,0.9894045487828634
33,3,0.90,0.9886170438183413
33,3,0.95,0.9873883278789952
33,4,0.05,0.8594363396148242
33,4,0.10,0.9190915182619509
33,4,0.15,0.9656152713778057
33,4,0.20,0.9767181307094251
33,4,0.25,0.9710291750938568
33,4,0.30,0.9801502724394263
33,4,0.35,0.9758252600351289
33,4,0.40,0.9769882217637654
33,4,0.45,0.9852026009736815
33,4,0.50,0.9859051182446665
33,4,0.55,0.9846126873875239
33,4,0.60,0.9871073567630617
33,4,0.65,0.9877905565745811
33,4,0.70,0.9887895756196081
33,4,0.75,0.9883398698386684
33,4,0.80,0.9871970376426864
33,4,0.85,0.9821780638121214
33,4,0.90,0.98708327647253
33,4,0.95,0.9864822816723774
33,5,0.05,0.8694955992430922
33,5,0.10,0.9360032646839089
33,5,0.15,0.9706150908481243
33,5,0.20,0.9701915999527594
33,5,0.25,0.9708852405254146
33,5,0.30,0.9752326501223877
33,5,0.35,0.9751739548836486
33,5,0.40,0.9789424277142722
33,5,0.45,0.9842434842250258
33,5,0.50,0.9857619770805145
33,5,0.55,0.9823243030571309
33,5,0.60,0.9851327489556949
33,5,0.65,0.9876765347642785
33,5,0.70,0.9870927386524848
33,5,0.75,0.9885121630647582
33,5,0.80,0.9900517359242256
33,5,0.85,0.9887058513697939
33,5,0.90,0.9901205966833732
33,5,0.95,0.9885844266982736
33,6,0.05,0.8629389693635123
33,6,0.10,0.8264668467747915
33,6,0.15,0.9290018770802716
33,6,0.20,0.9509553295174643
33,6,0.25,0.9764901539215184
33,6,0.30,0.9764906092015209
33,6,0.35,0.9757796514326074
33,6,0.40,0.9779338529078826
33,6,0.45,0.9845393779331675
33,6,0.50,0.9840198344677479
33,6,0.55,0.9841802502284308
33,6,0.60,0.9873151436298848
33,6,0.65,0.990082574166235
33,6,0.70,0.9894320245617757
33,6,0.75,0.9860054001420613
33,6,0.80,0.9908889364009007
33,6,0.85,0.9883898412653064
33,6,0.90,0.9891655353530984
33,6,0.95,0.9880269113495647
33,7,0.05,0.909588370314007
33,7,0.10,0.9213079679429
33,7,0.15,0.944659418783698
33,7,0.20,0.9670107894905468
33,7,0.25,0.9741616734197229
33,7,0.30,0.9660329640084798
33,7,0.35,0.9674926748118199
33,7,0.40,0.9782563457851499
33,7,0.45,0.982368556128837
33,7,0.50,0.9832521490531103
33,7,0.55,0.9856525894349576
33,7,0.60,0.981587247249233
33,7,0.65,0.9851321213024434
33,7,0.70,0.9885031917466772
33,7,0.75,0.9896370689852919
33,7,0.80,0.9880697484982153
33,7,0.85,0.9834187255422054
33,7,0.90,0.9871465219982639
33,7,0.95,0.9826471042937492
33,8,0.05,0.9406886371359099
33,8,0.10,0.8907380853736728
33,8,0.15,0.9671045830779368
33,8,0.20,0.9713988179039412
33,8,0.25,0.979891477149492
33,8,0.30,0.9781842765707348
33,8,0.35,0.9822116382051189
33,8,0.40,0.9823737161501076
33,8,0.45,0.9826886716456351
33,8,0.50,0.9793858224638128
33,8,0.55,0.9877313486420569
33,8,0.60,0.9869591873601221
33,8,0.65,0.9855279780906313
33,8,0.70,0.9868099108286464
33,8,0.75,0.9892944080137775
33,8,0.80,0.988008405843361
33,8,0.85,0.9901392428675677
33,8,0.90,0.9902449388283633
33,8,0.95,0.9901234573119405
33,9,0.05,0.8954037788564103
33,9,0.10,0.9070747400291532
33,9,0.15,0.9725299667963552
33,9,0.20,0.9566676838612755
33,9,0.25,0.9758212508656258
33,9,0.30,0.974188185657949
33,9,0.35,0.9725436328495296
33,9,0.40,0.9799536103634522
33,9,0.45,0.983742941027767
33,9,0.50,0.9874148838953734
33,9,0.55,0.9845281088257071
33,9,0.60,0.9875801631372603
33,9,0.65,0.9877268574626497
33,9,0.70,0.9905390363433151
33,9,0.75,0.9882519425420287
33,9,0.80,0.9890116080889982
33,9,0.85,0.9906327801706177
33,9,0.90,0.9895850794896511
33,9,0.95,0.986162065924288
34,0,0.05,0.8012945329898016
34,0,0.10,0.93931080208463
34,0,0.15,0.9628504425005446
34,0,0.20,0.9711413605935147
34,0,0.25,0.9787482077913681
34,0,0.30,0.9855982962520343
34,0,0.35,0.974289072939592
34,0,0.40,0.9849665562454605
34,0,0.45,0.9847661547970542
34,0,0.50,0.9868651105206621
34,0,0.55,0.9861927499327823
34,0,0.60,0.9865362374820157
34,0,0.65,0.9879064746674875
34,0,0.70,0.9868287708170072
34,0,0.75,0.9851142396640987
34,0,0.80,0.989537487307398
34,0,0.85,0.98799135989478
34,0,0.90,0.9867230042404707
34,0,0.95,0.9896924182004863
34,1,0.05,0.7951607720602755
34,1,0.10,0.9436289579331633
34,1,0.15,0.9669247573830291
34,1,0.20,0.9481329662420699
34,1,0.25,0.9764752556908343
34,1,0.30,0.9703941798180535
34,1,0.35,0.9796479394114233
34,1,0.40,0.9819007865670597
34,1,0.45,0.9879956974955714
34,1,0.50,0.9822033435673057
34,1,0.55,0.9893353495694094
34,1,0.60,0.9877629621018452
34,1,0.65,0.9842538429669355
34,1,0.70,0.9873661215372899
34,1,0.75,0.9885642471846942
34,1,0.80,0.9885678330756633
34,1,0.85,0.9889382014712963
34,1,0.90,0.9874860460797152
34,1,0.95,0.9893493475847233
34,2,0.05,0.8665236683497728
34,2,0.10,0.9026834222852409
34,2,0.15,0.9467701678319054
34,2,0.20,0.9665896696572706
34,2,0.25,0.9726198040263789
34,2,0.30,0.9837873727126065
34,2,0.35,0.977049885440107
34,2,0.40,0.9786773517243459
34,2,0.45,0.9816647432529786
34,2,0.50,0.9843594496080965
34,2,0.55,0.9842753597573666
34,2,0.60,0.9876206858856484
34,2,0.65,0.9872327562633422
34,2,0.70,0.988936454935287
34,2,0.75,0.9849839527694794
34,2,0.80,0.9905011274231884
34,2,0.85,0.989593705140999
34,2,0.90,0.9879546188608094
34,2,0.95,0.9867945172560288
34,3,0.05,0.8933074304409849
34,3,0.10,0.8847106219717956
34,3,0.15,0.9448369550212482
34,3,0.20,0.9591738108086358
34,3,0.25,0.9784817921186735
34,3,0.30,0.9737891392376979
34,3,0.35,0.9796274497364735
34,3,0.40,0.9840341102784732
34,3,0.45,0.9787302817351533
34,3,0.50,0.9838994512205893
34,3,0.55,0.9894862687689979
34,3,0.60,0.9852673667262735
34,3,0.65,0.9866117084419094
34,3,0.70,0.9843810824419691
34,3,0.75,0.9867303263432614
34,3,0.80,0.9879211217528578
34,3,0.85,0.9890016063602513
34,3,0.90,0.9845835057575112
34,3,0.95,0.9895093296035588
34,4,0.05,0.8694117489369677
34,4,0.10,0.9148202517181412
34,4,0.15,0.9606414756547644
34,4,0.20,0.9701272986865198
34,4,0.25,0.9794711661393493
34,4,0.30,0.9798038713182233
34,4,0.35,0.9761615983103886
34,4,0.40,0.9792056281721054
34,4,0.45,0.9802838287476601
34,4,0.50,0.9884073948938971
34,4,0.55,0.9850742161448216
34,4,0.60,0.985310786554231
34,4,0.65,0.9870617685642098
34,4,0.70,0.9873338994647599
34,4,0.75,0.987963012955435
34,4,0.80,0.99010684025593
34,4,0.85,0.9874379973478697
34,4,0.90,0.9907582551133578
34,4,0.95,0.9857270484819622
34,5,0.05,0.8519232437997426
34,5,0.10,0.9393148201672822
34,5,0.15,0.9681645373242963
34,5,0.20,0.9730593928967566
34,5,0.25,0.9796703760235983
34,5,0.30,0.9719186747453705
34,5,0.35,0.9811068866727443
34,5,0.40,0.9852282467950741
34,5,0.45,0.9886315160269594
34,5,0.50,0.9895426791394214
34,5,0.55,0.9900426142959071
34,5,0.60,0.9889551087962886
34,5,0.65,0.9855762769275237
34,5,0.70,0.9886657558962907
34,5,0.75,0.9891436689861274
34,5,0.80,0.9886830661001256
34,5,0.85,0.9878438225876901
34,5,0.90,0.9866396926179603
34,5,0.95,0.9874297717898876
34,6,0.05,0.900636420018402
34,6,0.10,0.8903554382503601
34,6,0.15,0.9418460258471728
34,6,0.20,0.962247250036601
34,6,0.25,0.9740087261044097
34,6,0.30,0.9817449516189117
34,6,0.35,0.9844042543278869
34,6,0.40,0.984287200208246
34,6,0.45,0.9846299823199752
34,6,0.50,0.9843729624843349
34,6,0.55,0.9865816399449393
34,6,0.60,0.9890699531447122
34,6,0.65,0.9873663390595241
34,6,0.70,0.9859094540779889
34,6,0.75,0.987570879055372
34,6,0.80,0.9868113468012714
34,6,0.85,0.9881167899439413
34,6,0.90,0.9881289238760183
34,6,0.95,0.9881791741421372
34,7,0.05,0.8853799331014265
34,7,0.10,0.9552945447802256
34,7,0.15,0.9598632051745106
34,7,0.20,0.9802594510104965
34,7,0.25,0.9584808337966075
34,7,0.30,0.9770994632611361
34,7,0.35,0.9735723918194356
34,7,0.40,0.9833458990138877
34,7,0.45,0.9841894981601362
34,7,0.50,0.9888672936465742
34,7,0.55,0.9853032978827195
34,7,0.60,0.9885191937724924
34,7,0.65,0.9883195836129453
34,7,0.70,0.9879310293565644
34,7,0.75,0.9876136030777084
34,7,0.80,0.9862132210654898
34,7,0.85,0.9879531976152823
34,7,0.90,0.9867988037166148
34,7,0.95,0.9881037259442852
34,8,0.05,0.9022386671233797
34,8,0.10,0.9084878133254035
34,8,0.15,0.9519703232295997
34,8,0.20,0.9422264977974276
34,8,0.25,0.9748862563804283
34,8,0.30,0.98103034017904
34,8,0.35,0.9747998086049207
34,8,0.40,0.9777789037074646
34,8,0.45,0.9799191378585353
34,8,0.50,0.9834038121603639
34,8,0.55,0.9882595960818911
34,8,0.60,0.9862380859699239
34,8,0.65,0.9862535446027108
34,8,0.70,0.9851618894704074
34,8,0.75,0.9878700731912696
34,8,0.80,0.9854690797771145
34,8,0.85,0.9909282905687234
34,8,0.90,0.9869101951182382
34,8,0.95,0.9894556506257006
34,9,0.05,0.8846202259413136
34,9,0.10,0.9048756545739157
34,9,0.15,0.948218173523037
34,9,0.20,0.9800058713273357
34,9,0.25,0.9831766258442903
34,9,0.30,0.9762573925205026
34,9,0.35,0.9835126802108026
34,9,0.40,0.9828393061721395
34,9,0.45,0.9844082166101612
34,9,0.50,0.9836090376022456
34,9,0.55,0.9879145354266806
34,9,0.60,0.9883208051919071
34,9,0.65,0.9886747891845966
34,9,0.70,0.9841552542969075
34,9,0.75,0.9877082436341686
34,9,0.80,0.9896253868473722
34,9,0.85,0.9840096094840979
34,9,0.90,0.9901578082000849
34,9,0.95,0.986979454185693
35,0,0.05,0.9241134408037422
35,0,0.10,0.9052469583838895
35,0,0.15,0.9139511716957839
35,0,0.20,0.9477278115134345
35,0,0.25,0.9760704326443916
35,0,0.30,0.977569675449035
35,0,0.35,0.9682768436696196
35,0,0.40,0.9782998328856586
35,0,0.45,0.9813691970118108
35,0,0.50,0.9859981530843486
35,0,0.55,0.9843581166783166
35,0,0.60,0.9874429573979243
35,0,0.65,0.989564587673217
35,0,0.70,0.989704464342625
35,0,0.75,0.9881188326284358
35,0,0.80,0.9869298646643949
35,0,0.85,0.9902625330543927
35,0,0.90,0.9892120532186699
35,0,0.95,0.9895615856457834
35,1,0.05,0.9153070856958582
35,1,0.10,0.9375738998305164
35,1,0.15,0.9566174921136933
35,1,0.20,0.9617826311639399
35,1,0.25,0.9724106993912067
35,1,0.30,0.9585990827039615
35,1,0.35,0.9828925448197277
35,1,0.40,0.9859931914888359
35,1,0.45,0.9843084941960032
35,1,0.50,0.979225759808077
35,1,0.55,0.9867188754320835
35,1,0.60,0.9843189063627248
35,1,0.65,0.9899071598554812
35,1,0.70,0.9888088987985847
35,1,0.75,0.9894005375654152
35,1,0.80,0.9893314435066596
35,1,0.85,0.9895511179187078
35,1,0.90,0.9885003328237892
35,1,0.95,0.9882954241787206
35,2,0.05,0.6932582814446667
35,2,0.10,0.8981032394453693
35,2,0.15,0.9259987890047797
35,2,0.20,0.9632524109053257
35,2,0.25,0.971111187925879
35,2,0.30,0.9839677059570636
35,2,0.35,0.9812204288139094
35,2,0.40,0.9746119837733125
35,2,0.45,0.982680941963722
35,2,0.50,0.9864530945243418
35,2,0.55,0.9856810599026404
35,2,0.60,0.9857787439071702
35,2,0.65,0.9897947772837483
35,2,0.70,0.9869111783221053
35,2,0.75,0.9878775218763088
35,2,0.80,0.9887396923853371
35,2,0.85,0.9881249618673538
35,2,0.90,0.9886749131205703
35,2,0.95,0.9907590019522308
35,3,0.05,0.8680195692839949
35,3,0.10,0.9247300268320011
35,3,0.15,0.9328439459297363
35,3,0.20,0.9557200152902511
35,3,0.25,0.9740828548490164
35,3,0.30,0.9728446632772613
35,3,0.35,0.9798680885186585
35,3,0.40,0.9740785801912913
35,3,0.45,0.9855685501060666
35,3,0.50,0.9862061944383047
35,3,0.55,0.9835259175102591
35,3,0.60,0.9866973394333591
35,3,0.65,0.985918861299038
35,3,0.70,0.9890462027138184
35,3,0.75,0.9860086597658091
35,3,0.80,0.9878259861809616
35,3,0.85,0.9891503139757948
35,3,0.90,0.9877062239127539
35,3,0.95,0.9882839045649165
35,4,0.05,0.8091757339584269
35,4,0.10,0.9305118821301434
35,4,0.15,0.9690295066546015
35,4,0.20,0.9521228193253107
35,4,0.25,0.9704354771217254
35,4,0.30,0.981393051344181
35,4,0.35,0.9764028232350129
35,4,0.40,0.9834364984116863
35,4,0.45,0.9829665903553266
35,4,0.50,0.9812661120970085
35,4,0.55,0.9862941002741097
35,4,0.60,0.9862500870191014
35,4,0.65,0.9862899269400064
35,4,0.70,0.9876124741802755
35,4,0.75,0.9888175837782323
35,4,0.80,0.9900340800476698
35,4,0.85,0.9891562357742991
35,4,0.90,0.9893011583344132
35,4,0.95,0.9876646024380327
35,5,0.05,0.8890362977609794
35,5,0.10,0.9259978396847909
35,5,0.15,0.9621983654771203
35,5,0.20,0.9538593679652105
35,5,0.25,0.9675302382292866
35,5,0.30,0.9776640321400073
35,5,0.35,0.980046811616103
35,5,0.40,0.9759305306969301
35,5,0.45,0.9816539037992138
35,5,0.50,0.986487540680068
35,5,0.55,0.9857715703637756
35,5,0.60,0.9875008822186024
35,5,0.65,0.9905087784813761
35,5,0.70,0.9891470839038612
35,5,0.75,0.9897573513337777
35,5,0.80,0.986660648330463
35,5,0.85,0.9880669442950814
35,5,0.90,0.9891482595059435
35,5,0.95,0.9844570536312576
35,6,0.05,0.9000845172104358
35,6,0.10,0.9286998097425991
35,6,0.15,0.9496820234000968
35,6,0.20,0.9608163619162301
35,6,0.25,0.9725204081925454
35,6,0.30,0.976451688030836
35,6,0.35,0.9790044976107001
35,6,0.40,0.9847035265650015
35,6,0.45,0.9844921814689261
35,6,0.50,0.9858113622832311
35,6,0.55,0.9816583427933351
35,6,0.60,0.9887114021577065
35,6,0.65,0.9887474372158759
35,6,0.70,0.9881317552951346
35,6,0.75,0.9875202617545329
35,6,0.80,0.986313856036195
35,6,0.85,0.9913741259696778
35,6,0.90,0.9906527425011643
35,6,0.95,0.9867878899262231
35,7,0.05,0.858511174390493
35,7,0.10,0.9436371158027573
35,7,0.15,0.9579105336862915
35,7,0.20,0.969803178184002
35,7,0.25,0.9727827740100271
35,7,0.30,0.982252661547042
35,7,0.35,0.9740486711349153
35,7,0.40,0.9810642644656536
35,7,0.45,0.989032722591932
35,7,0.50,0.9829851426309019
35,7,0.55,0.986224512491724
35,7,0.60,0.9850312100277016
35,7,0.65,0.9877928023384577
35,7,0.70,0.9903022198697682
35,7,0.75,0.9895472287264688
35,7,0.80,0.9898424515499401
35,7,0.85,0.9869479977423249
35,7,0.90,0.9859230144502485
35,7,0.95,0.9887392500908186
35,8,0.05,0.6386198029001409
35,8,0.10,0.8890063339763514
35,8,0.15,0.9455204796505008
35,8,0.20,0.9567406499873286
35,8,0.25,0.9706942822375828
35,8,0.30,0.981351188072443
35,8,0.35,0.9855030288269098
35,8,0.40,0.9772353542714094
35,8,0.45,0.9797980045486316
35,8,0.50,0.9851150079382557
35,8,0.55,0.9879585778200048
35,8,0.60,0.9876620642980589
35,8,0.65,0.9891626497259927
35,8,0.70,0.9893710263669331
35,8,0.75,0.9885260806383664
35,8,0.80,0.9876203213448344
35,8,0.85,0.9868297890261606
35,8,0.90,0.9892021022760098
35,8,0.95,0.9904223469604815
35,9,0.05,0.8747847698251869
35,9,0.10,0.9383295587657945
35,9,0.15,0.9487998120054077
35,9,0.20,0.9653908666049092
35,9,0.25,0.9794502918697706
35,9,0.30,0.9794198215899707
35,9,0.35,0.976156133944011
35,9,0.40,0.9840457986343726
35,9,0.45,0.9808994332026392
35,9,0.50,0.9804410195792103
35,9,0.55,0.9874299669830473
35,9,0.60,0.9854355179357487
35,9,0.65,0.9905540844313134
35,9,0.70,0.9907997133730042
35,9,0.75,0.9894244117898552
35,9,0.80,0.9877590877091587
35,9,0.85,0.988338087367837
35,9,0.90,0.9892574317793078
35,9,0.95,0.9890206190559137
36,0,0.05,0.8909707851759274
36,0,0.10,0.9307646787722551
36,0,0.15,0.972031170113399
36,0,0.20,0.9749231526421045
36,0,0.25,0.978063013233888
36,0,0.30,0.9810211957791413
36,0,0.35,0.9753511262765965
36,0,0.40,0.9843938617416867
36,0,0.45,0.9825192444332812
36,0,0.50,0.9893149607357075
36,0,0.55,0.9877655514822544
36,0,0.60,0.9918322938332513
36,0,0.65,0.9902223908723631
36,0,0.70,0.9886117910163726
36,0,0.75,0.98297583105182
36,0,0.80,0.9854839990142539
36,0,0.85,0.9875774130982551
36,0,0.90,0.9885973047938506
36,0,0.95,0.9890707559960543
36,1,0.05,0.9572481421799286
36,1,0.10,0.8475895646334131
36,1,0.15,0.9707520149149884
36,1,0.20,0.981065865145329
36,1,0.25,0.9785335832815047
36,1,0.30,0.9752447823210509
36,1,0.35,0.9841018648442543
36,1,0.40,0.9773877417522037
36,1,0.45,0.9827179522186771
36,1,0.50,0.9869526174600701
36,1,0.55,0.9886477068713024
36,1,0.60,0.9875644641176321
36,1,0.65,0.9875944409757401
36,1,0.70,0.9877138192252366
36,1,0.75,0.9876719376563138
36,1,0.80,0.9872729426853019
36,1,0.85,0.9880261454592971
36,1,0.90,0.9853745961420344
36,1,0.95,0.9890720238908927
36,2,0.05,0.8712330020929636
36,2,0.10,0.9398264004268728
36,2,0.15,0.9731578097638343
36,2,0.20,0.967292852753236
36,2,0.25,0.9825161179978497
36,2,0.30,0.9794398209844277
36,2,0.35,0.9779556131382335
36,2,0.40,0.9853626897309676
36,2,0.45,0.9861414809664468
36,2,0.50,0.9891590809697074
36,2,0.55,0.987542985035686
36,2,0.60,0.9862177828862837
36,2,0.65,0.9925461741892992
36,2,0.70,0.990089536492201
36,2,0.75,0.9891849271665827
36,2,0.80,0.9873581235891754
36,2,0.85,0.9890523574221689
36,2,0.90,0.9867407917816723
36,2,0.95,0.9890273810423759
36,3,0.05,0.8950282974604479
36,3,0.10,0.9353045606606313
36,3,0.15,0.9683521169291656
36,3,0.20,0.9662106844582844
36,3,0.25,0.9751850796036705
36,3,0.30,0.986304660405923
36,3,0.35,0.9816248610208971
36,3,0.40,0.9868703564750948
36,3,0.45,0.9845736889609868
36,3,0.50,0.9849682437765942
36,3,0.55,0.9888594262858571
36,3,0.60,0.9885620831986778
36,3,0.65,0.9894005341198207
36,3,0.70,0.9863450070056353
36,3,0.75,0.9897591983092693
36,3,0.80,0.989082387220743
36,3,0.85,0.9857932937375388
36,3,0.90,0.9899151921125318
36,3,0.95,0.9890429447556712
36,4,0.05,0.9351950739181178
36,4,0.10,0.9651888724273999
36,4,0.15,0.9535775123001179
36,4,0.20,0.9777645814124304
36,4,0.25,0.9748028744345091
36,4,0.30,0.9719819446618304
36,4,0.35,0.9819050942633188
36,4,0.40,0.9835677255002134
36,4,0.45,0.983603401346971
36,4,0.50,0.983865231070201
36,4,0.55,0.9840974679441928
36,4,0.60,0.9881404640431892
36,4,0.65,0.9885306659217393
36,4,0.70,0.9885973922501512
36,4,0.75,0.9894057894316349
36,4,0.80,0.9897441287075149
36,4,0.85,0.989629010519445
36,4,0.90,0.9872419513478703
36,4,0.95,0.9898135293139909
36,5,0.05,0.9088021527502481
36,5,0.10,0.9241745713232051
36,5,0.15,0.9507279219513064
36,5,0.20,0.9611988378957546
36,5,0.25,0.9708550077378808
36,5,0.30,0.9868068001112159
36,5,0.35,0.983891450017722
36,5,0.40,0.9837188687204547
36,5,0.45,0.9880620529074852
36,5,0.50,0.9879684867386246
36,5,0.55,0.9884961625816244
36,5,0.60,0.9888716563364663
36,5,0.65,0.9872701651315099
36,5,0.70,0.9920929341861282
36,5,0.75,0.9890256562908784
36,5,0.80,0.9874169531808327
36,5,0.85,0.9898013315361079
36,5,0.90,0.9867892775327389
36,5,0.95,0.9871423883624956
36,6,0.05,0.9254947369924807
36,6,0.10,0.9655712135414277
36,6,0.15,0.9627753388137111
36,6,0.20,0.9598373278212664
36,6,0.25,0.9730103935090553
36,6,0.30,0.9840057280007082
36,6,0.35,0.9824867545165641
36,6,0.40,0.9840928535959023
36,6,0.45,0.989861183403183
36,6,0.50,0.9846529419946689
36,6,0.55,0.9833717407853
36,6,0.60,0.983900962786292
36,6,0.65,0.9893533021209499
36,6,0.70,0.9876194290525808
36,6,0.75,0.9878030938086595
36,6,0.80,0.9881467704126227
36,6,0.85,0.9849551072523907
36,6,0.90,0.9867803246134433
36,6,0.95,0.9871746135543811
36,7,0.05,0.8689606286713949
36,7,0.10,0.9594731862179797
36,7,0.15,0.9567046201385865
36,7,0.20,0.9645679603336975
36,7,0.25,0.9715466813113163
36,7,0.30,0.9814012528063881
36,7,0.35,0.980363986713217
36,7,0.40,0.9855229159221225
36,7,0.45,0.9848721146051768
36,7,0.50,0.9862784307146529
36,7,0.55,0.9887502144874221
36,7,0.60,0.987826173371717
36,7,0.65,0.9890748495990993
36,7,0.70,0.9878163382467866
36,7,0.75,0.9888138820035433
36,7,0.80,0.9869871182051967
36,7,0.85,0.9880591017701178
36,7,0.90,0.9898985046609472
36,7,0.95,0.9887578759032788
36,8,0.05,0.6385672939960743
36,8,0.10,0.9300416486773306
36,8,0.15,0.9704732740284445
36,8,0.20,0.9553520204993169
36,8,0.25,0.9707847913673037
36,8,0.30,0.9745468805619858
36,8,0.35,0.9819454642042156
36,8,0.40,0.9863376209621126
36,8,0.45,0.9862275988818618
36,8,0.50,0.9890267617218947
36,8,0.55,0.9887522532079602
36,8,0.60,0.9853382176266052
36,8,0.65,0.990825718763428
36,8,0.70,0.9840446364542883
36,8,0.75,0.9874765482222422
36,8,0.80,0.9885692754195949
36,8,0.85,0.9869220161009591
36,8,0.90,0.9902786698210756
36,8,0.95,0.9903938231598333
36,9,0.05,0.8697717352926396
36,9,0.10,0.9591158946176146
36,9,0.15,0.9697737124321685
36,9,0.20,0.9718068284139716
36,9,0.25,0.9782113566244649
36,9,0.30,0.9744916135786426
36,9,0.35,0.9882576510111388
36,9,0.40,0.9864626127149169
36,9,0.45,0.9882198752474946
36,9,0.50,0.988141946811058
36,9,0.55,0.9869052268751082
36,9,0.60,0.988924315448528
36,9,0.65,0.990587857545394
36,9,0.70,0.9892405557486862
36,9,0.75,0.9902124786417049
36,9,0.80,0.9876718099539297
36,9,0.85,0.9899424351412592
36,9,0.90,0.986462232926349
36,9,0.95,0.9912124635971085
37,0,0.05,0.9018557153039068
37,0,0.10,0.9007719915429214
37,0,0.15,0.9623803498516732
37,0,0.20,0.9484779165497408
37,0,0.25,0.9711691505694227
37,0,0.30,0.9817948058936982
37,0,0.35,0.9791882026354496
37,0,0.40,0.9826863521200967
37,0,0.45,0.9842330359716582
37,0,0.50,0.9779442691433166
37,0,0.55,0.9888259876306591
37,0,0.60,0.9849456121180664
37,0,0.65,0.9863388162954767
37,0,0.70,0.9892109125944197
37,0,0.75,0.9865697791453605
37,0,0.80,0.9882276029706393
37,0,0.85,0.9847103675381046
37,0,0.90,0.988260377609095
37,0,0.95,0.9870442957734462
37,1,0.05,0.9387403399942081
37,1,0.10,0.9594767986736326
37,1,0.15,0.9574601212817291
37,1,0.20,0.9715594820439986
37,1,0.25,0.9711383428626887
37,1,0.30,0.9776286657570732
37,1,0.35,0.973671819005106
37,1,0.40,0.9834010666341118
37,1,0.45,0.9838683430006308
37,1,0.50,0.9843153958004869
37,1,0.55,0.9867762188808235
37,1,0.60,0.9905980557523641
37,1,0.65,0.9870485615085774
37,1,0.70,0.9913073773550547
37,1,0.75,0.9891770414952
37,1,0.80,0.9900315835638027
37,1,0.85,0.9883415687181932
37,1,0.90,0.9880531281979725
37,1,0.95,0.9874555482197414
37,2,0.05,0.9275080502554345
37,2,0.10,0.9464714637526198
37,2,0.15,0.931497697177836
37,2,0.20,0.9637707339069836
37,2,0.25,0.9648419384317538
37,2,0.30,0.9715228184989175
37,2,0.35,0.977091233048763
37,2,0.40,0.9815481270404568
37,2,0.45,0.9868136076843295
37,2,0.50,0.9881046807289235
37,2,0.55,0.9879447953710285
37,2,0.60,0.9855196723576314
37,2,0.65,0.988907474261812
37,2,0.70,0.9877054268348697
37,2,0.75,0.9882045443904378
37,2,0.80,0.9886760776413686
37,2,0.85,0.9882462885821502
37,2,0.90,0.9878323013397938
37,2,0.95,0.9883646341749459
37,3,0.05,0.9401871276639774
37,3,0.10,0.9530940418992639
37,3,0.15,0.9296886445853714
37,3,0.20,0.9540830739646755
37,3,0.25,0.9548024237087815
37,3,0.30,0.9711882465666795
37,3,0.35,0.9733509678270648
37,3,0.40,0.9752380552944735
37,3,0.45,0.9832864672437877
37,3,0.50,0.9776791715156171
37,3,0.55,0.9860872186700685
37,3,0.60,0.9839600703650455
37,3,0.65,0.9870994702742134
37,3,0.70,0.9878135260717268
37,3,0.75,0.988142312742859
37,3,0.80,0.9900409942279714
37,3,0.85,0.9893694095626251
37,3,0.90,0.9901291122932575
37,3,0.95,0.9866081412106398
37,4,0.05,0.879321626804311
37,4,0.10,0.8465782246097523
37,4,0.15,0.9628794563637029
37,4,0.20,0.9503949902333959
37,4,0.25,0.9698012661460881
37,4,0.30,0.9850356525862684
37,4,0.35,0.9797530697778589
37,4,0.40,0.9840813438892231
37,4,0.45,0.9785689534102933
37,4,0.50,0.9828793986590635
37,4,0.55,0.9871829451374888
37,4,0.60,0.986781843497331
37,4,0.65,0.987236176458842
37,4,0.70,0.9902332171156549
37,4,0.75,0.9884705597355834
37,4,0.80,0.9877644459826016
37,4,0.85,0.9880565601840176
37,4,0.90,0.9870316064153719
37,4,0.95,0.9842048986262221
37,5,0.05,0.8646395886772841
37,5,0.10,0.955748786619438
37,5,0.15,0.9401093988384481
37,5,0.20,0.9692834846767815
37,5,0.25,0.9862971488838878
37,5,0.30,0.9795240325640638
37,5,0.35,0.9789502426256737
37,5,0.40,0.979326186227293
37,5,0.45,0.9801659711466151
37,5,0.50,0.9857634907852291
37,5,0.55,0.9908553082732567
37,5,0.60,0.9894682180366039
37,5,0.65,0.9870543286881865
37,5,0.70,0.9878719329430865
37,5,0.75,0.9863081495987134
37,5,0.80,0.9868845299368227
37,5,0.85,0.9894549753135633
37,5,0.90,0.9896538272590397
37,5,0.95,0.9868186804910148
37,6,0.05,0.9064939983364289
37,6,0.10,0.9456812169588263
37,6,0.15,0.9516822712184697
37,6,0.20,0.9659380682028955
37,6,0.25,0.9745544669654685
37,6,0.30,0.9749779099787899
37,6,0.35,0.9675222382821091
37,6,0.40,0.9869198869713488
37,6,0.45,0.9836085197976103
37,6,0.50,0.9890451352170263
37,6,0.55,0.989030020410503
37,6,0.60,0.9885815075288262
37,6,0.65,0.986297569997605
37,6,0.70,0.9844118230054817
37,6,0.75,0.9864010252206917
37,6,0.80,0.988067655661865
37,6,0.85,0.9867926545201371
37,6,0.90,0.9872091310102783
37,6,0.95,0.9865798216441488
37,7,0.05,0.9351730648970608
37,7,0.10,0.933596763025689
37,7,0.15,0.9373519632350222
37,7,0.20,0.9608747660136522
37,7,0.25,0.9619823465664386
37,7,0.30,0.973013410843711
37,7,0.35,0.9782935287793217
37,7,0.40,0.9844401470713201
37,7,0.45,0.9826203783931393
37,7,0.50,0.9875323919610656
37,7,0.55,0.983256789976353
37,7,0.60,0.9871256541680812
37,7,0.65,0.9885136372117436
37,7,0.70,0.9874732335814401
37,7,0.75,0.9864065501222263
37,7,0.80,0.9863282960530037
37,7,0.85,0.9859063845073333
37,7,0.90,0.9865495552184665
37,7,0.95,0.9892124425422495
37,8,0.05,0.9309538520753855
37,8,0.10,0.924126853786061
37,8,0.15,0.958979215270224
37,8,0.20,0.9749858241994468
37,8,0.25,0.9691585484857246
37,8,0.30,0.971757652154063
37,8,0.35,0.9787287458972146
37,8,0.40,0.9847039851769299
37,8,0.45,0.9818859345699421
37,8,0.50,0.9891651738991624
37,8,0.55,0.98822203850873
37,8,0.60,0.9867637449324715
37,8,0.65,0.9869553013442997
37,8,0.70,0.9887685664427436
37,8,0.75,0.9898012989807258
37,8,0.80,0.987617875572589
37,8,0.85,0.9900346991990072
37,8,0.90,0.9906803684916035
37,8,0.95,0.9853256595035007
37,9,0.05,0.8575985566188742
37,9,0.10,0.9287468434047412
37,9,0.15,0.9288509220933984
37,9,0.20,0.9550660517503938
37,9,0.25,0.971783908064966
37,9,0.30,0.9793338636865235
37,9,0.35,0.9838090218381129
37,9,0.40,0.9800343790680727
37,9,0.45,0.9864121157834835
37,9,0.50,0.9868774322702808
37,9,0.55,0.9874214195306859
37,9,0.60,0.9873471160290542
37,9,0.65,0.989872729306939
37,9,0.70,0.9857651795945909
37,9,0.75,0.9861871649548474
37,9,0.80,0.9898654192694649
37,9,0.85,0.9904015094917658
37,9,0.90,0.98721073842118
37,9,0.95,0.9887995902964337
38,0,0.05,0.8293533310544281
38,0,0.10,0.9611239617429429
38,0,0.15,0.9577759976534412
38,0,0.20,0.9741930982458026
38,0,0.25,0.971882870640453
38,0,0.30,0.9812687372243701
38,0,0.35,0.9869202402863037
38,0,0.40,0.9795986852717806
38,0,0.45,0.9868435291285809
38,0,0.50,0.9851884236858397
38,0,0.55,0.9879759296142151
38,0,0.60,0.9864234998845686
38,0,0.65,0.9873489824321612
38,0,0.70,0.9877708861735056
38,0,0.75,0.9875056594836548
38,0,0.80,0.9913872906506351
38,0,0.85,0.9913735274353516
38,0,0.90,0.9874277546583317
38,0,0.95,0.9852114829641986
38,1,0.05,0.8508979846506125
38,1,0.10,0.9266866594049188
38,1,0.15,0.960243417288103
38,1,0.20,0.9784456916218559
38,1,0.25,0.9772502083554059
38,1,0.30,0.9786366884258437
38,1,0.35,0.9855127928569107
38,1,0.40,0.9874901302267083
38,1,0.45,0.9876026786642226
38,1,0.50,0.9866328311272711
38,1,0.55,0.9865404618280821
38,1,0.60,0.9865237975597324
38,1,0.65,0.9900929207077968
38,1,0.70,0.9856945147387379
38,1,0.75,0.9841343894583728
38,1,0.80,0.9886703255919773
38,1,0.85,0.9899080578973843
38,1,0.90,0.9886995836127614
38,1,0.95,0.9909642581107263
38,2,0.05,0.6636705544673436
38,2,0.10,0.9511549024144547
38,2,0.15,0.9597854908724898
38,2,0.20,0.9769862300196601
38,2,0.25,0.9717816973405952
38,2,0.30,0.9776972661439813
38,2,0.35,0.9866973514079256
38,2,0.40,0.9847396006561172
38,2,0.45,0.9848576132793302
38,2,0.50,0.98968611968936
38,2,0.55,0.9892051209129756
38,2,0.60,0.9913375278242376
38,2,0.65,0.9892371803811284
38,2,0.70,0.9850422801925266
38,2,0.75,0.9892822187379327
38,2,0.80,0.9876539224729087
38,2,0.85,0.9857931635360533
38,2,0.90,0.9902585662060156
38,2,0.95,0.9886141515551811
38,3,0.05,0.8802054601169301
38,3,0.10,0.9491874848640753
38,3,0.15,0.9653687656269977
38,3,0.20,0.9565385310505292
38,3,0.25,0.9786255518609581
38,3,0.30,0.9849168067006251
38,3,0.35,0.9853208987600385
38,3,0.40,0.9856446838093443
38,3,0.45,0.982513216404015
38,3,0.50,0.9852021058759444
38,3,0.55,0.9860411767817215
38,3,0.60,0.9861651241528234
38,3,0.65,0.9854528850730121
38,3,0.70,0.9890921716362409
38,3,0.75,0.9876029890477505
38,3,0.80,0.9890367430387842
38,3,0.85,0.9855350449661655
38,3,0.90,0.9872546723097566
38,3,0.95,0.9906977630731093
38,4,0.05,0.8518164672581575
38,4,0.10,0.9348576373767833
38,4,0.15,0.9658289180436063
38,4,0.20,0.9760978776048785
38,4,0.25,0.9821817747013031
38,4,0.30,0.9779830041733929
38,4,0.35,0.9801384449606985
38,4,0.40,0.9817971438738549
38,4,0.45,0.9867100067172052
38,4,0.50,0.986021535854251
38,4,0.55,0.9821023414353304
38,4,0.60,0.9868323961768313
38,4,0.65,0.9817674297980242
38,4,0.70,0.9874874775824499
38,4,0.75,0.9863353740542641
38,4,0.80,0.9878073740771731
38,4,0.85,0.9881689253415824
38,4,0.90,0.986063963788952
38,4,0.95,0.9847686936093918
38,5,0.05,0.8594730630876871
38,5,0.10,0.9441630884592771
38,5,0.15,0.9675767445630038
38,5,0.20,0.9836389636887292
38,5,0.25,0.9795180369268214
38,5,0.30,0.9636157775989228
38,5,0.35,0.9841707550496932
38,5,0.40,0.9842425576490483
38,5,0.45,0.9818013098552026
38,5,0.50,0.9868115753912523
38,5,0.55,0.9852297837812061
38,5,0.60,0.9875081753160172
38,5,0.65,0.9907694054278676
38,5,0.70,0.986416311378858
38,5,0.75,0.9847427113603847
38,5,0.80,0.9899876916032376
38,5,0.85,0.9883937189516407
38,5,0.90,0.9883107732819604
38,5,0.95,0.9863443404431609
38,6,0.05,0.8967472888939401
38,6,0.10,0.9337178353520506
38,6,0.15,0.9690328036872791
38,6,0.20,0.9734681477048505
38,6,0.25,0.9770237235932335
38,6,0.30,0.9757043186220945
38,6,0.35,0.9840982830115932
38,6,0.40,0.9842728818115223
38,6,0.45,0.9836849262998308
38,6,0.50,0.984043272424899
38,6,0.55,0.9874369487173636
38,6,0.60,0.9870855283218506
38,6,0.65,0.989397819724222
38,6,0.70,0.9878699793475803
38,6,0.75,0.9875412521586981
38,6,0.80,0.9823507903161849
38,6,0.85,0.9884534423071947
38,6,0.90,0.9903854372274132
38,6,0.95,0.9900949512848469
38,7,0.05,0.8074851939372039
38,7,0.10,0.9479142380723086
38,7,0.15,0.9548622083461384
38,7,0.20,0.9793839498039063
38,7,0.25,0.9818140431980961
38,7,0.30,0.9803452098098818
38,7,0.35,0.9878924260563937
38,7,0.40,0.9878719995738716
38,7,0.45,0.9869412838831284
38,7,0.50,0.9856496039236153
38,7,0.55,0.9850956993653324
38,7,0.60,0.9881890445391572
38,7,0.65,0.98856048707901
38,7,0.70,0.9902925123398412
38,7,0.75,0.9862120224089203
38,7,0.80,0.9855994216945752
38,7,0.85,0.9871561211024277
38,7,0.90,0.9876895195930321
38,7,0.95,0.9862378780470943
38,8,0.05,0.9078769160161421
38,8,0.10,0.9514958244467635
38,8,0.15,0.962522357566118
38,8,0.20,0.966470064317052
38,8,0.25,0.9818965163952049
38,8,0.30,0.9738890540745238
38,8,0.35,0.9798648350190994
38,8,0.40,0.9813054978293134
38,8,0.45,0.9876144685153246
38,8,0.50,0.9839562498730078
38,8,0.55,0.9854298176655895
38,8,0.60,0.9865819723670283
38,8,0.65,0.9876368818017217
38,8,0.70,0.9852537738191413
38,8,0.75,0.985947925475781
38,8,0.80,0.9872873993805571
38,8,0.85,0.987634686660807
38,8,0.90,0.9896155726354557
38,8,0.95,0.986962232500309
38,9,0.05,0.9015533381987336
38,9,0.10,0.9408428904903684
38,9,0.15,0.9680931829722286
38,9,0.20,0.9771592852117262
38,9,0.25,0.9843475253303932
38,9,0.30,0.9828490672515208
38,9,0.35,0.9857677146970495
38,9,0.40,0.9840535282074114
38,9,0.45,0.9860930411748859
38,9,0.50,0.983468263412494
38,9,0.55,0.9864914637930897
38,9,0.60,0.9875658153072628
38,9,0.65,0.9819431456177459
38,9,0.70,0.9839518750049632
38,9,0.75,0.9874327601264671
38,9,0.80,0.9911595817088279
38,9,0.85,0.9914405017868949
38,9,0.90,0.9858223555565175
38,9,0.95,0.9877118735239581
39,0,0.05,0.8729473283119624
39,0,0.10,0.8983913604248622
39,0,0.15,0.9488950878216429
39,0,0.20,0.9624038091719989
39,0,0.25,0.9766364694863843
39,0,0.30,0.9840728682671148
39,0,0.35,0.9809797482036758
39,0,0.40,0.9805745711376339
39,0,0.45,0.982061555322454
39,0,0.50,0.9837126143227392
39,0,0.55,0.9839597363693382
39,0,0.60,0.9827781579468935
39,0,0.65,0.9847478035757198
39,0,0.70,0.9904435249515067
39,0,0.75,0.9858542868049535
39,0,0.80,0.9896784192115815
39,0,0.85,0.9882230858278425
39,0,0.90,0.9899218023236965
39,0,0.95,0.989943120442108
39,1,0.05,0.9079369855944907
39,1,0.10,0.8632200497316675
39,1,0.15,0.9662923951845899
39,1,0.20,0.9733159074548764
39,1,0.25,0.9627801553110993
39,1,0.30,0.9778811885129503
39,1,0.35,0.976457527394435
39,1,0.40,0.983377920825922
39,1,0.45,0.9807249095899081
39,1,0.50,0.9849408143842167
39,1,0.55,0.9852303914752152
39,1,0.60,0.9839213908864234
39,1,0.65,0.9855714990767758
39,1,0.70,0.9882277702192938
39,1,0.75,0.9895909071230495
39,1,0.80,0.9838965189772273
39,1,0.85,0.9869421010014734
39,1,0.90,0.9865677639652433
39,1,0.95,0.9906858454400731
39,2,0.05,0.8263752371584776
39,2,0.10,0.8541763110720837
39,2,0.15,0.9579086004175789
39,2,0.20,0.9718323822815559
39,2,0.25,0.9786269762297664
39,2,0.30,0.9800234553164588
39,2,0.35,0.9714972861662561
39,2,0.40,0.9877984192929901
39,2,0.45,0.983184867214396
39,2,0.50,0.9852028352289212
39,2,0.55,0.9850262455283604
39,2,0.60,0.9920614393600181
39,2,0.65,0.9905717318381616
39,2,0.70,0.9897734668102951
39,2,0.75,0.9895317247482992
39,2,0.80,0.9904776663510394
39,2,0.85,0.9884467175230139
39,2,0.90,0.9863025270294918
39,2,0.95,0.987545222598686
39,3,0.05,0.8185552254578272
39,3,0.10,0.9455199741760997
39,3,0.15,0.9308638387474031
39,3,0.20,0.9714015345404567
39,3,0.25,0.9777018349225716
39,3,0.30,0.9749076313110184
39,3,0.35,0.9791728036078103
39,3,0.40,0.9834564150101022
39,3,0.45,0.9891628312312528
39,3,0.50,0.985242259466851
39,3,0.55,0.9848601987381617
39,3,0.60,0.9875500449977759
39,3,0.65,0.9899386172902723
39,3,0.70,0.9888690605252192
39,3,0.75,0.9867453374759484
39,3,0.80,0.9885323047279998
39,3,0.85,0.989133755905389
39,3,0.90,0.9908170556504589
39,3,0.95,0.9896056234153442
39,4,0.05,0.786790847887601
39,4,0.10,0.9205048254693119
39,4,0.15,0.9507247467873229
39,4,0.20,0.9803896717974869
39,4,0.25,0.9724069091769805
39,4,0.30,0.977542520514092
39,4,0.35,0.9819949333833425
39,4,0.40,0.9868783414023814
39,4,0.45,0.9828653415697892
39,4,0.50,0.981929041948048
39,4,0.55,0.9886337117295826
39,4,0.60,0.9893521481630191
39,4,0.65,0.9903315467143792
39,4,0.70,0.9847703439213242
39,4,0.75,0.9857296688117266
39,4,0.80,0.9890023645530714
39,4,0.85,0.9889240813105838
39,4,0.90,0.9888802739281578
39,4,0.95,0.9880231354031765
39,5,0.05,0.9278432879852634
39,5,0.10,0.8694861980346247
39,5,0.15,0.9630426684172054
39,5,0.20,0.9714411901160108
39,5,0.25,0.9686270255289451
39,5,0.30,0.9634477785445672
39,5,0.35,0.97915594951639
39,5,0.40,0.9745306076394047
39,5,0.45,0.9859859133499544
39,5,0.50,0.9792699175469756
39,5,0.55,0.9887518123941003
39,5,0.60,0.9813430512972761
39,5,0.65,0.9882917908691409
39,5,0.70,0.9883172804553644
39,5,0.75,0.9898902051189018
39,5,0.80,0.9890062558824256
39,5,0.85,0.9896815261241455
39,5,0.90,0.9874689347376696
39,5,0.95,0.986214496037956
39,6,0.05,0.8107646308890326
39,6,0.10,0.923271202154037
39,6,0.15,0.9471680929933335
39,6,0.20,0.9759199499039054
39,6,0.25,0.9724006750391073
39,6,0.30,0.9824668679689992
39,6,0.35,0.9747122808227436
39,6,0.40,0.9859648192718259
39,6,0.45,0.9838210061074075
39,6,0.50,0.978105204746112
39,6,0.55,0.986140160797845
39,6,0.60,0.9884431582317663
39,6,0.65,0.985802584966315
39,6,0.70,0.9869747754804485
39,6,0.75,0.989746089477203
39,6,0.80,0.985916167386763
39,6,0.85,0.987436366364735
39,6,0.90,0.986076969329863
39,6,0.95,0.9867504499302538
39,7,0.05,0.9565254686004325
39,7,0.10,0.9221555207829883
39,7,0.15,0.9550227642630946
39,7,0.20,0.9584107752705234
39,7,0.25,0.9734800679554544
39,7,0.30,0.9777358156915471
39,7,0.35,0.9765317180277948
39,7,0.40,0.9797622878719711
39,7,0.45,0.9866611659639724
39,7,0.50,0.9836744280603645
39,7,0.55,0.9865845107918778
39,7,0.60,0.9895128351350537
39,7,0.65,0.988124353835934
39,7,0.70,0.9855235704704152
39,7,0.75,0.9868099314606067
39,7,0.80,0.983734893282857
39,7,0.85,0.9879037473477833
39,7,0.90,0.9902729642758087
39,7,0.95,0.9898188618895634
39,8,0.05,0.8953613637700861
39,8,0.10,0.9040469037422351
39,8,0.15,0.9609554730377537
39,8,0.20,0.9737035936439611
39,8,0.25,0.9719923698532682
39,8,0.30,0.9772103219549549
39,8,0.35,0.9826590282999037
39,8,0.40,0.9858678602749071
39,8,0.45,0.9882090081384074
39,8,0.50,0.9855214014270517
39,8,0.55,0.988077196530919
39,8,0.60,0.9885624410788438
39,8,0.65,0.9902328821285163
39,8,0.70,0.9873148573199007
39,8,0.75,0.9873234651851907
39,8,0.80,0.9896033624820122
39,8,0.85,0.989156966378235
39,8,0.90,0.9881524523510239
39,8,0.95,0.9857810250912318
39,9,0.05,0.9157017433000713
39,9,0.10,0.8712610447953719
39,9,0.15,0.9324708174548365
39,9,0.20,0.9702616414647421
39,9,0.25,0.9760335971165542
39,9,0.30,0.9735047391070337
39,9,0.35,0.9829077524949844
39,9,0.40,0.9820221541510625
39,9,0.45,0.9894844603118864
39,9,0.50,0.982113542595959
39,9,0.55,0.9838002818813479
39,9,0.60,0.9861276345702346
39,9,0.65,0.9852408127785695
39,9,0.70,0.9880869380412614
39,9,0.75,0.988610574060372
39,9,0.80,0.9878378656948943
39,9,0.85,0.989516138475294
39,9,0.90,0.9878121083147998
39,9,0.95,0.989213239740608
40,0,0.05,0.6670401406240047
40,0,0.10,0.9094717206663413
40,0,0.15,0.9432548398224612
40,0,0.20,0.9668415902039206
40,0,0.25,0.9791865074497861
40,0,0.30,0.9727163806149318
40,0,0.35,0.9788274922941517
40,0,0.40,0.9816290627825143
40,0,0.45,0.985478749873055
40,0,0.50,0.9848623174062336
40,0,0.55,0.9865797326129182
40,0,0.60,0.9885901648920148
40,0,0.65,0.9876326304894031
40,0,0.70,0.9861381658764043
40,0,0.75,0.9876069339574979
40,0,0.80,0.9887895978066027
40,0,0.85,0.9883110745563624
40,0,0.90,0.9884387351551146
40,0,0.95,0.9891792713405334
40,1,0.05,0.8973976803078315
40,1,0.10,0.9410833539973725
40,1,0.15,0.9633297518363869
40,1,0.20,0.968831186104137
40,1,0.25,0.9801713183582427
40,1,0.30,0.971272561953472
40,1,0.35,0.9763513342064245
40,1,0.40,0.98445172645266
40,1,0.45,0.9813591410430245
40,1,0.50,0.9880041345850616
40,1,0.55,0.9835881591906772
40,1,0.60,0.9876098947046211
40,1,0.65,0.985837133013755
40,1,0.70,0.9893625956450259
40,1,0.75,0.9882678987396045
40,1,0.80,0.9900045459232558
40,1,0.85,0.9870812313898735
40,1,0.90,0.9886199269125805
40,1,0.95,0.9897101151953668
40,2,0.05,0.9285433975538366
40,2,0.10,0.9408813131357544
40,2,0.15,0.9470104141800962
40,2,0.20,0.9709391178236843
40,2,0.25,0.975613520396051
40,2,0.30,0.9739555251234089
40,2,0.35,0.979470072396931
40,2,0.40,0.9800521728123173
40,2,0.45,0.988803241092531
40,2,0.50,0.9856099637012704
40,2,0.55,0.9858364237790076
40,2,0.60,0.9851885829199777
40,2,0.65,0.9894384199970606
40,2,0.70,0.9883522072273518
40,2,0.75,0.9856390060507503
40,2,0.80,0.9878325600920229
40,2,0.85,0.9864357879163835
40,2,0.90,0.9891306397708055
40,2,0.95,0.9858050603727334
40,3,0.05,0.8909739040539474
40,3,0.10,0.9555227891339659
40,3,0.15,0.9569708077840369
40,3,0.20,0.9723225290426988
40,3,0.25,0.9734587625055812
40,3,0.30,0.9860128498789866
40,3,0.35,0.9820682623874029
40,3,0.40,0.9835841879819939
40,3,0.45,0.9812613933863853
40,3,0.50,0.9842819729320381
40,3,0.55,0.9892731629784228
40,3,0.60,0.9871908114520294
40,3,0.65,0.986332132493105
40,3,0.70,0.9878099753724091
40,3,0.75,0.9868733192843373
40,3,0.80,0.9892446349439511
40,3,0.85,0.9908241109134232
40,3,0.90,0.9898336675504874
40,3,0.95,0.9897866846458939
40,4,0.05,0.8840936198708899
40,4,0.10,0.9500219867701355
40,4,0.15,0.9683920378809329
40,4,0.20,0.9729347415217275
40,4,0.25,0.9724057095537477
40,4,0.30,0.970835008310624
40,4,0.35,0.9826773926040896
40,4,0.40,0.9883972158316491
40,4,0.45,0.9862573059452279
40,4,0.50,0.9873697126671673
40,4,0.55,0.9893772366443114
40,4,0.60,0.986250816688963
40,4,0.65,0.9890984339885741
40,4,0.70,0.9870702243722075
40,4,0.75,0.9904894596946072
40,4,0.80,0.9889259201971817
40,4,0.85,0.9888305253446081
40,4,0.90,0.9886303916437424
40,4,0.95,0.9889217069119829
40,5,0.05,0.8538806276481471
40,5,0.10,0.9291262359983741
40,5,0.15,0.9274630900451986
40,5,0.20,0.9748990503612279
40,5,0.25,0.9625020582650468
40,5,0.30,0.9811313527741793
40,5,0.35,0.985764449175548
40,5,0.40,0.9820682993297177
40,5,0.45,0.9839975408463495
40,5,0.50,0.9867255351152991
40,5,0.55,0.9843849227197342
40,5,0.60,0.9880309614907671
40,5,0.65,0.9871060801061813
40,5,0.70,0.9899556083699419
40,5,0.75,0.9899028242962673
40,5,0.80,0.9911974601316816
40,5,0.85,0.9884301457514791
40,5,0.90,0.9894728078552169
40,5,0.95,0.9862043676582708
40,6,0.05,0.8128365914155349
40,6,0.10,0.9210661321070899
40,6,0.15,0.9473042409046135
40,6,0.20,0.9600112716573548
40,6,0.25,0.9804516891827544
40,6,0.30,0.9645725522167528
40,6,0.35,0.9864997425896554
40,6,0.40,0.9796682022290835
40,6,0.45,0.9907167100100396
40,6,0.50,0.9821664865638274
40,6,0.55,0.9858695159422879
40,6,0.60,0.9860315344944227
40,6,0.65,0.9888872903237537
40,6,0.70,0.9885131271338211
40,6,0.75,0.9882346958506354
40,6,0.80,0.986449791880805
40,6,0.85,0.9872666313096579
40,6,0.90,0.9854638199937741
40,6,0.95,0.9879752356892199
40,7,0.05,0.9282243647782711
40,7,0.10,0.9208051661494955
40,7,0.15,0.9539147217859609
40,7,0.20,0.9670690326916703
40,7,0.25,0.9702124794339934
40,7,0.30,0.9812698175206053
40,7,0.35,0.9872799583778147
40,7,0.40,0.9859933179942318
40,7,0.45,0.9871028750920664
40,7,0.50,0.9857942043695351
40,7,0.55,0.9876720988906175
40,7,0.60,0.9893591878138569
40,7,0.65,0.9874241486754014
40,7,0.70,0.987932897605298
40,7,0.75,0.987437267143655
40,7,0.80,0.9852808421958049
40,7,0.85,0.9878658010704541
40,7,0.90,0.9887140763601461
40,7,0.95,0.9874468660456049
40,8,0.05,0.8384609824152791
40,8,0.10,0.924334085775368
40,8,0.15,0.9634942776655868
40,8,0.20,0.960501664106102
40,8,0.25,0.9770173087892952
40,8,0.30,0.9823013908620138
40,8,0.35,0.9861348324350659
40,8,0.40,0.9843030445387588
40,8,0.45,0.9852632285283576
40,8,0.50,0.9863720374722621
40,8,0.55,0.9863695523903634
40,8,0.60,0.9848466023997283
40,8,0.65,0.9886345105273392
40,8,0.70,0.9879300561169333
40,8,0.75,0.9910817852798115
40,8,0.80,0.9889449785522862
40,8,0.85,0.9892884191333623
40,8,0.90,0.9875316154807341
40,8,0.95,0.9860772176712986
40,9,0.05,0.8834665198598289
40,9,0.10,0.9468600606531292
40,9,0.15,0.9536253884138124
40,9,0.20,0.9724260841345231
40,9,0.25,0.9750360740344872
40,9,0.30,0.9818839803384644
40,9,0.35,0.9781874556344072
40,9,0.40,0.9852511172018843
40,9,0.45,0.9894373452238758
40,9,0.50,0.9876799346116959
40,9,0.55,0.9867196080780588
40,9,0.60,0.9859157100576308
40,9,0.65,0.9889168141676052
40,9,0.70,0.9881247787805194
40,9,0.75,0.9854135510880758
40,9,0.80,0.9856150107140788
40,9,0.85,0.9887151247340491
40,9,0.90,0.9870002438120209
40,9,0.95,0.9875978628191748
41,0,0.05,0.8851561957929611
41,0,0.10,0.9496978610795763
41,0,0.15,0.9657878329056877
41,0,0.20,0.9803364491047174
41,0,0.25,0.9812254272575118
41,0,0.30,0.9824124841901266
41,0,0.35,0.972367714448458
41,0,0.40,0.9835473317774889
41,0,0.45,0.9822183638760714
41,0,0.50,0.986633407271469
41,0,0.55,0.9884131103426855
41,0,0.60,0.9858900014947647
41,0,0.65,0.9883235895654788
41,0,0.70,0.9887412243472419
41,0,0.75,0.9844300115717758
41,0,0.80,0.9886925628968444
41,0,0.85,0.9869689630115519
41,0,0.90,0.988908207422957
41,0,0.95,0.9894255947618256
41,1,0.05,0.9482654286991092
41,1,0.10,0.8608259966670891
41,1,0.15,0.9649218561995472
41,1,0.20,0.952261067580233
41,1,0.25,0.9653673913486799
41,1,0.30,0.9828960235288369
41,1,0.35,0.9876426749641953
41,1,0.40,0.9863403213693903
41,1,0.45,0.9844488279684684
41,1,0.50,0.9872521039245388
41,1,0.55,0.9890854109759906
41,1,0.60,0.9901541791311811
41,1,0.65,0.9882678796910735
41,1,0.70,0.9887338449146413
41,1,0.75,0.9889952823825391
41,1,0.80,0.9878823683587494
41,1,0.85,0.9894516141070206
41,1,0.90,0.9891408990361228
41,1,0.95,0.9897639456599802
41,2,0.05,0.8341461042239985
41,2,0.10,0.9107225879169604
41,2,0.15,0.9285576043135667
41,2,0.20,0.9665892114951344
41,2,0.25,0.9607273236617336
41,2,0.30,0.9862612049589151
41,2,0.35,0.9820777938183308
41,2,0.40,0.987858545364571
41,2,0.45,0.9853065091658346
41,2,0.50,0.9869423339455027
41,2,0.55,0.9876656021839779
41,2,0.60,0.9845726985536444
41,2,0.65,0.9885213022543357
41,2,0.70,0.9858127706618542
41,2,0.75,0.9855489464360953
41,2,0.80,0.98724616348389
41,2,0.85,0.985067672697793
41,2,0.90,0.9876272636137554
41,2,0.95,0.9905551086820501
41,3,0.05,0.9289601128493279
41,3,0.10,0.9162413596445839
41,3,0.15,0.8962286151877903
41,3,0.20,0.9594274780444276
41,3,0.25,0.965766164476393
41,3,0.30,0.9742537827680424
41,3,0.35,0.9833263031425933
41,3,0.40,0.985986196957696
41,3,0.45,0.9838708381683026
41,3,0.50,0.9844640686464831
41,3,0.55,0.9871091080037837
41,3,0.60,0.9820094242793008
41,3,0.65,0.9879767687908008
41,3,0.70,0.9856079664927256
41,3,0.75,0.9866102723544298
41,3,0.80,0.9892151305413849
41,3,0.85,0.9889790974559336
41,3,0.90,0.9890909929889097
41,3,0.95,0.9901360098204549
41,4,0.05,0.8559396519151773
41,4,0.10,0.940723252291702
41,4,0.15,0.9517092381965057
41,4,0.20,0.9559591907892262
41,4,0.25,0.9718434456976144
41,4,0.30,0.9800977078646219
41,4,0.35,0.9759670555394264
41,4,0.40,0.9883165388785181
41,4,0.45,0.9808115171160309
41,4,0.50,0.9829992340350434
41,4,0.55,0.9855794784979852
41,4,0.60,0.9888922868766428
41,4,0.65,0.9851805277717768
41,4,0.70,0.9866428221589684
41,4,0.75,0.9866807476823234
41,4,0.80,0.9900372504489346
41,4,0.85,0.9873471360493808
41,4,0.90,0.987779360298361
41,4,0.95,0.9876884931991619
41,5,0.05,0.9004803725356666
41,5,0.10,0.9518038402821073
41,5,0.15,0.9561729522203705
41,5,0.20,0.9769541211970227
41,5,0.25,0.984537961673307
41,5,0.30,0.9845869779250358
41,5,0.35,0.9802553807740153
41,5,0.40,0.9791280280411493
41,5,0.45,0.9819730811369585
41,5,0.50,0.9854054156256771
41,5,0.55,0.9873926333844174
41,5,0.60,0.9872190132647761
41,5,0.65,0.9883212668233827
41,5,0.70,0.988070259858658
41,5,0.75,0.9891150507929826
41,5,0.80,0.9877014472836044
41,5,0.85,0.987450079652883
41,5,0.90,0.9889273657895038
41,5,0.95,0.9871291507260103
41,6,0.05,0.9117092426101845
41,6,0.10,0.9236046320155366
41,6,0.15,0.9565220559279003
41,6,0.20,0.947292954144023
41,6,0.25,0.9724021680773725
41,6,0.30,0.9861674366665073
41,6,0.35,0.9778299624404204
41,6,0.40,0.9876558313772031
41,6,0.45,0.9824406645121987
41,6,0.50,0.9882511262886328
41,6,0.55,0.9876463740426805
41,6,0.60,0.9868517549281286
41,6,0.65,0.9843201095482105
41,6,0.70,0.9886755796267567
41,6,0.75,0.9872108849148218
41,6,0.80,0.9853351863701484
41,6,0.85,0.9877918801612866
41,6,0.90,0.9836082612708907
41,6,0.95,0.9874187329944859
41,7,0.05,0.9039909817989654
41,7,0.10,0.9507741225152784
41,7,0.15,0.9419600997046665
41,7,0.20,0.9775808173941853
41,7,0.25,0.9756781156633476
41,7,0.30,0.9682590840068667
41,7,0.35,0.9841577081662614
41,7,0.40,0.9773308529382867
41,7,0.45,0.9826000969977557
41,7,0.50,0.9874861618007565
41,7,0.55,0.9851477222212697
41,7,0.60,0.984125833277262
41,7,0.65,0.9869383496338326
41,7,0.70,0.9905489680786747
41,7,0.75,0.9887516340090625
41,7,0.80,0.9871128796176192
41,7,0.85,0.988901179261871
41,7,0.90,0.9890327309781549
41,7,0.95,0.9873163816705843
41,8,0.05,0.8756910815175463
41,8,0.10,0.9077522134516098
41,8,0.15,0.9167170254056949
41,8,0.20,0.9630090291737623
41,8,0.25,0.9516212537103811
41,8,0.30,0.9876252325472792
41,8,0.35,0.9800761323152526
41,8,0.40,0.9895104114485623
41,8,0.45,0.986629576044866
41,8,0.50,0.9842840470171806
41,8,0.55,0.9890867476826105
41,8,0.60,0.9877979157207191
41,8,0.65,0.987063323956492
41,8,0.70,0.9851304268925624
41,8,0.75,0.9896968994639359
41,8,0.80,0.9878999926336942
41,8,0.85,0.9866425443723951
41,8,0.90,0.9897549569561466
41,8,0.95,0.9876061792242646
41,9,0.05,0.8848196321608066
41,9,0.10,0.946021637717666
41,9,0.15,0.9521870757478562
41,9,0.20,0.9702223945508428
41,9,0.25,0.9824395223776365
41,9,0.30,0.9799205829353135
41,9,0.35,0.9824204291633274
41,9,0.40,0.9783941539475846
41,9,0.45,0.9826720423341302
41,9,0.50,0.9802011706806953
41,9,0.55,0.9838621574848256
41,9,0.60,0.9824855955319648
41,9,0.65,0.9853107529779582
41,9,0.70,0.9862641671221597
41,9,0.75,0.9846312689035643
41,9,0.80,0.987636443390215
41,9,0.85,0.988734265872074
41,9,0.90,0.9879045611942497
41,9,0.95,0.9864098151434056
42,0,0.05,0.9115765506794048
42,0,0.10,0.912151092499533
42,0,0.15,0.9646083216966745
42,0,0.20,0.966658118374641
42,0,0.25,0.9772613069230675
42,0,0.30,0.9803315181856915
42,0,0.35,0.981464689917846
42,0,0.40,0.9825624503571087
42,0,0.45,0.9821047417492617
42,0,0.50,0.9882900326279374
42,0,0.55,0.9854952570225702
42,0,0.60,0.9912568107738917
42,0,0.65,0.9866380031003212
42,0,0.70,0.9849508459789961
42,0,0.75,0.9896472829492701
42,0,0.80,0.9872660126151781
42,0,0.85,0.9855144601599455
42,0,0.90,0.9879458218995796
42,0,0.95,0.9876069932284275
42,1,0.05,0.9325770781998612
42,1,0.10,0.9030839644929761
42,1,0.15,0.9579290541354455
42,1,0.20,0.9740388122437629
42,1,0.25,0.9662550816111565
42,1,0.30,0.981148543226828
42,1,0.35,0.9881012639128751
42,1,0.40,0.9804568632817909
42,1,0.45,0.9842408924114282
42,1,0.50,0.9874716716884913
42,1,0.55,0.9879282460650828
42,1,0.60,0.9907634925121894
42,1,0.65,0.9881621894207836
42,1,0.70,0.9865959822720484
42,1,0.75,0.9896008625474196
42,1,0.80,0.9861757720025589
42,1,0.85,0.9894090342516509
42,1,0.90,0.9875201823427817
42,1,0.95,0.9878886207113968
42,2,0.05,0.9311645171702744
42,2,0.10,0.9160764468964729
42,2,0.15,0.9485589386727026
42,2,0.20,0.9650662617706546
42,2,0.25,0.973926014187528
42,2,0.30,0.9797903114368397
42,2,0.35,0.9703778249192783
42,2,0.40,0.9808836292586044
42,2,0.45,0.9844145320829577
42,2,0.50,0.9878152813881187
42,2,0.55,0.9880308681027468
42,2,0.60,0.9879135175965577
42,2,0.65,0.988199296452791
42,2,0.70,0.9889144074590877
42,2,0.75,0.9895170496040976
42,2,0.80,0.988136337426721
42,2,0.85,0.9876668004796794
42,2,0.90,0.989684642102117
42,2,0.95,0.9881163327316853
42,3,0.05,0.9151683042191409
42,3,0.10,0.9390094607202901
42,3,0.15,0.9516751005147327
42,3,0.20,0.9747873138623088
42,3,0.25,0.9661628406701125
42,3,0.30,0.9850244295113475
42,3,0.35,0.9839381749347658
42,3,0.40,0.9891355205975221
42,3,0.45,0.9885004539601518
42,3,0.50,0.9833960518443174
42,3,0.55,0.9880999465314131
42,3,0.60,0.9899536316890245
42,3,0.65,0.9903438236563906
42,3,0.70,0.9830214593971116
42,3,0.75,0.986014652038756
42,3,0.80,0.9874300468340959
42,3,0.85,0.9900081998693863
42,3,0.90,0.988372332301485
42,3,0.95,0.9910314259084282
42,4,0.05,0.887385063475149
42,4,0.10,0.9243941456789683
42,4,0.15,0.9475460119097578
42,4,0.20,0.979248550112686
42,4,0.25,0.9679749099619108
42,4,0.30,0.9575312126504312
42,4,0.35,0.984337200987999
42,4,0.40,0.9878602110328522
42,4,0.45,0.9789117690428031
42,4,0.50,0.9879557522718555
42,4,0.55,0.9864874381316177
42,4,0.60,0.9870334224702306
42,4,0.65,0.987629595343623
42,4,0.70,0.9902991027434604
42,4,0.75,0.9903776311451494
42,4,0.80,0.9894475442805308
42,4,0.85,0.9889629540578353
42,4,0.90,0.9882628309156469
42,4,0.95,0.9884341671779079
42,5,0.05,0.9013377068734635
42,5,0.10,0.902079811783069
42,5,0.15,0.9734188195339732
42,5,0.20,0.9670293215604067
42,5,0.25,0.9736731982895158
42,5,0.30,0.9840261831621269
42,5,0.35,0.9682460365344634
42,5,0.40,0.9796156490247732
42,5,0.45,0.9887236964000464
42,5,0.50,0.9854245870994663
42,5,0.55,0.9889018254667522
42,5,0.60,0.9874687270743902
42,5,0.65,0.9890436296415898
42,5,0.70,0.9893816189671418
42,5,0.75,0.9850394400048703
42,5,0.80,0.9891376699254543
42,5,0.85,0.9859433366743837
42,5,0.90,0.9876144227678281
42,5,0.95,0.9884921216448624
42,6,0.05,0.9221540342916442
42,6,0.10,0.9570352914991568
42,6,0.15,0.9652286789703908
42,6,0.20,0.9725161945899538
42,6,0.25,0.9749332831441214
42,6,0.30,0.9835056054824581
42,6,0.35,0.9718099358147909
42,6,0.40,0.9875441354380697
42,6,0.45,0.9864997125770035
42,6,0.50,0.9875609504254631
42,6,0.55,0.9846835990005821
42,6,0.60,0.9850145820864538
42,6,0.65,0.9900521398320485
42,6,0.70,0.9854083764803795
42,6,0.75,0.9869244890481416
42,6,0.80,0.9886777351060694
42,6,0.85,0.9867158975638856
42,6,0.90,0.9886563546917614
42,6,0.95,0.9868602028188479
42,7,0.05,0.885387976350192
42,7,0.10,0.9293699117744372
42,7,0.15,0.9546907603158216
42,7,0.20,0.9726568843397253
42,7,0.25,0.9831015897843645
42,7,0.30,0.9674673289778174
42,7,0.35,0.9785651267934264
42,7,0.40,0.9813796715402193
42,7,0.45,0.9800182198985958
42,7,0.50,0.9825620190293208
42,7,0.55,0.9832732682096303
42,7,0.60,0.9861231883554848
42,7,0.65,0.9891625148437826
42,7,0.70,0.9897191659505079
42,7,0.75,0.98695341459488
42,7,0.80,0.9880526439656993
42,7,0.85,0.9877241799278759
42,7,0.90,0.9903228990678066
42,7,0.95,0.9891262913480584
42,8,0.05,0.8301533491049697
42,8,0.10,0.8908274016888049
42,8,0.15,0.9747228244341071
42,8,0.20,0.9783237187612304
42,8,0.25,0.9746120041891512
42,8,0.30,0.9719419603920637
42,8,0.35,0.985496768977715
42,8,0.40,0.9816208691761664
42,8,0.45,0.9850118064177324
42,8,0.50,0.9876046616691647
42,8,0.55,0.9865552595878049
42,8,0.60,0.9900734153528558
42,8,0.65,0.989030976948893
42,8,0.70,0.9875493247108991
42,8,0.75,0.9883392341555538
42,8,0.80,0.9900646670880399
42,8,0.85,0.9887598420780291
42,8,0.90,0.9903609578292517
42,8,0.95,0.9889990050974181
42,9,0.05,0.8987567260742215
42,9,0.10,0.9355185266943502
42,9,0.15,0.9415756519381092
42,9,0.20,0.9664318133430253
42,9,0.25,0.975132915099948
42,9,0.30,0.9537368793894152
42,9,0.35,0.9878213788075475
42,9,0.40,0.9808936609460024
42,9,0.45,0.9869068239203176
42,9,0.50,0.9873804252458666
42,9,0.55,0.9846330380667194
42,9,0.60,0.9891772002196565
42,9,0.65,0.9882017185097263
42,9,0.70,0.9891814482476374
42,9,0.75,0.9906913071644325
42,9,0.80,0.9886827097810423
42,9,0.85,0.9879217234896425
42,9,0.90,0.9890539178611826
42,9,0.95,0.988778444552514
43,0,0.05,0.8715485403922263
43,0,0.10,0.8514657429616742
43,0,0.15,0.9598482242218915
43,0,0.20,0.9450971228813542
43,0,0.25,0.9794709570453813
43,0,0.30,0.9850033766848868
43,0,0.35,0.9777527561083489
43,0,0.40,0.979958876799039
43,0,0.45,0.9758002634515871
43,0,0.50,0.9820003664398194
43,0,0.55,0.9840641801131768
43,0,0.60,0.9860723469965601
43,0,0.65,0.9898028488207802
43,0,0.70,0.9873680549120951
43,0,0.75,0.987905282164625
43,0,0.80,0.9859492349396813
43,0,0.85,0.9908807312718425
43,0,0.90,0.9892114987607628
43,0,0.95,0.9895824637033065
43,1,0.05,0.8601215751014025
43,1,0.10,0.9327456822602385
43,1,0.15,0.9595527693254532
43,1,0.20,0.935954093543552
43,1,0.25,0.9659355744214198
43,1,0.30,0.9765770607498758
43,1,0.35,0.9858951325001482
43,1,0.40,0.9812387135317491
43,1,0.45,0.9832047549558445
43,1,0.50,0.9820319255802814
43,1,0.55,0.9881014231234636
43,1,0.60,0.9826541470671412
43,1,0.65,0.9890760076684475
43,1,0.70,0.9912200994409738
43,1,0.75,0.9874640006396301
43,1,0.80,0.9888696313251885
43,1,0.85,0.9891426655838456
43,1,0.90,0.9895223268837814
43,1,0.95,0.9876034041719184
43,2,0.05,0.709853996641938
43,2,0.10,0.9127560402976567
43,2,0.15,0.9661547703462869
43,2,0.20,0.972846459461606
43,2,0.25,0.9752365382999564
43,2,0.30,0.9763175691356603
43,2,0.35,0.9797648580936297
43,2,0.40,0.9801717354789604
43,2,0.45,0.9906569496006586
43,2,0.50,0.9791457363956013
43,2,0.55,0.9888868525660809
43,2,0.60,0.9870233431281511
43,2,0.65,0.9881811524457612
43,2,0.70,0.9890259518800264
43,2,0.75,0.9885990679526506
43,2,0.80,0.9879470851309321
43,2,0.85,0.9899257639726989
43,2,0.90,0.987340345089557
43,2,0.95,0.9875027250178625
43,3,0.05,0.9218521054730168
43,3,0.10,0.9314367203219855
43,3,0.15,0.9609469303170584
43,3,0.20,0.9533609905874876
43,3,0.25,0.9665970626505247
43,3,0.30,0.9717651057120933
43,3,0.35,0.9740953065038456
43,3,0.40,0.9837595155356003
43,3,0.45,0.9823676457753631
43,3,0.50,0.9833586675825439
43,3,0.55,0.9870788794959515
43,3,0.60,0.9844156659014843
43,3,0.65,0.9895159259720238
43,3,0.70,0.9869955419941716
43,3,0.75,0.9877397524367449
43,3,0.80,0.9891525776546471
43,3,0.85,0.9908178711467773
43,3,0.90,0.9869392439943335
43,3,0.95,0.9885912430370424
43,4,0.05,0.902693192319197
43,4,0.10,0.8049634092536012
43,4,0.15,0.9402050942066029
43,4,0.20,0.9433451252656244
43,4,0.25,0.9733504149977493
43,4,0.30,0.9809566551950596
43,4,0.35,0.9803267054576144
43,4,0.40,0.9792008867245463
43,4,0.45,0.9890427189391574
43,4,0.50,0.9829935399646476
43,4,0.55,0.9861852924192117
43,4,0.60,0.9868884166722274
43,4,0.65,0.9878886403363684
43,4,0.70,0.9899929570298168
43,4,0.75,0.990601587682713
43,4,0.80,0.9883118288962611
43,4,0.85,0.9883820286822353
43,4,0.90,0.9902157768277404
43,4,0.95,0.98471037719643
43,5,0.05,0.9169520103215193
43,5,0.10,0.9404942920827051
43,5,0.15,0.949523789169135
43,5,0.20,0.955424622446587
43,5,0.25,0.9838062391319273
43,5,0.30,0.9744171280388146
43,5,0.35,0.9733732137633231
43,5,0.40,0.9829851293234942
43,5,0.45,0.985893873561644
43,5,0.50,0.9866617965214194
43,5,0.55,0.9887024317943637
43,5,0.60,0.988521026026526
43,5,0.65,0.9862012205109905
43,5,0.70,0.9878532852819766
43,5,0.75,0.9847962180910781
43,5,0.80,0.9870960462228288
43,5,0.85,0.986787388354116
43,5,0.90,0.9915625821129974
43,5,0.95,0.9851074690488151
43,6,0.05,0.8808166231169328
43,6,0.10,0.9481012498209297
43,6,0.15,0.920479994675439
43,6,0.20,0.9624101307199598
43,6,0.25,0.9790617106030695
43,6,0.30,0.9791209729289009
43,6,0.35,0.9727790111556451
43,6,0.40,0.9868989937657557
43,6,0.45,0.9799698198102648
43,6,0.50,0.9854768998589256
43,6,0.55,0.9907550184916303
43,6,0.60,0.9904772223726173
43,6,0.65,0.9876974312122213
43,6,0.70,0.988134024969026
43,6,0.75,0.987451407771413
43,6,0.80,0.9863259124757722
43,6,0.85,0.9870966606395387
43,6,0.90,0.9895513768391659
43,6,0.95,0.9853206091591551
43,7,0.05,0.9133949927694774
43,7,0.10,0.8647658417334658
43,7,0.15,0.9679762640020282
43,7,0.20,0.969380166681167
43,7,0.25,0.9785547947813211
43,7,0.30,0.9753967414991338
43,7,0.35,0.9771780652626085
43,7,0.40,0.9841549083794133
43,7,0.45,0.9840078731220493
43,7,0.50,0.9792236008612624
43,7,0.55,0.988018074349238
43,7,0.60,0.9869398204801813
43,7,0.65,0.9875246599365297
43,7,0.70,0.9871880102492391
43,7,0.75,0.9903768724137769
43,7,0.80,0.9886981022714778
43,7,0.85,0.9888949157552079
43,7,0.90,0.9891324211403442
43,7,0.95,0.9885977728808184
43,8,0.05,0.9358042439683601
43,8,0.10,0.8692216082017591
43,8,0.15,0.9236172098104163
43,8,0.20,0.9539131181871737
43,8,0.25,0.9731309038493327
43,8,0.30,0.973568960686384
43,8,0.35,0.9797809440101336
43,8,0.40,0.9865487506356401
43,8,0.45,0.9823944818781004
43,8,0.50,0.9790435255102994
43,8,0.55,0.97982061783598
43,8,0.60,0.9862491985596733
43,8,0.65,0.9863069395925145
43,8,0.70,0.9883691895202018
43,8,0.75,0.9865394803290262
43,8,0.80,0.988440739741629
43,8,0.85,0.9905440725066891
43,8,0.90,0.9845334987790545
43,8,0.95,0.990952996776813
43,9,0.05,0.8800791169316597
43,9,0.10,0.9423538993583574
43,9,0.15,0.937466053694859
43,9,0.20,0.9751704650165972
43,9,0.25,0.9761930772528352
43,9,0.30,0.9786286364121507
43,9,0.35,0.9792517942705813
43,9,0.40,0.9888133453243103
43,9,0.45,0.9835493504349967
43,9,0.50,0.977937163104148
43,9,0.55,0.987563320590554
43,9,0.60,0.9836910193145361
43,9,0.65,0.9867178378951195
43,9,0.70,0.9880039256105699
43,9,0.75,0.9889293734382243
43,9,0.80,0.9897925447849265
43,9,0.85,0.9888101988134039
43,9,0.90,0.9884472518060023
43,9,0.95,0.9900392142355264
44,0,0.05,0.7899482245461749
44,0,0.10,0.958192599512338
44,0,0.15,0.9672259056253394
44,0,0.20,0.972679836580535
44,0,0.25,0.9760076488133655
44,0,0.30,0.9782095901397042
44,0,0.35,0.9863892619941746
44,0,0.40,0.9788070977348976
44,0,0.45,0.9820060209573984
44,0,0.50,0.9878964606592434
44,0,0.55,0.9882665099549134
44,0,0.60,0.986533573551165
44,0,0.65,0.9880932279821333
44,0,0.70,0.991015778406807
44,0,0.75,0.9858219892019278
44,0,0.80,0.9875038419833939
44,0,0.85,0.9881090373690762
44,0,0.90,0.9872974130800873
44,0,0.95,0.9874711197111482
44,1,0.05,0.8432771880018346
44,1,0.10,0.9467482606423221
44,1,0.15,0.8872159187537614
44,1,0.20,0.9533158289095841
44,1,0.25,0.9698914740732594
44,1,0.30,0.9799113580918474
44,1,0.35,0.9724284612794506
44,1,0.40,0.9840497488690375
44,1,0.45,0.9846911096223868
44,1,0.50,0.9870527128140272
44,1,0.55,0.9873107221141534
44,1,0.60,0.9909031038139589
44,1,0.65,0.9868334505075814
44,1,0.70,0.9883653736995316
44,1,0.75,0.9852524431204265
44,1,0.80,0.9889275898208783
44,1,0.85,0.9866984905055513
44,1,0.90,0.984854897942638
44,1,0.95,0.9880747452795633
44,2,0.05,0.9345992453746848
44,2,0.10,0.9570652146200309
44,2,0.15,0.9205973243297806
44,2,0.20,0.9666411003244078
44,2,0.25,0.9742234669587527
44,2,0.30,0.9734779846183571
44,2,0.35,0.9829697437247709
44,2,0.40,0.9844699336315299
44,2,0.45,0.9831825065374534
44,2,0.50,0.9865335290352988
44,2,0.55,0.9867632940946417
44,2,0.60,0.9872866349038482
44,2,0.65,0.9888976316862844
44,2,0.70,0.9878581909495614
44,2,0.75,0.9877752899953036
44,2,0.80,0.990269004715622
44,2,0.85,0.9844590075916093
44,2,0.90,0.9877996828993122
44,2,0.95,0.9873666727869114
44,3,0.05,0.9286076033799199
44,3,0.10,0.9242185526543398
44,3,0.15,0.9360510987208521
44,3,0.20,0.9673031013209208
44,3,0.25,0.9785267666717699
44,3,0.30,0.980678230331823
44,3,0.35,0.9808372939403575
44,3,0.40,0.9843470123525307
44,3,0.45,0.9846458405815348
44,3,0.50,0.9871387368540421
44,3,0.55,0.987515408768068
44,3,0.60,0.9905312352739587
44,3,0.65,0.9892901489479637
44,3,0.70,0.9888588022774076
44,3,0.75,0.9874241353863293
44,3,0.80,0.9838469717717613
44,3,0.85,0.9897545951427154
44,3,0.90,0.9888616001667143
44,3,0.95,0.9886362242301493
44,4,0.05,0.9188992341227838
44,4,0.10,0.9472729875952116
44,4,0.15,0.9643756695211214
44,4,0.20,0.9667021969393551
44,4,0.25,0.9744653350745418
44,4,0.30,0.9778582265694227
44,4,0.35,0.9872112928603977
44,4,0.40,0.982434398016188
44,4,0.45,0.9860355013747716
44,4,0.50,0.984929443675276
44,4,0.55,0.9826608590791565
44,4,0.60,0.9884236744873118
44,4,0.65,0.9896212534354938
44,4,0.70,0.9879285235024607
44,4,0.75,0.9841811792751066
44,4,0.80,0.9886879456205693
44,4,0.85,0.9899514595504423
44,4,0.90,0.987068072126044
44,4,0.95,0.9886348735097422
44,5,0.05,0.9390119618093561
44,5,0.10,0.9530076478959572
44,5,0.15,0.9653071170525335
44,5,0.20,0.9766039655776013
44,5,0.25,0.8527377994733953
44,5,0.30,0.9767289203038922
44,5,0.35,0.9727177107103926
44,5,0.40,0.9878645317997582
44,5,0.45,0.98784080967063
44,5,0.50,0.9907977496632119
44,5,0.55,0.9849314094837337
44,5,0.60,0.9884728813658891
44,5,0.65,0.9872946057900196
44,5,0.70,0.9894651804876268
44,5,0.75,0.9891199316874002
44,5,0.80,0.9899265008344734
44,5,0.85,0.9888000854094006
44,5,0.90,0.9862038091093626
44,5,0.95,0.9878996050443068
44,6,0.05,0.8962946844928581
44,6,0.10,0.8726653848849193
44,6,0.15,0.9169758455022207
44,6,0.20,0.9584518920911901
44,6,0.25,0.9710196579918979
44,6,0.30,0.9821900725201033
44,6,0.35,0.9800733471454579
44,6,0.40,0.9797248455078905
44,6,0.45,0.9863582445294434
44,6,0.50,0.9761873954482493
44,6,0.55,0.9892419575375999
44,6,0.60,0.9879098268527742
44,6,0.65,0.9836024443528538
44,6,0.70,0.9850378786084069
44,6,0.75,0.9886648917226616
44,6,0.80,0.9902564938775866
44,6,0.85,0.9878816464270561
44,6,0.90,0.9870844973700632
44,6,0.95,0.9890773701411248
44,7,0.05,0.9375018036199744
44,7,0.10,0.914670935209758
44,7,0.15,0.9658637844755814
44,7,0.20,0.9657196918334144
44,7,0.25,0.9660512720044007
44,7,0.30,0.9749090844407565
44,7,0.35,0.9786119181764859
44,7,0.40,0.9815047015528507
44,7,0.45,0.9848666846534074
44,7,0.50,0.9807522319451252
44,7,0.55,0.9885721626276532
44,7,0.60,0.9877754281647535
44,7,0.65,0.9860636784479199
44,7,0.70,0.9875147352573712
44,7,0.75,0.9892517632022091
44,7,0.80,0.9892136645304722
44,7,0.85,0.9859328677615301
44,7,0.90,0.9870966096762083
44,7,0.95,0.985603375756723
44,8,0.05,0.8965824524337791
44,8,0.10,0.9475956047056671
44,8,0.15,0.9648091796893845
44,8,0.20,0.9662265995938676
44,8,0.25,0.9566929021391433
44,8,0.30,0.9765118071045975
44,8,0.35,0.9782301578783518
44,8,0.40,0.9866434386057348
44,8,0.45,0.98594964382132
44,8,0.50,0.9851098569083693
44,8,0.55,0.9838894452500284
44,8,0.60,0.9840194970984132
44,8,0.65,0.990774279666606
44,8,0.70,0.9842947754685311
44,8,0.75,0.9881188513060062
44,8,0.80,0.9874283733119861
44,8,0.85,0.9901586741069986
44,8,0.90,0.9871030082550635
44,8,0.95,0.9899706837221859
44,9,0.05,0.9083682560389152
44,9,0.10,0.9455268292670573
44,9,0.15,0.9432764667147989
44,9,0.20,0.9739867411592391
44,9,0.25,0.9533472575650667
44,9,0.30,0.9790949282129978
44,9,0.35,0.9765891718454367
44,9,0.40,0.9857615157687034
44,9,0.45,0.9890224786404047
44,9,0.50,0.9861256975638214
44,9,0.55,0.9874445127617337
44,9,0.60,0.9886091549191377
44,9,0.65,0.9857005427887751
44,9,0.70,0.9891730526424901
44,9,0.75,0.9906873152481739
44,9,0.80,0.987433558653042
44,9,0.85,0.987091309643797
44,9,0.90,0.9892651885300805
44,9,0.95,0.9880848200819564
45,0,0.05,0.8367123011978528
45,0,0.10,0.953476685018608
45,0,0.15,0.9624456237113854
45,0,0.20,0.9696383569463735
45,0,0.25,0.9641127876034603
45,0,0.30,0.9788303727877933
45,0,0.35,0.9833241721309216
45,0,0.40,0.9861403232016877
45,0,0.45,0.9793520809780965
45,0,0.50,0.9840905306330556
45,0,0.55,0.9884025259440347
45,0,0.60,0.9888465153754858
45,0,0.65,0.9900411231683287
45,0,0.70,0.9874862147984947
45,0,0.75,0.9882586418148125
45,0,0.80,0.9896074037542921
45,0,0.85,0.9883429968396849
45,0,0.90,0.984551521247568
45,0,0.95,0.9883967179275428
45,1,0.05,0.8662087207719993
45,1,0.10,0.964040301272845
45,1,0.15,0.9512009208726689
45,1,0.20,0.9646354808214023
45,1,0.25,0.9736865332113356
45,1,0.30,0.9721393484095616
45,1,0.35,0.9812286989335388
45,1,0.40,0.9872780534182536
45,1,0.45,0.9849357656849422
45,1,0.50,0.9908835413255686
45,1,0.55,0.9869605553035202
45,1,0.60,0.9865245312658842
45,1,0.65,0.9848323507023585
45,1,0.70,0.9872458409246361
45,1,0.75,0.9853423212978377
45,1,0.80,0.9904694840263903
45,1,0.85,0.9909390774233612
45,1,0.90,0.9886760203928715
45,1,0.95,0.9869111277612578
45,2,0.05,0.7641952658795472
45,2,0.10,0.8873750795138917
45,2,0.15,0.9710177695659399
45,2,0.20,0.9592884767772272
45,2,0.25,0.9684133705781811
45,2,0.30,0.9790014359038499
45,2,0.35,0.9815530215292126
45,2,0.40,0.9887297748566394
45,2,0.45,0.9815167613573352
45,2,0.50,0.9886340476559721
45,2,0.55,0.9886888548404599
45,2,0.60,0.991613147090182
45,2,0.65,0.9909239484077947
45,2,0.70,0.9903453990995768
45,2,0.75,0.9921688959576573
45,2,0.80,0.9887951538554812
45,2,0.85,0.9872161481990154
45,2,0.90,0.9882765812769018
45,2,0.95,0.9875743226651964
45,3,0.05,0.9022208106731822
45,3,0.10,0.9685253334737001
45,3,0.15,0.9571208143421354
45,3,0.20,0.9637886101320545
45,3,0.25,0.9664934916256654
45,3,0.30,0.9737694878722938
45,3,0.35,0.9763642922724742
45,3,0.40,0.9786337288739835
45,3,0.45,0.9830679927961868
45,3,0.50,0.9889315735947308
45,3,0.55,0.9865251925767157
45,3,0.60,0.9862496578461
45,3,0.65,0.9819176305462087
45,3,0.70,0.9883558254464756
45,3,0.75,0.9871184943657034
45,3,0.80,0.9906112115672734
45,3,0.85,0.9871753885093747
45,3,0.90,0.98825666012492
45,3,0.95,0.9888545942914632
45,4,0.05,0.728600800895838
45,4,0.10,0.9443915957126575
45,4,0.15,0.9683480518098749
45,4,0.20,0.9631414850824465
45,4,0.25,0.9777480878827562
45,4,0.30,0.979951939990721
45,4,0.35,0.9825450694591343
45,4,0.40,0.9821862274029879
45,4,0.45,0.9858416139946696
45,4,0.50,0.9863464042278924
45,4,0.55,0.9866496194510795
45,4,0.60,0.9870277036094295
45,4,0.65,0.9884367595364526
45,4,0.70,0.9898570541870706
45,4,0.75,0.9895713493119181
45,4,0.80,0.989058080098351
45,4,0.85,0.9885571683644482
45,4,0.90,0.9883780413630514
45,4,0.95,0.9859507772254694
45,5,0.05,0.8587438285460778
45,5,0.10,0.9377879681175438
45,5,0.15,0.9793867020086269
45,5,0.20,0.9599907927977545
45,5,0.25,0.9791032815313605
45,5,0.30,0.959901305213633
45,5,0.35,0.982356680541216
45,5,0.40,0.9800883639936685
45,5,0.45,0.9813093219072315
45,5,0.50,0.9844849304702183
45,5,0.55,0.9862370204729073
45,5,0.60,0.9890697137177387
45,5,0.65,0.9853034815598031
45,5,0.70,0.9880425632447726
45,5,0.75,0.9880351404046982
45,5,0.80,0.9911843544979164
45,5,0.85,0.9886718462309707
45,5,0.90,0.9869250032570503
45,5,0.95,0.9900733353326241
45,6,0.05,0.8814388412253326
45,6,0.10,0.9249692779264124
45,6,0.15,0.9695522910932312
45,6,0.20,0.9733468758311018
45,6,0.25,0.9775380591143566
45,6,0.30,0.985606460116647
45,6,0.35,0.9834706514733642
45,6,0.40,0.9833299292160154
45,6,0.45,0.9863694776283993
45,6,0.50,0.986621937327383
45,6,0.55,0.9870140800183391
45,6,0.60,0.9877640930905871
45,6,0.65,0.9859141317521225
45,6,0.70,0.9897980352189305
45,6,0.75,0.986653964902904
45,6,0.80,0.987690841642292
45,6,0.85,0.9869345609162334
45,6,0.90,0.9871630994090336
45,6,0.95,0.9878195200468359
45,7,0.05,0.8224687938554747
45,7,0.10,0.9249839503654744
45,7,0.15,0.9627956336625425
45,7,0.20,0.9664834752399774
45,7,0.25,0.9717368232189733
45,7,0.30,0.9680883675327759
45,7,0.35,0.9838428982506546
45,7,0.40,0.9843792818543585
45,7,0.45,0.9816017515291792
45,7,0.50,0.9890703740065117
45,7,0.55,0.9876317736677823
45,7,0.60,0.9881060956060376
45,7,0.65,0.9870980462269453
45,7,0.70,0.9875617562158104
45,7,0.75,0.9903134219713454
45,7,0.80,0.9913902217087086
45,7,0.85,0.9854536528991634
45,7,0.90,0.990067998660653
45,7,0.95,0.9874861385256811
45,8,0.05,0.842235110642923
45,8,0.10,0.9687214809626431
45,8,0.15,0.9616471958233335
45,8,0.20,0.9609433626394634
45,8,0.25,0.9797154369178632
45,8,0.30,0.9854043423990547
45,8,0.35,0.9811185277221461
45,8,0.40,0.9763901412384647
45,8,0.45,0.9838376242742806
45,8,0.50,0.9862002656212561
45,8,0.55,0.989114668759309
45,8,0.60,0.9862014512715999
45,8,0.65,0.9856595784521917
45,8,0.70,0.9869049711991518
45,8,0.75,0.9894103263466854
45,8,0.80,0.9872153115736954
45,8,0.85,0.9853302442587804
45,8,0.90,0.9886871986233113
45,8,0.95,0.989700711544824
45,9,0.05,0.7929404222546925
45,9,0.10,0.9498777609872806
45,9,0.15,0.9566466374998424
45,9,0.20,0.961462115143488
45,9,0.25,0.9747270383951164
45,9,0.30,0.9790875703433981
45,9,0.35,0.9856370301059499
45,9,0.40,0.9839462440956843
45,9,0.45,0.9832980884113371
45,9,0.50,0.9855228158020136
45,9,0.55,0.9837996486928707
45,9,0.60,0.9850346110075745
45,9,0.65,0.9897434787821293
45,9,0.70,0.9885946847675944
45,9,0.75,0.9888941903118467
45,9,0.80,0.9845491205255406
45,9,0.85,0.9900284189577305
45,9,0.90,0.9876524733698981
45,9,0.95,0.9892462596443162
46,0,0.05,0.633759698319293
46,0,0.10,0.8563014168148712
46,0,0.15,0.9555645127932092
46,0,0.20,0.9786491183240784
46,0,0.25,0.9728310279300509
46,0,0.30,0.9841444630118743
46,0,0.35,0.9859304916652932
46,0,0.40,0.9735549988928864
46,0,0.45,0.9842341007285534
46,0,0.50,0.9828505335036034
46,0,0.55,0.9811337832438134
46,0,0.60,0.9878154078557527
46,0,0.65,0.9863183651610822
46,0,0.70,0.9851420772535983
46,0,0.75,0.9870090730866105
46,0,0.80,0.9870973512943133
46,0,0.85,0.9881325064400815
46,0,0.90,0.9872979495040067
46,0,0.95,0.9892272460208391
46,1,0.05,0.5445020178522286
46,1,0.10,0.9547306296834653
46,1,0.15,0.9406396080213842
46,1,0.20,0.9662452899068077
46,1,0.25,0.9801196199856728
46,1,0.30,0.9783544195959764
46,1,0.35,0.9716226997369353
46,1,0.40,0.978482516655506
46,1,0.45,0.9862871378556686
46,1,0.50,0.9868168702798757
46,1,0.55,0.9880840667834223
46,1,0.60,0.9893893279847977
46,1,0.65,0.9846056067211765
46,1,0.70,0.987797934740389
46,1,0.75,0.9895357004482292
46,1,0.80,0.9869861583377857
46,1,0.85,0.9883499170711463
46,1,0.90,0.9908619626248223
46,1,0.95,0.9876926534189772
46,2,0.05,0.8919907892031845
46,2,0.10,0.960265474076165
46,2,0.15,0.9509683209334484
46,2,0.20,0.9702834397526698
46,2,0.25,0.9694811137702914
46,2,0.30,0.983421409594186
46,2,0.35,0.9771390689761937
46,2,0.40,0.987613435935698
46,2,0.45,0.9832651803655397
46,2,0.50,0.9888583276582317
46,2,0.55,0.9865957688527514
46,2,0.60,0.9859321352882678
46,2,0.65,0.9873312496914599
46,2,0.70,0.9881206592205363
46,2,0.75,0.9883708186174603
46,2,0.80,0.9862491137302022
46,2,0.85,0.9882383250042208
46,2,0.90,0.9883442302158443
46,2,0.95,0.9887526144590757
46,3,0.05,0.8039036365859689
46,3,0.10,0.9556490248013388
46,3,0.15,0.9589796107526832
46,3,0.20,0.9622485046845192
46,3,0.25,0.9727813680230446
46,3,0.30,0.9871012004143614
46,3,0.35,0.9834439237880561
46,3,0.40,0.9852372440372513
46,3,0.45,0.9829194576410016
46,3,0.50,0.9877839303734411
46,3,0.55,0.9851911977621667
46,3,0.60,0.9898583957803536
46,3,0.65,0.9854635605463072
46,3,0.70,0.9886811455148998
46,3,0.75,0.9868529237742869
46,3,0.80,0.9873802945677427
46,3,0.85,0.987614540477683
46,3,0.90,0.9894289137898452
46,3,0.95,0.9901186777929317
46,4,0.05,0.8438844377692702
46,4,0.10,0.9522638221407728
46,4,0.15,0.953408111531511
46,4,0.20,0.9720459869159322
46,4,0.25,0.9825617260072754
46,4,0.30,0.9810807327683219
46,4,0.35,0.9714198113338692
46,4,0.40,0.9814959328617991
46,4,0.45,0.9801938890236405
46,4,0.50,0.9828039673663269
46,4,0.55,0.9832613890525513
46,4,0.60,0.9858514277125864
46,4,0.65,0.9884551541085375
46,4,0.70,0.9892963932046314
46,4,0.75,0.9884986175826354
46,4,0.80,0.9865203153126143
46,4,0.85,0.9893424474398256
46,4,0.90,0.9905754812596071
46,4,0.95,0.9881989040567237
46,5,0.05,0.7299221903788751
46,5,0.10,0.9272646375445436
46,5,0.15,0.9476301784651959
46,5,0.20,0.9564507212835229
46,5,0.25,0.9739390084159961
46,5,0.30,0.9772803877013445
46,5,0.35,0.9796149322149256
46,5,0.40,0.9834686158159124
46,5,0.45,0.9852649734511768
46,5,0.50,0.9901646548867682
46,5,0.55,0.989696580875602
46,5,0.60,0.986102607367286
46,5,0.65,0.988731869192505
46,5,0.70,0.9882363876282185
46,5,0.75,0.9872849387487861
46,5,0.80,0.988542185318664
46,5,0.85,0.9911276023880184
46,5,0.90,0.9882501916995868
46,5,0.95,0.9901990827975911
46,6,0.05,0.9128677826734374
46,6,0.10,0.90533636111469
46,6,0.15,0.954061210656721
46,6,0.20,0.9702950575194045
46,6,0.25,0.9826757877585515
46,6,0.30,0.9807157632805352
46,6,0.35,0.9846050586862912
46,6,0.40,0.9811237248816157
46,6,0.45,0.9851001271278053
46,6,0.50,0.9885092442409675
46,6,0.55,0.9849951400383468
46,6,0.60,0.9891902056530125
46,6,0.65,0.9876451350658378
46,6,0.70,0.9896531762294121
46,6,0.75,0.987432083947691
46,6,0.80,0.9874144171087178
46,6,0.85,0.9869461901527863
46,6,0.90,0.9881542770017585
46,6,0.95,0.9887052425437067
46,7,0.05,0.8761393550989705
46,7,0.10,0.9520256048699146
46,7,0.15,0.9488298453326797
46,7,0.20,0.9722474520656794
46,7,0.25,0.9656570885032906
46,7,0.30,0.9823194700602788
46,7,0.35,0.9827607449080387
46,7,0.40,0.9789846185195121
46,7,0.45,0.981418735400449
46,7,0.50,0.9897618865739841
46,7,0.55,0.9894471738716735
46,7,0.60,0.9889825151797291
46,7,0.65,0.9887827072249308
46,7,0.70,0.9890499274750291
46,7,0.75,0.9835564353319584
46,7,0.80,0.9910412709857599
46,7,0.85,0.98930800381075
46,7,0.90,0.9875836461732151
46,7,0.95,0.9881792474451637
46,8,0.05,0.7702826337300749
46,8,0.10,0.9076212323503782
46,8,0.15,0.95670374192306
46,8,0.20,0.9802569764104475
46,8,0.25,0.9728019248884426
46,8,0.30,0.9813087170728806
46,8,0.35,0.9797785061019774
46,8,0.40,0.9849364456183749
46,8,0.45,0.9865824772963657
46,8,0.50,0.9881500020304935
46,8,0.55,0.9893305061378691
46,8,0.60,0.9866483852277824
46,8,0.65,0.9865462059689794
46,8,0.70,0.9840250380426926
46,8,0.75,0.9853303277441436
46,8,0.80,0.9879173043318019
46,8,0.85,0.9866707209128069
46,8,0.90,0.9893936722006852
46,8,0.95,0.9891093141437137
46,9,0.05,0.9428087443897939
46,9,0.10,0.9649596505847521
46,9,0.15,0.9544289586456904
46,9,0.20,0.976185622393225
46,9,0.25,0.9765975527567425
46,9,0.30,0.9858183737120962
46,9,0.35,0.980730576082309
46,9,0.40,0.98381144857237
46,9,0.45,0.9863593598909928
46,9,0.50,0.9872054379961194
46,9,0.55,0.9887989776745588
46,9,0.60,0.9870565569709006
46,9,0.65,0.9848930321028039
46,9,0.70,0.9875330495674578
46,9,0.75,0.9868216739230781
46,9,0.80,0.9913971205816919
46,9,0.85,0.9900270840277267
46,9,0.90,0.9888256729398663
46,9,0.95,0.9883700397703924
47,0,0.05,0.8908856249018942
47,0,0.10,0.9422735856584352
47,0,0.15,0.9594530214567322
47,0,0.20,0.9669940790578604
47,0,0.25,0.9685984807885604
47,0,0.30,0.9864813261829858
47,0,0.35,0.9826225744415692
47,0,0.40,0.9772560372829555
47,0,0.45,0.9803590788005295
47,0,0.50,0.9850420046832515
47,0,0.55,0.9894495343388091
47,0,0.60,0.9859270509976539
47,0,0.65,0.9903848768946372
47,0,0.70,0.9887441129300973
47,0,0.75,0.9870166968152972
47,0,0.80,0.9890219741142436
47,0,0.85,0.9893512998377327
47,0,0.90,0.9890694365354078
47,0,0.95,0.9860255821176873
47,1,0.05,0.8697645913954556
47,1,0.10,0.9467273936346094
47,1,0.15,0.9715751197896296
47,1,0.20,0.9359264770886487
47,1,0.25,0.9662986806081036
47,1,0.30,0.9812302209177106
47,1,0.35,0.9862289846881338
47,1,0.40,0.979920596037026
47,1,0.45,0.9852595446951853
47,1,0.50,0.983113908206631
47,1,0.55,0.9855805149773988
47,1,0.60,0.9869046093809295
47,1,0.65,0.9869955072775484
47,1,0.70,0.9890003576185874
47,1,0.75,0.9882711710226114
47,1,0.80,0.9880288992596199
47,1,0.85,0.987875995046049
47,1,0.90,0.9883533566818588
47,1,0.95,0.9896478903266182
47,2,0.05,0.789637553971545
47,2,0.10,0.9315998230487681
47,2,0.15,0.9695429484956767
47,2,0.20,0.9621972705827275
47,2,0.25,0.976903474680563
47,2,0.30,0.9806771637167706
47,2,0.35,0.9845419963321156
47,2,0.40,0.9804850244823152
47,2,0.45,0.9791067323140217
47,2,0.50,0.9855502580093667
47,2,0.55,0.9872199896515411
47,2,0.60,0.987369626422448
47,2,0.65,0.9890732260382639
47,2,0.70,0.9875660458634328
47,2,0.75,0.9873739008497282
47,2,0.80,0.9870788765099627
47,2,0.85,0.9896086538782981
47,2,0.90,0.9863502080601876
47,2,0.95,0.9857034048289655
47,3,0.05,0.8635354558744351
47,3,0.10,0.9097993652391568
47,3,0.15,0.947262085351614
47,3,0.20,0.9685380000812456
47,3,0.25,0.9708032599178537
47,3,0.30,0.9736953903968537
47,3,0.35,0.9799795424773029
47,3,0.40,0.9857778248720832
47,3,0.45,0.9846983433728196
47,3,0.50,0.9844005430071523
47,3,0.55,0.9851944709202608
47,3,0.60,0.9875079767417861
47,3,0.65,0.9895495999385837
47,3,0.70,0.9886604034315719
47,3,0.75,0.9891662869508542
47,3,0.80,0.987492881214987
47,3,0.85,0.9885586677195493
47,3,0.90,0.9874401298894092
47,3,0.95,0.9909065547593697
47,4,0.05,0.8333634359830282
47,4,0.10,0.9200858178289097
47,4,0.15,0.937983767061541
47,4,0.20,0.9602015269428357
47,4,0.25,0.9753388854717111
47,4,0.30,0.985075225906713
47,4,0.35,0.9836521878313522
47,4,0.40,0.9814104109127393
47,4,0.45,0.9837542096338896
47,4,0.50,0.9873313472205714
47,4,0.55,0.986523146931818
47,4,0.60,0.9878559347374847
47,4,0.65,0.989144677168951
47,4,0.70,0.9870530366052777
47,4,0.75,0.9870317803622682
47,4,0.80,0.9852147637006432
47,4,0.85,0.9902188562293736
47,4,0.90,0.9876416273173513
47,4,0.95,0.988244673964685
47,5,0.05,0.7083109799304652
47,5,0.10,0.9093402958667063
47,5,0.15,0.9549599775910752
47,5,0.20,0.9604602249934467
47,5,0.25,0.9728901608449972
47,5,0.30,0.9808224267320625
47,5,0.35,0.9849813618256975
47,5,0.40,0.9846610342486652
47,5,0.45,0.9844258035719529
47,5,0.50,0.9870774416165562
47,5,0.55,0.9888909607366579
47,5,0.60,0.9865525979102254
47,5,0.65,0.9874880595768369
47,5,0.70,0.9875008745490422
47,5,0.75,0.9877988038605875
47,5,0.80,0.9900728261450761
47,5,0.85,0.9878327223150764
47,5,0.90,0.9885465014595497
47,5,0.95,0.9895069779072295
47,6,0.05,0.8488508727863828
47,6,0.10,0.9414659759784347
47,6,0.15,0.9478007280817246
47,6,0.20,0.9584871661948257
47,6,0.25,0.9735239668096708
47,6,0.30,0.9766451923660675
47,6,0.35,0.9817853849366918
47,6,0.40,0.980762877792975
47,6,0.45,0.982667902662267
47,6,0.50,0.9844252040132558
47,6,0.55,0.9861662820668061
47,6,0.60,0.985732276998
47,6,0.65,0.9878335174781723
47,6,0.70,0.9858719176646795
47,6,0.75,0.9870312119695378
47,6,0.80,0.9884327430584378
47,6,0.85,0.9895359691820145
47,6,0.90,0.9870842280070471
47,6,0.95,0.9881380017044571
47,7,0.05,0.8318601377678954
47,7,0.10,0.9311471813969562
47,7,0.15,0.944668366202576
47,7,0.20,0.9703266114708327
47,7,0.25,0.9789291995634193
47,7,0.30,0.97651203520885
47,7,0.35,0.9745162623737187
47,7,0.40,0.9825214956292159
47,7,0.45,0.9773043099000938
47,7,0.50,0.9880895634139133
47,7,0.55,0.9812827047669461
47,7,0.60,0.9853134452861465
47,7,0.65,0.9884361657344983
47,7,0.70,0.9898354934080531
47,7,0.75,0.9884294275047413
47,7,0.80,0.9893950691447446
47,7,0.85,0.9867313389828619
47,7,0.90,0.9877055155925781
47,7,0.95,0.98969902491026
47,8,0.05,0.8290375148193619
47,8,0.10,0.9137207432481097
47,8,0.15,0.9535675691155489
47,8,0.20,0.9619581223604372
47,8,0.25,0.961846155351651
47,8,0.30,0.9824029236522077
47,8,0.35,0.9846296030214726
47,8,0.40,0.9849710321439723
47,8,0.45,0.9858324102746635
47,8,0.50,0.9856723644694563
47,8,0.55,0.9862938329208847
47,8,0.60,0.9858114487392521
47,8,0.65,0.9875506824412889
47,8,0.70,0.9884777814806391
47,8,0.75,0.9872363380593197
47,8,0.80,0.9852092595199589
47,8,0.85,0.9885646053034783
47,8,0.90,0.9869561908950787
47,8,0.95,0.9903772396528847
47,9,0.05,0.9071397512628782
47,9,0.10,0.9436343479551054
47,9,0.15,0.9532302056207346
47,9,0.20,0.9779864291741746
47,9,0.25,0.9701919064218708
47,9,0.30,0.9784097999359416
47,9,0.35,0.982928376048738
47,9,0.40,0.9821183877858946
47,9,0.45,0.9815476173494738
47,9,0.50,0.9856455077375126
47,9,0.55,0.9863228626748569
47,9,0.60,0.9877341794336146
47,9,0.65,0.9895778707241367
47,9,0.70,0.9868154994671707
47,9,0.75,0.9887130747296146
47,9,0.80,0.9874756933386436
47,9,0.85,0.98924382351163
47,9,0.90,0.9871483596680254
47,9,0.95,0.9878850355071012
48,0,0.05,0.8369690812969911
48,0,0.10,0.9535126223631818
48,0,0.15,0.9601694538688448
48,0,0.20,0.9689101361768103
48,0,0.25,0.964660501218995
48,0,0.30,0.9731646925324366
48,0,0.35,0.9807577933776493
48,0,0.40,0.9856941755606687
48,0,0.45,0.9836028351932403
48,0,0.50,0.9826503649159076
48,0,0.55,0.9875559357417734
48,0,0.60,0.9780720109786418
48,0,0.65,0.9874054263742902
48,0,0.70,0.9867038409013905
48,0,0.75,0.9823708115031271
48,0,0.80,0.9867468276437543
48,0,0.85,0.9896910462424366
48,0,0.90,0.9866595142331691
48,0,0.95,0.9883817272812103
48,1,0.05,0.7626117170578515
48,1,0.10,0.9419238074833408
48,1,0.15,0.9522773164972086
48,1,0.20,0.9699147540236471
48,1,0.25,0.977033868162406
48,1,0.30,0.979310191814682
48,1,0.35,0.9767616397127536
48,1,0.40,0.9857929527124646
48,1,0.45,0.989767502753484
48,1,0.50,0.9847745613264701
48,1,0.55,0.9880193379220288
48,1,0.60,0.9839208305183
48,1,0.65,0.9868731555851297
48,1,0.70,0.9850929032669157
48,1,0.75,0.9848342974983119
48,1,0.80,0.9896431325597395
48,1,0.85,0.9867607717949827
48,1,0.90,0.9873964135512332
48,1,0.95,0.9906623403052648
48,2,0.05,0.883263381827152
48,2,0.10,0.7438960095599174
48,2,0.15,0.9396572338235245
48,2,0.20,0.9463935011069082
48,2,0.25,0.9738974588190251
48,2,0.30,0.9748216933409894
48,2,0.35,0.9851091098043518
48,2,0.40,0.9826441961714975
48,2,0.45,0.9821577733595992
48,2,0.50,0.9885336384221883
48,2,0.55,0.9885157114048979
48,2,0.60,0.9869055879558453
48,2,0.65,0.9878610500040642
48,2,0.70,0.9858321432177253
48,2,0.75,0.9882910034163537
48,2,0.80,0.98407540719748
48,2,0.85,0.9887321737717626
48,2,0.90,0.9868264921280004
48,2,0.95,0.9874771087920566
48,3,0.05,0.8591731300303692
48,3,0.10,0.9487566125624869
48,3,0.15,0.9303525963373969
48,3,0.20,0.9618529900389609
48,3,0.25,0.9758398544160786
48,3,0.30,0.984020716830032
48,3,0.35,0.9736036631060982
48,3,0.40,0.9853661710300966
48,3,0.45,0.9847541315542843
48,3,0.50,0.9889691007773523
48,3,0.55,0.9884593362609702
48,3,0.60,0.984136389906519
48,3,0.65,0.9827276976556781
48,3,0.70,0.9864626784314364
48,3,0.75,0.988949718978185
48,3,0.80,0.9837256050133367
48,3,0.85,0.9876676574004535
48,3,0.90,0.9895998438651362
48,3,0.95,0.9907186140294378
48,4,0.05,0.8972173016848785
48,4,0.10,0.8147407837806069
48,4,0.15,0.9726299422824555
48,4,0.20,0.9597008363884428
48,4,0.25,0.9777045143358176
48,4,0.30,0.973871302240683
48,4,0.35,0.9744337649375683
48,4,0.40,0.9849792443797012
48,4,0.45,0.9868715145058305
48,4,0.50,0.9868155725084562
48,4,0.55,0.985556975171538
48,4,0.60,0.9879409398113929
48,4,0.65,0.9874300204286318
48,4,0.70,0.9853340808918581
48,4,0.75,0.9862096150870131
48,4,0.80,0.9905158076467572
48,4,0.85,0.9879360165682177
48,4,0.90,0.9871950558498196
48,4,0.95,0.9880590229659503
48,5,0.05,0.8660866079679999
48,5,0.10,0.8828400568163729
48,5,0.15,0.9297962206645218
48,5,0.20,0.979086116470008
48,5,0.25,0.9784120784967621
48,5,0.30,0.9840469876956538
48,5,0.35,0.9830010707444204
48,5,0.40,0.9796871469854583
48,5,0.45,0.9875477458773704
48,5,0.50,0.9881358824088478
48,5,0.55,0.9870518028178797
48,5,0.60,0.9844931939072753
48,5,0.65,0.9843142026701057
48,5,0.70,0.9848731289994849
48,5,0.75,0.9874218523491463
48,5,0.80,0.9848628702834541
48,5,0.85,0.9887206818727453
48,5,0.90,0.9883619752468148
48,5,0.95,0.9891192189700047
48,6,0.05,0.8726990881599144
48,6,0.10,0.9265889094686471
48,6,0.15,0.9750124771299478
48,6,0.20,0.953638750304268
48,6,0.25,0.9650099330277343
48,6,0.30,0.9773020113623463
48,6,0.35,0.9792656890068033
48,6,0.40,0.9861072580826056
48,6,0.45,0.9857457520035756
48,6,0.50,0.9884028351968933
48,6,0.55,0.988242421591905
48,6,0.60,0.9872508102286313
48,6,0.65,0.9835999553272252
48,6,0.70,0.9880766103339258
48,6,0.75,0.9867703765464795
48,6,0.80,0.9874795412703123
48,6,0.85,0.9877455994783187
48,6,0.90,0.9895219897932347
48,6,0.95,0.9856389676272977
48,7,0.05,0.8731049809532205
48,7,0.10,0.9159301179066937
48,7,0.15,0.9554681131578062
48,7,0.20,0.9707057623953418
48,7,0.25,0.9740176759118423
48,7,0.30,0.9792746308305339
48,7,0.35,0.9786728075435951
48,7,0.40,0.9875376511045982
48,7,0.45,0.9897939083520411
48,7,0.50,0.9902460383021228
48,7,0.55,0.9888746020882219
48,7,0.60,0.9879815279150603
48,7,0.65,0.9872620578631542
48,7,0.70,0.9870667192969194
48,7,0.75,0.9895999801172564
48,7,0.80,0.9866773914735639
48,7,0.85,0.9892932137927544
48,7,0.90,0.9876411516922143
48,7,0.95,0.9873516658935383
48,8,0.05,0.8921101036767948
48,8,0.10,0.896437011396146
48,8,0.15,0.9550770994885821
48,8,0.20,0.9479416201426526
48,8,0.25,0.9731073587338811
48,8,0.30,0.9714609076092134
48,8,0.35,0.9828188578760307
48,8,0.40,0.9842857472693758
48,8,0.45,0.9841143818115653
48,8,0.50,0.9883864359082515
48,8,0.55,0.9846115169333541
48,8,0.60,0.9885494225770051
48,8,0.65,0.9873330796598402
48,8,0.70,0.9873374077996928
48,8,0.75,0.9839861019944259
48,8,0.80,0.9859246081796564
48,8,0.85,0.9874739063203695
48,8,0.90,0.9896878972591433
48,8,0.95,0.98788974128022
48,9,0.05,0.8950454805953532
48,9,0.10,0.7540299595605218
48,9,0.15,0.947477020344686
48,9,0.20,0.9445430796997502
48,9,0.25,0.9689774070575451
48,9,0.30,0.9784024240451825
48,9,0.35,0.9815733439468934
48,9,0.40,0.9852831659060611
48,9,0.45,0.9838500825947968
48,9,0.50,0.9825131722672775
48,9,0.55,0.9893316446949352
48,9,0.60,0.9866849454836102
48,9,0.65,0.988690519897028
48,9,0.70,0.9891037684411469
48,9,0.75,0.9838011721045977
48,9,0.80,0.9873675833981821
48,9,0.85,0.9886658824545993
48,9,0.90,0.9893975832764534
48,9,0.95,0.9882309823934564
49,0,0.05,0.9365038620752164
49,0,0.10,0.9519773536273044
49,0,0.15,0.9648883412759295
49,0,0.20,0.9549160681724012
49,0,0.25,0.9832750483114486
49,0,0.30,0.9831234494935458
49,0,0.35,0.9778518225871401
49,0,0.40,0.9871825748287255
49,0,0.45,0.9906880665460187
49,0,0.50,0.9903451545742956
49,0,0.55,0.9902302529529317
49,0,0.60,0.9908569150450341
49,0,0.65,0.9919883021799185
49,0,0.70,0.9911649045009369
49,0,0.75,0.9887434172060485
49,0,0.80,0.9920671724996942
49,0,0.85,0.9910962184705163
49,0,0.90,0.9870770330293026
49,0,0.95,0.9902863278618934
49,1,0.05,0.8683188371589934
49,1,0.10,0.9266096242483226
49,1,0.15,0.9598925505705074
49,1,0.20,0.9599685357506712
49,1,0.25,0.9658077068790255
49,1,0.30,0.9737728376177093
49,1,0.35,0.9866071047796233
49,1,0.40,0.9888328572452555
49,1,0.45,0.9911475577200459
49,1,0.50,0.9838830327642017
49,1,0.55,0.9913433046692536
49,1,0.60,0.9893306540430499
49,1,0.65,0.9884564618924859
49,1,0.70,0.9906194787044617
49,1,0.75,0.9898658909782372
49,1,0.80,0.9897787404663477
49,1,0.85,0.9895405006999929
49,1,0.90,0.9846834814506119
49,1,0.95,0.9898071571358665
49,2,0.05,0.830294709225427
49,2,0.10,0.9534442812638061
49,2,0.15,0.9570996851035786
49,2,0.20,0.9482935955142735
49,2,0.25,0.9761181625944281
49,2,0.30,0.988058674333504
49,2,0.35,0.9835986443653449
49,2,0.40,0.9852985396649601
49,2,0.45,0.9836143464990317
49,2,0.50,0.9827317295199463
49,2,0.55,0.9875615617911776
49,2,0.60,0.9893534073746432
49,2,0.65,0.9857256865758383
49,2,0.70,0.9904352962095403
49,2,0.75,0.988778992318887
49,2,0.80,0.9908643407824127
49,2,0.85,0.9903589930301897
49,2,0.90,0.9869663595908907
49,2,0.95,0.986915927792904
49,3,0.05,0.8688097089558151
49,3,0.10,0.9439932198918594
49,3,0.15,0.9414779798865767
49,3,0.20,0.9714126685256009
49,3,0.25,0.9635048863427725
49,3,0.30,0.9826040425401106
49,3,0.35,0.9830012083893714
49,3,0.40,0.9851112341982383
49,3,0.45,0.9897250685265021
49,3,0.50,0.9874356564443356
49,3,0.55,0.9920301162107654
49,3,0.60,0.9905135344041547
49,3,0.65,0.9903768819870489
49,3,0.70,0.9911345357661521
49,3,0.75,0.9867717498721983
49,3,0.80,0.9900301150664684
49,3,0.85,0.9891705320717497
49,3,0.90,0.9882139752107431
49,3,0.95,0.9895601186745121
49,4,0.05,0.8470896380044168
49,4,0.10,0.8969683851883643
49,4,0.15,0.9592004701390753
49,4,0.20,0.9718321730962601
49,4,0.25,0.9752638700769644
49,4,0.30,0.9827279969654976
49,4,0.35,0.9775390591833273
49,4,0.40,0.9862511906370766
49,4,0.45,0.9874451046763276
49,4,0.50,0.9864297283505876
49,4,0.55,0.9895728428412349
49,4,0.60,0.9879704174729104
49,4,0.65,0.9909930931067472
49,4,0.70,0.9894654461396608
49,4,0.75,0.9880445911008254
49,4,0.80,0.9895037433906202
49,4,0.85,0.9892584985246584
49,4,0.90,0.9874643228120609
49,4,0.95,0.987910738096052
49,5,0.05,0.892117922338165
49,5,0.10,0.9336319282455536
49,5,0.15,0.9584131274357381
49,5,0.20,0.9757482519622505
49,5,0.25,0.9765781186810644
49,5,0.30,0.9800255034476638
49,5,0.35,0.9845183725666187
49,5,0.40,0.9865152642995719
49,5,0.45,0.9886719204471028
49,5,0.50,0.9884790230321022
49,5,0.55,0.9896105911585229
49,5,0.60,0.9875761268459239
49,5,0.65,0.9874021156516479
49,5,0.70,0.9905394605081849
49,5,0.75,0.9883664962383245
49,5,0.80,0.9892450901879059
49,5,0.85,0.9894426167410879
49,5,0.90,0.9873329094155522
49,5,0.95,0.9881796256551001
49,6,0.05,0.8919785176345423
49,6,0.10,0.936706922682154
49,6,0.15,0.9672587303364945
49,6,0.20,0.9742885158548158
49,6,0.25,0.9830729216670336
49,6,0.30,0.9824777489700603
49,6,0.35,0.983560328186286
49,6,0.40,0.9824126388043004
49,6,0.45,0.9879358849121755
49,6,0.50,0.9917488996987514
49,6,0.55,0.9909956186138775
49,6,0.60,0.9910240148252724
49,6,0.65,0.9910579142783931
49,6,0.70,0.9893968158753014
49,6,0.75,0.9899010262662354
49,6,0.80,0.9884950294177006
49,6,0.85,0.9904707114348977
49,6,0.90,0.9894377950450822
49,6,0.95,0.9872717000899209
49,7,0.05,0.9229895772005714
49,7,0.10,0.9535352468150309
49,7,0.15,0.9585140209332985
49,7,0.20,0.9740142122983814
49,7,0.25,0.9823498067323214
49,7,0.30,0.9743206994119747
49,7,0.35,0.9761452386219136
49,7,0.40,0.9893559649237691
49,7,0.45,0.9821760661281995
49,7,0.50,0.9897080288839646
49,7,0.55,0.9872444679811763
49,7,0.60,0.9899923391100882
49,7,0.65,0.9899161063458779
49,7,0.70,0.9904241251695023
49,7,0.75,0.989478650588576
49,7,0.80,0.9901868329976047
49,7,0.85,0.9899081531393267
49,7,0.90,0.9884794434180886
49,7,0.95,0.984476982150604
49,8,0.05,0.9498321477872783
49,8,0.10,0.9233602027991823
49,8,0.15,0.9707578314216327
49,8,0.20,0.964587684661547
49,8,0.25,0.9812180304900135
49,8,0.30,0.9798227831237761
49,8,0.35,0.9873614891903576
49,8,0.40,0.984591203655924
49,8,0.45,0.9852144895180717
49,8,0.50,0.9868199837956311
49,8,0.55,0.9890451548502922
49,8,0.60,0.984523745109147
49,8,0.65,0.9875948247099386
49,8,0.70,0.9910725040879902
49,8,0.75,0.9887070007808011
49,8,0.80,0.9898388080213983
49,8,0.85,0.9875673493461883
49,8,0.90,0.9880853826850989
49,8,0.95,0.989268855099148
49,9,0.05,0.9410052116013992
49,9,0.10,0.9288840367491887
49,9,0.15,0.9564824452394074
49,9,0.20,0.9428580099284499
49,9,0.25,0.9753596683633768
49,9,0.30,0.9838739225600839
49,9,0.35,0.9860815418832842
49,9,0.40,0.9857847173676254
49,9,0.45,0.9885554368960818
49,9,0.50,0.9899289841926846
49,9,0.55,0.9896016381437459
49,9,0.60,0.9887268427209828
49,9,0.65,0.9916764841870281
49,9,0.70,0.9920613398942582
49,9,0.75,0.9900232764957089
49,9,0.80,0.9902569697492914
49,9,0.85,0.9910396978033138
49,9,0.90,0.989764445436138
49,9,0.95,0.9858219816091522
50,0,0.05,0.8388996626484149
50,0,0.10,0.9328761497636564
50,0,0.15,0.9491737862085003
50,0,0.20,0.9728407824932261
50,0,0.25,0.9765919280605765
50,0,0.30,0.9800469624005128
50,0,0.35,0.9866246621898349
50,0,0.40,0.9806003356852522
50,0,0.45,0.9860048429852245
50,0,0.50,0.987008337500192
50,0,0.55,0.9875599077590006
50,0,0.60,0.9869744708064289
50,0,0.65,0.9864058899233984
50,0,0.70,0.9872045933255497
50,0,0.75,0.9884045308497336
50,0,0.80,0.9870041546406407
50,0,0.85,0.987974217906171
50,0,0.90,0.9887308889242071
50,0,0.95,0.9875296382953277
50,1,0.05,0.8165617381433566
50,1,0.10,0.9288803880582746
50,1,0.15,0.9447192485021014
50,1,0.20,0.9723209151186604
50,1,0.25,0.9771966360358009
50,1,0.30,0.9782125355292062
50,1,0.35,0.9823765777016418
50,1,0.40,0.9848142028733246
50,1,0.45,0.9825467559646212
50,1,0.50,0.983753769418169
50,1,0.55,0.9889334008168911
50,1,0.60,0.989208925399779
50,1,0.65,0.9868325380983716
50,1,0.70,0.9875374433790559
50,1,0.75,0.9884526602821729
50,1,0.80,0.9857873392118559
50,1,0.85,0.986162930275899
50,1,0.90,0.9887626220840805
50,1,0.95,0.9877749766367021
50,2,0.05,0.8735989489822069
50,2,0.10,0.9628469265405463
50,2,0.15,0.9411076810185903
50,2,0.20,0.9651654966272887
50,2,0.25,0.9864271120706635
50,2,0.30,0.9757132997608108
50,2,0.35,0.9860846057697498
50,2,0.40,0.9751209852664383
50,2,0.45,0.9815350607128361
50,2,0.50,0.9890153770903701
50,2,0.55,0.9883057314598708
50,2,0.60,0.9863454090577176
50,2,0.65,0.9870986323042347
50,2,0.70,0.9876551264538795
50,2,0.75,0.9858653722084665
50,2,0.80,0.9849452444096035
50,2,0.85,0.9876421564736569
50,2,0.90,0.9875856171705037
50,2,0.95,0.9892017803921801
50,3,0.05,0.8707663748112746
50,3,0.10,0.9322733916006156
50,3,0.15,0.9613499691347175
50,3,0.20,0.9724345064622452
50,3,0.25,0.9780010393571434
50,3,0.30,0.9722779790245574
50,3,0.35,0.9809697198833229
50,3,0.40,0.9831441925273884
50,3,0.45,0.9829900698720752
50,3,0.50,0.9847019363147456
50,3,0.55,0.9854768657353072
50,3,0.60,0.9875677088604706
50,3,0.65,0.9871895244371452
50,3,0.70,0.9879724453128792
50,3,0.75,0.9888318046662963
50,3,0.80,0.9872178444737658
50,3,0.85,0.9897820485310626
50,3,0.90,0.9868409590465227
50,3,0.95,0.9867316315571978
50,4,0.05,0.6405768770902365
50,4,0.10,0.9414058430777797
50,4,0.15,0.9735084054738745
50,4,0.20,0.9754262332752601
50,4,0.25,0.9819718550570221
50,4,0.30,0.9780724944069668
50,4,0.35,0.9841189438393262
50,4,0.40,0.9858637515287683
50,4,0.45,0.9870838529953508
50,4,0.50,0.9807326358340893
50,4,0.55,0.9873571860596234
50,4,0.60,0.9886216097914338
50,4,0.65,0.9880632550011067
50,4,0.70,0.9875375598165678
50,4,0.75,0.9887047531524104
50,4,0.80,0.9860294254350866
50,4,0.85,0.9898065666724686
50,4,0.90,0.9880170575903924
50,4,0.95,0.9878985358520024
50,5,0.05,0.8892670998066882
50,5,0.10,0.9168775103991488
50,5,0.15,0.9621619855314271
50,5,0.20,0.9618006846052228
50,5,0.25,0.9775170309776122
50,5,0.30,0.9804258356143822
50,5,0.35,0.9771045397223902
50,5,0.40,0.9839474887715848
50,5,0.45,0.9824558267030213
50,5,0.50,0.9889010201271723
50,5,0.55,0.9816435932163069
50,5,0.60,0.9870611419494508
50,5,0.65,0.98559595248062
50,5,0.70,0.9861664261393152
50,5,0.75,0.9853837553546632
50,5,0.80,0.9893665359601737
50,5,0.85,0.9862687774915115
50,5,0.90,0.9850405029767203
50,5,0.95,0.9894957011468506
50,6,0.05,0.9094604237825047
50,6,0.10,0.9502731654395136
50,6,0.15,0.9545611461613693
50,6,0.20,0.9777669011785468
50,6,0.25,0.9765481060336481
50,6,0.30,0.9788626984358867
50,6,0.35,0.9842382231974546
50,6,0.40,0.9843679806146548
50,6,0.45,0.9841921178206249
50,6,0.50,0.985250933290557
50,6,0.55,0.988133196552444
50,6,0.60,0.9876339377806233
50,6,0.65,0.9885042486129609
50,6,0.70,0.9872533135244591
50,6,0.75,0.987805438227648
50,6,0.80,0.9887284990567864
50,6,0.85,0.9871066410644671
50,6,0.90,0.9892490981759641
50,6,0.95,0.9881343470490773
50,7,0.05,0.865996242874087
50,7,0.10,0.9164361094406729
50,7,0.15,0.9571269988892162
50,7,0.20,0.9666999507181094
50,7,0.25,0.9783432639789273
50,7,0.30,0.9789489294306264
50,7,0.35,0.9837428016914491
50,7,0.40,0.9790577714768885
50,7,0.45,0.9860000759075015
50,7,0.50,0.9856404970836414
50,7,0.55,0.9874371470823644
50,7,0.60,0.9891689831080381
50,7,0.65,0.9856562042844376
50,7,0.70,0.9858160129278701
50,7,0.75,0.9871152843600726
50,7,0.80,0.987255873456162
50,7,0.85,0.9879408534419688
50,7,0.90,0.9875348739817332
50,7,0.95,0.9876377587344068
50,8,0.05,0.8848146232047193
50,8,0.10,0.95310267324584
50,8,0.15,0.9619873428069834
50,8,0.20,0.9762171446889857
50,8,0.25,0.97549233109118
50,8,0.30,0.9776971362609048
50,8,0.35,0.9800874917174208
50,8,0.40,0.9823989280641287
50,8,0.45,0.9819329294314141
50,8,0.50,0.986752981268793
50,8,0.55,0.9865662273933162
50,8,0.60,0.9879407601595172
50,8,0.65,0.9861859146528508
50,8,0.70,0.9906990534159916
50,8,0.75,0.9886976634084118
50,8,0.80,0.9875872190882602
50,8,0.85,0.9851332603961594
50,8,0.90,0.9879077859097414
50,8,0.95,0.9887455572738609
50,9,0.05,0.9246621503840036
50,9,0.10,0.9520476397822845
50,9,0.15,0.9749329617550717
50,9,0.20,0.9559858635953093
50,9,0.25,0.9635135204776532
50,9,0.30,0.9766787503721587
50,9,0.35,0.9836397442151764
50,9,0.40,0.9855312191791208
50,9,0.45,0.9771452897115493
50,9,0.50,0.9833541435563593
50,9,0.55,0.986471483668215
50,9,0.60,0.985664091963932
50,9,0.65,0.9884330476558222
50,9,0.70,0.9897761204982365
50,9,0.75,0.9897063467784932
50,9,0.80,0.9889509493510485
50,9,0.85,0.9894524214037603
50,9,0.90,0.9886945020368604
50,9,0.95,0.9888446897876876
51,0,0.05,0.8635449983943839
51,0,0.10,0.9549042372108795
51,0,0.15,0.9563300490730555
51,0,0.20,0.966640942493103
51,0,0.25,0.9745385112961209
51,0,0.30,0.9833601639032344
51,0,0.35,0.9764692703766241
51,0,0.40,0.9803207260223883
51,0,0.45,0.9873157685728102
51,0,0.50,0.9869886947415996
51,0,0.55,0.9850668568600632
51,0,0.60,0.9893340588121174
51,0,0.65,0.9883057695531833
51,0,0.70,0.9889347307878184
51,0,0.75,0.9897037923586355
51,0,0.80,0.9910786593200176
51,0,0.85,0.9887668874602225
51,0,0.90,0.989205909230374
51,0,0.95,0.9885661564706794
51,1,0.05,0.8189569461481312
51,1,0.10,0.9426643532331026
51,1,0.15,0.9643545843904676
51,1,0.20,0.9716393228513167
51,1,0.25,0.9745736984865716
51,1,0.30,0.9847265257515759
51,1,0.35,0.9898521880056528
51,1,0.40,0.9872958465796599
51,1,0.45,0.9829602820313706
51,1,0.50,0.9872146830942777
51,1,0.55,0.9877843607872516
51,1,0.60,0.9859599368166827
51,1,0.65,0.9862151207884357
51,1,0.70,0.9884542167080593
51,1,0.75,0.9849533847761942
51,1,0.80,0.9895465325531851
51,1,0.85,0.9889269075504485
51,1,0.90,0.9883321722051931
51,1,0.95,0.9884225440676313
51,2,0.05,0.7974043181057557
51,2,0.10,0.9184379855810159
51,2,0.15,0.9500502656251011
51,2,0.20,0.9779016529214769
51,2,0.25,0.9796900101461404
51,2,0.30,0.9858574667909495
51,2,0.35,0.9797201614858622
51,2,0.40,0.983837509940466
51,2,0.45,0.9813501250154859
51,2,0.50,0.9861309629262928
51,2,0.55,0.9872423190072472
51,2,0.60,0.989340435136544
51,2,0.65,0.9898972259299781
51,2,0.70,0.9879659961281222
51,2,0.75,0.9913600342941004
51,2,0.80,0.986444557715847
51,2,0.85,0.9886856744850087
51,2,0.90,0.9895806877366596
51,2,0.95,0.9887569414589936
51,3,0.05,0.8682280866916842
51,3,0.10,0.9320089242252036
51,3,0.15,0.9710589795076026
51,3,0.20,0.9787940142884242
51,3,0.25,0.9771400810651699
51,3,0.30,0.9737819254623533
51,3,0.35,0.9869695311259977
51,3,0.40,0.9737440916565694
51,3,0.45,0.9852853793795106
51,3,0.50,0.986651083653198
51,3,0.55,0.9849430999635208
51,3,0.60,0.9878759835907089
51,3,0.65,0.9877639075420527
51,3,0.70,0.9917289926055651
51,3,0.75,0.9897077264961825
51,3,0.80,0.9891167698329352
51,3,0.85,0.9883690532970979
51,3,0.90,0.9880897083169017
51,3,0.95,0.9876190448212901
51,4,0.05,0.809716713089706
51,4,0.10,0.9468640399147876
51,4,0.15,0.9712555632024437
51,4,0.20,0.9738900090856699
51,4,0.25,0.9753722646264252
51,4,0.30,0.975568114065369
51,4,0.35,0.9855658000896819
51,4,0.40,0.9806987078354173
51,4,0.45,0.9898354101577795
51,4,0.50,0.9847250073441577
51,4,0.55,0.9841317048560797
51,4,0.60,0.9898220530386261
51,4,0.65,0.9852519527210398
51,4,0.70,0.9886870248569649
51,4,0.75,0.990204000085336
51,4,0.80,0.9888045623429276
51,4,0.85,0.9924531240321021
51,4,0.90,0.9901180008035836
51,4,0.95,0.9903897034073234
51,5,0.05,0.7864457967818049
51,5,0.10,0.9516848398505953
51,5,0.15,0.9461545099965168
51,5,0.20,0.9654234634504532
51,5,0.25,0.9687924591486281
51,5,0.30,0.9835514457223209
51,5,0.35,0.9839522310402481
51,5,0.40,0.9855785242959716
51,5,0.45,0.9794180334544873
51,5,0.50,0.9846042749433734
51,5,0.55,0.9852878245973236
51,5,0.60,0.9887461282233859
51,5,0.65,0.9863368214293958
51,5,0.70,0.985413925221343
51,5,0.75,0.9867436288936472
51,5,0.80,0.9912593230343753
51,5,0.85,0.9892096439386433
51,5,0.90,0.9878354101162793
51,5,0.95,0.9891990864182575
51,6,0.05,0.801379945688538
51,6,0.10,0.9414133691473138
51,6,0.15,0.9626610780071225
51,6,0.20,0.9601770476729753
51,6,0.25,0.9678191426223834
51,6,0.30,0.9700808449929379
51,6,0.35,0.9831709065784248
51,6,0.40,0.9819501464259672
51,6,0.45,0.9883540445896265
51,6,0.50,0.9857949840557293
51,6,0.55,0.9903941455615838
51,6,0.60,0.9876551105267066
51,6,0.65,0.9901866903620158
51,6,0.70,0.9887234696830985
51,6,0.75,0.9878090391361911
51,6,0.80,0.9861147501358395
51,6,0.85,0.9870321484996207
51,6,0.90,0.9855510756860216
51,6,0.95,0.9873968997800305
51,7,0.05,0.7275228740734765
51,7,0.10,0.9291343159030999
51,7,0.15,0.9638457650308592
51,7,0.20,0.9539685778253557
51,7,0.25,0.9770226444317928
51,7,0.30,0.9713196755397949
51,7,0.35,0.9817223272324719
51,7,0.40,0.9838069481624203
51,7,0.45,0.9876028901961815
51,7,0.50,0.9885860293798965
51,7,0.55,0.9888328601486411
51,7,0.60,0.9863275277035243
51,7,0.65,0.9897725021996135
51,7,0.70,0.9880146693364605
51,7,0.75,0.9860795495422205
51,7,0.80,0.9889608933238285
51,7,0.85,0.9901463222726149
51,7,0.90,0.9869511673760774
51,7,0.95,0.9865583631160484
51,8,0.05,0.9063380900942796
51,8,0.10,0.962682722075448
51,8,0.15,0.9669610541871091
51,8,0.20,0.9759877576303342
51,8,0.25,0.9732693773016374
51,8,0.30,0.971313561580033
51,8,0.35,0.9838467948005893
51,8,0.40,0.97930497412827
51,8,0.45,0.9833474960412646
51,8,0.50,0.9858543474200983
51,8,0.55,0.9882424815618386
51,8,0.60,0.9888945600734276
51,8,0.65,0.9898595962002678
51,8,0.70,0.9890666613690334
51,8,0.75,0.9875896900690225
51,8,0.80,0.9886891497870136
51,8,0.85,0.9913194826151602
51,8,0.90,0.9863850198543243
51,8,0.95,0.9907408686974545
51,9,0.05,0.7178408032000727
51,9,0.10,0.9291230755340197
51,9,0.15,0.9568430498856028
51,9,0.20,0.9758057353718143
51,9,0.25,0.9812162301639155
51,9,0.30,0.9820241683595343
51,9,0.35,0.984066044321641
51,9,0.40,0.9833183805352866
51,9,0.45,0.9829222769331847
51,9,0.50,0.9861762154938406
51,9,0.55,0.9897595160695674
51,9,0.60,0.9904793939039178
51,9,0.65,0.9892454415025483
51,9,0.70,0.9877469619631707
51,9,0.75,0.9886386392194955
51,9,0.80,0.9878171403854762
51,9,0.85,0.986389322175159
51,9,0.90,0.9897624357445204
51,9,0.95,0.9870688096846358
52,0,0.05,0.9209260142318401
52,0,0.10,0.9223466813034793
52,0,0.15,0.9567537394607454
52,0,0.20,0.9570686232799789
52,0,0.25,0.974037316853677
52,0,0.30,0.9807170406622135
52,0,0.35,0.9785815610174466
52,0,0.40,0.9766455119308478
52,0,0.45,0.9801205696578243
52,0,0.50,0.9857059129108273
52,0,0.55,0.9826317658622196
52,0,0.60,0.9860390212999127
52,0,0.65,0.9821255135335443
52,0,0.70,0.9846306391715505
52,0,0.75,0.9874468611305444
52,0,0.80,0.9862862403052082
52,0,0.85,0.9890929876275019
52,0,0.90,0.987091223607306
52,0,0.95,0.9900120895424906
52,1,0.05,0.9105506302659121
52,1,0.10,0.8985353362606334
52,1,0.15,0.9300617373422855
52,1,0.20,0.970339511363374
52,1,0.25,0.9765667695380719
52,1,0.30,0.9850997996959735
52,1,0.35,0.9817385572428976
52,1,0.40,0.9766666345157333
52,1,0.45,0.9794253488601551
52,1,0.50,0.9820703373205772
52,1,0.55,0.9778020981093598
52,1,0.60,0.9834967865419907
52,1,0.65,0.9881932318496642
52,1,0.70,0.986089509122175
52,1,0.75,0.9858904640790056
52,1,0.80,0.9879517995144086
52,1,0.85,0.9866043687088828
52,1,0.90,0.9883720101704424
52,1,0.95,0.9854644595357985
52,2,0.05,0.8425796811873096
52,2,0.10,0.9482712780618379
52,2,0.15,0.9602873373546186
52,2,0.20,0.9644778763511221
52,2,0.25,0.970330769756245
52,2,0.30,0.9841568748218608
52,2,0.35,0.9784712580268116
52,2,0.40,0.9834603677058811
52,2,0.45,0.9778991047696783
52,2,0.50,0.9888007659276263
52,2,0.55,0.9864623122862064
52,2,0.60,0.980058342394099
52,2,0.65,0.9833001788157016
52,2,0.70,0.984576723593662
52,2,0.75,0.9862193354863728
52,2,0.80,0.9861124805880624
52,2,0.85,0.9862224860609115
52,2,0.90,0.9878707080280843
52,2,0.95,0.9867733595955256
52,3,0.05,0.8645294625231686
52,3,0.10,0.9348906195458385
52,3,0.15,0.9552856735290094
52,3,0.20,0.9636728047549799
52,3,0.25,0.9764873437287034
52,3,0.30,0.9761763349898102
52,3,0.35,0.977521109327522
52,3,0.40,0.9870741791886783
52,3,0.45,0.9814127259338066
52,3,0.50,0.9822613736984885
52,3,0.55,0.9801625137130967
52,3,0.60,0.9839186549019745
52,3,0.65,0.9875166553975712
52,3,0.70,0.9848867103791741
52,3,0.75,0.9875877167199659
52,3,0.80,0.9905577679218747
52,3,0.85,0.9869873348351923
52,3,0.90,0.9895436936870025
52,3,0.95,0.9903016147290777
52,4,0.05,0.8789321740489384
52,4,0.10,0.9173337589906905
52,4,0.15,0.9511101986769889
52,4,0.20,0.9700983705793662
52,4,0.25,0.9754487566837253
52,4,0.30,0.9617314832481945
52,4,0.35,0.9751355632333795
52,4,0.40,0.9751370248709071
52,4,0.45,0.9844501006399957
52,4,0.50,0.9792128713416451
52,4,0.55,0.9854262921055968
52,4,0.60,0.9857511840413449
52,4,0.65,0.9835081660534791
52,4,0.70,0.9867713799653348
52,4,0.75,0.9895313379705345
52,4,0.80,0.9895069411390596
52,4,0.85,0.9900335326562919
52,4,0.90,0.9845521885602752
52,4,0.95,0.9816627450782481
52,5,0.05,0.8415076018417691
52,5,0.10,0.9630749250678733
52,5,0.15,0.9700033485746243
52,5,0.20,0.974285074284092
52,5,0.25,0.971046328556866
52,5,0.30,0.97745918005396
52,5,0.35,0.9756206726372663
52,5,0.40,0.9809298873862166
52,5,0.45,0.9847131699397408
52,5,0.50,0.9833837657803004
52,5,0.55,0.9822906556443486
52,5,0.60,0.982377820463414
52,5,0.65,0.9846458881059267
52,5,0.70,0.9862971220061171
52,5,0.75,0.9840165326666802
52,5,0.80,0.9906243896674414
52,5,0.85,0.9890149310190623
52,5,0.90,0.989952417295012
52,5,0.95,0.9876228426624833
52,6,0.05,0.8414073053825932
52,6,0.10,0.946868548597608
52,6,0.15,0.9776093407590357
52,6,0.20,0.9697547940944409
52,6,0.25,0.9694429814934423
52,6,0.30,0.9713015587501416
52,6,0.35,0.9793100272229451
52,6,0.40,0.9822607092606039
52,6,0.45,0.9778403927042175
52,6,0.50,0.9857224853587069
52,6,0.55,0.9822913246847953
52,6,0.60,0.9879957072574183
52,6,0.65,0.9873122786466135
52,6,0.70,0.9843707432334112
52,6,0.75,0.9836652041319525
52,6,0.80,0.9870503414712088
52,6,0.85,0.9890978887935332
52,6,0.90,0.989710252419521
52,6,0.95,0.9880422728450899
52,7,0.05,0.8562880497049803
52,7,0.10,0.9489000476883597
52,7,0.15,0.9694941808291103
52,7,0.20,0.9790495586110054
52,7,0.25,0.9723878752867743
52,7,0.30,0.9766663152495569
52,7,0.35,0.9840181000198854
52,7,0.40,0.985018070527489
52,7,0.45,0.9869022332954762
52,7,0.50,0.9787662051129712
52,7,0.55,0.9834766855058265
52,7,0.60,0.9822584402733094
52,7,0.65,0.9857781028557316
52,7,0.70,0.9860915854718846
52,7,0.75,0.9839750192587741
52,7,0.80,0.9865047953005761
52,7,0.85,0.9904223346384875
52,7,0.90,0.9869831225599015
52,7,0.95,0.9870659525978043
52,8,0.05,0.6327073612162495
52,8,0.10,0.948100800424507
52,8,0.15,0.9394075897616915
52,8,0.20,0.968208220207235
52,8,0.25,0.976481807290294
52,8,0.30,0.9731322330550491
52,8,0.35,0.98395973884575
52,8,0.40,0.9784703689181311
52,8,0.45,0.9870407857414129
52,8,0.50,0.9854300286280141
52,8,0.55,0.9870460007537791
52,8,0.60,0.9880555938332265
52,8,0.65,0.9852457775770717
52,8,0.70,0.9878627481681667
52,8,0.75,0.9834845798730372
52,8,0.80,0.9868168640008612
52,8,0.85,0.9896259127497375
52,8,0.90,0.9889247551005953
52,8,0.95,0.9878901877455012
52,9,0.05,0.8207332035159576
52,9,0.10,0.8989417862170711
52,9,0.15,0.932010625061654
52,9,0.20,0.9625430933496327
52,9,0.25,0.9771471297800326
52,9,0.30,0.9746934804305912
52,9,0.35,0.9865581150895493
52,9,0.40,0.9714352515702082
52,9,0.45,0.9846970204075468
52,9,0.50,0.9800810979873545
52,9,0.55,0.9830903004661384
52,9,0.60,0.9827430921968994
52,9,0.65,0.9880448143158383
52,9,0.70,0.9838297840517902
52,9,0.75,0.9841457092627007
52,9,0.80,0.9884485943598343
52,9,0.85,0.9889103998487084
52,9,0.90,0.9880269871116137
52,9,0.95,0.9873919700655793
53,0,0.05,0.7283224591672186
53,0,0.10,0.9463389190209754
53,0,0.15,0.9666425706408697
53,0,0.20,0.9843342670357795
53,0,0.25,0.965332033304853
53,0,0.30,0.9566839137532839
53,0,0.35,0.9687815928219843
53,0,0.40,0.9850442934336268
53,0,0.45,0.9869931315892682
53,0,0.50,0.9808960668432556
53,0,0.55,0.9795271117724944
53,0,0.60,0.9863768929679488
53,0,0.65,0.9877630642494565
53,0,0.70,0.989409672502447
53,0,0.75,0.9878031150263374
53,0,0.80,0.9855685577290357
53,0,0.85,0.9887954179504194
53,0,0.90,0.9893302564828629
53,0,0.95,0.990883804643972
53,1,0.05,0.8611218363751184
53,1,0.10,0.9283256974087934
53,1,0.15,0.9514345292832758
53,1,0.20,0.9697045767829672
53,1,0.25,0.9539257683265476
53,1,0.30,0.97110208437297
53,1,0.35,0.9754075696418466
53,1,0.40,0.9799546353964433
53,1,0.45,0.9773790347207054
53,1,0.50,0.9858305459434141
53,1,0.55,0.985963299733683
53,1,0.60,0.9859416421027352
53,1,0.65,0.9898749180891769
53,1,0.70,0.9896322141957802
53,1,0.75,0.990418259715013
53,1,0.80,0.9879700756249131
53,1,0.85,0.9919048771851676
53,1,0.90,0.9895160730612246
53,1,0.95,0.9855880674113642
53,2,0.05,0.8552164792654123
53,2,0.10,0.9531188981535402
53,2,0.15,0.9236655791277217
53,2,0.20,0.9710347031564731
53,2,0.25,0.9702772374049109
53,2,0.30,0.9639293535799455
53,2,0.35,0.9760214504069669
53,2,0.40,0.9819974568646814
53,2,0.45,0.971534709401853
53,2,0.50,0.9845466744800222
53,2,0.55,0.9870392640771718
53,2,0.60,0.9887106144314922
53,2,0.65,0.9869705642376112
53,2,0.70,0.9878127496097732
53,2,0.75,0.9875723879593068
53,2,0.80,0.986832724925632
53,2,0.85,0.986690619986424
53,2,0.90,0.9887457503946917
53,2,0.95,0.9889331684121402
53,3,0.05,0.7981495913616824
53,3,0.10,0.9313805524850322
53,3,0.15,0.9538437332896963
53,3,0.20,0.9589307849435204
53,3,0.25,0.9702908944528957
53,3,0.30,0.9775320740958973
53,3,0.35,0.9705137280924674
53,3,0.40,0.9769020143573913
53,3,0.45,0.9780066273848464
53,3,0.50,0.9861505208299708
53,3,0.55,0.986756261894033
53,3,0.60,0.9822963471991413
53,3,0.65,0.9858871195127219
53,3,0.70,0.9894338195092008
53,3,0.75,0.9886174605745959
53,3,0.80,0.9867747486656232
53,3,0.85,0.9902368584309739
53,3,0.90,0.9881079961872645
53,3,0.95,0.9904083721558008
53,4,0.05,0.8383322092583916
53,4,0.10,0.949472845958133
53,4,0.15,0.9524158913137201
53,4,0.20,0.9460792308655793
53,4,0.25,0.9679795528232189
53,4,0.30,0.9706794668782329
53,4,0.35,0.9771618224185624
53,4,0.40,0.9808471147702787
53,4,0.45,0.9768712188335565
53,4,0.50,0.9840807879869994
53,4,0.55,0.9844559438149856
53,4,0.60,0.9840190288002153
53,4,0.65,0.9878732799195097
53,4,0.70,0.9850545424885067
53,4,0.75,0.9883362804484511
53,4,0.80,0.9864178916539342
53,4,0.85,0.9872672807389109
53,4,0.90,0.989351138275306
53,4,0.95,0.987302687116389
53,5,0.05,0.8432662830320828
53,5,0.10,0.9605066523006374
53,5,0.15,0.961036806877384
53,5,0.20,0.9513683651887367
53,5,0.25,0.9576075802124085
53,5,0.30,0.9795042662340173
53,5,0.35,0.9734396489693848
53,5,0.40,0.9831445237835609
53,5,0.45,0.9815142080365333
53,5,0.50,0.9861896866447204
53,5,0.55,0.9859244809937961
53,5,0.60,0.9883766866651661
53,5,0.65,0.9912432202592706
53,5,0.70,0.9878430246188337
53,5,0.75,0.9901715177859342
53,5,0.80,0.9880680411853306
53,5,0.85,0.9903212369041787
53,5,0.90,0.9894975464919458
53,5,0.95,0.9863270962945092
53,6,0.05,0.7874898889237523
53,6,0.10,0.9624519664991861
53,6,0.15,0.9614603791455798
53,6,0.20,0.9751702272901446
53,6,0.25,0.9695634718347496
53,6,0.30,0.977990923342273
53,6,0.35,0.9705963352806132
53,6,0.40,0.9760496831142692
53,6,0.45,0.9783611582656377
53,6,0.50,0.9872548290607446
53,6,0.55,0.9848264951025015
53,6,0.60,0.9887848338706942
53,6,0.65,0.988120652723006
53,6,0.70,0.9908583490300398
53,6,0.75,0.988492992525613
53,6,0.80,0.9868451608220794
53,6,0.85,0.9903843129182929
53,6,0.90,0.9873734869447602
53,6,0.95,0.9882364530439169
53,7,0.05,0.8561970323840229
53,7,0.10,0.9672447769421585
53,7,0.15,0.9488177316267128
53,7,0.20,0.9703712182965486
53,7,0.25,0.9752982523740193
53,7,0.30,0.9708906564590074
53,7,0.35,0.9772048917503197
53,7,0.40,0.9731089869484657
53,7,0.45,0.9836799367264758
53,7,0.50,0.9861824526610884
53,7,0.55,0.9853623792314027
53,7,0.60,0.988866806497805
53,7,0.65,0.9868740167893298
53,7,0.70,0.9876875553042185
53,7,0.75,0.9881429580377105
53,7,0.80,0.9882981165898197
53,7,0.85,0.9844923371443265
53,7,0.90,0.990340498666588
53,7,0.95,0.9852879909074813
53,8,0.05,0.9179110242669993
53,8,0.10,0.8920530330475297
53,8,0.15,0.9639569496858554
53,8,0.20,0.9600933156970418
53,8,0.25,0.9715623187998113
53,8,0.30,0.976714103581286
53,8,0.35,0.9770320525392734
53,8,0.40,0.9835686326434416
53,8,0.45,0.9817348295426167
53,8,0.50,0.9858894285516214
53,8,0.55,0.9850762243908833
53,8,0.60,0.9848754933794787
53,8,0.65,0.9885959960907023
53,8,0.70,0.9884948185032115
53,8,0.75,0.9881863004752305
53,8,0.80,0.9891817807000066
53,8,0.85,0.9898047914374966
53,8,0.90,0.9862881743932823
53,8,0.95,0.9873689487271153
53,9,0.05,0.8166118507730107
53,9,0.10,0.9593112872266633
53,9,0.15,0.9703178483130033
53,9,0.20,0.9638376833532658
53,9,0.25,0.9704695737257194
53,9,0.30,0.9763172850435978
53,9,0.35,0.9837188941561407
53,9,0.40,0.9763945239645119
53,9,0.45,0.9766037468731282
53,9,0.50,0.9796782797122048
53,9,0.55,0.9840400107715264
53,9,0.60,0.9870665931706979
53,9,0.65,0.9889979134103833
53,9,0.70,0.9864364913331191
53,9,0.75,0.9876828643658828
53,9,0.80,0.9894458568179652
53,9,0.85,0.9895978152735184
53,9,0.90,0.9878314303918181
53,9,0.95,0.9915287499869002
54,0,0.05,0.7128182649560013
54,0,0.10,0.9324815289053509
54,0,0.15,0.8535370535415712
54,0,0.20,0.9675084084727981
54,0,0.25,0.981310744570813
54,0,0.30,0.9815871993825633
54,0,0.35,0.9848534250878257
54,0,0.40,0.9820034066816342
54,0,0.45,0.9854066074491851
54,0,0.50,0.9876134235737982
54,0,0.55,0.9863457750831537
54,0,0.60,0.9872391798001083
54,0,0.65,0.9881166234949044
54,0,0.70,0.9889384077065673
54,0,0.75,0.9875949657874463
54,0,0.80,0.9874823250169589
54,0,0.85,0.9901916219999704
54,0,0.90,0.9890423787426713
54,0,0.95,0.9883450383323611
54,1,0.05,0.937768754428373
54,1,0.10,0.7361975217001769
54,1,0.15,0.9636615646732828
54,1,0.20,0.9620026182615461
54,1,0.25,0.9647465414472304
54,1,0.30,0.9782479520276616
54,1,0.35,0.982846589867972
54,1,0.40,0.9847177489276252
54,1,0.45,0.9840070854852565
54,1,0.50,0.9854604770231962
54,1,0.55,0.984408958540286
54,1,0.60,0.988601348405954
54,1,0.65,0.9905215571603242
54,1,0.70,0.9899270287681814
54,1,0.75,0.9873010672416741
54,1,0.80,0.9904050528535809
54,1,0.85,0.9868133060399565
54,1,0.90,0.9870262527079394
54,1,0.95,0.9863652556997518
54,2,0.05,0.7059298510402849
54,2,0.10,0.7667217830300639
54,2,0.15,0.8281974050410944
54,2,0.20,0.9048819853555735
54,2,0.25,0.9321639546018803
54,2,0.30,0.9704751879207566
54,2,0.35,0.976415704309736
54,2,0.40,0.9852354702837354
54,2,0.45,0.9815667138713754
54,2,0.50,0.9878488045159523
54,2,0.55,0.9908618621604255
54,2,0.60,0.9894240381345506
54,2,0.65,0.9881013885401096
54,2,0.70,0.9885038047380412
54,2,0.75,0.9874406608075971
54,2,0.80,0.9863997735358745
54,2,0.85,0.9879035013595631
54,2,0.90,0.9864942862796704
54,2,0.95,0.9880894637290757
54,3,0.05,0.9078769230919979
54,3,0.10,0.85298410908042
54,3,0.15,0.9036626276996652
54,3,0.20,0.962151648652555
54,3,0.25,0.9687553781618714
54,3,0.30,0.9800117807465809
54,3,0.35,0.9733491505719247
54,3,0.40,0.9819394097863361
54,3,0.45,0.983697812796859
54,3,0.50,0.984213900141498
54,3,0.55,0.9893703565841551
54,3,0.60,0.9879918183097999
54,3,0.65,0.9875007599193074
54,3,0.70,0.9896727488431482
54,3,0.75,0.9903899950671362
54,3,0.80,0.9904265760791351
54,3,0.85,0.988945721082233
54,3,0.90,0.9890335147868093
54,3,0.95,0.9912270761733277
54,4,0.05,0.7966007428309522
54,4,0.10,0.9503148895879153
54,4,0.15,0.9181872501803379
54,4,0.20,0.9495403745086628
54,4,0.25,0.9623961810385935
54,4,0.30,0.9765266995874977
54,4,0.35,0.9788768343978884
54,4,0.40,0.9860021693942566
54,4,0.45,0.986485727293121
54,4,0.50,0.9857519539675732
54,4,0.55,0.9886695544359759
54,4,0.60,0.9903632735019702
54,4,0.65,0.9872886773096081
54,4,0.70,0.989682669570236
54,4,0.75,0.9889797749700424
54,4,0.80,0.9883186735329604
54,4,0.85,0.9873193615632736
54,4,0.90,0.9880925386888927
54,4,0.95,0.9868668785426054
54,5,0.05,0.7085668105059774
54,5,0.10,0.9618080789064437
54,5,0.15,0.7581038696000902
54,5,0.20,0.9638702048354159
54,5,0.25,0.9421329039210798
54,5,0.30,0.9672277299838996
54,5,0.35,0.9827463398363531
54,5,0.40,0.9791140293793739
54,5,0.45,0.9847814255217109
54,5,0.50,0.9876698531932331
54,5,0.55,0.9896289281648368
54,5,0.60,0.989674898244722
54,5,0.65,0.9917908761870579
54,5,0.70,0.9903104022893874
54,5,0.75,0.9874921801434151
54,5,0.80,0.9883451527689604
54,5,0.85,0.9871236545383432
54,5,0.90,0.9868092087457251
54,5,0.95,0.9853007209731827
54,6,0.05,0.840093129487141
54,6,0.10,0.9346291519453835
54,6,0.15,0.9678372501922081
54,6,0.20,0.957032656249837
54,6,0.25,0.9696773966566496
54,6,0.30,0.9826750568364113
54,6,0.35,0.9801849633696488
54,6,0.40,0.9851945813841549
54,6,0.45,0.9846614374889048
54,6,0.50,0.9866973521280562
54,6,0.55,0.9895311295454603
54,6,0.60,0.9871045810007827
54,6,0.65,0.989384917281146
54,6,0.70,0.9846637548846526
54,6,0.75,0.988331932049264
54,6,0.80,0.9891072112984809
54,6,0.85,0.9901184889738797
54,6,0.90,0.9874820376373535
54,6,0.95,0.9864430400251362
54,7,0.05,0.8474861979307112
54,7,0.10,0.8524518809890805
54,7,0.15,0.9672617881286445
54,7,0.20,0.9531850829059882
54,7,0.25,0.9791442976246805
54,7,0.30,0.9744315436594376
54,7,0.35,0.9840497146438599
54,7,0.40,0.983530691881425
54,7,0.45,0.983385747187302
54,7,0.50,0.9892234175019444
54,7,0.55,0.9867040201038233
54,7,0.60,0.9872063230778383
54,7,0.65,0.9907721556050043
54,7,0.70,0.9898416039478535
54,7,0.75,0.9830840117189263
54,7,0.80,0.9879477336617878
54,7,0.85,0.9890553085774346
54,7,0.90,0.9870727019410267
54,7,0.95,0.9869507045546059
54,8,0.05,0.8849086711765954
54,8,0.10,0.9084660696748627
54,8,0.15,0.9666759000629634
54,8,0.20,0.9736005737384478
54,8,0.25,0.9286149605778914
54,8,0.30,0.9811807586111597
54,8,0.35,0.9855670018883894
54,8,0.40,0.9840295030573105
54,8,0.45,0.9831269473513913
54,8,0.50,0.9868573414600399
54,8,0.55,0.9845299856365232
54,8,0.60,0.9864765673721604
54,8,0.65,0.9883064324625058
54,8,0.70,0.9890884892187881
54,8,0.75,0.9880304857299099
54,8,0.80,0.9878668559747292
54,8,0.85,0.9873461797065651
54,8,0.90,0.9892087788189935
54,8,0.95,0.98923179198255
54,9,0.05,0.7312208073717539
54,9,0.10,0.9354354386915922
54,9,0.15,0.9627910763114002
54,9,0.20,0.8887874044886324
54,9,0.25,0.9372021003213966
54,9,0.30,0.9756273331448874
54,9,0.35,0.9839569054862274
54,9,0.40,0.9803901540408285
54,9,0.45,0.9796035625666657
54,9,0.50,0.9864730895025583
54,9,0.55,0.9884962371641983
54,9,0.60,0.9887913644267661
54,9,0.65,0.9889065789114019
54,9,0.70,0.9889936693352582
54,9,0.75,0.9872482287207277
54,9,0.80,0.9878903676406426
54,9,0.85,0.9885204429380149
54,9,0.90,0.9894661977288771
54,9,0.95,0.9863285004066409
55,0,0.05,0.8445004021095467
55,0,0.10,0.9336456519921988
55,0,0.15,0.9690283378580312
55,0,0.20,0.9746106248346966
55,0,0.25,0.9855236216568489
55,0,0.30,0.9746593687427471
55,0,0.35,0.9818736517727683
55,0,0.40,0.9821152964559695
55,0,0.45,0.9843404757579166
55,0,0.50,0.9862597519429246
55,0,0.55,0.9886713570541724
55,0,0.60,0.9887817820518086
55,0,0.65,0.9886448569758608
55,0,0.70,0.9894143247731864
55,0,0.75,0.9891357550319462
55,0,0.80,0.9862173775343772
55,0,0.85,0.9875401373050615
55,0,0.90,0.9902715370314579
55,0,0.95,0.9865690492825945
55,1,0.05,0.7686286067102918
55,1,0.10,0.9749959318529333
55,1,0.15,0.944990349664852
55,1,0.20,0.9739510892955648
55,1,0.25,0.9754441861683874
55,1,0.30,0.9858448645240437
55,1,0.35,0.9870493812118786
55,1,0.40,0.9872274112714405
55,1,0.45,0.9909042799469054
55,1,0.50,0.9836109254940989
55,1,0.55,0.9877079374246458
55,1,0.60,0.989495391337646
55,1,0.65,0.9906539130456594
55,1,0.70,0.9880821419026514
55,1,0.75,0.9846672222636356
55,1,0.80,0.9867289173012742
55,1,0.85,0.9880778213684462
55,1,0.90,0.9903477031601254
55,1,0.95,0.9842158974903954
55,2,0.05,0.8705649316925832
55,2,0.10,0.957048206960059
55,2,0.15,0.96224183239754
55,2,0.20,0.9721279156791537
55,2,0.25,0.9820042335233454
55,2,0.30,0.9694174750775882
55,2,0.35,0.9785613406026448
55,2,0.40,0.9835334441490536
55,2,0.45,0.9820573894101503
55,2,0.50,0.9835777707390267
55,2,0.55,0.986212186369155
55,2,0.60,0.9878754859267396
55,2,0.65,0.9870738638445549
55,2,0.70,0.988320383478019
55,2,0.75,0.9887234894805565
55,2,0.80,0.9844251461754198
55,2,0.85,0.9876383034691162
55,2,0.90,0.9871986451015972
55,2,0.95,0.98894702931605
55,3,0.05,0.8993149393272356
55,3,0.10,0.9173399512496649
55,3,0.15,0.9485959965243114
55,3,0.20,0.9751863458154612
55,3,0.25,0.9527096214504023
55,3,0.30,0.968322390796143
55,3,0.35,0.9794772875281534
55,3,0.40,0.9792630072012986
55,3,0.45,0.9882076863445128
55,3,0.50,0.9834974035010128
55,3,0.55,0.9890453434195227
55,3,0.60,0.9883850703783637
55,3,0.65,0.9881940182041469
55,3,0.70,0.9892184196363415
55,3,0.75,0.990235253746919
55,3,0.80,0.986186151734624
55,3,0.85,0.9882044293054706
55,3,0.90,0.98752628279098
55,3,0.95,0.9867351419607374
55,4,0.05,0.9430199465342826
55,4,0.10,0.9585550336617102
55,4,0.15,0.9604211266190358
55,4,0.20,0.9659024399473306
55,4,0.25,0.9818184515187456
55,4,0.30,0.975959486724315
55,4,0.35,0.9753204552457622
55,4,0.40,0.9848628993420697
55,4,0.45,0.9871971302794982
55,4,0.50,0.9873979621883217
55,4,0.55,0.9895435726211385
55,4,0.60,0.9875664328146297
55,4,0.65,0.9865556403621731
55,4,0.70,0.9890171910894459
55,4,0.75,0.988853848509385
55,4,0.80,0.9885613433200394
55,4,0.85,0.9864707990450435
55,4,0.90,0.9899156894022666
55,4,0.95,0.9872859845185075
55,5,0.05,0.7371209215891656
55,5,0.10,0.9352069945116966
55,5,0.15,0.9612514124852483
55,5,0.20,0.9695919426700508
55,5,0.25,0.9739372639365
55,5,0.30,0.9804744166908835
55,5,0.35,0.9816023218539844
55,5,0.40,0.9802327857960504
55,5,0.45,0.9829458576918442
55,5,0.50,0.9899281394675541
55,5,0.55,0.9834185021917726
55,5,0.60,0.9892526942002179
55,5,0.65,0.9886859277142543
55,5,0.70,0.9901928370002869
55,5,0.75,0.982999477342352
55,5,0.80,0.9897325822596558
55,5,0.85,0.9898962289231223
55,5,0.90,0.9894852356129654
55,5,0.95,0.9865367194552812
55,6,0.05,0.8712694633492536
55,6,0.10,0.9734436066052802
55,6,0.15,0.9752840720631676
55,6,0.20,0.9533424842107566
55,6,0.25,0.9817564974946325
55,6,0.30,0.9787624765115678
55,6,0.35,0.9737740925860122
55,6,0.40,0.9833423487099963
55,6,0.45,0.9888182743202618
55,6,0.50,0.9832189431729235
55,6,0.55,0.9886171159198254
55,6,0.60,0.9863168605130475
55,6,0.65,0.9890423929419432
55,6,0.70,0.9874931844652088
55,6,0.75,0.9871113156195808
55,6,0.80,0.9837743345267912
55,6,0.85,0.9886511287103111
55,6,0.90,0.9904484889969486
55,6,0.95,0.9845343829978144
55,7,0.05,0.8019884338006225
55,7,0.10,0.9593274999796971
55,7,0.15,0.978564330794519
55,7,0.20,0.9697256938860541
55,7,0.25,0.9717046600376301
55,7,0.30,0.9726239391122294
55,7,0.35,0.975622941231462
55,7,0.40,0.9800705451965842
55,7,0.45,0.9867756031545883
55,7,0.50,0.9819885348906315
55,7,0.55,0.9866724794938498
55,7,0.60,0.9878532147700686
55,7,0.65,0.9876917745134958
55,7,0.70,0.9871241387526327
55,7,0.75,0.9888047278132861
55,7,0.80,0.9875406702624734
55,7,0.85,0.9875979169193667
55,7,0.90,0.9870173676759006
55,7,0.95,0.9900692222941161
55,8,0.05,0.83863023471509
55,8,0.10,0.9546479900277987
55,8,0.15,0.9506332470471829
55,8,0.20,0.9676112532107031
55,8,0.25,0.9811003736531078
55,8,0.30,0.9782866027426845
55,8,0.35,0.9855719721402324
55,8,0.40,0.9888248388320331
55,8,0.45,0.9881791645653536
55,8,0.50,0.9874721675093217
55,8,0.55,0.9849560618978283
55,8,0.60,0.9873787874627759
55,8,0.65,0.9900818356952215
55,8,0.70,0.9883025075741054
55,8,0.75,0.9882356681725601
55,8,0.80,0.9862776673962536
55,8,0.85,0.9881181643780674
55,8,0.90,0.9887483571910167
55,8,0.95,0.9886000119171469
55,9,0.05,0.9108150468574127
55,9,0.10,0.9212273787758708
55,9,0.15,0.9644995939621616
55,9,0.20,0.9694715695115557
55,9,0.25,0.9771733686859428
55,9,0.30,0.9819899974911478
55,9,0.35,0.9764991101247409
55,9,0.40,0.9805175596734749
55,9,0.45,0.9868348381704625
55,9,0.50,0.9828916556887763
55,9,0.55,0.9833658619326275
55,9,0.60,0.9903126298810283
55,9,0.65,0.989195291634375
55,9,0.70,0.9897721261660987
55,9,0.75,0.9892293215992142
55,9,0.80,0.9904113858211907
55,9,0.85,0.9889111784086834
55,9,0.90,0.9873669954705605
55,9,0.95,0.9898022089689136
56,0,0.05,0.8418506403845386
56,0,0.10,0.8823072218461507
56,0,0.15,0.9720612492151081
56,0,0.20,0.9689354349045725
56,0,0.25,0.9557457389893025
56,0,0.30,0.9834642407766766
56,0,0.35,0.9834042687388346
56,0,0.40,0.9823987078202389
56,0,0.45,0.9840249379587377
56,0,0.50,0.9852444028476576
56,0,0.55,0.9827711321413419
56,0,0.60,0.9868215900325537
56,0,0.65,0.9888840734977138
56,0,0.70,0.9869602088361232
56,0,0.75,0.9879897852839441
56,0,0.80,0.9887447459533202
56,0,0.85,0.9863006418109286
56,0,0.90,0.9890233248901635
56,0,0.95,0.9893289348934267
56,1,0.05,0.8696993579652086
56,1,0.10,0.9524699988443326
56,1,0.15,0.9458725146951632
56,1,0.20,0.9401033315161867
56,1,0.25,0.9623169997215667
56,1,0.30,0.9755757718984447
56,1,0.35,0.9707612534311837
56,1,0.40,0.9818644964674578
56,1,0.45,0.9847426198005858
56,1,0.50,0.9855143533685645
56,1,0.55,0.9842766004856979
56,1,0.60,0.9879052606997932
56,1,0.65,0.9908895983155108
56,1,0.70,0.9877411160108345
56,1,0.75,0.988513612506752
56,1,0.80,0.9884092589818618
56,1,0.85,0.9883072803592278
56,1,0.90,0.9865407145051014
56,1,0.95,0.9873348055496646
56,2,0.05,0.8858664253426511
56,2,0.10,0.8994162898562186
56,2,0.15,0.9606410383875793
56,2,0.20,0.9744506810359995
56,2,0.25,0.9724106540544801
56,2,0.30,0.9782795401451342
56,2,0.35,0.9755009330950101
56,2,0.40,0.9806692737460443
56,2,0.45,0.9844424672202167
56,2,0.50,0.9856230448286626
56,2,0.55,0.9836959211648282
56,2,0.60,0.9846477280423445
56,2,0.65,0.9910978690279648
56,2,0.70,0.9865446438152681
56,2,0.75,0.9869644245107605
56,2,0.80,0.9853217100018485
56,2,0.85,0.9918335856291391
56,2,0.90,0.9863794835957783
56,2,0.95,0.988772142385316
56,3,0.05,0.8222748200974115
56,3,0.10,0.9294972488506659
56,3,0.15,0.9514074543530538
56,3,0.20,0.976983178344429
56,3,0.25,0.9794024442536053
56,3,0.30,0.9718034679298935
56,3,0.35,0.9765310931064418
56,3,0.40,0.9814140477495292
56,3,0.45,0.9851564165796438
56,3,0.50,0.9849614973233911
56,3,0.55,0.9855041863084185
56,3,0.60,0.9884234952760066
56,3,0.65,0.9867604301534025
56,3,0.70,0.9877600916567151
56,3,0.75,0.9871958464901595
56,3,0.80,0.9900538691819923
56,3,0.85,0.9875338855480231
56,3,0.90,0.989061400872805
56,3,0.95,0.9884333961525908
56,4,0.05,0.8765877403832002
56,4,0.10,0.9276345890857639
56,4,0.15,0.9494019562022215
56,4,0.20,0.9649313909901158
56,4,0.25,0.9682719439656383
56,4,0.30,0.9761420256335697
56,4,0.35,0.9786451681095031
56,4,0.40,0.9818398571474328
56,4,0.45,0.9837658792399835
56,4,0.50,0.9798248833339265
56,4,0.55,0.9880799445054388
56,4,0.60,0.9851800741277307
56,4,0.65,0.9889743948367898
56,4,0.70,0.9865316587504663
56,4,0.75,0.9861403837596299
56,4,0.80,0.9882961857517345
56,4,0.85,0.988392551307023
56,4,0.90,0.9885971383443976
56,4,0.95,0.98947083126511
56,5,0.05,0.8711848929026865
56,5,0.10,0.9311441607770183
56,5,0.15,0.9559094464963809
56,5,0.20,0.9719616803559885
56,5,0.25,0.9721370836614827
56,5,0.30,0.9747889612718482
56,5,0.35,0.9839225720459864
56,5,0.40,0.9824549879517315
56,5,0.45,0.9864971426247179
56,5,0.50,0.9871821894237406
56,5,0.55,0.9855374375479629
56,5,0.60,0.9873815241423709
56,5,0.65,0.9891363905169143
56,5,0.70,0.9858875016900435
56,5,0.75,0.9871424793364483
56,5,0.80,0.9884771609156429
56,5,0.85,0.988036872076663
56,5,0.90,0.9873490571542575
56,5,0.95,0.9850689935159382
56,6,0.05,0.8320638023371081
56,6,0.10,0.9204632597176307
56,6,0.15,0.9625969263757989
56,6,0.20,0.9687083599433379
56,6,0.25,0.9687170559942377
56,6,0.30,0.9797913725401528
56,6,0.35,0.9799147195149008
56,6,0.40,0.9834561873494819
56,6,0.45,0.9852062423003523
56,6,0.50,0.9851420181356926
56,6,0.55,0.9867965486222734
56,6,0.60,0.9861575940438077
56,6,0.65,0.9891156704310081
56,6,0.70,0.987010901595289
56,6,0.75,0.9885821671024317
56,6,0.80,0.9889201634062413
56,6,0.85,0.9851440881447272
56,6,0.90,0.9892061106709261
56,6,0.95,0.9891902204293828
56,7,0.05,0.8757669754301057
56,7,0.10,0.9299468966700172
56,7,0.15,0.9647532033204157
56,7,0.20,0.9673906221182238
56,7,0.25,0.9738495305844734
56,7,0.30,0.9790077913973734
56,7,0.35,0.9630048467600261
56,7,0.40,0.9816257215304257
56,7,0.45,0.9776709196648847
56,7,0.50,0.9808203211704241
56,7,0.55,0.9826378374966879
56,7,0.60,0.9867914455852143
56,7,0.65,0.9869857828324693
56,7,0.70,0.9887542990937663
56,7,0.75,0.9870236517301767
56,7,0.80,0.9907096042067339
56,7,0.85,0.9864487988594758
56,7,0.90,0.9882871268300057
56,7,0.95,0.9893061311854056
56,8,0.05,0.840709336848541
56,8,0.10,0.9579840667939585
56,8,0.15,0.9812376629386725
56,8,0.20,0.9810076494463089
56,8,0.25,0.9535802897206029
56,8,0.30,0.9448951634959
56,8,0.35,0.9827842636789134
56,8,0.40,0.9839457983897897
56,8,0.45,0.9895318535547677
56,8,0.50,0.9872438154270631
56,8,0.55,0.990266149826201
56,8,0.60,0.9895711833163694
56,8,0.65,0.9914095284874358
56,8,0.70,0.9865231873505486
56,8,0.75,0.9897161703764115
56,8,0.80,0.9858785989144837
56,8,0.85,0.9897378576121455
56,8,0.90,0.9854468107240618
56,8,0.95,0.9884402564907646
56,9,0.05,0.8494784277152021
56,9,0.10,0.9287485172098329
56,9,0.15,0.9554269892020149
56,9,0.20,0.9789810281813683
56,9,0.25,0.9788604362213053
56,9,0.30,0.976478370081485
56,9,0.35,0.9813661360741752
56,9,0.40,0.9828935849021025
56,9,0.45,0.9817572777429567
56,9,0.50,0.9828044439062834
56,9,0.55,0.9875555512176046
56,9,0.60,0.9885997709215997
56,9,0.65,0.9882106057351736
56,9,0.70,0.9881344663971882
56,9,0.75,0.9882062053159018
56,9,0.80,0.9879474052876627
56,9,0.85,0.9898122847012679
56,9,0.90,0.990988726085049
56,9,0.95,0.9917601741913739
57,0,0.05,0.940469497256151
57,0,0.10,0.9633936413277957
57,0,0.15,0.9658690251575389
57,0,0.20,0.9745165971271582
57,0,0.25,0.9763491657508238
57,0,0.30,0.9832686290972241
57,0,0.35,0.9854327836999079
57,0,0.40,0.9849163284487614
57,0,0.45,0.983043887277377
57,0,0.50,0.9843858110872581
57,0,0.55,0.9874695670117603
57,0,0.60,0.9870560675864278
57,0,0.65,0.9871823525939728
57,0,0.70,0.9866675251431998
57,0,0.75,0.9885492504081419
57,0,0.80,0.9847523601429538
57,0,0.85,0.9880926479316955
57,0,0.90,0.9862596227519674
57,0,0.95,0.9903162882287583
57,1,0.05,0.896208841420313
57,1,0.10,0.9600662822863189
57,1,0.15,0.9651197817712096
57,1,0.20,0.9736783690594911
57,1,0.25,0.9732344514363863
57,1,0.30,0.9760952133631253
57,1,0.35,0.9786878149123717
57,1,0.40,0.9812246467325978
57,1,0.45,0.9811908156486117
57,1,0.50,0.9830357130593295
57,1,0.55,0.9840465796867175
57,1,0.60,0.9840201857983041
57,1,0.65,0.9863511100177292
57,1,0.70,0.9885874331382153
57,1,0.75,0.987509025376873
57,1,0.80,0.9866698107899852
57,1,0.85,0.9893423867520545
57,1,0.90,0.9881066008828175
57,1,0.95,0.9900703424480523
57,2,0.05,0.8874577250699799
57,2,0.10,0.9667880348580905
57,2,0.15,0.9745517296104494
57,2,0.20,0.9668022963074806
57,2,0.25,0.9652645769045615
57,2,0.30,0.9768564939498344
57,2,0.35,0.9804861329853981
57,2,0.40,0.977731727406645
57,2,0.45,0.9854227101342997
57,2,0.50,0.9864912827610602
57,2,0.55,0.9875119489689951
57,2,0.60,0.9888594475557693
57,2,0.65,0.9867194595782602
57,2,0.70,0.9858112807920152
57,2,0.75,0.9883795775407928
57,2,0.80,0.9896883543744797
57,2,0.85,0.9896243292681748
57,2,0.90,0.9842669164781006
57,2,0.95,0.9886875160937805
57,3,0.05,0.8457365005145264
57,3,0.10,0.949068733359793
57,3,0.15,0.9588448749512989
57,3,0.20,0.9732605999616825
57,3,0.25,0.9658872359497307
57,3,0.30,0.9852276423482808
57,3,0.35,0.9874131991011824
57,3,0.40,0.982471659724659
57,3,0.45,0.9850118039597853
57,3,0.50,0.9871026885305332
57,3,0.55,0.9871710499596664
57,3,0.60,0.9883213197715466
57,3,0.65,0.9874578326618442
57,3,0.70,0.9878877276771562
57,3,0.75,0.9897488786537574
57,3,0.80,0.9858862160762607
57,3,0.85,0.9869096938738768
57,3,0.90,0.9835783507108444
57,3,0.95,0.9901083677374722
57,4,0.05,0.9541186791338913
57,4,0.10,0.9573920662232401
57,4,0.15,0.9504141498612237
57,4,0.20,0.9641545489027183
57,4,0.25,0.9823603971557069
57,4,0.30,0.9845166564692408
57,4,0.35,0.9780625872072147
57,4,0.40,0.9822709299819918
57,4,0.45,0.985879546429804
57,4,0.50,0.9835848726829676
57,4,0.55,0.9864583597639698
57,4,0.60,0.9858178382710049
57,4,0.65,0.9850831159813223
57,4,0.70,0.9872337522769791
57,4,0.75,0.9900371126536178
57,4,0.80,0.9881895690859653
57,4,0.85,0.9892145340055613
57,4,0.90,0.9879155779677906
57,4,0.95,0.988578809909302
57,5,0.05,0.9439313524554998
57,5,0.10,0.9309373323856334
57,5,0.15,0.9534007866759703
57,5,0.20,0.9671670827173324
57,5,0.25,0.9760161150053464
57,5,0.30,0.9741847918131487
57,5,0.35,0.9838128962208607
57,5,0.40,0.9852742925409036
57,5,0.45,0.9869838238059123
57,5,0.50,0.981812374163955
57,5,0.55,0.9853555550682022
57,5,0.60,0.9870749844579012
57,5,0.65,0.9870831201606894
57,5,0.70,0.9891169977828408
57,5,0.75,0.9895704559037687
57,5,0.80,0.9870740518940967
57,5,0.85,0.9882245528922615
57,5,0.90,0.9871362539616976
57,5,0.95,0.9887060932168896
57,6,0.05,0.7991025379100047
57,6,0.10,0.9299010580556856
57,6,0.15,0.9660805224833011
57,6,0.20,0.965877632260251
57,6,0.25,0.9792327657819793
57,6,0.30,0.9769347037946546
57,6,0.35,0.9785255480624427
57,6,0.40,0.9847812454037139
57,6,0.45,0.9813903592379463
57,6,0.50,0.9847515700229597
57,6,0.55,0.9840779223388014
57,6,0.60,0.9874899803418525
57,6,0.65,0.990702635999702
57,6,0.70,0.990797285664951
57,6,0.75,0.9889910622276364
57,6,0.80,0.9866869325064557
57,6,0.85,0.9873692730603252
57,6,0.90,0.989017803785247
57,6,0.95,0.9881030957521066
57,7,0.05,0.9102434591831268
57,7,0.10,0.9443580215835352
57,7,0.15,0.9710910212745004
57,7,0.20,0.9740070111509508
57,7,0.25,0.9610101248066373
57,7,0.30,0.9785434710884967
57,7,0.35,0.9748640434178831
57,7,0.40,0.9817764762522383
57,7,0.45,0.980090038191098
57,7,0.50,0.9896467913417499
57,7,0.55,0.9874181917820033
57,7,0.60,0.986695713431802
57,7,0.65,0.9858518252175471
57,7,0.70,0.9868705371977711
57,7,0.75,0.9899291752212306
57,7,0.80,0.9884959204798343
57,7,0.85,0.9855138363504338
57,7,0.90,0.9890185404604596
57,7,0.95,0.9907949436712368
57,8,0.05,0.8772875911610691
57,8,0.10,0.9159997595377314
57,8,0.15,0.9695504563453293
57,8,0.20,0.9667756645858636
57,8,0.25,0.9737876615431581
57,8,0.30,0.9693569452438136
57,8,0.35,0.980073916413099
57,8,0.40,0.986443629914977
57,8,0.45,0.9864962623304235
57,8,0.50,0.9826901258178241
57,8,0.55,0.9830839072925187
57,8,0.60,0.985996842084686
57,8,0.65,0.9866344007333785
57,8,0.70,0.9841722359053086
57,8,0.75,0.9887290180077823
57,8,0.80,0.9879626050619486
57,8,0.85,0.9888522510866099
57,8,0.90,0.9898013904394162
57,8,0.95,0.9881458864599816
57,9,0.05,0.9216373981701967
57,9,0.10,0.960392646101656
57,9,0.15,0.9614503756663021
57,9,0.20,0.9716436489220323
57,9,0.25,0.9786653283338627
57,9,0.30,0.9819804561791786
57,9,0.35,0.9702809891910993
57,9,0.40,0.9813208985226274
57,9,0.45,0.9845279719438031
57,9,0.50,0.9850923530411952
57,9,0.55,0.9840593893032816
57,9,0.60,0.9882858238044068
57,9,0.65,0.9872444420190898
57,9,0.70,0.9875180116090552
57,9,0.75,0.9878056593614117
57,9,0.80,0.9873711138519938
57,9,0.85,0.989437192664342
57,9,0.90,0.9894651589310881
57,9,0.95,0.98934410322629
58,0,0.05,0.8918708304889359
58,0,0.10,0.9548959807935457
58,0,0.15,0.9706355081398559
58,0,0.20,0.9698815046264243
58,0,0.25,0.97425473171023
58,0,0.30,0.9842023037687326
58,0,0.35,0.9767199371269245
58,0,0.40,0.9849086684278654
58,0,0.45,0.9867251098785393
58,0,0.50,0.9859151058649316
58,0,0.55,0.986346082030993
58,0,0.60,0.9874655262408134
58,0,0.65,0.988145321379794
58,0,0.70,0.9886819216035119
58,0,0.75,0.9905421469446014
58,0,0.80,0.9894060794371577
58,0,0.85,0.9897104678589586
58,0,0.90,0.9869432943888025
58,0,0.95,0.9859743820412566
58,1,0.05,0.8881584725024128
58,1,0.10,0.9478723257475131
58,1,0.15,0.9656099456729151
58,1,0.20,0.9638705863863851
58,1,0.25,0.9774453579538538
58,1,0.30,0.982985908607937
58,1,0.35,0.9818045099439777
58,1,0.40,0.986411241574412
58,1,0.45,0.983687217855758
58,1,0.50,0.9859797608909624
58,1,0.55,0.9871210274334163
58,1,0.60,0.9851914178610216
58,1,0.65,0.9839756893143143
58,1,0.70,0.9875633247381043
58,1,0.75,0.989590081418504
58,1,0.80,0.9873365415260741
58,1,0.85,0.9881746949636347
58,1,0.90,0.9876657847782756
58,1,0.95,0.9870954298988425
58,2,0.05,0.9034325571291776
58,2,0.10,0.9720266225508528
58,2,0.15,0.9600567818048058
58,2,0.20,0.9788649831769692
58,2,0.25,0.978381907603551
58,2,0.30,0.9835382737370812
58,2,0.35,0.9847681602670842
58,2,0.40,0.9853785149002294
58,2,0.45,0.983743000704729
58,2,0.50,0.9854562129864546
58,2,0.55,0.9849746731752554
58,2,0.60,0.989057074984694
58,2,0.65,0.9869172270466586
58,2,0.70,0.9872633084555106
58,2,0.75,0.9875998023201847
58,2,0.80,0.9883054234416565
58,2,0.85,0.9920819195635677
58,2,0.90,0.9878463903227552
58,2,0.95,0.9890532514679589
58,3,0.05,0.9235397833864172
58,3,0.10,0.9701729106594684
58,3,0.15,0.9509402218265179
58,3,0.20,0.9675364723606625
58,3,0.25,0.9822414506860357
58,3,0.30,0.9849270312394172
58,3,0.35,0.980647711692241
58,3,0.40,0.9900001959011744
58,3,0.45,0.9859129146581137
58,3,0.50,0.9876137036008523
58,3,0.55,0.9828475288068174
58,3,0.60,0.9856326462110289
58,3,0.65,0.9918233027927187
58,3,0.70,0.9900400002261497
58,3,0.75,0.9910090436991577
58,3,0.80,0.9890157511290946
58,3,0.85,0.9894146996176252
58,3,0.90,0.9892923150502707
58,3,0.95,0.9894617479600754
58,4,0.05,0.7974177903274403
58,4,0.10,0.918233009627141
58,4,0.15,0.9464128224286996
58,4,0.20,0.9779723554287495
58,4,0.25,0.9775544962251705
58,4,0.30,0.9855156810609526
58,4,0.35,0.9820935150615112
58,4,0.40,0.9891967285385519
58,4,0.45,0.9846623233273188
58,4,0.50,0.9842522917781551
58,4,0.55,0.9875550408731939
58,4,0.60,0.9861696175950477
58,4,0.65,0.9890419661894976
58,4,0.70,0.9899417106308614
58,4,0.75,0.9876182852902726
58,4,0.80,0.9906898108335583
58,4,0.85,0.9898721902814611
58,4,0.90,0.9873291949904511
58,4,0.95,0.9910734146207868
58,5,0.05,0.9214302610124716
58,5,0.10,0.9504143386611966
58,5,0.15,0.967559909918738
58,5,0.20,0.9799206793079152
58,5,0.25,0.9688650700105197
58,5,0.30,0.9831757335909199
58,5,0.35,0.9847734595469388
58,5,0.40,0.9832385273392867
58,5,0.45,0.9806470208118235
58,5,0.50,0.9837156759070649
58,5,0.55,0.9855855256837374
58,5,0.60,0.9884433856899633
58,5,0.65,0.989078156027933
58,5,0.70,0.9917446858140148
58,5,0.75,0.9893948484172129
58,5,0.80,0.987784400023029
58,5,0.85,0.9869389392394617
58,5,0.90,0.989591602128272
58,5,0.95,0.9890195092620117
58,6,0.05,0.880361789953876
58,6,0.10,0.9538296241149324
58,6,0.15,0.9702799438969288
58,6,0.20,0.9780046619569014
58,6,0.25,0.9714946377721387
58,6,0.30,0.9874885492260391
58,6,0.35,0.9837555100282629
58,6,0.40,0.9856873061630905
58,6,0.45,0.9822746029909427
58,6,0.50,0.9856394940328047
58,6,0.55,0.9878903733596329
58,6,0.60,0.9872681263565206
58,6,0.65,0.9886089757326348
58,6,0.70,0.9858705035560348
58,6,0.75,0.9890956058722338
58,6,0.80,0.9895706710001347
58,6,0.85,0.9902491925368206
58,6,0.90,0.9872739330496658
58,6,0.95,0.9891895205191967
58,7,0.05,0.9362096409487883
58,7,0.10,0.9469015669211767
58,7,0.15,0.9484824357980831
58,7,0.20,0.9734552370143678
58,7,0.25,0.9783187472201259
58,7,0.30,0.9767469732682793
58,7,0.35,0.9845220501766465
58,7,0.40,0.9788033961599241
58,7,0.45,0.9840065787366157
58,7,0.50,0.9885689716550248
58,7,0.55,0.9877887609541328
58,7,0.60,0.9882327211448844
58,7,0.65,0.9882382770673859
58,7,0.70,0.9865069873409763
58,7,0.75,0.9850256295486247
58,7,0.80,0.9889287739751685
58,7,0.85,0.9911165963938847
58,7,0.90,0.9876915701363654
58,7,0.95,0.9833718926215593
58,8,0.05,0.939094063772678
58,8,0.10,0.9581159369521473
58,8,0.15,0.9570809239032303
58,8,0.20,0.9644442882024747
58,8,0.25,0.9741948119077964
58,8,0.30,0.9865891394314655
58,8,0.35,0.9865393775629291
58,8,0.40,0.9803286013678328
58,8,0.45,0.9908028595834223
58,8,0.50,0.9868538854675742
58,8,0.55,0.987176347789507
58,8,0.60,0.9871170259758586
58,8,0.65,0.9875863021147305
58,8,0.70,0.9882676556987124
58,8,0.75,0.9890771412568345
58,8,0.80,0.9892815351089302
58,8,0.85,0.9920275704343968
58,8,0.90,0.988545000574783
58,8,0.95,0.988174957128059
58,9,0.05,0.8743594803640089
58,9,0.10,0.9511593399043696
58,9,0.15,0.9622220531584791
58,9,0.20,0.9764616076099872
58,9,0.25,0.9764434862275027
58,9,0.30,0.983627813613858
58,9,0.35,0.9856623536764262
58,9,0.40,0.9861587201479467
58,9,0.45,0.9830385970033587
58,9,0.50,0.9884486351951791
58,9,0.55,0.9814863432307661
58,9,0.60,0.9895022548832259
58,9,0.65,0.987320292628393
58,9,0.70,0.9885231358746438
58,9,0.75,0.9869705177555225
58,9,0.80,0.9857686913816313
58,9,0.85,0.9919097106712019
58,9,0.90,0.9851341145461597
58,9,0.95,0.9872792385975622
59,0,0.05,0.7820061319762165
59,0,0.10,0.91092453541143
59,0,0.15,0.9420064088826847
59,0,0.20,0.9683527492999715
59,0,0.25,0.9681156726256314
59,0,0.30,0.9806489866087181
59,0,0.35,0.9745143569140985
59,0,0.40,0.989445587224959
59,0,0.45,0.9787001242410064
59,0,0.50,0.9888829524701643
59,0,0.55,0.9892907041553403
59,0,0.60,0.9877535385690969
59,0,0.65,0.9881566994784169
59,0,0.70,0.988457836475721
59,0,0.75,0.9890050191542146
59,0,0.80,0.9884093760855741
59,0,0.85,0.9878233118584763
59,0,0.90,0.9856137109276668
59,0,0.95,0.9878894509085228
59,1,0.05,0.8682621958728385
59,1,0.10,0.9486832546987699
59,1,0.15,0.9214792435386633
59,1,0.20,0.9583707693437454
59,1,0.25,0.9743797844386292
59,1,0.30,0.9789478101009369
59,1,0.35,0.984781421936491
59,1,0.40,0.9815408325288433
59,1,0.45,0.983286560676522
59,1,0.50,0.9845713521158561
59,1,0.55,0.9857196768948885
59,1,0.60,0.9878735706877321
59,1,0.65,0.9872120352190121
59,1,0.70,0.9898085744355263
59,1,0.75,0.9829021922407606
59,1,0.80,0.988933378780446
59,1,0.85,0.9889216654791566
59,1,0.90,0.9875719863780392
59,1,0.95,0.9860807707403692
59,2,0.05,0.7750477851493367
59,2,0.10,0.8398170974314499
59,2,0.15,0.923784118159054
59,2,0.20,0.9591261714683094
59,2,0.25,0.9666535233687228
59,2,0.30,0.9727870460580487
59,2,0.35,0.9833263994456615
59,2,0.40,0.9853624858790275
59,2,0.45,0.9849249754620087
59,2,0.50,0.9814291140310731
59,2,0.55,0.9879064351213837
59,2,0.60,0.9881307144515672
59,2,0.65,0.9864137635337163
59,2,0.70,0.9899647298231222
59,2,0.75,0.9891010149572054
59,2,0.80,0.9884127994460061
59,2,0.85,0.9876092261892279
59,2,0.90,0.9878408223119677
59,2,0.95,0.9890896750382248
59,3,0.05,0.9117162917477475
59,3,0.10,0.9524330240125097
59,3,0.15,0.9667095069188069
59,3,0.20,0.9228804970045679
59,3,0.25,0.9372256714440803
59,3,0.30,0.9536698450759981
59,3,0.35,0.9878919047883993
59,3,0.40,0.9849467150110318
59,3,0.45,0.9844764606922091
59,3,0.50,0.987849594131908
59,3,0.55,0.9867857382288808
59,3,0.60,0.9876725007986791
59,3,0.65,0.9901674089352815
59,3,0.70,0.9885851990554101
59,3,0.75,0.9892251097714334
59,3,0.80,0.9895060435152259
59,3,0.85,0.9882616625839727
59,3,0.90,0.9898756053108038
59,3,0.95,0.9857419432400342
59,4,0.05,0.9335664447533248
59,4,0.10,0.9536406208403887
59,4,0.15,0.9554107704705919
59,4,0.20,0.9548343230553114
59,4,0.25,0.9603803894873284
59,4,0.30,0.9694068567941121
59,4,0.35,0.9729291602831066
59,4,0.40,0.9771484321387731
59,4,0.45,0.9806296535850862
59,4,0.50,0.9823246776521108
59,4,0.55,0.9874481984876249
59,4,0.60,0.985618807848249
59,4,0.65,0.9884052371322363
59,4,0.70,0.9873543510290315
59,4,0.75,0.9905348546952069
59,4,0.80,0.9874249843813572
59,4,0.85,0.989074503621964
59,4,0.90,0.989833025516679
59,4,0.95,0.9900164733556986
59,5,0.05,0.8058388408465836
59,5,0.10,0.9107583251524655
59,5,0.15,0.9726681595527668
59,5,0.20,0.9637467525279424
59,5,0.25,0.9723683827886421
59,5,0.30,0.9747559817475883
59,5,0.35,0.9802996758260981
59,5,0.40,0.9855117661904974
59,5,0.45,0.9886768991400243
59,5,0.50,0.985556475003968
59,5,0.55,0.9871861029311897
59,5,0.60,0.9895891144199892
59,5,0.65,0.988223908885175
59,5,0.70,0.9847504589774541
59,5,0.75,0.987860435417457
59,5,0.80,0.9882549690082387
59,5,0.85,0.9892304236921319
59,5,0.90,0.9897462556739057
59,5,0.95,0.987061488189671
59,6,0.05,0.9347481569206146
59,6,0.10,0.9396267940475498
59,6,0.15,0.9612279066948183
59,6,0.20,0.9580785753458174
59,6,0.25,0.9691635721153301
59,6,0.30,0.9724121569574421
59,6,0.35,0.9708181900199038
59,6,0.40,0.983818430933485
59,6,0.45,0.9827756891723569
59,6,0.50,0.9865443567684712
59,6,0.55,0.986580265126867
59,6,0.60,0.9859467660778409
59,6,0.65,0.9872070400312786
59,6,0.70,0.9894220657667477
59,6,0.75,0.9872883905496016
59,6,0.80,0.9883526218551447
59,6,0.85,0.9888153038676561
59,6,0.90,0.9883348283551837
59,6,0.95,0.988303138034883
59,7,0.05,0.8696511723469484
59,7,0.10,0.9120547045140243
59,7,0.15,0.9696828552601356
59,7,0.20,0.9680714902134487
59,7,0.25,0.9640924446998766
59,7,0.30,0.9720416310236504
59,7,0.35,0.9834096002002768
59,7,0.40,0.982410871311225
59,7,0.45,0.9857090208853239
59,7,0.50,0.9855721177019847
59,7,0.55,0.9845856731994271
59,7,0.60,0.9883759875472059
59,7,0.65,0.9896700286553771
59,7,0.70,0.9859657979887552
59,7,0.75,0.990723874042513
59,7,0.80,0.9880563701729429
59,7,0.85,0.9855434099428065
59,7,0.90,0.9888498755867103
59,7,0.95,0.9861599195082092
59,8,0.05,0.9064513276230124
59,8,0.10,0.9236952462868374
59,8,0.15,0.9549607229359539
59,8,0.20,0.9592361303958967
59,8,0.25,0.9548880508150316
59,8,0.30,0.9662303302905205
59,8,0.35,0.9750573572899339
59,8,0.40,0.9875049507465536
59,8,0.45,0.9828363262042551
59,8,0.50,0.9853923646673893
59,8,0.55,0.9821245179249961
59,8,0.60,0.9814616939428104
59,8,0.65,0.9865345284760791
59,8,0.70,0.9834790155328306
59,8,0.75,0.9874792060855404
59,8,0.80,0.9886516231259554
59,8,0.85,0.9876366164782711
59,8,0.90,0.9791373334777531
59,8,0.95,0.9864443787288235
59,9,0.05,0.8759179170105463
59,9,0.10,0.9647164021972028
59,9,0.15,0.9341818794246679
59,9,0.20,0.9610364305785752
59,9,0.25,0.9650023799918307
59,9,0.30,0.9767022495287364
59,9,0.35,0.9815037622018503
59,9,0.40,0.9820238020523522
59,9,0.45,0.9801618787322987
59,9,0.50,0.9844889821082419
59,9,0.55,0.9863296749499646
59,9,0.60,0.988782633533268
59,9,0.65,0.986652738824088
59,9,0.70,0.9898016938710865
59,9,0.75,0.9874729286012548
59,9,0.80,0.9861141229704905
59,9,0.85,0.9889692384852147
59,9,0.90,0.9856247581015516
59,9,0.95,0.9884013757013755
60,0,0.05,0.7193794898733574
60,0,0.10,0.8941976972642673
60,0,0.15,0.917651464717825
60,0,0.20,0.9426670225224874
60,0,0.25,0.9508308091432671
60,0,0.30,0.9774022310666862
60,0,0.35,0.9769664761822481
60,0,0.40,0.9814644782540062
60,0,0.45,0.9886670593716824
60,0,0.50,0.9872828940107027
60,0,0.55,0.9867164180348962
60,0,0.60,0.9885934392125469
60,0,0.65,0.9887043934780593
60,0,0.70,0.9880897172671089
60,0,0.75,0.9859824915824912
60,0,0.80,0.9888669531131399
60,0,0.85,0.986906204436379
60,0,0.90,0.9859253861392346
60,0,0.95,0.988538805618081
60,1,0.05,0.7963356140543476
60,1,0.10,0.9143681765103029
60,1,0.15,0.9587983468517969
60,1,0.20,0.9732146554619572
60,1,0.25,0.9654190993902598
60,1,0.30,0.9806738611105004
60,1,0.35,0.9750166524333983
60,1,0.40,0.9877560717431293
60,1,0.45,0.9824327323874514
60,1,0.50,0.9839087772354744
60,1,0.55,0.9849720527133566
60,1,0.60,0.985542703953634
60,1,0.65,0.9867962550778709
60,1,0.70,0.9877156821888459
60,1,0.75,0.9882458539106009
60,1,0.80,0.9889491955614689
60,1,0.85,0.9879165540573349
60,1,0.90,0.9878115023128183
60,1,0.95,0.988308332192716
60,2,0.05,0.7409655961422534
60,2,0.10,0.9432124305066245
60,2,0.15,0.9550614630575506
60,2,0.20,0.9613564281610388
60,2,0.25,0.9718443761053829
60,2,0.30,0.9777873205728709
60,2,0.35,0.9859009792435486
60,2,0.40,0.9766236185622776
60,2,0.45,0.9869110167389393
60,2,0.50,0.9860809709805748
60,2,0.55,0.9855748252240125
60,2,0.60,0.9841214342430146
60,2,0.65,0.9859330742349617
60,2,0.70,0.9886526371237041
60,2,0.75,0.9879018309241577
60,2,0.80,0.9882654424022523
60,2,0.85,0.989816114512972
60,2,0.90,0.989606761743785
60,2,0.95,0.9885875382762698
60,3,0.05,0.9123808906654544
60,3,0.10,0.9699072960890323
60,3,0.15,0.972985181615748
60,3,0.20,0.9713679857683346
60,3,0.25,0.9638429860758015
60,3,0.30,0.9732767567511593
60,3,0.35,0.9742028864691864
60,3,0.40,0.9719532612302509
60,3,0.45,0.9842433707635908
60,3,0.50,0.9897087976350809
60,3,0.55,0.9894715107553071
60,3,0.60,0.9875358006295278
60,3,0.65,0.988639335787582
60,3,0.70,0.989570792905371
60,3,0.75,0.9898295471228374
60,3,0.80,0.9862128339749586
60,3,0.85,0.987463594747458
60,3,0.90,0.9895619930428914
60,3,0.95,0.9890838722846317
60,4,0.05,0.8392234387292647
60,4,0.10,0.9330663188155511
60,4,0.15,0.9569520104262352
60,4,0.20,0.9722375100422791
60,4,0.25,0.9755496672768573
60,4,0.30,0.9763356240606649
60,4,0.35,0.9801527707122892
60,4,0.40,0.9865979095789905
60,4,0.45,0.9856165591198541
60,4,0.50,0.9863371377655789
60,4,0.55,0.9839679633082049
60,4,0.60,0.9853067512476956
60,4,0.65,0.9867374432629349
60,4,0.70,0.985356887318432
60,4,0.75,0.9893362176372529
60,4,0.80,0.989488761197002
60,4,0.85,0.9851655827283284
60,4,0.90,0.9884317879515093
60,4,0.95,0.9889374921138686
60,5,0.05,0.9093217996760476
60,5,0.10,0.9297550434985261
60,5,0.15,0.9311359230669047
60,5,0.20,0.9631133584961306
60,5,0.25,0.9717206385868356
60,5,0.30,0.9810529979157518
60,5,0.35,0.975297977934763
60,5,0.40,0.9746485132413696
60,5,0.45,0.9866123556904216
60,5,0.50,0.987631506211406
60,5,0.55,0.9876540437917056
60,5,0.60,0.9881339466707229
60,5,0.65,0.9874888460284681
60,5,0.70,0.986508438034563
60,5,0.75,0.9846577806678712
60,5,0.80,0.9853408401139502
60,5,0.85,0.9869663096994912
60,5,0.90,0.9890838977209025
60,5,0.95,0.9900925490739387
60,6,0.05,0.8917724291337668
60,6,0.10,0.952957774152798
60,6,0.15,0.9644830355893742
60,6,0.20,0.9690258302483369
60,6,0.25,0.9739043291867401
60,6,0.30,0.9785536868891141
60,6,0.35,0.978949426253928
60,6,0.40,0.980927979293919
60,6,0.45,0.984025737676849
60,6,0.50,0.9853130089201967
60,6,0.55,0.9882970807043254
60,6,0.60,0.987380108104427
60,6,0.65,0.9900638986937815
60,6,0.70,0.9899037640499335
60,6,0.75,0.988727441716805
60,6,0.80,0.9890771579006097
60,6,0.85,0.9893446719891065
60,6,0.90,0.9855114573840155
60,6,0.95,0.9896717953893952
60,7,0.05,0.8461212703425118
60,7,0.10,0.9114898890079938
60,7,0.15,0.951858153590382
60,7,0.20,0.96538638928504
60,7,0.25,0.9573555065641767
60,7,0.30,0.9697459221305771
60,7,0.35,0.9754827960272525
60,7,0.40,0.9755264321006014
60,7,0.45,0.9852655308696965
60,7,0.50,0.9875920582970702
60,7,0.55,0.9904175815928777
60,7,0.60,0.9870668962271059
60,7,0.65,0.9860701018622589
60,7,0.70,0.9892992877968291
60,7,0.75,0.9849640302696376
60,7,0.80,0.9867518979545361
60,7,0.85,0.9849924963376415
60,7,0.90,0.9850557652968236
60,7,0.95,0.9857788035915716
60,8,0.05,0.8138246042230641
60,8,0.10,0.9479133938229368
60,8,0.15,0.975770921869834
60,8,0.20,0.9598830393267588
60,8,0.25,0.975224303350531
60,8,0.30,0.9802811996237564
60,8,0.35,0.9830929589212268
60,8,0.40,0.9839329382392872
60,8,0.45,0.988673112708007
60,8,0.50,0.9774230726677583
60,8,0.55,0.987349770823038
60,8,0.60,0.9869246727565215
60,8,0.65,0.9900840689745998
60,8,0.70,0.9839479312732196
60,8,0.75,0.9872096320714124
60,8,0.80,0.9840672926754385
60,8,0.85,0.9908340416930191
60,8,0.90,0.9892872079093925
60,8,0.95,0.9897361052156539
60,9,0.05,0.8465417369055586
60,9,0.10,0.9486703922256259
60,9,0.15,0.9491706032671408
60,9,0.20,0.9659979782043728
60,9,0.25,0.9755177677613898
60,9,0.30,0.9811928424741803
60,9,0.35,0.9779343803470494
60,9,0.40,0.9842504646578271
60,9,0.45,0.9810338295083846
60,9,0.50,0.9813491095759891
60,9,0.55,0.9851783568786454
60,9,0.60,0.9866653843527509
60,9,0.65,0.9866388984723251
60,9,0.70,0.9909885285396078
60,9,0.75,0.9899086455954418
60,9,0.80,0.9834673304964741
60,9,0.85,0.987387437116837
60,9,0.90,0.9860618191614173
60,9,0.95,0.9895018614123207
61,0,0.05,0.8802595232476923
61,0,0.10,0.9628521671833273
61,0,0.15,0.9777828291440682
61,0,0.20,0.9813985969002469
61,0,0.25,0.9824341239461407
61,0,0.30,0.9777481049032061
61,0,0.35,0.9815237062391112
61,0,0.40,0.9859522931964895
61,0,0.45,0.9845259372739669
61,0,0.50,0.9875665180189512
61,0,0.55,0.9820198209679738
61,0,0.60,0.988955269450617
61,0,0.65,0.9857083729239268
61,0,0.70,0.9867409323283357
61,0,0.75,0.9868689859103226
61,0,0.80,0.988193246752877
61,0,0.85,0.9880939207889409
61,0,0.90,0.9912371693445154
61,0,0.95,0.9882436221701684
61,1,0.05,0.8092789220057695
61,1,0.10,0.9622368723645442
61,1,0.15,0.9246243219856689
61,1,0.20,0.9768479901856286
61,1,0.25,0.984691264578772
61,1,0.30,0.979602494585011
61,1,0.35,0.9874977765102302
61,1,0.40,0.9855767228448111
61,1,0.45,0.9871702975218619
61,1,0.50,0.9866046629035262
61,1,0.55,0.9860603770841686
61,1,0.60,0.9865032427155894
61,1,0.65,0.9871490184321314
61,1,0.70,0.9900464582005627
61,1,0.75,0.9882369415635774
61,1,0.80,0.9841833632931004
61,1,0.85,0.9895887878874141
61,1,0.90,0.9859571814883168
61,1,0.95,0.9891740428506614
61,2,0.05,0.8973990920314862
61,2,0.10,0.9615234908847278
61,2,0.15,0.9450798572297661
61,2,0.20,0.9699590244679576
61,2,0.25,0.985498105922785
61,2,0.30,0.9803434230559405
61,2,0.35,0.9807196999134475
61,2,0.40,0.9858612597279768
61,2,0.45,0.9863212710031843
61,2,0.50,0.9821784426686283
61,2,0.55,0.9882208081899869
61,2,0.60,0.9907430000419799
61,2,0.65,0.9885513607376029
61,2,0.70,0.9874164830408495
61,2,0.75,0.9901711910349975
61,2,0.80,0.987849601163735
61,2,0.85,0.9897300842964147
61,2,0.90,0.9890769168233119
61,2,0.95,0.9917036134337464
61,3,0.05,0.9238458340401279
61,3,0.10,0.9630247702564092
61,3,0.15,0.9733835955408974
61,3,0.20,0.9738720164502624
61,3,0.25,0.9573294796479694
61,3,0.30,0.9432092180538575
61,3,0.35,0.9446965829858127
61,3,0.40,0.958090643506022
61,3,0.45,0.9814853044614495
61,3,0.50,0.9862738986127642
61,3,0.55,0.9874598538208088
61,3,0.60,0.9863712881166656
61,3,0.65,0.9879385827211304
61,3,0.70,0.987164816461212
61,3,0.75,0.9868715672865406
61,3,0.80,0.9870963755432389
61,3,0.85,0.9867201875497624
61,3,0.90,0.9876064821589557
61,3,0.95,0.990446700296955
61,4,0.05,0.9446907405707898
61,4,0.10,0.9561171925019691
61,4,0.15,0.9671199314923193
61,4,0.20,0.977546544466481
61,4,0.25,0.9794737285592399
61,4,0.30,0.9724294864001743
61,4,0.35,0.9827379359185556
61,4,0.40,0.9838343869654929
61,4,0.45,0.9830609000506919
61,4,0.50,0.9853740685992503
61,4,0.55,0.9886196340847203
61,4,0.60,0.9871404136249932
61,4,0.65,0.9848025255942724
61,4,0.70,0.989044889899069
61,4,0.75,0.9894748143939125
61,4,0.80,0.9892183495311797
61,4,0.85,0.9900899976043218
61,4,0.90,0.9895878736890693
61,4,0.95,0.9878197483428489
61,5,0.05,0.9042496919669956
61,5,0.10,0.9641100354167653
61,5,0.15,0.9805127018219976
61,5,0.20,0.9657163252962306
61,5,0.25,0.9782791680215575
61,5,0.30,0.9777858575251193
61,5,0.35,0.9802041115080098
61,5,0.40,0.9846608305350217
61,5,0.45,0.985265247105882
61,5,0.50,0.9856303461834044
61,5,0.55,0.9845750736575521
61,5,0.60,0.9872394116150112
61,5,0.65,0.9879510580845804
61,5,0.70,0.9897165849947949
61,5,0.75,0.9886478567649557
61,5,0.80,0.9880427842028753
61,5,0.85,0.9885999144604898
61,5,0.90,0.9882511421363718
61,5,0.95,0.9892147929127154
61,6,0.05,0.9387594869417724
61,6,0.10,0.9518717102880098
61,6,0.15,0.9609488964297133
61,6,0.20,0.9712450603823254
61,6,0.25,0.9814609388915849
61,6,0.30,0.9830573854790482
61,6,0.35,0.9841366866660601
61,6,0.40,0.9825174208763592
61,6,0.45,0.9854422481268569
61,6,0.50,0.9870159836555275
61,6,0.55,0.9873014137636305
61,6,0.60,0.9878486774074
61,6,0.65,0.9854331919077012
61,6,0.70,0.9887590773397001
61,6,0.75,0.9871012487495988
61,6,0.80,0.986543954562708
61,6,0.85,0.9862785247728175
61,6,0.90,0.9878768549840571
61,6,0.95,0.9884306409304496
61,7,0.05,0.9346978050761444
61,7,0.10,0.9511615916901227
61,7,0.15,0.9682964783712132
61,7,0.20,0.9524754253485228
61,7,0.25,0.9805901816173481
61,7,0.30,0.9796311083878682
61,7,0.35,0.9818022277513586
61,7,0.40,0.9885591672292178
61,7,0.45,0.9868423531285215
61,7,0.50,0.98681751895614
61,7,0.55,0.986853801951002
61,7,0.60,0.9883264864062979
61,7,0.65,0.9854065172272696
61,7,0.70,0.988390986428445
61,7,0.75,0.9879934451143823
61,7,0.80,0.9882771855966678
61,7,0.85,0.9879998212932031
61,7,0.90,0.9892039642935144
61,7,0.95,0.9874289260797099
61,8,0.05,0.7860691495288075
61,8,0.10,0.9579305238573177
61,8,0.15,0.9507876286149242
61,8,0.20,0.974191744011266
61,8,0.25,0.9704091970442118
61,8,0.30,0.9788521675896468
61,8,0.35,0.9868316735091214
61,8,0.40,0.9884408967846291
61,8,0.45,0.9832577896468864
61,8,0.50,0.9843564985975952
61,8,0.55,0.98752173049049
61,8,0.60,0.9873262547978968
61,8,0.65,0.9875703790824264
61,8,0.70,0.9886087757987945
61,8,0.75,0.9879323113411316
61,8,0.80,0.9883444421017921
61,8,0.85,0.9898185656125583
61,8,0.90,0.9896653981332783
61,8,0.95,0.9893130256310397
61,9,0.05,0.9237481828484946
61,9,0.10,0.9421259172950269
61,9,0.15,0.9391593825710793
61,9,0.20,0.9597293146524166
61,9,0.25,0.971970191061874
61,9,0.30,0.9833316256304361
61,9,0.35,0.9825657953884706
61,9,0.40,0.9847263689738861
61,9,0.45,0.9843737830048349
61,9,0.50,0.981550135670621
61,9,0.55,0.980929108211248
61,9,0.60,0.9884580470166886
61,9,0.65,0.9885946454029599
61,9,0.70,0.9860023076588219
61,9,0.75,0.9865254494698819
61,9,0.80,0.9886209029218702
61,9,0.85,0.9886558142229868
61,9,0.90,0.9901643597873924
61,9,0.95,0.9867798998270645
62,0,0.05,0.905418393799702
62,0,0.10,0.943688838232108
62,0,0.15,0.9338221528768105
62,0,0.20,0.9578499485746035
62,0,0.25,0.9795733081177914
62,0,0.30,0.9834126873021336
62,0,0.35,0.9741638082488433
62,0,0.40,0.979731945338728
62,0,0.45,0.9856258609499002
62,0,0.50,0.9877560288872919
62,0,0.55,0.9876228896463949
62,0,0.60,0.9885048005998636
62,0,0.65,0.9884750977504854
62,0,0.70,0.9874481798203916
62,0,0.75,0.9896933723420568
62,0,0.80,0.9889056281309704
62,0,0.85,0.9872634846553692
62,0,0.90,0.9890143363569358
62,0,0.95,0.9898801269725456
62,1,0.05,0.7150964127503479
62,1,0.10,0.9404931379609154
62,1,0.15,0.954267638580068
62,1,0.20,0.9740503560120339
62,1,0.25,0.978777506998895
62,1,0.30,0.9733970657806336
62,1,0.35,0.9857236947636713
62,1,0.40,0.9870719684366809
62,1,0.45,0.9876368978859968
62,1,0.50,0.9859938296085244
62,1,0.55,0.9875309039670347
62,1,0.60,0.9891728515631498
62,1,0.65,0.9898596689392555
62,1,0.70,0.9896995696906713
62,1,0.75,0.9871119891452287
62,1,0.80,0.9886730422708535
62,1,0.85,0.9874087643880045
62,1,0.90,0.9876644828223291
62,1,0.95,0.9889549913791136
62,2,0.05,0.8406245503270271
62,2,0.10,0.9398984562106838
62,2,0.15,0.9597622432289622
62,2,0.20,0.9761808323083904
62,2,0.25,0.9805171038523841
62,2,0.30,0.9836833000702803
62,2,0.35,0.9881848878138236
62,2,0.40,0.9849042787237351
62,2,0.45,0.9829900517192135
62,2,0.50,0.9860721478310283
62,2,0.55,0.9882011523040413
62,2,0.60,0.9895091735578143
62,2,0.65,0.9865254470797117
62,2,0.70,0.9860729666943507
62,2,0.75,0.9895999059547953
62,2,0.80,0.9887825437625495
62,2,0.85,0.9869548205514841
62,2,0.90,0.9894918260022787
62,2,0.95,0.9873959411594035
62,3,0.05,0.8205006476905408
62,3,0.10,0.9429599891347824
62,3,0.15,0.9616190251529212
62,3,0.20,0.9643198856907682
62,3,0.25,0.9702383620792321
62,3,0.30,0.9728701021480277
62,3,0.35,0.981458096140383
62,3,0.40,0.9869900547689511
62,3,0.45,0.9834567050482494
62,3,0.50,0.985465735680779
62,3,0.55,0.9909551618238355
62,3,0.60,0.9882992980669063
62,3,0.65,0.9867153391903868
62,3,0.70,0.9865715797791181
62,3,0.75,0.9885878592786495
62,3,0.80,0.9884666739851307
62,3,0.85,0.9881189224314074
62,3,0.90,0.9865074360359032
62,3,0.95,0.9911701838548613
62,4,0.05,0.9214850278951536
62,4,0.10,0.9465863830681492
62,4,0.15,0.9495351845420636
62,4,0.20,0.9650959328125026
62,4,0.25,0.977614073320872
62,4,0.30,0.9868037196066618
62,4,0.35,0.9872433333411378
62,4,0.40,0.9863041098128418
62,4,0.45,0.9892078061047246
62,4,0.50,0.9891294001367652
62,4,0.55,0.9822188610955358
62,4,0.60,0.9878184569132071
62,4,0.65,0.9878574329181616
62,4,0.70,0.9886345221057605
62,4,0.75,0.9875554797262163
62,4,0.80,0.9876540274131147
62,4,0.85,0.98763791103486
62,4,0.90,0.9892275088197435
62,4,0.95,0.9866403621431891
62,5,0.05,0.8908089823971141
62,5,0.10,0.9529499977939936
62,5,0.15,0.9722684023893142
62,5,0.20,0.9597168221466063
62,5,0.25,0.9713867645370264
62,5,0.30,0.9837071336093609
62,5,0.35,0.9815413180370658
62,5,0.40,0.9770960572194821
62,5,0.45,0.9848744089124704
62,5,0.50,0.9859030321647018
62,5,0.55,0.9832736650049615
62,5,0.60,0.9869115559790096
62,5,0.65,0.986095061392825
62,5,0.70,0.9895556046000772
62,5,0.75,0.9865498681271557
62,5,0.80,0.9850472640879333
62,5,0.85,0.9877929075488441
62,5,0.90,0.988320696222631
62,5,0.95,0.9903203119285673
62,6,0.05,0.8150192577036939
62,6,0.10,0.8910872091601219
62,6,0.15,0.9463677145035164
62,6,0.20,0.9553309811587047
62,6,0.25,0.9721901339573844
62,6,0.30,0.978808218990988
62,6,0.35,0.9809317254243606
62,6,0.40,0.9866232387617484
62,6,0.45,0.9863231433299801
62,6,0.50,0.9909158546081858
62,6,0.55,0.9856065574404608
62,6,0.60,0.9871936596674511
62,6,0.65,0.9868352334286478
62,6,0.70,0.9866867788836691
62,6,0.75,0.9873622237082557
62,6,0.80,0.9874872307461396
62,6,0.85,0.9864947526403123
62,6,0.90,0.9874039861766422
62,6,0.95,0.9882891985167754
62,7,0.05,0.8570244640317081
62,7,0.10,0.9065672123202152
62,7,0.15,0.9527437609367585
62,7,0.20,0.9672125321795342
62,7,0.25,0.9726968945492943
62,7,0.30,0.9734243877869924
62,7,0.35,0.9880625266294166
62,7,0.40,0.9829526430416021
62,7,0.45,0.9882545979864895
62,7,0.50,0.9879201785449673
62,7,0.55,0.9901051680027951
62,7,0.60,0.9873193347437214
62,7,0.65,0.9899052663569653
62,7,0.70,0.9894393969701128
62,7,0.75,0.9893166933684896
62,7,0.80,0.9878269525003344
62,7,0.85,0.9857532189733024
62,7,0.90,0.9855432345326228
62,7,0.95,0.9867962997809934
62,8,0.05,0.8905541998101655
62,8,0.10,0.9423599678148445
62,8,0.15,0.9487555015586762
62,8,0.20,0.9757575861086986
62,8,0.25,0.9707813523095022
62,8,0.30,0.9804071376583253
62,8,0.35,0.9867001239760539
62,8,0.40,0.9840742695604469
62,8,0.45,0.9862925081134445
62,8,0.50,0.9842366260583233
62,8,0.55,0.9905463088919583
62,8,0.60,0.9891544474931763
62,8,0.65,0.9881572106294507
62,8,0.70,0.9884597690008563
62,8,0.75,0.9862623825416543
62,8,0.80,0.9861806454232008
62,8,0.85,0.9856595892399184
62,8,0.90,0.9887886711623812
62,8,0.95,0.9877130330995195
62,9,0.05,0.8864880215841126
62,9,0.10,0.9299041265330046
62,9,0.15,0.9629608982872326
62,9,0.20,0.9563575023989938
62,9,0.25,0.9724212990093586
62,9,0.30,0.9800777173789206
62,9,0.35,0.9779645900152104
62,9,0.40,0.9832625622153537
62,9,0.45,0.9847256695763769
62,9,0.50,0.9824351540212309
62,9,0.55,0.9800589453601769
62,9,0.60,0.9899329301474806
62,9,0.65,0.9894272143428503
62,9,0.70,0.9853995255765337
62,9,0.75,0.9884316958843509
62,9,0.80,0.9882167972197436
62,9,0.85,0.9856853818687927
62,9,0.90,0.9856969399845535
62,9,0.95,0.9842835959519713
63,0,0.05,0.8898019052426993
63,0,0.10,0.898931607673199
63,0,0.15,0.9496811685427738
63,0,0.20,0.9548875809408315
63,0,0.25,0.9662598714686931
63,0,0.30,0.9802216951913523
63,0,0.35,0.9792356950202361
63,0,0.40,0.9826653764734984
63,0,0.45,0.9862629916126929
63,0,0.50,0.9858265867313961
63,0,0.55,0.9835536175520093
63,0,0.60,0.9853764693662537
63,0,0.65,0.989037220982665
63,0,0.70,0.9890343477016936
63,0,0.75,0.989020917217545
63,0,0.80,0.9858777249620665
63,0,0.85,0.9884920935838653
63,0,0.90,0.9880943742271527
63,0,0.95,0.9896410837670901
63,1,0.05,0.867797357069171
63,1,0.10,0.8225827424305658
63,1,0.15,0.9831052157632242
63,1,0.20,0.9769427269776852
63,1,0.25,0.9673338032666582
63,1,0.30,0.9823315012082473
63,1,0.35,0.980341038816916
63,1,0.40,0.9850561019585801
63,1,0.45,0.9840461340105233
63,1,0.50,0.9858657703736968
63,1,0.55,0.9863140927549057
63,1,0.60,0.9906326117051858
63,1,0.65,0.9883170173777961
63,1,0.70,0.990350280786985
63,1,0.75,0.9890805252172251
63,1,0.80,0.9879214604710786
63,1,0.85,0.9882432104304214
63,1,0.90,0.9896206115772753
63,1,0.95,0.9856147503796833
63,2,0.05,0.9279350437162956
63,2,0.10,0.9092744110150597
63,2,0.15,0.9632759871257801
63,2,0.20,0.9771073406584992
63,2,0.25,0.9721850051827443
63,2,0.30,0.9819604255427018
63,2,0.35,0.9746975908157337
63,2,0.40,0.986829263640587
63,2,0.45,0.9851353180599868
63,2,0.50,0.9889081317153183
63,2,0.55,0.988609277950397
63,2,0.60,0.9863838981395784
63,2,0.65,0.9899172445287904
63,2,0.70,0.9893790078162686
63,2,0.75,0.986623775344471
63,2,0.80,0.9888313788069116
63,2,0.85,0.9906927883957355
63,2,0.90,0.9870203491767375
63,2,0.95,0.9900984417015339
63,3,0.05,0.855386201389263
63,3,0.10,0.8607526469995288
63,3,0.15,0.8906907988088714
63,3,0.20,0.9675563044486534
63,3,0.25,0.9771090679729771
63,3,0.30,0.9719944565225331
63,3,0.35,0.9800369707467288
63,3,0.40,0.9827572051824558
63,3,0.45,0.988809479132153
63,3,0.50,0.986748151840466
63,3,0.55,0.9881531240766925
63,3,0.60,0.9839674139669203
63,3,0.65,0.9866100336317436
63,3,0.70,0.9910915365522966
63,3,0.75,0.9890856123844641
63,3,0.80,0.9870006727352112
63,3,0.85,0.988949314085931
63,3,0.90,0.9891750017965093
63,3,0.95,0.9892757564291108
63,4,0.05,0.9008562513748565
63,4,0.10,0.9025819055225047
63,4,0.15,0.9581024273932345
63,4,0.20,0.9425098460327355
63,4,0.25,0.9785625364025226
63,4,0.30,0.977711535073055
63,4,0.35,0.9846504624193048
63,4,0.40,0.9797367725396775
63,4,0.45,0.9832783462579813
63,4,0.50,0.9829788708974303
63,4,0.55,0.9891302487834195
63,4,0.60,0.985196002182168
63,4,0.65,0.988399241671983
63,4,0.70,0.987199550653731
63,4,0.75,0.9878122973322258
63,4,0.80,0.9907017576942814
63,4,0.85,0.9892926843350963
63,4,0.90,0.9872014891304571
63,4,0.95,0.9866177164890024
63,5,0.05,0.9464509623297688
63,5,0.10,0.9031629846068175
63,5,0.15,0.9681643631579291
63,5,0.20,0.9708421553968284
63,5,0.25,0.979843352409797
63,5,0.30,0.9671172441107608
63,5,0.35,0.9751103244091036
63,5,0.40,0.9785491009008931
63,5,0.45,0.9849567338194758
63,5,0.50,0.986722894055374
63,5,0.55,0.9866609392606904
63,5,0.60,0.9893361882171997
63,5,0.65,0.9883340891775024
63,5,0.70,0.9899895106741923
63,5,0.75,0.9897069162775112
63,5,0.80,0.9902729265368709
63,5,0.85,0.988692632177943
63,5,0.90,0.9906969575657552
63,5,0.95,0.9902057008645568
63,6,0.05,0.9035292888440155
63,6,0.10,0.8721286120148257
63,6,0.15,0.9663096402117635
63,6,0.20,0.9835737516902842
63,6,0.25,0.9791256889810318
63,6,0.30,0.979484904822616
63,6,0.35,0.9794704641346565
63,6,0.40,0.9884578452086558
63,6,0.45,0.9877645647123123
63,6,0.50,0.9837662860585971
63,6,0.55,0.988244855181535
63,6,0.60,0.9898305801547481
63,6,0.65,0.9871976564756433
63,6,0.70,0.9897225316536962
63,6,0.75,0.9889977240725966
63,6,0.80,0.9881503506732929
63,6,0.85,0.9914519722308487
63,6,0.90,0.9884792252194775
63,6,0.95,0.9903068567556266
63,7,0.05,0.8802736102416505
63,7,0.10,0.8828069386449144
63,7,0.15,0.9336311553692409
63,7,0.20,0.9776240122986363
63,7,0.25,0.9627548478641142
63,7,0.30,0.9851253498537469
63,7,0.35,0.9834826824101254
63,7,0.40,0.9850453564674643
63,7,0.45,0.986643359489954
63,7,0.50,0.9851097678439489
63,7,0.55,0.9857363789692031
63,7,0.60,0.9875624999306348
63,7,0.65,0.9863344519647309
63,7,0.70,0.989495874306625
63,7,0.75,0.9878820362011993
63,7,0.80,0.9862742790473057
63,7,0.85,0.9843467236593362
63,7,0.90,0.9881950842126612
63,7,0.95,0.9866694566309477
63,8,0.05,0.7568789024008125
63,8,0.10,0.9134779904565506
63,8,0.15,0.959511499496035
63,8,0.20,0.97311515657213
63,8,0.25,0.9725792256942422
63,8,0.30,0.9795199829494088
63,8,0.35,0.969713556176123
63,8,0.40,0.9830190646481468
63,8,0.45,0.9866377421479765
63,8,0.50,0.9874187571326345
63,8,0.55,0.9845107782319272
63,8,0.60,0.9846834954189758
63,8,0.65,0.988785778387214
63,8,0.70,0.990868528687079
63,8,0.75,0.985458775791209
63,8,0.80,0.9885993010837877
63,8,0.85,0.9871265500035042
63,8,0.90,0.9892886477389169
63,8,0.95,0.9897272755771144
63,9,0.05,0.8356327603521603
63,9,0.10,0.9195462012782247
63,9,0.15,0.9630731422134591
63,9,0.20,0.965232252583858
63,9,0.25,0.9815677175410722
63,9,0.30,0.9800444084598552
63,9,0.35,0.9796447252513409
63,9,0.40,0.9804495863654005
63,9,0.45,0.9878452650940919
63,9,0.50,0.9882081276845822
63,9,0.55,0.9872125981957988
63,9,0.60,0.9877248678560324
63,9,0.65,0.9915661409337293
63,9,0.70,0.9872807807274768
63,9,0.75,0.9886016257885877
63,9,0.80,0.9874341342625369
63,9,0.85,0.988808399422084
63,9,0.90,0.9865926484119694
63,9,0.95,0.9874075407658808
64,0,0.05,0.9074595655692169
64,0,0.10,0.9238715464645489
64,0,0.15,0.955919313601274
64,0,0.20,0.9796028027431629
64,0,0.25,0.9782793317765914
64,0,0.30,0.9748796892225697
64,0,0.35,0.9747978157990524
64,0,0.40,0.9817853482944564
64,0,0.45,0.9863527792796289
64,0,0.50,0.9801839009754508
64,0,0.55,0.9855445225007831
64,0,0.60,0.9868599734817545
64,0,0.65,0.986698846360652
64,0,0.70,0.9910815650158252
64,0,0.75,0.9891357659123957
64,0,0.80,0.9873328016521054
64,0,0.85,0.9853240655229737
64,0,0.90,0.9898284205895593
64,0,0.95,0.9883418523366553
64,1,0.05,0.8651064132317662
64,1,0.10,0.9699424070457783
64,1,0.15,0.9638487166439504
64,1,0.20,0.9633835384606557
64,1,0.25,0.9799777387677041
64,1,0.30,0.9755667948921642
64,1,0.35,0.9795080960453351
64,1,0.40,0.9853653021539415
64,1,0.45,0.9829919085284409
64,1,0.50,0.9856300372544614
64,1,0.55,0.9874051236348583
64,1,0.60,0.9871964497791355
64,1,0.65,0.9873300616462685
64,1,0.70,0.9860691834039204
64,1,0.75,0.9861615396100771
64,1,0.80,0.987150368919745
64,1,0.85,0.9891062112970889
64,1,0.90,0.9871220649140491
64,1,0.95,0.9885459301238627
64,2,0.05,0.7844111663697161
64,2,0.10,0.9428423010911278
64,2,0.15,0.9347088540450053
64,2,0.20,0.9627310616409351
64,2,0.25,0.9762140614885303
64,2,0.30,0.9735326478806798
64,2,0.35,0.9803600791439387
64,2,0.40,0.980909863771372
64,2,0.45,0.982455510840105
64,2,0.50,0.9861477755280891
64,2,0.55,0.9877166198447525
64,2,0.60,0.9897265224699066
64,2,0.65,0.9861849019226884
64,2,0.70,0.9894666428092634
64,2,0.75,0.9865698146472248
64,2,0.80,0.9882852860462252
64,2,0.85,0.9868423037743429
64,2,0.90,0.9903851539336593
64,2,0.95,0.9898494809031746
64,3,0.05,0.8827891595992757
64,3,0.10,0.9429515037895627
64,3,0.15,0.9527975631304477
64,3,0.20,0.9733992100559562
64,3,0.25,0.9595832548016756
64,3,0.30,0.9716660789001209
64,3,0.35,0.9802407902780522
64,3,0.40,0.9794127599227621
64,3,0.45,0.9831283899470017
64,3,0.50,0.9880890599037289
64,3,0.55,0.9824553580392413
64,3,0.60,0.9880831554181373
64,3,0.65,0.9878508850039025
64,3,0.70,0.9908599526991279
64,3,0.75,0.9862340794505938
64,3,0.80,0.9889445780950905
64,3,0.85,0.9889963305603751
64,3,0.90,0.9866020107636844
64,3,0.95,0.9882530331434404
64,4,0.05,0.7693614006775005
64,4,0.10,0.9294777615651255
64,4,0.15,0.9544265947099895
64,4,0.20,0.9788292903779561
64,4,0.25,0.9786773910843312
64,4,0.30,0.983653039105773
64,4,0.35,0.9781861256360235
64,4,0.40,0.9824344690901513
64,4,0.45,0.9814121127313946
64,4,0.50,0.986963592551222
64,4,0.55,0.9858598843549748
64,4,0.60,0.9819088364903861
64,4,0.65,0.986471468275725
64,4,0.70,0.9879934487669828
64,4,0.75,0.9860776390298399
64,4,0.80,0.990855938056112
64,4,0.85,0.990525981000235
64,4,0.90,0.9901268388179211
64,4,0.95,0.9870643812515081
64,5,0.05,0.893954285774494
64,5,0.10,0.9487019628857934
64,5,0.15,0.9288728915718809
64,5,0.20,0.9617690785575682
64,5,0.25,0.981837612539914
64,5,0.30,0.9740068165375149
64,5,0.35,0.9856419222648571
64,5,0.40,0.9852747329153908
64,5,0.45,0.9858895275723368
64,5,0.50,0.9849785031151597
64,5,0.55,0.9869030571076457
64,5,0.60,0.9876998822963099
64,5,0.65,0.9898449408772948
64,5,0.70,0.9885574772144007
64,5,0.75,0.986630344720783
64,5,0.80,0.9867657792106215
64,5,0.85,0.9867950939618925
64,5,0.90,0.9870802757985634
64,5,0.95,0.9892184499453711
64,6,0.05,0.5144113063086772
64,6,0.10,0.9450171714831116
64,6,0.15,0.9616095006170731
64,6,0.20,0.9436738069265019
64,6,0.25,0.9743182654453548
64,6,0.30,0.9827741785757278
64,6,0.35,0.9835045391901487
64,6,0.40,0.9829526884430861
64,6,0.45,0.9812836813430729
64,6,0.50,0.984185835968487
64,6,0.55,0.9828356852728384
64,6,0.60,0.9868990737584507
64,6,0.65,0.9885995356977356
64,6,0.70,0.9875854322317016
64,6,0.75,0.9893822595382628
64,6,0.80,0.9857176786894469
64,6,0.85,0.9881453273828923
64,6,0.90,0.9880557080286843
64,6,0.95,0.9894568360873467
64,7,0.05,0.8921198029879308
64,7,0.10,0.9398024061735584
64,7,0.15,0.9222814557890269
64,7,0.20,0.9711145821718483
64,7,0.25,0.9725479659805395
64,7,0.30,0.9855511580455237
64,7,0.35,0.9875032252699462
64,7,0.40,0.9856337109877152
64,7,0.45,0.9851123103076419
64,7,0.50,0.9862798929527843
64,7,0.55,0.9866233281048408
64,7,0.60,0.9859728260993179
64,7,0.65,0.9876238744159135
64,7,0.70,0.9915659701913305
64,7,0.75,0.9883087393056598
64,7,0.80,0.987771471505724
64,7,0.85,0.9886966666646586
64,7,0.90,0.9859548540803738
64,7,0.95,0.9890344714023404
64,8,0.05,0.7986902983662978
64,8,0.10,0.9276832912335845
64,8,0.15,0.950843161966627
64,8,0.20,0.9688214536576978
64,8,0.25,0.9727588939259427
64,8,0.30,0.9766444640809012
64,8,0.35,0.98280778955541
64,8,0.40,0.9812058219191041
64,8,0.45,0.9911332709662871
64,8,0.50,0.9850007839472833
64,8,0.55,0.9882128030026391
64,8,0.60,0.9855328674606816
64,8,0.65,0.9874707754897545
64,8,0.70,0.9890885461862836
64,8,0.75,0.9881836167781792
64,8,0.80,0.9905394590742587
64,8,0.85,0.988390841406843
64,8,0.90,0.9900267916480643
64,8,0.95,0.9891304307537139
64,9,0.05,0.697365047552108
64,9,0.10,0.9160559776870206
64,9,0.15,0.8479616263052387
64,9,0.20,0.8527888237686091
64,9,0.25,0.9624666619971441
64,9,0.30,0.9715671222002167
64,9,0.35,0.970681185238473
64,9,0.40,0.984357069933352
64,9,0.45,0.9824020497336892
64,9,0.50,0.9845488951881317
64,9,0.55,0.9831191819057223
64,9,0.60,0.9873010484454565
64,9,0.65,0.9876573115299209
64,9,0.70,0.9881946787178724
64,9,0.75,0.9851964999390733
64,9,0.80,0.9873095160789014
64,9,0.85,0.9861473449895345
64,9,0.90,0.9878230154015656
64,9,0.95,0.9853634884038239
65,0,0.05,0.9347277015389002
65,0,0.10,0.9360666010120675
65,0,0.15,0.9559597352147646
65,0,0.20,0.9762122774313948
65,0,0.25,0.9765379132706316
65,0,0.30,0.9731535427855166
65,0,0.35,0.976404851566666
65,0,0.40,0.9805895957564492
65,0,0.45,0.9884318721610926
65,0,0.50,0.9879055137182363
65,0,0.55,0.9872703793157268
65,0,0.60,0.9890676025101819
65,0,0.65,0.9872701024286188
65,0,0.70,0.9835610869843168
65,0,0.75,0.9835118195726765
65,0,0.80,0.9882420172636993
65,0,0.85,0.9880831393384573
65,0,0.90,0.9896362435283161
65,0,0.95,0.9852127839683508
65,1,0.05,0.9294248766055992
65,1,0.10,0.9334874058868284
65,1,0.15,0.9674213141676475
65,1,0.20,0.9800056744410699
65,1,0.25,0.9724336589482976
65,1,0.30,0.9721315548153464
65,1,0.35,0.9806918024546321
65,1,0.40,0.9877199525501432
65,1,0.45,0.9860667773641856
65,1,0.50,0.9862479459481718
65,1,0.55,0.9854673466194789
65,1,0.60,0.9874647255852642
65,1,0.65,0.9885846542749774
65,1,0.70,0.9869253831819713
65,1,0.75,0.9879524166377907
65,1,0.80,0.9865352286125316
65,1,0.85,0.9845530294122445
65,1,0.90,0.9870720884999755
65,1,0.95,0.9888954526592669
65,2,0.05,0.8412673595168957
65,2,0.10,0.9459342642065767
65,2,0.15,0.9633427613074448
65,2,0.20,0.9731365878570294
65,2,0.25,0.9788557702143014
65,2,0.30,0.9826430288010879
65,2,0.35,0.9822989645130091
65,2,0.40,0.9839558033500122
65,2,0.45,0.9851283915501099
65,2,0.50,0.9855357000033751
65,2,0.55,0.9851068616695489
65,2,0.60,0.9873884361777059
65,2,0.65,0.9883584575550934
65,2,0.70,0.9870140027170228
65,2,0.75,0.9855698319039807
65,2,0.80,0.9886928185276225
65,2,0.85,0.9863442281473577
65,2,0.90,0.9868662576462328
65,2,0.95,0.989072516623314
65,3,0.05,0.8454995815645081
65,3,0.10,0.8696654552736147
65,3,0.15,0.9419202529995958
65,3,0.20,0.9578632832368073
65,3,0.25,0.9428418954973385
65,3,0.30,0.9662116711115888
65,3,0.35,0.9732262653833371
65,3,0.40,0.9860086284288551
65,3,0.45,0.9820881804017992
65,3,0.50,0.9839911345385924
65,3,0.55,0.9900207027338978
65,3,0.60,0.9863012211087964
65,3,0.65,0.9857533557458662
65,3,0.70,0.9873834436942137
65,3,0.75,0.98907493732488
65,3,0.80,0.9890561776448434
65,3,0.85,0.98482836305956
65,3,0.90,0.9890317866951145
65,3,0.95,0.9886987760751426
65,4,0.05,0.8709018969996334
65,4,0.10,0.9466131178344155
65,4,0.15,0.9723913013683088
65,4,0.20,0.9749056518272116
65,4,0.25,0.9722195152752584
65,4,0.30,0.9786312260166525
65,4,0.35,0.9822493112411529
65,4,0.40,0.984116550025913
65,4,0.45,0.9888624668564233
65,4,0.50,0.9830140276493061
65,4,0.55,0.9902835311197012
65,4,0.60,0.9885457329555595
65,4,0.65,0.9883883225874867
65,4,0.70,0.9880438989048349
65,4,0.75,0.9915502295739049
65,4,0.80,0.9874087533770538
65,4,0.85,0.9908309423823922
65,4,0.90,0.9857083810675542
65,4,0.95,0.9902021165220698
65,5,0.05,0.9146159170060707
65,5,0.10,0.9233106757828727
65,5,0.15,0.9537945419592503
65,5,0.20,0.9613224754678839
65,5,0.25,0.9788361519182619
65,5,0.30,0.9846635710238771
65,5,0.35,0.9764396463127311
65,5,0.40,0.9836965267632417
65,5,0.45,0.9879233588544052
65,5,0.50,0.9859838251952155
65,5,0.55,0.9869887682042154
65,5,0.60,0.9825836927987193
65,5,0.65,0.9887814728307688
65,5,0.70,0.9859299528071573
65,5,0.75,0.9857616006673934
65,5,0.80,0.9907462940779866
65,5,0.85,0.98878875758889
65,5,0.90,0.9888014541454357
65,5,0.95,0.9912200908649464
65,6,0.05,0.799458747454916
65,6,0.10,0.9303909616744752
65,6,0.15,0.9659797390049857
65,6,0.20,0.9774524903911268
65,6,0.25,0.978051031556331
65,6,0.30,0.9757671140149956
65,6,0.35,0.9799417081326482
65,6,0.40,0.9822339668876754
65,6,0.45,0.9816880536585874
65,6,0.50,0.9827999267310867
65,6,0.55,0.9873222374893791
65,6,0.60,0.9881172660233793
65,6,0.65,0.9912678610350951
65,6,0.70,0.9891294104229004
65,6,0.75,0.9875414004616674
65,6,0.80,0.9893536432989517
65,6,0.85,0.9897297187375272
65,6,0.90,0.987979590623825
65,6,0.95,0.9865825525324451
65,7,0.05,0.894583362106807
65,7,0.10,0.9245936182905629
65,7,0.15,0.9088986573711743
65,7,0.20,0.9585905222389665
65,7,0.25,0.9690909367447821
65,7,0.30,0.9793324523650163
65,7,0.35,0.9816282016806469
65,7,0.40,0.9849081867992229
65,7,0.45,0.9903760988212844
65,7,0.50,0.9854936900575635
65,7,0.55,0.9896885530993343
65,7,0.60,0.9883984938109786
65,7,0.65,0.9862415725894321
65,7,0.70,0.9889143985384659
65,7,0.75,0.9859596595693231
65,7,0.80,0.9868669070786593
65,7,0.85,0.9889037087489211
65,7,0.90,0.9901088750769206
65,7,0.95,0.9898191451056741
65,8,0.05,0.9135823979047284
65,8,0.10,0.932770461974016
65,8,0.15,0.9380782717097653
65,8,0.20,0.9591942049685978
65,8,0.25,0.9711963255736086
65,8,0.30,0.9771851105113163
65,8,0.35,0.98577140937795
65,8,0.40,0.982298263562376
65,8,0.45,0.9863508832452836
65,8,0.50,0.9845950246683902
65,8,0.55,0.9898423922163793
65,8,0.60,0.9854899699429724
65,8,0.65,0.9846757793118897
65,8,0.70,0.9867153124973437
65,8,0.75,0.9874728657083266
65,8,0.80,0.9889154183835329
65,8,0.85,0.9900288338494014
65,8,0.90,0.9910109385299549
65,8,0.95,0.9870305674026723
65,9,0.05,0.6779648746088126
65,9,0.10,0.9482280484577061
65,9,0.15,0.9626945770224767
65,9,0.20,0.9776115786619973
65,9,0.25,0.968245797012913
65,9,0.30,0.9852798910532545
65,9,0.35,0.9823522799323382
65,9,0.40,0.9890613925017144
65,9,0.45,0.9788752422943604
65,9,0.50,0.9859635867047195
65,9,0.55,0.984744488511483
65,9,0.60,0.9877265574679652
65,9,0.65,0.9884848448500935
65,9,0.70,0.9881018964881607
65,9,0.75,0.9869695068449525
65,9,0.80,0.985676641863414
65,9,0.85,0.9876945879543396
65,9,0.90,0.9883524760025338
65,9,0.95,0.9887143725017705
66,0,0.05,0.7431222046498491
66,0,0.10,0.9615838398440193
66,0,0.15,0.9585502788368602
66,0,0.20,0.9782601923961438
66,0,0.25,0.9821497701311462
66,0,0.30,0.9790984991036388
66,0,0.35,0.9831387693281982
66,0,0.40,0.9880727487092855
66,0,0.45,0.9877433175628754
66,0,0.50,0.9862131375444069
66,0,0.55,0.9872945399496919
66,0,0.60,0.9879168854159243
66,0,0.65,0.9891679645811393
66,0,0.70,0.986688772840951
66,0,0.75,0.9874888414278996
66,0,0.80,0.9868015217785355
66,0,0.85,0.987782573006917
66,0,0.90,0.9906791670413336
66,0,0.95,0.9898647019469073
66,1,0.05,0.8943645380682358
66,1,0.10,0.9590313715454005
66,1,0.15,0.9672167513566574
66,1,0.20,0.9664871927537966
66,1,0.25,0.9741862104377056
66,1,0.30,0.9865088265663899
66,1,0.35,0.9790365758339417
66,1,0.40,0.9711822443333915
66,1,0.45,0.9857890607435359
66,1,0.50,0.9878732357398685
66,1,0.55,0.9886815420733083
66,1,0.60,0.9879936399594607
66,1,0.65,0.9885630356051288
66,1,0.70,0.9882122850512061
66,1,0.75,0.9904733900286344
66,1,0.80,0.9886171222199158
66,1,0.85,0.9847949036185232
66,1,0.90,0.9873578581245065
66,1,0.95,0.9870581392568802
66,2,0.05,0.8818530887595512
66,2,0.10,0.9465422964715487
66,2,0.15,0.9462073581913139
66,2,0.20,0.9607058461469916
66,2,0.25,0.9822260553538055
66,2,0.30,0.9851140319092743
66,2,0.35,0.9789460468387421
66,2,0.40,0.988221075697792
66,2,0.45,0.9835559205257816
66,2,0.50,0.9864130059266593
66,2,0.55,0.9894334405820439
66,2,0.60,0.9871073962524363
66,2,0.65,0.988942572976185
66,2,0.70,0.9891686554182403
66,2,0.75,0.9872768790453849
66,2,0.80,0.9892697715827725
66,2,0.85,0.9892983193435022
66,2,0.90,0.9896750680013736
66,2,0.95,0.9912131189622467
66,3,0.05,0.8420636349722155
66,3,0.10,0.9500270147613831
66,3,0.15,0.9724256630161559
66,3,0.20,0.9649322511967215
66,3,0.25,0.974303010155328
66,3,0.30,0.9776376624190345
66,3,0.35,0.9770392730617711
66,3,0.40,0.9861308188385012
66,3,0.45,0.9854151613157893
66,3,0.50,0.9882793828011744
66,3,0.55,0.9883493360321733
66,3,0.60,0.9880431589894971
66,3,0.65,0.9882106720972051
66,3,0.70,0.9883718204860664
66,3,0.75,0.9863122195139046
66,3,0.80,0.9864728971943325
66,3,0.85,0.988642818209094
66,3,0.90,0.9868940055993245
66,3,0.95,0.9894806822849637
66,4,0.05,0.9186832600489306
66,4,0.10,0.9481363395642111
66,4,0.15,0.9614436598465087
66,4,0.20,0.9617672661663015
66,4,0.25,0.9729466753650907
66,4,0.30,0.9781453146688228
66,4,0.35,0.9819393394984037
66,4,0.40,0.9859730959119198
66,4,0.45,0.9848014744315848
66,4,0.50,0.98489034297213
66,4,0.55,0.9865170114704501
66,4,0.60,0.9869436400968993
66,4,0.65,0.9873311550743304
66,4,0.70,0.9898405480988769
66,4,0.75,0.9881716236044817
66,4,0.80,0.9863670745117603
66,4,0.85,0.9895014154093651
66,4,0.90,0.989906972486962
66,4,0.95,0.9897097524475772
66,5,0.05,0.8442975200211877
66,5,0.10,0.9371352971465466
66,5,0.15,0.9719958916484143
66,5,0.20,0.9751328041678065
66,5,0.25,0.9841628347551541
66,5,0.30,0.9836375235643867
66,5,0.35,0.9865800661114691
66,5,0.40,0.9882714357585196
66,5,0.45,0.982190103155279
66,5,0.50,0.9847372301640005
66,5,0.55,0.9882165062286686
66,5,0.60,0.9858765584729177
66,5,0.65,0.9900168001774535
66,5,0.70,0.9863653009094991
66,5,0.75,0.989860819936613
66,5,0.80,0.9888964181484401
66,5,0.85,0.9858568600092652
66,5,0.90,0.9893341068077808
66,5,0.95,0.9887980800677177
66,6,0.05,0.8307062757715494
66,6,0.10,0.9038760064911241
66,6,0.15,0.9705390857179294
66,6,0.20,0.9745428419794494
66,6,0.25,0.9759082385051151
66,6,0.30,0.9771978142766669
66,6,0.35,0.9846612982270775
66,6,0.40,0.9788692677381383
66,6,0.45,0.9885468663149694
66,6,0.50,0.9896664796952094
66,6,0.55,0.9845774461018342
66,6,0.60,0.9882773830689584
66,6,0.65,0.9878244866881768
66,6,0.70,0.989734347715936
66,6,0.75,0.9879043154843452
66,6,0.80,0.9905427362528524
66,6,0.85,0.9871264820191298
66,6,0.90,0.9876941267808813
66,6,0.95,0.9884124668099129
66,7,0.05,0.8524971180468535
66,7,0.10,0.8529116417227884
66,7,0.15,0.9717631144899136
66,7,0.20,0.9730908260395501
66,7,0.25,0.9815262868262188
66,7,0.30,0.9775348677587146
66,7,0.35,0.9881283375851022
66,7,0.40,0.9820526186577273
66,7,0.45,0.9824064058539665
66,7,0.50,0.9882429775684682
66,7,0.55,0.9875142091626848
66,7,0.60,0.985996897852147
66,7,0.65,0.9916737842433233
66,7,0.70,0.989346194825995
66,7,0.75,0.9881411545264729
66,7,0.80,0.9868737406023654
66,7,0.85,0.9908982400949339
66,7,0.90,0.9910571681014789
66,7,0.95,0.9890233561158821
66,8,0.05,0.9049164749805372
66,8,0.10,0.9317025638247093
66,8,0.15,0.9717546225170558
66,8,0.20,0.9785892336619695
66,8,0.25,0.978665067609784
66,8,0.30,0.9819029112023221
66,8,0.35,0.9846848853164898
66,8,0.40,0.9871143305630644
66,8,0.45,0.9878277263629719
66,8,0.50,0.9871504588475046
66,8,0.55,0.989244096798072
66,8,0.60,0.9884831130728153
66,8,0.65,0.9887913465058176
66,8,0.70,0.9897622858470964
66,8,0.75,0.9866755667245973
66,8,0.80,0.9853238008537151
66,8,0.85,0.990760960675681
66,8,0.90,0.9893155125915357
66,8,0.95,0.9900880464636124
66,9,0.05,0.7850241294963669
66,9,0.10,0.9464793318277172
66,9,0.15,0.900117577145747
66,9,0.20,0.9679228807416362
66,9,0.25,0.9674822682545537
66,9,0.30,0.9763444960187061
66,9,0.35,0.9820297104937131
66,9,0.40,0.9846440536487603
66,9,0.45,0.9843668490182513
66,9,0.50,0.9837783895039117
66,9,0.55,0.9819944748143973
66,9,0.60,0.9852944768025373
66,9,0.65,0.9864038509351825
66,9,0.70,0.9890048495575438
66,9,0.75,0.9880914774283209
66,9,0.80,0.9889173784078423
66,9,0.85,0.9889658462160846
66,9,0.90,0.9880339786909484
66,9,0.95,0.9856364505863507
67,0,0.05,0.7553121786703604
67,0,0.10,0.9573576190441622
67,0,0.15,0.937798518757577
67,0,0.20,0.971941078529287
67,0,0.25,0.9722154592663745
67,0,0.30,0.9742439097629927
67,0,0.35,0.9786921174451931
67,0,0.40,0.9788351908777096
67,0,0.45,0.9853543474574388
67,0,0.50,0.987831987433162
67,0,0.55,0.9839457223573693
67,0,0.60,0.9882758511981997
67,0,0.65,0.9880864177667708
67,0,0.70,0.9885466392830425
67,0,0.75,0.9874200366444155
67,0,0.80,0.9871736470525748
67,0,0.85,0.9889852076895794
67,0,0.90,0.9879858923039866
67,0,0.95,0.9852398979681237
67,1,0.05,0.7783617466414462
67,1,0.10,0.8968645019393597
67,1,0.15,0.9275646865939465
67,1,0.20,0.9546013819583529
67,1,0.25,0.9715424940516
67,1,0.30,0.9792088534343398
67,1,0.35,0.9802123752781344
67,1,0.40,0.9839833536663606
67,1,0.45,0.9831146810699735
67,1,0.50,0.9859949676793471
67,1,0.55,0.981596469273202
67,1,0.60,0.9886882549973146
67,1,0.65,0.9901995986001106
67,1,0.70,0.988266371942745
67,1,0.75,0.9874558959211723
67,1,0.80,0.9862937932198433
67,1,0.85,0.9858160508863303
67,1,0.90,0.9883518220336274
67,1,0.95,0.988107972168656
67,2,0.05,0.7820695519163038
67,2,0.10,0.9498133306113998
67,2,0.15,0.9037605414557759
67,2,0.20,0.9567115163082495
67,2,0.25,0.971119529835523
67,2,0.30,0.9811410118517947
67,2,0.35,0.9781569234273164
67,2,0.40,0.9865845725315314
67,2,0.45,0.9816265508047608
67,2,0.50,0.9882930286926473
67,2,0.55,0.9849258391424492
67,2,0.60,0.987608118000831
67,2,0.65,0.9896061121146276
67,2,0.70,0.9867761415618783
67,2,0.75,0.9876874545410994
67,2,0.80,0.9897572363422033
67,2,0.85,0.9894849133460156
67,2,0.90,0.9878656619611007
67,2,0.95,0.9867576714994686
67,3,0.05,0.8923806159315525
67,3,0.10,0.9202147594169907
67,3,0.15,0.9566210075299487
67,3,0.20,0.9689830595292241
67,3,0.25,0.9800042575171768
67,3,0.30,0.9781070065378088
67,3,0.35,0.9801110102417163
67,3,0.40,0.9836532445578078
67,3,0.45,0.9879166469649102
67,3,0.50,0.9887821617049166
67,3,0.55,0.9882215321697929
67,3,0.60,0.9878382973972986
67,3,0.65,0.9890140742141086
67,3,0.70,0.9884391656255311
67,3,0.75,0.9895791681297618
67,3,0.80,0.9915966252604176
67,3,0.85,0.9891127476350667
67,3,0.90,0.9899026930718783
67,3,0.95,0.9908522515351957
67,4,0.05,0.801873602567522
67,4,0.10,0.9071527183439039
67,4,0.15,0.9459277291820279
67,4,0.20,0.9486103210440863
67,4,0.25,0.9822966070575901
67,4,0.30,0.9738609046189546
67,4,0.35,0.9850961685135332
67,4,0.40,0.9850057557561059
67,4,0.45,0.9831143345703464
67,4,0.50,0.9844623747281211
67,4,0.55,0.9862897951550739
67,4,0.60,0.9840435856343507
67,4,0.65,0.9871237500813819
67,4,0.70,0.987740887623104
67,4,0.75,0.9859715179223344
67,4,0.80,0.9888283659024164
67,4,0.85,0.989430826845859
67,4,0.90,0.9885994564299746
67,4,0.95,0.9884485746657319
67,5,0.05,0.9095867686641192
67,5,0.10,0.9556760477381852
67,5,0.15,0.9574862089159666
67,5,0.20,0.9657563797374427
67,5,0.25,0.9829878329002594
67,5,0.30,0.975860713282562
67,5,0.35,0.9864247522512319
67,5,0.40,0.9808509340211372
67,5,0.45,0.9855160138446533
67,5,0.50,0.9871635865480816
67,5,0.55,0.9852769977073498
67,5,0.60,0.9894771131856064
67,5,0.65,0.9891364205735512
67,5,0.70,0.9866429149137478
67,5,0.75,0.9860655332029237
67,5,0.80,0.9866666496241892
67,5,0.85,0.9875450828392929
67,5,0.90,0.9903785757691342
67,5,0.95,0.9859412273405149
67,6,0.05,0.8769119431321637
67,6,0.10,0.9301664156479706
67,6,0.15,0.9604731407473817
67,6,0.20,0.9563972007824517
67,6,0.25,0.9820568301064282
67,6,0.30,0.9783343717009096
67,6,0.35,0.9816137870612746
67,6,0.40,0.9856667991380158
67,6,0.45,0.9860007253041885
67,6,0.50,0.9851169260442207
67,6,0.55,0.987473199372544
67,6,0.60,0.9910735033913064
67,6,0.65,0.9891360334223033
67,6,0.70,0.9896546879154083
67,6,0.75,0.9881568216562021
67,6,0.80,0.9894700436370845
67,6,0.85,0.9872694976603046
67,6,0.90,0.9878957713571606
67,6,0.95,0.9875556372327352
67,7,0.05,0.7886194756314425
67,7,0.10,0.9340149204245547
67,7,0.15,0.9346206722154874
67,7,0.20,0.9590750618685269
67,7,0.25,0.9638455430309923
67,7,0.30,0.9792727522106913
67,7,0.35,0.9779952919846419
67,7,0.40,0.9837690957981807
67,7,0.45,0.9855510397375857
67,7,0.50,0.9861724866299469
67,7,0.55,0.988192874930891
67,7,0.60,0.9890089028235637
67,7,0.65,0.9884667387506583
67,7,0.70,0.9883944162096282
67,7,0.75,0.9883874771169229
67,7,0.80,0.9872077706050469
67,7,0.85,0.9883490591401938
67,7,0.90,0.9888587472996115
67,7,0.95,0.9849114087594302
67,8,0.05,0.7690664008355684
67,8,0.10,0.8834736051368635
67,8,0.15,0.9418134507755422
67,8,0.20,0.9751943385684423
67,8,0.25,0.9797690407990263
67,8,0.30,0.9764119656459138
67,8,0.35,0.9794268114544304
67,8,0.40,0.9865872079344261
67,8,0.45,0.9850745154722123
67,8,0.50,0.9857867367834094
67,8,0.55,0.9849555547167365
67,8,0.60,0.9889094184679534
67,8,0.65,0.9803506016890126
67,8,0.70,0.9867991358210138
67,8,0.75,0.987475203895304
67,8,0.80,0.9885840011356519
67,8,0.85,0.986803875224055
67,8,0.90,0.9867408786434911
67,8,0.95,0.986864100195262
67,9,0.05,0.8777332256771002
67,9,0.10,0.8675505230289485
67,9,0.15,0.9335760983259139
67,9,0.20,0.9589803727193085
67,9,0.25,0.9696620636814578
67,9,0.30,0.9805664572719569
67,9,0.35,0.9820469504406838
67,9,0.40,0.9718772285702718
67,9,0.45,0.9886365029310956
67,9,0.50,0.9869561429996112
67,9,0.55,0.9880357723828158
67,9,0.60,0.9908673686685956
67,9,0.65,0.9905853584263912
67,9,0.70,0.985109419185674
67,9,0.75,0.988453578985389
67,9,0.80,0.9897498643207328
67,9,0.85,0.9891959382776473
67,9,0.90,0.9889050061542467
67,9,0.95,0.9881958053774484
68,0,0.05,0.9162343260526038
68,0,0.10,0.89261427872838
68,0,0.15,0.9619667792208022
68,0,0.20,0.9609678837781983
68,0,0.25,0.9742296053660979
68,0,0.30,0.9775261609022333
68,0,0.35,0.9869686710093966
68,0,0.40,0.9839890410545808
68,0,0.45,0.9829288935092146
68,0,0.50,0.9850930448738612
68,0,0.55,0.9845122497578217
68,0,0.60,0.9884515876964798
68,0,0.65,0.9899073258350819
68,0,0.70,0.9835987558437298
68,0,0.75,0.9890300026307274
68,0,0.80,0.984326449866741
68,0,0.85,0.9866597456843093
68,0,0.90,0.988554056245643
68,0,0.95,0.9887075292568883
68,1,0.05,0.926273202121503
68,1,0.10,0.9635305470406802
68,1,0.15,0.966878775402307
68,1,0.20,0.9717049187942158
68,1,0.25,0.9714369440480483
68,1,0.30,0.9802087499406317
68,1,0.35,0.9819004516852334
68,1,0.40,0.9804163897419619
68,1,0.45,0.9874566196685833
68,1,0.50,0.9854629883261381
68,1,0.55,0.980943279760463
68,1,0.60,0.9859511555610528
68,1,0.65,0.9876378714965032
68,1,0.70,0.9892125536942307
68,1,0.75,0.9867073718662349
68,1,0.80,0.9868502214038383
68,1,0.85,0.9879434769438603
68,1,0.90,0.9890284334775712
68,1,0.95,0.9866689763234965
68,2,0.05,0.8371362773839082
68,2,0.10,0.9658129999931272
68,2,0.15,0.9773636723804456
68,2,0.20,0.9720943614272938
68,2,0.25,0.9518496719238536
68,2,0.30,0.9814405673259884
68,2,0.35,0.9868568630546015
68,2,0.40,0.9800022373093884
68,2,0.45,0.9753539295689476
68,2,0.50,0.9841802721064563
68,2,0.55,0.9852166005719086
68,2,0.60,0.9851017624806654
68,2,0.65,0.9870202329660581
68,2,0.70,0.9878095413717046
68,2,0.75,0.9864851604156827
68,2,0.80,0.9881913216900972
68,2,0.85,0.9901189054265069
68,2,0.90,0.9896241493510619
68,2,0.95,0.9894998844288213
68,3,0.05,0.9088958644031402
68,3,0.10,0.9722416872840247
68,3,0.15,0.9675489124127722
68,3,0.20,0.9750604290267133
68,3,0.25,0.9758659035137196
68,3,0.30,0.9852902753115825
68,3,0.35,0.9821925831358655
68,3,0.40,0.9834712265004735
68,3,0.45,0.9860585331004781
68,3,0.50,0.9874071055535375
68,3,0.55,0.9847565328603763
68,3,0.60,0.9865761266831394
68,3,0.65,0.9902982146450556
68,3,0.70,0.9884146558775595
68,3,0.75,0.9886011839078109
68,3,0.80,0.9856077436281906
68,3,0.85,0.9889338066205559
68,3,0.90,0.9868213687167187
68,3,0.95,0.9855060045171016
68,4,0.05,0.8826581873074956
68,4,0.10,0.9694940943204293
68,4,0.15,0.9759734456296868
68,4,0.20,0.9680540685475149
68,4,0.25,0.9819891925719034
68,4,0.30,0.9789635516021781
68,4,0.35,0.9821875797038679
68,4,0.40,0.9803253695573867
68,4,0.45,0.9853912512320495
68,4,0.50,0.9807733952391986
68,4,0.55,0.9851330443038208
68,4,0.60,0.9887569310134238
68,4,0.65,0.9879346941998621
68,4,0.70,0.9883419795959015
68,4,0.75,0.9880958671489316
68,4,0.80,0.9867999857793458
68,4,0.85,0.9897006423140834
68,4,0.90,0.9890793828010995
68,4,0.95,0.9870878306619376
68,5,0.05,0.6940317671529292
68,5,0.10,0.9612739349947004
68,5,0.15,0.9532549188403386
68,5,0.20,0.9686037171579261
68,5,0.25,0.9656811581656018
68,5,0.30,0.9760991622047723
68,5,0.35,0.9814775898269044
68,5,0.40,0.9767927795686623
68,5,0.45,0.989067267867756
68,5,0.50,0.9815369263291044
68,5,0.55,0.9855852354598594
68,5,0.60,0.9858886025293805
68,5,0.65,0.9873471462575346
68,5,0.70,0.989135254442032
68,5,0.75,0.9863785176564809
68,5,0.80,0.9881721222795656
68,5,0.85,0.9846873126838022
68,5,0.90,0.9891567310642159
68,5,0.95,0.9884775006477757
68,6,0.05,0.876739107020054
68,6,0.10,0.9353124773956947
68,6,0.15,0.9772977835437257
68,6,0.20,0.9695177444093263
68,6,0.25,0.9788291709926704
68,6,0.30,0.984129091547185
68,6,0.35,0.9798256763443257
68,6,0.40,0.9817678957373243
68,6,0.45,0.9842413418438944
68,6,0.50,0.9814434459599665
68,6,0.55,0.9858030488536809
68,6,0.60,0.9883317665846436
68,6,0.65,0.9847640539533882
68,6,0.70,0.9876090764409707
68,6,0.75,0.9887295291078567
68,6,0.80,0.9896312957473989
68,6,0.85,0.9890367438198647
68,6,0.90,0.9879625655684986
68,6,0.95,0.9864074610522626
68,7,0.05,0.9494109312653503
68,7,0.10,0.9466036548248482
68,7,0.15,0.9597631544302366
68,7,0.20,0.9773230036188744
68,7,0.25,0.9773922132718835
68,7,0.30,0.980546983533786
68,7,0.35,0.9852760173245823
68,7,0.40,0.9801327572464983
68,7,0.45,0.9851500804923673
68,7,0.50,0.9832841418787602
68,7,0.55,0.9806373015917554
68,7,0.60,0.9889066684938588
68,7,0.65,0.9885586120417219
68,7,0.70,0.9870105864107859
68,7,0.75,0.986729951866148
68,7,0.80,0.9874531921965178
68,7,0.85,0.986613980976487
68,7,0.90,0.9883245610814486
68,7,0.95,0.9899302088743006
68,8,0.05,0.8903494684912276
68,8,0.10,0.9605073475446395
68,8,0.15,0.9620399192386148
68,8,0.20,0.978297158802995
68,8,0.25,0.979709331549797
68,8,0.30,0.9815246469803017
68,8,0.35,0.9784990542720441
68,8,0.40,0.9873369733511539
68,8,0.45,0.9831918404269171
68,8,0.50,0.9830572102432663
68,8,0.55,0.9826129570463563
68,8,0.60,0.9893107041385146
68,8,0.65,0.9850818995278239
68,8,0.70,0.9885291501164543
68,8,0.75,0.9891684767504082
68,8,0.80,0.9868973858819067
68,8,0.85,0.9884081482972947
68,8,0.90,0.9890216645542024
68,8,0.95,0.9859694908471965
68,9,0.05,0.8096804699283339
68,9,0.10,0.957902649738934
68,9,0.15,0.9559426687942245
68,9,0.20,0.9752784058006795
68,9,0.25,0.9852624177516615
68,9,0.30,0.9804949574701931
68,9,0.35,0.9855271335715619
68,9,0.40,0.9830303926827558
68,9,0.45,0.9819611581181491
68,9,0.50,0.9867328168075759
68,9,0.55,0.9836248811666759
68,9,0.60,0.9891853947311221
68,9,0.65,0.98698938475594
68,9,0.70,0.9895523352787209
68,9,0.75,0.9871766206426161
68,9,0.80,0.9864318829339973
68,9,0.85,0.9840999523648444
68,9,0.90,0.9856363965748175
68,9,0.95,0.9882253077648345
69,0,0.05,0.6534689840629256
69,0,0.10,0.960532940917004
69,0,0.15,0.9524222561276022
69,0,0.20,0.9792462841681013
69,0,0.25,0.9728653880714434
69,0,0.30,0.9828685459915357
69,0,0.35,0.9873725543101813
69,0,0.40,0.9804366146901535
69,0,0.45,0.9862821185875967
69,0,0.50,0.9886904365428875
69,0,0.55,0.9894138753903737
69,0,0.60,0.9855477044170893
69,0,0.65,0.9872483385977556
69,0,0.70,0.9860279163119174
69,0,0.75,0.9889958165584202
69,0,0.80,0.9898483979453304
69,0,0.85,0.9881395959066651
69,0,0.90,0.9875929104584427
69,0,0.95,0.9876845276977084
69,1,0.05,0.8721795932079455
69,1,0.10,0.923531370495506
69,1,0.15,0.9442301591293654
69,1,0.20,0.975498705763515
69,1,0.25,0.9669317057451716
69,1,0.30,0.9747831555030655
69,1,0.35,0.9727661648693366
69,1,0.40,0.9841200691225983
69,1,0.45,0.9874432369957991
69,1,0.50,0.9809687908137705
69,1,0.55,0.9854717358085996
69,1,0.60,0.9834562604534399
69,1,0.65,0.9844864409006409
69,1,0.70,0.9904198825653516
69,1,0.75,0.988814414185287
69,1,0.80,0.9904027010558061
69,1,0.85,0.9905394588243239
69,1,0.90,0.9871501441257612
69,1,0.95,0.9908333376768704
69,2,0.05,0.7815800360498921
69,2,0.10,0.9417525593016424
69,2,0.15,0.9669441667673738
69,2,0.20,0.9570790544048309
69,2,0.25,0.9600885082760273
69,2,0.30,0.9789382490357801
69,2,0.35,0.9800008855260245
69,2,0.40,0.9855536725937568
69,2,0.45,0.9851868376485913
69,2,0.50,0.989362255341754
69,2,0.55,0.9877508007905648
69,2,0.60,0.9844975184316057
69,2,0.65,0.9871867061644825
69,2,0.70,0.9863671670582713
69,2,0.75,0.9876593630024341
69,2,0.80,0.9895294814300349
69,2,0.85,0.9875164230352924
69,2,0.90,0.9864728712568216
69,2,0.95,0.9859091449060978
69,3,0.05,0.8539575617171292
69,3,0.10,0.968638518477048
69,3,0.15,0.935943660919553
69,3,0.20,0.9731945718743693
69,3,0.25,0.9659637382965299
69,3,0.30,0.9808151880180942
69,3,0.35,0.9779830451635468
69,3,0.40,0.9824271977298737
69,3,0.45,0.9877899550456327
69,3,0.50,0.9887610177167795
69,3,0.55,0.9888854874920812
69,3,0.60,0.9828840642850056
69,3,0.65,0.9882732841085524
69,3,0.70,0.9897014887435549
69,3,0.75,0.9883895183911797
69,3,0.80,0.9882174575635716
69,3,0.85,0.9897196000689752
69,3,0.90,0.9890612963745146
69,3,0.95,0.9844045317235939
69,4,0.05,0.8396408980092632
69,4,0.10,0.9347160589350705
69,4,0.15,0.9607102797539511
69,4,0.20,0.9758961428566358
69,4,0.25,0.9795208721118153
69,4,0.30,0.963748848271856
69,4,0.35,0.9794291975615015
69,4,0.40,0.9831930434910582
69,4,0.45,0.9871725073224183
69,4,0.50,0.9849749823036303
69,4,0.55,0.9865431137185365
69,4,0.60,0.9828742002601132
69,4,0.65,0.9889951080454079
69,4,0.70,0.9866389249116821
69,4,0.75,0.9877379060555099
69,4,0.80,0.9899897466741655
69,4,0.85,0.9861293666867593
69,4,0.90,0.9909639737839602
69,4,0.95,0.9837424039978887
69,5,0.05,0.8693461496812145
69,5,0.10,0.9509191337012411
69,5,0.15,0.9586060291997057
69,5,0.20,0.9699406560723881
69,5,0.25,0.9783695752751742
69,5,0.30,0.9710137328812025
69,5,0.35,0.9785981843501262
69,5,0.40,0.9822747135452128
69,5,0.45,0.9843386698695603
69,5,0.50,0.98653382548892
69,5,0.55,0.9861947469851164
69,5,0.60,0.9868086771448552
69,5,0.65,0.9865596214744977
69,5,0.70,0.9891540211465601
69,5,0.75,0.9854773458386697
69,5,0.80,0.9879324690048242
69,5,0.85,0.9892995447705994
69,5,0.90,0.9883659661655754
69,5,0.95,0.9872527932522118
69,6,0.05,0.9220976011022644
69,6,0.10,0.8967560400354523
69,6,0.15,0.9538664681919761
69,6,0.20,0.9657254700408341
69,6,0.25,0.9711472971788098
69,6,0.30,0.9771719961647808
69,6,0.35,0.9808248071160898
69,6,0.40,0.9820909709748105
69,6,0.45,0.9832628209117533
69,6,0.50,0.9868035819300807
69,6,0.55,0.990143474696891
69,6,0.60,0.9882005731363374
69,6,0.65,0.9868905096935635
69,6,0.70,0.9875477553365091
69,6,0.75,0.9871506913655832
69,6,0.80,0.9884128979907125
69,6,0.85,0.9905837624297384
69,6,0.90,0.9858526036268859
69,6,0.95,0.9908414418901476
69,7,0.05,0.8466176537847607
69,7,0.10,0.9741434163161854
69,7,0.15,0.965462963209741
69,7,0.20,0.9786528408684156
69,7,0.25,0.9590924439006648
69,7,0.30,0.9707447784119099
69,7,0.35,0.9833983862288936
69,7,0.40,0.981599591568826
69,7,0.45,0.9856326024335016
69,7,0.50,0.9824182921774276
69,7,0.55,0.9866709577744543
69,7,0.60,0.9883537890673947
69,7,0.65,0.9855987153327154
69,7,0.70,0.9910427555076247
69,7,0.75,0.9868882259489542
69,7,0.80,0.9845612012899243
69,7,0.85,0.9886657473066568
69,7,0.90,0.9864422205311095
69,7,0.95,0.9893740532735171
69,8,0.05,0.810785127865274
69,8,0.10,0.9419284071232407
69,8,0.15,0.9632446988276406
69,8,0.20,0.9731018507145701
69,8,0.25,0.977814615272886
69,8,0.30,0.9792215496236115
69,8,0.35,0.9815613602900983
69,8,0.40,0.9835383582898043
69,8,0.45,0.984135213431091
69,8,0.50,0.9893941792124253
69,8,0.55,0.9883777084790152
69,8,0.60,0.987802236607863
69,8,0.65,0.9820401233809208
69,8,0.70,0.9879354001656765
69,8,0.75,0.9888309926684955
69,8,0.80,0.9845181196778929
69,8,0.85,0.9854871231194315
69,8,0.90,0.9893779442425366
69,8,0.95,0.9888234496533418
69,9,0.05,0.8712845086637827
69,9,0.10,0.9294014199067107
69,9,0.15,0.9544591848812002
69,9,0.20,0.968429435700782
69,9,0.25,0.9782291376370404
69,9,0.30,0.9783172462903901
69,9,0.35,0.978717639501201
69,9,0.40,0.9843173382782527
69,9,0.45,0.9858722088412613
69,9,0.50,0.9874205298064307
69,9,0.55,0.9877116705100778
69,9,0.60,0.9879960715167965
69,9,0.65,0.9840458678322886
69,9,0.70,0.989987940161097
69,9,0.75,0.9884846200543884
69,9,0.80,0.985635613067249
69,9,0.85,0.9885380650686998
69,9,0.90,0.9854648681784894
69,9,0.95,0.9874126569755837
70,0,0.05,0.7943480880410846
70,0,0.10,0.921214326382584
70,0,0.15,0.9494860648044827
70,0,0.20,0.9791194408722512
70,0,0.25,0.9595342749915917
70,0,0.30,0.9778997697636836
70,0,0.35,0.9782871707674519
70,0,0.40,0.9870561301443607
70,0,0.45,0.9816404370306199
70,0,0.50,0.9849367250306905
70,0,0.55,0.9836865108179556
70,0,0.60,0.9897970638607402
70,0,0.65,0.988945370114641
70,0,0.70,0.9859636949885389
70,0,0.75,0.9897723530946508
70,0,0.80,0.9866662959402422
70,0,0.85,0.9894053185367214
70,0,0.90,0.9870804053130975
70,0,0.95,0.9896659675801092
70,1,0.05,0.8280952367388632
70,1,0.10,0.9155947428064561
70,1,0.15,0.9492574022346056
70,1,0.20,0.9797377550896573
70,1,0.25,0.9769507944305266
70,1,0.30,0.9811523890715048
70,1,0.35,0.9834548253749558
70,1,0.40,0.978695080131155
70,1,0.45,0.9767207905042671
70,1,0.50,0.987207290602375
70,1,0.55,0.9850340650010553
70,1,0.60,0.9861112247122769
70,1,0.65,0.9889444724983855
70,1,0.70,0.9866061096736615
70,1,0.75,0.9872227336711089
70,1,0.80,0.9880497401609216
70,1,0.85,0.9884785096527583
70,1,0.90,0.9900803972224356
70,1,0.95,0.986591227717254
70,2,0.05,0.9054281861031741
70,2,0.10,0.8704521940447664
70,2,0.15,0.9608270857652965
70,2,0.20,0.9676463299321365
70,2,0.25,0.983693545484289
70,2,0.30,0.9736355883157435
70,2,0.35,0.9788280393033992
70,2,0.40,0.9793185505466943
70,2,0.45,0.984110162325831
70,2,0.50,0.988800924529167
70,2,0.55,0.9882934940870277
70,2,0.60,0.9873628467157822
70,2,0.65,0.9890408213274267
70,2,0.70,0.9906814347125247
70,2,0.75,0.9886387180928877
70,2,0.80,0.9837847453559714
70,2,0.85,0.9891236008743484
70,2,0.90,0.9897371030822296
70,2,0.95,0.9890358819159498
70,3,0.05,0.8926707965597769
70,3,0.10,0.9087064661869663
70,3,0.15,0.9547172982265387
70,3,0.20,0.9765345718854817
70,3,0.25,0.9752964930099715
70,3,0.30,0.9832461637558877
70,3,0.35,0.984638785840479
70,3,0.40,0.9791884544520881
70,3,0.45,0.9881339554789922
70,3,0.50,0.9882270470103739
70,3,0.55,0.9849570889921483
70,3,0.60,0.9891622935964831
70,3,0.65,0.9885015797097142
70,3,0.70,0.9883254612150671
70,3,0.75,0.9882516976763545
70,3,0.80,0.9854331538164539
70,3,0.85,0.9874700226305183
70,3,0.90,0.9886476851297982
70,3,0.95,0.9899217672926898
70,4,0.05,0.8820037173899007
70,4,0.10,0.9635329607177492
70,4,0.15,0.940314394676242
70,4,0.20,0.9762070899644602
70,4,0.25,0.9634200514129436
70,4,0.30,0.9749332659648582
70,4,0.35,0.9815629976042101
70,4,0.40,0.9895151334402198
70,4,0.45,0.9827848202596614
70,4,0.50,0.9842394879773714
70,4,0.55,0.9854406412039179
70,4,0.60,0.9804658226589766
70,4,0.65,0.9848141141605491
70,4,0.70,0.9897988219712873
70,4,0.75,0.9900085280958778
70,4,0.80,0.9889464449039013
70,4,0.85,0.9862419111395127
70,4,0.90,0.985508274966689
70,4,0.95,0.9908710369783038
70,5,0.05,0.9385040445541418
70,5,0.10,0.9188723697424741
70,5,0.15,0.9488169508502191
70,5,0.20,0.9813158397276786
70,5,0.25,0.9714509541779498
70,5,0.30,0.9780771841723045
70,5,0.35,0.9751021398057313
70,5,0.40,0.983932631795758
70,5,0.45,0.9793270898541337
70,5,0.50,0.9818139640338387
70,5,0.55,0.9842856720218028
70,5,0.60,0.9895082455963276
70,5,0.65,0.9915721382658688
70,5,0.70,0.9894241577799058
70,5,0.75,0.98800658415295
70,5,0.80,0.987784324322811
70,5,0.85,0.9880102488046852
70,5,0.90,0.9875530932968449
70,5,0.95,0.9862457663137806
70,6,0.05,0.8692054287956874
70,6,0.10,0.9542235731533282
70,6,0.15,0.9495219983496718
70,6,0.20,0.9579071614774348
70,6,0.25,0.9740762193360861
70,6,0.30,0.9763228252202752
70,6,0.35,0.9749297108883116
70,6,0.40,0.9810930111910294
70,6,0.45,0.9849400556133014
70,6,0.50,0.9863759147755826
70,6,0.55,0.9866786657539041
70,6,0.60,0.9859034514166595
70,6,0.65,0.9894152377468265
70,6,0.70,0.9898958619456326
70,6,0.75,0.9871294518286335
70,6,0.80,0.9882531579953703
70,6,0.85,0.987120336472473
70,6,0.90,0.987890321862196
70,6,0.95,0.9891852703444057
70,7,0.05,0.7872277942722556
70,7,0.10,0.9476191292828015
70,7,0.15,0.947668620214206
70,7,0.20,0.9541595705922183
70,7,0.25,0.9691040519487465
70,7,0.30,0.9767802700828435
70,7,0.35,0.9801187875503047
70,7,0.40,0.9852577491234283
70,7,0.45,0.9867959986235388
70,7,0.50,0.9898350107840864
70,7,0.55,0.9822296927503349
70,7,0.60,0.9850845268789287
70,7,0.65,0.9876704321817155
70,7,0.70,0.9867209814175297
70,7,0.75,0.9858704523111849
70,7,0.80,0.987454844336999
70,7,0.85,0.987475041904242
70,7,0.90,0.9892894137006838
70,7,0.95,0.98572173436519
70,8,0.05,0.856146855615082
70,8,0.10,0.9294856231225306
70,8,0.15,0.9538387344447156
70,8,0.20,0.9717377489234286
70,8,0.25,0.9719987136100957
70,8,0.30,0.9807175005325175
70,8,0.35,0.9784520606299609
70,8,0.40,0.9776694740233375
70,8,0.45,0.9847546951549132
70,8,0.50,0.9853523080367501
70,8,0.55,0.9863557078601539
70,8,0.60,0.9862924406520037
70,8,0.65,0.9891756213545483
70,8,0.70,0.9892306886801693
70,8,0.75,0.99024080403008
70,8,0.80,0.9880111423171977
70,8,0.85,0.9891774649919597
70,8,0.90,0.9906619101168387
70,8,0.95,0.9884767856434652
70,9,0.05,0.795323141359842
70,9,0.10,0.9071724888997621
70,9,0.15,0.9400522463220616
70,9,0.20,0.9268255496909135
70,9,0.25,0.9775002616924856
70,9,0.30,0.9776531181060473
70,9,0.35,0.9829494771009075
70,9,0.40,0.9820944589819647
70,9,0.45,0.9878027379696458
70,9,0.50,0.9859489135533311
70,9,0.55,0.9912489022154318
70,9,0.60,0.9896711795114402
70,9,0.65,0.9879863171404152
70,9,0.70,0.9857100699031288
70,9,0.75,0.9885742558613848
70,9,0.80,0.988038346738812
70,9,0.85,0.9882121628216018
70,9,0.90,0.9861020438835469
70,9,0.95,0.9852762367321785
71,0,0.05,0.8812641966439301
71,0,0.10,0.9135330081117616
71,0,0.15,0.9488305304199939
71,0,0.20,0.9596214830889861
71,0,0.25,0.9723050888865046
71,0,0.30,0.9700993761266986
71,0,0.35,0.9653317712099977
71,0,0.40,0.985220092528766
71,0,0.45,0.9844367462115261
71,0,0.50,0.9856420066484199
71,0,0.55,0.9861322448163149
71,0,0.60,0.9840406222946647
71,0,0.65,0.9849117464394652
71,0,0.70,0.985012627042923
71,0,0.75,0.991438731181271
71,0,0.80,0.9882114689852581
71,0,0.85,0.9872432188298162
71,0,0.90,0.9911424611514846
71,0,0.95,0.9903597245515618
71,1,0.05,0.8602497706889098
71,1,0.10,0.9108134199145446
71,1,0.15,0.941603537306636
71,1,0.20,0.9579685219279406
71,1,0.25,0.9758751377738449
71,1,0.30,0.9769805937313211
71,1,0.35,0.9846470068827108
71,1,0.40,0.9872993762977377
71,1,0.45,0.982038671055335
71,1,0.50,0.9845762846810813
71,1,0.55,0.986438174680886
71,1,0.60,0.9863407216709372
71,1,0.65,0.9863001194042574
71,1,0.70,0.9858940292995502
71,1,0.75,0.9888934313884177
71,1,0.80,0.9899136268822215
71,1,0.85,0.9883378763423879
71,1,0.90,0.9882708264000114
71,1,0.95,0.9895665330098817
71,2,0.05,0.8651214799464615
71,2,0.10,0.9175208091417977
71,2,0.15,0.9452786641403472
71,2,0.20,0.97450081067562
71,2,0.25,0.9741546879330745
71,2,0.30,0.9785370191200785
71,2,0.35,0.963498954428786
71,2,0.40,0.9856919593577936
71,2,0.45,0.9865768070621964
71,2,0.50,0.9842764393857804
71,2,0.55,0.9862740197884405
71,2,0.60,0.989137704903815
71,2,0.65,0.9886164122513442
71,2,0.70,0.9895590466504464
71,2,0.75,0.9881659519073973
71,2,0.80,0.9875537470701603
71,2,0.85,0.9882179263253542
71,2,0.90,0.9892375811132712
71,2,0.95,0.9880630384763389
71,3,0.05,0.875059132441964
71,3,0.10,0.8996751071018079
71,3,0.15,0.9619944578407421
71,3,0.20,0.9602050317167738
71,3,0.25,0.9274271284705429
71,3,0.30,0.9824075653254157
71,3,0.35,0.979717338096867
71,3,0.40,0.9812971709700776
71,3,0.45,0.9874028295271234
71,3,0.50,0.9804018585107757
71,3,0.55,0.979968966355741
71,3,0.60,0.9867823766676808
71,3,0.65,0.9903217508608129
71,3,0.70,0.9869818106726326
71,3,0.75,0.9884009284561394
71,3,0.80,0.9883772412936052
71,3,0.85,0.9871683186891117
71,3,0.90,0.9885445805391796
71,3,0.95,0.9884759748855748
71,4,0.05,0.8950580165187211
71,4,0.10,0.9304608252000943
71,4,0.15,0.9492525797495959
71,4,0.20,0.9632607325053728
71,4,0.25,0.9682294600231836
71,4,0.30,0.9740177547377088
71,4,0.35,0.9783966400902834
71,4,0.40,0.9866490021332411
71,4,0.45,0.9851678828184924
71,4,0.50,0.9849980334724666
71,4,0.55,0.9898213803574513
71,4,0.60,0.9896354555880199
71,4,0.65,0.9875564136838976
71,4,0.70,0.9891986628530486
71,4,0.75,0.9892266864921441
71,4,0.80,0.9878112794368291
71,4,0.85,0.9881759587322368
71,4,0.90,0.9875197424605117
71,4,0.95,0.9900504481405792
71,5,0.05,0.9143746167864557
71,5,0.10,0.9514951367994782
71,5,0.15,0.9452988739244104
71,5,0.20,0.9588981942464352
71,5,0.25,0.9694133316771709
71,5,0.30,0.9832154398055281
71,5,0.35,0.9839931248817082
71,5,0.40,0.9861928529229929
71,5,0.45,0.9858557579569188
71,5,0.50,0.9817318544325352
71,5,0.55,0.9838387170151865
71,5,0.60,0.9861577113445198
71,5,0.65,0.9878685013778193
71,5,0.70,0.988990005123718
71,5,0.75,0.9873378379913087
71,5,0.80,0.9871526325392315
71,5,0.85,0.9867148380166805
71,5,0.90,0.9881732606696303
71,5,0.95,0.9857353872726569
71,6,0.05,0.9302036818659557
71,6,0.10,0.9516877907280767
71,6,0.15,0.968403514417481
71,6,0.20,0.9591429056492161
71,6,0.25,0.9751779007988716
71,6,0.30,0.9742778633588669
71,6,0.35,0.9654304360792499
71,6,0.40,0.9822339911686266
71,6,0.45,0.9832701525399385
71,6,0.50,0.986709931189757
71,6,0.55,0.9848788069748271
71,6,0.60,0.9872248742452314
71,6,0.65,0.9898283570748999
71,6,0.70,0.9883083824518735
71,6,0.75,0.9865304683297829
71,6,0.80,0.9882209035959484
71,6,0.85,0.9899814903486808
71,6,0.90,0.9873406131280797
71,6,0.95,0.9844655713655416
71,7,0.05,0.8601265199938259
71,7,0.10,0.8077950646842218
71,7,0.15,0.9693211612885282
71,7,0.20,0.9713542074933526
71,7,0.25,0.9534192552346693
71,7,0.30,0.9733441406134976
71,7,0.35,0.9733295789506013
71,7,0.40,0.9794978435377882
71,7,0.45,0.9850088930795394
71,7,0.50,0.9876279775239436
71,7,0.55,0.9817529476186017
71,7,0.60,0.9865217760638199
71,7,0.65,0.9887834522966621
71,7,0.70,0.9890430738092728
71,7,0.75,0.9871502521252903
71,7,0.80,0.9922188184419579
71,7,0.85,0.9864376509973436
71,7,0.90,0.9860892928840339
71,7,0.95,0.9857959264692989
71,8,0.05,0.903369873088595
71,8,0.10,0.9278666859690117
71,8,0.15,0.972300915322082
71,8,0.20,0.9694400282901838
71,8,0.25,0.9739546814701673
71,8,0.30,0.9844282468253261
71,8,0.35,0.9779542905531285
71,8,0.40,0.9804026132513493
71,8,0.45,0.9844638291647458
71,8,0.50,0.9875715484411518
71,8,0.55,0.9857201469938434
71,8,0.60,0.9852421626742253
71,8,0.65,0.9872057393117872
71,8,0.70,0.9885892136963174
71,8,0.75,0.986744678559385
71,8,0.80,0.9896562363384139
71,8,0.85,0.9878825996062672
71,8,0.90,0.9858678593228904
71,8,0.95,0.9898114637036944
71,9,0.05,0.7699037092386868
71,9,0.10,0.9469609291208189
71,9,0.15,0.956261305304123
71,9,0.20,0.9597420201173821
71,9,0.25,0.9633176251975567
71,9,0.30,0.9680459778380439
71,9,0.35,0.9813670674675272
71,9,0.40,0.9806135760831867
71,9,0.45,0.9862776055210809
71,9,0.50,0.98472712987452
71,9,0.55,0.9841467156004037
71,9,0.60,0.9857336724769192
71,9,0.65,0.9882934095359264
71,9,0.70,0.9866649184501299
71,9,0.75,0.986870231701612
71,9,0.80,0.9845728103794076
71,9,0.85,0.9893383643400858
71,9,0.90,0.9860963717444047
71,9,0.95,0.986262739584657
72,0,0.05,0.853368181305105
72,0,0.10,0.9738478480960839
72,0,0.15,0.943091289259984
72,0,0.20,0.9657373014062036
72,0,0.25,0.9714046978443692
72,0,0.30,0.9828522689640992
72,0,0.35,0.9842777228759396
72,0,0.40,0.9826897345090141
72,0,0.45,0.9848041342545546
72,0,0.50,0.9843323393288689
72,0,0.55,0.9870602409107627
72,0,0.60,0.9871586230167703
72,0,0.65,0.9876595673809065
72,0,0.70,0.9855642886137499
72,0,0.75,0.9889068594159646
72,0,0.80,0.9898175698268828
72,0,0.85,0.985584831021148
72,0,0.90,0.9910800839896275
72,0,0.95,0.9860995981434948
72,1,0.05,0.9011731165713937
72,1,0.10,0.9493466979161379
72,1,0.15,0.9622992269776001
72,1,0.20,0.9686575142692021
72,1,0.25,0.9679500420470636
72,1,0.30,0.9772514267205421
72,1,0.35,0.9853653593230861
72,1,0.40,0.9772745145760305
72,1,0.45,0.9849193197923276
72,1,0.50,0.9849835889204526
72,1,0.55,0.9878698131718222
72,1,0.60,0.9877153528546239
72,1,0.65,0.9870607931961379
72,1,0.70,0.988722075573493
72,1,0.75,0.9893982034720458
72,1,0.80,0.9875421517854759
72,1,0.85,0.9871561306236368
72,1,0.90,0.9899644295541283
72,1,0.95,0.9876775595253365
72,2,0.05,0.7795446975594416
72,2,0.10,0.893458807768917
72,2,0.15,0.970266719020858
72,2,0.20,0.9769759055094663
72,2,0.25,0.9745807451793624
72,2,0.30,0.982391088378258
72,2,0.35,0.9702946703242132
72,2,0.40,0.9826050622471074
72,2,0.45,0.9837632475159621
72,2,0.50,0.9851308618007544
72,2,0.55,0.9853029742936772
72,2,0.60,0.9868870995522228
72,2,0.65,0.9871016270612665
72,2,0.70,0.9861610721817908
72,2,0.75,0.9900357856818534
72,2,0.80,0.9886409706174746
72,2,0.85,0.9892397854397775
72,2,0.90,0.9840007005755536
72,2,0.95,0.9906701612485108
72,3,0.05,0.8798143246809432
72,3,0.10,0.8935357921712562
72,3,0.15,0.9538212079729469
72,3,0.20,0.9801592824073395
72,3,0.25,0.9541234200453795
72,3,0.30,0.9836719659067644
72,3,0.35,0.9869275767228476
72,3,0.40,0.9852197274233889
72,3,0.45,0.983658455244649
72,3,0.50,0.9847525295203653
72,3,0.55,0.9890805567100808
72,3,0.60,0.9828666298001412
72,3,0.65,0.988807167471568
72,3,0.70,0.9863500954474754
72,3,0.75,0.9853419795265084
72,3,0.80,0.9821292796168051
72,3,0.85,0.9889276154916818
72,3,0.90,0.9914286920505863
72,3,0.95,0.9902086204094275
72,4,0.05,0.8705773840583826
72,4,0.10,0.8816891112761703
72,4,0.15,0.9600043844897073
72,4,0.20,0.965909066902071
72,4,0.25,0.9791082454196283
72,4,0.30,0.979153210800342
72,4,0.35,0.9756209935257288
72,4,0.40,0.9845529917844698
72,4,0.45,0.983568560168625
72,4,0.50,0.9812702902155225
72,4,0.55,0.9867972210627757
72,4,0.60,0.9877005092462727
72,4,0.65,0.9866467792991919
72,4,0.70,0.9897523901835003
72,4,0.75,0.9894375605776653
72,4,0.80,0.9913753052527553
72,4,0.85,0.9860321035031325
72,4,0.90,0.9890396137959596
72,4,0.95,0.9875517809891718
72,5,0.05,0.8077814973180358
72,5,0.10,0.9429143203984199
72,5,0.15,0.9518120527622986
72,5,0.20,0.9708617399736714
72,5,0.25,0.9784288119639102
72,5,0.30,0.9766675295439938
72,5,0.35,0.9847546744872154
72,5,0.40,0.9852953004432685
72,5,0.45,0.9834585992676786
72,5,0.50,0.9860451708978205
72,5,0.55,0.9880292170231726
72,5,0.60,0.987536764110716
72,5,0.65,0.9862018381353014
72,5,0.70,0.9890547083423872
72,5,0.75,0.988716928246578
72,5,0.80,0.9874358206680157
72,5,0.85,0.9857433632767695
72,5,0.90,0.9868459653775292
72,5,0.95,0.9834663314519199
72,6,0.05,0.8806022319632749
72,6,0.10,0.9178461728944649
72,6,0.15,0.9428503002942603
72,6,0.20,0.9685516642033838
72,6,0.25,0.9775705956694751
72,6,0.30,0.9696305128792494
72,6,0.35,0.9779047152771592
72,6,0.40,0.9856526862222024
72,6,0.45,0.9810721601715985
72,6,0.50,0.9788746453950966
72,6,0.55,0.9834964046922388
72,6,0.60,0.986237270961254
72,6,0.65,0.9895720075003208
72,6,0.70,0.9889730521245459
72,6,0.75,0.9903668399498751
72,6,0.80,0.9846816509328264
72,6,0.85,0.9864168895748101
72,6,0.90,0.9889105199130691
72,6,0.95,0.9913133293922446
72,7,0.05,0.8229195221520369
72,7,0.10,0.9552740559575281
72,7,0.15,0.9645253408532691
72,7,0.20,0.9831920584362556
72,7,0.25,0.9832735388703502
72,7,0.30,0.9711344412680843
72,7,0.35,0.9876501838335544
72,7,0.40,0.9837453527641132
72,7,0.45,0.9842124595679542
72,7,0.50,0.9875455001617499
72,7,0.55,0.9882750345118552
72,7,0.60,0.98873400122553
72,7,0.65,0.9910910139571353
72,7,0.70,0.9852752499885398
72,7,0.75,0.9871384494369078
72,7,0.80,0.9883180332944472
72,7,0.85,0.9883849318846918
72,7,0.90,0.9893750295526467
72,7,0.95,0.9853596504169188
72,8,0.05,0.7793928069667811
72,8,0.10,0.9301245915767798
72,8,0.15,0.9189432879099931
72,8,0.20,0.9577652623502437
72,8,0.25,0.9751584016449362
72,8,0.30,0.9772010759691682
72,8,0.35,0.9852492666735497
72,8,0.40,0.9853032520750606
72,8,0.45,0.984352681149677
72,8,0.50,0.9851260735615768
72,8,0.55,0.9881762640216164
72,8,0.60,0.988335155587339
72,8,0.65,0.9871990057210167
72,8,0.70,0.9863214968422896
72,8,0.75,0.9850342423711255
72,8,0.80,0.986425985451001
72,8,0.85,0.9849241610385979
72,8,0.90,0.9869096061187299
72,8,0.95,0.9883586154875739
72,9,0.05,0.8608797318930796
72,9,0.10,0.9442863589068464
72,9,0.15,0.9595547561435314
72,9,0.20,0.9513683186833872
72,9,0.25,0.9681829414007521
72,9,0.30,0.9825529074164071
72,9,0.35,0.9815500553799946
72,9,0.40,0.9791297580412397
72,9,0.45,0.9856250788055763
72,9,0.50,0.9874629177501978
72,9,0.55,0.9850587790023315
72,9,0.60,0.9871577590063033
72,9,0.65,0.9876023810587417
72,9,0.70,0.9872275505374563
72,9,0.75,0.9870886119316662
72,9,0.80,0.9879318045139718
72,9,0.85,0.9894387483621396
72,9,0.90,0.9881246089578867
72,9,0.95,0.9883256725222548
73,0,0.05,0.8909541479291653
73,0,0.10,0.9095906956083577
73,0,0.15,0.9698705934586472
73,0,0.20,0.9783940898462897
73,0,0.25,0.9785114887386231
73,0,0.30,0.9715693050374492
73,0,0.35,0.9774554417137082
73,0,0.40,0.9817738459258741
73,0,0.45,0.9849336682591947
73,0,0.50,0.9874112354276949
73,0,0.55,0.9906778944187508
73,0,0.60,0.987262624753092
73,0,0.65,0.9871669947693085
73,0,0.70,0.9884129339815413
73,0,0.75,0.987372790248944
73,0,0.80,0.9901030033340067
73,0,0.85,0.9887314087059534
73,0,0.90,0.9885876333214555
73,0,0.95,0.9874871167218595
73,1,0.05,0.9016971085023082
73,1,0.10,0.9403531492834777
73,1,0.15,0.8837763831508743
73,1,0.20,0.9589527806303579
73,1,0.25,0.9715619000868281
73,1,0.30,0.9819894952821714
73,1,0.35,0.9845056939778685
73,1,0.40,0.986212768251631
73,1,0.45,0.9842239922534575
73,1,0.50,0.9873122044105469
73,1,0.55,0.9871991715717408
73,1,0.60,0.987724038846126
73,1,0.65,0.9881121507367432
73,1,0.70,0.988998741334919
73,1,0.75,0.9872868453742625
73,1,0.80,0.9880254297148183
73,1,0.85,0.9882223114107165
73,1,0.90,0.9852812590102985
73,1,0.95,0.988928835423209
73,2,0.05,0.8311412830083222
73,2,0.10,0.9464634641123798
73,2,0.15,0.966363237570067
73,2,0.20,0.973619698805211
73,2,0.25,0.9866283089160705
73,2,0.30,0.9855607559648759
73,2,0.35,0.9821305051469388
73,2,0.40,0.9869608711402874
73,2,0.45,0.9820077148718745
73,2,0.50,0.9881785972090837
73,2,0.55,0.9869109347808738
73,2,0.60,0.9864616274607074
73,2,0.65,0.9898306562410752
73,2,0.70,0.9898670637463473
73,2,0.75,0.9894831983166894
73,2,0.80,0.9869028360729565
73,2,0.85,0.9843231631987477
73,2,0.90,0.9849146505713997
73,2,0.95,0.987423968023802
73,3,0.05,0.8225979920983244
73,3,0.10,0.9330757268674023
73,3,0.15,0.9469500648792955
73,3,0.20,0.9788415681654961
73,3,0.25,0.9750268067230199
73,3,0.30,0.9833152936824537
73,3,0.35,0.9822879334695261
73,3,0.40,0.9835475389240798
73,3,0.45,0.9860363409580821
73,3,0.50,0.984944246848636
73,3,0.55,0.990319589572486
73,3,0.60,0.9884493568257333
73,3,0.65,0.9856351003535543
73,3,0.70,0.9860005752529877
73,3,0.75,0.9882734945935737
73,3,0.80,0.9877610317688187
73,3,0.85,0.9885924571562746
73,3,0.90,0.9877154787409983
73,3,0.95,0.9893182894220255
73,4,0.05,0.8806563872945062
73,4,0.10,0.939769582829619
73,4,0.15,0.9643722855944704
73,4,0.20,0.9600466175593775
73,4,0.25,0.9859150254245967
73,4,0.30,0.9759726187587348
73,4,0.35,0.9787253952853276
73,4,0.40,0.9860650467647305
73,4,0.45,0.9827281381318663
73,4,0.50,0.9869314365976787
73,4,0.55,0.9862003400465926
73,4,0.60,0.9884765252787291
73,4,0.65,0.9876153196132736
73,4,0.70,0.9883933059262898
73,4,0.75,0.9884404830408798
73,4,0.80,0.9872744481373499
73,4,0.85,0.98747767130053
73,4,0.90,0.9872455456351089
73,4,0.95,0.9862879356357671
73,5,0.05,0.7752109535753873
73,5,0.10,0.9501758726328607
73,5,0.15,0.9603706278122822
73,5,0.20,0.9683485408054375
73,5,0.25,0.9673310676075147
73,5,0.30,0.976667563035059
73,5,0.35,0.9876227016094383
73,5,0.40,0.9857089887073214
73,5,0.45,0.980583571813391
73,5,0.50,0.9868589236714856
73,5,0.55,0.9813028681658561
73,5,0.60,0.9887433521087958
73,5,0.65,0.9864303436048928
73,5,0.70,0.989431565695063
73,5,0.75,0.9894378846336738
73,5,0.80,0.9875487244719227
73,5,0.85,0.9863999752037812
73,5,0.90,0.9883317863667991
73,5,0.95,0.9878766156933569
73,6,0.05,0.8715842552018278
73,6,0.10,0.9605756437701816
73,6,0.15,0.9611266288510925
73,6,0.20,0.9846700690673573
73,6,0.25,0.9785980271443632
73,6,0.30,0.9842900809601474
73,6,0.35,0.979641185853036
73,6,0.40,0.976866692612351
73,6,0.45,0.9797345697717632
73,6,0.50,0.9847580469441821
73,6,0.55,0.9869059236963724
73,6,0.60,0.9892177268714195
73,6,0.65,0.9851331421387959
73,6,0.70,0.9888624007488616
73,6,0.75,0.9908309671002246
73,6,0.80,0.9885593186963586
73,6,0.85,0.9883597756955551
73,6,0.90,0.9884782710077723
73,6,0.95,0.990009095498791
73,7,0.05,0.9217723065889303
73,7,0.10,0.9242449051340852
73,7,0.15,0.9694910427926111
73,7,0.20,0.9796254348380607
73,7,0.25,0.9658557629920574
73,7,0.30,0.9584793919939273
73,7,0.35,0.9843621582239114
73,7,0.40,0.9845073372358585
73,7,0.45,0.9827098418462623
73,7,0.50,0.9850945275909035
73,7,0.55,0.9871160993599886
73,7,0.60,0.989375921290204
73,7,0.65,0.9833374420628604
73,7,0.70,0.9873361030026608
73,7,0.75,0.9907406051791674
73,7,0.80,0.9886600248899402
73,7,0.85,0.9878491994667634
73,7,0.90,0.9879202395923543
73,7,0.95,0.9868844258392258
73,8,0.05,0.83394855681677
73,8,0.10,0.9365411135883713
73,8,0.15,0.9781519286839203
73,8,0.20,0.9534243721417056
73,8,0.25,0.9724110829409357
73,8,0.30,0.9719539289105767
73,8,0.35,0.9799932539328473
73,8,0.40,0.98394090594415
73,8,0.45,0.9815764265175428
73,8,0.50,0.9853092117889175
73,8,0.55,0.9888017734788218
73,8,0.60,0.9871818826660375
73,8,0.65,0.9849187833327585
73,8,0.70,0.9858550444352301
73,8,0.75,0.9879152276771641
73,8,0.80,0.9904952469550058
73,8,0.85,0.9879519058891175
73,8,0.90,0.9878288038851064
73,8,0.95,0.9883966597119306
73,9,0.05,0.8075555636581528
73,9,0.10,0.9415419390526849
73,9,0.15,0.9615581240248734
73,9,0.20,0.9672646705992826
73,9,0.25,0.979636284324852
73,9,0.30,0.9800761541276501
73,9,0.35,0.983928229103676
73,9,0.40,0.9859942516465491
73,9,0.45,0.9858857432671346
73,9,0.50,0.9822461172838551
73,9,0.55,0.9835976837252419
73,9,0.60,0.9896217968646224
73,9,0.65,0.9818725446125025
73,9,0.70,0.9873623564825827
73,9,0.75,0.9886153296106963
73,9,0.80,0.9883491686435764
73,9,0.85,0.9879857923267265
73,9,0.90,0.9855586243947416
73,9,0.95,0.9863435082474051
74,0,0.05,0.8512345510061701
74,0,0.10,0.9331122667324458
74,0,0.15,0.959774315529763
74,0,0.20,0.9708036361359212
74,0,0.25,0.9634319218512247
74,0,0.30,0.9736254339242661
74,0,0.35,0.9673101678979945
74,0,0.40,0.9785750685922497
74,0,0.45,0.9819505264231947
74,0,0.50,0.9770461692768982
74,0,0.55,0.9831838387544457
74,0,0.60,0.9846740023751759
74,0,0.65,0.9878953056295481
74,0,0.70,0.9836694645220311
74,0,0.75,0.9840586037405968
74,0,0.80,0.9835255973748169
74,0,0.85,0.9898178079335649
74,0,0.90,0.9874335287247047
74,0,0.95,0.9853616877877791
74,1,0.05,0.8515028828808702
74,1,0.10,0.9452496553349419
74,1,0.15,0.9501747331921893
74,1,0.20,0.9666784080975835
74,1,0.25,0.9733113280167792
74,1,0.30,0.9775875090072627
74,1,0.35,0.9760398653875504
74,1,0.40,0.9783808159038436
74,1,0.45,0.9880291623218056
74,1,0.50,0.9840601691721514
74,1,0.55,0.9835631339123082
74,1,0.60,0.9894846597902164
74,1,0.65,0.9890898052463499
74,1,0.70,0.9885670625232394
74,1,0.75,0.9868746448978822
74,1,0.80,0.9865561571601025
74,1,0.85,0.9885223611844938
74,1,0.90,0.9854432223552009
74,1,0.95,0.9885125799786666
74,2,0.05,0.8056221863054702
74,2,0.10,0.9360277971083442
74,2,0.15,0.9724455624861394
74,2,0.20,0.9565533788320932
74,2,0.25,0.9675778429079489
74,2,0.30,0.9747168295545943
74,2,0.35,0.9811986024330557
74,2,0.40,0.9835224158175035
74,2,0.45,0.9846358607055871
74,2,0.50,0.9878916956382303
74,2,0.55,0.9847634097335217
74,2,0.60,0.9865171066261279
74,2,0.65,0.9869086594889568
74,2,0.70,0.9892102429515144
74,2,0.75,0.9880726818128435
74,2,0.80,0.9886540628762536
74,2,0.85,0.9861541496635537
74,2,0.90,0.9882795945669893
74,2,0.95,0.9888746851101617
74,3,0.05,0.8761772165668352
74,3,0.10,0.9591472175286194
74,3,0.15,0.9173701959581977
74,3,0.20,0.9435411508122563
74,3,0.25,0.964053965361588
74,3,0.30,0.9840157352877017
74,3,0.35,0.9808607068175084
74,3,0.40,0.981790043586086
74,3,0.45,0.9802675788754012
74,3,0.50,0.9798054086205586
74,3,0.55,0.9833301131040693
74,3,0.60,0.9846169493964073
74,3,0.65,0.9815441730625293
74,3,0.70,0.986967951760624
74,3,0.75,0.9872429752631602
74,3,0.80,0.9889447295681472
74,3,0.85,0.9886121152163443
74,3,0.90,0.9874657474534552
74,3,0.95,0.9886204327102203
74,4,0.05,0.7798848466863305
74,4,0.10,0.9372917075435538
74,4,0.15,0.9669713733188707
74,4,0.20,0.9553005178231133
74,4,0.25,0.9696200229163873
74,4,0.30,0.9720431822345743
74,4,0.35,0.9787578112647198
74,4,0.40,0.9763240736397153
74,4,0.45,0.9841011638394426
74,4,0.50,0.9888141136433528
74,4,0.55,0.9836370006577995
74,4,0.60,0.9811531179454535
74,4,0.65,0.9858456320003738
74,4,0.70,0.9853972860259856
74,4,0.75,0.986588932419695
74,4,0.80,0.9898096014535205
74,4,0.85,0.9876292217022262
74,4,0.90,0.9885032367223928
74,4,0.95,0.9879785556634454
74,5,0.05,0.8992612613043929
74,5,0.10,0.9520683700766347
74,5,0.15,0.9495863975651199
74,5,0.20,0.9389709674682954
74,5,0.25,0.9643811418681177
74,5,0.30,0.9769624198091948
74,5,0.35,0.9751236188226473
74,5,0.40,0.9794605155362246
74,5,0.45,0.9819896871857181
74,5,0.50,0.984114197275863
74,5,0.55,0.9838108755608758
74,5,0.60,0.9841805005237113
74,5,0.65,0.9865701368063965
74,5,0.70,0.9887757459730412
74,5,0.75,0.9847820938183777
74,5,0.80,0.9870114192964495
74,5,0.85,0.9847685086057597
74,5,0.90,0.9882576628976854
74,5,0.95,0.987776681223379
74,6,0.05,0.8232782456127324
74,6,0.10,0.9652609986023002
74,6,0.15,0.9583757767097257
74,6,0.20,0.9138144942221811
74,6,0.25,0.9683300909105917
74,6,0.30,0.9715293112040981
74,6,0.35,0.9799538887453543
74,6,0.40,0.9814567564099422
74,6,0.45,0.9816577842282163
74,6,0.50,0.9856658301153813
74,6,0.55,0.9820763445129366
74,6,0.60,0.9872693845930641
74,6,0.65,0.9857193541220052
74,6,0.70,0.9888810705888321
74,6,0.75,0.9880080893777982
74,6,0.80,0.9878087734471103
74,6,0.85,0.9862780102270103
74,6,0.90,0.9908942198241508
74,6,0.95,0.989227836609211
74,7,0.05,0.9026108643307602
74,7,0.10,0.9705513000200223
74,7,0.15,0.965179562091063
74,7,0.20,0.9481798173299211
74,7,0.25,0.974921855575202
74,7,0.30,0.9743703043868193
74,7,0.35,0.9758383944588267
74,7,0.40,0.9802413595159601
74,7,0.45,0.9792954170885139
74,7,0.50,0.9835458085930185
74,7,0.55,0.9858452773871791
74,7,0.60,0.987751786738162
74,7,0.65,0.9883410291642336
74,7,0.70,0.9872295210068863
74,7,0.75,0.9869034907152205
74,7,0.80,0.9868337418998978
74,7,0.85,0.9871109189890355
74,7,0.90,0.9891396478537247
74,7,0.95,0.9903934292106288
74,8,0.05,0.8148374749344894
74,8,0.10,0.942999329881443
74,8,0.15,0.9606690501353443
74,8,0.20,0.9644187607443488
74,8,0.25,0.9681827574887371
74,8,0.30,0.9823964199352803
74,8,0.35,0.9798723191848082
74,8,0.40,0.9796215747685169
74,8,0.45,0.987768616944031
74,8,0.50,0.9874479004025597
74,8,0.55,0.9870483445676134
74,8,0.60,0.9829762033112761
74,8,0.65,0.9891257056465568
74,8,0.70,0.9879776573654437
74,8,0.75,0.9870645541018378
74,8,0.80,0.9859118833420197
74,8,0.85,0.9842264279093735
74,8,0.90,0.988160273645194
74,8,0.95,0.9876593813151537
74,9,0.05,0.8796595509399217
74,9,0.10,0.9658471031671948
74,9,0.15,0.9577011158549249
74,9,0.20,0.9622720382593558
74,9,0.25,0.9749476418463112
74,9,0.30,0.9728435751778993
74,9,0.35,0.9790633625687203
74,9,0.40,0.9867596999717065
74,9,0.45,0.9777540785590143
74,9,0.50,0.9848340918397389
74,9,0.55,0.983725917279848
74,9,0.60,0.9883358558419331
74,9,0.65,0.9873552209417142
74,9,0.70,0.9883476922128455
74,9,0.75,0.9867829860478717
74,9,0.80,0.9890040701871934
74,9,0.85,0.9870582242946885
74,9,0.90,0.9889072657764122
74,9,0.95,0.9887811305040367
75,0,0.05,0.8815171758226611
75,0,0.10,0.9177660934386123
75,0,0.15,0.9397555545267322
75,0,0.20,0.9535008472937987
75,0,0.25,0.9728505770330536
75,0,0.30,0.9866002019489921
75,0,0.35,0.9711017447466169
75,0,0.40,0.9857432989590377
75,0,0.45,0.9769285854364592
75,0,0.50,0.983196980167533
75,0,0.55,0.9803532840138425
75,0,0.60,0.9855392833821541
75,0,0.65,0.9852800855427376
75,0,0.70,0.9894390469636648
75,0,0.75,0.9855142154739605
75,0,0.80,0.9870532952090937
75,0,0.85,0.9865615265259096
75,0,0.90,0.9880629841282054
75,0,0.95,0.9899325713846348
75,1,0.05,0.9049858337715189
75,1,0.10,0.9233947884038562
75,1,0.15,0.9467928987538861
75,1,0.20,0.9599169328508654
75,1,0.25,0.9694608764256846
75,1,0.30,0.9827960341796615
75,1,0.35,0.9734381322203708
75,1,0.40,0.9816545021538705
75,1,0.45,0.9850849684560274
75,1,0.50,0.9842261583321585
75,1,0.55,0.9838278222123269
75,1,0.60,0.9865317984672276
75,1,0.65,0.9901665971168335
75,1,0.70,0.9877830695014788
75,1,0.75,0.986104271491147
75,1,0.80,0.9870710166661442
75,1,0.85,0.9891265803761673
75,1,0.90,0.9881732425453859
75,1,0.95,0.9869890851717878
75,2,0.05,0.8934579055954642
75,2,0.10,0.9242460119826332
75,2,0.15,0.9358238883094773
75,2,0.20,0.9587441850498093
75,2,0.25,0.9800782022608052
75,2,0.30,0.9822008813976423
75,2,0.35,0.9834754340150119
75,2,0.40,0.9730721968875047
75,2,0.45,0.980775912369227
75,2,0.50,0.9866177013658889
75,2,0.55,0.9849457116276885
75,2,0.60,0.9849824876755943
75,2,0.65,0.9847764333408481
75,2,0.70,0.9876752345676374
75,2,0.75,0.9896144211772098
75,2,0.80,0.9868280349524401
75,2,0.85,0.9882580849349492
75,2,0.90,0.9864045840169058
75,2,0.95,0.9861308955606536
75,3,0.05,0.7625069579518071
75,3,0.10,0.9280115044082794
75,3,0.15,0.9438756870115086
75,3,0.20,0.9444733154644458
75,3,0.25,0.9544635270572335
75,3,0.30,0.9819728882487492
75,3,0.35,0.9737548832908014
75,3,0.40,0.9753966293805076
75,3,0.45,0.9842860716374422
75,3,0.50,0.9804347012236585
75,3,0.55,0.9855399638393975
75,3,0.60,0.9887747454070194
75,3,0.65,0.9876642440513956
75,3,0.70,0.9880189993144771
75,3,0.75,0.9893298630289092
75,3,0.80,0.9864136466821228
75,3,0.85,0.9909049690640008
75,3,0.90,0.9879462715014398
75,3,0.95,0.9884360105339731
75,4,0.05,0.8789640218669099
75,4,0.10,0.8429519752894836
75,4,0.15,0.9628560314483813
75,4,0.20,0.947298104936607
75,4,0.25,0.9733758971215244
75,4,0.30,0.9734901975591949
75,4,0.35,0.9669039171018499
75,4,0.40,0.9820655904372577
75,4,0.45,0.9882513752909685
75,4,0.50,0.9791689015241333
75,4,0.55,0.9877332730539357
75,4,0.60,0.9860336989704902
75,4,0.65,0.9867601869574754
75,4,0.70,0.9899263866051587
75,4,0.75,0.9877026830644706
75,4,0.80,0.9882022247406589
75,4,0.85,0.988662091251284
75,4,0.90,0.9887182129713754
75,4,0.95,0.9875496265732325
75,5,0.05,0.8433224764932572
75,5,0.10,0.9096840262605483
75,5,0.15,0.9644785598485667
75,5,0.20,0.9552397351330747
75,5,0.25,0.9784864121656714
75,5,0.30,0.9782482905570802
75,5,0.35,0.9773452255655886
75,5,0.40,0.9661064232022152
75,5,0.45,0.9814229834083983
75,5,0.50,0.986184563382722
75,5,0.55,0.9846438367626041
75,5,0.60,0.9847876097430801
75,5,0.65,0.9893780658581619
75,5,0.70,0.9852141092795168
75,5,0.75,0.9892169056967188
75,5,0.80,0.9864143994911773
75,5,0.85,0.9890975659339741
75,5,0.90,0.9865800079963484
75,5,0.95,0.9899517214510126
75,6,0.05,0.9315791218396916
75,6,0.10,0.9201773228325287
75,6,0.15,0.9488766854146353
75,6,0.20,0.9709073479289954
75,6,0.25,0.9752156079187869
75,6,0.30,0.9770558579782008
75,6,0.35,0.975786030988868
75,6,0.40,0.9818178171570779
75,6,0.45,0.9838611453096342
75,6,0.50,0.9864000926524041
75,6,0.55,0.9886375463253851
75,6,0.60,0.9871262669290164
75,6,0.65,0.9874213383814184
75,6,0.70,0.9881788620805693
75,6,0.75,0.9895772108938694
75,6,0.80,0.989759633202551
75,6,0.85,0.9865139145589987
75,6,0.90,0.9890046757308413
75,6,0.95,0.9863776373090392
75,7,0.05,0.9020480049890767
75,7,0.10,0.9242738383687529
75,7,0.15,0.9643375096586888
75,7,0.20,0.9649487881434936
75,7,0.25,0.9684869359219861
75,7,0.30,0.9761406815194014
75,7,0.35,0.9805228104378676
75,7,0.40,0.9771247479970258
75,7,0.45,0.9847856798946235
75,7,0.50,0.9851858979340685
75,7,0.55,0.983392705584289
75,7,0.60,0.9871679654422231
75,7,0.65,0.9888168648787149
75,7,0.70,0.9857350433521224
75,7,0.75,0.9834631717004437
75,7,0.80,0.9871469650998261
75,7,0.85,0.9883927285476707
75,7,0.90,0.9872492348293281
75,7,0.95,0.9847661154433562
75,8,0.05,0.8670380457597904
75,8,0.10,0.8736419504622042
75,8,0.15,0.9601765563118672
75,8,0.20,0.9355742556982153
75,8,0.25,0.9808699462322868
75,8,0.30,0.9786966488956362
75,8,0.35,0.9810642142876731
75,8,0.40,0.982716078828231
75,8,0.45,0.9847907660025912
75,8,0.50,0.9893185184700604
75,8,0.55,0.9871735953240138
75,8,0.60,0.9856463735699982
75,8,0.65,0.988253343517038
75,8,0.70,0.9833513437491223
75,8,0.75,0.9904048369209543
75,8,0.80,0.9842354374181232
75,8,0.85,0.9892328879171312
75,8,0.90,0.987300496299119
75,8,0.95,0.9867167184195594
75,9,0.05,0.8415467500682157
75,9,0.10,0.861881981271721
75,9,0.15,0.9534596605778134
75,9,0.20,0.9640496296038776
75,9,0.25,0.9731208583628292
75,9,0.30,0.9701160359791545
75,9,0.35,0.9770807191219892
75,9,0.40,0.9790119561632191
75,9,0.45,0.9837238171493805
75,9,0.50,0.982809863404323
75,9,0.55,0.9862422487287387
75,9,0.60,0.9875034926891711
75,9,0.65,0.9865296772811999
75,9,0.70,0.9887523947068572
75,9,0.75,0.984967550983461
75,9,0.80,0.9876833340926865
75,9,0.85,0.9869586612277744
75,9,0.90,0.9882066705132626
75,9,0.95,0.9851313196287707
76,0,0.05,0.7130667894686403
76,0,0.10,0.9324506807630905
76,0,0.15,0.975479885472033
76,0,0.20,0.9764404170056995
76,0,0.25,0.9841595733874927
76,0,0.30,0.98159162266502
76,0,0.35,0.9771988489735793
76,0,0.40,0.9796840663622459
76,0,0.45,0.9830950177065454
76,0,0.50,0.9836269682207398
76,0,0.55,0.9880874707172527
76,0,0.60,0.9879150254900924
76,0,0.65,0.9907488909217061
76,0,0.70,0.9885933252676321
76,0,0.75,0.9831401046751078
76,0,0.80,0.9838613334483036
76,0,0.85,0.9870606867509587
76,0,0.90,0.9915923955006979
76,0,0.95,0.98689726837485
76,1,0.05,0.7830547366493801
76,1,0.10,0.9447784810110904
76,1,0.15,0.9566442613049588
76,1,0.20,0.9362218793011875
76,1,0.25,0.9586749165947607
76,1,0.30,0.9858196632437268
76,1,0.35,0.9824188790716224
76,1,0.40,0.976721119822554
76,1,0.45,0.9809503314579543
76,1,0.50,0.9815170995900037
76,1,0.55,0.9875612834000783
76,1,0.60,0.9880229232017037
76,1,0.65,0.9849830774846522
76,1,0.70,0.9900386860767915
76,1,0.75,0.9846911066556544
76,1,0.80,0.9853326696887094
76,1,0.85,0.9901453541445596
76,1,0.90,0.9871672625557345
76,1,0.95,0.9881884437408724
76,2,0.05,0.8137814054727681
76,2,0.10,0.9275956945606599
76,2,0.15,0.9391918726742914
76,2,0.20,0.9757970536058517
76,2,0.25,0.9755445894454956
76,2,0.30,0.9852845739096632
76,2,0.35,0.9834321351207207
76,2,0.40,0.9832526274704488
76,2,0.45,0.9859825067655164
76,2,0.50,0.9858681330000467
76,2,0.55,0.9890026314907341
76,2,0.60,0.988355024127026
76,2,0.65,0.9856346387863967
76,2,0.70,0.9876433866768621
76,2,0.75,0.9870478570969664
76,2,0.80,0.9843556104037366
76,2,0.85,0.9898988204386143
76,2,0.90,0.9887399848097465
76,2,0.95,0.9901455332621407
76,3,0.05,0.8897127174051502
76,3,0.10,0.9508973869402352
76,3,0.15,0.9567718349477818
76,3,0.20,0.9666433525618043
76,3,0.25,0.962062224013659
76,3,0.30,0.9795800522124462
76,3,0.35,0.9811477859488231
76,3,0.40,0.9809669322254043
76,3,0.45,0.9804664748819408
76,3,0.50,0.9851185201463737
76,3,0.55,0.9845284908637136
76,3,0.60,0.9856275944951614
76,3,0.65,0.9850454320478546
76,3,0.70,0.9890854714156546
76,3,0.75,0.9856947755884065
76,3,0.80,0.9884231188431
76,3,0.85,0.9852451511679813
76,3,0.90,0.9878919690995545
76,3,0.95,0.9875162685785369
76,4,0.05,0.903389659915679
76,4,0.10,0.9109281498004171
76,4,0.15,0.9553914640463592
76,4,0.20,0.968786873753608
76,4,0.25,0.9485415273701604
76,4,0.30,0.9721082675080411
76,4,0.35,0.9809694525248625
76,4,0.40,0.9744359057169446
76,4,0.45,0.9841808919899078
76,4,0.50,0.9837784259571795
76,4,0.55,0.9803596899463759
76,4,0.60,0.9882364181087754
76,4,0.65,0.9866171690925907
76,4,0.70,0.9877246374705274
76,4,0.75,0.9882317548698996
76,4,0.80,0.9875772842297182
76,4,0.85,0.9895218682077161
76,4,0.90,0.9885613289372212
76,4,0.95,0.9864027921147033
76,5,0.05,0.828011129191918
76,5,0.10,0.9238522140616225
76,5,0.15,0.9379510975467157
76,5,0.20,0.9778538311153591
76,5,0.25,0.9771668545994183
76,5,0.30,0.9833013852624808
76,5,0.35,0.9784190962552408
76,5,0.40,0.9701038672210587
76,5,0.45,0.9801752742019351
76,5,0.50,0.9872524179647038
76,5,0.55,0.982670511254189
76,5,0.60,0.9878694773943335
76,5,0.65,0.9835309696466384
76,5,0.70,0.9880303507121815
76,5,0.75,0.9857218034339669
76,5,0.80,0.9901345328804695
76,5,0.85,0.9880396701738307
76,5,0.90,0.9890930369328134
76,5,0.95,0.9891319730437459
76,6,0.05,0.8595153257456899
76,6,0.10,0.9404518842046568
76,6,0.15,0.927974886472265
76,6,0.20,0.9489844759992457
76,6,0.25,0.9671764229494054
76,6,0.30,0.9842207365275681
76,6,0.35,0.9789498619665282
76,6,0.40,0.9835057883098925
76,6,0.45,0.9722493144864238
76,6,0.50,0.9838406192430336
76,6,0.55,0.9832569722632168
76,6,0.60,0.9874205413312089
76,6,0.65,0.9833164123304678
76,6,0.70,0.9876518172593672
76,6,0.75,0.9857870804798691
76,6,0.80,0.9886836267683082
76,6,0.85,0.9860797217985462
76,6,0.90,0.9869470197796938
76,6,0.95,0.9885976629726297
76,7,0.05,0.7977240707670066
76,7,0.10,0.9458382494041072
76,7,0.15,0.9661332743993039
76,7,0.20,0.9773304012398294
76,7,0.25,0.9740687387920627
76,7,0.30,0.9742096764765362
76,7,0.35,0.980139355040813
76,7,0.40,0.9801373547918211
76,7,0.45,0.9876249103563153
76,7,0.50,0.981452807772636
76,7,0.55,0.986249544837509
76,7,0.60,0.9862771638009049
76,7,0.65,0.9858953566367974
76,7,0.70,0.988868188954227
76,7,0.75,0.9858894425337259
76,7,0.80,0.987204477139111
76,7,0.85,0.9876104604695269
76,7,0.90,0.9896871694417377
76,7,0.95,0.9889718824565608
76,8,0.05,0.8398968349436335
76,8,0.10,0.9217818465229856
76,8,0.15,0.9678155722823256
76,8,0.20,0.9557721302341039
76,8,0.25,0.9648765736899423
76,8,0.30,0.976415054427103
76,8,0.35,0.9757568372048365
76,8,0.40,0.9640938025735606
76,8,0.45,0.9850226509106609
76,8,0.50,0.9818164048942906
76,8,0.55,0.9829661862285168
76,8,0.60,0.9845804557888453
76,8,0.65,0.9875950817146015
76,8,0.70,0.9842456269287292
76,8,0.75,0.9861195217593517
76,8,0.80,0.9877830665640575
76,8,0.85,0.9878563816901932
76,8,0.90,0.9869031577423888
76,8,0.95,0.9885319330842057
76,9,0.05,0.869180166419902
76,9,0.10,0.9504212961829832
76,9,0.15,0.9682387708169335
76,9,0.20,0.9579411696646559
76,9,0.25,0.9688136889309761
76,9,0.30,0.9784247061893175
76,9,0.35,0.9730437106693612
76,9,0.40,0.979351249622942
76,9,0.45,0.9821700776388869
76,9,0.50,0.9831071814932
76,9,0.55,0.9788770718290597
76,9,0.60,0.9864241375214163
76,9,0.65,0.9850576075944071
76,9,0.70,0.9887245959579819
76,9,0.75,0.9873732566475275
76,9,0.80,0.9909897087466715
76,9,0.85,0.9809314646256471
76,9,0.90,0.9860972998834073
76,9,0.95,0.9873013831639578
77,0,0.05,0.876874053580481
77,0,0.10,0.9411692018535532
77,0,0.15,0.9454421134867429
77,0,0.20,0.9655862074748063
77,0,0.25,0.9753435309759244
77,0,0.30,0.9823227394530609
77,0,0.35,0.986112757182407
77,0,0.40,0.9854156313665319
77,0,0.45,0.9891554726410501
77,0,0.50,0.987443366734601
77,0,0.55,0.9823390241268555
77,0,0.60,0.9855180137341576
77,0,0.65,0.9883750193929487
77,0,0.70,0.9871518521673046
77,0,0.75,0.9868524980540918
77,0,0.80,0.9874847374911331
77,0,0.85,0.9864948199898881
77,0,0.90,0.9881299475897802
77,0,0.95,0.9890665386410833
77,1,0.05,0.9297525891246498
77,1,0.10,0.9275809529550205
77,1,0.15,0.948946144134534
77,1,0.20,0.9773715430184775
77,1,0.25,0.9776495787831656
77,1,0.30,0.9752937915024266
77,1,0.35,0.9799981233505275
77,1,0.40,0.9858964881018922
77,1,0.45,0.9878992823008457
77,1,0.50,0.988756639526494
77,1,0.55,0.9883880366562031
77,1,0.60,0.9899934975379087
77,1,0.65,0.9868415904051401
77,1,0.70,0.9884651988785823
77,1,0.75,0.9838871707139568
77,1,0.80,0.988870221566498
77,1,0.85,0.9855031802687214
77,1,0.90,0.9898568064546548
77,1,0.95,0.9888955080866197
77,2,0.05,0.7869762423785217
77,2,0.10,0.9445193782583069
77,2,0.15,0.9764344155699302
77,2,0.20,0.9763944095220092
77,2,0.25,0.9796360577106917
77,2,0.30,0.9793511505304847
77,2,0.35,0.9776341674944139
77,2,0.40,0.9866840902177293
77,2,0.45,0.9878929017804499
77,2,0.50,0.9856974975464127
77,2,0.55,0.9867812374721076
77,2,0.60,0.9871743570466334
77,2,0.65,0.9913083495044477
77,2,0.70,0.9883047074058849
77,2,0.75,0.9888533043839559
77,2,0.80,0.9914592014768738
77,2,0.85,0.9906306106275488
77,2,0.90,0.9867023612086897
77,2,0.95,0.9886417665584744
77,3,0.05,0.9251705093862611
77,3,0.10,0.9196263350198854
77,3,0.15,0.9629252870460953
77,3,0.20,0.9758395050576529
77,3,0.25,0.9786183229155202
77,3,0.30,0.9824540408783758
77,3,0.35,0.9804255182898365
77,3,0.40,0.9876773371731629
77,3,0.45,0.9894413630706762
77,3,0.50,0.9877921420572522
77,3,0.55,0.9846792635524322
77,3,0.60,0.9848333191650464
77,3,0.65,0.9912571543695523
77,3,0.70,0.9906897825821653
77,3,0.75,0.9865931717351704
77,3,0.80,0.9888005340781958
77,3,0.85,0.9909681409225967
77,3,0.90,0.9885984168502484
77,3,0.95,0.9903383702358266
77,4,0.05,0.8902807892920894
77,4,0.10,0.94896410159186
77,4,0.15,0.971319073457558
77,4,0.20,0.9822705002738954
77,4,0.25,0.9794565861179121
77,4,0.30,0.9666560980422836
77,4,0.35,0.9815678709475796
77,4,0.40,0.9842190476345816
77,4,0.45,0.9870937489852885
77,4,0.50,0.9879118337846239
77,4,0.55,0.9875562966947545
77,4,0.60,0.9911998680969565
77,4,0.65,0.9881097370798636
77,4,0.70,0.9868309284343282
77,4,0.75,0.9884392130277055
77,4,0.80,0.9870497636441278
77,4,0.85,0.9881122938377923
77,4,0.90,0.9827647369800759
77,4,0.95,0.9910077344707465
77,5,0.05,0.9317493112926044
77,5,0.10,0.9259246772847277
77,5,0.15,0.9747416529452076
77,5,0.20,0.976440437818715
77,5,0.25,0.9662507661762516
77,5,0.30,0.9784121761825129
77,5,0.35,0.9844628628732472
77,5,0.40,0.9837618568478959
77,5,0.45,0.9848440523313935
77,5,0.50,0.9859657801834261
77,5,0.55,0.987257673626139
77,5,0.60,0.987565699150342
77,5,0.65,0.9889043142956749
77,5,0.70,0.989260631632021
77,5,0.75,0.9915046137032285
77,5,0.80,0.9906968105261985
77,5,0.85,0.9876220209039804
77,5,0.90,0.9883921929968589
77,5,0.95,0.9888001236905615
77,6,0.05,0.8435804051763827
77,6,0.10,0.9448551327904275
77,6,0.15,0.9496580912457191
77,6,0.20,0.9689170935019219
77,6,0.25,0.9731129577331857
77,6,0.30,0.9823357521635167
77,6,0.35,0.9836146423926206
77,6,0.40,0.9856398766411334
77,6,0.45,0.9882209881633971
77,6,0.50,0.9844737142589535
77,6,0.55,0.9885580577320641
77,6,0.60,0.9869342340579634
77,6,0.65,0.9869650480494656
77,6,0.70,0.9881193513098226
77,6,0.75,0.9859244363948032
77,6,0.80,0.9871087866052238
77,6,0.85,0.9899950595184973
77,6,0.90,0.9863087977916274
77,6,0.95,0.9896715178746084
77,7,0.05,0.9018502085166604
77,7,0.10,0.943555182329592
77,7,0.15,0.9613207793037127
77,7,0.20,0.9687163440248912
77,7,0.25,0.9804717098375125
77,7,0.30,0.9801321047933753
77,7,0.35,0.9821618832085736
77,7,0.40,0.9797357142259122
77,7,0.45,0.9854708483121635
77,7,0.50,0.9839087672793285
77,7,0.55,0.9839476941492353
77,7,0.60,0.9862651600478461
77,7,0.65,0.9882861368853391
77,7,0.70,0.9865846310784283
77,7,0.75,0.9845554141951883
77,7,0.80,0.9878713967867264
77,7,0.85,0.9872207493295951
77,7,0.90,0.9895465922125655
77,7,0.95,0.9887447775657853
77,8,0.05,0.94002649267789
77,8,0.10,0.9414285044395122
77,8,0.15,0.9463054743382521
77,8,0.20,0.9653505290158069
77,8,0.25,0.9865774247083995
77,8,0.30,0.9774206177087598
77,8,0.35,0.9809405511539567
77,8,0.40,0.9829435640663402
77,8,0.45,0.988585436877422
77,8,0.50,0.9884639549932641
77,8,0.55,0.9911827023948107
77,8,0.60,0.9881836912847987
77,8,0.65,0.9866549398067956
77,8,0.70,0.9879480701749606
77,8,0.75,0.9885212757356816
77,8,0.80,0.9893363116104477
77,8,0.85,0.9880511314762855
77,8,0.90,0.9875980857961667
77,8,0.95,0.9873907513252708
77,9,0.05,0.8734141336571648
77,9,0.10,0.9034097408644932
77,9,0.15,0.958516222864106
77,9,0.20,0.9694951706967176
77,9,0.25,0.9809584192024658
77,9,0.30,0.984431267860976
77,9,0.35,0.9809784110565647
77,9,0.40,0.9791599096772649
77,9,0.45,0.9838124639693565
77,9,0.50,0.9774501869413146
77,9,0.55,0.9847613818357785
77,9,0.60,0.9855520422478113
77,9,0.65,0.9876813901940025
77,9,0.70,0.9889605004155968
77,9,0.75,0.9890826338434519
77,9,0.80,0.9886406506648721
77,9,0.85,0.9872732220078609
77,9,0.90,0.9886654688469046
77,9,0.95,0.9877597680163507
78,0,0.05,0.9433446954892111
78,0,0.10,0.9373992286141369
78,0,0.15,0.9368426612071775
78,0,0.20,0.9664246093511081
78,0,0.25,0.9693679781656623
78,0,0.30,0.9720330937645405
78,0,0.35,0.9802399765503917
78,0,0.40,0.9804154912602915
78,0,0.45,0.9813793195467884
78,0,0.50,0.987972319899705
78,0,0.55,0.9875024041608298
78,0,0.60,0.9872581723461009
78,0,0.65,0.9912644773361899
78,0,0.70,0.9866086974592673
78,0,0.75,0.9883861874442486
78,0,0.80,0.9877920157852712
78,0,0.85,0.9886847223221013
78,0,0.90,0.9896080616307589
78,0,0.95,0.9849039271800237
78,1,0.05,0.9322770277833238
78,1,0.10,0.8501309671559834
78,1,0.15,0.9562623642427583
78,1,0.20,0.9675125212510414
78,1,0.25,0.9647822659421623
78,1,0.30,0.9800214326084533
78,1,0.35,0.9812960390793498
78,1,0.40,0.9883421432396835
78,1,0.45,0.9815439161464707
78,1,0.50,0.984938222866321
78,1,0.55,0.9871063330118935
78,1,0.60,0.985291620361808
78,1,0.65,0.9859566163260844
78,1,0.70,0.9879034596344708
78,1,0.75,0.986711754781418
78,1,0.80,0.9880828304753496
78,1,0.85,0.9866967129772809
78,1,0.90,0.9859688161884874
78,1,0.95,0.9849572728008061
78,2,0.05,0.9209323599489729
78,2,0.10,0.923908611052157
78,2,0.15,0.9539625175193109
78,2,0.20,0.970650773295198
78,2,0.25,0.9752256958299803
78,2,0.30,0.9814052747924862
78,2,0.35,0.9868059933227993
78,2,0.40,0.9823642883356938
78,2,0.45,0.9852286333716326
78,2,0.50,0.9868701838225188
78,2,0.55,0.9851332807439019
78,2,0.60,0.985331195893679
78,2,0.65,0.9901417435515552
78,2,0.70,0.9918658935742781
78,2,0.75,0.9877590836038307
78,2,0.80,0.9874505233590473
78,2,0.85,0.9894953001544108
78,2,0.90,0.9866158397983604
78,2,0.95,0.9863929269680491
78,3,0.05,0.937200783219919
78,3,0.10,0.9171162433991346
78,3,0.15,0.9532422978391878
78,3,0.20,0.9721913295877731
78,3,0.25,0.977361568050951
78,3,0.30,0.982303009470443
78,3,0.35,0.9889173278464581
78,3,0.40,0.9838444369072614
78,3,0.45,0.9836149571373783
78,3,0.50,0.9869385591937998
78,3,0.55,0.9842316555678227
78,3,0.60,0.9826298888142774
78,3,0.65,0.9870529661249728
78,3,0.70,0.9849710375887993
78,3,0.75,0.9869898051501138
78,3,0.80,0.9874547741111902
78,3,0.85,0.9888308682721784
78,3,0.90,0.9880740538736609
78,3,0.95,0.9888963575091504
78,4,0.05,0.8755255308586397
78,4,0.10,0.9476181994662297
78,4,0.15,0.9446439103952449
78,4,0.20,0.9720030439463613
78,4,0.25,0.9811389208049753
78,4,0.30,0.9765924306337908
78,4,0.35,0.9835494513163611
78,4,0.40,0.9837910061920914
78,4,0.45,0.9842060720267531
78,4,0.50,0.9833392286856038
78,4,0.55,0.9864559267071823
78,4,0.60,0.9886129941107052
78,4,0.65,0.9829098678488514
78,4,0.70,0.9900078429035669
78,4,0.75,0.9890479088333318
78,4,0.80,0.9878749162038962
78,4,0.85,0.9860474643146353
78,4,0.90,0.9880986329440269
78,4,0.95,0.9884671198018178
78,5,0.05,0.9331051858823401
78,5,0.10,0.8937277506523256
78,5,0.15,0.943710795988302
78,5,0.20,0.9782135825629974
78,5,0.25,0.9787392934432131
78,5,0.30,0.9783507698869058
78,5,0.35,0.984592615140216
78,5,0.40,0.9818287512397283
78,5,0.45,0.9845493814355301
78,5,0.50,0.9852864327508054
78,5,0.55,0.9861113643038923
78,5,0.60,0.9887264080370379
78,5,0.65,0.9867572851104576
78,5,0.70,0.9862547507570483
78,5,0.75,0.9881454782106033
78,5,0.80,0.9852890951334896
78,5,0.85,0.9894733147232257
78,5,0.90,0.987279507863254
78,5,0.95,0.9875865465552787
78,6,0.05,0.9191636422112195
78,6,0.10,0.9295024339619175
78,6,0.15,0.9641465077112754
78,6,0.20,0.9491348608838842
78,6,0.25,0.9757040742754827
78,6,0.30,0.9816452562869087
78,6,0.35,0.9789543674877845
78,6,0.40,0.9804272751557236
78,6,0.45,0.9833920306132701
78,6,0.50,0.9844187290590622
78,6,0.55,0.9847613380782654
78,6,0.60,0.9870862921505861
78,6,0.65,0.98878844036596
78,6,0.70,0.9876404571726258
78,6,0.75,0.9894379629091796
78,6,0.80,0.9858647104548427
78,6,0.85,0.9878874284982618
78,6,0.90,0.9862104992684673
78,6,0.95,0.988393839959091
78,7,0.05,0.9260437500843804
78,7,0.10,0.9310489762487264
78,7,0.15,0.9270080309885336
78,7,0.20,0.9737581862989797
78,7,0.25,0.9696352529432601
78,7,0.30,0.9802933012183953
78,7,0.35,0.9792228760772552
78,7,0.40,0.982885105658407
78,7,0.45,0.9877396274664457
78,7,0.50,0.9814366135275424
78,7,0.55,0.9851781110565941
78,7,0.60,0.9821370910748914
78,7,0.65,0.9912537807149936
78,7,0.70,0.9861658116277273
78,7,0.75,0.9867677017214227
78,7,0.80,0.9868736090888883
78,7,0.85,0.9848068273152232
78,7,0.90,0.986560103774548
78,7,0.95,0.9836285946183673
78,8,0.05,0.8912399744339085
78,8,0.10,0.92552545441638
78,8,0.15,0.9170392900889462
78,8,0.20,0.9511563441946792
78,8,0.25,0.9758403182670121
78,8,0.30,0.9778428342375757
78,8,0.35,0.9839009360372906
78,8,0.40,0.9822162007090709
78,8,0.45,0.9791236937855372
78,8,0.50,0.9846830348453874
78,8,0.55,0.9865417573283533
78,8,0.60,0.9869096471165194
78,8,0.65,0.9885099705899425
78,8,0.70,0.9884783698793757
78,8,0.75,0.989914239008957
78,8,0.80,0.9884259671705704
78,8,0.85,0.9885052713501735
78,8,0.90,0.9867241617978733
78,8,0.95,0.9856338551871041
78,9,0.05,0.9015468489897807
78,9,0.10,0.9537690984347951
78,9,0.15,0.9603281726541186
78,9,0.20,0.9597203976811047
78,9,0.25,0.9670310558454115
78,9,0.30,0.9795404173157309
78,9,0.35,0.9856313967073356
78,9,0.40,0.9809241054834423
78,9,0.45,0.9835794557306713
78,9,0.50,0.9804557821871219
78,9,0.55,0.9868076926987999
78,9,0.60,0.9840459000741038
78,9,0.65,0.988512109231807
78,9,0.70,0.9901482511304178
78,9,0.75,0.9872130697141946
78,9,0.80,0.9872956957817312
78,9,0.85,0.9874027488346272
78,9,0.90,0.9873293901375567
78,9,0.95,0.990482383801636
79,0,0.05,0.9098428030256343
79,0,0.10,0.9632254031836222
79,0,0.15,0.9123400134660772
79,0,0.20,0.9759046140392252
79,0,0.25,0.9758219948218261
79,0,0.30,0.9790072935199255
79,0,0.35,0.9852187653934055
79,0,0.40,0.9811748958347549
79,0,0.45,0.9869468505592991
79,0,0.50,0.9839823444663338
79,0,0.55,0.9877633609842835
79,0,0.60,0.9885184894007616
79,0,0.65,0.9897728035711378
79,0,0.70,0.9885563295575264
79,0,0.75,0.9911022124344058
79,0,0.80,0.9838082162579739
79,0,0.85,0.9881885791238347
79,0,0.90,0.9873692872486239
79,0,0.95,0.9893316743219736
79,1,0.05,0.7717667516388277
79,1,0.10,0.9435378807397332
79,1,0.15,0.9450848089308008
79,1,0.20,0.9607108817857789
79,1,0.25,0.9760655775914886
79,1,0.30,0.976442777074633
79,1,0.35,0.9805326020972518
79,1,0.40,0.9811884837477677
79,1,0.45,0.9858233582248499
79,1,0.50,0.9868929625456964
79,1,0.55,0.9833134210419012
79,1,0.60,0.9894568502411365
79,1,0.65,0.9885403657713865
79,1,0.70,0.9869143107425539
79,1,0.75,0.9854874726669034
79,1,0.80,0.9901470526781981
79,1,0.85,0.9880928054841032
79,1,0.90,0.9890467620217068
79,1,0.95,0.9899085532031047
79,2,0.05,0.811040634567298
79,2,0.10,0.9219084560267781
79,2,0.15,0.954386028670558
79,2,0.20,0.9592077977301997
79,2,0.25,0.9676875528386519
79,2,0.30,0.9805173789087391
79,2,0.35,0.981103900849021
79,2,0.40,0.9870018004123365
79,2,0.45,0.9864490610934245
79,2,0.50,0.9834754529375095
79,2,0.55,0.98603285843726
79,2,0.60,0.9843311797456974
79,2,0.65,0.9905136456754398
79,2,0.70,0.9911912939719425
79,2,0.75,0.9880998769720989
79,2,0.80,0.9894409431988525
79,2,0.85,0.9865448533192103
79,2,0.90,0.9870848246711578
79,2,0.95,0.9893708585803834
79,3,0.05,0.8683870752902879
79,3,0.10,0.9510771892420748
79,3,0.15,0.972119657731058
79,3,0.20,0.9615328043512544
79,3,0.25,0.9699639311059877
79,3,0.30,0.9751289124330953
79,3,0.35,0.98698764355916
79,3,0.40,0.9801785144480739
79,3,0.45,0.9851038112863644
79,3,0.50,0.980546120266926
79,3,0.55,0.9812623644173355
79,3,0.60,0.9849162242248837
79,3,0.65,0.9880059988467117
79,3,0.70,0.9895686746943864
79,3,0.75,0.9857655146838004
79,3,0.80,0.9879159337955612
79,3,0.85,0.9899816449617002
79,3,0.90,0.988382629716686
79,3,0.95,0.9890509867407461
79,4,0.05,0.9033799813282455
79,4,0.10,0.9455781923796863
79,4,0.15,0.9582576355663994
79,4,0.20,0.9682576508096712
79,4,0.25,0.9746161364921498
79,4,0.30,0.9746327210037591
79,4,0.35,0.9831624328441847
79,4,0.40,0.9845382513153503
79,4,0.45,0.9813735182895869
79,4,0.50,0.9871852488430028
79,4,0.55,0.9800610847218206
79,4,0.60,0.9814727205834591
79,4,0.65,0.9901273979157651
79,4,0.70,0.990661305704189
79,4,0.75,0.9890024235796462
79,4,0.80,0.9905814766985148
79,4,0.85,0.9903373801640752
79,4,0.90,0.9865093605259148
79,4,0.95,0.9894986560619722
79,5,0.05,0.8298783064528005
79,5,0.10,0.9137698463597328
79,5,0.15,0.9751131598553027
79,5,0.20,0.9768919395097909
79,5,0.25,0.9831346169824207
79,5,0.30,0.98042397021082
79,5,0.35,0.9775732492729423
79,5,0.40,0.9874316938567721
79,5,0.45,0.9869746965157296
79,5,0.50,0.9845326144503788
79,5,0.55,0.9855834578826899
79,5,0.60,0.9883548096822009
79,5,0.65,0.9880110489436114
79,5,0.70,0.9894635651773239
79,5,0.75,0.9898451411523915
79,5,0.80,0.9874855411974777
79,5,0.85,0.9892878215514953
79,5,0.90,0.9877464092687683
79,5,0.95,0.9876494195084513
79,6,0.05,0.7470414208170159
79,6,0.10,0.8999659910019516
79,6,0.15,0.9579179969246013
79,6,0.20,0.9748068720804575
79,6,0.25,0.9844876500772572
79,6,0.30,0.9766148824198652
79,6,0.35,0.9840796338346963
79,6,0.40,0.9821051784980258
79,6,0.45,0.9857227358208365
79,6,0.50,0.9860531406581247
79,6,0.55,0.9857573770306416
79,6,0.60,0.9883958830808698
79,6,0.65,0.9854503362870316
79,6,0.70,0.9876128045489563
79,6,0.75,0.9890570297380997
79,6,0.80,0.9877798796993332
79,6,0.85,0.9894592917712428
79,6,0.90,0.9874632749561816
79,6,0.95,0.9903009154541695
79,7,0.05,0.8596149656824402
79,7,0.10,0.9369404692253238
79,7,0.15,0.9729795592130573
79,7,0.20,0.9577574293987379
79,7,0.25,0.9724865253107132
79,7,0.30,0.9817776148223134
79,7,0.35,0.9799941106886861
79,7,0.40,0.9847334954460839
79,7,0.45,0.985444329090577
79,7,0.50,0.9874159496738291
79,7,0.55,0.9843481810575986
79,7,0.60,0.9876072776309822
79,7,0.65,0.9853721468606987
79,7,0.70,0.9882397424577549
79,7,0.75,0.9875239002519391
79,7,0.80,0.9884535138454648
79,7,0.85,0.9876807537231627
79,7,0.90,0.9873367687360141
79,7,0.95,0.9873989497328247
79,8,0.05,0.8282456143867891
79,8,0.10,0.9350743473417081
79,8,0.15,0.9586013774624267
79,8,0.20,0.9628233920947709
79,8,0.25,0.9620995970993748
79,8,0.30,0.9777401443807108
79,8,0.35,0.9810084562420635
79,8,0.40,0.9825351977994777
79,8,0.45,0.9818910945382288
79,8,0.50,0.9860609611182939
79,8,0.55,0.984389339444684
79,8,0.60,0.9894828404877901
79,8,0.65,0.9871135056724145
79,8,0.70,0.9877198521759921
79,8,0.75,0.9881699985829328
79,8,0.80,0.9894905460253837
79,8,0.85,0.9883342723973096
79,8,0.90,0.9899732310172907
79,8,0.95,0.9871016021200408
79,9,0.05,0.8508277254081755
79,9,0.10,0.9208868679579385
79,9,0.15,0.945614789306524
79,9,0.20,0.9697637531057897
79,9,0.25,0.9714946867025478
79,9,0.30,0.9770974401635295
79,9,0.35,0.9840846276978752
79,9,0.40,0.9813241358384883
79,9,0.45,0.9832719080038441
79,9,0.50,0.983812943518773
79,9,0.55,0.9856309863734029
79,9,0.60,0.9881374692916249
79,9,0.65,0.9878938627865254
79,9,0.70,0.9876619308723044
79,9,0.75,0.9862803039366805
79,9,0.80,0.9841387044415526
79,9,0.85,0.9890828098585942
79,9,0.90,0.9884269038016017
79,9,0.95,0.9873534366779189
80,0,0.05,0.9022634279301996
80,0,0.10,0.829192702319377
80,0,0.15,0.9391868344114445
80,0,0.20,0.9600532453709539
80,0,0.25,0.9606829508636436
80,0,0.30,0.9740814217631393
80,0,0.35,0.9840380218565625
80,0,0.40,0.9807647403824307
80,0,0.45,0.9854466022752871
80,0,0.50,0.9875688549567236
80,0,0.55,0.9866381182840326
80,0,0.60,0.9865151780944887
80,0,0.65,0.9888774669979855
80,0,0.70,0.9893190564818884
80,0,0.75,0.9901225328852701
80,0,0.80,0.9866398610876947
80,0,0.85,0.9889379564046962
80,0,0.90,0.9892268936610628
80,0,0.95,0.986378892893292
80,1,0.05,0.8804676724763751
80,1,0.10,0.9133654398390393
80,1,0.15,0.9536536697024393
80,1,0.20,0.9562424068571183
80,1,0.25,0.9637718185353268
80,1,0.30,0.9803472341708342
80,1,0.35,0.978004749579031
80,1,0.40,0.9801288521449933
80,1,0.45,0.9774289838774127
80,1,0.50,0.9877273144937447
80,1,0.55,0.9868064382651416
80,1,0.60,0.9852273108143214
80,1,0.65,0.98642542158264
80,1,0.70,0.9884806260667197
80,1,0.75,0.9888664436324961
80,1,0.80,0.988313489158779
80,1,0.85,0.987954077758189
80,1,0.90,0.9893581065822274
80,1,0.95,0.9904799721026127
80,2,0.05,0.813191596342926
80,2,0.10,0.8350350670200362
80,2,0.15,0.9246060117495082
80,2,0.20,0.965636995159472
80,2,0.25,0.9713349701692514
80,2,0.30,0.9830502272649426
80,2,0.35,0.9772237867389854
80,2,0.40,0.9787638080995622
80,2,0.45,0.9835967789822064
80,2,0.50,0.9845674217871403
80,2,0.55,0.9865613749027349
80,2,0.60,0.989228159780997
80,2,0.65,0.9871208117598248
80,2,0.70,0.9878222601747811
80,2,0.75,0.9889147056426693
80,2,0.80,0.9859547686413551
80,2,0.85,0.9859790484782354
80,2,0.90,0.9871266230670327
80,2,0.95,0.9854654112344956
80,3,0.05,0.7262508942769539
80,3,0.10,0.8988077863113333
80,3,0.15,0.954447812445655
80,3,0.20,0.9490599930199987
80,3,0.25,0.9777341838227936
80,3,0.30,0.9781494277625237
80,3,0.35,0.9761275810973259
80,3,0.40,0.9806662516150679
80,3,0.45,0.984136513026573
80,3,0.50,0.9829345512227565
80,3,0.55,0.9866063449569914
80,3,0.60,0.9884225208587205
80,3,0.65,0.987355748267407
80,3,0.70,0.9878762185438078
80,3,0.75,0.9898586026861317
80,3,0.80,0.9872799580300485
80,3,0.85,0.9894629510039842
80,3,0.90,0.9881718810548532
80,3,0.95,0.9903284346098866
80,4,0.05,0.8929007157822006
80,4,0.10,0.9512441881701876
80,4,0.15,0.9414487496966394
80,4,0.20,0.9505257494658175
80,4,0.25,0.9779985067511686
80,4,0.30,0.975589642095643
80,4,0.35,0.9767980278649278
80,4,0.40,0.9831234425998492
80,4,0.45,0.9812531796611612
80,4,0.50,0.9838169182849136
80,4,0.55,0.9867298013265933
80,4,0.60,0.9886766093467322
80,4,0.65,0.9896641023849941
80,4,0.70,0.9902201908895079
80,4,0.75,0.9855849258225486
80,4,0.80,0.9892579494744871
80,4,0.85,0.9872440964487226
80,4,0.90,0.9832272745523684
80,4,0.95,0.987517425998622
80,5,0.05,0.7148064824019082
80,5,0.10,0.8130338475499841
80,5,0.15,0.9469170341235341
80,5,0.20,0.9625558198263772
80,5,0.25,0.9648884989580386
80,5,0.30,0.9739595914282327
80,5,0.35,0.9787433295429235
80,5,0.40,0.9748706999176407
80,5,0.45,0.9795462429741357
80,5,0.50,0.9801526988161707
80,5,0.55,0.9873170097894924
80,5,0.60,0.984596619065461
80,5,0.65,0.9860436563707716
80,5,0.70,0.9865232907951467
80,5,0.75,0.9896503582198198
80,5,0.80,0.989061547409949
80,5,0.85,0.9897373146811707
80,5,0.90,0.9890997008840431
80,5,0.95,0.9896319780687994
80,6,0.05,0.7610608596107011
80,6,0.10,0.8635718244190719
80,6,0.15,0.9626486913159837
80,6,0.20,0.9568966563022596
80,6,0.25,0.9617914426743865
80,6,0.30,0.9691763513098566
80,6,0.35,0.9794581643544175
80,6,0.40,0.9808150462514476
80,6,0.45,0.9884913518685854
80,6,0.50,0.9799865902915751
80,6,0.55,0.9883750985652541
80,6,0.60,0.9881980078650365
80,6,0.65,0.9872839431982582
80,6,0.70,0.9895976075701629
80,6,0.75,0.9891887290898533
80,6,0.80,0.9852360680813167
80,6,0.85,0.9883125758988244
80,6,0.90,0.989418288880074
80,6,0.95,0.9906823570253697
80,7,0.05,0.7761509667144607
80,7,0.10,0.8665839867164722
80,7,0.15,0.9521248618495841
80,7,0.20,0.9799287836120587
80,7,0.25,0.9663878003231212
80,7,0.30,0.9668346798396068
80,7,0.35,0.9777897322242303
80,7,0.40,0.9818136266129893
80,7,0.45,0.9866745876770435
80,7,0.50,0.9759635995818741
80,7,0.55,0.9864226703025484
80,7,0.60,0.9868035810581945
80,7,0.65,0.9891859885011551
80,7,0.70,0.9901546128008987
80,7,0.75,0.9890059748981108
80,7,0.80,0.9877876555086178
80,7,0.85,0.9877474410117254
80,7,0.90,0.9871820997547361
80,7,0.95,0.9883657565086008
80,8,0.05,0.8913712196096809
80,8,0.10,0.9436032123828014
80,8,0.15,0.9259483009167228
80,8,0.20,0.9759718981154809
80,8,0.25,0.9666257092454256
80,8,0.30,0.9770601427025778
80,8,0.35,0.9755208495021552
80,8,0.40,0.9827325438940331
80,8,0.45,0.9786975285938846
80,8,0.50,0.98057560771419
80,8,0.55,0.983504895148914
80,8,0.60,0.9897526775940387
80,8,0.65,0.9868970763647039
80,8,0.70,0.9875284063443653
80,8,0.75,0.989800731764921
80,8,0.80,0.9866302091545979
80,8,0.85,0.9863662689647391
80,8,0.90,0.9875913651555183
80,8,0.95,0.9885662235251271
80,9,0.05,0.7751182234565356
80,9,0.10,0.9305544849510223
80,9,0.15,0.9696954976479937
80,9,0.20,0.9725861933927483
80,9,0.25,0.9509607320146033
80,9,0.30,0.9786128137371217
80,9,0.35,0.9798613351974039
80,9,0.40,0.9781084397671094
80,9,0.45,0.9821254674749352
80,9,0.50,0.9888735829397545
80,9,0.55,0.986544047472952
80,9,0.60,0.9835874221500174
80,9,0.65,0.9901050815320899
80,9,0.70,0.9871273283562327
80,9,0.75,0.9901181629110407
80,9,0.80,0.9896154549453612
80,9,0.85,0.9868590862069221
80,9,0.90,0.9907502536037753
80,9,0.95,0.9878826791928865
81,0,0.05,0.869303267512864
81,0,0.10,0.9270500867863339
81,0,0.15,0.9691796781505126
81,0,0.20,0.9748506023697275
81,0,0.25,0.9849490498313882
81,0,0.30,0.9714938125057024
81,0,0.35,0.9789135382183767
81,0,0.40,0.980358317234573
81,0,0.45,0.9842807379818523
81,0,0.50,0.9848486563228374
81,0,0.55,0.9820989456131121
81,0,0.60,0.9889936151015368
81,0,0.65,0.988484180661888
81,0,0.70,0.988888908742894
81,0,0.75,0.9845169031574202
81,0,0.80,0.989572872314814
81,0,0.85,0.986258615752404
81,0,0.90,0.9888500740391157
81,0,0.95,0.9886489587058642
81,1,0.05,0.8847792608182983
81,1,0.10,0.9449515484603968
81,1,0.15,0.9649363415513073
81,1,0.20,0.9582007761390874
81,1,0.25,0.9770309069780942
81,1,0.30,0.9680500974776168
81,1,0.35,0.9808380279601776
81,1,0.40,0.9835809555512296
81,1,0.45,0.9850385973930034
81,1,0.50,0.99008621561749
81,1,0.55,0.9866803695001035
81,1,0.60,0.9860777872896577
81,1,0.65,0.9877835624773913
81,1,0.70,0.9878548974038023
81,1,0.75,0.9862832678512189
81,1,0.80,0.9864102884288811
81,1,0.85,0.9878855008478409
81,1,0.90,0.9874321529927284
81,1,0.95,0.9852164246607626
81,2,0.05,0.7323126479589437
81,2,0.10,0.9145196445591425
81,2,0.15,0.9559549135116587
81,2,0.20,0.9650133765359029
81,2,0.25,0.9758563783623688
81,2,0.30,0.974632235102291
81,2,0.35,0.9837692533099851
81,2,0.40,0.9849946801220881
81,2,0.45,0.9831187456685024
81,2,0.50,0.9876611117582761
81,2,0.55,0.9869658510672129
81,2,0.60,0.9842413536230872
81,2,0.65,0.9858704770167803
81,2,0.70,0.9887124056396032
81,2,0.75,0.9888797428102738
81,2,0.80,0.9896597009794035
81,2,0.85,0.9877410364159238
81,2,0.90,0.9889870412035653
81,2,0.95,0.9884984207044362
81,3,0.05,0.724039695869073
81,3,0.10,0.8961115369048631
81,3,0.15,0.965422216272341
81,3,0.20,0.9689043941237871
81,3,0.25,0.9816300669469403
81,3,0.30,0.9708709325385344
81,3,0.35,0.9831526492899696
81,3,0.40,0.9834365306722801
81,3,0.45,0.9837680999944672
81,3,0.50,0.9890906604030448
81,3,0.55,0.9881460535168632
81,3,0.60,0.9868736299564621
81,3,0.65,0.9880823903083802
81,3,0.70,0.9880194588978148
81,3,0.75,0.9895021741984372
81,3,0.80,0.9876746733032002
81,3,0.85,0.9898774796187775
81,3,0.90,0.9862065923547155
81,3,0.95,0.9895824387043061
81,4,0.05,0.8633464064126075
81,4,0.10,0.944729854103383
81,4,0.15,0.9584100939918011
81,4,0.20,0.9804421813860278
81,4,0.25,0.9752676753454572
81,4,0.30,0.965660597824318
81,4,0.35,0.9775902790802804
81,4,0.40,0.9778202128887097
81,4,0.45,0.9830998826671986
81,4,0.50,0.9888839822013538
81,4,0.55,0.9848878537248345
81,4,0.60,0.9878460654739083
81,4,0.65,0.9870902227275902
81,4,0.70,0.9892754560145618
81,4,0.75,0.9847729021975191
81,4,0.80,0.9893120614943208
81,4,0.85,0.988505910978352
81,4,0.90,0.9838331720139097
81,4,0.95,0.9875096613488502
81,5,0.05,0.8873913215687783
81,5,0.10,0.9195081315970879
81,5,0.15,0.933841319874483
81,5,0.20,0.9767626500653943
81,5,0.25,0.9596157437663352
81,5,0.30,0.9692974951255207
81,5,0.35,0.9812149529744304
81,5,0.40,0.9796230070734258
81,5,0.45,0.9843719816861126
81,5,0.50,0.9889446862935094
81,5,0.55,0.9873242487434699
81,5,0.60,0.9859703370432241
81,5,0.65,0.9888331330221785
81,5,0.70,0.9860086313640962
81,5,0.75,0.9859489643945485
81,5,0.80,0.988071656678005
81,5,0.85,0.9882835955553603
81,5,0.90,0.9903347032317366
81,5,0.95,0.9890459253819426
81,6,0.05,0.7797400751969485
81,6,0.10,0.9414543329654725
81,6,0.15,0.9785880467083037
81,6,0.20,0.9702856004187871
81,6,0.25,0.9144592049042425
81,6,0.30,0.9669411932302169
81,6,0.35,0.9772938518443218
81,6,0.40,0.9834296332164761
81,6,0.45,0.9846984671793505
81,6,0.50,0.9853965176824917
81,6,0.55,0.983068475775711
81,6,0.60,0.985769867650116
81,6,0.65,0.9890903137916429
81,6,0.70,0.9872850972266798
81,6,0.75,0.9873815785365037
81,6,0.80,0.9875997363769102
81,6,0.85,0.9875125318103224
81,6,0.90,0.9878605274378247
81,6,0.95,0.9880496223528407
81,7,0.05,0.7296147840005471
81,7,0.10,0.9457470300852902
81,7,0.15,0.8878275135109225
81,7,0.20,0.9055530105322983
81,7,0.25,0.9814653760840825
81,7,0.30,0.9782561679935371
81,7,0.35,0.9841885417881419
81,7,0.40,0.9762953451932825
81,7,0.45,0.9815852504721241
81,7,0.50,0.9848422347697636
81,7,0.55,0.9832372652047957
81,7,0.60,0.9864185403309131
81,7,0.65,0.9909291563060625
81,7,0.70,0.988916666243058
81,7,0.75,0.9855662710807709
81,7,0.80,0.9875494254778425
81,7,0.85,0.9890548762133778
81,7,0.90,0.9883045378029331
81,7,0.95,0.9899914848367558
81,8,0.05,0.8433046028518051
81,8,0.10,0.9764915137239201
81,8,0.15,0.9576017865668452
81,8,0.20,0.9707497422992855
81,8,0.25,0.9823194843433217
81,8,0.30,0.9801868657867645
81,8,0.35,0.9795413006563389
81,8,0.40,0.9823301197786708
81,8,0.45,0.9824114926574222
81,8,0.50,0.9855815976261971
81,8,0.55,0.9907602956647974
81,8,0.60,0.981272517149282
81,8,0.65,0.9902263618538047
81,8,0.70,0.9895421877144651
81,8,0.75,0.9883952233073844
81,8,0.80,0.9890899146305766
81,8,0.85,0.9896402578250436
81,8,0.90,0.9893396751338175
81,8,0.95,0.9912341677143245
81,9,0.05,0.7766034987004008
81,9,0.10,0.9462802515963338
81,9,0.15,0.9670793462738989
81,9,0.20,0.954085364019113
81,9,0.25,0.9809174835054911
81,9,0.30,0.9780877807087565
81,9,0.35,0.9835142440000798
81,9,0.40,0.9813383379962275
81,9,0.45,0.9851587756732093
81,9,0.50,0.9828863626775195
81,9,0.55,0.9885681184567643
81,9,0.60,0.9839379898901781
81,9,0.65,0.988630939229641
81,9,0.70,0.986675597867644
81,9,0.75,0.9888204988994074
81,9,0.80,0.9882213406042386
81,9,0.85,0.9876775370365651
81,9,0.90,0.9876730254725614
81,9,0.95,0.987140041794253
82,0,0.05,0.8278700923209188
82,0,0.10,0.9520542383857149
82,0,0.15,0.9572425070675545
82,0,0.20,0.9741636526824917
82,0,0.25,0.9813106644876747
82,0,0.30,0.9850064675626894
82,0,0.35,0.9849299134868804
82,0,0.40,0.9889309146758906
82,0,0.45,0.9866117263323849
82,0,0.50,0.9887143965487332
82,0,0.55,0.9847689366771605
82,0,0.60,0.986697284009924
82,0,0.65,0.9842409157024583
82,0,0.70,0.9840940011835851
82,0,0.75,0.9824509122131938
82,0,0.80,0.9856092487312819
82,0,0.85,0.9875167159686485
82,0,0.90,0.9858931239813395
82,0,0.95,0.9871758428353857
82,1,0.05,0.8973099328941909
82,1,0.10,0.9061628505935124
82,1,0.15,0.856398676757145
82,1,0.20,0.9518323787816705
82,1,0.25,0.9833517273044833
82,1,0.30,0.9815182234985149
82,1,0.35,0.9795026246461366
82,1,0.40,0.9797544593252353
82,1,0.45,0.9893496738671784
82,1,0.50,0.9870037056080438
82,1,0.55,0.9858360996452352
82,1,0.60,0.988951501883145
82,1,0.65,0.9881276735580301
82,1,0.70,0.9874430672335783
82,1,0.75,0.9895522626652432
82,1,0.80,0.9877009734747345
82,1,0.85,0.986556846889365
82,1,0.90,0.9884411049771966
82,1,0.95,0.986366399106523
82,2,0.05,0.8057959355443483
82,2,0.10,0.9034902163106383
82,2,0.15,0.9552784568263345
82,2,0.20,0.9776111810580754
82,2,0.25,0.9718797185920605
82,2,0.30,0.9822594563738232
82,2,0.35,0.9869909924635242
82,2,0.40,0.98751701067526
82,2,0.45,0.9810675967371772
82,2,0.50,0.9903006024051025
82,2,0.55,0.9892231314526608
82,2,0.60,0.9836338262912864
82,2,0.65,0.9868673183200012
82,2,0.70,0.9902278673099324
82,2,0.75,0.9884060705749367
82,2,0.80,0.98504867912624
82,2,0.85,0.9857459039588535
82,2,0.90,0.9892919332419735
82,2,0.95,0.9902499450082669
82,3,0.05,0.9140065899241476
82,3,0.10,0.9407331572709774
82,3,0.15,0.9420862894295167
82,3,0.20,0.9748023598864384
82,3,0.25,0.9858663127941514
82,3,0.30,0.9802639632023609
82,3,0.35,0.9840210481661118
82,3,0.40,0.9889876934085376
82,3,0.45,0.9846292866383516
82,3,0.50,0.985000561395459
82,3,0.55,0.9845434920617891
82,3,0.60,0.9857966795318229
82,3,0.65,0.9895215006023153
82,3,0.70,0.9859622498455858
82,3,0.75,0.9869533905254831
82,3,0.80,0.989567471152752
82,3,0.85,0.9874878626658894
82,3,0.90,0.9866811787538706
82,3,0.95,0.9888775417852008
82,4,0.05,0.8773437093532456
82,4,0.10,0.9543124714878156
82,4,0.15,0.9713293571586128
82,4,0.20,0.9646756651867391
82,4,0.25,0.9813009473770645
82,4,0.30,0.9872929152021207
82,4,0.35,0.978960455346368
82,4,0.40,0.9863032534917104
82,4,0.45,0.9869018623456766
82,4,0.50,0.9864049017277168
82,4,0.55,0.9891451940808351
82,4,0.60,0.9903761282293552
82,4,0.65,0.9864483669674139
82,4,0.70,0.9873825430887255
82,4,0.75,0.9872381183288428
82,4,0.80,0.9876286837007335
82,4,0.85,0.98864474873556
82,4,0.90,0.9869715183393776
82,4,0.95,0.988687419933074
82,5,0.05,0.852689869360518
82,5,0.10,0.9213430138378138
82,5,0.15,0.9567519340492544
82,5,0.20,0.9624137394223405
82,5,0.25,0.9787855055086024
82,5,0.30,0.9835964743946056
82,5,0.35,0.9840125319238202
82,5,0.40,0.9864615968747704
82,5,0.45,0.9867862515875349
82,5,0.50,0.9845196820899188
82,5,0.55,0.9888577749632829
82,5,0.60,0.9884331437214171
82,5,0.65,0.9860715815749779
82,5,0.70,0.9879571032913477
82,5,0.75,0.9870287944864533
82,5,0.80,0.989023003148058
82,5,0.85,0.9880365636888391
82,5,0.90,0.9881008307319111
82,5,0.95,0.9900689953124664
82,6,0.05,0.8567276380111666
82,6,0.10,0.9594888594759436
82,6,0.15,0.9721666441997845
82,6,0.20,0.9570162402871674
82,6,0.25,0.9842140557840083
82,6,0.30,0.9751711599700773
82,6,0.35,0.9791467996998285
82,6,0.40,0.98780773511027
82,6,0.45,0.9886527482868165
82,6,0.50,0.9869333413566033
82,6,0.55,0.9839551928621803
82,6,0.60,0.9883699933656446
82,6,0.65,0.9868830198069934
82,6,0.70,0.9883830131544898
82,6,0.75,0.9874191601788009
82,6,0.80,0.9886041730201943
82,6,0.85,0.9876887602556745
82,6,0.90,0.9876686492307442
82,6,0.95,0.9873789520975919
82,7,0.05,0.9138267421897807
82,7,0.10,0.9381998374652
82,7,0.15,0.9460987921851529
82,7,0.20,0.9735587251169274
82,7,0.25,0.9811591782036089
82,7,0.30,0.9770002521871722
82,7,0.35,0.9817379118436687
82,7,0.40,0.9867485142701259
82,7,0.45,0.9883404179617499
82,7,0.50,0.9841857329134384
82,7,0.55,0.9908330172873043
82,7,0.60,0.9917245222896782
82,7,0.65,0.9875160718790277
82,7,0.70,0.9896108269878425
82,7,0.75,0.9878152725977687
82,7,0.80,0.9866297450927598
82,7,0.85,0.987700006363899
82,7,0.90,0.9896873646006494
82,7,0.95,0.9889964750062146
82,8,0.05,0.8910791826524765
82,8,0.10,0.9507235950963989
82,8,0.15,0.9623266565549645
82,8,0.20,0.9694671053298961
82,8,0.25,0.9747085740469611
82,8,0.30,0.975071974508781
82,8,0.35,0.9788101204436741
82,8,0.40,0.9887846028189939
82,8,0.45,0.9791959290789289
82,8,0.50,0.9841256822958467
82,8,0.55,0.988337446540291
82,8,0.60,0.9871665132804844
82,8,0.65,0.9886465117802097
82,8,0.70,0.9894258382957114
82,8,0.75,0.9909760228969545
82,8,0.80,0.9894268723702185
82,8,0.85,0.9857994888699254
82,8,0.90,0.9869582064184999
82,8,0.95,0.9903373762065261
82,9,0.05,0.7390132668684679
82,9,0.10,0.930946798612228
82,9,0.15,0.9557074898978676
82,9,0.20,0.9766050654312117
82,9,0.25,0.9671737256514426
82,9,0.30,0.9877793952825343
82,9,0.35,0.9858104723841943
82,9,0.40,0.9871661742997209
82,9,0.45,0.9835282731315849
82,9,0.50,0.9856265827974477
82,9,0.55,0.9860696039982205
82,9,0.60,0.9858243010580173
82,9,0.65,0.9850916979811983
82,9,0.70,0.9902447940510406
82,9,0.75,0.98892307248834
82,9,0.80,0.9858445966030761
82,9,0.85,0.9881663067411769
82,9,0.90,0.9871663539249248
82,9,0.95,0.9862119463898881
83,0,0.05,0.9250945995851853
83,0,0.10,0.929710367904574
83,0,0.15,0.9587537121925599
83,0,0.20,0.9567709126127736
83,0,0.25,0.9726441183808795
83,0,0.30,0.979546803442606
83,0,0.35,0.9806070572378285
83,0,0.40,0.979616075332356
83,0,0.45,0.9876543833726382
83,0,0.50,0.9861756122279781
83,0,0.55,0.9897879800351379
83,0,0.60,0.9887581663887803
83,0,0.65,0.9883355004996267
83,0,0.70,0.9872822568777319
83,0,0.75,0.9908998367404158
83,0,0.80,0.9888435446203953
83,0,0.85,0.9887138183556644
83,0,0.90,0.9859281994316136
83,0,0.95,0.9878576539653217
83,1,0.05,0.8703386562995766
83,1,0.10,0.9542907415280778
83,1,0.15,0.9626353917953331
83,1,0.20,0.9486028962894211
83,1,0.25,0.9753504458649196
83,1,0.30,0.982224493542576
83,1,0.35,0.9808665527612339
83,1,0.40,0.985916339862925
83,1,0.45,0.9830917307997001
83,1,0.50,0.9876496502281124
83,1,0.55,0.9843619610617415
83,1,0.60,0.9866058618870973
83,1,0.65,0.9892462980674833
83,1,0.70,0.9898939927060483
83,1,0.75,0.9878198078934984
83,1,0.80,0.9864687100470199
83,1,0.85,0.9883115923483037
83,1,0.90,0.9876825237298992
83,1,0.95,0.9891134864172405
83,2,0.05,0.8597533129707218
83,2,0.10,0.9468064389115829
83,2,0.15,0.9721337567121994
83,2,0.20,0.9747077522536803
83,2,0.25,0.9715380109112487
83,2,0.30,0.9789490590436642
83,2,0.35,0.9852626919710128
83,2,0.40,0.9861490109939434
83,2,0.45,0.9855236467022996
83,2,0.50,0.987455512285296
83,2,0.55,0.9842399023675309
83,2,0.60,0.9885982277144556
83,2,0.65,0.9883829827104292
83,2,0.70,0.9896578949477375
83,2,0.75,0.9915423769662606
83,2,0.80,0.9844462112175875
83,2,0.85,0.9900787614733848
83,2,0.90,0.989021271427343
83,2,0.95,0.985904455161375
83,3,0.05,0.8415912687858131
83,3,0.10,0.9045557100396802
83,3,0.15,0.9736140233994337
83,3,0.20,0.9750249980724391
83,3,0.25,0.9719287078550385
83,3,0.30,0.9775906015262951
83,3,0.35,0.9852016247327959
83,3,0.40,0.9770607252925634
83,3,0.45,0.9817649522678802
83,3,0.50,0.9858769407094183
83,3,0.55,0.9868704901775583
83,3,0.60,0.9900111392226915
83,3,0.65,0.9862769884769227
83,3,0.70,0.9903907678423733
83,3,0.75,0.9874117749946455
83,3,0.80,0.9886667231473909
83,3,0.85,0.9901155717427935
83,3,0.90,0.9911167763078296
83,3,0.95,0.9897335041736771
83,4,0.05,0.8020522616606259
83,4,0.10,0.9229338267146897
83,4,0.15,0.9463323544695211
83,4,0.20,0.9682440793412417
83,4,0.25,0.9700332887808457
83,4,0.30,0.9694565881460593
83,4,0.35,0.9816465216331073
83,4,0.40,0.9855269347988829
83,4,0.45,0.984019234196187
83,4,0.50,0.9850118020258395
83,4,0.55,0.9837017901812922
83,4,0.60,0.9878914099616042
83,4,0.65,0.9870799526313758
83,4,0.70,0.9913261259642077
83,4,0.75,0.9897461278229006
83,4,0.80,0.9880661705496666
83,4,0.85,0.9890021280174732
83,4,0.90,0.988696587007282
83,4,0.95,0.9891151254897305
83,5,0.05,0.7520859244229342
83,5,0.10,0.9323734947442273
83,5,0.15,0.972696076211896
83,5,0.20,0.9656937944450491
83,5,0.25,0.9703764018012042
83,5,0.30,0.9806322226602644
83,5,0.35,0.9872112893831575
83,5,0.40,0.9809761331143952
83,5,0.45,0.9885245935301737
83,5,0.50,0.9854175046431646
83,5,0.55,0.9842722407307825
83,5,0.60,0.987135279654991
83,5,0.65,0.9884307126768549
83,5,0.70,0.9886209442782471
83,5,0.75,0.989337901587341
83,5,0.80,0.989549055123182
83,5,0.85,0.988334054921194
83,5,0.90,0.9881922738881478
83,5,0.95,0.9873551163883185
83,6,0.05,0.8567863935822473
83,6,0.10,0.9249371905101305
83,6,0.15,0.9343926467812347
83,6,0.20,0.9616722083420455
83,6,0.25,0.9769138549061025
83,6,0.30,0.9788982497044183
83,6,0.35,0.9792359504855446
83,6,0.40,0.9851647439755596
83,6,0.45,0.9889893859819895
83,6,0.50,0.9872375787653282
83,6,0.55,0.9845607663568691
83,6,0.60,0.9883622462896716
83,6,0.65,0.9884940140516186
83,6,0.70,0.9826530097410776
83,6,0.75,0.9907198891575337
83,6,0.80,0.9900516997734427
83,6,0.85,0.9896600197407004
83,6,0.90,0.987475296872672
83,6,0.95,0.9860061781517862
83,7,0.05,0.87129544015466
83,7,0.10,0.9137533031385696
83,7,0.15,0.9596053446878282
83,7,0.20,0.963523161025742
83,7,0.25,0.9757266044511416
83,7,0.30,0.9802907003207585
83,7,0.35,0.9840744057715207
83,7,0.40,0.9823803955298483
83,7,0.45,0.9864509193075899
83,7,0.50,0.9855255687462445
83,7,0.55,0.983875400927991
83,7,0.60,0.9902541471505736
83,7,0.65,0.986808725854587
83,7,0.70,0.9892556831222675
83,7,0.75,0.9877662208015852
83,7,0.80,0.9864655642789331
83,7,0.85,0.9898702783275786
83,7,0.90,0.9880870259275875
83,7,0.95,0.9897678760002774
83,8,0.05,0.8424889796504781
83,8,0.10,0.9372585239035716
83,8,0.15,0.9658165286387695
83,8,0.20,0.969020765619666
83,8,0.25,0.9715150769019703
83,8,0.30,0.9723914285064005
83,8,0.35,0.9801258933356651
83,8,0.40,0.9814344408345773
83,8,0.45,0.9849815105743843
83,8,0.50,0.9877181333642389
83,8,0.55,0.9851873076576777
83,8,0.60,0.9872254094168761
83,8,0.65,0.9906511863730229
83,8,0.70,0.9859241842658374
83,8,0.75,0.984862041497002
83,8,0.80,0.988617062918836
83,8,0.85,0.9864628789130654
83,8,0.90,0.9858331268157626
83,8,0.95,0.9894914980837201
83,9,0.05,0.8656718835738575
83,9,0.10,0.8550852182623578
83,9,0.15,0.9581196918018394
83,9,0.20,0.9743751724985796
83,9,0.25,0.9778679414228448
83,9,0.30,0.9838009855429716
83,9,0.35,0.9858740538553544
83,9,0.40,0.9837163814215687
83,9,0.45,0.985557157373285
83,9,0.50,0.9856864967760656
83,9,0.55,0.9875315560625134
83,9,0.60,0.986165752216017
83,9,0.65,0.9884311982106218
83,9,0.70,0.9871462793895261
83,9,0.75,0.9844615762728117
83,9,0.80,0.9883629126100081
83,9,0.85,0.986032041768925
83,9,0.90,0.9887374397489976
83,9,0.95,0.9902062649799008
84,0,0.05,0.9161304453669336
84,0,0.10,0.9064118409167103
84,0,0.15,0.954607790093133
84,0,0.20,0.9756443395408826
84,0,0.25,0.9793468355282411
84,0,0.30,0.9728853322982195
84,0,0.35,0.9771956544670812
84,0,0.40,0.9806503197061152
84,0,0.45,0.984379015169364
84,0,0.50,0.9845118010265893
84,0,0.55,0.9867882670415281
84,0,0.60,0.9903953950845142
84,0,0.65,0.9887732144961416
84,0,0.70,0.9900068910811688
84,0,0.75,0.9810104379209658
84,0,0.80,0.9896458878950002
84,0,0.85,0.9833720750775794
84,0,0.90,0.9874129499919461
84,0,0.95,0.9903142151039505
84,1,0.05,0.850245874720395
84,1,0.10,0.9439584035126836
84,1,0.15,0.9222257898566364
84,1,0.20,0.9769068604235769
84,1,0.25,0.9712494387658547
84,1,0.30,0.9824465066592748
84,1,0.35,0.9816504594866198
84,1,0.40,0.9832740621806053
84,1,0.45,0.9863029176911854
84,1,0.50,0.9895747136095948
84,1,0.55,0.9831594966028973
84,1,0.60,0.9834084096589739
84,1,0.65,0.984505898585531
84,1,0.70,0.9874193452557802
84,1,0.75,0.9868134232056418
84,1,0.80,0.9873058857912596
84,1,0.85,0.9861030606655075
84,1,0.90,0.9893575673846882
84,1,0.95,0.9891989732971056
84,2,0.05,0.42264540793675076
84,2,0.10,0.9378624379633229
84,2,0.15,0.9552133779684489
84,2,0.20,0.9657091452657307
84,2,0.25,0.9825278588816914
84,2,0.30,0.98263893308135
84,2,0.35,0.978809623503132
84,2,0.40,0.9832034690990472
84,2,0.45,0.9871887209479827
84,2,0.50,0.9884359929921634
84,2,0.55,0.9840408826430379
84,2,0.60,0.9868232395625998
84,2,0.65,0.9876102172475733
84,2,0.70,0.9890216735996529
84,2,0.75,0.9871804356306813
84,2,0.80,0.9883873711145872
84,2,0.85,0.9872361182974091
84,2,0.90,0.9876093300519135
84,2,0.95,0.9880354899414223
84,3,0.05,0.5654385106472503
84,3,0.10,0.9138039031781555
84,3,0.15,0.9539554468574352
84,3,0.20,0.9710451459872148
84,3,0.25,0.9781954047181005
84,3,0.30,0.9841520195694783
84,3,0.35,0.9770251605400146
84,3,0.40,0.9804290786541575
84,3,0.45,0.9875702010704515
84,3,0.50,0.9855898916276348
84,3,0.55,0.9881185496733286
84,3,0.60,0.9871296757425059
84,3,0.65,0.9853357472202581
84,3,0.70,0.9891808356092617
84,3,0.75,0.9915109858444658
84,3,0.80,0.992183699883465
84,3,0.85,0.9891174352901974
84,3,0.90,0.9886297841809166
84,3,0.95,0.9879331183743139
84,4,0.05,0.8765583280934186
84,4,0.10,0.9176302249958228
84,4,0.15,0.9819057719971834
84,4,0.20,0.9697362103463705
84,4,0.25,0.9808390880017619
84,4,0.30,0.970539028562868
84,4,0.35,0.9801983854467518
84,4,0.40,0.983597553606487
84,4,0.45,0.9884763079102266
84,4,0.50,0.9851590040808011
84,4,0.55,0.9877146304681094
84,4,0.60,0.983512880661741
84,4,0.65,0.9883363604557679
84,4,0.70,0.9906585613940139
84,4,0.75,0.9879292184772493
84,4,0.80,0.987066411724042
84,4,0.85,0.9899736592960827
84,4,0.90,0.988755597037634
84,4,0.95,0.9865822670952006
84,5,0.05,0.7598944657605725
84,5,0.10,0.9519064619653632
84,5,0.15,0.9682804009239888
84,5,0.20,0.9642419494401496
84,5,0.25,0.9699350896264047
84,5,0.30,0.9725503919781397
84,5,0.35,0.9772184147062899
84,5,0.40,0.9851103546884519
84,5,0.45,0.9825704272001614
84,5,0.50,0.9845136433923579
84,5,0.55,0.9885664595844705
84,5,0.60,0.9899083197338518
84,5,0.65,0.9826109152888227
84,5,0.70,0.9896368504071424
84,5,0.75,0.9890602515269262
84,5,0.80,0.9846457081627502
84,5,0.85,0.9880451938392935
84,5,0.90,0.9879047145019845
84,5,0.95,0.9876047761783029
84,6,0.05,0.9326724937416822
84,6,0.10,0.9422699221385308
84,6,0.15,0.9620695062691191
84,6,0.20,0.9476109661863312
84,6,0.25,0.9831887407875162
84,6,0.30,0.9796006793354717
84,6,0.35,0.9766979171032434
84,6,0.40,0.9788005090692791
84,6,0.45,0.9858732168481383
84,6,0.50,0.9865930700097706
84,6,0.55,0.9878558659150893
84,6,0.60,0.9888725470454524
84,6,0.65,0.9887209773420106
84,6,0.70,0.9836520540497163
84,6,0.75,0.9893238976755764
84,6,0.80,0.9853379384098594
84,6,0.85,0.9870525810100974
84,6,0.90,0.9867181035497826
84,6,0.95,0.9874983350601668
84,7,0.05,0.8801764553985204
84,7,0.10,0.9410783934137319
84,7,0.15,0.9458324558403661
84,7,0.20,0.9801120031269426
84,7,0.25,0.9750961334202883
84,7,0.30,0.9810436333553555
84,7,0.35,0.9822535288090984
84,7,0.40,0.9817205951527925
84,7,0.45,0.9889547623917913
84,7,0.50,0.9863186295151005
84,7,0.55,0.9865889863254853
84,7,0.60,0.9866900019687799
84,7,0.65,0.9895355498370848
84,7,0.70,0.9895982938164395
84,7,0.75,0.985699033637533
84,7,0.80,0.9865386106490939
84,7,0.85,0.9905128719733062
84,7,0.90,0.9916499773691133
84,7,0.95,0.9897195694772004
84,8,0.05,0.688419319938835
84,8,0.10,0.9091364862934017
84,8,0.15,0.9756596439778678
84,8,0.20,0.9797837452373872
84,8,0.25,0.9819253675219048
84,8,0.30,0.9817766183289893
84,8,0.35,0.9817434589851927
84,8,0.40,0.9839483813183614
84,8,0.45,0.9898703319592261
84,8,0.50,0.9875748750594534
84,8,0.55,0.9889100830623516
84,8,0.60,0.9865377342122462
84,8,0.65,0.9879658291601047
84,8,0.70,0.9855186680502473
84,8,0.75,0.9867882037500063
84,8,0.80,0.989475269511262
84,8,0.85,0.9884023036747692
84,8,0.90,0.9904714557966675
84,8,0.95,0.9859967447579397
84,9,0.05,0.8435081170200229
84,9,0.10,0.9359235160311532
84,9,0.15,0.9460372583863527
84,9,0.20,0.9702168632161141
84,9,0.25,0.9796224446456103
84,9,0.30,0.9835947884856143
84,9,0.35,0.9836026529634133
84,9,0.40,0.9853903561132327
84,9,0.45,0.9866944461217111
84,9,0.50,0.9867686268676433
84,9,0.55,0.9850747628554377
84,9,0.60,0.988006819238376
84,9,0.65,0.9865519498371889
84,9,0.70,0.9853217980428315
84,9,0.75,0.9888997215352942
84,9,0.80,0.9863524583462684
84,9,0.85,0.986615688406805
84,9,0.90,0.9881323954578612
84,9,0.95,0.9886647512015632
85,0,0.05,0.8618132254758489
85,0,0.10,0.9694611718672975
85,0,0.15,0.9761383772774709
85,0,0.20,0.968736319511394
85,0,0.25,0.9704781193882341
85,0,0.30,0.9849082520603016
85,0,0.35,0.9747038772573642
85,0,0.40,0.9840139840584619
85,0,0.45,0.9827075325469609
85,0,0.50,0.9852856417245797
85,0,0.55,0.9854768013231026
85,0,0.60,0.9842088196757978
85,0,0.65,0.9880720345873674
85,0,0.70,0.9851994759588532
85,0,0.75,0.9870854371487257
85,0,0.80,0.989751217675851
85,0,0.85,0.9883581191266039
85,0,0.90,0.9887514540715046
85,0,0.95,0.9851665032258872
85,1,0.05,0.6797169074287854
85,1,0.10,0.9264727269108288
85,1,0.15,0.9576599520235403
85,1,0.20,0.9761370337732922
85,1,0.25,0.9788944302531591
85,1,0.30,0.9756004885298589
85,1,0.35,0.9795064031334934
85,1,0.40,0.9780810507159011
85,1,0.45,0.9854438020664888
85,1,0.50,0.9836761801218502
85,1,0.55,0.9888682016640884
85,1,0.60,0.9813677869246635
85,1,0.65,0.9861290958805669
85,1,0.70,0.982797101162677
85,1,0.75,0.987519593181241
85,1,0.80,0.9876182489109716
85,1,0.85,0.988703203536536
85,1,0.90,0.9900884272026822
85,1,0.95,0.9865126574673859
85,2,0.05,0.7563196717681007
85,2,0.10,0.9580571678065004
85,2,0.15,0.9597055317986398
85,2,0.20,0.968369640753425
85,2,0.25,0.9754125624645495
85,2,0.30,0.9820172696031454
85,2,0.35,0.9740744565289006
85,2,0.40,0.9873927220575284
85,2,0.45,0.9838508734733705
85,2,0.50,0.9911853301402606
85,2,0.55,0.9854187082438115
85,2,0.60,0.9845626020247682
85,2,0.65,0.9871102765199651
85,2,0.70,0.9886117431939048
85,2,0.75,0.9856157131529986
85,2,0.80,0.9876421123078741
85,2,0.85,0.9849604559899675
85,2,0.90,0.9897602985952636
85,2,0.95,0.9861962712339357
85,3,0.05,0.9378791070772177
85,3,0.10,0.9560195319345263
85,3,0.15,0.9605246248249656
85,3,0.20,0.96398427644407
85,3,0.25,0.9733398862975542
85,3,0.30,0.9780308693959762
85,3,0.35,0.9749933068258713
85,3,0.40,0.9811338565098586
85,3,0.45,0.9828105690887635
85,3,0.50,0.9848260001887165
85,3,0.55,0.9880638145774174
85,3,0.60,0.9878076179782134
85,3,0.65,0.9826233729645026
85,3,0.70,0.9799949174607167
85,3,0.75,0.9859665205401784
85,3,0.80,0.9880719202913635
85,3,0.85,0.9885030309658843
85,3,0.90,0.9885795370065347
85,3,0.95,0.9891530721575186
85,4,0.05,0.8613727176784833
85,4,0.10,0.9429749570750199
85,4,0.15,0.9560663254663653
85,4,0.20,0.943283471392833
85,4,0.25,0.9727685933310906
85,4,0.30,0.9791419805435132
85,4,0.35,0.9813071958035912
85,4,0.40,0.9885452214786746
85,4,0.45,0.9791278372450001
85,4,0.50,0.9887282486916507
85,4,0.55,0.988582363229208
85,4,0.60,0.9874668384912341
85,4,0.65,0.9869711273287364
85,4,0.70,0.988885671759977
85,4,0.75,0.9883815554159191
85,4,0.80,0.9815143337434882
85,4,0.85,0.9889342101432219
85,4,0.90,0.9862186580407291
85,4,0.95,0.9892268430598988
85,5,0.05,0.89887606857723
85,5,0.10,0.9559026749250388
85,5,0.15,0.9476797477314286
85,5,0.20,0.9653367474852411
85,5,0.25,0.9767627372088226
85,5,0.30,0.9754608780514961
85,5,0.35,0.9812575802717557
85,5,0.40,0.9812837958928109
85,5,0.45,0.9861221354401865
85,5,0.50,0.9857196589142576
85,5,0.55,0.9891701135839529
85,5,0.60,0.9866507293445007
85,5,0.65,0.9867981787772583
85,5,0.70,0.9886893553395699
85,5,0.75,0.9884016790180783
85,5,0.80,0.9896328523625555
85,5,0.85,0.9869035300749461
85,5,0.90,0.9899706170660495
85,5,0.95,0.9885095946043978
85,6,0.05,0.8257626133294645
85,6,0.10,0.9584634243822685
85,6,0.15,0.9596782760408803
85,6,0.20,0.9721096103013576
85,6,0.25,0.9791849905336063
85,6,0.30,0.9781509659152166
85,6,0.35,0.9753772576963431
85,6,0.40,0.9807876976891499
85,6,0.45,0.9840576464190126
85,6,0.50,0.9869590997064378
85,6,0.55,0.9835707363324749
85,6,0.60,0.9861496456235058
85,6,0.65,0.9863941124068577
85,6,0.70,0.9892388225894071
85,6,0.75,0.9889022367851577
85,6,0.80,0.9901669632958987
85,6,0.85,0.9908359334582789
85,6,0.90,0.9872998824194636
85,6,0.95,0.9892487584088162
85,7,0.05,0.8193933179714663
85,7,0.10,0.9665568572050341
85,7,0.15,0.9675256741400421
85,7,0.20,0.9606165897977889
85,7,0.25,0.9690140038071999
85,7,0.30,0.9782594175684689
85,7,0.35,0.9815515513792112
85,7,0.40,0.984219491603965
85,7,0.45,0.9809198625337441
85,7,0.50,0.9829771566331363
85,7,0.55,0.988965669875499
85,7,0.60,0.9859145312920085
85,7,0.65,0.9895323612517536
85,7,0.70,0.9862903584020034
85,7,0.75,0.9874428391101422
85,7,0.80,0.9895994245935275
85,7,0.85,0.988161829077837
85,7,0.90,0.9877699423567211
85,7,0.95,0.9891810230133972
85,8,0.05,0.8748215458819233
85,8,0.10,0.9334007742958241
85,8,0.15,0.9603550041157979
85,8,0.20,0.9819523433783953
85,8,0.25,0.963548416210737
85,8,0.30,0.9792022045590056
85,8,0.35,0.9816401741242722
85,8,0.40,0.9844353037412541
85,8,0.45,0.9844858620534215
85,8,0.50,0.9846295897965106
85,8,0.55,0.9832140823056068
85,8,0.60,0.9893181531978739
85,8,0.65,0.9868688223596336
85,8,0.70,0.9881565872344695
85,8,0.75,0.9872799660617455
85,8,0.80,0.9880329463411472
85,8,0.85,0.9880413088329048
85,8,0.90,0.9887485994607276
85,8,0.95,0.9887865754494188
85,9,0.05,0.7671390510157544
85,9,0.10,0.9707884819857555
85,9,0.15,0.9612055908719541
85,9,0.20,0.9788108225619259
85,9,0.25,0.9646718002562972
85,9,0.30,0.9753973010110563
85,9,0.35,0.9830606707316547
85,9,0.40,0.9817133693987307
85,9,0.45,0.9815780090229806
85,9,0.50,0.9804604758332626
85,9,0.55,0.9862604131869042
85,9,0.60,0.9876774972317619
85,9,0.65,0.9896976634043222
85,9,0.70,0.9859472449303172
85,9,0.75,0.9886480788709684
85,9,0.80,0.9893216574656275
85,9,0.85,0.9881903197063153
85,9,0.90,0.9907412968636511
85,9,0.95,0.9891682218036935
86,0,0.05,0.9191792840666192
86,0,0.10,0.9558030320269142
86,0,0.15,0.9720995440059523
86,0,0.20,0.965898916124258
86,0,0.25,0.9814698109325743
86,0,0.30,0.9803392403830282
86,0,0.35,0.9842265199867005
86,0,0.40,0.9842866376841425
86,0,0.45,0.9872650896141786
86,0,0.50,0.9908823248625807
86,0,0.55,0.9910548627669055
86,0,0.60,0.9885909135844647
86,0,0.65,0.9893277130691005
86,0,0.70,0.9881680896605474
86,0,0.75,0.9890473659819353
86,0,0.80,0.9894967732285388
86,0,0.85,0.9857997645195177
86,0,0.90,0.9900119681613178
86,0,0.95,0.9882217497119617
86,1,0.05,0.8863943550115966
86,1,0.10,0.9601954320082271
86,1,0.15,0.9558227601167137
86,1,0.20,0.9630478974968154
86,1,0.25,0.9777652724326239
86,1,0.30,0.9815618709405017
86,1,0.35,0.9809454225542766
86,1,0.40,0.9864503544071246
86,1,0.45,0.9839792290046
86,1,0.50,0.9891419678166228
86,1,0.55,0.9904693176917522
86,1,0.60,0.9824184748391342
86,1,0.65,0.9897158435709114
86,1,0.70,0.9897525249982277
86,1,0.75,0.9889079167380012
86,1,0.80,0.9859551669904145
86,1,0.85,0.9883697068540749
86,1,0.90,0.9885000758775861
86,1,0.95,0.9875480871013911
86,2,0.05,0.8320968157601465
86,2,0.10,0.9727575497426791
86,2,0.15,0.9725961720394265
86,2,0.20,0.97244531270025
86,2,0.25,0.9813531827451139
86,2,0.30,0.9835025627080791
86,2,0.35,0.9801898638455148
86,2,0.40,0.9885426755926715
86,2,0.45,0.9887865661332058
86,2,0.50,0.9883298401262608
86,2,0.55,0.9887888749006666
86,2,0.60,0.986875781635021
86,2,0.65,0.9839028667115436
86,2,0.70,0.9885947153007278
86,2,0.75,0.9884791301266938
86,2,0.80,0.9882871945686056
86,2,0.85,0.9883625650776408
86,2,0.90,0.9878433808546336
86,2,0.95,0.9858304866143824
86,3,0.05,0.7093511688858188
86,3,0.10,0.9592880081131987
86,3,0.15,0.9457843449354224
86,3,0.20,0.9829902084342707
86,3,0.25,0.9795016581361464
86,3,0.30,0.9754334852483709
86,3,0.35,0.9816799966130839
86,3,0.40,0.9884212711557455
86,3,0.45,0.986457127397758
86,3,0.50,0.9868866558180859
86,3,0.55,0.9869034193357442
86,3,0.60,0.9885106033254073
86,3,0.65,0.9867848709710328
86,3,0.70,0.9898035444309946
86,3,0.75,0.9873091408440722
86,3,0.80,0.9855465985424049
86,3,0.85,0.9880779613577608
86,3,0.90,0.9864319278535891
86,3,0.95,0.9907143682697162
86,4,0.05,0.924276765574682
86,4,0.10,0.8357694779529843
86,4,0.15,0.9749554354196782
86,4,0.20,0.9722683931249698
86,4,0.25,0.9763404207134653
86,4,0.30,0.9762409983429653
86,4,0.35,0.9852110416557561
86,4,0.40,0.9838831306542357
86,4,0.45,0.985606405667965
86,4,0.50,0.9833735131165847
86,4,0.55,0.9881186989040475
86,4,0.60,0.9871078361863249
86,4,0.65,0.9862281610250864
86,4,0.70,0.9906100592950496
86,4,0.75,0.9870690341835748
86,4,0.80,0.9873059752020044
86,4,0.85,0.9884240086983682
86,4,0.90,0.9876125923479261
86,4,0.95,0.9869112678616738
86,5,0.05,0.8653077783652144
86,5,0.10,0.9651482862617484
86,5,0.15,0.9590670636965279
86,5,0.20,0.9671355156420484
86,5,0.25,0.9834398804375177
86,5,0.30,0.9825272722345537
86,5,0.35,0.9779877099077108
86,5,0.40,0.9809014487704522
86,5,0.45,0.9874154066570814
86,5,0.50,0.9896213634932286
86,5,0.55,0.9886330405967929
86,5,0.60,0.9876223625971853
86,5,0.65,0.9873124393401805
86,5,0.70,0.9887228604690795
86,5,0.75,0.9898536239456937
86,5,0.80,0.9895540329454896
86,5,0.85,0.9882311257181644
86,5,0.90,0.9911872471131095
86,5,0.95,0.9876771062394816
86,6,0.05,0.8969810949961852
86,6,0.10,0.9309417724147476
86,6,0.15,0.9526893572852927
86,6,0.20,0.9749290189982545
86,6,0.25,0.9693690397243219
86,6,0.30,0.9815021271971892
86,6,0.35,0.9835647538904603
86,6,0.40,0.9852564414467134
86,6,0.45,0.9874361396062828
86,6,0.50,0.9894151929160913
86,6,0.55,0.9903406999396451
86,6,0.60,0.9876599715590741
86,6,0.65,0.9898425665019848
86,6,0.70,0.9891982103273376
86,6,0.75,0.9895083203430629
86,6,0.80,0.9893886608837563
86,6,0.85,0.9869981729894334
86,6,0.90,0.987762522955099
86,6,0.95,0.9890678771908404
86,7,0.05,0.9071410591250687
86,7,0.10,0.9446239908608957
86,7,0.15,0.9638305700443861
86,7,0.20,0.9788019674973623
86,7,0.25,0.9695214778154013
86,7,0.30,0.9840082114562181
86,7,0.35,0.9876091594964491
86,7,0.40,0.9891115960232479
86,7,0.45,0.9871100620783724
86,7,0.50,0.9916671009335488
86,7,0.55,0.9871134860443218
86,7,0.60,0.9882647270218273
86,7,0.65,0.9888789721695146
86,7,0.70,0.9877636300875487
86,7,0.75,0.9888957890138479
86,7,0.80,0.9909221172667286
86,7,0.85,0.9883677997986533
86,7,0.90,0.9866992457089597
86,7,0.95,0.9882050451796116
86,8,0.05,0.6448457381893427
86,8,0.10,0.9381029893436482
86,8,0.15,0.9511670846560674
86,8,0.20,0.9732482697485252
86,8,0.25,0.9734802524330919
86,8,0.30,0.9782975732769091
86,8,0.35,0.981056603078486
86,8,0.40,0.9811076990921256
86,8,0.45,0.9827962493237345
86,8,0.50,0.9885912240882355
86,8,0.55,0.9880425884147256
86,8,0.60,0.9911815626119443
86,8,0.65,0.9902791754273291
86,8,0.70,0.983672745616674
86,8,0.75,0.9859953144175665
86,8,0.80,0.9877285880575044
86,8,0.85,0.9869859950332127
86,8,0.90,0.9879178192166801
86,8,0.95,0.9853739982552804
86,9,0.05,0.9243332892980671
86,9,0.10,0.9562289525622364
86,9,0.15,0.9840997630297189
86,9,0.20,0.9567987609212809
86,9,0.25,0.9728393329513656
86,9,0.30,0.9787068302996746
86,9,0.35,0.9801057062731343
86,9,0.40,0.9834825245586334
86,9,0.45,0.9870694759383811
86,9,0.50,0.9876308930090947
86,9,0.55,0.9869570677628643
86,9,0.60,0.9879478484553832
86,9,0.65,0.9880909283818434
86,9,0.70,0.9866591706818332
86,9,0.75,0.9873436792562034
86,9,0.80,0.9825335682994442
86,9,0.85,0.988283222222375
86,9,0.90,0.9866397102677212
86,9,0.95,0.988161745739241
87,0,0.05,0.8894735428263036
87,0,0.10,0.9469552117766217
87,0,0.15,0.9535678969122143
87,0,0.20,0.9767471054834296
87,0,0.25,0.9707853611415259
87,0,0.30,0.9812221312434585
87,0,0.35,0.9785701832603135
87,0,0.40,0.9823363157263804
87,0,0.45,0.9830602130732417
87,0,0.50,0.9896850486804801
87,0,0.55,0.9867549630203613
87,0,0.60,0.9864951574921308
87,0,0.65,0.9891414932391517
87,0,0.70,0.9903689888447501
87,0,0.75,0.9881485683103103
87,0,0.80,0.9869113349597911
87,0,0.85,0.9885142896890354
87,0,0.90,0.9858208720179739
87,0,0.95,0.9890524178327176
87,1,0.05,0.9184436759746638
87,1,0.10,0.9684165602112121
87,1,0.15,0.9239150496949166
87,1,0.20,0.9660856971592442
87,1,0.25,0.9701465939726996
87,1,0.30,0.9785403520434783
87,1,0.35,0.9822843889458026
87,1,0.40,0.9876925196659968
87,1,0.45,0.9842106081212728
87,1,0.50,0.9838699418502048
87,1,0.55,0.9860947064108585
87,1,0.60,0.9878734839334341
87,1,0.65,0.986896609565604
87,1,0.70,0.9891109479744531
87,1,0.75,0.9860066690159692
87,1,0.80,0.9877865074073959
87,1,0.85,0.9875750845816237
87,1,0.90,0.9897395759471985
87,1,0.95,0.9871736723280466
87,2,0.05,0.8771243893929119
87,2,0.10,0.9317829077907455
87,2,0.15,0.9719391281748793
87,2,0.20,0.9685870617666411
87,2,0.25,0.9705884292239222
87,2,0.30,0.9855901767005895
87,2,0.35,0.9819357490794478
87,2,0.40,0.9816160995039512
87,2,0.45,0.9810786738135682
87,2,0.50,0.982770636557045
87,2,0.55,0.9880699538497918
87,2,0.60,0.9871682926855356
87,2,0.65,0.9894208632078262
87,2,0.70,0.9880100661038934
87,2,0.75,0.9890067057249904
87,2,0.80,0.98687397882337
87,2,0.85,0.9869509865789476
87,2,0.90,0.9861930209636625
87,2,0.95,0.9864219886705251
87,3,0.05,0.9149994926458521
87,3,0.10,0.9453219195345821
87,3,0.15,0.9493989664901612
87,3,0.20,0.9701775222248233
87,3,0.25,0.9706482805020293
87,3,0.30,0.978115824707055
87,3,0.35,0.9824043710664555
87,3,0.40,0.977899041236379
87,3,0.45,0.9858514151864228
87,3,0.50,0.9845254776015572
87,3,0.55,0.9820959400690042
87,3,0.60,0.99002400814947
87,3,0.65,0.9855712316229116
87,3,0.70,0.9876793536374
87,3,0.75,0.9857792922789621
87,3,0.80,0.9865223574984336
87,3,0.85,0.9870774504860422
87,3,0.90,0.9876058978792014
87,3,0.95,0.9904785186007998
87,4,0.05,0.9114557993730422
87,4,0.10,0.9575922233340385
87,4,0.15,0.9730577751300789
87,4,0.20,0.9668891271294736
87,4,0.25,0.9720238488549819
87,4,0.30,0.972194696996542
87,4,0.35,0.9855500374825654
87,4,0.40,0.9785481046828683
87,4,0.45,0.9896151810895828
87,4,0.50,0.9855976648144276
87,4,0.55,0.9883351707940435
87,4,0.60,0.9889339683064784
87,4,0.65,0.9886076411568716
87,4,0.70,0.9875641473890692
87,4,0.75,0.9893890446603952
87,4,0.80,0.9893417251552814
87,4,0.85,0.9894299864043249
87,4,0.90,0.9856524379548018
87,4,0.95,0.9901417056657255
87,5,0.05,0.9207860358899345
87,5,0.10,0.9461284586743854
87,5,0.15,0.9753001746279002
87,5,0.20,0.9798483895765046
87,5,0.25,0.9755913519091267
87,5,0.30,0.9768719607195603
87,5,0.35,0.9818291302653578
87,5,0.40,0.9808633151266116
87,5,0.45,0.9834195795992984
87,5,0.50,0.9852962827411798
87,5,0.55,0.9842131747357112
87,5,0.60,0.9889359464051921
87,5,0.65,0.9878499994484914
87,5,0.70,0.9872742350341692
87,5,0.75,0.9891994440226941
87,5,0.80,0.9878476131738457
87,5,0.85,0.9899557441533969
87,5,0.90,0.9879084337243083
87,5,0.95,0.9826224912305719
87,6,0.05,0.9149014715947545
87,6,0.10,0.9605968068129571
87,6,0.15,0.9654508725838854
87,6,0.20,0.9425735758379982
87,6,0.25,0.9728093882293887
87,6,0.30,0.9747435080680203
87,6,0.35,0.9789642328918352
87,6,0.40,0.9838840730997183
87,6,0.45,0.9848584111914527
87,6,0.50,0.9828598896439811
87,6,0.55,0.9836619854587909
87,6,0.60,0.9861156859943276
87,6,0.65,0.9863336517198757
87,6,0.70,0.9876422923805815
87,6,0.75,0.9875697720604097
87,6,0.80,0.9892469821148814
87,6,0.85,0.9878745630248155
87,6,0.90,0.9886921661365963
87,6,0.95,0.9883316140502415
87,7,0.05,0.8740756052859144
87,7,0.10,0.9432301125419853
87,7,0.15,0.9558503995594756
87,7,0.20,0.972855778254851
87,7,0.25,0.9759945085029239
87,7,0.30,0.9723132251565416
87,7,0.35,0.9805065417744037
87,7,0.40,0.9804299833601563
87,7,0.45,0.984057607877352
87,7,0.50,0.9849492565593055
87,7,0.55,0.9867778252585542
87,7,0.60,0.9905589732211098
87,7,0.65,0.9846447493156544
87,7,0.70,0.986950063607106
87,7,0.75,0.986938428917249
87,7,0.80,0.9878135400675648
87,7,0.85,0.98794607406697
87,7,0.90,0.9896317690604588
87,7,0.95,0.9876749017416152
87,8,0.05,0.860579775384684
87,8,0.10,0.9377522723544562
87,8,0.15,0.9484095117069792
87,8,0.20,0.9371825136000785
87,8,0.25,0.9768311992551157
87,8,0.30,0.9802433907390856
87,8,0.35,0.9833716359640615
87,8,0.40,0.9855622506209057
87,8,0.45,0.9820553465302156
87,8,0.50,0.9839274636115329
87,8,0.55,0.9819861936039372
87,8,0.60,0.9850957958566605
87,8,0.65,0.9894911854751092
87,8,0.70,0.9894855036011777
87,8,0.75,0.9867877756311114
87,8,0.80,0.9818235193360144
87,8,0.85,0.9862431140279039
87,8,0.90,0.9869194117347306
87,8,0.95,0.982215983959798
87,9,0.05,0.8427875223660823
87,9,0.10,0.941752971518824
87,9,0.15,0.9624420359078499
87,9,0.20,0.9457285463697479
87,9,0.25,0.9688390331142983
87,9,0.30,0.975803851452948
87,9,0.35,0.9805082674510501
87,9,0.40,0.9860521344835365
87,9,0.45,0.987215210313444
87,9,0.50,0.9826016467428065
87,9,0.55,0.987388493431154
87,9,0.60,0.9884300737234021
87,9,0.65,0.9875133653796868
87,9,0.70,0.9857906442667547
87,9,0.75,0.9885358360101076
87,9,0.80,0.987333287530114
87,9,0.85,0.9905845378390069
87,9,0.90,0.988823107063245
87,9,0.95,0.9854161132493158
88,0,0.05,0.8172853344506079
88,0,0.10,0.950633259525126
88,0,0.15,0.9455974003762628
88,0,0.20,0.9708954391017399
88,0,0.25,0.9718745464817876
88,0,0.30,0.9800159001198074
88,0,0.35,0.978248955497565
88,0,0.40,0.9780469676281583
88,0,0.45,0.9808833867447001
88,0,0.50,0.9814068974963499
88,0,0.55,0.9836969333458818
88,0,0.60,0.9850867163098112
88,0,0.65,0.9880719482504481
88,0,0.70,0.987797608754276
88,0,0.75,0.9842681294985396
88,0,0.80,0.9897024872104141
88,0,0.85,0.9895334757601649
88,0,0.90,0.9839077730179636
88,0,0.95,0.9886327018434743
88,1,0.05,0.8432236539240602
88,1,0.10,0.9108942206456794
88,1,0.15,0.9086259220811154
88,1,0.20,0.9449621025600116
88,1,0.25,0.9725139226166585
88,1,0.30,0.977905113750267
88,1,0.35,0.9858059583068381
88,1,0.40,0.9781475086494317
88,1,0.45,0.9782611631368239
88,1,0.50,0.9785354923722366
88,1,0.55,0.9785035549994573
88,1,0.60,0.9873627340885128
88,1,0.65,0.9874032328620386
88,1,0.70,0.9884864212021672
88,1,0.75,0.986482410859281
88,1,0.80,0.9855068783045778
88,1,0.85,0.9884210311468948
88,1,0.90,0.9843742165167632
88,1,0.95,0.9884217684387765
88,2,0.05,0.8962655653908209
88,2,0.10,0.9289295017713732
88,2,0.15,0.9499922061694988
88,2,0.20,0.9488560418858829
88,2,0.25,0.9736638043534022
88,2,0.30,0.9761934479528663
88,2,0.35,0.9854074490369324
88,2,0.40,0.9788616435331354
88,2,0.45,0.9813199826675182
88,2,0.50,0.9837230558951776
88,2,0.55,0.9828265532885061
88,2,0.60,0.9867861861318744
88,2,0.65,0.987248736575678
88,2,0.70,0.9858588349324684
88,2,0.75,0.9912993236405087
88,2,0.80,0.985800478639357
88,2,0.85,0.9898056985158895
88,2,0.90,0.9890706830997853
88,2,0.95,0.9895325729597767
88,3,0.05,0.9095830666137364
88,3,0.10,0.9261865724345796
88,3,0.15,0.9363459919543577
88,3,0.20,0.961187386731914
88,3,0.25,0.9549585636464839
88,3,0.30,0.9779677389929167
88,3,0.35,0.9755750050648908
88,3,0.40,0.9705719159912578
88,3,0.45,0.9862958563464844
88,3,0.50,0.9852392920979128
88,3,0.55,0.9839608444992729
88,3,0.60,0.9878523432302125
88,3,0.65,0.9862905507180912
88,3,0.70,0.9875390401101742
88,3,0.75,0.9875686257233229
88,3,0.80,0.9878355414538089
88,3,0.85,0.9873966720052807
88,3,0.90,0.9906758868879102
88,3,0.95,0.9896618049368398
88,4,0.05,0.8810014630943908
88,4,0.10,0.9179819491103316
88,4,0.15,0.9497264410199233
88,4,0.20,0.9636474292976709
88,4,0.25,0.964227850028835
88,4,0.30,0.9779721843205648
88,4,0.35,0.9865656289780785
88,4,0.40,0.9830122337153503
88,4,0.45,0.9801484836245821
88,4,0.50,0.9857790916452522
88,4,0.55,0.9801790449359294
88,4,0.60,0.9860783684306514
88,4,0.65,0.9882193525026816
88,4,0.70,0.9863229456467467
88,4,0.75,0.9876311195232316
88,4,0.80,0.9868573959599457
88,4,0.85,0.9865953912740548
88,4,0.90,0.9865720987466684
88,4,0.95,0.9892205649334743
88,5,0.05,0.9020710456320084
88,5,0.10,0.9298976591976194
88,5,0.15,0.9613168585502784
88,5,0.20,0.9714284555011147
88,5,0.25,0.9736196626419749
88,5,0.30,0.9766300154064321
88,5,0.35,0.9799033625531183
88,5,0.40,0.9832393876427534
88,5,0.45,0.9825604763508791
88,5,0.50,0.985125059607417
88,5,0.55,0.9849969558088914
88,5,0.60,0.9872339664856388
88,5,0.65,0.9888782185607244
88,5,0.70,0.9890968819760505
88,5,0.75,0.9870934912289212
88,5,0.80,0.9885912697078336
88,5,0.85,0.9874844100559864
88,5,0.90,0.9867100320743163
88,5,0.95,0.984953451763418
88,6,0.05,0.9119418210548643
88,6,0.10,0.9328671153057714
88,6,0.15,0.9485161962914237
88,6,0.20,0.9625717442507038
88,6,0.25,0.9734161098460475
88,6,0.30,0.980168613230391
88,6,0.35,0.9786677792149842
88,6,0.40,0.9822589141658599
88,6,0.45,0.9837764271062501
88,6,0.50,0.9816841206145809
88,6,0.55,0.9836963375364397
88,6,0.60,0.9876435638697773
88,6,0.65,0.988217508506977
88,6,0.70,0.9848303784741482
88,6,0.75,0.9897083967402251
88,6,0.80,0.9889743690854137
88,6,0.85,0.9888407800638156
88,6,0.90,0.9860681345610302
88,6,0.95,0.9897882132382845
88,7,0.05,0.9317447600628368
88,7,0.10,0.9468325410754783
88,7,0.15,0.9518358782483061
88,7,0.20,0.9703636365850844
88,7,0.25,0.9701884771282371
88,7,0.30,0.9740716919089211
88,7,0.35,0.9752583563185024
88,7,0.40,0.9808845000112774
88,7,0.45,0.9877845622419741
88,7,0.50,0.9811792973561102
88,7,0.55,0.9824865659909848
88,7,0.60,0.987113731872644
88,7,0.65,0.9905334957982271
88,7,0.70,0.9872718153758981
88,7,0.75,0.9888435300199991
88,7,0.80,0.9875179426885068
88,7,0.85,0.9878454222688914
88,7,0.90,0.9897123896464699
88,7,0.95,0.9865136670193888
88,8,0.05,0.940853138849673
88,8,0.10,0.8133914483746907
88,8,0.15,0.971393658327384
88,8,0.20,0.9739138986173501
88,8,0.25,0.9721049526733649
88,8,0.30,0.9793424698564488
88,8,0.35,0.9780583594001917
88,8,0.40,0.9808936531038119
88,8,0.45,0.9835776645049811
88,8,0.50,0.9843237317330749
88,8,0.55,0.9820878835338789
88,8,0.60,0.9858571230591777
88,8,0.65,0.9892968126403744
88,8,0.70,0.9886003555131677
88,8,0.75,0.9871460439023125
88,8,0.80,0.9877383318293749
88,8,0.85,0.9860888575530306
88,8,0.90,0.990176449378653
88,8,0.95,0.9899577713771435
88,9,0.05,0.8490375819396669
88,9,0.10,0.9293956144423899
88,9,0.15,0.9448802783766909
88,9,0.20,0.9705831212781282
88,9,0.25,0.9800507887136203
88,9,0.30,0.9795604034274982
88,9,0.35,0.9791699749183973
88,9,0.40,0.9826598343087091
88,9,0.45,0.9817371372578111
88,9,0.50,0.9820301637763972
88,9,0.55,0.9845994431887631
88,9,0.60,0.9801188239337091
88,9,0.65,0.9866791930231454
88,9,0.70,0.9863709062640214
88,9,0.75,0.9846721167142408
88,9,0.80,0.9875592133888648
88,9,0.85,0.9871028047927622
88,9,0.90,0.9858488002245968
88,9,0.95,0.9896111928437558
89,0,0.05,0.9234187422894246
89,0,0.10,0.9389215766875277
89,0,0.15,0.9642181341550807
89,0,0.20,0.977659059639395
89,0,0.25,0.9811190594225442
89,0,0.30,0.9767454769150742
89,0,0.35,0.9809767781543798
89,0,0.40,0.9834224547880238
89,0,0.45,0.9855351538706562
89,0,0.50,0.9854659164642122
89,0,0.55,0.9854807789032699
89,0,0.60,0.987241205375466
89,0,0.65,0.9892689514466987
89,0,0.70,0.9883218026866658
89,0,0.75,0.989712460200658
89,0,0.80,0.9904802739338555
89,0,0.85,0.9869542310069342
89,0,0.90,0.9899363172637247
89,0,0.95,0.9907599557509184
89,1,0.05,0.7521797976890704
89,1,0.10,0.9433237742262599
89,1,0.15,0.9322084665044166
89,1,0.20,0.9456759945585037
89,1,0.25,0.9762664411707738
89,1,0.30,0.9806518677856937
89,1,0.35,0.9816406454239284
89,1,0.40,0.9830033640511288
89,1,0.45,0.9864245449162674
89,1,0.50,0.9881839877917994
89,1,0.55,0.9893499900387847
89,1,0.60,0.9859962057920274
89,1,0.65,0.9849942130185618
89,1,0.70,0.987945262610809
89,1,0.75,0.9896009048865321
89,1,0.80,0.9887443124428655
89,1,0.85,0.9885075677461546
89,1,0.90,0.9863302730455864
89,1,0.95,0.9903406971353216
89,2,0.05,0.8573992730903306
89,2,0.10,0.960579438003745
89,2,0.15,0.9401031508848798
89,2,0.20,0.9714998311045826
89,2,0.25,0.9369396354845755
89,2,0.30,0.9752755989965948
89,2,0.35,0.9782883755017909
89,2,0.40,0.9847481660292073
89,2,0.45,0.985619379049196
89,2,0.50,0.9856379610574636
89,2,0.55,0.987737310501049
89,2,0.60,0.9856339534373317
89,2,0.65,0.9840501426660825
89,2,0.70,0.989963674823414
89,2,0.75,0.9853397545190118
89,2,0.80,0.9907045409087546
89,2,0.85,0.9872175361334834
89,2,0.90,0.9889773967411156
89,2,0.95,0.9869953168142815
89,3,0.05,0.7542735495083162
89,3,0.10,0.9126603846337926
89,3,0.15,0.9416003360548361
89,3,0.20,0.9527577791631097
89,3,0.25,0.9406891805679198
89,3,0.30,0.9749122093264021
89,3,0.35,0.9830044401633017
89,3,0.40,0.9581796285110545
89,3,0.45,0.981840138485522
89,3,0.50,0.9877205451279114
89,3,0.55,0.9850381127759144
89,3,0.60,0.987117400138418
89,3,0.65,0.9872196143270024
89,3,0.70,0.9892574889916275
89,3,0.75,0.9899326126883367
89,3,0.80,0.9897659691217636
89,3,0.85,0.9895274163270028
89,3,0.90,0.988949000869438
89,3,0.95,0.98689119734086
89,4,0.05,0.83270509711404
89,4,0.10,0.9180560813587364
89,4,0.15,0.9437125023662465
89,4,0.20,0.9795966370244761
89,4,0.25,0.983992318574406
89,4,0.30,0.9810367449507764
89,4,0.35,0.9850954988685947
89,4,0.40,0.9800140864905031
89,4,0.45,0.9852600201490392
89,4,0.50,0.9838614633585293
89,4,0.55,0.9868729369230909
89,4,0.60,0.9861243328122558
89,4,0.65,0.987724825966413
89,4,0.70,0.9868415349699996
89,4,0.75,0.987156794047608
89,4,0.80,0.9876672878291328
89,4,0.85,0.9864291444622098
89,4,0.90,0.9879148896199077
89,4,0.95,0.9870202694135635
89,5,0.05,0.8124954289043235
89,5,0.10,0.952546655373992
89,5,0.15,0.9600082674957493
89,5,0.20,0.9746218977200354
89,5,0.25,0.9741064550591241
89,5,0.30,0.9761231181905092
89,5,0.35,0.977154696059333
89,5,0.40,0.9848953013878781
89,5,0.45,0.9813886143956018
89,5,0.50,0.9825409852042248
89,5,0.55,0.982146171201842
89,5,0.60,0.9856704313022656
89,5,0.65,0.9896976186341744
89,5,0.70,0.9882309679445955
89,5,0.75,0.9864313894262741
89,5,0.80,0.9880842705249305
89,5,0.85,0.988624371996912
89,5,0.90,0.9871221328498434
89,5,0.95,0.9863640508484193
89,6,0.05,0.8030056283964311
89,6,0.10,0.9605396944016626
89,6,0.15,0.9449095622417099
89,6,0.20,0.9689296591702972
89,6,0.25,0.9775858164682792
89,6,0.30,0.9734696800778427
89,6,0.35,0.977738336479904
89,6,0.40,0.9769093117527576
89,6,0.45,0.9876066834526716
89,6,0.50,0.9866313399098522
89,6,0.55,0.9887018768520319
89,6,0.60,0.9836728857073113
89,6,0.65,0.9905256631849543
89,6,0.70,0.9870075028574627
89,6,0.75,0.9842832383401076
89,6,0.80,0.9881292491913404
89,6,0.85,0.9876503502903172
89,6,0.90,0.9877692209217955
89,6,0.95,0.9866579257704775
89,7,0.05,0.8907914505520426
89,7,0.10,0.9210892309005578
89,7,0.15,0.960371080666301
89,7,0.20,0.980475443307484
89,7,0.25,0.9622446411874448
89,7,0.30,0.9367234237707287
89,7,0.35,0.9822168740671302
89,7,0.40,0.9821052732874342
89,7,0.45,0.9856145677845057
89,7,0.50,0.9881966802477034
89,7,0.55,0.9862866280957304
89,7,0.60,0.9872300101260688
89,7,0.65,0.9875524424956854
89,7,0.70,0.9901640345703133
89,7,0.75,0.9885712332255716
89,7,0.80,0.9898385785511644
89,7,0.85,0.9891234856160384
89,7,0.90,0.9897215060023637
89,7,0.95,0.9883302302329108
89,8,0.05,0.861021130230658
89,8,0.10,0.9088623751376581
89,8,0.15,0.9538462306856689
89,8,0.20,0.9669631362905458
89,8,0.25,0.9322747088022637
89,8,0.30,0.9816444324443626
89,8,0.35,0.9857485636328956
89,8,0.40,0.9816504204042531
89,8,0.45,0.9801166541913584
89,8,0.50,0.9860090933684629
89,8,0.55,0.9823336297888283
89,8,0.60,0.9849738494493296
89,8,0.65,0.986704721096635
89,8,0.70,0.9879784753280616
89,8,0.75,0.986323242519288
89,8,0.80,0.984927507969346
89,8,0.85,0.9883129969690341
89,8,0.90,0.9858968963886353
89,8,0.95,0.9885630507293546
89,9,0.05,0.6288880253117453
89,9,0.10,0.9495795814047922
89,9,0.15,0.9304926483095354
89,9,0.20,0.9621783939818803
89,9,0.25,0.9721053860438089
89,9,0.30,0.9772601251081965
89,9,0.35,0.9840654362585384
89,9,0.40,0.9858877494023127
89,9,0.45,0.9870383486808165
89,9,0.50,0.9861542885282996
89,9,0.55,0.9885593575851266
89,9,0.60,0.9903513157999116
89,9,0.65,0.9895570422864912
89,9,0.70,0.9875900118298149
89,9,0.75,0.9875300418264548
89,9,0.80,0.9887026138124948
89,9,0.85,0.988934012745011
89,9,0.90,0.9871069918353388
89,9,0.95,0.9881439428012627
90,0,0.05,0.9027907655149037
90,0,0.10,0.9259211929874568
90,0,0.15,0.9426716239497586
90,0,0.20,0.9660596409299504
90,0,0.25,0.9862934511559898
90,0,0.30,0.9820042416713489
90,0,0.35,0.9840808483880977
90,0,0.40,0.9882621734979258
90,0,0.45,0.984080641651974
90,0,0.50,0.9872979407440674
90,0,0.55,0.9865194357285123
90,0,0.60,0.9891435815755161
90,0,0.65,0.990504934513149
90,0,0.70,0.9888772130265278
90,0,0.75,0.9903912128651741
90,0,0.80,0.988854852311026
90,0,0.85,0.9883928224564635
90,0,0.90,0.9897960550866342
90,0,0.95,0.987591481239263
90,1,0.05,0.9267299641437677
90,1,0.10,0.930477608817864
90,1,0.15,0.9719928703440976
90,1,0.20,0.9784122926755886
90,1,0.25,0.9366650144140435
90,1,0.30,0.9839070210483127
90,1,0.35,0.9845206917911188
90,1,0.40,0.985973853599406
90,1,0.45,0.9886874000049763
90,1,0.50,0.9865796750276433
90,1,0.55,0.9859621538694381
90,1,0.60,0.9894403829773545
90,1,0.65,0.9871936056438828
90,1,0.70,0.9893858452300915
90,1,0.75,0.9876226677489212
90,1,0.80,0.988686037706217
90,1,0.85,0.9899163960327431
90,1,0.90,0.9843997548503499
90,1,0.95,0.9861745062391388
90,2,0.05,0.8429784865685845
90,2,0.10,0.8988900240790814
90,2,0.15,0.9751077488398935
90,2,0.20,0.9640328307733051
90,2,0.25,0.9738708373586076
90,2,0.30,0.9864779091573431
90,2,0.35,0.9826805480926869
90,2,0.40,0.9834478139699009
90,2,0.45,0.9838941849850436
90,2,0.50,0.9873636742129751
90,2,0.55,0.9895168442157002
90,2,0.60,0.9884694423985373
90,2,0.65,0.9890885534949589
90,2,0.70,0.9872915297700304
90,2,0.75,0.9897874183564813
90,2,0.80,0.9895889241256411
90,2,0.85,0.9853221941237214
90,2,0.90,0.9888891945316501
90,2,0.95,0.9908841896221375
90,3,0.05,0.8181474910343082
90,3,0.10,0.9307609633110954
90,3,0.15,0.9642580893849244
90,3,0.20,0.9840603983597837
90,3,0.25,0.9799427670298807
90,3,0.30,0.9701080802680652
90,3,0.35,0.983164872717357
90,3,0.40,0.9831115627898154
90,3,0.45,0.9841316153114512
90,3,0.50,0.9859313887785813
90,3,0.55,0.9834149304886758
90,3,0.60,0.9890703494914288
90,3,0.65,0.9883563753791131
90,3,0.70,0.9867512518461424
90,3,0.75,0.9879410106654373
90,3,0.80,0.9901241511589842
90,3,0.85,0.9883487348772618
90,3,0.90,0.9898809750838776
90,3,0.95,0.9883038766714304
90,4,0.05,0.8886279496046292
90,4,0.10,0.9576880328539998
90,4,0.15,0.9585162994663775
90,4,0.20,0.97504499686079
90,4,0.25,0.9797491632124731
90,4,0.30,0.9838059946201462
90,4,0.35,0.9861672505433793
90,4,0.40,0.9835602848391379
90,4,0.45,0.9862981404965856
90,4,0.50,0.9847203512049492
90,4,0.55,0.9859400054315747
90,4,0.60,0.9863997950759074
90,4,0.65,0.9876011383922663
90,4,0.70,0.9879532667132422
90,4,0.75,0.9867087338107356
90,4,0.80,0.9909749132212717
90,4,0.85,0.9893940073489169
90,4,0.90,0.9891991718086087
90,4,0.95,0.9894077484804465
90,5,0.05,0.9043012764634993
90,5,0.10,0.9464251426456379
90,5,0.15,0.9737023075389545
90,5,0.20,0.9620040945613241
90,5,0.25,0.9830567010193195
90,5,0.30,0.9773523109531637
90,5,0.35,0.975023734056007
90,5,0.40,0.9883865972907071
90,5,0.45,0.9860639015407909
90,5,0.50,0.9846148481475704
90,5,0.55,0.9861278278465512
90,5,0.60,0.9855555133637065
90,5,0.65,0.9890402201621379
90,5,0.70,0.9892693760021961
90,5,0.75,0.9860241482190609
90,5,0.80,0.9885234515438088
90,5,0.85,0.9863294320761073
90,5,0.90,0.9891512907503986
90,5,0.95,0.9876061186636746
90,6,0.05,0.861926369766825
90,6,0.10,0.9526039029301318
90,6,0.15,0.9560079402999837
90,6,0.20,0.9703695957111359
90,6,0.25,0.9792572415223989
90,6,0.30,0.9812751568056511
90,6,0.35,0.9847694517776672
90,6,0.40,0.9884087737438406
90,6,0.45,0.9893801410628572
90,6,0.50,0.989601255474841
90,6,0.55,0.986150906997235
90,6,0.60,0.9904380171401327
90,6,0.65,0.9885819780034018
90,6,0.70,0.9849903791860247
90,6,0.75,0.9904574100345797
90,6,0.80,0.9862698733266397
90,6,0.85,0.9863525968399536
90,6,0.90,0.9832542585639352
90,6,0.95,0.9903449513891495
90,7,0.05,0.8858956072539482
90,7,0.10,0.9623099982517316
90,7,0.15,0.9768804015607987
90,7,0.20,0.9733814760762564
90,7,0.25,0.9710586880663697
90,7,0.30,0.9785700367457806
90,7,0.35,0.9764123539193471
90,7,0.40,0.9889445331341993
90,7,0.45,0.9861116650068734
90,7,0.50,0.9897739326136232
90,7,0.55,0.9858698808950668
90,7,0.60,0.9883952706940349
90,7,0.65,0.9878437315846518
90,7,0.70,0.988558154149838
90,7,0.75,0.9902809382002924
90,7,0.80,0.9880257167277885
90,7,0.85,0.9900713583114729
90,7,0.90,0.9869634588046228
90,7,0.95,0.9869700814759574
90,8,0.05,0.8909162358964027
90,8,0.10,0.8969668718353178
90,8,0.15,0.9796107316498793
90,8,0.20,0.9695008252186945
90,8,0.25,0.9666054988663831
90,8,0.30,0.9778845752654022
90,8,0.35,0.9869809338542589
90,8,0.40,0.9812694325775732
90,8,0.45,0.985062400251376
90,8,0.50,0.9876699488471835
90,8,0.55,0.9839289632202801
90,8,0.60,0.9838938863550103
90,8,0.65,0.9885195245692747
90,8,0.70,0.9887336258705111
90,8,0.75,0.9827814326046566
90,8,0.80,0.9870436813175222
90,8,0.85,0.989399504934224
90,8,0.90,0.9880039330236174
90,8,0.95,0.9879820054908923
90,9,0.05,0.7569243540395556
90,9,0.10,0.9467938708914143
90,9,0.15,0.9164754099992732
90,9,0.20,0.9725198072217788
90,9,0.25,0.9772166281175284
90,9,0.30,0.9840701194411429
90,9,0.35,0.9874744521094913
90,9,0.40,0.9844918768953249
90,9,0.45,0.9861853843616692
90,9,0.50,0.9835147423564224
90,9,0.55,0.9870193991151162
90,9,0.60,0.9860683534115984
90,9,0.65,0.9900415883360028
90,9,0.70,0.9892855647025569
90,9,0.75,0.9877253880527418
90,9,0.80,0.9853479537837552
90,9,0.85,0.9897364726138448
90,9,0.90,0.9883754776767727
90,9,0.95,0.9883185610356006
91,0,0.05,0.8271362080771643
91,0,0.10,0.8928741249773587
91,0,0.15,0.9391104182948928
91,0,0.20,0.9575151519013793
91,0,0.25,0.9684833824173443
91,0,0.30,0.9626288361717203
91,0,0.35,0.9701067634677705
91,0,0.40,0.9725203832686297
91,0,0.45,0.9823273822363391
91,0,0.50,0.9869463173837981
91,0,0.55,0.9863658379071851
91,0,0.60,0.987864042593916
91,0,0.65,0.9899032418451034
91,0,0.70,0.9861794410153286
91,0,0.75,0.9902764387600312
91,0,0.80,0.9901675582934637
91,0,0.85,0.9865675883029428
91,0,0.90,0.987649727749071
91,0,0.95,0.9891159956534603
91,1,0.05,0.8728127462197732
91,1,0.10,0.8962508266497713
91,1,0.15,0.9497224188509075
91,1,0.20,0.961482961625474
91,1,0.25,0.9771381424164096
91,1,0.30,0.9616668256300656
91,1,0.35,0.9846948880331087
91,1,0.40,0.984892587184425
91,1,0.45,0.9841872286852552
91,1,0.50,0.9876145929234778
91,1,0.55,0.9869502621533803
91,1,0.60,0.9899763379532025
91,1,0.65,0.9888698334910554
91,1,0.70,0.9879206998074521
91,1,0.75,0.987661039227379
91,1,0.80,0.9892926104960036
91,1,0.85,0.984143715833161
91,1,0.90,0.9856497047271293
91,1,0.95,0.9876942346178241
91,2,0.05,0.9089193026051492
91,2,0.10,0.9184201122754339
91,2,0.15,0.9615743778678225
91,2,0.20,0.9743272491748733
91,2,0.25,0.9792426634934194
91,2,0.30,0.9857434198300993
91,2,0.35,0.9841841808242452
91,2,0.40,0.9855878631761223
91,2,0.45,0.9863928796002985
91,2,0.50,0.98611968240293
91,2,0.55,0.9831328380249277
91,2,0.60,0.9899732912673533
91,2,0.65,0.9892030397708347
91,2,0.70,0.9904353283074824
91,2,0.75,0.9893205732525739
91,2,0.80,0.9881299022895974
91,2,0.85,0.987584850473923
91,2,0.90,0.9889930514929987
91,2,0.95,0.9887517384861585
91,3,0.05,0.935188808467116
91,3,0.10,0.9209537415993787
91,3,0.15,0.9467166042989187
91,3,0.20,0.9600758080609071
91,3,0.25,0.9713496924905841
91,3,0.30,0.9781985368591474
91,3,0.35,0.9857283473711786
91,3,0.40,0.984913357767099
91,3,0.45,0.9804343053951967
91,3,0.50,0.9824675619091159
91,3,0.55,0.9818439280417409
91,3,0.60,0.9867792308895124
91,3,0.65,0.9903560993444032
91,3,0.70,0.9863327515393574
91,3,0.75,0.9888090645675267
91,3,0.80,0.9827881889270246
91,3,0.85,0.9900357448443706
91,3,0.90,0.988378531988237
91,3,0.95,0.9877823446224641
91,4,0.05,0.8430170151177349
91,4,0.10,0.9002435649439824
91,4,0.15,0.9660159346183006
91,4,0.20,0.9569276896163851
91,4,0.25,0.9781894943849452
91,4,0.30,0.9746579463144086
91,4,0.35,0.9823137249020432
91,4,0.40,0.9820571748769983
91,4,0.45,0.9853123011543206
91,4,0.50,0.9778824637067736
91,4,0.55,0.9839436526707154
91,4,0.60,0.9878947813237406
91,4,0.65,0.9876349961145581
91,4,0.70,0.989579912358981
91,4,0.75,0.9911375355290986
91,4,0.80,0.9858310810569425
91,4,0.85,0.9898366632880816
91,4,0.90,0.9876875544852028
91,4,0.95,0.9875514312816562
91,5,0.05,0.7383617846260007
91,5,0.10,0.9477191552868406
91,5,0.15,0.935426394874195
91,5,0.20,0.9491295991049737
91,5,0.25,0.9717789137614204
91,5,0.30,0.9823413691176488
91,5,0.35,0.9773504472318479
91,5,0.40,0.9806920229520143
91,5,0.45,0.9874849802236747
91,5,0.50,0.9889064853263618
91,5,0.55,0.987296861706446
91,5,0.60,0.9842650245434701
91,5,0.65,0.9848912707106025
91,5,0.70,0.9869732926823013
91,5,0.75,0.9885114156617932
91,5,0.80,0.9894316415209001
91,5,0.85,0.988705144450818
91,5,0.90,0.9877811163101629
91,5,0.95,0.9901280930012969
91,6,0.05,0.9465809373123014
91,6,0.10,0.9267124994784016
91,6,0.15,0.9489879231171701
91,6,0.20,0.9475598660568624
91,6,0.25,0.9584897258825139
91,6,0.30,0.9818377348938213
91,6,0.35,0.979329606619058
91,6,0.40,0.98927317492938
91,6,0.45,0.9850579969639898
91,6,0.50,0.9858858769783176
91,6,0.55,0.9882765815716679
91,6,0.60,0.9848116159650098
91,6,0.65,0.9891736979310822
91,6,0.70,0.984580227144571
91,6,0.75,0.9886143270924681
91,6,0.80,0.9878217225366338
91,6,0.85,0.9839830035117672
91,6,0.90,0.9869257900046261
91,6,0.95,0.9889916014365011
91,7,0.05,0.7511410193844437
91,7,0.10,0.8806852343309866
91,7,0.15,0.9566639172133075
91,7,0.20,0.9746937042562736
91,7,0.25,0.973803746927697
91,7,0.30,0.9827459621158314
91,7,0.35,0.9787641336798308
91,7,0.40,0.9828084865824147
91,7,0.45,0.9870652465007591
91,7,0.50,0.987809081074403
91,7,0.55,0.9857673379626618
91,7,0.60,0.9848289423891284
91,7,0.65,0.9873075371003898
91,7,0.70,0.9869668363984022
91,7,0.75,0.9865521877752745
91,7,0.80,0.9848921841431182
91,7,0.85,0.98960475820871
91,7,0.90,0.9884650478478775
91,7,0.95,0.9840058107492309
91,8,0.05,0.9036256913838036
91,8,0.10,0.850450234269756
91,8,0.15,0.9462715596875346
91,8,0.20,0.9186126660582017
91,8,0.25,0.9781447321003053
91,8,0.30,0.9736777373121843
91,8,0.35,0.9707549123009418
91,8,0.40,0.985364869386912
91,8,0.45,0.9867676918604629
91,8,0.50,0.981907742762588
91,8,0.55,0.9858137555362372
91,8,0.60,0.983798519451748
91,8,0.65,0.9861307385299337
91,8,0.70,0.9897826650155438
91,8,0.75,0.9886994572486165
91,8,0.80,0.9894976456664779
91,8,0.85,0.9848478114591065
91,8,0.90,0.9872268253481227
91,8,0.95,0.9880067480150655
91,9,0.05,0.9003613441520235
91,9,0.10,0.9185787737506782
91,9,0.15,0.9543519393221902
91,9,0.20,0.9652213196251146
91,9,0.25,0.9793422104669812
91,9,0.30,0.9774805074931275
91,9,0.35,0.979127755253874
91,9,0.40,0.9855105656973622
91,9,0.45,0.9819047206009694
91,9,0.50,0.9830003614589646
91,9,0.55,0.9865064862217506
91,9,0.60,0.9876071752473786
91,9,0.65,0.9876713475527487
91,9,0.70,0.985925620528209
91,9,0.75,0.9880921366413369
91,9,0.80,0.9887370118382371
91,9,0.85,0.9866958718804808
91,9,0.90,0.987333600677212
91,9,0.95,0.9891979584433992
92,0,0.05,0.9154579157803466
92,0,0.10,0.9012251016603301
92,0,0.15,0.9426894188294812
92,0,0.20,0.9683989348984294
92,0,0.25,0.9813015176483607
92,0,0.30,0.9829749530496207
92,0,0.35,0.9817545752232923
92,0,0.40,0.9863101744503543
92,0,0.45,0.9846844763323729
92,0,0.50,0.9879446344408989
92,0,0.55,0.9858780831423494
92,0,0.60,0.988633385523538
92,0,0.65,0.9889165373214763
92,0,0.70,0.9881301731811865
92,0,0.75,0.9865609025471774
92,0,0.80,0.9878780365319701
92,0,0.85,0.9874665592137848
92,0,0.90,0.9873959102194931
92,0,0.95,0.9895587839969687
92,1,0.05,0.8598095437379292
92,1,0.10,0.9050946588808371
92,1,0.15,0.9655765723002971
92,1,0.20,0.9527304615806428
92,1,0.25,0.9817191826983434
92,1,0.30,0.9762475554040826
92,1,0.35,0.9729413663530067
92,1,0.40,0.980251878588995
92,1,0.45,0.985672252532103
92,1,0.50,0.9829820760522533
92,1,0.55,0.9812427797571237
92,1,0.60,0.9847562571761356
92,1,0.65,0.986700429203695
92,1,0.70,0.9840524255684145
92,1,0.75,0.9869765255832802
92,1,0.80,0.9896575220289864
92,1,0.85,0.9859024517666145
92,1,0.90,0.9876116606208665
92,1,0.95,0.988005737342257
92,2,0.05,0.7770409495616291
92,2,0.10,0.9469303421734465
92,2,0.15,0.964738498048318
92,2,0.20,0.9626684081395684
92,2,0.25,0.9736536346009108
92,2,0.30,0.9806232742396043
92,2,0.35,0.9826040601454633
92,2,0.40,0.9826089859718254
92,2,0.45,0.983509490458186
92,2,0.50,0.9830365145442662
92,2,0.55,0.986960121522118
92,2,0.60,0.9891881938811844
92,2,0.65,0.9879399236682856
92,2,0.70,0.9855979246427342
92,2,0.75,0.9856382480020981
92,2,0.80,0.9854475585631061
92,2,0.85,0.9867695951114258
92,2,0.90,0.9897813763152239
92,2,0.95,0.9871660486271091
92,3,0.05,0.7509815582556758
92,3,0.10,0.8553072655944434
92,3,0.15,0.9762998620911586
92,3,0.20,0.9661010396544717
92,3,0.25,0.9611392402421224
92,3,0.30,0.9786415215727265
92,3,0.35,0.9776503020124414
92,3,0.40,0.9805420407097198
92,3,0.45,0.9815833339606675
92,3,0.50,0.9860803927436197
92,3,0.55,0.9819260858315303
92,3,0.60,0.9903131703838474
92,3,0.65,0.9864829477960075
92,3,0.70,0.9859472779275099
92,3,0.75,0.9901568575274525
92,3,0.80,0.990732357548638
92,3,0.85,0.9895159765930668
92,3,0.90,0.9900189510411789
92,3,0.95,0.9879800539081265
92,4,0.05,0.8492488010535535
92,4,0.10,0.8915432052178558
92,4,0.15,0.9628502828305827
92,4,0.20,0.967055133314011
92,4,0.25,0.9740436129032113
92,4,0.30,0.9750111571353214
92,4,0.35,0.9810652840087998
92,4,0.40,0.985191429554055
92,4,0.45,0.98312112688126
92,4,0.50,0.9910671223640544
92,4,0.55,0.9870495401913449
92,4,0.60,0.9868447226198364
92,4,0.65,0.9858862164696613
92,4,0.70,0.9867563274105415
92,4,0.75,0.9865128977123226
92,4,0.80,0.9846224556484097
92,4,0.85,0.9867278918709761
92,4,0.90,0.9887460611526426
92,4,0.95,0.9856279233203517
92,5,0.05,0.883507388462486
92,5,0.10,0.9607180126990873
92,5,0.15,0.9573623592880083
92,5,0.20,0.9726602327709964
92,5,0.25,0.9800574245547374
92,5,0.30,0.979397052769573
92,5,0.35,0.9752615331264061
92,5,0.40,0.9824673586115459
92,5,0.45,0.9849804314438511
92,5,0.50,0.9843628256083465
92,5,0.55,0.9863707201717333
92,5,0.60,0.9884474507182796
92,5,0.65,0.9872060361050681
92,5,0.70,0.9893932847076776
92,5,0.75,0.9862737594623182
92,5,0.80,0.9858778573917939
92,5,0.85,0.9868297116861228
92,5,0.90,0.9863027481397664
92,5,0.95,0.9883118097418369
92,6,0.05,0.8676908799978541
92,6,0.10,0.968392167909307
92,6,0.15,0.9577328170248478
92,6,0.20,0.9744312207089681
92,6,0.25,0.976585576578974
92,6,0.30,0.9761365564856568
92,6,0.35,0.9776451338966633
92,6,0.40,0.9803055478237057
92,6,0.45,0.9879716148271408
92,6,0.50,0.9806495688952724
92,6,0.55,0.9858034621632628
92,6,0.60,0.9846752020964271
92,6,0.65,0.9856760162509659
92,6,0.70,0.9871616506187765
92,6,0.75,0.981873564684074
92,6,0.80,0.9887246916327588
92,6,0.85,0.9883432913735054
92,6,0.90,0.9854527462568072
92,6,0.95,0.9899956845500645
92,7,0.05,0.8807636397988138
92,7,0.10,0.9035245394798942
92,7,0.15,0.9679042421300009
92,7,0.20,0.9655375849110253
92,7,0.25,0.977363485826059
92,7,0.30,0.9746809569264213
92,7,0.35,0.9685832925181119
92,7,0.40,0.9793067620999643
92,7,0.45,0.9781317018696111
92,7,0.50,0.983827386103172
92,7,0.55,0.9794935861511074
92,7,0.60,0.9840228980784239
92,7,0.65,0.9854860349388155
92,7,0.70,0.9875106303360107
92,7,0.75,0.9894232721106163
92,7,0.80,0.9841411337649757
92,7,0.85,0.9912272563440288
92,7,0.90,0.9883449994314456
92,7,0.95,0.9871843675824542
92,8,0.05,0.9142241495785638
92,8,0.10,0.9136665865255089
92,8,0.15,0.9684513624724379
92,8,0.20,0.9695950953747505
92,8,0.25,0.9806306948665734
92,8,0.30,0.9688480971805327
92,8,0.35,0.9831709964819454
92,8,0.40,0.9856397019748582
92,8,0.45,0.9863229331336063
92,8,0.50,0.9819421860904771
92,8,0.55,0.985331473555282
92,8,0.60,0.9857171886780509
92,8,0.65,0.985491950677001
92,8,0.70,0.9885396063789553
92,8,0.75,0.9870315309124431
92,8,0.80,0.9859499872014915
92,8,0.85,0.989203908445579
92,8,0.90,0.9890042773687303
92,8,0.95,0.9860999898145429
92,9,0.05,0.8853499076351423
92,9,0.10,0.9406830935863976
92,9,0.15,0.9577088537439538
92,9,0.20,0.9633008540596478
92,9,0.25,0.9815452294854118
92,9,0.30,0.9787733552864976
92,9,0.35,0.9823788337786101
92,9,0.40,0.9797218685368952
92,9,0.45,0.981556762992679
92,9,0.50,0.9843030245697076
92,9,0.55,0.9810511270956095
92,9,0.60,0.9854142380274145
92,9,0.65,0.9877082700523524
92,9,0.70,0.9900148451389615
92,9,0.75,0.989505322827484
92,9,0.80,0.9859585909683968
92,9,0.85,0.9877742607375414
92,9,0.90,0.9882593009721544
92,9,0.95,0.9884929445136709
93,0,0.05,0.8720386658783691
93,0,0.10,0.9448963968986765
93,0,0.15,0.9661418592950587
93,0,0.20,0.9745774792211592
93,0,0.25,0.9744007007265836
93,0,0.30,0.973420994747212
93,0,0.35,0.9802608268114672
93,0,0.40,0.9814055622607213
93,0,0.45,0.986015996619933
93,0,0.50,0.9870346544561106
93,0,0.55,0.9880592561636536
93,0,0.60,0.9884691349897224
93,0,0.65,0.9874770320208618
93,0,0.70,0.9878718402583444
93,0,0.75,0.9858820086553263
93,0,0.80,0.9842764495346559
93,0,0.85,0.9891571940606175
93,0,0.90,0.9858521454951276
93,0,0.95,0.9871216840861549
93,1,0.05,0.9339509775015666
93,1,0.10,0.907948013368088
93,1,0.15,0.9446642537410448
93,1,0.20,0.9613710835979766
93,1,0.25,0.9780117450492514
93,1,0.30,0.9730454957506038
93,1,0.35,0.9834767214573341
93,1,0.40,0.9848082338374627
93,1,0.45,0.9851815133655727
93,1,0.50,0.9886997661835044
93,1,0.55,0.9903649913058884
93,1,0.60,0.9886957625846678
93,1,0.65,0.9865012268147625
93,1,0.70,0.9881267700060835
93,1,0.75,0.9882227169912295
93,1,0.80,0.986154955317774
93,1,0.85,0.9899075725223679
93,1,0.90,0.9889749939699826
93,1,0.95,0.9832155702115773
93,2,0.05,0.9136966055870485
93,2,0.10,0.928289966430247
93,2,0.15,0.9741952791245706
93,2,0.20,0.9605900320838583
93,2,0.25,0.9522099923567358
93,2,0.30,0.9839920293995058
93,2,0.35,0.9777065980615227
93,2,0.40,0.9865688158175644
93,2,0.45,0.9875249830971101
93,2,0.50,0.9900369143106137
93,2,0.55,0.9895264202614497
93,2,0.60,0.9842638419513022
93,2,0.65,0.9887340748874445
93,2,0.70,0.9870937875490949
93,2,0.75,0.9872500747699744
93,2,0.80,0.9862918190414984
93,2,0.85,0.9885117124223968
93,2,0.90,0.9875329693581074
93,2,0.95,0.9884069336004848
93,3,0.05,0.9201804054992224
93,3,0.10,0.9552083097067203
93,3,0.15,0.9631551477122349
93,3,0.20,0.9634451100422502
93,3,0.25,0.9735641797297104
93,3,0.30,0.9838350636636369
93,3,0.35,0.9775918172191969
93,3,0.40,0.9859925294204877
93,3,0.45,0.9880948183487938
93,3,0.50,0.9893730772322435
93,3,0.55,0.9887925488761868
93,3,0.60,0.9879558009717765
93,3,0.65,0.9884806151790676
93,3,0.70,0.9855538037004267
93,3,0.75,0.9873293631946065
93,3,0.80,0.9865209406791636
93,3,0.85,0.985433963086271
93,3,0.90,0.9894534044551716
93,3,0.95,0.9902192619410444
93,4,0.05,0.8848380781069891
93,4,0.10,0.8916851086578609
93,4,0.15,0.9646699484949103
93,4,0.20,0.9784134391894588
93,4,0.25,0.9729673265609402
93,4,0.30,0.9670741599753395
93,4,0.35,0.9862973461229602
93,4,0.40,0.9904829020329337
93,4,0.45,0.9874437832958368
93,4,0.50,0.9823726309184009
93,4,0.55,0.9889552335858522
93,4,0.60,0.987128546342253
93,4,0.65,0.986479830674061
93,4,0.70,0.9870886533588303
93,4,0.75,0.9909270361245227
93,4,0.80,0.9861578383514296
93,4,0.85,0.9881151382697565
93,4,0.90,0.9884767530485777
93,4,0.95,0.989665800623461
93,5,0.05,0.8678193139177925
93,5,0.10,0.9463555613183071
93,5,0.15,0.9687554983901322
93,5,0.20,0.9721742312416435
93,5,0.25,0.9776883076046521
93,5,0.30,0.9846747422378465
93,5,0.35,0.9874783873129226
93,5,0.40,0.9845993243815863
93,5,0.45,0.9869179717470341
93,5,0.50,0.9903641602672186
93,5,0.55,0.9864844129750633
93,5,0.60,0.9842490864811193
93,5,0.65,0.9875012918088072
93,5,0.70,0.9893037937383337
93,5,0.75,0.9898210878576452
93,5,0.80,0.9872309700346884
93,5,0.85,0.985490702169023
93,5,0.90,0.9875588522148323
93,5,0.95,0.9862919198670786
93,6,0.05,0.8417323167473937
93,6,0.10,0.8864532177888241
93,6,0.15,0.9635688693841205
93,6,0.20,0.9427943049171336
93,6,0.25,0.9794261462539392
93,6,0.30,0.9805917786992514
93,6,0.35,0.9828411504615587
93,6,0.40,0.9818391574021741
93,6,0.45,0.9841224136668759
93,6,0.50,0.986755916802208
93,6,0.55,0.9889878923068701
93,6,0.60,0.9882255658335996
93,6,0.65,0.9878008318478847
93,6,0.70,0.9889342958071999
93,6,0.75,0.9897357594961943
93,6,0.80,0.9856444735063306
93,6,0.85,0.9871861254310271
93,6,0.90,0.9880919059187891
93,6,0.95,0.9880909293815172
93,7,0.05,0.8329571468933625
93,7,0.10,0.9527301242047439
93,7,0.15,0.9486794013267891
93,7,0.20,0.9633347575901017
93,7,0.25,0.9789997239876093
93,7,0.30,0.9589712548970228
93,7,0.35,0.9757407167338408
93,7,0.40,0.9829960689758004
93,7,0.45,0.9846877420226647
93,7,0.50,0.9854953448416711
93,7,0.55,0.9857863278978771
93,7,0.60,0.9890572719679597
93,7,0.65,0.987114577122322
93,7,0.70,0.9883531681484049
93,7,0.75,0.9892496462656689
93,7,0.80,0.9870684149409913
93,7,0.85,0.9869754565446163
93,7,0.90,0.9877790560613505
93,7,0.95,0.9857491125888734
93,8,0.05,0.8754318451362039
93,8,0.10,0.9599468206752392
93,8,0.15,0.9371783598861112
93,8,0.20,0.9507540538675149
93,8,0.25,0.9787663696578418
93,8,0.30,0.9769363557247454
93,8,0.35,0.9783008149284562
93,8,0.40,0.9860612986233046
93,8,0.45,0.9870073271220922
93,8,0.50,0.9855425170066966
93,8,0.55,0.9875825104254335
93,8,0.60,0.9871716302847039
93,8,0.65,0.9872484744070675
93,8,0.70,0.9884090245057079
93,8,0.75,0.9875350560693726
93,8,0.80,0.989699786415675
93,8,0.85,0.9890351850933623
93,8,0.90,0.98799616506753
93,8,0.95,0.9883162079920851
93,9,0.05,0.8801883220518207
93,9,0.10,0.8846295022066282
93,9,0.15,0.9493904697187157
93,9,0.20,0.9614415348071635
93,9,0.25,0.965617348443827
93,9,0.30,0.9844410203456566
93,9,0.35,0.9867782315676986
93,9,0.40,0.9851539269617491
93,9,0.45,0.9810769363699489
93,9,0.50,0.9867917642867388
93,9,0.55,0.9873762344776429
93,9,0.60,0.9842244619593371
93,9,0.65,0.9880040573887541
93,9,0.70,0.9899419468336262
93,9,0.75,0.9885971211187121
93,9,0.80,0.9860001930851913
93,9,0.85,0.985882972616367
93,9,0.90,0.9895557298296698
93,9,0.95,0.9842129026013768
94,0,0.05,0.9292594952956917
94,0,0.10,0.8824602761394291
94,0,0.15,0.96622773785388
94,0,0.20,0.9549977306911733
94,0,0.25,0.9837337817519382
94,0,0.30,0.9843974141504873
94,0,0.35,0.9833118373763456
94,0,0.40,0.9862052076413531
94,0,0.45,0.9819564043176336
94,0,0.50,0.9859385655329428
94,0,0.55,0.9850825812075292
94,0,0.60,0.9828234323264315
94,0,0.65,0.9909745012804455
94,0,0.70,0.987566656969831
94,0,0.75,0.9878160335083506
94,0,0.80,0.9887123551355032
94,0,0.85,0.98920009587835
94,0,0.90,0.986648839213668
94,0,0.95,0.9875865619284783
94,1,0.05,0.9025717949564623
94,1,0.10,0.9090131828213931
94,1,0.15,0.9611280145873243
94,1,0.20,0.9762660668121876
94,1,0.25,0.9820069612539627
94,1,0.30,0.9821255555866503
94,1,0.35,0.9795567876249234
94,1,0.40,0.9856619657564036
94,1,0.45,0.9846315360097379
94,1,0.50,0.983381875421457
94,1,0.55,0.9843406096056828
94,1,0.60,0.9891013921179701
94,1,0.65,0.9881830980918737
94,1,0.70,0.9882078267449828
94,1,0.75,0.9900817258754457
94,1,0.80,0.9877221076214887
94,1,0.85,0.9873091168912451
94,1,0.90,0.9890961509562939
94,1,0.95,0.9873869037212015
94,2,0.05,0.7733542115023888
94,2,0.10,0.9389613074128158
94,2,0.15,0.934694500280911
94,2,0.20,0.9599318300549302
94,2,0.25,0.9834513338804612
94,2,0.30,0.9850873892696675
94,2,0.35,0.9873992115111955
94,2,0.40,0.9839162852419914
94,2,0.45,0.9802453348620666
94,2,0.50,0.9870191058553758
94,2,0.55,0.9852547467127838
94,2,0.60,0.9883127759327552
94,2,0.65,0.9853501946009123
94,2,0.70,0.9872522124349677
94,2,0.75,0.9866962866210467
94,2,0.80,0.986241644639562
94,2,0.85,0.9885476675727535
94,2,0.90,0.9876614565067358
94,2,0.95,0.9864785050997235
94,3,0.05,0.9067504184778814
94,3,0.10,0.9151507434931567
94,3,0.15,0.9437964860825657
94,3,0.20,0.9726637421159292
94,3,0.25,0.9719821649257339
94,3,0.30,0.9775573586073256
94,3,0.35,0.9748826996728583
94,3,0.40,0.9808983863158454
94,3,0.45,0.9832747494948755
94,3,0.50,0.9828758218299528
94,3,0.55,0.9887281876916639
94,3,0.60,0.9861579091051597
94,3,0.65,0.986243330445077
94,3,0.70,0.9871547741605983
94,3,0.75,0.987968164487579
94,3,0.80,0.9889636796039546
94,3,0.85,0.9888382974910299
94,3,0.90,0.9878358788448119
94,3,0.95,0.9872286702588225
94,4,0.05,0.8764996219488336
94,4,0.10,0.779067305593041
94,4,0.15,0.9747576152871836
94,4,0.20,0.9665590429298196
94,4,0.25,0.9804211923779167
94,4,0.30,0.9784083653932184
94,4,0.35,0.9802967394013408
94,4,0.40,0.9866671426338196
94,4,0.45,0.9842635966642592
94,4,0.50,0.9847240326516385
94,4,0.55,0.9905245666989457
94,4,0.60,0.9872198544123776
94,4,0.65,0.9874100780233374
94,4,0.70,0.9888297305150165
94,4,0.75,0.9878876468741751
94,4,0.80,0.9886384756575587
94,4,0.85,0.9881558587088718
94,4,0.90,0.9881213193101945
94,4,0.95,0.9889994060126411
94,5,0.05,0.9359852181020479
94,5,0.10,0.9530494232986512
94,5,0.15,0.9332675521238986
94,5,0.20,0.9292697741621759
94,5,0.25,0.9793811960369492
94,5,0.30,0.9789636654486433
94,5,0.35,0.9797694817281254
94,5,0.40,0.9860606735725967
94,5,0.45,0.9846411058975691
94,5,0.50,0.9870423337923144
94,5,0.55,0.9870710082342254
94,5,0.60,0.9884674023558001
94,5,0.65,0.9874383983069661
94,5,0.70,0.9923291975179688
94,5,0.75,0.9868145758765172
94,5,0.80,0.9879924438637883
94,5,0.85,0.9895681335042978
94,5,0.90,0.9891465932094667
94,5,0.95,0.9867520999305586
94,6,0.05,0.9151934724641246
94,6,0.10,0.9000647981265125
94,6,0.15,0.949421636044173
94,6,0.20,0.9709407716569298
94,6,0.25,0.9779004581443479
94,6,0.30,0.970355075873834
94,6,0.35,0.9819608941440049
94,6,0.40,0.987246360568779
94,6,0.45,0.9859413964519687
94,6,0.50,0.9871331698924314
94,6,0.55,0.986568607303216
94,6,0.60,0.9866043420289494
94,6,0.65,0.9883231836611013
94,6,0.70,0.9884771082392424
94,6,0.75,0.9882781793996414
94,6,0.80,0.9870039938379613
94,6,0.85,0.9872666409022218
94,6,0.90,0.9859155628417327
94,6,0.95,0.9855928617962226
94,7,0.05,0.8626452846665502
94,7,0.10,0.9159251682909366
94,7,0.15,0.9311239510339895
94,7,0.20,0.9757386584894463
94,7,0.25,0.9683902631386612
94,7,0.30,0.9829264941869478
94,7,0.35,0.9828260370177373
94,7,0.40,0.9831680777697452
94,7,0.45,0.9869763646584058
94,7,0.50,0.9857055053141147
94,7,0.55,0.9881585661806095
94,7,0.60,0.9850609775885804
94,7,0.65,0.9890310046767848
94,7,0.70,0.989695514210928
94,7,0.75,0.9878961749410518
94,7,0.80,0.9880167446582068
94,7,0.85,0.9908211221254452
94,7,0.90,0.9858537474925555
94,7,0.95,0.9869671681843308
94,8,0.05,0.8079620241680916
94,8,0.10,0.9482721920000934
94,8,0.15,0.956826691896722
94,8,0.20,0.9653587107404792
94,8,0.25,0.9791062809119193
94,8,0.30,0.9797829262253615
94,8,0.35,0.97859157378675
94,8,0.40,0.9835760890953509
94,8,0.45,0.982887441923903
94,8,0.50,0.9847000763195843
94,8,0.55,0.9851756695394379
94,8,0.60,0.9878009860639574
94,8,0.65,0.9880334300606086
94,8,0.70,0.9885636496033953
94,8,0.75,0.9805234116118537
94,8,0.80,0.9839993878501163
94,8,0.85,0.9869440313120398
94,8,0.90,0.9858428056477063
94,8,0.95,0.9885061055057954
94,9,0.05,0.7988553078923768
94,9,0.10,0.8990271221986225
94,9,0.15,0.9403301329612165
94,9,0.20,0.9755599751477657
94,9,0.25,0.9727166101950866
94,9,0.30,0.9782999385881289
94,9,0.35,0.9755858372294129
94,9,0.40,0.9811847837053463
94,9,0.45,0.9860915322754934
94,9,0.50,0.9887929230704309
94,9,0.55,0.9895338260081443
94,9,0.60,0.9894436253779756
94,9,0.65,0.9858225126287214
94,9,0.70,0.9860525269024233
94,9,0.75,0.9893649342126253
94,9,0.80,0.9891848611761126
94,9,0.85,0.9878004034588801
94,9,0.90,0.9869883147239962
94,9,0.95,0.9896464574281105
95,0,0.05,0.836533371977293
95,0,0.10,0.9236818568720663
95,0,0.15,0.9493412233964272
95,0,0.20,0.9542925481786152
95,0,0.25,0.9736754485801655
95,0,0.30,0.976925134081257
95,0,0.35,0.9854415205719556
95,0,0.40,0.9861596176665951
95,0,0.45,0.9832848432846354
95,0,0.50,0.9882086420977915
95,0,0.55,0.9861059773759573
95,0,0.60,0.9902422419411999
95,0,0.65,0.9893014791290582
95,0,0.70,0.9847471590163224
95,0,0.75,0.9870800928208839
95,0,0.80,0.9848010344217724
95,0,0.85,0.9871468780693893
95,0,0.90,0.9906647166696675
95,0,0.95,0.9884434198763851
95,1,0.05,0.902868451270497
95,1,0.10,0.9319722364421612
95,1,0.15,0.968117897868108
95,1,0.20,0.9684889461287061
95,1,0.25,0.9782620633020691
95,1,0.30,0.9805004749053493
95,1,0.35,0.9769624880639673
95,1,0.40,0.9790505336081975
95,1,0.45,0.9795372470265
95,1,0.50,0.9848477819512608
95,1,0.55,0.989256546050786
95,1,0.60,0.9885924040870961
95,1,0.65,0.991414507307878
95,1,0.70,0.9886044196296142
95,1,0.75,0.9890778000500511
95,1,0.80,0.9890909875023991
95,1,0.85,0.9871261928360973
95,1,0.90,0.9889258296218585
95,1,0.95,0.9879862617257654
95,2,0.05,0.8329177009738953
95,2,0.10,0.9390986774121444
95,2,0.15,0.950243785666478
95,2,0.20,0.9676798791774283
95,2,0.25,0.9719428532245827
95,2,0.30,0.9836874048968296
95,2,0.35,0.9828698515362305
95,2,0.40,0.9839407047166122
95,2,0.45,0.981801710403187
95,2,0.50,0.9864047301047315
95,2,0.55,0.987408043792317
95,2,0.60,0.9886552424219615
95,2,0.65,0.9864934434370873
95,2,0.70,0.9867919754355543
95,2,0.75,0.989338107274962
95,2,0.80,0.9848455118998489
95,2,0.85,0.9893195020565716
95,2,0.90,0.988257836233677
95,2,0.95,0.9888484288474226
95,3,0.05,0.814201290974472
95,3,0.10,0.9491393559658556
95,3,0.15,0.9551436184864994
95,3,0.20,0.9616212301792804
95,3,0.25,0.9714500014048404
95,3,0.30,0.9876819095867446
95,3,0.35,0.9783157335331676
95,3,0.40,0.9811628778394118
95,3,0.45,0.984139938148936
95,3,0.50,0.98393388466579
95,3,0.55,0.9865020831476011
95,3,0.60,0.987643696548916
95,3,0.65,0.9925352664078914
95,3,0.70,0.9901830767362703
95,3,0.75,0.9891695324479716
95,3,0.80,0.9912522316679896
95,3,0.85,0.9878298243134885
95,3,0.90,0.9872334818496659
95,3,0.95,0.9908068576781065
95,4,0.05,0.8374907526724165
95,4,0.10,0.9450948608439893
95,4,0.15,0.9492423783679119
95,4,0.20,0.9763352111022736
95,4,0.25,0.9773795268753178
95,4,0.30,0.983467913741138
95,4,0.35,0.9776189712087217
95,4,0.40,0.9865936605238954
95,4,0.45,0.9837619419582654
95,4,0.50,0.9839748109496811
95,4,0.55,0.9893245161227177
95,4,0.60,0.9879085625058085
95,4,0.65,0.9894343657735898
95,4,0.70,0.9878854294141252
95,4,0.75,0.9884373761557761
95,4,0.80,0.9912748481495874
95,4,0.85,0.9882130079448309
95,4,0.90,0.9870286783264031
95,4,0.95,0.9877820137038389
95,5,0.05,0.9070010696950912
95,5,0.10,0.894474156180528
95,5,0.15,0.9426052228931927
95,5,0.20,0.962103767543853
95,5,0.25,0.9729598624953212
95,5,0.30,0.9767349714208261
95,5,0.35,0.9778925983413416
95,5,0.40,0.982758923609197
95,5,0.45,0.985111066598407
95,5,0.50,0.9843650809675656
95,5,0.55,0.9842335393827438
95,5,0.60,0.9886350973400707
95,5,0.65,0.9884915689955232
95,5,0.70,0.9900548226292423
95,5,0.75,0.9896639596332658
95,5,0.80,0.9876740597579865
95,5,0.85,0.9905784961853937
95,5,0.90,0.9875269253427623
95,5,0.95,0.9879349683377852
95,6,0.05,0.8833346725865214
95,6,0.10,0.8930403188087074
95,6,0.15,0.9680370177044139
95,6,0.20,0.9470226237093223
95,6,0.25,0.9811964690964241
95,6,0.30,0.985195489916881
95,6,0.35,0.9827185636931277
95,6,0.40,0.9831435183796869
95,6,0.45,0.9858099992934253
95,6,0.50,0.9889848259439051
95,6,0.55,0.9871481911274763
95,6,0.60,0.987443881702357
95,6,0.65,0.988336030893645
95,6,0.70,0.9877206210611736
95,6,0.75,0.9861834479976237
95,6,0.80,0.9886334063318909
95,6,0.85,0.9874489808600428
95,6,0.90,0.9888259992667142
95,6,0.95,0.9888391355189767
95,7,0.05,0.5631764725486724
95,7,0.10,0.8733685924474648
95,7,0.15,0.9288464913383243
95,7,0.20,0.9686651841093213
95,7,0.25,0.9782263763405531
95,7,0.30,0.9760845103017579
95,7,0.35,0.9805450186107573
95,7,0.40,0.9812125551582515
95,7,0.45,0.9846646429882677
95,7,0.50,0.9857185211133297
95,7,0.55,0.9881878898213812
95,7,0.60,0.9877138322226872
95,7,0.65,0.9866343016884288
95,7,0.70,0.9893022900229668
95,7,0.75,0.9884986909437758
95,7,0.80,0.9882810913037648
95,7,0.85,0.988876789039221
95,7,0.90,0.9889482688959357
95,7,0.95,0.9882814985855716
95,8,0.05,0.5812596639149019
95,8,0.10,0.9448942492298553
95,8,0.15,0.9568454029664382
95,8,0.20,0.9681026795214362
95,8,0.25,0.9757193033040902
95,8,0.30,0.984671400663459
95,8,0.35,0.980921319658335
95,8,0.40,0.9837077255717853
95,8,0.45,0.9875242132066104
95,8,0.50,0.9836767176973095
95,8,0.55,0.9895240792871489
95,8,0.60,0.9877011589404887
95,8,0.65,0.9889873841514507
95,8,0.70,0.9891761656095233
95,8,0.75,0.9878138059446093
95,8,0.80,0.9890809496638524
95,8,0.85,0.9905534443142378
95,8,0.90,0.9912354566405858
95,8,0.95,0.9892633148132579
95,9,0.05,0.861829043325379
95,9,0.10,0.9545457620806073
95,9,0.15,0.9582032747202677
95,9,0.20,0.9799814934148706
95,9,0.25,0.9761972090982691
95,9,0.30,0.9875674102538786
95,9,0.35,0.9853332393722873
95,9,0.40,0.9806888182308423
95,9,0.45,0.9889454662134015
95,9,0.50,0.9870569493944084
95,9,0.55,0.9895270883587178
95,9,0.60,0.989106741169802
95,9,0.65,0.989681930447127
95,9,0.70,0.9883745109043047
95,9,0.75,0.9908059956696734
95,9,0.80,0.9882544940654361
95,9,0.85,0.9869945492663911
95,9,0.90,0.9897379964295958
95,9,0.95,0.9890866684983415
96,0,0.05,0.9200583192471115
96,0,0.10,0.8906982715446549
96,0,0.15,0.9633399710125533
96,0,0.20,0.9756927093052956
96,0,0.25,0.9676812011828794
96,0,0.30,0.9745450978988676
96,0,0.35,0.9837704007671958
96,0,0.40,0.986457616722349
96,0,0.45,0.9878620985794511
96,0,0.50,0.98239946241806
96,0,0.55,0.9813851313758997
96,0,0.60,0.9880439018442448
96,0,0.65,0.9900710929732204
96,0,0.70,0.988774422995414
96,0,0.75,0.9858289821441906
96,0,0.80,0.9890667462963713
96,0,0.85,0.987261443555931
96,0,0.90,0.9866174200456456
96,0,0.95,0.9865712249241779
96,1,0.05,0.882477897367462
96,1,0.10,0.9668661109415209
96,1,0.15,0.9648379258229458
96,1,0.20,0.9641739911845156
96,1,0.25,0.9812720253541561
96,1,0.30,0.9801186494293551
96,1,0.35,0.9838425798985065
96,1,0.40,0.9864920353165445
96,1,0.45,0.9868446187373305
96,1,0.50,0.9888562427447701
96,1,0.55,0.9857031138749904
96,1,0.60,0.9885457536886598
96,1,0.65,0.988795516325289
96,1,0.70,0.98786489017769
96,1,0.75,0.9861598677431564
96,1,0.80,0.9905427797408974
96,1,0.85,0.988779454004003
96,1,0.90,0.9870056348940379
96,1,0.95,0.9855296786159903
96,2,0.05,0.8667371952139449
96,2,0.10,0.8987850959749767
96,2,0.15,0.93358852589164
96,2,0.20,0.9588495465729855
96,2,0.25,0.9766259214387357
96,2,0.30,0.9779103234500514
96,2,0.35,0.9684369028528984
96,2,0.40,0.9817539960979837
96,2,0.45,0.9814038546106246
96,2,0.50,0.98690512161219
96,2,0.55,0.9896343245747041
96,2,0.60,0.9854690836239683
96,2,0.65,0.987099741725274
96,2,0.70,0.9895618894621082
96,2,0.75,0.9885281554548327
96,2,0.80,0.9905642780024974
96,2,0.85,0.9864870926200987
96,2,0.90,0.9892947360988634
96,2,0.95,0.98891736013708
96,3,0.05,0.9418354347216816
96,3,0.10,0.9485467567217037
96,3,0.15,0.9394803092204661
96,3,0.20,0.9665725721247342
96,3,0.25,0.9680063325429269
96,3,0.30,0.9764889737913502
96,3,0.35,0.9792060571781865
96,3,0.40,0.978653469638284
96,3,0.45,0.9853678233119174
96,3,0.50,0.9874715657411115
96,3,0.55,0.9875703478138981
96,3,0.60,0.9854502879991761
96,3,0.65,0.9866363773008855
96,3,0.70,0.988546888175118
96,3,0.75,0.9880799980886562
96,3,0.80,0.9882405218358695
96,3,0.85,0.9892923924129156
96,3,0.90,0.9881079432020577
96,3,0.95,0.9871307580180352
96,4,0.05,0.9217571095929966
96,4,0.10,0.9255196415356088
96,4,0.15,0.9580004045141934
96,4,0.20,0.951772755688113
96,4,0.25,0.961875177830365
96,4,0.30,0.981174668693478
96,4,0.35,0.9827470651936433
96,4,0.40,0.9820868273878537
96,4,0.45,0.9839611514855815
96,4,0.50,0.9840422804505227
96,4,0.55,0.985529407886161
96,4,0.60,0.9876921029416997
96,4,0.65,0.9875918065672021
96,4,0.70,0.9873011429734343
96,4,0.75,0.9900385179552781
96,4,0.80,0.9894757521162463
96,4,0.85,0.9898586466849354
96,4,0.90,0.9896816812143572
96,4,0.95,0.9867692968279247
96,5,0.05,0.8810952792406067
96,5,0.10,0.9443325564168333
96,5,0.15,0.9429272910241571
96,5,0.20,0.9792977958996374
96,5,0.25,0.9715256429320561
96,5,0.30,0.98302803425812
96,5,0.35,0.9840191763257191
96,5,0.40,0.9821860967102921
96,5,0.45,0.9827681303488099
96,5,0.50,0.9810050991620228
96,5,0.55,0.9848558606419793
96,5,0.60,0.9881035385095556
96,5,0.65,0.985176218558779
96,5,0.70,0.9883950836756625
96,5,0.75,0.9889183402718683
96,5,0.80,0.9891319566135172
96,5,0.85,0.989170742740308
96,5,0.90,0.9887062076440348
96,5,0.95,0.987870792534908
96,6,0.05,0.8117843764683332
96,6,0.10,0.9324160937304841
96,6,0.15,0.9666094573286046
96,6,0.20,0.9477217907957073
96,6,0.25,0.9696644048047431
96,6,0.30,0.9780993324452246
96,6,0.35,0.9846478963638248
96,6,0.40,0.9843437429742378
96,6,0.45,0.9851760886794965
96,6,0.50,0.98514815007397
96,6,0.55,0.9873319469249148
96,6,0.60,0.9898811620112157
96,6,0.65,0.9864020123036726
96,6,0.70,0.9856803087050316
96,6,0.75,0.9916636793106275
96,6,0.80,0.9887697418569156
96,6,0.85,0.9877224394200771
96,6,0.90,0.9891005003813778
96,6,0.95,0.9882679155096115
96,7,0.05,0.936549242435001
96,7,0.10,0.9131363109498144
96,7,0.15,0.9391132227680521
96,7,0.20,0.962699670842712
96,7,0.25,0.9646829240535125
96,7,0.30,0.9717369756284302
96,7,0.35,0.9753292834148302
96,7,0.40,0.9841826214735221
96,7,0.45,0.9819776492561524
96,7,0.50,0.9839624974200734
96,7,0.55,0.9895401001207279
96,7,0.60,0.986160500947795
96,7,0.65,0.9852285808689156
96,7,0.70,0.9899531396794217
96,7,0.75,0.9868345783641606
96,7,0.80,0.9897743747692461
96,7,0.85,0.986400550569924
96,7,0.90,0.9902435434082498
96,7,0.95,0.9876056772315052
96,8,0.05,0.9495128934751003
96,8,0.10,0.8832331405081031
96,8,0.15,0.9630577606407448
96,8,0.20,0.9587103030523814
96,8,0.25,0.9764567465306947
96,8,0.30,0.9882405562116061
96,8,0.35,0.980499928157418
96,8,0.40,0.9842300528671072
96,8,0.45,0.9859619831701854
96,8,0.50,0.9892641835366668
96,8,0.55,0.9855742552793956
96,8,0.60,0.9882322961937063
96,8,0.65,0.986172748943203
96,8,0.70,0.9902794093118503
96,8,0.75,0.9876196286469687
96,8,0.80,0.9869280320701762
96,8,0.85,0.9857759244411246
96,8,0.90,0.9882166964614539
96,8,0.95,0.9867823679201279
96,9,0.05,0.8371221276639504
96,9,0.10,0.9289740649603475
96,9,0.15,0.953442538204252
96,9,0.20,0.9440690332068578
96,9,0.25,0.9801786150996293
96,9,0.30,0.9769173747341428
96,9,0.35,0.978050170750839
96,9,0.40,0.982006830839109
96,9,0.45,0.9795162318587595
96,9,0.50,0.9800023244659885
96,9,0.55,0.9864514299165621
96,9,0.60,0.9879929868520585
96,9,0.65,0.9876559438975137
96,9,0.70,0.9895772933852948
96,9,0.75,0.9893178086808464
96,9,0.80,0.9893184939460903
96,9,0.85,0.9916905042758589
96,9,0.90,0.9903468243313458
96,9,0.95,0.988770544820572
97,0,0.05,0.8872449937113179
97,0,0.10,0.9319947778032532
97,0,0.15,0.9713530414520493
97,0,0.20,0.9775378962563617
97,0,0.25,0.9699685825953965
97,0,0.30,0.9810391559826677
97,0,0.35,0.9834017707845749
97,0,0.40,0.9740767453965539
97,0,0.45,0.9830632396335619
97,0,0.50,0.9848535213139572
97,0,0.55,0.9867206308424014
97,0,0.60,0.9857110655298478
97,0,0.65,0.9886656752367987
97,0,0.70,0.9862058968295289
97,0,0.75,0.984848159335535
97,0,0.80,0.9899655063946834
97,0,0.85,0.989295358152964
97,0,0.90,0.9865164293811756
97,0,0.95,0.9864233062851903
97,1,0.05,0.8585777032255645
97,1,0.10,0.9113855366860585
97,1,0.15,0.9621141911588351
97,1,0.20,0.9513863542618622
97,1,0.25,0.9732422478224718
97,1,0.30,0.9825533466024455
97,1,0.35,0.9851872413961991
97,1,0.40,0.9878325056435451
97,1,0.45,0.9845783676803914
97,1,0.50,0.9798383672227625
97,1,0.55,0.9869685694419519
97,1,0.60,0.9860849585879611
97,1,0.65,0.9881993177960712
97,1,0.70,0.9856177458143517
97,1,0.75,0.9846117808712838
97,1,0.80,0.9878470533683694
97,1,0.85,0.9846631639931662
97,1,0.90,0.9880927437057884
97,1,0.95,0.9865326889656081
97,2,0.05,0.8804891591160358
97,2,0.10,0.9684223507345937
97,2,0.15,0.9377925010269937
97,2,0.20,0.9670152142238619
97,2,0.25,0.9729155093798757
97,2,0.30,0.9817619057280086
97,2,0.35,0.9843942180388272
97,2,0.40,0.9839620511254673
97,2,0.45,0.9837384307322556
97,2,0.50,0.9843188341384456
97,2,0.55,0.9850297087728728
97,2,0.60,0.9864894365425053
97,2,0.65,0.9872423658880057
97,2,0.70,0.9862751592710961
97,2,0.75,0.9817522388576843
97,2,0.80,0.9882286037201798
97,2,0.85,0.9866640298326946
97,2,0.90,0.9898271846629781
97,2,0.95,0.9892897868471983
97,3,0.05,0.8389499157752279
97,3,0.10,0.9404336456575564
97,3,0.15,0.9492453104702612
97,3,0.20,0.9577475783521192
97,3,0.25,0.9753769801971787
97,3,0.30,0.9828852145077331
97,3,0.35,0.9849745855279378
97,3,0.40,0.9816981655262843
97,3,0.45,0.982545304765258
97,3,0.50,0.9888808842573721
97,3,0.55,0.9892934625068244
97,3,0.60,0.9871592676244374
97,3,0.65,0.9892646691657685
97,3,0.70,0.990623495588564
97,3,0.75,0.9889729151377917
97,3,0.80,0.9873544706664875
97,3,0.85,0.9871148389257691
97,3,0.90,0.987104892493442
97,3,0.95,0.9904540495281478
97,4,0.05,0.8514277342041935
97,4,0.10,0.9503665690218487
97,4,0.15,0.9421989142052292
97,4,0.20,0.9712860802590738
97,4,0.25,0.9760788755605349
97,4,0.30,0.9834611158350454
97,4,0.35,0.982153026838201
97,4,0.40,0.9855766200110755
97,4,0.45,0.9886448223130777
97,4,0.50,0.9825838054483303
97,4,0.55,0.9876192393952333
97,4,0.60,0.988325885840058
97,4,0.65,0.9873760508651233
97,4,0.70,0.9865470114433404
97,4,0.75,0.9898369200683357
97,4,0.80,0.9857912425761503
97,4,0.85,0.986798712209443
97,4,0.90,0.9861245186678669
97,4,0.95,0.9861651899815617
97,5,0.05,0.8716742476013484
97,5,0.10,0.9458817548956808
97,5,0.15,0.9275171938005023
97,5,0.20,0.9772998545556842
97,5,0.25,0.9722446020109345
97,5,0.30,0.9797632195839634
97,5,0.35,0.9807450946361135
97,5,0.40,0.9801921914085363
97,5,0.45,0.9814891927418418
97,5,0.50,0.987399852992278
97,5,0.55,0.9861051585484127
97,5,0.60,0.9834179391578757
97,5,0.65,0.9879394827860519
97,5,0.70,0.9899546128109026
97,5,0.75,0.9867326519550356
97,5,0.80,0.9911303421112088
97,5,0.85,0.9844984862383619
97,5,0.90,0.9873424327182171
97,5,0.95,0.987651877347309
97,6,0.05,0.6586306434984457
97,6,0.10,0.9487891256033884
97,6,0.15,0.9285022094106633
97,6,0.20,0.9718855922884133
97,6,0.25,0.9726779301516636
97,6,0.30,0.9705392449234005
97,6,0.35,0.9797430463804583
97,6,0.40,0.9831268114721802
97,6,0.45,0.9872008178296874
97,6,0.50,0.9869715869973942
97,6,0.55,0.9879148808552924
97,6,0.60,0.9857554992527281
97,6,0.65,0.9889013294264911
97,6,0.70,0.9881610816560665
97,6,0.75,0.9892175688143153
97,6,0.80,0.989582110651353
97,6,0.85,0.9865732139800811
97,6,0.90,0.9861397868178177
97,6,0.95,0.9883753440055505
97,7,0.05,0.8833734724582296
97,7,0.10,0.9613885416587089
97,7,0.15,0.9769366356173103
97,7,0.20,0.9752843861312434
97,7,0.25,0.9795447762814693
97,7,0.30,0.9802897409627367
97,7,0.35,0.9701801408968441
97,7,0.40,0.9824177773052428
97,7,0.45,0.9862830270373337
97,7,0.50,0.986468243403998
97,7,0.55,0.9837414863167157
97,7,0.60,0.9868470740354701
97,7,0.65,0.9861481776320475
97,7,0.70,0.98380524854662
97,7,0.75,0.9872428379577098
97,7,0.80,0.9897436345084264
97,7,0.85,0.990697746736914
97,7,0.90,0.9859144943653841
97,7,0.95,0.9891521727217684
97,8,0.05,0.8816777425339337
97,8,0.10,0.9347245762884391
97,8,0.15,0.9534593589180731
97,8,0.20,0.9485483050814989
97,8,0.25,0.9676080234204694
97,8,0.30,0.9810994807701572
97,8,0.35,0.9847148683246765
97,8,0.40,0.9821517979372514
97,8,0.45,0.9867250142443812
97,8,0.50,0.9865272164831185
97,8,0.55,0.9851062433162473
97,8,0.60,0.9878125267698085
97,8,0.65,0.9900336894516872
97,8,0.70,0.9843920854069922
97,8,0.75,0.9852654231198272
97,8,0.80,0.9883178711014965
97,8,0.85,0.987716406553168
97,8,0.90,0.9892769951911451
97,8,0.95,0.9873038216739531
97,9,0.05,0.8592334744846852
97,9,0.10,0.9035530112444402
97,9,0.15,0.9573276419333526
97,9,0.20,0.9654921290298804
97,9,0.25,0.9712218866662837
97,9,0.30,0.9695946215172173
97,9,0.35,0.981296261106182
97,9,0.40,0.9806148481102064
97,9,0.45,0.9841676844247127
97,9,0.50,0.9851981175251796
97,9,0.55,0.9864130519205224
97,9,0.60,0.9901112497756231
97,9,0.65,0.9844146510794649
97,9,0.70,0.9901120811234564
97,9,0.75,0.986411770931781
97,9,0.80,0.9877958253022731
97,9,0.85,0.9882138569286707
97,9,0.90,0.9892071403750623
97,9,0.95,0.9858433723640777
98,0,0.05,0.7667182943466713
98,0,0.10,0.9271963310843601
98,0,0.15,0.972075923555455
98,0,0.20,0.9624186252732047
98,0,0.25,0.9707238063510537
98,0,0.30,0.9837822757590389
98,0,0.35,0.9799214958646174
98,0,0.40,0.9790803898330227
98,0,0.45,0.9840027423598281
98,0,0.50,0.9828829711594699
98,0,0.55,0.9888651701606384
98,0,0.60,0.9895473470827932
98,0,0.65,0.9878705138401469
98,0,0.70,0.983847982314479
98,0,0.75,0.9847109947427065
98,0,0.80,0.9866753131812956
98,0,0.85,0.9891684124874996
98,0,0.90,0.9906948744359598
98,0,0.95,0.9871432357321084
98,1,0.05,0.9253347627073363
98,1,0.10,0.895535258578393
98,1,0.15,0.9699218501803694
98,1,0.20,0.9680422095499823
98,1,0.25,0.9702149703132579
98,1,0.30,0.9717505852376935
98,1,0.35,0.9880705884300433
98,1,0.40,0.9858482162272036
98,1,0.45,0.985518712388219
98,1,0.50,0.9827345141378985
98,1,0.55,0.9849552757143946
98,1,0.60,0.9870434183788631
98,1,0.65,0.9898441774975968
98,1,0.70,0.9909366417655581
98,1,0.75,0.9882706667384287
98,1,0.80,0.9888890931022312
98,1,0.85,0.987325375181327
98,1,0.90,0.9865230536280315
98,1,0.95,0.9893872646897787
98,2,0.05,0.852968217343279
98,2,0.10,0.9524468095652493
98,2,0.15,0.9731294670336196
98,2,0.20,0.9682474624911961
98,2,0.25,0.9764486298848483
98,2,0.30,0.9768524803004923
98,2,0.35,0.9735083564486473
98,2,0.40,0.9853430065803876
98,2,0.45,0.9864629808567247
98,2,0.50,0.9874778975112546
98,2,0.55,0.9849461697286795
98,2,0.60,0.990241577369667
98,2,0.65,0.9871381600601091
98,2,0.70,0.9888200064772061
98,2,0.75,0.9883586148333191
98,2,0.80,0.9872002001982105
98,2,0.85,0.9899796570796028
98,2,0.90,0.9873734399703665
98,2,0.95,0.987133133569875
98,3,0.05,0.8512792733774664
98,3,0.10,0.9370666760827135
98,3,0.15,0.9694417493598804
98,3,0.20,0.9799223450000979
98,3,0.25,0.9675891154394021
98,3,0.30,0.974914452322672
98,3,0.35,0.9726370732141572
98,3,0.40,0.985596392618047
98,3,0.45,0.9851179476790206
98,3,0.50,0.9857410563834227
98,3,0.55,0.9843909942297434
98,3,0.60,0.9876700857861241
98,3,0.65,0.9870447270058924
98,3,0.70,0.9880303456675775
98,3,0.75,0.9878239955263853
98,3,0.80,0.9875933262733525
98,3,0.85,0.9881591376195574
98,3,0.90,0.9879987522446909
98,3,0.95,0.9889065451630269
98,4,0.05,0.7520352315447115
98,4,0.10,0.9527325230351176
98,4,0.15,0.9680030212745927
98,4,0.20,0.9709659425694523
98,4,0.25,0.9615180825115197
98,4,0.30,0.9782728462662283
98,4,0.35,0.9812034458983354
98,4,0.40,0.9862819577053249
98,4,0.45,0.9778867820855287
98,4,0.50,0.9821586058235516
98,4,0.55,0.9887278138812926
98,4,0.60,0.9868407330380204
98,4,0.65,0.9897054115488403
98,4,0.70,0.9884369575874747
98,4,0.75,0.9865870932326234
98,4,0.80,0.9871759711778549
98,4,0.85,0.9905407115366305
98,4,0.90,0.9903446780107924
98,4,0.95,0.9875777441083985
98,5,0.05,0.8707705493360128
98,5,0.10,0.9509025610689484
98,5,0.15,0.9554509425222228
98,5,0.20,0.9790005269740504
98,5,0.25,0.9768166535963779
98,5,0.30,0.9827053594985052
98,5,0.35,0.9847319254486672
98,5,0.40,0.988171656794691
98,5,0.45,0.989554629413214
98,5,0.50,0.9874716495653226
98,5,0.55,0.9861554216112866
98,5,0.60,0.9889294317706429
98,5,0.65,0.9835791836269953
98,5,0.70,0.9891939146683566
98,5,0.75,0.9873740539358578
98,5,0.80,0.9876391574217768
98,5,0.85,0.987166364197042
98,5,0.90,0.9865456026250453
98,5,0.95,0.9894425635672079
98,6,0.05,0.7338848173814561
98,6,0.10,0.9538679367739361
98,6,0.15,0.9644793526134939
98,6,0.20,0.9795343323034881
98,6,0.25,0.9728334453447147
98,6,0.30,0.982535795744324
98,6,0.35,0.9841951783275267
98,6,0.40,0.9869645333800269
98,6,0.45,0.9835015591266276
98,6,0.50,0.9895609057781678
98,6,0.55,0.986234996530415
98,6,0.60,0.9891549768526442
98,6,0.65,0.9882099064986759
98,6,0.70,0.9876766734902395
98,6,0.75,0.9903945214645831
98,6,0.80,0.9893388889725835
98,6,0.85,0.9891704860717813
98,6,0.90,0.9898753825314845
98,6,0.95,0.9864716660817935
98,7,0.05,0.8119407646073189
98,7,0.10,0.9606387498485282
98,7,0.15,0.9813586876501381
98,7,0.20,0.9656233357535308
98,7,0.25,0.9836897369490272
98,7,0.30,0.9825130679664028
98,7,0.35,0.9855629436004323
98,7,0.40,0.988944456965866
98,7,0.45,0.9831270513111301
98,7,0.50,0.9906338784744833
98,7,0.55,0.9878362841419484
98,7,0.60,0.9885212777610292
98,7,0.65,0.9852339388368987
98,7,0.70,0.9860880221906918
98,7,0.75,0.9886996627789147
98,7,0.80,0.9887550415242821
98,7,0.85,0.9903037721216581
98,7,0.90,0.9894973226129293
98,7,0.95,0.9863572882121866
98,8,0.05,0.9055616632401494
98,8,0.10,0.9324967825330082
98,8,0.15,0.9665858524157795
98,8,0.20,0.9768578554903394
98,8,0.25,0.973538334246508
98,8,0.30,0.9838430545025761
98,8,0.35,0.98340567836044
98,8,0.40,0.9832184524095726
98,8,0.45,0.9855280928893733
98,8,0.50,0.9879695650549122
98,8,0.55,0.987031848026635
98,8,0.60,0.9896363400888655
98,8,0.65,0.985112971172538
98,8,0.70,0.9883806994949299
98,8,0.75,0.9868636290999342
98,8,0.80,0.9890763779113171
98,8,0.85,0.9884699425663284
98,8,0.90,0.9882970131270012
98,8,0.95,0.9885173625138002
98,9,0.05,0.9110832559384544
98,9,0.10,0.9188517940981789
98,9,0.15,0.9489063291058627
98,9,0.20,0.9702352730474322
98,9,0.25,0.9811274273057771
98,9,0.30,0.9832297796178888
98,9,0.35,0.9840021182761429
98,9,0.40,0.9846931376935739
98,9,0.45,0.9856087396063503
98,9,0.50,0.9845925666035198
98,9,0.55,0.9836526966426439
98,9,0.60,0.9864956644809219
98,9,0.65,0.9843837640129158
98,9,0.70,0.9877199929525075
98,9,0.75,0.9865720746654798
98,9,0.80,0.9901534691817482
98,9,0.85,0.9846448680309674
98,9,0.90,0.9891375258969781
98,9,0.95,0.9878484001278199
99,0,0.05,0.9206029093868
99,0,0.10,0.9232277159927775
99,0,0.15,0.940425129838254
99,0,0.20,0.9840202769258621
99,0,0.25,0.9725251105007604
99,0,0.30,0.9780961681018561
99,0,0.35,0.9851793861599752
99,0,0.40,0.9818863947091415
99,0,0.45,0.9854000479245252
99,0,0.50,0.9887528832824651
99,0,0.55,0.9869941377272509
99,0,0.60,0.9884996366690667
99,0,0.65,0.9890678669576791
99,0,0.70,0.9883949271583707
99,0,0.75,0.9875825655978946
99,0,0.80,0.9868084860030498
99,0,0.85,0.9856577824984655
99,0,0.90,0.9834859588258786
99,0,0.95,0.9883180390030402
99,1,0.05,0.888112598804904
99,1,0.10,0.954969612524673
99,1,0.15,0.950642134561447
99,1,0.20,0.9684234805008386
99,1,0.25,0.9771340200046257
99,1,0.30,0.9850743727569282
99,1,0.35,0.9828424055128094
99,1,0.40,0.9894324247788129
99,1,0.45,0.9808432780971149
99,1,0.50,0.9885845521427012
99,1,0.55,0.9877233043099798
99,1,0.60,0.9845515985812555
99,1,0.65,0.9886454778939824
99,1,0.70,0.9847173522159386
99,1,0.75,0.9854688868431053
99,1,0.80,0.986961493232667
99,1,0.85,0.9892961917897991
99,1,0.90,0.9909261767193273
99,1,0.95,0.9855456099222293
99,2,0.05,0.8901218074943293
99,2,0.10,0.911338126002962
99,2,0.15,0.9658647114875505
99,2,0.20,0.9785804656054107
99,2,0.25,0.9795635193135549
99,2,0.30,0.9850312829184177
99,2,0.35,0.981149476437723
99,2,0.40,0.9872216148782844
99,2,0.45,0.9842668241453733
99,2,0.50,0.9860017072997835
99,2,0.55,0.9853966842053571
99,2,0.60,0.9835171338470474
99,2,0.65,0.9885877277277767
99,2,0.70,0.9854851496451611
99,2,0.75,0.9861174086917339
99,2,0.80,0.9867308921542929
99,2,0.85,0.9890643460819137
99,2,0.90,0.9891060692580345
99,2,0.95,0.9883879718030787
99,3,0.05,0.898651116762961
99,3,0.10,0.9515748381607717
99,3,0.15,0.9680047065743019
99,3,0.20,0.9696542873080419
99,3,0.25,0.9410855226683856
99,3,0.30,0.9545211998716139
99,3,0.35,0.984644367223746
99,3,0.40,0.9846568709967989
99,3,0.45,0.9909216131798588
99,3,0.50,0.9857023188720954
99,3,0.55,0.9876670463101913
99,3,0.60,0.9895010731678222
99,3,0.65,0.9880034643695906
99,3,0.70,0.9862550050374126
99,3,0.75,0.9902316548024557
99,3,0.80,0.9869719829825316
99,3,0.85,0.986556763424454
99,3,0.90,0.9882195505290892
99,3,0.95,0.9872252520673894
99,4,0.05,0.8907668790486288
99,4,0.10,0.9386501597792845
99,4,0.15,0.9770578180102512
99,4,0.20,0.9733035514572258
99,4,0.25,0.9826182021199019
99,4,0.30,0.9842605964650237
99,4,0.35,0.9855927449347853
99,4,0.40,0.9816670665770112
99,4,0.45,0.9883868741725664
99,4,0.50,0.9878678532881415
99,4,0.55,0.9857740259667211
99,4,0.60,0.9865845113287767
99,4,0.65,0.9893068862025705
99,4,0.70,0.9889138393182191
99,4,0.75,0.9837246942042226
99,4,0.80,0.9885892999203505
99,4,0.85,0.9914790498053904
99,4,0.90,0.9905583048358497
99,4,0.95,0.9882985069335515
99,5,0.05,0.9231540689246153
99,5,0.10,0.9467972736594443
99,5,0.15,0.9738834353060727
99,5,0.20,0.9824770286550029
99,5,0.25,0.9803775803436047
99,5,0.30,0.9830316986492108
99,5,0.35,0.9853877172781733
99,5,0.40,0.9839436778491558
99,5,0.45,0.9857695692127735
99,5,0.50,0.9867680397869231
99,5,0.55,0.9875598584405829
99,5,0.60,0.9853931348020777
99,5,0.65,0.9855813594091001
99,5,0.70,0.9862496338918317
99,5,0.75,0.9919365266851606
99,5,0.80,0.9873592164082536
99,5,0.85,0.9860187538328202
99,5,0.90,0.9901372808256094
99,5,0.95,0.9897534955167053
99,6,0.05,0.8657900454799552
99,6,0.10,0.9469112799583818
99,6,0.15,0.9766474244298713
99,6,0.20,0.9756600411418194
99,6,0.25,0.9853262875783763
99,6,0.30,0.9748049737810126
99,6,0.35,0.9870323403444105
99,6,0.40,0.9881142635973826
99,6,0.45,0.9866009824422683
99,6,0.50,0.9839780108586798
99,6,0.55,0.9872607124657329
99,6,0.60,0.9849219349815144
99,6,0.65,0.9831124320336277
99,6,0.70,0.9848083220602548
99,6,0.75,0.9876745961012076
99,6,0.80,0.9858587370232775
99,6,0.85,0.9872921049071968
99,6,0.90,0.9890180967490065
99,6,0.95,0.9896204646401222
99,7,0.05,0.8639991539133642
99,7,0.10,0.8962376605110804
99,7,0.15,0.9781556785118818
99,7,0.20,0.978959287367635
99,7,0.25,0.9831049925761486
99,7,0.30,0.9792802854799106
99,7,0.35,0.9847359637189101
99,7,0.40,0.9830454335117806
99,7,0.45,0.9835788000502785
99,7,0.50,0.9821237801586549
99,7,0.55,0.9849892559359903
99,7,0.60,0.9848058323585263
99,7,0.65,0.987806917642621
99,7,0.70,0.9881571779551082
99,7,0.75,0.9888514275663133
99,7,0.80,0.9868984758936117
99,7,0.85,0.9850026585773077
99,7,0.90,0.9887819261062981
99,7,0.95,0.9873703999034341
99,8,0.05,0.8999481862049367
99,8,0.10,0.9806772677783249
99,8,0.15,0.9740363377842827
99,8,0.20,0.9673448082232929
99,8,0.25,0.9776264211915601
99,8,0.30,0.9815143761483496
99,8,0.35,0.980972743377974
99,8,0.40,0.9894141196865822
99,8,0.45,0.9833230675298249
99,8,0.50,0.9862755472646365
99,8,0.55,0.9877083091884238
99,8,0.60,0.9871093012550276
99,8,0.65,0.98655301556155
99,8,0.70,0.9891549123006111
99,8,0.75,0.9863885056496168
99,8,0.80,0.9868997965957034
99,8,0.85,0.9871623391989159
99,8,0.90,0.9895134429199884
99,8,0.95,0.9906896511576598
99,9,0.05,0.9102718402777932
99,9,0.10,0.8696838822057209
99,9,0.15,0.9619634639678576
99,9,0.20,0.9716956246700147
99,9,0.25,0.9827312774170964
99,9,0.30,0.9642522337956674
99,9,0.35,0.9834832061916936
99,9,0.40,0.9878329394895239
99,9,0.45,0.9873025199561312
99,9,0.50,0.9839529334942589
99,9,0.55,0.9832206257988441
99,9,0.60,0.9846436119503761
99,9,0.65,0.9892357194333308
99,9,0.70,0.9897585745154446
99,9,0.75,0.9876746000911274
99,9,0.80,0.9868966506336599
99,9,0.85,0.9884704202966297
99,9,0.90,0.9887924537315873
99,9,0.95,0.9876372853224946
