random_seed,split_seed,sample_ratio,r2
0,0,0.05,0.6254309651026217
0,0,0.10,0.9369502720356228
0,0,0.15,0.7666533960441899
0,0,0.20,0.798037044348084
0,0,0.25,0.9792150210844285
0,0,0.30,0.9624292154599873
0,0,0.35,0.9596614684850859
0,0,0.40,0.9739042068381246
0,0,0.45,0.799004363740292
0,0,0.50,0.9701051647012039
0,0,0.55,0.9665863574011268
0,0,0.60,0.9743833556777679
0,0,0.65,0.9830765864327435
0,0,0.70,0.9857088708379206
0,0,0.75,0.9786201180184559
0,0,0.80,0.9854955452900492
0,0,0.85,0.9847669089023925
0,0,0.90,0.9836047658193459
0,0,0.95,0.9781240525156718
0,1,0.05,0.8769001552576567
0,1,0.10,0.9180649990303175
0,1,0.15,0.767722527841952
0,1,0.20,0.9087177729156911
0,1,0.25,0.96348526484955
0,1,0.30,0.9199284770724986
0,1,0.35,0.9695317328286365
0,1,0.40,0.9745088310728983
0,1,0.45,0.9591685724509971
0,1,0.50,0.9746720087779146
0,1,0.55,0.976366638500981
0,1,0.60,0.9815905722518367
0,1,0.65,0.9648655981344263
0,1,0.70,0.9768155175212231
0,1,0.75,0.9518502922139811
0,1,0.80,0.9427735277475936
0,1,0.85,0.9746048299698911
0,1,0.90,0.9796279689338637
0,1,0.95,0.9731434484340128
0,2,0.05,0.9077959690886982
0,2,0.10,0.751646436498795
0,2,0.15,0.5209701592984857
0,2,0.20,0.9098948185594351
0,2,0.25,0.816046523694617
0,2,0.30,0.9635924635755276
0,2,0.35,0.9353973594681816
0,2,0.40,0.9803785292318329
0,2,0.45,0.9771371198223113
0,2,0.50,0.9882103031863724
0,2,0.55,0.9616892544929497
0,2,0.60,0.9695440987279897
0,2,0.65,0.9872746442618592
0,2,0.70,0.9814582212749007
0,2,0.75,0.9754879286625252
0,2,0.80,0.9753444835327825
0,2,0.85,0.9785410736983965
0,2,0.90,0.9771700032679822
0,2,0.95,0.9831821798061844
0,3,0.05,0.9161237579822155
0,3,0.10,0.7743030159781124
0,3,0.15,0.4900301997595675
0,3,0.20,0.8925225253021711
0,3,0.25,0.8112161997516013
0,3,0.30,0.9707405423095048
0,3,0.35,0.9445563546179907
0,3,0.40,0.9655993378881067
0,3,0.45,0.9749558371694307
0,3,0.50,0.9868249098543362
0,3,0.55,0.9663928434745945
0,3,0.60,0.9735343168081523
0,3,0.65,0.9849094344253688
0,3,0.70,0.979491698887986
0,3,0.75,0.9801517866933328
0,3,0.80,0.9781677372178935
0,3,0.85,0.9757156947697081
0,3,0.90,0.9677602809155808
0,3,0.95,0.9770999343316175
0,4,0.05,0.1955487595679274
0,4,0.10,0.7236781409844998
0,4,0.15,0.8152807471570499
0,4,0.20,0.9636852036614325
0,4,0.25,0.9562116052966404
0,4,0.30,0.9573957258888686
0,4,0.35,0.9593760996819776
0,4,0.40,0.8791590812111714
0,4,0.45,0.9606587565966962
0,4,0.50,0.9675041066166006
0,4,0.55,0.9758925578349067
0,4,0.60,0.9809953492024267
0,4,0.65,0.9734668590754222
0,4,0.70,0.9795953364663936
0,4,0.75,0.9723441794008266
0,4,0.80,0.9802230744392368
0,4,0.85,0.9697643440919386
0,4,0.90,0.9848005302110191
0,4,0.95,0.9744102597347821
0,5,0.05,0.877282032522633
0,5,0.10,0.5191337677692316
0,5,0.15,0.8015797049143017
0,5,0.20,0.9240649527230465
0,5,0.25,0.9709364244762535
0,5,0.30,0.9639414545558854
0,5,0.35,0.9771281855002063
0,5,0.40,0.9600280291926402
0,5,0.45,0.9855092884618801
0,5,0.50,0.9466793051412367
0,5,0.55,0.9753151932730241
0,5,0.60,0.9791198820968265
0,5,0.65,0.9827467411465268
0,5,0.70,0.9781079111598832
0,5,0.75,0.9805573756765633
0,5,0.80,0.9780014721257773
0,5,0.85,0.9760466944219712
0,5,0.90,0.9789983892552344
0,5,0.95,0.9686029608362862
0,6,0.05,0.956921798060927
0,6,0.10,0.6977395559726436
0,6,0.15,0.8030821279382963
0,6,0.20,0.735184790946355
0,6,0.25,0.9696049935918732
0,6,0.30,0.971814355799675
0,6,0.35,0.9447988599624711
0,6,0.40,0.9297489836331523
0,6,0.45,0.9746913223762645
0,6,0.50,0.987800676565291
0,6,0.55,0.9645200999647445
0,6,0.60,0.9762630793855541
0,6,0.65,0.9860746199656852
0,6,0.70,0.9739800797366016
0,6,0.75,0.9686881584361063
0,6,0.80,0.9752631639873834
0,6,0.85,0.9769746984939636
0,6,0.90,0.9788738766620266
0,6,0.95,0.973892232435023
0,7,0.05,0.5949006218673512
0,7,0.10,0.9642998594589992
0,7,0.15,0.9238111258318576
0,7,0.20,0.938315190555719
0,7,0.25,0.9364616305628986
0,7,0.30,0.9085254555697527
0,7,0.35,0.930111774518104
0,7,0.40,0.9747578248461573
0,7,0.45,0.9790730162662848
0,7,0.50,0.9809036059555551
0,7,0.55,0.9719906234627184
0,7,0.60,0.9771310548979812
0,7,0.65,0.9770390735691047
0,7,0.70,0.9846094399347662
0,7,0.75,0.9763725768570364
0,7,0.80,0.9803165834565976
0,7,0.85,0.9700774505264184
0,7,0.90,0.9908983726004847
0,7,0.95,0.9870448396084818
0,8,0.05,0.37794199363017555
0,8,0.10,0.866957915094074
0,8,0.15,0.7762169755235867
0,8,0.20,0.8191148656697439
0,8,0.25,0.9372134493698696
0,8,0.30,0.8033340814856847
0,8,0.35,0.9513186891392083
0,8,0.40,0.936968583177711
0,8,0.45,0.945625320958311
0,8,0.50,0.9860112261771458
0,8,0.55,0.9714014913962383
0,8,0.60,0.9811198477552138
0,8,0.65,0.9680014735429804
0,8,0.70,0.9631428822385644
0,8,0.75,0.974932682310512
0,8,0.80,0.9709103999048843
0,8,0.85,0.9744471078162349
0,8,0.90,0.9659800939107169
0,8,0.95,0.9730405118483213
0,9,0.05,0.9470839633326114
0,9,0.10,0.5200029755188993
0,9,0.15,0.6487046499517644
0,9,0.20,0.7327307176460598
0,9,0.25,0.9702327344448218
0,9,0.30,0.9614334192632644
0,9,0.35,0.8658655622918442
0,9,0.40,0.9678092926578885
0,9,0.45,0.9555302672651209
0,9,0.50,0.9706397036731494
0,9,0.55,0.9613392084383323
0,9,0.60,0.9589038189673047
0,9,0.65,0.9789586021992552
0,9,0.70,0.9749167893822043
0,9,0.75,0.9787836985506008
0,9,0.80,0.9807277071545735
0,9,0.85,0.9794267309328744
0,9,0.90,0.9622669322235493
0,9,0.95,0.9770019220080595
1,0,0.05,-0.04093708144603325
1,0,0.10,0.30930432545981923
1,0,0.15,0.8929309239204835
1,0,0.20,0.9202673288301175
1,0,0.25,0.930511851983285
1,0,0.30,0.9395967819350963
1,0,0.35,0.9679643560876845
1,0,0.40,0.9699746596198383
1,0,0.45,0.9650210769252219
1,0,0.50,0.9344968338337611
1,0,0.55,0.9371196268452324
1,0,0.60,0.9647668867051852
1,0,0.65,0.9829688871277602
1,0,0.70,0.9695203664996315
1,0,0.75,0.9856109927558209
1,0,0.80,0.9738570445237433
1,0,0.85,0.9653985832038476
1,0,0.90,0.9864833177110081
1,0,0.95,0.9800852494402359
1,1,0.05,0.9173309567706438
1,1,0.10,0.4072334310270568
1,1,0.15,0.9001017166789496
1,1,0.20,0.892678705582271
1,1,0.25,0.9253010582931579
1,1,0.30,0.8592090315622001
1,1,0.35,0.9332441235954114
1,1,0.40,0.9802584082592934
1,1,0.45,0.9392155497154447
1,1,0.50,0.9779244584001151
1,1,0.55,0.9536497070971798
1,1,0.60,0.9898838595007464
1,1,0.65,0.9462423151259057
1,1,0.70,0.9851759368859194
1,1,0.75,0.9741217860185213
1,1,0.80,0.9748616156377857
1,1,0.85,0.9565542585964776
1,1,0.90,0.9679879591132509
1,1,0.95,0.9697631804089056
1,2,0.05,0.9553992670888967
1,2,0.10,0.8288294642112228
1,2,0.15,0.4860373188569137
1,2,0.20,0.8526395386102974
1,2,0.25,0.888496281474068
1,2,0.30,0.9512395425888311
1,2,0.35,0.9696551886565338
1,2,0.40,0.936047321897749
1,2,0.45,0.9471144064503806
1,2,0.50,0.9250020856332869
1,2,0.55,0.9586059806252797
1,2,0.60,0.9687613572497306
1,2,0.65,0.9773676317669384
1,2,0.70,0.9690417739280661
1,2,0.75,0.9663893153470392
1,2,0.80,0.9819428286378312
1,2,0.85,0.9718535432212103
1,2,0.90,0.9594104082425849
1,2,0.95,0.9641108779937416
1,3,0.05,-3.2693326922037
1,3,0.10,0.887399607783016
1,3,0.15,0.19623541313430115
1,3,0.20,0.9428077226710407
1,3,0.25,0.9521940242189464
1,3,0.30,0.78334151767285
1,3,0.35,0.9658705411037144
1,3,0.40,0.9501938518216672
1,3,0.45,0.9605358323208796
1,3,0.50,0.9095575451670481
1,3,0.55,0.9335077131280166
1,3,0.60,0.93034934858323
1,3,0.65,0.9780978114122033
1,3,0.70,0.9747929132881157
1,3,0.75,0.9634565206622641
1,3,0.80,0.9894623571747119
1,3,0.85,0.9843517042576635
1,3,0.90,0.9640188003740554
1,3,0.95,0.9846719351336267
1,4,0.05,0.4992577736806444
1,4,0.10,0.6032579460686557
1,4,0.15,0.9032978711193849
1,4,0.20,0.9244540496883485
1,4,0.25,0.9035331819086142
1,4,0.30,0.9397611433216985
1,4,0.35,0.8473495509934352
1,4,0.40,0.9640427554261639
1,4,0.45,0.8554082693104071
1,4,0.50,0.981752231338822
1,4,0.55,0.9716158982523941
1,4,0.60,0.9770549262282473
1,4,0.65,0.977190802380069
1,4,0.70,0.9650061186271179
1,4,0.75,0.9705698413461763
1,4,0.80,0.9717609691244449
1,4,0.85,0.9650352353641459
1,4,0.90,0.970265764751436
1,4,0.95,0.9771434273120992
1,5,0.05,0.08706178359698291
1,5,0.10,0.14594774111089315
1,5,0.15,0.8410023096672852
1,5,0.20,0.907902225832943
1,5,0.25,0.8800879217151772
1,5,0.30,0.8533023854915704
1,5,0.35,0.958456441886496
1,5,0.40,0.9323194973686316
1,5,0.45,0.8649216723200577
1,5,0.50,0.9911484652309801
1,5,0.55,0.9566134675373104
1,5,0.60,0.9688659458895222
1,5,0.65,0.966398236063916
1,5,0.70,0.9752264254932722
1,5,0.75,0.9677234176628775
1,5,0.80,0.9731405672952671
1,5,0.85,0.9693399847260702
1,5,0.90,0.9758400850860774
1,5,0.95,0.965924591054551
1,6,0.05,0.8357374676651487
1,6,0.10,0.8662254341403056
1,6,0.15,0.8934303373966522
1,6,0.20,0.8294583501625375
1,6,0.25,0.9600224539837257
1,6,0.30,0.9216801153682838
1,6,0.35,0.9390606822295477
1,6,0.40,0.7712920266339944
1,6,0.45,0.8680966441975871
1,6,0.50,0.9456981090935428
1,6,0.55,0.9684811677792968
1,6,0.60,0.9670819590870485
1,6,0.65,0.9842058457051054
1,6,0.70,0.9797866376307283
1,6,0.75,0.9755204615962922
1,6,0.80,0.9783347374133724
1,6,0.85,0.9824554399143566
1,6,0.90,0.9642948785400384
1,6,0.95,0.9795623121737875
1,7,0.05,-0.06683936881165975
1,7,0.10,0.6702996597000948
1,7,0.15,0.6571883733878267
1,7,0.20,0.518865147547025
1,7,0.25,0.9405262148132467
1,7,0.30,0.8749864702754427
1,7,0.35,0.903592585807097
1,7,0.40,0.9529362495277496
1,7,0.45,0.9316444717736475
1,7,0.50,0.9787479964789538
1,7,0.55,0.966182115331079
1,7,0.60,0.9374269302954646
1,7,0.65,0.9622711735399391
1,7,0.70,0.9634589770838171
1,7,0.75,0.9778872362387436
1,7,0.80,0.9685509831434457
1,7,0.85,0.9791762018165849
1,7,0.90,0.9832263407035894
1,7,0.95,0.9850462575326177
1,8,0.05,0.9051688370651738
1,8,0.10,0.8062856739792834
1,8,0.15,0.454628312849937
1,8,0.20,0.9558709963693364
1,8,0.25,0.9407006221142343
1,8,0.30,0.8422528421863741
1,8,0.35,0.7438616800498209
1,8,0.40,0.8994293207594749
1,8,0.45,0.9370637315054037
1,8,0.50,0.9148894695006402
1,8,0.55,0.969373044598183
1,8,0.60,0.9768064293724937
1,8,0.65,0.9795346322031893
1,8,0.70,0.980546332384099
1,8,0.75,0.9766817176565451
1,8,0.80,0.9810289798439794
1,8,0.85,0.9743698772988324
1,8,0.90,0.9747432903195611
1,8,0.95,0.9752657456503371
1,9,0.05,0.8837344389940555
1,9,0.10,0.3775407144318298
1,9,0.15,0.4336838536574671
1,9,0.20,0.9798550382116872
1,9,0.25,0.9720844937353116
1,9,0.30,0.9402747968840962
1,9,0.35,0.920904169828739
1,9,0.40,0.961515441493586
1,9,0.45,0.9150213176299116
1,9,0.50,0.9390517135592297
1,9,0.55,0.9662441907980396
1,9,0.60,0.9749977836712942
1,9,0.65,0.9819352716142138
1,9,0.70,0.9659161429171252
1,9,0.75,0.9699067157708234
1,9,0.80,0.9784748678847861
1,9,0.85,0.984286964696993
1,9,0.90,0.9816236123483291
1,9,0.95,0.9788074174049781
2,0,0.05,0.7361747867862815
2,0,0.10,0.7836006612791879
2,0,0.15,0.9751947121240273
2,0,0.20,0.8607862592874634
2,0,0.25,0.905865609819018
2,0,0.30,0.9646221383326005
2,0,0.35,0.9435113594271036
2,0,0.40,0.945391817731645
2,0,0.45,0.9562026035258143
2,0,0.50,0.9727205495358221
2,0,0.55,0.9710406824194818
2,0,0.60,0.9858046773672794
2,0,0.65,0.9729156833865751
2,0,0.70,0.9832551749194373
2,0,0.75,0.9719020199457007
2,0,0.80,0.9760504522155987
2,0,0.85,0.971861246979808
2,0,0.90,0.9772727527660638
2,0,0.95,0.9745412364955192
2,1,0.05,0.7989156354784294
2,1,0.10,0.3606986014111122
2,1,0.15,0.9024054681210064
2,1,0.20,0.8815027809529772
2,1,0.25,0.9059508267334887
2,1,0.30,0.9271138760010226
2,1,0.35,0.9698294992712534
2,1,0.40,0.9650164325641888
2,1,0.45,0.9420185315814353
2,1,0.50,0.9489804480993658
2,1,0.55,0.9775466240660139
2,1,0.60,0.9820669350409236
2,1,0.65,0.9671452881200276
2,1,0.70,0.9637279130382287
2,1,0.75,0.9769517113057629
2,1,0.80,0.9737272188583971
2,1,0.85,0.9716252937413872
2,1,0.90,0.9749477292323143
2,1,0.95,0.9759722990586492
2,2,0.05,-0.07432793504683621
2,2,0.10,0.43358730269344203
2,2,0.15,0.9433119571588837
2,2,0.20,0.8798184881210817
2,2,0.25,0.9465307139799811
2,2,0.30,0.9177656796741248
2,2,0.35,0.9380173950990827
2,2,0.40,0.9701194559683117
2,2,0.45,0.9606543124707636
2,2,0.50,0.9651439866656134
2,2,0.55,0.973621127201268
2,2,0.60,0.9190965735377008
2,2,0.65,0.9757085566636855
2,2,0.70,0.9699206264317443
2,2,0.75,0.9687241714511651
2,2,0.80,0.9732670245040507
2,2,0.85,0.9696058922902048
2,2,0.90,0.9762019614500073
2,2,0.95,0.9593707504570781
2,3,0.05,0.9319729735817356
2,3,0.10,0.8256635700534596
2,3,0.15,0.7922095340426958
2,3,0.20,0.8075839345259028
2,3,0.25,0.8507526139465005
2,3,0.30,0.9480379734636636
2,3,0.35,0.9723552587789915
2,3,0.40,0.974486112434613
2,3,0.45,0.9563010443950878
2,3,0.50,0.9275044103897985
2,3,0.55,0.9755936275897447
2,3,0.60,0.9821872943505189
2,3,0.65,0.9798496288286369
2,3,0.70,0.964196248300813
2,3,0.75,0.9660278158084641
2,3,0.80,0.9710911862347192
2,3,0.85,0.9781922180946269
2,3,0.90,0.9757394930789601
2,3,0.95,0.9611137754484459
2,4,0.05,0.1788151605365872
2,4,0.10,0.5165587225126154
2,4,0.15,0.554196010131033
2,4,0.20,0.4385807461079606
2,4,0.25,0.9527881401897887
2,4,0.30,0.900664558093621
2,4,0.35,0.9585844884442082
2,4,0.40,0.9723554172910718
2,4,0.45,0.9928375396988719
2,4,0.50,0.9833394419536086
2,4,0.55,0.9732501547393547
2,4,0.60,0.9704007341230965
2,4,0.65,0.9825020691294128
2,4,0.70,0.9786206983250436
2,4,0.75,0.9823266635660362
2,4,0.80,0.9719933211772368
2,4,0.85,0.9629405888015303
2,4,0.90,0.9758429053109975
2,4,0.95,0.954115093070905
2,5,0.05,0.25641052034896306
2,5,0.10,0.9117539411765421
2,5,0.15,0.9243978007397289
2,5,0.20,0.9513672898634256
2,5,0.25,0.9325200162869673
2,5,0.30,0.9529511980477287
2,5,0.35,0.9561112243132734
2,5,0.40,0.93902941852356
2,5,0.45,0.9588955636295391
2,5,0.50,0.9702265965645183
2,5,0.55,0.9859141583444804
2,5,0.60,0.9716962606438284
2,5,0.65,0.9665148088395344
2,5,0.70,0.9712090926049233
2,5,0.75,0.9913445669979535
2,5,0.80,0.9866251547927493
2,5,0.85,0.9759668189986734
2,5,0.90,0.9830182514496915
2,5,0.95,0.9877901933549023
2,6,0.05,0.9383068830630632
2,6,0.10,-0.19163952642172544
2,6,0.15,0.958997997001058
2,6,0.20,0.926530568269823
2,6,0.25,0.9741121180927115
2,6,0.30,0.9534297134784234
2,6,0.35,0.8911859747825094
2,6,0.40,0.9246723237494269
2,6,0.45,0.978018454990431
2,6,0.50,0.9697566110860831
2,6,0.55,0.9714542331021352
2,6,0.60,0.9727776287903712
2,6,0.65,0.9551191238254789
2,6,0.70,0.9685169268746671
2,6,0.75,0.9694988659510936
2,6,0.80,0.9826971081226248
2,6,0.85,0.9774610740173963
2,6,0.90,0.9814364468920825
2,6,0.95,0.9820520698147227
2,7,0.05,0.1958530891463287
2,7,0.10,0.9153071645443853
2,7,0.15,0.9289361884137821
2,7,0.20,0.8964779431667415
2,7,0.25,0.8909402281413825
2,7,0.30,0.9502068673627286
2,7,0.35,0.961236240387817
2,7,0.40,0.9728977332280342
2,7,0.45,0.9795243370188211
2,7,0.50,0.9783487749501159
2,7,0.55,0.9706163661092121
2,7,0.60,0.9653434194029157
2,7,0.65,0.9826575638168817
2,7,0.70,0.9749461328641056
2,7,0.75,0.9857633525537883
2,7,0.80,0.9648045029469391
2,7,0.85,0.9725938505274995
2,7,0.90,0.9843232994895402
2,7,0.95,0.9835111278662763
2,8,0.05,-0.4939556228824742
2,8,0.10,0.6354513664792216
2,8,0.15,0.9638365063318113
2,8,0.20,0.9654574332038499
2,8,0.25,0.9437076905048958
2,8,0.30,0.9529135406685033
2,8,0.35,0.9353151760256475
2,8,0.40,0.9512718702620575
2,8,0.45,0.9577272349164349
2,8,0.50,0.9793284715452812
2,8,0.55,0.9781142133598172
2,8,0.60,0.982199640660471
2,8,0.65,0.9691422754735022
2,8,0.70,0.9512650228982876
2,8,0.75,0.9815673890258781
2,8,0.80,0.9814713257588787
2,8,0.85,0.9794244592013565
2,8,0.90,0.980669419607192
2,8,0.95,0.9727512597103861
2,9,0.05,0.15104791958071662
2,9,0.10,0.9322704625479188
2,9,0.15,0.8818040933967275
2,9,0.20,0.9601045603632097
2,9,0.25,0.9481401241611314
2,9,0.30,0.9590753229562646
2,9,0.35,0.9206468558643021
2,9,0.40,0.9677649032094898
2,9,0.45,0.969144849285967
2,9,0.50,0.9715046588407179
2,9,0.55,0.9735712171020905
2,9,0.60,0.9830909300515884
2,9,0.65,0.9692198339931316
2,9,0.70,0.9815531659265476
2,9,0.75,0.9888379232214793
2,9,0.80,0.966021125730892
2,9,0.85,0.9725451757443547
2,9,0.90,0.9795306853911508
2,9,0.95,0.9840999330143899
3,0,0.05,0.8976444495466412
3,0,0.10,0.8607050640511518
3,0,0.15,0.9915579650945289
3,0,0.20,0.9682340681147101
3,0,0.25,0.8846425281672845
3,0,0.30,0.9604457914737357
3,0,0.35,0.957799664109578
3,0,0.40,0.8813195315937516
3,0,0.45,0.9736979669293709
3,0,0.50,0.9606340697809429
3,0,0.55,0.9715742278955116
3,0,0.60,0.9803077126967762
3,0,0.65,0.9767535772820843
3,0,0.70,0.9433579248884444
3,0,0.75,0.9790285418296523
3,0,0.80,0.9696638589186708
3,0,0.85,0.9700493771258613
3,0,0.90,0.973099364409296
3,0,0.95,0.9797567091702646
3,1,0.05,0.4097678371001089
3,1,0.10,0.9361192362370034
3,1,0.15,0.94525883203869
3,1,0.20,0.957734324212217
3,1,0.25,0.9217688345501368
3,1,0.30,0.9330296079809892
3,1,0.35,0.9533268926317737
3,1,0.40,0.8733209444252596
3,1,0.45,0.8979654434641812
3,1,0.50,0.8933430511783074
3,1,0.55,0.8318560885597237
3,1,0.60,0.9372386558978718
3,1,0.65,0.9693313029941654
3,1,0.70,0.9655828002746802
3,1,0.75,0.9889506867297978
3,1,0.80,0.9692087778788301
3,1,0.85,0.9465739776097852
3,1,0.90,0.9652861096391406
3,1,0.95,0.9521802988112292
3,2,0.05,0.8802305562456633
3,2,0.10,0.942747429256291
3,2,0.15,0.9022014167641911
3,2,0.20,0.9897904366380259
3,2,0.25,0.9362065430494344
3,2,0.30,0.9693653380282187
3,2,0.35,0.6148098562028156
3,2,0.40,0.971750244827859
3,2,0.45,0.9166267823980007
3,2,0.50,0.967702308432662
3,2,0.55,0.9654159418202526
3,2,0.60,0.9900256898743216
3,2,0.65,0.9514003465210401
3,2,0.70,0.976656204154798
3,2,0.75,0.9603145290930125
3,2,0.80,0.9889361058833618
3,2,0.85,0.9733770595131147
3,2,0.90,0.9869898501171869
3,2,0.95,0.965975582378846
3,3,0.05,0.6733422342064779
3,3,0.10,0.8976728414420722
3,3,0.15,0.9335793796924894
3,3,0.20,0.7396503840395684
3,3,0.25,0.7949840455715115
3,3,0.30,0.9364450831686946
3,3,0.35,0.8503333157635167
3,3,0.40,0.7954419532391797
3,3,0.45,0.787503042530348
3,3,0.50,0.9670597001856611
3,3,0.55,0.8746406301824842
3,3,0.60,0.9668464041588096
3,3,0.65,0.9780364732617026
3,3,0.70,0.9899089264234943
3,3,0.75,0.9693080519598453
3,3,0.80,0.9737389941084176
3,3,0.85,0.9609756529132584
3,3,0.90,0.9574299519561809
3,3,0.95,0.9781628493598443
3,4,0.05,0.2946660233242696
3,4,0.10,0.7442358729159204
3,4,0.15,0.7912094268208157
3,4,0.20,0.9544985948388178
3,4,0.25,0.9119640985710596
3,4,0.30,0.91881707853785
3,4,0.35,0.985612020319468
3,4,0.40,0.8885264790998783
3,4,0.45,0.8623274236247113
3,4,0.50,0.9640075738653395
3,4,0.55,0.9720748481042513
3,4,0.60,0.9150466447555459
3,4,0.65,0.9489910920823605
3,4,0.70,0.9727974729690065
3,4,0.75,0.9816437656513317
3,4,0.80,0.9841782423431851
3,4,0.85,0.9627995549205013
3,4,0.90,0.9686504404918022
3,4,0.95,0.9764800936654751
3,5,0.05,0.7157346998183736
3,5,0.10,0.9683846597029191
3,5,0.15,0.943555872993977
3,5,0.20,0.811578986470822
3,5,0.25,0.450642975734057
3,5,0.30,0.9041806526992913
3,5,0.35,0.9777787250213485
3,5,0.40,0.7806592862833526
3,5,0.45,0.8008377918705718
3,5,0.50,0.9641261987399796
3,5,0.55,0.9538591023015611
3,5,0.60,0.912192715727552
3,5,0.65,0.9589584551115471
3,5,0.70,0.9720166374497985
3,5,0.75,0.9569939819543644
3,5,0.80,0.9670063732851539
3,5,0.85,0.9582420780485803
3,5,0.90,0.9377296129930774
3,5,0.95,0.9569771200765594
3,6,0.05,0.9604594158911801
3,6,0.10,0.9213121840813834
3,6,0.15,0.9638711513044624
3,6,0.20,0.955357337243238
3,6,0.25,0.9335638147806045
3,6,0.30,0.9606600907016136
3,6,0.35,0.9636106978077793
3,6,0.40,0.941941781896899
3,6,0.45,0.8733100843152485
3,6,0.50,0.8929509000026651
3,6,0.55,0.9675806733624863
3,6,0.60,0.9898004137009834
3,6,0.65,0.9807389435272071
3,6,0.70,0.9632578932869029
3,6,0.75,0.9833720937650613
3,6,0.80,0.9748231848128877
3,6,0.85,0.9795576067838244
3,6,0.90,0.9640508448500724
3,6,0.95,0.9879128179303883
3,7,0.05,0.8973207794178898
3,7,0.10,0.46107882046993875
3,7,0.15,0.9691140489858066
3,7,0.20,0.7351421838571226
3,7,0.25,0.547312650187562
3,7,0.30,0.62201079813203
3,7,0.35,0.4794712299543926
3,7,0.40,0.811856318496671
3,7,0.45,0.3058770044956165
3,7,0.50,0.9604273716621067
3,7,0.55,0.9586807258356648
3,7,0.60,0.916018063185922
3,7,0.65,0.9569008595352548
3,7,0.70,0.977296394908662
3,7,0.75,0.9719489285692636
3,7,0.80,0.959859260689892
3,7,0.85,0.936762962017162
3,7,0.90,0.9783040699330473
3,7,0.95,0.9656633444803402
3,8,0.05,0.984773941169522
3,8,0.10,0.873034667078265
3,8,0.15,0.9012739832981334
3,8,0.20,0.7484595936148871
3,8,0.25,0.9411277952800577
3,8,0.30,0.9192818294012037
3,8,0.35,0.946046699749481
3,8,0.40,0.9726521336075844
3,8,0.45,0.7859180124336195
3,8,0.50,0.8727079004791369
3,8,0.55,0.9691044781259691
3,8,0.60,0.9872968754937441
3,8,0.65,0.9565544816903245
3,8,0.70,0.9847668272240359
3,8,0.75,0.9734383753014416
3,8,0.80,0.9716959238284928
3,8,0.85,0.9703535234004971
3,8,0.90,0.9627218389695351
3,8,0.95,0.9876015090440509
3,9,0.05,0.2755928533882275
3,9,0.10,0.917877760111071
3,9,0.15,0.9405156423962654
3,9,0.20,0.9672767681319441
3,9,0.25,0.669858547708809
3,9,0.30,0.9550847997809474
3,9,0.35,0.5335098813308945
3,9,0.40,0.9129306168548607
3,9,0.45,0.9161376364891523
3,9,0.50,0.9750211568537704
3,9,0.55,0.9884692072269308
3,9,0.60,0.9806623781878107
3,9,0.65,0.9311667481263844
3,9,0.70,0.9772055094499642
3,9,0.75,0.9667072466745041
3,9,0.80,0.9780355193910416
3,9,0.85,0.9748164887934164
3,9,0.90,0.9776931342828228
3,9,0.95,0.977356750777632
4,0,0.05,-1.7596471842835615
4,0,0.10,0.9236705228784188
4,0,0.15,0.8998812788724612
4,0,0.20,0.8280563599195784
4,0,0.25,0.9040806264696891
4,0,0.30,0.8178197521699372
4,0,0.35,0.9713855458788331
4,0,0.40,0.9677631146651217
4,0,0.45,0.9586371719135219
4,0,0.50,0.9628623575465729
4,0,0.55,0.968934383037978
4,0,0.60,0.9567303992918492
4,0,0.65,0.9706425301312099
4,0,0.70,0.9702282111170433
4,0,0.75,0.9763019450216296
4,0,0.80,0.9710204066738386
4,0,0.85,0.9815624248400678
4,0,0.90,0.9755703817295135
4,0,0.95,0.971826497385286
4,1,0.05,0.8506305773981122
4,1,0.10,0.9548563871312241
4,1,0.15,0.694762839059155
4,1,0.20,0.9511021044988183
4,1,0.25,0.9388084774155209
4,1,0.30,0.94094189792452
4,1,0.35,0.9330155601951825
4,1,0.40,0.9534815814154785
4,1,0.45,0.9595727691838744
4,1,0.50,0.9677899182004365
4,1,0.55,0.9831246983736597
4,1,0.60,0.9828448048833275
4,1,0.65,0.9706538982471533
4,1,0.70,0.9744248671936361
4,1,0.75,0.9784463130144757
4,1,0.80,0.9571911441360755
4,1,0.85,0.9495821971187854
4,1,0.90,0.974889213327528
4,1,0.95,0.9355573587759917
4,2,0.05,0.8388721381321145
4,2,0.10,0.9764803442116968
4,2,0.15,0.9338531339896284
4,2,0.20,0.9272022194989996
4,2,0.25,0.9428516353000863
4,2,0.30,0.9855969005514799
4,2,0.35,0.9461107186639786
4,2,0.40,0.9614175224940766
4,2,0.45,0.9413973631722903
4,2,0.50,0.9526090726932034
4,2,0.55,0.9726473225362829
4,2,0.60,0.9624854699804167
4,2,0.65,0.9734549964246831
4,2,0.70,0.9802597916600554
4,2,0.75,0.9619675282673648
4,2,0.80,0.9789220225753464
4,2,0.85,0.9796821443400445
4,2,0.90,0.9749551697463054
4,2,0.95,0.9654021517959006
4,3,0.05,0.825338049328838
4,3,0.10,0.21849166524230934
4,3,0.15,0.9757031666504128
4,3,0.20,0.8883420320738822
4,3,0.25,0.6739123712840447
4,3,0.30,0.8919832631532992
4,3,0.35,0.9675253233597512
4,3,0.40,0.9608994696138002
4,3,0.45,0.9349530237393139
4,3,0.50,0.9741010731471061
4,3,0.55,0.9633629038426879
4,3,0.60,0.9555669719433573
4,3,0.65,0.9578649671911149
4,3,0.70,0.9739293954405921
4,3,0.75,0.9767696535725576
4,3,0.80,0.973364166240067
4,3,0.85,0.9618497867798389
4,3,0.90,0.9731086506297015
4,3,0.95,0.9723986267603973
4,4,0.05,0.2945349504057365
4,4,0.10,0.9253161708999519
4,4,0.15,0.5960663541109794
4,4,0.20,0.8554857519052624
4,4,0.25,0.6899820926835288
4,4,0.30,0.9559557955472376
4,4,0.35,0.9335107265725674
4,4,0.40,0.9295703188392186
4,4,0.45,0.963304852758777
4,4,0.50,0.9443346584269928
4,4,0.55,0.9676952650571056
4,4,0.60,0.9804653347971855
4,4,0.65,0.9799117831743834
4,4,0.70,0.9818218844870523
4,4,0.75,0.9622832015514129
4,4,0.80,0.9512305788832865
4,4,0.85,0.9749454732647553
4,4,0.90,0.9724910543816782
4,4,0.95,0.9670751746761553
4,5,0.05,-1.3938899501625759
4,5,0.10,-0.09457492555985203
4,5,0.15,0.8322036983133757
4,5,0.20,0.9603954398968759
4,5,0.25,0.8206329461959652
4,5,0.30,0.9396118510391785
4,5,0.35,0.9521041242414046
4,5,0.40,0.9664463822940231
4,5,0.45,0.9667989764787549
4,5,0.50,0.9126531334145616
4,5,0.55,0.9764065399821491
4,5,0.60,0.9516741878555127
4,5,0.65,0.9762866128951931
4,5,0.70,0.9689887747709164
4,5,0.75,0.9580454625423694
4,5,0.80,0.9736601362681815
4,5,0.85,0.9777281273762697
4,5,0.90,0.9732315780626579
4,5,0.95,0.9723376153888691
4,6,0.05,0.9455896278374232
4,6,0.10,0.8128078045932876
4,6,0.15,0.9168095050466656
4,6,0.20,0.89021252394413
4,6,0.25,0.9371920722029494
4,6,0.30,0.956971680312354
4,6,0.35,0.9470484638206641
4,6,0.40,0.9686511263454168
4,6,0.45,0.9839383183132077
4,6,0.50,0.9579746607359652
4,6,0.55,0.9610590571846004
4,6,0.60,0.976961981448442
4,6,0.65,0.9645771093200194
4,6,0.70,0.9740865475132152
4,6,0.75,0.97686076656537
4,6,0.80,0.9832601182442497
4,6,0.85,0.9772002073546261
4,6,0.90,0.9646847749467619
4,6,0.95,0.9736681412631599
4,7,0.05,-0.17277082344412076
4,7,0.10,0.911282179043752
4,7,0.15,0.8534319561134468
4,7,0.20,0.9231622809208099
4,7,0.25,0.7879528922880037
4,7,0.30,0.8783406544941199
4,7,0.35,0.9614370137857708
4,7,0.40,0.9526059523434933
4,7,0.45,0.9559291653031073
4,7,0.50,0.9682654964946477
4,7,0.55,0.9300055046405796
4,7,0.60,0.9703568728041346
4,7,0.65,0.9714261805160835
4,7,0.70,0.9837117673064728
4,7,0.75,0.9613995722790238
4,7,0.80,0.967608794165437
4,7,0.85,0.9514234322446566
4,7,0.90,0.971452358017199
4,7,0.95,0.9695090427253306
4,8,0.05,0.4778304097268399
4,8,0.10,0.9456158755264287
4,8,0.15,0.9438613173220949
4,8,0.20,0.8871958236831023
4,8,0.25,0.9172656219553366
4,8,0.30,0.9645880197040808
4,8,0.35,0.9508750691024462
4,8,0.40,0.9771066795087326
4,8,0.45,0.9629393969767424
4,8,0.50,0.9770861549901538
4,8,0.55,0.970877615638817
4,8,0.60,0.9758891118844807
4,8,0.65,0.9733675512272921
4,8,0.70,0.9734160395517787
4,8,0.75,0.9785995138516338
4,8,0.80,0.9756438038875613
4,8,0.85,0.9641104954282609
4,8,0.90,0.9612304372277765
4,8,0.95,0.977023808275472
4,9,0.05,0.3420767955911669
4,9,0.10,0.77486047854248
4,9,0.15,0.9676663292720906
4,9,0.20,0.9114313061025827
4,9,0.25,0.9355136784174087
4,9,0.30,0.9460784017691775
4,9,0.35,0.9664100038842168
4,9,0.40,0.9587227225252422
4,9,0.45,0.9652977363344926
4,9,0.50,0.9746887606639116
4,9,0.55,0.9677390564996335
4,9,0.60,0.961814127201802
4,9,0.65,0.9606661018946139
4,9,0.70,0.9844642348256352
4,9,0.75,0.9862850959360024
4,9,0.80,0.9775511478816016
4,9,0.85,0.9581805520806601
4,9,0.90,0.9651878976685275
4,9,0.95,0.9688419734612829
5,0,0.05,0.8443390979307078
5,0,0.10,0.7967500636520108
5,0,0.15,0.7951885981995359
5,0,0.20,0.8165531015392031
5,0,0.25,0.8761201013779717
5,0,0.30,0.9346094960256583
5,0,0.35,0.9761970117347369
5,0,0.40,0.8312098638112912
5,0,0.45,0.9470920468280427
5,0,0.50,0.9665299257143957
5,0,0.55,0.9649639870818546
5,0,0.60,0.9785266561232261
5,0,0.65,0.9569437266076175
5,0,0.70,0.9802516954041208
5,0,0.75,0.9646270141984732
5,0,0.80,0.9778517193216897
5,0,0.85,0.9188872975338298
5,0,0.90,0.9792019308085761
5,0,0.95,0.9794403425488937
5,1,0.05,-0.6945197778604353
5,1,0.10,0.882262736529545
5,1,0.15,0.6405028732956821
5,1,0.20,0.9174923587902096
5,1,0.25,0.8803959935159984
5,1,0.30,0.9701283706362004
5,1,0.35,0.9574328974162071
5,1,0.40,0.9646460643204201
5,1,0.45,0.9063142990969755
5,1,0.50,0.964021308076535
5,1,0.55,0.961219230033375
5,1,0.60,0.9722739035048441
5,1,0.65,0.9682874556750252
5,1,0.70,0.9639404466710592
5,1,0.75,0.9523980602896094
5,1,0.80,0.9793214036626023
5,1,0.85,0.9597971461741397
5,1,0.90,0.9700339344338044
5,1,0.95,0.975655857404052
5,2,0.05,0.7507871112015112
5,2,0.10,0.6931725361356578
5,2,0.15,0.558626739163992
5,2,0.20,0.9087678530764287
5,2,0.25,0.9345225094250124
5,2,0.30,0.9670078400921069
5,2,0.35,0.9185629429901043
5,2,0.40,0.9709329219548836
5,2,0.45,0.964648738197472
5,2,0.50,0.9824724957999516
5,2,0.55,0.9811242057053441
5,2,0.60,0.9761028282558155
5,2,0.65,0.9661515335944829
5,2,0.70,0.9650731467703437
5,2,0.75,0.9585370238091836
5,2,0.80,0.9781797491386846
5,2,0.85,0.9772882801424099
5,2,0.90,0.9809511498909994
5,2,0.95,0.9810899255027774
5,3,0.05,0.44897211146719207
5,3,0.10,0.785318274694492
5,3,0.15,0.6311836527086985
5,3,0.20,0.9037987358402502
5,3,0.25,0.9246297001853256
5,3,0.30,0.9360997288126963
5,3,0.35,0.9679628754931886
5,3,0.40,0.9497287374535991
5,3,0.45,0.9055516856717899
5,3,0.50,0.9571458770028649
5,3,0.55,0.9824281262991671
5,3,0.60,0.9703955894930167
5,3,0.65,0.9722315927984382
5,3,0.70,0.9691262527446258
5,3,0.75,0.9692977505982809
5,3,0.80,0.9577307961801221
5,3,0.85,0.9494816039167487
5,3,0.90,0.9643212421433313
5,3,0.95,0.9777035381307925
5,4,0.05,0.4800510797029174
5,4,0.10,0.7837597802975751
5,4,0.15,0.8780400543163026
5,4,0.20,0.7935996494277221
5,4,0.25,0.8586946070717056
5,4,0.30,0.8958095078984267
5,4,0.35,0.9517480426958208
5,4,0.40,0.9809596698189004
5,4,0.45,0.9235412139307324
5,4,0.50,0.9548404973635296
5,4,0.55,0.966105291855903
5,4,0.60,0.9653530322849393
5,4,0.65,0.9419268070966669
5,4,0.70,0.9455963755259521
5,4,0.75,0.9561082305730669
5,4,0.80,0.9684873388260413
5,4,0.85,0.9736049088257799
5,4,0.90,0.9742310950936323
5,4,0.95,0.9736047017736082
5,5,0.05,0.8203058144720873
5,5,0.10,0.7892575771893839
5,5,0.15,0.8010698345639757
5,5,0.20,0.5216960907285075
5,5,0.25,0.7353068829017673
5,5,0.30,0.9175068431302367
5,5,0.35,0.9584630332410926
5,5,0.40,0.9278029583172358
5,5,0.45,0.9759589226055861
5,5,0.50,0.967760771526958
5,5,0.55,0.9606123677655994
5,5,0.60,0.9297421022645895
5,5,0.65,0.969865429458499
5,5,0.70,0.9733363809810658
5,5,0.75,0.9535342015908668
5,5,0.80,0.9567660563903724
5,5,0.85,0.9848540892459828
5,5,0.90,0.9843942708788946
5,5,0.95,0.9759769311356807
5,6,0.05,0.7261196941557821
5,6,0.10,0.7350218896406018
5,6,0.15,0.4179223267638441
5,6,0.20,0.5936104061096809
5,6,0.25,0.9268746497974379
5,6,0.30,0.8190372169371108
5,6,0.35,0.9650433226790679
5,6,0.40,0.9077564852891432
5,6,0.45,0.9402036269776752
5,6,0.50,0.9687796153004898
5,6,0.55,0.9453286656402301
5,6,0.60,0.9612124824899322
5,6,0.65,0.9809811819660436
5,6,0.70,0.9609144732724463
5,6,0.75,0.9441924219831873
5,6,0.80,0.9726841217941611
5,6,0.85,0.9726541249650651
5,6,0.90,0.9629056648517059
5,6,0.95,0.9749624869768364
5,7,0.05,-0.11059664990900342
5,7,0.10,0.9403052411820008
5,7,0.15,0.7492466396235944
5,7,0.20,0.9540121486822942
5,7,0.25,0.9163270071985504
5,7,0.30,0.8413066642073177
5,7,0.35,0.8582733946342822
5,7,0.40,0.9369376461662803
5,7,0.45,0.9711808732488046
5,7,0.50,0.9815715826779917
5,7,0.55,0.9619671170386198
5,7,0.60,0.9776338830832114
5,7,0.65,0.9804831310647998
5,7,0.70,0.9702909457996989
5,7,0.75,0.9803751539339447
5,7,0.80,0.9551510649872754
5,7,0.85,0.9725722573691223
5,7,0.90,0.9832115404065
5,7,0.95,0.9852301604637842
5,8,0.05,-0.3063233124642093
5,8,0.10,0.7341807946092536
5,8,0.15,0.8913554522554196
5,8,0.20,0.8001780782911008
5,8,0.25,0.9667728055885734
5,8,0.30,0.9259528997463538
5,8,0.35,0.9808701414621739
5,8,0.40,0.9325628795061688
5,8,0.45,0.9496945725940225
5,8,0.50,0.9730812552088185
5,8,0.55,0.9695808066397541
5,8,0.60,0.9867345570974435
5,8,0.65,0.9734764414510786
5,8,0.70,0.9870028844516869
5,8,0.75,0.9857027795019695
5,8,0.80,0.9666922181858094
5,8,0.85,0.9789758805384193
5,8,0.90,0.9777203004276633
5,8,0.95,0.9772064994894013
5,9,0.05,0.7792495575162791
5,9,0.10,0.9519083283640954
5,9,0.15,0.9740811764268075
5,9,0.20,0.7790442277803334
5,9,0.25,0.9427823024064945
5,9,0.30,0.8757999615644624
5,9,0.35,0.9786772931413545
5,9,0.40,0.9730877539273708
5,9,0.45,0.9709351077350914
5,9,0.50,0.9770496050411253
5,9,0.55,0.9777302260981027
5,9,0.60,0.9798154439285456
5,9,0.65,0.9672432249578023
5,9,0.70,0.9779968476370532
5,9,0.75,0.9536898321226531
5,9,0.80,0.9588573584838266
5,9,0.85,0.9670070605887524
5,9,0.90,0.9675346171712595
5,9,0.95,0.9618681686435351
6,0,0.05,0.46105980831438664
6,0,0.10,0.9568381022964975
6,0,0.15,0.899652186270111
6,0,0.20,0.8958879385319672
6,0,0.25,0.894111271254226
6,0,0.30,0.9541027696557128
6,0,0.35,0.9615498099018709
6,0,0.40,0.9813415575408367
6,0,0.45,0.9578795886059572
6,0,0.50,0.9819935791504748
6,0,0.55,0.9715760252501121
6,0,0.60,0.9732940237494524
6,0,0.65,0.9701400382033184
6,0,0.70,0.9678469838948354
6,0,0.75,0.9779690947594502
6,0,0.80,0.9697332326528969
6,0,0.85,0.9737381731838624
6,0,0.90,0.9710826379724307
6,0,0.95,0.9759900691951457
6,1,0.05,0.9790664286863604
6,1,0.10,0.8650893168317416
6,1,0.15,0.9543279019130881
6,1,0.20,0.9479402441306617
6,1,0.25,0.666416280472928
6,1,0.30,0.8861630243218841
6,1,0.35,0.9402826022790224
6,1,0.40,0.9829226936130466
6,1,0.45,0.9589213038787202
6,1,0.50,0.9607860127293383
6,1,0.55,0.9399994635484376
6,1,0.60,0.9707699189331342
6,1,0.65,0.9779946560914353
6,1,0.70,0.9866968141415702
6,1,0.75,0.9772389920233023
6,1,0.80,0.9684992604708935
6,1,0.85,0.9644556849048554
6,1,0.90,0.9665321025446827
6,1,0.95,0.9816390159202456
6,2,0.05,0.8662487145722972
6,2,0.10,0.6597105459115167
6,2,0.15,0.8149351269609636
6,2,0.20,0.9159915117739961
6,2,0.25,0.9492466409221586
6,2,0.30,0.9335431622306708
6,2,0.35,0.9713663099637325
6,2,0.40,0.9438793189771465
6,2,0.45,0.9476364049750869
6,2,0.50,0.9613939754460967
6,2,0.55,0.955198559717409
6,2,0.60,0.9875886090226922
6,2,0.65,0.9654097978241243
6,2,0.70,0.9836367288464164
6,2,0.75,0.9649916889596034
6,2,0.80,0.9725067691045229
6,2,0.85,0.9787174183563591
6,2,0.90,0.9825984323719213
6,2,0.95,0.9803897322294297
6,3,0.05,0.4894897504364809
6,3,0.10,-0.03157042857554848
6,3,0.15,0.7033804498606617
6,3,0.20,0.8931607948932152
6,3,0.25,0.8246747757355603
6,3,0.30,0.9410689945159737
6,3,0.35,0.9698780881523918
6,3,0.40,0.855010012759738
6,3,0.45,0.9287425007771857
6,3,0.50,0.9731321850033223
6,3,0.55,0.9827415973098896
6,3,0.60,0.956728963760191
6,3,0.65,0.971812163271394
6,3,0.70,0.9706332628917016
6,3,0.75,0.9848267773982539
6,3,0.80,0.9806213144692568
6,3,0.85,0.9729921755459088
6,3,0.90,0.9772549513296483
6,3,0.95,0.9758640182889015
6,4,0.05,0.8010775821303824
6,4,0.10,0.6807169345005135
6,4,0.15,0.9582179636299051
6,4,0.20,0.9159391467074681
6,4,0.25,0.9492223363097939
6,4,0.30,0.9301409582122843
6,4,0.35,0.9608480900966634
6,4,0.40,0.9725906187722394
6,4,0.45,0.9648871809947278
6,4,0.50,0.9734307139407882
6,4,0.55,0.9833949401701422
6,4,0.60,0.9709616349117434
6,4,0.65,0.922427031787063
6,4,0.70,0.9679738042389755
6,4,0.75,0.9628794835482805
6,4,0.80,0.9786630165952119
6,4,0.85,0.9753108845884678
6,4,0.90,0.9672946227954408
6,4,0.95,0.9793480061693698
6,5,0.05,0.5668032108099964
6,5,0.10,-0.6970877337163723
6,5,0.15,0.8486815134665062
6,5,0.20,0.9224478036479267
6,5,0.25,0.9420050270717674
6,5,0.30,0.8886503167538691
6,5,0.35,0.9741699732012757
6,5,0.40,0.9620736563394237
6,5,0.45,0.8146129223705647
6,5,0.50,0.9735669454361515
6,5,0.55,0.951698983482782
6,5,0.60,0.9737552131715588
6,5,0.65,0.9765940093118799
6,5,0.70,0.9759358267316058
6,5,0.75,0.9738831606685499
6,5,0.80,0.9782492526247899
6,5,0.85,0.9753868308506571
6,5,0.90,0.9691767244513639
6,5,0.95,0.9728470387987034
6,6,0.05,0.9986651251525516
6,6,0.10,0.8004024116432791
6,6,0.15,0.8946422152863016
6,6,0.20,0.9116221919909686
6,6,0.25,0.8408455324856853
6,6,0.30,0.8497908324339012
6,6,0.35,0.948439689326645
6,6,0.40,0.9423704329843611
6,6,0.45,0.980511949365004
6,6,0.50,0.9905777177912741
6,6,0.55,0.969723083664636
6,6,0.60,0.9790803306496284
6,6,0.65,0.9705790370971662
6,6,0.70,0.9760263215244586
6,6,0.75,0.9751046452521684
6,6,0.80,0.9700100946781812
6,6,0.85,0.9648694198775551
6,6,0.90,0.9745963975671932
6,6,0.95,0.974914708593035
6,7,0.05,0.3551823990362235
6,7,0.10,0.37160620806808087
6,7,0.15,0.9155967936045806
6,7,0.20,0.564602294385725
6,7,0.25,0.955747712208846
6,7,0.30,0.8729208371565563
6,7,0.35,0.9463849287035202
6,7,0.40,0.9790754058779888
6,7,0.45,0.8123616931899535
6,7,0.50,0.790974613021183
6,7,0.55,0.9831407222238626
6,7,0.60,0.9201465335930931
6,7,0.65,0.9810248113539455
6,7,0.70,0.8176650930508352
6,7,0.75,0.9616416334599381
6,7,0.80,0.9513131286098182
6,7,0.85,0.9709485886507058
6,7,0.90,0.9881944928682975
6,7,0.95,0.9699751825235611
6,8,0.05,0.6553988328522178
6,8,0.10,0.7936045612685967
6,8,0.15,0.8185005340015992
6,8,0.20,0.8854836640831902
6,8,0.25,0.8853542782186765
6,8,0.30,0.9468571322388493
6,8,0.35,0.9272967502661118
6,8,0.40,0.8887183983201266
6,8,0.45,0.9510779897968888
6,8,0.50,0.9492367281425378
6,8,0.55,0.9633896395932365
6,8,0.60,0.9798388196673344
6,8,0.65,0.9885637335272633
6,8,0.70,0.9910415043706455
6,8,0.75,0.9807610039730983
6,8,0.80,0.9866949078402878
6,8,0.85,0.9732039384048715
6,8,0.90,0.9761375380815746
6,8,0.95,0.974528577497598
6,9,0.05,0.9784813090995316
6,9,0.10,0.8288997136146358
6,9,0.15,0.6178563515827955
6,9,0.20,0.9733053096892422
6,9,0.25,0.8901004482795134
6,9,0.30,0.6904509281404737
6,9,0.35,0.9593952761490432
6,9,0.40,0.9630616659042232
6,9,0.45,0.9662308384615557
6,9,0.50,0.9742834340636585
6,9,0.55,0.9724344215560065
6,9,0.60,0.9731265510928817
6,9,0.65,0.9806740793059519
6,9,0.70,0.9725532696060581
6,9,0.75,0.9719330254418859
6,9,0.80,0.9730972036444574
6,9,0.85,0.9652629932355704
6,9,0.90,0.9688693942910884
6,9,0.95,0.9710962973169431
7,0,0.05,0.8762465249245182
7,0,0.10,0.9420172569727071
7,0,0.15,0.6962067990816608
7,0,0.20,0.9521211776353214
7,0,0.25,0.8778247321737206
7,0,0.30,0.9168762668919769
7,0,0.35,0.956936300849497
7,0,0.40,0.9322328697635066
7,0,0.45,0.9709363329177324
7,0,0.50,0.9719321387564291
7,0,0.55,0.9657902824223111
7,0,0.60,0.9700463410818004
7,0,0.65,0.9788562606705293
7,0,0.70,0.963754346906962
7,0,0.75,0.9616234957621397
7,0,0.80,0.9785303099202
7,0,0.85,0.9665641999117532
7,0,0.90,0.9725409764530424
7,0,0.95,0.9775467740731357
7,1,0.05,0.2631809914375626
7,1,0.10,0.9606528637548267
7,1,0.15,0.5737731291318069
7,1,0.20,0.9081212161721159
7,1,0.25,0.9222031913977975
7,1,0.30,0.9540248439869379
7,1,0.35,0.9221642192987678
7,1,0.40,0.9720137225844832
7,1,0.45,0.978865018370291
7,1,0.50,0.9713799429547433
7,1,0.55,0.9485993174500262
7,1,0.60,0.9621331240473419
7,1,0.65,0.9742386392392336
7,1,0.70,0.979168019104907
7,1,0.75,0.976919933417973
7,1,0.80,0.9732746239342271
7,1,0.85,0.970501444278607
7,1,0.90,0.974525093863924
7,1,0.95,0.9631284624794058
7,2,0.05,0.9411734351965947
7,2,0.10,0.906916392765561
7,2,0.15,0.9386812268731768
7,2,0.20,0.9673306677698436
7,2,0.25,0.9089177314777726
7,2,0.30,0.8999515419911664
7,2,0.35,0.9502675318949474
7,2,0.40,0.9262664910315798
7,2,0.45,0.9559886025266727
7,2,0.50,0.9380161059301354
7,2,0.55,0.9808483787937108
7,2,0.60,0.982705882998368
7,2,0.65,0.9744428831746929
7,2,0.70,0.9758656335493076
7,2,0.75,0.9788894982892209
7,2,0.80,0.9795467746566312
7,2,0.85,0.9692622735538218
7,2,0.90,0.9793140301511571
7,2,0.95,0.9700222891562075
7,3,0.05,0.8833207769346041
7,3,0.10,0.844916197838432
7,3,0.15,0.8670621499614289
7,3,0.20,0.9096656540650978
7,3,0.25,0.9384487603014162
7,3,0.30,0.9370207318322388
7,3,0.35,0.9702998026938912
7,3,0.40,0.9731859496499078
7,3,0.45,0.9756067725013017
7,3,0.50,0.9824748391551128
7,3,0.55,0.9573910521064843
7,3,0.60,0.9770292650707367
7,3,0.65,0.9805963825912359
7,3,0.70,0.9816440990615004
7,3,0.75,0.9637093496968003
7,3,0.80,0.9648320820139692
7,3,0.85,0.9662357672095409
7,3,0.90,0.973578795398095
7,3,0.95,0.9754068309939253
7,4,0.05,0.25699709435613716
7,4,0.10,0.9568282100961584
7,4,0.15,0.9083820552631792
7,4,0.20,0.8394105346782696
7,4,0.25,0.7840552825557289
7,4,0.30,0.9523032538687111
7,4,0.35,0.9586540634706473
7,4,0.40,0.8797541400278659
7,4,0.45,0.9825854973590861
7,4,0.50,0.9627999450846717
7,4,0.55,0.9801846650817135
7,4,0.60,0.9442270138404487
7,4,0.65,0.9649487655347491
7,4,0.70,0.9568208955566825
7,4,0.75,0.9768971801059341
7,4,0.80,0.9680443500452709
7,4,0.85,0.9706031993720059
7,4,0.90,0.9840534716117323
7,4,0.95,0.9787470523487594
7,5,0.05,0.898843463005094
7,5,0.10,0.8805264439723111
7,5,0.15,0.9068957184244117
7,5,0.20,0.9555268635289142
7,5,0.25,0.7935787646789005
7,5,0.30,0.9668389207090077
7,5,0.35,0.9626237935655404
7,5,0.40,0.9767193152335885
7,5,0.45,0.9805984602336207
7,5,0.50,0.9711854918497581
7,5,0.55,0.9679951132480912
7,5,0.60,0.9681526988306709
7,5,0.65,0.9729304429388661
7,5,0.70,0.9821910897786731
7,5,0.75,0.9532602185822311
7,5,0.80,0.9614430165029616
7,5,0.85,0.972024896051959
7,5,0.90,0.9904279348404894
7,5,0.95,0.9735512803112207
7,6,0.05,0.995015736965778
7,6,0.10,0.8713293053059009
7,6,0.15,0.9254075774676408
7,6,0.20,0.962892350975542
7,6,0.25,0.9734825862367908
7,6,0.30,0.9567725960557174
7,6,0.35,0.9202046832465779
7,6,0.40,0.961019780739977
7,6,0.45,0.9640435927140841
7,6,0.50,0.974889683608083
7,6,0.55,0.9799833234492689
7,6,0.60,0.983769735512063
7,6,0.65,0.9729703117308937
7,6,0.70,0.9695366879119348
7,6,0.75,0.9794609066883494
7,6,0.80,0.9752221285248588
7,6,0.85,0.9768445816291178
7,6,0.90,0.9826172120062211
7,6,0.95,0.9852379410358114
7,7,0.05,0.9842813110931748
7,7,0.10,0.8702136227546522
7,7,0.15,0.8528468877322906
7,7,0.20,0.8785911588709189
7,7,0.25,0.9475706935022011
7,7,0.30,0.9747871525947871
7,7,0.35,0.9462893963738663
7,7,0.40,0.9783625402007511
7,7,0.45,0.9877915475296917
7,7,0.50,0.9779638087318747
7,7,0.55,0.9663907197767408
7,7,0.60,0.9646077442648752
7,7,0.65,0.9681923165336827
7,7,0.70,0.9759915179540813
7,7,0.75,0.9745920642611389
7,7,0.80,0.9657356282583459
7,7,0.85,0.9733092319234953
7,7,0.90,0.9504313935834358
7,7,0.95,0.9559880193236554
7,8,0.05,0.9382929768645178
7,8,0.10,0.9590376495808443
7,8,0.15,0.9226717016693188
7,8,0.20,0.959003562415889
7,8,0.25,0.944919454679844
7,8,0.30,0.9599026558142767
7,8,0.35,0.9374283448895875
7,8,0.40,0.9578644375491072
7,8,0.45,0.975546240281928
7,8,0.50,0.9582224300470352
7,8,0.55,0.9780619695084446
7,8,0.60,0.9689100927994693
7,8,0.65,0.9679024670508801
7,8,0.70,0.9496522154233816
7,8,0.75,0.9742044751434261
7,8,0.80,0.972989846657316
7,8,0.85,0.9733629813633652
7,8,0.90,0.9727404811088758
7,8,0.95,0.9831549516527034
7,9,0.05,0.7096516671623491
7,9,0.10,0.9541259032930188
7,9,0.15,0.9670846818876018
7,9,0.20,0.8561178800699043
7,9,0.25,0.7840172851266963
7,9,0.30,0.9612684269111578
7,9,0.35,0.9330237962450801
7,9,0.40,0.9019981821146328
7,9,0.45,0.9698507460155077
7,9,0.50,0.977458758798471
7,9,0.55,0.9812172600512852
7,9,0.60,0.9455436927080443
7,9,0.65,0.9641153933614894
7,9,0.70,0.9568905481523691
7,9,0.75,0.9760302042414336
7,9,0.80,0.9835320609853102
7,9,0.85,0.9745608724844268
7,9,0.90,0.9763368413782825
7,9,0.95,0.9763138183743297
8,0,0.05,-0.13993343837146988
8,0,0.10,0.9765616749321523
8,0,0.15,0.9311125525215489
8,0,0.20,0.9680466358244108
8,0,0.25,0.963892969421122
8,0,0.30,0.8673765942806049
8,0,0.35,0.9342455357980408
8,0,0.40,0.8424100955520638
8,0,0.45,0.9510957183288741
8,0,0.50,0.978273723958279
8,0,0.55,0.9774080176561908
8,0,0.60,0.9933600014550129
8,0,0.65,0.9819323845186883
8,0,0.70,0.9760162910811876
8,0,0.75,0.9775365112412947
8,0,0.80,0.9621384954993839
8,0,0.85,0.9630416541512741
8,0,0.90,0.9673421271093736
8,0,0.95,0.9677520839750542
8,1,0.05,0.45709306888785706
8,1,0.10,0.913665577055093
8,1,0.15,0.9731807511916696
8,1,0.20,0.9261973098782403
8,1,0.25,0.9168939411572934
8,1,0.30,0.9671563485038214
8,1,0.35,0.9111715060860268
8,1,0.40,0.9278436843669084
8,1,0.45,0.9377189083034035
8,1,0.50,0.9674977154849111
8,1,0.55,0.9499729723716692
8,1,0.60,0.9812424409199214
8,1,0.65,0.9607953879042509
8,1,0.70,0.9782565485260359
8,1,0.75,0.9822296283785616
8,1,0.80,0.9810221855085333
8,1,0.85,0.9850363206845663
8,1,0.90,0.9866218116158831
8,1,0.95,0.9726540473607699
8,2,0.05,0.921502390352711
8,2,0.10,0.8909753963921938
8,2,0.15,0.8324759893578538
8,2,0.20,0.9528683111439453
8,2,0.25,0.9461054645079094
8,2,0.30,0.968320804183833
8,2,0.35,0.9455087775796166
8,2,0.40,0.9394748266975769
8,2,0.45,0.9500556701857084
8,2,0.50,0.9833498074866699
8,2,0.55,0.9889635979947756
8,2,0.60,0.9741056175909932
8,2,0.65,0.976075868970224
8,2,0.70,0.9868391641917619
8,2,0.75,0.9852747300150713
8,2,0.80,0.9854258744292204
8,2,0.85,0.9837512210068722
8,2,0.90,0.9836289861511167
8,2,0.95,0.9833589842769541
8,3,0.05,0.7602360523619129
8,3,0.10,0.9141962112900072
8,3,0.15,0.9246863611770479
8,3,0.20,0.9227381408178541
8,3,0.25,0.9293405078264181
8,3,0.30,0.9441925863755742
8,3,0.35,0.9110242295029587
8,3,0.40,0.960710610291306
8,3,0.45,0.9485332219450022
8,3,0.50,0.9671066612673306
8,3,0.55,0.9758328334489755
8,3,0.60,0.976006990493367
8,3,0.65,0.9767938740649077
8,3,0.70,0.9744262607688796
8,3,0.75,0.9812905985594103
8,3,0.80,0.9856669661822257
8,3,0.85,0.9872863229143735
8,3,0.90,0.9829702642383167
8,3,0.95,0.9768094467670003
8,4,0.05,0.8830269912274443
8,4,0.10,0.9635341905260374
8,4,0.15,0.6706162150294679
8,4,0.20,0.9620070916035707
8,4,0.25,0.8749316674360292
8,4,0.30,0.9410277439613706
8,4,0.35,0.9131365655184174
8,4,0.40,0.9557698551249401
8,4,0.45,0.9679431842666261
8,4,0.50,0.9422671394739165
8,4,0.55,0.9219627304703385
8,4,0.60,0.9829342162756816
8,4,0.65,0.9693004697880987
8,4,0.70,0.948773754354791
8,4,0.75,0.9654530125712739
8,4,0.80,0.9663905871527652
8,4,0.85,0.9716171543920561
8,4,0.90,0.9789627621103998
8,4,0.95,0.9646256486971264
8,5,0.05,0.34096627934809887
8,5,0.10,0.6740502624673135
8,5,0.15,0.8544295403248698
8,5,0.20,0.9242200632763667
8,5,0.25,0.9595547976910204
8,5,0.30,0.9183049764524835
8,5,0.35,0.957738920470412
8,5,0.40,0.9838036039355208
8,5,0.45,0.9229765774801086
8,5,0.50,0.9760222288117314
8,5,0.55,0.948154322585043
8,5,0.60,0.9487819088646985
8,5,0.65,0.9469382521122669
8,5,0.70,0.980391137806903
8,5,0.75,0.9786190142285198
8,5,0.80,0.9733744452777365
8,5,0.85,0.9653891807277586
8,5,0.90,0.956669788163856
8,5,0.95,0.96909841427141
8,6,0.05,0.7402072163885134
8,6,0.10,0.9818801593767721
8,6,0.15,0.9134546378431199
8,6,0.20,0.911659037983691
8,6,0.25,0.9101792621729988
8,6,0.30,0.9565132015433601
8,6,0.35,0.9759497426642728
8,6,0.40,0.9652479829383748
8,6,0.45,0.9109718237940526
8,6,0.50,0.9531443475289036
8,6,0.55,0.9740984829399267
8,6,0.60,0.9688379630567862
8,6,0.65,0.9647311005194652
8,6,0.70,0.9574237132965591
8,6,0.75,0.9695934273675956
8,6,0.80,0.9689813745908015
8,6,0.85,0.983642629139566
8,6,0.90,0.9746218609945586
8,6,0.95,0.9778764214549165
8,7,0.05,-25.761362777868563
8,7,0.10,0.7621156014626835
8,7,0.15,0.9382956924091018
8,7,0.20,0.8768697214187878
8,7,0.25,0.9408152183521924
8,7,0.30,0.9423217879431672
8,7,0.35,0.9222435692990758
8,7,0.40,0.9480944031246684
8,7,0.45,0.9359221553092228
8,7,0.50,0.9670036137911788
8,7,0.55,0.9316897690308974
8,7,0.60,0.9625253511382951
8,7,0.65,0.9717514397024124
8,7,0.70,0.9672024973469621
8,7,0.75,0.9624716953603948
8,7,0.80,0.9707219771909587
8,7,0.85,0.9589839112163968
8,7,0.90,0.9877726145233819
8,7,0.95,0.970587799954106
8,8,0.05,0.8572980988508593
8,8,0.10,0.9782558996550463
8,8,0.15,0.8699776454279553
8,8,0.20,0.9738620886692025
8,8,0.25,0.9732398970651541
8,8,0.30,0.9624166592685907
8,8,0.35,0.9465848056211114
8,8,0.40,0.9412412100334272
8,8,0.45,0.923002523494605
8,8,0.50,0.9467968357055353
8,8,0.55,0.9766528944731988
8,8,0.60,0.9725817906637226
8,8,0.65,0.9711175434226496
8,8,0.70,0.9808974928747389
8,8,0.75,0.9631871802903083
8,8,0.80,0.9767147744875891
8,8,0.85,0.9673167130743339
8,8,0.90,0.9673512088160534
8,8,0.95,0.9729062152791376
8,9,0.05,0.9464181169763607
8,9,0.10,0.983475032569151
8,9,0.15,0.7970348709824295
8,9,0.20,0.939962308436647
8,9,0.25,0.959175919640065
8,9,0.30,0.8206659892206887
8,9,0.35,0.9747120307100082
8,9,0.40,0.9534274682248047
8,9,0.45,0.9443377529721907
8,9,0.50,0.9852882843736962
8,9,0.55,0.9812833531033881
8,9,0.60,0.971005040945981
8,9,0.65,0.9711878981886171
8,9,0.70,0.9640822845304051
8,9,0.75,0.9778972886800567
8,9,0.80,0.9822968070180009
8,9,0.85,0.9703843633118413
8,9,0.90,0.9806371901603452
8,9,0.95,0.9748334950500882
9,0,0.05,0.7858251763214747
9,0,0.10,0.7535215865010859
9,0,0.15,0.8625397437631263
9,0,0.20,0.8800078986322427
9,0,0.25,0.9159342775121203
9,0,0.30,0.9604260018460461
9,0,0.35,0.965007264563714
9,0,0.40,0.9548786962754974
9,0,0.45,0.9697862680630122
9,0,0.50,0.9291658626631205
9,0,0.55,0.9818720235037262
9,0,0.60,0.9852640158498259
9,0,0.65,0.976168731570853
9,0,0.70,0.965391829303153
9,0,0.75,0.9700874331037521
9,0,0.80,0.9762470974891132
9,0,0.85,0.9807626423138648
9,0,0.90,0.9757410551861438
9,0,0.95,0.9700208004492148
9,1,0.05,0.9042606314160033
9,1,0.10,0.6314166313196198
9,1,0.15,0.8706239868810884
9,1,0.20,0.5087720760301423
9,1,0.25,0.8990651439107044
9,1,0.30,0.888533409182199
9,1,0.35,0.9700299034976083
9,1,0.40,0.9620074779321943
9,1,0.45,0.9050800812884905
9,1,0.50,0.962404058136683
9,1,0.55,0.9444970866588851
9,1,0.60,0.9661120072395674
9,1,0.65,0.9810666556207533
9,1,0.70,0.9840709739496444
9,1,0.75,0.9713456375755047
9,1,0.80,0.9825880180575861
9,1,0.85,0.9777247192388021
9,1,0.90,0.9739497713001006
9,1,0.95,0.9809538122487809
9,2,0.05,0.9339166621565804
9,2,0.10,-0.022290915828296898
9,2,0.15,0.8421811184020724
9,2,0.20,0.6099682728655147
9,2,0.25,0.9220051603455386
9,2,0.30,0.962426222616144
9,2,0.35,0.9640568882120658
9,2,0.40,0.9878020434610599
9,2,0.45,0.9775837791115524
9,2,0.50,0.9471264306620083
9,2,0.55,0.9652880090917004
9,2,0.60,0.9821716740954977
9,2,0.65,0.9599279588899325
9,2,0.70,0.9777515583585995
9,2,0.75,0.9544911472892605
9,2,0.80,0.9781307141917152
9,2,0.85,0.9804202177254047
9,2,0.90,0.9730121808002941
9,2,0.95,0.9441049122848953
9,3,0.05,0.4539915681434117
9,3,0.10,0.316503413493453
9,3,0.15,0.9281864466281555
9,3,0.20,0.9028188918457745
9,3,0.25,0.8824504798955223
9,3,0.30,0.9701930585463336
9,3,0.35,0.959421367440975
9,3,0.40,0.9370666275164898
9,3,0.45,0.945808244794141
9,3,0.50,0.972631913359322
9,3,0.55,0.9787033288736439
9,3,0.60,0.9036024914787764
9,3,0.65,0.9753935442153261
9,3,0.70,0.9519372944702651
9,3,0.75,0.9879536288563732
9,3,0.80,0.9932171446931167
9,3,0.85,0.9911342292991053
9,3,0.90,0.9790695255040741
9,3,0.95,0.9813549779791743
9,4,0.05,0.8190644123996373
9,4,0.10,-1.5147568929946424
9,4,0.15,0.6604046739380764
9,4,0.20,0.8556744889207452
9,4,0.25,0.9845610308485966
9,4,0.30,0.9613549863231757
9,4,0.35,0.9513180761533996
9,4,0.40,0.9724950409467098
9,4,0.45,0.9604702517789663
9,4,0.50,0.9816170108354658
9,4,0.55,0.9770046445896451
9,4,0.60,0.9846899387401717
9,4,0.65,0.9799309046398625
9,4,0.70,0.9882541070998333
9,4,0.75,0.9882817817521319
9,4,0.80,0.972268554755988
9,4,0.85,0.9889644450803704
9,4,0.90,0.9892934475779135
9,4,0.95,0.9847987637040264
9,5,0.05,0.7705688564591702
9,5,0.10,0.6572026640087827
9,5,0.15,0.8069279506277629
9,5,0.20,0.8549265765463355
9,5,0.25,0.9499651763838153
9,5,0.30,0.7669681367577522
9,5,0.35,0.9530603066264642
9,5,0.40,0.9720070634521063
9,5,0.45,0.9843717207002939
9,5,0.50,0.9798405901902278
9,5,0.55,0.9737456620261424
9,5,0.60,0.9760664944145497
9,5,0.65,0.974289719721649
9,5,0.70,0.9712615177780265
9,5,0.75,0.9720742455218647
9,5,0.80,0.9765608410240547
9,5,0.85,0.9817531114775125
9,5,0.90,0.9684932312494354
9,5,0.95,0.9862301405714473
9,6,0.05,0.6410887374414546
9,6,0.10,0.40575009051777133
9,6,0.15,0.9173617330804712
9,6,0.20,0.4545708458466404
9,6,0.25,0.7535700217338029
9,6,0.30,0.9662067093428366
9,6,0.35,0.9793432059590617
9,6,0.40,0.9415225184665648
9,6,0.45,0.9632677829478875
9,6,0.50,0.9665697802036693
9,6,0.55,0.9624019515730793
9,6,0.60,0.9783829547162671
9,6,0.65,0.9780372210314735
9,6,0.70,0.9713986174159573
9,6,0.75,0.975996306260511
9,6,0.80,0.9812526736816981
9,6,0.85,0.9783575543241065
9,6,0.90,0.974623615523012
9,6,0.95,0.9715964094175519
9,7,0.05,0.6185330606252949
9,7,0.10,0.6436883732549223
9,7,0.15,0.8844083770409797
9,7,0.20,0.8562119908410444
9,7,0.25,0.7560642588232245
9,7,0.30,0.9241047388763168
9,7,0.35,0.9693034140082195
9,7,0.40,0.975804190750637
9,7,0.45,0.9814148873610111
9,7,0.50,0.9852930648087036
9,7,0.55,0.9706756788451175
9,7,0.60,0.981057814429381
9,7,0.65,0.9668464437277242
9,7,0.70,0.9734336259683466
9,7,0.75,0.9597229545861053
9,7,0.80,0.9812829883374148
9,7,0.85,0.9793680596819395
9,7,0.90,0.9765699910699495
9,7,0.95,0.9677966259094698
9,8,0.05,0.7843898471297366
9,8,0.10,0.5767103092813359
9,8,0.15,0.760203939642627
9,8,0.20,0.8813268957084084
9,8,0.25,0.9746510314878881
9,8,0.30,0.9681220974400189
9,8,0.35,0.9611040490440163
9,8,0.40,0.9452996471130816
9,8,0.45,0.9521189893699964
9,8,0.50,0.9587976805791989
9,8,0.55,0.9298694454974538
9,8,0.60,0.9750865376345076
9,8,0.65,0.9473748579617116
9,8,0.70,0.9586538379085909
9,8,0.75,0.983965040105833
9,8,0.80,0.9637334951112722
9,8,0.85,0.9720316058316012
9,8,0.90,0.9797924022692955
9,8,0.95,0.9662458034136913
9,9,0.05,0.9573147753510671
9,9,0.10,0.7647547412457067
9,9,0.15,0.9658584896224309
9,9,0.20,0.6592542614805796
9,9,0.25,0.9787703400737668
9,9,0.30,0.9595870220265035
9,9,0.35,0.888276173588338
9,9,0.40,0.9619492674084709
9,9,0.45,0.9548024908408893
9,9,0.50,0.9879150531269899
9,9,0.55,0.9754879139774226
9,9,0.60,0.9762864373424913
9,9,0.65,0.9815867780872198
9,9,0.70,0.9674225224556188
9,9,0.75,0.9638018174896079
9,9,0.80,0.9803796080099587
9,9,0.85,0.9887526873752204
9,9,0.90,0.9727886242612921
9,9,0.95,0.9610906801559224
10,0,0.05,0.7303491877571002
10,0,0.10,0.8373415193062816
10,0,0.15,0.8860009519946117
10,0,0.20,0.9483728703648472
10,0,0.25,0.9653847902620455
10,0,0.30,0.9769416792704196
10,0,0.35,0.9628154636547763
10,0,0.40,0.9516763485156458
10,0,0.45,0.9534846147276644
10,0,0.50,0.9753015706595577
10,0,0.55,0.972353549513499
10,0,0.60,0.9892006383873716
10,0,0.65,0.9625358522718535
10,0,0.70,0.9886662463538137
10,0,0.75,0.984363413785423
10,0,0.80,0.984074570146617
10,0,0.85,0.9661048942927748
10,0,0.90,0.9795345015813092
10,0,0.95,0.9615411107254836
10,1,0.05,0.8899869207692832
10,1,0.10,0.8288570535142386
10,1,0.15,0.9135100571274444
10,1,0.20,0.9426234315673181
10,1,0.25,0.7845579653551797
10,1,0.30,0.773869735723857
10,1,0.35,0.9316653710224042
10,1,0.40,0.9742629492323246
10,1,0.45,0.9714609468723989
10,1,0.50,0.9755294207687224
10,1,0.55,0.9274743034269669
10,1,0.60,0.9814929619178999
10,1,0.65,0.9826982239631689
10,1,0.70,0.955828792618022
10,1,0.75,0.9816257125061705
10,1,0.80,0.9739825806049076
10,1,0.85,0.9668257592173042
10,1,0.90,0.977200290310704
10,1,0.95,0.9817319289652386
10,2,0.05,0.6442474901599846
10,2,0.10,0.3726091741000519
10,2,0.15,0.9040653639096667
10,2,0.20,0.9186390231396014
10,2,0.25,0.9726897286980495
10,2,0.30,0.9439150626444506
10,2,0.35,0.9734722848057569
10,2,0.40,0.9737352538713873
10,2,0.45,0.9750930424931322
10,2,0.50,0.9771801246214226
10,2,0.55,0.9503734171566125
10,2,0.60,0.9814737306693546
10,2,0.65,0.9731735367832935
10,2,0.70,0.9727486057038692
10,2,0.75,0.9683289634795376
10,2,0.80,0.9733105001688884
10,2,0.85,0.9693803301028733
10,2,0.90,0.9684500856322359
10,2,0.95,0.9771068215841594
10,3,0.05,0.9498765563989053
10,3,0.10,0.8320184200966516
10,3,0.15,0.8016221389927444
10,3,0.20,0.5568077020015085
10,3,0.25,0.9234785022341047
10,3,0.30,0.9644677964489248
10,3,0.35,0.9662311000469237
10,3,0.40,0.9450251320884309
10,3,0.45,0.9355537773315565
10,3,0.50,0.978585888205842
10,3,0.55,0.9746305904719672
10,3,0.60,0.9575704244551431
10,3,0.65,0.979282601388606
10,3,0.70,0.9722589145514438
10,3,0.75,0.9690872097261136
10,3,0.80,0.9710194896080985
10,3,0.85,0.9591857179497058
10,3,0.90,0.9754471109332377
10,3,0.95,0.9772484136650119
10,4,0.05,0.796469948722742
10,4,0.10,0.6753593712023378
10,4,0.15,0.8095912639436891
10,4,0.20,0.9465381234554316
10,4,0.25,0.9501628541014018
10,4,0.30,0.9480520647690329
10,4,0.35,0.9673363015821023
10,4,0.40,0.9583815486674626
10,4,0.45,0.9704300721061792
10,4,0.50,0.9841630064700053
10,4,0.55,0.9795134806082377
10,4,0.60,0.9744432762981171
10,4,0.65,0.9824463528695823
10,4,0.70,0.9782565996623094
10,4,0.75,0.9806050464797348
10,4,0.80,0.9794855548203124
10,4,0.85,0.9847264763757922
10,4,0.90,0.9715855575052097
10,4,0.95,0.9773773331703364
10,5,0.05,0.713288408515552
10,5,0.10,0.7773753280418739
10,5,0.15,0.947022927076705
10,5,0.20,0.860272670944909
10,5,0.25,0.9658607646491792
10,5,0.30,0.9392309869445805
10,5,0.35,0.9823868380971755
10,5,0.40,0.9642476808908576
10,5,0.45,0.9860346830755883
10,5,0.50,0.9548452462343888
10,5,0.55,0.9799687401841941
10,5,0.60,0.9831360387586753
10,5,0.65,0.9674402182928279
10,5,0.70,0.9689648634464311
10,5,0.75,0.9480822525308535
10,5,0.80,0.9897235654918249
10,5,0.85,0.9882645312381904
10,5,0.90,0.9813604660633966
10,5,0.95,0.980296806522904
10,6,0.05,0.9654764637131461
10,6,0.10,0.913987322103839
10,6,0.15,0.9502380913954369
10,6,0.20,0.6435026673902197
10,6,0.25,0.9051043399270344
10,6,0.30,0.9335978146550746
10,6,0.35,0.9592914261966763
10,6,0.40,0.9758811534243852
10,6,0.45,0.9760754407547049
10,6,0.50,0.9886471345636025
10,6,0.55,0.9572968011676397
10,6,0.60,0.9559568659719484
10,6,0.65,0.9728920701159507
10,6,0.70,0.9742474561682938
10,6,0.75,0.979385556121371
10,6,0.80,0.9821856932489327
10,6,0.85,0.9878869133180642
10,6,0.90,0.9898367466198849
10,6,0.95,0.9755585343427984
10,7,0.05,0.17509631232702283
10,7,0.10,0.8489668472682067
10,7,0.15,0.8485996426707314
10,7,0.20,0.8268061006630903
10,7,0.25,0.9706312863606811
10,7,0.30,0.9540006288119568
10,7,0.35,0.968259821177976
10,7,0.40,0.9674900236486308
10,7,0.45,0.9634717906617015
10,7,0.50,0.9707904983907384
10,7,0.55,0.9807157065870623
10,7,0.60,0.9740393758737228
10,7,0.65,0.971285558386307
10,7,0.70,0.9622127697010125
10,7,0.75,0.9778095361723006
10,7,0.80,0.9529006911770869
10,7,0.85,0.9828929946902617
10,7,0.90,0.97616256111607
10,7,0.95,0.9895289316453028
10,8,0.05,-0.07822915322968926
10,8,0.10,0.9068813388659609
10,8,0.15,0.8201713709660508
10,8,0.20,0.8073986015116044
10,8,0.25,0.912790419744705
10,8,0.30,0.9861940039596178
10,8,0.35,0.9277681102404387
10,8,0.40,0.9615989056633567
10,8,0.45,0.9182338071654235
10,8,0.50,0.9740269244059472
10,8,0.55,0.9774031860841471
10,8,0.60,0.9801004426533472
10,8,0.65,0.9621630597696724
10,8,0.70,0.9813447548882662
10,8,0.75,0.9794163322180537
10,8,0.80,0.975320149392989
10,8,0.85,0.9733370311129201
10,8,0.90,0.9837206573688803
10,8,0.95,0.9828260811549635
10,9,0.05,0.9302751566219462
10,9,0.10,0.9148795600890401
10,9,0.15,0.9584043513733252
10,9,0.20,0.9089446286636227
10,9,0.25,0.921351962587828
10,9,0.30,0.828248434297501
10,9,0.35,0.9614534182890299
10,9,0.40,0.9660292038466827
10,9,0.45,0.9770540627119941
10,9,0.50,0.9571670859768137
10,9,0.55,0.957004229841325
10,9,0.60,0.9332686089417146
10,9,0.65,0.9733260173714987
10,9,0.70,0.9587872856468268
10,9,0.75,0.9716685054669674
10,9,0.80,0.9690742757296129
10,9,0.85,0.9842688067590074
10,9,0.90,0.982175431019658
10,9,0.95,0.9541532271199409
11,0,0.05,0.6793914439321121
11,0,0.10,0.9559657544914584
11,0,0.15,0.9487366101910171
11,0,0.20,0.8992218648323449
11,0,0.25,0.923316408026677
11,0,0.30,0.9170062559610208
11,0,0.35,0.9448476662072426
11,0,0.40,0.9443132925671973
11,0,0.45,0.9646626585789517
11,0,0.50,0.9817335297916172
11,0,0.55,0.9805280173929941
11,0,0.60,0.9853456856579097
11,0,0.65,0.9750912701791971
11,0,0.70,0.9567458801522245
11,0,0.75,0.9755689653154573
11,0,0.80,0.9621243626060975
11,0,0.85,0.9779798059817048
11,0,0.90,0.9784937544632571
11,0,0.95,0.9576190629773809
11,1,0.05,0.7785490187610795
11,1,0.10,0.6422521022909464
11,1,0.15,0.9777741430781007
11,1,0.20,0.6945086840249536
11,1,0.25,0.9527223476929684
11,1,0.30,0.9249343919328507
11,1,0.35,0.9654352380387083
11,1,0.40,0.9470659128568232
11,1,0.45,0.9481326731631449
11,1,0.50,0.980170240397989
11,1,0.55,0.9871293566579598
11,1,0.60,0.9740943690624535
11,1,0.65,0.9712666229979628
11,1,0.70,0.9845541307954853
11,1,0.75,0.9723065801980122
11,1,0.80,0.9786950676426921
11,1,0.85,0.9545586306153745
11,1,0.90,0.9781001923774978
11,1,0.95,0.9723156252337992
11,2,0.05,0.45529258612183376
11,2,0.10,0.6381962176548146
11,2,0.15,0.8479489039025516
11,2,0.20,0.9544421057717906
11,2,0.25,0.9106060928135432
11,2,0.30,0.8559848036584193
11,2,0.35,0.9229811397507144
11,2,0.40,0.7321816624353032
11,2,0.45,0.9568009058450347
11,2,0.50,0.9759544099821529
11,2,0.55,0.9675688456846319
11,2,0.60,0.9703151068793204
11,2,0.65,0.9840325782551393
11,2,0.70,0.990824392738556
11,2,0.75,0.9883978504805504
11,2,0.80,0.973880793226754
11,2,0.85,0.9833621771645876
11,2,0.90,0.9760450968171799
11,2,0.95,0.9843242566340984
11,3,0.05,0.6231435329376891
11,3,0.10,0.8620969107240033
11,3,0.15,0.6297099347230541
11,3,0.20,0.8633933843561219
11,3,0.25,0.8815217809192636
11,3,0.30,0.9039996684725427
11,3,0.35,0.968262847107095
11,3,0.40,0.9811655425371731
11,3,0.45,0.9202704133412123
11,3,0.50,0.9647841895763903
11,3,0.55,0.9480268408281167
11,3,0.60,0.9743787839555675
11,3,0.65,0.9801924877977006
11,3,0.70,0.9830446634179562
11,3,0.75,0.9799009622591224
11,3,0.80,0.9750094515346178
11,3,0.85,0.969000225575086
11,3,0.90,0.983496977157129
11,3,0.95,0.9793567954177541
11,4,0.05,0.11013651408860103
11,4,0.10,0.7220063693491012
11,4,0.15,0.907610851178968
11,4,0.20,0.9121664686924765
11,4,0.25,0.9740709177259528
11,4,0.30,0.9767909764411092
11,4,0.35,0.9687737941214769
11,4,0.40,0.9230959129130656
11,4,0.45,0.965273820829102
11,4,0.50,0.9737073751080961
11,4,0.55,0.9758736862347093
11,4,0.60,0.9550858435131738
11,4,0.65,0.9923835340727826
11,4,0.70,0.9661822975488455
11,4,0.75,0.9746687432812176
11,4,0.80,0.9813292244047238
11,4,0.85,0.949988068393803
11,4,0.90,0.9731093503186392
11,4,0.95,0.9285837711963769
11,5,0.05,0.680561589792073
11,5,0.10,0.5127112591741185
11,5,0.15,0.9460137093438619
11,5,0.20,0.7773268696875436
11,5,0.25,0.8689039133347796
11,5,0.30,0.8366422827000269
11,5,0.35,0.9679163737902527
11,5,0.40,0.8675941149804729
11,5,0.45,0.9664252270705624
11,5,0.50,0.9734394576923205
11,5,0.55,0.9704444186856949
11,5,0.60,0.9764304311495998
11,5,0.65,0.9569212618394677
11,5,0.70,0.972650522829434
11,5,0.75,0.9768651173810214
11,5,0.80,0.9595914123702423
11,5,0.85,0.9719576330974411
11,5,0.90,0.9746646583033945
11,5,0.95,0.9652111927361346
11,6,0.05,0.9900996224543112
11,6,0.10,0.7825251133986484
11,6,0.15,0.8843948818147143
11,6,0.20,0.9040771742643848
11,6,0.25,0.8497725230654871
11,6,0.30,0.9739226509286697
11,6,0.35,0.90293857755712
11,6,0.40,0.9392294865638652
11,6,0.45,0.9752539921050521
11,6,0.50,0.9724939857997557
11,6,0.55,0.9788757746564535
11,6,0.60,0.9713000117674805
11,6,0.65,0.975249009588681
11,6,0.70,0.9879734845220424
11,6,0.75,0.9804218726022146
11,6,0.80,0.9668206529868877
11,6,0.85,0.9560037650737446
11,6,0.90,0.9727726389258509
11,6,0.95,0.9606540606515656
11,7,0.05,0.7557714736458983
11,7,0.10,0.6117168765589529
11,7,0.15,0.6876941777575718
11,7,0.20,0.8007530109232244
11,7,0.25,0.9319008371403265
11,7,0.30,0.9511611488815606
11,7,0.35,0.9405805027102412
11,7,0.40,0.9611268713333266
11,7,0.45,0.8919129764259839
11,7,0.50,0.9743761482914912
11,7,0.55,0.9831673421064632
11,7,0.60,0.9631743593233425
11,7,0.65,0.9113350485447079
11,7,0.70,0.9812928910381736
11,7,0.75,0.9823566652869722
11,7,0.80,0.9678861536376052
11,7,0.85,0.9660793377059077
11,7,0.90,0.9505174412366683
11,7,0.95,0.975555066687259
11,8,0.05,0.7141966579412424
11,8,0.10,0.7757806725120237
11,8,0.15,0.7175235352891685
11,8,0.20,0.836034646916505
11,8,0.25,0.9370882953000976
11,8,0.30,0.9451579584132515
11,8,0.35,0.9006267921791253
11,8,0.40,0.9770902758533208
11,8,0.45,0.9669787997494641
11,8,0.50,0.924908929577835
11,8,0.55,0.9627000089746997
11,8,0.60,0.9753804870811925
11,8,0.65,0.9662035381149651
11,8,0.70,0.9764338610745605
11,8,0.75,0.9827840534284294
11,8,0.80,0.9577773047649057
11,8,0.85,0.9730662639944264
11,8,0.90,0.9760440064250432
11,8,0.95,0.9815653075076953
11,9,0.05,0.9837261978558126
11,9,0.10,0.7481630476491357
11,9,0.15,0.7776248179573115
11,9,0.20,0.938861507756998
11,9,0.25,0.9431028969882624
11,9,0.30,0.9612295715972443
11,9,0.35,0.9649580498751044
11,9,0.40,0.9695055719162549
11,9,0.45,0.9767553993491174
11,9,0.50,0.9821565312848395
11,9,0.55,0.9742784821693542
11,9,0.60,0.9606864378271153
11,9,0.65,0.9832291117995059
11,9,0.70,0.9818441167420335
11,9,0.75,0.9858478885828831
11,9,0.80,0.9824854931626977
11,9,0.85,0.9525384752878182
11,9,0.90,0.971371557376764
11,9,0.95,0.9738905699369247
12,0,0.05,0.7450666214248673
12,0,0.10,0.7175139265511234
12,0,0.15,0.8982285399866228
12,0,0.20,0.9455497151654548
12,0,0.25,0.9065773774274257
12,0,0.30,0.9540708321387528
12,0,0.35,0.9723284111801568
12,0,0.40,0.9652416757559068
12,0,0.45,0.9150713032243672
12,0,0.50,0.9455265306498057
12,0,0.55,0.9431173953641535
12,0,0.60,0.9680992329298415
12,0,0.65,0.9332604721091501
12,0,0.70,0.973639723702985
12,0,0.75,0.9753220146659681
12,0,0.80,0.976881433773125
12,0,0.85,0.9656021619974884
12,0,0.90,0.9771599640251346
12,0,0.95,0.9626018116712058
12,1,0.05,0.43252059046965796
12,1,0.10,0.8941011234034476
12,1,0.15,0.9425915978124416
12,1,0.20,0.9391598548444793
12,1,0.25,0.7209161754121158
12,1,0.30,0.9711695686963107
12,1,0.35,0.887398032121843
12,1,0.40,0.9741770496981285
12,1,0.45,0.9396293535540213
12,1,0.50,0.9560504236550722
12,1,0.55,0.9686701836459004
12,1,0.60,0.9591513907287659
12,1,0.65,0.941457695697385
12,1,0.70,0.9749699715438637
12,1,0.75,0.9656883095205996
12,1,0.80,0.9686399162756287
12,1,0.85,0.9687066897069867
12,1,0.90,0.9746583808024158
12,1,0.95,0.9771552664238983
12,2,0.05,0.8695347609877172
12,2,0.10,0.6927250696037028
12,2,0.15,0.8992799909202072
12,2,0.20,0.9359788796884797
12,2,0.25,0.8811520467043562
12,2,0.30,0.9176041671482011
12,2,0.35,0.7844184172085292
12,2,0.40,0.8799655932024776
12,2,0.45,0.9806645584736502
12,2,0.50,0.9758301549797923
12,2,0.55,0.9763339600152102
12,2,0.60,0.9566879080368839
12,2,0.65,0.9519126589335188
12,2,0.70,0.9851724683947428
12,2,0.75,0.9815297883693677
12,2,0.80,0.9638627685734185
12,2,0.85,0.9795961360700143
12,2,0.90,0.9920820270710313
12,2,0.95,0.973323704716822
12,3,0.05,0.3918363253593735
12,3,0.10,0.9485867812244448
12,3,0.15,0.9053027009996388
12,3,0.20,0.8289629674837833
12,3,0.25,0.9372356412857747
12,3,0.30,0.8842550895303144
12,3,0.35,0.950941989348262
12,3,0.40,0.9687995027662918
12,3,0.45,0.942285956078309
12,3,0.50,0.9753324525211232
12,3,0.55,0.9533227886151846
12,3,0.60,0.970497655800655
12,3,0.65,0.9554214817201125
12,3,0.70,0.9540584617737762
12,3,0.75,0.9832540965158757
12,3,0.80,0.972788298685196
12,3,0.85,0.9705366089019157
12,3,0.90,0.984383905067395
12,3,0.95,0.9809001933144061
12,4,0.05,0.317872576848947
12,4,0.10,0.9603100680550556
12,4,0.15,0.929107751339181
12,4,0.20,0.9444997598250136
12,4,0.25,0.8800344973598697
12,4,0.30,0.8768689853323187
12,4,0.35,0.9412277317679192
12,4,0.40,0.894673816199536
12,4,0.45,0.9743051602932468
12,4,0.50,0.9876692785489413
12,4,0.55,0.9883664481907359
12,4,0.60,0.9772005802454986
12,4,0.65,0.9549686382256657
12,4,0.70,0.979222004881786
12,4,0.75,0.9574420486914462
12,4,0.80,0.9490992217548705
12,4,0.85,0.9765190620351697
12,4,0.90,0.9836903445177789
12,4,0.95,0.9764233334900877
12,5,0.05,0.7660576459055644
12,5,0.10,0.6629848281794083
12,5,0.15,0.9252880073822313
12,5,0.20,0.8776329015558031
12,5,0.25,0.9343147881386145
12,5,0.30,0.9052838295321285
12,5,0.35,0.9482905036046045
12,5,0.40,0.9318099164007029
12,5,0.45,0.9507449670291837
12,5,0.50,0.9688275790144943
12,5,0.55,0.9760469682207937
12,5,0.60,0.9752047371108723
12,5,0.65,0.9597015471487185
12,5,0.70,0.9533713834257889
12,5,0.75,0.9746789715719866
12,5,0.80,0.9642190830574824
12,5,0.85,0.9856815886578488
12,5,0.90,0.9733947438291253
12,5,0.95,0.9833861494128826
12,6,0.05,0.9165751551647505
12,6,0.10,0.8522166583800734
12,6,0.15,0.9530037229329352
12,6,0.20,0.9233908616076801
12,6,0.25,0.9272179554744122
12,6,0.30,0.9644866871584188
12,6,0.35,0.9519692852461016
12,6,0.40,0.9644413531696292
12,6,0.45,0.9683846413290514
12,6,0.50,0.9275439980291841
12,6,0.55,0.9639551944292447
12,6,0.60,0.9659497966155035
12,6,0.65,0.9539879852476413
12,6,0.70,0.97667668206266
12,6,0.75,0.9723577787278971
12,6,0.80,0.9744468451066141
12,6,0.85,0.9640270922272931
12,6,0.90,0.9761836481117164
12,6,0.95,0.9565163593676235
12,7,0.05,0.5939243197607882
12,7,0.10,0.7190491166159358
12,7,0.15,0.9536538010883356
12,7,0.20,0.8529906191837775
12,7,0.25,0.8374036773145489
12,7,0.30,0.9509355055401021
12,7,0.35,0.9504590655397215
12,7,0.40,0.8458503356073743
12,7,0.45,0.9667954007790648
12,7,0.50,0.9902221944461098
12,7,0.55,0.9440892797104858
12,7,0.60,0.9404004795951516
12,7,0.65,0.981270014947771
12,7,0.70,0.969235878195124
12,7,0.75,0.9785331220528285
12,7,0.80,0.9781372886794361
12,7,0.85,0.9751218875398275
12,7,0.90,0.9727698370151716
12,7,0.95,0.9708479836701892
12,8,0.05,0.8092158351871289
12,8,0.10,0.9173311458314893
12,8,0.15,0.7816343523452465
12,8,0.20,0.8723586278193031
12,8,0.25,0.8792042451458073
12,8,0.30,0.9533306638730842
12,8,0.35,0.9273511070097096
12,8,0.40,0.9260818336962209
12,8,0.45,0.9001674880794514
12,8,0.50,0.8919110501218283
12,8,0.55,0.9559535130237212
12,8,0.60,0.9599845961239496
12,8,0.65,0.9432514275920781
12,8,0.70,0.9779500962823044
12,8,0.75,0.9716426542166283
12,8,0.80,0.9907796710054878
12,8,0.85,0.9789969352998785
12,8,0.90,0.9777264506020138
12,8,0.95,0.9831489118812257
12,9,0.05,0.4196147439553055
12,9,0.10,0.8903411662868593
12,9,0.15,0.9019023736305167
12,9,0.20,0.9026175324606466
12,9,0.25,0.9606888863415101
12,9,0.30,0.9381603352182597
12,9,0.35,0.9518115962376703
12,9,0.40,0.9116469019601043
12,9,0.45,0.931615754939019
12,9,0.50,0.965647928609986
12,9,0.55,0.969964897295054
12,9,0.60,0.9877054728478355
12,9,0.65,0.9417629514026014
12,9,0.70,0.9788714994085654
12,9,0.75,0.9572578429216355
12,9,0.80,0.9765492858298013
12,9,0.85,0.9618198209771484
12,9,0.90,0.9732323538763322
12,9,0.95,0.9718240755992265
13,0,0.05,0.7257908467563211
13,0,0.10,0.7085865616199324
13,0,0.15,0.9085139606792327
13,0,0.20,0.8874325634289874
13,0,0.25,0.7229124277725518
13,0,0.30,0.9518856532348587
13,0,0.35,0.8759966012732138
13,0,0.40,0.9360146626860518
13,0,0.45,0.7276720636298751
13,0,0.50,0.9668077675957897
13,0,0.55,0.9644586759140187
13,0,0.60,0.9688836973552056
13,0,0.65,0.9811398287378045
13,0,0.70,0.9780212697387163
13,0,0.75,0.9825327937071756
13,0,0.80,0.97009466975838
13,0,0.85,0.9713802686733519
13,0,0.90,0.9805653096206438
13,0,0.95,0.9787304250992821
13,1,0.05,-0.7701699217891771
13,1,0.10,0.36417792714369923
13,1,0.15,0.934670906111756
13,1,0.20,0.6847469028245513
13,1,0.25,0.6241775875822297
13,1,0.30,0.976489125891867
13,1,0.35,0.927266561804368
13,1,0.40,0.9733160874559131
13,1,0.45,0.9090050050884599
13,1,0.50,0.9348404529234451
13,1,0.55,0.9698984331742234
13,1,0.60,0.9826516731877546
13,1,0.65,0.9683553385457834
13,1,0.70,0.973990863691907
13,1,0.75,0.9672235415852685
13,1,0.80,0.9797654559335052
13,1,0.85,0.9618851954391847
13,1,0.90,0.9770082743860617
13,1,0.95,0.964265424800486
13,2,0.05,0.6399779711494333
13,2,0.10,0.7624122072201546
13,2,0.15,0.9829153086563835
13,2,0.20,0.9515447067678879
13,2,0.25,0.9488520499382871
13,2,0.30,0.9130040047988999
13,2,0.35,0.9696792655295542
13,2,0.40,0.966180579843839
13,2,0.45,0.9686538620591426
13,2,0.50,0.958343766436123
13,2,0.55,0.9778043440155272
13,2,0.60,0.9336026939736939
13,2,0.65,0.9746039882747242
13,2,0.70,0.9949487400033601
13,2,0.75,0.9773619327659607
13,2,0.80,0.9817773255092717
13,2,0.85,0.979458898628686
13,2,0.90,0.9777982827912908
13,2,0.95,0.9725393561047357
13,3,0.05,-0.9775856245421699
13,3,0.10,0.6333963932626698
13,3,0.15,0.6445118326025531
13,3,0.20,0.8950817843770241
13,3,0.25,0.35737574556312046
13,3,0.30,0.9378081380197021
13,3,0.35,0.990338714765803
13,3,0.40,0.9835436250363531
13,3,0.45,0.9740874387118519
13,3,0.50,0.9772873697302538
13,3,0.55,0.9827505419540913
13,3,0.60,0.9881367964124935
13,3,0.65,0.9771437240651186
13,3,0.70,0.9811573767742792
13,3,0.75,0.976451055265415
13,3,0.80,0.9450808184942595
13,3,0.85,0.9727471368965589
13,3,0.90,0.9647053416237155
13,3,0.95,0.9618018185012689
13,4,0.05,-4.155605472619962
13,4,0.10,0.4247454741899709
13,4,0.15,0.7094097751281625
13,4,0.20,0.8558072707495911
13,4,0.25,0.935536863830771
13,4,0.30,0.9710301797446674
13,4,0.35,0.9666040084437364
13,4,0.40,0.9381599339021212
13,4,0.45,0.9529574657078844
13,4,0.50,0.9439036818730453
13,4,0.55,0.9754271123310884
13,4,0.60,0.9680742847760017
13,4,0.65,0.98019371670239
13,4,0.70,0.9825643316544516
13,4,0.75,0.9249501444985763
13,4,0.80,0.9541797613315264
13,4,0.85,0.9766715719950033
13,4,0.90,0.9642572847918166
13,4,0.95,0.9721790495003353
13,5,0.05,0.9275572271885979
13,5,0.10,0.6927043137486177
13,5,0.15,0.7532935003689045
13,5,0.20,0.8638561762708966
13,5,0.25,0.9197472059585768
13,5,0.30,0.7796194831225668
13,5,0.35,0.9496111023213578
13,5,0.40,0.937456571865984
13,5,0.45,0.9113599368052391
13,5,0.50,0.9268868294281022
13,5,0.55,0.9714196134446826
13,5,0.60,0.9669046758473478
13,5,0.65,0.9737038330271457
13,5,0.70,0.9757178499134004
13,5,0.75,0.9796897070402831
13,5,0.80,0.980185002243257
13,5,0.85,0.9725092043412564
13,5,0.90,0.9739811266397347
13,5,0.95,0.9737587538117032
13,6,0.05,0.9188720816030896
13,6,0.10,0.5443010233437964
13,6,0.15,0.9112600383722627
13,6,0.20,0.9543824870600149
13,6,0.25,0.5800870550335724
13,6,0.30,0.9538368199788231
13,6,0.35,0.9519311211977602
13,6,0.40,0.9738571765781618
13,6,0.45,0.9790421533987822
13,6,0.50,0.9810580883131836
13,6,0.55,0.9801722083200649
13,6,0.60,0.9816777742531764
13,6,0.65,0.9705223108797068
13,6,0.70,0.9630874650813888
13,6,0.75,0.9876661266539177
13,6,0.80,0.9794924650481317
13,6,0.85,0.9689339772746742
13,6,0.90,0.966141373828671
13,6,0.95,0.9487871520450272
13,7,0.05,-0.3234846398007174
13,7,0.10,0.757042870423218
13,7,0.15,0.7421535309393534
13,7,0.20,0.8916447155428582
13,7,0.25,0.7616776237444146
13,7,0.30,0.8897853883146988
13,7,0.35,0.9404700747639062
13,7,0.40,0.9210036910877336
13,7,0.45,0.8717523613904046
13,7,0.50,0.9508963470940811
13,7,0.55,0.9745691708923238
13,7,0.60,0.9517485089687667
13,7,0.65,0.9770106726025295
13,7,0.70,0.9777500028294989
13,7,0.75,0.986463532421262
13,7,0.80,0.9835946251998541
13,7,0.85,0.9779870302973941
13,7,0.90,0.9807898464387337
13,7,0.95,0.9889759593842022
13,8,0.05,0.6420970207318332
13,8,0.10,0.7671026965876817
13,8,0.15,0.6792035429574086
13,8,0.20,0.9220198267759245
13,8,0.25,0.8782722046005701
13,8,0.30,0.958231632237928
13,8,0.35,0.9715135621406618
13,8,0.40,0.9557492190339989
13,8,0.45,0.9192268991388155
13,8,0.50,0.9752474259951925
13,8,0.55,0.974777489207415
13,8,0.60,0.971567687134166
13,8,0.65,0.9885835073707742
13,8,0.70,0.9353324957127294
13,8,0.75,0.9789944777574601
13,8,0.80,0.9865157773027685
13,8,0.85,0.9477671146937665
13,8,0.90,0.9752273289758038
13,8,0.95,0.9746825699293995
13,9,0.05,0.5407424567997566
13,9,0.10,0.6815179231055056
13,9,0.15,0.7745788101977746
13,9,0.20,0.9134529309618957
13,9,0.25,0.7187969148667341
13,9,0.30,0.9387841623698406
13,9,0.35,0.9288219571699161
13,9,0.40,0.9799674608957251
13,9,0.45,0.975060535921018
13,9,0.50,0.9785756014488725
13,9,0.55,0.9831714576447323
13,9,0.60,0.9740285497110479
13,9,0.65,0.9892604678930714
13,9,0.70,0.9879214317399162
13,9,0.75,0.9921466858381037
13,9,0.80,0.9598440409872611
13,9,0.85,0.9836152983909858
13,9,0.90,0.9849453199800391
13,9,0.95,0.9885437121442852
14,0,0.05,0.513227358351869
14,0,0.10,0.9385518107459383
14,0,0.15,0.776529407410034
14,0,0.20,0.8057629638541901
14,0,0.25,0.7411600608204436
14,0,0.30,0.9749601338765436
14,0,0.35,0.9639583194182766
14,0,0.40,0.9720673908691922
14,0,0.45,0.9856688775749023
14,0,0.50,0.9769637924151641
14,0,0.55,0.9712688456510802
14,0,0.60,0.9766847715821353
14,0,0.65,0.9488327836932597
14,0,0.70,0.9794950619690056
14,0,0.75,0.9460858164010877
14,0,0.80,0.9791814097166127
14,0,0.85,0.9803333901783734
14,0,0.90,0.9748181706601627
14,0,0.95,0.9703644482621746
14,1,0.05,0.9474722371368054
14,1,0.10,0.7877620567160436
14,1,0.15,0.8334126452037747
14,1,0.20,0.7828130915880344
14,1,0.25,0.8907615378828275
14,1,0.30,0.8628609729893024
14,1,0.35,0.9779145031251938
14,1,0.40,0.9691276261371605
14,1,0.45,0.9860903433117837
14,1,0.50,0.9435796068808368
14,1,0.55,0.9825803220800191
14,1,0.60,0.9713323152376646
14,1,0.65,0.9818946630199836
14,1,0.70,0.9713723945845645
14,1,0.75,0.9724173287385826
14,1,0.80,0.9788169017830395
14,1,0.85,0.9766595674433807
14,1,0.90,0.9801786116310708
14,1,0.95,0.976132923042809
14,2,0.05,0.8923637809296118
14,2,0.10,0.8420868114075039
14,2,0.15,0.8743442043067174
14,2,0.20,0.8845857257660448
14,2,0.25,0.9144080673005968
14,2,0.30,0.8872392944119185
14,2,0.35,0.9821994734556071
14,2,0.40,0.9701937096101101
14,2,0.45,0.9772779178278151
14,2,0.50,0.9714273385891443
14,2,0.55,0.9762146486473985
14,2,0.60,0.9583829694806957
14,2,0.65,0.9727724787294302
14,2,0.70,0.9681480168459711
14,2,0.75,0.9686886876370704
14,2,0.80,0.9787294931462348
14,2,0.85,0.9813296316440251
14,2,0.90,0.9749466132921756
14,2,0.95,0.9872334962423648
14,3,0.05,0.9052021291049064
14,3,0.10,0.8893740194923648
14,3,0.15,0.8304636635933117
14,3,0.20,0.8761465407104401
14,3,0.25,0.7742348014519886
14,3,0.30,0.9504581376864577
14,3,0.35,0.965721673225525
14,3,0.40,0.9922708118259291
14,3,0.45,0.9706619673972396
14,3,0.50,0.9648101833179076
14,3,0.55,0.9806786179305222
14,3,0.60,0.9711555808655634
14,3,0.65,0.9875789366902034
14,3,0.70,0.9832148464502799
14,3,0.75,0.9401025478517802
14,3,0.80,0.9705384087587078
14,3,0.85,0.9829327440055431
14,3,0.90,0.9685917470032143
14,3,0.95,0.9797795738766705
14,4,0.05,0.8734384124782921
14,4,0.10,0.7135186851182708
14,4,0.15,0.8332734948437777
14,4,0.20,0.9064450575897274
14,4,0.25,0.907716288472356
14,4,0.30,0.9581247741169745
14,4,0.35,0.9252538717722147
14,4,0.40,0.9561507870775515
14,4,0.45,0.9837226499987131
14,4,0.50,0.9546385698425697
14,4,0.55,0.9653009507140005
14,4,0.60,0.9636209074203578
14,4,0.65,0.9702578165708492
14,4,0.70,0.9783624127728028
14,4,0.75,0.9806627783762611
14,4,0.80,0.973918225862365
14,4,0.85,0.9854703958966263
14,4,0.90,0.9890647098900835
14,4,0.95,0.9705461058409001
14,5,0.05,0.8404424658839197
14,5,0.10,0.9116911248882982
14,5,0.15,0.8065916606069771
14,5,0.20,0.9170203325671608
14,5,0.25,0.9443222905382022
14,5,0.30,0.9185627174400718
14,5,0.35,0.9676119956064588
14,5,0.40,0.9699289341058018
14,5,0.45,0.9824451697546309
14,5,0.50,0.9806401418687125
14,5,0.55,0.9816512148500816
14,5,0.60,0.981441987484978
14,5,0.65,0.9641952526172538
14,5,0.70,0.9781840822694937
14,5,0.75,0.9812470538526908
14,5,0.80,0.9878746659980149
14,5,0.85,0.9780978156920832
14,5,0.90,0.9791921178829799
14,5,0.95,0.9789564866251567
14,6,0.05,0.9536460133647616
14,6,0.10,0.6768324870264435
14,6,0.15,0.8347517393409242
14,6,0.20,0.7565482808027154
14,6,0.25,0.9584155003190089
14,6,0.30,0.9741165855454001
14,6,0.35,0.9751391463800126
14,6,0.40,0.9674193087665468
14,6,0.45,0.963947436918785
14,6,0.50,0.9807658869724282
14,6,0.55,0.9384641595734353
14,6,0.60,0.9759388616992509
14,6,0.65,0.9777468311337345
14,6,0.70,0.970794927435671
14,6,0.75,0.9648375972180113
14,6,0.80,0.9816871812101358
14,6,0.85,0.9832468922072045
14,6,0.90,0.9829473041800736
14,6,0.95,0.9736910532504699
14,7,0.05,0.43785273846085393
14,7,0.10,0.9552441941508647
14,7,0.15,0.9270652394440417
14,7,0.20,0.9333119478433354
14,7,0.25,0.900337311847768
14,7,0.30,0.9189772193350649
14,7,0.35,0.957010820106722
14,7,0.40,0.9544075295215853
14,7,0.45,0.9594829524559985
14,7,0.50,0.9761432185491918
14,7,0.55,0.966698235982897
14,7,0.60,0.9715896647383637
14,7,0.65,0.9770046683760831
14,7,0.70,0.9849976102022364
14,7,0.75,0.9749521381587225
14,7,0.80,0.9613908568684919
14,7,0.85,0.96500001545516
14,7,0.90,0.9827833421088255
14,7,0.95,0.9828601150575723
14,8,0.05,-0.28174801364266133
14,8,0.10,-0.589344339331509
14,8,0.15,0.8780680865793953
14,8,0.20,0.817038962880255
14,8,0.25,0.918374179954899
14,8,0.30,0.8532334802719491
14,8,0.35,0.9515269082481593
14,8,0.40,0.9796730458993312
14,8,0.45,0.9583042466859082
14,8,0.50,0.9760889175134246
14,8,0.55,0.9687890255931751
14,8,0.60,0.972125194790725
14,8,0.65,0.9823531232664737
14,8,0.70,0.9794014955472939
14,8,0.75,0.9808285764191724
14,8,0.80,0.9757581330301063
14,8,0.85,0.9812882876790169
14,8,0.90,0.9759544182331149
14,8,0.95,0.9892158358064632
14,9,0.05,0.8881119318113122
14,9,0.10,0.8904545692516727
14,9,0.15,0.7257068983917372
14,9,0.20,0.7729702568296619
14,9,0.25,0.9438360560828464
14,9,0.30,0.973794342925251
14,9,0.35,0.9634022197526833
14,9,0.40,0.9477063679459067
14,9,0.45,0.8735420823540825
14,9,0.50,0.9788036789538012
14,9,0.55,0.9841842159541091
14,9,0.60,0.9798406956280516
14,9,0.65,0.9600153207536541
14,9,0.70,0.9728069049269904
14,9,0.75,0.9800770978688843
14,9,0.80,0.9734385534991619
14,9,0.85,0.9717078061231496
14,9,0.90,0.9807055344763388
14,9,0.95,0.9698705240000136
15,0,0.05,0.9747337462847071
15,0,0.10,0.9486776660353029
15,0,0.15,0.815714005985956
15,0,0.20,0.9461022942328762
15,0,0.25,0.9203585381970313
15,0,0.30,0.9400776661700895
15,0,0.35,0.920026689948848
15,0,0.40,0.9535661433727429
15,0,0.45,0.9598572879897803
15,0,0.50,0.9923777970243979
15,0,0.55,0.9710840122052626
15,0,0.60,0.9698524559529035
15,0,0.65,0.9769113967395779
15,0,0.70,0.9931687281642252
15,0,0.75,0.9901661343088406
15,0,0.80,0.9744396180532764
15,0,0.85,0.9837612810832218
15,0,0.90,0.9789924713506037
15,0,0.95,0.981035173734195
15,1,0.05,0.4775640243740864
15,1,0.10,0.42710171081496917
15,1,0.15,0.9656474604709262
15,1,0.20,0.8583210398241635
15,1,0.25,0.8688148950910507
15,1,0.30,0.9777841337443729
15,1,0.35,0.9656646402484799
15,1,0.40,0.9654855464531433
15,1,0.45,0.9568405403576958
15,1,0.50,0.9032628312651043
15,1,0.55,0.9884321181532424
15,1,0.60,0.963062802315365
15,1,0.65,0.9609662245899524
15,1,0.70,0.9515966396732378
15,1,0.75,0.9720486836329759
15,1,0.80,0.9856532128187531
15,1,0.85,0.9637376571322626
15,1,0.90,0.9700586419663452
15,1,0.95,0.9837681834991672
15,2,0.05,-4.10093108570273
15,2,0.10,0.6869948444828926
15,2,0.15,0.7717186867307544
15,2,0.20,0.9343421288586794
15,2,0.25,0.944900266431508
15,2,0.30,0.9848801317995195
15,2,0.35,0.9572068486182811
15,2,0.40,0.9754740120919819
15,2,0.45,0.9703898917708391
15,2,0.50,0.968815430684185
15,2,0.55,0.9779418878944242
15,2,0.60,0.9750870606696098
15,2,0.65,0.9849562026569644
15,2,0.70,0.9725164466015019
15,2,0.75,0.9774386709770843
15,2,0.80,0.9736377808157529
15,2,0.85,0.953678451153718
15,2,0.90,0.968931232943102
15,2,0.95,0.9727245357636708
15,3,0.05,0.778197927226668
15,3,0.10,0.4530718317176835
15,3,0.15,0.9396794053944134
15,3,0.20,0.9411814751238019
15,3,0.25,0.5722396082784145
15,3,0.30,0.9658471710507672
15,3,0.35,0.9600322979984799
15,3,0.40,0.9654092727226811
15,3,0.45,0.9741299505510327
15,3,0.50,0.9772405266340226
15,3,0.55,0.9885370821727335
15,3,0.60,0.9715935554377626
15,3,0.65,0.9481235541769522
15,3,0.70,0.9423823024047339
15,3,0.75,0.9811476227188481
15,3,0.80,0.9776938315103143
15,3,0.85,0.9572828002066213
15,3,0.90,0.9679078623439828
15,3,0.95,0.9724060233638031
15,4,0.05,0.29683020710371666
15,4,0.10,0.8261969568931451
15,4,0.15,0.7152802984593789
15,4,0.20,0.971604341962351
15,4,0.25,0.946902583557332
15,4,0.30,0.97855636955635
15,4,0.35,0.9696417945361664
15,4,0.40,0.9386951933247508
15,4,0.45,0.9746951572907209
15,4,0.50,0.9447400187563846
15,4,0.55,0.9807460946837607
15,4,0.60,0.9956133132681948
15,4,0.65,0.9825461923334721
15,4,0.70,0.9774838015948816
15,4,0.75,0.958114361180995
15,4,0.80,0.9647811773813127
15,4,0.85,0.9820844966101369
15,4,0.90,0.9736583598775428
15,4,0.95,0.9839735566612776
15,5,0.05,0.9791214302937876
15,5,0.10,0.6631328873936523
15,5,0.15,0.9853893645925982
15,5,0.20,0.9801722668790143
15,5,0.25,0.9569800399322204
15,5,0.30,0.9270318806492988
15,5,0.35,0.9572865215767933
15,5,0.40,0.9693049665096267
15,5,0.45,0.9720295593605058
15,5,0.50,0.964143198697892
15,5,0.55,0.98129640025438
15,5,0.60,0.9694410352569404
15,5,0.65,0.9311826985809197
15,5,0.70,0.9688360311985117
15,5,0.75,0.9677796399866084
15,5,0.80,0.9801591228519915
15,5,0.85,0.9738394862109222
15,5,0.90,0.9654052919423026
15,5,0.95,0.9783990709769914
15,6,0.05,0.7231968849189261
15,6,0.10,0.7097770463836566
15,6,0.15,0.9614491534075884
15,6,0.20,0.9327820299770248
15,6,0.25,0.970538089137216
15,6,0.30,0.9377512546785515
15,6,0.35,0.961862047472607
15,6,0.40,0.97535183583086
15,6,0.45,0.9861880042616372
15,6,0.50,0.9828542751209896
15,6,0.55,0.987231180739159
15,6,0.60,0.9578023677711475
15,6,0.65,0.984911415964603
15,6,0.70,0.9705711631784064
15,6,0.75,0.9743804315827446
15,6,0.80,0.985050931849334
15,6,0.85,0.9868794459112611
15,6,0.90,0.9668383943374046
15,6,0.95,0.9724990499247151
15,7,0.05,0.9872683779993495
15,7,0.10,0.8848924208782393
15,7,0.15,0.961932372216273
15,7,0.20,0.9555197213807225
15,7,0.25,0.9288694206748953
15,7,0.30,0.9185283388938149
15,7,0.35,0.9244886444976717
15,7,0.40,0.9701498509464638
15,7,0.45,0.9726589970355715
15,7,0.50,0.9804433408167712
15,7,0.55,0.9813531078859715
15,7,0.60,0.9628327815550152
15,7,0.65,0.9709848797658962
15,7,0.70,0.9705200379314249
15,7,0.75,0.9755391319989264
15,7,0.80,0.9718278791423994
15,7,0.85,0.9774224618560542
15,7,0.90,0.9687345055663017
15,7,0.95,0.9630189072724302
15,8,0.05,0.2735640751311885
15,8,0.10,0.9096039727547403
15,8,0.15,0.825755615644395
15,8,0.20,0.9057215197071045
15,8,0.25,0.9538580416452093
15,8,0.30,0.9617158323638615
15,8,0.35,0.9401858547689599
15,8,0.40,0.9628251849091708
15,8,0.45,0.9443011577259138
15,8,0.50,0.9644525493130576
15,8,0.55,0.9703992930802929
15,8,0.60,0.9635804749878425
15,8,0.65,0.9673067105706069
15,8,0.70,0.8496848320593099
15,8,0.75,0.9377741379456875
15,8,0.80,0.9782486820233752
15,8,0.85,0.9493698796748652
15,8,0.90,0.9666196804691021
15,8,0.95,0.969856171247374
15,9,0.05,0.5201965553901641
15,9,0.10,0.9115115464717293
15,9,0.15,0.9486797938775987
15,9,0.20,0.9477839827892124
15,9,0.25,0.9585425346966292
15,9,0.30,0.9185406186318374
15,9,0.35,0.9237759624602124
15,9,0.40,0.9594963641039651
15,9,0.45,0.9704519213136034
15,9,0.50,0.9809698136468135
15,9,0.55,0.97725050356318
15,9,0.60,0.9671305128900552
15,9,0.65,0.9699148739581618
15,9,0.70,0.981768672970834
15,9,0.75,0.9667488542756878
15,9,0.80,0.9714306530986214
15,9,0.85,0.9802130975685323
15,9,0.90,0.9863670999571551
15,9,0.95,0.9775836227717153
16,0,0.05,0.1799840133748969
16,0,0.10,0.822393250404416
16,0,0.15,0.8622712162081793
16,0,0.20,0.86198169377366
16,0,0.25,0.9037353508834328
16,0,0.30,0.9278970808357445
16,0,0.35,0.9571141773298044
16,0,0.40,0.9855097445707469
16,0,0.45,0.9615110057645399
16,0,0.50,0.9823602816279188
16,0,0.55,0.9829647891157175
16,0,0.60,0.9745549448326039
16,0,0.65,0.9659679399942125
16,0,0.70,0.9750801798298765
16,0,0.75,0.9789586837555334
16,0,0.80,0.9819234370203028
16,0,0.85,0.977705605938508
16,0,0.90,0.9773200300624835
16,0,0.95,0.9883854994795455
16,1,0.05,0.8654082422682872
16,1,0.10,0.7974604348679345
16,1,0.15,0.8401300197677583
16,1,0.20,0.6133333951766582
16,1,0.25,0.4139832933987009
16,1,0.30,0.8529673954839304
16,1,0.35,0.9241605342920112
16,1,0.40,0.9615533520962645
16,1,0.45,0.9695367446030827
16,1,0.50,0.9721666797302984
16,1,0.55,0.9571121130862754
16,1,0.60,0.970379696080091
16,1,0.65,0.9416840792823659
16,1,0.70,0.9741348128990694
16,1,0.75,0.9491692044566833
16,1,0.80,0.9634503275255597
16,1,0.85,0.9708948485187803
16,1,0.90,0.9646637500283517
16,1,0.95,0.9782011543900141
16,2,0.05,0.7594075389270017
16,2,0.10,0.8487384642409437
16,2,0.15,0.7752168895653442
16,2,0.20,0.9376255633364324
16,2,0.25,0.807257825234948
16,2,0.30,0.951696691969016
16,2,0.35,0.9397333355036137
16,2,0.40,0.9586941608437991
16,2,0.45,0.9502610842101642
16,2,0.50,0.955266814647247
16,2,0.55,0.9417592308351033
16,2,0.60,0.9744374810188046
16,2,0.65,0.9634850180682735
16,2,0.70,0.9812787995725302
16,2,0.75,0.9825757870984272
16,2,0.80,0.9730293863919579
16,2,0.85,0.978817658726192
16,2,0.90,0.979748952059643
16,2,0.95,0.9788749822771966
16,3,0.05,0.650022963357227
16,3,0.10,0.9275756274622802
16,3,0.15,0.6668484069566154
16,3,0.20,0.690890209819752
16,3,0.25,0.8788862016915986
16,3,0.30,0.9444548976608493
16,3,0.35,0.9673186421972796
16,3,0.40,0.9227047330625993
16,3,0.45,0.954024370452523
16,3,0.50,0.9630620524241328
16,3,0.55,0.969532405837335
16,3,0.60,0.9649712343419806
16,3,0.65,0.9782866542047013
16,3,0.70,0.9689499860759374
16,3,0.75,0.9780902981472321
16,3,0.80,0.9739669357210784
16,3,0.85,0.9780054531574217
16,3,0.90,0.9770129631045773
16,3,0.95,0.9829796046152327
16,4,0.05,0.2095139739675418
16,4,0.10,0.5549006579688232
16,4,0.15,0.16778126031966256
16,4,0.20,0.8649081510010656
16,4,0.25,0.8538317645272828
16,4,0.30,0.7837041215504154
16,4,0.35,0.8938979659826137
16,4,0.40,0.8638452359424436
16,4,0.45,0.9525969844082379
16,4,0.50,0.9662240341991252
16,4,0.55,0.9743907696151941
16,4,0.60,0.8573691753802785
16,4,0.65,0.9628087282853073
16,4,0.70,0.9686861786475462
16,4,0.75,0.9794527863344157
16,4,0.80,0.9696391787560439
16,4,0.85,0.9758181899330584
16,4,0.90,0.9663217953566781
16,4,0.95,0.9732230131734269
16,5,0.05,0.3624251280270998
16,5,0.10,0.6970432381103225
16,5,0.15,0.9747113672369877
16,5,0.20,0.7657481687077902
16,5,0.25,0.9726878751508037
16,5,0.30,0.645816369743322
16,5,0.35,0.9651600963358425
16,5,0.40,0.979175324000546
16,5,0.45,0.9795326263056636
16,5,0.50,0.9284764521748579
16,5,0.55,0.9814666750066431
16,5,0.60,0.9695411059330584
16,5,0.65,0.9822898847907721
16,5,0.70,0.9744743508167714
16,5,0.75,0.9771783727496888
16,5,0.80,0.9795082389648426
16,5,0.85,0.9544411945525446
16,5,0.90,0.9765335253654157
16,5,0.95,0.9807694737204491
16,6,0.05,0.7837610653759808
16,6,0.10,0.934208887953556
16,6,0.15,0.9257509253527665
16,6,0.20,0.5655590455043378
16,6,0.25,0.41991514482193093
16,6,0.30,0.9559964498346241
16,6,0.35,0.9073632064607355
16,6,0.40,0.9304419850178984
16,6,0.45,0.9706875731780863
16,6,0.50,0.959000310385281
16,6,0.55,0.9673642912769729
16,6,0.60,0.9678646075218885
16,6,0.65,0.9839426836214681
16,6,0.70,0.9755708675238695
16,6,0.75,0.9688463020977549
16,6,0.80,0.9718177513642601
16,6,0.85,0.9790186878252973
16,6,0.90,0.976658134097345
16,6,0.95,0.9786542112931421
16,7,0.05,0.16220197963800886
16,7,0.10,0.9278400273141238
16,7,0.15,0.8667927676329535
16,7,0.20,0.9064864930815123
16,7,0.25,0.9268215044728235
16,7,0.30,0.956317534435583
16,7,0.35,0.9273122771008909
16,7,0.40,0.9175755007653826
16,7,0.45,0.9218630686220232
16,7,0.50,0.9581572193859077
16,7,0.55,0.9774083521935473
16,7,0.60,0.9351083220765076
16,7,0.65,0.9831644291900726
16,7,0.70,0.9573915707905128
16,7,0.75,0.9679810914446121
16,7,0.80,0.9595485538197656
16,7,0.85,0.9631615207248808
16,7,0.90,0.9854505777716829
16,7,0.95,0.9693410086527111
16,8,0.05,-0.10186639943237363
16,8,0.10,0.7691273205778401
16,8,0.15,0.8783050972520252
16,8,0.20,0.8762234518286878
16,8,0.25,0.6511536045579015
16,8,0.30,0.9311500707020757
16,8,0.35,0.8857865728433448
16,8,0.40,0.9541614617487343
16,8,0.45,0.9657940982925886
16,8,0.50,0.9632481310383813
16,8,0.55,0.9727389312653268
16,8,0.60,0.9652100771521049
16,8,0.65,0.9691351596702296
16,8,0.70,0.9705729037962882
16,8,0.75,0.9665236400388268
16,8,0.80,0.9473878645906034
16,8,0.85,0.9570882022103387
16,8,0.90,0.9721217832850461
16,8,0.95,0.9756410812767335
16,9,0.05,0.01790760702616745
16,9,0.10,0.7455126595316401
16,9,0.15,0.8754767213833756
16,9,0.20,0.5607375810258057
16,9,0.25,0.9102494719205261
16,9,0.30,0.9725242926205336
16,9,0.35,0.8566973516237205
16,9,0.40,0.9764534081102871
16,9,0.45,0.9816948162122459
16,9,0.50,0.9231055233603943
16,9,0.55,0.9791775788867115
16,9,0.60,0.9638078618225709
16,9,0.65,0.9574629589118874
16,9,0.70,0.9686587880729073
16,9,0.75,0.9722752110732169
16,9,0.80,0.9481249268454195
16,9,0.85,0.9637548498037258
16,9,0.90,0.9588524459542055
16,9,0.95,0.9756486467125673
17,0,0.05,0.9186043231287001
17,0,0.10,0.9540714098892998
17,0,0.15,0.14700948804643887
17,0,0.20,0.904806420727663
17,0,0.25,0.8745737045877882
17,0,0.30,0.9694005102161598
17,0,0.35,0.94343515418467
17,0,0.40,0.9515352238218967
17,0,0.45,0.982251443951389
17,0,0.50,0.9649468349462625
17,0,0.55,0.9527781665201953
17,0,0.60,0.9671253969894636
17,0,0.65,0.9764440073289128
17,0,0.70,0.9697000129011542
17,0,0.75,0.9719443143835208
17,0,0.80,0.9772639268842749
17,0,0.85,0.976016443469019
17,0,0.90,0.980285797919866
17,0,0.95,0.9747443308752453
17,1,0.05,0.8665722810706076
17,1,0.10,0.9271539952696872
17,1,0.15,0.8324419964107774
17,1,0.20,0.957286598293051
17,1,0.25,0.8251301342211937
17,1,0.30,0.980745529549621
17,1,0.35,0.8666725205382477
17,1,0.40,0.9649485202733602
17,1,0.45,0.9728730436042011
17,1,0.50,0.8536412344746336
17,1,0.55,0.9497985489509674
17,1,0.60,0.9630359409169363
17,1,0.65,0.984396231241818
17,1,0.70,0.9750529853943708
17,1,0.75,0.9675580230674342
17,1,0.80,0.9845365918944533
17,1,0.85,0.9678274609910751
17,1,0.90,0.9759416900396137
17,1,0.95,0.9779568399907519
17,2,0.05,0.34585781668940063
17,2,0.10,0.9554706064716186
17,2,0.15,0.4340692815245578
17,2,0.20,0.7982327705485858
17,2,0.25,0.821633779184216
17,2,0.30,0.8804968660015565
17,2,0.35,0.9535738850146442
17,2,0.40,0.9618168676110948
17,2,0.45,0.9634357945959708
17,2,0.50,0.9841502861441778
17,2,0.55,0.979232576880588
17,2,0.60,0.9744898610318626
17,2,0.65,0.9744357736635302
17,2,0.70,0.9756647562763111
17,2,0.75,0.9751988053334403
17,2,0.80,0.9651525543714227
17,2,0.85,0.9761699123314007
17,2,0.90,0.9852736791471762
17,2,0.95,0.9483616312692624
17,3,0.05,0.8131260797406549
17,3,0.10,0.9001016837932819
17,3,0.15,0.6748091151426938
17,3,0.20,0.6715252227937965
17,3,0.25,0.9238916352487219
17,3,0.30,0.8958119246350951
17,3,0.35,0.9508432034893822
17,3,0.40,0.9642897085725791
17,3,0.45,0.954997392558798
17,3,0.50,0.9150270013703362
17,3,0.55,0.9745090485702376
17,3,0.60,0.9548685668699991
17,3,0.65,0.9717523622759466
17,3,0.70,0.9821125803590698
17,3,0.75,0.9851900264021528
17,3,0.80,0.9786561336581404
17,3,0.85,0.9765091699774138
17,3,0.90,0.9682000736521962
17,3,0.95,0.9841313474978866
17,4,0.05,0.3814595275078063
17,4,0.10,0.8649752826733701
17,4,0.15,0.5210280650131414
17,4,0.20,0.814741652618577
17,4,0.25,0.8813172647734706
17,4,0.30,0.7642682285833599
17,4,0.35,0.9511734779018258
17,4,0.40,0.970947115174971
17,4,0.45,0.9779580768270365
17,4,0.50,0.9334912669887996
17,4,0.55,0.9542448928343644
17,4,0.60,0.8533178262389214
17,4,0.65,0.9604007772368535
17,4,0.70,0.9654892074157809
17,4,0.75,0.962651380744889
17,4,0.80,0.977655000115452
17,4,0.85,0.9772585165586358
17,4,0.90,0.9819167650586756
17,4,0.95,0.9838429969542074
17,5,0.05,0.9185736139217204
17,5,0.10,0.2043876040415472
17,5,0.15,0.7593941607116725
17,5,0.20,0.6363464855610419
17,5,0.25,0.8891357332899679
17,5,0.30,0.8740550659539421
17,5,0.35,0.9724623502945384
17,5,0.40,0.9772301187977572
17,5,0.45,0.9757845034698219
17,5,0.50,0.9314596832776485
17,5,0.55,0.9521857644844185
17,5,0.60,0.9483686793763796
17,5,0.65,0.9654903699302744
17,5,0.70,0.9739239161788108
17,5,0.75,0.9618645842518518
17,5,0.80,0.9614079394079825
17,5,0.85,0.9666627475915986
17,5,0.90,0.9678801478084873
17,5,0.95,0.9771024925490256
17,6,0.05,0.912444747264451
17,6,0.10,0.7988703156484
17,6,0.15,0.8696878286899097
17,6,0.20,0.6357366633469486
17,6,0.25,0.8605314111799336
17,6,0.30,0.9240064354351423
17,6,0.35,0.9711561470550107
17,6,0.40,0.9754914099506503
17,6,0.45,0.961465133586334
17,6,0.50,0.969294979316598
17,6,0.55,0.9656372406026887
17,6,0.60,0.9559890200403846
17,6,0.65,0.9768944383972644
17,6,0.70,0.9792078105845647
17,6,0.75,0.9855140506080635
17,6,0.80,0.9797955735236905
17,6,0.85,0.9840835226093678
17,6,0.90,0.9792054999292826
17,6,0.95,0.9891079536992393
17,7,0.05,0.9268124214792798
17,7,0.10,0.8138893442951035
17,7,0.15,0.39670066899400414
17,7,0.20,0.8731696105507136
17,7,0.25,0.8789946971202006
17,7,0.30,0.931388172671606
17,7,0.35,0.9352320769098018
17,7,0.40,0.9010224914186943
17,7,0.45,0.9468457890499077
17,7,0.50,0.9832470201685938
17,7,0.55,0.9693916167551532
17,7,0.60,0.8070441667123451
17,7,0.65,0.9805235864197659
17,7,0.70,0.9699304309332657
17,7,0.75,0.9718140113895828
17,7,0.80,0.9707649887085018
17,7,0.85,0.9805649718541384
17,7,0.90,0.9805627047271953
17,7,0.95,0.9808211903798769
17,8,0.05,-0.3123591152872165
17,8,0.10,0.6109969303823723
17,8,0.15,0.9310852319865638
17,8,0.20,0.9598038919545352
17,8,0.25,0.8568513047804494
17,8,0.30,0.9508894931618206
17,8,0.35,0.7390834383320031
17,8,0.40,0.9740829573511737
17,8,0.45,0.9729002517225328
17,8,0.50,0.9637047690391938
17,8,0.55,0.9620960049173305
17,8,0.60,0.9793251033412438
17,8,0.65,0.9871808250805475
17,8,0.70,0.9754772245331041
17,8,0.75,0.9703978552063249
17,8,0.80,0.985520996743745
17,8,0.85,0.9788840959662367
17,8,0.90,0.9762937044133436
17,8,0.95,0.9866607598671789
17,9,0.05,0.9143901291726994
17,9,0.10,0.904347234526025
17,9,0.15,0.728902984042551
17,9,0.20,0.9729853684784424
17,9,0.25,0.8843454805417669
17,9,0.30,0.8340262647034979
17,9,0.35,0.8916775749885264
17,9,0.40,0.9569491732603301
17,9,0.45,0.9469328597005982
17,9,0.50,0.9187548955180989
17,9,0.55,0.958701593026752
17,9,0.60,0.9633311348006152
17,9,0.65,0.9173803185016688
17,9,0.70,0.9599376109547555
17,9,0.75,0.963807934555351
17,9,0.80,0.9760168911939178
17,9,0.85,0.9691450133465699
17,9,0.90,0.9609182121309986
17,9,0.95,0.9829719104210382
18,0,0.05,0.9754402890486513
18,0,0.10,0.7991746190367632
18,0,0.15,0.9453659304187498
18,0,0.20,0.9455573299849792
18,0,0.25,0.90294675557743
18,0,0.30,0.9863300218092678
18,0,0.35,0.9515497026678096
18,0,0.40,0.9358276235045383
18,0,0.45,0.9625187856132207
18,0,0.50,0.9736422864740967
18,0,0.55,0.948191267948974
18,0,0.60,0.9710678773132808
18,0,0.65,0.9804186262291119
18,0,0.70,0.977316815926809
18,0,0.75,0.9758557960450341
18,0,0.80,0.9533442481428968
18,0,0.85,0.9656375969692548
18,0,0.90,0.9672924028096105
18,0,0.95,0.9537530379747131
18,1,0.05,0.6070903740093612
18,1,0.10,0.8891745031010567
18,1,0.15,0.9219405134155704
18,1,0.20,0.9563362520839375
18,1,0.25,0.8663784763611377
18,1,0.30,0.9599763413473266
18,1,0.35,0.9402136062686559
18,1,0.40,0.9493542936806328
18,1,0.45,0.9560854169545938
18,1,0.50,0.9340672053093357
18,1,0.55,0.9543742981563887
18,1,0.60,0.9544199876157349
18,1,0.65,0.9683800431476463
18,1,0.70,0.9772023275880934
18,1,0.75,0.9716465771327297
18,1,0.80,0.9722540571305683
18,1,0.85,0.9559086387756907
18,1,0.90,0.9672202556636358
18,1,0.95,0.9663236077914351
18,2,0.05,0.9672578891464266
18,2,0.10,0.9464385095864701
18,2,0.15,0.8832716435299659
18,2,0.20,0.9676667441165369
18,2,0.25,0.933900441033276
18,2,0.30,0.9268632782694349
18,2,0.35,0.9495895746179654
18,2,0.40,0.9334003417423191
18,2,0.45,0.9405570607507676
18,2,0.50,0.9776610015762871
18,2,0.55,0.9828584273147265
18,2,0.60,0.9770115501514363
18,2,0.65,0.9725874365911711
18,2,0.70,0.9681885037979281
18,2,0.75,0.977582623798703
18,2,0.80,0.9737096686155092
18,2,0.85,0.9755806088639271
18,2,0.90,0.9750528414843305
18,2,0.95,0.970526974926616
18,3,0.05,0.8786372632671319
18,3,0.10,0.8835343649104653
18,3,0.15,0.9303055348390878
18,3,0.20,0.9225639476684692
18,3,0.25,0.9076350719474023
18,3,0.30,0.9215720319468348
18,3,0.35,0.9332106815903084
18,3,0.40,0.9431244084418274
18,3,0.45,0.9802963649074636
18,3,0.50,0.9635386068166181
18,3,0.55,0.9522314158758701
18,3,0.60,0.9787671966070504
18,3,0.65,0.9714961387003753
18,3,0.70,0.9523443441767449
18,3,0.75,0.9671751025624719
18,3,0.80,0.9554980385275493
18,3,0.85,0.954716249685812
18,3,0.90,0.964636907936454
18,3,0.95,0.9679824276573092
18,4,0.05,-0.8454327673122788
18,4,0.10,0.9659512392006058
18,4,0.15,0.3061064166484959
18,4,0.20,0.9004927414150594
18,4,0.25,0.9251297667344798
18,4,0.30,0.9242409376396692
18,4,0.35,0.9678452549479228
18,4,0.40,0.9840338031358584
18,4,0.45,0.9779100705640782
18,4,0.50,0.9588255331759533
18,4,0.55,0.9759952514052075
18,4,0.60,0.9641371569723335
18,4,0.65,0.982442626567781
18,4,0.70,0.9638843791414914
18,4,0.75,0.955947264379239
18,4,0.80,0.9815197597953408
18,4,0.85,0.9808602019803285
18,4,0.90,0.9667822021770662
18,4,0.95,0.9495594637806297
18,5,0.05,0.9910895274058242
18,5,0.10,0.8708243709548259
18,5,0.15,0.8436769082688336
18,5,0.20,0.942437926018297
18,5,0.25,0.9595442960746751
18,5,0.30,0.8751106313795779
18,5,0.35,0.9553513519237571
18,5,0.40,0.9474372071723314
18,5,0.45,0.9428785498701949
18,5,0.50,0.9357644998003909
18,5,0.55,0.9444331170726838
18,5,0.60,0.9737979391245132
18,5,0.65,0.8887243328508807
18,5,0.70,0.9541197419066806
18,5,0.75,0.9632515441574077
18,5,0.80,0.9687339627867851
18,5,0.85,0.9625412731187225
18,5,0.90,0.9675197653466667
18,5,0.95,0.976132434780076
18,6,0.05,0.9651422027944866
18,6,0.10,0.751794060409248
18,6,0.15,0.9551919369403478
18,6,0.20,0.9635070825478207
18,6,0.25,0.9481189781377125
18,6,0.30,0.9559286917007248
18,6,0.35,0.9569041800056922
18,6,0.40,0.9622744853327463
18,6,0.45,0.9766317119446956
18,6,0.50,0.9784423437937363
18,6,0.55,0.9644158938861869
18,6,0.60,0.9468789180097256
18,6,0.65,0.9469269274776884
18,6,0.70,0.9737967484904586
18,6,0.75,0.9700333901401766
18,6,0.80,0.9853273210387565
18,6,0.85,0.9684989908743825
18,6,0.90,0.9759099674367203
18,6,0.95,0.9781985756252388
18,7,0.05,0.7486735567470046
18,7,0.10,0.979235612633434
18,7,0.15,0.9525980494122714
18,7,0.20,0.9048977544499573
18,7,0.25,0.9290032373456955
18,7,0.30,0.8627928149835439
18,7,0.35,0.9650252758871763
18,7,0.40,0.9598141243083275
18,7,0.45,0.943789043751592
18,7,0.50,0.9579295641326012
18,7,0.55,0.980045892546142
18,7,0.60,0.9443794755860245
18,7,0.65,0.9733527231570379
18,7,0.70,0.9779176817057799
18,7,0.75,0.986092199646889
18,7,0.80,0.9755782576575668
18,7,0.85,0.9617264167970224
18,7,0.90,0.9725174287557494
18,7,0.95,0.9793235045774852
18,8,0.05,0.9270847326564944
18,8,0.10,0.90810144493812
18,8,0.15,0.9305864954405915
18,8,0.20,0.920991540600345
18,8,0.25,0.9259498140269828
18,8,0.30,0.8360188611400179
18,8,0.35,0.9424840184817054
18,8,0.40,0.9613202937051223
18,8,0.45,0.9568740823807845
18,8,0.50,0.9354275399293901
18,8,0.55,0.9695738101226505
18,8,0.60,0.9752406817712242
18,8,0.65,0.9698413622323989
18,8,0.70,0.9752734879575714
18,8,0.75,0.9764151191108328
18,8,0.80,0.9867824464522483
18,8,0.85,0.9858985811198326
18,8,0.90,0.9831768425558702
18,8,0.95,0.9713442329353238
18,9,0.05,0.14959153703931316
18,9,0.10,0.968188696404942
18,9,0.15,0.9566667079100569
18,9,0.20,0.9202026891620729
18,9,0.25,0.9307009337673561
18,9,0.30,0.9571558759410483
18,9,0.35,0.9714084585261658
18,9,0.40,0.9626013531941418
18,9,0.45,0.9719315420284076
18,9,0.50,0.9585903616149691
18,9,0.55,0.9578835484145264
18,9,0.60,0.9665633157398755
18,9,0.65,0.9797711628163739
18,9,0.70,0.9576871990556267
18,9,0.75,0.9681874658180037
18,9,0.80,0.9831572440721159
18,9,0.85,0.9751791195269706
18,9,0.90,0.9849746841975928
18,9,0.95,0.9815623667412939
19,0,0.05,0.7541511649583841
19,0,0.10,0.5236349024860119
19,0,0.15,0.6653376790740777
19,0,0.20,0.9668678706552429
19,0,0.25,0.8514634445514481
19,0,0.30,0.9752655357239076
19,0,0.35,0.9869742043280966
19,0,0.40,0.9267018473884787
19,0,0.45,0.9501152130547307
19,0,0.50,0.9252764664015105
19,0,0.55,0.8710542042168514
19,0,0.60,0.9837322256879455
19,0,0.65,0.9703539797108313
19,0,0.70,0.9786412741581904
19,0,0.75,0.9726327067033047
19,0,0.80,0.9743522862826336
19,0,0.85,0.9663833765356422
19,0,0.90,0.9623997050433701
19,0,0.95,0.9764660626350736
19,1,0.05,0.9438621062250251
19,1,0.10,0.8837566499692575
19,1,0.15,0.9233516875136819
19,1,0.20,0.8640159038675059
19,1,0.25,0.874065644157008
19,1,0.30,0.9640607694260649
19,1,0.35,0.9694744415365057
19,1,0.40,0.970655222799331
19,1,0.45,0.9312961560722448
19,1,0.50,0.9300688738780795
19,1,0.55,0.9338804116278868
19,1,0.60,0.9560264920049757
19,1,0.65,0.9623243877359662
19,1,0.70,0.9703736933003714
19,1,0.75,0.9754453113764918
19,1,0.80,0.9795560600617139
19,1,0.85,0.9776243279976073
19,1,0.90,0.98200671631968
19,1,0.95,0.9746324478037073
19,2,0.05,0.8957138945524803
19,2,0.10,0.8328372691393281
19,2,0.15,0.8046130524717995
19,2,0.20,0.9226744762820526
19,2,0.25,0.9798527492394628
19,2,0.30,0.9546288519312234
19,2,0.35,0.9756486974553542
19,2,0.40,0.9785672733892966
19,2,0.45,0.9712231407662302
19,2,0.50,0.971644406184
19,2,0.55,0.9567710616796825
19,2,0.60,0.9748882868002209
19,2,0.65,0.9122893189713734
19,2,0.70,0.9803501193137056
19,2,0.75,0.9783513355593338
19,2,0.80,0.9755954852703812
19,2,0.85,0.9772449099631737
19,2,0.90,0.9850618408171115
19,2,0.95,0.9824758681029943
19,3,0.05,0.6160410817172957
19,3,0.10,0.7888186872790872
19,3,0.15,0.9584752539091752
19,3,0.20,0.9579941229430943
19,3,0.25,0.9396532252505405
19,3,0.30,0.9754212950561849
19,3,0.35,0.9594250387243769
19,3,0.40,0.9717199580552117
19,3,0.45,0.9620724437463878
19,3,0.50,0.9772037393498562
19,3,0.55,0.9758641378572732
19,3,0.60,0.9665969935499676
19,3,0.65,0.961155058554915
19,3,0.70,0.9766309072678164
19,3,0.75,0.9756057569129831
19,3,0.80,0.983957529733924
19,3,0.85,0.9678730637941099
19,3,0.90,0.972985374043353
19,3,0.95,0.9727884617648275
19,4,0.05,0.21450133602424204
19,4,0.10,0.7754878273467809
19,4,0.15,0.42713292389071467
19,4,0.20,0.9148105932274457
19,4,0.25,0.9368636358208287
19,4,0.30,0.9435582495207072
19,4,0.35,0.9617040263468806
19,4,0.40,0.9752576110827644
19,4,0.45,0.9363360538135606
19,4,0.50,0.9176978198752139
19,4,0.55,0.9600214764993233
19,4,0.60,0.9790154521624707
19,4,0.65,0.9698450544795402
19,4,0.70,0.9636841862188537
19,4,0.75,0.9563679729402117
19,4,0.80,0.972003634078248
19,4,0.85,0.9568360561477846
19,4,0.90,0.9698653661492482
19,4,0.95,0.9650195211687745
19,5,0.05,0.7532194205980708
19,5,0.10,0.9179256086499539
19,5,0.15,0.9241760710910645
19,5,0.20,0.9245622721201909
19,5,0.25,0.9561164529505349
19,5,0.30,0.9580923880611225
19,5,0.35,0.9633892503438523
19,5,0.40,0.976803169549704
19,5,0.45,0.9654587031427161
19,5,0.50,0.9665494465369435
19,5,0.55,0.9829513537018225
19,5,0.60,0.972881560682911
19,5,0.65,0.9722481831658216
19,5,0.70,0.9755549743844134
19,5,0.75,0.9651889259022035
19,5,0.80,0.9835899563820399
19,5,0.85,0.9710958373505235
19,5,0.90,0.9735652367538343
19,5,0.95,0.986790813544118
19,6,0.05,0.7870161768021541
19,6,0.10,0.5482850718515146
19,6,0.15,0.9652584535642764
19,6,0.20,0.9284382794640522
19,6,0.25,0.9262806288147134
19,6,0.30,0.9810907979442631
19,6,0.35,0.9665193476342521
19,6,0.40,0.9643050565936614
19,6,0.45,0.9786431973150647
19,6,0.50,0.9716698149716649
19,6,0.55,0.9639450283377217
19,6,0.60,0.9142681741759024
19,6,0.65,0.9620540239488582
19,6,0.70,0.976761017406941
19,6,0.75,0.9824085173076512
19,6,0.80,0.9852864755879436
19,6,0.85,0.9755825856384953
19,6,0.90,0.967541093141308
19,6,0.95,0.9549415261019513
19,7,0.05,0.4830637646292223
19,7,0.10,0.8316674281963125
19,7,0.15,0.8726360785178455
19,7,0.20,0.9826629249903107
19,7,0.25,0.9582674201111323
19,7,0.30,0.865011467857104
19,7,0.35,0.7480889459566036
19,7,0.40,0.963303756384401
19,7,0.45,0.9617929237475489
19,7,0.50,0.9790931522203725
19,7,0.55,0.9260190563885066
19,7,0.60,0.9572062017506546
19,7,0.65,0.9749085464130178
19,7,0.70,0.951707654045343
19,7,0.75,0.9698448422437373
19,7,0.80,0.9363459769966747
19,7,0.85,0.9706622315664082
19,7,0.90,0.9733980094577588
19,7,0.95,0.9793474949810723
19,8,0.05,0.6837818618746377
19,8,0.10,0.89402307441332
19,8,0.15,0.7024236070858121
19,8,0.20,0.9542145573590753
19,8,0.25,0.9497315537329553
19,8,0.30,0.9784260486563418
19,8,0.35,0.9671688439272986
19,8,0.40,0.9646829569883199
19,8,0.45,0.9684598610180157
19,8,0.50,0.9702124001182671
19,8,0.55,0.9771906433726412
19,8,0.60,0.9519307566663169
19,8,0.65,0.9471164603241718
19,8,0.70,0.9747758409640275
19,8,0.75,0.9764584374049463
19,8,0.80,0.9729924875682008
19,8,0.85,0.9706926610141658
19,8,0.90,0.9660359690603226
19,8,0.95,0.9693442324806434
19,9,0.05,0.9398516479923783
19,9,0.10,0.7205609759096965
19,9,0.15,0.8073607323413351
19,9,0.20,0.9112077315983184
19,9,0.25,0.9840180377430103
19,9,0.30,0.9502520972502629
19,9,0.35,0.9300768167250734
19,9,0.40,0.9567258089258337
19,9,0.45,0.9771331560869307
19,9,0.50,0.9771130135510983
19,9,0.55,0.9120364441160862
19,9,0.60,0.9754753441151703
19,9,0.65,0.9832755535495002
19,9,0.70,0.968683377657177
19,9,0.75,0.9666557856449941
19,9,0.80,0.9821916555983219
19,9,0.85,0.9781411337857852
19,9,0.90,0.9805710826004431
19,9,0.95,0.98471576877651
20,0,0.05,0.8433666924974961
20,0,0.10,0.968657516381098
20,0,0.15,0.9693857376930014
20,0,0.20,0.9384522017224741
20,0,0.25,0.9720313029228953
20,0,0.30,0.9636933153177268
20,0,0.35,0.9249501647822314
20,0,0.40,0.953629248118401
20,0,0.45,0.9617491523519761
20,0,0.50,0.9683864285828014
20,0,0.55,0.9673347667760049
20,0,0.60,0.9766918217930544
20,0,0.65,0.9323579267895618
20,0,0.70,0.968403452934973
20,0,0.75,0.9757584303104149
20,0,0.80,0.9708069905270409
20,0,0.85,0.981945160619038
20,0,0.90,0.9778390223048541
20,0,0.95,0.9706877793747709
20,1,0.05,0.9893881008237593
20,1,0.10,0.8219332378777848
20,1,0.15,0.9779474497808558
20,1,0.20,0.9471079664465386
20,1,0.25,0.9445582547989977
20,1,0.30,0.9522982897643012
20,1,0.35,0.9428455462968491
20,1,0.40,0.9711127615080483
20,1,0.45,0.9230693568078134
20,1,0.50,0.9425289024034099
20,1,0.55,0.9611734151716718
20,1,0.60,0.9591418735463734
20,1,0.65,0.9584214830913453
20,1,0.70,0.9684675597223261
20,1,0.75,0.9711916732747371
20,1,0.80,0.9781596686110191
20,1,0.85,0.9647891320766505
20,1,0.90,0.9691953003121354
20,1,0.95,0.9720026289237389
20,2,0.05,0.9442666651641848
20,2,0.10,0.726619027423467
20,2,0.15,0.8881303621153345
20,2,0.20,0.9689615241335007
20,2,0.25,0.9148256319180296
20,2,0.30,0.9547325937434025
20,2,0.35,0.944347011733136
20,2,0.40,0.9492800793234486
20,2,0.45,0.9678124247453103
20,2,0.50,0.9589543675153094
20,2,0.55,0.9532469965681291
20,2,0.60,0.9648063847171426
20,2,0.65,0.9642047844591797
20,2,0.70,0.9817176603337601
20,2,0.75,0.9841020983315467
20,2,0.80,0.9578145674586331
20,2,0.85,0.9867864576686138
20,2,0.90,0.974625110337687
20,2,0.95,0.9756848441524234
20,3,0.05,0.6481517854088064
20,3,0.10,0.6170612269215767
20,3,0.15,0.908501437702291
20,3,0.20,0.8481373206277292
20,3,0.25,0.9225946918590266
20,3,0.30,0.9604431092291558
20,3,0.35,0.9543369185766051
20,3,0.40,0.9732783455822945
20,3,0.45,0.9344857073418912
20,3,0.50,0.9676052260810135
20,3,0.55,0.9494241804462347
20,3,0.60,0.9727834250458222
20,3,0.65,0.9663085557971985
20,3,0.70,0.9388553129673798
20,3,0.75,0.9532564181137472
20,3,0.80,0.9467723748695003
20,3,0.85,0.9576329688892411
20,3,0.90,0.9414231263358405
20,3,0.95,0.9426287032851342
20,4,0.05,0.7628093383131329
20,4,0.10,0.729247898901656
20,4,0.15,0.575371300267437
20,4,0.20,0.9803239931458504
20,4,0.25,0.9678458947450643
20,4,0.30,0.9126168831603515
20,4,0.35,0.9576665011725372
20,4,0.40,0.9474614322564461
20,4,0.45,0.9754007318540724
20,4,0.50,0.9466235361086387
20,4,0.55,0.982176625955586
20,4,0.60,0.96362375307436
20,4,0.65,0.9798721490637551
20,4,0.70,0.9827213425566677
20,4,0.75,0.9595525760618093
20,4,0.80,0.9698352551057199
20,4,0.85,0.9669345735028105
20,4,0.90,0.9620824419109487
20,4,0.95,0.9698710526841201
20,5,0.05,0.8782933999773345
20,5,0.10,0.9427940121105629
20,5,0.15,0.9686626693138087
20,5,0.20,0.9508144452822713
20,5,0.25,0.9525395356072142
20,5,0.30,0.9658740846645333
20,5,0.35,0.9389336688805456
20,5,0.40,0.9689121875784852
20,5,0.45,0.9792229336717645
20,5,0.50,0.9642134608085163
20,5,0.55,0.8930539902823035
20,5,0.60,0.970695297807352
20,5,0.65,0.9455725762961422
20,5,0.70,0.9634134987271545
20,5,0.75,0.9702809716362435
20,5,0.80,0.9334017122718073
20,5,0.85,0.968318116526578
20,5,0.90,0.976632622787978
20,5,0.95,0.9678236118053882
20,6,0.05,0.9355263357011716
20,6,0.10,0.9119054081646841
20,6,0.15,0.9192895204834681
20,6,0.20,0.9608346884297638
20,6,0.25,0.9364383904802703
20,6,0.30,0.9365243315506678
20,6,0.35,0.9240911027771196
20,6,0.40,0.9542794133798951
20,6,0.45,0.941779130579847
20,6,0.50,0.9679663831645939
20,6,0.55,0.9713421991670439
20,6,0.60,0.966840702064349
20,6,0.65,0.9553048053801984
20,6,0.70,0.9827151847405509
20,6,0.75,0.9767340740448756
20,6,0.80,0.987866627653096
20,6,0.85,0.9836462965645184
20,6,0.90,0.9863834297486632
20,6,0.95,0.9823380251492088
20,7,0.05,0.027053468660936053
20,7,0.10,0.9103451606661503
20,7,0.15,0.8559759901997719
20,7,0.20,0.932093641078992
20,7,0.25,0.9310981020331528
20,7,0.30,0.8968557666803761
20,7,0.35,0.9702807683162342
20,7,0.40,0.9615170993492583
20,7,0.45,0.9639001580469414
20,7,0.50,0.9705464338793027
20,7,0.55,0.9735932441993906
20,7,0.60,0.9781389608345806
20,7,0.65,0.9607672887844744
20,7,0.70,0.9684180783019971
20,7,0.75,0.9705730389181806
20,7,0.80,0.9756427682544687
20,7,0.85,0.9876876842799757
20,7,0.90,0.9702216832929415
20,7,0.95,0.9815195907699763
20,8,0.05,0.14382406750691779
20,8,0.10,0.8156019637114276
20,8,0.15,0.897525594698669
20,8,0.20,0.9608494035563834
20,8,0.25,0.9536228235799036
20,8,0.30,0.955729695527255
20,8,0.35,0.9447187745995862
20,8,0.40,0.9433758283269128
20,8,0.45,0.9735299927626049
20,8,0.50,0.9323790337937764
20,8,0.55,0.971387767516911
20,8,0.60,0.9822785122281779
20,8,0.65,0.9654924017810217
20,8,0.70,0.9702620972796043
20,8,0.75,0.977721948307089
20,8,0.80,0.9742731804957535
20,8,0.85,0.9750371540679734
20,8,0.90,0.980159810162347
20,8,0.95,0.9809648690835351
20,9,0.05,-0.25372734367482264
20,9,0.10,0.9105435590862316
20,9,0.15,0.9784524115090182
20,9,0.20,0.9829989941174498
20,9,0.25,0.9532891770586991
20,9,0.30,0.9129898456171189
20,9,0.35,0.9341314618829796
20,9,0.40,0.9769517755771875
20,9,0.45,0.9661082213558302
20,9,0.50,0.9876211268260564
20,9,0.55,0.9714577658863006
20,9,0.60,0.9826106887777756
20,9,0.65,0.9710402848847032
20,9,0.70,0.9690098427290991
20,9,0.75,0.9691453447912375
20,9,0.80,0.9818332827158669
20,9,0.85,0.9630852992815429
20,9,0.90,0.9530762165420718
20,9,0.95,0.9786063388444803
21,0,0.05,0.4042316609081591
21,0,0.10,0.9099000709216
21,0,0.15,0.8364726603699696
21,0,0.20,0.9684593048055524
21,0,0.25,0.9653231313244544
21,0,0.30,0.9731154383572532
21,0,0.35,0.9583004388399139
21,0,0.40,0.9288346918883622
21,0,0.45,0.918884623662124
21,0,0.50,0.9655167467648218
21,0,0.55,0.9791266869329316
21,0,0.60,0.980098403890648
21,0,0.65,0.9806419765709535
21,0,0.70,0.9792432422384435
21,0,0.75,0.9842018772192708
21,0,0.80,0.9833398262909212
21,0,0.85,0.9629849873873161
21,0,0.90,0.9727387539757661
21,0,0.95,0.9793972581565689
21,1,0.05,0.5374623229843807
21,1,0.10,0.8244120701436816
21,1,0.15,0.7724227567751782
21,1,0.20,0.8221135146797497
21,1,0.25,0.7142715081927008
21,1,0.30,0.9250035312566961
21,1,0.35,0.9775515956407136
21,1,0.40,0.9653610583229248
21,1,0.45,0.9703182645873013
21,1,0.50,0.9790274481099442
21,1,0.55,0.9576024339005293
21,1,0.60,0.9557343711372945
21,1,0.65,0.971324163228985
21,1,0.70,0.987151255551074
21,1,0.75,0.9707308560249149
21,1,0.80,0.9579433119381511
21,1,0.85,0.9866987913686242
21,1,0.90,0.9629911568333515
21,1,0.95,0.9700434378309841
21,2,0.05,-0.39040146570678624
21,2,0.10,0.315323013881078
21,2,0.15,0.9011189312533685
21,2,0.20,0.8731644863553586
21,2,0.25,0.9335294137906103
21,2,0.30,0.8560745736894645
21,2,0.35,0.9372476687156949
21,2,0.40,0.9593668008996679
21,2,0.45,0.9735474222876127
21,2,0.50,0.9653445890236373
21,2,0.55,0.9775881306651922
21,2,0.60,0.9757717717792939
21,2,0.65,0.9698842753216617
21,2,0.70,0.9607533362635691
21,2,0.75,0.9637286373515132
21,2,0.80,0.9781542953296818
21,2,0.85,0.9749635814691843
21,2,0.90,0.9664133221283218
21,2,0.95,0.9772292883625938
21,3,0.05,-0.5714397763845109
21,3,0.10,0.747036275049594
21,3,0.15,0.6098417479657541
21,3,0.20,0.5458935285024726
21,3,0.25,0.9546420868957194
21,3,0.30,0.9290716637221764
21,3,0.35,0.9671486402634498
21,3,0.40,0.9228738137289613
21,3,0.45,0.968202415620324
21,3,0.50,0.9573265953926613
21,3,0.55,0.9726673151535528
21,3,0.60,0.9618386726937367
21,3,0.65,0.9700987698717756
21,3,0.70,0.9685176147929684
21,3,0.75,0.9781899445025455
21,3,0.80,0.9753583004412458
21,3,0.85,0.9714298488921287
21,3,0.90,0.9773480153974342
21,3,0.95,0.9754236990496702
21,4,0.05,0.14494866558883412
21,4,0.10,0.9489224300146984
21,4,0.15,0.9304830848169166
21,4,0.20,0.8787756123433641
21,4,0.25,0.9273464786040594
21,4,0.30,0.9283158152080563
21,4,0.35,0.9748733365069435
21,4,0.40,0.9625147271925474
21,4,0.45,0.9606450364308987
21,4,0.50,0.9754252315705841
21,4,0.55,0.963389037158615
21,4,0.60,0.9732337224540905
21,4,0.65,0.9783268340480464
21,4,0.70,0.9821500933720578
21,4,0.75,0.9783946134067595
21,4,0.80,0.9798146705605252
21,4,0.85,0.9848872328032434
21,4,0.90,0.9877151322609118
21,4,0.95,0.9839251364506498
21,5,0.05,0.11432798346485673
21,5,0.10,0.7474185215061891
21,5,0.15,0.9621642826949306
21,5,0.20,0.8306315276248193
21,5,0.25,0.9771799202621788
21,5,0.30,0.9732800908918897
21,5,0.35,0.9712739272867866
21,5,0.40,0.9445154020507113
21,5,0.45,0.9913148028905225
21,5,0.50,0.980335078370583
21,5,0.55,0.9790955798334862
21,5,0.60,0.9796445626017994
21,5,0.65,0.9762022590792602
21,5,0.70,0.986991817846445
21,5,0.75,0.9646735177544931
21,5,0.80,0.9795640275847689
21,5,0.85,0.9798977109067898
21,5,0.90,0.9788958665861409
21,5,0.95,0.9752482431706495
21,6,0.05,0.5411714254644737
21,6,0.10,0.6293604164999427
21,6,0.15,0.8824585348286317
21,6,0.20,0.7897282320363118
21,6,0.25,0.9298227809302515
21,6,0.30,0.9696974880589078
21,6,0.35,0.96650930931652
21,6,0.40,0.9037700446996652
21,6,0.45,0.959031809644897
21,6,0.50,0.9750998672965772
21,6,0.55,0.9609800639189499
21,6,0.60,0.956690991381274
21,6,0.65,0.9582181239000518
21,6,0.70,0.9567588129533524
21,6,0.75,0.9797724139484036
21,6,0.80,0.9564135205784853
21,6,0.85,0.9791169161491096
21,6,0.90,0.9562664136192686
21,6,0.95,0.9614525508839898
21,7,0.05,0.3111410881528316
21,7,0.10,0.8296902331524967
21,7,0.15,0.7855567015103667
21,7,0.20,0.9292204341938539
21,7,0.25,0.8374658884429413
21,7,0.30,0.9443819260083103
21,7,0.35,0.9224061705826246
21,7,0.40,0.9712957278199387
21,7,0.45,0.9598640233696172
21,7,0.50,0.9506399687620772
21,7,0.55,0.9663739694979036
21,7,0.60,0.9788661360793732
21,7,0.65,0.9543682448766331
21,7,0.70,0.9713535460975508
21,7,0.75,0.9704915121023956
21,7,0.80,0.9646828129398126
21,7,0.85,0.9714640547941576
21,7,0.90,0.9792389158477942
21,7,0.95,0.9860326434078641
21,8,0.05,0.011173993517137548
21,8,0.10,0.41555897611931947
21,8,0.15,0.7552316789337338
21,8,0.20,0.90903322929577
21,8,0.25,0.9628033693898158
21,8,0.30,0.8590099762822457
21,8,0.35,0.9645143939080315
21,8,0.40,0.9250043991399333
21,8,0.45,0.9306069007780265
21,8,0.50,0.9688267674345107
21,8,0.55,0.9665210984584779
21,8,0.60,0.9635445455959414
21,8,0.65,0.9751642498051339
21,8,0.70,0.9750347597940445
21,8,0.75,0.9773618683293138
21,8,0.80,0.9802669116565847
21,8,0.85,0.9845932197865833
21,8,0.90,0.9812012508938366
21,8,0.95,0.967354184147933
21,9,0.05,-0.01345001390133227
21,9,0.10,0.8836850613678578
21,9,0.15,0.7931952308248161
21,9,0.20,0.8066868572425429
21,9,0.25,0.9697086256333578
21,9,0.30,0.8797501141355933
21,9,0.35,0.9506989539116175
21,9,0.40,0.9665319054280556
21,9,0.45,0.9712012638484523
21,9,0.50,0.9481559730146868
21,9,0.55,0.931715024945159
21,9,0.60,0.9754435767190943
21,9,0.65,0.9659461730575205
21,9,0.70,0.980325381477657
21,9,0.75,0.9712867288225107
21,9,0.80,0.9771788110742964
21,9,0.85,0.9779166456738914
21,9,0.90,0.9698662477731108
21,9,0.95,0.978715982574944
22,0,0.05,0.7317373060658788
22,0,0.10,0.936268324713933
22,0,0.15,0.9584026209577241
22,0,0.20,0.9512489892559538
22,0,0.25,0.9394643482561926
22,0,0.30,0.9099702877727762
22,0,0.35,0.9579803690637462
22,0,0.40,0.9192280492703274
22,0,0.45,0.9483248952270684
22,0,0.50,0.9546395945608774
22,0,0.55,0.9241186234309664
22,0,0.60,0.9289606725660573
22,0,0.65,0.9869223102290996
22,0,0.70,0.9744988072219309
22,0,0.75,0.9761864078988163
22,0,0.80,0.9796977192240731
22,0,0.85,0.9797257329588318
22,0,0.90,0.9891882028465233
22,0,0.95,0.9761620723393896
22,1,0.05,0.44770939014315014
22,1,0.10,0.6809140066119542
22,1,0.15,0.936186995796116
22,1,0.20,0.9616691313329891
22,1,0.25,0.9279089268297843
22,1,0.30,0.9381767009356579
22,1,0.35,0.892879933894676
22,1,0.40,0.9618458182025056
22,1,0.45,0.9077340748023701
22,1,0.50,0.9279939537513834
22,1,0.55,0.931689431708163
22,1,0.60,0.9635024219156073
22,1,0.65,0.9505746862028631
22,1,0.70,0.9730585140425642
22,1,0.75,0.9779837589293954
22,1,0.80,0.9740851161198981
22,1,0.85,0.9787932168818687
22,1,0.90,0.9798390638834639
22,1,0.95,0.9702612403535753
22,2,0.05,0.3174452546579388
22,2,0.10,0.724880445367234
22,2,0.15,0.8880110506248828
22,2,0.20,0.8381519310023955
22,2,0.25,0.9125694856804656
22,2,0.30,0.9664565557309298
22,2,0.35,0.895172615849767
22,2,0.40,0.9724172696864732
22,2,0.45,0.9651504640341981
22,2,0.50,0.918479683158363
22,2,0.55,0.9725916886522368
22,2,0.60,0.9761754208649717
22,2,0.65,0.9589136298446483
22,2,0.70,0.9741979666865176
22,2,0.75,0.9705087224536879
22,2,0.80,0.9793646740515013
22,2,0.85,0.9696955035817183
22,2,0.90,0.980589518781112
22,2,0.95,0.982102114667942
22,3,0.05,0.3670602822523481
22,3,0.10,0.8747964152406744
22,3,0.15,0.8496800621145107
22,3,0.20,0.7441417973871198
22,3,0.25,0.26738737201155405
22,3,0.30,0.9529167901377603
22,3,0.35,0.9136517193989614
22,3,0.40,0.9520783488758557
22,3,0.45,0.9548397792946736
22,3,0.50,0.9708214063770737
22,3,0.55,0.9105868934656051
22,3,0.60,0.9596107622049549
22,3,0.65,0.9581044223604108
22,3,0.70,0.9801779054618512
22,3,0.75,0.9680969377456043
22,3,0.80,0.973650934070731
22,3,0.85,0.9819136212714293
22,3,0.90,0.9658212193755639
22,3,0.95,0.9335773216751736
22,4,0.05,0.3704645346221147
22,4,0.10,0.932353758945515
22,4,0.15,0.9332475399552299
22,4,0.20,0.9629909289556693
22,4,0.25,0.9224271634750727
22,4,0.30,0.9511083582036841
22,4,0.35,0.962553228119938
22,4,0.40,0.9630051817547945
22,4,0.45,0.9661526750273695
22,4,0.50,0.8749123689788063
22,4,0.55,0.9861199055728433
22,4,0.60,0.9841001680544571
22,4,0.65,0.967979114829092
22,4,0.70,0.9572374986652856
22,4,0.75,0.9723557906759672
22,4,0.80,0.9624640901001504
22,4,0.85,0.9691775441332375
22,4,0.90,0.9853872199255846
22,4,0.95,0.9766290778395569
22,5,0.05,-3.8410817444393706
22,5,0.10,0.4312141267430132
22,5,0.15,0.7451733301478041
22,5,0.20,0.9316314441791781
22,5,0.25,0.6808919336885424
22,5,0.30,0.9563731178010224
22,5,0.35,0.9546428842164337
22,5,0.40,0.9656450376521272
22,5,0.45,0.9650715706889383
22,5,0.50,0.9765597060718251
22,5,0.55,0.9694743075252449
22,5,0.60,0.9324529231304712
22,5,0.65,0.9765671696924637
22,5,0.70,0.9707034346229965
22,5,0.75,0.9691085480307287
22,5,0.80,0.9640528018000968
22,5,0.85,0.9819064919066454
22,5,0.90,0.9796742761072126
22,5,0.95,0.969807844603644
22,6,0.05,0.9612741985438925
22,6,0.10,0.5961264452054504
22,6,0.15,0.958564899121687
22,6,0.20,0.9273547203376358
22,6,0.25,0.9301182197598021
22,6,0.30,0.9502047965715863
22,6,0.35,0.9606537581870689
22,6,0.40,0.9690371166950931
22,6,0.45,0.961646374863004
22,6,0.50,0.9589725037813689
22,6,0.55,0.9561022593618607
22,6,0.60,0.9623937212744016
22,6,0.65,0.9835348372177282
22,6,0.70,0.989556480748524
22,6,0.75,0.9810932384053911
22,6,0.80,0.9820121937357642
22,6,0.85,0.9580828413160044
22,6,0.90,0.984699062624776
22,6,0.95,0.9818822334208519
22,7,0.05,0.3076915454721284
22,7,0.10,0.9145212022944614
22,7,0.15,0.9578450401946571
22,7,0.20,0.9040215522425591
22,7,0.25,0.453059965252134
22,7,0.30,0.848780681654822
22,7,0.35,0.8970066937253942
22,7,0.40,0.9813286016712502
22,7,0.45,0.9139634528243255
22,7,0.50,0.9697163635908626
22,7,0.55,0.9645954196406012
22,7,0.60,0.9557481142250781
22,7,0.65,0.9602745735577995
22,7,0.70,0.9663918786014337
22,7,0.75,0.9310148117388543
22,7,0.80,0.9545488386499494
22,7,0.85,0.957557860366839
22,7,0.90,0.9793321967358084
22,7,0.95,0.9744417389501042
22,8,0.05,0.7036260585432278
22,8,0.10,0.7437578473378841
22,8,0.15,0.7239787430146494
22,8,0.20,0.6822990028910121
22,8,0.25,0.8996107500812816
22,8,0.30,0.9627868006920673
22,8,0.35,0.9668381643806138
22,8,0.40,0.9668829158148251
22,8,0.45,0.9831922228460291
22,8,0.50,0.9616979886320842
22,8,0.55,0.9779085467950052
22,8,0.60,0.9464470126368595
22,8,0.65,0.9689715892368954
22,8,0.70,0.9876079595907805
22,8,0.75,0.9861697324161339
22,8,0.80,0.9890326503609175
22,8,0.85,0.9853342953475941
22,8,0.90,0.9897447070437273
22,8,0.95,0.9901658758762756
22,9,0.05,0.2430583426206998
22,9,0.10,0.8333677507033839
22,9,0.15,0.8336903884037246
22,9,0.20,0.7040371949883621
22,9,0.25,0.6555117778612658
22,9,0.30,0.9356548825400943
22,9,0.35,0.8761000512893995
22,9,0.40,0.8306505497316594
22,9,0.45,0.834792589257874
22,9,0.50,0.958119761077058
22,9,0.55,0.9412426317950668
22,9,0.60,0.9494153446232926
22,9,0.65,0.94752442607163
22,9,0.70,0.9323416551015629
22,9,0.75,0.9809159140881656
22,9,0.80,0.983179180435797
22,9,0.85,0.9803501841467344
22,9,0.90,0.9843267781261797
22,9,0.95,0.9765059234261165
23,0,0.05,0.42753174988947806
23,0,0.10,0.8991768466180314
23,0,0.15,0.8942367353574963
23,0,0.20,0.950259210914688
23,0,0.25,0.9703058676939672
23,0,0.30,0.973450290271934
23,0,0.35,0.9691041154463544
23,0,0.40,0.9592636732761176
23,0,0.45,0.9765956069504729
23,0,0.50,0.9811277659284036
23,0,0.55,0.9754986879120654
23,0,0.60,0.9659508761074507
23,0,0.65,0.9830727430326833
23,0,0.70,0.9737618892686254
23,0,0.75,0.9815543338519832
23,0,0.80,0.9796291562506793
23,0,0.85,0.9758812536892782
23,0,0.90,0.9717366943872334
23,0,0.95,0.9656247778983871
23,1,0.05,0.8533025471025881
23,1,0.10,0.9583714214399494
23,1,0.15,0.9334821814693676
23,1,0.20,0.9265142543601048
23,1,0.25,0.9486286792878986
23,1,0.30,0.7899415245836743
23,1,0.35,0.9880851841320077
23,1,0.40,0.9796836767190353
23,1,0.45,0.9563087001002606
23,1,0.50,0.9822385011987979
23,1,0.55,0.9804046157768035
23,1,0.60,0.9798980973931528
23,1,0.65,0.9763215305884216
23,1,0.70,0.9727068412827385
23,1,0.75,0.9788690388683763
23,1,0.80,0.9783899721773667
23,1,0.85,0.9668671347315074
23,1,0.90,0.981327625065812
23,1,0.95,0.9680098690022653
23,2,0.05,0.7889061836831277
23,2,0.10,0.8913863840237359
23,2,0.15,0.8680624633032948
23,2,0.20,0.9643145392216784
23,2,0.25,0.898650043647905
23,2,0.30,0.9598816720183158
23,2,0.35,0.9698630014147888
23,2,0.40,0.9547259918479319
23,2,0.45,0.9683593480005553
23,2,0.50,0.9786967704362918
23,2,0.55,0.9657394270735178
23,2,0.60,0.9642371879640937
23,2,0.65,0.970424349445072
23,2,0.70,0.9679207463361704
23,2,0.75,0.9810846499457566
23,2,0.80,0.9725872683952231
23,2,0.85,0.9707744526766484
23,2,0.90,0.9749220251438927
23,2,0.95,0.9685420317150288
23,3,0.05,0.7621678405833155
23,3,0.10,0.9216283388279043
23,3,0.15,0.9080945216210667
23,3,0.20,0.8384167802697483
23,3,0.25,0.9015468504688197
23,3,0.30,0.878473362987372
23,3,0.35,0.9255546862468189
23,3,0.40,0.9856769128204586
23,3,0.45,0.9778853135798723
23,3,0.50,0.9742162411255321
23,3,0.55,0.9819569563621574
23,3,0.60,0.960632909387189
23,3,0.65,0.9748082869717467
23,3,0.70,0.9739697747234183
23,3,0.75,0.9745174129500767
23,3,0.80,0.98398114364258
23,3,0.85,0.969210262309351
23,3,0.90,0.9854306706303554
23,3,0.95,0.9826304921785494
23,4,0.05,0.8974884043766964
23,4,0.10,0.915845231308729
23,4,0.15,0.8467503072866757
23,4,0.20,0.9676243537319912
23,4,0.25,0.9704727950605553
23,4,0.30,0.9716611416556427
23,4,0.35,0.9565857959896376
23,4,0.40,0.9209377702432746
23,4,0.45,0.9492962834954038
23,4,0.50,0.9501872756345385
23,4,0.55,0.9888422451259349
23,4,0.60,0.9511603794443017
23,4,0.65,0.9636516395574443
23,4,0.70,0.9731753991618581
23,4,0.75,0.9771753869037743
23,4,0.80,0.9698483346928473
23,4,0.85,0.9819026853089818
23,4,0.90,0.9791885932878831
23,4,0.95,0.9766476586418302
23,5,0.05,0.36583204311319406
23,5,0.10,0.9669613316917383
23,5,0.15,0.9478160213911502
23,5,0.20,0.958361338596646
23,5,0.25,0.9671198222653535
23,5,0.30,0.9647861417802098
23,5,0.35,0.9852598033185823
23,5,0.40,0.97290812371483
23,5,0.45,0.9704987229238976
23,5,0.50,0.9706005189151802
23,5,0.55,0.9724648979118713
23,5,0.60,0.9721168093254674
23,5,0.65,0.9801239427177274
23,5,0.70,0.9762902627443042
23,5,0.75,0.9737672376028246
23,5,0.80,0.9695997836885677
23,5,0.85,0.9757444476553387
23,5,0.90,0.9667666571936648
23,5,0.95,0.9486663200015687
23,6,0.05,0.9585791824564512
23,6,0.10,0.9320287862081464
23,6,0.15,0.9569194591178689
23,6,0.20,0.9025292246339676
23,6,0.25,0.9863483199474656
23,6,0.30,0.9231653488976743
23,6,0.35,0.9194449126984049
23,6,0.40,0.9649962282114398
23,6,0.45,0.9592953156153852
23,6,0.50,0.9681989845795661
23,6,0.55,0.9813838012324831
23,6,0.60,0.96775955771337
23,6,0.65,0.9713076610304482
23,6,0.70,0.9696772677192145
23,6,0.75,0.9734825536262913
23,6,0.80,0.9703147677874027
23,6,0.85,0.9626993854090818
23,6,0.90,0.9745155166846607
23,6,0.95,0.97525180771061
23,7,0.05,0.12079593467071581
23,7,0.10,0.7954751168428897
23,7,0.15,0.8848487990771728
23,7,0.20,0.7116330281403134
23,7,0.25,0.9788129810885524
23,7,0.30,0.8475083251122344
23,7,0.35,0.912902456696713
23,7,0.40,0.9610989387716231
23,7,0.45,0.9424779477315118
23,7,0.50,0.992459835161999
23,7,0.55,0.9876754973230568
23,7,0.60,0.9833453132389199
23,7,0.65,0.9704079729882065
23,7,0.70,0.9812280728304417
23,7,0.75,0.9737765355382882
23,7,0.80,0.984993018061188
23,7,0.85,0.9834061804597775
23,7,0.90,0.9713841199920733
23,7,0.95,0.9678906727413249
23,8,0.05,0.8554723542867323
23,8,0.10,0.8071490280276821
23,8,0.15,0.809696078454923
23,8,0.20,0.8963418681571385
23,8,0.25,0.906333535072424
23,8,0.30,0.8139218126007551
23,8,0.35,0.8845673993726557
23,8,0.40,0.9497381588266234
23,8,0.45,0.9602365336219446
23,8,0.50,0.9556099070683141
23,8,0.55,0.9604882979527511
23,8,0.60,0.984630110242764
23,8,0.65,0.9502532859856029
23,8,0.70,0.9560389476075506
23,8,0.75,0.9394262920051981
23,8,0.80,0.94798296022311
23,8,0.85,0.9592297230699741
23,8,0.90,0.9793816319108665
23,8,0.95,0.9573946018551245
23,9,0.05,0.8818158875077935
23,9,0.10,0.8914131627365076
23,9,0.15,0.9520053066970929
23,9,0.20,0.9104400946051936
23,9,0.25,0.9306872017045354
23,9,0.30,0.9448440372366387
23,9,0.35,0.8957345504660983
23,9,0.40,0.8995901104079997
23,9,0.45,0.9697353097585509
23,9,0.50,0.9853980347723866
23,9,0.55,0.9734167529854585
23,9,0.60,0.9663484467061454
23,9,0.65,0.9768967618160164
23,9,0.70,0.9803589429572666
23,9,0.75,0.9914240526921883
23,9,0.80,0.9821342967251161
23,9,0.85,0.9728466238433177
23,9,0.90,0.986404225076889
23,9,0.95,0.9840291255735363
24,0,0.05,0.4656609157955759
24,0,0.10,0.7468793983678965
24,0,0.15,0.8757695283999991
24,0,0.20,0.8648859697219863
24,0,0.25,0.8866365679431489
24,0,0.30,0.9252232723676733
24,0,0.35,0.8820921596529614
24,0,0.40,0.9580207229422019
24,0,0.45,0.9400105019163735
24,0,0.50,0.9675977559708361
24,0,0.55,0.9595330743357962
24,0,0.60,0.9564716174562
24,0,0.65,0.9753254852748675
24,0,0.70,0.9635755751239227
24,0,0.75,0.9606155983112177
24,0,0.80,0.9791434824385368
24,0,0.85,0.9630725845475111
24,0,0.90,0.969952465077006
24,0,0.95,0.9826097419658013
24,1,0.05,0.7087807874441314
24,1,0.10,0.8529479456465253
24,1,0.15,0.9045769203151208
24,1,0.20,0.6176099673556452
24,1,0.25,0.8841511949310381
24,1,0.30,0.9713085906305546
24,1,0.35,0.9372696481243088
24,1,0.40,0.963763063507463
24,1,0.45,0.965215238868593
24,1,0.50,0.9494638608447002
24,1,0.55,0.953796168584159
24,1,0.60,0.9609468716014988
24,1,0.65,0.9814312832473315
24,1,0.70,0.9738970530483944
24,1,0.75,0.968396864365474
24,1,0.80,0.9741645102107308
24,1,0.85,0.9809182114288391
24,1,0.90,0.9746354119524716
24,1,0.95,0.9839707799731542
24,2,0.05,0.7113398999611775
24,2,0.10,0.9589176907091294
24,2,0.15,0.8684112662661725
24,2,0.20,0.9465918453594059
24,2,0.25,0.6356987519647102
24,2,0.30,0.9433674721391806
24,2,0.35,0.6117489353664061
24,2,0.40,0.9113318722415978
24,2,0.45,0.9619016993038745
24,2,0.50,0.9707569969417443
24,2,0.55,0.9775571364437768
24,2,0.60,0.9777823469403275
24,2,0.65,0.9848744329536715
24,2,0.70,0.928798921912206
24,2,0.75,0.969208273281505
24,2,0.80,0.974993064267207
24,2,0.85,0.976193630554008
24,2,0.90,0.9752769696729797
24,2,0.95,0.9827091636596577
24,3,0.05,-0.16170890837316398
24,3,0.10,0.8670002041849613
24,3,0.15,0.4683916928294062
24,3,0.20,0.5805889587229558
24,3,0.25,0.8130602697795881
24,3,0.30,0.9078874855617046
24,3,0.35,0.8255416177089715
24,3,0.40,0.9734811061418769
24,3,0.45,0.9651072273896789
24,3,0.50,0.9808584438322349
24,3,0.55,0.9830160210923702
24,3,0.60,0.9697895456940789
24,3,0.65,0.9323343005426052
24,3,0.70,0.9851278707426895
24,3,0.75,0.9651268145981606
24,3,0.80,0.9583578138350378
24,3,0.85,0.9776860965114774
24,3,0.90,0.9689786126016581
24,3,0.95,0.9731310270596746
24,4,0.05,0.9590489987824085
24,4,0.10,0.9062499781237
24,4,0.15,0.7498606435273814
24,4,0.20,0.8056426562906112
24,4,0.25,0.8128167580191029
24,4,0.30,0.9179977397905853
24,4,0.35,0.8716006284321755
24,4,0.40,0.9327843099003554
24,4,0.45,0.9742971445600896
24,4,0.50,0.9562703159830873
24,4,0.55,0.9423295002014498
24,4,0.60,0.9445919561810332
24,4,0.65,0.944701956164796
24,4,0.70,0.9737306372824289
24,4,0.75,0.9802174374578639
24,4,0.80,0.9662504397904637
24,4,0.85,0.966356962850279
24,4,0.90,0.9668091743972831
24,4,0.95,0.9727450571548053
24,5,0.05,0.6715927492513315
24,5,0.10,0.8830696440578805
24,5,0.15,0.8295540485385289
24,5,0.20,0.8972180495552597
24,5,0.25,0.8561921557348063
24,5,0.30,0.8721156423176325
24,5,0.35,0.9743963314101278
24,5,0.40,0.9753280360113747
24,5,0.45,0.9856190230328185
24,5,0.50,0.9667253377854492
24,5,0.55,0.9674832064308742
24,5,0.60,0.9760796310168004
24,5,0.65,0.9779416492184144
24,5,0.70,0.9739701780530561
24,5,0.75,0.9755605167935054
24,5,0.80,0.9694292179853518
24,5,0.85,0.9737147780792148
24,5,0.90,0.9833059345429288
24,5,0.95,0.979800949281848
24,6,0.05,0.9747599432227703
24,6,0.10,0.6696874735022286
24,6,0.15,0.7971658548460002
24,6,0.20,0.6953917245650565
24,6,0.25,0.8714998051611058
24,6,0.30,0.8254186272155759
24,6,0.35,0.9225034109793384
24,6,0.40,0.9507446251162702
24,6,0.45,0.9363142767761269
24,6,0.50,0.9591765390351008
24,6,0.55,0.9673291806755091
24,6,0.60,0.9502823615219279
24,6,0.65,0.9764597044609068
24,6,0.70,0.9851456113080032
24,6,0.75,0.9734572985396245
24,6,0.80,0.9699983170863611
24,6,0.85,0.9460198698986453
24,6,0.90,0.9611542589599122
24,6,0.95,0.9762292893362219
24,7,0.05,0.5743780987202093
24,7,0.10,0.561134163323886
24,7,0.15,0.4925512487263568
24,7,0.20,0.4167761891084084
24,7,0.25,0.5298817976318773
24,7,0.30,0.8910225855475546
24,7,0.35,0.7900244551530275
24,7,0.40,0.9524540962249053
24,7,0.45,0.8318406793421507
24,7,0.50,0.9771618906595808
24,7,0.55,0.967957697226645
24,7,0.60,0.9814568263862492
24,7,0.65,0.9912859015786616
24,7,0.70,0.973584097782574
24,7,0.75,0.9772170373785484
24,7,0.80,0.9828495790603237
24,7,0.85,0.9825245111050561
24,7,0.90,0.9791936061392423
24,7,0.95,0.9833876238430197
24,8,0.05,0.7865121837191118
24,8,0.10,0.3365356613496011
24,8,0.15,0.9390697257486798
24,8,0.20,0.9435839296286734
24,8,0.25,0.8713765092742024
24,8,0.30,0.9534378212541309
24,8,0.35,0.8606119829567813
24,8,0.40,0.9559220829131976
24,8,0.45,0.9472822740548416
24,8,0.50,0.9747200595400443
24,8,0.55,0.9663942289733767
24,8,0.60,0.936984111253616
24,8,0.65,0.9846264258696401
24,8,0.70,0.9851799810396005
24,8,0.75,0.9773934608955259
24,8,0.80,0.9707387714153487
24,8,0.85,0.9755421463721984
24,8,0.90,0.9826094821584621
24,8,0.95,0.9868036464089056
24,9,0.05,0.9468308258396855
24,9,0.10,0.7276943122022284
24,9,0.15,0.9116204544785967
24,9,0.20,0.9055939314091328
24,9,0.25,0.9673482156727395
24,9,0.30,0.9669744530916221
24,9,0.35,0.9165057564145496
24,9,0.40,0.9207911673500819
24,9,0.45,0.9398722983150298
24,9,0.50,0.9544956668385188
24,9,0.55,0.9170539252448853
24,9,0.60,0.9398542934216421
24,9,0.65,0.9777851449047309
24,9,0.70,0.9755659715589926
24,9,0.75,0.971305334352183
24,9,0.80,0.9777787600514312
24,9,0.85,0.9760654007790139
24,9,0.90,0.9751482676634523
24,9,0.95,0.9811576729034828
25,0,0.05,0.8986499775595223
25,0,0.10,0.4027657580313666
25,0,0.15,0.8450410542847011
25,0,0.20,0.5506001689315401
25,0,0.25,0.7970804921772183
25,0,0.30,0.805787048487121
25,0,0.35,0.9667979261448744
25,0,0.40,0.945115214889172
25,0,0.45,0.8993498689736629
25,0,0.50,0.9709086475058049
25,0,0.55,0.959285064900607
25,0,0.60,0.9778728710190897
25,0,0.65,0.9665669601641824
25,0,0.70,0.9821761655850505
25,0,0.75,0.9786619608985548
25,0,0.80,0.9706696650914979
25,0,0.85,0.9708459298747277
25,0,0.90,0.9687848787252589
25,0,0.95,0.9706044975190687
25,1,0.05,0.7375762845518236
25,1,0.10,0.5576075053732055
25,1,0.15,0.7334845693279182
25,1,0.20,0.949519019622678
25,1,0.25,0.8472026761260747
25,1,0.30,0.9832942983143151
25,1,0.35,0.9530220048585576
25,1,0.40,0.9311404576411255
25,1,0.45,0.9499009154584707
25,1,0.50,0.9304326087734297
25,1,0.55,0.9800183176654637
25,1,0.60,0.9800704922369251
25,1,0.65,0.9788020612706666
25,1,0.70,0.9831958106685678
25,1,0.75,0.9725327099169414
25,1,0.80,0.9812753103237183
25,1,0.85,0.9822494845128212
25,1,0.90,0.9861531996344076
25,1,0.95,0.96413299379005
25,2,0.05,0.6857684467654682
25,2,0.10,0.4038718047647859
25,2,0.15,0.9152813522623755
25,2,0.20,0.8172041241003609
25,2,0.25,0.7998327348542481
25,2,0.30,0.9545165003186874
25,2,0.35,0.8469366649260787
25,2,0.40,0.9650282811516219
25,2,0.45,0.958019657525267
25,2,0.50,0.9781146474884891
25,2,0.55,0.9782951560576106
25,2,0.60,0.9848055858630256
25,2,0.65,0.9711793800291544
25,2,0.70,0.9689476918871297
25,2,0.75,0.9715128724660266
25,2,0.80,0.9769854850383558
25,2,0.85,0.9765804731226073
25,2,0.90,0.977034429788765
25,2,0.95,0.9658508262966476
25,3,0.05,0.779510449148417
25,3,0.10,-4.775239561443357
25,3,0.15,0.9157572970585633
25,3,0.20,0.898641099688486
25,3,0.25,0.8679096647484577
25,3,0.30,0.8970481804493489
25,3,0.35,0.9429824040051414
25,3,0.40,0.9867737895824543
25,3,0.45,0.9471158457568242
25,3,0.50,0.9604496979754118
25,3,0.55,0.9738282492096567
25,3,0.60,0.9620189790325524
25,3,0.65,0.9748091858258687
25,3,0.70,0.9720946855434816
25,3,0.75,0.9806088216687178
25,3,0.80,0.9854481955226222
25,3,0.85,0.9624886864186291
25,3,0.90,0.975086967891475
25,3,0.95,0.9801183262082884
25,4,0.05,-4.586191979799461
25,4,0.10,0.6441540633978323
25,4,0.15,0.7119662656261265
25,4,0.20,0.7322298150314339
25,4,0.25,0.8250092156885582
25,4,0.30,0.9420221625756866
25,4,0.35,0.895447155146959
25,4,0.40,0.8970993126916063
25,4,0.45,0.9248647052786351
25,4,0.50,0.9739820909529568
25,4,0.55,0.9654543207339253
25,4,0.60,0.9333298669068605
25,4,0.65,0.9786414788393868
25,4,0.70,0.9735805131306978
25,4,0.75,0.9744461192759838
25,4,0.80,0.9641648031362224
25,4,0.85,0.963580970265068
25,4,0.90,0.9666612283595368
25,4,0.95,0.9688602792246632
25,5,0.05,0.7806275651263296
25,5,0.10,0.7267512248123225
25,5,0.15,0.9179039788865925
25,5,0.20,0.9113848241643785
25,5,0.25,0.9277505502876644
25,5,0.30,0.954517933829899
25,5,0.35,0.9600390486803323
25,5,0.40,0.9821836749630755
25,5,0.45,0.9756329694519242
25,5,0.50,0.9740484240474977
25,5,0.55,0.9811534925641103
25,5,0.60,0.9734638294032731
25,5,0.65,0.9805671901763885
25,5,0.70,0.9733492854826935
25,5,0.75,0.9694830175294439
25,5,0.80,0.9804722440847767
25,5,0.85,0.9698758111015379
25,5,0.90,0.9820609238757338
25,5,0.95,0.9729807306776863
25,6,0.05,0.9271129557147144
25,6,0.10,0.45857035657537437
25,6,0.15,0.9351888618595741
25,6,0.20,0.9075149777070367
25,6,0.25,0.9356774925662152
25,6,0.30,0.9759423359776945
25,6,0.35,0.9434866931250829
25,6,0.40,0.9361812700763406
25,6,0.45,0.9707618928046409
25,6,0.50,0.9842920562111741
25,6,0.55,0.9726689315648046
25,6,0.60,0.9878988654300276
25,6,0.65,0.9715934426684325
25,6,0.70,0.9683269980211097
25,6,0.75,0.9857088534918567
25,6,0.80,0.9585970931961239
25,6,0.85,0.9725100297888962
25,6,0.90,0.9844759276785411
25,6,0.95,0.9726622277705895
25,7,0.05,-1.3526275362892752
25,7,0.10,0.9701025599152663
25,7,0.15,0.5844160308002014
25,7,0.20,0.9534661645736219
25,7,0.25,0.9285770220748475
25,7,0.30,0.9702638353569606
25,7,0.35,0.9248656743133206
25,7,0.40,0.9523703428544298
25,7,0.45,0.9470174229519651
25,7,0.50,0.9692260993680597
25,7,0.55,0.9718271837478106
25,7,0.60,0.9805356261925154
25,7,0.65,0.9588255956085369
25,7,0.70,0.9751064421768221
25,7,0.75,0.9732565974266577
25,7,0.80,0.9767932633397105
25,7,0.85,0.9815352727322295
25,7,0.90,0.9664820742636869
25,7,0.95,0.9328900775421991
25,8,0.05,0.28556596985583893
25,8,0.10,0.7932001999782282
25,8,0.15,0.8550463682848366
25,8,0.20,0.9450799507255094
25,8,0.25,0.929410261990904
25,8,0.30,0.9430562657012921
25,8,0.35,0.93581632630507
25,8,0.40,0.945688259237167
25,8,0.45,0.9808336748081145
25,8,0.50,0.9789494409640036
25,8,0.55,0.9526740579949954
25,8,0.60,0.9689928760705933
25,8,0.65,0.9727911136487809
25,8,0.70,0.9831990480138413
25,8,0.75,0.9754943866332334
25,8,0.80,0.979589340650268
25,8,0.85,0.9824851362122863
25,8,0.90,0.9730389818261582
25,8,0.95,0.9759603482397372
25,9,0.05,0.8409236332073236
25,9,0.10,0.699314702954427
25,9,0.15,0.982740914853855
25,9,0.20,0.9059031485112009
25,9,0.25,0.957185605169202
25,9,0.30,0.9622941496229316
25,9,0.35,0.8476727213689748
25,9,0.40,0.9025633214027473
25,9,0.45,0.9524431892802001
25,9,0.50,0.9681695061748932
25,9,0.55,0.9738354491081557
25,9,0.60,0.9455018220248
25,9,0.65,0.9843905478107977
25,9,0.70,0.9844052975425934
25,9,0.75,0.9773333492292662
25,9,0.80,0.961788372801529
25,9,0.85,0.9784212981815472
25,9,0.90,0.9738818493697714
25,9,0.95,0.9665685302088174
26,0,0.05,0.6545881364983315
26,0,0.10,0.9430859490217368
26,0,0.15,0.7253770510816124
26,0,0.20,0.9664645364613763
26,0,0.25,0.9834137444772386
26,0,0.30,0.9579406290685585
26,0,0.35,0.9772217833536015
26,0,0.40,0.9630404571751936
26,0,0.45,0.9430316760207464
26,0,0.50,0.9257021660327608
26,0,0.55,0.9651415915211461
26,0,0.60,0.9712860152836346
26,0,0.65,0.9760968712612138
26,0,0.70,0.9656844939688828
26,0,0.75,0.967017031869707
26,0,0.80,0.9675929689182196
26,0,0.85,0.9842189696899342
26,0,0.90,0.9751321412245307
26,0,0.95,0.9789761908135493
26,1,0.05,0.6790089586593548
26,1,0.10,0.9474656404912316
26,1,0.15,0.9201672177069354
26,1,0.20,0.9577262238581106
26,1,0.25,0.9335334882800842
26,1,0.30,0.9839807045452326
26,1,0.35,0.975166561776235
26,1,0.40,0.9750934278382802
26,1,0.45,0.9748926834915957
26,1,0.50,0.9153209401437742
26,1,0.55,0.9611538981949076
26,1,0.60,0.9573015210790403
26,1,0.65,0.9623139131015753
26,1,0.70,0.9616785556447414
26,1,0.75,0.9705378943437052
26,1,0.80,0.9656269376776667
26,1,0.85,0.9646035110196536
26,1,0.90,0.9807909835840072
26,1,0.95,0.9688563066201765
26,2,0.05,0.6473160921043402
26,2,0.10,0.8782671262906221
26,2,0.15,0.7842182750335236
26,2,0.20,0.9836370136580131
26,2,0.25,0.9394136946676663
26,2,0.30,0.9703589385945285
26,2,0.35,0.9438274836901429
26,2,0.40,0.9728858681705563
26,2,0.45,0.9509395765530457
26,2,0.50,0.9560417702941254
26,2,0.55,0.9792887268891186
26,2,0.60,0.9745039848284723
26,2,0.65,0.9864627180254407
26,2,0.70,0.9779580866794617
26,2,0.75,0.9814036898034455
26,2,0.80,0.9892811927134669
26,2,0.85,0.9705032745241315
26,2,0.90,0.9781879069189793
26,2,0.95,0.9890379184728808
26,3,0.05,0.8879519836225892
26,3,0.10,0.8524586546949544
26,3,0.15,0.698503043377732
26,3,0.20,0.9150547399211076
26,3,0.25,0.9719423258385295
26,3,0.30,0.9639460470833116
26,3,0.35,0.947312586609388
26,3,0.40,0.967553403222008
26,3,0.45,0.9772046648659128
26,3,0.50,0.9655750077886484
26,3,0.55,0.9619657418214357
26,3,0.60,0.9767769274635308
26,3,0.65,0.9670944954809125
26,3,0.70,0.9790545192173783
26,3,0.75,0.9473514886029771
26,3,0.80,0.9782244930239119
26,3,0.85,0.9809463138683582
26,3,0.90,0.9828515591831611
26,3,0.95,0.9692951741597937
26,4,0.05,0.6370102397155779
26,4,0.10,0.7580632446310898
26,4,0.15,0.9553756880806696
26,4,0.20,0.9574244523207526
26,4,0.25,0.9812477106724622
26,4,0.30,0.965347936131938
26,4,0.35,0.9685666274516733
26,4,0.40,0.9665395278459696
26,4,0.45,0.945762427583845
26,4,0.50,0.9449627443007594
26,4,0.55,0.9662073283435135
26,4,0.60,0.9796978343196756
26,4,0.65,0.97614119838389
26,4,0.70,0.966741293772114
26,4,0.75,0.9759135934549242
26,4,0.80,0.9753744239508702
26,4,0.85,0.9751458363308259
26,4,0.90,0.9739130048185594
26,4,0.95,0.9774951567475197
26,5,0.05,0.8645821859894605
26,5,0.10,0.853068970102948
26,5,0.15,0.8775179990023192
26,5,0.20,0.8714305043545659
26,5,0.25,0.9750059762759086
26,5,0.30,0.951656407994822
26,5,0.35,0.9424721540880033
26,5,0.40,0.9492370506798695
26,5,0.45,0.9766515438648486
26,5,0.50,0.9659274856404351
26,5,0.55,0.963798744640755
26,5,0.60,0.9713323854908567
26,5,0.65,0.955398710119298
26,5,0.70,0.9814634908832837
26,5,0.75,0.9707141989342922
26,5,0.80,0.9656394678537059
26,5,0.85,0.966797026489277
26,5,0.90,0.9542591315351481
26,5,0.95,0.9621806569826582
26,6,0.05,0.9809193633994163
26,6,0.10,0.8692959166948622
26,6,0.15,0.9450000766501474
26,6,0.20,0.9742756657700091
26,6,0.25,0.9588853506529549
26,6,0.30,0.9420424131020959
26,6,0.35,0.9665636622022429
26,6,0.40,0.9099735648298487
26,6,0.45,0.9532059701291115
26,6,0.50,0.9337170708267789
26,6,0.55,0.9736160530628605
26,6,0.60,0.9666100723601792
26,6,0.65,0.9713072287561721
26,6,0.70,0.9782458881502333
26,6,0.75,0.9663896358155935
26,6,0.80,0.9801214998361991
26,6,0.85,0.9783543430061409
26,6,0.90,0.9793306187870972
26,6,0.95,0.9783123288521481
26,7,0.05,0.4017646931474368
26,7,0.10,0.9418895235277426
26,7,0.15,0.9300376793998767
26,7,0.20,0.950457954274228
26,7,0.25,0.9589748797039361
26,7,0.30,0.9396286259896974
26,7,0.35,0.9685143367946297
26,7,0.40,0.9576140647112064
26,7,0.45,0.97923090006908
26,7,0.50,0.9479621264423951
26,7,0.55,0.9675288336804023
26,7,0.60,0.9726777254216881
26,7,0.65,0.9706609655316879
26,7,0.70,0.9620847328347389
26,7,0.75,0.9732826272512938
26,7,0.80,0.928273436859131
26,7,0.85,0.9778859459966084
26,7,0.90,0.9772404588144376
26,7,0.95,0.9824958463789153
26,8,0.05,0.712372438899254
26,8,0.10,0.890970827086116
26,8,0.15,0.7256527772051704
26,8,0.20,0.977742466589536
26,8,0.25,0.9460538430416248
26,8,0.30,0.9531017483739183
26,8,0.35,0.9013405961129188
26,8,0.40,0.9613704853862816
26,8,0.45,0.9391483702793745
26,8,0.50,0.9611232791030208
26,8,0.55,0.9665190702653523
26,8,0.60,0.9783608091681556
26,8,0.65,0.9743642371703983
26,8,0.70,0.9657453649313583
26,8,0.75,0.9763956568834988
26,8,0.80,0.971061481551886
26,8,0.85,0.9681182591747528
26,8,0.90,0.9713346679678813
26,8,0.95,0.9698023814111746
26,9,0.05,0.9683401985531197
26,9,0.10,0.8592126218376719
26,9,0.15,0.7549457826667992
26,9,0.20,0.9535166155867325
26,9,0.25,0.981903742658293
26,9,0.30,0.9677871478379771
26,9,0.35,0.9811790606725328
26,9,0.40,0.9319924996251826
26,9,0.45,0.9565358469154361
26,9,0.50,0.9641364846769531
26,9,0.55,0.9834365969999903
26,9,0.60,0.9783431708011116
26,9,0.65,0.9833876872428086
26,9,0.70,0.9845714972523403
26,9,0.75,0.9873611602810051
26,9,0.80,0.9798512559676549
26,9,0.85,0.9814210821056676
26,9,0.90,0.9752402603212118
26,9,0.95,0.9702458872922184
27,0,0.05,0.9919904718651628
27,0,0.10,0.6101004239807364
27,0,0.15,0.9650422891445681
27,0,0.20,0.9538510527278072
27,0,0.25,0.9624425044975471
27,0,0.30,0.9391791080530589
27,0,0.35,0.9255829956918827
27,0,0.40,0.9355849086872774
27,0,0.45,0.970781860665125
27,0,0.50,0.9683881176223242
27,0,0.55,0.9643132901248892
27,0,0.60,0.9819717588435259
27,0,0.65,0.9833364603717755
27,0,0.70,0.9705959025923354
27,0,0.75,0.9818037435309442
27,0,0.80,0.9719194803962914
27,0,0.85,0.9733878293962845
27,0,0.90,0.963222773119892
27,0,0.95,0.971314069181872
27,1,0.05,0.6395265293783381
27,1,0.10,0.8169267126773843
27,1,0.15,0.9403019553607872
27,1,0.20,0.8755174680145443
27,1,0.25,0.9745685414731582
27,1,0.30,0.8767201885323299
27,1,0.35,0.9684391187680208
27,1,0.40,0.9445454854903098
27,1,0.45,0.9762376790257689
27,1,0.50,0.9693488452771493
27,1,0.55,0.9749908406075398
27,1,0.60,0.9719389932770046
27,1,0.65,0.9781918110456589
27,1,0.70,0.963942750861592
27,1,0.75,0.983243719083638
27,1,0.80,0.9489061025239514
27,1,0.85,0.9708305487575305
27,1,0.90,0.9780581444085023
27,1,0.95,0.9817522429944779
27,2,0.05,0.8956165404860188
27,2,0.10,0.6803465762887037
27,2,0.15,0.9775706723193263
27,2,0.20,0.9705261885837103
27,2,0.25,0.8857694498484883
27,2,0.30,0.9677028957068792
27,2,0.35,0.9823232392318434
27,2,0.40,0.972947715914673
27,2,0.45,0.9807319169780493
27,2,0.50,0.9323952923451275
27,2,0.55,0.9624198423630934
27,2,0.60,0.9799722660673014
27,2,0.65,0.975268001485086
27,2,0.70,0.9769733461059837
27,2,0.75,0.9804258687753936
27,2,0.80,0.9697288789671965
27,2,0.85,0.9645467411232621
27,2,0.90,0.9700894412524852
27,2,0.95,0.9794976969059106
27,3,0.05,0.9276563146070571
27,3,0.10,0.8096807381922017
27,3,0.15,0.9654795166869432
27,3,0.20,0.9378878697296498
27,3,0.25,0.98106924488584
27,3,0.30,0.9155060407307163
27,3,0.35,0.9698371716247586
27,3,0.40,0.970209097080002
27,3,0.45,0.9852230511795527
27,3,0.50,0.9643733453100015
27,3,0.55,0.9340399263208616
27,3,0.60,0.9758897064341114
27,3,0.65,0.9832183652689274
27,3,0.70,0.9836593012774437
27,3,0.75,0.9659053077464106
27,3,0.80,0.9763762794439395
27,3,0.85,0.9716463476579331
27,3,0.90,0.9729946212584086
27,3,0.95,0.9749386109038808
27,4,0.05,0.8927522320084414
27,4,0.10,0.9082319521585295
27,4,0.15,0.9759032383583336
27,4,0.20,0.9580063769118411
27,4,0.25,0.9799023767674294
27,4,0.30,0.9791204533899718
27,4,0.35,0.9642488453518749
27,4,0.40,0.9803239795569769
27,4,0.45,0.8636561070694038
27,4,0.50,0.9462308766635295
27,4,0.55,0.9738222546148957
27,4,0.60,0.9820450354972532
27,4,0.65,0.9868931050281627
27,4,0.70,0.9817259730531971
27,4,0.75,0.9862994578456533
27,4,0.80,0.9847671274617641
27,4,0.85,0.9906094292877526
27,4,0.90,0.9779444084184215
27,4,0.95,0.9708476440355035
27,5,0.05,0.9067762354566677
27,5,0.10,0.9608669261890299
27,5,0.15,0.9569329624634946
27,5,0.20,0.9069458003194868
27,5,0.25,0.9829035068951026
27,5,0.30,0.9346512185410096
27,5,0.35,0.9651144589857191
27,5,0.40,0.9659256838116028
27,5,0.45,0.9629415519722379
27,5,0.50,0.9688022240465735
27,5,0.55,0.9690549455327518
27,5,0.60,0.9783496346519786
27,5,0.65,0.9476368428574102
27,5,0.70,0.952193939277995
27,5,0.75,0.9726925294508384
27,5,0.80,0.9572025759096427
27,5,0.85,0.9411996385016093
27,5,0.90,0.9471534122367937
27,5,0.95,0.9661068037737717
27,6,0.05,0.942123030825487
27,6,0.10,0.8604916805927407
27,6,0.15,0.98368216839648
27,6,0.20,0.8866406856251917
27,6,0.25,0.8635271870422598
27,6,0.30,0.9801101889626612
27,6,0.35,0.9684146209607354
27,6,0.40,0.9689371632824659
27,6,0.45,0.9808261981194467
27,6,0.50,0.9761634107105007
27,6,0.55,0.9703403195491516
27,6,0.60,0.9796729579089721
27,6,0.65,0.9903100760789469
27,6,0.70,0.9775071333729388
27,6,0.75,0.9890577078697042
27,6,0.80,0.982599592308693
27,6,0.85,0.9715536067849373
27,6,0.90,0.9726106623095775
27,6,0.95,0.9771295315317432
27,7,0.05,0.7158548381826622
27,7,0.10,0.9180558672601093
27,7,0.15,0.9311974525198576
27,7,0.20,0.9338883487471887
27,7,0.25,0.9709697710565028
27,7,0.30,0.9644928651793045
27,7,0.35,0.9412589302557168
27,7,0.40,0.9729542482093321
27,7,0.45,0.9849344046076486
27,7,0.50,0.9651685316537477
27,7,0.55,0.9815456873884381
27,7,0.60,0.9834969173877888
27,7,0.65,0.9723097507921261
27,7,0.70,0.9763430902995436
27,7,0.75,0.9753185239623879
27,7,0.80,0.9666842571990929
27,7,0.85,0.9750984158173145
27,7,0.90,0.9601704091967547
27,7,0.95,0.9778954898893636
27,8,0.05,0.4409686264271503
27,8,0.10,0.8669041777946132
27,8,0.15,0.9680033882032892
27,8,0.20,0.9063760347822098
27,8,0.25,0.9868378894731892
27,8,0.30,0.9059381497690167
27,8,0.35,0.9639869773485186
27,8,0.40,0.9477464902308416
27,8,0.45,0.9744757082340451
27,8,0.50,0.9810098603430119
27,8,0.55,0.949168589806265
27,8,0.60,0.9694536028959382
27,8,0.65,0.9355809432219175
27,8,0.70,0.9764880850508689
27,8,0.75,0.9740411942850922
27,8,0.80,0.9813524434310443
27,8,0.85,0.9738655991178599
27,8,0.90,0.9797856403415608
27,8,0.95,0.9747885237813154
27,9,0.05,0.8255802684874846
27,9,0.10,0.7150516076313478
27,9,0.15,0.992995182149371
27,9,0.20,0.944291483538576
27,9,0.25,0.930982084911833
27,9,0.30,0.9636149227035993
27,9,0.35,0.9838641426085875
27,9,0.40,0.9716684442250314
27,9,0.45,0.9740829099704909
27,9,0.50,0.9721125564009616
27,9,0.55,0.9660759742168928
27,9,0.60,0.9651501791848646
27,9,0.65,0.9828615585490956
27,9,0.70,0.9570902879827985
27,9,0.75,0.9706363919668797
27,9,0.80,0.9860169942838908
27,9,0.85,0.982006228816116
27,9,0.90,0.99083013471437
27,9,0.95,0.9774578590318128
28,0,0.05,0.9719705526935852
28,0,0.10,0.9686818055072323
28,0,0.15,0.8814023154204953
28,0,0.20,0.9857465673270901
28,0,0.25,0.8853105636874274
28,0,0.30,0.9578964866334171
28,0,0.35,0.9595668002796625
28,0,0.40,0.9811952284128459
28,0,0.45,0.9436911384143702
28,0,0.50,0.9735607503481148
28,0,0.55,0.9824208867338877
28,0,0.60,0.9738503527503913
28,0,0.65,0.9609208681640976
28,0,0.70,0.9572246674005433
28,0,0.75,0.9726575538947849
28,0,0.80,0.9538701689198579
28,0,0.85,0.966910766973215
28,0,0.90,0.9720700193546346
28,0,0.95,0.9585432624426702
28,1,0.05,-1.0611390344972067
28,1,0.10,0.9683161432655772
28,1,0.15,0.8621720980008947
28,1,0.20,0.841083088869563
28,1,0.25,0.9597972494562954
28,1,0.30,0.9705017080484044
28,1,0.35,0.970431579408107
28,1,0.40,0.9687618857492973
28,1,0.45,0.9842029602756509
28,1,0.50,0.954530655746477
28,1,0.55,0.9705516442734707
28,1,0.60,0.9750392274370442
28,1,0.65,0.9695758043572754
28,1,0.70,0.9617733930106195
28,1,0.75,0.9780327706610152
28,1,0.80,0.9728074339891188
28,1,0.85,0.9727018269489089
28,1,0.90,0.9810446574464989
28,1,0.95,0.9872724945928463
28,2,0.05,0.9644512153822082
28,2,0.10,0.9027892061125963
28,2,0.15,0.8754174438709469
28,2,0.20,0.9267136334385233
28,2,0.25,0.8893682145323832
28,2,0.30,0.964912253664988
28,2,0.35,0.9832296807555526
28,2,0.40,0.9294312401295086
28,2,0.45,0.9715449681332743
28,2,0.50,0.9583752234789028
28,2,0.55,0.9553261557543533
28,2,0.60,0.9799610753470464
28,2,0.65,0.9530327327197676
28,2,0.70,0.9847041312981426
28,2,0.75,0.9770235514047817
28,2,0.80,0.9641175321015684
28,2,0.85,0.9510532406137056
28,2,0.90,0.9586944655236088
28,2,0.95,0.9654062370923815
28,3,0.05,0.9937374980276854
28,3,0.10,0.9193503593654534
28,3,0.15,0.9224125784587627
28,3,0.20,0.9184040813467869
28,3,0.25,0.9063309173510973
28,3,0.30,0.9649958531415266
28,3,0.35,0.9684071609053752
28,3,0.40,0.9679824198967848
28,3,0.45,0.9846662452730323
28,3,0.50,0.9788129389836584
28,3,0.55,0.9810810878341821
28,3,0.60,0.9778759516291826
28,3,0.65,0.9759277051246285
28,3,0.70,0.9778562196454486
28,3,0.75,0.9695219602506754
28,3,0.80,0.9770311382106367
28,3,0.85,0.9665198444456599
28,3,0.90,0.9601146126731281
28,3,0.95,0.9795665445853237
28,4,0.05,0.5712456322906329
28,4,0.10,0.9502626707508145
28,4,0.15,0.9426521024241878
28,4,0.20,0.934387493794748
28,4,0.25,0.9265533654975172
28,4,0.30,0.9520892089878483
28,4,0.35,0.9748003012084129
28,4,0.40,0.9728868765092895
28,4,0.45,0.9697915705718412
28,4,0.50,0.9729458229428428
28,4,0.55,0.9848651383585351
28,4,0.60,0.9714772043356323
28,4,0.65,0.9510183686479772
28,4,0.70,0.9642599234720165
28,4,0.75,0.9734506642358847
28,4,0.80,0.9698457340343616
28,4,0.85,0.9550261797547334
28,4,0.90,0.9692560323255118
28,4,0.95,0.9655684294905734
28,5,0.05,0.9327793476603924
28,5,0.10,0.6180818641132622
28,5,0.15,0.9478614207113828
28,5,0.20,0.7007284318632555
28,5,0.25,0.9473566320834275
28,5,0.30,0.9745992075460075
28,5,0.35,0.9808340702309726
28,5,0.40,0.9736121347803754
28,5,0.45,0.9689790584193805
28,5,0.50,0.970579115723482
28,5,0.55,0.9507508219550642
28,5,0.60,0.9811431180502125
28,5,0.65,0.9822517668006957
28,5,0.70,0.9813346508198943
28,5,0.75,0.9862200400671486
28,5,0.80,0.9787293286118095
28,5,0.85,0.9890938375842163
28,5,0.90,0.9873947860196627
28,5,0.95,0.9678023379633205
28,6,0.05,0.9481624941615935
28,6,0.10,0.9429366534039028
28,6,0.15,0.9753352393211644
28,6,0.20,0.9664898620272654
28,6,0.25,0.9747583812255894
28,6,0.30,0.9733665098414622
28,6,0.35,0.9828272783434452
28,6,0.40,0.9658836788197946
28,6,0.45,0.9804794432264258
28,6,0.50,0.9061110097961981
28,6,0.55,0.9490985219039692
28,6,0.60,0.9676341820368992
28,6,0.65,0.9723346772346199
28,6,0.70,0.984240668107104
28,6,0.75,0.9662397060544033
28,6,0.80,0.9697751223442408
28,6,0.85,0.9759149699834008
28,6,0.90,0.9706319533069806
28,6,0.95,0.9764995020260414
28,7,0.05,0.030875827936887035
28,7,0.10,0.9678002409149655
28,7,0.15,0.9656231334854409
28,7,0.20,0.9641981247522352
28,7,0.25,0.9713292384638369
28,7,0.30,0.9554425492979539
28,7,0.35,0.9805827370176105
28,7,0.40,0.9598658249193711
28,7,0.45,0.9720034840098644
28,7,0.50,0.9692040233315828
28,7,0.55,0.9633968822032126
28,7,0.60,0.9697165191678004
28,7,0.65,0.9711600413052663
28,7,0.70,0.9534588718114323
28,7,0.75,0.9712387862054591
28,7,0.80,0.9627763192044175
28,7,0.85,0.9686501194030512
28,7,0.90,0.9643248641379437
28,7,0.95,0.9711800115468192
28,8,0.05,0.9402277586713659
28,8,0.10,0.946130885895944
28,8,0.15,0.8349974903945134
28,8,0.20,0.9863503395756127
28,8,0.25,0.950795891199729
28,8,0.30,0.8658210726057576
28,8,0.35,0.9620894651613765
28,8,0.40,0.9880015349843746
28,8,0.45,0.9529083961922739
28,8,0.50,0.9434703657423111
28,8,0.55,0.9441155033555458
28,8,0.60,0.9666935000354705
28,8,0.65,0.9636205477389159
28,8,0.70,0.9799564855409297
28,8,0.75,0.9677740561302056
28,8,0.80,0.9758541467874784
28,8,0.85,0.9782293101672567
28,8,0.90,0.9710410816197038
28,8,0.95,0.9726760229675611
28,9,0.05,0.8454947943857473
28,9,0.10,0.9575932426584202
28,9,0.15,0.8287996949690574
28,9,0.20,0.7712390557402146
28,9,0.25,0.9630204148172712
28,9,0.30,0.9488067663931514
28,9,0.35,0.9346931847834461
28,9,0.40,0.9697252691151317
28,9,0.45,0.9774211608669685
28,9,0.50,0.9728625227216612
28,9,0.55,0.9795532496976888
28,9,0.60,0.9682500412712284
28,9,0.65,0.9789944994177372
28,9,0.70,0.9662205452049254
28,9,0.75,0.9689239379942296
28,9,0.80,0.9666140493431052
28,9,0.85,0.9632219322872081
28,9,0.90,0.9782461007342721
28,9,0.95,0.9660529063133677
29,0,0.05,0.9178804782121104
29,0,0.10,0.8148857777653704
29,0,0.15,0.960622450282415
29,0,0.20,0.8684230296530222
29,0,0.25,0.8514377077240313
29,0,0.30,0.8806891014665988
29,0,0.35,0.9800524171305594
29,0,0.40,0.836085104464084
29,0,0.45,0.9584627180254313
29,0,0.50,0.9427618726279013
29,0,0.55,0.9805898922340411
29,0,0.60,0.9332816152332583
29,0,0.65,0.9594201664240118
29,0,0.70,0.9744685446181844
29,0,0.75,0.978046750716178
29,0,0.80,0.9749984026516201
29,0,0.85,0.9664046013704869
29,0,0.90,0.9748866997110083
29,0,0.95,0.9715239343463385
29,1,0.05,0.844929818829861
29,1,0.10,0.8650305558920466
29,1,0.15,0.9281275479906181
29,1,0.20,0.980842506692501
29,1,0.25,0.973367078025449
29,1,0.30,0.8822777039649349
29,1,0.35,0.8973737568653916
29,1,0.40,0.9049104650920811
29,1,0.45,0.9490979042231115
29,1,0.50,0.8904009488378862
29,1,0.55,0.9847357665131561
29,1,0.60,0.971609066246053
29,1,0.65,0.9417142499395429
29,1,0.70,0.9455028680449203
29,1,0.75,0.9711794905708672
29,1,0.80,0.9736397138670903
29,1,0.85,0.9582365198516738
29,1,0.90,0.9797447607412477
29,1,0.95,0.9694513906875337
29,2,0.05,0.6953527742501884
29,2,0.10,0.885987018345507
29,2,0.15,0.6148097318507852
29,2,0.20,0.8725254308456895
29,2,0.25,0.9474889032101413
29,2,0.30,0.9232492750232383
29,2,0.35,0.9618728826996282
29,2,0.40,0.9208829568228483
29,2,0.45,0.9751781255289189
29,2,0.50,0.9209664412283411
29,2,0.55,0.9424683317537131
29,2,0.60,0.983103169231465
29,2,0.65,0.9818865933409799
29,2,0.70,0.9617145583933072
29,2,0.75,0.9798678380869589
29,2,0.80,0.9618099795076893
29,2,0.85,0.9763181358484745
29,2,0.90,0.9770688106982807
29,2,0.95,0.969723953349409
29,3,0.05,-0.5070697349126321
29,3,0.10,0.9063890774432181
29,3,0.15,0.5277337741235988
29,3,0.20,0.9215071287890552
29,3,0.25,0.9487229199447799
29,3,0.30,0.9322553856972481
29,3,0.35,0.9219510309172154
29,3,0.40,0.9736649316454321
29,3,0.45,0.9740107809088842
29,3,0.50,0.9317668995886036
29,3,0.55,0.9694411814430733
29,3,0.60,0.9758190732831655
29,3,0.65,0.9661171815760721
29,3,0.70,0.975890874298005
29,3,0.75,0.9712237354733447
29,3,0.80,0.970983414010219
29,3,0.85,0.9570806289552197
29,3,0.90,0.9653122952507712
29,3,0.95,0.9789996624112807
29,4,0.05,0.6675461530046017
29,4,0.10,0.762600159907094
29,4,0.15,0.9502725282094566
29,4,0.20,0.7917283767621823
29,4,0.25,0.8507795804981667
29,4,0.30,0.9238150428715695
29,4,0.35,0.9043154071855943
29,4,0.40,0.9303119483158322
29,4,0.45,0.9812864463820146
29,4,0.50,0.9759879786990574
29,4,0.55,0.9626386735356887
29,4,0.60,0.9636536323187814
29,4,0.65,0.9813037590332497
29,4,0.70,0.964092472045499
29,4,0.75,0.9682082627119947
29,4,0.80,0.9819737035878456
29,4,0.85,0.9760248010495934
29,4,0.90,0.9645934436910192
29,4,0.95,0.9711335014763086
29,5,0.05,0.8055142497982165
29,5,0.10,0.8103646887750513
29,5,0.15,0.9823795701223399
29,5,0.20,0.9443266908282588
29,5,0.25,0.9274702247845202
29,5,0.30,0.967927700093614
29,5,0.35,0.9756195129492864
29,5,0.40,0.9712998597467936
29,5,0.45,0.8983582270959196
29,5,0.50,0.956142196286612
29,5,0.55,0.9675239290725215
29,5,0.60,0.9808597886258406
29,5,0.65,0.9725898579404217
29,5,0.70,0.9747541448563619
29,5,0.75,0.9615333642518027
29,5,0.80,0.969039886103756
29,5,0.85,0.9817943118782863
29,5,0.90,0.9834850776928528
29,5,0.95,0.9750913907180323
29,6,0.05,0.854756755919934
29,6,0.10,0.7265525664431557
29,6,0.15,0.9487718698362473
29,6,0.20,0.943843407972357
29,6,0.25,0.8817287358651587
29,6,0.30,0.9505954323360218
29,6,0.35,0.9448757620608206
29,6,0.40,0.9488275818496911
29,6,0.45,0.9676412576271918
29,6,0.50,0.9782931332935976
29,6,0.55,0.9608571918984646
29,6,0.60,0.9776037969165742
29,6,0.65,0.9513757813884692
29,6,0.70,0.9896528501740012
29,6,0.75,0.9703619962779207
29,6,0.80,0.974194140302851
29,6,0.85,0.9325765351407301
29,6,0.90,0.9776170594029859
29,6,0.95,0.9872290065752981
29,7,0.05,0.8172846543992919
29,7,0.10,0.8725699424611064
29,7,0.15,0.8841038412128568
29,7,0.20,0.9431891352015043
29,7,0.25,0.986000447159916
29,7,0.30,0.9449797437007216
29,7,0.35,0.9468016028589981
29,7,0.40,0.8147638552284636
29,7,0.45,0.9705651893199987
29,7,0.50,0.961327559349117
29,7,0.55,0.9588048943641064
29,7,0.60,0.9581940927146949
29,7,0.65,0.9479788325707229
29,7,0.70,0.9732640159561545
29,7,0.75,0.97110298576072
29,7,0.80,0.9460333469107954
29,7,0.85,0.9368136442432387
29,7,0.90,0.9662298244583948
29,7,0.95,0.9579381763758225
29,8,0.05,0.3312999888032053
29,8,0.10,0.8071451905079043
29,8,0.15,0.5443325773155648
29,8,0.20,0.9198248339652207
29,8,0.25,0.9372222214702964
29,8,0.30,0.9623394855667949
29,8,0.35,0.9614136199922304
29,8,0.40,0.949553615377474
29,8,0.45,0.9589006361116955
29,8,0.50,0.9401813825257761
29,8,0.55,0.9851156153063896
29,8,0.60,0.9757882060083192
29,8,0.65,0.9749285822013389
29,8,0.70,0.9802783659611641
29,8,0.75,0.9844050039754096
29,8,0.80,0.9751575069372513
29,8,0.85,0.9700492746964562
29,8,0.90,0.9813973968392847
29,8,0.95,0.9786705510443529
29,9,0.05,0.6426298594072628
29,9,0.10,0.6800534471860752
29,9,0.15,0.6208034370623995
29,9,0.20,0.9482274604685604
29,9,0.25,0.923733778192912
29,9,0.30,0.9615843322908196
29,9,0.35,0.9385508587939052
29,9,0.40,0.9601718750799584
29,9,0.45,0.9028379288594837
29,9,0.50,0.9548021438646275
29,9,0.55,0.9854743307690494
29,9,0.60,0.9739794137231116
29,9,0.65,0.9717794380389173
29,9,0.70,0.9850680504145681
29,9,0.75,0.9876099752571127
29,9,0.80,0.9524510752801135
29,9,0.85,0.9884333427505206
29,9,0.90,0.985650820330076
29,9,0.95,0.9853752871626793
30,0,0.05,0.9128177813770046
30,0,0.10,0.8970049432947801
30,0,0.15,0.9653085285456632
30,0,0.20,0.9052165096423475
30,0,0.25,0.9315153144081575
30,0,0.30,0.9674563109438925
30,0,0.35,0.9871097653126979
30,0,0.40,0.9075547875676012
30,0,0.45,0.9543418350063698
30,0,0.50,0.9651014164842351
30,0,0.55,0.9481421727743811
30,0,0.60,0.9619279793461891
30,0,0.65,0.9622216922328505
30,0,0.70,0.9690697452216607
30,0,0.75,0.968070675033041
30,0,0.80,0.9421105653498849
30,0,0.85,0.9700054212840222
30,0,0.90,0.958968396656121
30,0,0.95,0.9713636139722948
30,1,0.05,0.9827746194356155
30,1,0.10,0.8836047670746683
30,1,0.15,0.976511440119062
30,1,0.20,0.9649142959551568
30,1,0.25,0.9169535002026379
30,1,0.30,0.9762893316724468
30,1,0.35,0.9586199168452147
30,1,0.40,0.9417236024166474
30,1,0.45,0.9637682272630457
30,1,0.50,0.9694375797869241
30,1,0.55,0.9645039456532947
30,1,0.60,0.9659529265086122
30,1,0.65,0.9786607723762175
30,1,0.70,0.9462499163153282
30,1,0.75,0.9768789157445024
30,1,0.80,0.9768531909793822
30,1,0.85,0.913637569599062
30,1,0.90,0.9768180922567095
30,1,0.95,0.9724113665520058
30,2,0.05,0.7305010049785301
30,2,0.10,0.8766699897029482
30,2,0.15,0.6550427175799363
30,2,0.20,0.9074567460181577
30,2,0.25,0.9809080013668262
30,2,0.30,0.9761406545370591
30,2,0.35,0.9167263192366004
30,2,0.40,0.9552622498069966
30,2,0.45,0.9815687772278583
30,2,0.50,0.9510810578595708
30,2,0.55,0.983031699717168
30,2,0.60,0.9840233579543846
30,2,0.65,0.9728171605857838
30,2,0.70,0.9733435080179818
30,2,0.75,0.9874082083766427
30,2,0.80,0.974287937745558
30,2,0.85,0.9461951626514872
30,2,0.90,0.9717726425364912
30,2,0.95,0.9709120333017208
30,3,0.05,0.5666813991909831
30,3,0.10,0.8577594278249093
30,3,0.15,0.69417415457687
30,3,0.20,0.9154849772039808
30,3,0.25,0.9029267771266705
30,3,0.30,0.9338553414306706
30,3,0.35,0.92855513881489
30,3,0.40,0.9747511625479465
30,3,0.45,0.9365438519496831
30,3,0.50,0.9830016232228759
30,3,0.55,0.9770803381764016
30,3,0.60,0.979581175867106
30,3,0.65,0.9674553866073468
30,3,0.70,0.9506481674117161
30,3,0.75,0.9432667790310549
30,3,0.80,0.9694071445295234
30,3,0.85,0.9850249451407
30,3,0.90,0.9504446476916265
30,3,0.95,0.9311663923660768
30,4,0.05,0.16119844234961156
30,4,0.10,0.8111463065909581
30,4,0.15,0.8475490265201366
30,4,0.20,0.8728881797473778
30,4,0.25,0.9677766789162474
30,4,0.30,0.9143614044380926
30,4,0.35,0.86820571869756
30,4,0.40,0.8559794524053536
30,4,0.45,0.9725110395193809
30,4,0.50,0.9700207571147919
30,4,0.55,0.966525402822202
30,4,0.60,0.9820842550550559
30,4,0.65,0.9707239602590375
30,4,0.70,0.9815227849592973
30,4,0.75,0.9381269541059704
30,4,0.80,0.9638380741015488
30,4,0.85,0.9731143420984594
30,4,0.90,0.9770958544895381
30,4,0.95,0.9728339634518423
30,5,0.05,0.9258788162897673
30,5,0.10,0.7398387970788645
30,5,0.15,0.8783646193454672
30,5,0.20,0.66843093356821
30,5,0.25,0.9227738170687791
30,5,0.30,0.9671025858663159
30,5,0.35,0.9766356620543252
30,5,0.40,0.8894112983160347
30,5,0.45,0.8802561157140495
30,5,0.50,0.968399035307556
30,5,0.55,0.95065885083519
30,5,0.60,0.9909736359649103
30,5,0.65,0.9684747530799078
30,5,0.70,0.9552919678207756
30,5,0.75,0.9781452996014212
30,5,0.80,0.9780911510632453
30,5,0.85,0.9685138931460318
30,5,0.90,0.9707058293546358
30,5,0.95,0.9399968312297434
30,6,0.05,0.8162917209653668
30,6,0.10,0.7479253254914817
30,6,0.15,0.9767215437029911
30,6,0.20,0.8879030856295793
30,6,0.25,0.916267669089388
30,6,0.30,0.9291807633776122
30,6,0.35,0.9687337249872756
30,6,0.40,0.9250785704411141
30,6,0.45,0.9323992561909944
30,6,0.50,0.9697317480343435
30,6,0.55,0.9248413963637804
30,6,0.60,0.9521196605011737
30,6,0.65,0.9764393497682594
30,6,0.70,0.9747863531387203
30,6,0.75,0.9624887999153873
30,6,0.80,0.9717548239174502
30,6,0.85,0.9818344572657983
30,6,0.90,0.9844553064108418
30,6,0.95,0.9642895085252229
30,7,0.05,0.8429491541692165
30,7,0.10,0.9189353239590347
30,7,0.15,0.9660055791404888
30,7,0.20,0.9190691242899157
30,7,0.25,0.9848449860554971
30,7,0.30,0.9734931849674431
30,7,0.35,0.9307499170854205
30,7,0.40,0.8886257941957801
30,7,0.45,0.9730410359026774
30,7,0.50,0.9667011746113003
30,7,0.55,0.9525275531599992
30,7,0.60,0.9654376074611701
30,7,0.65,0.9617589329924416
30,7,0.70,0.9751997253081087
30,7,0.75,0.9734365918927844
30,7,0.80,0.972838725975748
30,7,0.85,0.9239473948546705
30,7,0.90,0.958489104388561
30,7,0.95,0.951452212349021
30,8,0.05,0.2768941086554403
30,8,0.10,0.9202693245777265
30,8,0.15,0.6850757929448221
30,8,0.20,0.940147463112026
30,8,0.25,0.8601354112416518
30,8,0.30,0.9743751190466309
30,8,0.35,0.9362304082566067
30,8,0.40,0.9565204485392798
30,8,0.45,0.9063711490310312
30,8,0.50,0.9506366118887606
30,8,0.55,0.950272358753794
30,8,0.60,0.9841915026736189
30,8,0.65,0.965915342496845
30,8,0.70,0.9752690627581706
30,8,0.75,0.9820824430534575
30,8,0.80,0.982043814385357
30,8,0.85,0.973592458293681
30,8,0.90,0.9763843324231275
30,8,0.95,0.9416303475716499
30,9,0.05,0.9488738585655839
30,9,0.10,0.6780773779722535
30,9,0.15,0.6561178215439578
30,9,0.20,0.7718633087859613
30,9,0.25,0.9664000458205858
30,9,0.30,0.9420815447536173
30,9,0.35,0.9578614632593647
30,9,0.40,0.9620397361942771
30,9,0.45,0.9470091994205466
30,9,0.50,0.9586886829588476
30,9,0.55,0.9612287229067484
30,9,0.60,0.9792372183978795
30,9,0.65,0.9800753530170435
30,9,0.70,0.9859330711899519
30,9,0.75,0.9642174350622275
30,9,0.80,0.9352366501006648
30,9,0.85,0.9763119133842625
30,9,0.90,0.975433789529814
30,9,0.95,0.9734305208267197
31,0,0.05,0.8531499740674547
31,0,0.10,0.868613579190343
31,0,0.15,0.7277326721878156
31,0,0.20,0.8939399900829559
31,0,0.25,0.9678382713649433
31,0,0.30,0.9751823675436937
31,0,0.35,0.9791615199777252
31,0,0.40,0.9560071737256585
31,0,0.45,0.9723935215965874
31,0,0.50,0.9714691900897688
31,0,0.55,0.9572507841794373
31,0,0.60,0.9624666244859241
31,0,0.65,0.9732059390273078
31,0,0.70,0.9397576151822232
31,0,0.75,0.9718929418425021
31,0,0.80,0.9694586611377962
31,0,0.85,0.9718941408317484
31,0,0.90,0.9599483389483321
31,0,0.95,0.972841968279327
31,1,0.05,0.6464815907974393
31,1,0.10,0.559079857737402
31,1,0.15,0.5867968046692928
31,1,0.20,0.9423705887638866
31,1,0.25,0.906323538852287
31,1,0.30,0.9084499033759577
31,1,0.35,0.9688599076932185
31,1,0.40,0.9574407469865236
31,1,0.45,0.9669597897787434
31,1,0.50,0.9695409520663673
31,1,0.55,0.980782905465731
31,1,0.60,0.9691320375768794
31,1,0.65,0.9646877663355471
31,1,0.70,0.9532492568382179
31,1,0.75,0.9596227148989701
31,1,0.80,0.9645703934359855
31,1,0.85,0.9498685662775721
31,1,0.90,0.9662014690923301
31,1,0.95,0.9551915270479026
31,2,0.05,0.8528792678370375
31,2,0.10,0.8092450991715223
31,2,0.15,0.8746129117601675
31,2,0.20,0.9513180408499738
31,2,0.25,0.9564115459061264
31,2,0.30,0.9776170435434022
31,2,0.35,0.8869683877658192
31,2,0.40,0.979464329494222
31,2,0.45,0.9817851880563192
31,2,0.50,0.9624199261448062
31,2,0.55,0.9618554579580686
31,2,0.60,0.9650337702251768
31,2,0.65,0.9584029239798414
31,2,0.70,0.9715638559588822
31,2,0.75,0.9689293453541195
31,2,0.80,0.9838255902446164
31,2,0.85,0.9830174336013601
31,2,0.90,0.9748206382454255
31,2,0.95,0.9727195017255407
31,3,0.05,0.9525299672491638
31,3,0.10,0.830723937562891
31,3,0.15,0.9462499172372651
31,3,0.20,0.9161777505613371
31,3,0.25,0.7917127797735337
31,3,0.30,0.9226770585800926
31,3,0.35,0.9684188995564519
31,3,0.40,0.9557217377800893
31,3,0.45,0.9752419046927234
31,3,0.50,0.9763760830262661
31,3,0.55,0.9791181697268244
31,3,0.60,0.9794199771541171
31,3,0.65,0.9659504687214605
31,3,0.70,0.9802814216895246
31,3,0.75,0.9807229409360002
31,3,0.80,0.9808948394120874
31,3,0.85,0.9683195974128859
31,3,0.90,0.9885404875473123
31,3,0.95,0.9850535258929604
31,4,0.05,0.9126968173990989
31,4,0.10,0.8532213523981647
31,4,0.15,0.9349286521399761
31,4,0.20,0.9316100584109656
31,4,0.25,0.9607065495267424
31,4,0.30,0.9475420526929172
31,4,0.35,0.928937111752508
31,4,0.40,0.957734747999939
31,4,0.45,0.9371511885195146
31,4,0.50,0.9620046826634283
31,4,0.55,0.9713183580457735
31,4,0.60,0.9765864491986453
31,4,0.65,0.9739302767351066
31,4,0.70,0.9692875582298158
31,4,0.75,0.9746720596247699
31,4,0.80,0.9789026533125582
31,4,0.85,0.9814702445515583
31,4,0.90,0.9848731769467
31,4,0.95,0.9662408557093424
31,5,0.05,0.9040565861462162
31,5,0.10,0.6182743556113782
31,5,0.15,0.9157871670698641
31,5,0.20,0.9279072465020016
31,5,0.25,0.9139385998718838
31,5,0.30,0.9091728063651304
31,5,0.35,0.9421348887715703
31,5,0.40,0.9595469907403927
31,5,0.45,0.9660175056716881
31,5,0.50,0.9768326849207507
31,5,0.55,0.9768247034804737
31,5,0.60,0.9605806175671089
31,5,0.65,0.9732661260871553
31,5,0.70,0.981115970467835
31,5,0.75,0.9757608477253852
31,5,0.80,0.9865130247780911
31,5,0.85,0.9907670553302826
31,5,0.90,0.9850044132422134
31,5,0.95,0.9688495799615771
31,6,0.05,0.9546648723917338
31,6,0.10,0.8179130843261639
31,6,0.15,0.7041929905405468
31,6,0.20,0.8523436073753479
31,6,0.25,0.9443165887632251
31,6,0.30,0.9762528773612553
31,6,0.35,0.9645123395125552
31,6,0.40,0.9542594640677821
31,6,0.45,0.9540308751081601
31,6,0.50,0.9702801046456044
31,6,0.55,0.9370134508129455
31,6,0.60,0.9626220081134638
31,6,0.65,0.9569965393279366
31,6,0.70,0.9629631407384164
31,6,0.75,0.970834750249529
31,6,0.80,0.9617321681752766
31,6,0.85,0.9708793320404033
31,6,0.90,0.9743238209836496
31,6,0.95,0.9551912594050076
31,7,0.05,0.6918500249472207
31,7,0.10,0.9815675997779811
31,7,0.15,0.5471406273064974
31,7,0.20,0.7768107934714187
31,7,0.25,0.8876631336853926
31,7,0.30,0.9543049122234998
31,7,0.35,0.9390127932768451
31,7,0.40,0.964654132214044
31,7,0.45,0.9520293113699466
31,7,0.50,0.9800155226348026
31,7,0.55,0.959215764091446
31,7,0.60,0.9712034463830604
31,7,0.65,0.9855614579934765
31,7,0.70,0.9810009680345294
31,7,0.75,0.9765045731033676
31,7,0.80,0.9792191449805486
31,7,0.85,0.9804384649633546
31,7,0.90,0.9745894911686551
31,7,0.95,0.9786807692470328
31,8,0.05,0.8988996548936947
31,8,0.10,0.8349387883926225
31,8,0.15,0.5662836732872962
31,8,0.20,0.8517400335971159
31,8,0.25,0.9532024276259901
31,8,0.30,0.9578127282217246
31,8,0.35,0.9346459574984566
31,8,0.40,0.974275540153226
31,8,0.45,0.980736306890846
31,8,0.50,0.9710364436231514
31,8,0.55,0.9754616828676297
31,8,0.60,0.9699604852429047
31,8,0.65,0.9703875185437184
31,8,0.70,0.9788225790230188
31,8,0.75,0.9770756416149147
31,8,0.80,0.9638403622934615
31,8,0.85,0.9634200043483517
31,8,0.90,0.978564820554494
31,8,0.95,0.9791794179980362
31,9,0.05,0.6506559023077896
31,9,0.10,0.9750939086908856
31,9,0.15,0.6470707203242446
31,9,0.20,0.9438348926712263
31,9,0.25,0.9635213599942556
31,9,0.30,0.9565077828137329
31,9,0.35,0.9157308575969194
31,9,0.40,0.9587449608346121
31,9,0.45,0.9574267588282348
31,9,0.50,0.9685046761403392
31,9,0.55,0.9568505371772745
31,9,0.60,0.9561188018630101
31,9,0.65,0.9842854120202873
31,9,0.70,0.9711166647809949
31,9,0.75,0.9718761309361124
31,9,0.80,0.9648796384972038
31,9,0.85,0.9698923548313071
31,9,0.90,0.9495839051102
31,9,0.95,0.9533305379985335
32,0,0.05,0.9167678328502209
32,0,0.10,0.5683063024139565
32,0,0.15,0.6653827312576933
32,0,0.20,0.8431244959219173
32,0,0.25,0.9677131594592322
32,0,0.30,0.9081922148103752
32,0,0.35,0.9057828083659101
32,0,0.40,0.9509845404125072
32,0,0.45,0.9601593894922952
32,0,0.50,0.9472180243973369
32,0,0.55,0.853724347409117
32,0,0.60,0.9752421599409176
32,0,0.65,0.980265509141616
32,0,0.70,0.9670835432731227
32,0,0.75,0.9818280503280984
32,0,0.80,0.9747986375660244
32,0,0.85,0.9650621650361668
32,0,0.90,0.969812192151907
32,0,0.95,0.9606158790391098
32,1,0.05,-2.759817600318783
32,1,0.10,0.31983951926606535
32,1,0.15,0.9681199830608576
32,1,0.20,0.8992453629572481
32,1,0.25,0.35896939124299987
32,1,0.30,0.9604593023351812
32,1,0.35,0.9203949816317499
32,1,0.40,0.9589478756484006
32,1,0.45,0.9117819377511238
32,1,0.50,0.9498935582108545
32,1,0.55,0.9312269742464121
32,1,0.60,0.9262657406249035
32,1,0.65,0.9723056655973403
32,1,0.70,0.956081070008671
32,1,0.75,0.9232543254917687
32,1,0.80,0.9696033761548126
32,1,0.85,0.9471325283936775
32,1,0.90,0.9571396672629144
32,1,0.95,0.9522729549046876
32,2,0.05,0.9224204623105031
32,2,0.10,0.5198677219653255
32,2,0.15,0.4295181064302842
32,2,0.20,0.9462271737488068
32,2,0.25,0.7473820442202513
32,2,0.30,0.9788529732908056
32,2,0.35,0.898989164303885
32,2,0.40,0.9707373520268475
32,2,0.45,0.9610329304278303
32,2,0.50,0.9535209763751931
32,2,0.55,0.9518689736145368
32,2,0.60,0.9677241684958002
32,2,0.65,0.9801431768567598
32,2,0.70,0.9749929606566378
32,2,0.75,0.9699042677568559
32,2,0.80,0.9683150642282606
32,2,0.85,0.9876585637207446
32,2,0.90,0.9771906987836485
32,2,0.95,0.9523709187797956
32,3,0.05,0.8591473233632927
32,3,0.10,0.7530911914641355
32,3,0.15,0.4465318519545798
32,3,0.20,0.9112867033882215
32,3,0.25,0.9233521589970172
32,3,0.30,0.924166032930623
32,3,0.35,0.9817521870740248
32,3,0.40,0.9822369959101211
32,3,0.45,0.9890305120774953
32,3,0.50,0.9705122499564255
32,3,0.55,0.9580711173825587
32,3,0.60,0.973399498249901
32,3,0.65,0.9644985283847378
32,3,0.70,0.9391191193808022
32,3,0.75,0.9638062475668661
32,3,0.80,0.9737161558549137
32,3,0.85,0.9810695290377746
32,3,0.90,0.9707671618476139
32,3,0.95,0.9754334623408661
32,4,0.05,0.41010277019681585
32,4,0.10,0.7112357235057996
32,4,0.15,0.6401893928453157
32,4,0.20,0.9133361846217872
32,4,0.25,0.7628351271428033
32,4,0.30,0.9393668359791042
32,4,0.35,0.9459277622040351
32,4,0.40,0.8635365595048919
32,4,0.45,0.9644686940535118
32,4,0.50,0.951449798909001
32,4,0.55,0.9753761441104868
32,4,0.60,0.96872264344005
32,4,0.65,0.963033501231432
32,4,0.70,0.9763255598803409
32,4,0.75,0.9683623968530457
32,4,0.80,0.9693513163420635
32,4,0.85,0.977234925804838
32,4,0.90,0.9762417197309836
32,4,0.95,0.9613772192558843
32,5,0.05,0.9597665939376677
32,5,0.10,0.9088728906424856
32,5,0.15,0.9068201515672281
32,5,0.20,0.9595394511429272
32,5,0.25,0.9566454701073268
32,5,0.30,0.9411047050668288
32,5,0.35,0.9259300370241714
32,5,0.40,0.9742523057366548
32,5,0.45,0.9810128059666077
32,5,0.50,0.9831439211380151
32,5,0.55,0.9565708794129132
32,5,0.60,0.961600841481751
32,5,0.65,0.9525083935656073
32,5,0.70,0.9694109667442293
32,5,0.75,0.9518946869994527
32,5,0.80,0.9694422713218454
32,5,0.85,0.9698969746732508
32,5,0.90,0.9727401171812845
32,5,0.95,0.9787008129087866
32,6,0.05,0.9579212785882065
32,6,0.10,-3.730973593562779
32,6,0.15,0.8794700897238663
32,6,0.20,0.9010168196819942
32,6,0.25,0.9255785230521272
32,6,0.30,0.976399969817848
32,6,0.35,0.9486164819894858
32,6,0.40,0.9404077057989599
32,6,0.45,0.9413066971752586
32,6,0.50,0.9500981005873095
32,6,0.55,0.9602240624478602
32,6,0.60,0.9544429338003515
32,6,0.65,0.9675012735578533
32,6,0.70,0.9654654769880722
32,6,0.75,0.95847190569985
32,6,0.80,0.9791008148899449
32,6,0.85,0.963082060359949
32,6,0.90,0.9691794733997583
32,6,0.95,0.9673203863167508
32,7,0.05,0.4978089259672106
32,7,0.10,0.5286965379584869
32,7,0.15,0.6899987797006761
32,7,0.20,0.7270139977100418
32,7,0.25,0.8680309314176643
32,7,0.30,0.9765914287845292
32,7,0.35,0.8726385447756689
32,7,0.40,0.949808057398291
32,7,0.45,0.9600585649965406
32,7,0.50,0.9641800347457528
32,7,0.55,0.946085284613293
32,7,0.60,0.9574059697940176
32,7,0.65,0.8957968449027027
32,7,0.70,0.9332230315853454
32,7,0.75,0.9530434637452565
32,7,0.80,0.9587473622019771
32,7,0.85,0.943756711277416
32,7,0.90,0.9719485013830814
32,7,0.95,0.9677021034396754
32,8,0.05,0.5073070251269847
32,8,0.10,0.507032435114117
32,8,0.15,0.48887457845541904
32,8,0.20,0.8318618034545915
32,8,0.25,0.8478557439172818
32,8,0.30,0.953818782208285
32,8,0.35,0.8721497951947382
32,8,0.40,0.9338046575242918
32,8,0.45,0.9268271555213834
32,8,0.50,0.982599349988967
32,8,0.55,0.9566457624241039
32,8,0.60,0.9603835953253586
32,8,0.65,0.9673524108992222
32,8,0.70,0.9824619929235863
32,8,0.75,0.9651977186933599
32,8,0.80,0.9753139471404785
32,8,0.85,0.966669712093341
32,8,0.90,0.9793441441562943
32,8,0.95,0.969193723657926
32,9,0.05,-1.8811431189976817
32,9,0.10,0.8262456124558193
32,9,0.15,0.4748196455125292
32,9,0.20,0.958147589237479
32,9,0.25,0.9553171364145748
32,9,0.30,0.9439665956829144
32,9,0.35,0.9651144941928822
32,9,0.40,0.9112561808252987
32,9,0.45,0.9712903220852668
32,9,0.50,0.9787024236968787
32,9,0.55,0.9478100949968854
32,9,0.60,0.9597392834386133
32,9,0.65,0.9732957620871389
32,9,0.70,0.9603314789539866
32,9,0.75,0.9745336797900801
32,9,0.80,0.981188017303554
32,9,0.85,0.904050995574587
32,9,0.90,0.9810934559137472
32,9,0.95,0.9789664062866918
33,0,0.05,0.6074507947709105
33,0,0.10,0.9620358618377756
33,0,0.15,0.9169346654195167
33,0,0.20,0.9276824794376866
33,0,0.25,0.8983720993879071
33,0,0.30,0.9551047576388768
33,0,0.35,0.9724792245330365
33,0,0.40,0.9551686304304109
33,0,0.45,0.9665491774114734
33,0,0.50,0.9645579168597005
33,0,0.55,0.9860256426999796
33,0,0.60,0.9806332224867415
33,0,0.65,0.9791564117687893
33,0,0.70,0.9776919252297662
33,0,0.75,0.9850955185894407
33,0,0.80,0.9803025030537235
33,0,0.85,0.9661605680369449
33,0,0.90,0.9791815947686083
33,0,0.95,0.975537907106657
33,1,0.05,0.5227795574740799
33,1,0.10,0.9002156867642956
33,1,0.15,0.947600425045942
33,1,0.20,0.8025540735393565
33,1,0.25,0.9229524831234318
33,1,0.30,0.9745374534646916
33,1,0.35,0.9757602699935249
33,1,0.40,0.9785280015355431
33,1,0.45,0.9656183305311781
33,1,0.50,0.969186781565587
33,1,0.55,0.9595930506464626
33,1,0.60,0.9732787068457829
33,1,0.65,0.9692790167972198
33,1,0.70,0.985436716649299
33,1,0.75,0.987732651320462
33,1,0.80,0.9589679551110155
33,1,0.85,0.9669100140483076
33,1,0.90,0.9894042784690663
33,1,0.95,0.9841832867516035
33,2,0.05,0.9321567059372667
33,2,0.10,0.8750433287592545
33,2,0.15,0.49826051157353624
33,2,0.20,0.9608170938763722
33,2,0.25,0.9700206098090535
33,2,0.30,0.8100191698744823
33,2,0.35,0.8945962573834422
33,2,0.40,0.9784142621735441
33,2,0.45,0.9866865954996625
33,2,0.50,0.9701926500399422
33,2,0.55,0.9750243469562291
33,2,0.60,0.9635435281849444
33,2,0.65,0.9559395455732047
33,2,0.70,0.9800129586757288
33,2,0.75,0.9577525461128863
33,2,0.80,0.9805698222210567
33,2,0.85,0.9836755470039862
33,2,0.90,0.9584676326834569
33,2,0.95,0.9825375394791408
33,3,0.05,0.9270177210254389
33,3,0.10,0.9544215520434064
33,3,0.15,0.7857195693438281
33,3,0.20,0.8842182977535434
33,3,0.25,0.8538051328728244
33,3,0.30,0.9681142954892047
33,3,0.35,0.9482432730778471
33,3,0.40,0.9572541335195791
33,3,0.45,0.9671775215324456
33,3,0.50,0.9795116469911853
33,3,0.55,0.9848870742747302
33,3,0.60,0.954459831073583
33,3,0.65,0.9793179857485889
33,3,0.70,0.9835926552753004
33,3,0.75,0.9739134933182048
33,3,0.80,0.9788869172803606
33,3,0.85,0.9887832088996744
33,3,0.90,0.9870200579166852
33,3,0.95,0.9775125955847113
33,4,0.05,0.8553215004276282
33,4,0.10,0.7427011403960164
33,4,0.15,0.8788901665129578
33,4,0.20,0.9220364300323459
33,4,0.25,0.974435302326028
33,4,0.30,0.970471288841182
33,4,0.35,0.9613338727292354
33,4,0.40,0.9764468829031837
33,4,0.45,0.976700650172657
33,4,0.50,0.9232806836077452
33,4,0.55,0.9593158054716088
33,4,0.60,0.9742656610448012
33,4,0.65,0.979131688193023
33,4,0.70,0.97176058134601
33,4,0.75,0.9694510784808175
33,4,0.80,0.9781476168153271
33,4,0.85,0.9762319431063746
33,4,0.90,0.976033757575642
33,4,0.95,0.9767214172540271
33,5,0.05,0.8387125265592471
33,5,0.10,0.9172688608523464
33,5,0.15,0.966131148232871
33,5,0.20,0.7927910323450033
33,5,0.25,0.805124517024845
33,5,0.30,0.8747896341578388
33,5,0.35,0.9652521710833392
33,5,0.40,0.9787831917538327
33,5,0.45,0.9531550750358786
33,5,0.50,0.9536294323273403
33,5,0.55,0.9593665980870748
33,5,0.60,0.966367102614509
33,5,0.65,0.9876328216092415
33,5,0.70,0.973111189916159
33,5,0.75,0.9814100402856393
33,5,0.80,0.9797293045663429
33,5,0.85,0.9800159435123219
33,5,0.90,0.9858723078283498
33,5,0.95,0.9563886472144941
33,6,0.05,0.9657201005465237
33,6,0.10,0.9439669314666026
33,6,0.15,0.9629956793346093
33,6,0.20,0.8561102119024835
33,6,0.25,0.8369467573420132
33,6,0.30,0.8084121488994743
33,6,0.35,0.9377380089735924
33,6,0.40,0.9783491440619371
33,6,0.45,0.967903185008018
33,6,0.50,0.9732765358236228
33,6,0.55,0.9560482367101433
33,6,0.60,0.951644571736267
33,6,0.65,0.9685166293011698
33,6,0.70,0.9474099335853735
33,6,0.75,0.9622580492221903
33,6,0.80,0.9928378405586258
33,6,0.85,0.9772978137443294
33,6,0.90,0.952712125918501
33,6,0.95,0.9847881154780267
33,7,0.05,0.4008651979984027
33,7,0.10,0.8373573306754415
33,7,0.15,0.7439264196017725
33,7,0.20,0.9063159091832695
33,7,0.25,0.9030999713688894
33,7,0.30,0.9536029645233549
33,7,0.35,0.9287606884320185
33,7,0.40,0.96762814819409
33,7,0.45,0.9659180432267994
33,7,0.50,0.9703114557113939
33,7,0.55,0.9540599176394641
33,7,0.60,0.9726766254142151
33,7,0.65,0.9588378648065774
33,7,0.70,0.9771080085969999
33,7,0.75,0.9796726533321855
33,7,0.80,0.9530034884843949
33,7,0.85,0.9551680871353276
33,7,0.90,0.9851404081174095
33,7,0.95,0.9797272983305224
33,8,0.05,0.9195608301636525
33,8,0.10,0.8005146203867468
33,8,0.15,0.8556017885117037
33,8,0.20,0.9154454292538158
33,8,0.25,0.9459412923779709
33,8,0.30,0.9720817525847243
33,8,0.35,0.9285082692267389
33,8,0.40,0.9303676273750916
33,8,0.45,0.9828644857509449
33,8,0.50,0.9540363805859404
33,8,0.55,0.9761766990661992
33,8,0.60,0.9703462600037267
33,8,0.65,0.9763322377663174
33,8,0.70,0.9724795707979178
33,8,0.75,0.9861326550105622
33,8,0.80,0.9724760865416932
33,8,0.85,0.8953915588857497
33,8,0.90,0.9866224947230277
33,8,0.95,0.9556584543676736
33,9,0.05,0.9135998397683311
33,9,0.10,0.9682317551728921
33,9,0.15,0.6338755901634624
33,9,0.20,0.9609032525585215
33,9,0.25,0.9477459642695754
33,9,0.30,0.9406283516481838
33,9,0.35,0.9553815194123323
33,9,0.40,0.9824178265834302
33,9,0.45,0.972657081718128
33,9,0.50,0.9303001024707923
33,9,0.55,0.9673523983615513
33,9,0.60,0.9881186496373077
33,9,0.65,0.967481445536572
33,9,0.70,0.9826738041451384
33,9,0.75,0.9515045618377662
33,9,0.80,0.9598757102162038
33,9,0.85,0.9765059212220308
33,9,0.90,0.9765974150032571
33,9,0.95,0.9760458061974342
34,0,0.05,0.10878750643094048
34,0,0.10,0.5483999875310765
34,0,0.15,0.8709396127004216
34,0,0.20,0.5614729326782897
34,0,0.25,0.9467226481305749
34,0,0.30,0.9263454533171217
34,0,0.35,0.9541149736837322
34,0,0.40,0.8759345520092269
34,0,0.45,0.9728681463241874
34,0,0.50,0.9467461354991537
34,0,0.55,0.992421012766447
34,0,0.60,0.9889894022139537
34,0,0.65,0.9897642980220032
34,0,0.70,0.9856993606155393
34,0,0.75,0.9422928095616941
34,0,0.80,0.9863993647373425
34,0,0.85,0.9788888168115454
34,0,0.90,0.9905474993183131
34,0,0.95,0.9692162256330674
34,1,0.05,-0.16335621876918527
34,1,0.10,0.7205123698830437
34,1,0.15,0.9702665347352328
34,1,0.20,0.935311156906982
34,1,0.25,0.28307082570616493
34,1,0.30,0.6030450550288218
34,1,0.35,0.978133851296129
34,1,0.40,0.9374222446882616
34,1,0.45,0.9772865328371595
34,1,0.50,0.9360588489275513
34,1,0.55,0.958619553201579
34,1,0.60,0.9503070874971633
34,1,0.65,0.9698010951183919
34,1,0.70,0.9692748101527477
34,1,0.75,0.9708883126184913
34,1,0.80,0.9752383085600544
34,1,0.85,0.9741796140644471
34,1,0.90,0.9676642176158132
34,1,0.95,0.9761303438131961
34,2,0.05,0.458537303629562
34,2,0.10,0.6501635753244003
34,2,0.15,0.8943661152605207
34,2,0.20,0.9322123224783405
34,2,0.25,0.9366116216817687
34,2,0.30,0.964986878656822
34,2,0.35,0.9519834382686934
34,2,0.40,0.9689313083812807
34,2,0.45,0.9506241505155013
34,2,0.50,0.9468807288118686
34,2,0.55,0.9811944466531755
34,2,0.60,0.9459254925419511
34,2,0.65,0.9792856398270543
34,2,0.70,0.9704176591951785
34,2,0.75,0.9276192835230876
34,2,0.80,0.9827217605654506
34,2,0.85,0.9798670068573486
34,2,0.90,0.9812057362517772
34,2,0.95,0.9797106995501831
34,3,0.05,0.9333862908717531
34,3,0.10,0.5770318206354318
34,3,0.15,0.961455256327274
34,3,0.20,0.952885700893201
34,3,0.25,0.6382924966028991
34,3,0.30,0.9873007992703878
34,3,0.35,0.9586449902222093
34,3,0.40,0.9815414890324726
34,3,0.45,0.9089955007622323
34,3,0.50,0.9690687489371002
34,3,0.55,0.9492118488427317
34,3,0.60,0.9756215713301484
34,3,0.65,0.9781026964526489
34,3,0.70,0.9819432574556318
34,3,0.75,0.9747144996204816
34,3,0.80,0.9795992153012123
34,3,0.85,0.9596941060359023
34,3,0.90,0.9782253737061224
34,3,0.95,0.9678415877578276
34,4,0.05,0.5284271340571971
34,4,0.10,0.5626664065014751
34,4,0.15,0.9181892629207646
34,4,0.20,0.9690439203779064
34,4,0.25,0.9221273648734545
34,4,0.30,0.9186542331879715
34,4,0.35,0.8686606088882048
34,4,0.40,0.9608971391558668
34,4,0.45,0.9531357945974109
34,4,0.50,0.9602933106006658
34,4,0.55,0.9494467821989457
34,4,0.60,0.9352584655898399
34,4,0.65,0.9746679338138226
34,4,0.70,0.9741102882610747
34,4,0.75,0.9808731002315288
34,4,0.80,0.9684506475555332
34,4,0.85,0.9715834927105618
34,4,0.90,0.9679051374384713
34,4,0.95,0.980687026482895
34,5,0.05,0.3385554951238422
34,5,0.10,0.2615900120565512
34,5,0.15,0.9681363462175974
34,5,0.20,0.948995582015004
34,5,0.25,0.9333094248241699
34,5,0.30,0.5915230981210076
34,5,0.35,0.9594606232440506
34,5,0.40,0.9723335067225669
34,5,0.45,0.978601166373763
34,5,0.50,0.8680051955382614
34,5,0.55,0.9481883305500476
34,5,0.60,0.9838512229024143
34,5,0.65,0.9748139912890594
34,5,0.70,0.9792967089226434
34,5,0.75,0.978073473224083
34,5,0.80,0.9709626296920343
34,5,0.85,0.9759283497036494
34,5,0.90,0.9690607859298899
34,5,0.95,0.9657501656869635
34,6,0.05,0.9337240102031776
34,6,0.10,0.5497745827024232
34,6,0.15,0.9345205389727036
34,6,0.20,0.9202702764634627
34,6,0.25,0.8551571949531638
34,6,0.30,0.9606978112651646
34,6,0.35,0.9780914266763431
34,6,0.40,0.966714468289364
34,6,0.45,0.9143738735357295
34,6,0.50,0.9754027730363898
34,6,0.55,0.9380682139958626
34,6,0.60,0.9453369906641176
34,6,0.65,0.977820515470779
34,6,0.70,0.9697144259068411
34,6,0.75,0.9776285701576249
34,6,0.80,0.969775267368517
34,6,0.85,0.9756986716509642
34,6,0.90,0.9717224222380335
34,6,0.95,0.96840143491279
34,7,0.05,0.3026721749836324
34,7,0.10,0.8639545021597889
34,7,0.15,0.9145779137669318
34,7,0.20,0.9638319152399479
34,7,0.25,0.47373146908952213
34,7,0.30,0.9313889481777198
34,7,0.35,0.7084018864066882
34,7,0.40,0.9560130196637098
34,7,0.45,0.9733012957492586
34,7,0.50,0.9633143810509938
34,7,0.55,0.983358014237232
34,7,0.60,0.9155792029791582
34,7,0.65,0.9779886193204498
34,7,0.70,0.984774846120537
34,7,0.75,0.9544265117945663
34,7,0.80,0.9705238522396192
34,7,0.85,0.9803126701951589
34,7,0.90,0.9812160398887334
34,7,0.95,0.9866647397081446
34,8,0.05,0.4912852255191533
34,8,0.10,0.8975164456351465
34,8,0.15,0.8946659477647891
34,8,0.20,0.9169973727183278
34,8,0.25,0.9629096380280292
34,8,0.30,0.9787883432247311
34,8,0.35,0.9405541737319931
34,8,0.40,0.929377476973945
34,8,0.45,0.9602341437124529
34,8,0.50,0.9464503971703372
34,8,0.55,0.949480802501034
34,8,0.60,0.9853508272409304
34,8,0.65,0.9730116966627235
34,8,0.70,0.9799175891556352
34,8,0.75,0.9667443899219804
34,8,0.80,0.9643922923484105
34,8,0.85,0.9691991675571704
34,8,0.90,0.977622226717203
34,8,0.95,0.969469214456613
34,9,0.05,0.2880570054360475
34,9,0.10,0.7580568918984791
34,9,0.15,0.8174596855764229
34,9,0.20,0.9161895332290777
34,9,0.25,0.9059460523852612
34,9,0.30,0.9240306939064273
34,9,0.35,0.9468286583804953
34,9,0.40,0.969692815081684
34,9,0.45,0.9840092042174771
34,9,0.50,0.9782227416113443
34,9,0.55,0.9758574607463938
34,9,0.60,0.9808024291631091
34,9,0.65,0.9521092968216097
34,9,0.70,0.9392718766355446
34,9,0.75,0.9766228114255374
34,9,0.80,0.960109632585514
34,9,0.85,0.9544329829499444
34,9,0.90,0.9708971228834857
34,9,0.95,0.9583680557879015
35,0,0.05,0.8282145776915876
35,0,0.10,0.9280487942935596
35,0,0.15,0.7776672533059754
35,0,0.20,0.8651062393741025
35,0,0.25,0.9082816623181729
35,0,0.30,0.8640638333734818
35,0,0.35,0.9629001232518775
35,0,0.40,0.9737720134799376
35,0,0.45,0.8934173825301241
35,0,0.50,0.9663685566493062
35,0,0.55,0.9716512428493901
35,0,0.60,0.9389779332624024
35,0,0.65,0.9639699670953008
35,0,0.70,0.9704147002874348
35,0,0.75,0.9716893372081744
35,0,0.80,0.9597352275917889
35,0,0.85,0.9620148809821796
35,0,0.90,0.971423811694473
35,0,0.95,0.9685539552801985
35,1,0.05,0.8232891714955985
35,1,0.10,0.7081171600613974
35,1,0.15,0.8351474389300444
35,1,0.20,0.8508912248154401
35,1,0.25,0.9559454495506708
35,1,0.30,0.9803013957536171
35,1,0.35,0.9660855358066994
35,1,0.40,0.9030546807622254
35,1,0.45,0.9638187531524667
35,1,0.50,0.9689200721948782
35,1,0.55,0.9627339991275498
35,1,0.60,0.9148900074346494
35,1,0.65,0.9484737735378008
35,1,0.70,0.970990848984391
35,1,0.75,0.9760917194169336
35,1,0.80,0.927954041879828
35,1,0.85,0.9476873997175208
35,1,0.90,0.9540697360445459
35,1,0.95,0.9643134493662205
35,2,0.05,0.6081983990683462
35,2,0.10,0.9433710698702142
35,2,0.15,0.9718064606510889
35,2,0.20,0.9169517097052421
35,2,0.25,0.8485172639675139
35,2,0.30,0.9240682645365439
35,2,0.35,0.9501488167409524
35,2,0.40,0.9629454824348793
35,2,0.45,0.944741072973601
35,2,0.50,0.9671065435194933
35,2,0.55,0.9892060604975543
35,2,0.60,0.981808592109206
35,2,0.65,0.9747594782983897
35,2,0.70,0.9693383612802938
35,2,0.75,0.9670161532093873
35,2,0.80,0.9746884186460466
35,2,0.85,0.9688872026950311
35,2,0.90,0.9729765462446994
35,2,0.95,0.9776500190581365
35,3,0.05,0.947883895597614
35,3,0.10,0.9105731713890668
35,3,0.15,0.9418038918839631
35,3,0.20,0.8637672901171995
35,3,0.25,0.8608165985402768
35,3,0.30,0.7760396423428676
35,3,0.35,0.9583889420768151
35,3,0.40,0.9588805143170261
35,3,0.45,0.9606408548353915
35,3,0.50,0.9573925177344929
35,3,0.55,0.9764898274810057
35,3,0.60,0.9660828852086455
35,3,0.65,0.97253890402098
35,3,0.70,0.9574465682865261
35,3,0.75,0.9736976316303039
35,3,0.80,0.9838215071745616
35,3,0.85,0.989668924027366
35,3,0.90,0.9819008895740916
35,3,0.95,0.9763788197841248
35,4,0.05,0.6034997805760115
35,4,0.10,0.8079904451343092
35,4,0.15,0.6851846401131649
35,4,0.20,0.9472206835315794
35,4,0.25,0.8310931252764774
35,4,0.30,0.8395476800160888
35,4,0.35,0.93940140198727
35,4,0.40,0.9387575519562222
35,4,0.45,0.9761598330739353
35,4,0.50,0.9864052764040776
35,4,0.55,0.9661006941170296
35,4,0.60,0.9548108237454166
35,4,0.65,0.9552741796290347
35,4,0.70,0.9710840257805923
35,4,0.75,0.9700330944097437
35,4,0.80,0.9823992826687403
35,4,0.85,0.961459558460517
35,4,0.90,0.961911806989196
35,4,0.95,0.9764708950611868
35,5,0.05,0.08098762547037497
35,5,0.10,0.14526437616003673
35,5,0.15,0.9496702388099394
35,5,0.20,0.9342078353143117
35,5,0.25,0.88572414604286
35,5,0.30,0.9555214576884189
35,5,0.35,0.9533522702348597
35,5,0.40,0.943303858896174
35,5,0.45,0.9660381021627886
35,5,0.50,0.9261717620747038
35,5,0.55,0.9651394969344718
35,5,0.60,0.966183716518126
35,5,0.65,0.9697176719113014
35,5,0.70,0.9852242275697481
35,5,0.75,0.9826004617848844
35,5,0.80,0.9627408433230769
35,5,0.85,0.9851426004776808
35,5,0.90,0.9821905766175577
35,5,0.95,0.9734917241238282
35,6,0.05,0.9624406424991154
35,6,0.10,0.9147626578557297
35,6,0.15,0.932316019233481
35,6,0.20,0.8203103923708208
35,6,0.25,0.7964227081750086
35,6,0.30,0.9702250029873677
35,6,0.35,0.9044105294188175
35,6,0.40,0.8661332414015375
35,6,0.45,0.967932597960182
35,6,0.50,0.9783933250207163
35,6,0.55,0.9707057440733438
35,6,0.60,0.9329756231560566
35,6,0.65,0.9543947719779184
35,6,0.70,0.9566262075437696
35,6,0.75,0.9623819487027916
35,6,0.80,0.9753975302690712
35,6,0.85,0.9684157722892436
35,6,0.90,0.9644673045476498
35,6,0.95,0.9678899776520625
35,7,0.05,0.9330610762735502
35,7,0.10,0.9664084716653386
35,7,0.15,0.8077443316323705
35,7,0.20,0.9410626654577977
35,7,0.25,0.922945590712268
35,7,0.30,0.9577698599550565
35,7,0.35,0.9673558963837362
35,7,0.40,0.9817712562528832
35,7,0.45,0.9801842234467552
35,7,0.50,0.9798431899481079
35,7,0.55,0.9627848576512918
35,7,0.60,0.9737833854576081
35,7,0.65,0.9612129547278099
35,7,0.70,0.9216389068494052
35,7,0.75,0.9794099197534376
35,7,0.80,0.9653311173304071
35,7,0.85,0.9752187581395412
35,7,0.90,0.9710824002139771
35,7,0.95,0.9720042770762615
35,8,0.05,0.6089335843501453
35,8,0.10,0.970878001062714
35,8,0.15,0.8146916454863506
35,8,0.20,0.9348778793562503
35,8,0.25,0.9452060482696569
35,8,0.30,0.9639920604294325
35,8,0.35,0.8835053453159915
35,8,0.40,0.9396839449964479
35,8,0.45,0.9742142932044076
35,8,0.50,0.9810629219330983
35,8,0.55,0.9752413462632842
35,8,0.60,0.9812528544978241
35,8,0.65,0.9825737240811434
35,8,0.70,0.9749497323005129
35,8,0.75,0.9857716968840319
35,8,0.80,0.9813721348188528
35,8,0.85,0.9599987234658465
35,8,0.90,0.9653511231269065
35,8,0.95,0.9757479863759938
35,9,0.05,0.5770463196817933
35,9,0.10,0.7116067063483764
35,9,0.15,0.9173882137007133
35,9,0.20,0.917259266041012
35,9,0.25,0.8167759711682654
35,9,0.30,0.9060368380837042
35,9,0.35,0.9618472215120359
35,9,0.40,0.970390459616152
35,9,0.45,0.9689463547822402
35,9,0.50,0.965273399766125
35,9,0.55,0.9790858574208933
35,9,0.60,0.9638902696802042
35,9,0.65,0.9549708271485255
35,9,0.70,0.9736290497416668
35,9,0.75,0.9601010058925976
35,9,0.80,0.9619183318248397
35,9,0.85,0.9678218931736691
35,9,0.90,0.9691262590784755
35,9,0.95,0.9726524971510007
36,0,0.05,0.95284678400337
36,0,0.10,0.9130187934576042
36,0,0.15,0.917094356329941
36,0,0.20,0.8978098057810249
36,0,0.25,0.9284965028392633
36,0,0.30,0.9659773756495682
36,0,0.35,0.9495692988064061
36,0,0.40,0.9783285291508544
36,0,0.45,0.9607962366785912
36,0,0.50,0.974929556001195
36,0,0.55,0.9658936523827695
36,0,0.60,0.9777117826904496
36,0,0.65,0.9776679459918474
36,0,0.70,0.9545158562308749
36,0,0.75,0.9446042919477066
36,0,0.80,0.964759775408559
36,0,0.85,0.8998294296223507
36,0,0.90,0.9708252907958388
36,0,0.95,0.9832828153501166
36,1,0.05,0.7300432076762197
36,1,0.10,0.8128391774397143
36,1,0.15,0.8239120598241493
36,1,0.20,0.9696170358485985
36,1,0.25,0.9305414759725031
36,1,0.30,0.9632170263627717
36,1,0.35,0.9442308306802891
36,1,0.40,0.8928897151447853
36,1,0.45,0.957959882927532
36,1,0.50,0.9683161736306026
36,1,0.55,0.9792569386099562
36,1,0.60,0.9661937840684787
36,1,0.65,0.9806492331606671
36,1,0.70,0.9219974338267012
36,1,0.75,0.9817739994113623
36,1,0.80,0.9422686306278552
36,1,0.85,0.9543584083489957
36,1,0.90,0.9836915371581039
36,1,0.95,0.9719221314260188
36,2,0.05,0.8078048595261003
36,2,0.10,0.9708680254761712
36,2,0.15,0.96261606429156
36,2,0.20,0.9560441004130268
36,2,0.25,0.5643613103454654
36,2,0.30,0.7243853632322445
36,2,0.35,0.6114348345281149
36,2,0.40,0.8702616253421492
36,2,0.45,0.9376174619855929
36,2,0.50,0.9545373680796425
36,2,0.55,0.9872208051948368
36,2,0.60,0.9762338671437544
36,2,0.65,0.9747293412695374
36,2,0.70,0.9638820787163596
36,2,0.75,0.9807257631061463
36,2,0.80,0.9668492191906986
36,2,0.85,0.964005356992595
36,2,0.90,0.9755734923522721
36,2,0.95,0.9806093739840509
36,3,0.05,0.8975427582243917
36,3,0.10,0.9590902568037802
36,3,0.15,0.4793430620709327
36,3,0.20,0.9430729948952543
36,3,0.25,0.8629365984227004
36,3,0.30,0.8932610389671891
36,3,0.35,0.8222173200569604
36,3,0.40,0.9626017270146978
36,3,0.45,0.9507566104355987
36,3,0.50,0.941237482360666
36,3,0.55,0.9695458690044509
36,3,0.60,0.98207397876606
36,3,0.65,0.9551455654422258
36,3,0.70,0.9792438208435171
36,3,0.75,0.9647197058613243
36,3,0.80,0.9783659430922836
36,3,0.85,0.9681238781497785
36,3,0.90,0.9751171009067352
36,3,0.95,0.969235980179394
36,4,0.05,0.814060038058019
36,4,0.10,0.8143614778661477
36,4,0.15,0.6740370265829496
36,4,0.20,0.918449710104935
36,4,0.25,0.7399540102472677
36,4,0.30,0.7868994330893206
36,4,0.35,0.7934277779097676
36,4,0.40,0.9830206863534269
36,4,0.45,0.9776022457384033
36,4,0.50,0.9777981904057247
36,4,0.55,0.9811346800584194
36,4,0.60,0.9625454911422849
36,4,0.65,0.9798662043346142
36,4,0.70,0.9566732383192758
36,4,0.75,0.9849119191028319
36,4,0.80,0.947475832354137
36,4,0.85,0.9765463854530486
36,4,0.90,0.9642614382709918
36,4,0.95,0.9791859001055823
36,5,0.05,0.16227146795665548
36,5,0.10,0.5818129015248932
36,5,0.15,0.767873606001353
36,5,0.20,0.8604471462579866
36,5,0.25,0.8317591480978497
36,5,0.30,0.7479894194018208
36,5,0.35,0.9489902892859194
36,5,0.40,0.952290246367029
36,5,0.45,0.9875468444256623
36,5,0.50,0.9818548157872825
36,5,0.55,0.9879425561107916
36,5,0.60,0.9567953501319801
36,5,0.65,0.9847777955039434
36,5,0.70,0.9882160152481292
36,5,0.75,0.9780614493549505
36,5,0.80,0.9723900103233739
36,5,0.85,0.9855576449542989
36,5,0.90,0.9782988517167376
36,5,0.95,0.986554519595213
36,6,0.05,0.9715040938770719
36,6,0.10,0.9339185218261986
36,6,0.15,0.9475698500980506
36,6,0.20,0.9656940049235768
36,6,0.25,0.7999560604552096
36,6,0.30,0.787130290206791
36,6,0.35,0.9570619806320365
36,6,0.40,0.9067975959386478
36,6,0.45,0.9578897041497471
36,6,0.50,0.9582218418201478
36,6,0.55,0.9836954712378698
36,6,0.60,0.9638010037067369
36,6,0.65,0.9402703891262172
36,6,0.70,0.9708894120521762
36,6,0.75,0.9519667985525063
36,6,0.80,0.9858433211938088
36,6,0.85,0.9769060625130093
36,6,0.90,0.9785117111169165
36,6,0.95,0.9883905852564185
36,7,0.05,0.9488849977048628
36,7,0.10,0.8303362929658107
36,7,0.15,0.6521715878942588
36,7,0.20,0.7249812906082236
36,7,0.25,0.9482669003414528
36,7,0.30,0.9705721488818817
36,7,0.35,0.9568635260466132
36,7,0.40,0.8460099355624358
36,7,0.45,0.9636652327469877
36,7,0.50,0.9589052502519579
36,7,0.55,0.9814995491346529
36,7,0.60,0.9819885019122266
36,7,0.65,0.9780388817404935
36,7,0.70,0.9528975038414401
36,7,0.75,0.9768493900114961
36,7,0.80,0.9177657769596754
36,7,0.85,0.9714893477873064
36,7,0.90,0.9856129239034157
36,7,0.95,0.9794250068902431
36,8,0.05,0.7815876664668804
36,8,0.10,0.95246692507709
36,8,0.15,0.7391530117196539
36,8,0.20,0.8142837312814577
36,8,0.25,0.8016072890298214
36,8,0.30,0.9109054981190219
36,8,0.35,0.7959093076041739
36,8,0.40,0.8301479917997698
36,8,0.45,0.9747919608938217
36,8,0.50,0.9736707100025733
36,8,0.55,0.888976370672777
36,8,0.60,0.964629895335471
36,8,0.65,0.93488628449788
36,8,0.70,0.9680074206017178
36,8,0.75,0.9783933940831622
36,8,0.80,0.9848860945205009
36,8,0.85,0.9508246457393688
36,8,0.90,0.9859141090198374
36,8,0.95,0.9664546917109883
36,9,0.05,-0.1310528781261533
36,9,0.10,0.6933966835593699
36,9,0.15,0.9525988882708634
36,9,0.20,0.850817276500206
36,9,0.25,0.8578242430735402
36,9,0.30,0.9190712060098338
36,9,0.35,0.9289842191490288
36,9,0.40,0.9492429775476918
36,9,0.45,0.9494684663873109
36,9,0.50,0.9678003620368623
36,9,0.55,0.957302157060797
36,9,0.60,0.9722984544705611
36,9,0.65,0.9849242855237255
36,9,0.70,0.9280617446918709
36,9,0.75,0.9880197682448166
36,9,0.80,0.9349682990333295
36,9,0.85,0.977632379779466
36,9,0.90,0.970335386603587
36,9,0.95,0.9710558275603947
37,0,0.05,0.9896556031425933
37,0,0.10,0.5890880418702746
37,0,0.15,0.9318889190810261
37,0,0.20,0.7977073219615904
37,0,0.25,0.8942658171171703
37,0,0.30,0.9510916999587001
37,0,0.35,0.9540217472538911
37,0,0.40,0.963335716839993
37,0,0.45,0.9438084601480241
37,0,0.50,0.9821505655375502
37,0,0.55,0.9744524789994413
37,0,0.60,0.9575314885061695
37,0,0.65,0.9777203021196637
37,0,0.70,0.9844076028589315
37,0,0.75,0.9753355158553029
37,0,0.80,0.9764358297893228
37,0,0.85,0.9769841894244231
37,0,0.90,0.9477146510127143
37,0,0.95,0.9797052970391716
37,1,0.05,0.826660735063135
37,1,0.10,0.9650278824293282
37,1,0.15,0.9630807018082579
37,1,0.20,0.6062705832405466
37,1,0.25,0.8670806962232709
37,1,0.30,0.6783849648122005
37,1,0.35,0.9718476240331504
37,1,0.40,0.9808055402133642
37,1,0.45,0.9559952881562235
37,1,0.50,0.954990734880414
37,1,0.55,0.9751789923753553
37,1,0.60,0.9812972939688662
37,1,0.65,0.9640369421633664
37,1,0.70,0.9811022743756317
37,1,0.75,0.9679176484376419
37,1,0.80,0.9573347441639807
37,1,0.85,0.9808643141595054
37,1,0.90,0.973765063391796
37,1,0.95,0.9785277309678875
37,2,0.05,0.1332153236251391
37,2,0.10,0.9094007892168625
37,2,0.15,0.862594156665202
37,2,0.20,0.9639786085647186
37,2,0.25,0.7448748034679635
37,2,0.30,0.9526360768121924
37,2,0.35,0.9525807039050164
37,2,0.40,0.9532782881924867
37,2,0.45,0.969066223731434
37,2,0.50,0.9649365281584605
37,2,0.55,0.9797460496155723
37,2,0.60,0.970925432566105
37,2,0.65,0.9812482031912187
37,2,0.70,0.9738868405265443
37,2,0.75,0.975230361784193
37,2,0.80,0.9809429937817553
37,2,0.85,0.9846789800939573
37,2,0.90,0.9803820228521372
37,2,0.95,0.9836104328638613
37,3,0.05,0.5046560682182679
37,3,0.10,0.9264591301338976
37,3,0.15,0.9185617729538103
37,3,0.20,0.9507385420624838
37,3,0.25,0.8382656980307894
37,3,0.30,0.9740277297770301
37,3,0.35,0.9833317719755816
37,3,0.40,0.965106115767765
37,3,0.45,0.9496884984374863
37,3,0.50,0.968062904849661
37,3,0.55,0.9768376432824503
37,3,0.60,0.985458706611207
37,3,0.65,0.9695020637172135
37,3,0.70,0.9599160308152946
37,3,0.75,0.9652284640324653
37,3,0.80,0.9797965691174527
37,3,0.85,0.9844757302439635
37,3,0.90,0.9720050366489613
37,3,0.95,0.9776134461856656
37,4,0.05,-0.5158312930244005
37,4,0.10,0.8704064957051814
37,4,0.15,0.9066053301819624
37,4,0.20,0.6101127195795331
37,4,0.25,0.8884498507829243
37,4,0.30,0.9593700941331769
37,4,0.35,0.9738552464818683
37,4,0.40,0.9554127171651559
37,4,0.45,0.978080544036885
37,4,0.50,0.9561211789640653
37,4,0.55,0.9639874512844137
37,4,0.60,0.9596443589735083
37,4,0.65,0.9645242225813735
37,4,0.70,0.9703667767858416
37,4,0.75,0.9742788674127042
37,4,0.80,0.9704263918364612
37,4,0.85,0.9766950388939832
37,4,0.90,0.9684230965217729
37,4,0.95,0.980598857024822
37,5,0.05,0.985978457787188
37,5,0.10,0.9684888002644991
37,5,0.15,0.8932705653344477
37,5,0.20,0.9305647361099064
37,5,0.25,0.9721270560239844
37,5,0.30,0.9145201586763908
37,5,0.35,0.8873908163423383
37,5,0.40,0.9200360801977424
37,5,0.45,0.9588003738776942
37,5,0.50,0.9815090853910025
37,5,0.55,0.9620239959478583
37,5,0.60,0.963194834979664
37,5,0.65,0.9588070086663889
37,5,0.70,0.9611479982845978
37,5,0.75,0.9755343295119394
37,5,0.80,0.9721432582435168
37,5,0.85,0.9808966157718794
37,5,0.90,0.9762189834379394
37,5,0.95,0.9749990707415415
37,6,0.05,0.9198110949694263
37,6,0.10,0.908359578161381
37,6,0.15,0.9330249635363458
37,6,0.20,0.3106749226868746
37,6,0.25,0.8604722417699548
37,6,0.30,0.8398038905324484
37,6,0.35,0.9777271956843313
37,6,0.40,0.974026287321935
37,6,0.45,0.8969540553541893
37,6,0.50,0.9721229316898937
37,6,0.55,0.9849442536425141
37,6,0.60,0.9759387070707265
37,6,0.65,0.967737599425645
37,6,0.70,0.9585026707129697
37,6,0.75,0.9859234400057144
37,6,0.80,0.9645357716857772
37,6,0.85,0.9644992965520642
37,6,0.90,0.9742259488725313
37,6,0.95,0.9757430271518202
37,7,0.05,0.9742165100333278
37,7,0.10,0.9200325676155654
37,7,0.15,0.8746845254059116
37,7,0.20,0.5533157831210302
37,7,0.25,0.8495826470192014
37,7,0.30,0.9039772402547667
37,7,0.35,0.9461517377517084
37,7,0.40,0.9554540061741448
37,7,0.45,0.9340098468298563
37,7,0.50,0.9728699037759303
37,7,0.55,0.9709689693869042
37,7,0.60,0.9736967767947718
37,7,0.65,0.9620476473972415
37,7,0.70,0.988481242666589
37,7,0.75,0.9746315964791439
37,7,0.80,0.9841105281493654
37,7,0.85,0.982975894678983
37,7,0.90,0.9716329938377615
37,7,0.95,0.9758416973467235
37,8,0.05,0.6972408972501463
37,8,0.10,0.8658454361167884
37,8,0.15,0.9548763204243039
37,8,0.20,0.9386893702202377
37,8,0.25,0.9758068169317584
37,8,0.30,0.9536388444626558
37,8,0.35,0.9652306409898936
37,8,0.40,0.9543564794557262
37,8,0.45,0.9602681587677663
37,8,0.50,0.9802063449561298
37,8,0.55,0.9789797716612617
37,8,0.60,0.9558536946354819
37,8,0.65,0.9599336052702536
37,8,0.70,0.9754969608223785
37,8,0.75,0.9873972520943937
37,8,0.80,0.9878232107972709
37,8,0.85,0.9911094625663589
37,8,0.90,0.991527230858671
37,8,0.95,0.9931441188388417
37,9,0.05,0.8225146947278632
37,9,0.10,0.9656841567503692
37,9,0.15,0.9283225459737049
37,9,0.20,0.7021533690125148
37,9,0.25,0.9580779208734491
37,9,0.30,0.9445033432522589
37,9,0.35,0.9536753881494111
37,9,0.40,0.9870135673314249
37,9,0.45,0.966994432629732
37,9,0.50,0.9793575864117804
37,9,0.55,0.9789511094164777
37,9,0.60,0.9706593645913119
37,9,0.65,0.9768746468536652
37,9,0.70,0.9601597105495935
37,9,0.75,0.976815736918366
37,9,0.80,0.9739987211488439
37,9,0.85,0.9700638637089454
37,9,0.90,0.9734439265401884
37,9,0.95,0.9719896437429657
38,0,0.05,0.3444957326467353
38,0,0.10,0.6166038456851363
38,0,0.15,0.9283857597585281
38,0,0.20,0.97797606719142
38,0,0.25,0.9335130306789827
38,0,0.30,0.9357426901536056
38,0,0.35,0.9348304806846961
38,0,0.40,0.9202520645544127
38,0,0.45,0.8665978085100654
38,0,0.50,0.9520036164596881
38,0,0.55,0.9234154179744051
38,0,0.60,0.9569836527792727
38,0,0.65,0.9753855773066292
38,0,0.70,0.9822452834404506
38,0,0.75,0.9718878708232105
38,0,0.80,0.9790796272439397
38,0,0.85,0.9746523970648362
38,0,0.90,0.9876534304516513
38,0,0.95,0.9674284965269545
38,1,0.05,-0.6004381459975043
38,1,0.10,0.9405104616429454
38,1,0.15,0.9177464203476995
38,1,0.20,0.9105074048101738
38,1,0.25,0.6977790773105943
38,1,0.30,0.8904989162977491
38,1,0.35,0.6910378976079299
38,1,0.40,0.970237102621426
38,1,0.45,0.9588146830230814
38,1,0.50,0.9442479529653557
38,1,0.55,0.9754459660133186
38,1,0.60,0.9614755656396814
38,1,0.65,0.9493779584135416
38,1,0.70,0.9794661176323856
38,1,0.75,0.9702300496222049
38,1,0.80,0.9807635912079048
38,1,0.85,0.9422840609607646
38,1,0.90,0.9874763154700091
38,1,0.95,0.9887069667905138
38,2,0.05,0.5578449227854494
38,2,0.10,0.7816532839630956
38,2,0.15,0.8425499106956409
38,2,0.20,0.9029265349623399
38,2,0.25,0.8780375260772503
38,2,0.30,0.9245866617993064
38,2,0.35,0.8453575655656648
38,2,0.40,0.925828804397886
38,2,0.45,0.9665470757796503
38,2,0.50,0.9581927088425002
38,2,0.55,0.9816460372240883
38,2,0.60,0.9663674969993898
38,2,0.65,0.9833250546387898
38,2,0.70,0.9737699232202676
38,2,0.75,0.9676075802385878
38,2,0.80,0.9766820779114301
38,2,0.85,0.9696062123510372
38,2,0.90,0.9757336774115792
38,2,0.95,0.9674677511255919
38,3,0.05,0.4534459589613581
38,3,0.10,0.9431722187638067
38,3,0.15,0.9241534493981558
38,3,0.20,0.9449607700489477
38,3,0.25,0.5936833664294199
38,3,0.30,0.9523038069802268
38,3,0.35,0.8987868270987445
38,3,0.40,0.8963385633109415
38,3,0.45,0.8820733002631299
38,3,0.50,0.9440304888115115
38,3,0.55,0.9533604395053681
38,3,0.60,0.968476845084912
38,3,0.65,0.9397230921974261
38,3,0.70,0.9566933561724792
38,3,0.75,0.9576756641657787
38,3,0.80,0.9159206885321638
38,3,0.85,0.9806599477908938
38,3,0.90,0.9674175000422582
38,3,0.95,0.9782312774543535
38,4,0.05,0.11993225482457326
38,4,0.10,0.7219055706902844
38,4,0.15,0.6274374069940969
38,4,0.20,0.8780330963822982
38,4,0.25,0.9512012625277597
38,4,0.30,0.8633524564401629
38,4,0.35,0.8800024692984875
38,4,0.40,0.8905028212191103
38,4,0.45,0.8929288708596904
38,4,0.50,0.8706358682323583
38,4,0.55,0.9689040746160466
38,4,0.60,0.9745584580436568
38,4,0.65,0.9641650767240765
38,4,0.70,0.9674367013107598
38,4,0.75,0.9751901636622008
38,4,0.80,0.9702444285543488
38,4,0.85,0.9751217350751034
38,4,0.90,0.9745720218725696
38,4,0.95,0.9794999476018145
38,5,0.05,0.6049769625337775
38,5,0.10,0.6498905591525947
38,5,0.15,0.9044437605497537
38,5,0.20,0.9802626349926997
38,5,0.25,0.9344109324223769
38,5,0.30,0.7260246884168798
38,5,0.35,0.8306889247247141
38,5,0.40,0.9625924704597331
38,5,0.45,0.9214138956383371
38,5,0.50,0.9639033718522569
38,5,0.55,0.941672680686783
38,5,0.60,0.9451705778293351
38,5,0.65,0.9610277050683657
38,5,0.70,0.9438643448279015
38,5,0.75,0.962460650198736
38,5,0.80,0.9622405866320511
38,5,0.85,0.9710170667707365
38,5,0.90,0.9585485088138491
38,5,0.95,0.9761670031497237
38,6,0.05,0.9462534480253151
38,6,0.10,0.9672822272710677
38,6,0.15,0.9281660683392456
38,6,0.20,0.7466159841724516
38,6,0.25,0.8832647930164045
38,6,0.30,0.9460960998688548
38,6,0.35,0.9422985398746505
38,6,0.40,0.9486869776576989
38,6,0.45,0.9102044143657808
38,6,0.50,0.9569995464675055
38,6,0.55,0.9743144873717605
38,6,0.60,0.974470493109436
38,6,0.65,0.9413431308142473
38,6,0.70,0.9718919458301071
38,6,0.75,0.951736627211047
38,6,0.80,0.9733958587698903
38,6,0.85,0.9719891916740238
38,6,0.90,0.9791465687927035
38,6,0.95,0.9641866623632747
38,7,0.05,0.6841945118946338
38,7,0.10,0.9698174331734755
38,7,0.15,0.7310278163800517
38,7,0.20,0.8845672212984559
38,7,0.25,0.653334698422164
38,7,0.30,0.947042838858242
38,7,0.35,0.5940366292281367
38,7,0.40,0.947600976092016
38,7,0.45,0.8529220811217464
38,7,0.50,0.9765232576632527
38,7,0.55,0.964338874421751
38,7,0.60,0.9261087499488941
38,7,0.65,0.9571604434764092
38,7,0.70,0.9729962861224254
38,7,0.75,0.9601230832436383
38,7,0.80,0.9685453164885642
38,7,0.85,0.9807058268578763
38,7,0.90,0.9423951100777164
38,7,0.95,0.9723650755260813
38,8,0.05,0.5130016952488101
38,8,0.10,0.9225752682439627
38,8,0.15,0.9410572088726814
38,8,0.20,0.9293232042666937
38,8,0.25,0.9442908288369706
38,8,0.30,0.9083431108758699
38,8,0.35,0.8743606663475315
38,8,0.40,0.9498750864126304
38,8,0.45,0.9243035697028844
38,8,0.50,0.950836991974527
38,8,0.55,0.9569125763665374
38,8,0.60,0.9776058677771844
38,8,0.65,0.9605728973599161
38,8,0.70,0.9780812763869415
38,8,0.75,0.983818000544907
38,8,0.80,0.9784784060221122
38,8,0.85,0.9861480398563794
38,8,0.90,0.9801939442630637
38,8,0.95,0.9766457216351003
38,9,0.05,0.6024497829064526
38,9,0.10,0.8981111610615364
38,9,0.15,0.9317057126761157
38,9,0.20,0.9463406781274895
38,9,0.25,0.9418109394794738
38,9,0.30,0.937958140161139
38,9,0.35,0.8595004531843577
38,9,0.40,0.9638532429324385
38,9,0.45,0.9536326745128341
38,9,0.50,0.9385793732952108
38,9,0.55,0.9271500894810146
38,9,0.60,0.9753799801807606
38,9,0.65,0.9710380256386845
38,9,0.70,0.9437618622710984
38,9,0.75,0.9875522587970389
38,9,0.80,0.9831645198076011
38,9,0.85,0.9115787231629533
38,9,0.90,0.9718375391609726
38,9,0.95,0.9655356917489107
39,0,0.05,0.20364570018103445
39,0,0.10,0.7901450816327866
39,0,0.15,0.8960189598093885
39,0,0.20,0.894983818475477
39,0,0.25,0.7240644775541943
39,0,0.30,0.9577954361906671
39,0,0.35,0.7574191802341868
39,0,0.40,0.9793907409754535
39,0,0.45,0.9371387224906425
39,0,0.50,0.9655259990234304
39,0,0.55,0.9523574592025378
39,0,0.60,0.9589696346184475
39,0,0.65,0.9815943039421913
39,0,0.70,0.9728151651173508
39,0,0.75,0.9789487129585223
39,0,0.80,0.9718833184556945
39,0,0.85,0.9745010696103271
39,0,0.90,0.9624364446302732
39,0,0.95,0.9785410761993857
39,1,0.05,0.3375634158602411
39,1,0.10,0.8122630512885031
39,1,0.15,0.7707832406506403
39,1,0.20,0.458114205019744
39,1,0.25,0.919707787286334
39,1,0.30,0.9442503964912384
39,1,0.35,0.9192749519555417
39,1,0.40,0.9829931552405298
39,1,0.45,0.9858503447585621
39,1,0.50,0.9496659387582496
39,1,0.55,0.9770770689981683
39,1,0.60,0.96420839919088
39,1,0.65,0.9759142210796681
39,1,0.70,0.9680854477485783
39,1,0.75,0.9671353415733714
39,1,0.80,0.928799090154995
39,1,0.85,0.956570469433069
39,1,0.90,0.9772046279377763
39,1,0.95,0.9631424552979752
39,2,0.05,0.3681859593427771
39,2,0.10,0.9007559195056839
39,2,0.15,0.9204966786359682
39,2,0.20,0.9420912552212443
39,2,0.25,0.7292813415858774
39,2,0.30,0.7935894440919408
39,2,0.35,0.9160972662191523
39,2,0.40,0.8926482034673996
39,2,0.45,0.9828441693405291
39,2,0.50,0.9773117030309415
39,2,0.55,0.9710713205885038
39,2,0.60,0.9759864083396074
39,2,0.65,0.9725421269137011
39,2,0.70,0.9710471228295193
39,2,0.75,0.9794719148093155
39,2,0.80,0.9748671705150214
39,2,0.85,0.9602807339200453
39,2,0.90,0.9706059436267598
39,2,0.95,0.9622070618841816
39,3,0.05,0.7716690384553085
39,3,0.10,0.9028367284982155
39,3,0.15,0.9486361206266889
39,3,0.20,0.902476591180027
39,3,0.25,0.9258943517412556
39,3,0.30,0.9286065978431931
39,3,0.35,0.9617675099000884
39,3,0.40,0.94456471176712
39,3,0.45,0.9631374057082311
39,3,0.50,0.9602774641392068
39,3,0.55,0.9572373915026575
39,3,0.60,0.9709107969033157
39,3,0.65,0.9740823581334145
39,3,0.70,0.9710516598691774
39,3,0.75,0.9691964807898641
39,3,0.80,0.9779992560555105
39,3,0.85,0.9715589847287666
39,3,0.90,0.9686262740717441
39,3,0.95,0.9812705545597419
39,4,0.05,0.6044337676876677
39,4,0.10,0.7723967457320906
39,4,0.15,0.7355504943257853
39,4,0.20,0.6693020850459455
39,4,0.25,0.7101054742385412
39,4,0.30,0.9407848915815497
39,4,0.35,0.8362530946838123
39,4,0.40,0.933966643518196
39,4,0.45,0.9543832773182139
39,4,0.50,0.9674071353709135
39,4,0.55,0.9714591646796653
39,4,0.60,0.9063743585207915
39,4,0.65,0.9644732902647137
39,4,0.70,0.9605174260075794
39,4,0.75,0.9778946039097454
39,4,0.80,0.9765719718972348
39,4,0.85,0.95099658887335
39,4,0.90,0.9692189575361648
39,4,0.95,0.9751767086027505
39,5,0.05,0.5864162923123432
39,5,0.10,0.9167159567951187
39,5,0.15,0.7333080005626431
39,5,0.20,0.7474033036942611
39,5,0.25,0.6785714102757907
39,5,0.30,0.7775570179655349
39,5,0.35,0.9260991973655822
39,5,0.40,0.9726981928110642
39,5,0.45,0.9500456703343303
39,5,0.50,0.9675784753601173
39,5,0.55,0.9368646001093219
39,5,0.60,0.9816367683063121
39,5,0.65,0.9817046848366178
39,5,0.70,0.9773674573751169
39,5,0.75,0.9696615045963428
39,5,0.80,0.9782360813156377
39,5,0.85,0.9825170013050117
39,5,0.90,0.98042873973968
39,5,0.95,0.9607126435955885
39,6,0.05,0.9025985548539958
39,6,0.10,0.5804170367849575
39,6,0.15,0.8930401560572218
39,6,0.20,0.9196934106585314
39,6,0.25,0.8448771966339913
39,6,0.30,0.8623454592437472
39,6,0.35,0.9299160743711873
39,6,0.40,0.936490184698795
39,6,0.45,0.97796973650802
39,6,0.50,0.9871880581312636
39,6,0.55,0.977145317451289
39,6,0.60,0.9764467711332349
39,6,0.65,0.9567465829491083
39,6,0.70,0.9758544579965286
39,6,0.75,0.9769212184306602
39,6,0.80,0.97830729041117
39,6,0.85,0.9783772374774626
39,6,0.90,0.9648204808012318
39,6,0.95,0.9743526837864014
39,7,0.05,0.22012913343586016
39,7,0.10,0.7765139118264293
39,7,0.15,0.6549987424903976
39,7,0.20,0.9103495831718822
39,7,0.25,0.9503360728871897
39,7,0.30,0.9702112909113066
39,7,0.35,0.9668496892698634
39,7,0.40,0.9756389415699389
39,7,0.45,0.97628219180485
39,7,0.50,0.9760451478740357
39,7,0.55,0.9523923357905306
39,7,0.60,0.9185295411740151
39,7,0.65,0.9773384687072755
39,7,0.70,0.9766404641526023
39,7,0.75,0.9860777984995627
39,7,0.80,0.9600268857496161
39,7,0.85,0.9767136069563511
39,7,0.90,0.9827375986738011
39,7,0.95,0.98287095791736
39,8,0.05,0.6670970198001049
39,8,0.10,0.7051558924701745
39,8,0.15,0.9632280729166344
39,8,0.20,0.9797515365347781
39,8,0.25,0.9316173529932039
39,8,0.30,0.8874809336416023
39,8,0.35,0.9008669620475516
39,8,0.40,0.9523929039755262
39,8,0.45,0.9784397121071966
39,8,0.50,0.9670283902553677
39,8,0.55,0.8344465116064054
39,8,0.60,0.9589490040444346
39,8,0.65,0.9717991104403114
39,8,0.70,0.9825909805032085
39,8,0.75,0.9631404347451403
39,8,0.80,0.973584213032209
39,8,0.85,0.9793356349504778
39,8,0.90,0.9850452913470847
39,8,0.95,0.9684119178440657
39,9,0.05,0.9604038661138453
39,9,0.10,0.8282364673168365
39,9,0.15,0.8024010660150752
39,9,0.20,0.9491347761377767
39,9,0.25,0.7602757243265073
39,9,0.30,0.9633318341230788
39,9,0.35,0.9485986871824963
39,9,0.40,0.9472909074919056
39,9,0.45,0.9747734858445121
39,9,0.50,0.9541014765214304
39,9,0.55,0.9583111733261629
39,9,0.60,0.9777762036893466
39,9,0.65,0.9742746269200417
39,9,0.70,0.932246283456414
39,9,0.75,0.9783176468700406
39,9,0.80,0.9636172336848075
39,9,0.85,0.9747785730077445
39,9,0.90,0.9743553478296789
39,9,0.95,0.967264054923591
40,0,0.05,0.6795018333956818
40,0,0.10,0.881105934479398
40,0,0.15,0.9604307275708899
40,0,0.20,0.9528321913893609
40,0,0.25,0.8449522673941254
40,0,0.30,0.9702560703297309
40,0,0.35,0.9594151914620233
40,0,0.40,0.9433670937144416
40,0,0.45,0.9624990561740494
40,0,0.50,0.958899304885019
40,0,0.55,0.9557149079473551
40,0,0.60,0.9822513924671188
40,0,0.65,0.9693373033772651
40,0,0.70,0.9712702270866276
40,0,0.75,0.9798106715183971
40,0,0.80,0.978921562300898
40,0,0.85,0.9762223631397968
40,0,0.90,0.9749269148409689
40,0,0.95,0.9658164359772695
40,1,0.05,0.4616479002742918
40,1,0.10,0.8992137749384758
40,1,0.15,0.9708475966345369
40,1,0.20,0.9587394868151387
40,1,0.25,0.8718849835159701
40,1,0.30,0.9123529333259447
40,1,0.35,0.952698689782372
40,1,0.40,0.9778305300508892
40,1,0.45,0.948174622137508
40,1,0.50,0.9550957474045528
40,1,0.55,0.9687449876479288
40,1,0.60,0.9835052532118697
40,1,0.65,0.9539308861484507
40,1,0.70,0.9797641094938024
40,1,0.75,0.9762764243847998
40,1,0.80,0.9707343240627332
40,1,0.85,0.9727989807476062
40,1,0.90,0.9644649368151166
40,1,0.95,0.9693142813042755
40,2,0.05,-0.1068275199670099
40,2,0.10,0.5568761596576829
40,2,0.15,0.7994030622519686
40,2,0.20,0.9086377503437604
40,2,0.25,0.8998593592111487
40,2,0.30,0.9619824205673604
40,2,0.35,0.9647187900053348
40,2,0.40,0.9601938685891356
40,2,0.45,0.9617670522044728
40,2,0.50,0.9672932250892544
40,2,0.55,0.9662463888566455
40,2,0.60,0.9729665692655368
40,2,0.65,0.9785707791964715
40,2,0.70,0.9691126761327126
40,2,0.75,0.9559013677832353
40,2,0.80,0.9553238510518322
40,2,0.85,0.961257840686391
40,2,0.90,0.9611681648257566
40,2,0.95,0.9533995028093883
40,3,0.05,0.9457816195748976
40,3,0.10,0.7925210053504339
40,3,0.15,0.7855258128398713
40,3,0.20,0.9012840301169504
40,3,0.25,0.8983157750873079
40,3,0.30,0.9757603713874101
40,3,0.35,0.9392598795878705
40,3,0.40,0.9733250100108315
40,3,0.45,0.949336446205606
40,3,0.50,0.9613695069483879
40,3,0.55,0.979192258346061
40,3,0.60,0.9756682266337416
40,3,0.65,0.9348784987788366
40,3,0.70,0.9719544212890601
40,3,0.75,0.9732473217049742
40,3,0.80,0.9715445184918341
40,3,0.85,0.9534216915343043
40,3,0.90,0.9724444800541746
40,3,0.95,0.9798936986807069
40,4,0.05,0.02865099787951131
40,4,0.10,0.8793853780002422
40,4,0.15,0.8332957543011104
40,4,0.20,0.968319287399891
40,4,0.25,0.9632062414052216
40,4,0.30,0.9604263818761752
40,4,0.35,0.9298343264333447
40,4,0.40,0.9676877029643032
40,4,0.45,0.9593357429439898
40,4,0.50,0.9535466562325376
40,4,0.55,0.9684242402313893
40,4,0.60,0.9785014524747817
40,4,0.65,0.9783703515607834
40,4,0.70,0.9648509219985133
40,4,0.75,0.9768976036108274
40,4,0.80,0.9633049002128167
40,4,0.85,0.9451046813253094
40,4,0.90,0.9723009357770701
40,4,0.95,0.9789106320608292
40,5,0.05,-0.16827734169199937
40,5,0.10,0.7880029452315656
40,5,0.15,0.8613462636584758
40,5,0.20,0.9578349998638042
40,5,0.25,0.9669202115471968
40,5,0.30,0.936250422948727
40,5,0.35,0.9512650750004326
40,5,0.40,0.9221572113066661
40,5,0.45,0.9393883510347448
40,5,0.50,0.9482484941098598
40,5,0.55,0.971750741840991
40,5,0.60,0.9620545732707374
40,5,0.65,0.9279174747200881
40,5,0.70,0.9732386987582704
40,5,0.75,0.9399413104257347
40,5,0.80,0.9671005549687978
40,5,0.85,0.9800837549809313
40,5,0.90,0.9670229763097978
40,5,0.95,0.9692657150373801
40,6,0.05,0.8967067230865775
40,6,0.10,0.6792542595165021
40,6,0.15,0.7593592861779586
40,6,0.20,0.9223980090696874
40,6,0.25,0.9265505106066633
40,6,0.30,0.9550873535954603
40,6,0.35,0.979053829440463
40,6,0.40,0.960485646208942
40,6,0.45,0.9821592726001009
40,6,0.50,0.9545170390652895
40,6,0.55,0.9651996370266371
40,6,0.60,0.9609404827305685
40,6,0.65,0.9413492272491362
40,6,0.70,0.9706746138610648
40,6,0.75,0.9580740536961713
40,6,0.80,0.9730942783688371
40,6,0.85,0.9715878763779813
40,6,0.90,0.9866276100685747
40,6,0.95,0.973079124182787
40,7,0.05,0.18320647647952593
40,7,0.10,0.9537084343225329
40,7,0.15,0.3873892069664324
40,7,0.20,0.9613680684830571
40,7,0.25,0.9632628785672182
40,7,0.30,0.9297077197504922
40,7,0.35,0.9526573065208707
40,7,0.40,0.9595784890941673
40,7,0.45,0.9558561471812441
40,7,0.50,0.9752854772875758
40,7,0.55,0.9430018223090806
40,7,0.60,0.95112016835953
40,7,0.65,0.9760387482702909
40,7,0.70,0.9660366703053559
40,7,0.75,0.9636317665255822
40,7,0.80,0.9575833375215932
40,7,0.85,0.9701189013273831
40,7,0.90,0.9714501190212876
40,7,0.95,0.9790269336110824
40,8,0.05,0.12070216043963
40,8,0.10,0.6455678500175046
40,8,0.15,0.9511150250711262
40,8,0.20,0.8593759110501809
40,8,0.25,0.9546107457798867
40,8,0.30,0.9610472051873014
40,8,0.35,0.9421228524968263
40,8,0.40,0.9712345831960213
40,8,0.45,0.9444192416555931
40,8,0.50,0.9521470849062844
40,8,0.55,0.9755752175841971
40,8,0.60,0.9648061778992041
40,8,0.65,0.9656635189546695
40,8,0.70,0.9644557178358082
40,8,0.75,0.9652403761521454
40,8,0.80,0.9721257622447885
40,8,0.85,0.9725642075829573
40,8,0.90,0.9777305916754974
40,8,0.95,0.9656819994752199
40,9,0.05,-0.21072801805368413
40,9,0.10,0.6751812290911301
40,9,0.15,0.9287434587930287
40,9,0.20,0.9796406826265501
40,9,0.25,0.8865886446924971
40,9,0.30,0.9452424788254262
40,9,0.35,0.9483247393190809
40,9,0.40,0.9441613934161233
40,9,0.45,0.9431240938030258
40,9,0.50,0.9718770278402984
40,9,0.55,0.9548050470901767
40,9,0.60,0.9663128740028948
40,9,0.65,0.9545158678620682
40,9,0.70,0.9660391312981297
40,9,0.75,0.9517282273085511
40,9,0.80,0.9685598888248034
40,9,0.85,0.9866355403223153
40,9,0.90,0.9807701033598477
40,9,0.95,0.9854668069278788
41,0,0.05,0.9094913949442617
41,0,0.10,0.9773518377405398
41,0,0.15,0.9283062542941752
41,0,0.20,0.9438595284372966
41,0,0.25,0.918839204654003
41,0,0.30,0.9653915546853038
41,0,0.35,0.9647866667269647
41,0,0.40,0.9693007944961396
41,0,0.45,0.9654075671526117
41,0,0.50,0.990643685048116
41,0,0.55,0.9805801577851473
41,0,0.60,0.9632188640692423
41,0,0.65,0.9811428742866622
41,0,0.70,0.9726829574058824
41,0,0.75,0.9201121288689044
41,0,0.80,0.9639904492825566
41,0,0.85,0.9736062025732198
41,0,0.90,0.9535763059656502
41,0,0.95,0.9732882939914776
41,1,0.05,0.5104650236616588
41,1,0.10,0.8958202520681176
41,1,0.15,0.9569031729711517
41,1,0.20,0.933487633129297
41,1,0.25,0.9139727713210083
41,1,0.30,0.960492676319187
41,1,0.35,0.9771652127070568
41,1,0.40,0.9557057537841402
41,1,0.45,0.967000079227021
41,1,0.50,0.9803821864491538
41,1,0.55,0.9749141844377666
41,1,0.60,0.9702742093364114
41,1,0.65,0.9848411112511374
41,1,0.70,0.9803857520384034
41,1,0.75,0.9688068290613929
41,1,0.80,0.9645971664974732
41,1,0.85,0.9857263832269614
41,1,0.90,0.9730985541674122
41,1,0.95,0.986729422475786
41,2,0.05,0.9956739505289811
41,2,0.10,0.8529070712497417
41,2,0.15,0.9213831922150455
41,2,0.20,0.9339760476830962
41,2,0.25,0.9627733871602635
41,2,0.30,0.9691279297808463
41,2,0.35,0.96887431747041
41,2,0.40,0.9508336431720741
41,2,0.45,0.9666722465320973
41,2,0.50,0.9239073248282009
41,2,0.55,0.9683755786140849
41,2,0.60,0.9548891257792622
41,2,0.65,0.9913675085891516
41,2,0.70,0.9779733273270381
41,2,0.75,0.9774106841935124
41,2,0.80,0.9759259411692125
41,2,0.85,0.9717019826317177
41,2,0.90,0.9644563370652731
41,2,0.95,0.9649221131655715
41,3,0.05,0.7261952592349009
41,3,0.10,0.7963617821599267
41,3,0.15,0.9791681175027571
41,3,0.20,0.8645385214654735
41,3,0.25,0.9710688995537345
41,3,0.30,0.9076247301116478
41,3,0.35,0.9576003625172762
41,3,0.40,0.9346020465056946
41,3,0.45,0.9628881381804231
41,3,0.50,0.9572887777423389
41,3,0.55,0.9847176833310607
41,3,0.60,0.9615923675976266
41,3,0.65,0.9813128494361238
41,3,0.70,0.9806761408086688
41,3,0.75,0.9781019052057744
41,3,0.80,0.980979733393013
41,3,0.85,0.9737882174879685
41,3,0.90,0.9733322071277954
41,3,0.95,0.9675221419887154
41,4,0.05,0.5734292694777808
41,4,0.10,0.7617255597189745
41,4,0.15,0.9682645642921576
41,4,0.20,0.8674893443334695
41,4,0.25,0.9560506877537552
41,4,0.30,0.9751519995078518
41,4,0.35,0.9046321272303038
41,4,0.40,0.857451384394126
41,4,0.45,0.9606198231228553
41,4,0.50,0.9783059192019871
41,4,0.55,0.9780144200785157
41,4,0.60,0.9872919786331764
41,4,0.65,0.9440709076017189
41,4,0.70,0.9703406814881852
41,4,0.75,0.964016762930697
41,4,0.80,0.9729228894629579
41,4,0.85,0.9797592634591833
41,4,0.90,0.9772613801253673
41,4,0.95,0.9718432263482796
41,5,0.05,0.5917862603908506
41,5,0.10,0.8419601454099654
41,5,0.15,0.8990868117700476
41,5,0.20,0.9586287060129043
41,5,0.25,0.8970585822592524
41,5,0.30,0.9661027778780488
41,5,0.35,0.9049940878770983
41,5,0.40,0.9325482740810525
41,5,0.45,0.9394731279290858
41,5,0.50,0.9654999725724358
41,5,0.55,0.9769517280411707
41,5,0.60,0.9537253376497514
41,5,0.65,0.9682859092885341
41,5,0.70,0.986505064607317
41,5,0.75,0.9754549107718584
41,5,0.80,0.9642584759656448
41,5,0.85,0.9512875948471222
41,5,0.90,0.971692034880215
41,5,0.95,0.9836056026942545
41,6,0.05,0.6446456615204119
41,6,0.10,0.7490557924492984
41,6,0.15,0.9118302353545182
41,6,0.20,0.95590975753257
41,6,0.25,0.9631470893512682
41,6,0.30,0.8400969229384518
41,6,0.35,0.9525102928885951
41,6,0.40,0.7605027862072551
41,6,0.45,0.9597410328191762
41,6,0.50,0.9768454754713187
41,6,0.55,0.9746503167763213
41,6,0.60,0.9677661218236107
41,6,0.65,0.9509348983514512
41,6,0.70,0.9771907215679433
41,6,0.75,0.9574055625833295
41,6,0.80,0.9835019656981969
41,6,0.85,0.9890761123085283
41,6,0.90,0.9829134257353959
41,6,0.95,0.9795992460549419
41,7,0.05,0.8622499077817178
41,7,0.10,0.8716695046337566
41,7,0.15,0.9542820399105413
41,7,0.20,0.9769701778709342
41,7,0.25,0.9002400078053817
41,7,0.30,0.943077074473938
41,7,0.35,0.9719666798990775
41,7,0.40,0.9704109509453274
41,7,0.45,0.950824361336957
41,7,0.50,0.9390614370809226
41,7,0.55,0.9867569217635592
41,7,0.60,0.9858842397698913
41,7,0.65,0.9835088846761996
41,7,0.70,0.9673611342308346
41,7,0.75,0.981508703472764
41,7,0.80,0.9830363204310608
41,7,0.85,0.9679073128898779
41,7,0.90,0.9691332150924148
41,7,0.95,0.973148852321712
41,8,0.05,0.24549539790567598
41,8,0.10,0.3937318696508506
41,8,0.15,0.7922298308524824
41,8,0.20,0.9766259649471843
41,8,0.25,0.9594503948345666
41,8,0.30,0.9473010873506919
41,8,0.35,0.8987474249853611
41,8,0.40,0.9303734563463003
41,8,0.45,0.9136489724323875
41,8,0.50,0.9854772007160671
41,8,0.55,0.9581848705163335
41,8,0.60,0.9681723563859864
41,8,0.65,0.9812842806354893
41,8,0.70,0.9644360384301593
41,8,0.75,0.9790877474205774
41,8,0.80,0.9930060391601301
41,8,0.85,0.9874750026464159
41,8,0.90,0.9788685935299851
41,8,0.95,0.9721498479719909
41,9,0.05,0.9513969835449652
41,9,0.10,0.8264283441792319
41,9,0.15,0.9678425747867344
41,9,0.20,0.9370363502066271
41,9,0.25,0.9612809074994476
41,9,0.30,0.9532687621424198
41,9,0.35,0.9465864812937249
41,9,0.40,0.9624475326939823
41,9,0.45,0.9375342694274844
41,9,0.50,0.9302932147633985
41,9,0.55,0.9858507427265362
41,9,0.60,0.9595164746706756
41,9,0.65,0.9848973724159729
41,9,0.70,0.9840150054684418
41,9,0.75,0.9790943056378127
41,9,0.80,0.9608214565184148
41,9,0.85,0.968582147111677
41,9,0.90,0.9717087378136219
41,9,0.95,0.9602437418061451
42,0,0.05,-40.52712894179604
42,0,0.10,0.8729228802828037
42,0,0.15,0.905378264949209
42,0,0.20,0.9627770305395279
42,0,0.25,0.9284279769412769
42,0,0.30,0.9228581685403172
42,0,0.35,0.956799660504014
42,0,0.40,0.9724213712795124
42,0,0.45,0.9361546621142949
42,0,0.50,0.9642553746973436
42,0,0.55,0.9558041806353403
42,0,0.60,0.9627007153563001
42,0,0.65,0.9524794329749595
42,0,0.70,0.9747216786982159
42,0,0.75,0.9762637529794671
42,0,0.80,0.9656535743555458
42,0,0.85,0.9584212042155972
42,0,0.90,0.968255397954206
42,0,0.95,0.970743267964689
42,1,0.05,-6.238632160656424
42,1,0.10,0.8849851569978034
42,1,0.15,0.907518925771204
42,1,0.20,0.9568285557784353
42,1,0.25,0.8456907213876441
42,1,0.30,0.9213150248860866
42,1,0.35,0.9849076069010877
42,1,0.40,0.970622676179087
42,1,0.45,0.990848307699591
42,1,0.50,0.9784802883344937
42,1,0.55,0.9657301557069441
42,1,0.60,0.989898304940307
42,1,0.65,0.9786530946503418
42,1,0.70,0.9848574320984804
42,1,0.75,0.9817691879510884
42,1,0.80,0.9793280275511064
42,1,0.85,0.9811637456955871
42,1,0.90,0.9808549239807993
42,1,0.95,0.9809615970796035
42,2,0.05,0.9192004924257324
42,2,0.10,0.9605172811946303
42,2,0.15,0.9167869761374433
42,2,0.20,0.970293771150958
42,2,0.25,0.949187321829523
42,2,0.30,0.9035432097223921
42,2,0.35,0.9556743764951393
42,2,0.40,0.9644107861232016
42,2,0.45,0.9491249963054282
42,2,0.50,0.9696050273893582
42,2,0.55,0.9681492234561438
42,2,0.60,0.9630359475217236
42,2,0.65,0.9659457093369652
42,2,0.70,0.96838893858678
42,2,0.75,0.9752334708622485
42,2,0.80,0.966269960166864
42,2,0.85,0.9548144505179723
42,2,0.90,0.9744343007364156
42,2,0.95,0.9606558237518114
42,3,0.05,0.8946589022506829
42,3,0.10,-0.0454614600714518
42,3,0.15,0.7201879005962648
42,3,0.20,0.9434914762260681
42,3,0.25,0.9331137280444491
42,3,0.30,0.9542416303949229
42,3,0.35,0.9699609924974874
42,3,0.40,0.9886820264843532
42,3,0.45,0.9669251811159862
42,3,0.50,0.9778268574777312
42,3,0.55,0.9769014796499759
42,3,0.60,0.9822302966177721
42,3,0.65,0.9598083523697033
42,3,0.70,0.972287410994773
42,3,0.75,0.9724346084493211
42,3,0.80,0.9776937151409629
42,3,0.85,0.9788834300253021
42,3,0.90,0.9856151104593514
42,3,0.95,0.9840664423428167
42,4,0.05,0.8316992381758347
42,4,0.10,0.6295294483421108
42,4,0.15,0.945097391344903
42,4,0.20,0.9658254314233454
42,4,0.25,0.9250230825143141
42,4,0.30,0.9516804716650031
42,4,0.35,0.9675366051840402
42,4,0.40,0.9442036259549443
42,4,0.45,0.9781899324074672
42,4,0.50,0.971874742454533
42,4,0.55,0.9750407219138915
42,4,0.60,0.969900104936764
42,4,0.65,0.960748617372081
42,4,0.70,0.9700390368474011
42,4,0.75,0.9821005640914671
42,4,0.80,0.9549094996037629
42,4,0.85,0.9586349048250121
42,4,0.90,0.9734996916956037
42,4,0.95,0.9700771108088877
42,5,0.05,-4.822634848763431
42,5,0.10,0.6341009686094075
42,5,0.15,0.9104477683141026
42,5,0.20,0.9762614289994752
42,5,0.25,0.9638536543004202
42,5,0.30,0.9278135192771371
42,5,0.35,0.9750789129869829
42,5,0.40,0.9501397332333772
42,5,0.45,0.9562629493930109
42,5,0.50,0.9617411014181388
42,5,0.55,0.9833837359125924
42,5,0.60,0.9569366975200001
42,5,0.65,0.9720475014215746
42,5,0.70,0.9701283834408412
42,5,0.75,0.9597910980654214
42,5,0.80,0.9690858565493411
42,5,0.85,0.983488443453043
42,5,0.90,0.9756640620259363
42,5,0.95,0.9794522881277609
42,6,0.05,0.7331528674161236
42,6,0.10,0.9162843416417232
42,6,0.15,0.9496412663633536
42,6,0.20,0.9293455564447046
42,6,0.25,0.946220615442337
42,6,0.30,0.9029135894614709
42,6,0.35,0.9674685788031967
42,6,0.40,0.9633169154033804
42,6,0.45,0.985621796731284
42,6,0.50,0.984217115707408
42,6,0.55,0.9642786073668751
42,6,0.60,0.9726198310726687
42,6,0.65,0.9530506022246953
42,6,0.70,0.9370594484604475
42,6,0.75,0.9734079869724032
42,6,0.80,0.9703831019065418
42,6,0.85,0.9772024642397402
42,6,0.90,0.9637455062881245
42,6,0.95,0.9708533028685212
42,7,0.05,-0.8677647939481046
42,7,0.10,0.8153867512160724
42,7,0.15,0.8796752374848057
42,7,0.20,0.8941053459996529
42,7,0.25,0.9615688717670033
42,7,0.30,0.8640959189397137
42,7,0.35,0.9381268382837957
42,7,0.40,0.9787173233450136
42,7,0.45,0.9841364006976353
42,7,0.50,0.9469549077921615
42,7,0.55,0.9854466859660234
42,7,0.60,0.963851646860777
42,7,0.65,0.9675567544253663
42,7,0.70,0.9778129196069194
42,7,0.75,0.9737550491472656
42,7,0.80,0.9703195449082475
42,7,0.85,0.9737963640965481
42,7,0.90,0.9830715975730675
42,7,0.95,0.9762452819500371
42,8,0.05,0.4740285697716594
42,8,0.10,0.9350026428604481
42,8,0.15,0.956885653621999
42,8,0.20,0.9241536675909323
42,8,0.25,0.9375547095131537
42,8,0.30,0.9527759619039969
42,8,0.35,0.7947201090418448
42,8,0.40,0.948215379416453
42,8,0.45,0.9827013333937094
42,8,0.50,0.9781429496160836
42,8,0.55,0.9785358577706301
42,8,0.60,0.9408295276064975
42,8,0.65,0.976090184402022
42,8,0.70,0.9813574303988617
42,8,0.75,0.9673550134638184
42,8,0.80,0.9765498875784016
42,8,0.85,0.9826289650727621
42,8,0.90,0.9629538455721497
42,8,0.95,0.9781746589297722
42,9,0.05,0.7004972357842925
42,9,0.10,0.5839564504521422
42,9,0.15,0.5923300523553838
42,9,0.20,0.8944903450903114
42,9,0.25,0.9284104530951288
42,9,0.30,0.9469965130302787
42,9,0.35,0.9788285496452012
42,9,0.40,0.9653111275021259
42,9,0.45,0.947954252761035
42,9,0.50,0.9865294569294036
42,9,0.55,0.9811623170836575
42,9,0.60,0.9542242955451363
42,9,0.65,0.9755463600923405
42,9,0.70,0.981911599715501
42,9,0.75,0.9855329869005276
42,9,0.80,0.9896945463393713
42,9,0.85,0.972515018170777
42,9,0.90,0.9802105007707518
42,9,0.95,0.9795918305618393
43,0,0.05,0.9604150669990663
43,0,0.10,0.9038900487294846
43,0,0.15,0.8702740416719462
43,0,0.20,0.9237232886899627
43,0,0.25,0.9683488585778108
43,0,0.30,0.9635444523114125
43,0,0.35,0.9365082473475339
43,0,0.40,0.926503355548216
43,0,0.45,0.9608407133338855
43,0,0.50,0.9206707620173294
43,0,0.55,0.9503491287359228
43,0,0.60,0.9608831863182908
43,0,0.65,0.9676068361015668
43,0,0.70,0.9731222821873982
43,0,0.75,0.9743477657964208
43,0,0.80,0.9596907004787426
43,0,0.85,0.9667228947241188
43,0,0.90,0.9622426551584384
43,0,0.95,0.9804853484883425
43,1,0.05,0.9788740656547675
43,1,0.10,0.9208870788674997
43,1,0.15,0.9327811087762832
43,1,0.20,0.928501037019402
43,1,0.25,0.9693608649154691
43,1,0.30,0.9740162491507744
43,1,0.35,0.9292242260587321
43,1,0.40,0.9334870689809537
43,1,0.45,0.9441180773207811
43,1,0.50,0.947187241084415
43,1,0.55,0.8829670084916953
43,1,0.60,0.942707677621719
43,1,0.65,0.9684517779517419
43,1,0.70,0.9800598608787975
43,1,0.75,0.9682317343312077
43,1,0.80,0.9490298127264437
43,1,0.85,0.9774303477358834
43,1,0.90,0.9697162809569694
43,1,0.95,0.9794059930056079
43,2,0.05,0.9237541275429246
43,2,0.10,0.8749008722580425
43,2,0.15,0.685490741725657
43,2,0.20,0.9576692407849644
43,2,0.25,0.978471358036088
43,2,0.30,0.921627167926163
43,2,0.35,0.9359354605691484
43,2,0.40,0.969710911549852
43,2,0.45,0.9804604994423951
43,2,0.50,0.9691592359020178
43,2,0.55,0.9632772683268089
43,2,0.60,0.9656555017393671
43,2,0.65,0.9619275227017415
43,2,0.70,0.9735075349504974
43,2,0.75,0.9750394614289465
43,2,0.80,0.9808287191460054
43,2,0.85,0.9765603685706132
43,2,0.90,0.9745312831902807
43,2,0.95,0.9839439210178006
43,3,0.05,0.772497442358244
43,3,0.10,0.8930741432226827
43,3,0.15,0.9118396622719201
43,3,0.20,0.9253854840755781
43,3,0.25,0.9316687058982814
43,3,0.30,0.9760640303302769
43,3,0.35,0.9316554702432682
43,3,0.40,0.9503441704970413
43,3,0.45,0.9824227684976737
43,3,0.50,0.977562907848976
43,3,0.55,0.9791834640320772
43,3,0.60,0.9863282496190098
43,3,0.65,0.9665941999587278
43,3,0.70,0.9750514581503019
43,3,0.75,0.9753162039757014
43,3,0.80,0.9842682528575701
43,3,0.85,0.9748644494749867
43,3,0.90,0.983052913866363
43,3,0.95,0.980023876709727
43,4,0.05,0.35620757772793177
43,4,0.10,0.8237562206041427
43,4,0.15,0.872357700516289
43,4,0.20,0.9868507301878674
43,4,0.25,0.9516986139481894
43,4,0.30,0.9646035274862848
43,4,0.35,0.9742435184681897
43,4,0.40,0.9668565000570131
43,4,0.45,0.9654550370006737
43,4,0.50,0.946514055022507
43,4,0.55,0.9344938324494617
43,4,0.60,0.9731277885622899
43,4,0.65,0.9688432670446182
43,4,0.70,0.9748625154247194
43,4,0.75,0.9642959212354222
43,4,0.80,0.9778504391485174
43,4,0.85,0.9638875918984074
43,4,0.90,0.9832624624890568
43,4,0.95,0.9795603547187768
43,5,0.05,0.9346088599303246
43,5,0.10,0.8372557210772086
43,5,0.15,0.9199354383409258
43,5,0.20,0.9493959578495262
43,5,0.25,0.9546588743723816
43,5,0.30,0.9320262077504297
43,5,0.35,0.9482574418128826
43,5,0.40,0.9268772618025785
43,5,0.45,0.9596237558958416
43,5,0.50,0.9602796515809141
43,5,0.55,0.9742873664040986
43,5,0.60,0.9534279505597667
43,5,0.65,0.9440697093090047
43,5,0.70,0.9804834772774557
43,5,0.75,0.9813067617319902
43,5,0.80,0.9880142874367456
43,5,0.85,0.9766368559926115
43,5,0.90,0.9773110595035793
43,5,0.95,0.9776465356279167
43,6,0.05,0.9327865834521122
43,6,0.10,0.9096377149053876
43,6,0.15,0.9690400951177739
43,6,0.20,0.9640681666294169
43,6,0.25,0.951940492110204
43,6,0.30,0.9400112570036855
43,6,0.35,0.930211749338786
43,6,0.40,0.9448792631110741
43,6,0.45,0.9276188626288943
43,6,0.50,0.9739408728853872
43,6,0.55,0.9445864542705635
43,6,0.60,0.944491932853943
43,6,0.65,0.9367787230751555
43,6,0.70,0.970571666373443
43,6,0.75,0.9593067532248127
43,6,0.80,0.9714920196190566
43,6,0.85,0.9759496526734377
43,6,0.90,0.9725380808108646
43,6,0.95,0.9718358897293712
43,7,0.05,0.9676013828083151
43,7,0.10,0.9262290450541129
43,7,0.15,0.9738014981914884
43,7,0.20,0.9216361630647428
43,7,0.25,0.9077851261488674
43,7,0.30,0.8952111785269428
43,7,0.35,0.9615674564818003
43,7,0.40,0.9740322301125713
43,7,0.45,0.9684668428175127
43,7,0.50,0.9763556938707454
43,7,0.55,0.909826026170546
43,7,0.60,0.9279821805405926
43,7,0.65,0.9757712753820131
43,7,0.70,0.9721192838070669
43,7,0.75,0.9678908142810524
43,7,0.80,0.9075618475282805
43,7,0.85,0.9652603386209817
43,7,0.90,0.9677773082124909
43,7,0.95,0.9739677732155536
43,8,0.05,-0.6883691987474421
43,8,0.10,0.9558730682160599
43,8,0.15,0.8965115433338015
43,8,0.20,0.9535123870564248
43,8,0.25,0.9498402815685317
43,8,0.30,0.8590571109020324
43,8,0.35,0.9436704396662003
43,8,0.40,0.9652909802820886
43,8,0.45,0.9587243505576076
43,8,0.50,0.9676600261542304
43,8,0.55,0.9642521212276104
43,8,0.60,0.9629247214319767
43,8,0.65,0.9122815083234467
43,8,0.70,0.9659144444539685
43,8,0.75,0.9606829926623555
43,8,0.80,0.9761600520371881
43,8,0.85,0.9601200160104713
43,8,0.90,0.958310860727092
43,8,0.95,0.9763070915176991
43,9,0.05,0.9536847416297803
43,9,0.10,0.8596999855386536
43,9,0.15,0.7934026987951236
43,9,0.20,0.9621563918051992
43,9,0.25,0.9515938070603129
43,9,0.30,0.9338895363949266
43,9,0.35,0.9699720044820778
43,9,0.40,0.9571051307751048
43,9,0.45,0.9743806533008786
43,9,0.50,0.9543296975985247
43,9,0.55,0.8783561248339709
43,9,0.60,0.9627443429428938
43,9,0.65,0.9687986934416984
43,9,0.70,0.9737465462033291
43,9,0.75,0.9783258581449844
43,9,0.80,0.9753227314008585
43,9,0.85,0.9631491404765714
43,9,0.90,0.9636291509084867
43,9,0.95,0.9674977458726118
44,0,0.05,0.41127992363600374
44,0,0.10,0.7319600835487062
44,0,0.15,0.9706278671757548
44,0,0.20,0.8686318236713978
44,0,0.25,0.9238718066144006
44,0,0.30,0.9720244247224314
44,0,0.35,0.9343396793945927
44,0,0.40,0.9673912242887158
44,0,0.45,0.9577461009221542
44,0,0.50,0.9188093841228155
44,0,0.55,0.8124252379387474
44,0,0.60,0.9751340763980496
44,0,0.65,0.9644213354031496
44,0,0.70,0.9722057889421902
44,0,0.75,0.9738703452584578
44,0,0.80,0.9853268487615799
44,0,0.85,0.9696174284506289
44,0,0.90,0.9622287618031083
44,0,0.95,0.9683810914932721
44,1,0.05,-0.5787596821789946
44,1,0.10,0.6958033347699542
44,1,0.15,0.9150463866846531
44,1,0.20,0.8349369470703509
44,1,0.25,0.9487127458515661
44,1,0.30,0.9709484587200212
44,1,0.35,0.9760651238122183
44,1,0.40,0.9733218273949756
44,1,0.45,0.9860078004258844
44,1,0.50,0.9583227511721746
44,1,0.55,0.7884692221691301
44,1,0.60,0.9736726457651124
44,1,0.65,0.9737925263065255
44,1,0.70,0.9751414251065461
44,1,0.75,0.9619910464401629
44,1,0.80,0.9605498253122755
44,1,0.85,0.9668022157180359
44,1,0.90,0.954653379406383
44,1,0.95,0.9598420510527452
44,2,0.05,0.7953986261616666
44,2,0.10,0.8179103636210199
44,2,0.15,0.9654582549963192
44,2,0.20,0.8901757105974787
44,2,0.25,0.9343233707528015
44,2,0.30,0.9579478769914911
44,2,0.35,0.9457804218411718
44,2,0.40,0.9286083664758763
44,2,0.45,0.9733841310558484
44,2,0.50,0.928397938989074
44,2,0.55,0.9843006101934382
44,2,0.60,0.9574179849798996
44,2,0.65,0.9773985795218437
44,2,0.70,0.9871496348942973
44,2,0.75,0.9857085538173651
44,2,0.80,0.9943644093411929
44,2,0.85,0.9851699737503028
44,2,0.90,0.989985407098398
44,2,0.95,0.9768806138227367
44,3,0.05,0.9811925148874971
44,3,0.10,0.8869485938067636
44,3,0.15,0.977888956616115
44,3,0.20,0.9240903909319205
44,3,0.25,0.8608796143581083
44,3,0.30,0.9634432814513564
44,3,0.35,0.8992313235235839
44,3,0.40,0.9093206058236651
44,3,0.45,0.9512251893415592
44,3,0.50,0.9616232857723077
44,3,0.55,0.9224711123059535
44,3,0.60,0.9597228056516911
44,3,0.65,0.9764027334228195
44,3,0.70,0.9745536836781069
44,3,0.75,0.9881934755439731
44,3,0.80,0.9796273242011263
44,3,0.85,0.9842892689123741
44,3,0.90,0.9839758751253875
44,3,0.95,0.9823862208730365
44,4,0.05,-11.136993070807371
44,4,0.10,0.9768204630989535
44,4,0.15,0.3254359883808863
44,4,0.20,0.8482584682535541
44,4,0.25,0.8921810473154861
44,4,0.30,0.8838418884083937
44,4,0.35,0.9304945931595217
44,4,0.40,0.9749493835780609
44,4,0.45,0.9546611914509133
44,4,0.50,0.9717235277930231
44,4,0.55,0.9683638786718063
44,4,0.60,0.9733521675234519
44,4,0.65,0.9672215182110528
44,4,0.70,0.9564215605692737
44,4,0.75,0.9761928623755417
44,4,0.80,0.9642475755436718
44,4,0.85,0.983145628852844
44,4,0.90,0.9716332290580583
44,4,0.95,0.982318064469298
44,5,0.05,0.40880266863965087
44,5,0.10,0.658416911735898
44,5,0.15,0.9131814966146303
44,5,0.20,0.8875645295012756
44,5,0.25,0.9105056382319594
44,5,0.30,0.958560005220972
44,5,0.35,0.9624092189308641
44,5,0.40,0.7629911193004644
44,5,0.45,0.9518225129040144
44,5,0.50,0.9846087247093104
44,5,0.55,0.944661040918639
44,5,0.60,0.9795678305632333
44,5,0.65,0.9764682646576469
44,5,0.70,0.9373589348195861
44,5,0.75,0.9726451119096251
44,5,0.80,0.9769838872340185
44,5,0.85,0.9807289262978086
44,5,0.90,0.9809260619150477
44,5,0.95,0.9697645775154379
44,6,0.05,0.9907790418572935
44,6,0.10,0.9564347677113729
44,6,0.15,0.9109521184005269
44,6,0.20,0.6065379494497296
44,6,0.25,0.9659005667609378
44,6,0.30,0.976128099982918
44,6,0.35,0.9681396253186223
44,6,0.40,0.9646166249632169
44,6,0.45,0.9669004091930451
44,6,0.50,0.9913539579061809
44,6,0.55,0.9630643792719916
44,6,0.60,0.9730879481197595
44,6,0.65,0.9769483930621062
44,6,0.70,0.9696669247360432
44,6,0.75,0.9727883052826726
44,6,0.80,0.9796314713007904
44,6,0.85,0.9307357198838234
44,6,0.90,0.9803008746202565
44,6,0.95,0.975199330614495
44,7,0.05,0.38753355367417897
44,7,0.10,0.9736845425716657
44,7,0.15,0.8932972515056443
44,7,0.20,0.7015431552207445
44,7,0.25,0.9385328916078514
44,7,0.30,0.8964641605204448
44,7,0.35,0.9542921742122438
44,7,0.40,0.9700299823394389
44,7,0.45,0.9797161777317549
44,7,0.50,0.9811970936994604
44,7,0.55,0.9838622029778362
44,7,0.60,0.9632823990583116
44,7,0.65,0.9796947668644003
44,7,0.70,0.9714873428977558
44,7,0.75,0.9899080734851096
44,7,0.80,0.9774671245455013
44,7,0.85,0.9880158383935594
44,7,0.90,0.9818114848062489
44,7,0.95,0.9732328178613597
44,8,0.05,0.9146445494478643
44,8,0.10,0.9834684926961398
44,8,0.15,0.9452684211625382
44,8,0.20,0.9700320409823058
44,8,0.25,0.8773045582174827
44,8,0.30,0.9264912097396909
44,8,0.35,0.9700368765555243
44,8,0.40,0.9657087649502286
44,8,0.45,0.9723503134592477
44,8,0.50,0.8546042678863717
44,8,0.55,0.9727899256359578
44,8,0.60,0.9763013509433587
44,8,0.65,0.9525001852408945
44,8,0.70,0.9766261353701612
44,8,0.75,0.963096334867084
44,8,0.80,0.982283411525094
44,8,0.85,0.9720281864385683
44,8,0.90,0.9833726991913371
44,8,0.95,0.9744139351703759
44,9,0.05,0.16435222198051347
44,9,0.10,0.7305808355674197
44,9,0.15,0.9724224967150145
44,9,0.20,0.9753936032800382
44,9,0.25,0.9394091005676707
44,9,0.30,0.9155852598847793
44,9,0.35,0.9638441813523464
44,9,0.40,0.9473990249794391
44,9,0.45,0.9032451565936394
44,9,0.50,0.942201429799072
44,9,0.55,0.9693229958111463
44,9,0.60,0.9690920678244724
44,9,0.65,0.9925219762042087
44,9,0.70,0.9750316300978246
44,9,0.75,0.9766691841942363
44,9,0.80,0.9899180198639631
44,9,0.85,0.9875237750678616
44,9,0.90,0.9822340762306322
44,9,0.95,0.9787128153823935
45,0,0.05,0.05869173817966067
45,0,0.10,0.958101271719316
45,0,0.15,0.879889491892607
45,0,0.20,0.9270093733545733
45,0,0.25,0.8176909796618992
45,0,0.30,0.9469941169306109
45,0,0.35,0.9689280533705057
45,0,0.40,0.9410693808890217
45,0,0.45,0.9553776064544346
45,0,0.50,0.9638717433450371
45,0,0.55,0.9743569774548678
45,0,0.60,0.968006855275267
45,0,0.65,0.9868690191245633
45,0,0.70,0.9816340702073274
45,0,0.75,0.9575709341485761
45,0,0.80,0.9846538993869899
45,0,0.85,0.9537878358024662
45,0,0.90,0.9736017105918386
45,0,0.95,0.9791056651205712
45,1,0.05,0.877449721282252
45,1,0.10,0.9249061167131212
45,1,0.15,0.9482135390140006
45,1,0.20,0.9566373843124332
45,1,0.25,0.9634023919803113
45,1,0.30,0.91814250084336
45,1,0.35,0.85780346452649
45,1,0.40,0.9501725393183602
45,1,0.45,0.9607952473201131
45,1,0.50,0.9624819704008838
45,1,0.55,0.9799304117601441
45,1,0.60,0.9700483247992565
45,1,0.65,0.9744273623732626
45,1,0.70,0.9547436425444658
45,1,0.75,0.9791604678053942
45,1,0.80,0.9650311858188244
45,1,0.85,0.9604547887670369
45,1,0.90,0.9668555888411954
45,1,0.95,0.9630242697468125
45,2,0.05,0.9545347359655595
45,2,0.10,0.9167748608973444
45,2,0.15,0.8952022989138617
45,2,0.20,0.8902754508350119
45,2,0.25,0.914817439122098
45,2,0.30,0.93862153146528
45,2,0.35,0.9714818173117615
45,2,0.40,0.957455945130025
45,2,0.45,0.9635897260152501
45,2,0.50,0.9741451629408974
45,2,0.55,0.9388025147919845
45,2,0.60,0.9690379404023595
45,2,0.65,0.9819001850745583
45,2,0.70,0.9788507928731944
45,2,0.75,0.9811235692961604
45,2,0.80,0.9815613746523268
45,2,0.85,0.9731513779471513
45,2,0.90,0.9812446034390921
45,2,0.95,0.9764441727226412
45,3,0.05,0.9770693807576578
45,3,0.10,0.609957021556172
45,3,0.15,0.9509647599892862
45,3,0.20,0.9492947855992235
45,3,0.25,0.9824467319385374
45,3,0.30,0.9424244074811461
45,3,0.35,0.9661158546712529
45,3,0.40,0.9651427077103721
45,3,0.45,0.9503501784409828
45,3,0.50,0.937168288164113
45,3,0.55,0.97023178060938
45,3,0.60,0.9640390380768378
45,3,0.65,0.9611728714482088
45,3,0.70,0.96522700584262
45,3,0.75,0.9707213048407802
45,3,0.80,0.9789332615499081
45,3,0.85,0.9487949528509507
45,3,0.90,0.9774228847801815
45,3,0.95,0.968817498315085
45,4,0.05,0.7137038328256838
45,4,0.10,0.9388421787131123
45,4,0.15,0.9191492317724359
45,4,0.20,0.9723517553007108
45,4,0.25,0.9652607250328633
45,4,0.30,0.9375522895835285
45,4,0.35,0.9444612836343594
45,4,0.40,0.939819470613732
45,4,0.45,0.9765482483323835
45,4,0.50,0.9478825707170251
45,4,0.55,0.9781819750735488
45,4,0.60,0.9637317491834105
45,4,0.65,0.9575681676069158
45,4,0.70,0.9482747075490114
45,4,0.75,0.9644224443292052
45,4,0.80,0.956070217960484
45,4,0.85,0.9731059679509289
45,4,0.90,0.9737439553780782
45,4,0.95,0.9849557222703484
45,5,0.05,0.9103953963534597
45,5,0.10,0.931108691053332
45,5,0.15,0.9212539868458252
45,5,0.20,0.9304375271791964
45,5,0.25,0.9822093063048403
45,5,0.30,0.9138850876807924
45,5,0.35,0.9741838090488197
45,5,0.40,0.9565903780392577
45,5,0.45,0.9622176621005947
45,5,0.50,0.9601081065834471
45,5,0.55,0.988379055328233
45,5,0.60,0.9644200859069681
45,5,0.65,0.9773138640029864
45,5,0.70,0.9785676395091896
45,5,0.75,0.9748619873190801
45,5,0.80,0.9746750773862745
45,5,0.85,0.9667578584172294
45,5,0.90,0.9690645155363262
45,5,0.95,0.9588812091193356
45,6,0.05,0.7260858951786866
45,6,0.10,0.8873943626274758
45,6,0.15,0.8143189515052442
45,6,0.20,0.9351725720878339
45,6,0.25,0.9258423552491011
45,6,0.30,0.9352729420566237
45,6,0.35,0.961240149500461
45,6,0.40,0.9467563775645591
45,6,0.45,0.9544648932420376
45,6,0.50,0.9562834264333885
45,6,0.55,0.9538661034967577
45,6,0.60,0.9636414807165561
45,6,0.65,0.9503678144803666
45,6,0.70,0.9669982157190228
45,6,0.75,0.9564654816658817
45,6,0.80,0.9664892308534703
45,6,0.85,0.9752514658871089
45,6,0.90,0.9685490001563817
45,6,0.95,0.9716965829634894
45,7,0.05,0.34783227726249166
45,7,0.10,0.8070379958983803
45,7,0.15,0.923378421107569
45,7,0.20,0.9734331622477475
45,7,0.25,0.9310152494886805
45,7,0.30,0.9714410962624663
45,7,0.35,0.9471876306445999
45,7,0.40,0.9632336415630747
45,7,0.45,0.9471139883406595
45,7,0.50,0.9673532230944392
45,7,0.55,0.9836017360909565
45,7,0.60,0.968826437315656
45,7,0.65,0.9793513751331417
45,7,0.70,0.9573073218958708
45,7,0.75,0.964696921726962
45,7,0.80,0.957453466336255
45,7,0.85,0.9813631745094775
45,7,0.90,0.977587637094473
45,7,0.95,0.9836501856927247
45,8,0.05,-0.06823217389480374
45,8,0.10,0.8613859499289259
45,8,0.15,0.9272370891285947
45,8,0.20,0.9073864110487574
45,8,0.25,0.9454135948705339
45,8,0.30,0.9424987407804697
45,8,0.35,0.9203822277800295
45,8,0.40,0.9355912918480137
45,8,0.45,0.9669377985955039
45,8,0.50,0.9634050041586125
45,8,0.55,0.9673740977061319
45,8,0.60,0.9741953075714825
45,8,0.65,0.9672299882265946
45,8,0.70,0.9692951423322549
45,8,0.75,0.9749119429613355
45,8,0.80,0.9680105381837798
45,8,0.85,0.9577839161125368
45,8,0.90,0.9676800394140497
45,8,0.95,0.9608027663272748
45,9,0.05,0.01844647307590852
45,9,0.10,0.8802142475528844
45,9,0.15,0.9698492244871351
45,9,0.20,0.9704519390696921
45,9,0.25,0.9180755500606017
45,9,0.30,0.9671126151247325
45,9,0.35,0.962169037430778
45,9,0.40,0.919685882957747
45,9,0.45,0.9777878496123277
45,9,0.50,0.9604410236854488
45,9,0.55,0.9642158053846139
45,9,0.60,0.9503114758272402
45,9,0.65,0.9721545169492983
45,9,0.70,0.9627275143898733
45,9,0.75,0.9707724915491489
45,9,0.80,0.9713773296506373
45,9,0.85,0.9672110189646621
45,9,0.90,0.9858086690734836
45,9,0.95,0.975109344809031
46,0,0.05,0.9494619147022209
46,0,0.10,0.7744410651062674
46,0,0.15,0.732722083793647
46,0,0.20,0.9642733530802504
46,0,0.25,0.9607507048071954
46,0,0.30,0.9270405369925022
46,0,0.35,0.9317434271028004
46,0,0.40,0.9488581967375916
46,0,0.45,0.9633327160684452
46,0,0.50,0.9731504123197039
46,0,0.55,0.945102216824332
46,0,0.60,0.983968342345964
46,0,0.65,0.9778912718267115
46,0,0.70,0.9374570986113712
46,0,0.75,0.9806473671410624
46,0,0.80,0.9741379382650346
46,0,0.85,0.9686254360760486
46,0,0.90,0.9798011598711284
46,0,0.95,0.9830163211889356
46,1,0.05,0.774252437673995
46,1,0.10,0.8169677527502499
46,1,0.15,0.9370248875667325
46,1,0.20,0.9395680623982383
46,1,0.25,0.9210173168287519
46,1,0.30,0.9754960413041011
46,1,0.35,0.9058519239634412
46,1,0.40,0.9204637970412166
46,1,0.45,0.9790284341501847
46,1,0.50,0.9704036818925986
46,1,0.55,0.9852733226151023
46,1,0.60,0.9511538119837515
46,1,0.65,0.9623925234060876
46,1,0.70,0.9668599985777231
46,1,0.75,0.9851099735874528
46,1,0.80,0.9774872441470708
46,1,0.85,0.9724416117909902
46,1,0.90,0.9674705095801843
46,1,0.95,0.9786326402064179
46,2,0.05,0.7668842571824512
46,2,0.10,0.9699048783185653
46,2,0.15,0.8952923988408212
46,2,0.20,0.9043600140099176
46,2,0.25,0.6223194388190849
46,2,0.30,0.9420139900693016
46,2,0.35,0.7305284430868375
46,2,0.40,0.8755545324057143
46,2,0.45,0.9514718898369362
46,2,0.50,0.9345393156580987
46,2,0.55,0.9716666512202095
46,2,0.60,0.9650902399457273
46,2,0.65,0.9827498414112394
46,2,0.70,0.9672463704533598
46,2,0.75,0.9602785146934278
46,2,0.80,0.9637881670268315
46,2,0.85,0.7489770753529041
46,2,0.90,0.9796360274546461
46,2,0.95,0.9596733235964651
46,3,0.05,0.3622116285082433
46,3,0.10,0.8963072309404674
46,3,0.15,0.6045878934923343
46,3,0.20,0.8961458552332074
46,3,0.25,0.8666385562711882
46,3,0.30,0.8373229929958877
46,3,0.35,0.9080343217721046
46,3,0.40,0.9782841309909371
46,3,0.45,0.9352524888117375
46,3,0.50,0.9472746282072161
46,3,0.55,0.9645097067834095
46,3,0.60,0.945489466118263
46,3,0.65,0.9798263088743612
46,3,0.70,0.9828094766446386
46,3,0.75,0.9740136030773144
46,3,0.80,0.9848291897925474
46,3,0.85,0.9771590146630825
46,3,0.90,0.9748495396053924
46,3,0.95,0.9801383702503202
46,4,0.05,0.5629978930872264
46,4,0.10,0.954625155837353
46,4,0.15,0.79478597101252
46,4,0.20,0.9607230441977898
46,4,0.25,0.8707291904437434
46,4,0.30,0.8620911649917756
46,4,0.35,0.9509946999531002
46,4,0.40,0.956763284767832
46,4,0.45,0.9641935620336652
46,4,0.50,0.9598370334426666
46,4,0.55,0.9689884700904873
46,4,0.60,0.9051947607142499
46,4,0.65,0.9623305124825526
46,4,0.70,0.9803703935624118
46,4,0.75,0.9724306944191656
46,4,0.80,0.9728291100644362
46,4,0.85,0.9656338052265466
46,4,0.90,0.9834792643245116
46,4,0.95,0.9871582400068175
46,5,0.05,0.9342713960369096
46,5,0.10,0.5211398639748186
46,5,0.15,0.8399486375753222
46,5,0.20,0.9443885094904685
46,5,0.25,0.9744169049049821
46,5,0.30,0.8699479346824709
46,5,0.35,0.9808764703921026
46,5,0.40,0.9731797627537138
46,5,0.45,0.9773811268439492
46,5,0.50,0.9810034385448557
46,5,0.55,0.9152304811246614
46,5,0.60,0.9545253812390827
46,5,0.65,0.97432043794621
46,5,0.70,0.9674267891165013
46,5,0.75,0.9632337956549002
46,5,0.80,0.9871301545406732
46,5,0.85,0.9718198163279441
46,5,0.90,0.9869894537412615
46,5,0.95,0.9763013232189978
46,6,0.05,0.9854987473642212
46,6,0.10,0.759323798498708
46,6,0.15,0.8489609781103844
46,6,0.20,0.8565283268653943
46,6,0.25,0.9012668187100137
46,6,0.30,0.893123130717414
46,6,0.35,0.9195685981677502
46,6,0.40,0.8878264139441121
46,6,0.45,0.9397367780498824
46,6,0.50,0.9677433451185227
46,6,0.55,0.9573313442425049
46,6,0.60,0.9456571899963168
46,6,0.65,0.9769404007999597
46,6,0.70,0.9745623133494571
46,6,0.75,0.9724381066037595
46,6,0.80,0.9784827766742413
46,6,0.85,0.9654339563309647
46,6,0.90,0.9588897202789802
46,6,0.95,0.9787338386259627
46,7,0.05,0.9885965362164686
46,7,0.10,0.9283952337372907
46,7,0.15,0.7294507645024142
46,7,0.20,0.9740592648898229
46,7,0.25,0.921701893136852
46,7,0.30,0.9302453099615686
46,7,0.35,0.9179556745324237
46,7,0.40,0.813636602698638
46,7,0.45,0.9589484896434198
46,7,0.50,0.9818160447370844
46,7,0.55,0.9512219604579475
46,7,0.60,0.9429134893306238
46,7,0.65,0.9863285914677504
46,7,0.70,0.9574187638511356
46,7,0.75,0.9777866510096882
46,7,0.80,0.9690876019296298
46,7,0.85,0.975998134265837
46,7,0.90,0.9850648679725742
46,7,0.95,0.9743790765397269
46,8,0.05,0.8065068508760753
46,8,0.10,0.33516156787034024
46,8,0.15,0.967300181428401
46,8,0.20,0.9806760660913323
46,8,0.25,0.8811525848021565
46,8,0.30,0.972983056641403
46,8,0.35,0.6515812887707262
46,8,0.40,0.9182145051707579
46,8,0.45,0.9779441352836101
46,8,0.50,0.9656570893801621
46,8,0.55,0.7407695989708483
46,8,0.60,0.9747241321435125
46,8,0.65,0.9810207778894037
46,8,0.70,0.9325930104743788
46,8,0.75,0.9624281197224267
46,8,0.80,0.9822320185307675
46,8,0.85,0.9752524469799103
46,8,0.90,0.9760393462989525
46,8,0.95,0.9732656031986362
46,9,0.05,0.9158675575364841
46,9,0.10,0.8407702469436386
46,9,0.15,0.8320211286865563
46,9,0.20,0.8558250005735812
46,9,0.25,0.9278624547306924
46,9,0.30,0.9562292107699564
46,9,0.35,0.8990554760114063
46,9,0.40,0.9103960729761246
46,9,0.45,0.9517811189076184
46,9,0.50,0.9309292826886769
46,9,0.55,0.9580292362104755
46,9,0.60,0.9810835823206481
46,9,0.65,0.9602053485977038
46,9,0.70,0.9743552301642139
46,9,0.75,0.9658483657949619
46,9,0.80,0.9764041229569789
46,9,0.85,0.9808515602229251
46,9,0.90,0.9906885283463619
46,9,0.95,0.9800954867879522
47,0,0.05,-0.1485412688626313
47,0,0.10,0.5499700347395537
47,0,0.15,0.9723553783741145
47,0,0.20,0.9821353852148784
47,0,0.25,0.8940399535842446
47,0,0.30,0.9474527956738028
47,0,0.35,0.9726855828635732
47,0,0.40,0.9839274519312393
47,0,0.45,0.9649624849899243
47,0,0.50,0.9651734359159899
47,0,0.55,0.9747044641204377
47,0,0.60,0.9720529918770369
47,0,0.65,0.9755702176409363
47,0,0.70,0.9813816315927737
47,0,0.75,0.9856859680926847
47,0,0.80,0.9837479632909097
47,0,0.85,0.9657866443728997
47,0,0.90,0.9838942916969093
47,0,0.95,0.9751077301624157
47,1,0.05,0.584182403291549
47,1,0.10,0.931769225970875
47,1,0.15,0.9674384322909261
47,1,0.20,0.9249571517786922
47,1,0.25,0.9009361595903606
47,1,0.30,0.9698717057365909
47,1,0.35,0.9551922565266852
47,1,0.40,0.9634974315137919
47,1,0.45,0.9361531265327405
47,1,0.50,0.944792433563195
47,1,0.55,0.9735251143620315
47,1,0.60,0.9799669568673176
47,1,0.65,0.9616376728658033
47,1,0.70,0.9806661766621126
47,1,0.75,0.9803086153604262
47,1,0.80,0.9680258855395926
47,1,0.85,0.9656683407835169
47,1,0.90,0.9773215761697104
47,1,0.95,0.9508081646757824
47,2,0.05,0.40161228561300377
47,2,0.10,0.41252112817060815
47,2,0.15,0.7161055146868129
47,2,0.20,0.8492348250453867
47,2,0.25,0.9182211103667353
47,2,0.30,0.9390241091245686
47,2,0.35,0.9399838405215946
47,2,0.40,0.9555706164723131
47,2,0.45,0.9473535378737818
47,2,0.50,0.9662929265732548
47,2,0.55,0.962283978684353
47,2,0.60,0.9751489298369658
47,2,0.65,0.9621530902553913
47,2,0.70,0.9708033913568903
47,2,0.75,0.9754880835319527
47,2,0.80,0.969728219457478
47,2,0.85,0.9673757756983848
47,2,0.90,0.9789404301278031
47,2,0.95,0.9360877214361446
47,3,0.05,0.6003913934017726
47,3,0.10,0.6042582964301728
47,3,0.15,0.915281826617526
47,3,0.20,0.930363150580298
47,3,0.25,0.7891048347671663
47,3,0.30,0.9568582508688751
47,3,0.35,0.9657048001125177
47,3,0.40,0.9598723889432145
47,3,0.45,0.9815743736124468
47,3,0.50,0.9813462837098541
47,3,0.55,0.9532991892211629
47,3,0.60,0.9764524389023804
47,3,0.65,0.9690434233586616
47,3,0.70,0.9820253236876098
47,3,0.75,0.9669393937890467
47,3,0.80,0.971859665042408
47,3,0.85,0.9639478740403966
47,3,0.90,0.9675371015876275
47,3,0.95,0.967334371269222
47,4,0.05,-0.050470250594787824
47,4,0.10,0.6327713571093452
47,4,0.15,0.8865597522930071
47,4,0.20,0.8705161402768684
47,4,0.25,0.9146408408351487
47,4,0.30,0.894350044627699
47,4,0.35,0.9629105533915482
47,4,0.40,0.9492390322418692
47,4,0.45,0.9532877246394399
47,4,0.50,0.9344068194434518
47,4,0.55,0.9647972119608831
47,4,0.60,0.970990646629562
47,4,0.65,0.9509381389130325
47,4,0.70,0.9605423617880461
47,4,0.75,0.9550962291652307
47,4,0.80,0.9668529584819866
47,4,0.85,0.9471041768665244
47,4,0.90,0.9515133718682356
47,4,0.95,0.9719811882583078
47,5,0.05,0.13948327112975611
47,5,0.10,0.00919462239183777
47,5,0.15,0.9659354421792099
47,5,0.20,0.9760181039659727
47,5,0.25,0.9551041066903379
47,5,0.30,0.9461619941438153
47,5,0.35,0.9827775327010259
47,5,0.40,0.9757756266599827
47,5,0.45,0.9554958431196415
47,5,0.50,0.9580965758136828
47,5,0.55,0.9771035821271562
47,5,0.60,0.9318556002925343
47,5,0.65,0.9804763435526871
47,5,0.70,0.9658686100270253
47,5,0.75,0.9774623918030413
47,5,0.80,0.9800878172047676
47,5,0.85,0.9711710703425626
47,5,0.90,0.9813305524990165
47,5,0.95,0.9581380152235897
47,6,0.05,0.9639373752047038
47,6,0.10,0.7630618453059184
47,6,0.15,0.9839950551528409
47,6,0.20,0.9751672636278067
47,6,0.25,0.9013676554277595
47,6,0.30,0.9652237838351811
47,6,0.35,0.9672037635231527
47,6,0.40,0.9588162348210243
47,6,0.45,0.9504572829372462
47,6,0.50,0.9764475724313093
47,6,0.55,0.9635097621314215
47,6,0.60,0.9744418192877757
47,6,0.65,0.9772362900700503
47,6,0.70,0.9659440320529722
47,6,0.75,0.9795959597433503
47,6,0.80,0.9638795387722331
47,6,0.85,0.9720165994470786
47,6,0.90,0.9750210352081254
47,6,0.95,0.9610203472708498
47,7,0.05,-0.9484382317713906
47,7,0.10,0.9658403812299283
47,7,0.15,0.9548401038794296
47,7,0.20,0.9592794771957088
47,7,0.25,0.9220314346035127
47,7,0.30,0.9294658180265076
47,7,0.35,0.9393958632343704
47,7,0.40,0.9396192957046613
47,7,0.45,0.9301806653181895
47,7,0.50,0.9775672776531084
47,7,0.55,0.9652317973535434
47,7,0.60,0.9716250806177733
47,7,0.65,0.976828931983085
47,7,0.70,0.9855355225915162
47,7,0.75,0.9767042647606781
47,7,0.80,0.9720466955060254
47,7,0.85,0.9722753681271973
47,7,0.90,0.9783626116226287
47,7,0.95,0.9715173216409777
47,8,0.05,0.16295571465632674
47,8,0.10,0.9689157925053572
47,8,0.15,0.969977704939966
47,8,0.20,0.960068258621632
47,8,0.25,0.9716365670103052
47,8,0.30,0.9427080417381654
47,8,0.35,0.9493246818145937
47,8,0.40,0.9826655605399148
47,8,0.45,0.928714003974471
47,8,0.50,0.9665497880462559
47,8,0.55,0.9692247682526335
47,8,0.60,0.9713119108954826
47,8,0.65,0.9736193586674593
47,8,0.70,0.9688813356129725
47,8,0.75,0.9771724361561738
47,8,0.80,0.9709837633188763
47,8,0.85,0.9668006635306424
47,8,0.90,0.966232835649339
47,8,0.95,0.971819843460348
47,9,0.05,0.08836471005239155
47,9,0.10,0.36790076051776244
47,9,0.15,0.9531647431568276
47,9,0.20,0.9727118553485343
47,9,0.25,0.9330437947700279
47,9,0.30,0.8535145926733841
47,9,0.35,0.9707933366419242
47,9,0.40,0.9686774243793596
47,9,0.45,0.9473379624093647
47,9,0.50,0.9694844751152385
47,9,0.55,0.9904451610737941
47,9,0.60,0.9604468002811645
47,9,0.65,0.961358220953964
47,9,0.70,0.9581462751454464
47,9,0.75,0.9837025703950317
47,9,0.80,0.9781271212248843
47,9,0.85,0.974291070446373
47,9,0.90,0.9745973454733452
47,9,0.95,0.979725268939386
48,0,0.05,0.9633416241181046
48,0,0.10,0.9124575443274052
48,0,0.15,0.7902981263050259
48,0,0.20,0.9080568069395203
48,0,0.25,0.9116440581691837
48,0,0.30,0.9617537994965636
48,0,0.35,0.9542518476369275
48,0,0.40,0.9550784048461166
48,0,0.45,0.9547927946844155
48,0,0.50,0.9750298477754927
48,0,0.55,0.9614228022562319
48,0,0.60,0.9881149852369085
48,0,0.65,0.9775230319153307
48,0,0.70,0.990753193109628
48,0,0.75,0.9853563011265168
48,0,0.80,0.9783313958780342
48,0,0.85,0.9795150371147986
48,0,0.90,0.9803259750878436
48,0,0.95,0.9747698283999318
48,1,0.05,-0.34871162356631724
48,1,0.10,0.2970331243036285
48,1,0.15,0.7661671397474904
48,1,0.20,0.39645194864002775
48,1,0.25,0.6988062802272077
48,1,0.30,0.9402009494367621
48,1,0.35,0.9774544463940215
48,1,0.40,0.9665883788587222
48,1,0.45,0.9646595782545426
48,1,0.50,0.9804063684021723
48,1,0.55,0.9775662034070498
48,1,0.60,0.966749041441691
48,1,0.65,0.9811825947003734
48,1,0.70,0.9838996529555493
48,1,0.75,0.9440950573932043
48,1,0.80,0.9718441757471171
48,1,0.85,0.9799764276556585
48,1,0.90,0.9789821184553572
48,1,0.95,0.9706429070388832
48,2,0.05,0.9001739761931429
48,2,0.10,0.11607463756765168
48,2,0.15,0.48734355286666153
48,2,0.20,0.9288770214404068
48,2,0.25,0.9160705556766753
48,2,0.30,0.9231517302493049
48,2,0.35,0.9600252526845291
48,2,0.40,0.9601213170979686
48,2,0.45,0.9685192833432528
48,2,0.50,0.9806130341960729
48,2,0.55,0.9645388682691961
48,2,0.60,0.9601988999061142
48,2,0.65,0.9733478179683736
48,2,0.70,0.9772316320549668
48,2,0.75,0.9773719713384197
48,2,0.80,0.9813051147320895
48,2,0.85,0.9795585260929964
48,2,0.90,0.975714097239432
48,2,0.95,0.9673520565544347
48,3,0.05,0.9186563743878305
48,3,0.10,-0.31472645858487325
48,3,0.15,0.760827399982893
48,3,0.20,0.912995728992
48,3,0.25,0.8581769759656183
48,3,0.30,0.9105484102895205
48,3,0.35,0.9362457964504918
48,3,0.40,0.9535990803957309
48,3,0.45,0.959139875001306
48,3,0.50,0.9738663075507489
48,3,0.55,0.9643678590069527
48,3,0.60,0.985464318388952
48,3,0.65,0.9871944691932294
48,3,0.70,0.9712128858967142
48,3,0.75,0.9736793574483726
48,3,0.80,0.9684064889187729
48,3,0.85,0.9786194792817947
48,3,0.90,0.9763469492354625
48,3,0.95,0.9729690297031465
48,4,0.05,0.3532358509709659
48,4,0.10,0.3812816430986805
48,4,0.15,0.3822001787503868
48,4,0.20,0.9212452081835831
48,4,0.25,0.9763290880238056
48,4,0.30,0.9584818923195771
48,4,0.35,0.9335484534656929
48,4,0.40,0.9234028967880228
48,4,0.45,0.9483105361486183
48,4,0.50,0.960742897826013
48,4,0.55,0.9711930426291108
48,4,0.60,0.9795330480887924
48,4,0.65,0.9653012770171293
48,4,0.70,0.9773134822537064
48,4,0.75,0.9642937701743519
48,4,0.80,0.9738585441579076
48,4,0.85,0.9732624481526162
48,4,0.90,0.9682518322185418
48,4,0.95,0.9800649713471036
48,5,0.05,0.9907895000316015
48,5,0.10,0.9033226602232853
48,5,0.15,0.7701175403398677
48,5,0.20,0.903269209478243
48,5,0.25,0.9258551127672207
48,5,0.30,0.9313644483056419
48,5,0.35,0.958681409531517
48,5,0.40,0.9306983506076233
48,5,0.45,0.9614965667144774
48,5,0.50,0.9802306581776605
48,5,0.55,0.9691627422876549
48,5,0.60,0.9810374787119613
48,5,0.65,0.9787421111753944
48,5,0.70,0.9776802010641462
48,5,0.75,0.9699271862156701
48,5,0.80,0.9653069121191499
48,5,0.85,0.9842628914758866
48,5,0.90,0.9634759180865434
48,5,0.95,0.9622229532841601
48,6,0.05,0.996851700661758
48,6,0.10,0.13271088337969106
48,6,0.15,0.969433373450321
48,6,0.20,0.9226579262238775
48,6,0.25,0.9059278220991985
48,6,0.30,0.9475659049981063
48,6,0.35,0.9353518021656582
48,6,0.40,0.9592323751340005
48,6,0.45,0.974768202059274
48,6,0.50,0.9810631060449919
48,6,0.55,0.9483230704941661
48,6,0.60,0.9538279878758325
48,6,0.65,0.9641433863254465
48,6,0.70,0.9723959202578811
48,6,0.75,0.9766738080696676
48,6,0.80,0.968052916472923
48,6,0.85,0.9856864032689818
48,6,0.90,0.9829664586014587
48,6,0.95,0.9821978316499254
48,7,0.05,-0.07341719707009853
48,7,0.10,0.609728002157416
48,7,0.15,0.9259578950662908
48,7,0.20,0.8666660023465352
48,7,0.25,0.9734979168397565
48,7,0.30,0.8683804772981162
48,7,0.35,0.9631900534397265
48,7,0.40,0.9694256388127533
48,7,0.45,0.9609055160238349
48,7,0.50,0.9779198337202305
48,7,0.55,0.969427715330432
48,7,0.60,0.9634583783654354
48,7,0.65,0.9882095348153314
48,7,0.70,0.9702204365344841
48,7,0.75,0.9767580590815034
48,7,0.80,0.9686293562012609
48,7,0.85,0.9644210454039887
48,7,0.90,0.9719354002391929
48,7,0.95,0.984462123149687
48,8,0.05,0.6025291264318162
48,8,0.10,0.5646131582978492
48,8,0.15,0.6056277969829367
48,8,0.20,0.9062897029960139
48,8,0.25,0.901633592292669
48,8,0.30,0.9426705342329107
48,8,0.35,0.9021106594645125
48,8,0.40,0.9717489968637013
48,8,0.45,0.9351201223674356
48,8,0.50,0.9518362653714909
48,8,0.55,0.9848651929126244
48,8,0.60,0.9826011028535978
48,8,0.65,0.9619331355789574
48,8,0.70,0.9626157014749003
48,8,0.75,0.9639917840717426
48,8,0.80,0.9627348477567372
48,8,0.85,0.9728061509409054
48,8,0.90,0.9746119642767865
48,8,0.95,0.9771938426615112
48,9,0.05,0.5298833372936044
48,9,0.10,0.8049890504798191
48,9,0.15,0.8644781435179988
48,9,0.20,0.8863967635190136
48,9,0.25,0.9062676352794867
48,9,0.30,0.9054363223939124
48,9,0.35,0.9173597529325762
48,9,0.40,0.967192566336184
48,9,0.45,0.9497990350486973
48,9,0.50,0.96830602232195
48,9,0.55,0.9706869678976394
48,9,0.60,0.9707075692492116
48,9,0.65,0.9794701421249339
48,9,0.70,0.9748348378411512
48,9,0.75,0.951158804667916
48,9,0.80,0.9702650492751813
48,9,0.85,0.9754692030765337
48,9,0.90,0.9745383351046777
48,9,0.95,0.9834642434607188
49,0,0.05,0.9435949458789261
49,0,0.10,0.8955292331202528
49,0,0.15,0.9809874931104006
49,0,0.20,0.9077220356795495
49,0,0.25,0.920679595783631
49,0,0.30,0.964833671399057
49,0,0.35,0.8018023276224668
49,0,0.40,0.9738613035535321
49,0,0.45,0.9742992550490793
49,0,0.50,0.9634686165588423
49,0,0.55,0.9644324122823574
49,0,0.60,0.9611817183870811
49,0,0.65,0.9696505361003082
49,0,0.70,0.9652495548155422
49,0,0.75,0.9601464574514138
49,0,0.80,0.9723337149947214
49,0,0.85,0.9715465057530948
49,0,0.90,0.9815804076949839
49,0,0.95,0.9803767565237824
49,1,0.05,0.8638290333760295
49,1,0.10,0.9360439940818034
49,1,0.15,0.8991386175606056
49,1,0.20,0.8823133587261858
49,1,0.25,0.9411509567467619
49,1,0.30,0.9546423881942481
49,1,0.35,0.9515504026804067
49,1,0.40,0.9707140783067418
49,1,0.45,0.9847340047877163
49,1,0.50,0.9734044475197488
49,1,0.55,0.9503561864765546
49,1,0.60,0.9696747462400604
49,1,0.65,0.9773483361591996
49,1,0.70,0.9771877070711965
49,1,0.75,0.9897596130645772
49,1,0.80,0.9881642777558065
49,1,0.85,0.9718557872448192
49,1,0.90,0.9654867673046281
49,1,0.95,0.9568351131946865
49,2,0.05,0.7832658908686393
49,2,0.10,0.8714318537826546
49,2,0.15,0.7571907895481563
49,2,0.20,0.8386373118597068
49,2,0.25,0.9584006071005029
49,2,0.30,0.9238390420304351
49,2,0.35,0.9659182819254891
49,2,0.40,0.9527907914207344
49,2,0.45,0.9669134774046307
49,2,0.50,0.9411984430167571
49,2,0.55,0.98009690559672
49,2,0.60,0.9783342898467047
49,2,0.65,0.9799069467708604
49,2,0.70,0.9820937132012165
49,2,0.75,0.9820544715824705
49,2,0.80,0.9798701546726808
49,2,0.85,0.9704934458972488
49,2,0.90,0.9766994853832232
49,2,0.95,0.9797111743171426
49,3,0.05,0.8581540679389756
49,3,0.10,0.7704792731419439
49,3,0.15,0.6452276168390437
49,3,0.20,0.9066328015161298
49,3,0.25,0.9749933588344658
49,3,0.30,0.8955781007672684
49,3,0.35,0.9368349360079986
49,3,0.40,0.8476429610528171
49,3,0.45,0.9676039235723537
49,3,0.50,0.9814004244925766
49,3,0.55,0.9814625328405351
49,3,0.60,0.9644457839205559
49,3,0.65,0.9500426187755024
49,3,0.70,0.9669693831606198
49,3,0.75,0.9817327651504744
49,3,0.80,0.9836288131498442
49,3,0.85,0.9795219827773172
49,3,0.90,0.9763176670928564
49,3,0.95,0.9734171765367559
49,4,0.05,0.6649538654844658
49,4,0.10,0.7575889342956446
49,4,0.15,0.8134893372135046
49,4,0.20,0.8873582411485448
49,4,0.25,0.9482030523203009
49,4,0.30,0.9467007741585239
49,4,0.35,0.9357448499171055
49,4,0.40,0.9736650724281666
49,4,0.45,0.9691704933628216
49,4,0.50,0.9855610320503104
49,4,0.55,0.9879061809755658
49,4,0.60,0.9886084038234603
49,4,0.65,0.9632581899225591
49,4,0.70,0.9818400372319224
49,4,0.75,0.974670928409307
49,4,0.80,0.9652690377835803
49,4,0.85,0.9813142208079928
49,4,0.90,0.9723374391194275
49,4,0.95,0.9751944474784893
49,5,0.05,0.8382656690617993
49,5,0.10,0.9101289843131712
49,5,0.15,0.9823129185214202
49,5,0.20,0.8434941476727407
49,5,0.25,0.9663498726122985
49,5,0.30,0.9388910757722901
49,5,0.35,0.9318699978505647
49,5,0.40,0.9545117062043851
49,5,0.45,0.9614266405272167
49,5,0.50,0.9628449017585572
49,5,0.55,0.9626903169674352
49,5,0.60,0.9655545094721418
49,5,0.65,0.9740150253956409
49,5,0.70,0.9672594474909713
49,5,0.75,0.9756285977251985
49,5,0.80,0.9706789059662736
49,5,0.85,0.9717405587958249
49,5,0.90,0.9732255193030989
49,5,0.95,0.9751721092333561
49,6,0.05,0.9395691112086909
49,6,0.10,0.9552735682291543
49,6,0.15,0.9626565268156524
49,6,0.20,0.8247856620718628
49,6,0.25,0.9174712313147144
49,6,0.30,0.9766304900991541
49,6,0.35,0.992604581542934
49,6,0.40,0.9773016850259225
49,6,0.45,0.9770151321119684
49,6,0.50,0.9834607928100093
49,6,0.55,0.9812229528205805
49,6,0.60,0.9639293834990744
49,6,0.65,0.9812402870574123
49,6,0.70,0.9416590266711675
49,6,0.75,0.9916687325174393
49,6,0.80,0.9859900955995585
49,6,0.85,0.9846043676158034
49,6,0.90,0.9831861133445174
49,6,0.95,0.9799749711623407
49,7,0.05,0.9052470453765441
49,7,0.10,0.9591043629097513
49,7,0.15,0.9466957324170509
49,7,0.20,0.9180109528606244
49,7,0.25,0.8827221005571121
49,7,0.30,0.9624066669270548
49,7,0.35,0.9827010193613329
49,7,0.40,0.9722376177838398
49,7,0.45,0.9663776627893907
49,7,0.50,0.9734894920241312
49,7,0.55,0.9395399625485422
49,7,0.60,0.9592630058134719
49,7,0.65,0.9665218142439226
49,7,0.70,0.9703944870876573
49,7,0.75,0.9644166481372644
49,7,0.80,0.9610880591138395
49,7,0.85,0.9781729753081152
49,7,0.90,0.9746471910210963
49,7,0.95,0.9689145192245061
49,8,0.05,0.6414330062997075
49,8,0.10,0.9844621858695574
49,8,0.15,0.6453729748733518
49,8,0.20,0.8687526799758525
49,8,0.25,0.9400526053092909
49,8,0.30,0.9446817905375398
49,8,0.35,0.9361661441091327
49,8,0.40,0.9744299705801692
49,8,0.45,0.9757803040910623
49,8,0.50,0.9621819894352587
49,8,0.55,0.9788910258835244
49,8,0.60,0.9836304830087209
49,8,0.65,0.9786617830482087
49,8,0.70,0.9759331721807664
49,8,0.75,0.9547517382213332
49,8,0.80,0.9705623312462909
49,8,0.85,0.9742800769576374
49,8,0.90,0.9720447177618049
49,8,0.95,0.9749009528176857
49,9,0.05,0.4498920579166359
49,9,0.10,0.8895907317799727
49,9,0.15,0.7509494057980157
49,9,0.20,0.898839338860576
49,9,0.25,0.9701347954657904
49,9,0.30,0.9832645173203352
49,9,0.35,0.9650741742545932
49,9,0.40,0.8665114511369594
49,9,0.45,0.9698217544041543
49,9,0.50,0.9564644784630367
49,9,0.55,0.9746490817543418
49,9,0.60,0.9929062135132737
49,9,0.65,0.9808179531632115
49,9,0.70,0.9818628039741576
49,9,0.75,0.9827035630727536
49,9,0.80,0.9774593565822939
49,9,0.85,0.9709498362113489
49,9,0.90,0.9798632605892496
49,9,0.95,0.9769769713123828
50,0,0.05,0.4775076735739918
50,0,0.10,0.7211130094701363
50,0,0.15,0.7809725771194088
50,0,0.20,0.9338102601024815
50,0,0.25,0.9357898236758458
50,0,0.30,0.9314313957899831
50,0,0.35,0.9101422276476065
50,0,0.40,0.9069051147694841
50,0,0.45,0.9542549622528865
50,0,0.50,0.9496334114626146
50,0,0.55,0.9723178529138738
50,0,0.60,0.964100943228972
50,0,0.65,0.9278500183432858
50,0,0.70,0.978285373604732
50,0,0.75,0.9675302064364644
50,0,0.80,0.9685755269352008
50,0,0.85,0.9615365814887632
50,0,0.90,0.978964346146689
50,0,0.95,0.9814334714797546
50,1,0.05,-1.769596682861533
50,1,0.10,0.7200832190891471
50,1,0.15,0.7419844862732148
50,1,0.20,0.3815265355519104
50,1,0.25,0.6301881521933407
50,1,0.30,0.9601637503404726
50,1,0.35,0.942825078939979
50,1,0.40,0.9537723823813996
50,1,0.45,0.9575387586008616
50,1,0.50,0.9247237136168822
50,1,0.55,0.9404882115469131
50,1,0.60,0.9491039582272579
50,1,0.65,0.9629219869717959
50,1,0.70,0.9808668667952519
50,1,0.75,0.980684686145093
50,1,0.80,0.9893281069544138
50,1,0.85,0.954724345627742
50,1,0.90,0.9711930251515666
50,1,0.95,0.9733179709416688
50,2,0.05,0.06979358112830736
50,2,0.10,0.8085329218580897
50,2,0.15,0.7265404079471771
50,2,0.20,0.8458518278087113
50,2,0.25,0.9245491127910038
50,2,0.30,0.934952076496801
50,2,0.35,0.9392448398933112
50,2,0.40,0.9371308723073445
50,2,0.45,0.9590857772902508
50,2,0.50,0.9415026113956667
50,2,0.55,0.97661826510297
50,2,0.60,0.9804554391112064
50,2,0.65,0.9607275483783821
50,2,0.70,0.9636076364163496
50,2,0.75,0.9739952439099222
50,2,0.80,0.9786510261950282
50,2,0.85,0.9800698740995133
50,2,0.90,0.9795189507126913
50,2,0.95,0.9856744248058388
50,3,0.05,-0.01147469926049327
50,3,0.10,-0.2640926772960157
50,3,0.15,0.910542310764297
50,3,0.20,0.9196071032149385
50,3,0.25,0.9307551221322071
50,3,0.30,0.9835469032356897
50,3,0.35,0.9346502034493707
50,3,0.40,0.950334260680546
50,3,0.45,0.9749990147482477
50,3,0.50,0.9411867553656301
50,3,0.55,0.9647419190513902
50,3,0.60,0.9688548503006844
50,3,0.65,0.9667254068430355
50,3,0.70,0.9520135740229867
50,3,0.75,0.9549341880167057
50,3,0.80,0.9680656347232495
50,3,0.85,0.9783062394678347
50,3,0.90,0.978096868911908
50,3,0.95,0.9723869344471748
50,4,0.05,-0.09032043785372568
50,4,0.10,0.36703876003353764
50,4,0.15,0.18729345697359923
50,4,0.20,0.9720989914298316
50,4,0.25,0.9459602650881197
50,4,0.30,0.9063993540989659
50,4,0.35,0.8282131783549435
50,4,0.40,0.9302678982439986
50,4,0.45,0.7710836289234553
50,4,0.50,0.9475458905277468
50,4,0.55,0.9480551158995406
50,4,0.60,0.9349213871246622
50,4,0.65,0.9643870698868521
50,4,0.70,0.9771604473495025
50,4,0.75,0.974042139624123
50,4,0.80,0.9741523748295136
50,4,0.85,0.9551285717875635
50,4,0.90,0.9784412610902529
50,4,0.95,0.9907662842985013
50,5,0.05,0.6689249771136401
50,5,0.10,0.23815163157067387
50,5,0.15,0.24506656244119318
50,5,0.20,0.7001200900084424
50,5,0.25,0.9698413094610709
50,5,0.30,0.8745183525100273
50,5,0.35,0.9386266750945222
50,5,0.40,0.9375680307260299
50,5,0.45,0.9458869672808804
50,5,0.50,0.8893970196642559
50,5,0.55,0.9402054840513276
50,5,0.60,0.959787081515845
50,5,0.65,0.9731147386714358
50,5,0.70,0.9729644998094884
50,5,0.75,0.9626495449960722
50,5,0.80,0.9829400867578313
50,5,0.85,0.9856535573967073
50,5,0.90,0.9797297624060661
50,5,0.95,0.8696284824726868
50,6,0.05,0.7598744410340216
50,6,0.10,0.8417476294909528
50,6,0.15,0.8357153135770021
50,6,0.20,0.8742080228822542
50,6,0.25,0.8918502669994922
50,6,0.30,0.9648908355896344
50,6,0.35,0.9838624678769403
50,6,0.40,0.9481399149086738
50,6,0.45,0.9316952968660445
50,6,0.50,0.968706488355764
50,6,0.55,0.9650957766480317
50,6,0.60,0.9052271536884496
50,6,0.65,0.9852458807082883
50,6,0.70,0.9841321647589131
50,6,0.75,0.9617520638940643
50,6,0.80,0.9890802885986234
50,6,0.85,0.9834210817351571
50,6,0.90,0.9895820915646655
50,6,0.95,0.9742565666168388
50,7,0.05,0.4294590047964886
50,7,0.10,0.7447225519706723
50,7,0.15,0.8908204348624373
50,7,0.20,0.8815734488426954
50,7,0.25,0.948667770075732
50,7,0.30,0.8432906175682865
50,7,0.35,0.8397605201647313
50,7,0.40,0.9332700567090635
50,7,0.45,0.9598938499395299
50,7,0.50,0.9768649190718383
50,7,0.55,0.9683750116062882
50,7,0.60,0.944195624088435
50,7,0.65,0.9675714715807966
50,7,0.70,0.9820213830338602
50,7,0.75,0.9761642142122164
50,7,0.80,0.9414264532028068
50,7,0.85,0.9700935841192276
50,7,0.90,0.969406762555611
50,7,0.95,0.9743137238594601
50,8,0.05,-0.002132049957363602
50,8,0.10,0.4045950739206444
50,8,0.15,0.6477251487778919
50,8,0.20,0.6625601124992664
50,8,0.25,0.9321118703412333
50,8,0.30,0.9495852811273359
50,8,0.35,0.9628791749521161
50,8,0.40,0.9337444472931503
50,8,0.45,0.9495746241040818
50,8,0.50,0.9552460884991646
50,8,0.55,0.9886710055882822
50,8,0.60,0.9723175606596574
50,8,0.65,0.9753614105333078
50,8,0.70,0.9862648511773315
50,8,0.75,0.979767655361679
50,8,0.80,0.9773988643060121
50,8,0.85,0.9871951470497897
50,8,0.90,0.9808228397612813
50,8,0.95,0.9840883070819517
50,9,0.05,0.2536293161214146
50,9,0.10,0.8827370369762241
50,9,0.15,0.807625222788443
50,9,0.20,0.8983388632542572
50,9,0.25,0.9635164354228144
50,9,0.30,0.9457291674647421
50,9,0.35,0.818840223738957
50,9,0.40,0.9207664250911852
50,9,0.45,0.9496247434568841
50,9,0.50,0.96980721312089
50,9,0.55,0.9543271085779208
50,9,0.60,0.9818069257046855
50,9,0.65,0.9692761816378221
50,9,0.70,0.9852968147219027
50,9,0.75,0.9693620504272031
50,9,0.80,0.9530900371464722
50,9,0.85,0.9611560159635917
50,9,0.90,0.979969452283337
50,9,0.95,0.971546537712337
51,0,0.05,0.939704920693907
51,0,0.10,0.8684274713330626
51,0,0.15,0.8423413166930935
51,0,0.20,0.8644103546099488
51,0,0.25,0.9830576306184833
51,0,0.30,0.9635090019765893
51,0,0.35,0.954557718012973
51,0,0.40,0.9546265748421514
51,0,0.45,0.9675795202747272
51,0,0.50,0.9568910021591589
51,0,0.55,0.9565559857336191
51,0,0.60,0.9607377772175061
51,0,0.65,0.9615649840161887
51,0,0.70,0.9568038693146149
51,0,0.75,0.9841977601828921
51,0,0.80,0.9786461716045957
51,0,0.85,0.96263201637693
51,0,0.90,0.9704066424221509
51,0,0.95,0.9741210786370372
51,1,0.05,0.9871389363938801
51,1,0.10,0.8497332772810784
51,1,0.15,0.9715399906295
51,1,0.20,0.9608858777746443
51,1,0.25,0.9778919792192492
51,1,0.30,0.9290216426863445
51,1,0.35,0.9548979824880129
51,1,0.40,0.9551058784277618
51,1,0.45,0.9590645190758612
51,1,0.50,0.9304623231770178
51,1,0.55,0.9698708184175634
51,1,0.60,0.9689147256000047
51,1,0.65,0.974107015060028
51,1,0.70,0.9844140436068336
51,1,0.75,0.979196978534413
51,1,0.80,0.9685867893464569
51,1,0.85,0.9785335085244716
51,1,0.90,0.9790627874941719
51,1,0.95,0.9749879190522144
51,2,0.05,0.9905795426485037
51,2,0.10,0.9738597995783355
51,2,0.15,0.7720042028791557
51,2,0.20,0.8919914052624976
51,2,0.25,0.9423148066455038
51,2,0.30,0.9252479067500603
51,2,0.35,0.9576564851732128
51,2,0.40,0.9455884750762118
51,2,0.45,0.9629757179768396
51,2,0.50,0.9447867440604752
51,2,0.55,0.9700862480927274
51,2,0.60,0.9657841596876584
51,2,0.65,0.975206898795767
51,2,0.70,0.9724461373968876
51,2,0.75,0.9662671506795265
51,2,0.80,0.9703986491484555
51,2,0.85,0.9740950706948698
51,2,0.90,0.9760968098278476
51,2,0.95,0.9779376810280019
51,3,0.05,0.999644276256074
51,3,0.10,0.9351220547169579
51,3,0.15,0.9458904177850833
51,3,0.20,0.8359823821703243
51,3,0.25,0.8955955514948597
51,3,0.30,0.9531997576282822
51,3,0.35,0.9587153334683416
51,3,0.40,0.9616347012255329
51,3,0.45,0.9790093426732623
51,3,0.50,0.9401545415750987
51,3,0.55,0.9682116431127654
51,3,0.60,0.9496266356852535
51,3,0.65,0.9739030791431258
51,3,0.70,0.9695180350144093
51,3,0.75,0.9775763762020538
51,3,0.80,0.9748963512728389
51,3,0.85,0.9657276634787225
51,3,0.90,0.9783391567788435
51,3,0.95,0.9739722840280938
51,4,0.05,0.3216892792874474
51,4,0.10,0.8634603739213658
51,4,0.15,0.9040096425048908
51,4,0.20,0.9329551594313814
51,4,0.25,0.8945326305497482
51,4,0.30,0.9004718494799424
51,4,0.35,0.9654670425224818
51,4,0.40,0.9710040757166857
51,4,0.45,0.9676781070210273
51,4,0.50,0.9548547831183123
51,4,0.55,0.9622749466907639
51,4,0.60,0.9605646263509086
51,4,0.65,0.9687050630997361
51,4,0.70,0.9724620799529106
51,4,0.75,0.9796263992120069
51,4,0.80,0.9708196841785363
51,4,0.85,0.9609828147623365
51,4,0.90,0.9514921093268373
51,4,0.95,0.9660158343622932
51,5,0.05,0.9401465693822729
51,5,0.10,0.6936718306882119
51,5,0.15,0.9696444218875058
51,5,0.20,0.9686225156805298
51,5,0.25,0.939772748457679
51,5,0.30,0.9509029442883922
51,5,0.35,0.9569054543127011
51,5,0.40,0.9232882376301916
51,5,0.45,0.9848784101241713
51,5,0.50,0.9587486329581404
51,5,0.55,0.926002179775173
51,5,0.60,0.9636730925929431
51,5,0.65,0.9743747900031487
51,5,0.70,0.9728673764057654
51,5,0.75,0.9804444386737182
51,5,0.80,0.9703860793352669
51,5,0.85,0.9747346761278536
51,5,0.90,0.9831462497834603
51,5,0.95,0.9835277522114779
51,6,0.05,0.9778705867703116
51,6,0.10,0.9459141639648979
51,6,0.15,0.8768081307030112
51,6,0.20,0.8915559475826311
51,6,0.25,0.933598717560742
51,6,0.30,0.9738504221336748
51,6,0.35,0.9768685251242346
51,6,0.40,0.9672699350640623
51,6,0.45,0.9705462064822765
51,6,0.50,0.9539528868632046
51,6,0.55,0.9647610735167408
51,6,0.60,0.9654001881481484
51,6,0.65,0.9661702703796747
51,6,0.70,0.9784699512074844
51,6,0.75,0.9749667131260497
51,6,0.80,0.9742202164119775
51,6,0.85,0.9815967804665956
51,6,0.90,0.9782269674160321
51,6,0.95,0.9747715588841124
51,7,0.05,0.9405814872673159
51,7,0.10,0.9634331324973419
51,7,0.15,0.906463294473016
51,7,0.20,0.9400016164821389
51,7,0.25,0.9004949785804405
51,7,0.30,0.9578541678800095
51,7,0.35,0.9540733039875351
51,7,0.40,0.9889756601682644
51,7,0.45,0.9809069416474424
51,7,0.50,0.9881936596587039
51,7,0.55,0.9833056637338421
51,7,0.60,0.9739168149626034
51,7,0.65,0.991514222774869
51,7,0.70,0.9843616639674182
51,7,0.75,0.9868005653746122
51,7,0.80,0.9734560876090262
51,7,0.85,0.9605908930896941
51,7,0.90,0.9852942560109212
51,7,0.95,0.9619476639899873
51,8,0.05,0.9286459376978424
51,8,0.10,0.8105916478092129
51,8,0.15,0.956545283676092
51,8,0.20,0.956464369403687
51,8,0.25,0.9124131216174776
51,8,0.30,0.8712564110220773
51,8,0.35,0.9438397937964824
51,8,0.40,0.9675367221204345
51,8,0.45,0.9230087590370428
51,8,0.50,0.9351043840079074
51,8,0.55,0.9536529652596754
51,8,0.60,0.9597230956210492
51,8,0.65,0.9772369517851723
51,8,0.70,0.9840143427300951
51,8,0.75,0.9715826163292279
51,8,0.80,0.9775447876012746
51,8,0.85,0.9842660728281531
51,8,0.90,0.9617861606757225
51,8,0.95,0.9907360188359782
51,9,0.05,0.9142863401353603
51,9,0.10,0.9438040354456252
51,9,0.15,0.9639971182247301
51,9,0.20,0.9631746592060777
51,9,0.25,0.9557867113604207
51,9,0.30,0.9601258559122425
51,9,0.35,0.9276163277157988
51,9,0.40,0.9086221453004426
51,9,0.45,0.9522173630582437
51,9,0.50,0.9734600256236414
51,9,0.55,0.9733524755782473
51,9,0.60,0.9760652536577845
51,9,0.65,0.9827897460986249
51,9,0.70,0.9816864642053176
51,9,0.75,0.9769199775504424
51,9,0.80,0.9739539304062028
51,9,0.85,0.9812142583272884
51,9,0.90,0.9736275363339105
51,9,0.95,0.9833910320886822
52,0,0.05,0.1956232161221486
52,0,0.10,0.9059525971384496
52,0,0.15,0.9440884458232465
52,0,0.20,0.9451885178395153
52,0,0.25,0.9370222261944162
52,0,0.30,0.8551050267064197
52,0,0.35,0.9580918058637388
52,0,0.40,0.9724858540941749
52,0,0.45,0.9591366854470006
52,0,0.50,0.977534562302721
52,0,0.55,0.935419998824282
52,0,0.60,0.9716239592862875
52,0,0.65,0.9620321660425326
52,0,0.70,0.9702323973307654
52,0,0.75,0.9627669679280016
52,0,0.80,0.9584839090440792
52,0,0.85,0.9746894716085818
52,0,0.90,0.9921967595307769
52,0,0.95,0.9822401802792885
52,1,0.05,0.9460974569602393
52,1,0.10,0.9331536316439901
52,1,0.15,0.9106634092440313
52,1,0.20,0.9486798511473769
52,1,0.25,0.8753249675898599
52,1,0.30,0.9734729553508054
52,1,0.35,0.9738651105391024
52,1,0.40,0.9742123461645332
52,1,0.45,0.9697165079921976
52,1,0.50,0.9484873779795737
52,1,0.55,0.96597437921748
52,1,0.60,0.9790688505291995
52,1,0.65,0.9556041561631058
52,1,0.70,0.9761861846947469
52,1,0.75,0.9752624340290554
52,1,0.80,0.9774379280920157
52,1,0.85,0.9723175037905568
52,1,0.90,0.9828670550394066
52,1,0.95,0.9702500757093229
52,2,0.05,0.8662879893735185
52,2,0.10,0.8171748772450149
52,2,0.15,0.9665930858836369
52,2,0.20,0.9552399527928308
52,2,0.25,0.9365983672791894
52,2,0.30,0.9694908591982875
52,2,0.35,0.9777236258054941
52,2,0.40,0.9773066257753605
52,2,0.45,0.9684515420147252
52,2,0.50,0.9596079606798048
52,2,0.55,0.9730795355416719
52,2,0.60,0.9774201700975659
52,2,0.65,0.9610636170357328
52,2,0.70,0.9844842419158573
52,2,0.75,0.9756503650153682
52,2,0.80,0.9709734224488298
52,2,0.85,0.9807809854934741
52,2,0.90,0.9811192167909825
52,2,0.95,0.975433289895036
52,3,0.05,0.9401088797511581
52,3,0.10,0.8699724702573945
52,3,0.15,0.9187626784713986
52,3,0.20,0.9202657642374891
52,3,0.25,0.9201777172809783
52,3,0.30,0.9418798226478313
52,3,0.35,0.956111929939982
52,3,0.40,0.9564814322474675
52,3,0.45,0.8998540732265132
52,3,0.50,0.9512500837008941
52,3,0.55,0.9468342663149546
52,3,0.60,0.962576131293807
52,3,0.65,0.9609345632000413
52,3,0.70,0.9648997503282121
52,3,0.75,0.9703183582917537
52,3,0.80,0.9694439091888297
52,3,0.85,0.9831274541835638
52,3,0.90,0.981942539353395
52,3,0.95,0.9625066849278371
52,4,0.05,0.8915329974153252
52,4,0.10,0.9278679042820852
52,4,0.15,0.9658857956446325
52,4,0.20,0.960181327584279
52,4,0.25,0.939661038383734
52,4,0.30,0.9767050593977613
52,4,0.35,0.9722905700560507
52,4,0.40,0.9369114240157125
52,4,0.45,0.9052707653885413
52,4,0.50,0.9587588857483268
52,4,0.55,0.9587841213765672
52,4,0.60,0.9664692768307858
52,4,0.65,0.9701577567776349
52,4,0.70,0.9713949616368925
52,4,0.75,0.9843908829590806
52,4,0.80,0.9691426423711405
52,4,0.85,0.9788848019996749
52,4,0.90,0.9729027166871922
52,4,0.95,0.9784337882273803
52,5,0.05,0.9964348848587234
52,5,0.10,0.9264740677806962
52,5,0.15,0.8691905228283114
52,5,0.20,0.9722766199844097
52,5,0.25,0.979197897773311
52,5,0.30,0.9648797384914873
52,5,0.35,0.9737587533431386
52,5,0.40,0.9410714878842232
52,5,0.45,0.9516240587644473
52,5,0.50,0.9872661008808171
52,5,0.55,0.9428087522592717
52,5,0.60,0.9611122862449577
52,5,0.65,0.9816199299518601
52,5,0.70,0.9870566179422213
52,5,0.75,0.9843018478455886
52,5,0.80,0.9793864853863966
52,5,0.85,0.9654178238148163
52,5,0.90,0.9637017625847054
52,5,0.95,0.9826616546772821
52,6,0.05,0.9646431928698274
52,6,0.10,0.7313035741037293
52,6,0.15,0.8985595634466567
52,6,0.20,0.9165409623471613
52,6,0.25,0.946029275876024
52,6,0.30,0.9823203615967618
52,6,0.35,0.9737327722291661
52,6,0.40,0.9788589492180598
52,6,0.45,0.950399135021417
52,6,0.50,0.9794691586255556
52,6,0.55,0.9725480548295616
52,6,0.60,0.9783528365490709
52,6,0.65,0.9672292033078842
52,6,0.70,0.9717348255861881
52,6,0.75,0.9669751537703094
52,6,0.80,0.9712427103830631
52,6,0.85,0.9842957215234548
52,6,0.90,0.97739672300726
52,6,0.95,0.983579637621656
52,7,0.05,0.40487323646682205
52,7,0.10,0.9207708568126715
52,7,0.15,0.8855332357697266
52,7,0.20,0.9155991592009352
52,7,0.25,0.9747730337471832
52,7,0.30,0.9828489898559241
52,7,0.35,0.8715036360511232
52,7,0.40,0.9320949664041722
52,7,0.45,0.9230615815931339
52,7,0.50,0.9704650850870187
52,7,0.55,0.9557805690506537
52,7,0.60,0.9740719485225414
52,7,0.65,0.967416952357564
52,7,0.70,0.9719331544609485
52,7,0.75,0.9420328564295983
52,7,0.80,0.9739145950948511
52,7,0.85,0.9730141129744114
52,7,0.90,0.9812111606851883
52,7,0.95,0.9809904999666261
52,8,0.05,0.9094438526797665
52,8,0.10,0.742320527551741
52,8,0.15,0.9834384911164369
52,8,0.20,0.8702927885543885
52,8,0.25,0.9654301541841592
52,8,0.30,0.8329684532623292
52,8,0.35,0.9692871338863516
52,8,0.40,0.9792832603099119
52,8,0.45,0.9481295953427095
52,8,0.50,0.9520216731469363
52,8,0.55,0.9782152339812288
52,8,0.60,0.9805960893644632
52,8,0.65,0.9805320699429461
52,8,0.70,0.9755322243891714
52,8,0.75,0.9595392454778542
52,8,0.80,0.9769489370091812
52,8,0.85,0.9808752818401401
52,8,0.90,0.9632601232082239
52,8,0.95,0.9874605832004862
52,9,0.05,0.6468115204519584
52,9,0.10,0.9114387345908004
52,9,0.15,0.9501070623049559
52,9,0.20,0.9236691137928983
52,9,0.25,0.9650129718292565
52,9,0.30,0.9697721920225689
52,9,0.35,0.9829664501318329
52,9,0.40,0.9673474202416166
52,9,0.45,0.9475809252606509
52,9,0.50,0.9711151548577471
52,9,0.55,0.9852902461754549
52,9,0.60,0.9626687128776752
52,9,0.65,0.9573366314226697
52,9,0.70,0.9722546228249159
52,9,0.75,0.9809216731449651
52,9,0.80,0.9732513546572686
52,9,0.85,0.9584370794063329
52,9,0.90,0.9629452242419232
52,9,0.95,0.9748922901462267
53,0,0.05,-0.03291969388285598
53,0,0.10,0.9905619972960348
53,0,0.15,0.9068999858318769
53,0,0.20,0.8838874409086477
53,0,0.25,0.9161867437471829
53,0,0.30,0.9663416586092233
53,0,0.35,0.9140578127423495
53,0,0.40,0.9508857601555812
53,0,0.45,0.9712492349998465
53,0,0.50,0.9838923587597008
53,0,0.55,0.9727985683066968
53,0,0.60,0.9714008999492267
53,0,0.65,0.9580181868922882
53,0,0.70,0.9651859109014586
53,0,0.75,0.9852769230866546
53,0,0.80,0.9811222797564082
53,0,0.85,0.9790017774102764
53,0,0.90,0.9785255497953995
53,0,0.95,0.9803572635081745
53,1,0.05,0.6265781379210423
53,1,0.10,0.965822393390725
53,1,0.15,0.8752232650583399
53,1,0.20,0.8141623867622116
53,1,0.25,0.9805577870925317
53,1,0.30,0.9513717653094086
53,1,0.35,0.9847903924700225
53,1,0.40,0.9668929758185686
53,1,0.45,0.9500266794309166
53,1,0.50,0.9517477010339004
53,1,0.55,0.9639598544008279
53,1,0.60,0.9715593216855536
53,1,0.65,0.9620338917698319
53,1,0.70,0.9717941705320425
53,1,0.75,0.9777506734996019
53,1,0.80,0.9438740155313072
53,1,0.85,0.9848181001228883
53,1,0.90,0.9763530576532807
53,1,0.95,0.9511387632235132
53,2,0.05,0.3316456926258563
53,2,0.10,0.7717950614138047
53,2,0.15,0.9616544614177033
53,2,0.20,0.8508966832428199
53,2,0.25,0.8966967957503205
53,2,0.30,0.9371704886684229
53,2,0.35,0.9211807132752975
53,2,0.40,0.9601686690578278
53,2,0.45,0.9743445415206556
53,2,0.50,0.9772341631883407
53,2,0.55,0.9521138523941137
53,2,0.60,0.9731235470682138
53,2,0.65,0.9857347769992312
53,2,0.70,0.9771602881069449
53,2,0.75,0.9646410881867533
53,2,0.80,0.9847224002656573
53,2,0.85,0.9811841897413986
53,2,0.90,0.971506936656065
53,2,0.95,0.962614603217237
53,3,0.05,0.5613919478385005
53,3,0.10,0.7559264859286812
53,3,0.15,0.9564190307947921
53,3,0.20,0.7458933919935988
53,3,0.25,0.9513110806358925
53,3,0.30,0.9519707911153293
53,3,0.35,0.9551114532227845
53,3,0.40,0.963110187436612
53,3,0.45,0.984343418049023
53,3,0.50,0.9751917155705105
53,3,0.55,0.9730698757762938
53,3,0.60,0.977056695483375
53,3,0.65,0.982779156111117
53,3,0.70,0.9740745724494081
53,3,0.75,0.973530925863628
53,3,0.80,0.9754856473972449
53,3,0.85,0.9738260026690289
53,3,0.90,0.9736140157803881
53,3,0.95,0.9757662039490118
53,4,0.05,-0.26310279343654885
53,4,0.10,0.6543851559692044
53,4,0.15,0.4954178489334691
53,4,0.20,0.8532201359140046
53,4,0.25,0.9757793981562107
53,4,0.30,0.9749115387339542
53,4,0.35,0.9608223198130896
53,4,0.40,0.9706032971969188
53,4,0.45,0.9629138367366689
53,4,0.50,0.9792850079868511
53,4,0.55,0.9714130603897172
53,4,0.60,0.9590230717590943
53,4,0.65,0.9739849252310864
53,4,0.70,0.9821779327296175
53,4,0.75,0.9785227376448442
53,4,0.80,0.9755269871554242
53,4,0.85,0.9782277769057945
53,4,0.90,0.9801919531226799
53,4,0.95,0.9711607140816947
53,5,0.05,0.7970928461195377
53,5,0.10,0.9845016562338276
53,5,0.15,0.9007429494718473
53,5,0.20,0.8330478555507222
53,5,0.25,0.9706393910162504
53,5,0.30,0.9766806239870045
53,5,0.35,0.9820553151145636
53,5,0.40,0.9356968268669733
53,5,0.45,0.9638939495200413
53,5,0.50,0.9738011556380928
53,5,0.55,0.9659249364559654
53,5,0.60,0.9742440914085444
53,5,0.65,0.987820193346126
53,5,0.70,0.9824492543162098
53,5,0.75,0.9897445693773137
53,5,0.80,0.9677115502815736
53,5,0.85,0.9817352097542851
53,5,0.90,0.9885901933608601
53,5,0.95,0.9605830512990639
53,6,0.05,0.8840415493292151
53,6,0.10,0.6452189403566218
53,6,0.15,0.9555158373061786
53,6,0.20,0.8708653550809804
53,6,0.25,0.9010443384512701
53,6,0.30,0.9036995094285517
53,6,0.35,0.9905660374356119
53,6,0.40,0.94923698596363
53,6,0.45,0.9667605463857345
53,6,0.50,0.9682225840176295
53,6,0.55,0.9432333655343428
53,6,0.60,0.9501421330321619
53,6,0.65,0.9775934819839095
53,6,0.70,0.9651006541355327
53,6,0.75,0.9722608826089034
53,6,0.80,0.9776730159755977
53,6,0.85,0.9729090925446137
53,6,0.90,0.9728023472081282
53,6,0.95,0.9637960790407522
53,7,0.05,-0.49461775777749684
53,7,0.10,0.9655365984510373
53,7,0.15,0.87071650948147
53,7,0.20,0.9223621055471769
53,7,0.25,0.9484528514737627
53,7,0.30,0.9758221930379618
53,7,0.35,0.980627264782702
53,7,0.40,0.978470282247066
53,7,0.45,0.9744075075115877
53,7,0.50,0.9806495370480699
53,7,0.55,0.9681482498500404
53,7,0.60,0.9773249898397137
53,7,0.65,0.9788113147398555
53,7,0.70,0.9796691661468884
53,7,0.75,0.9874459472307613
53,7,0.80,0.9686495045153952
53,7,0.85,0.9726209775716855
53,7,0.90,0.9812625614277746
53,7,0.95,0.9796500128986358
53,8,0.05,0.25839832848192457
53,8,0.10,0.8616987913495513
53,8,0.15,0.9188850002555845
53,8,0.20,0.9360604552507069
53,8,0.25,0.9780047997330367
53,8,0.30,0.9359075716072895
53,8,0.35,0.9629124418509644
53,8,0.40,0.9104385359334204
53,8,0.45,0.9488279787538169
53,8,0.50,0.9767011084544341
53,8,0.55,0.9802614449587748
53,8,0.60,0.976655347960732
53,8,0.65,0.9879020916411123
53,8,0.70,0.9675259919344024
53,8,0.75,0.975269031388345
53,8,0.80,0.9889257841371503
53,8,0.85,0.9708533215513824
53,8,0.90,0.9920018475311605
53,8,0.95,0.9866586383888557
53,9,0.05,-0.13583960168803833
53,9,0.10,0.9319812761492909
53,9,0.15,0.727318973508225
53,9,0.20,0.966561941346184
53,9,0.25,0.9743745877774358
53,9,0.30,0.9662677425760116
53,9,0.35,0.9493435553806585
53,9,0.40,0.9527682344585644
53,9,0.45,0.9488089782081859
53,9,0.50,0.9654807366950272
53,9,0.55,0.9744707485980837
53,9,0.60,0.9704974584036236
53,9,0.65,0.9801726099040532
53,9,0.70,0.9836891202498113
53,9,0.75,0.9898850577037394
53,9,0.80,0.9654818566148569
53,9,0.85,0.9690712840809181
53,9,0.90,0.9821721729626451
53,9,0.95,0.9797581571688526
54,0,0.05,0.9732481777018938
54,0,0.10,0.733474409723829
54,0,0.15,0.8505321707834467
54,0,0.20,0.832742277772488
54,0,0.25,0.8940766544648321
54,0,0.30,0.954910674689272
54,0,0.35,0.9370919793534642
54,0,0.40,0.8435435728083881
54,0,0.45,0.9032929159289411
54,0,0.50,0.9039362798048939
54,0,0.55,0.9779121276230035
54,0,0.60,0.9754962994280378
54,0,0.65,0.9663057380530916
54,0,0.70,0.9750666518808838
54,0,0.75,0.9777451772089288
54,0,0.80,0.9656828473446133
54,0,0.85,0.9436455395993921
54,0,0.90,0.9690332983879894
54,0,0.95,0.9632107808592028
54,1,0.05,0.22133810218156635
54,1,0.10,0.8745245093372245
54,1,0.15,0.7997119444182811
54,1,0.20,0.9110068438569036
54,1,0.25,0.9081279194376748
54,1,0.30,0.9510399717228767
54,1,0.35,0.9367997075703383
54,1,0.40,0.7954340012621264
54,1,0.45,0.9534354572541862
54,1,0.50,0.9744805968120851
54,1,0.55,0.9701022915162087
54,1,0.60,0.9719678409499869
54,1,0.65,0.9742035168703055
54,1,0.70,0.9856076573987429
54,1,0.75,0.9670084893003672
54,1,0.80,0.9596504247318309
54,1,0.85,0.977851755601758
54,1,0.90,0.9858233132176407
54,1,0.95,0.9931233015071905
54,2,0.05,0.9581238937964232
54,2,0.10,0.8857677969886049
54,2,0.15,0.9648467297947482
54,2,0.20,0.9382535763829849
54,2,0.25,0.7577116087391349
54,2,0.30,0.888900812538641
54,2,0.35,0.9363404030573109
54,2,0.40,0.8899391312739566
54,2,0.45,0.9406953342941329
54,2,0.50,0.9755597332551414
54,2,0.55,0.9822515926207562
54,2,0.60,0.9798244061163106
54,2,0.65,0.9539773365855324
54,2,0.70,0.9719709380196913
54,2,0.75,0.9568214407859518
54,2,0.80,0.973568346141018
54,2,0.85,0.9790558898904663
54,2,0.90,0.9794965547466286
54,2,0.95,0.9767056531326346
54,3,0.05,-0.04474244929447102
54,3,0.10,0.8029620950545295
54,3,0.15,0.9472578622390608
54,3,0.20,0.9018852288925677
54,3,0.25,0.8712824226562559
54,3,0.30,0.8551371715779623
54,3,0.35,0.9704566477540317
54,3,0.40,0.940224932794577
54,3,0.45,0.9030305952448952
54,3,0.50,0.9389368484482523
54,3,0.55,0.9722099817466806
54,3,0.60,0.9604896313006267
54,3,0.65,0.9795169671349304
54,3,0.70,0.9813675427240528
54,3,0.75,0.9338577367016136
54,3,0.80,0.9585235499025792
54,3,0.85,0.9592251904002986
54,3,0.90,0.970372545361135
54,3,0.95,0.9565952104398185
54,4,0.05,0.1941812362461688
54,4,0.10,0.834369499845909
54,4,0.15,0.5720912193365504
54,4,0.20,0.9409389159902524
54,4,0.25,0.9291037366382194
54,4,0.30,0.8722187551426626
54,4,0.35,0.95798479885925
54,4,0.40,0.9325998727311274
54,4,0.45,0.9630517015717235
54,4,0.50,0.9723222572917594
54,4,0.55,0.9740453895765114
54,4,0.60,0.9719825281240936
54,4,0.65,0.9673625165732909
54,4,0.70,0.95276826652981
54,4,0.75,0.9778482014546818
54,4,0.80,0.9718883698117654
54,4,0.85,0.9746091070599383
54,4,0.90,0.9869620502876036
54,4,0.95,0.9673057457703023
54,5,0.05,0.8636169137502824
54,5,0.10,0.5685316489005469
54,5,0.15,0.8426731086843058
54,5,0.20,0.9381288598517832
54,5,0.25,0.9126102085428789
54,5,0.30,0.9647301975920782
54,5,0.35,0.9718137062499744
54,5,0.40,0.9633748223146346
54,5,0.45,0.8980248280585352
54,5,0.50,0.9401095690919792
54,5,0.55,0.9621902011673422
54,5,0.60,0.9868037623066227
54,5,0.65,0.960955956468989
54,5,0.70,0.9860232308687298
54,5,0.75,0.9871316709255675
54,5,0.80,0.9757096898379344
54,5,0.85,0.9790834524156005
54,5,0.90,0.9722536433698286
54,5,0.95,0.969533812710907
54,6,0.05,0.9154662195685164
54,6,0.10,0.8199308981010588
54,6,0.15,0.9266711128689717
54,6,0.20,0.7602485689792478
54,6,0.25,0.7793967610321471
54,6,0.30,0.874628720356134
54,6,0.35,0.975529407697014
54,6,0.40,0.9090575513351431
54,6,0.45,0.9850276156518191
54,6,0.50,0.9670865234928719
54,6,0.55,0.9563596617500452
54,6,0.60,0.9538450078033085
54,6,0.65,0.9571954678217045
54,6,0.70,0.9835629912438716
54,6,0.75,0.9756614671955118
54,6,0.80,0.9894645887597378
54,6,0.85,0.9728736831653769
54,6,0.90,0.9825444372990948
54,6,0.95,0.9891790327655391
54,7,0.05,0.9465063097439335
54,7,0.10,0.9648929400631625
54,7,0.15,0.8495802974652865
54,7,0.20,0.9105945780730852
54,7,0.25,0.9094710061727469
54,7,0.30,0.8094402193219337
54,7,0.35,0.9489822794006746
54,7,0.40,0.9713966796364654
54,7,0.45,0.8890546382093987
54,7,0.50,0.9841318758103751
54,7,0.55,0.959831483833709
54,7,0.60,0.94821015467566
54,7,0.65,0.9548559061627089
54,7,0.70,0.9769126926628426
54,7,0.75,0.9786893009942648
54,7,0.80,0.9787693499618985
54,7,0.85,0.9848632652074046
54,7,0.90,0.984017490371608
54,7,0.95,0.9870412149426667
54,8,0.05,0.8427608118358172
54,8,0.10,0.950258743309727
54,8,0.15,0.930331630722174
54,8,0.20,0.925989452771802
54,8,0.25,0.8677012343999937
54,8,0.30,0.924661797620056
54,8,0.35,0.9352171989944537
54,8,0.40,0.9331637701107895
54,8,0.45,0.9709477232565741
54,8,0.50,0.9514388931841407
54,8,0.55,0.9665114371776269
54,8,0.60,0.975388383421742
54,8,0.65,0.9614896444736322
54,8,0.70,0.9797925425897432
54,8,0.75,0.9745206785633701
54,8,0.80,0.9784332454922545
54,8,0.85,0.9750724475052445
54,8,0.90,0.9741978596312454
54,8,0.95,0.9735290437933874
54,9,0.05,0.5088703867708597
54,9,0.10,0.9834021678308201
54,9,0.15,0.9614556766010489
54,9,0.20,0.9087162443921281
54,9,0.25,0.7878862769105759
54,9,0.30,0.9821670283866341
54,9,0.35,0.9690191419276885
54,9,0.40,0.8940866692751449
54,9,0.45,0.9237254301133909
54,9,0.50,0.9328749473806658
54,9,0.55,0.9166900083487926
54,9,0.60,0.9746951171746612
54,9,0.65,0.9685560523413848
54,9,0.70,0.9808633304320012
54,9,0.75,0.9829328267718602
54,9,0.80,0.9815837868965094
54,9,0.85,0.978880478479481
54,9,0.90,0.9798058848128587
54,9,0.95,0.9741606421843538
55,0,0.05,-0.9275056272731639
55,0,0.10,0.790942167029486
55,0,0.15,0.9007553027911885
55,0,0.20,0.8718243369053854
55,0,0.25,0.9112409407691361
55,0,0.30,0.9447233550851091
55,0,0.35,0.9821278565462426
55,0,0.40,0.98329345892545
55,0,0.45,0.9676000843181994
55,0,0.50,0.9641174547035157
55,0,0.55,0.9673382620552852
55,0,0.60,0.9783231308511328
55,0,0.65,0.9837939658363821
55,0,0.70,0.9780092411601857
55,0,0.75,0.9834293861729748
55,0,0.80,0.9886423429724833
55,0,0.85,0.9552982318946096
55,0,0.90,0.9811923135978832
55,0,0.95,0.9807829934845302
55,1,0.05,0.7737017973607228
55,1,0.10,0.9557090107087779
55,1,0.15,0.9112618842436241
55,1,0.20,0.9483136785670524
55,1,0.25,0.9748718423624755
55,1,0.30,0.9854521020414599
55,1,0.35,0.9473209102632194
55,1,0.40,0.9601516294922658
55,1,0.45,0.9607600973068807
55,1,0.50,0.9855734845237969
55,1,0.55,0.9762025759646996
55,1,0.60,0.9790222477040995
55,1,0.65,0.9772364786986
55,1,0.70,0.9583836467962281
55,1,0.75,0.9377014030703503
55,1,0.80,0.9489050511483672
55,1,0.85,0.9775957559117624
55,1,0.90,0.9657978119496617
55,1,0.95,0.970930603097818
55,2,0.05,0.9517915691763597
55,2,0.10,0.7460700976722219
55,2,0.15,0.9380759859313044
55,2,0.20,0.9501457020626166
55,2,0.25,0.9507507747816768
55,2,0.30,0.9600733273892201
55,2,0.35,0.9576508715535041
55,2,0.40,0.9549724228653123
55,2,0.45,0.9784335405414765
55,2,0.50,0.9839363245725684
55,2,0.55,0.9820858915668951
55,2,0.60,0.977115850674735
55,2,0.65,0.965873102187547
55,2,0.70,0.9455210074462378
55,2,0.75,0.9735104938807285
55,2,0.80,0.9791611320651201
55,2,0.85,0.980482114761435
55,2,0.90,0.9823167205744008
55,2,0.95,0.9788124185224815
55,3,0.05,0.5953055893215788
55,3,0.10,0.8707406048535135
55,3,0.15,0.8676651817151254
55,3,0.20,0.9519917734171469
55,3,0.25,0.9146737248634996
55,3,0.30,0.9889978419003174
55,3,0.35,0.9746180468795121
55,3,0.40,0.968869788829595
55,3,0.45,0.9681342355948347
55,3,0.50,0.9651895885035094
55,3,0.55,0.9596389862620509
55,3,0.60,0.9720706292377301
55,3,0.65,0.9600903222639352
55,3,0.70,0.9768350721344866
55,3,0.75,0.9628075975270834
55,3,0.80,0.9690190046008181
55,3,0.85,0.9589095130148818
55,3,0.90,0.9791610000706734
55,3,0.95,0.9653243889526406
55,4,0.05,0.49270141600942186
55,4,0.10,0.7153645438681928
55,4,0.15,0.9117066796888809
55,4,0.20,0.8497511152664483
55,4,0.25,0.9355361636158233
55,4,0.30,0.9674745730531955
55,4,0.35,0.9708115988385846
55,4,0.40,0.976077266065853
55,4,0.45,0.9761676064838359
55,4,0.50,0.9707752926034654
55,4,0.55,0.9763882015923877
55,4,0.60,0.9800511354493128
55,4,0.65,0.9734984306572247
55,4,0.70,0.9714658185494134
55,4,0.75,0.9804546829259032
55,4,0.80,0.9770363741473012
55,4,0.85,0.9510582833534474
55,4,0.90,0.9751531904752304
55,4,0.95,0.9824972800325334
55,5,0.05,0.2997771023672421
55,5,0.10,0.7999168810452635
55,5,0.15,0.9003213750216557
55,5,0.20,0.9819249934216409
55,5,0.25,0.9516357624317621
55,5,0.30,0.9419983710658208
55,5,0.35,0.9677666400946836
55,5,0.40,0.9714393412527156
55,5,0.45,0.9881751281696292
55,5,0.50,0.9854389432752869
55,5,0.55,0.9631279425729936
55,5,0.60,0.9615553580969173
55,5,0.65,0.9700005033623534
55,5,0.70,0.9665059889009481
55,5,0.75,0.9715847494677771
55,5,0.80,0.9696492797210753
55,5,0.85,0.9748673279470106
55,5,0.90,0.9735816654687302
55,5,0.95,0.9593134596138925
55,6,0.05,0.9725044155443408
55,6,0.10,0.8275265666751703
55,6,0.15,0.8719691223078911
55,6,0.20,0.9131029986293023
55,6,0.25,0.9762128009214399
55,6,0.30,0.8947321846979049
55,6,0.35,0.9700087296940249
55,6,0.40,0.9719629279381992
55,6,0.45,0.9811253332673687
55,6,0.50,0.978617373333519
55,6,0.55,0.9594330931378388
55,6,0.60,0.969581862085634
55,6,0.65,0.9826103429376007
55,6,0.70,0.9803720582625879
55,6,0.75,0.9843801723164439
55,6,0.80,0.9759698232605475
55,6,0.85,0.9786281321059005
55,6,0.90,0.9860806468031714
55,6,0.95,0.9751325151622636
55,7,0.05,-0.47762092183650307
55,7,0.10,0.9336073233329248
55,7,0.15,0.8512309101682459
55,7,0.20,0.7901007140418834
55,7,0.25,0.9644241806982865
55,7,0.30,0.9532357530003928
55,7,0.35,0.930708726195969
55,7,0.40,0.9854750823646127
55,7,0.45,0.9749373486066262
55,7,0.50,0.9621843364777408
55,7,0.55,0.9665999763339017
55,7,0.60,0.9750892832314182
55,7,0.65,0.9843715774674212
55,7,0.70,0.9816397701515353
55,7,0.75,0.9712460076417598
55,7,0.80,0.96655601310901
55,7,0.85,0.96618822442627
55,7,0.90,0.9894331779993534
55,7,0.95,0.9634883397700413
55,8,0.05,0.13185920074311486
55,8,0.10,0.8365628677512756
55,8,0.15,0.778721808449599
55,8,0.20,0.8970036650854308
55,8,0.25,0.9702661641344983
55,8,0.30,0.9592730926125
55,8,0.35,0.9766843782238293
55,8,0.40,0.9541867663346152
55,8,0.45,0.9765516722747658
55,8,0.50,0.9786089570297788
55,8,0.55,0.9657393614950281
55,8,0.60,0.9774223282754564
55,8,0.65,0.9787710677824824
55,8,0.70,0.9869782115450814
55,8,0.75,0.9766800161858904
55,8,0.80,0.9814293726982856
55,8,0.85,0.9799185509203092
55,8,0.90,0.9744538150110816
55,8,0.95,0.9812482742615183
55,9,0.05,0.7714806262950858
55,9,0.10,0.8695497015049615
55,9,0.15,0.9164851464447658
55,9,0.20,0.8912050819834708
55,9,0.25,0.8786784652966434
55,9,0.30,0.970270439791604
55,9,0.35,0.9708622097496662
55,9,0.40,0.9735088493713291
55,9,0.45,0.9431196435412962
55,9,0.50,0.9685400287371352
55,9,0.55,0.9497213395268651
55,9,0.60,0.9819047957815823
55,9,0.65,0.9741485139967488
55,9,0.70,0.9751442228783103
55,9,0.75,0.975928328391035
55,9,0.80,0.9730471203066463
55,9,0.85,0.9629714040682293
55,9,0.90,0.9760161080680386
55,9,0.95,0.9404577139060735
56,0,0.05,0.9697656852013802
56,0,0.10,0.8196693693567021
56,0,0.15,0.8246271050825137
56,0,0.20,0.9779429820010861
56,0,0.25,0.9494331734681968
56,0,0.30,0.943904766624354
56,0,0.35,0.9529580184683955
56,0,0.40,0.9575367379351652
56,0,0.45,0.9668223799623042
56,0,0.50,0.9644380514681864
56,0,0.55,0.9601025937583586
56,0,0.60,0.9646648009942155
56,0,0.65,0.9830639240840966
56,0,0.70,0.986140196167011
56,0,0.75,0.981362769000927
56,0,0.80,0.9856241346520282
56,0,0.85,0.978681841609583
56,0,0.90,0.9796712067144815
56,0,0.95,0.9746196719373419
56,1,0.05,-0.635285832262843
56,1,0.10,-0.2551903528256787
56,1,0.15,0.8180090778896929
56,1,0.20,0.9570122086345648
56,1,0.25,0.9539662107383523
56,1,0.30,0.9923834775022687
56,1,0.35,0.9524192625169574
56,1,0.40,0.9605042122512194
56,1,0.45,0.9613496579205272
56,1,0.50,0.9276764126440725
56,1,0.55,0.9761180584126714
56,1,0.60,0.9780688580831183
56,1,0.65,0.9597262103391851
56,1,0.70,0.9641998753880628
56,1,0.75,0.9757593250478613
56,1,0.80,0.9801442440259069
56,1,0.85,0.97163889397306
56,1,0.90,0.9757110992128338
56,1,0.95,0.979766491969598
56,2,0.05,0.6083640898272704
56,2,0.10,0.593780396141447
56,2,0.15,0.917788457649697
56,2,0.20,0.9697200036266146
56,2,0.25,0.923684037599066
56,2,0.30,0.8148607061461197
56,2,0.35,0.9238330402766761
56,2,0.40,0.9681607659258415
56,2,0.45,0.950933630524783
56,2,0.50,0.990123375108766
56,2,0.55,0.9757441511260968
56,2,0.60,0.9610489497848465
56,2,0.65,0.9614776542043275
56,2,0.70,0.9565977925268605
56,2,0.75,0.9775738243975153
56,2,0.80,0.9630567941355301
56,2,0.85,0.9745077031664515
56,2,0.90,0.9817208173979943
56,2,0.95,0.9743313061091965
56,3,0.05,0.30436066282635654
56,3,0.10,0.7043250086490713
56,3,0.15,0.9583593297700908
56,3,0.20,0.9560122628114485
56,3,0.25,0.6234042437805305
56,3,0.30,0.9175521773945551
56,3,0.35,0.9339887064993532
56,3,0.40,0.9705713310190104
56,3,0.45,0.9563996200121783
56,3,0.50,0.9468470744156574
56,3,0.55,0.9731587706042149
56,3,0.60,0.973482182560955
56,3,0.65,0.9768442274633228
56,3,0.70,0.9735839278873053
56,3,0.75,0.9890948870629683
56,3,0.80,0.9833018828933102
56,3,0.85,0.9760954482658365
56,3,0.90,0.9752661405243352
56,3,0.95,0.9840384068335079
56,4,0.05,-0.12159751927383744
56,4,0.10,0.9423797967410206
56,4,0.15,0.8697200692331774
56,4,0.20,0.9826723388487844
56,4,0.25,0.9620191210600029
56,4,0.30,0.9499217029464048
56,4,0.35,0.9754519660376786
56,4,0.40,0.9483722386859956
56,4,0.45,0.977336886633776
56,4,0.50,0.8786809615748951
56,4,0.55,0.9765083251535628
56,4,0.60,0.9573787086533615
56,4,0.65,0.9663180257549192
56,4,0.70,0.9648627716105319
56,4,0.75,0.9800014011253848
56,4,0.80,0.9821414350208442
56,4,0.85,0.9827446937080359
56,4,0.90,0.9854270481460516
56,4,0.95,0.9788439422574534
56,5,0.05,0.9640853795179098
56,5,0.10,0.982584133942358
56,5,0.15,0.9192734797927402
56,5,0.20,0.964769810390739
56,5,0.25,0.8470341424307547
56,5,0.30,0.8199419179628397
56,5,0.35,0.9429125989557052
56,5,0.40,0.9681368073230665
56,5,0.45,0.9591559776122168
56,5,0.50,0.9656866046604208
56,5,0.55,0.9092402202010585
56,5,0.60,0.9731899323958705
56,5,0.65,0.9752859576126528
56,5,0.70,0.9856113269627609
56,5,0.75,0.9811791671830272
56,5,0.80,0.960810943338065
56,5,0.85,0.9817785075542279
56,5,0.90,0.9641986610142629
56,5,0.95,0.9714781078334361
56,6,0.05,0.7314383005758689
56,6,0.10,0.9651527519666377
56,6,0.15,0.9362501779314145
56,6,0.20,0.8985514664399586
56,6,0.25,0.7921716659576966
56,6,0.30,0.777674558409747
56,6,0.35,0.9513521111966291
56,6,0.40,0.8884636599246661
56,6,0.45,0.9862736514472604
56,6,0.50,0.9778627959511783
56,6,0.55,0.9858440671967329
56,6,0.60,0.983748549645189
56,6,0.65,0.9669448704830157
56,6,0.70,0.9796269953141351
56,6,0.75,0.9842962956492848
56,6,0.80,0.9821060068074192
56,6,0.85,0.9872979424155218
56,6,0.90,0.9778955898452263
56,6,0.95,0.9889518561853579
56,7,0.05,0.9002026041828919
56,7,0.10,0.9069375698506895
56,7,0.15,0.9502141543337427
56,7,0.20,0.974364291046658
56,7,0.25,0.9603736279240006
56,7,0.30,0.9397710635912161
56,7,0.35,0.9760237734652719
56,7,0.40,0.9679060237079984
56,7,0.45,0.9653902801027553
56,7,0.50,0.9638422737617888
56,7,0.55,0.9721611786350554
56,7,0.60,0.9537523666298836
56,7,0.65,0.9645450083705497
56,7,0.70,0.9844041817143838
56,7,0.75,0.9712101958958408
56,7,0.80,0.9749473518171566
56,7,0.85,0.985734386357897
56,7,0.90,0.9800737275341014
56,7,0.95,0.977120169600268
56,8,0.05,0.28398561611257966
56,8,0.10,0.9062454151516575
56,8,0.15,0.9286675050349154
56,8,0.20,0.9133033054784261
56,8,0.25,0.8891472533262155
56,8,0.30,0.7541409725828099
56,8,0.35,0.9468725050834418
56,8,0.40,0.934957612165263
56,8,0.45,0.9440079758633585
56,8,0.50,0.969869759856642
56,8,0.55,0.9400479321772954
56,8,0.60,0.9731702310335467
56,8,0.65,0.9629141934417685
56,8,0.70,0.9674140401095295
56,8,0.75,0.9695900201993848
56,8,0.80,0.9670842185071041
56,8,0.85,0.9705025444413092
56,8,0.90,0.9741957345084827
56,8,0.95,0.9723374888504722
56,9,0.05,0.35473143014728603
56,9,0.10,0.9645804877622542
56,9,0.15,0.9544716906386942
56,9,0.20,0.9525282007642084
56,9,0.25,0.7174234955117395
56,9,0.30,0.9649359636515756
56,9,0.35,0.9614864705417357
56,9,0.40,0.9756077221906821
56,9,0.45,0.949514951418005
56,9,0.50,0.954921341455019
56,9,0.55,0.9657201449595912
56,9,0.60,0.9750183383113955
56,9,0.65,0.9783404228596067
56,9,0.70,0.9857971334801248
56,9,0.75,0.9809497106913788
56,9,0.80,0.983355433076459
56,9,0.85,0.97846694412503
56,9,0.90,0.9719739575842983
56,9,0.95,0.9789991615094211
57,0,0.05,0.2134582875151535
57,0,0.10,0.9630299650310821
57,0,0.15,0.6622075017761537
57,0,0.20,0.9656605554754167
57,0,0.25,0.9010443453804963
57,0,0.30,0.9698890604466457
57,0,0.35,0.9831950651705441
57,0,0.40,0.9663901607778345
57,0,0.45,0.9738528148163986
57,0,0.50,0.9756897532134565
57,0,0.55,0.9651291179702733
57,0,0.60,0.9759157835462565
57,0,0.65,0.9821193156483901
57,0,0.70,0.9820893204160381
57,0,0.75,0.978736867599813
57,0,0.80,0.9811787694057823
57,0,0.85,0.9767328521011293
57,0,0.90,0.9839682268602157
57,0,0.95,0.9780935965728146
57,1,0.05,0.7053398329725489
57,1,0.10,0.8701071752504066
57,1,0.15,0.9156891915510599
57,1,0.20,0.985133660164081
57,1,0.25,0.9186681367317512
57,1,0.30,0.9273550984659463
57,1,0.35,0.9671200144004298
57,1,0.40,0.957254526453481
57,1,0.45,0.9575823054373159
57,1,0.50,0.97641083321262
57,1,0.55,0.9795446175132807
57,1,0.60,0.962705844306466
57,1,0.65,0.9843289251958407
57,1,0.70,0.9880112013441922
57,1,0.75,0.9853207797712771
57,1,0.80,0.9759473175044674
57,1,0.85,0.9725258618045496
57,1,0.90,0.9769003734265205
57,1,0.95,0.9883578087702527
57,2,0.05,0.12758879607052664
57,2,0.10,0.6589027320551291
57,2,0.15,0.8494349807705448
57,2,0.20,0.9577070774419351
57,2,0.25,0.9153619179614615
57,2,0.30,0.9127888667467916
57,2,0.35,0.9573592799991277
57,2,0.40,0.9621352970759638
57,2,0.45,0.9643449750912764
57,2,0.50,0.9586729720563273
57,2,0.55,0.9936542292475092
57,2,0.60,0.9696778295251588
57,2,0.65,0.9823108381665366
57,2,0.70,0.9770534781265283
57,2,0.75,0.9785019356068271
57,2,0.80,0.9368740354961452
57,2,0.85,0.9749367958816751
57,2,0.90,0.9614297660593032
57,2,0.95,0.9729437229326825
57,3,0.05,0.9942094667630275
57,3,0.10,0.5737233009942684
57,3,0.15,0.9005653086961719
57,3,0.20,0.8904427179869109
57,3,0.25,0.9483710115260183
57,3,0.30,0.973056980056647
57,3,0.35,0.9454388408071723
57,3,0.40,0.9686703621453392
57,3,0.45,0.9770997390689581
57,3,0.50,0.9713402721169414
57,3,0.55,0.9426149849478959
57,3,0.60,0.9778062906512617
57,3,0.65,0.9863223528704645
57,3,0.70,0.9777743414441955
57,3,0.75,0.98468225601003
57,3,0.80,0.9870829997468898
57,3,0.85,0.9770162538256013
57,3,0.90,0.9738261357920801
57,3,0.95,0.9836393157614887
57,4,0.05,-2.6808024788496403
57,4,0.10,0.8223100740581045
57,4,0.15,0.8868715595320723
57,4,0.20,0.9649358248397069
57,4,0.25,0.9171951002721718
57,4,0.30,0.940582009187426
57,4,0.35,0.9466875466247019
57,4,0.40,0.9108181962569624
57,4,0.45,0.9822152559063566
57,4,0.50,0.9662159745175559
57,4,0.55,0.9708371479437312
57,4,0.60,0.9821678105000027
57,4,0.65,0.9746531336342399
57,4,0.70,0.9696250561653754
57,4,0.75,0.984121838298926
57,4,0.80,0.9867686424262632
57,4,0.85,0.9742829920434215
57,4,0.90,0.9784578190889135
57,4,0.95,0.9818219931363354
57,5,0.05,0.7017523938862192
57,5,0.10,0.9428720638240632
57,5,0.15,0.887354484279493
57,5,0.20,0.9275750002782254
57,5,0.25,0.9685331184385048
57,5,0.30,0.889043487640557
57,5,0.35,0.9695390953260316
57,5,0.40,0.9662742225048956
57,5,0.45,0.947079541058626
57,5,0.50,0.9645420566041354
57,5,0.55,0.9829145764207218
57,5,0.60,0.9906999110593426
57,5,0.65,0.9776310306309016
57,5,0.70,0.9729430084462072
57,5,0.75,0.9634776208902284
57,5,0.80,0.9776178164536121
57,5,0.85,0.9703672841943356
57,5,0.90,0.981067557174464
57,5,0.95,0.9775483394323188
57,6,0.05,0.9262902350637328
57,6,0.10,0.8961516536331917
57,6,0.15,0.8165676846706268
57,6,0.20,0.9366117510837932
57,6,0.25,0.9772034907979074
57,6,0.30,0.9364627367391499
57,6,0.35,0.9672994051263388
57,6,0.40,0.9656565087629323
57,6,0.45,0.9846138442098498
57,6,0.50,0.9751245685728417
57,6,0.55,0.9764929882173811
57,6,0.60,0.9679926840434664
57,6,0.65,0.9809409356062886
57,6,0.70,0.9797826298251228
57,6,0.75,0.9887441796697265
57,6,0.80,0.9770923172252912
57,6,0.85,0.9722181054400607
57,6,0.90,0.9649397073132457
57,6,0.95,0.9722165240710965
57,7,0.05,-0.0027860083795083757
57,7,0.10,0.8729816390633001
57,7,0.15,0.8169851788732994
57,7,0.20,0.9090941606244433
57,7,0.25,0.970732887247222
57,7,0.30,0.9470438257107622
57,7,0.35,0.9732835018462794
57,7,0.40,0.9822514788796404
57,7,0.45,0.9743350598673127
57,7,0.50,0.9836212598371075
57,7,0.55,0.9821903393988675
57,7,0.60,0.9822912300054836
57,7,0.65,0.9728888404745201
57,7,0.70,0.9191883614077442
57,7,0.75,0.965998510733009
57,7,0.80,0.9781702794491132
57,7,0.85,0.972712609197234
57,7,0.90,0.9754094930777367
57,7,0.95,0.9747887868605868
57,8,0.05,-1.4605280326474
57,8,0.10,0.7235469060389397
57,8,0.15,0.8780930076412802
57,8,0.20,0.9030453540082304
57,8,0.25,0.9502941547889203
57,8,0.30,0.9787200159079013
57,8,0.35,0.9672727821576693
57,8,0.40,0.8934609181520603
57,8,0.45,0.9712106940137327
57,8,0.50,0.9092836063747749
57,8,0.55,0.9842299176468334
57,8,0.60,0.9719059710134428
57,8,0.65,0.9791708280201746
57,8,0.70,0.9626261152960189
57,8,0.75,0.9846489148024256
57,8,0.80,0.9788981902014396
57,8,0.85,0.9853917634101544
57,8,0.90,0.9643649750357121
57,8,0.95,0.9787249603863425
57,9,0.05,0.9301487256658187
57,9,0.10,0.9267757770962428
57,9,0.15,0.9157919609230716
57,9,0.20,0.8879255910290792
57,9,0.25,0.9553075248869282
57,9,0.30,0.9690713859978538
57,9,0.35,0.934359503377214
57,9,0.40,0.9607789712409862
57,9,0.45,0.9765510309064397
57,9,0.50,0.9569774065828359
57,9,0.55,0.9759095821843277
57,9,0.60,0.9636377267213961
57,9,0.65,0.9640678078268374
57,9,0.70,0.984455056042944
57,9,0.75,0.9760249080734628
57,9,0.80,0.9861023589378008
57,9,0.85,0.9782362417418635
57,9,0.90,0.9797232242268301
57,9,0.95,0.9851656426989276
58,0,0.05,-6.359296097734433
58,0,0.10,0.9421452437885621
58,0,0.15,0.8771441018609426
58,0,0.20,0.7275798443260124
58,0,0.25,0.9095612178698802
58,0,0.30,0.927962225299928
58,0,0.35,0.9492316675896708
58,0,0.40,0.9871717557013383
58,0,0.45,0.984064402691442
58,0,0.50,0.9670533693782587
58,0,0.55,0.9669671605277594
58,0,0.60,0.9766882492602547
58,0,0.65,0.9716830704547799
58,0,0.70,0.9748418281548066
58,0,0.75,0.9847076676678267
58,0,0.80,0.9817534775162223
58,0,0.85,0.9738080448500268
58,0,0.90,0.9750289860841863
58,0,0.95,0.9773393011433611
58,1,0.05,0.9059119512776451
58,1,0.10,0.918468721619571
58,1,0.15,0.9571256039862699
58,1,0.20,0.9369919639768858
58,1,0.25,0.9410096615089605
58,1,0.30,0.9792561553149488
58,1,0.35,0.9080567374903508
58,1,0.40,0.9700509253226568
58,1,0.45,0.943571865863818
58,1,0.50,0.958636852906359
58,1,0.55,0.9393949690923292
58,1,0.60,0.980122227289807
58,1,0.65,0.9710034710997411
58,1,0.70,0.9439349905091786
58,1,0.75,0.9760521651809407
58,1,0.80,0.9730133097905513
58,1,0.85,0.9720553805237491
58,1,0.90,0.9713400917728409
58,1,0.95,0.964968026239675
58,2,0.05,0.9633268808271788
58,2,0.10,0.7693030619711687
58,2,0.15,0.5351256654113927
58,2,0.20,0.8299834966579902
58,2,0.25,0.8954093787291056
58,2,0.30,0.9556113485606186
58,2,0.35,0.9149825608820497
58,2,0.40,0.9462105635279626
58,2,0.45,0.969793500191885
58,2,0.50,0.9749307564876276
58,2,0.55,0.967160618077023
58,2,0.60,0.9900624406449458
58,2,0.65,0.9789962686096149
58,2,0.70,0.9688380871872525
58,2,0.75,0.9686633219519354
58,2,0.80,0.9779313401936519
58,2,0.85,0.9751969646980049
58,2,0.90,0.9851845463336597
58,2,0.95,0.9698895257106189
58,3,0.05,0.3481352543536943
58,3,0.10,0.7292167432278726
58,3,0.15,0.8587334191444482
58,3,0.20,0.9329639543660153
58,3,0.25,0.9590690726149361
58,3,0.30,0.9799125754331781
58,3,0.35,0.9534893673687242
58,3,0.40,0.9663447714698917
58,3,0.45,0.9481665167265372
58,3,0.50,0.9532583406773392
58,3,0.55,0.9680063708511177
58,3,0.60,0.9637638428622913
58,3,0.65,0.9736618119094825
58,3,0.70,0.9538713427267802
58,3,0.75,0.9753490514083182
58,3,0.80,0.9698077924543527
58,3,0.85,0.9684611826071455
58,3,0.90,0.9792843930537858
58,3,0.95,0.9687429930436614
58,4,0.05,0.5384830820360673
58,4,0.10,0.6967907705586704
58,4,0.15,0.8167132231970079
58,4,0.20,0.8127805708139841
58,4,0.25,0.8377347117859977
58,4,0.30,0.8548331883359105
58,4,0.35,0.9208337916178357
58,4,0.40,0.9782885437618241
58,4,0.45,0.9501443162715962
58,4,0.50,0.9308511573873931
58,4,0.55,0.9683417073058485
58,4,0.60,0.9849741050993496
58,4,0.65,0.979456465546918
58,4,0.70,0.9666913147484878
58,4,0.75,0.9758939026905777
58,4,0.80,0.9769184062876455
58,4,0.85,0.9759678498758257
58,4,0.90,0.981639753370396
58,4,0.95,0.9704364102764796
58,5,0.05,-0.15193749502023568
58,5,0.10,0.7175787380563758
58,5,0.15,0.8054469423408219
58,5,0.20,0.9167267567807428
58,5,0.25,0.8282686737264853
58,5,0.30,0.9203723480603727
58,5,0.35,0.9481872300556587
58,5,0.40,0.9463352271916555
58,5,0.45,0.9362776136747588
58,5,0.50,0.9582645545423597
58,5,0.55,0.9672352207933833
58,5,0.60,0.9687170237557804
58,5,0.65,0.9502023989140003
58,5,0.70,0.9681300761077347
58,5,0.75,0.964881592687854
58,5,0.80,0.9700921725620829
58,5,0.85,0.9770449388920899
58,5,0.90,0.9749371161218554
58,5,0.95,0.9737764300246105
58,6,0.05,0.9879012508970545
58,6,0.10,0.90044500964346
58,6,0.15,0.5716471210534231
58,6,0.20,0.9490945887820754
58,6,0.25,0.8078254362693371
58,6,0.30,0.6821122232789113
58,6,0.35,0.9027333362381041
58,6,0.40,0.9815187811524816
58,6,0.45,0.9772533183260598
58,6,0.50,0.9517329772620557
58,6,0.55,0.9651575381892709
58,6,0.60,0.9770227661526051
58,6,0.65,0.9658941469758564
58,6,0.70,0.9623035193481894
58,6,0.75,0.9751912337258265
58,6,0.80,0.9722580199908967
58,6,0.85,0.9575770776582179
58,6,0.90,0.9391490994200058
58,6,0.95,0.9943020995236267
58,7,0.05,-46.361576536570574
58,7,0.10,0.6658811815853972
58,7,0.15,0.7641024508956203
58,7,0.20,0.7661049590047004
58,7,0.25,0.8830688344423101
58,7,0.30,0.8653759101826859
58,7,0.35,0.9159361305336258
58,7,0.40,0.958318689646467
58,7,0.45,0.9778671232030757
58,7,0.50,0.9729256119601258
58,7,0.55,0.9671507316185497
58,7,0.60,0.9644277532476118
58,7,0.65,0.9618412924578724
58,7,0.70,0.9644967567707752
58,7,0.75,0.944610638579177
58,7,0.80,0.9298305096106985
58,7,0.85,0.9755805190425928
58,7,0.90,0.9816217264039122
58,7,0.95,0.9690102477247253
58,8,0.05,0.5235513275933481
58,8,0.10,0.7884007163124378
58,8,0.15,0.7299815828273183
58,8,0.20,0.9053400353275078
58,8,0.25,0.9671650979944
58,8,0.30,0.9229026423959178
58,8,0.35,0.9562882575021804
58,8,0.40,0.9878071222345434
58,8,0.45,0.9806715240388882
58,8,0.50,0.9681531129960232
58,8,0.55,0.9474924432180363
58,8,0.60,0.9770528986433801
58,8,0.65,0.9303499044763704
58,8,0.70,0.9615737159524423
58,8,0.75,0.9688032779570329
58,8,0.80,0.9794015015103759
58,8,0.85,0.9705829322753231
58,8,0.90,0.9780902779155483
58,8,0.95,0.9723147283392308
58,9,0.05,0.8702856106400721
58,9,0.10,0.7462619435827564
58,9,0.15,0.8755483743134027
58,9,0.20,0.9583320259792469
58,9,0.25,0.8448310177381263
58,9,0.30,0.9146005899866527
58,9,0.35,0.9539482833011045
58,9,0.40,0.8285364272979031
58,9,0.45,0.9813588849277605
58,9,0.50,0.958757589545449
58,9,0.55,0.9437865257073255
58,9,0.60,0.9774108506045861
58,9,0.65,0.9799904305795963
58,9,0.70,0.9627016821822361
58,9,0.75,0.9801919608025735
58,9,0.80,0.9693013001873646
58,9,0.85,0.9526600519848046
58,9,0.90,0.9689937195291113
58,9,0.95,0.9742938238868976
59,0,0.05,0.9564374179395849
59,0,0.10,0.8093563460563582
59,0,0.15,0.931004868998353
59,0,0.20,0.6691379205226085
59,0,0.25,0.9419859167720034
59,0,0.30,0.9369929725578457
59,0,0.35,0.9361733456969921
59,0,0.40,0.9386954955066188
59,0,0.45,0.9492642945439763
59,0,0.50,0.9562555825446013
59,0,0.55,0.9380125928042076
59,0,0.60,0.9807961031120268
59,0,0.65,0.9709789549033502
59,0,0.70,0.9757176361558438
59,0,0.75,0.9853839224550822
59,0,0.80,0.9669844078730025
59,0,0.85,0.9691424859092408
59,0,0.90,0.9802989760881513
59,0,0.95,0.9733776140893875
59,1,0.05,0.9909291336220535
59,1,0.10,0.9541379943953389
59,1,0.15,0.9654230944790181
59,1,0.20,0.9080053991633344
59,1,0.25,0.9030530622737658
59,1,0.30,0.9869594897649767
59,1,0.35,0.9577105008231214
59,1,0.40,0.9221209513856115
59,1,0.45,0.9741015689751891
59,1,0.50,0.9591681406401457
59,1,0.55,0.9319475163875468
59,1,0.60,0.9747690905004098
59,1,0.65,0.9755501948081593
59,1,0.70,0.9738474562988731
59,1,0.75,0.9674208235757542
59,1,0.80,0.9610962744172552
59,1,0.85,0.9789763219999934
59,1,0.90,0.9289809788939842
59,1,0.95,0.9710701984685096
59,2,0.05,0.9039191667646582
59,2,0.10,0.7724926307452973
59,2,0.15,0.9692482920800639
59,2,0.20,0.94521451676356
59,2,0.25,0.9484342428996505
59,2,0.30,0.9726216364615878
59,2,0.35,0.9509964780537804
59,2,0.40,0.9589513297816759
59,2,0.45,0.9809944498404863
59,2,0.50,0.941654559527608
59,2,0.55,0.9685168680519963
59,2,0.60,0.9790886398987155
59,2,0.65,0.9706128324396707
59,2,0.70,0.96738929368812
59,2,0.75,0.9593068235990374
59,2,0.80,0.950361937006857
59,2,0.85,0.9791316732498928
59,2,0.90,0.9666238997820044
59,2,0.95,0.9845464921053602
59,3,0.05,0.7586425901602172
59,3,0.10,0.9682412660785732
59,3,0.15,0.6790080703583237
59,3,0.20,0.9536620524187912
59,3,0.25,0.8839261925121684
59,3,0.30,0.9666373479425937
59,3,0.35,0.9690543429040503
59,3,0.40,0.9170345786378222
59,3,0.45,0.8776506776032815
59,3,0.50,0.9753903526877972
59,3,0.55,0.9613407729446078
59,3,0.60,0.9371555113190508
59,3,0.65,0.9782859840365582
59,3,0.70,0.9469012434322922
59,3,0.75,0.9583998825178364
59,3,0.80,0.9751014258564861
59,3,0.85,0.9726990580655062
59,3,0.90,0.9561652351186447
59,3,0.95,0.9601885939888555
59,4,0.05,0.8740713754812968
59,4,0.10,0.9026944215592012
59,4,0.15,0.9541527587970817
59,4,0.20,0.7260096763831376
59,4,0.25,0.9323474638642273
59,4,0.30,0.9778553909521215
59,4,0.35,0.9354920790023046
59,4,0.40,0.9703817124179631
59,4,0.45,0.9572549916235495
59,4,0.50,0.9496794271274883
59,4,0.55,0.9614785427627178
59,4,0.60,0.9668727532190893
59,4,0.65,0.9496469878155418
59,4,0.70,0.9597027697985362
59,4,0.75,0.9690850880446237
59,4,0.80,0.9602310767425214
59,4,0.85,0.9662561216265063
59,4,0.90,0.9372131717869991
59,4,0.95,0.9593165471825335
59,5,0.05,0.9199582083574565
59,5,0.10,0.8079822235530998
59,5,0.15,0.9921254641162371
59,5,0.20,0.6993465412347315
59,5,0.25,0.9309939789687993
59,5,0.30,0.9678908369935398
59,5,0.35,0.9695519467023929
59,5,0.40,0.9663138068945123
59,5,0.45,0.9261898027948219
59,5,0.50,0.969693594969184
59,5,0.55,0.9686844354414468
59,5,0.60,0.9508329556953531
59,5,0.65,0.9885405560310991
59,5,0.70,0.9918130044304229
59,5,0.75,0.9710523954386779
59,5,0.80,0.9924179284572806
59,5,0.85,0.9886082480525334
59,5,0.90,0.9831696415853245
59,5,0.95,0.9923081599911273
59,6,0.05,0.9980890551453703
59,6,0.10,0.9302917371261804
59,6,0.15,0.9802045495143719
59,6,0.20,0.9608029084087792
59,6,0.25,0.9106742930451323
59,6,0.30,0.9758386945149985
59,6,0.35,0.9393941693921931
59,6,0.40,0.974626592722801
59,6,0.45,0.9651468732095124
59,6,0.50,0.9757670930356666
59,6,0.55,0.9630787956980494
59,6,0.60,0.9779543396952066
59,6,0.65,0.950578230573759
59,6,0.70,0.9533558423878005
59,6,0.75,0.9697009432440126
59,6,0.80,0.9811820477412381
59,6,0.85,0.9693628761106339
59,6,0.90,0.9649709719750468
59,6,0.95,0.9448856057764601
59,7,0.05,0.36227252808768995
59,7,0.10,0.9779858815583908
59,7,0.15,0.9785607890640046
59,7,0.20,0.7581581805770163
59,7,0.25,0.9716587408435446
59,7,0.30,0.963822856367647
59,7,0.35,0.9550064204901156
59,7,0.40,0.9629332047745578
59,7,0.45,0.9828475218690519
59,7,0.50,0.9827352141655475
59,7,0.55,0.9602917741644849
59,7,0.60,0.9802214937765069
59,7,0.65,0.9699944216213165
59,7,0.70,0.9713393162950277
59,7,0.75,0.9851519092417547
59,7,0.80,0.9850269052977417
59,7,0.85,0.9852496687677275
59,7,0.90,0.9693818633288831
59,7,0.95,0.9807288379813566
59,8,0.05,0.8962529713454226
59,8,0.10,0.8215533474680528
59,8,0.15,0.9416982528940883
59,8,0.20,0.9594925173209805
59,8,0.25,0.9534850398515864
59,8,0.30,0.919323237064813
59,8,0.35,0.958812087864486
59,8,0.40,0.9703221833218326
59,8,0.45,0.9570561841186628
59,8,0.50,0.9581091777979259
59,8,0.55,0.9722912558534513
59,8,0.60,0.9747760364074574
59,8,0.65,0.9757797562969949
59,8,0.70,0.9408226364799683
59,8,0.75,0.9715324773498106
59,8,0.80,0.9613614651130452
59,8,0.85,0.9355257961798855
59,8,0.90,0.9393946467756465
59,8,0.95,0.9690223677416243
59,9,0.05,0.8368600360145468
59,9,0.10,0.9349272869364665
59,9,0.15,0.9232426911077738
59,9,0.20,0.9236531288875373
59,9,0.25,0.92622288217211
59,9,0.30,0.9610063157837916
59,9,0.35,0.9596668398347339
59,9,0.40,0.9723468642539153
59,9,0.45,0.9353607357805648
59,9,0.50,0.9644995806682118
59,9,0.55,0.9425553062783103
59,9,0.60,0.9553092738362159
59,9,0.65,0.9579234574518071
59,9,0.70,0.9806882361428618
59,9,0.75,0.9843963189394217
59,9,0.80,0.973396301209263
59,9,0.85,0.9611396732891699
59,9,0.90,0.9757979489987745
59,9,0.95,0.9567905219251929
60,0,0.05,0.9924144329049898
60,0,0.10,0.9426969191544566
60,0,0.15,0.7972012695542299
60,0,0.20,0.8498037690065597
60,0,0.25,0.9673405745851729
60,0,0.30,0.9096816355521539
60,0,0.35,0.952751085283831
60,0,0.40,0.9590006196633778
60,0,0.45,0.9276689753785863
60,0,0.50,0.9752059641319406
60,0,0.55,0.9790855780758065
60,0,0.60,0.983629150292517
60,0,0.65,0.9821909628022676
60,0,0.70,0.9847407743013175
60,0,0.75,0.991980220317488
60,0,0.80,0.976610546045724
60,0,0.85,0.9733170663190572
60,0,0.90,0.9806712258139559
60,0,0.95,0.9841587550147066
60,1,0.05,0.7917866722334376
60,1,0.10,0.7442049684405319
60,1,0.15,0.7707205224731211
60,1,0.20,0.9057748508833628
60,1,0.25,0.9607531597824958
60,1,0.30,0.9482906994617585
60,1,0.35,0.9694404288128798
60,1,0.40,0.9445398280319086
60,1,0.45,0.9498715742287965
60,1,0.50,0.9747248907531528
60,1,0.55,0.9551636722418583
60,1,0.60,0.983174671634874
60,1,0.65,0.9621285101597619
60,1,0.70,0.9623833226089309
60,1,0.75,0.9520211866442597
60,1,0.80,0.9782510185061009
60,1,0.85,0.9711494209658915
60,1,0.90,0.965850843840046
60,1,0.95,0.9796101603466115
60,2,0.05,0.9680778551635946
60,2,0.10,0.6985193758269541
60,2,0.15,0.9725904352966218
60,2,0.20,0.8919805514739438
60,2,0.25,0.8714119289104509
60,2,0.30,0.971001514783679
60,2,0.35,0.9542331079626232
60,2,0.40,0.9547877747947805
60,2,0.45,0.9564294539564397
60,2,0.50,0.9491730124405169
60,2,0.55,0.9686287195156374
60,2,0.60,0.980978912084857
60,2,0.65,0.9802167966173314
60,2,0.70,0.9749023315534979
60,2,0.75,0.9763018182340655
60,2,0.80,0.9636787802607374
60,2,0.85,0.975063543935127
60,2,0.90,0.9720146710412423
60,2,0.95,0.9722614210912358
60,3,0.05,0.7721491445028479
60,3,0.10,0.8001772446159033
60,3,0.15,0.9503870470364254
60,3,0.20,0.9537192502853384
60,3,0.25,0.9191011581479123
60,3,0.30,0.8976383773421293
60,3,0.35,0.9389696589285871
60,3,0.40,0.9188445200601294
60,3,0.45,0.9640448374584427
60,3,0.50,0.9783939661955099
60,3,0.55,0.970993630235523
60,3,0.60,0.9803254497866838
60,3,0.65,0.9769316586877592
60,3,0.70,0.9616834294346017
60,3,0.75,0.9750245127351601
60,3,0.80,0.979223728064582
60,3,0.85,0.9656533882007384
60,3,0.90,0.9668472789284779
60,3,0.95,0.9853902909350007
60,4,0.05,0.864825282943064
60,4,0.10,0.9212781726320601
60,4,0.15,0.8912575009242453
60,4,0.20,0.8866746716927597
60,4,0.25,0.9222044406648194
60,4,0.30,0.9235264702133238
60,4,0.35,0.9523021052840308
60,4,0.40,0.9684097086762026
60,4,0.45,0.9622106006028419
60,4,0.50,0.98224327599438
60,4,0.55,0.9830114913723923
60,4,0.60,0.9791444756389637
60,4,0.65,0.9751386152258601
60,4,0.70,0.9830623014050794
60,4,0.75,0.9691036098139326
60,4,0.80,0.9702479625493701
60,4,0.85,0.9726165581003994
60,4,0.90,0.9754692539030743
60,4,0.95,0.9887929513565592
60,5,0.05,0.8303636403205482
60,5,0.10,0.9243566800383199
60,5,0.15,0.8465897799725445
60,5,0.20,0.9708599008649639
60,5,0.25,0.9433360576500327
60,5,0.30,0.943749745946364
60,5,0.35,0.9658926462213108
60,5,0.40,0.9650373972807652
60,5,0.45,0.9382636144233051
60,5,0.50,0.959881840406895
60,5,0.55,0.9606439429395119
60,5,0.60,0.9849841546724538
60,5,0.65,0.9774324381547067
60,5,0.70,0.9804947662710608
60,5,0.75,0.9640912698527351
60,5,0.80,0.9771409505891719
60,5,0.85,0.97405162110379
60,5,0.90,0.9909262949548134
60,5,0.95,0.9902180961475466
60,6,0.05,0.9463104906118288
60,6,0.10,0.7678967111623098
60,6,0.15,0.9250441218841027
60,6,0.20,0.9467989243212973
60,6,0.25,0.9846296464874604
60,6,0.30,0.9543302221969676
60,6,0.35,0.8908286245310874
60,6,0.40,0.9580228386917335
60,6,0.45,0.9630255200543664
60,6,0.50,0.9747712158210913
60,6,0.55,0.9663598056163504
60,6,0.60,0.9729248202741378
60,6,0.65,0.9718704743524703
60,6,0.70,0.9768387958414584
60,6,0.75,0.9748121208454169
60,6,0.80,0.9746230051612988
60,6,0.85,0.9845792696171903
60,6,0.90,0.9760275997318372
60,6,0.95,0.9740130937885627
60,7,0.05,0.9976872848037122
60,7,0.10,0.9620248867276577
60,7,0.15,0.9192492425735526
60,7,0.20,0.9919608051309993
60,7,0.25,0.9627807534763796
60,7,0.30,0.8688877744215069
60,7,0.35,0.9497175402225224
60,7,0.40,0.9257225494306316
60,7,0.45,0.9603037528781008
60,7,0.50,0.9672826757410635
60,7,0.55,0.9662457828300586
60,7,0.60,0.969938307246773
60,7,0.65,0.9705338641625862
60,7,0.70,0.9563904587783425
60,7,0.75,0.9752237591784785
60,7,0.80,0.9673010744319162
60,7,0.85,0.9746285686323866
60,7,0.90,0.9710446293482963
60,7,0.95,0.9783601556907434
60,8,0.05,0.997189354326658
60,8,0.10,0.7755459701444971
60,8,0.15,0.8291915302227855
60,8,0.20,0.9335169516815269
60,8,0.25,0.9638865118545896
60,8,0.30,0.9648427780114761
60,8,0.35,0.9731228158795151
60,8,0.40,0.9774488425724919
60,8,0.45,0.969458853584607
60,8,0.50,0.9654422602869551
60,8,0.55,0.9500714270061161
60,8,0.60,0.9709257302496253
60,8,0.65,0.9838627842532011
60,8,0.70,0.9822963766350082
60,8,0.75,0.974299211765723
60,8,0.80,0.9846939251011619
60,8,0.85,0.9868887954348354
60,8,0.90,0.9774908784572011
60,8,0.95,0.9706502109485114
60,9,0.05,0.9636190556572055
60,9,0.10,0.8898460495339586
60,9,0.15,0.8720418032671372
60,9,0.20,0.9193275865506085
60,9,0.25,0.9659896708118992
60,9,0.30,0.968558595974096
60,9,0.35,0.9211382371792248
60,9,0.40,0.9733974686703217
60,9,0.45,0.9396260472313368
60,9,0.50,0.9852350273460228
60,9,0.55,0.9698673340556156
60,9,0.60,0.9884200584731496
60,9,0.65,0.9775139664108062
60,9,0.70,0.9472378833254103
60,9,0.75,0.9755082838509268
60,9,0.80,0.9921086543477533
60,9,0.85,0.9754504540233557
60,9,0.90,0.9770754026495828
60,9,0.95,0.9875107231823561
61,0,0.05,0.35750372052905266
61,0,0.10,0.7706472158643163
61,0,0.15,0.9646131485397811
61,0,0.20,0.8821156458714107
61,0,0.25,0.682699795529403
61,0,0.30,0.9355488366381174
61,0,0.35,0.8184342466722835
61,0,0.40,0.9819294017044553
61,0,0.45,0.9515750100209721
61,0,0.50,0.963136412942658
61,0,0.55,0.945103621271614
61,0,0.60,0.9759985291337403
61,0,0.65,0.9647215864195275
61,0,0.70,0.9747247464209754
61,0,0.75,0.9690167338810298
61,0,0.80,0.9757369115962722
61,0,0.85,0.980843444400337
61,0,0.90,0.9726484062627975
61,0,0.95,0.9814544062834943
61,1,0.05,0.8876438192904648
61,1,0.10,0.5121377552880653
61,1,0.15,0.9589234466730533
61,1,0.20,0.32575801743894073
61,1,0.25,0.937598837702484
61,1,0.30,0.9551366646556548
61,1,0.35,0.9762962742866815
61,1,0.40,0.9800309416049819
61,1,0.45,0.9633635874005317
61,1,0.50,0.9577188161122248
61,1,0.55,0.9339159659911694
61,1,0.60,0.959338084323388
61,1,0.65,0.963151098094908
61,1,0.70,0.9842426441176281
61,1,0.75,0.9813496115310456
61,1,0.80,0.9823380951315209
61,1,0.85,0.9701789263258482
61,1,0.90,0.9737011186231284
61,1,0.95,0.9643263137579523
61,2,0.05,0.5580181202551469
61,2,0.10,0.8384383699761624
61,2,0.15,0.9363469143359037
61,2,0.20,0.8707476174547182
61,2,0.25,0.8820577007579438
61,2,0.30,0.6939115931597242
61,2,0.35,0.8884492240981815
61,2,0.40,0.9496640506719146
61,2,0.45,0.9542133111556436
61,2,0.50,0.9779200903844685
61,2,0.55,0.9687581322558043
61,2,0.60,0.9643246250938968
61,2,0.65,0.9652719553404484
61,2,0.70,0.9703169222355651
61,2,0.75,0.9141561294318437
61,2,0.80,0.9769230698934978
61,2,0.85,0.978557402361753
61,2,0.90,0.9774823002063688
61,2,0.95,0.9788578722903118
61,3,0.05,0.4670087393779109
61,3,0.10,0.8067289864424148
61,3,0.15,0.6930758747913003
61,3,0.20,0.8729452702553188
61,3,0.25,0.8053383115747176
61,3,0.30,0.9703215470975243
61,3,0.35,0.907380995306484
61,3,0.40,0.9804061853530583
61,3,0.45,0.9623308069191332
61,3,0.50,0.9692382613124727
61,3,0.55,0.9691164326527453
61,3,0.60,0.985609613775721
61,3,0.65,0.9705110073073039
61,3,0.70,0.9900952143346329
61,3,0.75,0.9784877075795311
61,3,0.80,0.9791751623875403
61,3,0.85,0.98036122924109
61,3,0.90,0.9816711537365882
61,3,0.95,0.9655301881427492
61,4,0.05,0.4010996128835832
61,4,0.10,0.753726569367284
61,4,0.15,0.6052155829250937
61,4,0.20,0.8892641787602895
61,4,0.25,0.7695606730268602
61,4,0.30,0.9883752516937865
61,4,0.35,0.8718045150265342
61,4,0.40,0.969185120707844
61,4,0.45,0.944178670088167
61,4,0.50,0.962055436562149
61,4,0.55,0.8993302075072515
61,4,0.60,0.9572901232700499
61,4,0.65,0.9821462650484988
61,4,0.70,0.9791352909562315
61,4,0.75,0.9775035532522446
61,4,0.80,0.9048551497978605
61,4,0.85,0.9802727310678689
61,4,0.90,0.955649137126819
61,4,0.95,0.9554516378107628
61,5,0.05,0.6355851938453154
61,5,0.10,0.11218450665985757
61,5,0.15,0.8876598846681775
61,5,0.20,0.8356732735809151
61,5,0.25,0.7044636576488776
61,5,0.30,0.892491553716916
61,5,0.35,0.9480823042824912
61,5,0.40,0.9739471254621094
61,5,0.45,0.965068200590327
61,5,0.50,0.9741630866938306
61,5,0.55,0.9757936038937632
61,5,0.60,0.9783644241789531
61,5,0.65,0.9505175890308297
61,5,0.70,0.9377729249089384
61,5,0.75,0.9787904038211717
61,5,0.80,0.97292224668577
61,5,0.85,0.9751487221569695
61,5,0.90,0.9684351823973336
61,5,0.95,0.9709935312420053
61,6,0.05,0.8397956049118616
61,6,0.10,0.6669536968813536
61,6,0.15,0.8654717339858362
61,6,0.20,0.9375089472754279
61,6,0.25,0.9249019271111393
61,6,0.30,0.9368284402531076
61,6,0.35,0.9440498824238317
61,6,0.40,0.9602611143864451
61,6,0.45,0.9599721257646936
61,6,0.50,0.9737030373436697
61,6,0.55,0.9721547158507445
61,6,0.60,0.9676809138699813
61,6,0.65,0.9542232175309867
61,6,0.70,0.9713153597171177
61,6,0.75,0.9727403000996555
61,6,0.80,0.979262978111278
61,6,0.85,0.9729274454904363
61,6,0.90,0.9446859709340385
61,6,0.95,0.9758464194150368
61,7,0.05,0.6112458909763205
61,7,0.10,0.7024137156013843
61,7,0.15,0.5186801530593981
61,7,0.20,0.8222911796219062
61,7,0.25,0.7930316098938754
61,7,0.30,0.8378737935988029
61,7,0.35,0.7835733259425962
61,7,0.40,0.9468657924199246
61,7,0.45,0.9528743831493969
61,7,0.50,0.9785719607535711
61,7,0.55,0.9574339826531412
61,7,0.60,0.9739452095957866
61,7,0.65,0.9552924884036136
61,7,0.70,0.9844855425201476
61,7,0.75,0.974864597669991
61,7,0.80,0.9650842433535155
61,7,0.85,0.9715813653809426
61,7,0.90,0.966610268460695
61,7,0.95,0.9733086618160878
61,8,0.05,0.7675626245647242
61,8,0.10,0.9179167896335942
61,8,0.15,0.8328927208318149
61,8,0.20,0.6074896453658156
61,8,0.25,0.949663063894351
61,8,0.30,0.9280520248049118
61,8,0.35,0.9050487688376807
61,8,0.40,0.9415784789236007
61,8,0.45,0.9756531911352054
61,8,0.50,0.9664364698595781
61,8,0.55,0.9670055238374574
61,8,0.60,0.9488060038776482
61,8,0.65,0.9817658256059084
61,8,0.70,0.9754051674707918
61,8,0.75,0.9746786785310516
61,8,0.80,0.9271106190183169
61,8,0.85,0.9790880172355402
61,8,0.90,0.9742645979416467
61,8,0.95,0.9850185124488857
61,9,0.05,0.6398508264278735
61,9,0.10,0.11694766436729287
61,9,0.15,0.8047308174688395
61,9,0.20,0.8886041020831711
61,9,0.25,0.8565421553933835
61,9,0.30,0.933608130872899
61,9,0.35,0.9707663560076569
61,9,0.40,0.9658643518772775
61,9,0.45,0.9721603547363762
61,9,0.50,0.9704011051854358
61,9,0.55,0.9639079704979305
61,9,0.60,0.9831688766452144
61,9,0.65,0.9868536618606545
61,9,0.70,0.9787564383947475
61,9,0.75,0.9839439049214946
61,9,0.80,0.9796208972764374
61,9,0.85,0.9747004727625919
61,9,0.90,0.9820121534153556
61,9,0.95,0.9746496916259099
62,0,0.05,0.3800677796710217
62,0,0.10,0.9634662101045611
62,0,0.15,0.9110042679506553
62,0,0.20,0.9699126661499229
62,0,0.25,0.8935566993017302
62,0,0.30,0.9653693015497133
62,0,0.35,0.9467809395882235
62,0,0.40,0.880434665613205
62,0,0.45,0.975759988326211
62,0,0.50,0.9594477297512514
62,0,0.55,0.9701534607141592
62,0,0.60,0.985941820647112
62,0,0.65,0.9720682815388515
62,0,0.70,0.9839889054274228
62,0,0.75,0.9798226625320222
62,0,0.80,0.9813490934040937
62,0,0.85,0.9803253521431083
62,0,0.90,0.9733171732289727
62,0,0.95,0.9828113833365907
62,1,0.05,0.929417200580221
62,1,0.10,0.6343108485229281
62,1,0.15,0.8573591273959011
62,1,0.20,0.8838910740330419
62,1,0.25,0.9575983164522384
62,1,0.30,0.9779866109047985
62,1,0.35,0.968368436661657
62,1,0.40,0.9644209414285027
62,1,0.45,0.9454413435372585
62,1,0.50,0.968779045943582
62,1,0.55,0.979709844871088
62,1,0.60,0.9889767031121791
62,1,0.65,0.9696105686658169
62,1,0.70,0.9812695622730837
62,1,0.75,0.9822048044473742
62,1,0.80,0.9833431125783622
62,1,0.85,0.9829597976722138
62,1,0.90,0.9797129201132201
62,1,0.95,0.9665170963301176
62,2,0.05,0.7353120198330844
62,2,0.10,0.8366754322296037
62,2,0.15,0.9400478851283645
62,2,0.20,0.882740742101828
62,2,0.25,0.7663036643535421
62,2,0.30,0.9454422662933788
62,2,0.35,0.9246568182466626
62,2,0.40,0.9842822706801406
62,2,0.45,0.9658940785381285
62,2,0.50,0.9674068198853881
62,2,0.55,0.9631236072050593
62,2,0.60,0.9825457189254896
62,2,0.65,0.9608760884659213
62,2,0.70,0.9698027707341086
62,2,0.75,0.982634457541681
62,2,0.80,0.9802733328782838
62,2,0.85,0.9731039272091823
62,2,0.90,0.9740096134755698
62,2,0.95,0.9776317251829537
62,3,0.05,0.8741061884441508
62,3,0.10,0.7970542439113387
62,3,0.15,0.9522925005361116
62,3,0.20,0.7838149557491404
62,3,0.25,0.9584224422863687
62,3,0.30,0.9422904969086909
62,3,0.35,0.9480484034780277
62,3,0.40,0.9933415427415421
62,3,0.45,0.9754077042188084
62,3,0.50,0.9725260105062815
62,3,0.55,0.9592226546925906
62,3,0.60,0.9750602916903764
62,3,0.65,0.9767916505087251
62,3,0.70,0.9496126788486118
62,3,0.75,0.9702243979821947
62,3,0.80,0.9795383896496008
62,3,0.85,0.9718216270869761
62,3,0.90,0.958787621154587
62,3,0.95,0.9650577281905616
62,4,0.05,0.3840330545233793
62,4,0.10,0.9194945863032975
62,4,0.15,0.918906369810402
62,4,0.20,0.8780004556363683
62,4,0.25,0.8855853140212311
62,4,0.30,0.9401464760187096
62,4,0.35,0.9345721474497588
62,4,0.40,0.9218549558985077
62,4,0.45,0.9683830126010998
62,4,0.50,0.9720470713918764
62,4,0.55,0.981005352761342
62,4,0.60,0.9693213399745916
62,4,0.65,0.9883013866386575
62,4,0.70,0.9769217631135165
62,4,0.75,0.9728757217191221
62,4,0.80,0.9803487473521691
62,4,0.85,0.977176845519006
62,4,0.90,0.9842410816070798
62,4,0.95,0.9866266057302228
62,5,0.05,0.41094028926374837
62,5,0.10,0.8765846952374212
62,5,0.15,0.9418311394174187
62,5,0.20,0.9194086622973278
62,5,0.25,0.9296275579454795
62,5,0.30,0.9593012245163357
62,5,0.35,0.9359939592858887
62,5,0.40,0.97169375505471
62,5,0.45,0.9905619873955228
62,5,0.50,0.9867612704922298
62,5,0.55,0.9859927450270191
62,5,0.60,0.9721014280016235
62,5,0.65,0.9710262728035502
62,5,0.70,0.9728688782231132
62,5,0.75,0.973002554180663
62,5,0.80,0.9794226839851495
62,5,0.85,0.9762150372865595
62,5,0.90,0.9788131540981321
62,5,0.95,0.9783721231124898
62,6,0.05,0.9635668635167651
62,6,0.10,0.9071163110888008
62,6,0.15,0.95119627067031
62,6,0.20,0.867280008427232
62,6,0.25,0.8710932004979242
62,6,0.30,0.8385788901674049
62,6,0.35,0.9648057098698086
62,6,0.40,0.9527684533628598
62,6,0.45,0.9589996677939961
62,6,0.50,0.9664156234616086
62,6,0.55,0.9648014489546997
62,6,0.60,0.9527066104875279
62,6,0.65,0.9706180889149836
62,6,0.70,0.9637520836484538
62,6,0.75,0.9774527806625266
62,6,0.80,0.9549105036893568
62,6,0.85,0.9746383668119319
62,6,0.90,0.9676483468754177
62,6,0.95,0.9726690115577745
62,7,0.05,0.512239865515355
62,7,0.10,0.9699368294357105
62,7,0.15,0.9448052202997339
62,7,0.20,0.9005502911255004
62,7,0.25,0.9670047838137095
62,7,0.30,0.9684977196429686
62,7,0.35,0.9750315540285219
62,7,0.40,0.9651430470543925
62,7,0.45,0.9036618974242345
62,7,0.50,0.9869731454094802
62,7,0.55,0.9655760468882502
62,7,0.60,0.9705614683891243
62,7,0.65,0.9814805549878195
62,7,0.70,0.9517749988996624
62,7,0.75,0.9605379054964633
62,7,0.80,0.9568488521609303
62,7,0.85,0.9880717184002445
62,7,0.90,0.9703592660330564
62,7,0.95,0.9641419850535318
62,8,0.05,0.41733832291866657
62,8,0.10,0.2170915995291034
62,8,0.15,0.94926422411157
62,8,0.20,0.931663498066109
62,8,0.25,0.9378604957718725
62,8,0.30,0.9652180462680627
62,8,0.35,0.951688527803386
62,8,0.40,0.9529553403451899
62,8,0.45,0.9462044921569992
62,8,0.50,0.9818138200099579
62,8,0.55,0.9896785740237628
62,8,0.60,0.9494519227721706
62,8,0.65,0.9826430066085071
62,8,0.70,0.9735342955543783
62,8,0.75,0.9860535989269228
62,8,0.80,0.9801557094338368
62,8,0.85,0.9751120614997603
62,8,0.90,0.9675700828133441
62,8,0.95,0.9672943445954805
62,9,0.05,0.9551195806571569
62,9,0.10,0.9354021040794394
62,9,0.15,0.9081724275515264
62,9,0.20,0.8209275761156417
62,9,0.25,0.9648094945881497
62,9,0.30,0.9508964651024518
62,9,0.35,0.9428472642929703
62,9,0.40,0.9716414098196476
62,9,0.45,0.9676688395732947
62,9,0.50,0.9836233806014227
62,9,0.55,0.9610555969374655
62,9,0.60,0.9809127207790937
62,9,0.65,0.9739526076934947
62,9,0.70,0.9711596203354472
62,9,0.75,0.9807208063443109
62,9,0.80,0.9615450781214605
62,9,0.85,0.9796737881996381
62,9,0.90,0.9879855226603852
62,9,0.95,0.9811741421154505
63,0,0.05,0.6295160081396298
63,0,0.10,0.9068709274677084
63,0,0.15,0.7777226348041282
63,0,0.20,0.7901881971163214
63,0,0.25,0.7681060748269817
63,0,0.30,0.917619255314046
63,0,0.35,0.9548291669076603
63,0,0.40,0.966413757994941
63,0,0.45,0.871280070642547
63,0,0.50,0.9760379107601588
63,0,0.55,0.9312061036670466
63,0,0.60,0.9775711295019249
63,0,0.65,0.9339487268158695
63,0,0.70,0.9164078993925755
63,0,0.75,0.9244461018811135
63,0,0.80,0.9531215651658255
63,0,0.85,0.9723224373745439
63,0,0.90,0.9739154557825486
63,0,0.95,0.9730086471305349
63,1,0.05,0.7929987633574319
63,1,0.10,0.5850643602082198
63,1,0.15,0.7157432509433503
63,1,0.20,0.9274303678035829
63,1,0.25,0.9325002399812112
63,1,0.30,0.8737982389131361
63,1,0.35,0.9588822268489415
63,1,0.40,0.9331569963906022
63,1,0.45,0.9625112149876155
63,1,0.50,0.9370537222415981
63,1,0.55,0.9542969904114769
63,1,0.60,0.985232826226331
63,1,0.65,0.967373472821149
63,1,0.70,0.9774842094905839
63,1,0.75,0.9773629308238909
63,1,0.80,0.9520068348968869
63,1,0.85,0.9780898848698777
63,1,0.90,0.9742769301804408
63,1,0.95,0.9797540622510623
63,2,0.05,0.7844592997312372
63,2,0.10,0.775141395713177
63,2,0.15,0.5931148225473164
63,2,0.20,0.9058821557590515
63,2,0.25,0.9261466684098946
63,2,0.30,0.9683114357010252
63,2,0.35,0.9639984035240284
63,2,0.40,0.9534145478160917
63,2,0.45,0.9647030645294633
63,2,0.50,0.9851909540422971
63,2,0.55,0.9847904615682379
63,2,0.60,0.9687632986612706
63,2,0.65,0.9759227755670926
63,2,0.70,0.9563648175434346
63,2,0.75,0.9745706173900743
63,2,0.80,0.9648125144218358
63,2,0.85,0.9351536812267383
63,2,0.90,0.9830543740365265
63,2,0.95,0.9487723940678928
63,3,0.05,0.9265388456969281
63,3,0.10,0.9200390245170693
63,3,0.15,0.9845084923046654
63,3,0.20,0.8536949323762466
63,3,0.25,0.7912644689970658
63,3,0.30,0.9056155094576412
63,3,0.35,0.9529461054438342
63,3,0.40,0.9619979814447581
63,3,0.45,0.8830883715840525
63,3,0.50,0.9671224001646825
63,3,0.55,0.9596080306615133
63,3,0.60,0.9784632339972061
63,3,0.65,0.9556319877165946
63,3,0.70,0.9666251902607059
63,3,0.75,0.9801212068498821
63,3,0.80,0.9792062022219064
63,3,0.85,0.971296913367859
63,3,0.90,0.9604516592262878
63,3,0.95,0.9835537021458874
63,4,0.05,0.622857866743314
63,4,0.10,0.9792086503934387
63,4,0.15,0.8072181827729998
63,4,0.20,0.892297008932328
63,4,0.25,0.8579264397932486
63,4,0.30,0.9599626421415353
63,4,0.35,0.971842960754439
63,4,0.40,0.8934582099341282
63,4,0.45,0.9814726215205185
63,4,0.50,0.981150376971626
63,4,0.55,0.9808785425955973
63,4,0.60,0.9432086117164088
63,4,0.65,0.9327458821897179
63,4,0.70,0.9512019766449079
63,4,0.75,0.9777041215085275
63,4,0.80,0.9869856623176305
63,4,0.85,0.9462568703082008
63,4,0.90,0.9774374309844784
63,4,0.95,0.9840761080320003
63,5,0.05,0.9338656256177612
63,5,0.10,0.281174641702281
63,5,0.15,0.7820864049151897
63,5,0.20,0.873922683288828
63,5,0.25,0.8834795243822561
63,5,0.30,0.9648641931459628
63,5,0.35,0.9729030952708635
63,5,0.40,0.9367484337709533
63,5,0.45,0.9773582499866925
63,5,0.50,0.9073156366196764
63,5,0.55,0.8713881597833742
63,5,0.60,0.9813541994319374
63,5,0.65,0.9872024570571719
63,5,0.70,0.9780399067816169
63,5,0.75,0.94926530263607
63,5,0.80,0.9615791224104473
63,5,0.85,0.975713295811769
63,5,0.90,0.983505704180371
63,5,0.95,0.962763358917482
63,6,0.05,0.9463186715426662
63,6,0.10,0.7182334126169678
63,6,0.15,0.8250803026960248
63,6,0.20,0.7433829990195622
63,6,0.25,0.8260811652145659
63,6,0.30,0.9703890209828182
63,6,0.35,0.9759349052642332
63,6,0.40,0.948709838916352
63,6,0.45,0.9929646136478648
63,6,0.50,0.9807617455865902
63,6,0.55,0.976640462617161
63,6,0.60,0.9785372673193197
63,6,0.65,0.968143897140248
63,6,0.70,0.9859052141925883
63,6,0.75,0.9732999611626142
63,6,0.80,0.9636994446348741
63,6,0.85,0.9697920986162615
63,6,0.90,0.9469677551145393
63,6,0.95,0.971296041704148
63,7,0.05,0.6850537919273594
63,7,0.10,0.9656375708690823
63,7,0.15,0.9619944728510699
63,7,0.20,0.9679185025171332
63,7,0.25,0.9197862701618709
63,7,0.30,0.9530198528960433
63,7,0.35,0.9540501727664332
63,7,0.40,0.9168797130183755
63,7,0.45,0.9708760992023882
63,7,0.50,0.9849597541529195
63,7,0.55,0.9140541873510569
63,7,0.60,0.861560500901011
63,7,0.65,0.9552629164434385
63,7,0.70,0.988494697860365
63,7,0.75,0.9777570066709028
63,7,0.80,0.9703102153054428
63,7,0.85,0.9771149553033801
63,7,0.90,0.9532810600357295
63,7,0.95,0.9542350896451758
63,8,0.05,0.4341186178191103
63,8,0.10,0.7786961720132876
63,8,0.15,0.9497092616006245
63,8,0.20,0.8360012944358258
63,8,0.25,0.9552748200581684
63,8,0.30,0.8723615933192684
63,8,0.35,0.9540712604997473
63,8,0.40,0.9603327955071187
63,8,0.45,0.9684932012761059
63,8,0.50,0.9852010050318707
63,8,0.55,0.9528366177872315
63,8,0.60,0.9638189234422685
63,8,0.65,0.9716208668885482
63,8,0.70,0.9741424455838834
63,8,0.75,0.9447291143925587
63,8,0.80,0.9699639204843369
63,8,0.85,0.9662300313012225
63,8,0.90,0.9787348770522363
63,8,0.95,0.9674086194919974
63,9,0.05,0.9601723798183335
63,9,0.10,0.9491841937089983
63,9,0.15,0.8264017272782144
63,9,0.20,0.760342624435045
63,9,0.25,0.846756555919594
63,9,0.30,0.9365187083692601
63,9,0.35,0.9562420363969114
63,9,0.40,0.9452197885840028
63,9,0.45,0.9129675600873524
63,9,0.50,0.9637728708443238
63,9,0.55,0.9353541992605648
63,9,0.60,0.9729303416404146
63,9,0.65,0.8498911215225651
63,9,0.70,0.8722071091991459
63,9,0.75,0.9807203361529082
63,9,0.80,0.9758982373304513
63,9,0.85,0.9720313456522623
63,9,0.90,0.9852461061085809
63,9,0.95,0.9866577176533821
64,0,0.05,0.9860829197609986
64,0,0.10,0.5909552864779167
64,0,0.15,0.697412062461205
64,0,0.20,0.9058643070279847
64,0,0.25,0.972667157989591
64,0,0.30,0.9401714140642223
64,0,0.35,0.9739231628150099
64,0,0.40,0.9546730006507765
64,0,0.45,0.9559608966899392
64,0,0.50,0.9665746468398224
64,0,0.55,0.9723511157432305
64,0,0.60,0.9257831043524078
64,0,0.65,0.9727598265666275
64,0,0.70,0.9731417532123828
64,0,0.75,0.9735669602011205
64,0,0.80,0.9787502224946178
64,0,0.85,0.9424338876133158
64,0,0.90,0.9802596166651546
64,0,0.95,0.9413061474856809
64,1,0.05,0.1907569037959035
64,1,0.10,0.7718257878974528
64,1,0.15,0.5892509129620942
64,1,0.20,0.9407800592895107
64,1,0.25,0.9686625082797355
64,1,0.30,0.971675587527193
64,1,0.35,0.9879803318887681
64,1,0.40,0.95157276815932
64,1,0.45,0.9606674204574159
64,1,0.50,0.9491050018394726
64,1,0.55,0.9505775877134681
64,1,0.60,0.9675407985440578
64,1,0.65,0.9682200188904074
64,1,0.70,0.9724713204909651
64,1,0.75,0.9705126816337386
64,1,0.80,0.9815985170610363
64,1,0.85,0.9384558866945625
64,1,0.90,0.9783200305490793
64,1,0.95,0.9771411137100644
64,2,0.05,0.6274305374880658
64,2,0.10,0.7315508319297503
64,2,0.15,0.928941181292341
64,2,0.20,0.9640654005289558
64,2,0.25,0.9605588701822637
64,2,0.30,0.86710699946229
64,2,0.35,0.9481089069666512
64,2,0.40,0.9737321830633187
64,2,0.45,0.9277810237576036
64,2,0.50,0.9860048604388644
64,2,0.55,0.9572439554507829
64,2,0.60,0.9546510776966471
64,2,0.65,0.963164281268789
64,2,0.70,0.9883416303021475
64,2,0.75,0.9479649565384283
64,2,0.80,0.9834476772222442
64,2,0.85,0.9770188660491943
64,2,0.90,0.9799581938760459
64,2,0.95,0.97604045549107
64,3,0.05,0.8311699486428422
64,3,0.10,0.7464751850608143
64,3,0.15,0.8899271879376143
64,3,0.20,0.8772866712852796
64,3,0.25,0.8604834099078567
64,3,0.30,0.9642347345735028
64,3,0.35,0.9822635698278346
64,3,0.40,0.9479709875226516
64,3,0.45,0.9686952942782038
64,3,0.50,0.9643992752246333
64,3,0.55,0.9820760309485763
64,3,0.60,0.9634068790390918
64,3,0.65,0.9830094050105367
64,3,0.70,0.9754907263740873
64,3,0.75,0.9804314328812408
64,3,0.80,0.9751989802905588
64,3,0.85,0.9706140092799862
64,3,0.90,0.9877141985982558
64,3,0.95,0.987265267310103
64,4,0.05,0.5087067573264756
64,4,0.10,0.8481143001032254
64,4,0.15,0.9798863486136465
64,4,0.20,0.9211535862785794
64,4,0.25,0.9594184462464904
64,4,0.30,0.9730326471083002
64,4,0.35,0.9393252601582545
64,4,0.40,0.9544283849396643
64,4,0.45,0.977192263456664
64,4,0.50,0.9534331927403333
64,4,0.55,0.9759306125045281
64,4,0.60,0.9648625616836571
64,4,0.65,0.9731678063731533
64,4,0.70,0.9868230734716998
64,4,0.75,0.9824441533409075
64,4,0.80,0.9867190089304864
64,4,0.85,0.9840577673193003
64,4,0.90,0.9779431015109277
64,4,0.95,0.9803079249993277
64,5,0.05,0.9944279545613992
64,5,0.10,0.7617139098245058
64,5,0.15,0.8587958016967938
64,5,0.20,0.9788319701683178
64,5,0.25,0.9464336169114573
64,5,0.30,0.8394340428352336
64,5,0.35,0.9751281896099682
64,5,0.40,0.965285684016199
64,5,0.45,0.9618464014331869
64,5,0.50,0.9594020141224736
64,5,0.55,0.9690736294414326
64,5,0.60,0.9705454025121211
64,5,0.65,0.9815221522739297
64,5,0.70,0.9823863446852638
64,5,0.75,0.9666460371768537
64,5,0.80,0.9682432383937696
64,5,0.85,0.9709780259061647
64,5,0.90,0.9697547614957628
64,5,0.95,0.9456617620211566
64,6,0.05,0.9515734577840208
64,6,0.10,0.9208442179942433
64,6,0.15,0.917113311265347
64,6,0.20,0.6941253096665122
64,6,0.25,0.9640239502410833
64,6,0.30,0.9806172271540944
64,6,0.35,0.9588552638703827
64,6,0.40,0.9462294404388965
64,6,0.45,0.9611974427867633
64,6,0.50,0.9605014595889545
64,6,0.55,0.9626644872766827
64,6,0.60,0.9707978510148536
64,6,0.65,0.9802138474758035
64,6,0.70,0.9678262660679857
64,6,0.75,0.9706548505156599
64,6,0.80,0.978506959907505
64,6,0.85,0.9733799436934559
64,6,0.90,0.9607505709626356
64,6,0.95,0.955019977006812
64,7,0.05,0.9727954869197369
64,7,0.10,0.8374620781033365
64,7,0.15,0.7922041575110772
64,7,0.20,0.7624776716562045
64,7,0.25,0.9497866083112272
64,7,0.30,0.9478265911720672
64,7,0.35,0.958443594362818
64,7,0.40,0.9629900047519606
64,7,0.45,0.9636063551583335
64,7,0.50,0.9732704705761352
64,7,0.55,0.9761150157259926
64,7,0.60,0.9833672461933207
64,7,0.65,0.9644734844932698
64,7,0.70,0.9698276073363036
64,7,0.75,0.9843909153390559
64,7,0.80,0.9741322888544728
64,7,0.85,0.9758123202112199
64,7,0.90,0.9815071638844376
64,7,0.95,0.9584884138924071
64,8,0.05,0.7900079233414433
64,8,0.10,0.8219191430705863
64,8,0.15,0.6867005246809392
64,8,0.20,0.8799106320824495
64,8,0.25,0.9735105226221582
64,8,0.30,0.9587170079402532
64,8,0.35,0.9718008128244437
64,8,0.40,0.9518925603273101
64,8,0.45,0.9648770612432312
64,8,0.50,0.9581946642890956
64,8,0.55,0.9621136756994049
64,8,0.60,0.9742179743054562
64,8,0.65,0.949904393509212
64,8,0.70,0.9655259368180531
64,8,0.75,0.9739309182328345
64,8,0.80,0.9631053998851845
64,8,0.85,0.9652756322004136
64,8,0.90,0.9646369922232911
64,8,0.95,0.9751814895511106
64,9,0.05,0.8166082110037094
64,9,0.10,0.7072146775130306
64,9,0.15,0.9147003646931345
64,9,0.20,0.9307658754637198
64,9,0.25,0.9651963370886993
64,9,0.30,0.9332928762825237
64,9,0.35,0.9679720419759211
64,9,0.40,0.9509343031311053
64,9,0.45,0.9291747387594125
64,9,0.50,0.9785426914930475
64,9,0.55,0.9690701409372168
64,9,0.60,0.953836532965811
64,9,0.65,0.9718398685982301
64,9,0.70,0.9781303376426327
64,9,0.75,0.977833419119188
64,9,0.80,0.9732990501416635
64,9,0.85,0.9706775466148636
64,9,0.90,0.9694736144125332
64,9,0.95,0.9757903211585671
65,0,0.05,-2.202057005714356
65,0,0.10,0.3567196837987253
65,0,0.15,0.7771246174231492
65,0,0.20,0.9516050427802323
65,0,0.25,0.8517565494723734
65,0,0.30,0.9686211432344896
65,0,0.35,0.9611324992625072
65,0,0.40,0.9446058004233328
65,0,0.45,0.9165792552445866
65,0,0.50,0.976156253279503
65,0,0.55,0.9103406130673346
65,0,0.60,0.9875725533292513
65,0,0.65,0.9865088627065804
65,0,0.70,0.9237454345029124
65,0,0.75,0.9817132984324609
65,0,0.80,0.9655569759241109
65,0,0.85,0.9719662423905832
65,0,0.90,0.9633717604674139
65,0,0.95,0.9672411181081054
65,1,0.05,-0.03624390938450306
65,1,0.10,0.6988718334508388
65,1,0.15,0.6465154883699958
65,1,0.20,0.9018796443144828
65,1,0.25,0.7618608010379633
65,1,0.30,0.9277701962897471
65,1,0.35,0.9182050512994853
65,1,0.40,0.9459631311443766
65,1,0.45,0.9645837242109477
65,1,0.50,0.9582081091111088
65,1,0.55,0.9673528095437104
65,1,0.60,0.9690455629033503
65,1,0.65,0.9693405596125568
65,1,0.70,0.9701864107877038
65,1,0.75,0.9701149932557736
65,1,0.80,0.9760988610521237
65,1,0.85,0.9632510870456475
65,1,0.90,0.9609319443769123
65,1,0.95,0.9655692173037675
65,2,0.05,0.8662994852580383
65,2,0.10,0.8085139369230436
65,2,0.15,0.8398460835464847
65,2,0.20,0.837955661657771
65,2,0.25,0.8287013750423526
65,2,0.30,0.9639356682296707
65,2,0.35,0.9619761336893676
65,2,0.40,0.9490462727434379
65,2,0.45,0.9706831417814112
65,2,0.50,0.9621196395388925
65,2,0.55,0.9597889808012622
65,2,0.60,0.9854304014424943
65,2,0.65,0.9800310967570628
65,2,0.70,0.9632941082331955
65,2,0.75,0.9143384257014526
65,2,0.80,0.9657472580999465
65,2,0.85,0.9704262244637526
65,2,0.90,0.9711793413202124
65,2,0.95,0.9759929753434372
65,3,0.05,0.8030800663054318
65,3,0.10,0.45723691544064526
65,3,0.15,0.9254729407535338
65,3,0.20,0.7967866492800545
65,3,0.25,0.9198741073694896
65,3,0.30,0.9750165635096804
65,3,0.35,0.9471633719978099
65,3,0.40,0.9384189964336371
65,3,0.45,0.9659955146243319
65,3,0.50,0.951641757180595
65,3,0.55,0.9797958871606924
65,3,0.60,0.968848483117817
65,3,0.65,0.9593920861875882
65,3,0.70,0.9952242852780782
65,3,0.75,0.9852814468346287
65,3,0.80,0.9780529653562973
65,3,0.85,0.9873569226714148
65,3,0.90,0.9688480128856163
65,3,0.95,0.9638014169094401
65,4,0.05,-0.7673783051007208
65,4,0.10,0.7663139300761272
65,4,0.15,0.8475705907973666
65,4,0.20,0.7198277098190126
65,4,0.25,0.8863143313277053
65,4,0.30,0.9352843381859562
65,4,0.35,0.9402416381352613
65,4,0.40,0.897129448237197
65,4,0.45,0.9240310988705236
65,4,0.50,0.9192348830785935
65,4,0.55,0.944813651257293
65,4,0.60,0.9709836276207002
65,4,0.65,0.9749268075342222
65,4,0.70,0.9718821229711185
65,4,0.75,0.9907983643642663
65,4,0.80,0.9865453617549278
65,4,0.85,0.972949645539728
65,4,0.90,0.9873134106408522
65,4,0.95,0.9893644331213363
65,5,0.05,-4.707225828140232
65,5,0.10,0.5239382859596315
65,5,0.15,0.6717653706628901
65,5,0.20,0.757736122272461
65,5,0.25,0.8175071287120559
65,5,0.30,0.9487874321474905
65,5,0.35,0.956129302192123
65,5,0.40,0.9719504732712676
65,5,0.45,0.9645743599073567
65,5,0.50,0.962675207343605
65,5,0.55,0.95780841313833
65,5,0.60,0.957019032611975
65,5,0.65,0.9594519658326087
65,5,0.70,0.9494911389088784
65,5,0.75,0.9784530108593138
65,5,0.80,0.9658734601391301
65,5,0.85,0.9880293346177328
65,5,0.90,0.9499988517216298
65,5,0.95,0.9736157913470241
65,6,0.05,0.6345763756141031
65,6,0.10,0.712541042272409
65,6,0.15,0.9235410891506808
65,6,0.20,0.924976831976575
65,6,0.25,0.9762205793012703
65,6,0.30,0.9267837487074074
65,6,0.35,0.917981727604558
65,6,0.40,0.9708382517372196
65,6,0.45,0.9418659660678135
65,6,0.50,0.9724919001032131
65,6,0.55,0.9742109894641562
65,6,0.60,0.9590242935760016
65,6,0.65,0.9789341539769204
65,6,0.70,0.9802504957677212
65,6,0.75,0.9788902131948506
65,6,0.80,0.9783292349912917
65,6,0.85,0.974387453705237
65,6,0.90,0.9732652818842752
65,6,0.95,0.9773404063380013
65,7,0.05,0.3345209518708828
65,7,0.10,0.6196710354435322
65,7,0.15,0.941897512528686
65,7,0.20,0.7802435884603738
65,7,0.25,0.9212287030139894
65,7,0.30,0.9554712205136183
65,7,0.35,0.9551042827849839
65,7,0.40,0.9497337841425513
65,7,0.45,0.9698568296414442
65,7,0.50,0.9767528773668539
65,7,0.55,0.9017648260150186
65,7,0.60,0.9457440290612594
65,7,0.65,0.9892634460946742
65,7,0.70,0.9849930425416268
65,7,0.75,0.9786339580514436
65,7,0.80,0.9767890699124359
65,7,0.85,0.9591548291701258
65,7,0.90,0.9784570581602936
65,7,0.95,0.9581036212804495
65,8,0.05,0.19238469786331247
65,8,0.10,0.6108130003230143
65,8,0.15,0.7049442852235177
65,8,0.20,0.848429563802539
65,8,0.25,0.9414490504240055
65,8,0.30,0.9214577613521837
65,8,0.35,0.9473551998091576
65,8,0.40,0.936282619756676
65,8,0.45,0.9540328037157072
65,8,0.50,0.9533913938302376
65,8,0.55,0.973409106182151
65,8,0.60,0.9776493762302518
65,8,0.65,0.9812755873364775
65,8,0.70,0.9861339303204268
65,8,0.75,0.9806526521902265
65,8,0.80,0.9575594540996242
65,8,0.85,0.9823222310467633
65,8,0.90,0.991321810314861
65,8,0.95,0.9818430599171211
65,9,0.05,0.6325427357347906
65,9,0.10,0.6390542358900133
65,9,0.15,0.827581989539557
65,9,0.20,0.947743645878073
65,9,0.25,0.8307907877699394
65,9,0.30,0.9681722746341167
65,9,0.35,0.8787348131631073
65,9,0.40,0.9830309956473383
65,9,0.45,0.9724970706071374
65,9,0.50,0.9702462252536039
65,9,0.55,0.8395512524194212
65,9,0.60,0.9529294186184911
65,9,0.65,0.979957442757117
65,9,0.70,0.9719179338875222
65,9,0.75,0.9798808907100369
65,9,0.80,0.9878684475107934
65,9,0.85,0.9773754066731959
65,9,0.90,0.9762029104890685
65,9,0.95,0.9694272965821751
66,0,0.05,0.5903893435841697
66,0,0.10,0.8617356458290615
66,0,0.15,0.8264870568029137
66,0,0.20,0.9563333307148999
66,0,0.25,0.9669012299791698
66,0,0.30,0.9586709374386125
66,0,0.35,0.9558880550332854
66,0,0.40,0.9206462705631367
66,0,0.45,0.956683562047914
66,0,0.50,0.9800591551179745
66,0,0.55,0.9621317854515345
66,0,0.60,0.9876766555770832
66,0,0.65,0.9608052220745152
66,0,0.70,0.9818065508184555
66,0,0.75,0.9713079620917369
66,0,0.80,0.9830891488761683
66,0,0.85,0.9673657190272256
66,0,0.90,0.9845341083117504
66,0,0.95,0.9747294401010009
66,1,0.05,0.9127100515119868
66,1,0.10,0.9443472859670302
66,1,0.15,0.969328395881856
66,1,0.20,0.8878258871267093
66,1,0.25,0.8660074902308397
66,1,0.30,0.8687493215925026
66,1,0.35,0.9575324413807275
66,1,0.40,0.9539903667128543
66,1,0.45,0.9766227181884
66,1,0.50,0.9751078619711792
66,1,0.55,0.9534652528286486
66,1,0.60,0.941050396696288
66,1,0.65,0.974152428958588
66,1,0.70,0.9514038193783629
66,1,0.75,0.9454741152850794
66,1,0.80,0.951487066536503
66,1,0.85,0.9853646741578527
66,1,0.90,0.9702890546817791
66,1,0.95,0.971433831655844
66,2,0.05,0.7612648134521534
66,2,0.10,0.9003987861491671
66,2,0.15,0.8107601093095141
66,2,0.20,0.8989147672502581
66,2,0.25,0.9589472142641069
66,2,0.30,0.9569215241444634
66,2,0.35,0.9525122577004569
66,2,0.40,0.9017919067740906
66,2,0.45,0.9586539434679893
66,2,0.50,0.9539984823715604
66,2,0.55,0.9584282958771472
66,2,0.60,0.985558737979037
66,2,0.65,0.951521714600425
66,2,0.70,0.9627094468008053
66,2,0.75,0.9639756898936283
66,2,0.80,0.95996834649049
66,2,0.85,0.9709185586694788
66,2,0.90,0.9633281009583446
66,2,0.95,0.979127086969637
66,3,0.05,0.2672713693272738
66,3,0.10,0.7785026296265912
66,3,0.15,0.8993910341035818
66,3,0.20,0.9097774945168692
66,3,0.25,0.9300247687697392
66,3,0.30,0.9437311710224147
66,3,0.35,0.9448253068796411
66,3,0.40,0.8998242866864715
66,3,0.45,0.9369768495650477
66,3,0.50,0.9215871950146532
66,3,0.55,0.949943453078204
66,3,0.60,0.9601615438582356
66,3,0.65,0.9709096765933523
66,3,0.70,0.9672832020345608
66,3,0.75,0.9611486742211865
66,3,0.80,0.9758823911316886
66,3,0.85,0.9794373107531686
66,3,0.90,0.9773629316376132
66,3,0.95,0.9667019281369633
66,4,0.05,-0.33223790052720403
66,4,0.10,0.12996366980147356
66,4,0.15,0.9186862389999663
66,4,0.20,0.9327072397835865
66,4,0.25,0.9129841664018792
66,4,0.30,0.924879731966141
66,4,0.35,0.9015587671844805
66,4,0.40,0.959907859039659
66,4,0.45,0.9767286693890109
66,4,0.50,0.9650719736256098
66,4,0.55,0.9667129040946424
66,4,0.60,0.9596063801758096
66,4,0.65,0.9775560833463577
66,4,0.70,0.9721332578540574
66,4,0.75,0.9815027274511324
66,4,0.80,0.9578511650476844
66,4,0.85,0.9678344284166766
66,4,0.90,0.9541303940870862
66,4,0.95,0.957206948895174
66,5,0.05,-1.1089019199528032
66,5,0.10,0.8922865969592597
66,5,0.15,0.8746628300352597
66,5,0.20,0.9058478075882497
66,5,0.25,0.9832552357422194
66,5,0.30,0.8112080705794718
66,5,0.35,0.9588012188411792
66,5,0.40,0.912740524021276
66,5,0.45,0.9351694823320826
66,5,0.50,0.9552387041238007
66,5,0.55,0.9498943469292873
66,5,0.60,0.9593957511925723
66,5,0.65,0.9819637172801736
66,5,0.70,0.9758078294529674
66,5,0.75,0.9839185984861114
66,5,0.80,0.9854925017186429
66,5,0.85,0.9616502599640004
66,5,0.90,0.9700931330426867
66,5,0.95,0.9792938454814835
66,6,0.05,0.8746948273131621
66,6,0.10,0.40339176754190187
66,6,0.15,0.9486131901910422
66,6,0.20,0.8960289838564715
66,6,0.25,0.9433878752301419
66,6,0.30,0.9366709547204565
66,6,0.35,0.9745995689576934
66,6,0.40,0.9218355440532321
66,6,0.45,0.9674712741192213
66,6,0.50,0.9515484001819425
66,6,0.55,0.9125975001116825
66,6,0.60,0.9757148378472758
66,6,0.65,0.9406234809486644
66,6,0.70,0.9730187369715579
66,6,0.75,0.9541310989132743
66,6,0.80,0.971643160344905
66,6,0.85,0.976064286603287
66,6,0.90,0.9694052844488628
66,6,0.95,0.9605179064191551
66,7,0.05,0.3390245256231629
66,7,0.10,0.8555024860422356
66,7,0.15,0.9661768969824804
66,7,0.20,0.5807458633624331
66,7,0.25,0.965810077547135
66,7,0.30,0.9319443945470087
66,7,0.35,0.9131727467981554
66,7,0.40,0.8227147063672953
66,7,0.45,0.9644611966480132
66,7,0.50,0.9263122396757331
66,7,0.55,0.972639202474413
66,7,0.60,0.9661766444227197
66,7,0.65,0.9666352689146753
66,7,0.70,0.9638027365183741
66,7,0.75,0.9697927153976607
66,7,0.80,0.9396268442120814
66,7,0.85,0.9727267952965628
66,7,0.90,0.9717330509864455
66,7,0.95,0.975590357171084
66,8,0.05,0.7646096019310449
66,8,0.10,0.5887934438674358
66,8,0.15,0.896913475810954
66,8,0.20,0.7080590623313674
66,8,0.25,0.9158650034128518
66,8,0.30,0.9798383294182281
66,8,0.35,0.9678500902985263
66,8,0.40,0.9428393419208115
66,8,0.45,0.9635378243147725
66,8,0.50,0.9610426552918774
66,8,0.55,0.9587570810538155
66,8,0.60,0.9756094225554232
66,8,0.65,0.9445610188708337
66,8,0.70,0.9670729479445875
66,8,0.75,0.980587667390086
66,8,0.80,0.9819773052997482
66,8,0.85,0.9707230918873724
66,8,0.90,0.9714799852864232
66,8,0.95,0.9700008638012335
66,9,0.05,0.6384186153899941
66,9,0.10,0.8519282757325239
66,9,0.15,0.9147437590587663
66,9,0.20,0.8969382280575857
66,9,0.25,0.970733956681745
66,9,0.30,0.9717381691989777
66,9,0.35,0.862020840824019
66,9,0.40,0.9631646560288439
66,9,0.45,0.9720884411090692
66,9,0.50,0.9830730107449003
66,9,0.55,0.941028465132597
66,9,0.60,0.9784452703235593
66,9,0.65,0.9766311323346877
66,9,0.70,0.9754597602910028
66,9,0.75,0.9690706048390229
66,9,0.80,0.9722529486835941
66,9,0.85,0.9738643344195171
66,9,0.90,0.9691073968859844
66,9,0.95,0.960422567257723
67,0,0.05,-0.7191500344971007
67,0,0.10,0.8969408136762083
67,0,0.15,0.617182093742709
67,0,0.20,0.8926360829544733
67,0,0.25,0.9598882745024245
67,0,0.30,0.8540997717197953
67,0,0.35,0.9662586253602896
67,0,0.40,0.9628332501908953
67,0,0.45,0.9599335700450182
67,0,0.50,0.9682962039562641
67,0,0.55,0.9762178837473636
67,0,0.60,0.956627062728807
67,0,0.65,0.9649624556835119
67,0,0.70,0.9653670949089455
67,0,0.75,0.9763861374049485
67,0,0.80,0.9834164206887398
67,0,0.85,0.9807327278136307
67,0,0.90,0.9731253336350885
67,0,0.95,0.9703792137246215
67,1,0.05,0.9801689552351633
67,1,0.10,0.6472831739737936
67,1,0.15,0.8754899659431443
67,1,0.20,0.9680221750876067
67,1,0.25,0.9054297785975458
67,1,0.30,0.9545250291385639
67,1,0.35,0.9505939429825615
67,1,0.40,0.9563568980746769
67,1,0.45,0.9096216084914726
67,1,0.50,0.9391889641335583
67,1,0.55,0.9885714852312629
67,1,0.60,0.9673196258212008
67,1,0.65,0.9625876624107027
67,1,0.70,0.9754816153045354
67,1,0.75,0.9746383624814665
67,1,0.80,0.9779366756628477
67,1,0.85,0.9666360771174681
67,1,0.90,0.9781581237630698
67,1,0.95,0.9741445178505374
67,2,0.05,0.9400574651193759
67,2,0.10,0.7782913223429144
67,2,0.15,0.33033335514896756
67,2,0.20,0.9686890722985623
67,2,0.25,0.9122017910643623
67,2,0.30,0.9520908814282435
67,2,0.35,0.9601950176611278
67,2,0.40,0.9463931274539334
67,2,0.45,0.9446443282860246
67,2,0.50,0.9706853159058745
67,2,0.55,0.954555492505555
67,2,0.60,0.9833017068005735
67,2,0.65,0.9779391504543469
67,2,0.70,0.9786807623435456
67,2,0.75,0.985854953698343
67,2,0.80,0.9814061605924759
67,2,0.85,0.9840484081706876
67,2,0.90,0.9811556461334968
67,2,0.95,0.9817104239866075
67,3,0.05,0.33441068966025334
67,3,0.10,0.7788317868631599
67,3,0.15,0.48512531080178023
67,3,0.20,0.9068520844985618
67,3,0.25,0.9644709321432771
67,3,0.30,0.9541054094382946
67,3,0.35,0.9653252181185277
67,3,0.40,0.9658381042647973
67,3,0.45,0.9602329320169684
67,3,0.50,0.9738652356582697
67,3,0.55,0.9740878215879969
67,3,0.60,0.9742381541486157
67,3,0.65,0.9703202126204439
67,3,0.70,0.9536438741657915
67,3,0.75,0.9608100994378972
67,3,0.80,0.9755336578965034
67,3,0.85,0.9784243196816852
67,3,0.90,0.9761070144081694
67,3,0.95,0.9818532573365192
67,4,0.05,0.5322964925023785
67,4,0.10,0.3904947202079312
67,4,0.15,0.7464740418419682
67,4,0.20,0.9661240452373062
67,4,0.25,0.9493824328728034
67,4,0.30,0.9034956785902509
67,4,0.35,0.9589284167645793
67,4,0.40,0.9479355457363169
67,4,0.45,0.9747267243920782
67,4,0.50,0.9642697847593817
67,4,0.55,0.975906721463166
67,4,0.60,0.9723571985729772
67,4,0.65,0.9598894588735162
67,4,0.70,0.9669102147617387
67,4,0.75,0.9696121502732444
67,4,0.80,0.9707725303679465
67,4,0.85,0.9717940716408346
67,4,0.90,0.9678403565352336
67,4,0.95,0.9643911777984823
67,5,0.05,0.3881007596426691
67,5,0.10,0.6191262967398448
67,5,0.15,0.941441200088554
67,5,0.20,0.906894314997193
67,5,0.25,0.8885795699488493
67,5,0.30,0.9253800439197881
67,5,0.35,0.9758731534650122
67,5,0.40,0.9674297101701469
67,5,0.45,0.9657763287942153
67,5,0.50,0.9629483058300613
67,5,0.55,0.9646083706799408
67,5,0.60,0.9569876478064411
67,5,0.65,0.96655177470566
67,5,0.70,0.976174142913113
67,5,0.75,0.9770187267727066
67,5,0.80,0.9842747763734992
67,5,0.85,0.9732749114604543
67,5,0.90,0.9748724682329604
67,5,0.95,0.971568921484906
67,6,0.05,0.8465355747396845
67,6,0.10,0.7683536524129255
67,6,0.15,0.8048796556380031
67,6,0.20,0.8568263166390532
67,6,0.25,0.9418580431796779
67,6,0.30,0.8926307783472467
67,6,0.35,0.9509586645324003
67,6,0.40,0.9619793635398256
67,6,0.45,0.9673022902203935
67,6,0.50,0.9491587697751828
67,6,0.55,0.9618016183385026
67,6,0.60,0.9796084443707288
67,6,0.65,0.9717074084348443
67,6,0.70,0.9781093469399609
67,6,0.75,0.9820577346754169
67,6,0.80,0.9755630291821186
67,6,0.85,0.973466313057077
67,6,0.90,0.9781907731082128
67,6,0.95,0.9666457520311372
67,7,0.05,0.1214740988505486
67,7,0.10,0.846566562679346
67,7,0.15,0.7280096040156122
67,7,0.20,0.8238757563293141
67,7,0.25,0.95081807116997
67,7,0.30,0.9562448478159902
67,7,0.35,0.9328121051676393
67,7,0.40,0.9628944644661566
67,7,0.45,0.9579600058794727
67,7,0.50,0.9752146135132073
67,7,0.55,0.9728002354193878
67,7,0.60,0.9599025567286562
67,7,0.65,0.9633005828884259
67,7,0.70,0.9612317508726966
67,7,0.75,0.9407195070133109
67,7,0.80,0.9850044351021549
67,7,0.85,0.9620935316022944
67,7,0.90,0.9780693379825409
67,7,0.95,0.9569610206696058
67,8,0.05,0.7474375859754199
67,8,0.10,0.4699964844672151
67,8,0.15,0.8796378331111396
67,8,0.20,0.8981523314435484
67,8,0.25,0.9235445655507617
67,8,0.30,0.9205166665126155
67,8,0.35,0.967999323369
67,8,0.40,0.942812441707846
67,8,0.45,0.9759557007375951
67,8,0.50,0.9608881346168634
67,8,0.55,0.9756161923678344
67,8,0.60,0.9705283957314178
67,8,0.65,0.9712584556087035
67,8,0.70,0.9764063060563636
67,8,0.75,0.9812415194579509
67,8,0.80,0.9736156257696571
67,8,0.85,0.9831304560955457
67,8,0.90,0.9777440282277376
67,8,0.95,0.9884382880938438
67,9,0.05,0.9500996395301659
67,9,0.10,0.7535932826680033
67,9,0.15,0.9463135665744277
67,9,0.20,0.9258303967947603
67,9,0.25,0.9154671628273423
67,9,0.30,0.9590695670195816
67,9,0.35,0.9573235148009668
67,9,0.40,0.9725039659284325
67,9,0.45,0.9590076496526992
67,9,0.50,0.9173639542259882
67,9,0.55,0.985739372966191
67,9,0.60,0.9414747828000712
67,9,0.65,0.9737725511345464
67,9,0.70,0.9671070975451658
67,9,0.75,0.9094817514278948
67,9,0.80,0.9729213553841066
67,9,0.85,0.9826147096183762
67,9,0.90,0.9777625490700232
67,9,0.95,0.9734574545031559
68,0,0.05,0.48478999920868926
68,0,0.10,0.8907610734018203
68,0,0.15,0.6917725982613062
68,0,0.20,0.9147210100913397
68,0,0.25,0.97833815605634
68,0,0.30,0.9559127268764036
68,0,0.35,0.9748511141656876
68,0,0.40,0.9631899167690567
68,0,0.45,0.9540281281030861
68,0,0.50,0.9365097777110671
68,0,0.55,0.9688387960740203
68,0,0.60,0.9817813087780849
68,0,0.65,0.9658563681960426
68,0,0.70,0.9662819044139692
68,0,0.75,0.9728106783365529
68,0,0.80,0.9558463955154255
68,0,0.85,0.9704169823861359
68,0,0.90,0.9750237302603223
68,0,0.95,0.9776844846933304
68,1,0.05,0.6240424038060701
68,1,0.10,0.6523333370648238
68,1,0.15,0.9509825695480622
68,1,0.20,0.8537712651177611
68,1,0.25,0.9506316754418959
68,1,0.30,0.9904691091875394
68,1,0.35,0.9730241283764676
68,1,0.40,0.9682543528838703
68,1,0.45,0.971452623839474
68,1,0.50,0.9841520927192418
68,1,0.55,0.9467423776982744
68,1,0.60,0.9661248096361477
68,1,0.65,0.9591039052271604
68,1,0.70,0.9786375397066644
68,1,0.75,0.976762103215824
68,1,0.80,0.968951898422421
68,1,0.85,0.9648292004611622
68,1,0.90,0.977104573037032
68,1,0.95,0.9627297000911942
68,2,0.05,0.5860741213109788
68,2,0.10,0.8509866319937353
68,2,0.15,0.8734040834248659
68,2,0.20,0.8661193987241025
68,2,0.25,0.7724950523820436
68,2,0.30,0.963745225940852
68,2,0.35,0.9772358798339832
68,2,0.40,0.9597951877828474
68,2,0.45,0.9702897114095888
68,2,0.50,0.9687908952191929
68,2,0.55,0.9830231614491575
68,2,0.60,0.9842886812231922
68,2,0.65,0.9644376769016197
68,2,0.70,0.9843633170910209
68,2,0.75,0.9755938822489976
68,2,0.80,0.9847229807513251
68,2,0.85,0.9725525902202202
68,2,0.90,0.947076381640902
68,2,0.95,0.9773331901004121
68,3,0.05,0.9338580796980605
68,3,0.10,0.83294868955617
68,3,0.15,0.8589541267566269
68,3,0.20,0.8942801967795103
68,3,0.25,0.8755193157239488
68,3,0.30,0.8601680555468945
68,3,0.35,0.9327104411716549
68,3,0.40,0.9665535534825398
68,3,0.45,0.9443292785381654
68,3,0.50,0.971360184943563
68,3,0.55,0.9851125361276903
68,3,0.60,0.9792966990009269
68,3,0.65,0.96356486773869
68,3,0.70,0.9538663977235325
68,3,0.75,0.9641772097526354
68,3,0.80,0.9667776968252972
68,3,0.85,0.9756737379754631
68,3,0.90,0.9663486025940075
68,3,0.95,0.960715181758698
68,4,0.05,-0.41411023718365025
68,4,0.10,0.6730582669696572
68,4,0.15,0.8079267983950419
68,4,0.20,0.9202206026256988
68,4,0.25,0.9789580775195664
68,4,0.30,0.9652744170835417
68,4,0.35,0.9517642739958153
68,4,0.40,0.9662802422819907
68,4,0.45,0.9738730098614091
68,4,0.50,0.962419856770687
68,4,0.55,0.9674997255788153
68,4,0.60,0.9905785508725701
68,4,0.65,0.9912975555878422
68,4,0.70,0.9900354812590227
68,4,0.75,0.9615307854275534
68,4,0.80,0.9898910881480678
68,4,0.85,0.9851016399309661
68,4,0.90,0.9793920952723494
68,4,0.95,0.9769542932370711
68,5,0.05,0.7104976672864465
68,5,0.10,0.6405913180861871
68,5,0.15,0.8073503012977565
68,5,0.20,0.9870961842487048
68,5,0.25,0.9771834673589812
68,5,0.30,0.9486843719794286
68,5,0.35,0.9815758173569658
68,5,0.40,0.8623637367877333
68,5,0.45,0.9367371889543068
68,5,0.50,0.9428125179176388
68,5,0.55,0.9289314960163444
68,5,0.60,0.9676667569147388
68,5,0.65,0.9744863075094893
68,5,0.70,0.9751314788368632
68,5,0.75,0.9777486245052953
68,5,0.80,0.9662835698601022
68,5,0.85,0.9793794813987379
68,5,0.90,0.9754098411636983
68,5,0.95,0.9473058465894035
68,6,0.05,0.9588393574906308
68,6,0.10,0.8115855720435007
68,6,0.15,0.9448759901467474
68,6,0.20,0.9555825672307053
68,6,0.25,0.7473770856666819
68,6,0.30,0.9750400099115072
68,6,0.35,0.9558243516391354
68,6,0.40,0.9640377979823509
68,6,0.45,0.9832334496373746
68,6,0.50,0.9760664216017814
68,6,0.55,0.9628418741030306
68,6,0.60,0.9751997193982743
68,6,0.65,0.9617997573198356
68,6,0.70,0.9734017351310753
68,6,0.75,0.9649260232395716
68,6,0.80,0.9598101449711727
68,6,0.85,0.9853649818582418
68,6,0.90,0.9837813782859485
68,6,0.95,0.9505071665152818
68,7,0.05,0.2863892180160047
68,7,0.10,0.9318762667927127
68,7,0.15,0.9326988190789041
68,7,0.20,0.8877881215641564
68,7,0.25,0.9223897426716616
68,7,0.30,0.892886254904897
68,7,0.35,0.8996410365981118
68,7,0.40,0.9611108434120256
68,7,0.45,0.957204882193132
68,7,0.50,0.9648265404638503
68,7,0.55,0.9732996145913277
68,7,0.60,0.9476306410826406
68,7,0.65,0.9741144311905705
68,7,0.70,0.9666091942725283
68,7,0.75,0.9714531964581
68,7,0.80,0.9622714899758634
68,7,0.85,0.9341683431638498
68,7,0.90,0.9765433429891104
68,7,0.95,0.9579403181657173
68,8,0.05,0.4345519119912603
68,8,0.10,0.9144013239391978
68,8,0.15,0.7293898797511595
68,8,0.20,0.935176423608893
68,8,0.25,0.9652080677574413
68,8,0.30,0.9745432690208268
68,8,0.35,0.9844974642343588
68,8,0.40,0.9686547276980089
68,8,0.45,0.964201676348914
68,8,0.50,0.9437891005513481
68,8,0.55,0.9783799290663238
68,8,0.60,0.9781408652361797
68,8,0.65,0.9640703536498888
68,8,0.70,0.9835001997723561
68,8,0.75,0.9778115040751703
68,8,0.80,0.9727455275973187
68,8,0.85,0.9812513777611949
68,8,0.90,0.9687781701996556
68,8,0.95,0.9813386599319872
68,9,0.05,0.3685574455952989
68,9,0.10,0.7700015631998187
68,9,0.15,0.868701981715519
68,9,0.20,0.9782031534914748
68,9,0.25,0.8645671897776326
68,9,0.30,0.9783112568564105
68,9,0.35,0.9833551354338268
68,9,0.40,0.9448494319006502
68,9,0.45,0.9805295362655794
68,9,0.50,0.9830976538300779
68,9,0.55,0.9709869417067225
68,9,0.60,0.9677526406295966
68,9,0.65,0.9814029642081822
68,9,0.70,0.971553211079419
68,9,0.75,0.9732330781196737
68,9,0.80,0.9874303998988672
68,9,0.85,0.9738420636054833
68,9,0.90,0.9789274392419391
68,9,0.95,0.9752536183665909
69,0,0.05,0.5750794783867169
69,0,0.10,0.9441628866088217
69,0,0.15,0.9600972838441475
69,0,0.20,0.8140995595064157
69,0,0.25,0.9736771621060788
69,0,0.30,0.8814853241963494
69,0,0.35,0.9546953966179662
69,0,0.40,0.9612115212759208
69,0,0.45,0.9823198308823847
69,0,0.50,0.9734717794502783
69,0,0.55,0.97357505620693
69,0,0.60,0.9754873405169602
69,0,0.65,0.9655612600752598
69,0,0.70,0.9298993285158484
69,0,0.75,0.9819161930276307
69,0,0.80,0.9701005900589611
69,0,0.85,0.9685955770324264
69,0,0.90,0.9748227548842393
69,0,0.95,0.9820174940854619
69,1,0.05,0.8162126591464457
69,1,0.10,0.9133048783546549
69,1,0.15,0.6777744017613143
69,1,0.20,0.974744596506913
69,1,0.25,0.9262618019551525
69,1,0.30,0.9119267694949622
69,1,0.35,0.9788587875790872
69,1,0.40,0.9798397416372646
69,1,0.45,0.9568003613195032
69,1,0.50,0.9466687858395266
69,1,0.55,0.9674491975358736
69,1,0.60,0.9811361272984486
69,1,0.65,0.959035225367094
69,1,0.70,0.986213848331518
69,1,0.75,0.9821901380893572
69,1,0.80,0.9880750709238316
69,1,0.85,0.9806168492745936
69,1,0.90,0.9746313156928462
69,1,0.95,0.9581102133908007
69,2,0.05,0.2788903386894521
69,2,0.10,0.9026327036335918
69,2,0.15,0.7842540080806099
69,2,0.20,0.8400777947351161
69,2,0.25,0.9486465481413383
69,2,0.30,0.868176091475599
69,2,0.35,0.9277040594227026
69,2,0.40,0.9829328679264979
69,2,0.45,0.9447918253688996
69,2,0.50,0.9759049757522945
69,2,0.55,0.9912960253310816
69,2,0.60,0.9788737284757769
69,2,0.65,0.9683381768373677
69,2,0.70,0.9766700801542461
69,2,0.75,0.9503379681720413
69,2,0.80,0.9751849597739674
69,2,0.85,0.9665141115586762
69,2,0.90,0.971980742814004
69,2,0.95,0.973076171999839
69,3,0.05,0.08051041796713054
69,3,0.10,0.7876432027556429
69,3,0.15,0.9229117101864486
69,3,0.20,0.9741116742351654
69,3,0.25,0.9535113663752005
69,3,0.30,0.9776420595539344
69,3,0.35,0.9747888951670189
69,3,0.40,0.9743029513629138
69,3,0.45,0.9658769879571477
69,3,0.50,0.947134470198564
69,3,0.55,0.9676065271754597
69,3,0.60,0.979839327673774
69,3,0.65,0.9448919579681849
69,3,0.70,0.9691919725915162
69,3,0.75,0.9558313754590074
69,3,0.80,0.9665033891115244
69,3,0.85,0.9616614743598094
69,3,0.90,0.963010639736907
69,3,0.95,0.9587776176305383
69,4,0.05,0.6849539549986987
69,4,0.10,0.36341151029348606
69,4,0.15,0.3671872824085719
69,4,0.20,0.9601515552811725
69,4,0.25,0.9604355903323014
69,4,0.30,0.9181811210140661
69,4,0.35,0.9550847051752631
69,4,0.40,0.9587989358706667
69,4,0.45,0.9284120003566844
69,4,0.50,0.9595390083290694
69,4,0.55,0.959775186438276
69,4,0.60,0.925975624002252
69,4,0.65,0.9563271952111341
69,4,0.70,0.9383095037073294
69,4,0.75,0.9759685167613552
69,4,0.80,0.9803299675545005
69,4,0.85,0.9494307455982486
69,4,0.90,0.9671936687042921
69,4,0.95,0.9796273630648209
69,5,0.05,0.6043784766071878
69,5,0.10,0.7416776533825733
69,5,0.15,0.7230194994680099
69,5,0.20,0.9676820266119368
69,5,0.25,0.915915811342281
69,5,0.30,0.837216588181064
69,5,0.35,0.771825200173986
69,5,0.40,0.978312867802381
69,5,0.45,0.956687987887092
69,5,0.50,0.9582005199625445
69,5,0.55,0.9496845600206533
69,5,0.60,0.9449675902698146
69,5,0.65,0.9720791128024775
69,5,0.70,0.9593915551175836
69,5,0.75,0.9649358789666543
69,5,0.80,0.9415399491715198
69,5,0.85,0.9639118231535312
69,5,0.90,0.9809884902869211
69,5,0.95,0.9732292302119291
69,6,0.05,0.9040990678920787
69,6,0.10,0.8084422619644336
69,6,0.15,0.9734568540013482
69,6,0.20,0.9775079169268338
69,6,0.25,0.9544604369188968
69,6,0.30,0.9410905476999971
69,6,0.35,0.9752871681603028
69,6,0.40,0.9587227114427038
69,6,0.45,0.9784887059527025
69,6,0.50,0.9624982440825791
69,6,0.55,0.9369879215703494
69,6,0.60,0.9920719248003128
69,6,0.65,0.9631453646907796
69,6,0.70,0.978209487142594
69,6,0.75,0.9767073896754985
69,6,0.80,0.9841231001419284
69,6,0.85,0.9830103339277823
69,6,0.90,0.9706131725591782
69,6,0.95,0.9664592250587576
69,7,0.05,-0.04503492407189991
69,7,0.10,0.9285661203510357
69,7,0.15,0.8419522818071382
69,7,0.20,0.978750855828033
69,7,0.25,0.8866792537365341
69,7,0.30,0.9655044170506342
69,7,0.35,0.9381382908279987
69,7,0.40,0.9749787849726816
69,7,0.45,0.9503725472289765
69,7,0.50,0.9259830601358903
69,7,0.55,0.9381459882121199
69,7,0.60,0.966563719756612
69,7,0.65,0.9408104191610976
69,7,0.70,0.9651369672293068
69,7,0.75,0.9288482715465177
69,7,0.80,0.9465285738631711
69,7,0.85,0.9540632845542051
69,7,0.90,0.9804688848114236
69,7,0.95,0.9880236086339459
69,8,0.05,0.8591159852645569
69,8,0.10,0.8843665123049937
69,8,0.15,0.7777678836737352
69,8,0.20,0.8857286587446696
69,8,0.25,0.9808234510734932
69,8,0.30,0.9484613926036165
69,8,0.35,0.8959409112805039
69,8,0.40,0.948286348359549
69,8,0.45,0.9811441059796224
69,8,0.50,0.9438962208440529
69,8,0.55,0.9594565786935935
69,8,0.60,0.9719801006273683
69,8,0.65,0.9544802639364494
69,8,0.70,0.9615911598784929
69,8,0.75,0.9771010067175278
69,8,0.80,0.9505376935937303
69,8,0.85,0.9759917065034301
69,8,0.90,0.9807949507697177
69,8,0.95,0.962887533687851
69,9,0.05,0.659710778016426
69,9,0.10,0.9527060855073329
69,9,0.15,0.5970574338218053
69,9,0.20,0.5670004421389346
69,9,0.25,0.8905727638316625
69,9,0.30,0.9203481419906245
69,9,0.35,0.9681986857091437
69,9,0.40,0.9711926446233773
69,9,0.45,0.9755882595976112
69,9,0.50,0.9631086764240454
69,9,0.55,0.9616396173526035
69,9,0.60,0.9350733565109836
69,9,0.65,0.9498514135326046
69,9,0.70,0.9704281735527465
69,9,0.75,0.9690512700607997
69,9,0.80,0.9496230017148938
69,9,0.85,0.9779770671579117
69,9,0.90,0.9791518934055533
69,9,0.95,0.9809799641666958
70,0,0.05,0.8914809450026295
70,0,0.10,0.8226975718831043
70,0,0.15,0.9402996072026517
70,0,0.20,0.9597254826970957
70,0,0.25,0.9595993537226455
70,0,0.30,0.9730138136161278
70,0,0.35,0.9669032155928398
70,0,0.40,0.9781677682632169
70,0,0.45,0.9742306461757184
70,0,0.50,0.9607458543884848
70,0,0.55,0.9689175788835419
70,0,0.60,0.9803114044802197
70,0,0.65,0.9590115560544467
70,0,0.70,0.9805563430114536
70,0,0.75,0.9646933387132959
70,0,0.80,0.9642611363102865
70,0,0.85,0.9342200905403278
70,0,0.90,0.9662948675428233
70,0,0.95,0.9734103799584967
70,1,0.05,0.8042235324437212
70,1,0.10,0.73192050626699
70,1,0.15,0.9528569885149495
70,1,0.20,0.9399216019164462
70,1,0.25,0.894414188528741
70,1,0.30,0.9563812497797783
70,1,0.35,0.968638659163386
70,1,0.40,0.9759534268294574
70,1,0.45,0.9282584877693504
70,1,0.50,0.96700269702285
70,1,0.55,0.8847956569243282
70,1,0.60,0.9828155366501582
70,1,0.65,0.9860740337292839
70,1,0.70,0.9498863927572384
70,1,0.75,0.9738043276610846
70,1,0.80,0.9769679571462357
70,1,0.85,0.9749318610054463
70,1,0.90,0.9564858173028445
70,1,0.95,0.985365012858752
70,2,0.05,0.7557979907465725
70,2,0.10,0.9241707400997591
70,2,0.15,0.8703689863137268
70,2,0.20,0.964828381998517
70,2,0.25,0.7378542755402672
70,2,0.30,0.7973625324563904
70,2,0.35,0.9584100200609924
70,2,0.40,0.9545298595751489
70,2,0.45,0.9562186645605635
70,2,0.50,0.8925720446622166
70,2,0.55,0.9375499866529625
70,2,0.60,0.9571114487061393
70,2,0.65,0.9645443487148979
70,2,0.70,0.9883245008182605
70,2,0.75,0.986195072535427
70,2,0.80,0.9781054615248485
70,2,0.85,0.9827303680772782
70,2,0.90,0.9734098368226443
70,2,0.95,0.9849397752430809
70,3,0.05,0.9517859045141228
70,3,0.10,0.9033183493630816
70,3,0.15,0.8802104395484156
70,3,0.20,0.9017116818848551
70,3,0.25,0.8876340293692163
70,3,0.30,0.9283452275698872
70,3,0.35,0.9087597536205151
70,3,0.40,0.9310752059465349
70,3,0.45,0.9375110575709238
70,3,0.50,0.9770927201053288
70,3,0.55,0.9761852877136193
70,3,0.60,0.9685560396327382
70,3,0.65,0.9756102290286088
70,3,0.70,0.966069435917506
70,3,0.75,0.981158918127108
70,3,0.80,0.9705799972057721
70,3,0.85,0.9797207611332651
70,3,0.90,0.9574101322631763
70,3,0.95,0.9742310039659607
70,4,0.05,0.8481391799479872
70,4,0.10,0.8002148957621731
70,4,0.15,0.8246684034478134
70,4,0.20,0.9674745581871304
70,4,0.25,0.9485810478258424
70,4,0.30,0.9478515332266131
70,4,0.35,0.8990692125666955
70,4,0.40,0.9346853117886542
70,4,0.45,0.9374678674630508
70,4,0.50,0.9687113340580027
70,4,0.55,0.9718318641505292
70,4,0.60,0.9622788320249104
70,4,0.65,0.9741657818895455
70,4,0.70,0.9771913753230671
70,4,0.75,0.9781817992507671
70,4,0.80,0.9758861602713456
70,4,0.85,0.9726213166701313
70,4,0.90,0.9850245017919864
70,4,0.95,0.9860589056189646
70,5,0.05,0.9153139619678862
70,5,0.10,0.7463234618519599
70,5,0.15,0.8051350536743516
70,5,0.20,0.9468760489727895
70,5,0.25,0.8526004971583505
70,5,0.30,0.9286065686783727
70,5,0.35,0.9337044661570597
70,5,0.40,0.9449047853291788
70,5,0.45,0.9757406942205744
70,5,0.50,0.9695576812534838
70,5,0.55,0.9615255054263907
70,5,0.60,0.9658290471450514
70,5,0.65,0.96173918474015
70,5,0.70,0.9736238691753027
70,5,0.75,0.9666077292183177
70,5,0.80,0.9713246420754262
70,5,0.85,0.9733474281622888
70,5,0.90,0.9756722395599283
70,5,0.95,0.9680314802075212
70,6,0.05,0.9716806640615496
70,6,0.10,0.5648127114496313
70,6,0.15,0.8784102733849414
70,6,0.20,0.9498095727705659
70,6,0.25,0.9143802031058724
70,6,0.30,0.9320303363758613
70,6,0.35,0.9452645200642655
70,6,0.40,0.9580066735344531
70,6,0.45,0.967212426110288
70,6,0.50,0.9874462300096619
70,6,0.55,0.9808573933472927
70,6,0.60,0.9498844279763501
70,6,0.65,0.982995928547969
70,6,0.70,0.9857637149860866
70,6,0.75,0.977069321014759
70,6,0.80,0.9816996154554415
70,6,0.85,0.9692348386417075
70,6,0.90,0.9855576965136778
70,6,0.95,0.9792960528480856
70,7,0.05,-0.29519151471760563
70,7,0.10,0.9340274005560238
70,7,0.15,0.9442156222877578
70,7,0.20,0.904461410880367
70,7,0.25,0.931337392789543
70,7,0.30,0.7636113923362285
70,7,0.35,0.9530711766783355
70,7,0.40,0.9634640393644738
70,7,0.45,0.9362194760249416
70,7,0.50,0.9707892434192276
70,7,0.55,0.9626111989374118
70,7,0.60,0.9763586715821035
70,7,0.65,0.9494985256932291
70,7,0.70,0.975843791484874
70,7,0.75,0.9802813344924693
70,7,0.80,0.9695096994103264
70,7,0.85,0.9727171303221047
70,7,0.90,0.9498404312911256
70,7,0.95,0.9819408556827746
70,8,0.05,0.7714500532130593
70,8,0.10,0.7407660165316661
70,8,0.15,0.8957727151250234
70,8,0.20,0.9071834373644073
70,8,0.25,0.9337880107958051
70,8,0.30,0.937585617326861
70,8,0.35,0.9103800946051439
70,8,0.40,0.935326386872087
70,8,0.45,0.9816273376082238
70,8,0.50,0.9749289928781778
70,8,0.55,0.972807827434177
70,8,0.60,0.9886490159758352
70,8,0.65,0.974745179154833
70,8,0.70,0.9762526020503712
70,8,0.75,0.9771859687103838
70,8,0.80,0.9807753736182228
70,8,0.85,0.9844425602270849
70,8,0.90,0.9767087454916168
70,8,0.95,0.9804580115774848
70,9,0.05,0.8735912465106807
70,9,0.10,0.8208226612108276
70,9,0.15,0.8344541370902179
70,9,0.20,0.9269831963404269
70,9,0.25,0.9246688031956787
70,9,0.30,0.8961248300247322
70,9,0.35,0.9304834738206783
70,9,0.40,0.9556734340051155
70,9,0.45,0.9156445512614191
70,9,0.50,0.9696760270443308
70,9,0.55,0.9696467955782966
70,9,0.60,0.977499291665691
70,9,0.65,0.9863123426509521
70,9,0.70,0.9677019816594157
70,9,0.75,0.9814296713296591
70,9,0.80,0.9798574177308293
70,9,0.85,0.9744021863964201
70,9,0.90,0.952247486583098
70,9,0.95,0.982519047033285
71,0,0.05,-1.5716825663003058
71,0,0.10,0.8904177757558076
71,0,0.15,0.971555217590794
71,0,0.20,0.9087665207587134
71,0,0.25,0.8459951409101363
71,0,0.30,0.9685445901895205
71,0,0.35,0.9732682942611539
71,0,0.40,0.9749097140860261
71,0,0.45,0.8840058780909581
71,0,0.50,0.9840078887650068
71,0,0.55,0.9798916385626241
71,0,0.60,0.9694302128540122
71,0,0.65,0.981598961315686
71,0,0.70,0.9804385119805925
71,0,0.75,0.9847551831286614
71,0,0.80,0.9837936750528358
71,0,0.85,0.9755210114668345
71,0,0.90,0.973089219821052
71,0,0.95,0.9733567651954491
71,1,0.05,0.43257222411059215
71,1,0.10,0.6209688373847728
71,1,0.15,0.9719972187101236
71,1,0.20,0.8762173219164435
71,1,0.25,0.8269657540650031
71,1,0.30,0.938461670659347
71,1,0.35,0.955965725723778
71,1,0.40,0.9611158664960809
71,1,0.45,0.9751014439861831
71,1,0.50,0.9687533059987656
71,1,0.55,0.9694024751454354
71,1,0.60,0.968846014607679
71,1,0.65,0.9775621994350707
71,1,0.70,0.9901040686291247
71,1,0.75,0.9867838785879397
71,1,0.80,0.9794563285064436
71,1,0.85,0.9822696164581676
71,1,0.90,0.9756206019323038
71,1,0.95,0.9748309525345339
71,2,0.05,0.7655595477889212
71,2,0.10,0.9942785314533025
71,2,0.15,0.8014118592904363
71,2,0.20,0.8044524556705617
71,2,0.25,0.7515077779913062
71,2,0.30,0.966018411969564
71,2,0.35,0.9514465289422973
71,2,0.40,0.9604769737135899
71,2,0.45,0.9001655014979719
71,2,0.50,0.9765418441436975
71,2,0.55,0.9305000112473847
71,2,0.60,0.9783923697908629
71,2,0.65,0.939192912290584
71,2,0.70,0.9660754408794976
71,2,0.75,0.9752797625119485
71,2,0.80,0.9705196721635185
71,2,0.85,0.9734270326282214
71,2,0.90,0.981145772693226
71,2,0.95,0.9733109343147042
71,3,0.05,0.367518951126375
71,3,0.10,0.9419240491220603
71,3,0.15,0.9367859633404788
71,3,0.20,0.9427195825995754
71,3,0.25,0.9642031080095534
71,3,0.30,0.9668962254012025
71,3,0.35,0.9589332549390059
71,3,0.40,0.9720068914126064
71,3,0.45,0.9638590325273879
71,3,0.50,0.9650938773809699
71,3,0.55,0.9690008484300358
71,3,0.60,0.9814849064796052
71,3,0.65,0.9701926554455808
71,3,0.70,0.9544383312914105
71,3,0.75,0.9669178140630346
71,3,0.80,0.9610357353944783
71,3,0.85,0.9627981350997592
71,3,0.90,0.9584951536530895
71,3,0.95,0.9778698120223265
71,4,0.05,0.7805191832901168
71,4,0.10,0.7533616096915238
71,4,0.15,0.9557805559078054
71,4,0.20,0.48946809041588246
71,4,0.25,0.802040377267774
71,4,0.30,0.9498667138009733
71,4,0.35,0.9372395159609717
71,4,0.40,0.971426761579185
71,4,0.45,0.9696103360242472
71,4,0.50,0.9755945488124037
71,4,0.55,0.9761896733865292
71,4,0.60,0.9798844483772099
71,4,0.65,0.9455809565948211
71,4,0.70,0.9727824023762132
71,4,0.75,0.974428427568311
71,4,0.80,0.9774475563661065
71,4,0.85,0.9850287608760281
71,4,0.90,0.9761190805442358
71,4,0.95,0.9903636111460682
71,5,0.05,-1.3276901346310184
71,5,0.10,0.7091448926736399
71,5,0.15,0.9564146823727788
71,5,0.20,0.9667079194805587
71,5,0.25,0.9694513032799386
71,5,0.30,0.8360409560943446
71,5,0.35,0.9503157972279259
71,5,0.40,0.9400180927862267
71,5,0.45,0.9245034197914875
71,5,0.50,0.9796844790835816
71,5,0.55,0.973764931055974
71,5,0.60,0.9816428837336247
71,5,0.65,0.9883238666747952
71,5,0.70,0.9831248127559538
71,5,0.75,0.9887193261008625
71,5,0.80,0.9832368707727449
71,5,0.85,0.978620158630015
71,5,0.90,0.9499274858117338
71,5,0.95,0.9850458285935891
71,6,0.05,0.8871279870418497
71,6,0.10,0.9011604458348703
71,6,0.15,0.8404333702070038
71,6,0.20,0.7315219160774673
71,6,0.25,0.9186292306005703
71,6,0.30,0.938555302511814
71,6,0.35,0.9650185128244332
71,6,0.40,0.9420654949418406
71,6,0.45,0.9705863807985421
71,6,0.50,0.9903151040382018
71,6,0.55,0.978567497920372
71,6,0.60,0.9714637997549082
71,6,0.65,0.9615256060820219
71,6,0.70,0.9685011900232743
71,6,0.75,0.969213400806191
71,6,0.80,0.9599077257814065
71,6,0.85,0.9630258335311832
71,6,0.90,0.9615668633332355
71,6,0.95,0.9748478696598621
71,7,0.05,-0.5909132982285465
71,7,0.10,0.9645851981397845
71,7,0.15,0.4193777220972452
71,7,0.20,0.7608361833765502
71,7,0.25,0.8903821107160845
71,7,0.30,0.9234693449827827
71,7,0.35,0.8372576244230815
71,7,0.40,0.9776347918659177
71,7,0.45,0.8771215475158165
71,7,0.50,0.9859310373741423
71,7,0.55,0.9350814967995497
71,7,0.60,0.9711561626344127
71,7,0.65,0.8882042647825649
71,7,0.70,0.9740054592994606
71,7,0.75,0.969014360265226
71,7,0.80,0.9643323340176558
71,7,0.85,0.9670974063846037
71,7,0.90,0.9558190946905977
71,7,0.95,0.9628193414495634
71,8,0.05,0.778984435559817
71,8,0.10,0.9715137766789825
71,8,0.15,0.8836511896750836
71,8,0.20,0.8857417019039752
71,8,0.25,0.9148156418279888
71,8,0.30,0.9150159245506871
71,8,0.35,0.8069765102213144
71,8,0.40,0.9602743142007462
71,8,0.45,0.9634751685119091
71,8,0.50,0.9103060228016006
71,8,0.55,0.9807746028375611
71,8,0.60,0.973543289856534
71,8,0.65,0.9482284578360883
71,8,0.70,0.9835510456610912
71,8,0.75,0.9779553802882468
71,8,0.80,0.9892087498745914
71,8,0.85,0.9843733655038029
71,8,0.90,0.9857429394596228
71,8,0.95,0.9842733544190923
71,9,0.05,0.3571801815708152
71,9,0.10,0.7752575713867692
71,9,0.15,0.9533911236098263
71,9,0.20,0.711756685869194
71,9,0.25,0.9831640429435797
71,9,0.30,0.9038455019924734
71,9,0.35,0.8544495216252375
71,9,0.40,0.9809959005978724
71,9,0.45,0.9771483580407905
71,9,0.50,0.9603825154801465
71,9,0.55,0.9619063362428703
71,9,0.60,0.9586235546241122
71,9,0.65,0.9771046139839424
71,9,0.70,0.9806758282769625
71,9,0.75,0.9737303986713967
71,9,0.80,0.972301809049172
71,9,0.85,0.9699904588502116
71,9,0.90,0.977507164176365
71,9,0.95,0.977539537389508
72,0,0.05,0.9872768117347339
72,0,0.10,0.49458074208779834
72,0,0.15,0.8988852810844112
72,0,0.20,0.8363927030740915
72,0,0.25,0.8489348429604392
72,0,0.30,0.9098573669295968
72,0,0.35,0.9489915650534106
72,0,0.40,0.9290935269271412
72,0,0.45,0.9790281423239846
72,0,0.50,0.9603598247949386
72,0,0.55,0.9649148812226516
72,0,0.60,0.9628048667316697
72,0,0.65,0.9809465953623576
72,0,0.70,0.9630658006642887
72,0,0.75,0.9706277386562383
72,0,0.80,0.9784431280992936
72,0,0.85,0.9753959186841227
72,0,0.90,0.9763670432829084
72,0,0.95,0.9799804936649434
72,1,0.05,-1.6980152962286978
72,1,0.10,0.6409345128031848
72,1,0.15,0.8589544312381524
72,1,0.20,0.8183128078771272
72,1,0.25,0.9007702764888027
72,1,0.30,0.9411541584357964
72,1,0.35,0.9747596521125677
72,1,0.40,0.9383264077035758
72,1,0.45,0.9729951262605305
72,1,0.50,0.9548221157031254
72,1,0.55,0.9927928549193454
72,1,0.60,0.9689327307108573
72,1,0.65,0.9451222804145653
72,1,0.70,0.973261078953925
72,1,0.75,0.9129893058584742
72,1,0.80,0.9842306501598329
72,1,0.85,0.9825899413415609
72,1,0.90,0.9734868098785958
72,1,0.95,0.9695479966669539
72,2,0.05,0.9698509288309206
72,2,0.10,0.1122712579260714
72,2,0.15,0.9591414100272436
72,2,0.20,0.7974318679822069
72,2,0.25,0.9739640930522837
72,2,0.30,0.8699627028033075
72,2,0.35,0.9783140051721242
72,2,0.40,0.9678229049773439
72,2,0.45,0.9525568979467856
72,2,0.50,0.9855499055832461
72,2,0.55,0.9873054995154036
72,2,0.60,0.9640499083956005
72,2,0.65,0.9842451953783109
72,2,0.70,0.9851681905363314
72,2,0.75,0.959665918532826
72,2,0.80,0.9818958020673593
72,2,0.85,0.9827089252630422
72,2,0.90,0.96522311214238
72,2,0.95,0.9753162932745341
72,3,0.05,0.5744174262366408
72,3,0.10,-1.1743305549343934
72,3,0.15,0.8398687940929921
72,3,0.20,0.6031323617538982
72,3,0.25,0.9196055398501682
72,3,0.30,0.9657951456944935
72,3,0.35,0.9865809476817136
72,3,0.40,0.9648341360912294
72,3,0.45,0.9648196860593603
72,3,0.50,0.894443480573069
72,3,0.55,0.9870533315366183
72,3,0.60,0.9839619311010263
72,3,0.65,0.9693668672061997
72,3,0.70,0.9742142863981662
72,3,0.75,0.9633609928003779
72,3,0.80,0.9583707764689702
72,3,0.85,0.9566806490039088
72,3,0.90,0.9513652842503233
72,3,0.95,0.9559583317993354
72,4,0.05,0.19148459882173396
72,4,0.10,0.2723966018554521
72,4,0.15,0.60872582169815
72,4,0.20,0.9816786257947477
72,4,0.25,0.9324116893886422
72,4,0.30,0.9798851304700633
72,4,0.35,0.9568532831410507
72,4,0.40,0.9607013923323671
72,4,0.45,0.9499492608560991
72,4,0.50,0.9633769619825177
72,4,0.55,0.9738879639138754
72,4,0.60,0.9758335970739185
72,4,0.65,0.9731469001861982
72,4,0.70,0.979164830203447
72,4,0.75,0.9694912181548097
72,4,0.80,0.9715720525582954
72,4,0.85,0.9805224926918593
72,4,0.90,0.9794455921837399
72,4,0.95,0.97450717175965
72,5,0.05,0.9785726472330519
72,5,0.10,0.5059842710525664
72,5,0.15,0.9344214185365634
72,5,0.20,0.9177825474050193
72,5,0.25,0.8702803363370786
72,5,0.30,0.9190635816954283
72,5,0.35,0.9462695600857813
72,5,0.40,0.9401428125589583
72,5,0.45,0.9575569535058823
72,5,0.50,0.97693535478035
72,5,0.55,0.9783956779114453
72,5,0.60,0.9749757274007883
72,5,0.65,0.9755611298693213
72,5,0.70,0.9614500135907554
72,5,0.75,0.9778669647245701
72,5,0.80,0.978797917848322
72,5,0.85,0.9828527743690388
72,5,0.90,0.9804359598319811
72,5,0.95,0.9765183301739049
72,6,0.05,0.9432069198915368
72,6,0.10,0.3348703773024454
72,6,0.15,0.9363675357393582
72,6,0.20,0.8847634266472093
72,6,0.25,0.9518317089993917
72,6,0.30,0.77523517398822
72,6,0.35,0.9751066138755479
72,6,0.40,0.9498438080494153
72,6,0.45,0.9713401545103713
72,6,0.50,0.9860455876481387
72,6,0.55,0.95359912725102
72,6,0.60,0.9653823092495553
72,6,0.65,0.9161092054840867
72,6,0.70,0.971289811773159
72,6,0.75,0.9544633129565319
72,6,0.80,0.9717133986056637
72,6,0.85,0.9713366479706934
72,6,0.90,0.9666251382074252
72,6,0.95,0.9576378077685946
72,7,0.05,0.4059559870964222
72,7,0.10,0.5280596965571103
72,7,0.15,0.9600817484195462
72,7,0.20,0.9102291138374159
72,7,0.25,0.7117893787134754
72,7,0.30,0.9690274044874572
72,7,0.35,0.9691460459339294
72,7,0.40,0.9486375727849561
72,7,0.45,0.974988018248584
72,7,0.50,0.9795015022006218
72,7,0.55,0.965457942305908
72,7,0.60,0.9727796197891473
72,7,0.65,0.9750566838475647
72,7,0.70,0.9794018082327569
72,7,0.75,0.9868133790647775
72,7,0.80,0.9876693551543263
72,7,0.85,0.9760612099332996
72,7,0.90,0.9744312313858501
72,7,0.95,0.9724811555958797
72,8,0.05,0.6160256665256081
72,8,0.10,0.6914793032495148
72,8,0.15,0.9649512112675382
72,8,0.20,0.9367627514079029
72,8,0.25,0.9398486674888337
72,8,0.30,0.9131478360851802
72,8,0.35,0.918727257750323
72,8,0.40,0.956877245168955
72,8,0.45,0.9702498422294166
72,8,0.50,0.9535103255769634
72,8,0.55,0.9699782522878518
72,8,0.60,0.9770941511980475
72,8,0.65,0.9770910604731263
72,8,0.70,0.974337704723409
72,8,0.75,0.9822768422167965
72,8,0.80,0.9705600429307769
72,8,0.85,0.973599219436286
72,8,0.90,0.9836116369706642
72,8,0.95,0.9785172308960277
72,9,0.05,0.35181448441545926
72,9,0.10,0.7280433381416811
72,9,0.15,0.9350336106927641
72,9,0.20,0.8938026961145127
72,9,0.25,0.9235068719225344
72,9,0.30,0.9356533454784781
72,9,0.35,0.9502442631683276
72,9,0.40,0.9678548531973125
72,9,0.45,0.9640427905682815
72,9,0.50,0.983449359049781
72,9,0.55,0.9724558659539769
72,9,0.60,0.9848838144633475
72,9,0.65,0.9792599765191948
72,9,0.70,0.9738747566074912
72,9,0.75,0.9696741702896199
72,9,0.80,0.9802492271773746
72,9,0.85,0.9687928068486147
72,9,0.90,0.9790422642612471
72,9,0.95,0.9848551552807688
73,0,0.05,-1.9764750865632639
73,0,0.10,0.7908405010741886
73,0,0.15,0.8985189059374845
73,0,0.20,0.8059877749034632
73,0,0.25,0.9532486039281147
73,0,0.30,0.9626797188997914
73,0,0.35,0.9562873940706305
73,0,0.40,0.9725067929528012
73,0,0.45,0.9359796465957312
73,0,0.50,0.9339660404631366
73,0,0.55,0.9790949491002595
73,0,0.60,0.9718803058919859
73,0,0.65,0.9681861257451956
73,0,0.70,0.9704796488094327
73,0,0.75,0.9688428916362911
73,0,0.80,0.9650926761448163
73,0,0.85,0.9764079820741048
73,0,0.90,0.9746235474240528
73,0,0.95,0.9755787237683714
73,1,0.05,0.5886962664198497
73,1,0.10,0.88684738919869
73,1,0.15,0.9452577082113337
73,1,0.20,0.9134127346581484
73,1,0.25,0.5488449612425654
73,1,0.30,0.8627930160102948
73,1,0.35,0.9543434748417192
73,1,0.40,0.9621984644752594
73,1,0.45,0.966465328154076
73,1,0.50,0.94010758186403
73,1,0.55,0.9843046985330108
73,1,0.60,0.9850982075526116
73,1,0.65,0.9711260955608835
73,1,0.70,0.9815065375850556
73,1,0.75,0.9739713303012708
73,1,0.80,0.9585156200323053
73,1,0.85,0.9745726896776387
73,1,0.90,0.9411247353399214
73,1,0.95,0.986445381719342
73,2,0.05,0.9330855382025333
73,2,0.10,0.9425740721375266
73,2,0.15,0.5806519716383929
73,2,0.20,0.9483842992453343
73,2,0.25,0.9115863911703573
73,2,0.30,0.9479013321122404
73,2,0.35,0.974702987706488
73,2,0.40,0.9638129585835666
73,2,0.45,0.9682263758205222
73,2,0.50,0.9770440038696306
73,2,0.55,0.9908295174861104
73,2,0.60,0.9781090820989907
73,2,0.65,0.9588751633879831
73,2,0.70,0.9738640186692255
73,2,0.75,0.9814729075927809
73,2,0.80,0.9718492145895784
73,2,0.85,0.9750091558694945
73,2,0.90,0.9745455981161472
73,2,0.95,0.9699869590452095
73,3,0.05,-0.22133473653809665
73,3,0.10,0.48318583984284846
73,3,0.15,0.8840357125554261
73,3,0.20,0.2802400643036901
73,3,0.25,0.8238881694166007
73,3,0.30,0.9348157486666434
73,3,0.35,0.9358473357858669
73,3,0.40,0.9604283293199315
73,3,0.45,0.9504016645650825
73,3,0.50,0.9503767990866235
73,3,0.55,0.9816281234236981
73,3,0.60,0.9579858538749291
73,3,0.65,0.9557507338679705
73,3,0.70,0.9734118928069144
73,3,0.75,0.966549705350933
73,3,0.80,0.9757005510708147
73,3,0.85,0.9561674142055111
73,3,0.90,0.9714459048593557
73,3,0.95,0.9682336781206341
73,4,0.05,0.8551486458019109
73,4,0.10,0.6200409062946188
73,4,0.15,0.8940196553678394
73,4,0.20,0.8457873470959054
73,4,0.25,0.8831064147620202
73,4,0.30,0.8507943913465432
73,4,0.35,0.9673651615264176
73,4,0.40,0.9311997964986208
73,4,0.45,0.9553403947347042
73,4,0.50,0.9627224795257083
73,4,0.55,0.9738640597887777
73,4,0.60,0.9761263201392525
73,4,0.65,0.9596851476051381
73,4,0.70,0.9737306522002644
73,4,0.75,0.9709851007419414
73,4,0.80,0.9670041906642645
73,4,0.85,0.9823324612911577
73,4,0.90,0.9771766131077293
73,4,0.95,0.9689971078922556
73,5,0.05,0.6688860493957605
73,5,0.10,0.9164318742389558
73,5,0.15,0.7469204451013502
73,5,0.20,0.9612205673917151
73,5,0.25,0.9851851111078558
73,5,0.30,0.7953504808563556
73,5,0.35,0.962703408741211
73,5,0.40,0.9694428432444259
73,5,0.45,0.9626832966948877
73,5,0.50,0.9346974432511722
73,5,0.55,0.9807278175535612
73,5,0.60,0.9680450986777164
73,5,0.65,0.9769867227569101
73,5,0.70,0.9639365135193597
73,5,0.75,0.9548288692201308
73,5,0.80,0.9809574807615831
73,5,0.85,0.9728882125100815
73,5,0.90,0.9795852934305614
73,5,0.95,0.9741733085908364
73,6,0.05,0.9937481156376039
73,6,0.10,0.9086829898518879
73,6,0.15,0.9229615178925125
73,6,0.20,0.43560881523800243
73,6,0.25,0.5251084400765628
73,6,0.30,0.9396922687617846
73,6,0.35,0.9655962335774678
73,6,0.40,0.9834603202343283
73,6,0.45,0.9630199009375391
73,6,0.50,0.9739032102505526
73,6,0.55,0.979404682395751
73,6,0.60,0.9651318438854524
73,6,0.65,0.9671886555365834
73,6,0.70,0.9753635965382963
73,6,0.75,0.9840000762644674
73,6,0.80,0.979739730695851
73,6,0.85,0.9857497487262025
73,6,0.90,0.9730862451359973
73,6,0.95,0.9777206071944331
73,7,0.05,-0.7589011991572268
73,7,0.10,0.7884149505579486
73,7,0.15,0.9196156263341746
73,7,0.20,0.9626262566038863
73,7,0.25,0.9569117322495461
73,7,0.30,0.9604675968126535
73,7,0.35,0.972177527025626
73,7,0.40,0.9323000689045112
73,7,0.45,0.9687346625463342
73,7,0.50,0.9418472955994153
73,7,0.55,0.9701590760490583
73,7,0.60,0.9535018189831281
73,7,0.65,0.9762559048004446
73,7,0.70,0.9668124180043608
73,7,0.75,0.9472097238636565
73,7,0.80,0.9506755425714379
73,7,0.85,0.9732194143432733
73,7,0.90,0.959220658960593
73,7,0.95,0.9310536087504511
73,8,0.05,0.19366990739399892
73,8,0.10,0.8817359097189241
73,8,0.15,0.9594361469918844
73,8,0.20,0.9440986955364543
73,8,0.25,0.3649497789745557
73,8,0.30,0.9314097519717561
73,8,0.35,0.8765661138783278
73,8,0.40,0.9398501609546781
73,8,0.45,0.968278828263756
73,8,0.50,0.9613229957961097
73,8,0.55,0.984825806966704
73,8,0.60,0.9842262550804357
73,8,0.65,0.9725557391605503
73,8,0.70,0.9811619004778409
73,8,0.75,0.9764969969823705
73,8,0.80,0.9755632705177893
73,8,0.85,0.9746326244993078
73,8,0.90,0.9606875883920706
73,8,0.95,0.9724871132027763
73,9,0.05,0.9287177504808493
73,9,0.10,0.8797041136478353
73,9,0.15,0.8183885136187524
73,9,0.20,0.9262154608671168
73,9,0.25,0.8639400574916754
73,9,0.30,0.8243893057378364
73,9,0.35,0.7318580765416235
73,9,0.40,0.9399997159492756
73,9,0.45,0.9544224279787847
73,9,0.50,0.9576591274520935
73,9,0.55,0.9751762003057337
73,9,0.60,0.9460041459988379
73,9,0.65,0.9819326671950003
73,9,0.70,0.9797994438753226
73,9,0.75,0.96805125627378
73,9,0.80,0.9738986050802538
73,9,0.85,0.980725838824087
73,9,0.90,0.9751077102964243
73,9,0.95,0.9772242778095505
74,0,0.05,0.19090076504115172
74,0,0.10,0.8783857476889033
74,0,0.15,0.8151815676427224
74,0,0.20,0.9048615917061851
74,0,0.25,0.9433831762045513
74,0,0.30,0.9328245056878761
74,0,0.35,0.9574327017428885
74,0,0.40,0.9383431864732983
74,0,0.45,0.9330182995272444
74,0,0.50,0.9664665805324427
74,0,0.55,0.9493360683586693
74,0,0.60,0.9784200901716744
74,0,0.65,0.978554183075841
74,0,0.70,0.9879127533513721
74,0,0.75,0.9868171103120745
74,0,0.80,0.9566635701674284
74,0,0.85,0.9726589298194164
74,0,0.90,0.9863500271822003
74,0,0.95,0.9689063622328131
74,1,0.05,0.9496322128795459
74,1,0.10,0.8601195113717444
74,1,0.15,0.9366010039102332
74,1,0.20,0.8787678878093863
74,1,0.25,0.7750430425547264
74,1,0.30,0.9594119415841454
74,1,0.35,0.9674264236290075
74,1,0.40,0.9843403270037996
74,1,0.45,0.9434002264305891
74,1,0.50,0.9181920966652873
74,1,0.55,0.9462435905357577
74,1,0.60,0.9754701071591341
74,1,0.65,0.9488842947068472
74,1,0.70,0.9589822801930028
74,1,0.75,0.9736442942270384
74,1,0.80,0.9704393321362067
74,1,0.85,0.9587605607475331
74,1,0.90,0.9721449558001556
74,1,0.95,0.960175569746129
74,2,0.05,0.8841058592922537
74,2,0.10,-1.5657826382907771
74,2,0.15,0.9227051235868851
74,2,0.20,0.8467461729661393
74,2,0.25,0.9397845745764533
74,2,0.30,0.9555264038550687
74,2,0.35,0.9592848782069677
74,2,0.40,0.9516321432984594
74,2,0.45,0.9731327787487377
74,2,0.50,0.9727497269012809
74,2,0.55,0.9648026757919108
74,2,0.60,0.9792956371711261
74,2,0.65,0.9630586218806575
74,2,0.70,0.9703283148187164
74,2,0.75,0.9451855030832255
74,2,0.80,0.9844049455559847
74,2,0.85,0.973474975451406
74,2,0.90,0.9748394629117535
74,2,0.95,0.9791186733568701
74,3,0.05,0.98340302427847
74,3,0.10,0.3903245864529774
74,3,0.15,0.9173959736871453
74,3,0.20,0.9667489660611106
74,3,0.25,0.8226490622104127
74,3,0.30,0.9741828887784542
74,3,0.35,0.9664508092915801
74,3,0.40,0.9552158641982067
74,3,0.45,0.9434675574990165
74,3,0.50,0.9686996728310159
74,3,0.55,0.964337725041687
74,3,0.60,0.9514834354492601
74,3,0.65,0.9629177484488198
74,3,0.70,0.9817343819557112
74,3,0.75,0.9792780697210899
74,3,0.80,0.9744790523562589
74,3,0.85,0.9781626393275089
74,3,0.90,0.989856226585069
74,3,0.95,0.9653274772272541
74,4,0.05,-2.2902064595744527
74,4,0.10,0.5968435018525422
74,4,0.15,0.6790326582556296
74,4,0.20,0.9696071393172762
74,4,0.25,0.9325472689821284
74,4,0.30,0.9343781959845522
74,4,0.35,0.9299391080999112
74,4,0.40,0.9658587160192282
74,4,0.45,0.9569561332362282
74,4,0.50,0.907061687353869
74,4,0.55,0.9898115650690646
74,4,0.60,0.9765922413008852
74,4,0.65,0.95904193148516
74,4,0.70,0.9688229923820728
74,4,0.75,0.9775478040232097
74,4,0.80,0.9726863412639709
74,4,0.85,0.9646069306255832
74,4,0.90,0.968795544816824
74,4,0.95,0.9801662670231018
74,5,0.05,0.09610713942770199
74,5,0.10,0.9791446292402232
74,5,0.15,0.9263531920514927
74,5,0.20,0.8769402612081186
74,5,0.25,0.9192926004925152
74,5,0.30,0.9487173321545799
74,5,0.35,0.9663881845255164
74,5,0.40,0.972010835840173
74,5,0.45,0.960095142112923
74,5,0.50,0.9652659870616133
74,5,0.55,0.9725440679811974
74,5,0.60,0.9725883065542912
74,5,0.65,0.8977256484384815
74,5,0.70,0.9724237953798144
74,5,0.75,0.9731442791377852
74,5,0.80,0.966683965062011
74,5,0.85,0.9818419290649244
74,5,0.90,0.971502766564811
74,5,0.95,0.973888034264731
74,6,0.05,0.9609672474957993
74,6,0.10,0.5061870149500297
74,6,0.15,0.9391326480774426
74,6,0.20,0.9621258356734403
74,6,0.25,0.9451913172996376
74,6,0.30,0.9413445746143745
74,6,0.35,0.9505984176453324
74,6,0.40,0.9698895590093826
74,6,0.45,0.9511648774842996
74,6,0.50,0.9794613882190193
74,6,0.55,0.9667522579841217
74,6,0.60,0.9344926294143121
74,6,0.65,0.9622707832506738
74,6,0.70,0.9763042737768711
74,6,0.75,0.9571301014225518
74,6,0.80,0.9819194988610317
74,6,0.85,0.969942413858842
74,6,0.90,0.9521663038888862
74,6,0.95,0.9818655889048695
74,7,0.05,0.8025944416598787
74,7,0.10,0.778102829197667
74,7,0.15,0.8568402308585391
74,7,0.20,0.8807075922451921
74,7,0.25,0.9466612857648162
74,7,0.30,0.9186906050397398
74,7,0.35,0.9499070238600721
74,7,0.40,0.9822245409312239
74,7,0.45,0.9740963668124034
74,7,0.50,0.9677648782878343
74,7,0.55,0.9762404180455244
74,7,0.60,0.961853486340542
74,7,0.65,0.97868140570621
74,7,0.70,0.9240856386909658
74,7,0.75,0.9644526146935462
74,7,0.80,0.9572440366142297
74,7,0.85,0.9515085572682881
74,7,0.90,0.9685018842884431
74,7,0.95,0.9720471818501917
74,8,0.05,0.26899268352270833
74,8,0.10,0.9677170041130716
74,8,0.15,0.9371165704838272
74,8,0.20,0.8943467841656977
74,8,0.25,0.9409974873262552
74,8,0.30,0.9755195754051306
74,8,0.35,0.9480244151246915
74,8,0.40,0.9623457790106915
74,8,0.45,0.9281099381377678
74,8,0.50,0.9512817445723742
74,8,0.55,0.9573313601810295
74,8,0.60,0.9666745764950518
74,8,0.65,0.9589426369424529
74,8,0.70,0.9725099248592703
74,8,0.75,0.9850745842977702
74,8,0.80,0.9705955178455109
74,8,0.85,0.9767005451612936
74,8,0.90,0.9822701756573681
74,8,0.95,0.9768184903186599
74,9,0.05,0.19541420447560798
74,9,0.10,0.9380202013422096
74,9,0.15,0.9340386222572409
74,9,0.20,0.9721428094703417
74,9,0.25,0.9717542858550144
74,9,0.30,0.9377218842515371
74,9,0.35,0.829864613006569
74,9,0.40,0.9448605496664698
74,9,0.45,0.9501776632413901
74,9,0.50,0.9499306098285247
74,9,0.55,0.9727610710318046
74,9,0.60,0.9680457294851279
74,9,0.65,0.9558478885511019
74,9,0.70,0.9512123127300749
74,9,0.75,0.9800927983907823
74,9,0.80,0.9850837428537607
74,9,0.85,0.9183979251386651
74,9,0.90,0.9764799338967914
74,9,0.95,0.960821145941328
75,0,0.05,0.8121717272026125
75,0,0.10,0.723028700594124
75,0,0.15,0.8661258885756329
75,0,0.20,0.9246620541655963
75,0,0.25,0.9451420618281821
75,0,0.30,0.9578607646941953
75,0,0.35,0.9540769935050236
75,0,0.40,0.9606571653651597
75,0,0.45,0.9581792914207099
75,0,0.50,0.9699605168809393
75,0,0.55,0.9621362248936505
75,0,0.60,0.9852383351889228
75,0,0.65,0.9862527591225491
75,0,0.70,0.9840690920857247
75,0,0.75,0.9763851423352037
75,0,0.80,0.9858205422654086
75,0,0.85,0.9834478896048562
75,0,0.90,0.984352603533121
75,0,0.95,0.9815570745020867
75,1,0.05,0.6108997429567666
75,1,0.10,0.8059678817324148
75,1,0.15,0.9562171606816173
75,1,0.20,0.9376199485813389
75,1,0.25,0.948492642218689
75,1,0.30,0.9698678660672627
75,1,0.35,0.964911443824391
75,1,0.40,0.9539286647978472
75,1,0.45,0.9713103982438527
75,1,0.50,0.9704429771475706
75,1,0.55,0.9599853954376494
75,1,0.60,0.9532859019493414
75,1,0.65,0.9781077263987463
75,1,0.70,0.9770646957637891
75,1,0.75,0.9763336150569766
75,1,0.80,0.9772306843041741
75,1,0.85,0.9826104125501716
75,1,0.90,0.9724490427986432
75,1,0.95,0.9764469268702214
75,2,0.05,0.7301906019268215
75,2,0.10,0.6589546777674193
75,2,0.15,0.9519539684714104
75,2,0.20,0.9538231784310492
75,2,0.25,0.886110817834572
75,2,0.30,0.9647233410976566
75,2,0.35,0.9687561921990803
75,2,0.40,0.9552358128990965
75,2,0.45,0.9743546444070992
75,2,0.50,0.9725189979537516
75,2,0.55,0.9649730159712099
75,2,0.60,0.967332594526077
75,2,0.65,0.9767703343869814
75,2,0.70,0.9773399023712059
75,2,0.75,0.988613267772378
75,2,0.80,0.9639705217258572
75,2,0.85,0.9671847565334278
75,2,0.90,0.9765728572419355
75,2,0.95,0.9754512969568212
75,3,0.05,0.9811799545281215
75,3,0.10,0.8726387564690291
75,3,0.15,0.8690966592947824
75,3,0.20,0.9492057469982667
75,3,0.25,0.8872481480504462
75,3,0.30,0.9835638905042741
75,3,0.35,0.9783223556457692
75,3,0.40,0.964330434388863
75,3,0.45,0.9805141906885182
75,3,0.50,0.969116476656494
75,3,0.55,0.9743023352555698
75,3,0.60,0.983584792865079
75,3,0.65,0.9722193502771578
75,3,0.70,0.9522267510301029
75,3,0.75,0.9558167779334508
75,3,0.80,0.9770822605904692
75,3,0.85,0.9718182732453846
75,3,0.90,0.9764931127034642
75,3,0.95,0.9754079553422982
75,4,0.05,0.6613233490573961
75,4,0.10,0.8031312513164879
75,4,0.15,0.9642680540261683
75,4,0.20,0.9505917035642187
75,4,0.25,0.9042661597774512
75,4,0.30,0.9022211883736838
75,4,0.35,0.9592797258192122
75,4,0.40,0.9141616193245818
75,4,0.45,0.9777436342814151
75,4,0.50,0.9638494856018723
75,4,0.55,0.9794564951711423
75,4,0.60,0.9580696763532849
75,4,0.65,0.959220978834072
75,4,0.70,0.9757155828107706
75,4,0.75,0.9772126865152418
75,4,0.80,0.9759731396270361
75,4,0.85,0.9802152600188982
75,4,0.90,0.9742575172969509
75,4,0.95,0.9779786394934755
75,5,0.05,0.9204230407586399
75,5,0.10,0.8127251301290787
75,5,0.15,0.7941947555934278
75,5,0.20,0.9574545022187517
75,5,0.25,0.9745760201442812
75,5,0.30,0.9772466193242777
75,5,0.35,0.9472383279648027
75,5,0.40,0.9299360849347034
75,5,0.45,0.9699074909047499
75,5,0.50,0.9874823751424321
75,5,0.55,0.991222437372345
75,5,0.60,0.9708279100169988
75,5,0.65,0.9684479203964138
75,5,0.70,0.9748371279132573
75,5,0.75,0.9818567542223323
75,5,0.80,0.9832167125296408
75,5,0.85,0.9832057295089185
75,5,0.90,0.98108868806788
75,5,0.95,0.9756366390002974
75,6,0.05,0.8788050359243904
75,6,0.10,0.9303831178833
75,6,0.15,0.845448659258601
75,6,0.20,0.9766373810249462
75,6,0.25,0.943146288523188
75,6,0.30,0.9529376746721767
75,6,0.35,0.9603408299760219
75,6,0.40,0.9577941963464845
75,6,0.45,0.9697993424180371
75,6,0.50,0.9707639019165729
75,6,0.55,0.9584617736795623
75,6,0.60,0.9847069681394631
75,6,0.65,0.9842876472551169
75,6,0.70,0.987141511003803
75,6,0.75,0.9812338667817143
75,6,0.80,0.9806601082544522
75,6,0.85,0.9684912264050393
75,6,0.90,0.9760870161979558
75,6,0.95,0.9691015108466994
75,7,0.05,0.8555744186760905
75,7,0.10,0.7166558459258734
75,7,0.15,0.9643232193440512
75,7,0.20,0.9551400681597411
75,7,0.25,0.8337744490689023
75,7,0.30,0.8932102959040464
75,7,0.35,0.9679964834359751
75,7,0.40,0.975887887910119
75,7,0.45,0.973683987485083
75,7,0.50,0.9708280980656294
75,7,0.55,0.969010761894783
75,7,0.60,0.955110861628006
75,7,0.65,0.9724533914160577
75,7,0.70,0.9690383163829499
75,7,0.75,0.9764872925083083
75,7,0.80,0.9711512191316465
75,7,0.85,0.9807548351015343
75,7,0.90,0.9674463293967991
75,7,0.95,0.9599896755265283
75,8,0.05,0.3833037249325194
75,8,0.10,0.7569118242322956
75,8,0.15,0.9456201533543391
75,8,0.20,0.9010704627637881
75,8,0.25,0.8584582344944722
75,8,0.30,0.9634837528621379
75,8,0.35,0.9713097982579973
75,8,0.40,0.9571399513988648
75,8,0.45,0.9617010163060847
75,8,0.50,0.9655612826184587
75,8,0.55,0.9611437923520958
75,8,0.60,0.9632204879401592
75,8,0.65,0.9685966583017022
75,8,0.70,0.9732516215665297
75,8,0.75,0.9782637588912606
75,8,0.80,0.9842205864579394
75,8,0.85,0.9805265441964105
75,8,0.90,0.9588491605492754
75,8,0.95,0.9867481508566859
75,9,0.05,0.9593985932097852
75,9,0.10,0.9388277271639305
75,9,0.15,0.9366080446287283
75,9,0.20,0.931525701898903
75,9,0.25,0.9553767412259573
75,9,0.30,0.965780426105793
75,9,0.35,0.9518123776396089
75,9,0.40,0.9496213761277847
75,9,0.45,0.9775211737272597
75,9,0.50,0.9854091680114407
75,9,0.55,0.9686680267459862
75,9,0.60,0.9654223708024496
75,9,0.65,0.9719555814223728
75,9,0.70,0.9832525910952603
75,9,0.75,0.9722248992335981
75,9,0.80,0.9862134502726949
75,9,0.85,0.9643499579108732
75,9,0.90,0.9730746167661565
75,9,0.95,0.9788207682973508
76,0,0.05,0.8277059705954616
76,0,0.10,0.9345966431584156
76,0,0.15,0.9812469795722796
76,0,0.20,0.7873387413018252
76,0,0.25,0.9484760981657687
76,0,0.30,0.9225209117352983
76,0,0.35,0.9683825854342427
76,0,0.40,0.9527610246391508
76,0,0.45,0.9474143954925176
76,0,0.50,0.9652755425033304
76,0,0.55,0.9569718412463045
76,0,0.60,0.9609803240791268
76,0,0.65,0.9860119041779993
76,0,0.70,0.978064122104776
76,0,0.75,0.9803998953152634
76,0,0.80,0.9870722164577337
76,0,0.85,0.9694851044624112
76,0,0.90,0.9734491505384701
76,0,0.95,0.9824710593134698
76,1,0.05,0.8062201612969058
76,1,0.10,0.7066081190371121
76,1,0.15,0.8943489171639637
76,1,0.20,0.8974289209168397
76,1,0.25,0.8645589873779267
76,1,0.30,0.9142158476418436
76,1,0.35,0.9563670795787932
76,1,0.40,0.9727881038573741
76,1,0.45,0.9711362256224062
76,1,0.50,0.9627687284568683
76,1,0.55,0.9718081338085816
76,1,0.60,0.9770214685404772
76,1,0.65,0.9688963947197734
76,1,0.70,0.955364499905829
76,1,0.75,0.9786743071216004
76,1,0.80,0.9543599768543155
76,1,0.85,0.9786402314671409
76,1,0.90,0.9663152883187555
76,1,0.95,0.9543153394306021
76,2,0.05,0.6288031866749018
76,2,0.10,0.6772542503236724
76,2,0.15,0.9598098346394988
76,2,0.20,0.9738279371478209
76,2,0.25,0.9398827204914377
76,2,0.30,0.9870806988718349
76,2,0.35,0.9582363280224968
76,2,0.40,0.9695206429139968
76,2,0.45,0.9710451329159424
76,2,0.50,0.9635050445280686
76,2,0.55,0.9805537664041094
76,2,0.60,0.9672078010835146
76,2,0.65,0.9738209544580197
76,2,0.70,0.9748445892099622
76,2,0.75,0.9795907879948901
76,2,0.80,0.9611931403763857
76,2,0.85,0.9693547726436659
76,2,0.90,0.9614768768885507
76,2,0.95,0.9594864605795199
76,3,0.05,0.7338521878527418
76,3,0.10,0.032414380996041214
76,3,0.15,0.8542264412845293
76,3,0.20,0.8805158016133807
76,3,0.25,0.945907310750862
76,3,0.30,0.8505148081153245
76,3,0.35,0.9790001081695545
76,3,0.40,0.9412992535326118
76,3,0.45,0.9808807421119462
76,3,0.50,0.9754048199273665
76,3,0.55,0.9581135527984583
76,3,0.60,0.972627623179536
76,3,0.65,0.9741842720500977
76,3,0.70,0.9795071895312574
76,3,0.75,0.9765883545254621
76,3,0.80,0.9278023802106927
76,3,0.85,0.930072464775354
76,3,0.90,0.9120605896757792
76,3,0.95,0.9320825613669972
76,4,0.05,0.5689971677871479
76,4,0.10,0.7203636560183451
76,4,0.15,0.9463861813811302
76,4,0.20,0.8925658371433995
76,4,0.25,0.864176367473841
76,4,0.30,0.9474160449781048
76,4,0.35,0.9399802595800112
76,4,0.40,0.9288943105874485
76,4,0.45,0.934770411679914
76,4,0.50,0.969664787956928
76,4,0.55,0.9664378220469604
76,4,0.60,0.9723701524741274
76,4,0.65,0.9564758868591093
76,4,0.70,0.9722453720179384
76,4,0.75,0.9838214019717827
76,4,0.80,0.9766265602532052
76,4,0.85,0.953704653945855
76,4,0.90,0.9640918547193555
76,4,0.95,0.9784837860196169
76,5,0.05,0.4185261244133589
76,5,0.10,0.03881952296887947
76,5,0.15,0.8443364772186939
76,5,0.20,0.9585356963141833
76,5,0.25,0.9653854259439216
76,5,0.30,0.8296411516096951
76,5,0.35,0.9708262383492546
76,5,0.40,0.9518513047906692
76,5,0.45,0.9498819929754841
76,5,0.50,0.9207742198305213
76,5,0.55,0.9472023878409471
76,5,0.60,0.9631050365490288
76,5,0.65,0.9770598134649076
76,5,0.70,0.9775622414367552
76,5,0.75,0.9716812880643849
76,5,0.80,0.9716614549595648
76,5,0.85,0.9689160833796541
76,5,0.90,0.9730387184784569
76,5,0.95,0.9750763395785679
76,6,0.05,0.9693765417620753
76,6,0.10,0.6801452219411763
76,6,0.15,0.9807268386197173
76,6,0.20,0.8517285161930365
76,6,0.25,0.9332203090159741
76,6,0.30,0.9681341234922546
76,6,0.35,0.9683751520659905
76,6,0.40,0.9646308175679426
76,6,0.45,0.9624726429571046
76,6,0.50,0.9620920776135506
76,6,0.55,0.9522547381836808
76,6,0.60,0.98165753182245
76,6,0.65,0.9879105422180754
76,6,0.70,0.9914052961954626
76,6,0.75,0.9807821133755149
76,6,0.80,0.9686346460987276
76,6,0.85,0.9765069843014051
76,6,0.90,0.9535233800563362
76,6,0.95,0.9742564389130796
76,7,0.05,0.7944846192088022
76,7,0.10,0.8724342423846364
76,7,0.15,0.8704678658379531
76,7,0.20,0.8727407696768895
76,7,0.25,0.9742553018168206
76,7,0.30,0.9584967539528959
76,7,0.35,0.9016318536711405
76,7,0.40,0.9223845809630162
76,7,0.45,0.9786195392755649
76,7,0.50,0.977210809182803
76,7,0.55,0.9390462754821641
76,7,0.60,0.9708855071708924
76,7,0.65,0.9728215425133903
76,7,0.70,0.9794036393597327
76,7,0.75,0.9672821841029158
76,7,0.80,0.9688607794158947
76,7,0.85,0.9776605103906835
76,7,0.90,0.9766386755848153
76,7,0.95,0.9714014580187575
76,8,0.05,0.7481638732304161
76,8,0.10,0.7367057290604834
76,8,0.15,0.7059973167923441
76,8,0.20,0.8336249262993392
76,8,0.25,0.9246634646441595
76,8,0.30,0.9414651797048366
76,8,0.35,0.9223370858465494
76,8,0.40,0.9774311975310607
76,8,0.45,0.9560095688870182
76,8,0.50,0.9679922790394776
76,8,0.55,0.9719210873274959
76,8,0.60,0.9697174316123667
76,8,0.65,0.9805905024077445
76,8,0.70,0.966220532029785
76,8,0.75,0.9646724818072119
76,8,0.80,0.9733582070875064
76,8,0.85,0.9661045172966239
76,8,0.90,0.9692825291254685
76,8,0.95,0.9715280416836305
76,9,0.05,0.9733244597458702
76,9,0.10,0.9832080684575846
76,9,0.15,0.9244487836169285
76,9,0.20,0.952882062239487
76,9,0.25,0.9739750052752607
76,9,0.30,0.9660031441293703
76,9,0.35,0.9405548897794517
76,9,0.40,0.9749592707641349
76,9,0.45,0.9545099748437026
76,9,0.50,0.9740489372617886
76,9,0.55,0.879162941418705
76,9,0.60,0.9594430888329534
76,9,0.65,0.9695071516067149
76,9,0.70,0.9815129827072213
76,9,0.75,0.9817830511201376
76,9,0.80,0.9656435492240192
76,9,0.85,0.980958657720752
76,9,0.90,0.9742017364839689
76,9,0.95,0.9795687702518125
77,0,0.05,0.8535710702723118
77,0,0.10,0.841218371038271
77,0,0.15,0.9201082073922842
77,0,0.20,0.6091955306598198
77,0,0.25,0.9283329197984203
77,0,0.30,0.9542828639235497
77,0,0.35,0.9635747298813384
77,0,0.40,0.9779178543567626
77,0,0.45,0.9590262395926978
77,0,0.50,0.9747713087193146
77,0,0.55,0.9768152861678555
77,0,0.60,0.9900070914837947
77,0,0.65,0.9749577289923252
77,0,0.70,0.9733617493311303
77,0,0.75,0.9725947529441571
77,0,0.80,0.9784900973242161
77,0,0.85,0.9843629389873128
77,0,0.90,0.9814298188861516
77,0,0.95,0.9844540312045166
77,1,0.05,0.8241493632170853
77,1,0.10,0.6832772022666928
77,1,0.15,0.8572153370621098
77,1,0.20,0.9667581363479577
77,1,0.25,0.9021095364221566
77,1,0.30,0.826691636227828
77,1,0.35,0.9673435354350325
77,1,0.40,0.9724755028838529
77,1,0.45,0.9640303810022386
77,1,0.50,0.9680568350521604
77,1,0.55,0.9787911613715853
77,1,0.60,0.9845664885755662
77,1,0.65,0.9891497533158206
77,1,0.70,0.984042684624086
77,1,0.75,0.9515374968404693
77,1,0.80,0.948057428356915
77,1,0.85,0.9675243220197878
77,1,0.90,0.9777402820511698
77,1,0.95,0.9645512029618278
77,2,0.05,0.9678615442353573
77,2,0.10,0.9574303760856705
77,2,0.15,0.8080963606415156
77,2,0.20,0.8182618893371777
77,2,0.25,0.8354296833778114
77,2,0.30,0.8824184526697796
77,2,0.35,0.8730467319338253
77,2,0.40,0.9745953973084219
77,2,0.45,0.9482950059052004
77,2,0.50,0.9651095757425582
77,2,0.55,0.9883857385031519
77,2,0.60,0.9698273271428051
77,2,0.65,0.9654674042637434
77,2,0.70,0.9690879132263555
77,2,0.75,0.9766842239965797
77,2,0.80,0.9771240906140854
77,2,0.85,0.9673320537594117
77,2,0.90,0.9704416370913318
77,2,0.95,0.9793271834923033
77,3,0.05,0.8745109917536528
77,3,0.10,0.9276750538415306
77,3,0.15,0.7895083091238437
77,3,0.20,0.7331786551794754
77,3,0.25,0.9519251257796324
77,3,0.30,0.7912142764424008
77,3,0.35,0.952462246112297
77,3,0.40,0.9029749166130311
77,3,0.45,0.9411604687265458
77,3,0.50,0.9684204253889018
77,3,0.55,0.9711668636031153
77,3,0.60,0.9494271386328589
77,3,0.65,0.9670668252403944
77,3,0.70,0.9678605261962849
77,3,0.75,0.9777850249579729
77,3,0.80,0.9725037094243549
77,3,0.85,0.9661573553596076
77,3,0.90,0.9786898688515715
77,3,0.95,0.9688072850342662
77,4,0.05,0.9309212739278293
77,4,0.10,0.9002886195306609
77,4,0.15,0.7972200529285418
77,4,0.20,0.7142398331621644
77,4,0.25,0.9126510348061512
77,4,0.30,0.9023619070808978
77,4,0.35,0.8782548740129524
77,4,0.40,0.8960329290696439
77,4,0.45,0.9737035408812147
77,4,0.50,0.9742800299023742
77,4,0.55,0.9839411702122033
77,4,0.60,0.9842653292062951
77,4,0.65,0.9730443598846664
77,4,0.70,0.9548593003052767
77,4,0.75,0.976488799391221
77,4,0.80,0.9894232551367009
77,4,0.85,0.9848580445848716
77,4,0.90,0.9764576278427058
77,4,0.95,0.9656564047606315
77,5,0.05,0.9265737309598657
77,5,0.10,0.4862151957372871
77,5,0.15,0.8096275852216288
77,5,0.20,0.9919460666125429
77,5,0.25,0.962070574823117
77,5,0.30,0.8174431983297493
77,5,0.35,0.8622980262438686
77,5,0.40,0.9030978088606281
77,5,0.45,0.9544603669393769
77,5,0.50,0.9750233704086041
77,5,0.55,0.9673132113784367
77,5,0.60,0.9646905158204906
77,5,0.65,0.9807083349404369
77,5,0.70,0.960149721371461
77,5,0.75,0.9730400793673748
77,5,0.80,0.9843145578861765
77,5,0.85,0.9854416738478554
77,5,0.90,0.9869743034606728
77,5,0.95,0.9773893031586608
77,6,0.05,0.9859662451022979
77,6,0.10,0.8667057583925453
77,6,0.15,0.9684497450233037
77,6,0.20,0.809336264940458
77,6,0.25,0.9563176029863698
77,6,0.30,0.8349148371691227
77,6,0.35,0.7709815166458579
77,6,0.40,0.9809786199153805
77,6,0.45,0.9564164041866694
77,6,0.50,0.9854243550949154
77,6,0.55,0.9837979735477238
77,6,0.60,0.9913557738156936
77,6,0.65,0.9891375551665555
77,6,0.70,0.9940610778930472
77,6,0.75,0.9785082400246616
77,6,0.80,0.987429319334603
77,6,0.85,0.9642406337319508
77,6,0.90,0.9782901974907964
77,6,0.95,0.9755648877063919
77,7,0.05,-0.3396419749224473
77,7,0.10,0.9107972528521593
77,7,0.15,0.7677205925162729
77,7,0.20,0.9097139498205291
77,7,0.25,0.9116245195879198
77,7,0.30,0.8360951898176477
77,7,0.35,0.9705395606506088
77,7,0.40,0.9547999271685832
77,7,0.45,0.9595481146715348
77,7,0.50,0.9866285844524673
77,7,0.55,0.9725320313392704
77,7,0.60,0.9712621842602642
77,7,0.65,0.9750671203439242
77,7,0.70,0.9642527117832458
77,7,0.75,0.9711223154160827
77,7,0.80,0.9524039584461303
77,7,0.85,0.9380484029656208
77,7,0.90,0.9850765993249574
77,7,0.95,0.979662100389422
77,8,0.05,0.9737832481666461
77,8,0.10,0.7516193195234561
77,8,0.15,0.7618763215278567
77,8,0.20,0.8557439691213008
77,8,0.25,0.8900853783022077
77,8,0.30,0.9733895404054127
77,8,0.35,0.9331328403747419
77,8,0.40,0.9360813335135818
77,8,0.45,0.9467264647761385
77,8,0.50,0.9686716409982606
77,8,0.55,0.9678500077362664
77,8,0.60,0.9767232086412317
77,8,0.65,0.9813614150944178
77,8,0.70,0.9820291082136613
77,8,0.75,0.964839134126583
77,8,0.80,0.9369959837327623
77,8,0.85,0.975215035228916
77,8,0.90,0.9600601814019403
77,8,0.95,0.9832713070016911
77,9,0.05,0.8634756966684987
77,9,0.10,0.3937235995555298
77,9,0.15,0.9310882402568281
77,9,0.20,0.9717063479796227
77,9,0.25,0.9732192401418667
77,9,0.30,0.9522149478314222
77,9,0.35,0.9750372594550171
77,9,0.40,0.9858228684517791
77,9,0.45,0.9463266104347512
77,9,0.50,0.9658023385121098
77,9,0.55,0.9759812390492386
77,9,0.60,0.9732685807149651
77,9,0.65,0.9843218840347857
77,9,0.70,0.9735001239046439
77,9,0.75,0.9829693558712693
77,9,0.80,0.9717855031368884
77,9,0.85,0.9735630512674418
77,9,0.90,0.9760223687027287
77,9,0.95,0.9817408555628907
78,0,0.05,0.1855599282052437
78,0,0.10,0.9191072954600462
78,0,0.15,0.5824481255223998
78,0,0.20,0.945234900778091
78,0,0.25,0.9499513881270856
78,0,0.30,0.9628223852320426
78,0,0.35,0.9434352071448867
78,0,0.40,0.9630926775787839
78,0,0.45,0.9552037012640218
78,0,0.50,0.9661234233025353
78,0,0.55,0.9729572621577999
78,0,0.60,0.9646820267033928
78,0,0.65,0.9813587046291296
78,0,0.70,0.9845310961697551
78,0,0.75,0.9874194469224633
78,0,0.80,0.9740146047217451
78,0,0.85,0.9780334646617272
78,0,0.90,0.9812577069313455
78,0,0.95,0.9892710469763366
78,1,0.05,0.9414995100047462
78,1,0.10,0.6989932663316607
78,1,0.15,0.8038098771015454
78,1,0.20,0.8874731726547533
78,1,0.25,0.9012308320449685
78,1,0.30,0.9597475888347222
78,1,0.35,0.9714071829473868
78,1,0.40,0.9693760764206475
78,1,0.45,0.9730457300077073
78,1,0.50,0.9573588214921344
78,1,0.55,0.9624394727224153
78,1,0.60,0.9713060478478737
78,1,0.65,0.9798224962796583
78,1,0.70,0.9694259306710383
78,1,0.75,0.9766777384425718
78,1,0.80,0.9800764041871599
78,1,0.85,0.9673236411111459
78,1,0.90,0.967997677438249
78,1,0.95,0.9639643461348548
78,2,0.05,0.2497784039526042
78,2,0.10,0.8890658996063886
78,2,0.15,0.8797327641980457
78,2,0.20,0.8352093790635715
78,2,0.25,0.9729806387664449
78,2,0.30,0.9653973637458113
78,2,0.35,0.9570338123546067
78,2,0.40,0.9421230308195914
78,2,0.45,0.9294988409746617
78,2,0.50,0.9366427574590289
78,2,0.55,0.956174867212789
78,2,0.60,0.9717873239925375
78,2,0.65,0.9537988266667852
78,2,0.70,0.9842950980085038
78,2,0.75,0.9745272772021393
78,2,0.80,0.9842498492560254
78,2,0.85,0.9821214495486575
78,2,0.90,0.9854173343962751
78,2,0.95,0.9835680436367026
78,3,0.05,0.8122863572320997
78,3,0.10,0.8924718171296204
78,3,0.15,0.8381826306802508
78,3,0.20,0.8712535579840874
78,3,0.25,0.8762214976257434
78,3,0.30,0.9354220095286285
78,3,0.35,0.9521181387291122
78,3,0.40,0.9550917305427202
78,3,0.45,0.8979543267793947
78,3,0.50,0.9612757907456062
78,3,0.55,0.963227309846689
78,3,0.60,0.9550057710231242
78,3,0.65,0.9758856034491767
78,3,0.70,0.9652675415401932
78,3,0.75,0.9764543928015734
78,3,0.80,0.9710856457257678
78,3,0.85,0.9592948966370478
78,3,0.90,0.9724459479552541
78,3,0.95,0.9789408108541118
78,4,0.05,0.3784497388450693
78,4,0.10,0.8859685679994945
78,4,0.15,0.9256829267127106
78,4,0.20,0.86434119409787
78,4,0.25,0.949370268838142
78,4,0.30,0.9689422835342206
78,4,0.35,0.9300825854038899
78,4,0.40,0.9800629951728576
78,4,0.45,0.9713384973627665
78,4,0.50,0.9646658374620081
78,4,0.55,0.9759149017764539
78,4,0.60,0.9785902945238562
78,4,0.65,0.9896692490259006
78,4,0.70,0.9848630200240578
78,4,0.75,0.9506122791607011
78,4,0.80,0.9836966614599649
78,4,0.85,0.9837249673794659
78,4,0.90,0.9764710896333582
78,4,0.95,0.9873967314298581
78,5,0.05,0.1965771381369137
78,5,0.10,0.8949438045214231
78,5,0.15,0.9543277639658749
78,5,0.20,0.9275354808261063
78,5,0.25,0.9634366111572058
78,5,0.30,0.9098871166144121
78,5,0.35,0.9610099105724217
78,5,0.40,0.8978108389188173
78,5,0.45,0.9316985875997923
78,5,0.50,0.9570136897002591
78,5,0.55,0.9622349405564626
78,5,0.60,0.9544896892678136
78,5,0.65,0.971658429593084
78,5,0.70,0.9661966700175553
78,5,0.75,0.9816971788939359
78,5,0.80,0.979941262203514
78,5,0.85,0.9552982478568368
78,5,0.90,0.9796370671459937
78,5,0.95,0.9835578138287223
78,6,0.05,0.895390284340812
78,6,0.10,0.9193361413648142
78,6,0.15,0.9495081591264692
78,6,0.20,0.9339770426507674
78,6,0.25,0.9817629512200295
78,6,0.30,0.925791055576177
78,6,0.35,0.9746556964564077
78,6,0.40,0.9502315921145588
78,6,0.45,0.9648509807441985
78,6,0.50,0.9419923032816825
78,6,0.55,0.962494492459176
78,6,0.60,0.9656072542766425
78,6,0.65,0.9776392660195383
78,6,0.70,0.9767171115766509
78,6,0.75,0.9760973995378913
78,6,0.80,0.9835782779297021
78,6,0.85,0.9599432704123855
78,6,0.90,0.961483676467353
78,6,0.95,0.9652120513506988
78,7,0.05,0.2666466313975978
78,7,0.10,0.8427233208796261
78,7,0.15,0.8669829270564297
78,7,0.20,0.9211266634342032
78,7,0.25,0.8954306372795962
78,7,0.30,0.9454789984700964
78,7,0.35,0.9235106531005789
78,7,0.40,0.9586597097531162
78,7,0.45,0.9701829083743523
78,7,0.50,0.972715848489157
78,7,0.55,0.9700547377749801
78,7,0.60,0.955249083179497
78,7,0.65,0.961354087459087
78,7,0.70,0.9668588702515193
78,7,0.75,0.9747487542738856
78,7,0.80,0.9517580691825532
78,7,0.85,0.960886416728087
78,7,0.90,0.9675964440242463
78,7,0.95,0.9644121124996702
78,8,0.05,0.9652856925821082
78,8,0.10,0.9414351742272539
78,8,0.15,0.8843102513642459
78,8,0.20,0.9580847815300312
78,8,0.25,0.9206877441678534
78,8,0.30,0.8531771383622089
78,8,0.35,0.9253615654098003
78,8,0.40,0.9568381290700322
78,8,0.45,0.9821236479454521
78,8,0.50,0.9771114842695546
78,8,0.55,0.9731232413395966
78,8,0.60,0.9713924002056271
78,8,0.65,0.9831787525632171
78,8,0.70,0.9761925424425222
78,8,0.75,0.9803921312896375
78,8,0.80,0.9767030782692938
78,8,0.85,0.9812716533241863
78,8,0.90,0.9728284093497137
78,8,0.95,0.9738249013234548
78,9,0.05,0.9320210008453864
78,9,0.10,0.862220165314638
78,9,0.15,0.8958679096538238
78,9,0.20,0.9687304067905685
78,9,0.25,0.9662486294831603
78,9,0.30,0.8819927512719504
78,9,0.35,0.963408246342831
78,9,0.40,0.9600916645662425
78,9,0.45,0.9692347517327741
78,9,0.50,0.9666597188254248
78,9,0.55,0.9453496033562309
78,9,0.60,0.9294958798013392
78,9,0.65,0.9801510288312747
78,9,0.70,0.9711259549588671
78,9,0.75,0.9692049096438846
78,9,0.80,0.9809805528065824
78,9,0.85,0.9595262299775219
78,9,0.90,0.9650915756192524
78,9,0.95,0.9701861039184873
79,0,0.05,0.6039187684300997
79,0,0.10,0.5130289356707362
79,0,0.15,0.9189959401840482
79,0,0.20,0.9351584462960375
79,0,0.25,0.9456821647103137
79,0,0.30,0.9436646692433766
79,0,0.35,0.942895201128362
79,0,0.40,0.9714002317821464
79,0,0.45,0.9415772478588872
79,0,0.50,0.9500534162807774
79,0,0.55,0.9734767536728421
79,0,0.60,0.9747423332859045
79,0,0.65,0.9620074563778277
79,0,0.70,0.9760395345710827
79,0,0.75,0.9756167453190399
79,0,0.80,0.9570998883014996
79,0,0.85,0.970772513080549
79,0,0.90,0.9694622703127027
79,0,0.95,0.9783471369257313
79,1,0.05,0.49458044214144625
79,1,0.10,0.6139662583969878
79,1,0.15,0.8767392253112205
79,1,0.20,0.9021249784654012
79,1,0.25,0.9270084382805854
79,1,0.30,0.967852569590447
79,1,0.35,0.977105810828082
79,1,0.40,0.9578063154992836
79,1,0.45,0.9242424220449281
79,1,0.50,0.9451169764482885
79,1,0.55,0.9702619691776518
79,1,0.60,0.986698494196148
79,1,0.65,0.982967122861692
79,1,0.70,0.943252245523854
79,1,0.75,0.9789428116713934
79,1,0.80,0.9925671675184078
79,1,0.85,0.9291301540627639
79,1,0.90,0.973001530951562
79,1,0.95,0.9682447159967796
79,2,0.05,0.24474918928624567
79,2,0.10,0.5251716847392175
79,2,0.15,0.9035284299368902
79,2,0.20,0.8530872254272229
79,2,0.25,0.8965291018504838
79,2,0.30,0.9272705014533378
79,2,0.35,0.9815290726016441
79,2,0.40,0.9845921198675912
79,2,0.45,0.972655706119077
79,2,0.50,0.9418496912142473
79,2,0.55,0.9702038014325997
79,2,0.60,0.925527103160798
79,2,0.65,0.9779586577859571
79,2,0.70,0.9744665891025901
79,2,0.75,0.9859592953516819
79,2,0.80,0.98061544478727
79,2,0.85,0.9217669897943193
79,2,0.90,0.9277552046814493
79,2,0.95,0.9836581014293648
79,3,0.05,0.9914296293834599
79,3,0.10,0.6553100916057871
79,3,0.15,0.9501618404953326
79,3,0.20,0.8363786797645496
79,3,0.25,0.762305185504687
79,3,0.30,0.9663926904087081
79,3,0.35,0.9762486435281819
79,3,0.40,0.9728833446865
79,3,0.45,0.9817873193358406
79,3,0.50,0.9589131746068584
79,3,0.55,0.948907398367079
79,3,0.60,0.9898430358320904
79,3,0.65,0.989974040394989
79,3,0.70,0.9763696260490977
79,3,0.75,0.9757612376496845
79,3,0.80,0.9677232042896922
79,3,0.85,0.9864822410520174
79,3,0.90,0.9788462950685868
79,3,0.95,0.9618210610745245
79,4,0.05,0.07967825691776309
79,4,0.10,0.6771117192308841
79,4,0.15,0.9439845790356972
79,4,0.20,0.9353815789876583
79,4,0.25,0.8812213540764088
79,4,0.30,0.9448762988941962
79,4,0.35,0.862750908092961
79,4,0.40,0.9672073103439519
79,4,0.45,0.9637177087278385
79,4,0.50,0.9842292356648948
79,4,0.55,0.9530530608623738
79,4,0.60,0.9826597982222623
79,4,0.65,0.9657536825293574
79,4,0.70,0.9530946711479859
79,4,0.75,0.927965604376918
79,4,0.80,0.9687796707129077
79,4,0.85,0.9659084951925542
79,4,0.90,0.9657710982412245
79,4,0.95,0.956893646542063
79,5,0.05,0.6666996950411954
79,5,0.10,0.607265044176275
79,5,0.15,0.9337013261040885
79,5,0.20,0.9063412769292505
79,5,0.25,0.9507425565978904
79,5,0.30,0.9611614859712907
79,5,0.35,0.8647078943729242
79,5,0.40,0.9371017416326898
79,5,0.45,0.9606372955489987
79,5,0.50,0.9806158111490382
79,5,0.55,0.9759151894974695
79,5,0.60,0.9817481981278983
79,5,0.65,0.9368116990106717
79,5,0.70,0.8832680867327967
79,5,0.75,0.9634963114785201
79,5,0.80,0.9708965340692968
79,5,0.85,0.9732977795462752
79,5,0.90,0.9760622276662637
79,5,0.95,0.93244794373352
79,6,0.05,0.9594910086413478
79,6,0.10,0.7840178688324845
79,6,0.15,0.9180453359056677
79,6,0.20,0.9381717076753107
79,6,0.25,0.8918318663759338
79,6,0.30,0.858932247843837
79,6,0.35,0.8399680004478633
79,6,0.40,0.9529732277249484
79,6,0.45,0.9632338068783222
79,6,0.50,0.9620431108586294
79,6,0.55,0.9551010614391395
79,6,0.60,0.9780485092392018
79,6,0.65,0.9796364302762711
79,6,0.70,0.9839774595360439
79,6,0.75,0.9538309014642968
79,6,0.80,0.9800128161831511
79,6,0.85,0.9803207189167105
79,6,0.90,0.9777140723707605
79,6,0.95,0.9458204961535752
79,7,0.05,-2.0279723641127427
79,7,0.10,0.7476310971732925
79,7,0.15,0.964368081496489
79,7,0.20,0.8804149867106646
79,7,0.25,0.8746544980396129
79,7,0.30,0.898508240748254
79,7,0.35,0.9670659477734773
79,7,0.40,0.9663479351514532
79,7,0.45,0.8665094961042109
79,7,0.50,0.95486731930162
79,7,0.55,0.9428823061258337
79,7,0.60,0.942296629294454
79,7,0.65,0.9705708355708667
79,7,0.70,0.9561642898179752
79,7,0.75,0.9607995104149113
79,7,0.80,0.9626083484739139
79,7,0.85,0.9506147040139472
79,7,0.90,0.974155934872319
79,7,0.95,0.9377691045424337
79,8,0.05,-0.2888560167628287
79,8,0.10,0.6150919641192711
79,8,0.15,0.9540040732149562
79,8,0.20,0.8346500919704763
79,8,0.25,0.802390633878233
79,8,0.30,0.8910353118715275
79,8,0.35,0.9554085901124328
79,8,0.40,0.9204973877493648
79,8,0.45,0.9659028967927353
79,8,0.50,0.9578584521193593
79,8,0.55,0.9660270319105213
79,8,0.60,0.97607439949381
79,8,0.65,0.969942598548766
79,8,0.70,0.9819609159598776
79,8,0.75,0.9640872736804171
79,8,0.80,0.9910678436533336
79,8,0.85,0.9805094397087526
79,8,0.90,0.9751857426126753
79,8,0.95,0.9902781683660343
79,9,0.05,0.42250291644991567
79,9,0.10,0.7805548443361061
79,9,0.15,0.8785500235242849
79,9,0.20,0.929703976654641
79,9,0.25,0.8616002300827976
79,9,0.30,0.9034268157576568
79,9,0.35,0.9586357804642801
79,9,0.40,0.9256052523370906
79,9,0.45,0.929566544672458
79,9,0.50,0.966400627691503
79,9,0.55,0.9591788173959388
79,9,0.60,0.9774324769815785
79,9,0.65,0.9756263435003604
79,9,0.70,0.9874197253927229
79,9,0.75,0.9471789012533516
79,9,0.80,0.9765818036995847
79,9,0.85,0.9764536852676492
79,9,0.90,0.9788350490391051
79,9,0.95,0.9711999841870078
80,0,0.05,0.4863918037191919
80,0,0.10,0.9395122742620229
80,0,0.15,0.9545362279843604
80,0,0.20,0.9514882105324508
80,0,0.25,0.8067699618760558
80,0,0.30,0.9398945456565473
80,0,0.35,0.9733811394913594
80,0,0.40,0.978884106251432
80,0,0.45,0.9728230866300136
80,0,0.50,0.9604600063106875
80,0,0.55,0.9640889932715427
80,0,0.60,0.9778877363079435
80,0,0.65,0.9502666072763266
80,0,0.70,0.9690501646377546
80,0,0.75,0.9663591621584456
80,0,0.80,0.9808585178260335
80,0,0.85,0.9748057134460218
80,0,0.90,0.9667477102300509
80,0,0.95,0.9831797369297883
80,1,0.05,0.5896148837939914
80,1,0.10,0.9099642760617142
80,1,0.15,0.940987279654242
80,1,0.20,0.5252747622927998
80,1,0.25,0.9688865564887409
80,1,0.30,0.9604663072225517
80,1,0.35,0.9635287997312534
80,1,0.40,0.939188647041747
80,1,0.45,0.9714634865642681
80,1,0.50,0.9824884132743646
80,1,0.55,0.9614287728309951
80,1,0.60,0.9458905747197318
80,1,0.65,0.9594353696061972
80,1,0.70,0.9699555991988937
80,1,0.75,0.9746575866541772
80,1,0.80,0.9670543803627798
80,1,0.85,0.9834798489544886
80,1,0.90,0.9737730079784791
80,1,0.95,0.9768395222715094
80,2,0.05,0.7218538311939018
80,2,0.10,0.7469511822279828
80,2,0.15,0.9003978927126637
80,2,0.20,0.7566846427824612
80,2,0.25,0.9471908415174265
80,2,0.30,0.9239666099987411
80,2,0.35,0.9333838159999099
80,2,0.40,0.952077225307185
80,2,0.45,0.956311365611791
80,2,0.50,0.9464395958605947
80,2,0.55,0.9693593866667662
80,2,0.60,0.977032801270233
80,2,0.65,0.986630358925878
80,2,0.70,0.9780461370145417
80,2,0.75,0.9599864561649567
80,2,0.80,0.9602253408928441
80,2,0.85,0.9759454845519437
80,2,0.90,0.9801232936489652
80,2,0.95,0.9752901556763021
80,3,0.05,0.8900769259472049
80,3,0.10,0.9405629895128278
80,3,0.15,0.7562605318184021
80,3,0.20,0.9330691196785295
80,3,0.25,0.9454968038646407
80,3,0.30,0.9521194176571658
80,3,0.35,0.8610057364777157
80,3,0.40,0.9698585287596165
80,3,0.45,0.975904318107352
80,3,0.50,0.9621783733832029
80,3,0.55,0.9620371020496286
80,3,0.60,0.9789490810119466
80,3,0.65,0.9656229208595516
80,3,0.70,0.9515626876350601
80,3,0.75,0.9710740482905658
80,3,0.80,0.9718928699761972
80,3,0.85,0.9668599384788976
80,3,0.90,0.9374738611775564
80,3,0.95,0.9711355649401096
80,4,0.05,0.1554290762114776
80,4,0.10,0.7063309639052826
80,4,0.15,0.9047418261309955
80,4,0.20,0.9208414861453872
80,4,0.25,0.9617933485021883
80,4,0.30,0.9616747545330508
80,4,0.35,0.9679502111480854
80,4,0.40,0.9805684061837638
80,4,0.45,0.9659817113074823
80,4,0.50,0.9849328444334059
80,4,0.55,0.9798555704600314
80,4,0.60,0.9541534411875133
80,4,0.65,0.9667357205065524
80,4,0.70,0.9767456393539771
80,4,0.75,0.9783405792113629
80,4,0.80,0.9595446826891878
80,4,0.85,0.9764235339562102
80,4,0.90,0.9601236138624537
80,4,0.95,0.9719098880446938
80,5,0.05,0.5740283064252543
80,5,0.10,0.8363751918719393
80,5,0.15,0.9887433837964438
80,5,0.20,0.5828937633723215
80,5,0.25,0.8735691661593076
80,5,0.30,0.9806951070216716
80,5,0.35,0.8875838951348464
80,5,0.40,0.9627501629429006
80,5,0.45,0.9612914149313535
80,5,0.50,0.9696942930053516
80,5,0.55,0.9786212964453966
80,5,0.60,0.9828509786513674
80,5,0.65,0.9798804599069659
80,5,0.70,0.9791309439680999
80,5,0.75,0.968952544121991
80,5,0.80,0.9707098498504038
80,5,0.85,0.9816526212280334
80,5,0.90,0.9819937841021239
80,5,0.95,0.978292935758319
80,6,0.05,0.9935641621872185
80,6,0.10,0.8356167866816085
80,6,0.15,0.9659776083176035
80,6,0.20,0.9632175691808966
80,6,0.25,0.9662541790674204
80,6,0.30,0.895646333184532
80,6,0.35,0.946616524611758
80,6,0.40,0.9548717783509785
80,6,0.45,0.9751590461956833
80,6,0.50,0.9696013097030013
80,6,0.55,0.9554342650202432
80,6,0.60,0.954875938273725
80,6,0.65,0.9520391813339399
80,6,0.70,0.9644756827625366
80,6,0.75,0.978599063110511
80,6,0.80,0.9683345599476774
80,6,0.85,0.9635984841385669
80,6,0.90,0.9604467037174726
80,6,0.95,0.945898805001157
80,7,0.05,0.5635481329969194
80,7,0.10,0.925533679911424
80,7,0.15,0.8075719908537883
80,7,0.20,0.939110638655183
80,7,0.25,0.910519427899009
80,7,0.30,0.9343910541085616
80,7,0.35,0.8907916951836468
80,7,0.40,0.9584785744738022
80,7,0.45,0.9554992317088671
80,7,0.50,0.9653055855103603
80,7,0.55,0.9730441373996297
80,7,0.60,0.9699124525010162
80,7,0.65,0.8879131465808616
80,7,0.70,0.9761937405466613
80,7,0.75,0.9515752523609898
80,7,0.80,0.9402577709931651
80,7,0.85,0.9691876327842269
80,7,0.90,0.9717906268869139
80,7,0.95,0.9629082220722951
80,8,0.05,0.2184718901257291
80,8,0.10,0.7435574521447315
80,8,0.15,0.7857055609622398
80,8,0.20,0.963747873177653
80,8,0.25,0.9791649078597668
80,8,0.30,0.8832379736423948
80,8,0.35,0.9386252417188395
80,8,0.40,0.917237318544653
80,8,0.45,0.9732759080808391
80,8,0.50,0.9791053465613175
80,8,0.55,0.9809272949217387
80,8,0.60,0.9794051574665559
80,8,0.65,0.9580036509369954
80,8,0.70,0.9658118856553006
80,8,0.75,0.9673350829163586
80,8,0.80,0.9759989466371832
80,8,0.85,0.9570586725171412
80,8,0.90,0.9621243691987429
80,8,0.95,0.9665810803117807
80,9,0.05,0.974005881066348
80,9,0.10,0.9044656027669411
80,9,0.15,0.5202541297934133
80,9,0.20,0.9638419188287021
80,9,0.25,0.9536154356823634
80,9,0.30,0.9163714829586495
80,9,0.35,0.9639340189149843
80,9,0.40,0.9470114063781905
80,9,0.45,0.9664040214497438
80,9,0.50,0.9643196298561177
80,9,0.55,0.9765414919640397
80,9,0.60,0.9443909048028513
80,9,0.65,0.9739001609651409
80,9,0.70,0.9513125296057549
80,9,0.75,0.9738798794351717
80,9,0.80,0.9812311725655837
80,9,0.85,0.9635722989351485
80,9,0.90,0.9552152910504261
80,9,0.95,0.9733490150308645
81,0,0.05,0.9768353268688582
81,0,0.10,0.9181533022270764
81,0,0.15,0.8909740458402265
81,0,0.20,0.935162038701474
81,0,0.25,0.940756966744389
81,0,0.30,0.8569608739889295
81,0,0.35,0.9012511675027625
81,0,0.40,0.9447049787117153
81,0,0.45,0.963428958257863
81,0,0.50,0.943934073678104
81,0,0.55,0.9505522628272747
81,0,0.60,0.9765716797689068
81,0,0.65,0.9795292550258025
81,0,0.70,0.9758559780157863
81,0,0.75,0.9824865007177478
81,0,0.80,0.986447059478664
81,0,0.85,0.989293238735123
81,0,0.90,0.9897340423803263
81,0,0.95,0.9835247552363264
81,1,0.05,0.9254881813872619
81,1,0.10,0.8738195497561015
81,1,0.15,0.9460062048209121
81,1,0.20,0.8277961818929975
81,1,0.25,0.7510584405601645
81,1,0.30,0.9203976192397056
81,1,0.35,0.9766069733552635
81,1,0.40,0.9741012679109732
81,1,0.45,0.9447013827004257
81,1,0.50,0.9396343620671407
81,1,0.55,0.9613664518264016
81,1,0.60,0.9776703617253477
81,1,0.65,0.9700996765932244
81,1,0.70,0.9734027576560266
81,1,0.75,0.9562102097582503
81,1,0.80,0.9660532420819357
81,1,0.85,0.9773324991893745
81,1,0.90,0.9694656233938822
81,1,0.95,0.9558994116925965
81,2,0.05,0.9531742846446124
81,2,0.10,0.7514405884054918
81,2,0.15,0.8776908353698734
81,2,0.20,0.8875946541270592
81,2,0.25,0.9165130900663406
81,2,0.30,0.9186756914000884
81,2,0.35,0.9227732957717971
81,2,0.40,0.9833755728077291
81,2,0.45,0.9720790698274238
81,2,0.50,0.9754347017040214
81,2,0.55,0.985023165168711
81,2,0.60,0.9897192445932109
81,2,0.65,0.9157807726492678
81,2,0.70,0.9585953816624408
81,2,0.75,0.9632816537787455
81,2,0.80,0.9765003842250122
81,2,0.85,0.9846941988277101
81,2,0.90,0.9632460409314899
81,2,0.95,0.9820949345428078
81,3,0.05,0.7524516392548677
81,3,0.10,0.5475541045794106
81,3,0.15,0.8559950884198414
81,3,0.20,0.8417508157867797
81,3,0.25,0.8775467677556532
81,3,0.30,0.9334557866287047
81,3,0.35,0.9498806553604242
81,3,0.40,0.9502722814296961
81,3,0.45,0.8781377170494965
81,3,0.50,0.9461020110955789
81,3,0.55,0.9722945606901491
81,3,0.60,0.9538068713078256
81,3,0.65,0.9661333316198522
81,3,0.70,0.9807470147982774
81,3,0.75,0.9647750234521788
81,3,0.80,0.9573938445145584
81,3,0.85,0.9703983965166716
81,3,0.90,0.9634879801643198
81,3,0.95,0.9684386179815401
81,4,0.05,0.8761443890073981
81,4,0.10,0.628549229066715
81,4,0.15,0.8066775185362692
81,4,0.20,0.9623113541691855
81,4,0.25,0.9512132862000576
81,4,0.30,0.9121679552020691
81,4,0.35,0.724880903583853
81,4,0.40,0.8062230976606996
81,4,0.45,0.8231527544496477
81,4,0.50,0.9641020719728928
81,4,0.55,0.9556012381697054
81,4,0.60,0.9606870219345314
81,4,0.65,0.9632606661692746
81,4,0.70,0.9621420833111787
81,4,0.75,0.9701432492680643
81,4,0.80,0.976729577097686
81,4,0.85,0.9720659046969492
81,4,0.90,0.9791798178486582
81,4,0.95,0.9792709913966839
81,5,0.05,0.9631441802029208
81,5,0.10,0.8496904141090575
81,5,0.15,0.9160772015332347
81,5,0.20,0.808651978066115
81,5,0.25,0.8898668858183564
81,5,0.30,0.9456477429328003
81,5,0.35,0.9389638545440645
81,5,0.40,0.9767872464680327
81,5,0.45,0.9903627121511049
81,5,0.50,0.9125732735216238
81,5,0.55,0.9774848547584822
81,5,0.60,0.9697019579732233
81,5,0.65,0.964378300426052
81,5,0.70,0.9287091651958952
81,5,0.75,0.9617810701286139
81,5,0.80,0.9394783825007169
81,5,0.85,0.9714171668717487
81,5,0.90,0.975928771668796
81,5,0.95,0.9840698880765463
81,6,0.05,0.9480232081833028
81,6,0.10,0.8739417911121602
81,6,0.15,0.9245806113574466
81,6,0.20,0.7182683310410614
81,6,0.25,0.8948205781173928
81,6,0.30,0.9511926602871683
81,6,0.35,0.9611745066375037
81,6,0.40,0.9821435923430702
81,6,0.45,0.9260088978779737
81,6,0.50,0.9741180524909852
81,6,0.55,0.9654958922770611
81,6,0.60,0.9688294256316304
81,6,0.65,0.960407283503006
81,6,0.70,0.9624090034891447
81,6,0.75,0.9593757160522273
81,6,0.80,0.9813791951694036
81,6,0.85,0.9698666259550729
81,6,0.90,0.9821701583195854
81,6,0.95,0.9857251577978567
81,7,0.05,0.8640743405336564
81,7,0.10,0.8396106570673678
81,7,0.15,0.9682113809962798
81,7,0.20,0.8963246365389705
81,7,0.25,0.9446684193337495
81,7,0.30,0.9654836269713808
81,7,0.35,0.8660142290529479
81,7,0.40,0.8977429609039869
81,7,0.45,0.9603442105294849
81,7,0.50,0.9533080798584461
81,7,0.55,0.9686679878438488
81,7,0.60,0.9178085425856842
81,7,0.65,0.9582436214659016
81,7,0.70,0.924016055022682
81,7,0.75,0.9630683597084465
81,7,0.80,0.9690254090299292
81,7,0.85,0.959831977582919
81,7,0.90,0.971442208312318
81,7,0.95,0.970174396255073
81,8,0.05,0.11120068638827652
81,8,0.10,0.8092613153248623
81,8,0.15,0.8999215647526445
81,8,0.20,0.8316891279649264
81,8,0.25,0.8088543837066082
81,8,0.30,0.9231931147299216
81,8,0.35,0.9246073936500425
81,8,0.40,0.9804078116475351
81,8,0.45,0.9801637380764742
81,8,0.50,0.9633370030229761
81,8,0.55,0.9760432820964107
81,8,0.60,0.9571105993361363
81,8,0.65,0.9802606530671212
81,8,0.70,0.9830057204603683
81,8,0.75,0.9745335903554236
81,8,0.80,0.9596523569709029
81,8,0.85,0.9742410367443374
81,8,0.90,0.9779423122517962
81,8,0.95,0.9620749100131006
81,9,0.05,0.1598399734810495
81,9,0.10,0.9001910161868549
81,9,0.15,0.8678757749573834
81,9,0.20,0.8299546797818907
81,9,0.25,0.9037014867110426
81,9,0.30,0.9229564227054081
81,9,0.35,0.8844855058245799
81,9,0.40,0.9748064506826215
81,9,0.45,0.9460978478933192
81,9,0.50,0.9125211883370979
81,9,0.55,0.9592309607692747
81,9,0.60,0.9725956148085549
81,9,0.65,0.9601451313533267
81,9,0.70,0.9551217724322346
81,9,0.75,0.9686061925571088
81,9,0.80,0.9635497039307084
81,9,0.85,0.9769455486730171
81,9,0.90,0.9775874659606324
81,9,0.95,0.9760465530349802
82,0,0.05,0.7327802736409008
82,0,0.10,0.6727240020742391
82,0,0.15,0.556358251993958
82,0,0.20,0.9664636103552607
82,0,0.25,0.9499410989636298
82,0,0.30,0.9843656806407339
82,0,0.35,0.9526814309033531
82,0,0.40,0.9595978109585807
82,0,0.45,0.9773208842824539
82,0,0.50,0.968939131591234
82,0,0.55,0.9580744876762969
82,0,0.60,0.9663996356658838
82,0,0.65,0.9833151060378374
82,0,0.70,0.9537076963613638
82,0,0.75,0.9817576595124021
82,0,0.80,0.9692049019744639
82,0,0.85,0.97417629320215
82,0,0.90,0.9698975582087602
82,0,0.95,0.9654564294044689
82,1,0.05,-1.1746862317281175
82,1,0.10,0.6723368025257381
82,1,0.15,0.8773462773109197
82,1,0.20,0.7995335125438264
82,1,0.25,0.8968154492048314
82,1,0.30,0.9746577711305785
82,1,0.35,0.9655450947690558
82,1,0.40,0.9727655914781873
82,1,0.45,0.9175502816160033
82,1,0.50,0.9322710791097303
82,1,0.55,0.9568070329574647
82,1,0.60,0.9632791974808733
82,1,0.65,0.9454477452448488
82,1,0.70,0.96691827575434
82,1,0.75,0.9731552067474326
82,1,0.80,0.971118833810331
82,1,0.85,0.9586746828622514
82,1,0.90,0.9618549224041709
82,1,0.95,0.9794401966974412
82,2,0.05,0.5447780190103284
82,2,0.10,0.813834034845561
82,2,0.15,0.888881006993278
82,2,0.20,0.8793122137167292
82,2,0.25,0.8574402290203184
82,2,0.30,0.954721792930131
82,2,0.35,0.9652549912071355
82,2,0.40,0.9548825881776816
82,2,0.45,0.9780020432614548
82,2,0.50,0.9703639462430066
82,2,0.55,0.9681533116729962
82,2,0.60,0.9422826901188694
82,2,0.65,0.9837095501360473
82,2,0.70,0.9735990813729493
82,2,0.75,0.9736939313693204
82,2,0.80,0.9849589225646214
82,2,0.85,0.9836802389360224
82,2,0.90,0.9847781537520943
82,2,0.95,0.9760319358760172
82,3,0.05,0.5161141590068933
82,3,0.10,0.9305186697449203
82,3,0.15,0.8882212957406703
82,3,0.20,0.9832160278426275
82,3,0.25,0.9357959684046633
82,3,0.30,0.9416062269104861
82,3,0.35,0.9649430208660786
82,3,0.40,0.961688474909529
82,3,0.45,0.9103261953567049
82,3,0.50,0.9719873666981074
82,3,0.55,0.9830821891977266
82,3,0.60,0.9639509306478795
82,3,0.65,0.9859054309687952
82,3,0.70,0.9750036243570203
82,3,0.75,0.9739625953974089
82,3,0.80,0.9703437124353417
82,3,0.85,0.9742431345592928
82,3,0.90,0.9799237034263273
82,3,0.95,0.9698056176079283
82,4,0.05,-0.40156404139434554
82,4,0.10,0.9604610613933793
82,4,0.15,0.8093137274102832
82,4,0.20,0.9699612374245785
82,4,0.25,0.7900178658687076
82,4,0.30,0.9027193588451403
82,4,0.35,0.7040794787757667
82,4,0.40,0.9754948369209537
82,4,0.45,0.961962590154639
82,4,0.50,0.9649329175850877
82,4,0.55,0.9510573215816267
82,4,0.60,0.9863491438673492
82,4,0.65,0.9608576797973883
82,4,0.70,0.967124221566239
82,4,0.75,0.9809893882674221
82,4,0.80,0.9750045114055415
82,4,0.85,0.9716505536219394
82,4,0.90,0.9793101645482505
82,4,0.95,0.9789117256011984
82,5,0.05,0.3738304464015789
82,5,0.10,0.9387315874014136
82,5,0.15,0.9159847224642093
82,5,0.20,0.9119024241747984
82,5,0.25,0.918248120356409
82,5,0.30,0.956323276270881
82,5,0.35,0.9156883943385588
82,5,0.40,0.9816285935950001
82,5,0.45,0.9676463647458091
82,5,0.50,0.9201103309696049
82,5,0.55,0.9463909155051343
82,5,0.60,0.9172912498877882
82,5,0.65,0.9754873675226835
82,5,0.70,0.9843659229910879
82,5,0.75,0.9795107858221858
82,5,0.80,0.9737575100767764
82,5,0.85,0.9773941932809889
82,5,0.90,0.9826187230039779
82,5,0.95,0.965517946453629
82,6,0.05,0.9260356125913601
82,6,0.10,0.3401549214392027
82,6,0.15,0.8541653271413201
82,6,0.20,0.9445570013366319
82,6,0.25,0.8562602228206938
82,6,0.30,0.965966125480868
82,6,0.35,0.980286642879195
82,6,0.40,0.936528819018682
82,6,0.45,0.977633921924634
82,6,0.50,0.9553818298892549
82,6,0.55,0.9695161625972482
82,6,0.60,0.971685043170198
82,6,0.65,0.9311019540874065
82,6,0.70,0.9742078972594015
82,6,0.75,0.9630795336078355
82,6,0.80,0.9755712423673276
82,6,0.85,0.9644429607613488
82,6,0.90,0.9791070449656495
82,6,0.95,0.9701566531688902
82,7,0.05,0.9016461005167249
82,7,0.10,0.8897830044607892
82,7,0.15,0.9020571407526836
82,7,0.20,0.9560011937669052
82,7,0.25,0.9694090484290065
82,7,0.30,0.9106688116244577
82,7,0.35,0.9223829797668425
82,7,0.40,0.926126729475192
82,7,0.45,0.9413006624376423
82,7,0.50,0.960650436369444
82,7,0.55,0.9668418134214511
82,7,0.60,0.9689134264456427
82,7,0.65,0.9658077005438688
82,7,0.70,0.9463873778962368
82,7,0.75,0.9495817384239482
82,7,0.80,0.9737050180365765
82,7,0.85,0.973098159897404
82,7,0.90,0.9658640815599242
82,7,0.95,0.9696914536914427
82,8,0.05,0.0588769537050986
82,8,0.10,0.6898901256763383
82,8,0.15,0.7451011396149849
82,8,0.20,0.8278200977241131
82,8,0.25,0.9130026122523729
82,8,0.30,0.9370755839999311
82,8,0.35,0.9602750083860601
82,8,0.40,0.9283447450208646
82,8,0.45,0.9588144431583359
82,8,0.50,0.9521181462077977
82,8,0.55,0.9591183751571146
82,8,0.60,0.96466367169926
82,8,0.65,0.9536096740129149
82,8,0.70,0.9470002020952182
82,8,0.75,0.9502266101732795
82,8,0.80,0.963471727551317
82,8,0.85,0.9723534336151315
82,8,0.90,0.9792101664626183
82,8,0.95,0.9813254932366212
82,9,0.05,-0.6146100065394149
82,9,0.10,0.847364989136787
82,9,0.15,0.9786489628111237
82,9,0.20,0.9551916122996482
82,9,0.25,0.9698020841843584
82,9,0.30,0.9459324191743784
82,9,0.35,0.9614130471595328
82,9,0.40,0.9650555202996836
82,9,0.45,0.9469541259195577
82,9,0.50,0.9590408556309962
82,9,0.55,0.9786745729940868
82,9,0.60,0.9525733543006911
82,9,0.65,0.9421870191552021
82,9,0.70,0.9686165329706127
82,9,0.75,0.9142238876439688
82,9,0.80,0.953530460971143
82,9,0.85,0.9497983306483448
82,9,0.90,0.9729659092416958
82,9,0.95,0.9644622340027
83,0,0.05,0.5028007448155538
83,0,0.10,0.9822102897759774
83,0,0.15,0.9300935194567123
83,0,0.20,0.7643182174095879
83,0,0.25,0.9521162859786809
83,0,0.30,0.9126552820987404
83,0,0.35,0.930934330802069
83,0,0.40,0.9046508935221407
83,0,0.45,0.9731462156734979
83,0,0.50,0.9630054135521637
83,0,0.55,0.9653469131837602
83,0,0.60,0.9809965067444223
83,0,0.65,0.9770751631054544
83,0,0.70,0.9892728832193467
83,0,0.75,0.97236291888271
83,0,0.80,0.9784561976161782
83,0,0.85,0.9725949347880798
83,0,0.90,0.975343461698357
83,0,0.95,0.9698149271579237
83,1,0.05,0.8058782596273817
83,1,0.10,-0.1329675640619239
83,1,0.15,0.9119087311455292
83,1,0.20,0.7743979528922916
83,1,0.25,0.9718605164210411
83,1,0.30,0.9453028571996374
83,1,0.35,0.9658836763129115
83,1,0.40,0.954789495331429
83,1,0.45,0.9531353834805121
83,1,0.50,0.9103566482868509
83,1,0.55,0.9857674136972108
83,1,0.60,0.9770180184513186
83,1,0.65,0.9809749038354812
83,1,0.70,0.9728014090990129
83,1,0.75,0.981910945284374
83,1,0.80,0.9675664827770024
83,1,0.85,0.9735994190851378
83,1,0.90,0.9747753230716998
83,1,0.95,0.9753489641744144
83,2,0.05,0.5318294384462011
83,2,0.10,0.8098998065861689
83,2,0.15,-0.27227658152005385
83,2,0.20,0.9550443053642644
83,2,0.25,0.9824030133444857
83,2,0.30,0.8671023803162814
83,2,0.35,0.8770953066516558
83,2,0.40,0.9125850934567621
83,2,0.45,0.9457744192177492
83,2,0.50,0.9559450771945431
83,2,0.55,0.9802570555086562
83,2,0.60,0.9729039824517195
83,2,0.65,0.9469890976173978
83,2,0.70,0.9573771126236746
83,2,0.75,0.9625260531421563
83,2,0.80,0.9756228069368745
83,2,0.85,0.9776732044437113
83,2,0.90,0.9694592308623253
83,2,0.95,0.9709277616974135
83,3,0.05,0.678135422356569
83,3,0.10,0.6414082400689152
83,3,0.15,0.48098199638368067
83,3,0.20,0.5069659650446618
83,3,0.25,0.7538292534650742
83,3,0.30,0.9364323100530778
83,3,0.35,0.9496472318008148
83,3,0.40,0.9268762255478824
83,3,0.45,0.8782425058045926
83,3,0.50,0.9695990481716982
83,3,0.55,0.9689489677950051
83,3,0.60,0.9744113322044459
83,3,0.65,0.9785976535222473
83,3,0.70,0.9566068690779502
83,3,0.75,0.9709364774517172
83,3,0.80,0.9885322841786353
83,3,0.85,0.9772865405266803
83,3,0.90,0.9835057719389816
83,3,0.95,0.9295625024971279
83,4,0.05,0.7082626488696673
83,4,0.10,0.5559914693078429
83,4,0.15,-1.3127923672593527
83,4,0.20,0.7944226994636916
83,4,0.25,0.916459949386155
83,4,0.30,0.9541033937979471
83,4,0.35,0.8651903040218354
83,4,0.40,0.935024667643877
83,4,0.45,0.9271149208483102
83,4,0.50,0.9749604518387196
83,4,0.55,0.9707829890360692
83,4,0.60,0.9699489395911449
83,4,0.65,0.9650010959213058
83,4,0.70,0.9760374430645753
83,4,0.75,0.9725320280785592
83,4,0.80,0.9467341404489933
83,4,0.85,0.9597107010141424
83,4,0.90,0.9729329930865146
83,4,0.95,0.9788016759373497
83,5,0.05,0.5589109230341753
83,5,0.10,0.6518052645273849
83,5,0.15,0.9310922516118268
83,5,0.20,0.6637241982166648
83,5,0.25,0.5780860137722542
83,5,0.30,0.8523019530599988
83,5,0.35,0.7196223803697179
83,5,0.40,0.9576105199318935
83,5,0.45,0.9658070110688451
83,5,0.50,0.9356864047722611
83,5,0.55,0.9804260609271587
83,5,0.60,0.9727274931773483
83,5,0.65,0.9601144344825071
83,5,0.70,0.95665897451793
83,5,0.75,0.9738097604033225
83,5,0.80,0.9728035710690076
83,5,0.85,0.9674517155783211
83,5,0.90,0.972611768037547
83,5,0.95,0.9776860322616971
83,6,0.05,0.854401780233613
83,6,0.10,0.8783559585921716
83,6,0.15,0.8219531772852888
83,6,0.20,0.9247076933843131
83,6,0.25,0.6474002473724341
83,6,0.30,0.9442756367327014
83,6,0.35,0.9600260586918942
83,6,0.40,0.9367117099519028
83,6,0.45,0.960276672306421
83,6,0.50,0.9501051075391912
83,6,0.55,0.9557475237288694
83,6,0.60,0.9772210791517051
83,6,0.65,0.9318848788660878
83,6,0.70,0.9510798284462237
83,6,0.75,0.9668598205817145
83,6,0.80,0.9775339167922243
83,6,0.85,0.9814489415972983
83,6,0.90,0.9652098069465177
83,6,0.95,0.9736689661900371
83,7,0.05,0.0937363626060067
83,7,0.10,0.5592854419233866
83,7,0.15,0.3439525625557013
83,7,0.20,0.8715339692557991
83,7,0.25,0.80684386202864
83,7,0.30,0.9442158981101377
83,7,0.35,0.9387986606051197
83,7,0.40,0.9096466180895136
83,7,0.45,0.9470051718689126
83,7,0.50,0.9748146480989461
83,7,0.55,0.9692284103109203
83,7,0.60,0.962491280707225
83,7,0.65,0.9623547085281475
83,7,0.70,0.9579458050763894
83,7,0.75,0.9591947819028969
83,7,0.80,0.970012432924253
83,7,0.85,0.9652024123509056
83,7,0.90,0.9697690185548495
83,7,0.95,0.9645246777509168
83,8,0.05,-2.2206658112862057
83,8,0.10,0.7259969111703117
83,8,0.15,0.8351109902221081
83,8,0.20,0.9363268883194491
83,8,0.25,0.9618855071641738
83,8,0.30,0.9386194594086928
83,8,0.35,0.8164746802563426
83,8,0.40,0.9336098278383644
83,8,0.45,0.9898170352040064
83,8,0.50,0.9716030426621354
83,8,0.55,0.9473989412734234
83,8,0.60,0.9727778309617707
83,8,0.65,0.9865336021412549
83,8,0.70,0.9481170415583845
83,8,0.75,0.965564256657321
83,8,0.80,0.9713842131122081
83,8,0.85,0.9644255204138006
83,8,0.90,0.9683853969434943
83,8,0.95,0.9757330695665403
83,9,0.05,0.8321647877739844
83,9,0.10,0.6991790436602969
83,9,0.15,0.6853505207266297
83,9,0.20,0.5539850063759129
83,9,0.25,0.8924815859659451
83,9,0.30,0.8995836596582955
83,9,0.35,0.9244778629756044
83,9,0.40,0.9371137286625543
83,9,0.45,0.9003301694662533
83,9,0.50,0.9118201826563859
83,9,0.55,0.9438490094952144
83,9,0.60,0.9541461004118732
83,9,0.65,0.9399189801809449
83,9,0.70,0.9561656207857087
83,9,0.75,0.9506736971264952
83,9,0.80,0.9660747562185757
83,9,0.85,0.967300452205076
83,9,0.90,0.9623259124090002
83,9,0.95,0.9757382214018466
84,0,0.05,0.9514964298581892
84,0,0.10,0.9437342781499528
84,0,0.15,0.6538096794592356
84,0,0.20,0.8831453499089345
84,0,0.25,0.7542774596747193
84,0,0.30,0.9100143923710372
84,0,0.35,0.9635304199070222
84,0,0.40,0.9028507762454477
84,0,0.45,0.9472152902539351
84,0,0.50,0.9632287430685698
84,0,0.55,0.9709010743171396
84,0,0.60,0.9728420240246103
84,0,0.65,0.9891240010177328
84,0,0.70,0.984521096869433
84,0,0.75,0.9797086509847064
84,0,0.80,0.9844893872452113
84,0,0.85,0.9873726000776687
84,0,0.90,0.9869994331347548
84,0,0.95,0.9885347844975548
84,1,0.05,0.8927198281091187
84,1,0.10,0.8763489021112306
84,1,0.15,0.9086933264547336
84,1,0.20,0.9377802755622651
84,1,0.25,0.8713000053793253
84,1,0.30,0.9750619313335596
84,1,0.35,0.9531527317936156
84,1,0.40,0.9760390634936257
84,1,0.45,0.971950292281918
84,1,0.50,0.9302103381499902
84,1,0.55,0.9213240176597479
84,1,0.60,0.9619639703556608
84,1,0.65,0.9746271448542617
84,1,0.70,0.9754322061220231
84,1,0.75,0.9820468182146164
84,1,0.80,0.9899446589251826
84,1,0.85,0.9682177497107946
84,1,0.90,0.9791145486504588
84,1,0.95,0.9845352105900472
84,2,0.05,0.5791441021716239
84,2,0.10,0.4018225429079384
84,2,0.15,0.7276976176903515
84,2,0.20,0.8771030361590921
84,2,0.25,0.8988345293787026
84,2,0.30,0.9698150056334014
84,2,0.35,0.8968922272273384
84,2,0.40,0.8852521987638402
84,2,0.45,0.974380927727253
84,2,0.50,0.9728959679991744
84,2,0.55,0.977001845734558
84,2,0.60,0.9749840277008687
84,2,0.65,0.9753573480134724
84,2,0.70,0.9789078290398431
84,2,0.75,0.9744698400392975
84,2,0.80,0.9700954703175801
84,2,0.85,0.9743820132521209
84,2,0.90,0.957175828822247
84,2,0.95,0.98697776843659
84,3,0.05,0.9228065601718097
84,3,0.10,0.782967096150064
84,3,0.15,0.6167244589725833
84,3,0.20,0.5829588253296385
84,3,0.25,0.8542303901060111
84,3,0.30,0.9465479037101417
84,3,0.35,0.9083705875407017
84,3,0.40,0.9475119092120288
84,3,0.45,0.9647152177746458
84,3,0.50,0.9711243481616547
84,3,0.55,0.9678521693179617
84,3,0.60,0.9816895291204311
84,3,0.65,0.9762571011030037
84,3,0.70,0.976746444125769
84,3,0.75,0.9489556661342995
84,3,0.80,0.9494278384688175
84,3,0.85,0.9813955675348467
84,3,0.90,0.9565284795937345
84,3,0.95,0.9677139854183238
84,4,0.05,0.5187402623161972
84,4,0.10,0.2710135539701424
84,4,0.15,0.7555733495956733
84,4,0.20,0.913887161747852
84,4,0.25,0.9601480670652339
84,4,0.30,0.945431350332785
84,4,0.35,0.9544844065541722
84,4,0.40,0.9266905127687701
84,4,0.45,0.9538061320585712
84,4,0.50,0.9735077098913643
84,4,0.55,0.9616483363522169
84,4,0.60,0.9333128252825948
84,4,0.65,0.975809382247179
84,4,0.70,0.975539054584156
84,4,0.75,0.9457271466209786
84,4,0.80,0.9613041606741544
84,4,0.85,0.9754481845505686
84,4,0.90,0.948247146671481
84,4,0.95,0.9673360163595871
84,5,0.05,0.9041295645546193
84,5,0.10,0.8711201055516828
84,5,0.15,0.8151177214184157
84,5,0.20,0.9511996361714412
84,5,0.25,0.9815390775100179
84,5,0.30,0.9537543028265653
84,5,0.35,0.9705924490132929
84,5,0.40,0.9007631890080932
84,5,0.45,0.957071551825952
84,5,0.50,0.9571720524560202
84,5,0.55,0.9358701997610673
84,5,0.60,0.9597632603208377
84,5,0.65,0.975928237653176
84,5,0.70,0.9600853935397555
84,5,0.75,0.9676128374515524
84,5,0.80,0.9848109177064629
84,5,0.85,0.978517838328097
84,5,0.90,0.9815988580941154
84,5,0.95,0.9735200110220574
84,6,0.05,0.9502211914590031
84,6,0.10,0.8829763758550649
84,6,0.15,0.9440016319667309
84,6,0.20,0.9883196793166165
84,6,0.25,0.95975694947615
84,6,0.30,0.9272259762112008
84,6,0.35,0.966519416775352
84,6,0.40,0.9785171518991193
84,6,0.45,0.988569986095946
84,6,0.50,0.9651628845778158
84,6,0.55,0.9825369572958955
84,6,0.60,0.9655094098557461
84,6,0.65,0.9810257053103927
84,6,0.70,0.9818747647150234
84,6,0.75,0.955472645898875
84,6,0.80,0.9787518359039165
84,6,0.85,0.9801076637922586
84,6,0.90,0.9713940717801968
84,6,0.95,0.9723379466919346
84,7,0.05,0.6780478309958078
84,7,0.10,0.7383661934033634
84,7,0.15,0.8332631216237529
84,7,0.20,0.8579010371253974
84,7,0.25,0.9400235211858772
84,7,0.30,0.9461843413233506
84,7,0.35,0.9420353393487747
84,7,0.40,0.9489451483446796
84,7,0.45,0.9611719203593494
84,7,0.50,0.9703945727666018
84,7,0.55,0.9658720589919078
84,7,0.60,0.9801930506237914
84,7,0.65,0.9812550705021074
84,7,0.70,0.9665436918152147
84,7,0.75,0.9436439954430922
84,7,0.80,0.9877817219309798
84,7,0.85,0.9804652052960977
84,7,0.90,0.9721212893826543
84,7,0.95,0.9671459341874524
84,8,0.05,-0.2666454094280375
84,8,0.10,0.7702117730525583
84,8,0.15,0.7490136042052712
84,8,0.20,0.9263854151702225
84,8,0.25,0.9330294679576066
84,8,0.30,0.9511258319144219
84,8,0.35,0.9559820692417385
84,8,0.40,0.9758859414932148
84,8,0.45,0.9669383927479804
84,8,0.50,0.9161128965057335
84,8,0.55,0.9919233673510333
84,8,0.60,0.9222899151477302
84,8,0.65,0.982349105990853
84,8,0.70,0.9841410423545817
84,8,0.75,0.9843038282596188
84,8,0.80,0.9834973343015558
84,8,0.85,0.9704870957719208
84,8,0.90,0.9845629595186149
84,8,0.95,0.968412879246517
84,9,0.05,0.7847210302482096
84,9,0.10,0.6825844934762327
84,9,0.15,0.8237511497076109
84,9,0.20,0.9077630083348582
84,9,0.25,0.9629860437209344
84,9,0.30,0.8949575248824757
84,9,0.35,0.9698192299763928
84,9,0.40,0.9586702732390424
84,9,0.45,0.9763464260168774
84,9,0.50,0.9625191113083441
84,9,0.55,0.9450852920080319
84,9,0.60,0.970453955768355
84,9,0.65,0.9739239353011084
84,9,0.70,0.9765941535533134
84,9,0.75,0.9647756529728431
84,9,0.80,0.9799707192884591
84,9,0.85,0.9721723992386786
84,9,0.90,0.9832687827358769
84,9,0.95,0.9787823938526249
85,0,0.05,0.6870245797738679
85,0,0.10,0.989621758436914
85,0,0.15,0.8663667986553045
85,0,0.20,0.946761542236206
85,0,0.25,0.9454353321066662
85,0,0.30,0.9627146288993863
85,0,0.35,0.9730457976928036
85,0,0.40,0.967548673142607
85,0,0.45,0.9690183765261268
85,0,0.50,0.9691227422051285
85,0,0.55,0.9747488046483233
85,0,0.60,0.9736979442644407
85,0,0.65,0.9782225259657997
85,0,0.70,0.9703896285931679
85,0,0.75,0.9898028184947533
85,0,0.80,0.9798398609466764
85,0,0.85,0.9794021253836367
85,0,0.90,0.9786383573878654
85,0,0.95,0.982194288733059
85,1,0.05,0.7413442968320881
85,1,0.10,0.775850583654283
85,1,0.15,0.8837077005778967
85,1,0.20,0.9363026396071856
85,1,0.25,0.9590659976584396
85,1,0.30,0.9627499400788473
85,1,0.35,0.9530897435082485
85,1,0.40,0.9636995986069173
85,1,0.45,0.9163067256877082
85,1,0.50,0.9795958572396575
85,1,0.55,0.9844040038669554
85,1,0.60,0.9800407403218712
85,1,0.65,0.9833821744711909
85,1,0.70,0.9802526612536926
85,1,0.75,0.9669233696262601
85,1,0.80,0.9681580820014069
85,1,0.85,0.9794539132480946
85,1,0.90,0.975197310200858
85,1,0.95,0.9444087386695673
85,2,0.05,0.9759505916068445
85,2,0.10,0.8193571739792138
85,2,0.15,0.8781734250132179
85,2,0.20,0.9821611035165528
85,2,0.25,0.9788388578345971
85,2,0.30,0.9810976668590284
85,2,0.35,0.959641054060646
85,2,0.40,0.9510505042576392
85,2,0.45,0.9699351078277741
85,2,0.50,0.9664205164916093
85,2,0.55,0.973655439758292
85,2,0.60,0.9769911932829368
85,2,0.65,0.9724871550327234
85,2,0.70,0.9743508494614007
85,2,0.75,0.9741753247548111
85,2,0.80,0.9761602999772834
85,2,0.85,0.9818645337462124
85,2,0.90,0.9710332806533644
85,2,0.95,0.9751673441159306
85,3,0.05,0.20356228642553065
85,3,0.10,0.43715419449229675
85,3,0.15,0.9921986730936763
85,3,0.20,0.8231795654482124
85,3,0.25,0.8725519304091941
85,3,0.30,0.981499014700094
85,3,0.35,0.9683717811256657
85,3,0.40,0.9706992274915675
85,3,0.45,0.9670670192923472
85,3,0.50,0.9737629863383614
85,3,0.55,0.9688739157687867
85,3,0.60,0.9533489304312771
85,3,0.65,0.9702353731586092
85,3,0.70,0.9788713746095943
85,3,0.75,0.9788678839843894
85,3,0.80,0.9803331631760389
85,3,0.85,0.9753506074957854
85,3,0.90,0.9772013042113838
85,3,0.95,0.9810876172323946
85,4,0.05,-0.3942562929282112
85,4,0.10,0.7143435918625536
85,4,0.15,0.4991800740618265
85,4,0.20,0.8901935169125104
85,4,0.25,0.965060001760966
85,4,0.30,0.9609467381905239
85,4,0.35,0.9713720962193487
85,4,0.40,0.9851378185183917
85,4,0.45,0.9717621365237585
85,4,0.50,0.9505367824604519
85,4,0.55,0.9790246341488466
85,4,0.60,0.9748783826869925
85,4,0.65,0.987159202475251
85,4,0.70,0.9577660254556027
85,4,0.75,0.9703285727889187
85,4,0.80,0.9717314142918982
85,4,0.85,0.9733121788319505
85,4,0.90,0.9686535127787179
85,4,0.95,0.9568649127125438
85,5,0.05,0.5782263140890619
85,5,0.10,0.7123252868030417
85,5,0.15,0.9263005790172336
85,5,0.20,0.8741689645230472
85,5,0.25,0.8454015518383098
85,5,0.30,0.9852331564036932
85,5,0.35,0.9688771878337513
85,5,0.40,0.9733956832377471
85,5,0.45,0.9602024574286301
85,5,0.50,0.9782164589894581
85,5,0.55,0.975648793672033
85,5,0.60,0.9905743046915678
85,5,0.65,0.9691439258407465
85,5,0.70,0.9747165480590034
85,5,0.75,0.9599007923057934
85,5,0.80,0.9748880034415924
85,5,0.85,0.9755371865732542
85,5,0.90,0.9634823574363032
85,5,0.95,0.9722185284737549
85,6,0.05,0.9070409630648671
85,6,0.10,0.895512262761298
85,6,0.15,0.9058328718373079
85,6,0.20,0.8786243831139566
85,6,0.25,0.8800158803313058
85,6,0.30,0.9167997132688892
85,6,0.35,0.9619425675060845
85,6,0.40,0.9706374976859048
85,6,0.45,0.9789377169686656
85,6,0.50,0.978399668700672
85,6,0.55,0.9693299433333264
85,6,0.60,0.9626220992504205
85,6,0.65,0.9720690815411912
85,6,0.70,0.982994234558842
85,6,0.75,0.9585301951117269
85,6,0.80,0.9710979313812845
85,6,0.85,0.9688460385835973
85,6,0.90,0.9715561686960081
85,6,0.95,0.9823392476253437
85,7,0.05,-1.40643996111192
85,7,0.10,0.3409559349398311
85,7,0.15,0.9339056487149933
85,7,0.20,0.957232134879441
85,7,0.25,0.7923633885889746
85,7,0.30,0.8082030621367078
85,7,0.35,0.9212603488781355
85,7,0.40,0.9403374369331943
85,7,0.45,0.9287025134469105
85,7,0.50,0.9406009712000315
85,7,0.55,0.9697689566189281
85,7,0.60,0.9698810314067657
85,7,0.65,0.9667448807695109
85,7,0.70,0.9639635399045614
85,7,0.75,0.9713820495618682
85,7,0.80,0.972941976916817
85,7,0.85,0.9770566325033906
85,7,0.90,0.957834463063387
85,7,0.95,0.9817917286571909
85,8,0.05,0.46150522075897693
85,8,0.10,0.8482984563825141
85,8,0.15,0.5837323296252033
85,8,0.20,0.9589078972675527
85,8,0.25,0.9648886175507236
85,8,0.30,0.9821070414911284
85,8,0.35,0.951705029270405
85,8,0.40,0.9818830936059896
85,8,0.45,0.9339063608451249
85,8,0.50,0.9681416720341514
85,8,0.55,0.9750308588292906
85,8,0.60,0.9740337189001322
85,8,0.65,0.9680477111269209
85,8,0.70,0.9735122484450544
85,8,0.75,0.978826304686375
85,8,0.80,0.9719482748163242
85,8,0.85,0.986919765707542
85,8,0.90,0.980594951030724
85,8,0.95,0.9737132925272047
85,9,0.05,0.7258674225708884
85,9,0.10,0.7168560895038119
85,9,0.15,0.9307246736619958
85,9,0.20,0.9533873285734092
85,9,0.25,0.9843816482966322
85,9,0.30,0.9709476619640275
85,9,0.35,0.9716191086412393
85,9,0.40,0.9572153563790193
85,9,0.45,0.9638055803284147
85,9,0.50,0.9731701454439518
85,9,0.55,0.9472917259759875
85,9,0.60,0.956340621281223
85,9,0.65,0.964816740847918
85,9,0.70,0.9366528425963339
85,9,0.75,0.9693120776130838
85,9,0.80,0.9771312683757305
85,9,0.85,0.9724222379002871
85,9,0.90,0.9686021595901367
85,9,0.95,0.9631416390973335
86,0,0.05,0.8742619006220649
86,0,0.10,0.9168028457462878
86,0,0.15,0.935605382925147
86,0,0.20,0.9140156009575551
86,0,0.25,0.8904862686085202
86,0,0.30,0.9003122649566668
86,0,0.35,0.9566334692092026
86,0,0.40,0.9085841862295863
86,0,0.45,0.9824495574076252
86,0,0.50,0.9594166026462227
86,0,0.55,0.9804778503407106
86,0,0.60,0.9600674692783508
86,0,0.65,0.9572075009220998
86,0,0.70,0.969643237059842
86,0,0.75,0.9724414776489296
86,0,0.80,0.9652821990126995
86,0,0.85,0.9750170035666198
86,0,0.90,0.9488919030680143
86,0,0.95,0.9547781890880448
86,1,0.05,0.9478468978818712
86,1,0.10,0.7866843422056778
86,1,0.15,0.9455357996423398
86,1,0.20,0.8611072373397636
86,1,0.25,0.9431308936914957
86,1,0.30,0.9552541661560884
86,1,0.35,0.9623811392695171
86,1,0.40,0.9286051962584496
86,1,0.45,0.9609300298114183
86,1,0.50,0.9836337270835084
86,1,0.55,0.9748986950570943
86,1,0.60,0.9507694346960864
86,1,0.65,0.9503397256159334
86,1,0.70,0.9762916367929076
86,1,0.75,0.9773666335009732
86,1,0.80,0.9672726748618509
86,1,0.85,0.9435935986440015
86,1,0.90,0.9545880360906124
86,1,0.95,0.9561305266265867
86,2,0.05,0.40306543530512473
86,2,0.10,0.8686644687279128
86,2,0.15,0.893267156216003
86,2,0.20,0.8774331663460475
86,2,0.25,0.9229199151734624
86,2,0.30,0.9507100655291695
86,2,0.35,0.920333141198495
86,2,0.40,0.9460860261030394
86,2,0.45,0.9684596075007652
86,2,0.50,0.9552665591490244
86,2,0.55,0.972103705610031
86,2,0.60,0.9750456132261655
86,2,0.65,0.9470941117390647
86,2,0.70,0.9548176909398995
86,2,0.75,0.9460184488998349
86,2,0.80,0.9492528887970665
86,2,0.85,0.9713833721731644
86,2,0.90,0.9789625706419128
86,2,0.95,0.9690073826831792
86,3,0.05,0.08223859629436359
86,3,0.10,0.8006501481412163
86,3,0.15,0.8790957347234298
86,3,0.20,0.8862618371857317
86,3,0.25,0.8352667992345905
86,3,0.30,0.9465757817757533
86,3,0.35,0.966539307461187
86,3,0.40,0.9704491235314192
86,3,0.45,0.970038791134132
86,3,0.50,0.9747579104291559
86,3,0.55,0.964742371595245
86,3,0.60,0.9615951892421355
86,3,0.65,0.9792715011292131
86,3,0.70,0.9450332316334931
86,3,0.75,0.9588417384653207
86,3,0.80,0.9674235022654933
86,3,0.85,0.9535586286826154
86,3,0.90,0.9719658285874312
86,3,0.95,0.9620241776012423
86,4,0.05,0.8947474288421271
86,4,0.10,0.6528516619329738
86,4,0.15,0.8371269696508721
86,4,0.20,0.9749725874748892
86,4,0.25,0.9577786129297376
86,4,0.30,0.9836462200711042
86,4,0.35,0.9681508841723282
86,4,0.40,0.9743773181738669
86,4,0.45,0.9661822474480536
86,4,0.50,0.9511819295679368
86,4,0.55,0.9802436110412845
86,4,0.60,0.9396912258208593
86,4,0.65,0.9459833700413931
86,4,0.70,0.9422413284578127
86,4,0.75,0.9790427525716258
86,4,0.80,0.9766066260755403
86,4,0.85,0.9668928860111263
86,4,0.90,0.965048605857923
86,4,0.95,0.9778663876328338
86,5,0.05,0.8763819983243323
86,5,0.10,0.7350757394700083
86,5,0.15,0.9670444332678547
86,5,0.20,0.9590278913040936
86,5,0.25,0.8649062423894712
86,5,0.30,0.9834034731348749
86,5,0.35,0.9648350722623358
86,5,0.40,0.9545029215790853
86,5,0.45,0.9648498735300246
86,5,0.50,0.9845766705652886
86,5,0.55,0.9582185406852379
86,5,0.60,0.9648566253970982
86,5,0.65,0.9581492862216386
86,5,0.70,0.9818169997298198
86,5,0.75,0.9793121414633634
86,5,0.80,0.9660241930286845
86,5,0.85,0.9780357596808122
86,5,0.90,0.9773741465689426
86,5,0.95,0.942698808265621
86,6,0.05,0.9729884410465695
86,6,0.10,0.7907898002823832
86,6,0.15,0.8918740567209428
86,6,0.20,0.9283887986480656
86,6,0.25,0.9440292103419073
86,6,0.30,0.9133736511368682
86,6,0.35,0.9316466621499595
86,6,0.40,0.9556321588768905
86,6,0.45,0.9062472551085411
86,6,0.50,0.9597641273042926
86,6,0.55,0.9491923384776741
86,6,0.60,0.9569479350720859
86,6,0.65,0.9506558025660644
86,6,0.70,0.952463157855469
86,6,0.75,0.9608597333511101
86,6,0.80,0.9815962102820901
86,6,0.85,0.9657839949713541
86,6,0.90,0.9661786391125566
86,6,0.95,0.9618579648007644
86,7,0.05,0.8834156968125356
86,7,0.10,0.9054025580407191
86,7,0.15,0.6054439871896666
86,7,0.20,0.9122178500598068
86,7,0.25,0.8266551280730896
86,7,0.30,0.921346179744009
86,7,0.35,0.909459201490263
86,7,0.40,0.9035078764343709
86,7,0.45,0.9595042842266494
86,7,0.50,0.9699806513684089
86,7,0.55,0.9786741524640087
86,7,0.60,0.9746492665534544
86,7,0.65,0.970821987096843
86,7,0.70,0.9577620570646682
86,7,0.75,0.9648409074700693
86,7,0.80,0.972004189387122
86,7,0.85,0.9442073029297003
86,7,0.90,0.9656676684325016
86,7,0.95,0.9724019850507966
86,8,0.05,0.6979943677976099
86,8,0.10,0.8453950911019106
86,8,0.15,0.86412111398208
86,8,0.20,0.9214535595818861
86,8,0.25,0.9507274423955019
86,8,0.30,0.8843596665785607
86,8,0.35,0.9319513524544965
86,8,0.40,0.9551055654316085
86,8,0.45,0.9488886346471535
86,8,0.50,0.9540544717677741
86,8,0.55,0.9631933564268331
86,8,0.60,0.9526643860973578
86,8,0.65,0.9544403417232868
86,8,0.70,0.9750196115522464
86,8,0.75,0.9661712800393245
86,8,0.80,0.9693913975862919
86,8,0.85,0.9660279200594862
86,8,0.90,0.9742398392820417
86,8,0.95,0.9773449430426953
86,9,0.05,0.9471485639345208
86,9,0.10,0.9543620178769575
86,9,0.15,0.8853238486199081
86,9,0.20,0.9510529336192047
86,9,0.25,0.9313849229072078
86,9,0.30,0.965970663408144
86,9,0.35,0.9588368856361356
86,9,0.40,0.9686647970054749
86,9,0.45,0.9832892331516558
86,9,0.50,0.9866464555822303
86,9,0.55,0.9796753311170318
86,9,0.60,0.9796944663759993
86,9,0.65,0.9839721394046708
86,9,0.70,0.9925875500251194
86,9,0.75,0.9854044132257672
86,9,0.80,0.981385465154722
86,9,0.85,0.9606812589444657
86,9,0.90,0.9463253293805067
86,9,0.95,0.9873205778867558
87,0,0.05,0.8872703520541443
87,0,0.10,0.8049334976436979
87,0,0.15,0.9753487076164254
87,0,0.20,0.92305193650061
87,0,0.25,0.9675869225880356
87,0,0.30,0.9148364956533681
87,0,0.35,0.9624381670858974
87,0,0.40,0.9690719838307851
87,0,0.45,0.960352548001776
87,0,0.50,0.97749700195135
87,0,0.55,0.973917281589965
87,0,0.60,0.9723662363918192
87,0,0.65,0.9667896910042715
87,0,0.70,0.9044903024219865
87,0,0.75,0.9505224629208471
87,0,0.80,0.9179210771742913
87,0,0.85,0.9198198337334479
87,0,0.90,0.9320255337092107
87,0,0.95,0.920650085947729
87,1,0.05,0.8629527401085363
87,1,0.10,0.8030293864700084
87,1,0.15,0.9039067466102517
87,1,0.20,0.9118880068262702
87,1,0.25,0.8652160446604783
87,1,0.30,0.9123430683639671
87,1,0.35,0.9185299185315097
87,1,0.40,0.9235652239013521
87,1,0.45,0.9512574246803955
87,1,0.50,0.966258747423388
87,1,0.55,0.9828164247279417
87,1,0.60,0.9675919844801653
87,1,0.65,0.9733608922583401
87,1,0.70,0.970517415071592
87,1,0.75,0.9736020466742981
87,1,0.80,0.9827856438084984
87,1,0.85,0.9736863119168808
87,1,0.90,0.9538884799141395
87,1,0.95,0.9714128164759969
87,2,0.05,0.794723922392935
87,2,0.10,0.7327515268243987
87,2,0.15,0.9184824128139664
87,2,0.20,0.8924190227036216
87,2,0.25,0.8046265446235875
87,2,0.30,0.9781040058079674
87,2,0.35,0.9701210947884599
87,2,0.40,0.9523932363044666
87,2,0.45,0.9650252738947329
87,2,0.50,0.9435666386916931
87,2,0.55,0.9614132024820752
87,2,0.60,0.9686576351952746
87,2,0.65,0.9529815598554829
87,2,0.70,0.9735299091539986
87,2,0.75,0.9805598260406386
87,2,0.80,0.8696800410005695
87,2,0.85,0.9708839273749098
87,2,0.90,0.9766899317323369
87,2,0.95,0.9670242158596151
87,3,0.05,0.9236016164137055
87,3,0.10,0.20947804693012795
87,3,0.15,0.9717139653318307
87,3,0.20,0.8939872155575398
87,3,0.25,0.9714615439236157
87,3,0.30,0.9758146961240977
87,3,0.35,0.8885358780605885
87,3,0.40,0.9533866259643761
87,3,0.45,0.9524102729331958
87,3,0.50,0.9483629989243676
87,3,0.55,0.9680114224255377
87,3,0.60,0.9722089091579273
87,3,0.65,0.9655854164169706
87,3,0.70,0.966204936523783
87,3,0.75,0.9696516522327073
87,3,0.80,0.9665613880346863
87,3,0.85,0.9756352959215616
87,3,0.90,0.9799181546280121
87,3,0.95,0.9806379083230709
87,4,0.05,0.7767525955547023
87,4,0.10,0.8690550523870817
87,4,0.15,0.8711131558279274
87,4,0.20,0.8691959717939506
87,4,0.25,0.948285309010214
87,4,0.30,0.8818660671799703
87,4,0.35,0.8970717064580134
87,4,0.40,0.8729639410335607
87,4,0.45,0.860191623920689
87,4,0.50,0.945134977759821
87,4,0.55,0.9562883958195476
87,4,0.60,0.9668875736632708
87,4,0.65,0.9653787789870997
87,4,0.70,0.9685988216973903
87,4,0.75,0.9689220438463728
87,4,0.80,0.9784867543069987
87,4,0.85,0.9735866779629911
87,4,0.90,0.9732643222492726
87,4,0.95,0.9532030618292164
87,5,0.05,0.8888442215675216
87,5,0.10,0.8296894904138011
87,5,0.15,0.839088547017762
87,5,0.20,0.8586725484845132
87,5,0.25,0.9592956514377345
87,5,0.30,0.8745282456688703
87,5,0.35,0.9762479723943924
87,5,0.40,0.9750049381057884
87,5,0.45,0.9567562851116879
87,5,0.50,0.951861007521461
87,5,0.55,0.9016860970448257
87,5,0.60,0.9611043546937035
87,5,0.65,0.9657599959388714
87,5,0.70,0.9766710986017269
87,5,0.75,0.9826974540785287
87,5,0.80,0.9729464961934353
87,5,0.85,0.9671967766999526
87,5,0.90,0.980662470409986
87,5,0.95,0.9683492249620356
87,6,0.05,0.9903086715841997
87,6,0.10,0.6973717174829358
87,6,0.15,0.8360249393113741
87,6,0.20,0.8893984229030352
87,6,0.25,0.8738833853851052
87,6,0.30,0.9687028891614327
87,6,0.35,0.8991621871247726
87,6,0.40,0.9156941031930036
87,6,0.45,0.9013049322512265
87,6,0.50,0.9480161971901557
87,6,0.55,0.9684637032487887
87,6,0.60,0.9559217046646709
87,6,0.65,0.9744175537930163
87,6,0.70,0.9799650398404254
87,6,0.75,0.9706652314800193
87,6,0.80,0.9716941538902855
87,6,0.85,0.9750489709549292
87,6,0.90,0.9831319031430578
87,6,0.95,0.9775955750752979
87,7,0.05,0.7245581310252739
87,7,0.10,0.8215443177025665
87,7,0.15,0.9307948256369043
87,7,0.20,0.8084051906616223
87,7,0.25,0.9830497600944476
87,7,0.30,0.843835490840631
87,7,0.35,0.9644570107381212
87,7,0.40,0.8868939664888644
87,7,0.45,0.9562846402502827
87,7,0.50,0.9670937792536264
87,7,0.55,0.9633003929900233
87,7,0.60,0.9530938788849771
87,7,0.65,0.9557294917438063
87,7,0.70,0.9599680435284031
87,7,0.75,0.9807772637190071
87,7,0.80,0.9813972908198336
87,7,0.85,0.9707530197339355
87,7,0.90,0.9854674234996901
87,7,0.95,0.9869530990133741
87,8,0.05,0.9275164152060434
87,8,0.10,0.6590178731449806
87,8,0.15,0.9351528744966084
87,8,0.20,0.7818340970566989
87,8,0.25,0.9185853282061985
87,8,0.30,0.9426095465125051
87,8,0.35,0.9329146134000456
87,8,0.40,0.9771379973365734
87,8,0.45,0.9677824956210463
87,8,0.50,0.9435368068105361
87,8,0.55,0.9751674726831967
87,8,0.60,0.9558962489826703
87,8,0.65,0.9675080352056529
87,8,0.70,0.9234054084222155
87,8,0.75,0.9752116376101019
87,8,0.80,0.9762606507616761
87,8,0.85,0.9705146032086827
87,8,0.90,0.977508552933123
87,8,0.95,0.9757589313658643
87,9,0.05,0.8348312072318245
87,9,0.10,0.8779343605832564
87,9,0.15,0.820216606921211
87,9,0.20,0.8620079580765907
87,9,0.25,0.9711596715069113
87,9,0.30,0.9476025015386935
87,9,0.35,0.9043975694578835
87,9,0.40,0.9510611066467317
87,9,0.45,0.9552346740959297
87,9,0.50,0.9577191889500397
87,9,0.55,0.9683946367362507
87,9,0.60,0.9612871759311673
87,9,0.65,0.966467733757497
87,9,0.70,0.960394557884994
87,9,0.75,0.9770574184301224
87,9,0.80,0.9820537948358055
87,9,0.85,0.9737491306595045
87,9,0.90,0.9770266420574447
87,9,0.95,0.9753896444434647
88,0,0.05,0.5663926352207347
88,0,0.10,0.8481265529522226
88,0,0.15,0.8935638382608877
88,0,0.20,0.8626089406728985
88,0,0.25,0.9691269930765047
88,0,0.30,0.9105851951764681
88,0,0.35,0.9500728471343721
88,0,0.40,0.9813077966640291
88,0,0.45,0.977377579823934
88,0,0.50,0.9791840635326471
88,0,0.55,0.9799624065247318
88,0,0.60,0.9631091884587011
88,0,0.65,0.9851954383386328
88,0,0.70,0.9592278552657374
88,0,0.75,0.9716079834260748
88,0,0.80,0.975670933583149
88,0,0.85,0.9807402618370589
88,0,0.90,0.9760385504944591
88,0,0.95,0.9784030625552977
88,1,0.05,0.5693744234378982
88,1,0.10,0.8324858011934928
88,1,0.15,0.6902155160188964
88,1,0.20,0.9651669375541039
88,1,0.25,0.9578696413273393
88,1,0.30,0.9389285303909678
88,1,0.35,0.9645107456187135
88,1,0.40,0.9634308758011898
88,1,0.45,0.978725017022189
88,1,0.50,0.9780055174312049
88,1,0.55,0.9554404895617853
88,1,0.60,0.9766787612201999
88,1,0.65,0.9610912540372782
88,1,0.70,0.9745204703439446
88,1,0.75,0.9597976363868028
88,1,0.80,0.965258485901759
88,1,0.85,0.9627307897058512
88,1,0.90,0.9716115627692667
88,1,0.95,0.9646075801107169
88,2,0.05,0.703821299158679
88,2,0.10,0.9392773308010682
88,2,0.15,0.8494545562480059
88,2,0.20,0.8761820771613593
88,2,0.25,0.6301634461954005
88,2,0.30,0.952707938960866
88,2,0.35,0.9166681405055241
88,2,0.40,0.9657257013509248
88,2,0.45,0.956315636833979
88,2,0.50,0.9664669782398083
88,2,0.55,0.9486165163043768
88,2,0.60,0.9782041968355034
88,2,0.65,0.9707968339852583
88,2,0.70,0.9778239424787426
88,2,0.75,0.9860483473885329
88,2,0.80,0.9742238478846105
88,2,0.85,0.9767618994401888
88,2,0.90,0.9790167153239735
88,2,0.95,0.9714629270034191
88,3,0.05,0.5690399474834213
88,3,0.10,0.5935504936357019
88,3,0.15,0.9713570210114542
88,3,0.20,0.8939644694798012
88,3,0.25,0.9533796070757269
88,3,0.30,0.9643895223506097
88,3,0.35,0.9842925767034548
88,3,0.40,0.9642696001462842
88,3,0.45,0.9563166985769531
88,3,0.50,0.9630818011633613
88,3,0.55,0.9747446482401639
88,3,0.60,0.9661082101710061
88,3,0.65,0.975106733954751
88,3,0.70,0.9726563837392431
88,3,0.75,0.9742206857809911
88,3,0.80,0.9790166105343024
88,3,0.85,0.9688172192498712
88,3,0.90,0.9752978495453843
88,3,0.95,0.9779803127414755
88,4,0.05,-0.7113187731927921
88,4,0.10,0.9481900976023143
88,4,0.15,0.918310526270295
88,4,0.20,0.8931421648537575
88,4,0.25,0.9525517587118315
88,4,0.30,0.9065151926069254
88,4,0.35,0.9276512836080222
88,4,0.40,0.9596489093375965
88,4,0.45,0.9195666092409085
88,4,0.50,0.9678504263632575
88,4,0.55,0.9814502568816407
88,4,0.60,0.9697784486933274
88,4,0.65,0.9605970797481787
88,4,0.70,0.9852766787506342
88,4,0.75,0.9705592083959195
88,4,0.80,0.9790284467980501
88,4,0.85,0.9674497975084541
88,4,0.90,0.9637234503182528
88,4,0.95,0.9830135656934635
88,5,0.05,0.5809878738312915
88,5,0.10,0.8317697305315094
88,5,0.15,0.9542533190417266
88,5,0.20,0.8882100084173262
88,5,0.25,0.9184556582290838
88,5,0.30,0.7908600734342156
88,5,0.35,0.9753650153887649
88,5,0.40,0.9488654271734556
88,5,0.45,0.9555242979085343
88,5,0.50,0.9687689343023163
88,5,0.55,0.9552328628013899
88,5,0.60,0.974307673387206
88,5,0.65,0.971857007529408
88,5,0.70,0.9686967207587885
88,5,0.75,0.9615135465093674
88,5,0.80,0.9566968162466839
88,5,0.85,0.9714904555234624
88,5,0.90,0.9808578150378124
88,5,0.95,0.9771650092322397
88,6,0.05,0.7966848013687469
88,6,0.10,0.9603575308484694
88,6,0.15,0.9197245150658303
88,6,0.20,0.6658232921344723
88,6,0.25,0.9714745594575342
88,6,0.30,0.9160774549016748
88,6,0.35,0.9347727816133266
88,6,0.40,0.9646068712573193
88,6,0.45,0.9698996918424001
88,6,0.50,0.9760719112572998
88,6,0.55,0.958324219131128
88,6,0.60,0.9707800313896421
88,6,0.65,0.9584353872223716
88,6,0.70,0.978200834430992
88,6,0.75,0.960268329010858
88,6,0.80,0.9747780054205295
88,6,0.85,0.9766311872277594
88,6,0.90,0.9811568451809333
88,6,0.95,0.9743737410269915
88,7,0.05,0.6871193460425911
88,7,0.10,0.9562867670907198
88,7,0.15,0.7591965719371379
88,7,0.20,0.8671406422331333
88,7,0.25,0.9809157266799535
88,7,0.30,0.9542926431716534
88,7,0.35,0.9615829527829673
88,7,0.40,0.9800688713648217
88,7,0.45,0.9576172942635504
88,7,0.50,0.9802606922250454
88,7,0.55,0.9718054389045291
88,7,0.60,0.9615393362530628
88,7,0.65,0.9724800169220068
88,7,0.70,0.9625095356054153
88,7,0.75,0.967223403927396
88,7,0.80,0.9735568920840373
88,7,0.85,0.9782251977779811
88,7,0.90,0.9741737513820963
88,7,0.95,0.9807315094479498
88,8,0.05,0.5977765532962547
88,8,0.10,0.9074113613334353
88,8,0.15,0.9174814412788498
88,8,0.20,0.9400327296383582
88,8,0.25,0.9082805424109242
88,8,0.30,0.9407014520430966
88,8,0.35,0.9600890320140603
88,8,0.40,0.9739271138520187
88,8,0.45,0.9760772910024846
88,8,0.50,0.924778331799492
88,8,0.55,0.9896482965464574
88,8,0.60,0.985167521510307
88,8,0.65,0.9824171657928564
88,8,0.70,0.9765285944417917
88,8,0.75,0.9763143084367955
88,8,0.80,0.9615601530663332
88,8,0.85,0.9743733276420713
88,8,0.90,0.9883044835405355
88,8,0.95,0.9808767447016913
88,9,0.05,0.9170431420543659
88,9,0.10,0.8396331435008679
88,9,0.15,0.9857716734336944
88,9,0.20,0.8972902134216522
88,9,0.25,0.9358438388798029
88,9,0.30,0.9337921666047712
88,9,0.35,0.948577694379624
88,9,0.40,0.9677757470294782
88,9,0.45,0.9696214275819416
88,9,0.50,0.9785705891743844
88,9,0.55,0.9723096002101934
88,9,0.60,0.9691616040581795
88,9,0.65,0.9594559857055829
88,9,0.70,0.9659527507693816
88,9,0.75,0.9775813210405698
88,9,0.80,0.9853559148010214
88,9,0.85,0.98311420326448
88,9,0.90,0.9870389902511181
88,9,0.95,0.976567977122577
89,0,0.05,0.8090179622884839
89,0,0.10,0.7381413431622565
89,0,0.15,0.9019475653269766
89,0,0.20,0.8673472338887299
89,0,0.25,0.8838890386729672
89,0,0.30,0.9701152659281322
89,0,0.35,0.9893643963001055
89,0,0.40,0.953804342879928
89,0,0.45,0.9721333263150539
89,0,0.50,0.9798420149104632
89,0,0.55,0.9633937690338813
89,0,0.60,0.9662571776699284
89,0,0.65,0.9756776651911121
89,0,0.70,0.9699141639799146
89,0,0.75,0.9850658595156337
89,0,0.80,0.98507202999758
89,0,0.85,0.9897756725608978
89,0,0.90,0.9743655901978864
89,0,0.95,0.9798121422015934
89,1,0.05,0.9808566207721248
89,1,0.10,0.5184158758136521
89,1,0.15,0.8443160549890294
89,1,0.20,0.6071952639310192
89,1,0.25,0.946844608947186
89,1,0.30,0.9257986535406566
89,1,0.35,0.957049278461464
89,1,0.40,0.9467842279639992
89,1,0.45,0.9792836593043662
89,1,0.50,0.9738866021137692
89,1,0.55,0.979348297025992
89,1,0.60,0.972013845835663
89,1,0.65,0.9624525296924556
89,1,0.70,0.9804400397912177
89,1,0.75,0.9673773305158608
89,1,0.80,0.9654835131419468
89,1,0.85,0.9717611890573362
89,1,0.90,0.973288464313496
89,1,0.95,0.9747363576828555
89,2,0.05,0.7547850085230607
89,2,0.10,0.9510543458326444
89,2,0.15,0.7742907270881082
89,2,0.20,0.7955260542703682
89,2,0.25,0.9080633212329197
89,2,0.30,0.9524354631551321
89,2,0.35,0.9437259984086103
89,2,0.40,0.9647814749353971
89,2,0.45,0.9807801025041032
89,2,0.50,0.9849947011369943
89,2,0.55,0.9684906128681419
89,2,0.60,0.9679358272159393
89,2,0.65,0.9748564624285254
89,2,0.70,0.9607477948911871
89,2,0.75,0.9571677732005879
89,2,0.80,0.9767737886763354
89,2,0.85,0.9734091457427096
89,2,0.90,0.9838218526905107
89,2,0.95,0.9778550311051973
89,3,0.05,0.733229351915754
89,3,0.10,0.8644425086316915
89,3,0.15,0.842092698862686
89,3,0.20,0.8805017368570214
89,3,0.25,0.9072507170127924
89,3,0.30,0.9433213586933044
89,3,0.35,0.9705747822764392
89,3,0.40,0.9772449750045497
89,3,0.45,0.9627634793654904
89,3,0.50,0.9460471214716071
89,3,0.55,0.9690547841308359
89,3,0.60,0.9879254984125214
89,3,0.65,0.9655444584882691
89,3,0.70,0.973539533927086
89,3,0.75,0.9664378748158234
89,3,0.80,0.9678112007227764
89,3,0.85,0.9804722269716525
89,3,0.90,0.9787108556972944
89,3,0.95,0.9763507710105382
89,4,0.05,0.18226776920589793
89,4,0.10,0.8005027352235314
89,4,0.15,0.6905773576269054
89,4,0.20,0.8742561085729064
89,4,0.25,0.7156757452315742
89,4,0.30,0.955465545493937
89,4,0.35,0.8900187262279412
89,4,0.40,0.9635832301532836
89,4,0.45,0.9620565251864226
89,4,0.50,0.9833298605680112
89,4,0.55,0.9801406285879376
89,4,0.60,0.9793396293627354
89,4,0.65,0.9635846090696394
89,4,0.70,0.9858728534171268
89,4,0.75,0.9555867721330337
89,4,0.80,0.9693097145971801
89,4,0.85,0.9708452760115887
89,4,0.90,0.973962118777404
89,4,0.95,0.9890680780707284
89,5,0.05,0.7790077720645334
89,5,0.10,0.7177385321831986
89,5,0.15,0.8474497842528057
89,5,0.20,0.8727792852599867
89,5,0.25,0.9154556420041854
89,5,0.30,0.878581326921445
89,5,0.35,0.9550441532092252
89,5,0.40,0.9709724469470038
89,5,0.45,0.9732277705772501
89,5,0.50,0.9646996835448863
89,5,0.55,0.9651451411124857
89,5,0.60,0.9743050542334973
89,5,0.65,0.9646377167740187
89,5,0.70,0.9713543013909226
89,5,0.75,0.976822640625572
89,5,0.80,0.9725950802843303
89,5,0.85,0.9748394781117752
89,5,0.90,0.9695024765128952
89,5,0.95,0.9708245276287748
89,6,0.05,0.9949825750689462
89,6,0.10,0.7996928931509834
89,6,0.15,0.8933608164317165
89,6,0.20,0.6165835586139226
89,6,0.25,0.9442678252589183
89,6,0.30,0.9702321900652605
89,6,0.35,0.9678409562650249
89,6,0.40,0.8485374791675815
89,6,0.45,0.9681627046318784
89,6,0.50,0.9696615527210493
89,6,0.55,0.9734302467233713
89,6,0.60,0.9635108575882355
89,6,0.65,0.9773425467039459
89,6,0.70,0.9710782054628253
89,6,0.75,0.9548561994795296
89,6,0.80,0.9795644271792454
89,6,0.85,0.9686922940057966
89,6,0.90,0.9693347699542427
89,6,0.95,0.9777390842827756
89,7,0.05,0.84149363353035
89,7,0.10,0.8864715763020511
89,7,0.15,0.8059741155398839
89,7,0.20,0.8744439891831821
89,7,0.25,0.9431635528539334
89,7,0.30,0.9628256524110118
89,7,0.35,0.9152764008912375
89,7,0.40,0.9675802245170034
89,7,0.45,0.960318081091972
89,7,0.50,0.9623317473714351
89,7,0.55,0.9711562127703615
89,7,0.60,0.9707679065602262
89,7,0.65,0.9611631582051161
89,7,0.70,0.9619259007187408
89,7,0.75,0.9757101097520202
89,7,0.80,0.9810151312559934
89,7,0.85,0.9760836025646663
89,7,0.90,0.9766900748376441
89,7,0.95,0.9820420333859649
89,8,0.05,0.8382549852593235
89,8,0.10,0.7100453771579165
89,8,0.15,0.805925879065705
89,8,0.20,0.8980423681388867
89,8,0.25,0.9421126471607388
89,8,0.30,0.9778044708127995
89,8,0.35,0.9555900378173929
89,8,0.40,0.9574899110564459
89,8,0.45,0.9571566345280345
89,8,0.50,0.9566440078710728
89,8,0.55,0.9689512843595841
89,8,0.60,0.9563709026084839
89,8,0.65,0.9858556069446336
89,8,0.70,0.9846596260271337
89,8,0.75,0.9666163655194919
89,8,0.80,0.9851504650519776
89,8,0.85,0.969641010304288
89,8,0.90,0.9860289426010944
89,8,0.95,0.9788291677445174
89,9,0.05,0.9392447215703157
89,9,0.10,0.9408376479472558
89,9,0.15,0.9565117118720288
89,9,0.20,0.8931103792618823
89,9,0.25,0.886171551632966
89,9,0.30,0.9669292157852566
89,9,0.35,0.9436224405101441
89,9,0.40,0.9416625111006461
89,9,0.45,0.965435954395958
89,9,0.50,0.9686747974217943
89,9,0.55,0.9810487397086181
89,9,0.60,0.9815232345527171
89,9,0.65,0.9604207078236435
89,9,0.70,0.9629575247175101
89,9,0.75,0.9625716668712381
89,9,0.80,0.9778985951922418
89,9,0.85,0.9708632410140233
89,9,0.90,0.9761270798546775
89,9,0.95,0.9713281451135839
90,0,0.05,0.9593165652619221
90,0,0.10,0.824011527088704
90,0,0.15,0.8666782466176939
90,0,0.20,0.9284259368513498
90,0,0.25,0.942769440082957
90,0,0.30,0.9252067050368049
90,0,0.35,0.9723294111239219
90,0,0.40,0.9763476999259872
90,0,0.45,0.964756140093438
90,0,0.50,0.9645980113727867
90,0,0.55,0.9623059827114916
90,0,0.60,0.9611905491772417
90,0,0.65,0.9863317061104552
90,0,0.70,0.9795607915541035
90,0,0.75,0.9773115823852736
90,0,0.80,0.9632890673341398
90,0,0.85,0.98934860038837
90,0,0.90,0.9265980395064264
90,0,0.95,0.9606186208395013
90,1,0.05,0.9523453512597658
90,1,0.10,0.8114598513116986
90,1,0.15,0.8939315996669044
90,1,0.20,0.7699902411761655
90,1,0.25,0.7909646734224364
90,1,0.30,0.8919877085226279
90,1,0.35,0.8609682354747534
90,1,0.40,0.9206124006327726
90,1,0.45,0.9730033195137416
90,1,0.50,0.9793700556176914
90,1,0.55,0.9851926266469817
90,1,0.60,0.9123955241840467
90,1,0.65,0.9816440953899487
90,1,0.70,0.9778495721878804
90,1,0.75,0.9877431521790737
90,1,0.80,0.9815601727934312
90,1,0.85,0.9710833642837813
90,1,0.90,0.9717844197472718
90,1,0.95,0.9821896913810243
90,2,0.05,0.9637003625857892
90,2,0.10,0.9489764259660033
90,2,0.15,0.8805284676422138
90,2,0.20,0.7167149772257824
90,2,0.25,0.9282335699472263
90,2,0.30,0.8873493790461732
90,2,0.35,0.8814441601660388
90,2,0.40,0.8952694687392939
90,2,0.45,0.9755908885471307
90,2,0.50,0.9779668039682109
90,2,0.55,0.9694460596708493
90,2,0.60,0.9653247660280357
90,2,0.65,0.9760234666180336
90,2,0.70,0.9765704683151943
90,2,0.75,0.976990802015197
90,2,0.80,0.9610159726517377
90,2,0.85,0.9817348623648177
90,2,0.90,0.9784451307546043
90,2,0.95,0.9857383716702652
90,3,0.05,0.9755913040336724
90,3,0.10,0.9071003015009532
90,3,0.15,0.7554865129799484
90,3,0.20,0.8958282670760707
90,3,0.25,0.5618929392174732
90,3,0.30,0.9442210885814645
90,3,0.35,0.9614471343414982
90,3,0.40,0.9284434927902747
90,3,0.45,0.9254736360636491
90,3,0.50,0.9799219251725917
90,3,0.55,0.9807613277005607
90,3,0.60,0.9617885617269326
90,3,0.65,0.9727547200299367
90,3,0.70,0.9648948759684517
90,3,0.75,0.9813538302895326
90,3,0.80,0.9835581974764496
90,3,0.85,0.9816488087519575
90,3,0.90,0.9746658250206363
90,3,0.95,0.9647955863128941
90,4,0.05,0.9174815388354085
90,4,0.10,0.9784243385599669
90,4,0.15,0.5655710975584727
90,4,0.20,0.7360013774297547
90,4,0.25,0.9237274986535039
90,4,0.30,0.8646463166852733
90,4,0.35,0.9330029956233835
90,4,0.40,0.956478331019494
90,4,0.45,0.9795397770668793
90,4,0.50,0.9538576903075104
90,4,0.55,0.9693129278774902
90,4,0.60,0.9752556663808452
90,4,0.65,0.9525710896369276
90,4,0.70,0.9769905790254017
90,4,0.75,0.9899606949805745
90,4,0.80,0.9840314775858212
90,4,0.85,0.9564188428378885
90,4,0.90,0.9813263795286391
90,4,0.95,0.9753448623456764
90,5,0.05,0.9760023923046275
90,5,0.10,0.854620919201578
90,5,0.15,0.9239200452585551
90,5,0.20,0.9180390402707852
90,5,0.25,0.7917359347274586
90,5,0.30,0.9539205651615101
90,5,0.35,0.9631407796375294
90,5,0.40,0.9679562418638277
90,5,0.45,0.9787658736288872
90,5,0.50,0.9736318382180338
90,5,0.55,0.9779092212506563
90,5,0.60,0.9765224864562274
90,5,0.65,0.9683488624880245
90,5,0.70,0.9915961109112158
90,5,0.75,0.9844794278388881
90,5,0.80,0.9728572724317303
90,5,0.85,0.9776482368053677
90,5,0.90,0.9714269156575427
90,5,0.95,0.9788501955306316
90,6,0.05,0.9428596882696539
90,6,0.10,0.9333432854590729
90,6,0.15,0.9571828132329023
90,6,0.20,0.9424998565797172
90,6,0.25,0.7854051837691025
90,6,0.30,0.9278683587578278
90,6,0.35,0.9745720783074684
90,6,0.40,0.9521267672684823
90,6,0.45,0.9430653586648975
90,6,0.50,0.9586810013099689
90,6,0.55,0.9629243557899598
90,6,0.60,0.9475679589827294
90,6,0.65,0.9852743660823793
90,6,0.70,0.9770889276105238
90,6,0.75,0.9731980166633102
90,6,0.80,0.9849035087798311
90,6,0.85,0.9802021450283693
90,6,0.90,0.9665025909558894
90,6,0.95,0.9572526556345666
90,7,0.05,0.5860874266914768
90,7,0.10,0.9161104143617018
90,7,0.15,0.9067358324363883
90,7,0.20,0.8699319336682003
90,7,0.25,0.7945079236441982
90,7,0.30,0.9025861610676147
90,7,0.35,0.9131889470920332
90,7,0.40,0.9319406350319881
90,7,0.45,0.9237938661928824
90,7,0.50,0.9421029818607412
90,7,0.55,0.944764346518766
90,7,0.60,0.9708282355445793
90,7,0.65,0.9764704882187529
90,7,0.70,0.9691243561308152
90,7,0.75,0.9820350683787383
90,7,0.80,0.9785145064623698
90,7,0.85,0.97345469966353
90,7,0.90,0.9689241053812171
90,7,0.95,0.9791165061627217
90,8,0.05,0.6361124699418894
90,8,0.10,0.7410742837653553
90,8,0.15,0.9295601576741724
90,8,0.20,0.7318860605555679
90,8,0.25,0.9553993958990196
90,8,0.30,0.8818092154467834
90,8,0.35,0.9674233003935242
90,8,0.40,0.9042943129316431
90,8,0.45,0.9544758145667128
90,8,0.50,0.9754864793301911
90,8,0.55,0.9676494397472302
90,8,0.60,0.9632584175446689
90,8,0.65,0.9698293449210491
90,8,0.70,0.9735239578354372
90,8,0.75,0.9759690334168845
90,8,0.80,0.9754412021573374
90,8,0.85,0.9660469095206575
90,8,0.90,0.97586629984896
90,8,0.95,0.9771426460823515
90,9,0.05,0.6800797722075702
90,9,0.10,0.9886839371589022
90,9,0.15,0.9389458550456226
90,9,0.20,0.9655986788383949
90,9,0.25,0.9255446114662478
90,9,0.30,0.946350219337774
90,9,0.35,0.964289584303825
90,9,0.40,0.9659146014534404
90,9,0.45,0.9593620202969498
90,9,0.50,0.9641967903480029
90,9,0.55,0.970803061211513
90,9,0.60,0.9697072268686174
90,9,0.65,0.9806092933970436
90,9,0.70,0.9856085029244207
90,9,0.75,0.9867725511765274
90,9,0.80,0.980158384838609
90,9,0.85,0.9821308912159785
90,9,0.90,0.9822404583421738
90,9,0.95,0.9853501172511072
91,0,0.05,0.8493843883712487
91,0,0.10,0.9297934421926198
91,0,0.15,0.17309555948893018
91,0,0.20,0.7893662259800714
91,0,0.25,0.8538538292851164
91,0,0.30,0.9578583128143341
91,0,0.35,0.9304111344798052
91,0,0.40,0.9460000538310043
91,0,0.45,0.9709576995587775
91,0,0.50,0.9578644416121117
91,0,0.55,0.9680667779197479
91,0,0.60,0.9684410186568758
91,0,0.65,0.9670319639805178
91,0,0.70,0.9725740553175166
91,0,0.75,0.9697035205617238
91,0,0.80,0.9861114531828344
91,0,0.85,0.9760328481490497
91,0,0.90,0.9674078328913566
91,0,0.95,0.9810478599227151
91,1,0.05,0.5301647140710446
91,1,0.10,0.4628853523327552
91,1,0.15,0.9135630035718819
91,1,0.20,0.933153358806844
91,1,0.25,0.9293693830486185
91,1,0.30,0.9634124887253881
91,1,0.35,0.9771759717275085
91,1,0.40,0.9526931772863232
91,1,0.45,0.8932493835043537
91,1,0.50,0.9542672748468204
91,1,0.55,0.9688832811617476
91,1,0.60,0.96764088558198
91,1,0.65,0.9617736268270731
91,1,0.70,0.9553827181063096
91,1,0.75,0.9788507662798249
91,1,0.80,0.9771176124224005
91,1,0.85,0.9752727674187625
91,1,0.90,0.9812356631263326
91,1,0.95,0.9780419352364644
91,2,0.05,0.8229855347223488
91,2,0.10,0.9027003519332686
91,2,0.15,0.005877324861766731
91,2,0.20,0.9649998714683756
91,2,0.25,0.9506222612366533
91,2,0.30,0.9786855606520017
91,2,0.35,0.9776736400124245
91,2,0.40,0.9633295378495456
91,2,0.45,0.9013731428643779
91,2,0.50,0.9180608322049986
91,2,0.55,0.9820542293791201
91,2,0.60,0.969244508428571
91,2,0.65,0.9825852029491016
91,2,0.70,0.9784246494856553
91,2,0.75,0.9687388933756922
91,2,0.80,0.9796705828457398
91,2,0.85,0.971073389013087
91,2,0.90,0.967866929677301
91,2,0.95,0.9703907667946147
91,3,0.05,0.9335014573155528
91,3,0.10,0.916222771745151
91,3,0.15,0.875229500879004
91,3,0.20,0.9306922750295379
91,3,0.25,0.9543491794447087
91,3,0.30,0.9692561472949295
91,3,0.35,0.9800129972170964
91,3,0.40,0.9403542046431762
91,3,0.45,0.9294998272748904
91,3,0.50,0.9652070075488646
91,3,0.55,0.987940195132495
91,3,0.60,0.9755889907344862
91,3,0.65,0.9663249432789454
91,3,0.70,0.9727018794097545
91,3,0.75,0.9801364494946863
91,3,0.80,0.9735156314564692
91,3,0.85,0.9662180343194934
91,3,0.90,0.9684467514575512
91,3,0.95,0.978462399962559
91,4,0.05,0.5163233551776949
91,4,0.10,0.7256015398134128
91,4,0.15,0.9030969091350713
91,4,0.20,0.7910892742284081
91,4,0.25,0.979959241929254
91,4,0.30,0.9657255167919986
91,4,0.35,0.9568441238806272
91,4,0.40,0.9066471572531303
91,4,0.45,0.934447813686176
91,4,0.50,0.9759554011539624
91,4,0.55,0.9570129996594465
91,4,0.60,0.9590333184560611
91,4,0.65,0.9719700569571298
91,4,0.70,0.9723113211346821
91,4,0.75,0.9677332339078076
91,4,0.80,0.9799253593654103
91,4,0.85,0.9882953295275808
91,4,0.90,0.9825763358753856
91,4,0.95,0.9793320042826195
91,5,0.05,0.7145584823952162
91,5,0.10,0.9233649311534147
91,5,0.15,0.9726398465902415
91,5,0.20,0.8424434563690004
91,5,0.25,0.96001801586745
91,5,0.30,0.9083615285461389
91,5,0.35,0.9082599828961889
91,5,0.40,0.9423937552672114
91,5,0.45,0.982737786042735
91,5,0.50,0.9525033059405736
91,5,0.55,0.9563722515773576
91,5,0.60,0.9748768150750431
91,5,0.65,0.9720388057659876
91,5,0.70,0.9734312669134757
91,5,0.75,0.9485414666997499
91,5,0.80,0.9550951211471568
91,5,0.85,0.9724223056583937
91,5,0.90,0.9859049460717468
91,5,0.95,0.9710748799972255
91,6,0.05,0.978046991658184
91,6,0.10,0.006247398371144519
91,6,0.15,0.8308631215176003
91,6,0.20,0.8758610516507471
91,6,0.25,0.9578019841183747
91,6,0.30,0.9278028468482771
91,6,0.35,0.9250244152265347
91,6,0.40,0.9439437808093487
91,6,0.45,0.9302531609946645
91,6,0.50,0.9812369213566414
91,6,0.55,0.9567594291794864
91,6,0.60,0.9638147050468643
91,6,0.65,0.9734423365831604
91,6,0.70,0.9722953913010306
91,6,0.75,0.9829190043582383
91,6,0.80,0.9817264070114463
91,6,0.85,0.9834305179858982
91,6,0.90,0.9860619365283735
91,6,0.95,0.9442831223841069
91,7,0.05,0.957618763807699
91,7,0.10,0.7615984108691396
91,7,0.15,0.9121063521874679
91,7,0.20,0.8492227319526202
91,7,0.25,0.9668338113374167
91,7,0.30,0.8608216442281951
91,7,0.35,0.9518267499596429
91,7,0.40,0.9415816405260276
91,7,0.45,0.9314095417721399
91,7,0.50,0.9490352803654611
91,7,0.55,0.9483696241473787
91,7,0.60,0.95275039089835
91,7,0.65,0.95631312774899
91,7,0.70,0.9798995222345186
91,7,0.75,0.9660106711592191
91,7,0.80,0.9867268442108771
91,7,0.85,0.9665392710251819
91,7,0.90,0.9881855180407296
91,7,0.95,0.9742467812070212
91,8,0.05,-0.144671103412765
91,8,0.10,-0.1112629602311932
91,8,0.15,0.9398418444525893
91,8,0.20,0.925852984969618
91,8,0.25,0.8183919492296277
91,8,0.30,0.9624390821825155
91,8,0.35,0.9270053974556581
91,8,0.40,0.8930489814835894
91,8,0.45,0.9451110073767404
91,8,0.50,0.971700675747978
91,8,0.55,0.976299443178075
91,8,0.60,0.9830836665967572
91,8,0.65,0.9862137623981359
91,8,0.70,0.9652389927287185
91,8,0.75,0.9610250695981513
91,8,0.80,0.9740729898628596
91,8,0.85,0.97004605758624
91,8,0.90,0.9749433788085236
91,8,0.95,0.9751660853970215
91,9,0.05,0.5301254125697288
91,9,0.10,0.8921507672636747
91,9,0.15,0.9357200484470043
91,9,0.20,0.798799052695192
91,9,0.25,0.9350777836920758
91,9,0.30,0.9623202468017756
91,9,0.35,0.5538260446830741
91,9,0.40,0.9431626440399342
91,9,0.45,0.9402788845290868
91,9,0.50,0.9539738403594745
91,9,0.55,0.972776781772165
91,9,0.60,0.9596771631154649
91,9,0.65,0.9698170214775713
91,9,0.70,0.9602760396552306
91,9,0.75,0.9739634769018991
91,9,0.80,0.9658281407889987
91,9,0.85,0.9788958381348324
91,9,0.90,0.9757935295118743
91,9,0.95,0.9805045947486498
92,0,0.05,0.9681662131507389
92,0,0.10,0.867612662197951
92,0,0.15,0.8115823971075977
92,0,0.20,0.909136691862252
92,0,0.25,0.9217039571808072
92,0,0.30,0.9450972134734956
92,0,0.35,0.9706744101767907
92,0,0.40,0.8218120374150315
92,0,0.45,0.9656725197516572
92,0,0.50,0.9561284626199749
92,0,0.55,0.9593283873683418
92,0,0.60,0.966939500201065
92,0,0.65,0.9720828894362668
92,0,0.70,0.9775484461496025
92,0,0.75,0.984424060360543
92,0,0.80,0.9878832160538956
92,0,0.85,0.9766550936643384
92,0,0.90,0.9809337321558896
92,0,0.95,0.9781438684791316
92,1,0.05,0.8085761416112871
92,1,0.10,0.9240456636810289
92,1,0.15,0.9853305431757072
92,1,0.20,0.9149960422694515
92,1,0.25,0.8794601007615246
92,1,0.30,0.87680939455171
92,1,0.35,0.9655541488907486
92,1,0.40,0.9486321948529112
92,1,0.45,0.9583840470703335
92,1,0.50,0.9193568512943804
92,1,0.55,0.9621603598311146
92,1,0.60,0.9623744679491559
92,1,0.65,0.973628101127232
92,1,0.70,0.9655853792074941
92,1,0.75,0.9721495209180697
92,1,0.80,0.9707612450198406
92,1,0.85,0.9695178048813139
92,1,0.90,0.966630191206652
92,1,0.95,0.9563327310891473
92,2,0.05,0.893520334185696
92,2,0.10,0.8443033161642471
92,2,0.15,0.7672847699156313
92,2,0.20,0.8361622795848319
92,2,0.25,0.9501387892020867
92,2,0.30,0.9458264726731813
92,2,0.35,0.886441629883747
92,2,0.40,0.9114433504028091
92,2,0.45,0.9629592468814132
92,2,0.50,0.9777978608177058
92,2,0.55,0.9816439957132477
92,2,0.60,0.9799160798235129
92,2,0.65,0.973492976263108
92,2,0.70,0.9760606278966873
92,2,0.75,0.97859806430111
92,2,0.80,0.9791021042365069
92,2,0.85,0.9639166050704031
92,2,0.90,0.9763478656385964
92,2,0.95,0.972449693780463
92,3,0.05,0.11166936641643088
92,3,0.10,0.7556096747022589
92,3,0.15,0.9625745227331064
92,3,0.20,0.8986406414690948
92,3,0.25,0.8086357468399832
92,3,0.30,0.9061299880592677
92,3,0.35,0.9538487838646346
92,3,0.40,0.9595741720621136
92,3,0.45,0.9597019586443656
92,3,0.50,0.9759168902857345
92,3,0.55,0.9623117760206332
92,3,0.60,0.9701235699722154
92,3,0.65,0.9741476026571961
92,3,0.70,0.9809405214176984
92,3,0.75,0.9711049279771752
92,3,0.80,0.9692917415830048
92,3,0.85,0.9700843310997362
92,3,0.90,0.971868870168988
92,3,0.95,0.9738430102268699
92,4,0.05,-0.27845351180277844
92,4,0.10,0.9165354424934263
92,4,0.15,0.737214849666336
92,4,0.20,0.9189184384119666
92,4,0.25,0.9566587675913834
92,4,0.30,0.9200811620165708
92,4,0.35,0.9543665933553893
92,4,0.40,0.9740920169555191
92,4,0.45,0.9442798133140716
92,4,0.50,0.9726323574277395
92,4,0.55,0.9670681405736261
92,4,0.60,0.9815635727017419
92,4,0.65,0.9860442547472446
92,4,0.70,0.9472615009414574
92,4,0.75,0.9689145316954004
92,4,0.80,0.9689632385311246
92,4,0.85,0.990142483538484
92,4,0.90,0.9730463636461256
92,4,0.95,0.9872457700291829
92,5,0.05,0.9683178678517447
92,5,0.10,0.6798873243701145
92,5,0.15,0.9440884534580994
92,5,0.20,0.8935740998394712
92,5,0.25,0.938664870621792
92,5,0.30,0.948343105521566
92,5,0.35,0.9718579757706907
92,5,0.40,0.9502987845389984
92,5,0.45,0.9886156298792911
92,5,0.50,0.9776190370917909
92,5,0.55,0.9584478933266507
92,5,0.60,0.9636735370427432
92,5,0.65,0.9518227134651878
92,5,0.70,0.9733845795567311
92,5,0.75,0.9703800748454565
92,5,0.80,0.9756668973290048
92,5,0.85,0.9786557963974517
92,5,0.90,0.9890566926332275
92,5,0.95,0.9752032667420383
92,6,0.05,0.9308114748390568
92,6,0.10,0.9337935801321627
92,6,0.15,0.9492687575049631
92,6,0.20,0.8734086115696094
92,6,0.25,0.9555999527153146
92,6,0.30,0.9643236412484973
92,6,0.35,0.9444742275112316
92,6,0.40,0.9602384760369492
92,6,0.45,0.9646273615241736
92,6,0.50,0.9620350449578383
92,6,0.55,0.9713328358000805
92,6,0.60,0.9588246115627648
92,6,0.65,0.9798758725803862
92,6,0.70,0.9743383779635617
92,6,0.75,0.9510300819456372
92,6,0.80,0.9371399477716679
92,6,0.85,0.9606180704113146
92,6,0.90,0.9597781869552039
92,6,0.95,0.9789130069778659
92,7,0.05,0.9266655405626827
92,7,0.10,0.8026406987558057
92,7,0.15,0.8447344191367236
92,7,0.20,0.866789002107208
92,7,0.25,0.9317502368660049
92,7,0.30,0.9301175883832677
92,7,0.35,0.9581777787083259
92,7,0.40,0.969859036239746
92,7,0.45,0.9547093420756333
92,7,0.50,0.9601077710350635
92,7,0.55,0.9785230397781709
92,7,0.60,0.9747377877374532
92,7,0.65,0.9747926054750058
92,7,0.70,0.9719490162791674
92,7,0.75,0.9690880900935183
92,7,0.80,0.9775420041132417
92,7,0.85,0.9855703411237128
92,7,0.90,0.9863171022015732
92,7,0.95,0.9849541024090216
92,8,0.05,0.7868772772771887
92,8,0.10,0.4415505668618862
92,8,0.15,0.6545502428073975
92,8,0.20,0.8935073183531016
92,8,0.25,0.9576301465495501
92,8,0.30,0.9043052670660728
92,8,0.35,0.9766675944570463
92,8,0.40,0.9388222836507449
92,8,0.45,0.9694293937634147
92,8,0.50,0.9266904327761638
92,8,0.55,0.9549803887905011
92,8,0.60,0.9822904994280921
92,8,0.65,0.9698588567089389
92,8,0.70,0.9587580169757263
92,8,0.75,0.9860925776941296
92,8,0.80,0.977980366751741
92,8,0.85,0.9633353646521038
92,8,0.90,0.9827284164196383
92,8,0.95,0.9748435358701765
92,9,0.05,-6.865713294209006
92,9,0.10,0.9341737450157881
92,9,0.15,0.9224301919837088
92,9,0.20,0.9417518222989744
92,9,0.25,0.9485679599614097
92,9,0.30,0.9553531737054847
92,9,0.35,0.9713838901216989
92,9,0.40,0.9745524854426655
92,9,0.45,0.9810880871488766
92,9,0.50,0.9813232984633692
92,9,0.55,0.9663585662365194
92,9,0.60,0.9628810369219742
92,9,0.65,0.9836752671995407
92,9,0.70,0.9661468818361233
92,9,0.75,0.9800896203066616
92,9,0.80,0.9806285682316725
92,9,0.85,0.9814344113870342
92,9,0.90,0.9850128861202582
92,9,0.95,0.9708948715796275
93,0,0.05,0.3783901067855232
93,0,0.10,0.7694368827918774
93,0,0.15,0.7823162947205622
93,0,0.20,0.8552075705187934
93,0,0.25,0.8489360941915682
93,0,0.30,0.9448561304990901
93,0,0.35,0.9727851066899873
93,0,0.40,0.9641539721145161
93,0,0.45,0.9788499295493902
93,0,0.50,0.9771847637741428
93,0,0.55,0.982836457917229
93,0,0.60,0.9517162474491051
93,0,0.65,0.9586428804165666
93,0,0.70,0.9682451747469534
93,0,0.75,0.9693265134541666
93,0,0.80,0.9778628595429593
93,0,0.85,0.9768080340987864
93,0,0.90,0.9765797661643113
93,0,0.95,0.9793208385139605
93,1,0.05,0.8879411520675307
93,1,0.10,0.5007834158726495
93,1,0.15,0.9305061327898175
93,1,0.20,0.7951457483071857
93,1,0.25,0.9451488329637276
93,1,0.30,0.9761230213730897
93,1,0.35,0.9516947279779656
93,1,0.40,0.9034568645803391
93,1,0.45,0.9436085764580258
93,1,0.50,0.9522610842877409
93,1,0.55,0.9300071919561788
93,1,0.60,0.9733041245626521
93,1,0.65,0.9560242882766327
93,1,0.70,0.951452955145617
93,1,0.75,0.9606837159715402
93,1,0.80,0.9558648325862376
93,1,0.85,0.975984827000474
93,1,0.90,0.9228576731453165
93,1,0.95,0.9393940420335097
93,2,0.05,0.6746850748397146
93,2,0.10,0.8850953941710309
93,2,0.15,0.9075571406790002
93,2,0.20,0.973564418685985
93,2,0.25,0.9380679274445235
93,2,0.30,0.9713196996399066
93,2,0.35,0.9638533193754115
93,2,0.40,0.954178717739483
93,2,0.45,0.9683978117810457
93,2,0.50,0.9599915530391042
93,2,0.55,0.9568685676275427
93,2,0.60,0.9645264431821801
93,2,0.65,0.9608799096179446
93,2,0.70,0.9762662637565668
93,2,0.75,0.9754374645448258
93,2,0.80,0.967145652072867
93,2,0.85,0.9727317197363234
93,2,0.90,0.9679009376227217
93,2,0.95,0.9683271524905586
93,3,0.05,0.9532701526788299
93,3,0.10,0.8304808626190439
93,3,0.15,0.8868417659930864
93,3,0.20,0.49109510264233636
93,3,0.25,0.9077611142272342
93,3,0.30,0.975871275731432
93,3,0.35,0.9541633595479497
93,3,0.40,0.9539725826644184
93,3,0.45,0.941319107958117
93,3,0.50,0.9658468037207085
93,3,0.55,0.9693716350550029
93,3,0.60,0.9396434600681721
93,3,0.65,0.9708773022620918
93,3,0.70,0.9480449016369187
93,3,0.75,0.9799081821176185
93,3,0.80,0.9790032621119322
93,3,0.85,0.9741134613004777
93,3,0.90,0.9792402454689264
93,3,0.95,0.9784404804553151
93,4,0.05,0.1114317952339191
93,4,0.10,0.6334408146663888
93,4,0.15,0.8556506973320357
93,4,0.20,0.908639878515022
93,4,0.25,0.9251613972084517
93,4,0.30,0.9707641338929567
93,4,0.35,0.9753520175540197
93,4,0.40,0.9518515237928292
93,4,0.45,0.9586297162437191
93,4,0.50,0.9774571669149303
93,4,0.55,0.9713598976266695
93,4,0.60,0.9525178261434247
93,4,0.65,0.9748770777935649
93,4,0.70,0.9809131480960607
93,4,0.75,0.9495471481583136
93,4,0.80,0.969248782501391
93,4,0.85,0.9732863695808808
93,4,0.90,0.9769798118812346
93,4,0.95,0.9736538182805804
93,5,0.05,0.4963985986071068
93,5,0.10,0.48951552481497207
93,5,0.15,0.8445048716948447
93,5,0.20,0.8763223039334316
93,5,0.25,0.7770053245906723
93,5,0.30,0.9625580930182899
93,5,0.35,0.9634157647446487
93,5,0.40,0.9473947833655837
93,5,0.45,0.952675228027946
93,5,0.50,0.9772882881455157
93,5,0.55,0.9048929028499196
93,5,0.60,0.9664188736655434
93,5,0.65,0.9480849465376529
93,5,0.70,0.9605932069693959
93,5,0.75,0.9696596245267146
93,5,0.80,0.9545966032506048
93,5,0.85,0.9781851924253365
93,5,0.90,0.9717619596666832
93,5,0.95,0.9752992104732308
93,6,0.05,0.7957929354066566
93,6,0.10,0.8612670949133712
93,6,0.15,0.8492323224311565
93,6,0.20,0.9745522224284177
93,6,0.25,0.885613032064024
93,6,0.30,0.9590175651242305
93,6,0.35,0.955394921657919
93,6,0.40,0.9391741026940587
93,6,0.45,0.9582392728618576
93,6,0.50,0.9299792358297362
93,6,0.55,0.9710951802967268
93,6,0.60,0.9794621970288014
93,6,0.65,0.9704679348775553
93,6,0.70,0.9585212408976208
93,6,0.75,0.9645852938893028
93,6,0.80,0.9752512670003985
93,6,0.85,0.9583211686569431
93,6,0.90,0.9550856704052635
93,6,0.95,0.9693607710975285
93,7,0.05,0.4123222841795524
93,7,0.10,0.6175098721866626
93,7,0.15,0.7726695163498305
93,7,0.20,0.8861526090087808
93,7,0.25,0.8640746777732575
93,7,0.30,0.9059770298579032
93,7,0.35,0.8920534988956847
93,7,0.40,0.9788839859594866
93,7,0.45,0.9572019050154824
93,7,0.50,0.9702605300309255
93,7,0.55,0.9474380563426228
93,7,0.60,0.9639462345444707
93,7,0.65,0.9804952806882037
93,7,0.70,0.9811208543402916
93,7,0.75,0.9723725839207132
93,7,0.80,0.9677523874934649
93,7,0.85,0.9740185505704282
93,7,0.90,0.9694427467760998
93,7,0.95,0.9643442270207109
93,8,0.05,0.9115256356189432
93,8,0.10,0.8207473548938777
93,8,0.15,0.8458831992212622
93,8,0.20,0.7839738520834454
93,8,0.25,0.9308565804481354
93,8,0.30,0.9205521456266573
93,8,0.35,0.9108300234714166
93,8,0.40,0.9614915220629019
93,8,0.45,0.9617354758608231
93,8,0.50,0.9553325238495263
93,8,0.55,0.944860744044339
93,8,0.60,0.9712279587007401
93,8,0.65,0.9711548959495512
93,8,0.70,0.9780653299310493
93,8,0.75,0.9752484343861827
93,8,0.80,0.9681361642817847
93,8,0.85,0.9683511502723796
93,8,0.90,0.9689158382645122
93,8,0.95,0.9775254197005953
93,9,0.05,0.6782954680665547
93,9,0.10,0.6093627846251
93,9,0.15,0.9100448587824281
93,9,0.20,0.9135297183351334
93,9,0.25,0.8730683235877374
93,9,0.30,0.9467635236406238
93,9,0.35,0.9423000418051728
93,9,0.40,0.942864149619325
93,9,0.45,0.9438171366760709
93,9,0.50,0.9614885978770487
93,9,0.55,0.9515639908470117
93,9,0.60,0.9628961706906017
93,9,0.65,0.9783366085341019
93,9,0.70,0.9669738052768031
93,9,0.75,0.9809580213191454
93,9,0.80,0.9735960343439003
93,9,0.85,0.9747857749014129
93,9,0.90,0.9724445785056173
93,9,0.95,0.9770032882444961
94,0,0.05,0.880952205098696
94,0,0.10,0.6394662152355342
94,0,0.15,0.6310293072608226
94,0,0.20,0.913692821173048
94,0,0.25,0.7880135383850042
94,0,0.30,0.9260476730097826
94,0,0.35,0.9706037104161491
94,0,0.40,0.952014473471073
94,0,0.45,0.9671976047304061
94,0,0.50,0.9567195577424005
94,0,0.55,0.9685399286704992
94,0,0.60,0.9722166981955782
94,0,0.65,0.9589690056864644
94,0,0.70,0.9712238992273552
94,0,0.75,0.9738873045457835
94,0,0.80,0.9764767045418893
94,0,0.85,0.9629492581407679
94,0,0.90,0.9815677276068802
94,0,0.95,0.9702455159607266
94,1,0.05,0.3941194513861084
94,1,0.10,0.5548710016048366
94,1,0.15,0.7370389134012567
94,1,0.20,0.7293327398016105
94,1,0.25,0.9489607459935449
94,1,0.30,0.9337725814711416
94,1,0.35,0.9345991382845358
94,1,0.40,0.9588007020257548
94,1,0.45,0.9734967803904583
94,1,0.50,0.9620285956905226
94,1,0.55,0.9500174156684034
94,1,0.60,0.9701113269890582
94,1,0.65,0.9477756478425191
94,1,0.70,0.9646443230846408
94,1,0.75,0.9531798793761564
94,1,0.80,0.9704321608961658
94,1,0.85,0.9586790291312315
94,1,0.90,0.9662676592727866
94,1,0.95,0.9654708706140772
94,2,0.05,0.7204588698719437
94,2,0.10,0.790618301137181
94,2,0.15,0.8547093836046962
94,2,0.20,0.8034311304936277
94,2,0.25,0.8490555203271537
94,2,0.30,0.945214080807217
94,2,0.35,0.9493084780237713
94,2,0.40,0.9559270982637433
94,2,0.45,0.9339702867419167
94,2,0.50,0.9523411372128245
94,2,0.55,0.9678240880660418
94,2,0.60,0.9763757820620746
94,2,0.65,0.9569446234300326
94,2,0.70,0.9759320417442413
94,2,0.75,0.9491690478223473
94,2,0.80,0.9782924918316636
94,2,0.85,0.982210859590052
94,2,0.90,0.9769422895040739
94,2,0.95,0.9748059051824619
94,3,0.05,0.4059858552360731
94,3,0.10,0.5486816747979103
94,3,0.15,0.8328211710072202
94,3,0.20,0.7548232992778321
94,3,0.25,0.9101488671911191
94,3,0.30,0.9640382386874904
94,3,0.35,0.9134779286816334
94,3,0.40,0.9459902375147787
94,3,0.45,0.8890883759221868
94,3,0.50,0.9294284980554396
94,3,0.55,0.9768154413469056
94,3,0.60,0.9610827480063749
94,3,0.65,0.9771418522286831
94,3,0.70,0.9932315616059221
94,3,0.75,0.9727714015088758
94,3,0.80,0.9712545081684628
94,3,0.85,0.9729935400827768
94,3,0.90,0.9695325309276834
94,3,0.95,0.977115415210487
94,4,0.05,0.1975642234708963
94,4,0.10,0.8037622604983579
94,4,0.15,0.8610826901991306
94,4,0.20,0.940902517070711
94,4,0.25,0.9488344649211274
94,4,0.30,0.9394804793689331
94,4,0.35,0.9600251242570041
94,4,0.40,0.9401112154012168
94,4,0.45,0.9677562391246112
94,4,0.50,0.9850192016947247
94,4,0.55,0.9733984369405275
94,4,0.60,0.9608767972780827
94,4,0.65,0.9835964407358115
94,4,0.70,0.9655122922331696
94,4,0.75,0.9855963107842254
94,4,0.80,0.9685974680831204
94,4,0.85,0.9789044195630262
94,4,0.90,0.9762047763089983
94,4,0.95,0.9731299397374729
94,5,0.05,0.8488563662578597
94,5,0.10,0.7405787913182713
94,5,0.15,0.790204010519949
94,5,0.20,0.9352870503757384
94,5,0.25,0.9680606184018326
94,5,0.30,0.9482237344942881
94,5,0.35,0.9465988832068389
94,5,0.40,0.926041721610134
94,5,0.45,0.9569078884417499
94,5,0.50,0.9631809422404508
94,5,0.55,0.9674133590360534
94,5,0.60,0.9697984705004234
94,5,0.65,0.9745158411978944
94,5,0.70,0.9698464083448876
94,5,0.75,0.9863695947431005
94,5,0.80,0.9723053715500332
94,5,0.85,0.9679972330099189
94,5,0.90,0.9678508606498318
94,5,0.95,0.9650202642057039
94,6,0.05,0.8767658994079801
94,6,0.10,0.45203585758817055
94,6,0.15,0.7201287159219403
94,6,0.20,0.9086643100386753
94,6,0.25,0.9354440117601203
94,6,0.30,0.9672918752149152
94,6,0.35,0.9671731002814024
94,6,0.40,0.9712266631023708
94,6,0.45,0.9742160109882915
94,6,0.50,0.9641035025578446
94,6,0.55,0.955119115614243
94,6,0.60,0.9645924999581686
94,6,0.65,0.9698228727975736
94,6,0.70,0.9706774928603273
94,6,0.75,0.982135937908862
94,6,0.80,0.97673981014434
94,6,0.85,0.9874781537999066
94,6,0.90,0.9721849874052672
94,6,0.95,0.9790145384013806
94,7,0.05,-3.5229678237177735
94,7,0.10,0.6294977281062717
94,7,0.15,0.69215445517867
94,7,0.20,0.928456010230404
94,7,0.25,0.7401964393201691
94,7,0.30,0.9464493777764991
94,7,0.35,0.9446938679734996
94,7,0.40,0.9244216646907459
94,7,0.45,0.924730050627439
94,7,0.50,0.9756430080078772
94,7,0.55,0.9736863516150122
94,7,0.60,0.9837990979955843
94,7,0.65,0.9825685871850686
94,7,0.70,0.9790373878012487
94,7,0.75,0.9674560770253307
94,7,0.80,0.9835952238089753
94,7,0.85,0.9765206887186988
94,7,0.90,0.9752004467378969
94,7,0.95,0.9731012385326444
94,8,0.05,0.4570640132009046
94,8,0.10,0.4526398924890592
94,8,0.15,0.5040840506422924
94,8,0.20,0.6923612062916235
94,8,0.25,0.9665663876848787
94,8,0.30,0.9237695963595436
94,8,0.35,0.9455410664407884
94,8,0.40,0.9479154477296152
94,8,0.45,0.9553298380965967
94,8,0.50,0.9271101163623141
94,8,0.55,0.9693117325534516
94,8,0.60,0.9490082226602023
94,8,0.65,0.9515607654022837
94,8,0.70,0.959416579295949
94,8,0.75,0.9748131594964715
94,8,0.80,0.9699241315794074
94,8,0.85,0.9726968853776297
94,8,0.90,0.963417270346483
94,8,0.95,0.981288884584683
94,9,0.05,0.24894137586826204
94,9,0.10,0.6687011476450739
94,9,0.15,0.9356218952463885
94,9,0.20,0.9619391438562975
94,9,0.25,0.9294153116174927
94,9,0.30,0.903996784170335
94,9,0.35,0.9531306451303205
94,9,0.40,0.9634219272891159
94,9,0.45,0.9795070739407613
94,9,0.50,0.9546141110894549
94,9,0.55,0.9785964207115859
94,9,0.60,0.9812473012546973
94,9,0.65,0.979923622202054
94,9,0.70,0.9872262890824115
94,9,0.75,0.9788330804946646
94,9,0.80,0.9815263473626703
94,9,0.85,0.9693109947575035
94,9,0.90,0.9888839250608739
94,9,0.95,0.9768547170370476
95,0,0.05,0.6967952382222287
95,0,0.10,0.8617601543703485
95,0,0.15,0.9578781374210675
95,0,0.20,0.9417633299969029
95,0,0.25,0.9490623684095867
95,0,0.30,0.9680280831639118
95,0,0.35,0.9612178654210777
95,0,0.40,0.9572877217876662
95,0,0.45,0.9669062230172185
95,0,0.50,0.9555164755810153
95,0,0.55,0.9493055278053333
95,0,0.60,0.987020291199643
95,0,0.65,0.9799760424884407
95,0,0.70,0.9684749163186727
95,0,0.75,0.957445552919722
95,0,0.80,0.9802855802773766
95,0,0.85,0.9762165281041042
95,0,0.90,0.9851476706041131
95,0,0.95,0.9798264915682227
95,1,0.05,0.7636312845730072
95,1,0.10,0.6867641880546066
95,1,0.15,0.9616505707937162
95,1,0.20,0.9003484132292275
95,1,0.25,0.8103658002016438
95,1,0.30,0.9677630922938496
95,1,0.35,0.9868691608983255
95,1,0.40,0.9131922023330484
95,1,0.45,0.9328051137347101
95,1,0.50,0.9071264232164239
95,1,0.55,0.9313762477905101
95,1,0.60,0.9757390965154596
95,1,0.65,0.9760320844064685
95,1,0.70,0.9801878322493932
95,1,0.75,0.9881891009560163
95,1,0.80,0.9574787205010847
95,1,0.85,0.9598522920413672
95,1,0.90,0.9842355641677047
95,1,0.95,0.9777118891149547
95,2,0.05,0.5197115786255766
95,2,0.10,0.5048415260869026
95,2,0.15,0.9332913317382403
95,2,0.20,0.9485672574525656
95,2,0.25,0.9737035696265599
95,2,0.30,0.9193631632735537
95,2,0.35,0.9369170077073243
95,2,0.40,0.9568005639763478
95,2,0.45,0.9453265367876874
95,2,0.50,0.9757695073649699
95,2,0.55,0.9654961986681312
95,2,0.60,0.9830397540149541
95,2,0.65,0.9531834422463479
95,2,0.70,0.976574241318052
95,2,0.75,0.9778700191970466
95,2,0.80,0.9744608936774686
95,2,0.85,0.9792490299658068
95,2,0.90,0.9778518658464895
95,2,0.95,0.9583718846148261
95,3,0.05,0.7512017827654308
95,3,0.10,0.7277540228170905
95,3,0.15,0.6245193084951502
95,3,0.20,0.8679292068886727
95,3,0.25,0.8746430342938684
95,3,0.30,0.9525096843206242
95,3,0.35,0.932755163682516
95,3,0.40,0.9741873472172846
95,3,0.45,0.9711408959280501
95,3,0.50,0.9734430101399586
95,3,0.55,0.9762969046063311
95,3,0.60,0.9502195024657154
95,3,0.65,0.9645675834825327
95,3,0.70,0.9628668360554402
95,3,0.75,0.9747806561775845
95,3,0.80,0.9863969473197186
95,3,0.85,0.9736287159647348
95,3,0.90,0.9846670999046548
95,3,0.95,0.9793237852432797
95,4,0.05,0.47171901526739235
95,4,0.10,0.7195589080339926
95,4,0.15,0.9521255098375067
95,4,0.20,0.9382911384290065
95,4,0.25,0.9394377135404753
95,4,0.30,0.9782193712976787
95,4,0.35,0.9677268678232319
95,4,0.40,0.9787892880670864
95,4,0.45,0.9413944557874979
95,4,0.50,0.9404419905182099
95,4,0.55,0.9763971491020317
95,4,0.60,0.8813165167420455
95,4,0.65,0.9753401937747829
95,4,0.70,0.9696304269730249
95,4,0.75,0.9782158694783809
95,4,0.80,0.9699383267928463
95,4,0.85,0.9770897018310811
95,4,0.90,0.976075419664016
95,4,0.95,0.9713646329551678
95,5,0.05,0.7026235034224854
95,5,0.10,0.6871594627785345
95,5,0.15,0.8771997358682949
95,5,0.20,0.8640906222364836
95,5,0.25,0.9082972753554935
95,5,0.30,0.9361193441686344
95,5,0.35,0.9756898538350776
95,5,0.40,0.9507822820765935
95,5,0.45,0.9510136213106779
95,5,0.50,0.969941521640828
95,5,0.55,0.9730368149475307
95,5,0.60,0.9768537224553514
95,5,0.65,0.9705530726368594
95,5,0.70,0.9791014985473745
95,5,0.75,0.9536801862580784
95,5,0.80,0.9768531258517122
95,5,0.85,0.9791747417576823
95,5,0.90,0.9700925249282639
95,5,0.95,0.9752152713883322
95,6,0.05,0.8703826293213294
95,6,0.10,0.7476878922584305
95,6,0.15,0.8867805833159197
95,6,0.20,0.9699409465310866
95,6,0.25,0.9711743517088368
95,6,0.30,0.9675879827752792
95,6,0.35,0.8667348522763085
95,6,0.40,0.9667061438834929
95,6,0.45,0.9633425538150355
95,6,0.50,0.9823196154525092
95,6,0.55,0.9639051556767032
95,6,0.60,0.969905379019584
95,6,0.65,0.9580768700605121
95,6,0.70,0.9813418845825652
95,6,0.75,0.9851529187590353
95,6,0.80,0.9814603500969459
95,6,0.85,0.9831069549844531
95,6,0.90,0.9721815912494398
95,6,0.95,0.9903673215533954
95,7,0.05,0.877458523095272
95,7,0.10,0.7286633293606345
95,7,0.15,0.4968378665383554
95,7,0.20,0.816149183411463
95,7,0.25,0.9294066723644436
95,7,0.30,0.9577035495529589
95,7,0.35,0.8706999876458852
95,7,0.40,0.9363246249230938
95,7,0.45,0.9590254319362663
95,7,0.50,0.9519859964935595
95,7,0.55,0.8660734738713382
95,7,0.60,0.9366286362804611
95,7,0.65,0.9656006634714938
95,7,0.70,0.9762220696030666
95,7,0.75,0.9792014261261061
95,7,0.80,0.9416394888325367
95,7,0.85,0.9696507820497776
95,7,0.90,0.9771777146200056
95,7,0.95,0.9714684154454956
95,8,0.05,0.6923405410136301
95,8,0.10,0.8761709336701862
95,8,0.15,0.6791844750478508
95,8,0.20,0.9159802210034155
95,8,0.25,0.9745222767987446
95,8,0.30,0.9496431434225099
95,8,0.35,0.9466258272507408
95,8,0.40,0.9633207190100274
95,8,0.45,0.9824118852847016
95,8,0.50,0.9703393074910981
95,8,0.55,0.9592500858106393
95,8,0.60,0.9736008711922856
95,8,0.65,0.9671771111603096
95,8,0.70,0.9668807787697298
95,8,0.75,0.9716136237744564
95,8,0.80,0.9683870912643413
95,8,0.85,0.9632376280734197
95,8,0.90,0.9743059544244574
95,8,0.95,0.9764792617435755
95,9,0.05,0.6234387224224752
95,9,0.10,0.5800205538000974
95,9,0.15,0.737242797592826
95,9,0.20,0.9395743553498295
95,9,0.25,0.9510405001655956
95,9,0.30,0.9666595654935134
95,9,0.35,0.9292228325757399
95,9,0.40,0.9735954377541604
95,9,0.45,0.9835636456942762
95,9,0.50,0.9822771054507796
95,9,0.55,0.9489172937484863
95,9,0.60,0.96737630285937
95,9,0.65,0.9864700762766396
95,9,0.70,0.9703061529956932
95,9,0.75,0.9860731891862781
95,9,0.80,0.9839874606069744
95,9,0.85,0.9546366780559157
95,9,0.90,0.9870625269105213
95,9,0.95,0.9787847347395259
96,0,0.05,0.8138758506869436
96,0,0.10,0.8304593560588731
96,0,0.15,0.9443536312216746
96,0,0.20,0.901183321428398
96,0,0.25,0.928751319486367
96,0,0.30,0.966590414055587
96,0,0.35,0.9767872684009127
96,0,0.40,0.9370028810123978
96,0,0.45,0.9898053953805294
96,0,0.50,0.9595423367618481
96,0,0.55,0.9692762120942661
96,0,0.60,0.9800337052370797
96,0,0.65,0.9904067395957609
96,0,0.70,0.9836204897624834
96,0,0.75,0.9697534789906344
96,0,0.80,0.9778721688773501
96,0,0.85,0.9805440893769354
96,0,0.90,0.9840504309017717
96,0,0.95,0.9845559384088667
96,1,0.05,0.34681805266131005
96,1,0.10,0.6782632248641662
96,1,0.15,0.7255612221762875
96,1,0.20,0.6310238762948821
96,1,0.25,0.918553393758474
96,1,0.30,0.9534333945088493
96,1,0.35,0.9561534931107935
96,1,0.40,0.9555693414657842
96,1,0.45,0.9263687874577512
96,1,0.50,0.9714544640045173
96,1,0.55,0.9786121335713083
96,1,0.60,0.9460750753393938
96,1,0.65,0.9826851190656447
96,1,0.70,0.9362861639753908
96,1,0.75,0.9538153299631078
96,1,0.80,0.9752692323498557
96,1,0.85,0.9759508001206048
96,1,0.90,0.9613225897401595
96,1,0.95,0.9720650428391496
96,2,0.05,0.7315023218754496
96,2,0.10,0.7847874752486533
96,2,0.15,0.6941204991190919
96,2,0.20,0.7827383208574082
96,2,0.25,0.695820947637599
96,2,0.30,0.8914478881576212
96,2,0.35,0.9270449356050907
96,2,0.40,0.971384730605534
96,2,0.45,0.9526770698295873
96,2,0.50,0.9556479539031586
96,2,0.55,0.9474130427750604
96,2,0.60,0.9820809972413597
96,2,0.65,0.9556717176153173
96,2,0.70,0.9764763573198075
96,2,0.75,0.9791312251715718
96,2,0.80,0.980387799241841
96,2,0.85,0.9766928768470774
96,2,0.90,0.9706378563239956
96,2,0.95,0.9749931734223565
96,3,0.05,-1.0735469484352653
96,3,0.10,0.4824202977724227
96,3,0.15,0.9331006722697259
96,3,0.20,0.601443030604793
96,3,0.25,0.7529150941921151
96,3,0.30,0.9659480322078667
96,3,0.35,0.9621547963337636
96,3,0.40,0.9676617965049675
96,3,0.45,0.9607511735290434
96,3,0.50,0.9694779844704755
96,3,0.55,0.9727167757925348
96,3,0.60,0.9699337360929098
96,3,0.65,0.9541305655314014
96,3,0.70,0.9847671199017265
96,3,0.75,0.9590417426359186
96,3,0.80,0.9711736621322542
96,3,0.85,0.982572766690144
96,3,0.90,0.9703973729108581
96,3,0.95,0.9853974982563146
96,4,0.05,0.9458495302045513
96,4,0.10,0.589503126937004
96,4,0.15,0.7725225871217963
96,4,0.20,0.9289579849239584
96,4,0.25,0.9728471959279728
96,4,0.30,0.9268053871439559
96,4,0.35,0.9639167065367251
96,4,0.40,0.9696734893245618
96,4,0.45,0.9386265618733158
96,4,0.50,0.9545454431219771
96,4,0.55,0.9451882268915508
96,4,0.60,0.9675770707376321
96,4,0.65,0.9583918950270658
96,4,0.70,0.9730437453696004
96,4,0.75,0.9850187430204538
96,4,0.80,0.9799011398193684
96,4,0.85,0.9808030510907453
96,4,0.90,0.9777987746573966
96,4,0.95,0.9860892210511439
96,5,0.05,0.842110110431967
96,5,0.10,0.94610912596491
96,5,0.15,0.9052033403288723
96,5,0.20,0.884405637029402
96,5,0.25,0.9301899715543116
96,5,0.30,0.9267987056323886
96,5,0.35,0.9788314805788338
96,5,0.40,0.9417050475537783
96,5,0.45,0.9817614374865966
96,5,0.50,0.9500491264670257
96,5,0.55,0.9787663086017048
96,5,0.60,0.9746397935226773
96,5,0.65,0.9647350622196279
96,5,0.70,0.9271931270519639
96,5,0.75,0.966191536654442
96,5,0.80,0.9729796852505435
96,5,0.85,0.9690140739214107
96,5,0.90,0.9835482298166537
96,5,0.95,0.9834342706897643
96,6,0.05,0.656442685821396
96,6,0.10,-0.03203961549439183
96,6,0.15,0.8603712915421622
96,6,0.20,0.8526340216795436
96,6,0.25,0.9417097779524878
96,6,0.30,0.9679416935650622
96,6,0.35,0.9715158115154687
96,6,0.40,0.7767971612679392
96,6,0.45,0.9534734868620975
96,6,0.50,0.9603446398376502
96,6,0.55,0.9678225210050374
96,6,0.60,0.9065480516764152
96,6,0.65,0.960634120114144
96,6,0.70,0.9790715687648861
96,6,0.75,0.9636505164982796
96,6,0.80,0.982881833423903
96,6,0.85,0.978370521366259
96,6,0.90,0.9816566669156858
96,6,0.95,0.9752574883438552
96,7,0.05,0.27226463159043646
96,7,0.10,0.9598144384546863
96,7,0.15,0.8419715212245407
96,7,0.20,0.7841867396301656
96,7,0.25,0.9337033899565982
96,7,0.30,0.9550222518296253
96,7,0.35,0.9336446441385635
96,7,0.40,0.9229310445544033
96,7,0.45,0.9788598667985157
96,7,0.50,0.9884233409457037
96,7,0.55,0.977851795342009
96,7,0.60,0.970003743130889
96,7,0.65,0.977760706910513
96,7,0.70,0.9593676531766371
96,7,0.75,0.9752613620424389
96,7,0.80,0.9480283015826049
96,7,0.85,0.9700191138390885
96,7,0.90,0.9718850583335097
96,7,0.95,0.9769656507786335
96,8,0.05,0.6947018747634539
96,8,0.10,-0.37035303521395235
96,8,0.15,0.7784814439042553
96,8,0.20,0.8526731848290606
96,8,0.25,0.8907840011297857
96,8,0.30,0.823322610503619
96,8,0.35,0.9416661091166975
96,8,0.40,0.9320314707182136
96,8,0.45,0.9615104488187625
96,8,0.50,0.9583645077517302
96,8,0.55,0.9641938106962826
96,8,0.60,0.9688825589824461
96,8,0.65,0.9811121904070044
96,8,0.70,0.9791054040821676
96,8,0.75,0.9584589224842595
96,8,0.80,0.9862789242069694
96,8,0.85,0.9824925723444582
96,8,0.90,0.9759803012352364
96,8,0.95,0.9751325226319986
96,9,0.05,-3.526582080353627
96,9,0.10,0.60194210740348
96,9,0.15,0.8582437765123521
96,9,0.20,0.9352311698156196
96,9,0.25,0.9513624910323943
96,9,0.30,0.9422989167672613
96,9,0.35,0.8285251282322565
96,9,0.40,0.9315958180586587
96,9,0.45,0.9560927915110995
96,9,0.50,0.9622293509189288
96,9,0.55,0.9602618569666695
96,9,0.60,0.9562343489223417
96,9,0.65,0.98333792300141
96,9,0.70,0.9614382982701041
96,9,0.75,0.9631459344288184
96,9,0.80,0.9803387452144122
96,9,0.85,0.9723372869464709
96,9,0.90,0.9655710002064415
96,9,0.95,0.96950812091504
97,0,0.05,0.31276312404672246
97,0,0.10,0.8885443921473458
97,0,0.15,0.9449669160462613
97,0,0.20,0.9098884734874327
97,0,0.25,0.8210143378189589
97,0,0.30,0.9571248233319982
97,0,0.35,0.9881077367183765
97,0,0.40,0.9670531805690417
97,0,0.45,0.9818271539104283
97,0,0.50,0.9909460808628942
97,0,0.55,0.9805882454582382
97,0,0.60,0.9357669671577955
97,0,0.65,0.9762133412450715
97,0,0.70,0.9689859112014504
97,0,0.75,0.9726898921598585
97,0,0.80,0.9789371227244091
97,0,0.85,0.9879184013673654
97,0,0.90,0.9873408463139681
97,0,0.95,0.9841693810355006
97,1,0.05,0.4577723808477857
97,1,0.10,0.6668086846829625
97,1,0.15,0.9221739608844279
97,1,0.20,0.9629259560623538
97,1,0.25,0.8893355704107194
97,1,0.30,0.8798061642898447
97,1,0.35,0.9459779500284453
97,1,0.40,0.9495717643396269
97,1,0.45,0.9208648310401493
97,1,0.50,0.942095126927759
97,1,0.55,0.9599014567647554
97,1,0.60,0.9605495240092674
97,1,0.65,0.9701154258528882
97,1,0.70,0.9810870867151977
97,1,0.75,0.9598899487985886
97,1,0.80,0.9678442801061284
97,1,0.85,0.9713683174590071
97,1,0.90,0.9722309498814208
97,1,0.95,0.9592609728976449
97,2,0.05,0.8678279606813273
97,2,0.10,0.42176607077764494
97,2,0.15,0.9423082740080013
97,2,0.20,0.8740476945523042
97,2,0.25,0.9608487364084788
97,2,0.30,0.9402685893396454
97,2,0.35,0.9490123400297173
97,2,0.40,0.9706213070257543
97,2,0.45,0.954007599698605
97,2,0.50,0.9299845184959412
97,2,0.55,0.9757063807288141
97,2,0.60,0.9798591998423698
97,2,0.65,0.9623091762468372
97,2,0.70,0.9736439730634652
97,2,0.75,0.9675244618947619
97,2,0.80,0.9708349255764969
97,2,0.85,0.9735700870598237
97,2,0.90,0.9780173551230142
97,2,0.95,0.9858726742002866
97,3,0.05,0.9661944144160795
97,3,0.10,0.5986527698327134
97,3,0.15,0.8399571158375827
97,3,0.20,0.9713863906347607
97,3,0.25,0.9528642608297602
97,3,0.30,0.9720499617588716
97,3,0.35,0.9504737188631033
97,3,0.40,0.9622154958742736
97,3,0.45,0.9141596913973212
97,3,0.50,0.9630843573007251
97,3,0.55,0.9356101040207917
97,3,0.60,0.9907454179806551
97,3,0.65,0.9798787675049337
97,3,0.70,0.955946635068392
97,3,0.75,0.9667980555126887
97,3,0.80,0.9565153076533612
97,3,0.85,0.9709235537269973
97,3,0.90,0.9732126623115283
97,3,0.95,0.9770759916668703
97,4,0.05,0.6441275661270291
97,4,0.10,0.6466788964982431
97,4,0.15,0.8417770875330459
97,4,0.20,0.9321632021854762
97,4,0.25,0.9580960133796519
97,4,0.30,0.958707576452184
97,4,0.35,0.8865425177869146
97,4,0.40,0.9439830039867314
97,4,0.45,0.9508595590091946
97,4,0.50,0.9702392843799224
97,4,0.55,0.9730927745023367
97,4,0.60,0.9840577833542822
97,4,0.65,0.9755643779489086
97,4,0.70,0.9741238336689402
97,4,0.75,0.9809645763579605
97,4,0.80,0.9844429634345484
97,4,0.85,0.9785610362162047
97,4,0.90,0.9722610381302119
97,4,0.95,0.9840338007398082
97,5,0.05,0.40592262438594107
97,5,0.10,0.3953186917528678
97,5,0.15,0.9512966762149797
97,5,0.20,0.9741029715812923
97,5,0.25,0.9414159487182012
97,5,0.30,0.8750780771235716
97,5,0.35,0.973276017886179
97,5,0.40,0.9447323360063284
97,5,0.45,0.9766025710731331
97,5,0.50,0.9670935816619681
97,5,0.55,0.9557267448483766
97,5,0.60,0.9737804446227981
97,5,0.65,0.9248568601574985
97,5,0.70,0.9474554024219141
97,5,0.75,0.9714770928142372
97,5,0.80,0.9714592253837766
97,5,0.85,0.9670449576593154
97,5,0.90,0.9772161280981358
97,5,0.95,0.9649719516279829
97,6,0.05,0.9965512202730259
97,6,0.10,0.697971612899781
97,6,0.15,0.9036080709510221
97,6,0.20,0.8811564807029871
97,6,0.25,0.9813385568336664
97,6,0.30,0.931410115691214
97,6,0.35,0.9603341664753551
97,6,0.40,0.9732537029954343
97,6,0.45,0.9676799076766122
97,6,0.50,0.9547649296452593
97,6,0.55,0.9802284396147597
97,6,0.60,0.9647541380131294
97,6,0.65,0.974250267852417
97,6,0.70,0.9764506408394225
97,6,0.75,0.97212467681289
97,6,0.80,0.9723753524458206
97,6,0.85,0.9648816598809332
97,6,0.90,0.9719607745381889
97,6,0.95,0.9726062023990864
97,7,0.05,0.38382583769589673
97,7,0.10,0.3187142579749632
97,7,0.15,0.8835337505983567
97,7,0.20,0.8180734832967476
97,7,0.25,0.9068137855715325
97,7,0.30,0.8952561188661452
97,7,0.35,0.8311017587027184
97,7,0.40,0.9387734018783455
97,7,0.45,0.968036772713884
97,7,0.50,0.9776723649813569
97,7,0.55,0.9732532966568991
97,7,0.60,0.9746325672091907
97,7,0.65,0.966661641280987
97,7,0.70,0.967629813479736
97,7,0.75,0.9684082463508357
97,7,0.80,0.9710249084980683
97,7,0.85,0.9660019034187076
97,7,0.90,0.9785660892889779
97,7,0.95,0.9701139840539046
97,8,0.05,0.8524064411887358
97,8,0.10,0.9509484911983667
97,8,0.15,0.9386030826897329
97,8,0.20,0.94999201065369
97,8,0.25,0.9335101936903736
97,8,0.30,0.9685567688884775
97,8,0.35,0.9795380124467682
97,8,0.40,0.969088987884212
97,8,0.45,0.9729504376609996
97,8,0.50,0.962691961510663
97,8,0.55,0.9697344439615054
97,8,0.60,0.9622062892532477
97,8,0.65,0.9741431457542057
97,8,0.70,0.9505267721877739
97,8,0.75,0.9879945697644889
97,8,0.80,0.9778566557142939
97,8,0.85,0.9705045893292645
97,8,0.90,0.9698444015464828
97,8,0.95,0.9665067803440878
97,9,0.05,0.4467921464083262
97,9,0.10,0.7225518949134735
97,9,0.15,0.9046690646938707
97,9,0.20,0.9641542734832146
97,9,0.25,0.9008671582426954
97,9,0.30,0.9464059425431957
97,9,0.35,0.9559237173834809
97,9,0.40,0.9769097920983973
97,9,0.45,0.9322231940390936
97,9,0.50,0.970494713809097
97,9,0.55,0.969158814089619
97,9,0.60,0.9525722643621817
97,9,0.65,0.965405093392932
97,9,0.70,0.9723018221373265
97,9,0.75,0.9136897554156439
97,9,0.80,0.9769796790841888
97,9,0.85,0.9703012112441716
97,9,0.90,0.9726855518100929
97,9,0.95,0.9766324418103699
98,0,0.05,0.27548871822794097
98,0,0.10,0.8526543063801356
98,0,0.15,0.8751917941844216
98,0,0.20,0.9546133684908619
98,0,0.25,0.9378629488532838
98,0,0.30,0.9490892993838418
98,0,0.35,0.9538638396279866
98,0,0.40,0.9626520303160376
98,0,0.45,0.9665783040774099
98,0,0.50,0.9735543154635387
98,0,0.55,0.9682970716575843
98,0,0.60,0.9750604057108605
98,0,0.65,0.9820440975742032
98,0,0.70,0.9749587272889703
98,0,0.75,0.971637781260277
98,0,0.80,0.967440101714321
98,0,0.85,0.9640088227173054
98,0,0.90,0.9716489018499948
98,0,0.95,0.9642165160955992
98,1,0.05,0.7454122871091078
98,1,0.10,0.9144359767998081
98,1,0.15,0.5886011786503212
98,1,0.20,0.9106957462964353
98,1,0.25,0.9175681012705947
98,1,0.30,0.8914583027698081
98,1,0.35,0.8412230636768918
98,1,0.40,0.9670628137060014
98,1,0.45,0.9396095077460266
98,1,0.50,0.9764852098248736
98,1,0.55,0.9541464040708536
98,1,0.60,0.9687636665070775
98,1,0.65,0.979032634130909
98,1,0.70,0.9630127324097153
98,1,0.75,0.9611462961494112
98,1,0.80,0.9592988964726128
98,1,0.85,0.9800251875758712
98,1,0.90,0.9822192901169967
98,1,0.95,0.9823501747543879
98,2,0.05,0.8186077564955982
98,2,0.10,0.8289794971393664
98,2,0.15,0.8908872650149452
98,2,0.20,0.9156444995823447
98,2,0.25,0.8324681465246213
98,2,0.30,0.8890812136964137
98,2,0.35,0.9255889065490921
98,2,0.40,0.9713179190423278
98,2,0.45,0.9362808330009162
98,2,0.50,0.926482047452354
98,2,0.55,0.9744117107191316
98,2,0.60,0.9865794051930323
98,2,0.65,0.9793890898936024
98,2,0.70,0.9728801519175961
98,2,0.75,0.9874039192918289
98,2,0.80,0.9830822030517685
98,2,0.85,0.975921240356368
98,2,0.90,0.9822985680363894
98,2,0.95,0.9817952085864674
98,3,0.05,0.7797482740796744
98,3,0.10,0.7598646869506196
98,3,0.15,0.950113114900584
98,3,0.20,0.9539640818334457
98,3,0.25,0.9105867765528982
98,3,0.30,0.9560899917007478
98,3,0.35,0.9401281117214407
98,3,0.40,0.8594720999313541
98,3,0.45,0.9562436338383138
98,3,0.50,0.9311130712215718
98,3,0.55,0.9515851530414925
98,3,0.60,0.9734528520808103
98,3,0.65,0.9805539100546468
98,3,0.70,0.9719305374009436
98,3,0.75,0.9835393422604536
98,3,0.80,0.9706980631785606
98,3,0.85,0.9774761230303265
98,3,0.90,0.9753964588345488
98,3,0.95,0.988881784313624
98,4,0.05,0.7726608830560224
98,4,0.10,0.850704371744355
98,4,0.15,0.5343907604940815
98,4,0.20,0.9501327697698458
98,4,0.25,0.953634668274051
98,4,0.30,0.8586526353567185
98,4,0.35,0.9292658159098114
98,4,0.40,0.9246039506634185
98,4,0.45,0.9716943370455967
98,4,0.50,0.9286798210854219
98,4,0.55,0.9480484947555708
98,4,0.60,0.9814422451959662
98,4,0.65,0.9562881593626007
98,4,0.70,0.9698087399459024
98,4,0.75,0.9812535094292218
98,4,0.80,0.9854125642052932
98,4,0.85,0.9866571919378699
98,4,0.90,0.9901662531484065
98,4,0.95,0.960752743848271
98,5,0.05,0.006310516716969916
98,5,0.10,0.8256810090491639
98,5,0.15,0.8047162822188931
98,5,0.20,0.9240333197002667
98,5,0.25,0.9260333416904887
98,5,0.30,0.8765900749542472
98,5,0.35,0.9464890122341463
98,5,0.40,0.9535681267048655
98,5,0.45,0.959488374564923
98,5,0.50,0.9483756102497052
98,5,0.55,0.9480669379291257
98,5,0.60,0.9797050545280478
98,5,0.65,0.9656339795185539
98,5,0.70,0.9657242674345525
98,5,0.75,0.9751673072896768
98,5,0.80,0.9655166904667053
98,5,0.85,0.9768608680336516
98,5,0.90,0.9757556951252279
98,5,0.95,0.9780519333775143
98,6,0.05,0.9396435318882997
98,6,0.10,0.854788477233636
98,6,0.15,0.8121257241105037
98,6,0.20,0.9524085459956758
98,6,0.25,0.9621238024551834
98,6,0.30,0.9704894908574976
98,6,0.35,0.9640471585702746
98,6,0.40,0.9386262172665951
98,6,0.45,0.9818826228169655
98,6,0.50,0.9428686950926959
98,6,0.55,0.9445443317081975
98,6,0.60,0.9808043451732303
98,6,0.65,0.9765452651349849
98,6,0.70,0.9804513141769089
98,6,0.75,0.9485623983243977
98,6,0.80,0.9682324856346355
98,6,0.85,0.9605002789299878
98,6,0.90,0.972104086618001
98,6,0.95,0.9698600562938273
98,7,0.05,0.33442406995987506
98,7,0.10,0.8560839113809267
98,7,0.15,0.8747475709439448
98,7,0.20,0.9495205346414487
98,7,0.25,0.8163968225740675
98,7,0.30,0.9255951094338188
98,7,0.35,0.9420138385196765
98,7,0.40,0.9540934582292725
98,7,0.45,0.9694728498486447
98,7,0.50,0.9753580636880695
98,7,0.55,0.9564620099656125
98,7,0.60,0.9556936240107738
98,7,0.65,0.9753430035358843
98,7,0.70,0.9758459396075118
98,7,0.75,0.9787082181701162
98,7,0.80,0.9763428834525262
98,7,0.85,0.9813152807371185
98,7,0.90,0.9663567990625987
98,7,0.95,0.9750048502167639
98,8,0.05,0.8987693331276642
98,8,0.10,0.648897398930278
98,8,0.15,0.8780326556831137
98,8,0.20,0.9652264139328222
98,8,0.25,0.8838870734472848
98,8,0.30,0.924380517959873
98,8,0.35,0.9256652737229315
98,8,0.40,0.9186305734186377
98,8,0.45,0.9405268367800508
98,8,0.50,0.8791044295758635
98,8,0.55,0.9401807941513494
98,8,0.60,0.967102440487465
98,8,0.65,0.8958482006795707
98,8,0.70,0.9712916241178989
98,8,0.75,0.9786870091643056
98,8,0.80,0.9755074756021871
98,8,0.85,0.977802676547291
98,8,0.90,0.9729471489751058
98,8,0.95,0.9667283949932931
98,9,0.05,0.8075806703110173
98,9,0.10,0.7890279966879241
98,9,0.15,0.8361471248042489
98,9,0.20,0.9289254183587508
98,9,0.25,0.9410811401807074
98,9,0.30,0.89639689148889
98,9,0.35,0.9491997876808318
98,9,0.40,0.9745910902226953
98,9,0.45,0.9136500666641055
98,9,0.50,0.951876421633877
98,9,0.55,0.9546779849464774
98,9,0.60,0.9639429363371882
98,9,0.65,0.9752164447992351
98,9,0.70,0.9629676268457784
98,9,0.75,0.986535346099993
98,9,0.80,0.9730571094641323
98,9,0.85,0.9680002367934031
98,9,0.90,0.9781583758371459
98,9,0.95,0.9686062136813668
99,0,0.05,0.9279779343519069
99,0,0.10,0.9495928581402234
99,0,0.15,0.9565510975168543
99,0,0.20,0.9395953736461932
99,0,0.25,0.9911068448688315
99,0,0.30,0.9580295339308867
99,0,0.35,0.8895776890500396
99,0,0.40,0.9562904969079098
99,0,0.45,0.9302659305920392
99,0,0.50,0.9138410841670386
99,0,0.55,0.9667514823147565
99,0,0.60,0.9565058409622723
99,0,0.65,0.9681110915110891
99,0,0.70,0.9665050747926487
99,0,0.75,0.9550842059486812
99,0,0.80,0.9655414911350189
99,0,0.85,0.9581928755306304
99,0,0.90,0.9782282066383463
99,0,0.95,0.9800834397683309
99,1,0.05,0.12126467425665954
99,1,0.10,0.47986481801166425
99,1,0.15,0.8920354704356389
99,1,0.20,0.9460417924736128
99,1,0.25,0.9580770851702824
99,1,0.30,0.9933485079126132
99,1,0.35,0.9340569549055718
99,1,0.40,0.9805704048123716
99,1,0.45,0.9752830943809633
99,1,0.50,0.9637237433068201
99,1,0.55,0.9687585035035591
99,1,0.60,0.9532054132566611
99,1,0.65,0.9706170514887215
99,1,0.70,0.9670193446706072
99,1,0.75,0.9810898937196251
99,1,0.80,0.9643469826368537
99,1,0.85,0.9631217766778342
99,1,0.90,0.9873091917925306
99,1,0.95,0.9759359318753971
99,2,0.05,-24.80306957622891
99,2,0.10,0.624130586635596
99,2,0.15,0.8979291616819978
99,2,0.20,0.8527626630108838
99,2,0.25,0.9104032056591501
99,2,0.30,0.9263056554553066
99,2,0.35,0.8429953926275342
99,2,0.40,0.9412319821615821
99,2,0.45,0.9738220639684161
99,2,0.50,0.9314574697257383
99,2,0.55,0.980676878063226
99,2,0.60,0.9542199703168641
99,2,0.65,0.9505368951304065
99,2,0.70,0.9784355042606944
99,2,0.75,0.9691074403008155
99,2,0.80,0.9885190157061956
99,2,0.85,0.9842082471809052
99,2,0.90,0.9900856455117129
99,2,0.95,0.9777805318927232
99,3,0.05,0.9744263025949788
99,3,0.10,0.716452605900044
99,3,0.15,0.7266192672498604
99,3,0.20,0.8931247374403704
99,3,0.25,0.6472186374533497
99,3,0.30,0.9239216887735702
99,3,0.35,0.960925163540891
99,3,0.40,0.9736295150613636
99,3,0.45,0.9760181435633336
99,3,0.50,0.9577639205037194
99,3,0.55,0.9771869228772179
99,3,0.60,0.9567117524709635
99,3,0.65,0.9484450230647463
99,3,0.70,0.9674392552974268
99,3,0.75,0.9719302369449021
99,3,0.80,0.9786509152935509
99,3,0.85,0.9279450580465288
99,3,0.90,0.9682334315749928
99,3,0.95,0.9723605567736623
99,4,0.05,0.4512666226251545
99,4,0.10,0.8009309979095667
99,4,0.15,0.9651973721456307
99,4,0.20,0.6899602202270418
99,4,0.25,0.929734360529751
99,4,0.30,0.8853637598803954
99,4,0.35,0.9518651750744674
99,4,0.40,0.9673928764955761
99,4,0.45,0.9732811644870393
99,4,0.50,0.9243858803376478
99,4,0.55,0.9666526815689724
99,4,0.60,0.9788630469934751
99,4,0.65,0.9734529893207533
99,4,0.70,0.9767402554540007
99,4,0.75,0.9461546865656993
99,4,0.80,0.9422983614128251
99,4,0.85,0.9853002136548165
99,4,0.90,0.9845456760584617
99,4,0.95,0.9778746530564999
99,5,0.05,0.9369772639181729
99,5,0.10,0.49068764381826213
99,5,0.15,0.6514618399420764
99,5,0.20,0.9397421902535655
99,5,0.25,0.9199715840704182
99,5,0.30,0.9796519436775527
99,5,0.35,0.8968466706832089
99,5,0.40,0.901277283706238
99,5,0.45,0.9626031495595012
99,5,0.50,0.9590451059929512
99,5,0.55,0.9454076271252275
99,5,0.60,0.9596524760283628
99,5,0.65,0.9775354414779693
99,5,0.70,0.9825435950590895
99,5,0.75,0.9464838786491525
99,5,0.80,0.9720383251765672
99,5,0.85,0.9772181339110445
99,5,0.90,0.9706891988448423
99,5,0.95,0.98033035936608
99,6,0.05,-1.0883391705039154
99,6,0.10,0.7469013020930924
99,6,0.15,0.9498403216137259
99,6,0.20,0.8575207031278235
99,6,0.25,0.9536942460350348
99,6,0.30,0.978311556633863
99,6,0.35,0.971505065166339
99,6,0.40,0.9225417912710089
99,6,0.45,0.9699240087328459
99,6,0.50,0.9804831310807158
99,6,0.55,0.9758962458475361
99,6,0.60,0.9525533758466571
99,6,0.65,0.9415181478864165
99,6,0.70,0.964628011794562
99,6,0.75,0.9402496514573202
99,6,0.80,0.9728362757322645
99,6,0.85,0.9642500162284614
99,6,0.90,0.9615777217728401
99,6,0.95,0.9741249947434434
99,7,0.05,0.9370423241749287
99,7,0.10,0.9639113809127248
99,7,0.15,0.7088270321853707
99,7,0.20,0.7153632024867489
99,7,0.25,0.9189542731158915
99,7,0.30,0.8486456628211725
99,7,0.35,0.8984826581773339
99,7,0.40,0.9700829364973452
99,7,0.45,0.9418856585774151
99,7,0.50,0.973582499622965
99,7,0.55,0.9282689756981628
99,7,0.60,0.9393072450467563
99,7,0.65,0.9861327222686915
99,7,0.70,0.9874868588608736
99,7,0.75,0.9617642018356715
99,7,0.80,0.9196775912469128
99,7,0.85,0.984920211348902
99,7,0.90,0.9781291193059402
99,7,0.95,0.9769865858414897
99,8,0.05,0.3768565568947221
99,8,0.10,0.9008165656153702
99,8,0.15,0.7019755160766351
99,8,0.20,0.6595193445288026
99,8,0.25,0.777760207654411
99,8,0.30,0.9785776737477119
99,8,0.35,0.8757596970117367
99,8,0.40,0.9303591738241823
99,8,0.45,0.9789071945843503
99,8,0.50,0.973083425463657
99,8,0.55,0.9244170014459743
99,8,0.60,0.929189868327069
99,8,0.65,0.9615391679201086
99,8,0.70,0.9816757022978664
99,8,0.75,0.9855600916937194
99,8,0.80,0.980512650266213
99,8,0.85,0.9568258668778336
99,8,0.90,0.9751459535183075
99,8,0.95,0.9708586875345402
99,9,0.05,0.14336389860219023
99,9,0.10,0.8783053139554996
99,9,0.15,0.8856453273890307
99,9,0.20,0.935784948051694
99,9,0.25,0.9544869976507756
99,9,0.30,0.9249641854900311
99,9,0.35,0.8410881745176286
99,9,0.40,0.9196546763337621
99,9,0.45,0.9662919948377725
99,9,0.50,0.9459076226098893
99,9,0.55,0.9312160767715237
99,9,0.60,0.9818578418648021
99,9,0.65,0.9765085874172647
99,9,0.70,0.9278168983896262
99,9,0.75,0.9731094590330677
99,9,0.80,0.9485386301016453
99,9,0.85,0.9745569735183099
99,9,0.90,0.978077945848404
99,9,0.95,0.9759825664972857
