random_seed,split_seed,sample_ratio,r2
0,0,0.05,0.7581502376573853
0,0,0.10,-0.9600329943574466
0,0,0.15,0.9614900629721238
0,0,0.20,0.9617946587955766
0,0,0.25,0.9465601287213116
0,0,0.30,0.9461292701206253
0,0,0.35,0.977796184900169
0,0,0.40,0.9481895819782322
0,0,0.45,0.9680267435164324
0,0,0.50,0.9641382246733844
0,0,0.55,0.972011889303237
0,0,0.60,0.9532684684935087
0,0,0.65,0.9639792495759966
0,0,0.70,0.9694117447045179
0,0,0.75,0.9571598003333471
0,0,0.80,0.9601700888346337
0,0,0.85,0.9313051943340975
0,0,0.90,0.8331019700694084
0,0,0.95,0.9852671050231782
0,1,0.05,0.7581502376573853
0,1,0.10,0.3297727105768463
0,1,0.15,0.7740365239083682
0,1,0.20,0.8309567418772389
0,1,0.25,0.9098763550216773
0,1,0.30,0.9263781795622366
0,1,0.35,0.9678797019611196
0,1,0.40,0.9594404276095072
0,1,0.45,0.9817662733571115
0,1,0.50,0.9562783720549417
0,1,0.55,0.9724056076525124
0,1,0.60,0.9704843385001062
0,1,0.65,0.9032012643636709
0,1,0.70,0.9708270767805443
0,1,0.75,0.9423608480385467
0,1,0.80,0.963175641527208
0,1,0.85,0.9674922606179666
0,1,0.90,0.9552947615295658
0,1,0.95,0.9760021016554921
0,2,0.05,-4.141860528987032
0,2,0.10,0.9416045831299933
0,2,0.15,0.9466942687022779
0,2,0.20,0.9812658785212276
0,2,0.25,0.9830123745302342
0,2,0.30,0.9081599918270581
0,2,0.35,0.8804530457886803
0,2,0.40,0.9683692616058358
0,2,0.45,0.9578857565969128
0,2,0.50,0.9457708993603213
0,2,0.55,0.9343042246153678
0,2,0.60,0.9197880237039355
0,2,0.65,0.956500971826994
0,2,0.70,0.9655288299992028
0,2,0.75,0.9625364660025861
0,2,0.80,0.9471598245293934
0,2,0.85,0.959906858979206
0,2,0.90,0.9323492564041502
0,2,0.95,0.9654604213002077
0,3,0.05,0.10814080405780502
0,3,0.10,-28.68343171343587
0,3,0.15,0.8616667506473694
0,3,0.20,0.9373734696222789
0,3,0.25,0.9316431454855538
0,3,0.30,0.8929431059198846
0,3,0.35,0.8583371873667723
0,3,0.40,0.9485525416262409
0,3,0.45,0.9786840712527369
0,3,0.50,0.9565041646028347
0,3,0.55,0.9715781443947384
0,3,0.60,0.9498495699189592
0,3,0.65,0.9788711689497249
0,3,0.70,0.8364378812647868
0,3,0.75,0.9680754672265266
0,3,0.80,0.9414688538868711
0,3,0.85,0.9622681006949854
0,3,0.90,0.9789255545362401
0,3,0.95,0.9780962937311505
0,4,0.05,0.10814080405780502
0,4,0.10,0.9264228103170562
0,4,0.15,0.9522796404150362
0,4,0.20,0.9757648868633484
0,4,0.25,0.8873546661137988
0,4,0.30,0.9288554721604794
0,4,0.35,0.9567134077375443
0,4,0.40,0.9424374202075427
0,4,0.45,0.9801762595818022
0,4,0.50,0.9730363999273783
0,4,0.55,0.9444035147069937
0,4,0.60,0.9777998936583365
0,4,0.65,0.9556436441715257
0,4,0.70,0.8953481601670848
0,4,0.75,0.9674780435895265
0,4,0.80,0.9717337581559514
0,4,0.85,0.9702962982389798
0,4,0.90,0.9649189901845555
0,4,0.95,0.9826157751738287
0,5,0.05,0.7581502376573853
0,5,0.10,0.019875928048926683
0,5,0.15,0.8488508527698015
0,5,0.20,0.8778589332216418
0,5,0.25,0.9169274789824173
0,5,0.30,0.9355747435206984
0,5,0.35,0.9250058545859111
0,5,0.40,0.9713397864515382
0,5,0.45,0.9827494119149588
0,5,0.50,0.944522207546989
0,5,0.55,0.9245495368162159
0,5,0.60,0.972941606691487
0,5,0.65,0.9496074696610749
0,5,0.70,0.9851916585904005
0,5,0.75,0.9768675608797823
0,5,0.80,0.9673814638187797
0,5,0.85,0.9852620204973889
0,5,0.90,0.9780537803444694
0,5,0.95,0.9862053767073485
0,6,0.05,-4.17894134574637
0,6,0.10,0.645532970043168
0,6,0.15,0.9012034486793701
0,6,0.20,0.9579039478827857
0,6,0.25,0.972173062699875
0,6,0.30,0.9643152711895264
0,6,0.35,0.9858442575967291
0,6,0.40,0.9470547137867015
0,6,0.45,0.9787839080853299
0,6,0.50,0.9345217244573546
0,6,0.55,0.9653698504795603
0,6,0.60,0.965012904797311
0,6,0.65,0.873536236952963
0,6,0.70,0.9830285679875306
0,6,0.75,0.9623343415133631
0,6,0.80,0.9907954770208417
0,6,0.85,0.9540604881807712
0,6,0.90,0.9784528146716235
0,6,0.95,0.9809604149505207
0,7,0.05,0.6701315748945857
0,7,0.10,0.7277836032776906
0,7,0.15,0.5063849422495776
0,7,0.20,0.972122271722525
0,7,0.25,0.8830629446312815
0,7,0.30,0.8989676622460144
0,7,0.35,0.833507947147464
0,7,0.40,0.9681227799361606
0,7,0.45,0.9917843878995596
0,7,0.50,0.9310434583025995
0,7,0.55,0.9627098635186202
0,7,0.60,0.9631627712298289
0,7,0.65,0.9505689901788676
0,7,0.70,0.9329683337371718
0,7,0.75,0.9167279177894897
0,7,0.80,0.9337362688150038
0,7,0.85,0.9465844538374779
0,7,0.90,0.9683163798337778
0,7,0.95,0.9765118468990124
0,8,0.05,-67.75472745556405
0,8,0.10,0.8922869981114195
0,8,0.15,0.9580832032049119
0,8,0.20,0.9697070935518708
0,8,0.25,0.9845243941859072
0,8,0.30,0.9784713334309573
0,8,0.35,0.9735402057060114
0,8,0.40,0.8865361260051197
0,8,0.45,0.9735271399304671
0,8,0.50,0.9722403635972952
0,8,0.55,0.9391434993862082
0,8,0.60,0.9201976850395048
0,8,0.65,0.9254377246294466
0,8,0.70,0.9547664214323348
0,8,0.75,0.9499356700266649
0,8,0.80,0.9711572213814739
0,8,0.85,0.9803612658820969
0,8,0.90,0.9855468819763776
0,8,0.95,0.9866872632045874
0,9,0.05,-62337.565369518226
0,9,0.10,0.005751955118947327
0,9,0.15,0.962155743922287
0,9,0.20,0.9639370486081008
0,9,0.25,0.9649936546872298
0,9,0.30,0.946525394828179
0,9,0.35,0.9715350619040573
0,9,0.40,0.9377472914107843
0,9,0.45,0.94409575199676
0,9,0.50,0.9563271697529835
0,9,0.55,0.9756162593055658
0,9,0.60,0.9795980912669356
0,9,0.65,0.9745085268762331
0,9,0.70,0.9858109870362438
0,9,0.75,0.9670886317443508
0,9,0.80,0.975267677503459
0,9,0.85,0.9896974289196766
0,9,0.90,0.9892312328163803
0,9,0.95,0.9876991593124383
1,0,0.05,0.9251828797242839
1,0,0.10,-1.3751892469112459
1,0,0.15,0.9514021814433364
1,0,0.20,0.9442761258415033
1,0,0.25,0.9426399602238063
1,0,0.30,0.9965512207403602
1,0,0.35,0.9862763716199349
1,0,0.40,0.9553925409226796
1,0,0.45,0.9676335735675483
1,0,0.50,0.9749182326456595
1,0,0.55,0.9926574065158931
1,0,0.60,0.947042641938297
1,0,0.65,0.9683364350556005
1,0,0.70,0.9499589995583135
1,0,0.75,0.9378532943014782
1,0,0.80,0.9528460446798179
1,0,0.85,0.9426010908683836
1,0,0.90,0.9113768368610206
1,0,0.95,0.9789138213130896
1,1,0.05,0.9251828797242839
1,1,0.10,-0.12492284099306117
1,1,0.15,0.9240557224174285
1,1,0.20,0.9736641723619432
1,1,0.25,0.9645198336183811
1,1,0.30,0.9942457908362078
1,1,0.35,0.9839872755828367
1,1,0.40,0.9430485240177029
1,1,0.45,0.9683847871611484
1,1,0.50,0.978143680534622
1,1,0.55,0.9293268962126973
1,1,0.60,0.948016602311556
1,1,0.65,0.9648524414300341
1,1,0.70,0.9224826801778585
1,1,0.75,0.9514711925956963
1,1,0.80,0.9777426026693338
1,1,0.85,0.9799234872245107
1,1,0.90,0.9294758283195959
1,1,0.95,0.9566875758441613
1,2,0.05,0.5073465701541984
1,2,0.10,0.9972489152235342
1,2,0.15,0.741137601327156
1,2,0.20,0.9577636056096447
1,2,0.25,0.9817103643380528
1,2,0.30,0.9970156661784201
1,2,0.35,0.9142493305153581
1,2,0.40,0.9723180638349579
1,2,0.45,0.971276935885208
1,2,0.50,0.9489685506042526
1,2,0.55,0.9788342126696075
1,2,0.60,0.951829537527375
1,2,0.65,0.9852341877146061
1,2,0.70,0.9928668555512784
1,2,0.75,0.950798253614483
1,2,0.80,0.9919248334344065
1,2,0.85,0.9453274470964277
1,2,0.90,0.9714073101539629
1,2,0.95,0.9821240955590201
1,3,0.05,-7133.285506978505
1,3,0.10,-0.0008093725389395345
1,3,0.15,0.9952663999208808
1,3,0.20,0.8688819319828915
1,3,0.25,0.9740274438523613
1,3,0.30,0.9692516755695411
1,3,0.35,0.970487059533264
1,3,0.40,0.9807759157772944
1,3,0.45,0.972391713410997
1,3,0.50,0.9718229001414219
1,3,0.55,0.9662214520371545
1,3,0.60,0.952169285963133
1,3,0.65,0.8647788431077955
1,3,0.70,0.8890709678133146
1,3,0.75,0.9747904080031207
1,3,0.80,0.9582690872774198
1,3,0.85,0.9799935978216375
1,3,0.90,0.9593111446438498
1,3,0.95,0.9847433752357593
1,4,0.05,-7133.285506978505
1,4,0.10,0.9926472497565288
1,4,0.15,0.9924842311960684
1,4,0.20,0.969956932455372
1,4,0.25,0.9035655387988922
1,4,0.30,0.9634578383992289
1,4,0.35,0.9913174844391384
1,4,0.40,0.9552563382901882
1,4,0.45,0.9552241950586695
1,4,0.50,0.956438982142743
1,4,0.55,0.9836951650084333
1,4,0.60,0.984872964490531
1,4,0.65,0.9652306771818658
1,4,0.70,0.9282025817534849
1,4,0.75,0.9022207715705766
1,4,0.80,0.9835903161626552
1,4,0.85,0.9458613544033455
1,4,0.90,0.9897719858254991
1,4,0.95,0.991319876965704
1,5,0.05,0.9251828797242839
1,5,0.10,0.9980832413212426
1,5,0.15,0.9220989690681876
1,5,0.20,0.9977901764087427
1,5,0.25,0.9747265809371035
1,5,0.30,0.9594267698314937
1,5,0.35,0.9529055618533951
1,5,0.40,0.8214915093933011
1,5,0.45,0.9660233496140478
1,5,0.50,0.9002121154739628
1,5,0.55,0.9734807999726568
1,5,0.60,0.9570867125403095
1,5,0.65,0.9300404884898172
1,5,0.70,0.9264729217403848
1,5,0.75,0.9838797072047729
1,5,0.80,0.935844025272108
1,5,0.85,0.9721049134135051
1,5,0.90,0.9787501944887423
1,5,0.95,0.9457530468823103
1,6,0.05,-10.735903972065676
1,6,0.10,0.7740078954166946
1,6,0.15,0.9945220043963782
1,6,0.20,0.6180258405444672
1,6,0.25,0.9689873311987953
1,6,0.30,0.9690835158602403
1,6,0.35,0.96946696679634
1,6,0.40,0.8995654581354572
1,6,0.45,0.8791807120210084
1,6,0.50,0.9544852598434604
1,6,0.55,0.9789478506817086
1,6,0.60,0.9783791316203608
1,6,0.65,0.916565884699273
1,6,0.70,0.9665915826104412
1,6,0.75,0.9910387353060585
1,6,0.80,0.9693766823394762
1,6,0.85,0.8294679263400707
1,6,0.90,0.9435359582314673
1,6,0.95,0.9495886860324685
1,7,0.05,0.40637688344159517
1,7,0.10,0.9741239763137095
1,7,0.15,0.9717681729616282
1,7,0.20,0.9867136827984112
1,7,0.25,0.6382701787868985
1,7,0.30,0.9542879664201921
1,7,0.35,0.9733010819419952
1,7,0.40,0.948091004735557
1,7,0.45,0.9676823556978816
1,7,0.50,0.9706765643566115
1,7,0.55,0.9934189782707612
1,7,0.60,0.9784711676432528
1,7,0.65,0.957134419890012
1,7,0.70,0.9469575640102954
1,7,0.75,0.9746736902561031
1,7,0.80,0.9003714514312657
1,7,0.85,0.8288426472530754
1,7,0.90,0.9837719208836624
1,7,0.95,0.9594154463954715
1,8,0.05,-0.0032510034465003113
1,8,0.10,0.9976461654203741
1,8,0.15,0.9944384223417972
1,8,0.20,0.9930956889031463
1,8,0.25,0.9246434190705386
1,8,0.30,0.9627283579344582
1,8,0.35,0.9634595933538771
1,8,0.40,0.8474617528578702
1,8,0.45,0.9801506501501972
1,8,0.50,0.9752236843970187
1,8,0.55,0.9616461666205288
1,8,0.60,0.9812987893812473
1,8,0.65,0.9484868512778654
1,8,0.70,0.9700904820827474
1,8,0.75,0.9869631815013071
1,8,0.80,0.9613957315384272
1,8,0.85,0.9779948258135112
1,8,0.90,0.9750559243761653
1,8,0.95,0.9711586380425745
1,9,0.05,0.8119733479434025
1,9,0.10,-0.15004279880093585
1,9,0.15,0.7421490561105075
1,9,0.20,0.9923578716882742
1,9,0.25,0.8404301406707227
1,9,0.30,0.9852420558272545
1,9,0.35,0.9697078912062503
1,9,0.40,0.9468684306688807
1,9,0.45,0.8762324389118031
1,9,0.50,0.9887983997862314
1,9,0.55,0.9143327323790478
1,9,0.60,0.9496049144515034
1,9,0.65,0.9807757512218065
1,9,0.70,0.9604491194584331
1,9,0.75,0.9569544251662022
1,9,0.80,0.966831983343034
1,9,0.85,0.980161650428935
1,9,0.90,0.9877132000129715
1,9,0.95,0.9773468220535317
2,0,0.05,0.6259772769513658
2,0,0.10,0.9773230899445813
2,0,0.15,0.9466527902267533
2,0,0.20,0.9737986314433705
2,0,0.25,0.9807158589819587
2,0,0.30,0.9511773406368903
2,0,0.35,0.986395848819117
2,0,0.40,0.945096867285648
2,0,0.45,0.9543016702092433
2,0,0.50,0.9541888222738758
2,0,0.55,0.8460239800857159
2,0,0.60,0.9746536651894112
2,0,0.65,0.97791283900183
2,0,0.70,0.9733927577534236
2,0,0.75,0.9832595184159347
2,0,0.80,0.9874974200018325
2,0,0.85,0.9501477680847417
2,0,0.90,0.977742592610235
2,0,0.95,0.9855428056538471
2,1,0.05,0.6259772769513658
2,1,0.10,0.9951778996281407
2,1,0.15,0.9534791044177481
2,1,0.20,0.9743535494094057
2,1,0.25,0.9361788006087253
2,1,0.30,0.9796136372764364
2,1,0.35,0.9204241921923578
2,1,0.40,0.9457188785800753
2,1,0.45,0.954836044502582
2,1,0.50,0.9601126630799315
2,1,0.55,0.9283946590447293
2,1,0.60,0.9762704631447002
2,1,0.65,0.9788911902094526
2,1,0.70,0.9719854427496962
2,1,0.75,0.9481272980991808
2,1,0.80,0.9514508325642982
2,1,0.85,0.9842214037083626
2,1,0.90,0.8507845815717907
2,1,0.95,0.9717161635105883
2,2,0.05,-0.6609183942640509
2,2,0.10,0.9075232361226472
2,2,0.15,0.9327792240563956
2,2,0.20,0.8974200859910859
2,2,0.25,0.9967704095179076
2,2,0.30,0.9852538549565517
2,2,0.35,0.8658334636729285
2,2,0.40,0.9545709973945539
2,2,0.45,0.9331149973419717
2,2,0.50,0.893082648178834
2,2,0.55,0.9252596468750628
2,2,0.60,0.9524223443401472
2,2,0.65,0.9693561871498659
2,2,0.70,0.9470530244168789
2,2,0.75,0.9783816357776872
2,2,0.80,0.9796919715278501
2,2,0.85,0.958845927722926
2,2,0.90,0.9840812427189268
2,2,0.95,0.9739304694315732
2,3,0.05,-0.11077260817148327
2,3,0.10,-6.2899404016644045
2,3,0.15,0.899561838330108
2,3,0.20,0.9337802833504129
2,3,0.25,0.9354369948856373
2,3,0.30,0.9646044122615021
2,3,0.35,0.9729365658149725
2,3,0.40,0.9486244611441805
2,3,0.45,0.9896706399561525
2,3,0.50,0.9745496640423242
2,3,0.55,0.9590700711400677
2,3,0.60,0.9521298906625614
2,3,0.65,0.9506181988794843
2,3,0.70,0.9788795338310677
2,3,0.75,0.9650709234848128
2,3,0.80,0.9603547437874593
2,3,0.85,0.9309414764440399
2,3,0.90,0.9770530922103277
2,3,0.95,0.9861340381172755
2,4,0.05,-0.11077260817148327
2,4,0.10,0.9314279456529632
2,4,0.15,0.9033686961998553
2,4,0.20,0.9312728166004697
2,4,0.25,0.9442904362282512
2,4,0.30,0.9614409021454574
2,4,0.35,0.9795810385916675
2,4,0.40,0.9746517456281573
2,4,0.45,0.9859354346237182
2,4,0.50,0.9913212322971394
2,4,0.55,0.9657366183536351
2,4,0.60,0.9386272472817254
2,4,0.65,0.9512659282130411
2,4,0.70,0.9473363210336889
2,4,0.75,0.9643651224569746
2,4,0.80,0.9719706501273269
2,4,0.85,0.9559590609902434
2,4,0.90,0.9895294513628642
2,4,0.95,0.9872154051837098
2,5,0.05,0.6259772769513658
2,5,0.10,0.9276155255576213
2,5,0.15,0.7875757673990484
2,5,0.20,0.9642714748268029
2,5,0.25,0.9363465632678747
2,5,0.30,0.9899090649043256
2,5,0.35,0.9794318174527409
2,5,0.40,0.9695825751309025
2,5,0.45,0.9634710572554
2,5,0.50,0.9356506239554957
2,5,0.55,0.9096854099208052
2,5,0.60,0.9813194743006265
2,5,0.65,0.9854444371021508
2,5,0.70,0.9669755369638691
2,5,0.75,0.9764818016994173
2,5,0.80,0.9219830072699817
2,5,0.85,0.9842663544148581
2,5,0.90,0.9809724043738306
2,5,0.95,0.9821114879165077
2,6,0.05,-10.178348265759862
2,6,0.10,0.8145708377049213
2,6,0.15,0.9923641181643735
2,6,0.20,0.9475241428556154
2,6,0.25,0.9791851225185888
2,6,0.30,0.9814210834925086
2,6,0.35,0.9775380092167969
2,6,0.40,0.9922141579929095
2,6,0.45,0.9667689727605605
2,6,0.50,0.954659943136269
2,6,0.55,0.9479472366951225
2,6,0.60,0.9737277913496452
2,6,0.65,0.9717063803882139
2,6,0.70,0.9797713436044719
2,6,0.75,0.9503711516120892
2,6,0.80,0.9756164267890457
2,6,0.85,0.9444641060067042
2,6,0.90,0.9885605011434208
2,6,0.95,0.9600382665162422
2,7,0.05,0.4946861057644306
2,7,0.10,0.8668432472835985
2,7,0.15,0.9585911568120585
2,7,0.20,0.9493107665304653
2,7,0.25,0.9794576597349343
2,7,0.30,0.9624579237566414
2,7,0.35,0.9187146540703583
2,7,0.40,0.9850788433343045
2,7,0.45,0.9909984781140321
2,7,0.50,0.9646124519856869
2,7,0.55,0.9702702984627611
2,7,0.60,0.9769673005040213
2,7,0.65,0.9492141869434249
2,7,0.70,0.9800156437314149
2,7,0.75,0.9772754617986087
2,7,0.80,0.9271661943006151
2,7,0.85,0.9441458947706814
2,7,0.90,0.958720220203574
2,7,0.95,0.9728463441672847
2,8,0.05,-241.82089461253486
2,8,0.10,0.9534422817299193
2,8,0.15,0.9529734530271236
2,8,0.20,0.8353499629515189
2,8,0.25,0.9455453460860612
2,8,0.30,0.9756376177817844
2,8,0.35,0.9626665446646423
2,8,0.40,0.8933590132907627
2,8,0.45,0.9282200933615385
2,8,0.50,0.9598488247593423
2,8,0.55,0.9721394110313283
2,8,0.60,0.9555119563933454
2,8,0.65,0.9769070854624576
2,8,0.70,0.9662625842078253
2,8,0.75,0.9635115663582671
2,8,0.80,0.9448001307040588
2,8,0.85,0.8666738297978913
2,8,0.90,0.9835557153179609
2,8,0.95,0.9821418481021057
2,9,0.05,-0.5230394501817848
2,9,0.10,0.9088649670526481
2,9,0.15,0.9891827734573605
2,9,0.20,0.9759991939842645
2,9,0.25,0.9916342085625612
2,9,0.30,0.9468789182189914
2,9,0.35,0.9562474627294206
2,9,0.40,0.9712229544199135
2,9,0.45,0.9689051381352912
2,9,0.50,0.9832169542002852
2,9,0.55,0.9263514827420032
2,9,0.60,0.9579673054186686
2,9,0.65,0.975223025765628
2,9,0.70,0.9814683316854722
2,9,0.75,0.9925636657363283
2,9,0.80,0.9833886058318382
2,9,0.85,0.993698917853265
2,9,0.90,0.994952054576581
2,9,0.95,0.9852960344282905
3,0,0.05,0.4182941264182727
3,0,0.10,0.1103913424700359
3,0,0.15,0.9818940172741502
3,0,0.20,0.9642807232627302
3,0,0.25,0.9436007757213216
3,0,0.30,0.9606406629655939
3,0,0.35,0.8966626194391619
3,0,0.40,0.9280817181687026
3,0,0.45,0.9629585360853807
3,0,0.50,0.9624004286393254
3,0,0.55,0.9731141073934078
3,0,0.60,0.9292927380511056
3,0,0.65,0.9579776352342978
3,0,0.70,0.9530386661065686
3,0,0.75,0.9508914070809915
3,0,0.80,0.9609717475691401
3,0,0.85,0.8990424515651074
3,0,0.90,0.9828402626113208
3,0,0.95,0.9820763124576226
3,1,0.05,0.4182941264182727
3,1,0.10,0.814597385829221
3,1,0.15,0.9663573314903091
3,1,0.20,0.822095090631386
3,1,0.25,0.8890040183284594
3,1,0.30,0.9513879068190424
3,1,0.35,0.9569786344689932
3,1,0.40,0.9588655487430654
3,1,0.45,0.9262508582699618
3,1,0.50,0.9609569699652978
3,1,0.55,0.9626034689582877
3,1,0.60,0.9802534912786837
3,1,0.65,0.849125210645425
3,1,0.70,0.9327969723943905
3,1,0.75,0.9324465686021293
3,1,0.80,0.8698874836869271
3,1,0.85,0.9301430938736949
3,1,0.90,0.9810586357667812
3,1,0.95,0.9769033152805384
3,2,0.05,0.8009050755898239
3,2,0.10,0.6943515796576671
3,2,0.15,0.9365242399833971
3,2,0.20,-0.26552998920128257
3,2,0.25,0.996579215833481
3,2,0.30,0.9614239956795991
3,2,0.35,0.8060564521086706
3,2,0.40,0.8938897450109321
3,2,0.45,0.9738541020104566
3,2,0.50,0.9390391953774956
3,2,0.55,0.9434185160726009
3,2,0.60,0.9777280752691552
3,2,0.65,0.9631621368075416
3,2,0.70,0.9733650684190696
3,2,0.75,0.943934194471708
3,2,0.80,0.9394370398703842
3,2,0.85,0.9582310638713004
3,2,0.90,0.983387655073109
3,2,0.95,0.953270259977287
3,3,0.05,0.35714857264735544
3,3,0.10,-3.9696049511933174
3,3,0.15,0.939935785484299
3,3,0.20,0.9050214489291535
3,3,0.25,0.8565510507287686
3,3,0.30,0.9810704529321451
3,3,0.35,0.9341244024812844
3,3,0.40,0.9450046118701693
3,3,0.45,0.9736596003093786
3,3,0.50,0.892232456576673
3,3,0.55,0.9174455711420619
3,3,0.60,0.922528977664265
3,3,0.65,0.9834451340065232
3,3,0.70,0.9165619769354745
3,3,0.75,0.8810539998265101
3,3,0.80,0.902886247075448
3,3,0.85,0.967944845130591
3,3,0.90,0.9812651984236603
3,3,0.95,0.9828472756751117
3,4,0.05,0.35714857264735544
3,4,0.10,0.5351424995417164
3,4,0.15,0.9688827974235029
3,4,0.20,0.7880341667920218
3,4,0.25,0.8507146003418384
3,4,0.30,0.9589279943496409
3,4,0.35,0.9563442728870909
3,4,0.40,0.9348628257960667
3,4,0.45,0.9592007051528181
3,4,0.50,0.9656210177594297
3,4,0.55,0.9678031961351838
3,4,0.60,0.9882577888644585
3,4,0.65,0.9848853547624364
3,4,0.70,0.9017173618464766
3,4,0.75,0.9780093346535957
3,4,0.80,0.9674090792689114
3,4,0.85,0.9699862656619285
3,4,0.90,0.9532811951134851
3,4,0.95,0.9716306009761716
3,5,0.05,0.4182941264182727
3,5,0.10,-0.06378310627033534
3,5,0.15,0.664911091566077
3,5,0.20,0.9069272650270099
3,5,0.25,0.9359506135119648
3,5,0.30,0.979756129621741
3,5,0.35,0.9741467998054506
3,5,0.40,0.9842638323838782
3,5,0.45,0.9634434305128812
3,5,0.50,0.7679749593626369
3,5,0.55,0.8844719372490534
3,5,0.60,0.9359697344468518
3,5,0.65,0.9283100081170751
3,5,0.70,0.8899708267001962
3,5,0.75,0.9551672837994379
3,5,0.80,0.9785285695069396
3,5,0.85,0.9876168984714504
3,5,0.90,0.9646357741617989
3,5,0.95,0.9910621903644216
3,6,0.05,-3.567404411051002
3,6,0.10,0.44196060776826007
3,6,0.15,0.9916157341010136
3,6,0.20,0.8671692901683633
3,6,0.25,0.9072357965069112
3,6,0.30,0.954993794054855
3,6,0.35,0.936164065505448
3,6,0.40,0.7333679392299847
3,6,0.45,0.9556976225488036
3,6,0.50,0.8740266104467049
3,6,0.55,0.9805962736125355
3,6,0.60,0.9624482877770701
3,6,0.65,0.9286742788798056
3,6,0.70,0.9658886162961824
3,6,0.75,0.973723421518387
3,6,0.80,0.970519555937694
3,6,0.85,0.9708887416702112
3,6,0.90,0.9770150638423661
3,6,0.95,0.9776150751333127
3,7,0.05,-0.32319911089851616
3,7,0.10,0.6898798615017585
3,7,0.15,0.9827474561230507
3,7,0.20,0.9615395058658497
3,7,0.25,0.982491188378997
3,7,0.30,0.9931242440345254
3,7,0.35,0.9546377148268693
3,7,0.40,0.95079717164116
3,7,0.45,0.9735412537583034
3,7,0.50,0.8734069246296228
3,7,0.55,0.9249342349425778
3,7,0.60,0.9583643081251502
3,7,0.65,0.9650522820380495
3,7,0.70,0.9578344640137196
3,7,0.75,0.9839055021692933
3,7,0.80,0.9503263041853185
3,7,0.85,0.9088914687017465
3,7,0.90,0.9779706080930286
3,7,0.95,0.9763816396801327
3,8,0.05,-0.005764648928574534
3,8,0.10,0.8791808459379196
3,8,0.15,0.9804661417500257
3,8,0.20,0.9002023807533887
3,8,0.25,0.9527577472412381
3,8,0.30,0.9554358880679913
3,8,0.35,0.9786692648169313
3,8,0.40,0.9684023198410815
3,8,0.45,0.9327117229810538
3,8,0.50,0.8794909182779137
3,8,0.55,0.860886118315339
3,8,0.60,0.8725540669854394
3,8,0.65,0.886009287045266
3,8,0.70,0.9031277901261843
3,8,0.75,0.9197119667965318
3,8,0.80,0.9247851486104601
3,8,0.85,0.9566880288401736
3,8,0.90,0.9888581406635161
3,8,0.95,0.9793773038934461
3,9,0.05,0.7573965142564796
3,9,0.10,0.576969568108078
3,9,0.15,0.9169560941252484
3,9,0.20,0.9573990948725146
3,9,0.25,0.9240037610427643
3,9,0.30,0.955931009023937
3,9,0.35,0.9575806431013294
3,9,0.40,0.5154214224262174
3,9,0.45,0.9452061147379667
3,9,0.50,0.9119133277439855
3,9,0.55,0.9897938936816503
3,9,0.60,0.9658481510754195
3,9,0.65,0.9576181147168801
3,9,0.70,0.9476129063697458
3,9,0.75,0.9887444192794739
3,9,0.80,0.9273721394402007
3,9,0.85,0.971677926476214
3,9,0.90,0.9771814670045478
3,9,0.95,0.9734861415097842
4,0,0.05,0.42147578684584197
4,0,0.10,-3.426039168099682
4,0,0.15,0.9929976115849323
4,0,0.20,0.8315911610307095
4,0,0.25,0.983057804245827
4,0,0.30,0.9834858803649498
4,0,0.35,0.8780795168734965
4,0,0.40,0.9612698730632414
4,0,0.45,0.9143159531321767
4,0,0.50,0.909099734844176
4,0,0.55,0.9476689454880106
4,0,0.60,0.8982936466122027
4,0,0.65,0.9701526968166846
4,0,0.70,0.9600166739353836
4,0,0.75,0.9699292653630109
4,0,0.80,0.9339221956444157
4,0,0.85,0.930257541395844
4,0,0.90,0.9430046816874584
4,0,0.95,0.9395849985778157
4,1,0.05,0.42147578684584197
4,1,0.10,0.9276679378392939
4,1,0.15,0.986463095863105
4,1,0.20,0.9916646326211818
4,1,0.25,0.9171059648686137
4,1,0.30,0.9765830177903079
4,1,0.35,0.9719554482358372
4,1,0.40,0.9813433165957006
4,1,0.45,0.8760588072359043
4,1,0.50,0.925280843659903
4,1,0.55,0.8975529575891297
4,1,0.60,0.9345946693590794
4,1,0.65,0.9092216854924725
4,1,0.70,0.8984026742976292
4,1,0.75,0.9520147869663323
4,1,0.80,0.9318656358742882
4,1,0.85,0.9090456615653117
4,1,0.90,0.9812391059950057
4,1,0.95,0.9489720276091701
4,2,0.05,-26.41145516073292
4,2,0.10,0.9949365834205428
4,2,0.15,0.9782524116361369
4,2,0.20,0.7223386371626362
4,2,0.25,0.9633104343085187
4,2,0.30,0.9717182864586537
4,2,0.35,0.944632262916955
4,2,0.40,0.9561893061033497
4,2,0.45,0.9704170423362245
4,2,0.50,0.8962370454840044
4,2,0.55,0.9525739247532111
4,2,0.60,0.944562638019052
4,2,0.65,0.9830013149951145
4,2,0.70,0.9775646525569707
4,2,0.75,0.9366010497277427
4,2,0.80,0.9749485013580129
4,2,0.85,0.9715394636934687
4,2,0.90,0.981414331273569
4,2,0.95,0.9745705484322443
4,3,0.05,0.35714927269049856
4,3,0.10,-2.1132901961176436
4,3,0.15,0.9618060889423802
4,3,0.20,0.9156279384272287
4,3,0.25,0.9238739584678137
4,3,0.30,0.9367609012130841
4,3,0.35,0.9143051482246053
4,3,0.40,0.9087161476201582
4,3,0.45,0.9738577232749516
4,3,0.50,0.9411831530127057
4,3,0.55,0.9604956443594496
4,3,0.60,0.9551649667193414
4,3,0.65,0.9731825893033762
4,3,0.70,0.9453425127487035
4,3,0.75,0.9501552402681264
4,3,0.80,0.9583361261012895
4,3,0.85,0.9753828253527835
4,3,0.90,0.9219192362896215
4,3,0.95,0.958506542702614
4,4,0.05,0.35714927269049856
4,4,0.10,0.9468867100011101
4,4,0.15,0.9926146184370178
4,4,0.20,0.9486723984909569
4,4,0.25,0.91181293588793
4,4,0.30,0.904747397931142
4,4,0.35,0.9553558813556096
4,4,0.40,0.9083415379282782
4,4,0.45,0.9679322699135066
4,4,0.50,0.9694783345680166
4,4,0.55,0.8469397920155748
4,4,0.60,0.9821513844856151
4,4,0.65,0.9203380968580397
4,4,0.70,0.8877154307859304
4,4,0.75,0.9785904555515539
4,4,0.80,0.9773969713228954
4,4,0.85,0.9867808651257648
4,4,0.90,0.9704393329808306
4,4,0.95,0.9721019467543424
4,5,0.05,0.42147578684584197
4,5,0.10,0.9990551174500142
4,5,0.15,0.8848502476607756
4,5,0.20,0.9631065458564674
4,5,0.25,0.9895095663467404
4,5,0.30,0.9913380499478535
4,5,0.35,0.9922741615518638
4,5,0.40,0.945466495248234
4,5,0.45,0.9770250972548857
4,5,0.50,0.6086840571255471
4,5,0.55,0.9414309813407884
4,5,0.60,0.9830653004116916
4,5,0.65,0.9198906408450299
4,5,0.70,0.9547909688876542
4,5,0.75,0.9326214374253002
4,5,0.80,0.9278630687063456
4,5,0.85,0.9718081137716127
4,5,0.90,0.9867825679772084
4,5,0.95,0.9697756463049525
4,6,0.05,-1.8715502094422227
4,6,0.10,0.6436135475060425
4,6,0.15,0.9966522511428578
4,6,0.20,0.888876728663766
4,6,0.25,0.9944944892495623
4,6,0.30,0.9849161469327217
4,6,0.35,0.9537611353308205
4,6,0.40,0.9511164124563483
4,6,0.45,0.952946732608826
4,6,0.50,0.9330852963535746
4,6,0.55,0.9570910714617848
4,6,0.60,0.950796358924659
4,6,0.65,0.8734356816170301
4,6,0.70,0.958627589160099
4,6,0.75,0.9660398054934464
4,6,0.80,0.9618747919420145
4,6,0.85,0.9690433514248821
4,6,0.90,0.978038378331499
4,6,0.95,0.9744158145742883
4,7,0.05,0.3138258020743723
4,7,0.10,0.9755852919519399
4,7,0.15,0.9901020238217167
4,7,0.20,0.945464084020626
4,7,0.25,0.9682289307749846
4,7,0.30,0.9829611146800796
4,7,0.35,0.9498849371638773
4,7,0.40,0.9418052467203557
4,7,0.45,0.9717022671870309
4,7,0.50,0.9799625079908133
4,7,0.55,0.9660368360724061
4,7,0.60,0.9890619029740024
4,7,0.65,0.9527600247698413
4,7,0.70,0.9405450624517553
4,7,0.75,0.9294220075147368
4,7,0.80,0.9530964534741261
4,7,0.85,0.9670451693991056
4,7,0.90,0.9713023540971729
4,7,0.95,0.9735089547490838
4,8,0.05,-6.413463355119858
4,8,0.10,0.9710627573132546
4,8,0.15,0.9970126404795068
4,8,0.20,0.9703589492905098
4,8,0.25,0.7143497713832382
4,8,0.30,0.9475618789364989
4,8,0.35,0.9519073538585727
4,8,0.40,0.9406558572501335
4,8,0.45,0.9730198026815353
4,8,0.50,0.9497592190986449
4,8,0.55,0.9599360962476633
4,8,0.60,0.9360350980761283
4,8,0.65,0.9777003036103588
4,8,0.70,0.9785645210383707
4,8,0.75,0.9562423370934056
4,8,0.80,0.9577029388977838
4,8,0.85,0.8892139194157938
4,8,0.90,0.9834995878135714
4,8,0.95,0.9435293488805238
4,9,0.05,-2.587269851992555
4,9,0.10,0.46446873687280443
4,9,0.15,0.9954093153245911
4,9,0.20,0.9956139784979152
4,9,0.25,0.9732044536912321
4,9,0.30,0.9655308022716759
4,9,0.35,0.9835826333480386
4,9,0.40,0.9479984505980412
4,9,0.45,0.9716363977933867
4,9,0.50,0.8863541086801634
4,9,0.55,0.9869825789249648
4,9,0.60,0.9508863708146751
4,9,0.65,0.9296197483857656
4,9,0.70,0.9813950131460878
4,9,0.75,0.9770382434137165
4,9,0.80,0.9350327215412443
4,9,0.85,0.9794959183687457
4,9,0.90,0.9743706619784306
4,9,0.95,0.9744962296730943
5,0,0.05,0.7206594605371541
5,0,0.10,0.9851736079272911
5,0,0.15,0.9686059237764554
5,0,0.20,0.9612719333183168
5,0,0.25,0.9597422464357962
5,0,0.30,0.932901792352169
5,0,0.35,0.9727010357293591
5,0,0.40,0.9593665599054834
5,0,0.45,0.9382302663273381
5,0,0.50,0.9383272452020364
5,0,0.55,0.9132915166758472
5,0,0.60,0.8534736398915563
5,0,0.65,0.9553439184947983
5,0,0.70,0.916001481243029
5,0,0.75,0.9593853816401957
5,0,0.80,0.9674939835148473
5,0,0.85,0.9585409852250515
5,0,0.90,0.9794430028278297
5,0,0.95,0.9487722838312638
5,1,0.05,0.7206594605371541
5,1,0.10,0.9980081520350222
5,1,0.15,0.7757268571040081
5,1,0.20,0.8590900383934894
5,1,0.25,0.9908502185895368
5,1,0.30,0.9654899660048738
5,1,0.35,0.9388548461009808
5,1,0.40,0.8973383518495679
5,1,0.45,0.9469338079450172
5,1,0.50,0.9564638516682575
5,1,0.55,0.9352085520796306
5,1,0.60,0.9676673125733415
5,1,0.65,0.9774720287807558
5,1,0.70,0.9631162388776955
5,1,0.75,0.9207048877249259
5,1,0.80,0.9715450388294723
5,1,0.85,0.9767933024295717
5,1,0.90,0.8528579497891773
5,1,0.95,0.9555868140501105
5,2,0.05,-0.6892028813545066
5,2,0.10,0.9964801378343567
5,2,0.15,0.6877686339934198
5,2,0.20,0.946882696210585
5,2,0.25,0.9935239520083365
5,2,0.30,0.9462784311010638
5,2,0.35,0.9770185381623642
5,2,0.40,0.9610351569953745
5,2,0.45,0.9646334964296461
5,2,0.50,0.9500677021169118
5,2,0.55,0.9763109139327467
5,2,0.60,0.9713920680480141
5,2,0.65,0.9819098652467139
5,2,0.70,0.9579873742397045
5,2,0.75,0.9765870524874094
5,2,0.80,0.9350096154775496
5,2,0.85,0.9897812557044422
5,2,0.90,0.9587336646876036
5,2,0.95,0.9864197617066874
5,3,0.05,0.18782792917093394
5,3,0.10,-6.0018874141119465
5,3,0.15,0.9659982948873512
5,3,0.20,0.9910911767701264
5,3,0.25,0.9528271657114095
5,3,0.30,0.9861206486638814
5,3,0.35,0.9294398623639574
5,3,0.40,0.9882579785443867
5,3,0.45,0.9825563091338827
5,3,0.50,0.8189681122979872
5,3,0.55,0.9769103678507745
5,3,0.60,0.8649654051339326
5,3,0.65,0.9180467099040287
5,3,0.70,0.9532548886792526
5,3,0.75,0.9768344608119417
5,3,0.80,0.9563583680202119
5,3,0.85,0.9753880225128092
5,3,0.90,0.9844761025959708
5,3,0.95,0.9846942602854057
5,4,0.05,0.18782792917093394
5,4,0.10,0.9973394442230341
5,4,0.15,0.9716924371167991
5,4,0.20,0.938669677570211
5,4,0.25,0.9539695759413591
5,4,0.30,0.9517671278112575
5,4,0.35,0.9793081899631785
5,4,0.40,0.9845009522483008
5,4,0.45,0.9426013848819805
5,4,0.50,0.9380270573420468
5,4,0.55,0.9245541259562363
5,4,0.60,0.9563162194850519
5,4,0.65,0.9385328248105402
5,4,0.70,0.9737242610816189
5,4,0.75,0.875558912540399
5,4,0.80,0.8777768295008782
5,4,0.85,0.9489300524279285
5,4,0.90,0.9763900700415186
5,4,0.95,0.9812187713145756
5,5,0.05,0.7206594605371541
5,5,0.10,0.9095421000741211
5,5,0.15,0.9852334609934852
5,5,0.20,0.9697701444324736
5,5,0.25,0.9652901442377997
5,5,0.30,0.9660697408296404
5,5,0.35,0.9768326396338157
5,5,0.40,0.9750177752397371
5,5,0.45,0.9216466729563317
5,5,0.50,0.9310018944108148
5,5,0.55,0.9661257942077945
5,5,0.60,0.9774992109326958
5,5,0.65,0.955858227821929
5,5,0.70,0.9838131818958334
5,5,0.75,0.8398818638317685
5,5,0.80,0.8709435594820577
5,5,0.85,0.9141952678019079
5,5,0.90,0.9859902215538645
5,5,0.95,0.9757531814030502
5,6,0.05,-6.291924107973662
5,6,0.10,0.9836267363308301
5,6,0.15,0.9909649821929316
5,6,0.20,0.988726497424273
5,6,0.25,0.9356224013549448
5,6,0.30,0.9562655889315937
5,6,0.35,0.8731932683254294
5,6,0.40,0.9798893924272507
5,6,0.45,0.8641450893389196
5,6,0.50,0.9241962161834416
5,6,0.55,0.9794531373322563
5,6,0.60,0.9621131536536858
5,6,0.65,0.9235015558343451
5,6,0.70,0.980394512336229
5,6,0.75,0.9166758075360513
5,6,0.80,0.9430776333576486
5,6,0.85,0.941917600687172
5,6,0.90,0.9822014963319624
5,6,0.95,0.9941029770794378
5,7,0.05,0.4578663462078255
5,7,0.10,0.9836030474427169
5,7,0.15,0.9611541105185305
5,7,0.20,0.9652926023821149
5,7,0.25,0.9188957042616335
5,7,0.30,0.8245980010984286
5,7,0.35,0.9530739529963599
5,7,0.40,0.982659261704382
5,7,0.45,0.9630820565386594
5,7,0.50,0.9139959018150815
5,7,0.55,0.9823863945981796
5,7,0.60,0.978331873518442
5,7,0.65,0.9575550261472112
5,7,0.70,0.9808801270920692
5,7,0.75,0.8682540322138921
5,7,0.80,0.8546496805867017
5,7,0.85,0.9671536445549398
5,7,0.90,0.961879442540573
5,7,0.95,0.9753729425915243
5,8,0.05,-408.86708751386135
5,8,0.10,0.9588407214485908
5,8,0.15,0.9916415990241925
5,8,0.20,0.944510924700966
5,8,0.25,0.9211500431944305
5,8,0.30,0.9544242071782711
5,8,0.35,0.9789761875230899
5,8,0.40,0.942200156731581
5,8,0.45,0.9501558718386678
5,8,0.50,0.9702474455241425
5,8,0.55,0.9612406968214554
5,8,0.60,0.9689217183378065
5,8,0.65,0.9605526958056013
5,8,0.70,0.975146951446368
5,8,0.75,0.9770761155927448
5,8,0.80,0.9603885502321562
5,8,0.85,0.8932412521839579
5,8,0.90,0.955201053682294
5,8,0.95,0.9519354416490683
5,9,0.05,-0.5186226838192585
5,9,0.10,0.9644141454491884
5,9,0.15,0.9248638921501007
5,9,0.20,0.8923364566074231
5,9,0.25,0.9530596418943279
5,9,0.30,0.9392567460508487
5,9,0.35,0.9716565962786293
5,9,0.40,0.9707750868974027
5,9,0.45,0.9620818614940287
5,9,0.50,0.9121683340072199
5,9,0.55,0.977150294564912
5,9,0.60,0.9803905329088257
5,9,0.65,0.9666944415941563
5,9,0.70,0.9420506930494695
5,9,0.75,0.9124028507086805
5,9,0.80,0.8912255818070397
5,9,0.85,0.9549686220159803
5,9,0.90,0.9876240655311742
5,9,0.95,0.9814540815474943
6,0,0.05,0.6259767681191795
6,0,0.10,0.9841821597913767
6,0,0.15,0.9021562121557666
6,0,0.20,0.969498612006464
6,0,0.25,0.9601464092984775
6,0,0.30,0.9836118415113031
6,0,0.35,0.9748726033158753
6,0,0.40,0.9737729717117544
6,0,0.45,0.9679811571961896
6,0,0.50,0.9891853504931246
6,0,0.55,0.8798196897583073
6,0,0.60,0.9619659783156859
6,0,0.65,0.9637407397932124
6,0,0.70,0.9760334995569608
6,0,0.75,0.9805522770185244
6,0,0.80,0.9224314903692231
6,0,0.85,0.9576799584870763
6,0,0.90,0.960463529681515
6,0,0.95,0.9817467550738102
6,1,0.05,0.6259767681191795
6,1,0.10,0.9992361924307709
6,1,0.15,0.893618455708981
6,1,0.20,0.9760091271599916
6,1,0.25,0.7900687260629575
6,1,0.30,0.8605481881987491
6,1,0.35,0.6884158850671676
6,1,0.40,0.8912395068758524
6,1,0.45,0.9437666375474644
6,1,0.50,0.9468025530306433
6,1,0.55,0.9385604821412195
6,1,0.60,0.9785345989764134
6,1,0.65,0.970355146261707
6,1,0.70,0.9674928914356814
6,1,0.75,0.9573097725449202
6,1,0.80,0.9684845801299021
6,1,0.85,0.9153541320889573
6,1,0.90,0.9418778945568652
6,1,0.95,0.9643526181924699
6,2,0.05,-0.7534428305196741
6,2,0.10,0.48077902120285665
6,2,0.15,0.7792311517072696
6,2,0.20,0.60610937056152
6,2,0.25,0.9735531090303121
6,2,0.30,0.9310262064834656
6,2,0.35,0.7837928006920466
6,2,0.40,0.9726853094371286
6,2,0.45,0.9417255141037824
6,2,0.50,0.9372406829728221
6,2,0.55,0.8911051709222104
6,2,0.60,0.9262130750044999
6,2,0.65,0.8762032898084082
6,2,0.70,0.8890573312726291
6,2,0.75,0.813816131646678
6,2,0.80,0.9460303543048697
6,2,0.85,0.9830293854469488
6,2,0.90,0.9521658062926378
6,2,0.95,0.9697576533165184
6,3,0.05,-0.1107744184167272
6,3,0.10,-43.146209004579404
6,3,0.15,0.8669895058579334
6,3,0.20,0.8451760391093447
6,3,0.25,0.9455252795521752
6,3,0.30,0.8993620651111016
6,3,0.35,0.8363697523677669
6,3,0.40,0.9155043596384783
6,3,0.45,0.9579620089025372
6,3,0.50,0.783238303488679
6,3,0.55,0.9751674997402975
6,3,0.60,0.9748394657028283
6,3,0.65,0.920634371074318
6,3,0.70,0.977121683212166
6,3,0.75,0.9342893940201937
6,3,0.80,0.9775979913457974
6,3,0.85,0.9590974794040658
6,3,0.90,0.9781752536107703
6,3,0.95,0.9816734384173719
6,4,0.05,-0.1107744184167272
6,4,0.10,0.8698078717620787
6,4,0.15,0.8198568318609447
6,4,0.20,0.5005230257080142
6,4,0.25,0.9142430989669954
6,4,0.30,0.897206839690255
6,4,0.35,0.8580768636183688
6,4,0.40,0.9621061538984341
6,4,0.45,0.8530584554812617
6,4,0.50,0.9635007238881639
6,4,0.55,0.9420079248871516
6,4,0.60,0.9677022280291757
6,4,0.65,0.9683237144611766
6,4,0.70,0.9544245612722504
6,4,0.75,0.9644094876109879
6,4,0.80,0.9525078061504177
6,4,0.85,0.9639474242895949
6,4,0.90,0.9736936047892666
6,4,0.95,0.9775014431534527
6,5,0.05,0.6259767681191795
6,5,0.10,-2.138858940359024
6,5,0.15,0.4733216375936663
6,5,0.20,0.9739073777389995
6,5,0.25,0.9627452217312782
6,5,0.30,0.7943372014085621
6,5,0.35,0.8309376055129918
6,5,0.40,0.8506583773355489
6,5,0.45,0.922010482010422
6,5,0.50,0.9827037891593421
6,5,0.55,0.9633340741293124
6,5,0.60,0.9742098567286159
6,5,0.65,0.9560498634897621
6,5,0.70,0.9739672254596028
6,5,0.75,0.9338573929529992
6,5,0.80,0.9516250046848563
6,5,0.85,0.9638291307675736
6,5,0.90,0.9585960939017723
6,5,0.95,0.9810106904507095
6,6,0.05,-10.178348265759862
6,6,0.10,0.46058659032233795
6,6,0.15,0.9889360413185635
6,6,0.20,0.7270710317505009
6,6,0.25,0.8783695609513841
6,6,0.30,0.8725974807573568
6,6,0.35,0.9431652942837838
6,6,0.40,0.7447233681711747
6,6,0.45,0.8532462857705045
6,6,0.50,0.9199260353827545
6,6,0.55,0.9311742906410743
6,6,0.60,0.9432335440154824
6,6,0.65,0.9610755492358883
6,6,0.70,0.9811163157901536
6,6,0.75,0.972441602310378
6,6,0.80,0.978914023778205
6,6,0.85,0.9582153730257207
6,6,0.90,0.9637053263817515
6,6,0.95,0.9905115954557712
6,7,0.05,0.4946861057644306
6,7,0.10,0.7619738662998774
6,7,0.15,0.849078830652734
6,7,0.20,0.9592660390054314
6,7,0.25,0.9641180618954773
6,7,0.30,0.9371893305945311
6,7,0.35,0.977079710224672
6,7,0.40,0.9683713791054515
6,7,0.45,0.976750800790984
6,7,0.50,0.9795773032070649
6,7,0.55,0.9822759575575124
6,7,0.60,0.9792443886551505
6,7,0.65,0.9879008560398738
6,7,0.70,0.9807819961118037
6,7,0.75,0.9375996034799328
6,7,0.80,0.9473132322367003
6,7,0.85,0.9257109061482536
6,7,0.90,0.978691633213101
6,7,0.95,0.979309915708085
6,8,0.05,-592.8254368054515
6,8,0.10,0.9424364749363219
6,8,0.15,0.8840758328663876
6,8,0.20,0.7384941100287234
6,8,0.25,0.965839530973748
6,8,0.30,0.9250575908221919
6,8,0.35,0.9471628234628241
6,8,0.40,0.9138093197251779
6,8,0.45,0.9341604563684116
6,8,0.50,0.981181628109651
6,8,0.55,0.9769641006028957
6,8,0.60,0.9370255909676406
6,8,0.65,0.9517599287113396
6,8,0.70,0.9748386681063036
6,8,0.75,0.9728453303909163
6,8,0.80,0.9771819735914106
6,8,0.85,0.9302919175702524
6,8,0.90,0.9553412408790602
6,8,0.95,0.9633755050221544
6,9,0.05,-0.6477051664823292
6,9,0.10,0.8446879541997256
6,9,0.15,0.8046062596106665
6,9,0.20,0.9836783429822148
6,9,0.25,0.9517757775976319
6,9,0.30,0.9519221861246951
6,9,0.35,0.8585658166084055
6,9,0.40,0.9672931593168548
6,9,0.45,0.9845656178008545
6,9,0.50,0.9766916406148215
6,9,0.55,0.9195983015159807
6,9,0.60,0.8940895353347186
6,9,0.65,0.921860653854214
6,9,0.70,0.9471506379112152
6,9,0.75,0.9310003908648766
6,9,0.80,0.8557357535752255
6,9,0.85,0.930945965935758
6,9,0.90,0.9818767998915086
6,9,0.95,0.977312526150313
7,0,0.05,0.7253013503287415
7,0,0.10,-0.4238419541789271
7,0,0.15,0.33401693194260995
7,0,0.20,0.561989453820805
7,0,0.25,0.8416580006336576
7,0,0.30,0.9589756810135206
7,0,0.35,0.9531875976885943
7,0,0.40,0.9572665279491352
7,0,0.45,0.9880772775199068
7,0,0.50,0.9655732279366654
7,0,0.55,0.9253676112794251
7,0,0.60,0.9788419231021626
7,0,0.65,0.9584655556698798
7,0,0.70,0.9778537696518034
7,0,0.75,0.9754434117569445
7,0,0.80,0.9771638709527286
7,0,0.85,0.9665146816133501
7,0,0.90,0.934462593363897
7,0,0.95,0.9690372320093439
7,1,0.05,0.7253013503287415
7,1,0.10,0.651092026869313
7,1,0.15,0.8292122453270647
7,1,0.20,0.8685886804280891
7,1,0.25,0.9578250388668682
7,1,0.30,0.9675901265639113
7,1,0.35,0.9713545600278647
7,1,0.40,0.9387368205792083
7,1,0.45,0.9827455701829306
7,1,0.50,0.961821298344836
7,1,0.55,0.9653677144329729
7,1,0.60,0.9851699238120418
7,1,0.65,0.9876249883591792
7,1,0.70,0.979653300054347
7,1,0.75,0.9486415706551561
7,1,0.80,0.9760927225949131
7,1,0.85,0.9915164502280787
7,1,0.90,0.9824337969204855
7,1,0.95,0.9644718968059097
7,2,0.05,-3.083738653050591
7,2,0.10,0.8283079067224077
7,2,0.15,0.9388395494262938
7,2,0.20,0.5529852682441927
7,2,0.25,0.951718863436702
7,2,0.30,0.9640404232347012
7,2,0.35,0.901438150477831
7,2,0.40,0.8952742683120314
7,2,0.45,0.972534147247922
7,2,0.50,0.8920851568736413
7,2,0.55,0.9497770820650275
7,2,0.60,0.97075525112165
7,2,0.65,0.9747072006603676
7,2,0.70,0.9758652615381447
7,2,0.75,0.9646894307473072
7,2,0.80,0.9411312891446355
7,2,0.85,0.9319002179577934
7,2,0.90,0.9815237702776185
7,2,0.95,0.9903182447107011
7,3,0.05,0.10130718930895666
7,3,0.10,-17.81290906801413
7,3,0.15,0.6811523820487302
7,3,0.20,0.9151762543969367
7,3,0.25,0.8951917739830895
7,3,0.30,0.8798690413302138
7,3,0.35,0.9531836886565367
7,3,0.40,0.9886585289269015
7,3,0.45,0.938327150507608
7,3,0.50,0.9476860550898958
7,3,0.55,0.9749347788637378
7,3,0.60,0.9570824159744087
7,3,0.65,0.9433446924100163
7,3,0.70,0.9750900832263235
7,3,0.75,0.9802411225245946
7,3,0.80,0.9371302799381979
7,3,0.85,0.9793954547560021
7,3,0.90,0.9577238267828692
7,3,0.95,0.9848460600087304
7,4,0.05,0.10130718930895666
7,4,0.10,0.8251446900109514
7,4,0.15,0.9090393002093486
7,4,0.20,0.8765442725388506
7,4,0.25,0.78522602052068
7,4,0.30,0.9643551559138621
7,4,0.35,0.9509594423407863
7,4,0.40,0.9596281368943548
7,4,0.45,0.9598313245164315
7,4,0.50,0.9681497106097424
7,4,0.55,0.9645977246174409
7,4,0.60,0.9686398101670423
7,4,0.65,0.9331136386429373
7,4,0.70,0.9593233776233313
7,4,0.75,0.9719425677201372
7,4,0.80,0.9780512143594251
7,4,0.85,0.9711404956349589
7,4,0.90,0.9760678201376352
7,4,0.95,0.980512728487503
7,5,0.05,0.7253013503287415
7,5,0.10,-0.39640684830961326
7,5,0.15,0.8426109545847547
7,5,0.20,0.9114291881002935
7,5,0.25,0.9546135024462862
7,5,0.30,0.9383884391785975
7,5,0.35,0.955003547250986
7,5,0.40,0.7555293785879438
7,5,0.45,0.9662735372867997
7,5,0.50,0.9723224975622794
7,5,0.55,0.9835136352384097
7,5,0.60,0.9805919460341489
7,5,0.65,0.9645232228862398
7,5,0.70,0.9706003564380495
7,5,0.75,0.941863570546186
7,5,0.80,0.9479527996559376
7,5,0.85,0.9594101585614819
7,5,0.90,0.9769253630096776
7,5,0.95,0.9749064345449007
7,6,0.05,-3.2449370448374593
7,6,0.10,0.7955117155579847
7,6,0.15,0.9570005567675635
7,6,0.20,0.8915622068658219
7,6,0.25,0.95326891211546
7,6,0.30,0.9587928151787126
7,6,0.35,0.9540924661494089
7,6,0.40,0.9629942547344945
7,6,0.45,0.9855509335602856
7,6,0.50,0.9677373030473917
7,6,0.55,0.9779443465231048
7,6,0.60,0.9871813540221472
7,6,0.65,0.962947006035138
7,6,0.70,0.989537354440023
7,6,0.75,0.9759118704394263
7,6,0.80,0.9746441178845987
7,6,0.85,0.9688096871519235
7,6,0.90,0.985040083658337
7,6,0.95,0.9878897100255642
7,7,0.05,0.7309028310978237
7,7,0.10,0.7608097352583163
7,7,0.15,0.7420752028351362
7,7,0.20,0.9539536569875037
7,7,0.25,0.7196497694599886
7,7,0.30,0.9608010866724472
7,7,0.35,0.9710640800223312
7,7,0.40,0.9696981730607758
7,7,0.45,0.9700069220909072
7,7,0.50,0.9542783395501078
7,7,0.55,0.9795492210797738
7,7,0.60,0.9729043087223931
7,7,0.65,0.9134146979810965
7,7,0.70,0.9563318014691319
7,7,0.75,0.9619354190466674
7,7,0.80,0.9591740194573389
7,7,0.85,0.9690388041181157
7,7,0.90,0.9849685951184806
7,7,0.95,0.9877877657308469
7,8,0.05,-22.722239805600218
7,8,0.10,0.7100667543350336
7,8,0.15,0.9515405740176491
7,8,0.20,0.8843267385509646
7,8,0.25,0.9287499702690467
7,8,0.30,0.9359261429727403
7,8,0.35,0.9397523173221245
7,8,0.40,0.9299110338137633
7,8,0.45,0.9706763627323103
7,8,0.50,0.9718334282117465
7,8,0.55,0.9429162637177784
7,8,0.60,0.9623262247898929
7,8,0.65,0.9609871413268103
7,8,0.70,0.9791417292347195
7,8,0.75,0.9158177176840956
7,8,0.80,0.973071834228597
7,8,0.85,0.954847472112776
7,8,0.90,0.9758679691881574
7,8,0.95,0.9711772249916425
7,9,0.05,-14.238821394691827
7,9,0.10,0.3376782805472368
7,9,0.15,0.1533730432606507
7,9,0.20,0.8617711574755305
7,9,0.25,0.9249683150632564
7,9,0.30,0.9431995121900036
7,9,0.35,0.9326705820215518
7,9,0.40,0.9697982560782396
7,9,0.45,0.9419249168567407
7,9,0.50,0.9773051418987435
7,9,0.55,0.9867994057886781
7,9,0.60,0.9746962879804906
7,9,0.65,0.96828629270671
7,9,0.70,0.963589560278296
7,9,0.75,0.9835517320652972
7,9,0.80,0.9333119027510726
7,9,0.85,0.9780069608887517
7,9,0.90,0.994195332099561
7,9,0.95,0.9763985525854492
8,0,0.05,0.7724399326087489
8,0,0.10,0.8221065654820607
8,0,0.15,0.8699101122448469
8,0,0.20,0.6321429219124552
8,0,0.25,0.7896662630820981
8,0,0.30,0.8229872029291637
8,0,0.35,0.8903535269706588
8,0,0.40,0.9240291482343356
8,0,0.45,0.9636090371823317
8,0,0.50,0.9893872168551302
8,0,0.55,0.9427656302015452
8,0,0.60,0.9507450121703083
8,0,0.65,0.9294483085855545
8,0,0.70,0.9641351983739701
8,0,0.75,0.9619373118137787
8,0,0.80,0.9679247567599979
8,0,0.85,0.9483845307591023
8,0,0.90,0.942776547923712
8,0,0.95,0.9445510486847271
8,1,0.05,0.7724399326087489
8,1,0.10,0.44751497772799975
8,1,0.15,0.6172626274391546
8,1,0.20,0.7272455350798988
8,1,0.25,0.5570744627231605
8,1,0.30,0.9242818524401865
8,1,0.35,0.8723783236745375
8,1,0.40,0.9495231867208703
8,1,0.45,0.9373044068048685
8,1,0.50,0.9616061179105626
8,1,0.55,0.9592999608340332
8,1,0.60,0.9074864905300676
8,1,0.65,0.7937802423448487
8,1,0.70,0.9513817431063294
8,1,0.75,0.9538542780204
8,1,0.80,0.960499430302007
8,1,0.85,0.9366358047472733
8,1,0.90,0.9459401595449731
8,1,0.95,0.9275078188731769
8,2,0.05,-0.6228709000253441
8,2,0.10,0.8930113552558296
8,2,0.15,-0.15808736403491963
8,2,0.20,0.7923919557832397
8,2,0.25,0.9646776591558105
8,2,0.30,0.7410056875162501
8,2,0.35,0.4702007883151472
8,2,0.40,0.9002642603508701
8,2,0.45,0.9423640951797795
8,2,0.50,0.9466573582321542
8,2,0.55,0.8937596295958311
8,2,0.60,0.9033337815044775
8,2,0.65,0.8336158861422965
8,2,0.70,0.9115209341979668
8,2,0.75,0.8149411347032091
8,2,0.80,0.9765509810909866
8,2,0.85,0.9319571651351335
8,2,0.90,0.951305492026154
8,2,0.95,0.97068344881087
8,3,0.05,-0.09779685327050824
8,3,0.10,-10.739401419073479
8,3,0.15,0.844405423234164
8,3,0.20,0.7760743589734183
8,3,0.25,0.6344477075314491
8,3,0.30,0.8844674857029485
8,3,0.35,0.7840591748300203
8,3,0.40,0.9586389736251736
8,3,0.45,0.9377446196525667
8,3,0.50,0.8603247746503467
8,3,0.55,0.8943570144900506
8,3,0.60,0.9057115999077344
8,3,0.65,0.9530703006321288
8,3,0.70,0.9393644838121081
8,3,0.75,0.9362145354157717
8,3,0.80,0.9137052779574977
8,3,0.85,0.9764600647163704
8,3,0.90,0.9869405728389974
8,3,0.95,0.9666688539006124
8,4,0.05,-0.09779685327050824
8,4,0.10,0.807871622271439
8,4,0.15,0.17451387556349773
8,4,0.20,0.7296035803903451
8,4,0.25,0.5200682366039031
8,4,0.30,0.8534465956894514
8,4,0.35,0.9845351958366287
8,4,0.40,0.9503206539028614
8,4,0.45,0.9629663139263884
8,4,0.50,0.9517395109818083
8,4,0.55,0.9123389347406018
8,4,0.60,0.8365266775921397
8,4,0.65,0.9778045816849535
8,4,0.70,0.9404498483985567
8,4,0.75,0.9605735057104969
8,4,0.80,0.9558847867109865
8,4,0.85,0.9647240992515478
8,4,0.90,0.9806559003548361
8,4,0.95,0.982988765347682
8,5,0.05,0.7724399326087489
8,5,0.10,0.8301127363698173
8,5,0.15,-1.351690392782876
8,5,0.20,0.6451086080009707
8,5,0.25,0.7344519050749952
8,5,0.30,0.7964984608546949
8,5,0.35,0.9343131401851962
8,5,0.40,0.9329883586635879
8,5,0.45,0.9122156726119905
8,5,0.50,0.862991008233704
8,5,0.55,0.8417927147311303
8,5,0.60,0.9714738524816074
8,5,0.65,0.9272216328126168
8,5,0.70,0.9580404786696558
8,5,0.75,0.9438129334546894
8,5,0.80,0.9186406310884683
8,5,0.85,0.9427334358192394
8,5,0.90,0.962946896546879
8,5,0.95,0.9870921983074579
8,6,0.05,-10.008665958060176
8,6,0.10,-0.15760835297901976
8,6,0.15,0.9355196755161118
8,6,0.20,0.7940460982852755
8,6,0.25,0.39767826832541775
8,6,0.30,0.84460119932295
8,6,0.35,0.8175288775527418
8,6,0.40,0.8127677772032074
8,6,0.45,0.8413741806085947
8,6,0.50,0.8607671799065231
8,6,0.55,0.8185781067075597
8,6,0.60,0.771977321094018
8,6,0.65,0.9031622295671975
8,6,0.70,0.9137048749149091
8,6,0.75,0.9205704600807876
8,6,0.80,0.9381903045208759
8,6,0.85,0.8853032988960291
8,6,0.90,0.9788003268798922
8,6,0.95,0.9894728069166349
8,7,0.05,0.4653994320048461
8,7,0.10,0.1667562582496751
8,7,0.15,0.623276813470687
8,7,0.20,0.8082708526767628
8,7,0.25,0.8780814109954662
8,7,0.30,0.8720632598055352
8,7,0.35,0.9495028711931678
8,7,0.40,0.7253424984561477
8,7,0.45,0.9673143892002076
8,7,0.50,0.9487969197652473
8,7,0.55,0.9788318518618047
8,7,0.60,0.9031844463710411
8,7,0.65,0.9886383718658682
8,7,0.70,0.9207980526041242
8,7,0.75,0.9137797947057822
8,7,0.80,0.8857684449624883
8,7,0.85,0.9378096416762551
8,7,0.90,0.9564912011882795
8,7,0.95,0.9201483199626956
8,8,0.05,-3.6313934229145044
8,8,0.10,0.7258839241241466
8,8,0.15,0.20823231031612333
8,8,0.20,0.7223418641432986
8,8,0.25,0.8372971755557743
8,8,0.30,0.8893395833175954
8,8,0.35,0.6675648348489918
8,8,0.40,0.8938557438390895
8,8,0.45,0.944385564685854
8,8,0.50,0.9743509529042045
8,8,0.55,0.943689013519394
8,8,0.60,0.9418052658409238
8,8,0.65,0.9504929641533137
8,8,0.70,0.9656768835226315
8,8,0.75,0.9656425725630055
8,8,0.80,0.9514736646756783
8,8,0.85,0.890384055178346
8,8,0.90,0.9732522748740026
8,8,0.95,0.976751247201982
8,9,0.05,-0.1485741509838765
8,9,0.10,0.5362381156182139
8,9,0.15,0.4683716469236304
8,9,0.20,-0.025639460877865172
8,9,0.25,0.9024375932238121
8,9,0.30,0.9110397608227588
8,9,0.35,0.9771901960489241
8,9,0.40,0.9153635140102503
8,9,0.45,0.9735738970824172
8,9,0.50,0.9241742336859697
8,9,0.55,0.9706351484447122
8,9,0.60,0.8554423535030318
8,9,0.65,0.943334176050612
8,9,0.70,0.9706633455180975
8,9,0.75,0.9470815385399719
8,9,0.80,0.9426601729332472
8,9,0.85,0.9441852389613931
8,9,0.90,0.974341035133319
8,9,0.95,0.9857966364526844
9,0,0.05,0.7148893383863224
9,0,0.10,0.5121307807071902
9,0,0.15,0.9960656609110482
9,0,0.20,0.9494672865321973
9,0,0.25,0.9605327946510709
9,0,0.30,0.951075665564767
9,0,0.35,0.9076376159725612
9,0,0.40,0.9324570829529376
9,0,0.45,0.87652566143935
9,0,0.50,0.9269598361133835
9,0,0.55,0.936947646074584
9,0,0.60,0.938013371807981
9,0,0.65,0.93101836303236
9,0,0.70,0.9744934878460868
9,0,0.75,0.9816919127394117
9,0,0.80,0.9626998017446494
9,0,0.85,0.9035381273524397
9,0,0.90,0.9593555720672788
9,0,0.95,0.9573198773987472
9,1,0.05,0.7148893383863224
9,1,0.10,0.2258136235376953
9,1,0.15,0.9618949965226434
9,1,0.20,0.9068025898558254
9,1,0.25,0.8291274953800941
9,1,0.30,0.9760008406711734
9,1,0.35,0.9725735829075878
9,1,0.40,0.9658944221054566
9,1,0.45,0.9051502905647714
9,1,0.50,0.9009139935615831
9,1,0.55,0.9548824104207012
9,1,0.60,0.9268885667882389
9,1,0.65,0.8970818495919655
9,1,0.70,0.9318028895342936
9,1,0.75,0.9381251416750913
9,1,0.80,0.9715963520530991
9,1,0.85,0.9459500303710393
9,1,0.90,0.9725304362964721
9,1,0.95,0.9569543218825692
9,2,0.05,-0.32723367601831277
9,2,0.10,0.8821201212442209
9,2,0.15,0.9771149870149647
9,2,0.20,0.8182665616140365
9,2,0.25,0.8481845703452088
9,2,0.30,0.9542175624652831
9,2,0.35,0.9287790296508006
9,2,0.40,0.9582122524767628
9,2,0.45,0.7795716570356819
9,2,0.50,0.9239597685833882
9,2,0.55,0.9340489938205345
9,2,0.60,0.9686809033903961
9,2,0.65,0.985456661081683
9,2,0.70,0.9847372247767983
9,2,0.75,0.9243965137214305
9,2,0.80,0.9699209754123416
9,2,0.85,0.9810433890998884
9,2,0.90,0.9849927910013118
9,2,0.95,0.9760793357322347
9,3,0.05,0.38154435885763616
9,3,0.10,-13.055291365246593
9,3,0.15,0.7295895981243307
9,3,0.20,0.8479355697895955
9,3,0.25,0.865305993721385
9,3,0.30,0.9588702205318215
9,3,0.35,0.9178604868223028
9,3,0.40,0.9167285707050383
9,3,0.45,0.8757792516186911
9,3,0.50,0.8639107553135726
9,3,0.55,0.9020665076029254
9,3,0.60,0.958034413349573
9,3,0.65,0.9714041261704729
9,3,0.70,0.9566222632066667
9,3,0.75,0.963589260814666
9,3,0.80,0.9468019371497665
9,3,0.85,0.9569212758308986
9,3,0.90,0.97141105404568
9,3,0.95,0.9485506637233008
9,4,0.05,0.38154435885763616
9,4,0.10,0.9343807123910166
9,4,0.15,0.9779342373724073
9,4,0.20,0.9139334314627399
9,4,0.25,0.7655435748020115
9,4,0.30,0.9331312550353319
9,4,0.35,0.971627159278652
9,4,0.40,0.9092980013273828
9,4,0.45,0.9078229236095057
9,4,0.50,0.9207174382792176
9,4,0.55,0.9167477610477914
9,4,0.60,0.952413012851665
9,4,0.65,0.967147730676081
9,4,0.70,0.8194666756070829
9,4,0.75,0.9863841757270275
9,4,0.80,0.9710809706600391
9,4,0.85,0.9830722802044274
9,4,0.90,0.9504538925331423
9,4,0.95,0.9669238694707866
9,5,0.05,0.7148893383863224
9,5,0.10,0.8596977162288512
9,5,0.15,0.6851205689491464
9,5,0.20,0.888319536839591
9,5,0.25,0.9766866471818739
9,5,0.30,0.9716276119031247
9,5,0.35,0.9939209510767905
9,5,0.40,0.9087726896464932
9,5,0.45,0.9366965774034961
9,5,0.50,0.9329755104701282
9,5,0.55,0.8976288163816624
9,5,0.60,0.9825714308868735
9,5,0.65,0.9532217192541251
9,5,0.70,0.9570213604520257
9,5,0.75,0.9652265511453161
9,5,0.80,0.9645300987399897
9,5,0.85,0.9588738267671547
9,5,0.90,0.9739927201417312
9,5,0.95,0.9637145330973134
9,6,0.05,-1.045061488992939
9,6,0.10,0.6654337413893994
9,6,0.15,0.9805414291039674
9,6,0.20,0.9767637419994653
9,6,0.25,0.8899698134410924
9,6,0.30,0.9546566675945864
9,6,0.35,0.93174837937129
9,6,0.40,0.9766220888394982
9,6,0.45,0.9597067087310138
9,6,0.50,0.9274728191689908
9,6,0.55,0.9047935301748038
9,6,0.60,0.923744621141114
9,6,0.65,0.9375697056719858
9,6,0.70,0.9712107351027502
9,6,0.75,0.9717074739420094
9,6,0.80,0.9729011175358275
9,6,0.85,0.9524320177676755
9,6,0.90,0.9837888481665338
9,6,0.95,0.9677264507157795
9,7,0.05,0.25822668452459774
9,7,0.10,0.30665124956976286
9,7,0.15,0.9765888058530365
9,7,0.20,0.9846030396756137
9,7,0.25,0.9445171661354458
9,7,0.30,0.9698638696726902
9,7,0.35,0.8918421782112863
9,7,0.40,0.8743624242382476
9,7,0.45,0.9772001998955226
9,7,0.50,0.9609910780689535
9,7,0.55,0.9244290418764697
9,7,0.60,0.9808515650116052
9,7,0.65,0.9691651353935735
9,7,0.70,0.9213718734629
9,7,0.75,0.9337950021498765
9,7,0.80,0.9290802729509362
9,7,0.85,0.9426226641900483
9,7,0.90,0.9819836182591594
9,7,0.95,0.9695087111616214
9,8,0.05,-17.57440263931789
9,8,0.10,0.8328511485339487
9,8,0.15,0.9980387895108083
9,8,0.20,0.9431411059749899
9,8,0.25,0.8823654580822822
9,8,0.30,0.8940216000489623
9,8,0.35,0.957076112490806
9,8,0.40,0.9294537845872465
9,8,0.45,0.9272611436976481
9,8,0.50,0.9600121367610158
9,8,0.55,0.9051568784134514
9,8,0.60,0.9535813918375338
9,8,0.65,0.9841154169447465
9,8,0.70,0.964400009771372
9,8,0.75,0.8457508995403775
9,8,0.80,0.9067189095599892
9,8,0.85,0.9438612896900226
9,8,0.90,0.9826612074647336
9,8,0.95,0.9771499831237714
9,9,0.05,-4.974306462084442
9,9,0.10,-0.3262158740622847
9,9,0.15,0.9918760152026046
9,9,0.20,0.9733370837992714
9,9,0.25,0.957796734446122
9,9,0.30,0.9554986385018874
9,9,0.35,0.9237107702310587
9,9,0.40,0.9433939775299777
9,9,0.45,0.959842367397388
9,9,0.50,0.8353630160854113
9,9,0.55,0.973868993714283
9,9,0.60,0.9362740370774021
9,9,0.65,0.9277584544334692
9,9,0.70,0.9693523785749829
9,9,0.75,0.9601991298352222
9,9,0.80,0.9465713925631187
9,9,0.85,0.9848734607139505
9,9,0.90,0.9701068286244217
9,9,0.95,0.9664394404017715
10,0,0.05,0.567630779822567
10,0,0.10,0.7649323630977879
10,0,0.15,0.7871468723293308
10,0,0.20,0.2929958532318604
10,0,0.25,0.8854380124180024
10,0,0.30,0.963787592878098
10,0,0.35,0.9456359654234512
10,0,0.40,0.944488252094432
10,0,0.45,0.9204901572915452
10,0,0.50,0.966618295002875
10,0,0.55,0.9699320023519633
10,0,0.60,0.9608187876377919
10,0,0.65,0.9762638664770649
10,0,0.70,0.9611705510700436
10,0,0.75,0.9757839788752559
10,0,0.80,0.9327189199367526
10,0,0.85,0.9769148849947332
10,0,0.90,0.9537088836023963
10,0,0.95,0.9708081235602507
10,1,0.05,0.567630779822567
10,1,0.10,0.94425532693237
10,1,0.15,0.9285544002606856
10,1,0.20,0.8476447344942933
10,1,0.25,0.9492561204243358
10,1,0.30,0.945649218002969
10,1,0.35,0.9355101706340812
10,1,0.40,0.9519866746551477
10,1,0.45,0.9727444183463193
10,1,0.50,0.9287861642961562
10,1,0.55,0.9505559204420198
10,1,0.60,0.9679354561648974
10,1,0.65,0.9529717523647343
10,1,0.70,0.9754969919221295
10,1,0.75,0.9596212864688731
10,1,0.80,0.9652444799062322
10,1,0.85,0.9721957972134146
10,1,0.90,0.9857114968092839
10,1,0.95,0.9896714653938354
10,2,0.05,-0.9465855718418472
10,2,0.10,-0.7143003167899391
10,2,0.15,0.2427747932524169
10,2,0.20,0.18759688220887305
10,2,0.25,0.864177085418451
10,2,0.30,0.8096482613658067
10,2,0.35,0.5572598260325474
10,2,0.40,0.8769743981289374
10,2,0.45,0.8923834059753133
10,2,0.50,0.9334610223674953
10,2,0.55,0.9703743272063889
10,2,0.60,0.9415273154948317
10,2,0.65,0.9830194510276221
10,2,0.70,0.980579466900478
10,2,0.75,0.9730127025351143
10,2,0.80,0.9699768091400821
10,2,0.85,0.9392063771071696
10,2,0.90,0.9594432231101768
10,2,0.95,0.9837353244212904
10,3,0.05,0.008778541886959257
10,3,0.10,-4.474727851074907
10,3,0.15,0.9020364377964855
10,3,0.20,0.6671343834152519
10,3,0.25,0.758832032904887
10,3,0.30,0.7394012064678857
10,3,0.35,0.8645837498466709
10,3,0.40,0.9679025440203906
10,3,0.45,0.8858622950888503
10,3,0.50,0.9547557642493236
10,3,0.55,0.9803497360863029
10,3,0.60,0.9892255421897753
10,3,0.65,0.9497673880332547
10,3,0.70,0.9761888007345849
10,3,0.75,0.9759133159745251
10,3,0.80,0.8840659613511918
10,3,0.85,0.9768945264602564
10,3,0.90,0.9515274494577005
10,3,0.95,0.9518642225499614
10,4,0.05,0.008778541886959257
10,4,0.10,0.8505800893838599
10,4,0.15,0.7082025892565114
10,4,0.20,0.11013205989473074
10,4,0.25,0.27485938571722157
10,4,0.30,0.9579706244549282
10,4,0.35,0.9671464227412454
10,4,0.40,0.9722268168201736
10,4,0.45,0.9734902925598259
10,4,0.50,0.972348417340054
10,4,0.55,0.9244330532377737
10,4,0.60,0.9741298654944688
10,4,0.65,0.9861924724861724
10,4,0.70,0.9263243503568904
10,4,0.75,0.9779475672088143
10,4,0.80,0.982564198525084
10,4,0.85,0.971625102451429
10,4,0.90,0.9705399307006539
10,4,0.95,0.9672237751331513
10,5,0.05,0.567630779822567
10,5,0.10,0.5001240291689847
10,5,0.15,0.4122328347216929
10,5,0.20,0.8063078707367851
10,5,0.25,0.8789017987544335
10,5,0.30,0.9702131257102705
10,5,0.35,0.9108144484606714
10,5,0.40,0.8686229278237239
10,5,0.45,0.9623598688546633
10,5,0.50,0.9631511673950581
10,5,0.55,0.9844832505222918
10,5,0.60,0.9230412779747318
10,5,0.65,0.9780072503541923
10,5,0.70,0.9542219063929639
10,5,0.75,0.9537498305655185
10,5,0.80,0.965431633345281
10,5,0.85,0.9555046113415404
10,5,0.90,0.9772921334386387
10,5,0.95,0.9439886931289301
10,6,0.05,-7.31742909300527
10,6,0.10,0.6127803607366734
10,6,0.15,0.9539472954682624
10,6,0.20,-1.3958673804441468
10,6,0.25,0.8682216927616607
10,6,0.30,0.9583652512163233
10,6,0.35,0.9187963967212645
10,6,0.40,0.9579296586032439
10,6,0.45,0.9537361795948675
10,6,0.50,0.9597201182487601
10,6,0.55,0.9867850190768863
10,6,0.60,0.9771486485447075
10,6,0.65,0.8837776849882903
10,6,0.70,0.9732250970310052
10,6,0.75,0.9785062755523697
10,6,0.80,0.972503473804259
10,6,0.85,0.9562239197267922
10,6,0.90,0.9916134632844491
10,6,0.95,0.9394220206371511
10,7,0.05,0.12431846499149146
10,7,0.10,0.9280027292490594
10,7,0.15,0.849545122835647
10,7,0.20,0.6871508948344589
10,7,0.25,0.880750690859852
10,7,0.30,0.9761867689806911
10,7,0.35,0.9217986209238291
10,7,0.40,0.8129050436030223
10,7,0.45,0.9470459512867846
10,7,0.50,0.9195259862965237
10,7,0.55,0.9717766284085925
10,7,0.60,0.9700834414384342
10,7,0.65,0.9636542709548903
10,7,0.70,0.9355847027190644
10,7,0.75,0.9677213929671554
10,7,0.80,0.9339278887942708
10,7,0.85,0.9149428487690932
10,7,0.90,0.9399800991113908
10,7,0.95,0.9796880598430231
10,8,0.05,-3.1751398096651453
10,8,0.10,0.9187797399287742
10,8,0.15,0.9345311469424732
10,8,0.20,0.5532818939861948
10,8,0.25,0.7172958724929739
10,8,0.30,0.9331596076098072
10,8,0.35,0.8812089907648991
10,8,0.40,0.9369597694294689
10,8,0.45,0.920944804713155
10,8,0.50,0.9501736355991736
10,8,0.55,0.9400824985536801
10,8,0.60,0.9447786406828917
10,8,0.65,0.953211438496505
10,8,0.70,0.9642494374422672
10,8,0.75,0.9035496131777807
10,8,0.80,0.9314485377006296
10,8,0.85,0.9062569651913552
10,8,0.90,0.9786496817644158
10,8,0.95,0.9846322418474607
10,9,0.05,-0.316641160422507
10,9,0.10,0.955744799873207
10,9,0.15,0.8707267597348874
10,9,0.20,0.9299507879080319
10,9,0.25,0.978992648279501
10,9,0.30,0.9451593554720554
10,9,0.35,0.9554361936541971
10,9,0.40,0.9652955766625332
10,9,0.45,0.9493338980945077
10,9,0.50,0.9334897561012951
10,9,0.55,0.939775337824938
10,9,0.60,0.9599710941331473
10,9,0.65,0.9508286341602663
10,9,0.70,0.9487408159166875
10,9,0.75,0.958142030279721
10,9,0.80,0.9617470355127525
10,9,0.85,0.9636285901939791
10,9,0.90,0.975260160565413
10,9,0.95,0.961295682456125
11,0,0.05,0.8909146716955701
11,0,0.10,0.8701509467570209
11,0,0.15,0.9160950937014891
11,0,0.20,0.9071944415967672
11,0,0.25,0.8678905313996153
11,0,0.30,0.9778608286451196
11,0,0.35,0.9857153380956162
11,0,0.40,0.9472996589204595
11,0,0.45,0.9058897528568461
11,0,0.50,0.9550869342499366
11,0,0.55,0.9065698646111865
11,0,0.60,0.9661538978244278
11,0,0.65,0.9832417100311741
11,0,0.70,0.9130638150429485
11,0,0.75,0.9450077816877778
11,0,0.80,0.9688133363364235
11,0,0.85,0.9707035446147468
11,0,0.90,0.9651919642597758
11,0,0.95,0.9822484073729636
11,1,0.05,0.8909146716955701
11,1,0.10,0.9779046795976034
11,1,0.15,0.7923127055407834
11,1,0.20,0.9490317607403393
11,1,0.25,0.93886286350033
11,1,0.30,0.9236179766190754
11,1,0.35,0.9436831882618845
11,1,0.40,0.8901928398996445
11,1,0.45,0.918244589677454
11,1,0.50,0.9460458811853039
11,1,0.55,0.9152112331988302
11,1,0.60,0.9228905501295996
11,1,0.65,0.9363932266064565
11,1,0.70,0.9635639830721995
11,1,0.75,0.9410674507224561
11,1,0.80,0.9701989565018497
11,1,0.85,0.978376401703876
11,1,0.90,0.9616688448617028
11,1,0.95,0.9884441594241348
11,2,0.05,-1.4206649320489535
11,2,0.10,0.9568338316236915
11,2,0.15,-0.5768288179167318
11,2,0.20,0.9838923592594598
11,2,0.25,0.862752181364145
11,2,0.30,0.9644630758639035
11,2,0.35,0.9202979533167304
11,2,0.40,0.929733579310994
11,2,0.45,0.8641997978708382
11,2,0.50,0.9154234673940812
11,2,0.55,0.8226540661612406
11,2,0.60,0.9731904100301334
11,2,0.65,0.9474133423233377
11,2,0.70,0.9814953302253675
11,2,0.75,0.9620827215677592
11,2,0.80,0.93899637348532
11,2,0.85,0.9554997274666648
11,2,0.90,0.973883235945855
11,2,0.95,0.9801501506445828
11,3,0.05,0.9049660391941926
11,3,0.10,-0.10418180821276635
11,3,0.15,0.9508294820287145
11,3,0.20,0.7394350988095875
11,3,0.25,0.9700638844760039
11,3,0.30,0.9833053083706816
11,3,0.35,0.8843345013830969
11,3,0.40,0.9565210021450454
11,3,0.45,0.9114023431475295
11,3,0.50,0.9442298575358238
11,3,0.55,0.95283693082592
11,3,0.60,0.9682393508737631
11,3,0.65,0.9245149086118627
11,3,0.70,0.9433118217548326
11,3,0.75,0.9838150899082778
11,3,0.80,0.9765905061961163
11,3,0.85,0.9681246476171395
11,3,0.90,0.9862091202733707
11,3,0.95,0.9130027503610798
11,4,0.05,0.9049660391941926
11,4,0.10,0.9955331961017252
11,4,0.15,0.9717118356796581
11,4,0.20,0.9273533121666095
11,4,0.25,0.8347227487448823
11,4,0.30,0.9752087757008742
11,4,0.35,0.9917962781905857
11,4,0.40,0.9792479572311045
11,4,0.45,0.9611305759499467
11,4,0.50,0.9742255764737132
11,4,0.55,0.9823762792875752
11,4,0.60,0.9783264000228276
11,4,0.65,0.950161854983817
11,4,0.70,0.9482290295223957
11,4,0.75,0.9230463520715411
11,4,0.80,0.9385923980809668
11,4,0.85,0.9653174240105615
11,4,0.90,0.9739068574431504
11,4,0.95,0.985061048859595
11,5,0.05,0.8909146716955701
11,5,0.10,0.924432019203287
11,5,0.15,0.7843452730210648
11,5,0.20,0.9822814401996737
11,5,0.25,0.9239829386651186
11,5,0.30,0.9740214969564189
11,5,0.35,0.8914049054101344
11,5,0.40,0.9306024757147328
11,5,0.45,0.8869554127780108
11,5,0.50,0.8000049638717843
11,5,0.55,0.8944115135276989
11,5,0.60,0.9519428233922143
11,5,0.65,0.9639301622772847
11,5,0.70,0.9817016465702398
11,5,0.75,0.9655051509086828
11,5,0.80,0.9688278855073523
11,5,0.85,0.9319038419153403
11,5,0.90,0.9792329374422203
11,5,0.95,0.9821364507719924
11,6,0.05,-0.5148084190874436
11,6,0.10,0.9559675972617026
11,6,0.15,0.9673339984612478
11,6,0.20,0.9462105377570701
11,6,0.25,0.7299648207655254
11,6,0.30,0.943546750297716
11,6,0.35,0.8982990330280302
11,6,0.40,0.9134762945368358
11,6,0.45,0.9378109563041008
11,6,0.50,0.908225052002393
11,6,0.55,0.9314603284464567
11,6,0.60,0.9427636709156759
11,6,0.65,0.952695094152393
11,6,0.70,0.9817211589285216
11,6,0.75,0.9431374756296755
11,6,0.80,0.9594161851445834
11,6,0.85,0.9536384636043617
11,6,0.90,0.9623578936300369
11,6,0.95,0.9499493031487035
11,7,0.05,0.5548708708034029
11,7,0.10,0.9965896599333706
11,7,0.15,0.9782089330526491
11,7,0.20,0.9884728252634387
11,7,0.25,0.8977394971310999
11,7,0.30,0.9284534699815966
11,7,0.35,0.7401859666342046
11,7,0.40,0.9740464369748331
11,7,0.45,0.9447813363152204
11,7,0.50,0.9737543458370266
11,7,0.55,0.9578583151986505
11,7,0.60,0.9513937888539518
11,7,0.65,0.9733050326301121
11,7,0.70,0.9002332811049824
11,7,0.75,0.9414732336912446
11,7,0.80,0.9276690892924142
11,7,0.85,0.9517388963538804
11,7,0.90,0.9570620081771404
11,7,0.95,0.9715021952511909
11,8,0.05,-89.17454861048948
11,8,0.10,0.9919220168172692
11,8,0.15,0.9552176135252506
11,8,0.20,0.9688563975661924
11,8,0.25,0.727083187779656
11,8,0.30,0.9549680129360021
11,8,0.35,0.9361212323235234
11,8,0.40,0.9116002587322974
11,8,0.45,0.971271655838449
11,8,0.50,0.9047918673271304
11,8,0.55,0.947086869490528
11,8,0.60,0.9531406962916456
11,8,0.65,0.9562131587989344
11,8,0.70,0.9567597556665596
11,8,0.75,0.9673849397198331
11,8,0.80,0.9789119208468792
11,8,0.85,0.9850358947735448
11,8,0.90,0.976806311501164
11,8,0.95,0.9438734991214093
11,9,0.05,-3.1880362716497723
11,9,0.10,0.925893763571659
11,9,0.15,0.8836509264276686
11,9,0.20,0.9903534296638014
11,9,0.25,0.5007533675671182
11,9,0.30,0.9707368971201807
11,9,0.35,0.9705759307662726
11,9,0.40,0.9563738492160406
11,9,0.45,0.9768936186064565
11,9,0.50,0.8640471200691371
11,9,0.55,0.9271024132380714
11,9,0.60,0.966896982117019
11,9,0.65,0.9433461663835089
11,9,0.70,0.9538375422599071
11,9,0.75,0.9732770838768318
11,9,0.80,0.983901357278437
11,9,0.85,0.9773274539404334
11,9,0.90,0.9832367800674924
11,9,0.95,0.9883915567934074
12,0,0.05,0.5216303894621745
12,0,0.10,0.9780949148502799
12,0,0.15,0.29599564325984873
12,0,0.20,0.8048111605727467
12,0,0.25,0.8530052855240733
12,0,0.30,0.9841463061393324
12,0,0.35,0.9084127391454333
12,0,0.40,0.9509729133947571
12,0,0.45,0.974336368507394
12,0,0.50,0.8943664422519026
12,0,0.55,0.9798741751137429
12,0,0.60,0.985068452790163
12,0,0.65,0.984439660625883
12,0,0.70,0.9680242497175414
12,0,0.75,0.965024356540251
12,0,0.80,0.9564485102054123
12,0,0.85,0.956384652098892
12,0,0.90,0.9271838368679008
12,0,0.95,0.9467625164197685
12,1,0.05,0.5216303894621745
12,1,0.10,-1.531997255741261
12,1,0.15,0.8476721069821633
12,1,0.20,0.8877517937634657
12,1,0.25,0.5038099148227695
12,1,0.30,0.9847841514825276
12,1,0.35,0.9138232591450611
12,1,0.40,0.9299384932379013
12,1,0.45,0.9314043120275588
12,1,0.50,0.8808669193981985
12,1,0.55,0.9205095942485978
12,1,0.60,0.9482082513396972
12,1,0.65,0.9671597103420776
12,1,0.70,0.9851930799989883
12,1,0.75,0.8597673909780443
12,1,0.80,0.9362946532379547
12,1,0.85,0.9653139542686358
12,1,0.90,0.9689474459532219
12,1,0.95,0.9739880970121226
12,2,0.05,0.7359374940334624
12,2,0.10,0.9933538900614988
12,2,0.15,0.28791189153841745
12,2,0.20,0.7164723954960416
12,2,0.25,0.894117546786768
12,2,0.30,0.973793448521456
12,2,0.35,0.7819472319626156
12,2,0.40,0.7296579828119215
12,2,0.45,0.913489004280134
12,2,0.50,0.8870690221205221
12,2,0.55,0.9825983197742908
12,2,0.60,0.9544753511797729
12,2,0.65,0.9749162047722074
12,2,0.70,0.9262353673556579
12,2,0.75,0.9414593079355968
12,2,0.80,0.9773695087522831
12,2,0.85,0.9305476484140157
12,2,0.90,0.9528812211465107
12,2,0.95,0.9706047079412196
12,3,0.05,0.27623944612154927
12,3,0.10,0.7118583250981159
12,3,0.15,0.9678260105478339
12,3,0.20,0.6158269249098802
12,3,0.25,0.8743802451449383
12,3,0.30,0.8976119152453208
12,3,0.35,0.7695880165563664
12,3,0.40,0.9752476054204525
12,3,0.45,0.879294364431853
12,3,0.50,0.9122853817846167
12,3,0.55,0.9313208774557273
12,3,0.60,0.9214183285867574
12,3,0.65,0.9186167336771082
12,3,0.70,0.9271333463459508
12,3,0.75,0.9571522132257281
12,3,0.80,0.8447781095214599
12,3,0.85,0.9686565395103198
12,3,0.90,0.9595588793084745
12,3,0.95,0.9547405735292025
12,4,0.05,0.27623944612154927
12,4,0.10,0.7791068079681849
12,4,0.15,0.9643243749606428
12,4,0.20,0.8892726189960602
12,4,0.25,0.7198720795421927
12,4,0.30,0.9401731166334586
12,4,0.35,0.9750545398969674
12,4,0.40,0.8671024816654168
12,4,0.45,0.9319937764156325
12,4,0.50,0.9658790351263945
12,4,0.55,0.9198391116536774
12,4,0.60,0.9502235814239152
12,4,0.65,0.9674325723488145
12,4,0.70,0.9754519462989881
12,4,0.75,0.9718904960170336
12,4,0.80,0.9861401405362383
12,4,0.85,0.9690491930595405
12,4,0.90,0.983773879583915
12,4,0.95,0.9864699696789785
12,5,0.05,0.5216303894621745
12,5,0.10,0.9946372026471982
12,5,0.15,0.7231737883686215
12,5,0.20,0.9429542027678648
12,5,0.25,0.8936387851936092
12,5,0.30,0.9204401523144913
12,5,0.35,0.9337592201464628
12,5,0.40,0.7939173909458397
12,5,0.45,0.9452398066167925
12,5,0.50,0.9792712235907546
12,5,0.55,0.8900791675135784
12,5,0.60,0.955306963858127
12,5,0.65,0.812543102566655
12,5,0.70,0.9212445425417835
12,5,0.75,0.9314117333828321
12,5,0.80,0.9198884442722123
12,5,0.85,0.9904117114860392
12,5,0.90,0.9799311443037401
12,5,0.95,0.9665786261543563
12,6,0.05,-4.729313091627929
12,6,0.10,0.48414793950149904
12,6,0.15,0.9881015438578709
12,6,0.20,0.91696574348551
12,6,0.25,0.9373385991924946
12,6,0.30,0.7662597290731746
12,6,0.35,0.6947722558578348
12,6,0.40,0.9393338086394739
12,6,0.45,0.9734743726601924
12,6,0.50,0.9048588772400917
12,6,0.55,0.975280171707282
12,6,0.60,0.9786744802836362
12,6,0.65,0.9462799172104895
12,6,0.70,0.9751527628036203
12,6,0.75,0.9304557632580576
12,6,0.80,0.9793308308845837
12,6,0.85,0.9790713437635811
12,6,0.90,0.9839148457826619
12,6,0.95,0.9844471925621786
12,7,0.05,-0.052614809705614496
12,7,0.10,0.9704781856201798
12,7,0.15,0.978428655346399
12,7,0.20,0.8737358086564349
12,7,0.25,0.947738924481106
12,7,0.30,0.911286460761236
12,7,0.35,0.8668042344472677
12,7,0.40,0.7094646003986346
12,7,0.45,0.8664804224457661
12,7,0.50,0.939253780364369
12,7,0.55,0.9375551434233336
12,7,0.60,0.9162633295931459
12,7,0.65,0.8575040343619303
12,7,0.70,0.9226524600567154
12,7,0.75,0.9201763302996057
12,7,0.80,0.9506652733943376
12,7,0.85,0.937129451015139
12,7,0.90,0.9501379004742763
12,7,0.95,0.9754614906525828
12,8,0.05,-0.01353306890188799
12,8,0.10,0.9810982994149876
12,8,0.15,0.9892147990447393
12,8,0.20,0.9684783401696988
12,8,0.25,0.02421899739555644
12,8,0.30,0.9370797831962753
12,8,0.35,0.6902114968139176
12,8,0.40,0.8718116697715932
12,8,0.45,0.9399340287271741
12,8,0.50,0.7765402145920606
12,8,0.55,0.9159998978223962
12,8,0.60,0.9170458532740274
12,8,0.65,0.8697400564421647
12,8,0.70,0.9564663797512606
12,8,0.75,0.9264388949055669
12,8,0.80,0.9499416923860964
12,8,0.85,0.8705152566517059
12,8,0.90,0.9894735016572335
12,8,0.95,0.9734862317180708
12,9,0.05,0.7599078036550604
12,9,0.10,0.6014038614467946
12,9,0.15,0.9144246360080264
12,9,0.20,0.9774410297690561
12,9,0.25,0.8922859066922735
12,9,0.30,0.933826723911043
12,9,0.35,0.9304424634293218
12,9,0.40,0.9766300221425875
12,9,0.45,0.8651736837177497
12,9,0.50,0.9686407979348256
12,9,0.55,0.7495777829469524
12,9,0.60,0.8833730909127624
12,9,0.65,0.932033582852041
12,9,0.70,0.9031980420120972
12,9,0.75,0.9287201707094385
12,9,0.80,0.9394012006078524
12,9,0.85,0.9820512964256061
12,9,0.90,0.9930249026739986
12,9,0.95,0.9914696365899448
13,0,0.05,0.5542479148160654
13,0,0.10,0.980650107873678
13,0,0.15,0.8867700268896954
13,0,0.20,0.8420093276327434
13,0,0.25,0.9793885642970789
13,0,0.30,0.9657824413669921
13,0,0.35,0.9807020434794244
13,0,0.40,0.9537030035688135
13,0,0.45,0.9140567791662609
13,0,0.50,0.9595505729350285
13,0,0.55,0.929782241347403
13,0,0.60,0.888729614668821
13,0,0.65,0.9886385610049018
13,0,0.70,0.9692882499361823
13,0,0.75,0.9800283581662231
13,0,0.80,0.9702121906194795
13,0,0.85,0.9668311264413173
13,0,0.90,0.938568554091509
13,0,0.95,0.9685368022271768
13,1,0.05,0.5542479148160654
13,1,0.10,0.9905647344240917
13,1,0.15,0.9608566220949739
13,1,0.20,0.9308697598826889
13,1,0.25,0.7225749737129736
13,1,0.30,0.9847183244554681
13,1,0.35,0.9496347100610285
13,1,0.40,0.8294813989273984
13,1,0.45,0.9815754506616585
13,1,0.50,0.9339875068017319
13,1,0.55,0.8003335676747408
13,1,0.60,0.9302688105134654
13,1,0.65,0.9268362503373542
13,1,0.70,0.9304923498209691
13,1,0.75,0.9377335717441528
13,1,0.80,0.9740831693006804
13,1,0.85,0.975051816880862
13,1,0.90,0.9600048437008835
13,1,0.95,0.9918304330662063
13,2,0.05,-0.5984877855411916
13,2,0.10,0.9123683047091655
13,2,0.15,0.746373023209534
13,2,0.20,0.9593168284266683
13,2,0.25,0.8872350394194246
13,2,0.30,0.9277235455707542
13,2,0.35,0.510934964862039
13,2,0.40,0.9542946154042579
13,2,0.45,0.9522216777327858
13,2,0.50,0.9249647195091679
13,2,0.55,0.9619212828901447
13,2,0.60,0.8394243486523466
13,2,0.65,0.9607498320283164
13,2,0.70,0.9818301972201511
13,2,0.75,0.9676181874655797
13,2,0.80,0.9580309357501449
13,2,0.85,0.9415319578063562
13,2,0.90,0.9615732281794392
13,2,0.95,0.9755787756863397
13,3,0.05,0.22421210901722655
13,3,0.10,-0.7235035731579336
13,3,0.15,0.9213739030175124
13,3,0.20,0.7831173455077209
13,3,0.25,0.9611015482102989
13,3,0.30,0.8882443413559835
13,3,0.35,0.7598140912321792
13,3,0.40,0.9532475043307321
13,3,0.45,0.9651603029717493
13,3,0.50,0.9672383093587538
13,3,0.55,0.9599550357771995
13,3,0.60,0.9579007556573961
13,3,0.65,0.8758818853359244
13,3,0.70,0.8905553197553157
13,3,0.75,0.9659917200033205
13,3,0.80,0.926713158312214
13,3,0.85,0.9599083519626966
13,3,0.90,0.9675705173648511
13,3,0.95,0.9402174166274749
13,4,0.05,0.22421210901722655
13,4,0.10,0.9591948967609666
13,4,0.15,0.9295987884318749
13,4,0.20,0.7739842048393454
13,4,0.25,0.8681049123962601
13,4,0.30,0.9700660087126872
13,4,0.35,0.9588933493936642
13,4,0.40,0.9522876801077536
13,4,0.45,0.9802181641707114
13,4,0.50,0.9658619611507172
13,4,0.55,0.9529535167475699
13,4,0.60,0.9448312055498647
13,4,0.65,0.8865664249172519
13,4,0.70,0.8391614040318887
13,4,0.75,0.983107818598162
13,4,0.80,0.9771110240208463
13,4,0.85,0.970574435549754
13,4,0.90,0.9796759990012811
13,4,0.95,0.9796810361072836
13,5,0.05,0.5542479148160654
13,5,0.10,0.28236647402633597
13,5,0.15,0.8273301266311078
13,5,0.20,0.9800497525877807
13,5,0.25,0.971705732412618
13,5,0.30,0.9913914077053451
13,5,0.35,0.965147231889975
13,5,0.40,0.7469040560416658
13,5,0.45,0.9170294141732661
13,5,0.50,0.8101959121106987
13,5,0.55,0.9037980973236999
13,5,0.60,0.945692095497173
13,5,0.65,0.9579418574207932
13,5,0.70,0.9709879385816018
13,5,0.75,0.9277118154555152
13,5,0.80,0.9639179340797586
13,5,0.85,0.9662341002454253
13,5,0.90,0.9714619027405841
13,5,0.95,0.9339700235506104
13,6,0.05,-5.290146417379854
13,6,0.10,0.9582575238718615
13,6,0.15,0.9848275336009092
13,6,0.20,0.9746007559570197
13,6,0.25,0.7796742367562961
13,6,0.30,0.9600804901817341
13,6,0.35,0.920774942783185
13,6,0.40,0.9860016901433891
13,6,0.45,0.9062920301704469
13,6,0.50,0.9061806411443686
13,6,0.55,0.9531319374484454
13,6,0.60,0.9452518602124464
13,6,0.65,0.9001977200781881
13,6,0.70,0.9794701128935885
13,6,0.75,0.977507939417787
13,6,0.80,0.9854970364611372
13,6,0.85,0.9870630299164005
13,6,0.90,0.9736623200408919
13,6,0.95,0.9833638660753198
13,7,0.05,0.0874019444839842
13,7,0.10,0.9763510428277046
13,7,0.15,0.9769570030526046
13,7,0.20,0.8522471282646019
13,7,0.25,0.5218934352359583
13,7,0.30,0.9572294651889339
13,7,0.35,0.9813193997109857
13,7,0.40,0.8811539689906993
13,7,0.45,0.9706348448508573
13,7,0.50,0.9770434202677356
13,7,0.55,0.970535086217518
13,7,0.60,0.9782754425550273
13,7,0.65,0.9240026256646988
13,7,0.70,0.8940548986587599
13,7,0.75,0.9652755926096003
13,7,0.80,0.9553954007091134
13,7,0.85,0.9217247083109957
13,7,0.90,0.9453027476693701
13,7,0.95,0.9541866396881398
13,8,0.05,-70.9846500059835
13,8,0.10,0.9736848562630759
13,8,0.15,0.9573028706900344
13,8,0.20,0.9683198562461297
13,8,0.25,0.8328210983896314
13,8,0.30,0.8892101480507296
13,8,0.35,0.9090213503328634
13,8,0.40,0.9791519457014535
13,8,0.45,0.9398421083628277
13,8,0.50,0.957475852575558
13,8,0.55,0.9664210897954927
13,8,0.60,0.9226752170629591
13,8,0.65,0.984571411309127
13,8,0.70,0.9441407712823747
13,8,0.75,0.9720921375884617
13,8,0.80,0.9643615773658681
13,8,0.85,0.8902895873471892
13,8,0.90,0.9802976477198132
13,8,0.95,0.9646063386848834
13,9,0.05,-0.43533581981629177
13,9,0.10,0.9678103827880388
13,9,0.15,0.9422747069811073
13,9,0.20,0.9640046237857045
13,9,0.25,0.9552905285938731
13,9,0.30,0.9317999529574837
13,9,0.35,0.902272477874839
13,9,0.40,0.9730423996733674
13,9,0.45,0.9609260851917206
13,9,0.50,0.9418157331932296
13,9,0.55,0.8474991772825206
13,9,0.60,0.9699762924255875
13,9,0.65,0.9661013610950185
13,9,0.70,0.9664636078658483
13,9,0.75,0.9499199167410416
13,9,0.80,0.9502120293404541
13,9,0.85,0.9934093439755871
13,9,0.90,0.9811735341324744
13,9,0.95,0.984595572304636
14,0,0.05,0.8571502588749806
14,0,0.10,0.1825149559289727
14,0,0.15,0.9400216476392794
14,0,0.20,0.9946998187078732
14,0,0.25,0.9563903589653994
14,0,0.30,0.9440108238534338
14,0,0.35,0.9820794058154763
14,0,0.40,0.9319084331212358
14,0,0.45,0.9651202596241777
14,0,0.50,0.9610385448151282
14,0,0.55,0.9448233342147387
14,0,0.60,0.9635570506568766
14,0,0.65,0.9692535307708612
14,0,0.70,0.9592591938951845
14,0,0.75,0.9532777593948476
14,0,0.80,0.9433351368438333
14,0,0.85,0.9770488127623815
14,0,0.90,0.9613433034504713
14,0,0.95,0.9862052799070617
14,1,0.05,0.8571502588749806
14,1,0.10,0.6181722027776382
14,1,0.15,0.8844748016228174
14,1,0.20,0.8727593230528208
14,1,0.25,0.9006387158705496
14,1,0.30,0.9343347760319614
14,1,0.35,0.9653837755416432
14,1,0.40,0.9126272503878787
14,1,0.45,0.9517453695073779
14,1,0.50,0.9632133665896552
14,1,0.55,0.9746516997297135
14,1,0.60,0.9741193031503818
14,1,0.65,0.8802524550163324
14,1,0.70,0.9848393327499017
14,1,0.75,0.9648396975370896
14,1,0.80,0.969538471690541
14,1,0.85,0.9465512406716344
14,1,0.90,0.9649517295768688
14,1,0.95,0.9505524249864713
14,2,0.05,-3.171627359337835
14,2,0.10,0.9700113657946046
14,2,0.15,0.9893734011372365
14,2,0.20,0.9905148100370466
14,2,0.25,0.9870173551699178
14,2,0.30,0.9772739741995898
14,2,0.35,0.9220135434217899
14,2,0.40,0.9801222027316217
14,2,0.45,0.9528963407115844
14,2,0.50,0.9864947378889021
14,2,0.55,0.9389993061404048
14,2,0.60,0.9619550588382646
14,2,0.65,0.9828134961179218
14,2,0.70,0.9869329791219089
14,2,0.75,0.965636874332383
14,2,0.80,0.9104767418939292
14,2,0.85,0.9835791659019149
14,2,0.90,0.915171061868287
14,2,0.95,0.9414483802247121
14,3,0.05,-0.6218471826443555
14,3,0.10,-1.9932821155950768
14,3,0.15,0.9031817596240179
14,3,0.20,0.9679892295980528
14,3,0.25,0.8401669502829497
14,3,0.30,0.9517153639125001
14,3,0.35,0.9512602200056863
14,3,0.40,0.978127678232376
14,3,0.45,0.9788050146326528
14,3,0.50,0.9229863262758484
14,3,0.55,0.9632787770204011
14,3,0.60,0.9531171963869559
14,3,0.65,0.9626242919324566
14,3,0.70,0.9714890183475335
14,3,0.75,0.9643558391988933
14,3,0.80,0.9450452054935594
14,3,0.85,0.9827669638669101
14,3,0.90,0.9782455887182017
14,3,0.95,0.9765467188643664
14,4,0.05,-0.6218471826443555
14,4,0.10,0.9818881231746164
14,4,0.15,0.9631991493726183
14,4,0.20,0.932893054880046
14,4,0.25,0.9438774021596077
14,4,0.30,0.8921241713693109
14,4,0.35,0.9545275982549104
14,4,0.40,0.9662731728363778
14,4,0.45,0.9642924334165389
14,4,0.50,0.984824694745862
14,4,0.55,0.9242067580946719
14,4,0.60,0.9618673371520603
14,4,0.65,0.968977090715467
14,4,0.70,0.9658666790217306
14,4,0.75,0.957030591970373
14,4,0.80,0.979579931979041
14,4,0.85,0.9838150016950907
14,4,0.90,0.9773315554781777
14,4,0.95,0.9867662874386492
14,5,0.05,0.8571502588749806
14,5,0.10,-0.5851261374763674
14,5,0.15,0.9387853056321942
14,5,0.20,0.9290291334989464
14,5,0.25,0.9658189267506337
14,5,0.30,0.9010598731490116
14,5,0.35,0.8722672716142367
14,5,0.40,0.9583068947428992
14,5,0.45,0.9435075046274114
14,5,0.50,0.9663117233196737
14,5,0.55,0.9511301873901267
14,5,0.60,0.9938458742726513
14,5,0.65,0.9695009693782537
14,5,0.70,0.9727886935919557
14,5,0.75,0.9646783843450996
14,5,0.80,0.9713418422688571
14,5,0.85,0.979197451741494
14,5,0.90,0.9655665205313049
14,5,0.95,0.9830515631730592
14,6,0.05,-5.0639989100515335
14,6,0.10,0.8124260749820995
14,6,0.15,0.8710620660610936
14,6,0.20,0.9686887631754163
14,6,0.25,0.9860686869630952
14,6,0.30,0.9506041569388353
14,6,0.35,0.9447250612147676
14,6,0.40,0.9650187710447147
14,6,0.45,0.950818429095715
14,6,0.50,0.9691288239499781
14,6,0.55,0.9485211451024906
14,6,0.60,0.97597337476385
14,6,0.65,0.9901865053521737
14,6,0.70,0.9795915410514989
14,6,0.75,0.9830391572186287
14,6,0.80,0.9820567924977099
14,6,0.85,0.9833769173327287
14,6,0.90,0.9797412926787327
14,6,0.95,0.974289458227142
14,7,0.05,0.7548886347845066
14,7,0.10,0.9173511210679564
14,7,0.15,0.9141001033752602
14,7,0.20,0.9943696725567032
14,7,0.25,0.9118286979685807
14,7,0.30,0.9813207041702324
14,7,0.35,0.9737390405379459
14,7,0.40,0.9549874612822031
14,7,0.45,0.9745844001022795
14,7,0.50,0.9186878180192833
14,7,0.55,0.954944139045329
14,7,0.60,0.9468677052057303
14,7,0.65,0.9792136403413605
14,7,0.70,0.9626102980304506
14,7,0.75,0.9604397888285382
14,7,0.80,0.9407817586772171
14,7,0.85,0.9403366144909157
14,7,0.90,0.9806258322487402
14,7,0.95,0.9651023481912607
14,8,0.05,-484.59460773992043
14,8,0.10,0.9314107083660068
14,8,0.15,0.966025763345105
14,8,0.20,0.9922815645578144
14,8,0.25,0.9918982482480011
14,8,0.30,0.9702357925317172
14,8,0.35,0.9757065802692357
14,8,0.40,0.9579714538749846
14,8,0.45,0.9820047002681122
14,8,0.50,0.9789526217027397
14,8,0.55,0.9167525081049244
14,8,0.60,0.9523418218523123
14,8,0.65,0.9470177590671744
14,8,0.70,0.9670323187636455
14,8,0.75,0.9839951839081112
14,8,0.80,0.9789785075428316
14,8,0.85,0.9898592255189186
14,8,0.90,0.9840685252777931
14,8,0.95,0.9780473022761378
14,9,0.05,-21.32592786680851
14,9,0.10,0.7715624436874262
14,9,0.15,0.9681853386252488
14,9,0.20,0.9743284127883122
14,9,0.25,0.9306434813334741
14,9,0.30,0.8538912855380103
14,9,0.35,0.9583954296979632
14,9,0.40,0.9474219276622661
14,9,0.45,0.9585630101845478
14,9,0.50,0.9793614797588387
14,9,0.55,0.9808998816497418
14,9,0.60,0.9832194141632714
14,9,0.65,0.938133028784074
14,9,0.70,0.9860082736993228
14,9,0.75,0.9560912037394059
14,9,0.80,0.8789534086514542
14,9,0.85,0.9629020563601522
14,9,0.90,0.9689333670044504
14,9,0.95,0.9778009192421909
15,0,0.05,0.5542479148160654
15,0,0.10,0.988195926790408
15,0,0.15,0.9765480094646928
15,0,0.20,0.9426784851476464
15,0,0.25,0.9398942968548669
15,0,0.30,0.9837945531446302
15,0,0.35,0.9522004665750441
15,0,0.40,0.9464835389903593
15,0,0.45,0.9610935571593644
15,0,0.50,0.9595943461032724
15,0,0.55,0.9325652684562671
15,0,0.60,0.9397177053409039
15,0,0.65,0.9567604634719
15,0,0.70,0.9717900383735838
15,0,0.75,0.9718351500205834
15,0,0.80,0.9620464107518963
15,0,0.85,0.9746024417413861
15,0,0.90,0.9774663170286796
15,0,0.95,0.9769722459040913
15,1,0.05,0.5542479148160654
15,1,0.10,0.9931663238292833
15,1,0.15,0.9783532039357492
15,1,0.20,0.9592953271030776
15,1,0.25,0.9835217046331639
15,1,0.30,0.973535018864487
15,1,0.35,0.9538424703543636
15,1,0.40,0.9059900144084375
15,1,0.45,0.9619089388898139
15,1,0.50,0.9679860599000616
15,1,0.55,0.9431547514778724
15,1,0.60,0.979743991329128
15,1,0.65,0.9253599287879603
15,1,0.70,0.9814134078139573
15,1,0.75,0.970107152222872
15,1,0.80,0.9639817315601436
15,1,0.85,0.9787798998981302
15,1,0.90,0.9688740086839802
15,1,0.95,0.9605394571404798
15,2,0.05,-0.46230287129918946
15,2,0.10,0.8727919559492742
15,2,0.15,0.9849653392003571
15,2,0.20,0.83641477131857
15,2,0.25,0.976951648395372
15,2,0.30,0.9846114917590592
15,2,0.35,0.7148339267459921
15,2,0.40,0.9625215843041616
15,2,0.45,0.9630774880062606
15,2,0.50,0.8512299586097503
15,2,0.55,0.9299328406351017
15,2,0.60,0.959966007850769
15,2,0.65,0.9472903150888217
15,2,0.70,0.9671010613960059
15,2,0.75,0.978671599555265
15,2,0.80,0.9567480030010093
15,2,0.85,0.9684181114811681
15,2,0.90,0.9831840937440737
15,2,0.95,0.9820164209995
15,3,0.05,0.22421210901722655
15,3,0.10,-25.832244606738392
15,3,0.15,0.9361076692343376
15,3,0.20,0.9175067655231539
15,3,0.25,0.9571580624769871
15,3,0.30,0.9824690668404876
15,3,0.35,0.9641959694241997
15,3,0.40,0.9523125580178474
15,3,0.45,0.9876860227882929
15,3,0.50,0.9883620289180758
15,3,0.55,0.9764786362021133
15,3,0.60,0.958670241590547
15,3,0.65,0.9511548789311608
15,3,0.70,0.9868673718874854
15,3,0.75,0.9605896008259096
15,3,0.80,0.9845884778894594
15,3,0.85,0.9750060400139501
15,3,0.90,0.980365325933632
15,3,0.95,0.9790551821831817
15,4,0.05,0.22421210901722655
15,4,0.10,0.9602237668497038
15,4,0.15,0.9558506949707644
15,4,0.20,0.882531653106459
15,4,0.25,0.8508875824329993
15,4,0.30,0.9797068631085651
15,4,0.35,0.9112138174665169
15,4,0.40,0.9665310167142704
15,4,0.45,0.9894037851107083
15,4,0.50,0.9824624282915655
15,4,0.55,0.889135980142002
15,4,0.60,0.9475417204892748
15,4,0.65,0.9582183113207942
15,4,0.70,0.9483395998827122
15,4,0.75,0.9654641842622655
15,4,0.80,0.9655141528082812
15,4,0.85,0.9681598154836568
15,4,0.90,0.9761511334773785
15,4,0.95,0.979637160783693
15,5,0.05,0.5542479148160654
15,5,0.10,-0.4444423432625437
15,5,0.15,0.9201046574521321
15,5,0.20,0.9313635443151552
15,5,0.25,0.9615881413984937
15,5,0.30,0.9866399751659919
15,5,0.35,0.9791075709402007
15,5,0.40,0.9390250312113896
15,5,0.45,0.9621742633683144
15,5,0.50,0.8923173279314074
15,5,0.55,0.9644694296741767
15,5,0.60,0.974146456262782
15,5,0.65,0.9767955638763193
15,5,0.70,0.9783102499220503
15,5,0.75,0.9838242145672103
15,5,0.80,0.9880909306088218
15,5,0.85,0.9926232848166439
15,5,0.90,0.9706348702563242
15,5,0.95,0.9874685650403721
15,6,0.05,-5.290146417379854
15,6,0.10,0.8986026481184881
15,6,0.15,0.9930244910985049
15,6,0.20,0.8233070034668917
15,6,0.25,0.8591789251137933
15,6,0.30,0.9858976868388333
15,6,0.35,0.9746631373741172
15,6,0.40,0.9918961198260946
15,6,0.45,0.9381959124828007
15,6,0.50,0.9142721186686887
15,6,0.55,0.9873854820627521
15,6,0.60,0.9477857886171579
15,6,0.65,0.9524499170623063
15,6,0.70,0.9867724852232984
15,6,0.75,0.9457868183002717
15,6,0.80,0.9662253824285464
15,6,0.85,0.968084576772366
15,6,0.90,0.9883636550022005
15,6,0.95,0.9485672077843033
15,7,0.05,0.0874019444839842
15,7,0.10,0.920203215346767
15,7,0.15,0.9507501291303191
15,7,0.20,0.935445243613922
15,7,0.25,0.7233228933121844
15,7,0.30,0.9629831423452938
15,7,0.35,0.9431863234453103
15,7,0.40,0.948699664724362
15,7,0.45,0.9886231176549637
15,7,0.50,0.9787010467509709
15,7,0.55,0.980096608785683
15,7,0.60,0.9741639616040572
15,7,0.65,0.9207167947918552
15,7,0.70,0.9409615008976782
15,7,0.75,0.9287708871663729
15,7,0.80,0.9103823921131877
15,7,0.85,0.9803763346317993
15,7,0.90,0.9682330737961017
15,7,0.95,0.9537808159231769
15,8,0.05,-25.11464517406722
15,8,0.10,0.905518982296788
15,8,0.15,0.9974599105362298
15,8,0.20,0.9764260274929946
15,8,0.25,0.9223336442209927
15,8,0.30,0.9776712530340557
15,8,0.35,0.9594487293400233
15,8,0.40,0.9222676807481669
15,8,0.45,0.9529302103427435
15,8,0.50,0.9724331524464175
15,8,0.55,0.9710306201957752
15,8,0.60,0.9207946804894938
15,8,0.65,0.9701322106289526
15,8,0.70,0.9762445757343233
15,8,0.75,0.943896836110663
15,8,0.80,0.9815302365402154
15,8,0.85,0.963149745230184
15,8,0.90,0.9780191122255039
15,8,0.95,0.9555322348953217
15,9,0.05,-0.2654405695017994
15,9,0.10,0.9231887156580657
15,9,0.15,0.9703574925602291
15,9,0.20,0.9735295309264421
15,9,0.25,0.9174219638486497
15,9,0.30,0.9465589139278289
15,9,0.35,0.8998248651473756
15,9,0.40,0.9694180427519523
15,9,0.45,0.9554759217259065
15,9,0.50,0.9790279788512719
15,9,0.55,0.9376670003881927
15,9,0.60,0.9360542348208546
15,9,0.65,0.967380581996798
15,9,0.70,0.9872464085967079
15,9,0.75,0.9892441807602426
15,9,0.80,0.9766932351936454
15,9,0.85,0.993042361564773
15,9,0.90,0.9874830477496626
15,9,0.95,0.9905829555431657
16,0,0.05,0.5542479148160654
16,0,0.10,0.9926659775972508
16,0,0.15,0.9822202942817572
16,0,0.20,0.9600683888541676
16,0,0.25,0.9663046604962643
16,0,0.30,0.9771869633258823
16,0,0.35,0.9974294500152643
16,0,0.40,0.96128610739735
16,0,0.45,0.8815764275628595
16,0,0.50,0.9678657635468002
16,0,0.55,0.9802775065420113
16,0,0.60,0.9383804586632631
16,0,0.65,0.9751542419747239
16,0,0.70,0.9060713194049949
16,0,0.75,0.981342575497481
16,0,0.80,0.959129981122815
16,0,0.85,0.9761849934137969
16,0,0.90,0.973572264247045
16,0,0.95,0.9593371624682061
16,1,0.05,0.5542479148160654
16,1,0.10,0.995454320381088
16,1,0.15,0.702070265824809
16,1,0.20,0.8940296070245551
16,1,0.25,0.9722901827018398
16,1,0.30,0.9529586881754721
16,1,0.35,0.9720521439369816
16,1,0.40,0.9668117523981763
16,1,0.45,0.9822721603057116
16,1,0.50,0.9353053304857049
16,1,0.55,0.9565610801573446
16,1,0.60,0.9582882227101898
16,1,0.65,0.96869338163376
16,1,0.70,0.8424338097223049
16,1,0.75,0.9495260091661484
16,1,0.80,0.889950452321959
16,1,0.85,0.9388029892075864
16,1,0.90,0.965160682544636
16,1,0.95,0.9376753420409454
16,2,0.05,-0.7624503861963263
16,2,0.10,0.9683566600640855
16,2,0.15,0.7483642149664644
16,2,0.20,0.9916957732137764
16,2,0.25,0.9703904395197991
16,2,0.30,0.9433169164629194
16,2,0.35,0.8097209126550572
16,2,0.40,0.983707480265333
16,2,0.45,0.8813000670522646
16,2,0.50,0.9598039753024903
16,2,0.55,0.9813306243061253
16,2,0.60,0.9362781053999871
16,2,0.65,0.9729300169603482
16,2,0.70,0.9778908486806444
16,2,0.75,0.9527457127870068
16,2,0.80,0.9443273906555946
16,2,0.85,0.9573685997400179
16,2,0.90,0.9833616281409757
16,2,0.95,0.9779652273401427
16,3,0.05,0.22421210901722655
16,3,0.10,-55.07749515715356
16,3,0.15,0.9687096281827094
16,3,0.20,0.9635490525909153
16,3,0.25,0.9626555153113301
16,3,0.30,0.9771092587146362
16,3,0.35,0.7981086207713481
16,3,0.40,0.9688558844492265
16,3,0.45,0.945521330136326
16,3,0.50,0.9592363217945165
16,3,0.55,0.9342354694205046
16,3,0.60,0.9618153791061338
16,3,0.65,0.9240227028270818
16,3,0.70,0.9105466654927943
16,3,0.75,0.9130026611378128
16,3,0.80,0.9847385568872391
16,3,0.85,0.9791569557221846
16,3,0.90,0.969802960065737
16,3,0.95,0.9840836281729654
16,4,0.05,0.22421210901722655
16,4,0.10,0.9733644348006717
16,4,0.15,0.9480983699417501
16,4,0.20,0.9052398769948281
16,4,0.25,0.9301616719528991
16,4,0.30,0.961672272820968
16,4,0.35,0.9597358149462868
16,4,0.40,0.9875862027818261
16,4,0.45,0.9777919367795935
16,4,0.50,0.9638657894815686
16,4,0.55,0.9429835523185078
16,4,0.60,0.9615146706501402
16,4,0.65,0.9278415718083326
16,4,0.70,0.9258872025513745
16,4,0.75,0.9456188851068216
16,4,0.80,0.9417001641103104
16,4,0.85,0.9622230800766928
16,4,0.90,0.9813506895514695
16,4,0.95,0.969872382267932
16,5,0.05,0.5542479148160654
16,5,0.10,0.9483500779504668
16,5,0.15,0.9445856633223332
16,5,0.20,0.9601019221375837
16,5,0.25,0.971684132116269
16,5,0.30,0.9802563022637121
16,5,0.35,0.9849675464885669
16,5,0.40,0.9636251752805018
16,5,0.45,0.9764503855766158
16,5,0.50,0.6650573138838249
16,5,0.55,0.9606978252089039
16,5,0.60,0.9675933455604122
16,5,0.65,0.9594108812456987
16,5,0.70,0.9673911597744437
16,5,0.75,0.9491659827949759
16,5,0.80,0.978675263011236
16,5,0.85,0.9734482908260689
16,5,0.90,0.9443219073996619
16,5,0.95,0.9854080151969378
16,6,0.05,-5.290165725317425
16,6,0.10,0.9493623563457041
16,6,0.15,0.9938042607098493
16,6,0.20,0.9405638255339243
16,6,0.25,0.9685456833624173
16,6,0.30,0.9537956239053781
16,6,0.35,0.9149793454972579
16,6,0.40,0.9800454676299892
16,6,0.45,0.9747235614701938
16,6,0.50,0.9468439299264229
16,6,0.55,0.9704108996908112
16,6,0.60,0.9698319734164015
16,6,0.65,0.8964120556351546
16,6,0.70,0.977008948710589
16,6,0.75,0.9453989373191235
16,6,0.80,0.9722791137591899
16,6,0.85,0.9642268477367454
16,6,0.90,0.9709385933810791
16,6,0.95,0.9797151855657911
16,7,0.05,0.0874019444839842
16,7,0.10,0.9594270991964394
16,7,0.15,0.9915906115644548
16,7,0.20,0.9863086503729315
16,7,0.25,0.9216854612203236
16,7,0.30,0.971251088975892
16,7,0.35,0.9803417406554576
16,7,0.40,0.9916639156517882
16,7,0.45,0.9828588261181203
16,7,0.50,0.8604066590192547
16,7,0.55,0.9662860821448068
16,7,0.60,0.9703493963307531
16,7,0.65,0.9677986455440577
16,7,0.70,0.9258644738836649
16,7,0.75,0.9562722948100727
16,7,0.80,0.9544108722095452
16,7,0.85,0.9704734934495066
16,7,0.90,0.9750167397366708
16,7,0.95,0.9515067684647401
16,8,0.05,-313.1768192156208
16,8,0.10,0.9535844778552469
16,8,0.15,0.9749623984191226
16,8,0.20,0.9658601642648662
16,8,0.25,0.9903884173847974
16,8,0.30,0.8911193365741569
16,8,0.35,0.9554810660069196
16,8,0.40,0.9141604957978052
16,8,0.45,0.9332316417186238
16,8,0.50,0.9834723123761024
16,8,0.55,0.992951530984461
16,8,0.60,0.9395341538143016
16,8,0.65,0.9786266258854002
16,8,0.70,0.979585426470143
16,8,0.75,0.9735750097744484
16,8,0.80,0.9856976544018158
16,8,0.85,0.9635819002242343
16,8,0.90,0.974348762196966
16,8,0.95,0.9643851542987895
16,9,0.05,-0.6541863608195877
16,9,0.10,0.9284721271115962
16,9,0.15,0.9438310751510938
16,9,0.20,0.7829796458041679
16,9,0.25,0.9490551806887706
16,9,0.30,0.9603135672040524
16,9,0.35,0.9107300529570507
16,9,0.40,0.9706995607740073
16,9,0.45,0.9769180166244493
16,9,0.50,0.9872451381439555
16,9,0.55,0.9301917183116838
16,9,0.60,0.9822081675077555
16,9,0.65,0.9788017569551472
16,9,0.70,0.9861785861140031
16,9,0.75,0.9709575107386298
16,9,0.80,0.9785993610290755
16,9,0.85,0.9903367270304217
16,9,0.90,0.9878432246085491
16,9,0.95,0.9741513903518881
17,0,0.05,0.6229890332313726
17,0,0.10,0.80759249813998
17,0,0.15,0.9573956504856838
17,0,0.20,0.9823569630133101
17,0,0.25,0.9899412811548373
17,0,0.30,0.9318449496376164
17,0,0.35,0.9716339071892469
17,0,0.40,0.9498038645120783
17,0,0.45,0.9296527526981859
17,0,0.50,0.9589859215244497
17,0,0.55,0.8635900177867667
17,0,0.60,0.959457051867041
17,0,0.65,0.9770814284404233
17,0,0.70,0.9791814965150684
17,0,0.75,0.9705389028562752
17,0,0.80,0.9807694226900927
17,0,0.85,0.9552269249299764
17,0,0.90,0.9669957282355304
17,0,0.95,0.9544607464292579
17,1,0.05,0.6229890332313726
17,1,0.10,0.9940600978283373
17,1,0.15,0.9540665231640472
17,1,0.20,0.9740297153547872
17,1,0.25,0.9366499084650353
17,1,0.30,0.9712248350378729
17,1,0.35,0.9411186113404233
17,1,0.40,0.9624491321867747
17,1,0.45,0.9236110576604362
17,1,0.50,0.9393400072980711
17,1,0.55,0.9629971120596383
17,1,0.60,0.9346022385558433
17,1,0.65,0.8830184070459233
17,1,0.70,0.9606195540572872
17,1,0.75,0.9567631317056506
17,1,0.80,0.9775668055349196
17,1,0.85,0.9466268393910874
17,1,0.90,0.9496416785334707
17,1,0.95,0.9412053062401349
17,2,0.05,-0.3294893291899892
17,2,0.10,0.9297463274860523
17,2,0.15,0.9632002740297056
17,2,0.20,0.9397629209329943
17,2,0.25,0.988731492000854
17,2,0.30,0.9595808294783965
17,2,0.35,0.36193868598961987
17,2,0.40,0.8366978639058731
17,2,0.45,0.955134897663681
17,2,0.50,0.9599069951021671
17,2,0.55,0.9499856220621317
17,2,0.60,0.9253860902830732
17,2,0.65,0.9788532234480307
17,2,0.70,0.9793528330269263
17,2,0.75,0.9492720521627198
17,2,0.80,0.975194989342986
17,2,0.85,0.9722258665323018
17,2,0.90,0.9882340992605247
17,2,0.95,0.9066347778109685
17,3,0.05,-3.178511561409998
17,3,0.10,-6.2899487260924865
17,3,0.15,0.877028570026208
17,3,0.20,0.9524386656411382
17,3,0.25,0.9461316935856252
17,3,0.30,0.9580711624018835
17,3,0.35,0.8945739962039542
17,3,0.40,0.970277775813265
17,3,0.45,0.9585059146999336
17,3,0.50,0.9245626489313424
17,3,0.55,0.9555873794793837
17,3,0.60,0.9645096234393077
17,3,0.65,0.9333656401842582
17,3,0.70,0.9350106643537401
17,3,0.75,0.9696302873848456
17,3,0.80,0.9765557552881375
17,3,0.85,0.9751557239259125
17,3,0.90,0.9620263002562189
17,3,0.95,0.9661507157783495
17,4,0.05,-3.178511561409998
17,4,0.10,0.7061679970206782
17,4,0.15,0.8996169303053311
17,4,0.20,0.9155044949431528
17,4,0.25,0.9608802284109461
17,4,0.30,0.9886584621013826
17,4,0.35,0.9854242626753923
17,4,0.40,0.9725580535951944
17,4,0.45,0.9660300521815115
17,4,0.50,0.960860810897047
17,4,0.55,0.9436211760702042
17,4,0.60,0.9718539216306601
17,4,0.65,0.9701644285059172
17,4,0.70,0.908404721499154
17,4,0.75,0.9451873926736725
17,4,0.80,0.9721854377389709
17,4,0.85,0.9658746856680718
17,4,0.90,0.9631628808164795
17,4,0.95,0.9842061009884052
17,5,0.05,0.6229890332313726
17,5,0.10,0.9427132191292562
17,5,0.15,0.8931627549583929
17,5,0.20,0.9752452757924692
17,5,0.25,0.9657402521717144
17,5,0.30,0.8765435962258155
17,5,0.35,0.9821263112812795
17,5,0.40,0.9048102668388265
17,5,0.45,0.9564810826463548
17,5,0.50,0.8927106404820624
17,5,0.55,0.9278613195361032
17,5,0.60,0.9849453972734534
17,5,0.65,0.9819029513488752
17,5,0.70,0.9754520751719491
17,5,0.75,0.9562375159045127
17,5,0.80,0.9438118255769095
17,5,0.85,0.9554721584781989
17,5,0.90,0.9654500119011911
17,5,0.95,0.9741699575208977
17,6,0.05,-6.593079062449401
17,6,0.10,0.03871771037103999
17,6,0.15,0.9075412739998574
17,6,0.20,0.7186862977673838
17,6,0.25,0.8431015824510442
17,6,0.30,0.9642544805306312
17,6,0.35,0.982754060543743
17,6,0.40,0.9613718214329913
17,6,0.45,0.97579156321164
17,6,0.50,0.9555703912890644
17,6,0.55,0.9587941436095687
17,6,0.60,0.9489952526564309
17,6,0.65,0.9431910843817666
17,6,0.70,0.9617317676457808
17,6,0.75,0.9768596375670284
17,6,0.80,0.9787622069419256
17,6,0.85,0.9733705752872065
17,6,0.90,0.9581420072621434
17,6,0.95,0.980730980406572
17,7,0.05,0.21541307102620755
17,7,0.10,0.9038662651248144
17,7,0.15,0.8998992566835327
17,7,0.20,0.942716902517629
17,7,0.25,0.9564096779553375
17,7,0.30,0.9912983640985908
17,7,0.35,0.9950417440382894
17,7,0.40,0.9513169143291718
17,7,0.45,0.9619790998347866
17,7,0.50,0.9719751933984897
17,7,0.55,0.9672658261303267
17,7,0.60,0.9411158444654805
17,7,0.65,0.9808381057047919
17,7,0.70,0.9745698591438404
17,7,0.75,0.9170072098216614
17,7,0.80,0.8942307492226894
17,7,0.85,0.9390020525742305
17,7,0.90,0.9690366683711644
17,7,0.95,0.9643037234921998
17,8,0.05,-14.682364496216135
17,8,0.10,0.9517753455868708
17,8,0.15,0.9280019078953436
17,8,0.20,0.8093277076214264
17,8,0.25,0.954887624292397
17,8,0.30,0.8708235743128764
17,8,0.35,0.9807830184320409
17,8,0.40,0.9729599534798056
17,8,0.45,0.9385458804811846
17,8,0.50,0.961528651066662
17,8,0.55,0.9453460792312834
17,8,0.60,0.9523166432452242
17,8,0.65,0.9778052693483709
17,8,0.70,0.9381807411461005
17,8,0.75,0.9554744478847166
17,8,0.80,0.9854661292570823
17,8,0.85,0.9846371005515764
17,8,0.90,0.9704205391254447
17,8,0.95,0.9641023599218023
17,9,0.05,-0.05626248532211453
17,9,0.10,0.6677452733827921
17,9,0.15,0.3453185455644662
17,9,0.20,0.864298772262717
17,9,0.25,0.9773754394507066
17,9,0.30,0.9879866212414423
17,9,0.35,0.9581342648379787
17,9,0.40,0.9876934602841386
17,9,0.45,0.9707355431263462
17,9,0.50,0.9620233049130505
17,9,0.55,0.9906529697497182
17,9,0.60,0.9362513643172836
17,9,0.65,0.9052987818975825
17,9,0.70,0.9539803350098707
17,9,0.75,0.9226691192122534
17,9,0.80,0.9284532169992419
17,9,0.85,0.9685739579191662
17,9,0.90,0.9795391609227825
17,9,0.95,0.9859459089353456
18,0,0.05,0.7074494609508045
18,0,0.10,0.6617694594316972
18,0,0.15,0.9183801857268328
18,0,0.20,0.8914918389497477
18,0,0.25,0.7867329824924447
18,0,0.30,0.9102207650131013
18,0,0.35,0.9641576410165293
18,0,0.40,0.9709258444501674
18,0,0.45,0.90023603100907
18,0,0.50,0.9453944758068693
18,0,0.55,0.9634714362718033
18,0,0.60,0.9818800499224777
18,0,0.65,0.9804215970162267
18,0,0.70,0.9397822005322192
18,0,0.75,0.9587729483195486
18,0,0.80,0.936513972032164
18,0,0.85,0.978326631124795
18,0,0.90,0.9621501445715991
18,0,0.95,0.9732190630110578
18,1,0.05,0.7074494609508045
18,1,0.10,0.848429799177849
18,1,0.15,0.0717291594192716
18,1,0.20,0.8222830677862314
18,1,0.25,0.901606846367951
18,1,0.30,0.9346009937512223
18,1,0.35,0.9464941848313726
18,1,0.40,0.9231745688127163
18,1,0.45,0.7509554359465815
18,1,0.50,0.9438958500350607
18,1,0.55,0.9396775563962118
18,1,0.60,0.9067530958891977
18,1,0.65,0.9124200785122044
18,1,0.70,0.9801834172524911
18,1,0.75,0.9505623946126852
18,1,0.80,0.9700251472681661
18,1,0.85,0.8941772986671717
18,1,0.90,0.9636269620826846
18,1,0.95,0.9730184394989301
18,2,0.05,-1.5143129489449905
18,2,0.10,0.9591076280676432
18,2,0.15,-0.8492190793301546
18,2,0.20,0.33239902178020686
18,2,0.25,0.8523449441505005
18,2,0.30,0.9508871105973502
18,2,0.35,0.8843176411338043
18,2,0.40,0.9473056560063534
18,2,0.45,0.8010150996818199
18,2,0.50,0.7634534928831184
18,2,0.55,0.9709595989460982
18,2,0.60,0.9314787642416067
18,2,0.65,0.9685990838022838
18,2,0.70,0.9842673503836534
18,2,0.75,0.9140328951004988
18,2,0.80,0.9791093000768014
18,2,0.85,0.93306036773883
18,2,0.90,0.9712765684578444
18,2,0.95,0.9811683244286309
18,3,0.05,0.2439922717684616
18,3,0.10,-0.02926507574282966
18,3,0.15,0.9088206610594356
18,3,0.20,0.8463084066963851
18,3,0.25,0.9651037495240627
18,3,0.30,0.969850200967638
18,3,0.35,0.3061021352169352
18,3,0.40,0.9060065461458445
18,3,0.45,0.9502304220037644
18,3,0.50,0.8720044792914242
18,3,0.55,0.9597899475620065
18,3,0.60,0.9352662365376352
18,3,0.65,0.9468382229781064
18,3,0.70,0.9798661465898384
18,3,0.75,0.9513186913282453
18,3,0.80,0.9529726191784952
18,3,0.85,0.9524449526675464
18,3,0.90,0.9713582853374465
18,3,0.95,0.9800376221351789
18,4,0.05,0.2439922717684616
18,4,0.10,0.9604206211005518
18,4,0.15,0.7976201414923264
18,4,0.20,0.9139427997306333
18,4,0.25,0.8299042993200857
18,4,0.30,0.7273108152711422
18,4,0.35,0.9841725226959375
18,4,0.40,0.9855937033699657
18,4,0.45,0.93975260791189
18,4,0.50,0.9543933927481684
18,4,0.55,0.9288901549067133
18,4,0.60,0.9667311137665514
18,4,0.65,0.9294621569249462
18,4,0.70,0.9822097506447774
18,4,0.75,0.9625320414201086
18,4,0.80,0.9774808203051468
18,4,0.85,0.9614295587516837
18,4,0.90,0.9671658892552827
18,4,0.95,0.9829471791995734
18,5,0.05,0.7074494609508045
18,5,0.10,0.9686309776258879
18,5,0.15,0.7513245468185781
18,5,0.20,0.936792056460871
18,5,0.25,0.9257439617271161
18,5,0.30,0.8590664940580215
18,5,0.35,0.9789049056304435
18,5,0.40,0.8024816107530125
18,5,0.45,0.9442484194623677
18,5,0.50,0.49147004867807753
18,5,0.55,0.9690960738831019
18,5,0.60,0.9865989487571936
18,5,0.65,0.9373010805796781
18,5,0.70,0.9762325976357866
18,5,0.75,0.9629739150845701
18,5,0.80,0.9700500067887042
18,5,0.85,0.9778573703834821
18,5,0.90,0.9704775645151932
18,5,0.95,0.9817604619427995
18,6,0.05,-1.0939031874728915
18,6,0.10,0.8993019481801433
18,6,0.15,0.888819677939913
18,6,0.20,0.9604886773656081
18,6,0.25,0.8329228273817295
18,6,0.30,0.932639761762938
18,6,0.35,0.892828755987792
18,6,0.40,0.9594625116914841
18,6,0.45,0.9042800756252523
18,6,0.50,0.9473275500390158
18,6,0.55,0.9525695293798337
18,6,0.60,0.944424613441618
18,6,0.65,0.9216067644403568
18,6,0.70,0.9777962112630507
18,6,0.75,0.9897364132039789
18,6,0.80,0.9804128330973904
18,6,0.85,0.9887023286344998
18,6,0.90,0.9828011623813189
18,6,0.95,0.96054717833861
18,7,0.05,0.664601232092214
18,7,0.10,0.9507578890108591
18,7,0.15,0.8426779708420469
18,7,0.20,0.9695429118362647
18,7,0.25,0.9091692566566599
18,7,0.30,0.9440201952346982
18,7,0.35,0.9681003290484996
18,7,0.40,0.9496130653534416
18,7,0.45,0.8962145605785846
18,7,0.50,0.9421722930734904
18,7,0.55,0.9379389148139695
18,7,0.60,0.9658544193903753
18,7,0.65,0.9706297428561254
18,7,0.70,0.9244004471153957
18,7,0.75,0.9335303772157022
18,7,0.80,0.9588389307830623
18,7,0.85,0.9498961385782788
18,7,0.90,0.9791222692607786
18,7,0.95,0.9847785147896267
18,8,0.05,-48.67655733741932
18,8,0.10,0.9098002787146515
18,8,0.15,0.9417299726157407
18,8,0.20,0.9565753088534897
18,8,0.25,0.8540993649853688
18,8,0.30,0.9403769210405433
18,8,0.35,0.9423660435002812
18,8,0.40,0.9393707262834243
18,8,0.45,0.9098609240030848
18,8,0.50,0.9426553155200286
18,8,0.55,0.9479854735195171
18,8,0.60,0.9749176032852356
18,8,0.65,0.9686212167176645
18,8,0.70,0.9509613318631402
18,8,0.75,0.9676050933223594
18,8,0.80,0.9664884665037929
18,8,0.85,0.9852315591663945
18,8,0.90,0.9804369174366304
18,8,0.95,0.9833648162140243
18,9,0.05,-5.214803162491698
18,9,0.10,0.8269670480719662
18,9,0.15,0.6727756268652754
18,9,0.20,0.8906312634505905
18,9,0.25,0.9490607648098395
18,9,0.30,0.9772067669157254
18,9,0.35,0.9775199708086357
18,9,0.40,0.9460509739199578
18,9,0.45,0.95194304341921
18,9,0.50,0.9793601261154827
18,9,0.55,0.9380264628061425
18,9,0.60,0.9861290181975516
18,9,0.65,0.9469168733055703
18,9,0.70,0.9233657900407721
18,9,0.75,0.9506392544725267
18,9,0.80,0.9915925658362473
18,9,0.85,0.9758744864212391
18,9,0.90,0.9808570832665481
18,9,0.95,0.9902196348941332
19,0,0.05,0.616414680778353
19,0,0.10,0.590652704385279
19,0,0.15,0.9359126275407166
19,0,0.20,0.6817266910675919
19,0,0.25,0.7756111252271396
19,0,0.30,0.9555631504269735
19,0,0.35,0.9607570563967125
19,0,0.40,0.9489840431685086
19,0,0.45,0.9571759938090276
19,0,0.50,0.9083335524908694
19,0,0.55,0.9497323305480941
19,0,0.60,0.9547930143352316
19,0,0.65,0.9904452449684757
19,0,0.70,0.9800882817539712
19,0,0.75,0.9642599717588719
19,0,0.80,0.9475855753844452
19,0,0.85,0.9602041359139246
19,0,0.90,0.9534950302908797
19,0,0.95,0.9740463333900484
19,1,0.05,0.616414680778353
19,1,0.10,0.7082392818250643
19,1,0.15,0.5458913032958312
19,1,0.20,0.5385877136845347
19,1,0.25,0.9550042876897805
19,1,0.30,0.9525752440716031
19,1,0.35,0.9159820858081769
19,1,0.40,0.9032610450316011
19,1,0.45,0.9033934805148004
19,1,0.50,0.9267034091020461
19,1,0.55,0.9747336534120012
19,1,0.60,0.8971370687457177
19,1,0.65,0.9065695805541285
19,1,0.70,0.9500287477963176
19,1,0.75,0.947459466436982
19,1,0.80,0.9381284541598236
19,1,0.85,0.9032685300988589
19,1,0.90,0.955075831710011
19,1,0.95,0.9755561416463618
19,2,0.05,0.4596837429220102
19,2,0.10,0.7102291401002961
19,2,0.15,-0.1495033304395903
19,2,0.20,0.23273590260034516
19,2,0.25,0.8842737842329593
19,2,0.30,0.98433915831301
19,2,0.35,0.867689583621706
19,2,0.40,0.9462815693596132
19,2,0.45,0.9667248782833485
19,2,0.50,0.9555378813155551
19,2,0.55,0.9200486230594582
19,2,0.60,0.9645738324755515
19,2,0.65,0.9732699043549575
19,2,0.70,0.9787967360610922
19,2,0.75,0.9592759998528159
19,2,0.80,0.9512147568615705
19,2,0.85,0.9832334167458757
19,2,0.90,0.9177329260688047
19,2,0.95,0.9520819934267059
19,3,0.05,0.07531268235985578
19,3,0.10,-8.944868413065798
19,3,0.15,0.8714598505337414
19,3,0.20,0.730111171004926
19,3,0.25,0.9284019990453891
19,3,0.30,0.9139028655011686
19,3,0.35,0.936109445957657
19,3,0.40,0.9495390004140629
19,3,0.45,0.9737681999727572
19,3,0.50,0.7877381604512096
19,3,0.55,0.8694476197020239
19,3,0.60,0.9314687311204406
19,3,0.65,0.9185821619773855
19,3,0.70,0.9154847947661116
19,3,0.75,0.9637272727877485
19,3,0.80,0.9574514933889254
19,3,0.85,0.9666046716161221
19,3,0.90,0.9905076085865451
19,3,0.95,0.9708973423587504
19,4,0.05,0.07531268235985578
19,4,0.10,0.5720869264127398
19,4,0.15,0.9144213516498324
19,4,0.20,0.9076827232705224
19,4,0.25,0.877227454055146
19,4,0.30,0.9523331111386477
19,4,0.35,0.9211166687778749
19,4,0.40,0.9480881150884479
19,4,0.45,0.9742367012471898
19,4,0.50,0.9270420409766903
19,4,0.55,0.9016055511352661
19,4,0.60,0.9900635965575072
19,4,0.65,0.9717793324224508
19,4,0.70,0.9320303039399167
19,4,0.75,0.9796219519442008
19,4,0.80,0.9853015491221107
19,4,0.85,0.9827833769880664
19,4,0.90,0.991630997970266
19,4,0.95,0.9907738071359379
19,5,0.05,0.616414680778353
19,5,0.10,0.72473666621575
19,5,0.15,-0.9866177700091279
19,5,0.20,0.918575709901646
19,5,0.25,0.9588296119141588
19,5,0.30,0.945221244011739
19,5,0.35,0.8883038564331808
19,5,0.40,0.8336175883532255
19,5,0.45,0.9590813789304813
19,5,0.50,0.8618533222261093
19,5,0.55,0.9127701937023109
19,5,0.60,0.9841199333816912
19,5,0.65,0.9353518384746041
19,5,0.70,0.9543307047656941
19,5,0.75,0.9415770614557496
19,5,0.80,0.9491564720964611
19,5,0.85,0.9816271580637592
19,5,0.90,0.9601213120795399
19,5,0.95,0.9793452401865836
19,6,0.05,-8.123834417395956
19,6,0.10,0.404120988258866
19,6,0.15,0.9638397122738838
19,6,0.20,0.8538233156717069
19,6,0.25,0.8986514924956475
19,6,0.30,0.948618302080443
19,6,0.35,0.9288356731218862
19,6,0.40,0.9209420821733624
19,6,0.45,0.9234532152733789
19,6,0.50,0.9308592614961564
19,6,0.55,0.9519433011665166
19,6,0.60,0.960899707593585
19,6,0.65,0.9832395107446608
19,6,0.70,0.9721518619385218
19,6,0.75,0.956517869173223
19,6,0.80,0.9870282883662914
19,6,0.85,0.9780274684728283
19,6,0.90,0.8987611042752279
19,6,0.95,0.9826532102025688
19,7,0.05,0.2447855072706051
19,7,0.10,-0.40494027640640695
19,7,0.15,0.9459528262482741
19,7,0.20,0.8200630894923622
19,7,0.25,0.9470657042049823
19,7,0.30,0.9298781118207557
19,7,0.35,0.975393385999891
19,7,0.40,0.9428787573949488
19,7,0.45,0.878831756190997
19,7,0.50,0.9368942575621552
19,7,0.55,0.935881450182489
19,7,0.60,0.958407105694487
19,7,0.65,0.9611539248059916
19,7,0.70,0.9483343224713447
19,7,0.75,0.8989106804169399
19,7,0.80,0.9665872140027991
19,7,0.85,0.965577553767474
19,7,0.90,0.9801377275996044
19,7,0.95,0.9795195312880481
19,8,0.05,-0.1346791742225486
19,8,0.10,0.4843108524595571
19,8,0.15,0.9586024820686974
19,8,0.20,0.9664118440019883
19,8,0.25,0.747332783645886
19,8,0.30,0.9424194297083951
19,8,0.35,0.9369431064889544
19,8,0.40,0.9698182319772172
19,8,0.45,0.9687288447932872
19,8,0.50,0.9487051873934486
19,8,0.55,0.9618982330203122
19,8,0.60,0.9716086266950837
19,8,0.65,0.9630431714763512
19,8,0.70,0.9722671984662359
19,8,0.75,0.973549589174671
19,8,0.80,0.946155398414094
19,8,0.85,0.8794366829043122
19,8,0.90,0.9866754492502282
19,8,0.95,0.9816029072436515
19,9,0.05,0.6229692882469668
19,9,0.10,0.680592366028979
19,9,0.15,-0.07568442249029217
19,9,0.20,0.9474657728738984
19,9,0.25,0.9363155784325604
19,9,0.30,0.9671181653122313
19,9,0.35,0.9557062942080363
19,9,0.40,0.9394909478994407
19,9,0.45,0.9301289019420855
19,9,0.50,0.9669769804099873
19,9,0.55,0.9909794885470714
19,9,0.60,0.9683442235113607
19,9,0.65,0.9835887092054513
19,9,0.70,0.9733779856713237
19,9,0.75,0.9343812232385154
19,9,0.80,0.9739874627042225
19,9,0.85,0.9844480434023393
19,9,0.90,0.9761968414117884
19,9,0.95,0.9828868011141599
20,0,0.05,0.6793125434275786
20,0,0.10,0.3843859812307766
20,0,0.15,0.7482045508041313
20,0,0.20,0.8858634571597169
20,0,0.25,0.683816846211585
20,0,0.30,0.9292758668332026
20,0,0.35,0.9475189797312672
20,0,0.40,0.8863110604797589
20,0,0.45,0.9128265516042818
20,0,0.50,0.9653102259309494
20,0,0.55,0.9450688404249938
20,0,0.60,0.9045646844489331
20,0,0.65,0.9690862127860094
20,0,0.70,0.9368893811575874
20,0,0.75,0.9325763140594798
20,0,0.80,0.9741610014019776
20,0,0.85,0.9138980615445518
20,0,0.90,0.9357546098950924
20,0,0.95,0.9665322360554336
20,1,0.05,0.6793125434275786
20,1,0.10,0.8345089817673528
20,1,0.15,0.616883978124702
20,1,0.20,0.9422871741774255
20,1,0.25,0.8573894949084802
20,1,0.30,0.8286235734009383
20,1,0.35,0.877356350617474
20,1,0.40,0.8859110580967258
20,1,0.45,0.9389396785141918
20,1,0.50,0.8680442780867768
20,1,0.55,0.938078733098323
20,1,0.60,0.8777387897798568
20,1,0.65,0.9616188477248406
20,1,0.70,0.9556284094786712
20,1,0.75,0.9369107034035962
20,1,0.80,0.967502100815219
20,1,0.85,0.958407235317752
20,1,0.90,0.9603457596166375
20,1,0.95,0.9663208865256567
20,2,0.05,-3.6357070045732165
20,2,0.10,0.9700832509330132
20,2,0.15,0.23681489378402765
20,2,0.20,0.8927852197815154
20,2,0.25,0.9461859473528961
20,2,0.30,0.8932640344007221
20,2,0.35,0.7848082548140857
20,2,0.40,0.1858894382940146
20,2,0.45,0.9226947558932919
20,2,0.50,0.9164305844767655
20,2,0.55,0.8768095906744323
20,2,0.60,0.9780586824157769
20,2,0.65,0.969799940424959
20,2,0.70,0.9703481232415583
20,2,0.75,0.9691337744350929
20,2,0.80,0.9124564610345813
20,2,0.85,0.9672180038413043
20,2,0.90,0.9782849284503095
20,2,0.95,0.9524168900250568
20,3,0.05,-2201.2781305496856
20,3,0.10,-20.043585301322246
20,3,0.15,0.7983806368658054
20,3,0.20,0.6018106764148314
20,3,0.25,0.8518906792196406
20,3,0.30,0.8963303029836166
20,3,0.35,0.9073398902059018
20,3,0.40,0.8607551301308736
20,3,0.45,0.9357570122103461
20,3,0.50,0.8627042081573835
20,3,0.55,0.9197531166487716
20,3,0.60,0.9483738889037777
20,3,0.65,0.9422785046927941
20,3,0.70,0.8656797190186754
20,3,0.75,0.9267802131249615
20,3,0.80,0.9626900707812469
20,3,0.85,0.9652816867038565
20,3,0.90,0.9854631609168603
20,3,0.95,0.9836363341821298
20,4,0.05,-2201.2781305496856
20,4,0.10,0.9983474235792162
20,4,0.15,0.9043754742035435
20,4,0.20,0.9134202243218148
20,4,0.25,0.024028523614449293
20,4,0.30,0.9411779275420473
20,4,0.35,0.9517836662009401
20,4,0.40,0.9637907185860608
20,4,0.45,0.9652363302008728
20,4,0.50,0.7908454199492779
20,4,0.55,0.9548185112368248
20,4,0.60,0.9742111429445622
20,4,0.65,0.9422713680386942
20,4,0.70,0.943572246382077
20,4,0.75,0.9661410442356
20,4,0.80,0.9652128291229414
20,4,0.85,0.9599374344373669
20,4,0.90,0.9782802682393026
20,4,0.95,0.9810938174307214
20,5,0.05,0.6793125434275786
20,5,0.10,-0.07596316947210502
20,5,0.15,0.6598726733675808
20,5,0.20,0.6985169137358471
20,5,0.25,0.9175260221392176
20,5,0.30,0.9372750192343232
20,5,0.35,0.8068404935916867
20,5,0.40,0.885908181327088
20,5,0.45,0.9601698993878788
20,5,0.50,0.9125013509996527
20,5,0.55,0.9307018105274746
20,5,0.60,0.9613564716420128
20,5,0.65,0.9449488475704725
20,5,0.70,0.975035688365256
20,5,0.75,0.9724265407317287
20,5,0.80,0.9728284812968074
20,5,0.85,0.9710577957349387
20,5,0.90,0.9836002251475872
20,5,0.95,0.9778616379102266
20,6,0.05,-6.773416018910429
20,6,0.10,0.8966531051270782
20,6,0.15,0.754084674415861
20,6,0.20,0.9783195735786103
20,6,0.25,0.881584166886046
20,6,0.30,0.9677031418881256
20,6,0.35,0.9582824312607965
20,6,0.40,0.8923154417117823
20,6,0.45,0.9591602401786073
20,6,0.50,0.9670266590096536
20,6,0.55,0.9407995139651539
20,6,0.60,0.9439436891641044
20,6,0.65,0.9502150479914707
20,6,0.70,0.9571992165974854
20,6,0.75,0.9727844102107703
20,6,0.80,0.9853234192727902
20,6,0.85,0.9732292920258949
20,6,0.90,0.984838554580594
20,6,0.95,0.9695551075109528
20,7,0.05,0.607828172025216
20,7,0.10,0.38537649737186463
20,7,0.15,0.22583591964406746
20,7,0.20,0.941129171868915
20,7,0.25,0.9107906312881744
20,7,0.30,0.9658447681617559
20,7,0.35,0.9241177055790576
20,7,0.40,0.9776735943654692
20,7,0.45,0.9618960188747292
20,7,0.50,0.971595586265312
20,7,0.55,0.9367679660798313
20,7,0.60,0.94900502848485
20,7,0.65,0.9756088069359519
20,7,0.70,0.8494066199619466
20,7,0.75,0.9636565950838565
20,7,0.80,0.9718990128061717
20,7,0.85,0.9207554779174674
20,7,0.90,0.9741858607132373
20,7,0.95,0.9567647908982055
20,8,0.05,-32.89947506979929
20,8,0.10,0.7925972369746699
20,8,0.15,0.2647834522175857
20,8,0.20,0.9625399737423517
20,8,0.25,0.9199122200635093
20,8,0.30,0.9807539873387221
20,8,0.35,0.9444623885615756
20,8,0.40,0.9313934164512538
20,8,0.45,0.9678381760987627
20,8,0.50,0.9462965217769137
20,8,0.55,0.961910497094481
20,8,0.60,0.9814258512503232
20,8,0.65,0.976335691415192
20,8,0.70,0.954799843666766
20,8,0.75,0.9689403570713742
20,8,0.80,0.9686283950583398
20,8,0.85,0.9292507665056774
20,8,0.90,0.9700054285791303
20,8,0.95,0.9005058569938242
20,9,0.05,-20.864863372786825
20,9,0.10,0.7854096995132849
20,9,0.15,0.9491224831765466
20,9,0.20,0.92279840046595
20,9,0.25,0.9338148438151703
20,9,0.30,0.9577600876348035
20,9,0.35,0.9609008821933308
20,9,0.40,0.9273389776060296
20,9,0.45,0.7945407338696582
20,9,0.50,0.7689083435322918
20,9,0.55,0.9692140768393123
20,9,0.60,0.9645882193797886
20,9,0.65,0.9444110425511351
20,9,0.70,0.9799300286873487
20,9,0.75,0.984005955435766
20,9,0.80,0.9915814101208911
20,9,0.85,0.9631182879824445
20,9,0.90,0.9934263294433654
20,9,0.95,0.9934646807379306
21,0,0.05,0.8703641188295238
21,0,0.10,0.8974288738879163
21,0,0.15,0.972524768974779
21,0,0.20,0.9682173826558701
21,0,0.25,0.9252972150568529
21,0,0.30,0.9536779698404173
21,0,0.35,0.9797354216052613
21,0,0.40,0.9456396386107643
21,0,0.45,0.9581475406567493
21,0,0.50,0.9640461893302382
21,0,0.55,0.959947156018691
21,0,0.60,0.8770280266119131
21,0,0.65,0.989007324295816
21,0,0.70,0.9448364409006281
21,0,0.75,0.9699306822958383
21,0,0.80,0.9790399272278656
21,0,0.85,0.9180766360543662
21,0,0.90,0.9706994655698787
21,0,0.95,0.9682199767259403
21,1,0.05,0.8703641188295238
21,1,0.10,0.9381247053828453
21,1,0.15,0.9508777255770376
21,1,0.20,0.8387080908043945
21,1,0.25,0.7519661778204495
21,1,0.30,0.8022991745327293
21,1,0.35,0.842797887452133
21,1,0.40,0.7754397440868044
21,1,0.45,0.9743437993758014
21,1,0.50,0.8897480771611811
21,1,0.55,0.9747376324420772
21,1,0.60,0.9719829803156156
21,1,0.65,0.9645292747658953
21,1,0.70,0.9788484341194955
21,1,0.75,0.9125501195295029
21,1,0.80,0.9231543651497433
21,1,0.85,0.9578701545602113
21,1,0.90,0.9778862367841018
21,1,0.95,0.9802126133435656
21,2,0.05,-1.5663362604045683
21,2,0.10,0.9716195284897667
21,2,0.15,0.957188275235556
21,2,0.20,0.9226854370693258
21,2,0.25,0.8705917035192061
21,2,0.30,0.9088871682047099
21,2,0.35,0.6822928208970918
21,2,0.40,0.9113546386161178
21,2,0.45,0.946320514924065
21,2,0.50,0.9471826532345626
21,2,0.55,0.9533186579954951
21,2,0.60,0.9451189915742283
21,2,0.65,0.9633879259155984
21,2,0.70,0.9816417137445851
21,2,0.75,0.9180347104946385
21,2,0.80,0.9655395317379504
21,2,0.85,0.9461170840099462
21,2,0.90,0.9856636273025672
21,2,0.95,0.9855409089150524
21,3,0.05,0.15113789989766535
21,3,0.10,-14.588095446624482
21,3,0.15,0.9364469638709758
21,3,0.20,0.9709132317675838
21,3,0.25,0.9501852964274403
21,3,0.30,0.9591623345858472
21,3,0.35,0.983147848255143
21,3,0.40,0.929587386522588
21,3,0.45,0.9728585757386415
21,3,0.50,0.9825089756281116
21,3,0.55,0.9330844948278243
21,3,0.60,0.9721981598699615
21,3,0.65,0.9693563922935019
21,3,0.70,0.9552136061675043
21,3,0.75,0.9786715000606576
21,3,0.80,0.9835186513836731
21,3,0.85,0.9709022377029548
21,3,0.90,0.9697546619822281
21,3,0.95,0.9733775688048237
21,4,0.05,0.15113789989766535
21,4,0.10,0.9805168560858
21,4,0.15,0.9530819885514537
21,4,0.20,0.9188602521933914
21,4,0.25,0.8731840673359229
21,4,0.30,0.9525628854107847
21,4,0.35,0.9812053268973309
21,4,0.40,0.9832433751431241
21,4,0.45,0.9757930904397053
21,4,0.50,0.9516898076124229
21,4,0.55,0.9422502880247825
21,4,0.60,0.9559754311029186
21,4,0.65,0.932341663966048
21,4,0.70,0.8866626490357697
21,4,0.75,0.9716018767579557
21,4,0.80,0.9156598710667361
21,4,0.85,0.9883473474575595
21,4,0.90,0.9725715240645525
21,4,0.95,0.9881455791428595
21,5,0.05,0.8703641188295238
21,5,0.10,-1.522119410925014
21,5,0.15,0.93846532662142
21,5,0.20,0.9211417042354797
21,5,0.25,0.8812672532330448
21,5,0.30,0.8701327427776734
21,5,0.35,0.922399304581571
21,5,0.40,0.9682015728105854
21,5,0.45,0.9163880483036364
21,5,0.50,0.9209730833218168
21,5,0.55,0.9101461962328811
21,5,0.60,0.9642285821238251
21,5,0.65,0.9536411799220165
21,5,0.70,0.944749019579522
21,5,0.75,0.9809073250037131
21,5,0.80,0.9720669535704091
21,5,0.85,0.9576466174020192
21,5,0.90,0.9812988757019726
21,5,0.95,0.9841420253759184
21,6,0.05,-0.6356281435201356
21,6,0.10,0.9666681819457762
21,6,0.15,0.9815115971920121
21,6,0.20,0.937021233707304
21,6,0.25,0.8532575789836211
21,6,0.30,0.8872051665119318
21,6,0.35,0.8954229282003514
21,6,0.40,0.8822346346664883
21,6,0.45,0.9697534894360192
21,6,0.50,0.9680286623170634
21,6,0.55,0.9424068099364882
21,6,0.60,0.9540811087970745
21,6,0.65,0.9024457718065237
21,6,0.70,0.9702583688400559
21,6,0.75,0.9824849122390835
21,6,0.80,0.9680880260405046
21,6,0.85,0.9746988000735135
21,6,0.90,0.9691730332833154
21,6,0.95,0.9397990813412632
21,7,0.05,0.8514976307335036
21,7,0.10,0.9755678993956023
21,7,0.15,0.9651438507158671
21,7,0.20,0.9794790654837542
21,7,0.25,0.951811064094584
21,7,0.30,0.9521745357270164
21,7,0.35,0.9795951749095835
21,7,0.40,0.9652418346247017
21,7,0.45,0.9707939027570689
21,7,0.50,0.9835484670277307
21,7,0.55,0.9837430138099901
21,7,0.60,0.9527233789723354
21,7,0.65,0.8856458074971183
21,7,0.70,0.8587281083266273
21,7,0.75,0.9362037355354758
21,7,0.80,0.9703635354770968
21,7,0.85,0.9445741654673743
21,7,0.90,0.9730413370616159
21,7,0.95,0.9686448306000744
21,8,0.05,-48.1113766616287
21,8,0.10,0.9652277630072901
21,8,0.15,0.9720967334470771
21,8,0.20,0.9309688535574063
21,8,0.25,0.9665010580512168
21,8,0.30,0.9349635640364092
21,8,0.35,0.9608404971669553
21,8,0.40,0.8402701500249349
21,8,0.45,0.986561066933819
21,8,0.50,0.9423354747673995
21,8,0.55,0.9660708202767438
21,8,0.60,0.9548347851930594
21,8,0.65,0.8289913489254751
21,8,0.70,0.9367838223983302
21,8,0.75,0.9373353258266717
21,8,0.80,0.9510212838632733
21,8,0.85,0.9705400849204284
21,8,0.90,0.9792763547597451
21,8,0.95,0.9729668078401235
21,9,0.05,-2.6508941442364784
21,9,0.10,0.9661253485616651
21,9,0.15,0.9381199014388968
21,9,0.20,0.793323825897197
21,9,0.25,0.9564422600012235
21,9,0.30,0.9455282507281226
21,9,0.35,0.9753940490926077
21,9,0.40,0.9585975795388698
21,9,0.45,0.9323465629493374
21,9,0.50,0.944153499385496
21,9,0.55,0.965484832824334
21,9,0.60,0.9790415516139599
21,9,0.65,0.9557429388087527
21,9,0.70,0.932106690427073
21,9,0.75,0.988960996033563
21,9,0.80,0.9740474003769266
21,9,0.85,0.9583306523709284
21,9,0.90,0.9733300382503923
21,9,0.95,0.974314876197814
22,0,0.05,0.6864152831675621
22,0,0.10,-0.010293667901009718
22,0,0.15,0.9552022715661707
22,0,0.20,0.9574494813843287
22,0,0.25,0.9611783212257634
22,0,0.30,0.9833444940656763
22,0,0.35,0.9868462526038417
22,0,0.40,0.9773996171512594
22,0,0.45,0.9589949994791565
22,0,0.50,0.9070201597770494
22,0,0.55,0.9437920737738591
22,0,0.60,0.9590783863509695
22,0,0.65,0.9633572383392234
22,0,0.70,0.9478789020008741
22,0,0.75,0.9721610583294596
22,0,0.80,0.97555738201945
22,0,0.85,0.939260005069417
22,0,0.90,0.9744276478193273
22,0,0.95,0.9711061724322487
22,1,0.05,0.6864152831675621
22,1,0.10,-1.891441855154207
22,1,0.15,0.9786307288071304
22,1,0.20,0.9776898015339539
22,1,0.25,0.8804259266396439
22,1,0.30,0.9056282838653227
22,1,0.35,0.8974609077924351
22,1,0.40,0.9269245881422036
22,1,0.45,0.9636912053564072
22,1,0.50,0.8957597015113044
22,1,0.55,0.9752965934757293
22,1,0.60,0.9701048955794443
22,1,0.65,0.943786106983083
22,1,0.70,0.9625119970723339
22,1,0.75,0.9469475390675066
22,1,0.80,0.9443990933807956
22,1,0.85,0.9239775103868114
22,1,0.90,0.9838194551376795
22,1,0.95,0.9886944361290106
22,2,0.05,-0.317046512824515
22,2,0.10,0.932649248914936
22,2,0.15,0.9705391855403599
22,2,0.20,0.9756530701394295
22,2,0.25,0.9228253412967738
22,2,0.30,0.9521280080283174
22,2,0.35,0.7102747930259514
22,2,0.40,0.7860346221625572
22,2,0.45,0.9429068881653151
22,2,0.50,0.8223517719087549
22,2,0.55,0.9607618944263386
22,2,0.60,0.9675356794523593
22,2,0.65,0.9517124721941145
22,2,0.70,0.988602658804209
22,2,0.75,0.8834212525002634
22,2,0.80,0.9751617538067491
22,2,0.85,0.9712544563349683
22,2,0.90,0.9872248038300362
22,2,0.95,0.9812141839720921
22,3,0.05,-1.5382942597225977
22,3,0.10,-0.9197556170883592
22,3,0.15,0.8417471148137785
22,3,0.20,0.9072223919893554
22,3,0.25,0.940879700121047
22,3,0.30,0.9890573285636118
22,3,0.35,0.7133104573243632
22,3,0.40,0.9395016669831145
22,3,0.45,0.9534594107637023
22,3,0.50,0.9505692679098313
22,3,0.55,0.9571265802302256
22,3,0.60,0.9794804948359027
22,3,0.65,0.9476926676507648
22,3,0.70,0.9535166618124766
22,3,0.75,0.9833219800139429
22,3,0.80,0.9841280520280268
22,3,0.85,0.9593117630885138
22,3,0.90,0.9279735043874787
22,3,0.95,0.9698960325592124
22,4,0.05,-1.5382942597225977
22,4,0.10,0.9506517301193551
22,4,0.15,0.9543735280903796
22,4,0.20,0.9639354558718402
22,4,0.25,0.711621752381017
22,4,0.30,0.9738817847187018
22,4,0.35,0.9851360132468917
22,4,0.40,0.9851758810891382
22,4,0.45,0.9797889499804647
22,4,0.50,0.9931119757564424
22,4,0.55,0.9716163457358855
22,4,0.60,0.98807042672755
22,4,0.65,0.8656009406366676
22,4,0.70,0.9429656107413328
22,4,0.75,0.9765468942791613
22,4,0.80,0.9666306078279285
22,4,0.85,0.9767386020355437
22,4,0.90,0.9592756269773656
22,4,0.95,0.9662034748891284
22,5,0.05,0.6864152831675621
22,5,0.10,0.8744847651578253
22,5,0.15,0.8538496047388451
22,5,0.20,0.4103003304778686
22,5,0.25,0.9548691810015583
22,5,0.30,0.9817123061325845
22,5,0.35,0.9600098257940497
22,5,0.40,0.9735372411672718
22,5,0.45,0.9450541896459946
22,5,0.50,0.9177463449227717
22,5,0.55,0.9662693236083376
22,5,0.60,0.9880156180837637
22,5,0.65,0.9740975113093863
22,5,0.70,0.9730715310275955
22,5,0.75,0.978518784692861
22,5,0.80,0.9595853940260587
22,5,0.85,0.9584216092193331
22,5,0.90,0.987608629427457
22,5,0.95,0.9866563149205789
22,6,0.05,-15.636626418530838
22,6,0.10,0.8341462800998632
22,6,0.15,0.9921464771977067
22,6,0.20,0.9395610057371374
22,6,0.25,0.7402294110104973
22,6,0.30,0.9589758147773686
22,6,0.35,0.9570224088738286
22,6,0.40,0.9573566302322521
22,6,0.45,0.9135699111498098
22,6,0.50,0.9594055232533996
22,6,0.55,0.9806430689273566
22,6,0.60,0.9656242387298981
22,6,0.65,0.9357193198253716
22,6,0.70,0.9820577095427907
22,6,0.75,0.9758628334929925
22,6,0.80,0.9826687761383932
22,6,0.85,0.9651257809965026
22,6,0.90,0.9728906599748276
22,6,0.95,0.9454564580533144
22,7,0.05,0.640771795865309
22,7,0.10,0.7903607228700449
22,7,0.15,0.9284897458372047
22,7,0.20,0.9938201914405606
22,7,0.25,0.9102942805308268
22,7,0.30,0.9303367359568979
22,7,0.35,0.95071214230449
22,7,0.40,0.9869097183939967
22,7,0.45,0.9795765251562907
22,7,0.50,0.9566441420653318
22,7,0.55,0.9720488082315547
22,7,0.60,0.9684445338274661
22,7,0.65,0.9679185530697326
22,7,0.70,0.9639183346772171
22,7,0.75,0.9674671136618284
22,7,0.80,0.9536250118318139
22,7,0.85,0.9613606623600491
22,7,0.90,0.9431935425047426
22,7,0.95,0.9704892692740215
22,8,0.05,-3.712855967706923
22,8,0.10,0.9838757083754598
22,8,0.15,0.9249578554230101
22,8,0.20,0.9648402388696846
22,8,0.25,0.8655029094809642
22,8,0.30,0.9800653854484731
22,8,0.35,0.9589792262060842
22,8,0.40,0.9315485720179287
22,8,0.45,0.9861475918683243
22,8,0.50,0.9434603366621522
22,8,0.55,0.9830105509938275
22,8,0.60,0.9842887521391743
22,8,0.65,0.9762991373719833
22,8,0.70,0.9568845369952602
22,8,0.75,0.9260912337963587
22,8,0.80,0.9289174574967154
22,8,0.85,0.9637588134676578
22,8,0.90,0.9820724705536572
22,8,0.95,0.9818073065866046
22,9,0.05,0.06589934872731018
22,9,0.10,0.16357575436218363
22,9,0.15,0.9410710091090327
22,9,0.20,0.9919650699058414
22,9,0.25,0.9824234111118944
22,9,0.30,0.947300678369868
22,9,0.35,0.9834256864802302
22,9,0.40,0.9749948407043099
22,9,0.45,0.9760293609984875
22,9,0.50,0.8984713228951303
22,9,0.55,0.965880859929786
22,9,0.60,0.985198563580573
22,9,0.65,0.8363296424560017
22,9,0.70,0.9215268795724495
22,9,0.75,0.9748717223176077
22,9,0.80,0.9650531236890223
22,9,0.85,0.9561540827497039
22,9,0.90,0.9848878609991399
22,9,0.95,0.9869596972706631
23,0,0.05,0.5246460202415406
23,0,0.10,-0.25218227677473304
23,0,0.15,0.9772590815833118
23,0,0.20,0.9346284309399662
23,0,0.25,0.9619105324981999
23,0,0.30,0.89026367895839
23,0,0.35,0.7211535541282581
23,0,0.40,0.9463137716625226
23,0,0.45,0.9442639651543719
23,0,0.50,0.9689345152387328
23,0,0.55,0.9001551781287706
23,0,0.60,0.9700205246361965
23,0,0.65,0.9762767005410233
23,0,0.70,0.9826986211808736
23,0,0.75,0.9612340613363856
23,0,0.80,0.9782151417508934
23,0,0.85,0.9491645686866548
23,0,0.90,0.9701053103056322
23,0,0.95,0.9160432503037031
23,1,0.05,0.5246460202415406
23,1,0.10,0.8827317065918898
23,1,0.15,0.9567398011215782
23,1,0.20,0.9525945724640231
23,1,0.25,0.8648126095579797
23,1,0.30,0.9591621091834606
23,1,0.35,0.8866900012891159
23,1,0.40,0.7848060173948119
23,1,0.45,0.9282557565948542
23,1,0.50,0.9271235518650951
23,1,0.55,0.9518592573365497
23,1,0.60,0.9142071038542123
23,1,0.65,0.9813038262078992
23,1,0.70,0.97261061233198
23,1,0.75,0.9670469956855593
23,1,0.80,0.8876494531511586
23,1,0.85,0.9735458218856196
23,1,0.90,0.9736860674190496
23,1,0.95,0.9599405670143163
23,2,0.05,-3.44778958807992
23,2,0.10,0.9624370402971828
23,2,0.15,0.7048616047909881
23,2,0.20,0.7259302752339114
23,2,0.25,0.967440249518659
23,2,0.30,0.9813533020282078
23,2,0.35,0.9025558195506487
23,2,0.40,0.9214921450325255
23,2,0.45,0.9466156898027063
23,2,0.50,0.8840589482033157
23,2,0.55,0.9903053930461918
23,2,0.60,0.9607960411372483
23,2,0.65,0.9711624934510671
23,2,0.70,0.9868706543197462
23,2,0.75,0.957885354422144
23,2,0.80,0.9371527864412339
23,2,0.85,0.967903227003093
23,2,0.90,0.9721665499785801
23,2,0.95,0.9564885801223902
23,3,0.05,0.2762402861293298
23,3,0.10,-6.264650893103991
23,3,0.15,0.8967286552742422
23,3,0.20,0.9296716809445444
23,3,0.25,0.9884295017090832
23,3,0.30,0.9572173650198234
23,3,0.35,0.771519743624091
23,3,0.40,0.9181316633140973
23,3,0.45,0.9493417344701801
23,3,0.50,0.8858390287592367
23,3,0.55,0.9810988851629111
23,3,0.60,0.949939264416157
23,3,0.65,0.9634723612158993
23,3,0.70,0.9578983546504929
23,3,0.75,0.957482974719913
23,3,0.80,0.9567476544578408
23,3,0.85,0.9670599942133397
23,3,0.90,0.9866249411735822
23,3,0.95,0.988529285803889
23,4,0.05,0.2762402861293298
23,4,0.10,0.8314475117960989
23,4,0.15,0.939890673827584
23,4,0.20,0.8761728252552603
23,4,0.25,0.9805903534381171
23,4,0.30,0.8609252404293094
23,4,0.35,0.8481892142319525
23,4,0.40,0.9576677880463617
23,4,0.45,0.9670160034376002
23,4,0.50,0.9642900426970806
23,4,0.55,0.9799963271509335
23,4,0.60,0.9760793182771349
23,4,0.65,0.9652922006962841
23,4,0.70,0.918902161505798
23,4,0.75,0.9658296886233959
23,4,0.80,0.9832021742632537
23,4,0.85,0.989729546554042
23,4,0.90,0.940650676252872
23,4,0.95,0.9787903113368209
23,5,0.05,0.5246460202415406
23,5,0.10,0.6105982363504141
23,5,0.15,0.9423906202777853
23,5,0.20,0.9518468327187679
23,5,0.25,0.8948783048536861
23,5,0.30,0.9476188630016674
23,5,0.35,0.9056298960291445
23,5,0.40,0.9651533356450446
23,5,0.45,0.9433523956407733
23,5,0.50,0.9368350222719505
23,5,0.55,0.9777616820350072
23,5,0.60,0.9733347684656092
23,5,0.65,0.9489262395824404
23,5,0.70,0.9866106051160971
23,5,0.75,0.9620672339837136
23,5,0.80,0.9609174752616687
23,5,0.85,0.9623429914427079
23,5,0.90,0.9859058714535771
23,5,0.95,0.9700846722141228
23,6,0.05,-2.752136643422489
23,6,0.10,0.7878769944771997
23,6,0.15,0.9738343908877822
23,6,0.20,0.7560119404365423
23,6,0.25,0.955246896477206
23,6,0.30,0.9412824438356104
23,6,0.35,0.9121770850319807
23,6,0.40,0.8479879305365317
23,6,0.45,0.9140039829108795
23,6,0.50,0.8943948948436544
23,6,0.55,0.9830589137446826
23,6,0.60,0.9810538888947556
23,6,0.65,0.9597903092994613
23,6,0.70,0.9859406436491152
23,6,0.75,0.9688708693799435
23,6,0.80,0.9685861518336111
23,6,0.85,0.9607289859550325
23,6,0.90,0.9602263636748603
23,6,0.95,0.9338453046648725
23,7,0.05,0.4817567314415998
23,7,0.10,0.9848353600386268
23,7,0.15,0.9749316042471124
23,7,0.20,0.9747080913065493
23,7,0.25,0.9533192391006976
23,7,0.30,0.9592211701997012
23,7,0.35,0.9013308344386438
23,7,0.40,0.9610210461884648
23,7,0.45,0.9774500593322716
23,7,0.50,0.9231779754298963
23,7,0.55,0.976370793085426
23,7,0.60,0.9716697000622493
23,7,0.65,0.9833154502978192
23,7,0.70,0.9757025557262107
23,7,0.75,0.9220819114820644
23,7,0.80,0.95279502342949
23,7,0.85,0.971829711915946
23,7,0.90,0.9836351312279262
23,7,0.95,0.9674778854800566
23,8,0.05,-18.08412712401702
23,8,0.10,0.9497677488881515
23,8,0.15,0.9754377331822996
23,8,0.20,0.9273525396395685
23,8,0.25,0.9074404824813924
23,8,0.30,0.9034376661215084
23,8,0.35,0.8717948700762039
23,8,0.40,0.8926514173072957
23,8,0.45,0.9399021263345929
23,8,0.50,0.9532772958822506
23,8,0.55,0.9536212214402813
23,8,0.60,0.9319873284838697
23,8,0.65,0.9091531235369962
23,8,0.70,0.9782041161267337
23,8,0.75,0.9727571136594081
23,8,0.80,0.9808556813730378
23,8,0.85,0.9624159989006034
23,8,0.90,0.9631112286507604
23,8,0.95,0.9151156439371568
23,9,0.05,-39.253951221138934
23,9,0.10,0.5020862647837265
23,9,0.15,0.9198019406220029
23,9,0.20,0.8998200613651461
23,9,0.25,0.9333044527907031
23,9,0.30,0.9521253624798616
23,9,0.35,0.9249874569434628
23,9,0.40,0.9612480191954541
23,9,0.45,0.9807542549949594
23,9,0.50,0.9506031271603632
23,9,0.55,0.9720413161063198
23,9,0.60,0.9148364968792364
23,9,0.65,0.941816657229602
23,9,0.70,0.9774386885119093
23,9,0.75,0.9666558134982497
23,9,0.80,0.9711680176593634
23,9,0.85,0.9814203325677213
23,9,0.90,0.9613472136777769
23,9,0.95,0.9648794169525052
24,0,0.05,0.6318148437186788
24,0,0.10,0.9530225432555623
24,0,0.15,0.9801355292109462
24,0,0.20,0.9711132522494811
24,0,0.25,0.9756762866043567
24,0,0.30,0.9183207203249641
24,0,0.35,0.9860363277632325
24,0,0.40,0.9607681602590492
24,0,0.45,0.9680139941293391
24,0,0.50,0.8887668371835205
24,0,0.55,0.8898576614014704
24,0,0.60,0.9387915561979628
24,0,0.65,0.941047681386608
24,0,0.70,0.9778865954094252
24,0,0.75,0.9687040231198183
24,0,0.80,0.9698387312106252
24,0,0.85,0.85932896085448
24,0,0.90,0.9813553058035818
24,0,0.95,0.9824411723946913
24,1,0.05,0.6318148437186788
24,1,0.10,0.9977832066572554
24,1,0.15,0.9578770026818062
24,1,0.20,0.9658348621519638
24,1,0.25,0.9095200786219789
24,1,0.30,0.9464759871546845
24,1,0.35,0.9492938569301126
24,1,0.40,0.9720074868187848
24,1,0.45,0.8773570313775532
24,1,0.50,0.9904264345468801
24,1,0.55,0.973776359483872
24,1,0.60,0.9420416554995361
24,1,0.65,0.761531987309539
24,1,0.70,0.9764044227636732
24,1,0.75,0.928181136885226
24,1,0.80,0.977068211781215
24,1,0.85,0.9594934702900506
24,1,0.90,0.9642370147631695
24,1,0.95,0.9687060487439938
24,2,0.05,-0.3276493994716465
24,2,0.10,0.967775897805519
24,2,0.15,0.9651319553162345
24,2,0.20,0.9855851646728894
24,2,0.25,0.9495777138158998
24,2,0.30,0.9667627467153159
24,2,0.35,0.767114684803608
24,2,0.40,0.930967746641386
24,2,0.45,0.9789216377502609
24,2,0.50,0.9411175938329874
24,2,0.55,0.9658011528582925
24,2,0.60,0.9613179992129698
24,2,0.65,0.9661863439964786
24,2,0.70,0.9355046715749789
24,2,0.75,0.9318176933900714
24,2,0.80,0.9819749965281493
24,2,0.85,0.9761076763959171
24,2,0.90,0.9740612107413604
24,2,0.95,0.9516753493416137
24,3,0.05,0.027592469448409762
24,3,0.10,-18.29194491150207
24,3,0.15,0.9531374974259962
24,3,0.20,0.9499913238942707
24,3,0.25,0.958925287994911
24,3,0.30,0.9238812865790772
24,3,0.35,0.9242101628807143
24,3,0.40,0.9372644487903504
24,3,0.45,0.9452546125136064
24,3,0.50,0.822467870284552
24,3,0.55,0.9359721076323229
24,3,0.60,0.9484899748268195
24,3,0.65,0.9534788660067464
24,3,0.70,0.9645936679226779
24,3,0.75,0.9835528166697778
24,3,0.80,0.9551008565971432
24,3,0.85,0.9731328827104953
24,3,0.90,0.986980343900235
24,3,0.95,0.9610169813101014
24,4,0.05,0.027592469448409762
24,4,0.10,0.9663852738395861
24,4,0.15,0.9441825981756273
24,4,0.20,0.8751794492105747
24,4,0.25,0.8571757587534705
24,4,0.30,0.9748369055905514
24,4,0.35,0.9667861033414317
24,4,0.40,0.9846058547525586
24,4,0.45,0.9669828057987949
24,4,0.50,0.9781960812194389
24,4,0.55,0.9250724005630455
24,4,0.60,0.9318235536742975
24,4,0.65,0.9764636363645186
24,4,0.70,0.809566784929893
24,4,0.75,0.9659809537652593
24,4,0.80,0.972163235615382
24,4,0.85,0.9790027264521277
24,4,0.90,0.9809447053309074
24,4,0.95,0.983185843725631
24,5,0.05,0.6318148437186788
24,5,0.10,0.9541348770042415
24,5,0.15,0.921225813554454
24,5,0.20,0.9368900513950075
24,5,0.25,0.9630187415912741
24,5,0.30,0.9596993622669795
24,5,0.35,0.9733256069330495
24,5,0.40,0.9864165556135089
24,5,0.45,0.7562951625290962
24,5,0.50,0.9198468393771806
24,5,0.55,0.9517723603172299
24,5,0.60,0.9813997038609635
24,5,0.65,0.9595216462791479
24,5,0.70,0.9901443323162284
24,5,0.75,0.9487584928800213
24,5,0.80,0.9326447225957479
24,5,0.85,0.958821837889699
24,5,0.90,0.9743547675561502
24,5,0.95,0.9823641587042855
24,6,0.05,-8.127790441472515
24,6,0.10,0.90279051164672
24,6,0.15,0.991482316914491
24,6,0.20,0.9830019925070992
24,6,0.25,0.9709025401586183
24,6,0.30,0.913436707834562
24,6,0.35,0.9662050603514579
24,6,0.40,0.9650079541663518
24,6,0.45,0.9744186274100827
24,6,0.50,0.8601062088500366
24,6,0.55,0.9775182564138879
24,6,0.60,0.8812913767220811
24,6,0.65,0.9190023984903619
24,6,0.70,0.9849805739606156
24,6,0.75,0.9670457585206188
24,6,0.80,0.9537298068762159
24,6,0.85,0.9559857884713653
24,6,0.90,0.9864422345660522
24,6,0.95,0.969455017497397
24,7,0.05,0.39190151349855684
24,7,0.10,0.934139556988421
24,7,0.15,0.887035356752581
24,7,0.20,0.9730231681537607
24,7,0.25,0.9499958745450926
24,7,0.30,0.9950398183605997
24,7,0.35,0.9799602942068315
24,7,0.40,0.9795444289541754
24,7,0.45,0.9738808350382329
24,7,0.50,0.8309914138424377
24,7,0.55,0.9667641450028718
24,7,0.60,0.9476207171593235
24,7,0.65,0.9853810796784737
24,7,0.70,0.9133612479260825
24,7,0.75,0.913589528782863
24,7,0.80,0.9613755781390593
24,7,0.85,0.900305282230347
24,7,0.90,0.9764927455120357
24,7,0.95,0.9726216409823469
24,8,0.05,-13.179216506859207
24,8,0.10,0.9573031240699783
24,8,0.15,0.9624880709763707
24,8,0.20,0.8618794053036503
24,8,0.25,0.9767792326122323
24,8,0.30,0.9249077716240428
24,8,0.35,0.958232482523607
24,8,0.40,0.8867383397665277
24,8,0.45,0.9057296696139705
24,8,0.50,0.9722297386161689
24,8,0.55,0.9579760568590929
24,8,0.60,0.9141663568564043
24,8,0.65,0.943778658149012
24,8,0.70,0.8405807500515019
24,8,0.75,0.9475671243394665
24,8,0.80,0.9507316540155594
24,8,0.85,0.9254961185764974
24,8,0.90,0.9698882255757681
24,8,0.95,0.9778692113924929
24,9,0.05,-0.12323638546205062
24,9,0.10,0.939492986101664
24,9,0.15,0.8783409706300279
24,9,0.20,0.98155910371672
24,9,0.25,0.9610457122201654
24,9,0.30,0.9419364342828755
24,9,0.35,0.9740741605000764
24,9,0.40,0.9715558077485299
24,9,0.45,0.9733691502195344
24,9,0.50,0.9060404566116723
24,9,0.55,0.987940664023571
24,9,0.60,0.9418563043973673
24,9,0.65,0.9592696596399254
24,9,0.70,0.9606754887681399
24,9,0.75,0.9628071397116309
24,9,0.80,0.9438684665241285
24,9,0.85,0.9851885815903217
24,9,0.90,0.9841475485311083
24,9,0.95,0.9853182602231445
25,0,0.05,0.9709182347954317
25,0,0.10,0.7641180251962443
25,0,0.15,0.943799196486229
25,0,0.20,0.9849287539493358
25,0,0.25,0.9911040673269363
25,0,0.30,0.9685203863606108
25,0,0.35,0.9896955742368206
25,0,0.40,0.9458012603772816
25,0,0.45,0.9535791728165619
25,0,0.50,0.9853802496199956
25,0,0.55,0.8973129538250851
25,0,0.60,0.9561178796811596
25,0,0.65,0.9753188492915459
25,0,0.70,0.9571632537586422
25,0,0.75,0.9414138645497296
25,0,0.80,0.9746025702016402
25,0,0.85,0.9526634863097223
25,0,0.90,0.9850062972911666
25,0,0.95,0.9605919927803073
25,1,0.05,0.9709182347954317
25,1,0.10,0.7387432245291912
25,1,0.15,0.9912676905430299
25,1,0.20,0.9883915166084009
25,1,0.25,0.9675799932786281
25,1,0.30,0.9577154675237006
25,1,0.35,0.9422160969237472
25,1,0.40,0.7108796138016301
25,1,0.45,0.9713757307879397
25,1,0.50,0.9484129939960313
25,1,0.55,0.9088880663196489
25,1,0.60,0.9666815665010122
25,1,0.65,0.9528926042849976
25,1,0.70,0.910813705486554
25,1,0.75,0.9607111158012467
25,1,0.80,0.9766794047720516
25,1,0.85,0.9719303390082666
25,1,0.90,0.9125845986389914
25,1,0.95,0.9654606038300718
25,2,0.05,-2.8505198665509717
25,2,0.10,0.9326481065486668
25,2,0.15,0.9450269753830673
25,2,0.20,0.9638559734157098
25,2,0.25,0.8888552824015153
25,2,0.30,0.941186564986787
25,2,0.35,0.893448899927603
25,2,0.40,0.9518076328863979
25,2,0.45,0.9523582902901438
25,2,0.50,0.9401155155898379
25,2,0.55,0.8834743091560532
25,2,0.60,0.9633080142250523
25,2,0.65,0.9819354632285967
25,2,0.70,0.9723296243527324
25,2,0.75,0.9765562217564535
25,2,0.80,0.9712592287663255
25,2,0.85,0.9605068133220404
25,2,0.90,0.9640334337104175
25,2,0.95,0.9649284311206823
25,3,0.05,-10.74966651916769
25,3,0.10,-1.025635357029044
25,3,0.15,0.9843473656266875
25,3,0.20,0.9698988758443093
25,3,0.25,0.9737571986776681
25,3,0.30,0.9767103891597568
25,3,0.35,0.8914031404037823
25,3,0.40,0.9663848254327398
25,3,0.45,0.9800276176723554
25,3,0.50,0.9378132643248244
25,3,0.55,0.9802898369987922
25,3,0.60,0.9794121727769747
25,3,0.65,0.9266867451397888
25,3,0.70,0.9733966804087286
25,3,0.75,0.9619998088535019
25,3,0.80,0.9504677668875512
25,3,0.85,0.978267219545598
25,3,0.90,0.9553925801290736
25,3,0.95,0.9878268964622788
25,4,0.05,-10.74966651916769
25,4,0.10,0.9944314080051504
25,4,0.15,0.9370255704980827
25,4,0.20,0.9694915553134553
25,4,0.25,0.9648548284779809
25,4,0.30,0.8808648493635357
25,4,0.35,0.9843383456124609
25,4,0.40,0.9748807025235419
25,4,0.45,0.9655282332252697
25,4,0.50,0.985145065746747
25,4,0.55,0.9709324001845382
25,4,0.60,0.9688531093394621
25,4,0.65,0.966804543515958
25,4,0.70,0.9893922307605748
25,4,0.75,0.9805685764657914
25,4,0.80,0.9810772573564104
25,4,0.85,0.9718635906438854
25,4,0.90,0.9643965323622393
25,4,0.95,0.9751953661115531
25,5,0.05,0.9709182347954317
25,5,0.10,-0.6686960853159141
25,5,0.15,0.9582013021792372
25,5,0.20,0.9400925561884801
25,5,0.25,0.9659036150117069
25,5,0.30,0.9869818858358341
25,5,0.35,0.8870788252264831
25,5,0.40,0.9794338040784605
25,5,0.45,0.9544748140961719
25,5,0.50,0.9450331578080576
25,5,0.55,0.9702313812458955
25,5,0.60,0.945679305690615
25,5,0.65,0.9644428998138177
25,5,0.70,0.9801350370624631
25,5,0.75,0.9310527807446701
25,5,0.80,0.9137311819376438
25,5,0.85,0.9637688638484653
25,5,0.90,0.9871208642406402
25,5,0.95,0.9819071869009967
25,6,0.05,-20.64903429401458
25,6,0.10,0.878805291164944
25,6,0.15,0.9318998494401689
25,6,0.20,0.9477954424534802
25,6,0.25,0.8836301953344595
25,6,0.30,0.9567533383656723
25,6,0.35,0.9439974105951154
25,6,0.40,0.9405483266028127
25,6,0.45,0.9214001015968786
25,6,0.50,0.9206262345050147
25,6,0.55,0.9750694169016418
25,6,0.60,0.9837509015862546
25,6,0.65,0.8696907524455252
25,6,0.70,0.9688760336431838
25,6,0.75,0.9292916671114523
25,6,0.80,0.9851409310263799
25,6,0.85,0.9694679955682558
25,6,0.90,0.9846707219635568
25,6,0.95,0.9828620169962808
25,7,0.05,0.898409948880092
25,7,0.10,0.9959499882926218
25,7,0.15,0.9788295575971201
25,7,0.20,0.9854260005522468
25,7,0.25,0.9621928814760405
25,7,0.30,0.9805173762155058
25,7,0.35,0.9516214999586036
25,7,0.40,0.9741825688104221
25,7,0.45,0.9899351000505874
25,7,0.50,0.8846634333950092
25,7,0.55,0.9553445204999754
25,7,0.60,0.9694236269663343
25,7,0.65,0.9785529585541047
25,7,0.70,0.9744088220928565
25,7,0.75,0.9585026056101833
25,7,0.80,0.8574370739342393
25,7,0.85,0.95074038206634
25,7,0.90,0.9451315853673086
25,7,0.95,0.9747119076052355
25,8,0.05,-19.89998332864367
25,8,0.10,0.998490243955066
25,8,0.15,0.9864075322439633
25,8,0.20,0.9567514027254813
25,8,0.25,0.9456876940768266
25,8,0.30,0.9344012021466482
25,8,0.35,0.9461516082241702
25,8,0.40,0.7903834204260299
25,8,0.45,0.9797937466337353
25,8,0.50,0.9256246689896941
25,8,0.55,0.9234666145555263
25,8,0.60,0.9674469697410832
25,8,0.65,0.9610975507707009
25,8,0.70,0.9668566225955845
25,8,0.75,0.9430036668153551
25,8,0.80,0.9287187100219071
25,8,0.85,0.9124817738000806
25,8,0.90,0.9667373125519836
25,8,0.95,0.9643184872275761
25,9,0.05,-4.031089519420322
25,9,0.10,0.9969069072579085
25,9,0.15,0.8985399700172207
25,9,0.20,0.9905434184743281
25,9,0.25,0.980027648325488
25,9,0.30,0.9615256496496404
25,9,0.35,0.9828342837492757
25,9,0.40,0.9533131201108276
25,9,0.45,0.9844398435321629
25,9,0.50,0.934114643555383
25,9,0.55,0.959683710230902
25,9,0.60,0.9771373126564923
25,9,0.65,0.9325358677176137
25,9,0.70,0.9770795273015592
25,9,0.75,0.9937596411702599
25,9,0.80,0.9565801701522177
25,9,0.85,0.9813252788251551
25,9,0.90,0.9853929448819387
25,9,0.95,0.9837425976271095
26,0,0.05,0.742083114719817
26,0,0.10,0.9684512822574974
26,0,0.15,0.7565916627473894
26,0,0.20,0.7781608174013247
26,0,0.25,0.9147185671203698
26,0,0.30,0.9312837431876874
26,0,0.35,0.9342030481612783
26,0,0.40,0.949422930761793
26,0,0.45,0.9803293481778701
26,0,0.50,0.9679892233628088
26,0,0.55,0.9808545173326217
26,0,0.60,0.9603221826308052
26,0,0.65,0.9637625753368895
26,0,0.70,0.9818278734617596
26,0,0.75,0.9541911463154589
26,0,0.80,0.9719416744068695
26,0,0.85,0.8550414841561957
26,0,0.90,0.8941754579452134
26,0,0.95,0.8762998095413672
26,1,0.05,0.742083114719817
26,1,0.10,0.9945058601893356
26,1,0.15,0.9133250679551691
26,1,0.20,0.901567294924115
26,1,0.25,0.8023495887947123
26,1,0.30,0.9786729794129324
26,1,0.35,0.9240058930436866
26,1,0.40,0.9478658185002771
26,1,0.45,0.9870597699527817
26,1,0.50,0.9680766107388554
26,1,0.55,0.9381320924239879
26,1,0.60,0.958024028217306
26,1,0.65,0.8126808658669409
26,1,0.70,0.9735562385922581
26,1,0.75,0.8932215419875162
26,1,0.80,0.9387652124194014
26,1,0.85,0.9650833801971829
26,1,0.90,0.8947451725149884
26,1,0.95,0.9855440640014743
26,2,0.05,-0.03795023220738725
26,2,0.10,0.9971334296694232
26,2,0.15,0.529802842361928
26,2,0.20,0.6799958462336588
26,2,0.25,0.8710954569489732
26,2,0.30,0.932141332940223
26,2,0.35,0.8877411181096633
26,2,0.40,0.7679100467112658
26,2,0.45,0.9940917624903821
26,2,0.50,0.9094668753837419
26,2,0.55,0.934967632435076
26,2,0.60,0.8893334537139009
26,2,0.65,0.9582938736759556
26,2,0.70,0.9752228044841883
26,2,0.75,0.9798591326740469
26,2,0.80,0.9381331193239544
26,2,0.85,0.9880500225924621
26,2,0.90,0.9832616891418307
26,2,0.95,0.9698451359572733
26,3,0.05,0.3450781130449805
26,3,0.10,-7.162821995136099
26,3,0.15,0.9786289972458881
26,3,0.20,0.7658111993442034
26,3,0.25,0.8612816768893407
26,3,0.30,0.9199134681702312
26,3,0.35,0.9041215452623645
26,3,0.40,0.9194975783365792
26,3,0.45,0.9854021956181424
26,3,0.50,0.9436669256153134
26,3,0.55,0.9795860043287601
26,3,0.60,0.9674144003382259
26,3,0.65,0.9657972807750088
26,3,0.70,0.7245912298488875
26,3,0.75,0.9491188619007114
26,3,0.80,0.9561324120155366
26,3,0.85,0.9854002180614114
26,3,0.90,0.9370317525670381
26,3,0.95,0.9496481917864543
26,4,0.05,0.3450781130449805
26,4,0.10,0.9838672370259169
26,4,0.15,0.9739396663413069
26,4,0.20,0.8673809880596347
26,4,0.25,0.9126561627419462
26,4,0.30,0.9384494528820468
26,4,0.35,0.9052456381567067
26,4,0.40,0.8919215659876654
26,4,0.45,0.8854213239897953
26,4,0.50,0.9601853345193434
26,4,0.55,0.932734315791799
26,4,0.60,0.9692091572098052
26,4,0.65,0.941085414336841
26,4,0.70,0.7686100795845254
26,4,0.75,0.9805712603755585
26,4,0.80,0.9420495534001403
26,4,0.85,0.9742944220553543
26,4,0.90,0.9695603112386741
26,4,0.95,0.9727183394230617
26,5,0.05,0.742083114719817
26,5,0.10,0.9610108728280384
26,5,0.15,0.8423743948383526
26,5,0.20,0.9726617010656029
26,5,0.25,0.9343533301067
26,5,0.30,0.9117260477335396
26,5,0.35,0.980848875124043
26,5,0.40,0.856683772590759
26,5,0.45,0.982487590878032
26,5,0.50,0.7306644186750124
26,5,0.55,0.9843632159148615
26,5,0.60,0.9739956650370067
26,5,0.65,0.8944397547532641
26,5,0.70,0.9724909518217454
26,5,0.75,0.9943896568701048
26,5,0.80,0.9638179930537899
26,5,0.85,0.9449724004073675
26,5,0.90,0.9813029820975606
26,5,0.95,0.9905765673862894
26,6,0.05,-5.410896714302866
26,6,0.10,0.9030841414768462
26,6,0.15,0.9826505584904704
26,6,0.20,0.8480059730422915
26,6,0.25,0.807766199716051
26,6,0.30,0.7627677393654707
26,6,0.35,0.8822644968743112
26,6,0.40,0.8229977419458672
26,6,0.45,0.9569041618051833
26,6,0.50,0.9614777351637989
26,6,0.55,0.9288830251622826
26,6,0.60,0.9505609651606567
26,6,0.65,0.9038207824050529
26,6,0.70,0.9684111798981232
26,6,0.75,0.9369230179427604
26,6,0.80,0.961290467142319
26,6,0.85,0.9308506960814379
26,6,0.90,0.9191157040439869
26,6,0.95,0.984988751551571
26,7,0.05,0.26027147357497715
26,7,0.10,0.97496016896746
26,7,0.15,0.9740907991369262
26,7,0.20,0.8998935142064852
26,7,0.25,0.8637401172159148
26,7,0.30,0.6927521948725699
26,7,0.35,0.9412689184248064
26,7,0.40,0.9189163775678615
26,7,0.45,0.9163412149393908
26,7,0.50,0.9561557216232835
26,7,0.55,0.9725029272100122
26,7,0.60,0.9753399472520126
26,7,0.65,0.9722635470859539
26,7,0.70,0.9801082258908714
26,7,0.75,0.9501791516975504
26,7,0.80,0.9474212628434343
26,7,0.85,0.9780991423229559
26,7,0.90,0.9790311014634249
26,7,0.95,0.9608670004322504
26,8,0.05,-0.0884802942755869
26,8,0.10,0.982729880392656
26,8,0.15,0.9600600553366263
26,8,0.20,0.9734347497637411
26,8,0.25,0.4253183616029167
26,8,0.30,0.6234647665049717
26,8,0.35,0.9202554088905204
26,8,0.40,0.6953520500142276
26,8,0.45,0.9934844911041976
26,8,0.50,0.985172708381443
26,8,0.55,0.982811416911203
26,8,0.60,0.9252732615362986
26,8,0.65,0.8644745002699498
26,8,0.70,0.9763594957735003
26,8,0.75,0.9742094666138514
26,8,0.80,0.9767036703759431
26,8,0.85,0.9001675578864382
26,8,0.90,0.9708108942704218
26,8,0.95,0.9714332528937815
26,9,0.05,0.2427200201824099
26,9,0.10,0.8530785806059356
26,9,0.15,0.8364235597123285
26,9,0.20,0.9843279726130215
26,9,0.25,0.9649854297404274
26,9,0.30,0.708181408602318
26,9,0.35,0.8995069219521608
26,9,0.40,0.9578731708262149
26,9,0.45,0.9770052370658308
26,9,0.50,0.9914342125865656
26,9,0.55,0.9579958401440273
26,9,0.60,0.9714185488922756
26,9,0.65,0.9659311503439992
26,9,0.70,0.9309901332781363
26,9,0.75,0.9658054105883005
26,9,0.80,0.9463717058294226
26,9,0.85,0.9891471611981373
26,9,0.90,0.9847637848271523
26,9,0.95,0.9789821236138341
27,0,0.05,0.7581492911899721
27,0,0.10,0.6009686384649613
27,0,0.15,0.9508700641603686
27,0,0.20,0.9830253563001657
27,0,0.25,0.9467377249376137
27,0,0.30,0.9511379983180642
27,0,0.35,0.9752102188636274
27,0,0.40,0.9288270009002085
27,0,0.45,0.9664417904208513
27,0,0.50,0.9859497178562036
27,0,0.55,0.8587303998124762
27,0,0.60,0.9775031620246782
27,0,0.65,0.9725558506515923
27,0,0.70,0.9801496827076079
27,0,0.75,0.9733304995152017
27,0,0.80,0.9484381313033521
27,0,0.85,0.9754832594780536
27,0,0.90,0.9780088710289916
27,0,0.95,0.9732293605997596
27,1,0.05,0.7581492911899721
27,1,0.10,0.9313076454581082
27,1,0.15,0.8800135660542685
27,1,0.20,0.9246472983104137
27,1,0.25,0.9544544681546789
27,1,0.30,0.9261130334756632
27,1,0.35,0.9244057714037157
27,1,0.40,0.603231682226006
27,1,0.45,0.9908546511722137
27,1,0.50,0.9430125242037858
27,1,0.55,0.8982332768486994
27,1,0.60,0.961267290390154
27,1,0.65,0.9457268654094009
27,1,0.70,0.976080830566621
27,1,0.75,0.9795028409296297
27,1,0.80,0.9735402000575222
27,1,0.85,0.968593915668351
27,1,0.90,0.9381097694683566
27,1,0.95,0.970015164446541
27,2,0.05,0.24667457147373884
27,2,0.10,0.9529282359832311
27,2,0.15,0.9618305842891486
27,2,0.20,0.9814645932653445
27,2,0.25,0.9774413617823307
27,2,0.30,0.950259194855642
27,2,0.35,0.9030542391033489
27,2,0.40,0.96419250525465
27,2,0.45,0.9669619906470124
27,2,0.50,0.9422366712489612
27,2,0.55,0.9262779043389423
27,2,0.60,0.940529688537742
27,2,0.65,0.9691259414349158
27,2,0.70,0.9901231078300636
27,2,0.75,0.9751246031253212
27,2,0.80,0.9434473535320272
27,2,0.85,0.960434573802374
27,2,0.90,0.9040866625232143
27,2,0.95,0.960325365953659
27,3,0.05,0.10813918860638083
27,3,0.10,-9.383742424636466
27,3,0.15,0.8360665423026378
27,3,0.20,0.8884971379827166
27,3,0.25,0.8598698894331154
27,3,0.30,0.9381235364343137
27,3,0.35,0.9279299677756435
27,3,0.40,0.9623830136480249
27,3,0.45,0.9270210123877011
27,3,0.50,0.9461558173093902
27,3,0.55,0.9640138236750782
27,3,0.60,0.9706056698155402
27,3,0.65,0.8584428122330857
27,3,0.70,0.960313676192219
27,3,0.75,0.9753279942611002
27,3,0.80,0.9610819458083713
27,3,0.85,0.9523265384930684
27,3,0.90,0.958158234806889
27,3,0.95,0.9757660884823695
27,4,0.05,0.10813918860638083
27,4,0.10,0.7703003285343303
27,4,0.15,0.716247819372026
27,4,0.20,0.9087748968028841
27,4,0.25,0.8996818538417799
27,4,0.30,0.9744928308562553
27,4,0.35,0.9507648441583261
27,4,0.40,0.9876439091585221
27,4,0.45,0.9721907580391026
27,4,0.50,0.9842089476888658
27,4,0.55,0.9564375836897213
27,4,0.60,0.9527499063666831
27,4,0.65,0.9648105205414301
27,4,0.70,0.9503379533117232
27,4,0.75,0.8767236200644675
27,4,0.80,0.9585003750739354
27,4,0.85,0.9254256056841746
27,4,0.90,0.9807603931190474
27,4,0.95,0.9765065059154743
27,5,0.05,0.7581492911899721
27,5,0.10,0.9398122643043871
27,5,0.15,0.3262173486785448
27,5,0.20,0.8416030324966927
27,5,0.25,0.9686401810823155
27,5,0.30,0.946227236036523
27,5,0.35,0.8575525874895743
27,5,0.40,0.8750396149203281
27,5,0.45,0.8941204357222918
27,5,0.50,0.7938673908321684
27,5,0.55,0.9717929929671394
27,5,0.60,0.8938841814227877
27,5,0.65,0.9653069689730451
27,5,0.70,0.9406570117846422
27,5,0.75,0.9288306026460796
27,5,0.80,0.9335785239066369
27,5,0.85,0.9680781705443753
27,5,0.90,0.9641785958265596
27,5,0.95,0.9737083972267905
27,6,0.05,-7.570519825671514
27,6,0.10,-0.0017991282083003046
27,6,0.15,0.9819891040809896
27,6,0.20,0.7854703328101293
27,6,0.25,0.9742032798147147
27,6,0.30,0.971582267108109
27,6,0.35,0.9230727264219553
27,6,0.40,0.9761132741605775
27,6,0.45,0.9675969736150692
27,6,0.50,0.9543378332409882
27,6,0.55,0.9612392986976647
27,6,0.60,0.9860351042184362
27,6,0.65,0.9383604487951789
27,6,0.70,0.9664174616578982
27,6,0.75,0.9836442790466181
27,6,0.80,0.9838292823517608
27,6,0.85,0.9094162787463247
27,6,0.90,0.9519901338740788
27,6,0.95,0.9694929389817999
27,7,0.05,0.5466024756551369
27,7,0.10,0.93803295092644
27,7,0.15,0.9492187432160009
27,7,0.20,0.953557497307371
27,7,0.25,0.9365745970354287
27,7,0.30,0.9865607568201509
27,7,0.35,0.9639800352596551
27,7,0.40,0.9350644800571895
27,7,0.45,0.9752280169087733
27,7,0.50,0.9656088648227049
27,7,0.55,0.9494236195724007
27,7,0.60,0.9595091433028126
27,7,0.65,0.9424953998114306
27,7,0.70,0.9775483194289614
27,7,0.75,0.9645983625847907
27,7,0.80,0.9279199068515995
27,7,0.85,0.9307385720992698
27,7,0.90,0.9660607854134521
27,7,0.95,0.9628742677998573
27,8,0.05,-0.007024811550400578
27,8,0.10,0.733584765018009
27,8,0.15,0.9552319712213975
27,8,0.20,0.9869868238468852
27,8,0.25,0.9857605830832864
27,8,0.30,0.9543368153966835
27,8,0.35,0.9533031954131457
27,8,0.40,0.9237736985052922
27,8,0.45,0.9613266797039554
27,8,0.50,0.9791817963693804
27,8,0.55,0.9539042800911471
27,8,0.60,0.9469335098813434
27,8,0.65,0.9089417613001226
27,8,0.70,0.949006143047199
27,8,0.75,0.9533677941458524
27,8,0.80,0.9644656501270616
27,8,0.85,0.9249534207129549
27,8,0.90,0.9595753678011976
27,8,0.95,0.982632112521966
27,9,0.05,0.4663982171372437
27,9,0.10,0.8235969957536307
27,9,0.15,0.8599626537003054
27,9,0.20,0.9572627669877751
27,9,0.25,0.8680973506097993
27,9,0.30,0.9597909071218316
27,9,0.35,0.90384148888003
27,9,0.40,0.9114547670669019
27,9,0.45,0.9280907127571041
27,9,0.50,0.9587923992396753
27,9,0.55,0.9505514027503102
27,9,0.60,0.9542759355544506
27,9,0.65,0.9302496307649852
27,9,0.70,0.9675551762821325
27,9,0.75,0.9694286157643186
27,9,0.80,0.9414204098543746
27,9,0.85,0.9757434301464478
27,9,0.90,0.9750673298806665
27,9,0.95,0.9624867326453324
28,0,0.05,0.9956681711498379
28,0,0.10,-0.01492221338690669
28,0,0.15,0.921761276738938
28,0,0.20,0.6558117410455322
28,0,0.25,0.6795512000006937
28,0,0.30,0.8918247132533688
28,0,0.35,0.939622791814416
28,0,0.40,0.8271907079188735
28,0,0.45,0.9046565311599396
28,0,0.50,0.8748861395289314
28,0,0.55,0.8669986879618905
28,0,0.60,0.8561948127585453
28,0,0.65,0.862267818623743
28,0,0.70,0.8423885237872144
28,0,0.75,0.9563739455931594
28,0,0.80,0.9660251727216649
28,0,0.85,0.8884245712337017
28,0,0.90,0.985377897175339
28,0,0.95,0.9847847156253271
28,1,0.05,0.9956681711498379
28,1,0.10,0.8822299896051884
28,1,0.15,0.9845252653280447
28,1,0.20,0.96388851600993
28,1,0.25,0.8710471157566108
28,1,0.30,0.9407961320076403
28,1,0.35,0.9233921083158758
28,1,0.40,0.9333403053971681
28,1,0.45,0.9706221473754619
28,1,0.50,0.9326119324617682
28,1,0.55,0.9412688100709142
28,1,0.60,0.9299731566365604
28,1,0.65,0.9290198100468885
28,1,0.70,0.9546511047739977
28,1,0.75,0.9231078354495571
28,1,0.80,0.9278872964464995
28,1,0.85,0.9647112935228974
28,1,0.90,0.9734202625273252
28,1,0.95,0.9717106610020412
28,2,0.05,-4.467747908929153
28,2,0.10,0.7069583357666467
28,2,0.15,0.9702259558030651
28,2,0.20,0.8812371896057227
28,2,0.25,0.6661532330358824
28,2,0.30,0.8919161613517638
28,2,0.35,0.8481606993481005
28,2,0.40,0.6638381652817528
28,2,0.45,0.8222344278341972
28,2,0.50,0.883775084937535
28,2,0.55,0.9221651694764265
28,2,0.60,0.8848433563052283
28,2,0.65,0.9763089112225949
28,2,0.70,0.9847734818142098
28,2,0.75,0.9352658249708106
28,2,0.80,0.9756729395867302
28,2,0.85,0.9069385261147427
28,2,0.90,0.9742276872835072
28,2,0.95,0.9729424954523253
28,3,0.05,-1.7359898765522015
28,3,0.10,-1.8321534933994403
28,3,0.15,0.8626356428592024
28,3,0.20,0.8983342212636025
28,3,0.25,0.8336486513218351
28,3,0.30,0.8926467943800996
28,3,0.35,0.8827768744114223
28,3,0.40,0.8792074514985966
28,3,0.45,0.9439451311911291
28,3,0.50,0.9265650746014055
28,3,0.55,0.9508168647241004
28,3,0.60,0.9494863750543546
28,3,0.65,0.9454864833214127
28,3,0.70,0.9204064252589584
28,3,0.75,0.978863024737141
28,3,0.80,0.9764887785564753
28,3,0.85,0.9648704322661572
28,3,0.90,0.9719763178309349
28,3,0.95,0.9713455662804054
28,4,0.05,-1.7359898765522015
28,4,0.10,0.975382398131071
28,4,0.15,0.9658741334426714
28,4,0.20,0.6952900586503594
28,4,0.25,0.7278570701581929
28,4,0.30,0.9744587992408729
28,4,0.35,0.8848023042429164
28,4,0.40,0.9577274439873227
28,4,0.45,0.7159809943428905
28,4,0.50,0.8874741285524838
28,4,0.55,0.9661411589864862
28,4,0.60,0.9787709800162879
28,4,0.65,0.945201766371818
28,4,0.70,0.8655728595160479
28,4,0.75,0.9661616149905699
28,4,0.80,0.9915042753009118
28,4,0.85,0.9761353526293758
28,4,0.90,0.9840434365660812
28,4,0.95,0.9811665515419424
28,5,0.05,0.9956681711498379
28,5,0.10,-0.07342823454498548
28,5,0.15,0.6160175582661583
28,5,0.20,0.8531047505665236
28,5,0.25,0.8202070711978022
28,5,0.30,0.8938770747963715
28,5,0.35,0.9594441145278022
28,5,0.40,0.945679981911708
28,5,0.45,0.9486362108450378
28,5,0.50,0.7862809028757359
28,5,0.55,0.9235952823539317
28,5,0.60,0.9218224969684403
28,5,0.65,0.9526535704940294
28,5,0.70,0.9819452527667019
28,5,0.75,0.9736651823906034
28,5,0.80,0.9446451589912144
28,5,0.85,0.9883706130652379
28,5,0.90,0.9831814717219796
28,5,0.95,0.9843681696125781
28,6,0.05,-4.019725668332149
28,6,0.10,0.9123240671081915
28,6,0.15,0.9701390393893259
28,6,0.20,0.8776363167182638
28,6,0.25,0.875818383404366
28,6,0.30,0.9095084811748045
28,6,0.35,0.7691422306736215
28,6,0.40,0.925042329417745
28,6,0.45,0.8627102756106072
28,6,0.50,0.9010249919980446
28,6,0.55,0.9555359739955475
28,6,0.60,0.9707380423305239
28,6,0.65,0.9293978597899029
28,6,0.70,0.9653868031042752
28,6,0.75,0.9450369624115765
28,6,0.80,0.9775940082677981
28,6,0.85,0.9891256187289549
28,6,0.90,0.9851533565671804
28,6,0.95,0.9581882812597036
28,7,0.05,0.35555007663518345
28,7,0.10,0.06118151349678336
28,7,0.15,0.9320873308816677
28,7,0.20,0.8476177051684367
28,7,0.25,0.809907811011157
28,7,0.30,0.8908667732828172
28,7,0.35,0.9294928668265008
28,7,0.40,0.9559972112643187
28,7,0.45,0.9522640173456562
28,7,0.50,0.881522684190776
28,7,0.55,0.9319730399477483
28,7,0.60,0.9227995208342806
28,7,0.65,0.9125449718585669
28,7,0.70,0.9607565328300485
28,7,0.75,0.9468334135687811
28,7,0.80,0.9685427033414922
28,7,0.85,0.9921330447370621
28,7,0.90,0.9588280623540387
28,7,0.95,0.9379398715832582
28,8,0.05,-26.66252882185055
28,8,0.10,-0.09181327238560777
28,8,0.15,0.9544191864697273
28,8,0.20,0.8882827595160411
28,8,0.25,0.760259722255382
28,8,0.30,0.8968839569391048
28,8,0.35,0.9506839917147232
28,8,0.40,0.26829796965342734
28,8,0.45,0.9386707240412772
28,8,0.50,0.9245047562977016
28,8,0.55,0.938385251561974
28,8,0.60,0.9293304260601258
28,8,0.65,0.9262656629502044
28,8,0.70,0.8776530031591537
28,8,0.75,0.9067484306856269
28,8,0.80,0.9626115216817818
28,8,0.85,0.9562120095626914
28,8,0.90,0.9907446749545761
28,8,0.95,0.9816301485379177
28,9,0.05,-444.93010263643947
28,9,0.10,0.8393039525136773
28,9,0.15,0.9097420437815097
28,9,0.20,0.9042755685390599
28,9,0.25,0.06912595622881401
28,9,0.30,0.9207981375548244
28,9,0.35,0.8499331943505408
28,9,0.40,0.9416682879921539
28,9,0.45,0.8796505268037872
28,9,0.50,0.8939731521273679
28,9,0.55,0.9579539126218803
28,9,0.60,0.9827449689570651
28,9,0.65,0.8403631487356173
28,9,0.70,0.9707341338809204
28,9,0.75,0.970803461203527
28,9,0.80,0.9587441263532162
28,9,0.85,0.9914791850044313
28,9,0.90,0.9873406250256204
28,9,0.95,0.9539229430276717
29,0,0.05,0.41868147472398354
29,0,0.10,0.8631684847275363
29,0,0.15,0.9811795227341982
29,0,0.20,0.9107919500552224
29,0,0.25,0.9726542603999635
29,0,0.30,0.9776839116062174
29,0,0.35,0.9263015473880639
29,0,0.40,0.9680477620885944
29,0,0.45,0.9845107633879482
29,0,0.50,0.9625241629708187
29,0,0.55,0.9180139824190457
29,0,0.60,0.8762730631500545
29,0,0.65,0.9593228979373574
29,0,0.70,0.9808183130832415
29,0,0.75,0.9681015791076701
29,0,0.80,0.962672056298952
29,0,0.85,0.9313608166993788
29,0,0.90,0.9689544027390085
29,0,0.95,0.9487204687259412
29,1,0.05,0.41868147472398354
29,1,0.10,0.9520888158977361
29,1,0.15,0.9618398130401217
29,1,0.20,0.9536066875843283
29,1,0.25,0.9135030639818126
29,1,0.30,0.9807703205342728
29,1,0.35,0.97273407430731
29,1,0.40,0.9801182988498822
29,1,0.45,0.9270068204663752
29,1,0.50,0.9304111401429215
29,1,0.55,0.9769320036075593
29,1,0.60,0.9737153021564224
29,1,0.65,0.8859027679464727
29,1,0.70,0.9523122000778191
29,1,0.75,0.9331875782844096
29,1,0.80,0.9582909194669478
29,1,0.85,0.9729455184165852
29,1,0.90,0.9553732916183847
29,1,0.95,0.943971219693963
29,2,0.05,0.020402499696218657
29,2,0.10,0.924750510831097
29,2,0.15,0.9947926650691972
29,2,0.20,0.41972156722937415
29,2,0.25,0.9018204857243877
29,2,0.30,0.9600312188876374
29,2,0.35,0.9108879877337199
29,2,0.40,0.942709690100459
29,2,0.45,0.9883664175310984
29,2,0.50,0.8851293673506329
29,2,0.55,0.8686548457161898
29,2,0.60,0.975906791140379
29,2,0.65,0.986307645388821
29,2,0.70,0.9907441210901454
29,2,0.75,0.9431144997352329
29,2,0.80,0.9740437032437165
29,2,0.85,0.9855653695677707
29,2,0.90,0.9780803263698085
29,2,0.95,0.9791221744124257
29,3,0.05,0.38166599617072183
29,3,0.10,-18.29194491150207
29,3,0.15,0.8882741384104275
29,3,0.20,0.9383208743227202
29,3,0.25,0.8716012106942491
29,3,0.30,0.948980163291892
29,3,0.35,0.9332611948187615
29,3,0.40,0.9214496354272115
29,3,0.45,0.9564353320159618
29,3,0.50,0.7775622960761311
29,3,0.55,0.9723282218661057
29,3,0.60,0.955461613587538
29,3,0.65,0.9467430046861164
29,3,0.70,0.9795887713036142
29,3,0.75,0.9435318139488915
29,3,0.80,0.967569690835368
29,3,0.85,0.9746166718771163
29,3,0.90,0.9609963618701027
29,3,0.95,0.9559548851670446
29,4,0.05,0.38166599617072183
29,4,0.10,0.9222032972125833
29,4,0.15,0.9785181511248834
29,4,0.20,0.7970025826013425
29,4,0.25,0.8783087537918518
29,4,0.30,0.9623771267979645
29,4,0.35,0.9784914443873176
29,4,0.40,0.9295379548541611
29,4,0.45,0.9779919597152225
29,4,0.50,0.9792282330194023
29,4,0.55,0.9676657488668529
29,4,0.60,0.9706187270934363
29,4,0.65,0.9443845022865298
29,4,0.70,0.8177282270578703
29,4,0.75,0.9836845578975622
29,4,0.80,0.9813948655113017
29,4,0.85,0.9911376735891827
29,4,0.90,0.9591497506720408
29,4,0.95,0.9765925094287492
29,5,0.05,0.41868147472398354
29,5,0.10,0.9042793463456544
29,5,0.15,0.7579850178534604
29,5,0.20,0.9346506651637729
29,5,0.25,0.9777653053353177
29,5,0.30,0.9840533226046869
29,5,0.35,0.9895111092800581
29,5,0.40,0.9655201688547733
29,5,0.45,0.962770335246161
29,5,0.50,0.9144505775027609
29,5,0.55,0.9465375857317442
29,5,0.60,0.9948059568271655
29,5,0.65,0.9215372009338989
29,5,0.70,0.9455590397362543
29,5,0.75,0.9069210225215499
29,5,0.80,0.9519992729734393
29,5,0.85,0.9528735070283408
29,5,0.90,0.9767984131556928
29,5,0.95,0.9776256185656589
29,6,0.05,-2.8840236400163177
29,6,0.10,0.82434681591804
29,6,0.15,0.9855959636896567
29,6,0.20,0.8218866489001839
29,6,0.25,0.9704005980164102
29,6,0.30,0.9935135139901952
29,6,0.35,0.966084341593123
29,6,0.40,0.9870750103312876
29,6,0.45,0.9871918912579449
29,6,0.50,0.942404964464806
29,6,0.55,0.9659991233376884
29,6,0.60,0.9202257754403487
29,6,0.65,0.9395598282685144
29,6,0.70,0.9763963234924437
29,6,0.75,0.97484421842325
29,6,0.80,0.9140763314151794
29,6,0.85,0.9490311968198649
29,6,0.90,0.9851397241833836
29,6,0.95,0.9611954913599294
29,7,0.05,-0.46468868505734706
29,7,0.10,0.8618262445628551
29,7,0.15,0.9803831035708779
29,7,0.20,0.935612210637268
29,7,0.25,0.9637391675628105
29,7,0.30,0.9857079734131505
29,7,0.35,0.9438282564353575
29,7,0.40,0.954934219661902
29,7,0.45,0.9886861596806399
29,7,0.50,0.9743251306784688
29,7,0.55,0.8228209411930797
29,7,0.60,0.9691266018251703
29,7,0.65,0.978665527419752
29,7,0.70,0.9374012683789849
29,7,0.75,0.9697912172689052
29,7,0.80,0.9568389318960618
29,7,0.85,0.9488458834541651
29,7,0.90,0.9702014866563102
29,7,0.95,0.9539165503496607
29,8,0.05,-0.028210490799118304
29,8,0.10,0.9320618983962403
29,8,0.15,0.9927723855166223
29,8,0.20,0.919615462206985
29,8,0.25,0.7651812000140924
29,8,0.30,0.9071559551612551
29,8,0.35,0.9505298150168139
29,8,0.40,0.9318528260436376
29,8,0.45,0.9225450720727706
29,8,0.50,0.9676212682490564
29,8,0.55,0.9632292948334122
29,8,0.60,0.9419372064501464
29,8,0.65,0.9651336676848645
29,8,0.70,0.9925411220217724
29,8,0.75,0.9687455699417769
29,8,0.80,0.9633063036357942
29,8,0.85,0.9746570333643673
29,8,0.90,0.9684349313449042
29,8,0.95,0.9607717799331577
29,9,0.05,0.26935751054573853
29,9,0.10,0.9442391274153272
29,9,0.15,0.9910980806039151
29,9,0.20,0.995414785643162
29,9,0.25,0.9063658249493939
29,9,0.30,0.956118391922999
29,9,0.35,0.889720129295496
29,9,0.40,0.943187325685156
29,9,0.45,0.9724067378985446
29,9,0.50,0.9081613271068368
29,9,0.55,0.993997491813091
29,9,0.60,0.8884143441674592
29,9,0.65,0.8317919504775815
29,9,0.70,0.9871976170966703
29,9,0.75,0.9661612628939156
29,9,0.80,0.9358651212140725
29,9,0.85,0.9860412482195036
29,9,0.90,0.9836491059408015
29,9,0.95,0.975168192655945
30,0,0.05,0.8111265364399554
30,0,0.10,0.938003439771072
30,0,0.15,0.9812473135645511
30,0,0.20,0.8050482952189467
30,0,0.25,0.8799008721714676
30,0,0.30,0.9674121690490367
30,0,0.35,0.9248241691120033
30,0,0.40,0.9035807256611961
30,0,0.45,0.9104856510513676
30,0,0.50,0.8915513908338901
30,0,0.55,0.8553285045806948
30,0,0.60,0.9573749714907007
30,0,0.65,0.9791151093974066
30,0,0.70,0.964994037758163
30,0,0.75,0.9675359661935933
30,0,0.80,0.9545405650071426
30,0,0.85,0.942926464825546
30,0,0.90,0.9518408184452899
30,0,0.95,0.9651742644473286
30,1,0.05,0.8111265364399554
30,1,0.10,0.8919506706289025
30,1,0.15,0.9096333404179602
30,1,0.20,0.8980483834204843
30,1,0.25,0.8997919518032385
30,1,0.30,0.8527054308105674
30,1,0.35,0.8826307642693774
30,1,0.40,0.847787360587326
30,1,0.45,0.9055436386129634
30,1,0.50,0.9004977619995075
30,1,0.55,0.9266418663102955
30,1,0.60,0.9358727290198499
30,1,0.65,0.9723126105424166
30,1,0.70,0.9531386316605899
30,1,0.75,0.954856416992772
30,1,0.80,0.9731473335976262
30,1,0.85,0.9515201585713622
30,1,0.90,0.906956548613732
30,1,0.95,0.9837123085761308
30,2,0.05,-1.2401548289336217
30,2,0.10,0.8767083461909879
30,2,0.15,0.5749979796021485
30,2,0.20,0.8104724082806277
30,2,0.25,0.9682658955117971
30,2,0.30,0.9734685396972061
30,2,0.35,0.931139572061698
30,2,0.40,0.7866108703884954
30,2,0.45,0.9732237645801963
30,2,0.50,0.9417284880693069
30,2,0.55,0.9256684208362148
30,2,0.60,0.940599349429751
30,2,0.65,0.9758210112482
30,2,0.70,0.9514665028856196
30,2,0.75,0.9812909605551082
30,2,0.80,0.9497461314794245
30,2,0.85,0.9620702361013499
30,2,0.90,0.978030648856393
30,2,0.95,0.9838791128522651
30,3,0.05,-0.8983544098281535
30,3,0.10,-0.23476593172624982
30,3,0.15,0.9197446393772565
30,3,0.20,0.8455244217010539
30,3,0.25,0.953723846191764
30,3,0.30,0.8951575277069727
30,3,0.35,0.8651626810185628
30,3,0.40,0.943705196522873
30,3,0.45,0.8935975142711807
30,3,0.50,0.9024071208349426
30,3,0.55,0.9437277338603729
30,3,0.60,0.9268333398703412
30,3,0.65,0.9410274027032555
30,3,0.70,0.9721503517959352
30,3,0.75,0.9654705547857593
30,3,0.80,0.9172524281860465
30,3,0.85,0.9573062216545085
30,3,0.90,0.9650007846764536
30,3,0.95,0.9658278682385477
30,4,0.05,-0.8983544098281535
30,4,0.10,0.9882151066637804
30,4,0.15,0.9602427685664344
30,4,0.20,0.7401799471845923
30,4,0.25,0.8018389248555782
30,4,0.30,0.9498465668512759
30,4,0.35,0.8249476932442381
30,4,0.40,0.8657256942615145
30,4,0.45,0.9334155834912561
30,4,0.50,0.9349307774738064
30,4,0.55,0.9289870095618562
30,4,0.60,0.9777076768251224
30,4,0.65,0.9578475208960289
30,4,0.70,0.9056339381340192
30,4,0.75,0.9708295769495433
30,4,0.80,0.9786656527547585
30,4,0.85,0.9269905447685278
30,4,0.90,0.969226219351748
30,4,0.95,0.9833799326879009
30,5,0.05,0.8111265364399554
30,5,0.10,0.857444007979435
30,5,0.15,0.8173404649943048
30,5,0.20,0.8917245589324441
30,5,0.25,0.7296700688850384
30,5,0.30,0.9487178497964315
30,5,0.35,0.9231602628229454
30,5,0.40,0.8978588832044534
30,5,0.45,0.960214475271359
30,5,0.50,0.7755692384751158
30,5,0.55,0.9042521565106211
30,5,0.60,0.9763028940631524
30,5,0.65,0.9751650781352063
30,5,0.70,0.9686848867665663
30,5,0.75,0.9598811702037522
30,5,0.80,0.9734525797256353
30,5,0.85,0.9587445144365049
30,5,0.90,0.9574734953120627
30,5,0.95,0.9685396160000075
30,6,0.05,-0.1255448271214472
30,6,0.10,0.9696097051635544
30,6,0.15,0.9764617749698061
30,6,0.20,0.9101006919115672
30,6,0.25,0.9089256338802629
30,6,0.30,0.9616011804818205
30,6,0.35,0.70726098137521
30,6,0.40,0.4665067840789412
30,6,0.45,0.7973698747429148
30,6,0.50,0.8986388928599348
30,6,0.55,0.9645319257566364
30,6,0.60,0.9626773126155949
30,6,0.65,0.8990134551390496
30,6,0.70,0.9938010427910459
30,6,0.75,0.9490807003099645
30,6,0.80,0.9618133015622901
30,6,0.85,0.8842174560665205
30,6,0.90,0.9908541997472782
30,6,0.95,0.978600005524424
30,7,0.05,0.5426588910372583
30,7,0.10,0.9310633645346315
30,7,0.15,0.9334334662950676
30,7,0.20,0.8674214027579159
30,7,0.25,0.8711433244009537
30,7,0.30,0.9243555306541573
30,7,0.35,0.9535162793801709
30,7,0.40,0.8756038271812313
30,7,0.45,0.9434530148094359
30,7,0.50,0.9138604905238067
30,7,0.55,0.9636307060373543
30,7,0.60,0.9762730716606033
30,7,0.65,0.9773111885389889
30,7,0.70,0.9707142356785511
30,7,0.75,0.9662969290732859
30,7,0.80,0.8780455625383858
30,7,0.85,0.9893429624787237
30,7,0.90,0.9651752214721409
30,7,0.95,0.9678456584655863
30,8,0.05,-169.16112675422542
30,8,0.10,0.8966880248300548
30,8,0.15,0.9807491825431244
30,8,0.20,0.9277655757108135
30,8,0.25,0.9060832659640619
30,8,0.30,0.9286173596871822
30,8,0.35,0.927318479186155
30,8,0.40,0.9467916996493845
30,8,0.45,0.9671442070605377
30,8,0.50,0.9531599722062426
30,8,0.55,0.9602444084347411
30,8,0.60,0.9768898427548851
30,8,0.65,0.8866741366933637
30,8,0.70,0.9566335351198139
30,8,0.75,0.9653951511794164
30,8,0.80,0.9694732835404237
30,8,0.85,0.9528249352170219
30,8,0.90,0.9643031017979687
30,8,0.95,0.9504912533930342
30,9,0.05,-2.0370946153264624
30,9,0.10,0.9427435950779142
30,9,0.15,0.9424835515803099
30,9,0.20,0.933166869164979
30,9,0.25,0.935990938590836
30,9,0.30,0.9446746255437836
30,9,0.35,0.961721846415342
30,9,0.40,0.9088001664557649
30,9,0.45,0.8347940068943204
30,9,0.50,0.8989564128851641
30,9,0.55,0.9706765090137635
30,9,0.60,0.969769117215997
30,9,0.65,0.9553935878142513
30,9,0.70,0.9742399176435454
30,9,0.75,0.9813627722394259
30,9,0.80,0.9712302833370808
30,9,0.85,0.9697124771743958
30,9,0.90,0.9896533970955065
30,9,0.95,0.9791912076830523
31,0,0.05,-0.8948113849251091
31,0,0.10,0.8760204931818873
31,0,0.15,0.9773377186946995
31,0,0.20,0.925204593639415
31,0,0.25,0.9231336006645687
31,0,0.30,0.9096696125087212
31,0,0.35,0.7504382414541915
31,0,0.40,0.9305661856652855
31,0,0.45,0.9207887958188472
31,0,0.50,0.967985564202196
31,0,0.55,0.9152171567342342
31,0,0.60,0.9234755072909172
31,0,0.65,0.9594397205272491
31,0,0.70,0.9684907224963213
31,0,0.75,0.9681726453917684
31,0,0.80,0.9527438358500497
31,0,0.85,0.9698826836483848
31,0,0.90,0.9660757020362524
31,0,0.95,0.9885343586751562
31,1,0.05,-0.8948113849251091
31,1,0.10,0.9905452612830266
31,1,0.15,0.9649103039891115
31,1,0.20,0.8363320092414454
31,1,0.25,0.8508600660578862
31,1,0.30,0.9768800688414365
31,1,0.35,0.9388352525952308
31,1,0.40,0.9572850962816314
31,1,0.45,0.8936568885067772
31,1,0.50,0.909648966658855
31,1,0.55,0.940314751773432
31,1,0.60,0.917628095295717
31,1,0.65,0.9560754762819151
31,1,0.70,0.9854489304004308
31,1,0.75,0.9567522004511808
31,1,0.80,0.9435270207934414
31,1,0.85,0.9618216502028831
31,1,0.90,0.9447064457429539
31,1,0.95,0.9821851411582183
31,2,0.05,-0.5801255815623219
31,2,0.10,0.9984397972005152
31,2,0.15,0.6756798658868117
31,2,0.20,0.7208302567654722
31,2,0.25,0.7450723148829632
31,2,0.30,0.92960971448746
31,2,0.35,0.565853455828836
31,2,0.40,0.6630746091183747
31,2,0.45,0.9570688630081651
31,2,0.50,0.9405901360905148
31,2,0.55,0.9513346094881553
31,2,0.60,0.8276382622029843
31,2,0.65,0.9526983680745164
31,2,0.70,0.9721487184879155
31,2,0.75,0.8931898864642246
31,2,0.80,0.9837836161781058
31,2,0.85,0.9370368288467683
31,2,0.90,0.9650764428309025
31,2,0.95,0.9640289552944753
31,3,0.05,0.33027151107660013
31,3,0.10,-0.04749126056289965
31,3,0.15,0.9268682080269737
31,3,0.20,0.6910127824622705
31,3,0.25,0.8944464599603305
31,3,0.30,0.7805148483479895
31,3,0.35,0.466262735302187
31,3,0.40,0.9040772469839485
31,3,0.45,0.7182888108135613
31,3,0.50,0.8277044182245424
31,3,0.55,0.9723024172127342
31,3,0.60,0.9757269370297531
31,3,0.65,0.9449565250881877
31,3,0.70,0.94980473686288
31,3,0.75,0.9675821177160498
31,3,0.80,0.9481783788837113
31,3,0.85,0.9659617471024952
31,3,0.90,0.9670969885807847
31,3,0.95,0.9896121840358733
31,4,0.05,0.33027151107660013
31,4,0.10,0.998378225063397
31,4,0.15,0.9159920835720565
31,4,0.20,0.711927109714547
31,4,0.25,0.7245911280875866
31,4,0.30,0.800428349335847
31,4,0.35,0.9528455458675351
31,4,0.40,0.9604390811147782
31,4,0.45,0.9526309430392551
31,4,0.50,0.9370892780542271
31,4,0.55,0.9432120456633762
31,4,0.60,0.9515264622653876
31,4,0.65,0.9801823010194379
31,4,0.70,0.8528002565449619
31,4,0.75,0.920448129164289
31,4,0.80,0.9484493685480907
31,4,0.85,0.958725328970696
31,4,0.90,0.9584199787025866
31,4,0.95,0.9778773300747835
31,5,0.05,-0.8948113849251091
31,5,0.10,0.9843146921162828
31,5,0.15,0.9114842358545318
31,5,0.20,0.7249624430883949
31,5,0.25,0.8943226282333523
31,5,0.30,0.9454164763645492
31,5,0.35,0.9454035135219343
31,5,0.40,0.9874001733103143
31,5,0.45,0.9638636751272636
31,5,0.50,0.5732017743004014
31,5,0.55,0.9693532502904388
31,5,0.60,0.9880073752561287
31,5,0.65,0.9811285661451734
31,5,0.70,0.9817878394973303
31,5,0.75,0.9836563844217439
31,5,0.80,0.9603479307431662
31,5,0.85,0.9711248793577918
31,5,0.90,0.9894937446361433
31,5,0.95,0.9710313857523836
31,6,0.05,-0.0037456143448062473
31,6,0.10,0.960934048872255
31,6,0.15,0.9763454898850095
31,6,0.20,0.6359538360403498
31,6,0.25,0.8853731591656924
31,6,0.30,0.956359949620146
31,6,0.35,0.8106903164158009
31,6,0.40,0.940345790702934
31,6,0.45,0.9346864492480383
31,6,0.50,0.9180034151908392
31,6,0.55,0.9884536058938569
31,6,0.60,0.9601101714533953
31,6,0.65,0.9316069537764411
31,6,0.70,0.9696414102650401
31,6,0.75,0.9217938832851607
31,6,0.80,0.9485663783312945
31,6,0.85,0.958746471005309
31,6,0.90,0.9874571092246107
31,6,0.95,0.9811400281952943
31,7,0.05,-0.3753889047751451
31,7,0.10,0.9387860048927601
31,7,0.15,0.9570083576024939
31,7,0.20,0.925858815790158
31,7,0.25,0.9046096979408341
31,7,0.30,0.9172870124858395
31,7,0.35,0.890187689328002
31,7,0.40,0.8715119825823201
31,7,0.45,0.937647548665514
31,7,0.50,0.9765881527175649
31,7,0.55,0.8777689555256574
31,7,0.60,0.9555176951645283
31,7,0.65,0.9781540527372007
31,7,0.70,0.9236838156516808
31,7,0.75,0.9242157380456049
31,7,0.80,0.9725928168720983
31,7,0.85,0.9322815522474471
31,7,0.90,0.9874609835795352
31,7,0.95,0.9613091083846049
31,8,0.05,-43.74384955900377
31,8,0.10,0.9377507929177864
31,8,0.15,0.989610617414412
31,8,0.20,0.5393128223147376
31,8,0.25,0.728863990222866
31,8,0.30,0.946332157776904
31,8,0.35,0.9388294894242544
31,8,0.40,0.8797973855491601
31,8,0.45,0.9116859170601299
31,8,0.50,0.9755188032368314
31,8,0.55,0.9809069897116489
31,8,0.60,0.8821576221202679
31,8,0.65,0.9577600073607169
31,8,0.70,0.9660539726975815
31,8,0.75,0.9593560751038309
31,8,0.80,0.9630778993942345
31,8,0.85,0.9645134467712355
31,8,0.90,0.9667498186304869
31,8,0.95,0.9632924577431176
31,9,0.05,-1.7722040922515747
31,9,0.10,0.9318448777943117
31,9,0.15,0.9644461093536925
31,9,0.20,0.9187838128697545
31,9,0.25,0.8865263641616359
31,9,0.30,0.823552283393219
31,9,0.35,0.9730597620105296
31,9,0.40,0.979047056488057
31,9,0.45,0.9465002583620369
31,9,0.50,0.9298218190445829
31,9,0.55,0.9782189226736709
31,9,0.60,0.8994845049140547
31,9,0.65,0.9313138588360277
31,9,0.70,0.9750044056315565
31,9,0.75,0.9693867712550766
31,9,0.80,0.9531767519756905
31,9,0.85,0.9684409598779457
31,9,0.90,0.9763508593294279
31,9,0.95,0.9917533822918957
32,0,0.05,0.6318153895912835
32,0,0.10,0.9634264462803714
32,0,0.15,0.960814750518223
32,0,0.20,0.9711676118906811
32,0,0.25,0.8892449039539693
32,0,0.30,0.9547343534056825
32,0,0.35,0.9614877368344593
32,0,0.40,0.9610685743784829
32,0,0.45,0.9258622000091746
32,0,0.50,0.9433613302120529
32,0,0.55,0.9216446656160223
32,0,0.60,0.9639135738204618
32,0,0.65,0.9740442634098178
32,0,0.70,0.9749242404843852
32,0,0.75,0.9525578804291076
32,0,0.80,0.9803868124321791
32,0,0.85,0.9380309280065561
32,0,0.90,0.9691305628759379
32,0,0.95,0.9733080590813474
32,1,0.05,0.6318153895912835
32,1,0.10,0.9348626053547505
32,1,0.15,0.8668885443920048
32,1,0.20,0.9203276952792568
32,1,0.25,0.9664057485485708
32,1,0.30,0.9580247953301484
32,1,0.35,0.9724122180202662
32,1,0.40,0.5385433046726232
32,1,0.45,0.9683815400902782
32,1,0.50,0.9698758986612722
32,1,0.55,0.9276066016759433
32,1,0.60,0.9410445793227412
32,1,0.65,0.9558030991053945
32,1,0.70,0.9732928786500347
32,1,0.75,0.9378908995053511
32,1,0.80,0.9111514615518445
32,1,0.85,0.9569609452276139
32,1,0.90,0.9799804284562659
32,1,0.95,0.980851197054694
32,2,0.05,0.23267836394482666
32,2,0.10,0.6777747238879308
32,2,0.15,0.932490517475323
32,2,0.20,0.928164624715907
32,2,0.25,0.964960661945357
32,2,0.30,0.9805360739401147
32,2,0.35,0.9127576365036523
32,2,0.40,0.9710198822420341
32,2,0.45,0.9439138863563112
32,2,0.50,0.9067903166093305
32,2,0.55,0.8128997557087579
32,2,0.60,0.8977096396553239
32,2,0.65,0.9713152506106895
32,2,0.70,0.979842570720687
32,2,0.75,0.9816699056639845
32,2,0.80,0.9578433304383979
32,2,0.85,0.9721091415991637
32,2,0.90,0.9842689791861319
32,2,0.95,0.9563019412616396
32,3,0.05,0.027592469448409762
32,3,0.10,-37.378033470698036
32,3,0.15,0.9412591147439663
32,3,0.20,0.9249031742238627
32,3,0.25,0.9843834948918491
32,3,0.30,0.9516247184382531
32,3,0.35,0.9176835550181291
32,3,0.40,0.9120775581464982
32,3,0.45,0.9631830447677798
32,3,0.50,0.9753506712723872
32,3,0.55,0.9510098819044434
32,3,0.60,0.9479198311716414
32,3,0.65,0.9655588759276622
32,3,0.70,0.959065232394269
32,3,0.75,0.966493833617215
32,3,0.80,0.9854530739228534
32,3,0.85,0.9627249190354975
32,3,0.90,0.977307509936615
32,3,0.95,0.9880829454279825
32,4,0.05,0.027592469448409762
32,4,0.10,0.8941353208403161
32,4,0.15,0.913433430786508
32,4,0.20,0.928781926298514
32,4,0.25,0.9257429990646041
32,4,0.30,0.9540979185740218
32,4,0.35,0.8823237044333818
32,4,0.40,0.9809257167153421
32,4,0.45,0.9783858417418422
32,4,0.50,0.9657614750230332
32,4,0.55,0.9295275860354251
32,4,0.60,0.9270284021112956
32,4,0.65,0.970320495706281
32,4,0.70,0.9340757935887759
32,4,0.75,0.9763803191203043
32,4,0.80,0.9905391030684034
32,4,0.85,0.9835993444892137
32,4,0.90,0.9886048434962657
32,4,0.95,0.9857677984436654
32,5,0.05,0.6318153895912835
32,5,0.10,-2.9168994821402765
32,5,0.15,0.9266037557550735
32,5,0.20,0.9799103734937099
32,5,0.25,0.9565452168563611
32,5,0.30,0.9650120457046927
32,5,0.35,0.9686407484844737
32,5,0.40,0.9602629807547741
32,5,0.45,0.9679259598289796
32,5,0.50,0.9201353537963842
32,5,0.55,0.97523098624254
32,5,0.60,0.9627981256359959
32,5,0.65,0.9591355858351728
32,5,0.70,0.9691854104033307
32,5,0.75,0.9760635846881413
32,5,0.80,0.9596159853721618
32,5,0.85,0.9702925403894959
32,5,0.90,0.9559318997955639
32,5,0.95,0.9821648864570912
32,6,0.05,-8.127790441472515
32,6,0.10,0.7833736992941195
32,6,0.15,0.9337920402937387
32,6,0.20,0.7258925345790217
32,6,0.25,0.9468647158210292
32,6,0.30,0.9494316443265693
32,6,0.35,0.9555921030653075
32,6,0.40,0.9430059476766062
32,6,0.45,0.9590630412382383
32,6,0.50,0.9509041739884015
32,6,0.55,0.9572986463104697
32,6,0.60,0.9570963062737907
32,6,0.65,0.9676961780698041
32,6,0.70,0.9579568688028746
32,6,0.75,0.9819835620527919
32,6,0.80,0.9952853783780751
32,6,0.85,0.9693613587965972
32,6,0.90,0.9700325507261222
32,6,0.95,0.9548703006608088
32,7,0.05,0.3919024780225494
32,7,0.10,0.9337082229578174
32,7,0.15,0.9566497439062578
32,7,0.20,0.9296039676749909
32,7,0.25,0.7013135546470326
32,7,0.30,0.9561911496356758
32,7,0.35,0.9832837014546506
32,7,0.40,0.9772142651714403
32,7,0.45,0.9855249306561218
32,7,0.50,0.9639161242688038
32,7,0.55,0.9685002680319921
32,7,0.60,0.9755561003571066
32,7,0.65,0.9404140161058494
32,7,0.70,0.9257722745162698
32,7,0.75,0.9620970438054619
32,7,0.80,0.9815107300538859
32,7,0.85,0.962293248660288
32,7,0.90,0.9750920151477241
32,7,0.95,0.9658683590484776
32,8,0.05,-0.11848505508301233
32,8,0.10,0.9448814148526797
32,8,0.15,0.9905260386518071
32,8,0.20,0.9601413826562559
32,8,0.25,0.987046317554696
32,8,0.30,0.929373681913928
32,8,0.35,0.9722193328481459
32,8,0.40,0.9114388713416253
32,8,0.45,0.9920396103216811
32,8,0.50,0.9540073375458639
32,8,0.55,0.9767987203921962
32,8,0.60,0.9174748652913135
32,8,0.65,0.9797351153808936
32,8,0.70,0.9788116078708556
32,8,0.75,0.9724223276813689
32,8,0.80,0.9796127441574636
32,8,0.85,0.9435182868298634
32,8,0.90,0.9736328601663407
32,8,0.95,0.9747433924614313
32,9,0.05,0.4498181707396356
32,9,0.10,0.985057876719161
32,9,0.15,0.9674754060609655
32,9,0.20,0.9762068524097266
32,9,0.25,0.9469920251823751
32,9,0.30,0.9775294651745344
32,9,0.35,0.9475806172133766
32,9,0.40,0.9217238741833688
32,9,0.45,0.9704587313823898
32,9,0.50,0.9845899417329332
32,9,0.55,0.9666371436034205
32,9,0.60,0.9780606858045278
32,9,0.65,0.9821173904163297
32,9,0.70,0.9468486718517769
32,9,0.75,0.9864831039330058
32,9,0.80,0.973247408338141
32,9,0.85,0.9781242503625647
32,9,0.90,0.9531795489976904
32,9,0.95,0.9789710476552824
33,0,0.05,0.7581502376573853
33,0,0.10,0.21147725048902521
33,0,0.15,0.7022361150201699
33,0,0.20,0.719441337292003
33,0,0.25,0.853369271258823
33,0,0.30,0.8653358885898387
33,0,0.35,0.8963675797853876
33,0,0.40,0.8269150210318871
33,0,0.45,0.9666789729991131
33,0,0.50,0.9727171021212655
33,0,0.55,0.8843276040467347
33,0,0.60,0.911440450966746
33,0,0.65,0.9716829241933083
33,0,0.70,0.9591037147928612
33,0,0.75,0.9390857269178561
33,0,0.80,0.9501572630219081
33,0,0.85,0.9345227963305576
33,0,0.90,0.9439797113619975
33,0,0.95,0.9620685011507452
33,1,0.05,0.7581502376573853
33,1,0.10,-1.687020392660901
33,1,0.15,0.17373815322769381
33,1,0.20,-0.1464517557657039
33,1,0.25,0.8894304644077857
33,1,0.30,0.824154041654403
33,1,0.35,0.9328328186841041
33,1,0.40,0.8679299659219091
33,1,0.45,0.9450182377038228
33,1,0.50,0.8589068336781275
33,1,0.55,0.9175627200369553
33,1,0.60,0.9727612132312102
33,1,0.65,0.9623798546505385
33,1,0.70,0.9453132626893814
33,1,0.75,0.9569156677920787
33,1,0.80,0.9565598683465787
33,1,0.85,0.9752095513779765
33,1,0.90,0.9566709153691161
33,1,0.95,0.9664890280995024
33,2,0.05,-3.283510836350274
33,2,0.10,0.14267170849405497
33,2,0.15,0.10381347792482964
33,2,0.20,0.964399031310289
33,2,0.25,0.9363313264094307
33,2,0.30,0.9416979722879966
33,2,0.35,0.7864763131894295
33,2,0.40,0.8861285504864039
33,2,0.45,0.9162644593218703
33,2,0.50,0.9534275902999587
33,2,0.55,0.8836054665539708
33,2,0.60,0.9655936442190838
33,2,0.65,0.9724301584428527
33,2,0.70,0.9825761619458404
33,2,0.75,0.9244337912392917
33,2,0.80,0.9759466803811436
33,2,0.85,0.9651778822661321
33,2,0.90,0.9016617554542093
33,2,0.95,0.8974690886004083
33,3,0.05,0.10814080405780502
33,3,0.10,-5.136037906453601
33,3,0.15,0.7624239429575491
33,3,0.20,0.23744067736630814
33,3,0.25,0.5233590350008773
33,3,0.30,0.6575523555219019
33,3,0.35,0.9167565038882195
33,3,0.40,0.9497929930274726
33,3,0.45,0.8754984240487279
33,3,0.50,0.8699759970787732
33,3,0.55,0.946827615798509
33,3,0.60,0.9357770141562933
33,3,0.65,0.9485051111240015
33,3,0.70,0.9269355138706903
33,3,0.75,0.9393247417622358
33,3,0.80,0.9632198256389765
33,3,0.85,0.9660949545680142
33,3,0.90,0.9785503400727289
33,3,0.95,0.9687903335543686
33,4,0.05,0.10814080405780502
33,4,0.10,0.786023414135492
33,4,0.15,0.8894847136351179
33,4,0.20,0.7095340334472009
33,4,0.25,0.7183801456772778
33,4,0.30,0.8933721761784308
33,4,0.35,0.9128316999930419
33,4,0.40,0.8629891169466488
33,4,0.45,0.9360445546189804
33,4,0.50,0.9636515724875958
33,4,0.55,0.9511859091573411
33,4,0.60,0.93883791216046
33,4,0.65,0.9566853392347688
33,4,0.70,0.9491930083295391
33,4,0.75,0.8944367265038293
33,4,0.80,0.9619762300423664
33,4,0.85,0.9711687033531136
33,4,0.90,0.978478922930825
33,4,0.95,0.9794805288146267
33,5,0.05,0.7581502376573853
33,5,0.10,-1.1296593719927022
33,5,0.15,0.33156457377429405
33,5,0.20,0.7371957325000902
33,5,0.25,0.9540464435101087
33,5,0.30,0.7925480367904069
33,5,0.35,0.8511682530471868
33,5,0.40,0.7876588151132253
33,5,0.45,0.9410537271995847
33,5,0.50,0.9676172818811222
33,5,0.55,0.9665888119651304
33,5,0.60,0.9752088427702565
33,5,0.65,0.94094856512028
33,5,0.70,0.9668062013571317
33,5,0.75,0.9749813610764414
33,5,0.80,0.9706828486726325
33,5,0.85,0.9504867065951375
33,5,0.90,0.9539876892020204
33,5,0.95,0.9842664320096243
33,6,0.05,-3.8337835106835882
33,6,0.10,0.6732534056579409
33,6,0.15,0.6167916442653816
33,6,0.20,0.9062628141642345
33,6,0.25,0.9506829452627746
33,6,0.30,0.9196176839605804
33,6,0.35,0.8840578510553265
33,6,0.40,0.9421041037298469
33,6,0.45,0.9393244522485145
33,6,0.50,0.9126360732997463
33,6,0.55,0.9414605449921215
33,6,0.60,0.9554222066794689
33,6,0.65,0.9313691270658305
33,6,0.70,0.984054231988875
33,6,0.75,0.98416600373833
33,6,0.80,0.9544973818890755
33,6,0.85,0.9705126410298229
33,6,0.90,0.9651644981302804
33,6,0.95,0.9384994877205598
33,7,0.05,0.6802151465418105
33,7,0.10,0.9273317295364257
33,7,0.15,0.429293707053346
33,7,0.20,0.9079255594337454
33,7,0.25,0.6663551164690522
33,7,0.30,0.9639997861571075
33,7,0.35,0.8918699857677995
33,7,0.40,0.9421448980207676
33,7,0.45,0.9581397786226564
33,7,0.50,0.9258536401745883
33,7,0.55,0.948432555663321
33,7,0.60,0.9315805134690189
33,7,0.65,0.9698348237515548
33,7,0.70,0.7721784491109589
33,7,0.75,0.932133877727026
33,7,0.80,0.9719914046794275
33,7,0.85,0.937468288388829
33,7,0.90,0.9683894105300808
33,7,0.95,0.9639188654112901
33,8,0.05,-72.80764401074272
33,8,0.10,-0.23418080014596376
33,8,0.15,0.7104039775847655
33,8,0.20,0.8735494333529337
33,8,0.25,0.945321931672528
33,8,0.30,0.9552996445661127
33,8,0.35,0.9335051437904041
33,8,0.40,0.7346652505212409
33,8,0.45,0.8979379900221236
33,8,0.50,0.8958204196896474
33,8,0.55,0.9303367670417029
33,8,0.60,0.9386880375036928
33,8,0.65,0.936082803378641
33,8,0.70,0.9311381870793615
33,8,0.75,0.9339170249485457
33,8,0.80,0.9759461644870869
33,8,0.85,0.9743598516719006
33,8,0.90,0.9720213128911637
33,8,0.95,0.9566534205771962
33,9,0.05,-139.40521356839108
33,9,0.10,0.45378047425334334
33,9,0.15,0.6416181496032716
33,9,0.20,0.8348105628368566
33,9,0.25,0.7078418188259678
33,9,0.30,0.9089385941262245
33,9,0.35,0.8713512679105373
33,9,0.40,0.8988227572945214
33,9,0.45,0.9508464847153771
33,9,0.50,0.9405800989883102
33,9,0.55,0.928077467851724
33,9,0.60,0.9813771468281665
33,9,0.65,0.9485789385999313
33,9,0.70,0.9484275350275654
33,9,0.75,0.9885876589870662
33,9,0.80,0.9565780888037764
33,9,0.85,0.9492131618501879
33,9,0.90,0.9774484128203872
33,9,0.95,0.9609687601453261
34,0,0.05,0.5542479148160654
34,0,0.10,0.9617681676145
34,0,0.15,0.916427041454561
34,0,0.20,0.9500005233546662
34,0,0.25,0.789462272594506
34,0,0.30,0.9261228638918698
34,0,0.35,0.968661491192203
34,0,0.40,0.9525312982046774
34,0,0.45,0.9923249551462864
34,0,0.50,0.9598755874295241
34,0,0.55,0.9696519707424465
34,0,0.60,0.9671009623545411
34,0,0.65,0.9612010703160087
34,0,0.70,0.9657384985764338
34,0,0.75,0.9699064277786456
34,0,0.80,0.9783619257193671
34,0,0.85,0.9486920579466774
34,0,0.90,0.9458363421194887
34,0,0.95,0.9870408443079954
34,1,0.05,0.5542479148160654
34,1,0.10,0.952652184036712
34,1,0.15,0.8497872790375763
34,1,0.20,0.7783635963463544
34,1,0.25,0.8065098811309217
34,1,0.30,0.8692697555608814
34,1,0.35,0.8987322671430011
34,1,0.40,0.9038205628972509
34,1,0.45,0.906265981073084
34,1,0.50,0.9438004819976566
34,1,0.55,0.8843960448866232
34,1,0.60,0.9006856799391965
34,1,0.65,0.9099415263821375
34,1,0.70,0.9076930245083757
34,1,0.75,0.9391150963885851
34,1,0.80,0.9668804508454933
34,1,0.85,0.9829803425682486
34,1,0.90,0.9764686853533251
34,1,0.95,0.976105286989506
34,2,0.05,-0.4405952659169292
34,2,0.10,0.7159724733202194
34,2,0.15,0.29362428105974514
34,2,0.20,0.9637344793362699
34,2,0.25,0.8096447684256602
34,2,0.30,0.8552359083110413
34,2,0.35,0.8998803608070348
34,2,0.40,0.9069348406437819
34,2,0.45,0.9202835439821438
34,2,0.50,0.864797696868555
34,2,0.55,0.9360654349439288
34,2,0.60,0.9733149294286358
34,2,0.65,0.9158239849191019
34,2,0.70,0.954687950725737
34,2,0.75,0.9581868409991543
34,2,0.80,0.97478815292485
34,2,0.85,0.9584782665932996
34,2,0.90,0.9646130514445077
34,2,0.95,0.9864470556460209
34,3,0.05,0.22421210901722655
34,3,0.10,-26.708928038398223
34,3,0.15,0.9215679318534888
34,3,0.20,0.7166619609246733
34,3,0.25,0.9490666028440482
34,3,0.30,0.9821890353117221
34,3,0.35,0.44262730711991416
34,3,0.40,0.9222148752512427
34,3,0.45,0.9181634420295071
34,3,0.50,0.937761210105637
34,3,0.55,0.9429022463483637
34,3,0.60,0.9262262055745888
34,3,0.65,0.980745603598712
34,3,0.70,0.9502802184093095
34,3,0.75,0.9245708674452027
34,3,0.80,0.943156631542663
34,3,0.85,0.975325604710662
34,3,0.90,0.9896548538088618
34,3,0.95,0.9707179449585731
34,4,0.05,0.22421210901722655
34,4,0.10,0.9193163401114011
34,4,0.15,0.7753960485133048
34,4,0.20,0.9541316885595058
34,4,0.25,0.8586338324652381
34,4,0.30,0.9681913696637413
34,4,0.35,0.959198221592696
34,4,0.40,0.975029251286646
34,4,0.45,0.9191024876937725
34,4,0.50,0.9579157030122616
34,4,0.55,0.9028030305024564
34,4,0.60,0.9856933023994408
34,4,0.65,0.941640328220638
34,4,0.70,0.9621334663837919
34,4,0.75,0.9819016859275712
34,4,0.80,0.9753121341601474
34,4,0.85,0.9675592603616375
34,4,0.90,0.9828900569412372
34,4,0.95,0.9879846661362469
34,5,0.05,0.5542479148160654
34,5,0.10,-0.814290810495456
34,5,0.15,0.5472136797986573
34,5,0.20,0.9323868216278576
34,5,0.25,0.9601663396016055
34,5,0.30,0.9299688523573131
34,5,0.35,0.8701692125600154
34,5,0.40,0.808318306977803
34,5,0.45,0.9114827195028554
34,5,0.50,0.9103423341139641
34,5,0.55,0.8514112518479393
34,5,0.60,0.8881922532145988
34,5,0.65,0.8824927962321039
34,5,0.70,0.9027012703297619
34,5,0.75,0.9325191532037217
34,5,0.80,0.9745176284822122
34,5,0.85,0.9714633852669523
34,5,0.90,0.976667640147728
34,5,0.95,0.9877936160118767
34,6,0.05,-5.290146417379854
34,6,0.10,0.7798445597745337
34,6,0.15,0.9807688525802707
34,6,0.20,0.8731378312766374
34,6,0.25,0.5884520467033563
34,6,0.30,0.8988459883456562
34,6,0.35,0.9352534816226025
34,6,0.40,0.9365439505172568
34,6,0.45,0.9519595861437188
34,6,0.50,0.9258733496661233
34,6,0.55,0.9384817328543212
34,6,0.60,0.9635950044026986
34,6,0.65,0.9392696950274937
34,6,0.70,0.9758691183039652
34,6,0.75,0.916324998804062
34,6,0.80,0.985196091844479
34,6,0.85,0.9225178240966446
34,6,0.90,0.9540543410632525
34,6,0.95,0.9768052796795406
34,7,0.05,0.0874019444839842
34,7,0.10,0.8258286808868647
34,7,0.15,0.8393022999276933
34,7,0.20,0.9623213403608073
34,7,0.25,0.5979822740201477
34,7,0.30,0.9087406390651728
34,7,0.35,0.9595477483318826
34,7,0.40,0.9445449046967538
34,7,0.45,0.9303830987026684
34,7,0.50,0.9380112379372832
34,7,0.55,0.9599436532006256
34,7,0.60,0.9576231967122071
34,7,0.65,0.9672124616020724
34,7,0.70,0.9474396764517504
34,7,0.75,0.8895563585220809
34,7,0.80,0.9414425567420175
34,7,0.85,0.9219122923239933
34,7,0.90,0.952365727419056
34,7,0.95,0.9208757726551972
34,8,0.05,-21.342852718826133
34,8,0.10,0.8706326184036961
34,8,0.15,-0.017930552200834393
34,8,0.20,0.9343398132840381
34,8,0.25,0.7569836387739888
34,8,0.30,0.8083694406729849
34,8,0.35,0.9565849837542666
34,8,0.40,0.9364153420761575
34,8,0.45,0.8927780845783398
34,8,0.50,0.9445167629591146
34,8,0.55,0.9327349208317117
34,8,0.60,0.9370086460824061
34,8,0.65,0.9473357231116701
34,8,0.70,0.9561488172970025
34,8,0.75,0.9523728000226246
34,8,0.80,0.9719079386065032
34,8,0.85,0.9611783343129959
34,8,0.90,0.9830951735454959
34,8,0.95,0.9619401500192388
34,9,0.05,-0.23933668612512626
34,9,0.10,0.892325696681694
34,9,0.15,0.6924644882188451
34,9,0.20,0.9489661037093937
34,9,0.25,0.9081310571389948
34,9,0.30,0.883473841636503
34,9,0.35,0.9069164217387282
34,9,0.40,0.9793108934863674
34,9,0.45,0.9270800414481983
34,9,0.50,0.8977950591282493
34,9,0.55,0.9180722202948035
34,9,0.60,0.9582902158486248
34,9,0.65,0.9492932605083356
34,9,0.70,0.9714232596296043
34,9,0.75,0.9793685655785634
34,9,0.80,0.9851547522344293
34,9,0.85,0.983556373248464
34,9,0.90,0.9464766791040838
34,9,0.95,0.983082112033677
35,0,0.05,0.5554896523059539
35,0,0.10,0.817911060673338
35,0,0.15,0.980685006348172
35,0,0.20,0.9450983719974129
35,0,0.25,0.9866415503521888
35,0,0.30,0.9686297084958343
35,0,0.35,0.9618839923817664
35,0,0.40,0.9551517732180348
35,0,0.45,0.9680048408116125
35,0,0.50,0.9553124832809482
35,0,0.55,0.9153168978071977
35,0,0.60,0.851208184631673
35,0,0.65,0.9782352539755345
35,0,0.70,0.9800338445846318
35,0,0.75,0.9896868209078558
35,0,0.80,0.986402028735983
35,0,0.85,0.9383686673438777
35,0,0.90,0.9527295776007004
35,0,0.95,0.9743963479288125
35,1,0.05,0.5554896523059539
35,1,0.10,0.915219341346228
35,1,0.15,0.9462252086697223
35,1,0.20,0.903577852610953
35,1,0.25,0.8395184119491721
35,1,0.30,0.9563220291781281
35,1,0.35,0.956173325702951
35,1,0.40,0.956464101527163
35,1,0.45,0.9660871154741807
35,1,0.50,0.927191348090988
35,1,0.55,0.92207866492069
35,1,0.60,0.9421999522810538
35,1,0.65,0.9626031290485888
35,1,0.70,0.9196286572264994
35,1,0.75,0.9725986315509075
35,1,0.80,0.93645992234992
35,1,0.85,0.9760948947060436
35,1,0.90,0.9599413004759768
35,1,0.95,0.9612595673162733
35,2,0.05,0.3723270007013414
35,2,0.10,0.6897471770290817
35,2,0.15,0.9791187665513519
35,2,0.20,0.7106677835984413
35,2,0.25,0.773215828263491
35,2,0.30,0.8900928206842951
35,2,0.35,0.9226284775461914
35,2,0.40,0.9443395984325775
35,2,0.45,0.9832367884406624
35,2,0.50,0.9440659852132095
35,2,0.55,0.9523912717607804
35,2,0.60,0.9400717552263419
35,2,0.65,0.9926160604446601
35,2,0.70,0.9793406858094696
35,2,0.75,0.9458005447361145
35,2,0.80,0.9738218467144883
35,2,0.85,0.9870801264919739
35,2,0.90,0.9662499318068791
35,2,0.95,0.9850692524398129
35,3,0.05,0.46084823326502977
35,3,0.10,-51.29930765025261
35,3,0.15,0.9132066100547968
35,3,0.20,0.8568389547730995
35,3,0.25,0.8453666483011727
35,3,0.30,0.9218051182632204
35,3,0.35,0.8759247744984765
35,3,0.40,0.9368035672175135
35,3,0.45,0.9608323041059045
35,3,0.50,0.9742604477477883
35,3,0.55,0.9514730184981101
35,3,0.60,0.9804441982328066
35,3,0.65,0.7929915509677445
35,3,0.70,0.8915739369136778
35,3,0.75,0.9638810027609147
35,3,0.80,0.9564508168314946
35,3,0.85,0.9830400231628279
35,3,0.90,0.9812067050911029
35,3,0.95,0.9559373383155729
35,4,0.05,0.46084823326502977
35,4,0.10,0.8471330311215518
35,4,0.15,0.9740883274812929
35,4,0.20,0.7048794679210979
35,4,0.25,0.869019096508122
35,4,0.30,0.9089154440546938
35,4,0.35,0.9507060241789504
35,4,0.40,0.9360920430121101
35,4,0.45,0.9627682713810511
35,4,0.50,0.9723992012121502
35,4,0.55,0.9590178308675116
35,4,0.60,0.9923891215506808
35,4,0.65,0.8736463766376598
35,4,0.70,0.9058406580564783
35,4,0.75,0.907330372696511
35,4,0.80,0.9812042631626129
35,4,0.85,0.9755924433369992
35,4,0.90,0.9740348560853043
35,4,0.95,0.9848043264935114
35,5,0.05,0.5554896523059539
35,5,0.10,-1.1560875734173193
35,5,0.15,0.7527631888221761
35,5,0.20,0.8985936396448299
35,5,0.25,0.9743383900476813
35,5,0.30,0.9696896935025477
35,5,0.35,0.9855699364497402
35,5,0.40,0.892618203560118
35,5,0.45,0.9750179182560338
35,5,0.50,0.9563379826758376
35,5,0.55,0.9591024493130529
35,5,0.60,0.9929909035749398
35,5,0.65,0.963535981465561
35,5,0.70,0.945724962478257
35,5,0.75,0.9605915754861757
35,5,0.80,0.964297700362933
35,5,0.85,0.9689723081741524
35,5,0.90,0.9853060434766306
35,5,0.95,0.9733640135810392
35,6,0.05,-3.5544716121679993
35,6,0.10,0.763888225933827
35,6,0.15,0.9874214323794906
35,6,0.20,0.8649516039761711
35,6,0.25,0.8940967825772732
35,6,0.30,0.9737106787193724
35,6,0.35,0.9043782532725562
35,6,0.40,0.9823973053078738
35,6,0.45,0.9722113384721859
35,6,0.50,0.9357450529876585
35,6,0.55,0.9621124708922314
35,6,0.60,0.9578320604834166
35,6,0.65,0.9349286901254005
35,6,0.70,0.9662624712088792
35,6,0.75,0.9641511221112106
35,6,0.80,0.9375886072570033
35,6,0.85,0.9767439386005811
35,6,0.90,0.9725150938521502
35,6,0.95,0.9460451775351829
35,7,0.05,-0.19006377179276845
35,7,0.10,0.8287041962968353
35,7,0.15,0.9835893583884265
35,7,0.20,0.9541054932275815
35,7,0.25,0.8612803780960292
35,7,0.30,0.9822294462626517
35,7,0.35,0.928574883051571
35,7,0.40,0.9539248536648387
35,7,0.45,0.9886381496971248
35,7,0.50,0.9698036942524324
35,7,0.55,0.9691359739945007
35,7,0.60,0.9641145698472082
35,7,0.65,0.9738307853773529
35,7,0.70,0.9464923028268032
35,7,0.75,0.9487150264445657
35,7,0.80,0.9248226329174247
35,7,0.85,0.9152616062533375
35,7,0.90,0.9836219326427257
35,7,0.95,0.9606956453857395
35,8,0.05,-0.007849151923050801
35,8,0.10,0.9249700638269471
35,8,0.15,0.9905631259396087
35,8,0.20,0.889888263880695
35,8,0.25,0.7285196589389554
35,8,0.30,0.858522155516854
35,8,0.35,0.9335416097164313
35,8,0.40,0.9330567477766998
35,8,0.45,0.9660815493756625
35,8,0.50,0.9654772235978539
35,8,0.55,0.9300089686409592
35,8,0.60,0.9697748388831255
35,8,0.65,0.971030986228363
35,8,0.70,0.947720509671952
35,8,0.75,0.9794342498059992
35,8,0.80,0.9827986402711347
35,8,0.85,0.960934337615029
35,8,0.90,0.9638797197923015
35,8,0.95,0.9454724867272949
35,9,0.05,0.5421677830921976
35,9,0.10,0.914870098414949
35,9,0.15,0.9673573706215235
35,9,0.20,0.9802572744160563
35,9,0.25,0.9403581180170585
35,9,0.30,0.9140353100989976
35,9,0.35,0.880832141898513
35,9,0.40,0.9327588662454362
35,9,0.45,0.9758435679921759
35,9,0.50,0.870534807888758
35,9,0.55,0.9779089242463738
35,9,0.60,0.9227959067470386
35,9,0.65,0.9438042242721679
35,9,0.70,0.9728915498988409
35,9,0.75,0.9840975787087103
35,9,0.80,0.945643057799443
35,9,0.85,0.9920160399962964
35,9,0.90,0.9852512950669948
35,9,0.95,0.9635362391534971
36,0,0.05,0.917635572578349
36,0,0.10,0.8557796411766116
36,0,0.15,0.957935369671038
36,0,0.20,0.9548787240460832
36,0,0.25,0.956606035134639
36,0,0.30,0.9774761919158235
36,0,0.35,0.9959361530565469
36,0,0.40,0.9560110454047308
36,0,0.45,0.9047550687238666
36,0,0.50,0.9518887283964502
36,0,0.55,0.8487784197798964
36,0,0.60,0.9524607863249721
36,0,0.65,0.978333696658157
36,0,0.70,0.9299418049969671
36,0,0.75,0.9490032301651758
36,0,0.80,0.9715295119936795
36,0,0.85,0.9686809502093625
36,0,0.90,0.9674375264533752
36,0,0.95,0.9615210531519014
36,1,0.05,0.917635572578349
36,1,0.10,0.702936632917931
36,1,0.15,0.8097990450464477
36,1,0.20,0.9810712994941079
36,1,0.25,0.966295615059958
36,1,0.30,0.9460685010631856
36,1,0.35,0.966628414478722
36,1,0.40,0.7352496968927711
36,1,0.45,0.9065642231702147
36,1,0.50,0.9378449155218903
36,1,0.55,0.8825645720030896
36,1,0.60,0.9400645486520569
36,1,0.65,0.9356055277707184
36,1,0.70,0.8923599824399577
36,1,0.75,0.9597042033740029
36,1,0.80,0.9870764257378276
36,1,0.85,0.9570383911762723
36,1,0.90,0.9383380052459934
36,1,0.95,0.9818455712023447
36,2,0.05,-2.120782629306245
36,2,0.10,0.8475847603537039
36,2,0.15,0.47375611468158674
36,2,0.20,0.9758448687741403
36,2,0.25,0.9328548267636982
36,2,0.30,0.9802808900428511
36,2,0.35,0.9696664025914156
36,2,0.40,0.9885486555818087
36,2,0.45,0.7842565315861868
36,2,0.50,0.9600452850537203
36,2,0.55,0.771084885602563
36,2,0.60,0.9893533693343511
36,2,0.65,0.9334843739754972
36,2,0.70,0.9606869293333518
36,2,0.75,0.9829549682734952
36,2,0.80,0.8955931170009657
36,2,0.85,0.9781733491776969
36,2,0.90,0.9856331483845309
36,2,0.95,0.9846980260005805
36,3,0.05,-1.2461740635178957
36,3,0.10,-0.16468574907747202
36,3,0.15,0.8505830499589369
36,3,0.20,0.908265059901122
36,3,0.25,0.9783318598146061
36,3,0.30,0.9847988897691808
36,3,0.35,0.9647288407108165
36,3,0.40,0.978573819135363
36,3,0.45,0.9694006573063085
36,3,0.50,0.9351378138459047
36,3,0.55,0.9832560204168171
36,3,0.60,0.9678857819975564
36,3,0.65,0.9302252112546313
36,3,0.70,0.960092999326114
36,3,0.75,0.9814451523804273
36,3,0.80,0.9419691306290694
36,3,0.85,0.958456684672316
36,3,0.90,0.9682184162623635
36,3,0.95,0.9663787660417071
36,4,0.05,-1.2461740635178957
36,4,0.10,0.9671760970589854
36,4,0.15,0.8537443181542346
36,4,0.20,0.9556992010339704
36,4,0.25,0.8078241026549443
36,4,0.30,0.9628378943696061
36,4,0.35,0.9904325271904229
36,4,0.40,0.9889905415454461
36,4,0.45,0.9887741653171324
36,4,0.50,0.9940547060189479
36,4,0.55,0.8722163429499523
36,4,0.60,0.9779026636759907
36,4,0.65,0.9468000033891496
36,4,0.70,0.9406616504382148
36,4,0.75,0.9782658625400249
36,4,0.80,0.9419107870357194
36,4,0.85,0.9531083688495419
36,4,0.90,0.9730936135694978
36,4,0.95,0.9658271342186401
36,5,0.05,0.917635572578349
36,5,0.10,0.645441329807573
36,5,0.15,0.8687177239392722
36,5,0.20,0.935231313798588
36,5,0.25,0.9575079234752976
36,5,0.30,0.9785548950679097
36,5,0.35,0.9769958574616444
36,5,0.40,0.9879273692243932
36,5,0.45,0.9104608797274022
36,5,0.50,0.6202525305794098
36,5,0.55,0.9173619134689379
36,5,0.60,0.9820136517802762
36,5,0.65,0.9825013353932379
36,5,0.70,0.9885242793491817
36,5,0.75,0.9227592844391072
36,5,0.80,0.947593205216941
36,5,0.85,0.9676160930724262
36,5,0.90,0.9805784222758609
36,5,0.95,0.964465297261442
36,6,0.05,-4.609584842425941
36,6,0.10,0.9385361881573799
36,6,0.15,0.9526176760932576
36,6,0.20,0.9579476160498404
36,6,0.25,0.8180248968359642
36,6,0.30,0.9582512630908642
36,6,0.35,0.9041150082978334
36,6,0.40,0.976394310226394
36,6,0.45,0.9126021587014965
36,6,0.50,0.9410923520724171
36,6,0.55,0.9719051551373696
36,6,0.60,0.9471007629510789
36,6,0.65,0.9374975429061904
36,6,0.70,0.9801037088544345
36,6,0.75,0.9634628733173245
36,6,0.80,0.9764669038066374
36,6,0.85,0.9729240178549414
36,6,0.90,0.9793817421746333
36,6,0.95,0.9792962633930222
36,7,0.05,0.8214731361347034
36,7,0.10,0.930451718545289
36,7,0.15,0.6718017679761978
36,7,0.20,0.9943673528639325
36,7,0.25,0.9210400454618873
36,7,0.30,0.9629910221748331
36,7,0.35,0.9506674544659866
36,7,0.40,0.9767392014964253
36,7,0.45,0.9854601234695552
36,7,0.50,0.9842102183405433
36,7,0.55,0.93919744425464
36,7,0.60,0.9645679311277225
36,7,0.65,0.9540207587680879
36,7,0.70,0.9408204574110208
36,7,0.75,0.9577206092300717
36,7,0.80,0.8560630352406855
36,7,0.85,0.9677133527269497
36,7,0.90,0.9582721490694719
36,7,0.95,0.9797698521639517
36,8,0.05,-35.941582159723396
36,8,0.10,0.9641261381192426
36,8,0.15,0.8510289285587683
36,8,0.20,0.9757793304706548
36,8,0.25,0.8781473170913376
36,8,0.30,0.958854410226878
36,8,0.35,0.9263896194094798
36,8,0.40,0.9575401028257997
36,8,0.45,0.9845021476562531
36,8,0.50,0.9680387010754068
36,8,0.55,0.9584676266070038
36,8,0.60,0.949425186223558
36,8,0.65,0.9564080217184455
36,8,0.70,0.9575948294184828
36,8,0.75,0.9742315368965175
36,8,0.80,0.9718255262581516
36,8,0.85,0.9495247520978624
36,8,0.90,0.9891192993052008
36,8,0.95,0.984082459018294
36,9,0.05,-3.915335370624729
36,9,0.10,0.9178805531037568
36,9,0.15,0.8188151449766128
36,9,0.20,0.99299514406763
36,9,0.25,0.8799246609556686
36,9,0.30,0.9785474148036246
36,9,0.35,0.9838131512648389
36,9,0.40,0.983605877755248
36,9,0.45,0.9680582552203897
36,9,0.50,0.9475870176170176
36,9,0.55,0.9814480948240716
36,9,0.60,0.9845807584970442
36,9,0.65,0.9512768480050693
36,9,0.70,0.9657106425964429
36,9,0.75,0.9779615072807499
36,9,0.80,0.9801671575337573
36,9,0.85,0.9737634210301751
36,9,0.90,0.98666977869567
36,9,0.95,0.9883810421011977
37,0,0.05,0.6856399625827374
37,0,0.10,-0.6456936236196318
37,0,0.15,0.8988350248901591
37,0,0.20,0.9188871852645516
37,0,0.25,0.4065004351189416
37,0,0.30,0.7531606184343146
37,0,0.35,0.9502110921379208
37,0,0.40,0.8140498358497481
37,0,0.45,0.9513925938032295
37,0,0.50,0.961053187835204
37,0,0.55,0.8011886628905396
37,0,0.60,0.9180002526709415
37,0,0.65,0.9135618609536637
37,0,0.70,0.8623624195855073
37,0,0.75,0.9674980143296592
37,0,0.80,0.9675737555731554
37,0,0.85,0.9444552275461113
37,0,0.90,0.9660891079244168
37,0,0.95,0.9827508057323823
37,1,0.05,0.6856399625827374
37,1,0.10,0.42075481356390054
37,1,0.15,-0.8572540032888283
37,1,0.20,-0.6814830698062886
37,1,0.25,0.9007630728368462
37,1,0.30,0.8928606040746558
37,1,0.35,0.9630935071179139
37,1,0.40,0.6844759455306326
37,1,0.45,0.9222198537189147
37,1,0.50,0.9141157570011601
37,1,0.55,0.9052283342282175
37,1,0.60,0.8471521473049001
37,1,0.65,0.8415244402844719
37,1,0.70,0.9797698900406074
37,1,0.75,0.9296407938155915
37,1,0.80,0.9778129426440547
37,1,0.85,0.971929842678625
37,1,0.90,0.9356260552628147
37,1,0.95,0.9687097845321727
37,2,0.05,-1.855213382393917
37,2,0.10,0.9012911269638211
37,2,0.15,0.7873594505282665
37,2,0.20,0.9101339488034974
37,2,0.25,0.9687859154555762
37,2,0.30,0.9528099970406898
37,2,0.35,0.8878343858066432
37,2,0.40,0.9644513382441245
37,2,0.45,0.9602145368424408
37,2,0.50,0.9402297795209563
37,2,0.55,0.9386597317568758
37,2,0.60,0.9398510202651175
37,2,0.65,0.9501324540527509
37,2,0.70,0.9661904805056625
37,2,0.75,0.9728320451166397
37,2,0.80,0.9545879408549509
37,2,0.85,0.9770021024930018
37,2,0.90,0.9470386703089725
37,2,0.95,0.9504488598526967
37,3,0.05,0.181626041590633
37,3,0.10,-18.048365396609093
37,3,0.15,0.13875194900379517
37,3,0.20,0.5916982206466861
37,3,0.25,0.6369047712039035
37,3,0.30,0.435708095661939
37,3,0.35,0.8935792540212663
37,3,0.40,0.9361345206285661
37,3,0.45,0.9742987652068044
37,3,0.50,0.9683162828019495
37,3,0.55,0.9311288099337023
37,3,0.60,0.8968591895876159
37,3,0.65,0.8812194218414802
37,3,0.70,0.8429335091899746
37,3,0.75,0.9633203910618958
37,3,0.80,0.8990587949654266
37,3,0.85,0.939928212847163
37,3,0.90,0.9631830798494193
37,3,0.95,0.9374346542294056
37,4,0.05,0.181626041590633
37,4,0.10,0.9726468746675269
37,4,0.15,0.8373387115438949
37,4,0.20,0.7597068895110118
37,4,0.25,0.6657512186685547
37,4,0.30,0.8522978885875351
37,4,0.35,0.912430486290709
37,4,0.40,0.9270489055557183
37,4,0.45,0.9258648633402394
37,4,0.50,0.940247714546466
37,4,0.55,0.9463317261842584
37,4,0.60,0.9290642167165355
37,4,0.65,0.9533979339852156
37,4,0.70,0.9633482633553645
37,4,0.75,0.8983403750349395
37,4,0.80,0.97251655317447
37,4,0.85,0.9643710550087163
37,4,0.90,0.9834537739877371
37,4,0.95,0.9761748872983752
37,5,0.05,0.6856399625827374
37,5,0.10,-0.1386700864153978
37,5,0.15,-0.23195643409750333
37,5,0.20,0.6796125890883677
37,5,0.25,0.8797416310124276
37,5,0.30,0.7164631625632188
37,5,0.35,0.6265320457095527
37,5,0.40,0.8457012214683939
37,5,0.45,0.9024123055357849
37,5,0.50,0.9397002585048981
37,5,0.55,0.9522876148202771
37,5,0.60,0.9640555080852773
37,5,0.65,0.9804763936658623
37,5,0.70,0.9826648264217545
37,5,0.75,0.9341619388912644
37,5,0.80,0.8504855900260285
37,5,0.85,0.9797220479183418
37,5,0.90,0.9766959760117913
37,5,0.95,0.9836127368734762
37,6,0.05,-1.9328166001321985
37,6,0.10,0.6516572488669848
37,6,0.15,0.6815739225334123
37,6,0.20,0.9078798915756645
37,6,0.25,0.9624348075736855
37,6,0.30,0.9289552183194576
37,6,0.35,0.9229281928096158
37,6,0.40,0.9765474951427839
37,6,0.45,0.9616184789023637
37,6,0.50,0.9760356070205256
37,6,0.55,0.9197258552183198
37,6,0.60,0.9284922446335603
37,6,0.65,0.9086870056809994
37,6,0.70,0.9625984295269276
37,6,0.75,0.9339626053431395
37,6,0.80,0.9871289903895374
37,6,0.85,0.9658048070487695
37,6,0.90,0.9885845257114241
37,6,0.95,0.9644927631699352
37,7,0.05,0.5753871499635355
37,7,0.10,-0.3849084903564013
37,7,0.15,-0.0036256969824359775
37,7,0.20,0.8807734269088129
37,7,0.25,0.8418286095776938
37,7,0.30,0.9772306800164282
37,7,0.35,0.9698816654444541
37,7,0.40,0.9491185436029417
37,7,0.45,0.9532152059694243
37,7,0.50,0.971055943428771
37,7,0.55,0.8376123420341596
37,7,0.60,0.8904967407117795
37,7,0.65,0.9656475399180601
37,7,0.70,0.8766087099647415
37,7,0.75,0.8903054716496138
37,7,0.80,0.9460382581364082
37,7,0.85,0.9185651336766082
37,7,0.90,0.9521377795345365
37,7,0.95,0.9864375221913579
37,8,0.05,-86.06203540571116
37,8,0.10,0.7856350037934299
37,8,0.15,0.9817072773864526
37,8,0.20,0.9420792795843248
37,8,0.25,0.9662497925550929
37,8,0.30,0.9414407363921694
37,8,0.35,0.9497550314528035
37,8,0.40,0.9262462921403474
37,8,0.45,0.9519081699108947
37,8,0.50,0.980178265856458
37,8,0.55,0.8078884734703473
37,8,0.60,0.9599206831699507
37,8,0.65,0.9446740963854297
37,8,0.70,0.9495577454496555
37,8,0.75,0.9022596077351793
37,8,0.80,0.8723152796516896
37,8,0.85,0.9741744851286656
37,8,0.90,0.9680802063949311
37,8,0.95,0.9847719862410682
37,9,0.05,-35.40253481676918
37,9,0.10,0.2954025209799437
37,9,0.15,0.812885791689306
37,9,0.20,0.8829830271311649
37,9,0.25,0.6581493069258981
37,9,0.30,0.7377700180105753
37,9,0.35,0.8582000622642243
37,9,0.40,0.9206968561488543
37,9,0.45,0.9202961752693901
37,9,0.50,0.9605119793106554
37,9,0.55,0.952055440801457
37,9,0.60,0.9692715266548786
37,9,0.65,0.9160069055208693
37,9,0.70,0.9850067087036055
37,9,0.75,0.937326713104045
37,9,0.80,0.963032842684656
37,9,0.85,0.933071618448144
37,9,0.90,0.9714673173005867
37,9,0.95,0.9657079107787937
38,0,0.05,0.4182941264182727
38,0,0.10,0.6631562569953335
38,0,0.15,0.9815824397074491
38,0,0.20,0.8716189118141244
38,0,0.25,0.9110207220352198
38,0,0.30,0.9452542602195599
38,0,0.35,0.9602416523754603
38,0,0.40,0.9396487670267286
38,0,0.45,0.9434017727932247
38,0,0.50,0.87389400917732
38,0,0.55,0.8767615908104259
38,0,0.60,0.9776221263800546
38,0,0.65,0.952829593582212
38,0,0.70,0.9575079615798244
38,0,0.75,0.9552498279469464
38,0,0.80,0.9251930891997462
38,0,0.85,0.944524979023903
38,0,0.90,0.9748496116876553
38,0,0.95,0.9715913374242647
38,1,0.05,0.4182941264182727
38,1,0.10,-0.4848590589439261
38,1,0.15,0.9576444870223809
38,1,0.20,0.9346307169577617
38,1,0.25,0.8945921455846443
38,1,0.30,0.9067980725660407
38,1,0.35,0.8408502764747969
38,1,0.40,0.8878634764379876
38,1,0.45,0.9597857469024822
38,1,0.50,0.9369714168013717
38,1,0.55,0.9551232343559588
38,1,0.60,0.9411726090447841
38,1,0.65,0.9784291833150887
38,1,0.70,0.9106084853435026
38,1,0.75,0.9069337285393122
38,1,0.80,0.9425106808758266
38,1,0.85,0.9582141142128038
38,1,0.90,0.9698400768787647
38,1,0.95,0.9889603997653451
38,2,0.05,0.8009050755898239
38,2,0.10,0.6026835016045721
38,2,0.15,0.8895597171481475
38,2,0.20,-0.10119393889152928
38,2,0.25,0.9127585362449742
38,2,0.30,0.9706377896493967
38,2,0.35,0.7914957067293767
38,2,0.40,0.9479004539556745
38,2,0.45,0.9780310242106248
38,2,0.50,0.8807548758911116
38,2,0.55,0.9527512067143522
38,2,0.60,0.9603759879746915
38,2,0.65,0.95657193766123
38,2,0.70,0.9855638097587951
38,2,0.75,0.9075889774865892
38,2,0.80,0.9744360493933948
38,2,0.85,0.9397420525817084
38,2,0.90,0.9867127178199169
38,2,0.95,0.9716586004688548
38,3,0.05,0.35714857264735544
38,3,0.10,-3.7806686859118157
38,3,0.15,0.9279879473814622
38,3,0.20,0.8283064125796115
38,3,0.25,0.9455583399466754
38,3,0.30,0.9085963467933049
38,3,0.35,0.7458543566107048
38,3,0.40,0.9390325628438415
38,3,0.45,0.9109619354520955
38,3,0.50,0.8710099854929692
38,3,0.55,0.9558413206073647
38,3,0.60,0.9413340635721011
38,3,0.65,0.9266175250770814
38,3,0.70,0.930833171437693
38,3,0.75,0.9704015993111933
38,3,0.80,0.9833770296179546
38,3,0.85,0.9690109137806615
38,3,0.90,0.9088387956163744
38,3,0.95,0.9657625017778144
38,4,0.05,0.35714857264735544
38,4,0.10,0.8017620074040002
38,4,0.15,0.963465954325767
38,4,0.20,0.8553874127933565
38,4,0.25,0.7597044660016505
38,4,0.30,0.8244788174354971
38,4,0.35,0.8770377332493748
38,4,0.40,0.950027699445271
38,4,0.45,0.9462716672961075
38,4,0.50,0.9506855913148965
38,4,0.55,0.8540474778837255
38,4,0.60,0.9677866085945345
38,4,0.65,0.8494756695558883
38,4,0.70,0.908665280644086
38,4,0.75,0.8476127663785095
38,4,0.80,0.9526397716044415
38,4,0.85,0.9484648594300712
38,4,0.90,0.9436547636414591
38,4,0.95,0.9745166631705428
38,5,0.05,0.4182941264182727
38,5,0.10,-0.056125667164004245
38,5,0.15,0.8443632092370883
38,5,0.20,0.8080096279018173
38,5,0.25,0.9609461618738614
38,5,0.30,0.9319477894182769
38,5,0.35,0.8763942185556255
38,5,0.40,0.9853130333031791
38,5,0.45,0.9620166321785187
38,5,0.50,0.9293290847833087
38,5,0.55,0.9699574482074415
38,5,0.60,0.9764312072141696
38,5,0.65,0.9448575480920369
38,5,0.70,0.9701570785526951
38,5,0.75,0.9363679581482701
38,5,0.80,0.9190467697540678
38,5,0.85,0.9415705597331563
38,5,0.90,0.9787423719876231
38,5,0.95,0.9920584224907951
38,6,0.05,-3.567404411051002
38,6,0.10,0.43182971903443335
38,6,0.15,0.9821061575745927
38,6,0.20,0.9329924484579132
38,6,0.25,0.7774017848301763
38,6,0.30,0.9043308978193375
38,6,0.35,0.7479496027246736
38,6,0.40,0.8865152055292331
38,6,0.45,0.9049764076676106
38,6,0.50,0.7800570385921977
38,6,0.55,0.9673891075320402
38,6,0.60,0.9563733363356361
38,6,0.65,0.9394861823578089
38,6,0.70,0.9876064624238606
38,6,0.75,0.9408704147506963
38,6,0.80,0.9665198602362588
38,6,0.85,0.9750084865747651
38,6,0.90,0.9826305916470872
38,6,0.95,0.9686133473138685
38,7,0.05,-0.32319911089851616
38,7,0.10,0.9051937145705132
38,7,0.15,0.9781191824279898
38,7,0.20,0.923162893854701
38,7,0.25,0.780006793712995
38,7,0.30,0.9293405670846261
38,7,0.35,0.9638037414651726
38,7,0.40,0.9776481539907059
38,7,0.45,0.935702475878496
38,7,0.50,0.7170366919433442
38,7,0.55,0.9550279895954908
38,7,0.60,0.9861659682662252
38,7,0.65,0.9640980675942041
38,7,0.70,0.9681920375292538
38,7,0.75,0.9393459740085826
38,7,0.80,0.9694766718735804
38,7,0.85,0.9158460766794131
38,7,0.90,0.9725076145657143
38,7,0.95,0.9308484393613439
38,8,0.05,-0.005764648928574534
38,8,0.10,0.9304226250502629
38,8,0.15,0.9897805581135511
38,8,0.20,0.8818646959192729
38,8,0.25,0.035984731197112874
38,8,0.30,0.9511050474424302
38,8,0.35,0.9592137596471559
38,8,0.40,0.9475941800442066
38,8,0.45,0.9588402743142923
38,8,0.50,0.96412465967459
38,8,0.55,0.9729286270367115
38,8,0.60,0.9369021711292688
38,8,0.65,0.9597659275323843
38,8,0.70,0.9751911987106995
38,8,0.75,0.9686615185326837
38,8,0.80,0.9623325328385777
38,8,0.85,0.9531274747804364
38,8,0.90,0.984001655795364
38,8,0.95,0.9773755374381177
38,9,0.05,0.7573965142564796
38,9,0.10,0.6607266927472144
38,9,0.15,0.9459175751527842
38,9,0.20,0.9349868347361763
38,9,0.25,0.9484707094328805
38,9,0.30,0.9285471255818322
38,9,0.35,0.907287895548378
38,9,0.40,0.9737926332033825
38,9,0.45,0.9905853932900652
38,9,0.50,0.9604389325616585
38,9,0.55,0.9633735309916203
38,9,0.60,0.9827624903047354
38,9,0.65,0.9320746351154752
38,9,0.70,0.9369013201964307
38,9,0.75,0.9631517585376697
38,9,0.80,0.9789462855576891
38,9,0.85,0.9572464931146971
38,9,0.90,0.9823446693578116
38,9,0.95,0.956127814600539
39,0,0.05,0.5360731412735817
39,0,0.10,0.9818820045613057
39,0,0.15,0.9382507020213748
39,0,0.20,0.8623153024751645
39,0,0.25,0.9589755552679661
39,0,0.30,0.9178194514582154
39,0,0.35,0.949833149180636
39,0,0.40,0.9070696256130188
39,0,0.45,0.9846365380075802
39,0,0.50,0.983169952225438
39,0,0.55,0.9519306470237783
39,0,0.60,0.9583535778052116
39,0,0.65,0.9498478758182809
39,0,0.70,0.9455998437431752
39,0,0.75,0.9448086686922531
39,0,0.80,0.9584710910713782
39,0,0.85,0.9692885222090597
39,0,0.90,0.9721834044702484
39,0,0.95,0.9580760247101183
39,1,0.05,0.5360731412735817
39,1,0.10,0.9793811750445058
39,1,0.15,0.9264327131814212
39,1,0.20,0.9066616434944411
39,1,0.25,0.9720797759974825
39,1,0.30,0.9314953699961845
39,1,0.35,0.8053183717100696
39,1,0.40,0.8743161062243341
39,1,0.45,0.9685816525062968
39,1,0.50,0.972558137572574
39,1,0.55,0.9546751974787585
39,1,0.60,0.9148659069992348
39,1,0.65,0.9461855561238703
39,1,0.70,0.9372678802181706
39,1,0.75,0.9557439163965268
39,1,0.80,0.9474928518159038
39,1,0.85,0.9667907272691011
39,1,0.90,0.9852360001253097
39,1,0.95,0.9656027218943297
39,2,0.05,-0.5732523502339013
39,2,0.10,0.9809856338741382
39,2,0.15,0.9110547239213069
39,2,0.20,0.8596851626862354
39,2,0.25,0.9284040350148846
39,2,0.30,0.8581573771166455
39,2,0.35,0.7588750490531557
39,2,0.40,0.978486877694925
39,2,0.45,0.9864418906554732
39,2,0.50,0.9369154571971521
39,2,0.55,0.8442325606846497
39,2,0.60,0.8827176825216773
39,2,0.65,0.9358857727914771
39,2,0.70,0.9746727979985974
39,2,0.75,0.8211403093950119
39,2,0.80,0.9796980599042538
39,2,0.85,0.9633047831613223
39,2,0.90,0.9595396468432773
39,2,0.95,0.9670449160364369
39,3,0.05,-1.538306214271779
39,3,0.10,-21.080821042235637
39,3,0.15,0.913359712403339
39,3,0.20,0.9776269662408268
39,3,0.25,0.9768468005286542
39,3,0.30,0.8789277625639724
39,3,0.35,0.5743550126399641
39,3,0.40,0.863784264854949
39,3,0.45,0.8962279884703389
39,3,0.50,0.9033419188301283
39,3,0.55,0.9500544020552855
39,3,0.60,0.9043670476458766
39,3,0.65,0.8938364718689952
39,3,0.70,0.9588136129117754
39,3,0.75,0.8988193314528442
39,3,0.80,0.9875070049889602
39,3,0.85,0.9832487917294419
39,3,0.90,0.9885926927677258
39,3,0.95,0.9863618864962962
39,4,0.05,-1.538306214271779
39,4,0.10,0.9858936644704819
39,4,0.15,0.9767308017017043
39,4,0.20,0.9095202410316663
39,4,0.25,0.9610803137718251
39,4,0.30,0.3045917911778704
39,4,0.35,0.9066281360581435
39,4,0.40,0.8560876021959023
39,4,0.45,0.7619586067345685
39,4,0.50,0.9492918400043978
39,4,0.55,0.8172929873286041
39,4,0.60,0.9741388330427109
39,4,0.65,0.9325109937768203
39,4,0.70,0.9364803300390329
39,4,0.75,0.980215164478615
39,4,0.80,0.9753680924726177
39,4,0.85,0.9917751408389543
39,4,0.90,0.978069607359042
39,4,0.95,0.9807160939029858
39,5,0.05,0.5360731412735817
39,5,0.10,0.7319700806462628
39,5,0.15,0.9899742114511509
39,5,0.20,0.9462046435389204
39,5,0.25,0.9758476830713776
39,5,0.30,0.6907245336729448
39,5,0.35,0.96715357985113
39,5,0.40,0.8228789502381184
39,5,0.45,0.93876222224798
39,5,0.50,0.8456414550719705
39,5,0.55,0.8474459160779231
39,5,0.60,0.9712700421337699
39,5,0.65,0.9668167778845227
39,5,0.70,0.979370804728618
39,5,0.75,0.9776160248465143
39,5,0.80,0.9676041409891328
39,5,0.85,0.9692021610789707
39,5,0.90,0.9694301325897463
39,5,0.95,0.989345475707355
39,6,0.05,-17.264166146548384
39,6,0.10,0.9857660837210627
39,6,0.15,0.9938716316550197
39,6,0.20,0.9482467621667575
39,6,0.25,0.8122265610863035
39,6,0.30,0.9244066585210667
39,6,0.35,0.9494562221134671
39,6,0.40,0.932108694885815
39,6,0.45,0.9373915646820596
39,6,0.50,0.8603313850952409
39,6,0.55,0.9143452544981959
39,6,0.60,0.9302255203756322
39,6,0.65,0.973636764970022
39,6,0.70,0.9582033964873211
39,6,0.75,0.9762830997493771
39,6,0.80,0.9283509691944556
39,6,0.85,0.9675772043222369
39,6,0.90,0.9774781012097983
39,6,0.95,0.955644598801681
39,7,0.05,0.2239904761121515
39,7,0.10,0.9934786058431619
39,7,0.15,0.9322803418425941
39,7,0.20,0.8728197726646978
39,7,0.25,0.9148101966466506
39,7,0.30,0.86009728017326
39,7,0.35,0.9779304341531314
39,7,0.40,0.8384088779375761
39,7,0.45,0.9804357130524498
39,7,0.50,0.9538059634776693
39,7,0.55,0.9077197887863343
39,7,0.60,0.9647219856706528
39,7,0.65,0.978307376005067
39,7,0.70,0.9036632059842158
39,7,0.75,0.9253610198731006
39,7,0.80,0.9689105427772748
39,7,0.85,0.9803811552395332
39,7,0.90,0.9798268984083656
39,7,0.95,0.9613892914028473
39,8,0.05,-80.69945906640397
39,8,0.10,0.8941310139759429
39,8,0.15,0.9533009477208435
39,8,0.20,0.9269252329062474
39,8,0.25,0.8246022221928277
39,8,0.30,0.8979359541729396
39,8,0.35,0.8975414137276241
39,8,0.40,0.9280889331229868
39,8,0.45,0.937584513731916
39,8,0.50,0.9810243829719336
39,8,0.55,0.989293102660962
39,8,0.60,0.9480561041246746
39,8,0.65,0.9814840127791209
39,8,0.70,0.9645309319676099
39,8,0.75,0.9586038887611121
39,8,0.80,0.968399929496775
39,8,0.85,0.9512042396552786
39,8,0.90,0.9696899422205345
39,8,0.95,0.9451733523296525
39,9,0.05,-0.47882346442167845
39,9,0.10,0.9007773684259198
39,9,0.15,0.901407349526008
39,9,0.20,0.9364408924637502
39,9,0.25,0.8663826434860833
39,9,0.30,0.7015690253563356
39,9,0.35,0.7539784321569614
39,9,0.40,0.9742136503968607
39,9,0.45,0.9777939897404
39,9,0.50,0.89077675508067
39,9,0.55,0.9746064901170721
39,9,0.60,0.9442426823406487
39,9,0.65,0.9316008801346983
39,9,0.70,0.9562257317434208
39,9,0.75,0.9835188116194044
39,9,0.80,0.9650065151284918
39,9,0.85,0.968421350388963
39,9,0.90,0.8797725011176641
39,9,0.95,0.9767997107311929
40,0,0.05,0.616414680778353
40,0,0.10,0.9019937876564004
40,0,0.15,0.9352051564834549
40,0,0.20,0.906807500564281
40,0,0.25,0.8971755785341459
40,0,0.30,0.9374390814771982
40,0,0.35,0.9510799940065545
40,0,0.40,0.9440127032012676
40,0,0.45,0.9564448174043
40,0,0.50,0.9674465619517987
40,0,0.55,0.8804011931909322
40,0,0.60,0.9560502892436948
40,0,0.65,0.9670734005636166
40,0,0.70,0.9794030976539325
40,0,0.75,0.9718352705340153
40,0,0.80,0.9773483333550061
40,0,0.85,0.9380084946862354
40,0,0.90,0.9813971703851779
40,0,0.95,0.9776883995640608
40,1,0.05,0.616414680778353
40,1,0.10,0.8704120335860462
40,1,0.15,-2.5703769137291603
40,1,0.20,-1.2300710351022155
40,1,0.25,0.9439298939353384
40,1,0.30,0.940346107992697
40,1,0.35,0.9605248117122444
40,1,0.40,0.9680215877871505
40,1,0.45,0.967275583452632
40,1,0.50,0.8498854029212677
40,1,0.55,0.9479848297545156
40,1,0.60,0.9777605858074313
40,1,0.65,0.8637263842691691
40,1,0.70,0.9152032554809116
40,1,0.75,0.9706213962849496
40,1,0.80,0.9488116870886063
40,1,0.85,0.932599093698005
40,1,0.90,0.9825196798381958
40,1,0.95,0.9559126851368167
40,2,0.05,0.015431443070388684
40,2,0.10,0.9841676977883206
40,2,0.15,-0.3320628688781391
40,2,0.20,0.9272111116162088
40,2,0.25,0.9514211055354467
40,2,0.30,0.9042847861087709
40,2,0.35,0.9235931722967428
40,2,0.40,0.9352054169173947
40,2,0.45,0.9547999150396181
40,2,0.50,0.9468449712459247
40,2,0.55,0.8574764266719144
40,2,0.60,0.9728134739235602
40,2,0.65,0.9628614665604289
40,2,0.70,0.9884535319252592
40,2,0.75,0.9820770655978346
40,2,0.80,0.9623859824004578
40,2,0.85,0.9767207964240884
40,2,0.90,0.9594713157142436
40,2,0.95,0.9597222979631141
40,3,0.05,0.07531268235985578
40,3,0.10,-6.0018874141119465
40,3,0.15,0.8877716738258385
40,3,0.20,0.921045852471064
40,3,0.25,0.8881355649869673
40,3,0.30,0.9732841831637696
40,3,0.35,0.6080286581955042
40,3,0.40,0.9324846913166365
40,3,0.45,0.8810505011423264
40,3,0.50,0.9426906325313719
40,3,0.55,0.910141597222728
40,3,0.60,0.9532310750160514
40,3,0.65,0.9516833023128161
40,3,0.70,0.8623243708060316
40,3,0.75,0.944180201657168
40,3,0.80,0.9563671243851657
40,3,0.85,0.9651010344506942
40,3,0.90,0.978670457034042
40,3,0.95,0.988912097085615
40,4,0.05,0.07531268235985578
40,4,0.10,0.9613612513511497
40,4,0.15,0.8600928580534526
40,4,0.20,0.9260273311851026
40,4,0.25,0.8609325277669562
40,4,0.30,0.7969334398295056
40,4,0.35,0.968597349240335
40,4,0.40,0.9087444988297401
40,4,0.45,0.9568257452353429
40,4,0.50,0.983412204568902
40,4,0.55,0.9353373005444127
40,4,0.60,0.9930525233923031
40,4,0.65,0.9910284887351204
40,4,0.70,0.959261314281872
40,4,0.75,0.977170653336929
40,4,0.80,0.9745100772974504
40,4,0.85,0.9596886525196919
40,4,0.90,0.9624346157339818
40,4,0.95,0.9813862144663167
40,5,0.05,0.616414680778353
40,5,0.10,0.8271922229329706
40,5,0.15,0.5453620724037183
40,5,0.20,0.9263871394781219
40,5,0.25,0.6490189004209047
40,5,0.30,0.8883230348765383
40,5,0.35,0.9637180712850338
40,5,0.40,0.9573691915133625
40,5,0.45,0.9773591139761599
40,5,0.50,0.8691640804340092
40,5,0.55,0.9703786281514074
40,5,0.60,0.977614993768335
40,5,0.65,0.9457825675016043
40,5,0.70,0.9555765824242763
40,5,0.75,0.9475662369768235
40,5,0.80,0.9569637755990918
40,5,0.85,0.960577507773295
40,5,0.90,0.9760473930882856
40,5,0.95,0.9843119736359638
40,6,0.05,-8.123834417395956
40,6,0.10,0.8750144649092936
40,6,0.15,0.9479782704911027
40,6,0.20,0.8865135938828241
40,6,0.25,0.882496086788256
40,6,0.30,0.9437150724063221
40,6,0.35,0.9184520730260528
40,6,0.40,0.9568043373242217
40,6,0.45,0.9562630124895387
40,6,0.50,0.8185282425730063
40,6,0.55,0.9261308169620025
40,6,0.60,0.9722982298172138
40,6,0.65,0.8785163061647304
40,6,0.70,0.9780813813212075
40,6,0.75,0.9179644831533333
40,6,0.80,0.9731927177721822
40,6,0.85,0.9499393800808853
40,6,0.90,0.9759227234744452
40,6,0.95,0.988596203034228
40,7,0.05,0.20944978241051215
40,7,0.10,0.8423127079333362
40,7,0.15,0.9061298555573396
40,7,0.20,0.9307527215376641
40,7,0.25,0.9305508477606779
40,7,0.30,0.9306879135876398
40,7,0.35,0.9481671853182615
40,7,0.40,0.975397493883075
40,7,0.45,0.9503839470341465
40,7,0.50,0.8885500226308185
40,7,0.55,0.9610767805239462
40,7,0.60,0.9562349194218143
40,7,0.65,0.9800412502145963
40,7,0.70,0.9653338832154278
40,7,0.75,0.9213307831967863
40,7,0.80,0.9666436897237229
40,7,0.85,0.9193863959217177
40,7,0.90,0.9783280372968043
40,7,0.95,0.9139463001395353
40,8,0.05,-0.29805215767120496
40,8,0.10,0.572379820007684
40,8,0.15,0.8828460766037758
40,8,0.20,0.9144231748158193
40,8,0.25,0.9108765301836438
40,8,0.30,0.9250012588372262
40,8,0.35,0.9636722555185665
40,8,0.40,0.9056842315266986
40,8,0.45,0.9343201974887537
40,8,0.50,0.935037282828146
40,8,0.55,0.9650546151360051
40,8,0.60,0.9406250584226232
40,8,0.65,0.9758727278134962
40,8,0.70,0.9772068205003278
40,8,0.75,0.9709705538025128
40,8,0.80,0.9576064030570368
40,8,0.85,0.9710421343123845
40,8,0.90,0.9806910267817246
40,8,0.95,0.9481226227102906
40,9,0.05,0.21925415809380766
40,9,0.10,0.8605120144192091
40,9,0.15,0.8499061510108098
40,9,0.20,0.6414098722311119
40,9,0.25,0.9344897854485907
40,9,0.30,0.9490218411659985
40,9,0.35,0.9604504140330702
40,9,0.40,0.9362738769514675
40,9,0.45,0.9869265893852586
40,9,0.50,0.9352669675229194
40,9,0.55,0.9721999241716478
40,9,0.60,0.9836168668681524
40,9,0.65,0.9385451800962652
40,9,0.70,0.9740050170446305
40,9,0.75,0.9829466510166714
40,9,0.80,0.9560590538908945
40,9,0.85,0.97801215642226
40,9,0.90,0.9598798444648855
40,9,0.95,0.981000206695693
41,0,0.05,0.6331583787391903
41,0,0.10,-0.8179477817651715
41,0,0.15,-0.28725116616650026
41,0,0.20,0.4454554351746288
41,0,0.25,0.7673893721843796
41,0,0.30,0.9401165412574706
41,0,0.35,0.9003444984974843
41,0,0.40,0.9479106681688453
41,0,0.45,0.9427519281107286
41,0,0.50,0.8780275724593865
41,0,0.55,0.9496291080619709
41,0,0.60,0.9630864446479207
41,0,0.65,0.9684854140261758
41,0,0.70,0.9410549089680438
41,0,0.75,0.9766201823914453
41,0,0.80,0.9438775220858889
41,0,0.85,0.8957773773907106
41,0,0.90,0.9325158603169519
41,0,0.95,0.9772316721080935
41,1,0.05,0.6331583787391903
41,1,0.10,0.4794160359142149
41,1,0.15,0.7197499057268086
41,1,0.20,0.7339480874431348
41,1,0.25,0.592882657278602
41,1,0.30,0.9720542743692491
41,1,0.35,0.753269805476024
41,1,0.40,0.931072708586324
41,1,0.45,0.8682422181858027
41,1,0.50,0.9305949539103597
41,1,0.55,0.9605898598671196
41,1,0.60,0.9300725474485307
41,1,0.65,0.969135429495677
41,1,0.70,0.9652490987549442
41,1,0.75,0.9215123449664446
41,1,0.80,0.9642478185207501
41,1,0.85,0.9810146088824079
41,1,0.90,0.9732811928831372
41,1,0.95,0.9791311708785645
41,2,0.05,-1142.0883395621568
41,2,0.10,0.9371469600971432
41,2,0.15,-0.9961143171374818
41,2,0.20,0.6668982226565702
41,2,0.25,0.892118197137594
41,2,0.30,0.9636799320521231
41,2,0.35,0.8926307836857825
41,2,0.40,0.7622931529222557
41,2,0.45,0.8649085193368163
41,2,0.50,0.8633894307165046
41,2,0.55,0.9894944965211939
41,2,0.60,0.9313733677479286
41,2,0.65,0.9733054232015913
41,2,0.70,0.9726291174991943
41,2,0.75,0.9393217422829926
41,2,0.80,0.9609121817426636
41,2,0.85,0.9536805632481821
41,2,0.90,0.9098689131284079
41,2,0.95,0.9670689176054897
41,3,0.05,0.07531436858505292
41,3,0.10,-5.711394626822142
41,3,0.15,0.9621632914402467
41,3,0.20,0.36057162054772296
41,3,0.25,0.7850572764393333
41,3,0.30,0.852970091900325
41,3,0.35,0.8633522815399405
41,3,0.40,0.9380417115849878
41,3,0.45,0.8725056406040014
41,3,0.50,0.9526819829131347
41,3,0.55,0.9556146474871323
41,3,0.60,0.9586550330265411
41,3,0.65,0.9160172058231768
41,3,0.70,0.9398575970888662
41,3,0.75,0.9674483007351391
41,3,0.80,0.9201613088676495
41,3,0.85,0.9822515770018134
41,3,0.90,0.9717552078067583
41,3,0.95,0.9458282326642982
41,4,0.05,0.07531436858505292
41,4,0.10,0.9245723246453986
41,4,0.15,0.9415553657872078
41,4,0.20,0.8347970847954531
41,4,0.25,0.4667783267329856
41,4,0.30,0.8038485057760187
41,4,0.35,0.964764478365236
41,4,0.40,0.8955067649704862
41,4,0.45,0.9446114767531842
41,4,0.50,0.9497473411953773
41,4,0.55,0.9585129443104462
41,4,0.60,0.9763078432187766
41,4,0.65,0.9499625356282997
41,4,0.70,0.9676880045973727
41,4,0.75,0.9599389741625347
41,4,0.80,0.952181192090556
41,4,0.85,0.9687777577548148
41,4,0.90,0.9686112310596211
41,4,0.95,0.9737366733809744
41,5,0.05,0.6331583787391903
41,5,0.10,0.09862292180062815
41,5,0.15,0.6661372101915706
41,5,0.20,0.9021200262314517
41,5,0.25,0.8533445867926169
41,5,0.30,0.8487766272492184
41,5,0.35,0.9334466997955323
41,5,0.40,0.9313446550099866
41,5,0.45,0.9608111666155384
41,5,0.50,0.9557299306531009
41,5,0.55,0.9755619455352464
41,5,0.60,0.9728220764136208
41,5,0.65,0.9494459341169244
41,5,0.70,0.9698245196937333
41,5,0.75,0.957660105573167
41,5,0.80,0.9384102758097281
41,5,0.85,0.9691527650282415
41,5,0.90,0.9792839941710726
41,5,0.95,0.979505320646038
41,6,0.05,-4.903329038007973
41,6,0.10,0.8159118637420828
41,6,0.15,0.9835559233267319
41,6,0.20,0.7012002672903489
41,6,0.25,0.830632033422178
41,6,0.30,0.7600882239901121
41,6,0.35,0.830673308800499
41,6,0.40,0.9282621796342218
41,6,0.45,0.9533551963184838
41,6,0.50,0.9552594490248194
41,6,0.55,0.9712838010847263
41,6,0.60,0.9471576732732461
41,6,0.65,0.9647347705157409
41,6,0.70,0.9670298937927923
41,6,0.75,0.9694867611658404
41,6,0.80,0.97039214362068
41,6,0.85,0.9873553758919842
41,6,0.90,0.9920606920685282
41,6,0.95,0.9507477107514251
41,7,0.05,0.5416761174513192
41,7,0.10,0.9325183139957991
41,7,0.15,0.9535490188432479
41,7,0.20,0.865589720345582
41,7,0.25,0.9321888853606586
41,7,0.30,0.9169914152993461
41,7,0.35,0.7882714316052639
41,7,0.40,0.7136726157769757
41,7,0.45,0.960625880027061
41,7,0.50,0.8974404853576531
41,7,0.55,0.9582047062034792
41,7,0.60,0.9688941529580392
41,7,0.65,0.9813081360762537
41,7,0.70,0.8152579762061343
41,7,0.75,0.9503032274732566
41,7,0.80,0.9672883471513922
41,7,0.85,0.8874034572524139
41,7,0.90,0.9909417386817654
41,7,0.95,0.9147670083700759
41,8,0.05,-12.56726103042645
41,8,0.10,0.9620887393331065
41,8,0.15,0.9702075720146617
41,8,0.20,0.9522907959546775
41,8,0.25,0.23887514271049537
41,8,0.30,0.8783326527769126
41,8,0.35,0.837890661870235
41,8,0.40,0.7864173305535354
41,8,0.45,0.9439766161962293
41,8,0.50,0.882542293172156
41,8,0.55,0.9661562707974909
41,8,0.60,0.9815211740366326
41,8,0.65,0.967246569241041
41,8,0.70,0.9683802007287979
41,8,0.75,0.90625154028237
41,8,0.80,0.9393503614517157
41,8,0.85,0.9680478456476609
41,8,0.90,0.9793269610035659
41,8,0.95,0.9848966683834112
41,9,0.05,-5.26191578184306
41,9,0.10,0.21804105158906095
41,9,0.15,0.3117904677593569
41,9,0.20,0.8308546901008593
41,9,0.25,0.9462192263823386
41,9,0.30,0.9271196110389249
41,9,0.35,0.9455296710822951
41,9,0.40,0.9643355135289567
41,9,0.45,0.940623101955447
41,9,0.50,0.9617676725539572
41,9,0.55,0.9627386717577358
41,9,0.60,0.9644302515747221
41,9,0.65,0.9458726867382496
41,9,0.70,0.9610752454583742
41,9,0.75,0.9621451181398364
41,9,0.80,0.9760363887757272
41,9,0.85,0.977366350336536
41,9,0.90,0.9884562004667797
41,9,0.95,0.9724652355109079
42,0,0.05,0.6633843872725744
42,0,0.10,0.7174611111710609
42,0,0.15,0.8040561789706959
42,0,0.20,0.8565834967429204
42,0,0.25,0.8317552573594713
42,0,0.30,0.9592951906633561
42,0,0.35,0.9651403037092883
42,0,0.40,0.9334218294013978
42,0,0.45,0.9312545198020232
42,0,0.50,0.9709446452204652
42,0,0.55,0.9441151747969287
42,0,0.60,0.9856123171534376
42,0,0.65,0.9905130561144538
42,0,0.70,0.9769767859380784
42,0,0.75,0.9571278977948314
42,0,0.80,0.9588114929805693
42,0,0.85,0.9539259559144623
42,0,0.90,0.9622531832272478
42,0,0.95,0.9691370902165164
42,1,0.05,0.6633843872725744
42,1,0.10,0.956023049062613
42,1,0.15,0.8296748425536742
42,1,0.20,0.7837920814472059
42,1,0.25,0.8595548273757674
42,1,0.30,0.9857813047986959
42,1,0.35,0.9372132015826665
42,1,0.40,0.9760196276339865
42,1,0.45,0.9508395384532091
42,1,0.50,0.9423101596531845
42,1,0.55,0.9371459004526631
42,1,0.60,0.9732924291299985
42,1,0.65,0.9550743750541509
42,1,0.70,0.9777768521944589
42,1,0.75,0.9470024931382788
42,1,0.80,0.8933520398260222
42,1,0.85,0.9588394367759947
42,1,0.90,0.9834961913315794
42,1,0.95,0.9852348418664845
42,2,0.05,-0.8481925223917544
42,2,0.10,0.9977618143565447
42,2,0.15,0.20704753597882197
42,2,0.20,-0.6042424731091467
42,2,0.25,0.8061596814399954
42,2,0.30,0.9408376250546566
42,2,0.35,0.7221491958581073
42,2,0.40,0.9522222646914211
42,2,0.45,0.8816107230344827
42,2,0.50,0.9458595010310191
42,2,0.55,0.9895343689777608
42,2,0.60,0.9869955411010657
42,2,0.65,0.9849788348984772
42,2,0.70,0.9914796910282885
42,2,0.75,0.9770943128310957
42,2,0.80,0.9332473718819789
42,2,0.85,0.9774572405673368
42,2,0.90,0.9748618639703726
42,2,0.95,0.964112087950433
42,3,0.05,0.32695931405592105
42,3,0.10,-0.014384147067993736
42,3,0.15,0.9569219233871306
42,3,0.20,0.9594094874173547
42,3,0.25,0.937253816266518
42,3,0.30,0.9548085062355829
42,3,0.35,0.9077228805681609
42,3,0.40,0.9477703750206878
42,3,0.45,0.9469481277577548
42,3,0.50,0.9241943335927492
42,3,0.55,0.9774375960989504
42,3,0.60,0.9732397357566914
42,3,0.65,0.9747890004271307
42,3,0.70,0.8820575798425663
42,3,0.75,0.968334969070069
42,3,0.80,0.9563481364704267
42,3,0.85,0.9558230466427172
42,3,0.90,0.9542522938608828
42,3,0.95,0.9635269760496449
42,4,0.05,0.32695931405592105
42,4,0.10,0.9823514260581355
42,4,0.15,0.9630194829039944
42,4,0.20,0.7593918244893423
42,4,0.25,0.8561731046139833
42,4,0.30,0.9401477797055355
42,4,0.35,0.959620604062901
42,4,0.40,0.9677781780905008
42,4,0.45,0.9496312818233135
42,4,0.50,0.9215275280321695
42,4,0.55,0.9000432323126272
42,4,0.60,0.9680201577542725
42,4,0.65,0.9734853476860601
42,4,0.70,0.9846398189441471
42,4,0.75,0.9668763659640165
42,4,0.80,0.9827577537064957
42,4,0.85,0.9897906374413253
42,4,0.90,0.933659522678901
42,4,0.95,0.9618243398803392
42,5,0.05,0.6633843872725744
42,5,0.10,0.9841904893127771
42,5,0.15,0.8190729224119357
42,5,0.20,0.9646460814573927
42,5,0.25,0.49882585875030805
42,5,0.30,0.9777874684374004
42,5,0.35,0.9670088688431815
42,5,0.40,0.9659740248956762
42,5,0.45,0.9546180898043707
42,5,0.50,0.9501673353838471
42,5,0.55,0.9682738343827803
42,5,0.60,0.9689859432187177
42,5,0.65,0.9744660113243959
42,5,0.70,0.9817771590565979
42,5,0.75,0.9596163967657756
42,5,0.80,0.9738338751998061
42,5,0.85,0.9371797006805371
42,5,0.90,0.9721078466166975
42,5,0.95,0.9708734601980461
42,6,0.05,-0.0022994951109973627
42,6,0.10,0.9122177848007033
42,6,0.15,0.9833164074620144
42,6,0.20,0.3380857338931018
42,6,0.25,0.6512466390886742
42,6,0.30,0.9376572326189111
42,6,0.35,0.923222919499441
42,6,0.40,0.9573444686799198
42,6,0.45,0.9515941294335356
42,6,0.50,0.9146538197307982
42,6,0.55,0.9840572422505164
42,6,0.60,0.9927028688488043
42,6,0.65,0.9319226693826685
42,6,0.70,0.9840645421303943
42,6,0.75,0.9449101266330125
42,6,0.80,0.9740715193108088
42,6,0.85,0.9537295158779684
42,6,0.90,0.957773611013722
42,6,0.95,0.9724426566108814
42,7,0.05,0.16278499466824703
42,7,0.10,0.96030701343124
42,7,0.15,0.8007698221254831
42,7,0.20,0.9112554095179806
42,7,0.25,0.9221969717152432
42,7,0.30,0.9618460708491384
42,7,0.35,0.9707742595031202
42,7,0.40,0.9627287823998832
42,7,0.45,0.9776930246316899
42,7,0.50,0.8979477416353029
42,7,0.55,0.9836086175891906
42,7,0.60,0.9904236362978088
42,7,0.65,0.9777572677098467
42,7,0.70,0.968891133681205
42,7,0.75,0.9667553271489687
42,7,0.80,0.9825575647575657
42,7,0.85,0.9534784614128199
42,7,0.90,0.975586599118257
42,7,0.95,0.9547771307831898
42,8,0.05,-830076.6880791084
42,8,0.10,0.949254391103999
42,8,0.15,0.9920761440095485
42,8,0.20,0.9218672310901233
42,8,0.25,0.5288366466474901
42,8,0.30,0.9648339002398992
42,8,0.35,0.9554319094841514
42,8,0.40,0.9338231148506111
42,8,0.45,0.9483709049684312
42,8,0.50,0.9134187350022697
42,8,0.55,0.9628575923719888
42,8,0.60,0.9573964904292106
42,8,0.65,0.9607091916486048
42,8,0.70,0.9654595384739802
42,8,0.75,0.9455958032836123
42,8,0.80,0.9695407568409816
42,8,0.85,0.9312011635796408
42,8,0.90,0.9761840876187667
42,8,0.95,0.9591574282155825
42,9,0.05,-3.5778033349451324
42,9,0.10,0.6619854176210301
42,9,0.15,0.7465118973513064
42,9,0.20,0.9273555920375647
42,9,0.25,0.9467163816880044
42,9,0.30,0.8550764605031114
42,9,0.35,0.9556445765904773
42,9,0.40,0.9559107395571864
42,9,0.45,0.9936759852989345
42,9,0.50,0.8330069367858577
42,9,0.55,0.98652130186664
42,9,0.60,0.9670272839656687
42,9,0.65,0.9831932289984437
42,9,0.70,0.9479651384878988
42,9,0.75,0.9405667569963532
42,9,0.80,0.9704679995871754
42,9,0.85,0.9864087906382626
42,9,0.90,0.9707813460106355
42,9,0.95,0.9748543833202755
43,0,0.05,0.7724390191791454
43,0,0.10,-1.2166470354265795
43,0,0.15,0.8287754375734763
43,0,0.20,0.9233352980231854
43,0,0.25,0.7691905036381317
43,0,0.30,0.8809331245223292
43,0,0.35,0.9145480863035692
43,0,0.40,0.869459927425477
43,0,0.45,0.9656013229289873
43,0,0.50,0.9747556230979442
43,0,0.55,0.9602903361723263
43,0,0.60,0.9422854680934108
43,0,0.65,0.978289353843926
43,0,0.70,0.9765163268358772
43,0,0.75,0.9241268908844877
43,0,0.80,0.9635438013419011
43,0,0.85,0.9603259678796785
43,0,0.90,0.9629784509337473
43,0,0.95,0.9795271196448002
43,1,0.05,0.7724390191791454
43,1,0.10,0.7766505906543465
43,1,0.15,0.5532681870447853
43,1,0.20,0.7154446264731944
43,1,0.25,0.9163727084443904
43,1,0.30,0.871478702746822
43,1,0.35,0.8581923574544972
43,1,0.40,0.9632379111397086
43,1,0.45,0.9410582354433471
43,1,0.50,0.9701112030924148
43,1,0.55,0.9915577460180991
43,1,0.60,0.7947030918065193
43,1,0.65,0.9543022597220009
43,1,0.70,0.988059070180394
43,1,0.75,0.9670352398920715
43,1,0.80,0.942658073687706
43,1,0.85,0.8991615803315833
43,1,0.90,0.9705833341508018
43,1,0.95,0.9863932933239985
43,2,0.05,-2.5146865797895583
43,2,0.10,0.6413969995673974
43,2,0.15,0.5897326965075146
43,2,0.20,0.8691562877243115
43,2,0.25,0.9817206483020211
43,2,0.30,0.9173606505466202
43,2,0.35,0.7573208341916653
43,2,0.40,0.9261919530214021
43,2,0.45,0.8950586312436533
43,2,0.50,0.9361373010704936
43,2,0.55,0.8618525169449887
43,2,0.60,0.9781231672782085
43,2,0.65,0.950168508114011
43,2,0.70,0.9679512470203712
43,2,0.75,0.982081314409387
43,2,0.80,0.9680927323482915
43,2,0.85,0.9551640042858104
43,2,0.90,0.9874320289228476
43,2,0.95,0.9615016129885537
43,3,0.05,-0.09779335524221677
43,3,0.10,-26.888664206507173
43,3,0.15,0.5010588548545354
43,3,0.20,0.7278777175640456
43,3,0.25,0.8688329908899765
43,3,0.30,0.8484127357466892
43,3,0.35,0.7210820358471208
43,3,0.40,0.8592750578380841
43,3,0.45,0.8783440250550358
43,3,0.50,0.9618348660614074
43,3,0.55,0.9750595296033068
43,3,0.60,0.9590848666721543
43,3,0.65,0.9541186506964888
43,3,0.70,0.9786319695612773
43,3,0.75,0.9688222955292093
43,3,0.80,0.9797308019070429
43,3,0.85,0.9553882416103138
43,3,0.90,0.9438458895720243
43,3,0.95,0.9639159505723347
43,4,0.05,-0.09779335524221677
43,4,0.10,0.8943352896864986
43,4,0.15,0.952188146881429
43,4,0.20,0.9538149683725492
43,4,0.25,0.7244242269867379
43,4,0.30,0.8192130680249508
43,4,0.35,0.9234557047115782
43,4,0.40,0.97530805608571
43,4,0.45,0.9620820969057914
43,4,0.50,0.9556256560568382
43,4,0.55,0.8991639162776749
43,4,0.60,0.9760287128196615
43,4,0.65,0.9575191201408376
43,4,0.70,0.9553787707987611
43,4,0.75,0.9467494898525459
43,4,0.80,0.9885845929366093
43,4,0.85,0.9717890913079714
43,4,0.90,0.9832079302175492
43,4,0.95,0.985651115453842
43,5,0.05,0.7724390191791454
43,5,0.10,0.12547435182572353
43,5,0.15,-1.389574176964048
43,5,0.20,0.9159502722326455
43,5,0.25,0.8343913832021082
43,5,0.30,0.8324350522261976
43,5,0.35,0.9254041303365563
43,5,0.40,0.9466202389660281
43,5,0.45,0.9270220250980508
43,5,0.50,0.964395247895109
43,5,0.55,0.9894597528247323
43,5,0.60,0.989082578399
43,5,0.65,0.970609749693725
43,5,0.70,0.968750142553823
43,5,0.75,0.9543356585761554
43,5,0.80,0.9767309898748718
43,5,0.85,0.9845918235516555
43,5,0.90,0.9746039906350331
43,5,0.95,0.9616731439516075
43,6,0.05,-2.3151953239234766
43,6,0.10,0.6372946852795884
43,6,0.15,0.9561504943861614
43,6,0.20,0.9762117200042222
43,6,0.25,0.9344953764083984
43,6,0.30,0.7890927484504013
43,6,0.35,0.947158459575572
43,6,0.40,0.6783818523498834
43,6,0.45,0.790126930571255
43,6,0.50,0.9541423638405009
43,6,0.55,0.9333470213152144
43,6,0.60,0.9725487378166124
43,6,0.65,0.9733901943874382
43,6,0.70,0.9748308518466416
43,6,0.75,0.950851550879864
43,6,0.80,0.9515755124607705
43,6,0.85,0.9812679730575188
43,6,0.90,0.9071830610219391
43,6,0.95,0.9863348276096446
43,7,0.05,0.46737935426553767
43,7,0.10,-1.3854823149348463
43,7,0.15,0.8991424200817455
43,7,0.20,0.9397633629373683
43,7,0.25,0.9873321628378876
43,7,0.30,0.9576163539072303
43,7,0.35,0.9628082036623123
43,7,0.40,0.9189559919531604
43,7,0.45,0.921129246749925
43,7,0.50,0.8571064637353875
43,7,0.55,0.9878962789044784
43,7,0.60,0.9617601779468118
43,7,0.65,0.9733233352217979
43,7,0.70,0.9479479496170958
43,7,0.75,0.9406585038430862
43,7,0.80,0.9618897815833003
43,7,0.85,0.9151765504855489
43,7,0.90,0.9641374549252056
43,7,0.95,0.9641616686159948
43,8,0.05,-31.276011296559894
43,8,0.10,-104.58229036394114
43,8,0.15,0.9851656267104641
43,8,0.20,0.9626276833527465
43,8,0.25,0.8815922888693155
43,8,0.30,0.9384900757635788
43,8,0.35,0.8911174501135848
43,8,0.40,0.7487111143706391
43,8,0.45,0.9598734203895887
43,8,0.50,0.9787893657244358
43,8,0.55,0.9824032633975126
43,8,0.60,0.9266620504973647
43,8,0.65,0.9903548856974281
43,8,0.70,0.981333508470496
43,8,0.75,0.9630744624211012
43,8,0.80,0.9837509423937991
43,8,0.85,0.8971508438937699
43,8,0.90,0.9825176423294814
43,8,0.95,0.9751755212144642
43,9,0.05,-98.54232657265905
43,9,0.10,-0.06875690213383123
43,9,0.15,0.9880404710402287
43,9,0.20,0.9544710966892029
43,9,0.25,0.9409114637003462
43,9,0.30,0.9476789939639395
43,9,0.35,0.8782083495796447
43,9,0.40,0.9386304249815327
43,9,0.45,0.9571614420332496
43,9,0.50,0.9665917258870546
43,9,0.55,0.9648381036229683
43,9,0.60,0.9653537823219253
43,9,0.65,0.9504836646220202
43,9,0.70,0.9714744250246181
43,9,0.75,0.9582784318136272
43,9,0.80,0.9009230500098312
43,9,0.85,0.9825426750635183
43,9,0.90,0.9554637712375628
43,9,0.95,0.9901761846223551
44,0,0.05,0.5216297159802634
44,0,0.10,0.9707568697710677
44,0,0.15,0.9026561007736813
44,0,0.20,0.9465089349988725
44,0,0.25,0.9457671423184539
44,0,0.30,0.9355893270394949
44,0,0.35,0.9452982803053342
44,0,0.40,0.9733737418578388
44,0,0.45,0.9760090934495442
44,0,0.50,0.9708909594811319
44,0,0.55,0.9174164329668902
44,0,0.60,0.9578161268076302
44,0,0.65,0.967868858923485
44,0,0.70,0.9782447528036644
44,0,0.75,0.9677061662896531
44,0,0.80,0.9803234351301343
44,0,0.85,0.8781541818757034
44,0,0.90,0.9603159152869097
44,0,0.95,0.9872782565182164
44,1,0.05,0.5216297159802634
44,1,0.10,0.9981348869584077
44,1,0.15,0.9418245508486442
44,1,0.20,0.9307368487527165
44,1,0.25,0.8834576665240526
44,1,0.30,0.9420696191225142
44,1,0.35,0.963830523012249
44,1,0.40,0.9296917461993836
44,1,0.45,0.9580047682457316
44,1,0.50,0.9192867464019694
44,1,0.55,0.9566466688911195
44,1,0.60,0.9500977166473863
44,1,0.65,0.9775765411668775
44,1,0.70,0.9614299000034587
44,1,0.75,0.9604512068991731
44,1,0.80,0.9583155227228674
44,1,0.85,0.979606110686364
44,1,0.90,0.9723503372122767
44,1,0.95,0.9525781201440553
44,2,0.05,-0.5768427402232745
44,2,0.10,0.8240754639531249
44,2,0.15,0.9876367560329438
44,2,0.20,0.8926402703890586
44,2,0.25,0.8925333500617908
44,2,0.30,0.9021879802711109
44,2,0.35,0.8979976990505506
44,2,0.40,0.9089765876870322
44,2,0.45,0.9357089241510752
44,2,0.50,0.9482462225239517
44,2,0.55,0.9631972767220425
44,2,0.60,0.9545224743591763
44,2,0.65,0.942374306718659
44,2,0.70,0.9573377780431205
44,2,0.75,0.9750716880496996
44,2,0.80,0.9211763182036915
44,2,0.85,0.9641524874068138
44,2,0.90,0.9815024487152149
44,2,0.95,0.965354961788735
44,3,0.05,0.27623944612154927
44,3,0.10,-4.298862065261841
44,3,0.15,0.9120794691498626
44,3,0.20,0.915144062389281
44,3,0.25,0.9168294122469032
44,3,0.30,0.9607861641027547
44,3,0.35,0.8765522537838782
44,3,0.40,0.9723754789881616
44,3,0.45,0.9638750393097892
44,3,0.50,0.8928995126396351
44,3,0.55,0.9704843081555709
44,3,0.60,0.9248294869590161
44,3,0.65,0.9702680281576743
44,3,0.70,0.8991951967795829
44,3,0.75,0.9670536361148983
44,3,0.80,0.9417271864439922
44,3,0.85,0.9816104120954253
44,3,0.90,0.9549949107584407
44,3,0.95,0.9669107682352185
44,4,0.05,0.27623944612154927
44,4,0.10,0.9585409970403939
44,4,0.15,0.9707052330153091
44,4,0.20,0.8056609673775582
44,4,0.25,0.76118416869568
44,4,0.30,0.956309790479635
44,4,0.35,0.9594859676238524
44,4,0.40,0.9632764472167639
44,4,0.45,0.8920914073998853
44,4,0.50,0.9691209275772097
44,4,0.55,0.9181169414907544
44,4,0.60,0.9863948961010693
44,4,0.65,0.9504811853027493
44,4,0.70,0.9292572719988526
44,4,0.75,0.9781374844260611
44,4,0.80,0.9507375380880109
44,4,0.85,0.893003072952413
44,4,0.90,0.9506408555701642
44,4,0.95,0.9697500290255491
44,5,0.05,0.5216297159802634
44,5,0.10,-0.9602265213196195
44,5,0.15,0.7975579128588658
44,5,0.20,0.9536409198990496
44,5,0.25,0.9368182291572527
44,5,0.30,0.9730521796646617
44,5,0.35,0.9812327853684412
44,5,0.40,0.8856151846312773
44,5,0.45,0.9538173691684932
44,5,0.50,0.8647874341703325
44,5,0.55,0.9733600040821315
44,5,0.60,0.9817910254997149
44,5,0.65,0.9554212280320136
44,5,0.70,0.9632299779059962
44,5,0.75,0.9794279098858099
44,5,0.80,0.9683721665592134
44,5,0.85,0.9721366398604
44,5,0.90,0.9732972941117045
44,5,0.95,0.9849711128668759
44,6,0.05,-4.729298619739346
44,6,0.10,0.9779299574096867
44,6,0.15,0.9804103577136773
44,6,0.20,0.9772974798017617
44,6,0.25,0.869082474859418
44,6,0.30,0.9138280633516621
44,6,0.35,0.8870921316375783
44,6,0.40,0.9703503724128396
44,6,0.45,0.9277824177315076
44,6,0.50,0.8963758866717687
44,6,0.55,0.9686447371976943
44,6,0.60,0.9693063667486027
44,6,0.65,0.9549756418989924
44,6,0.70,0.9809493706204965
44,6,0.75,0.9575320907533846
44,6,0.80,0.9736958566386358
44,6,0.85,0.9536580843359576
44,6,0.90,0.9811428390097949
44,6,0.95,0.9601209963414218
44,7,0.05,-0.05261743180102996
44,7,0.10,0.9476977231626554
44,7,0.15,0.9197515573257256
44,7,0.20,0.9034543198627535
44,7,0.25,0.793150719174422
44,7,0.30,0.942100887873584
44,7,0.35,0.9414326090858985
44,7,0.40,0.9853289867148126
44,7,0.45,0.9569710278231481
44,7,0.50,0.8917322969990522
44,7,0.55,0.9709058015007086
44,7,0.60,0.9852558188091131
44,7,0.65,0.9642848284396568
44,7,0.70,0.9752960184491443
44,7,0.75,0.9703182048767932
44,7,0.80,0.8447312596466785
44,7,0.85,0.8891637683155506
44,7,0.90,0.9857269274881602
44,7,0.95,0.964849536416809
44,8,0.05,-52.28886942628755
44,8,0.10,0.9443447037411761
44,8,0.15,0.9261715321537631
44,8,0.20,0.679441282999711
44,8,0.25,0.8011063304775217
44,8,0.30,0.8837102684638143
44,8,0.35,0.9604937714673456
44,8,0.40,0.9188281621042921
44,8,0.45,0.9176938061400896
44,8,0.50,0.9430280828198225
44,8,0.55,0.9392368738914021
44,8,0.60,0.9067921510630952
44,8,0.65,0.9369186332482359
44,8,0.70,0.9205470282368171
44,8,0.75,0.9715393811492067
44,8,0.80,0.9748030518343793
44,8,0.85,0.9318236077953423
44,8,0.90,0.9638960319065981
44,8,0.95,0.9622078453993015
44,9,0.05,-0.4039171937896182
44,9,0.10,0.9396312722534915
44,9,0.15,0.822178154751668
44,9,0.20,0.8252023691787376
44,9,0.25,0.9438082654082831
44,9,0.30,0.8554139620291331
44,9,0.35,0.9002211044225225
44,9,0.40,0.9388534861873695
44,9,0.45,0.9661584305782833
44,9,0.50,0.9620167521976168
44,9,0.55,0.9529376902845398
44,9,0.60,0.9782290696579222
44,9,0.65,0.9785763349199761
44,9,0.70,0.9800553616804132
44,9,0.75,0.9849526144915611
44,9,0.80,0.9846458908964729
44,9,0.85,0.9723637594133339
44,9,0.90,0.9668825754135646
44,9,0.95,0.9788980024990657
45,0,0.05,0.6318159662745293
45,0,0.10,0.06582584710487616
45,0,0.15,0.977214455602807
45,0,0.20,0.966850602784196
45,0,0.25,0.9827930060324228
45,0,0.30,0.9847943208691292
45,0,0.35,0.9793262218755976
45,0,0.40,0.9856517100587264
45,0,0.45,0.9706714261845766
45,0,0.50,0.9864445419607086
45,0,0.55,0.977499103003326
45,0,0.60,0.8688891233662015
45,0,0.65,0.9720446824909317
45,0,0.70,0.9629663270501387
45,0,0.75,0.960405964580564
45,0,0.80,0.926105201566526
45,0,0.85,0.9094395216640747
45,0,0.90,0.9547939532073206
45,0,0.95,0.9809839908803272
45,1,0.05,0.6318159662745293
45,1,0.10,0.8084714626981682
45,1,0.15,0.9953277825050479
45,1,0.20,0.9758739587045747
45,1,0.25,0.9589440553739714
45,1,0.30,0.9666158419855688
45,1,0.35,0.9774267924706681
45,1,0.40,0.9806516420233984
45,1,0.45,0.991276113014974
45,1,0.50,0.9913098706651909
45,1,0.55,0.9624192780250104
45,1,0.60,0.9132667234686931
45,1,0.65,0.8746578959754333
45,1,0.70,0.9708235267357198
45,1,0.75,0.9198482511781758
45,1,0.80,0.9560626445608922
45,1,0.85,0.9711837427286751
45,1,0.90,0.908913798908213
45,1,0.95,0.9766490400068077
45,2,0.05,0.027113146698355406
45,2,0.10,0.989052446688841
45,2,0.15,0.9610440425583808
45,2,0.20,0.09993446742627865
45,2,0.25,0.9285562951212459
45,2,0.30,0.967558865108257
45,2,0.35,0.9463695967151231
45,2,0.40,0.9572350483289718
45,2,0.45,0.9628582604211996
45,2,0.50,0.982400320165777
45,2,0.55,0.9084390365769746
45,2,0.60,0.9270425914382928
45,2,0.65,0.876700156779408
45,2,0.70,0.925931186444904
45,2,0.75,0.9098671309169524
45,2,0.80,0.9325886880413412
45,2,0.85,0.9309144158731687
45,2,0.90,0.9643592837537551
45,2,0.95,0.9765214127216287
45,3,0.05,0.027593147016774955
45,3,0.10,-0.4894879262680327
45,3,0.15,0.8982292852883252
45,3,0.20,0.9397617383722104
45,3,0.25,0.9689200600134519
45,3,0.30,0.9005605864824537
45,3,0.35,0.9324125064103826
45,3,0.40,0.9228912406730411
45,3,0.45,0.9829729209488246
45,3,0.50,0.9224057835626545
45,3,0.55,0.9698207203533218
45,3,0.60,0.9137505505473611
45,3,0.65,0.8508612925155207
45,3,0.70,0.8302801810309353
45,3,0.75,0.9247187429390379
45,3,0.80,0.9550992677178635
45,3,0.85,0.9619299619057458
45,3,0.90,0.9594476651962273
45,3,0.95,0.9607825825516145
45,4,0.05,0.027593147016774955
45,4,0.10,0.8102410026314473
45,4,0.15,0.95833752593188
45,4,0.20,0.9743186203461633
45,4,0.25,0.9622563089937992
45,4,0.30,0.9042074970400372
45,4,0.35,0.917952338947096
45,4,0.40,0.950517542615311
45,4,0.45,0.96399013839226
45,4,0.50,0.9913728187257371
45,4,0.55,0.9323913219699368
45,4,0.60,0.9073630840392692
45,4,0.65,0.8892817674388704
45,4,0.70,0.8811546817157772
45,4,0.75,0.9077936371698995
45,4,0.80,0.8663497346589212
45,4,0.85,0.868626163678339
45,4,0.90,0.9233024004104505
45,4,0.95,0.9676138252916681
45,5,0.05,0.6318159662745293
45,5,0.10,0.9124879922035126
45,5,0.15,0.9344968410972342
45,5,0.20,0.9776280395220247
45,5,0.25,0.9436542795727123
45,5,0.30,0.9512151125277728
45,5,0.35,0.9873606085298845
45,5,0.40,0.9933248572795007
45,5,0.45,0.9885355730206997
45,5,0.50,0.9934806847216782
45,5,0.55,0.8855559857145773
45,5,0.60,0.9818591193267705
45,5,0.65,0.8958088994122764
45,5,0.70,0.9332838157394899
45,5,0.75,0.9314592583231455
45,5,0.80,0.9548081105804982
45,5,0.85,0.9140288669309039
45,5,0.90,0.9886079841824105
45,5,0.95,0.9882300878602643
45,6,0.05,-5.049744311488636
45,6,0.10,0.6189065655595949
45,6,0.15,0.9923027270433051
45,6,0.20,0.9436166983409648
45,6,0.25,0.965081226564188
45,6,0.30,0.9346571348850998
45,6,0.35,0.884306556536789
45,6,0.40,0.9578798774202985
45,6,0.45,0.9785379800587172
45,6,0.50,0.8805359399581991
45,6,0.55,0.9016863566790729
45,6,0.60,0.8229833923082382
45,6,0.65,0.9495297932505036
45,6,0.70,0.9883338585184496
45,6,0.75,0.9439210264621278
45,6,0.80,0.9349778693967716
45,6,0.85,0.9115155627245606
45,6,0.90,0.9715100770111611
45,6,0.95,0.9609108080487054
45,7,0.05,0.5443783894887415
45,7,0.10,0.990713069318816
45,7,0.15,0.9934334433012642
45,7,0.20,0.9168370918871376
45,7,0.25,0.8912591254603182
45,7,0.30,0.9666126755635294
45,7,0.35,0.9954049511710377
45,7,0.40,0.973904789341839
45,7,0.45,0.9874835772731657
45,7,0.50,0.8145833109170114
45,7,0.55,0.8800170512669824
45,7,0.60,0.9131711040323528
45,7,0.65,0.9569555474912587
45,7,0.70,0.8990638147987314
45,7,0.75,0.9324185445573725
45,7,0.80,0.9067875020744852
45,7,0.85,0.8508492779882032
45,7,0.90,0.9839278258693279
45,7,0.95,0.9461364725517531
45,8,0.05,-5.3318389689878325
45,8,0.10,0.9668346162154624
45,8,0.15,0.9964939276245299
45,8,0.20,0.970480177905255
45,8,0.25,0.7307490058606394
45,8,0.30,0.7335781333156586
45,8,0.35,0.9499072777965274
45,8,0.40,0.9099423976926448
45,8,0.45,0.9698728391025823
45,8,0.50,0.9432378255870464
45,8,0.55,0.9896406127453492
45,8,0.60,0.9635782447028555
45,8,0.65,0.9506720312282692
45,8,0.70,0.9490066998714635
45,8,0.75,0.9762893010419406
45,8,0.80,0.9864822490927591
45,8,0.85,0.9716898503175507
45,8,0.90,0.9636037870216446
45,8,0.95,0.9642828871113788
45,9,0.05,0.003955607895202218
45,9,0.10,0.7883360239861265
45,9,0.15,0.9947361416865124
45,9,0.20,0.9879586748905911
45,9,0.25,0.9274019093836932
45,9,0.30,0.9438914070445732
45,9,0.35,0.9255935139932051
45,9,0.40,0.9599854811863703
45,9,0.45,0.9851532796503895
45,9,0.50,0.9742543146977143
45,9,0.55,0.9700395528341476
45,9,0.60,0.8891603420775505
45,9,0.65,0.9640625304269581
45,9,0.70,0.9621332348598212
45,9,0.75,0.9668594209791819
45,9,0.80,0.9849143468788487
45,9,0.85,0.978307472251695
45,9,0.90,0.9744555593499054
45,9,0.95,0.9317738770855957
46,0,0.05,0.5379259597311481
46,0,0.10,0.9379456850125831
46,0,0.15,0.9704185675341722
46,0,0.20,0.8982054055146964
46,0,0.25,0.9151882937741465
46,0,0.30,0.969092763585384
46,0,0.35,0.9720186574850109
46,0,0.40,0.9367259284649082
46,0,0.45,0.945445998863453
46,0,0.50,0.9579041119427816
46,0,0.55,0.9040946737961469
46,0,0.60,0.9414573212365684
46,0,0.65,0.9723056147797072
46,0,0.70,0.9749666268489581
46,0,0.75,0.9743043418542497
46,0,0.80,0.9579252323109768
46,0,0.85,0.9654027402187948
46,0,0.90,0.9512471330357385
46,0,0.95,0.9496448408648975
46,1,0.05,0.5379259597311481
46,1,0.10,0.9503700232559801
46,1,0.15,0.6361226030728429
46,1,0.20,0.7617066731992794
46,1,0.25,0.9576070784895537
46,1,0.30,0.9519008474515854
46,1,0.35,0.9558670226982237
46,1,0.40,0.9521807074317973
46,1,0.45,0.9630643098341604
46,1,0.50,0.9738292275372351
46,1,0.55,0.9481027154187408
46,1,0.60,0.8978412940539764
46,1,0.65,0.9092231588782199
46,1,0.70,0.9745031516679321
46,1,0.75,0.8670773257957111
46,1,0.80,0.902744571217479
46,1,0.85,0.9559576740800516
46,1,0.90,0.7639933480035117
46,1,0.95,0.9919194840906602
46,2,0.05,-0.08462888046736494
46,2,0.10,0.9435995246938007
46,2,0.15,0.43196622622463543
46,2,0.20,0.9690671886521672
46,2,0.25,0.9609413052602946
46,2,0.30,0.9390834650319914
46,2,0.35,0.9255294288093798
46,2,0.40,0.9613152922385848
46,2,0.45,0.9753082751498223
46,2,0.50,0.9671458142700127
46,2,0.55,0.9494816850062977
46,2,0.60,0.962854134542119
46,2,0.65,0.9488862583987947
46,2,0.70,0.968725479064886
46,2,0.75,0.9857079302577424
46,2,0.80,0.9403557874872915
46,2,0.85,0.9814926381611886
46,2,0.90,0.960502161386643
46,2,0.95,0.9800379103830653
46,3,0.05,0.10130421475003737
46,3,0.10,-55.07749515715356
46,3,0.15,0.9322982120927025
46,3,0.20,0.9177102427013772
46,3,0.25,0.9414584096955729
46,3,0.30,0.9617848917606752
46,3,0.35,0.8512827955011786
46,3,0.40,0.9540394285011097
46,3,0.45,0.934497474502198
46,3,0.50,0.9664142979963026
46,3,0.55,0.911845032718666
46,3,0.60,0.9452032496318107
46,3,0.65,0.9153419928090845
46,3,0.70,0.7773552860470342
46,3,0.75,0.9416565106380915
46,3,0.80,0.949255799242168
46,3,0.85,0.9812313890941234
46,3,0.90,0.9712414698688667
46,3,0.95,0.9621304177703538
46,4,0.05,0.10130421475003737
46,4,0.10,0.8828459478358492
46,4,0.15,0.8857955237427635
46,4,0.20,0.8759196765986678
46,4,0.25,0.8984970345836429
46,4,0.30,0.8952906857387313
46,4,0.35,0.9657876366969032
46,4,0.40,0.9810422273929014
46,4,0.45,0.9148608462194084
46,4,0.50,0.9728848562620498
46,4,0.55,0.9709274390506735
46,4,0.60,0.9646534172768167
46,4,0.65,0.9701605948213413
46,4,0.70,0.9571943825877636
46,4,0.75,0.9609665535465705
46,4,0.80,0.9465362930502772
46,4,0.85,0.9691811305489832
46,4,0.90,0.9840447864286145
46,4,0.95,0.9869915556725203
46,5,0.05,0.5379259597311481
46,5,0.10,0.9088386312184329
46,5,0.15,0.632297149748987
46,5,0.20,0.9278197619782458
46,5,0.25,0.9493158742876162
46,5,0.30,0.9589917806460305
46,5,0.35,0.959170974385801
46,5,0.40,0.9000499649529359
46,5,0.45,0.959745819685305
46,5,0.50,0.8340382530523273
46,5,0.55,0.9559524105843262
46,5,0.60,0.9495351981853668
46,5,0.65,0.9716586909367977
46,5,0.70,0.9804242322194604
46,5,0.75,0.9575536723789897
46,5,0.80,0.9696372279214075
46,5,0.85,0.9640848107415354
46,5,0.90,0.9143323090897278
46,5,0.95,0.9798270903909754
46,6,0.05,-7.874780620930592
46,6,0.10,0.5353287796077744
46,6,0.15,0.9937297810498689
46,6,0.20,0.8742870578627115
46,6,0.25,0.9722570846590157
46,6,0.30,0.9311302117628105
46,6,0.35,0.9501400078313634
46,6,0.40,0.8898460741751026
46,6,0.45,0.9667292645995222
46,6,0.50,0.9684218557989953
46,6,0.55,0.9439703374066979
46,6,0.60,0.9192383465270151
46,6,0.65,0.9928072729144161
46,6,0.70,0.9855695114579545
46,6,0.75,0.940076124199032
46,6,0.80,0.9500025149318991
46,6,0.85,0.9434652356374666
46,6,0.90,0.9685269388283982
46,6,0.95,0.9839155035220379
46,7,0.05,0.12386783800827472
46,7,0.10,0.6011807504881796
46,7,0.15,0.9882763625482512
46,7,0.20,0.9578390163600992
46,7,0.25,0.9652065134246381
46,7,0.30,0.9703840527357824
46,7,0.35,0.9033333006901133
46,7,0.40,0.9485559221585778
46,7,0.45,0.9645282690086148
46,7,0.50,0.9351443470397307
46,7,0.55,0.9716823296544537
46,7,0.60,0.9752621123554325
46,7,0.65,0.9628371994055629
46,7,0.70,0.9666717022211465
46,7,0.75,0.9620491480753319
46,7,0.80,0.9614020393340786
46,7,0.85,0.9418341772527558
46,7,0.90,0.982489574588374
46,7,0.95,0.9937654431788634
46,8,0.05,-1.9472744673842848
46,8,0.10,0.797025067880418
46,8,0.15,0.9647195207820565
46,8,0.20,0.9544413770948595
46,8,0.25,0.9665026327053892
46,8,0.30,0.9456819009656382
46,8,0.35,0.946575553044376
46,8,0.40,0.8674597153963122
46,8,0.45,0.9014947939282237
46,8,0.50,0.9881022928655947
46,8,0.55,0.9670822141217199
46,8,0.60,0.9319897619196749
46,8,0.65,0.9674874690289755
46,8,0.70,0.9620895965445456
46,8,0.75,0.9716464206998963
46,8,0.80,0.9750898261060114
46,8,0.85,0.9062851375094322
46,8,0.90,0.9750776996636232
46,8,0.95,0.9794304054198657
46,9,0.05,0.07534777863987796
46,9,0.10,0.783142545454276
46,9,0.15,0.9107517290277818
46,9,0.20,0.9640122438593628
46,9,0.25,0.9328007007510113
46,9,0.30,0.9191715067709991
46,9,0.35,0.9131346269454442
46,9,0.40,0.9302806794247241
46,9,0.45,0.9597756952058849
46,9,0.50,0.981284719796955
46,9,0.55,0.9132871702935987
46,9,0.60,0.9786227126597127
46,9,0.65,0.9763547493767658
46,9,0.70,0.9832611013042216
46,9,0.75,0.9673071823622104
46,9,0.80,0.9254654347836919
46,9,0.85,0.9630996726093567
46,9,0.90,0.9863237783851432
46,9,0.95,0.9820336566259116
47,0,0.05,0.5676292762581059
47,0,0.10,0.6855729820002296
47,0,0.15,0.9292140155007726
47,0,0.20,0.967322796539321
47,0,0.25,0.6799893869770179
47,0,0.30,0.9219862898727716
47,0,0.35,0.7860279405321148
47,0,0.40,0.9287133229081173
47,0,0.45,0.8970267761193098
47,0,0.50,0.8910574497977223
47,0,0.55,0.8985858772033981
47,0,0.60,0.9596417686349015
47,0,0.65,0.9740322383647835
47,0,0.70,0.957251632092918
47,0,0.75,0.9741862062685026
47,0,0.80,0.9438901085582028
47,0,0.85,0.9625559613436435
47,0,0.90,0.9833027277909602
47,0,0.95,0.9855611938384152
47,1,0.05,0.5676292762581059
47,1,0.10,0.9413404332095733
47,1,0.15,-1.3754299519074156
47,1,0.20,0.4494061657862356
47,1,0.25,0.848590802164161
47,1,0.30,0.9748499788459528
47,1,0.35,0.7380886699256894
47,1,0.40,0.8999338910586486
47,1,0.45,0.9327115256073513
47,1,0.50,0.8553963106399638
47,1,0.55,0.9396949413654228
47,1,0.60,0.9069382013383558
47,1,0.65,0.9282395179138658
47,1,0.70,0.9637645817225614
47,1,0.75,0.9610469604689154
47,1,0.80,0.9626724612278882
47,1,0.85,0.9173829992675182
47,1,0.90,0.9462007170505076
47,1,0.95,0.9607414632709426
47,2,0.05,-0.7785133991274489
47,2,0.10,0.998449570301514
47,2,0.15,-0.3264791186224971
47,2,0.20,0.942450685504438
47,2,0.25,0.9467218671446205
47,2,0.30,0.9730784595649384
47,2,0.35,0.6106278075675524
47,2,0.40,0.9477468750973955
47,2,0.45,0.8939440507046746
47,2,0.50,0.9251551102420853
47,2,0.55,0.9343689662459063
47,2,0.60,0.91909487798368
47,2,0.65,0.9667636581489099
47,2,0.70,0.9591123817364915
47,2,0.75,0.9759499272015834
47,2,0.80,0.9843891346066022
47,2,0.85,0.9601502412147138
47,2,0.90,0.9659388214924383
47,2,0.95,0.9609694236012156
47,3,0.05,0.09564362491526102
47,3,0.10,-0.00039691110242912053
47,3,0.15,0.6937188302645007
47,3,0.20,0.8749261173179645
47,3,0.25,0.8663919056190847
47,3,0.30,0.9623938075598736
47,3,0.35,0.8425867195287428
47,3,0.40,0.9484821563441624
47,3,0.45,0.9611887323416566
47,3,0.50,0.9254902955951358
47,3,0.55,0.974726084827221
47,3,0.60,0.9330954533750966
47,3,0.65,0.9796673340558493
47,3,0.70,0.9696186040096162
47,3,0.75,0.977392106214337
47,3,0.80,0.9667205553535873
47,3,0.85,0.9727905615402509
47,3,0.90,0.9688168516530107
47,3,0.95,0.9858963395059103
47,4,0.05,0.09564362491526102
47,4,0.10,0.9739060384838297
47,4,0.15,0.8249443605217286
47,4,0.20,0.9395512105403802
47,4,0.25,0.6273663285827714
47,4,0.30,0.8017602631841967
47,4,0.35,0.9567863039936656
47,4,0.40,0.9640737417091979
47,4,0.45,0.9755059600784868
47,4,0.50,0.9770307204772645
47,4,0.55,0.9049089793552568
47,4,0.60,0.9180839052826596
47,4,0.65,0.9535952281261946
47,4,0.70,0.9634411097657665
47,4,0.75,0.9596207997727214
47,4,0.80,0.9719595417047049
47,4,0.85,0.9681627207825731
47,4,0.90,0.9789139955664281
47,4,0.95,0.968615784020064
47,5,0.05,0.5676292762581059
47,5,0.10,0.95264495405023
47,5,0.15,0.7521400741119827
47,5,0.20,0.8702086069738596
47,5,0.25,0.4669581896801981
47,5,0.30,0.9704296414053077
47,5,0.35,0.9796418115829045
47,5,0.40,0.9716189837846582
47,5,0.45,0.9179907367642911
47,5,0.50,0.9079478491394042
47,5,0.55,0.9747256157517974
47,5,0.60,0.9629135839293637
47,5,0.65,0.9607722691482301
47,5,0.70,0.9809431487658147
47,5,0.75,0.9724689202814082
47,5,0.80,0.9857311742747165
47,5,0.85,0.9769673370128515
47,5,0.90,0.9779825173961333
47,5,0.95,0.9822474201614805
47,6,0.05,-0.002886463138686235
47,6,0.10,0.8762490229655531
47,6,0.15,0.7930453671633355
47,6,0.20,0.9760134139880542
47,6,0.25,0.22829415370149675
47,6,0.30,0.9651024352645451
47,6,0.35,0.828526346264188
47,6,0.40,0.9836082968681217
47,6,0.45,0.9104981836503381
47,6,0.50,0.736291914486761
47,6,0.55,0.9659236878928493
47,6,0.60,0.9529619355313648
47,6,0.65,0.935348130926776
47,6,0.70,0.9761767501945235
47,6,0.75,0.9394822852440118
47,6,0.80,0.9763340762038635
47,6,0.85,0.9501303539990511
47,6,0.90,0.9809538370501559
47,6,0.95,0.9515330001243139
47,7,0.05,0.14315067724062425
47,7,0.10,0.9137381410814592
47,7,0.15,0.6832110167128207
47,7,0.20,0.8820063035015666
47,7,0.25,0.9761641103080592
47,7,0.30,0.8963880417200107
47,7,0.35,0.9297651178474565
47,7,0.40,0.9075953420124272
47,7,0.45,0.9585498155074006
47,7,0.50,0.8978753674507097
47,7,0.55,0.9359447293368288
47,7,0.60,0.8670959076240121
47,7,0.65,0.9303756391306065
47,7,0.70,0.9450805357435381
47,7,0.75,0.927494933351888
47,7,0.80,0.9466240005836115
47,7,0.85,0.9491092578849919
47,7,0.90,0.966538885801101
47,7,0.95,0.9597976272226889
47,8,0.05,-39.44224207673931
47,8,0.10,0.7471616948951685
47,8,0.15,0.8552407542301649
47,8,0.20,0.9359930175371114
47,8,0.25,0.6966954399645113
47,8,0.30,0.967080232153569
47,8,0.35,0.8993564001529921
47,8,0.40,0.9122386152921795
47,8,0.45,0.9302058725599359
47,8,0.50,0.9471515739308081
47,8,0.55,0.900968598385512
47,8,0.60,0.9357447254578759
47,8,0.65,0.9379210853987449
47,8,0.70,0.9351274764748947
47,8,0.75,0.9565299350631806
47,8,0.80,0.965144863891831
47,8,0.85,0.9333251009066791
47,8,0.90,0.9779863496031317
47,8,0.95,0.9730426180787595
47,9,0.05,-2.988854298011044
47,9,0.10,0.8353185404627527
47,9,0.15,0.8655416871856333
47,9,0.20,0.5865908981511403
47,9,0.25,0.7887303607563583
47,9,0.30,0.9840877935308413
47,9,0.35,0.9514065292788015
47,9,0.40,0.9673340461615781
47,9,0.45,0.9683693041644136
47,9,0.50,0.8853714570800463
47,9,0.55,0.9329954040991986
47,9,0.60,0.9277148766508663
47,9,0.65,0.9476806295739338
47,9,0.70,0.9741284694203305
47,9,0.75,0.976939910904018
47,9,0.80,0.9669915975607801
47,9,0.85,0.9853095496928663
47,9,0.90,0.948659563246392
47,9,0.95,0.9891438033133402
48,0,0.05,0.8571506340662643
48,0,0.10,0.6410757227689883
48,0,0.15,0.9492396465939379
48,0,0.20,0.9920118564662329
48,0,0.25,0.972932502427016
48,0,0.30,0.9512226018282625
48,0,0.35,0.9808753873187758
48,0,0.40,0.9335548703102925
48,0,0.45,0.9779663749761012
48,0,0.50,0.9326327417687077
48,0,0.55,0.9026639882701097
48,0,0.60,0.934791581315073
48,0,0.65,0.9821245871423677
48,0,0.70,0.967027698140846
48,0,0.75,0.9595899718152722
48,0,0.80,0.9455662824341611
48,0,0.85,0.9658160941547571
48,0,0.90,0.9630959419049302
48,0,0.95,0.9782328542788739
48,1,0.05,0.8571506340662643
48,1,0.10,0.7886692642220275
48,1,0.15,0.9126845456276673
48,1,0.20,0.8801315758454658
48,1,0.25,0.9717431868249726
48,1,0.30,0.9599181057424105
48,1,0.35,0.95571364055629
48,1,0.40,0.9512284853595068
48,1,0.45,0.9517143644780984
48,1,0.50,0.9579073090319061
48,1,0.55,0.9700969553970263
48,1,0.60,0.9545219548419348
48,1,0.65,0.8343692049756034
48,1,0.70,0.9620671507157925
48,1,0.75,0.9246917241372069
48,1,0.80,0.9611453749639775
48,1,0.85,0.9411251805830665
48,1,0.90,0.945785550607707
48,1,0.95,0.9609697434006497
48,2,0.05,-1.8315459803926428
48,2,0.10,0.9930611826382866
48,2,0.15,0.9780334695891939
48,2,0.20,0.9879360677813737
48,2,0.25,0.9812408097415242
48,2,0.30,0.9777607063237188
48,2,0.35,0.8844937478457038
48,2,0.40,0.9472048933430481
48,2,0.45,0.945256471846742
48,2,0.50,0.9388221210519934
48,2,0.55,0.9440518452682138
48,2,0.60,0.9649037446239477
48,2,0.65,0.9864815130432593
48,2,0.70,0.9878769182090419
48,2,0.75,0.9912780156546349
48,2,0.80,0.9811526724715728
48,2,0.85,0.9875334728137859
48,2,0.90,0.9130192890777277
48,2,0.95,0.9287030023523695
48,3,0.05,-0.6218471826443555
48,3,0.10,-28.658416313964704
48,3,0.15,0.9649931234583736
48,3,0.20,0.9675529312907437
48,3,0.25,0.9465523929544734
48,3,0.30,0.9295774580889388
48,3,0.35,0.9501445030009262
48,3,0.40,0.9202688117319779
48,3,0.45,0.9802268213527745
48,3,0.50,0.891161558326419
48,3,0.55,0.9317610149065737
48,3,0.60,0.9309396312314
48,3,0.65,0.944894115269615
48,3,0.70,0.9679513975904396
48,3,0.75,0.9642656074466228
48,3,0.80,0.9410560679631614
48,3,0.85,0.9876662082951924
48,3,0.90,0.9738464787796721
48,3,0.95,0.9619502489725917
48,4,0.05,-0.6218471826443555
48,4,0.10,0.995599769265327
48,4,0.15,0.9674732404621471
48,4,0.20,0.9733661209411282
48,4,0.25,0.9241943339001437
48,4,0.30,0.9343870422765661
48,4,0.35,0.9555457283874964
48,4,0.40,0.9511489874514332
48,4,0.45,0.9561533187770082
48,4,0.50,0.9721126817910364
48,4,0.55,0.9190196754709732
48,4,0.60,0.9354468430033287
48,4,0.65,0.9694676970085672
48,4,0.70,0.9477234400564966
48,4,0.75,0.9830993212442174
48,4,0.80,0.9726496757066777
48,4,0.85,0.9732566690974558
48,4,0.90,0.9901327701154179
48,4,0.95,0.9853886801752436
48,5,0.05,0.8571506340662643
48,5,0.10,-0.6289708917864079
48,5,0.15,0.9455252575974155
48,5,0.20,0.9370080750079084
48,5,0.25,0.9655245049374022
48,5,0.30,0.9106020147788655
48,5,0.35,0.9068729624164023
48,5,0.40,0.9755496513252142
48,5,0.45,0.8317529265509074
48,5,0.50,0.872539761775337
48,5,0.55,0.9182581990390623
48,5,0.60,0.9719304006854161
48,5,0.65,0.9420326293521869
48,5,0.70,0.9576416300545048
48,5,0.75,0.8612971413747124
48,5,0.80,0.9237857260609367
48,5,0.85,0.9681446754701752
48,5,0.90,0.9648781716961119
48,5,0.95,0.9870853551321056
48,6,0.05,-2.253882001564443
48,6,0.10,0.8573047986625778
48,6,0.15,0.8851868348702323
48,6,0.20,0.9754050096995668
48,6,0.25,0.9574986351024235
48,6,0.30,0.9379164672724112
48,6,0.35,0.9775742528267178
48,6,0.40,0.9832640219891684
48,6,0.45,0.9496889862432697
48,6,0.50,0.9320939438839226
48,6,0.55,0.9541369036081991
48,6,0.60,0.8480423343067683
48,6,0.65,0.9665315913518213
48,6,0.70,0.9508198997222539
48,6,0.75,0.982672755544476
48,6,0.80,0.9771404026953434
48,6,0.85,0.9767112318587367
48,6,0.90,0.9930844137475481
48,6,0.95,0.9936912544712678
48,7,0.05,0.7791558337794746
48,7,0.10,0.9447632982243317
48,7,0.15,0.975317998732248
48,7,0.20,0.9945440887290812
48,7,0.25,0.9244422284281016
48,7,0.30,0.9798954040684311
48,7,0.35,0.9774372960511242
48,7,0.40,0.9693189500063689
48,7,0.45,0.9383236253608531
48,7,0.50,0.9509624849709996
48,7,0.55,0.9443218113548651
48,7,0.60,0.901840502802184
48,7,0.65,0.9903240047424016
48,7,0.70,0.9264926129753547
48,7,0.75,0.8693001665923797
48,7,0.80,0.9412119477439812
48,7,0.85,0.8597595597149305
48,7,0.90,0.9643260885003001
48,7,0.95,0.9773003762595225
48,8,0.05,-783.4603167123138
48,8,0.10,0.9555932486414824
48,8,0.15,0.9706082254258998
48,8,0.20,0.9894449038799231
48,8,0.25,0.9798037668998869
48,8,0.30,0.9887844072879258
48,8,0.35,0.9753631669796602
48,8,0.40,0.9459323014697719
48,8,0.45,0.9485982481048444
48,8,0.50,0.9611089061674347
48,8,0.55,0.9274881426153749
48,8,0.60,0.9212320888118668
48,8,0.65,0.9218720462669938
48,8,0.70,0.9752073724093021
48,8,0.75,0.9940479684516432
48,8,0.80,0.965856830565153
48,8,0.85,0.981887391007173
48,8,0.90,0.9863378426074245
48,8,0.95,0.9128592495587726
48,9,0.05,-4.338988060874858
48,9,0.10,0.8944811316126347
48,9,0.15,0.9825085194887359
48,9,0.20,0.9695184564536583
48,9,0.25,0.9669482664041218
48,9,0.30,0.9522211542829824
48,9,0.35,0.9573270126484132
48,9,0.40,0.9339166084178886
48,9,0.45,0.977909109212236
48,9,0.50,0.9751199974144925
48,9,0.55,0.9847153278674724
48,9,0.60,0.9673360668290392
48,9,0.65,0.9592705783482524
48,9,0.70,0.9640084898523092
48,9,0.75,0.9558892123360153
48,9,0.80,0.9730137615302011
48,9,0.85,0.9755975028698355
48,9,0.90,0.9806956706704254
48,9,0.95,0.982387612227752
49,0,0.05,0.6318146206776047
49,0,0.10,0.9652705852313135
49,0,0.15,0.9791242643352555
49,0,0.20,0.9483330547751727
49,0,0.25,0.9764920375486685
49,0,0.30,0.9570217691391283
49,0,0.35,0.9787435070334475
49,0,0.40,0.9498525780940036
49,0,0.45,0.9233021907482997
49,0,0.50,0.9661381591757519
49,0,0.55,0.9237689078005336
49,0,0.60,0.9523101505333468
49,0,0.65,0.9680265105255919
49,0,0.70,0.9785062069216559
49,0,0.75,0.9649160149461559
49,0,0.80,0.9531721183004749
49,0,0.85,0.9780720648508614
49,0,0.90,0.9887757635633234
49,0,0.95,0.9873054216534543
49,1,0.05,0.6318146206776047
49,1,0.10,0.9701461319832038
49,1,0.15,0.9717900973923546
49,1,0.20,0.9678610824848833
49,1,0.25,0.909754681117304
49,1,0.30,0.9366656449212902
49,1,0.35,0.9700906385291561
49,1,0.40,0.9585706290180867
49,1,0.45,0.9186674648636161
49,1,0.50,0.9636341902472109
49,1,0.55,0.9781081480247398
49,1,0.60,0.9544701725858138
49,1,0.65,0.871754581747782
49,1,0.70,0.9447426039506333
49,1,0.75,0.9652390167085622
49,1,0.80,0.953447484030995
49,1,0.85,0.9380149871072944
49,1,0.90,0.9416224375873977
49,1,0.95,0.9812354455995491
49,2,0.05,-0.4456997193866985
49,2,0.10,0.9049819018397894
49,2,0.15,0.9131774236089196
49,2,0.20,0.9762360434998696
49,2,0.25,0.9736355742739942
49,2,0.30,0.9766281469404827
49,2,0.35,0.9270793258918849
49,2,0.40,0.8805813896407996
49,2,0.45,0.9658916644247718
49,2,0.50,0.9359425179849675
49,2,0.55,0.9505667432729623
49,2,0.60,0.9724278294439519
49,2,0.65,0.9646958013575585
49,2,0.70,0.9759556500119643
49,2,0.75,0.9133606165828663
49,2,0.80,0.9861817464495861
49,2,0.85,0.9698369158433924
49,2,0.90,0.9805257854959611
49,2,0.95,0.9859469157635632
49,3,0.05,0.027592469448409762
49,3,0.10,-93.56826694573371
49,3,0.15,0.9453201084923507
49,3,0.20,0.9211347169922184
49,3,0.25,0.8555608928420628
49,3,0.30,0.9164733975139331
49,3,0.35,0.9289718030220895
49,3,0.40,0.9557537496231086
49,3,0.45,0.9479535915242394
49,3,0.50,0.9822499074557901
49,3,0.55,0.9601341204019868
49,3,0.60,0.977600432532647
49,3,0.65,0.8703502368160886
49,3,0.70,0.9212443175850624
49,3,0.75,0.9675550291071802
49,3,0.80,0.9605197503956164
49,3,0.85,0.9648159388214537
49,3,0.90,0.9637298802039803
49,3,0.95,0.980426239037057
49,4,0.05,0.027592469448409762
49,4,0.10,0.936502286637498
49,4,0.15,0.9534478061324345
49,4,0.20,0.9549242792005682
49,4,0.25,0.9207619007159464
49,4,0.30,0.8714125582823281
49,4,0.35,0.974193907295937
49,4,0.40,0.935492474416944
49,4,0.45,0.9817456557613014
49,4,0.50,0.9703193714601608
49,4,0.55,0.9529889227327242
49,4,0.60,0.9724748951379132
49,4,0.65,0.9564346082824643
49,4,0.70,0.9674485963364354
49,4,0.75,0.9647708720758381
49,4,0.80,0.961083065876036
49,4,0.85,0.9437378971729159
49,4,0.90,0.9821036789155954
49,4,0.95,0.9732018156587365
49,5,0.05,0.6318146206776047
49,5,0.10,-1.0185042912663436
49,5,0.15,0.7870857228816419
49,5,0.20,0.9081847885709731
49,5,0.25,0.9745829102016019
49,5,0.30,0.9874081733457224
49,5,0.35,0.9772874178284648
49,5,0.40,0.9754197981909241
49,5,0.45,0.9748998374621649
49,5,0.50,0.9585543000708363
49,5,0.55,0.9114519898588568
49,5,0.60,0.9371095542252889
49,5,0.65,0.9763390383512439
49,5,0.70,0.9651315558336017
49,5,0.75,0.9094022211982709
49,5,0.80,0.9712827003047072
49,5,0.85,0.9482780332353484
49,5,0.90,0.9699345906337811
49,5,0.95,0.967218909195332
49,6,0.05,-8.127790441472515
49,6,0.10,0.8816521401640348
49,6,0.15,0.9855388521590762
49,6,0.20,0.9825354004354687
49,6,0.25,0.9745631772151988
49,6,0.30,0.9853160922743068
49,6,0.35,0.9498471490152854
49,6,0.40,0.9768264888185292
49,6,0.45,0.9711783062296057
49,6,0.50,0.9696724104429617
49,6,0.55,0.9704673682186814
49,6,0.60,0.9864009366621657
49,6,0.65,0.9612270921295802
49,6,0.70,0.974146967535302
49,6,0.75,0.9697084399622388
49,6,0.80,0.9714828820903899
49,6,0.85,0.9185146365772001
49,6,0.90,0.9739549547323473
49,6,0.95,0.9810624863218532
49,7,0.05,0.39190151349855684
49,7,0.10,0.8928115404075211
49,7,0.15,0.8332583957625692
49,7,0.20,0.9645584968105649
49,7,0.25,0.95630782810254
49,7,0.30,0.9878992624245059
49,7,0.35,0.9670669706802003
49,7,0.40,0.9766602688322666
49,7,0.45,0.9256739003597104
49,7,0.50,0.9445080802936844
49,7,0.55,0.9701038082576342
49,7,0.60,0.9516048039703685
49,7,0.65,0.9713752795127254
49,7,0.70,0.9519933220872088
49,7,0.75,0.9718942150239517
49,7,0.80,0.9681241714401636
49,7,0.85,0.9393134367078861
49,7,0.90,0.9907026897359466
49,7,0.95,0.9744494535714454
49,8,0.05,-33.669883869839396
49,8,0.10,0.9489132537981799
49,8,0.15,0.9845140405969972
49,8,0.20,0.66306615623722
49,8,0.25,0.9710265002914471
49,8,0.30,0.9709788122563583
49,8,0.35,0.9706677537530847
49,8,0.40,0.8950467215073576
49,8,0.45,0.9476564325045761
49,8,0.50,0.9682768752142633
49,8,0.55,0.9861076401316292
49,8,0.60,0.9631263016454332
49,8,0.65,0.9562178803529452
49,8,0.70,0.9703754531274635
49,8,0.75,0.9575188616096214
49,8,0.80,0.9779504481557761
49,8,0.85,0.9572076440642875
49,8,0.90,0.9709784434988689
49,8,0.95,0.9810530804160882
49,9,0.05,-0.2619059783100779
49,9,0.10,0.9357165421148963
49,9,0.15,0.929619943319437
49,9,0.20,0.987103527648014
49,9,0.25,0.9603973508978767
49,9,0.30,0.9117553711977048
49,9,0.35,0.9525520859280462
49,9,0.40,0.9644700766683316
49,9,0.45,0.9204771942240029
49,9,0.50,0.955053749264643
49,9,0.55,0.9689094346411293
49,9,0.60,0.9590544301406007
49,9,0.65,0.9402734508330997
49,9,0.70,0.9676281390285187
49,9,0.75,0.981826427849771
49,9,0.80,0.9411517020046862
49,9,0.85,0.9593847166822213
49,9,0.90,0.9910120541865374
49,9,0.95,0.9890307966775372
50,0,0.05,0.5637149394664365
50,0,0.10,-1.427239974613025
50,0,0.15,0.8295235054088321
50,0,0.20,0.9570703025557412
50,0,0.25,0.8158529964926508
50,0,0.30,0.9707947128721252
50,0,0.35,0.8927611950434423
50,0,0.40,0.9351059178637333
50,0,0.45,0.8975794854471192
50,0,0.50,0.8952507465721188
50,0,0.55,0.9332036948122313
50,0,0.60,0.8581020337076872
50,0,0.65,0.9703642725637429
50,0,0.70,0.9229061433705881
50,0,0.75,0.9848092924333051
50,0,0.80,0.9370678011124207
50,0,0.85,0.9649625981353634
50,0,0.90,0.9830784868171536
50,0,0.95,0.9848054805471375
50,1,0.05,0.5637149394664365
50,1,0.10,0.1835396995105394
50,1,0.15,-2.763496638047139
50,1,0.20,0.41622322458861527
50,1,0.25,0.9523452351673996
50,1,0.30,0.9812253490743287
50,1,0.35,0.8367392937761504
50,1,0.40,0.9157468921772709
50,1,0.45,0.9763101715731883
50,1,0.50,0.9714445305593663
50,1,0.55,0.9053680788339409
50,1,0.60,0.9648258726658282
50,1,0.65,0.9758984499751859
50,1,0.70,0.9723003686411312
50,1,0.75,0.9597959419844287
50,1,0.80,0.9512944851065741
50,1,0.85,0.9692821573248147
50,1,0.90,0.9782130275198265
50,1,0.95,0.9767537673627504
50,2,0.05,-2.771235371716011
50,2,0.10,0.611791990997924
50,2,0.15,0.6246738090108174
50,2,0.20,0.5363656146129947
50,2,0.25,0.988555962413137
50,2,0.30,0.9938527907415448
50,2,0.35,0.9140740261530467
50,2,0.40,0.9326333218968471
50,2,0.45,0.9314793263803703
50,2,0.50,0.8513713773824515
50,2,0.55,0.9649800770810444
50,2,0.60,0.9323227061754645
50,2,0.65,0.9658124234642452
50,2,0.70,0.9784199988723098
50,2,0.75,0.9701166448956333
50,2,0.80,0.9599639315356885
50,2,0.85,0.9747153736573541
50,2,0.90,0.9847162270361107
50,2,0.95,0.9623925098686277
50,3,0.05,0.46084862899503476
50,3,0.10,-6.6691269337840415
50,3,0.15,0.6053772780774758
50,3,0.20,0.8230598815854603
50,3,0.25,0.9141205366139491
50,3,0.30,0.9758651249563691
50,3,0.35,0.9554554781213563
50,3,0.40,0.9670670587431696
50,3,0.45,0.8552045130671064
50,3,0.50,0.9810299606362142
50,3,0.55,0.9897793591469527
50,3,0.60,0.9682535120773732
50,3,0.65,0.9861298166917302
50,3,0.70,0.9799368134957155
50,3,0.75,0.9880303573064693
50,3,0.80,0.9878552747454434
50,3,0.85,0.9636113545567476
50,3,0.90,0.9515059542394781
50,3,0.95,0.9770036079740765
50,4,0.05,0.46084862899503476
50,4,0.10,0.8564350551663974
50,4,0.15,0.7533153945295432
50,4,0.20,0.7497443100844846
50,4,0.25,0.7949009520801186
50,4,0.30,0.9021354803637363
50,4,0.35,0.915478070151048
50,4,0.40,0.936295731016133
50,4,0.45,0.985257842778036
50,4,0.50,0.9846974476898238
50,4,0.55,0.9503865337774949
50,4,0.60,0.9618054722057182
50,4,0.65,0.9136261291794814
50,4,0.70,0.8923604097364592
50,4,0.75,0.9655504524065645
50,4,0.80,0.9784149563589698
50,4,0.85,0.9795051882728816
50,4,0.90,0.9617425862259831
50,4,0.95,0.9895579408132749
50,5,0.05,0.5637149394664365
50,5,0.10,0.8066281765445898
50,5,0.15,0.4648887090808764
50,5,0.20,0.8605456703145192
50,5,0.25,0.7627084721251987
50,5,0.30,0.9821076699115986
50,5,0.35,0.9191565148972101
50,5,0.40,0.9767544990865876
50,5,0.45,0.9645861368095383
50,5,0.50,0.8563096217758549
50,5,0.55,0.9683267835518748
50,5,0.60,0.9821234822174452
50,5,0.65,0.92697308697607
50,5,0.70,0.9758090369869733
50,5,0.75,0.9722922121913486
50,5,0.80,0.9871651659265347
50,5,0.85,0.9903958115744022
50,5,0.90,0.9752838228241307
50,5,0.95,0.9874245003341114
50,6,0.05,-1.5281038101314408
50,6,0.10,0.7199356508309407
50,6,0.15,0.8806209218802548
50,6,0.20,0.8839499332578217
50,6,0.25,0.7707360319555279
50,6,0.30,0.9742985364793033
50,6,0.35,0.9346060478100944
50,6,0.40,0.9848794497941192
50,6,0.45,0.8201808197441597
50,6,0.50,0.9506789207906754
50,6,0.55,0.984050514127369
50,6,0.60,0.9782794877692467
50,6,0.65,0.9135497161371338
50,6,0.70,0.9847080776178686
50,6,0.75,0.9557279337176232
50,6,0.80,0.9731943227075258
50,6,0.85,0.9671988988502976
50,6,0.90,0.9764440737649399
50,6,0.95,0.9509553728116559
50,7,0.05,0.36302666626063296
50,7,0.10,0.7117755347244639
50,7,0.15,0.07076265529141468
50,7,0.20,0.9318707478006905
50,7,0.25,0.9912856963670955
50,7,0.30,0.9498332714902346
50,7,0.35,0.9538083814993559
50,7,0.40,0.9629434613362328
50,7,0.45,0.9748908426344984
50,7,0.50,0.9228447399464386
50,7,0.55,0.9665202278714528
50,7,0.60,0.9682583928372309
50,7,0.65,0.894640027298094
50,7,0.70,0.9465291988177058
50,7,0.75,0.9529478774570874
50,7,0.80,0.9758909821293169
50,7,0.85,0.9673742183691936
50,7,0.90,0.9738282519298618
50,7,0.95,0.9504925045509507
50,8,0.05,-15.189765516456323
50,8,0.10,0.5052036765017911
50,8,0.15,0.9258248305598356
50,8,0.20,0.9316053632701873
50,8,0.25,0.8306606256439448
50,8,0.30,0.9715147225122431
50,8,0.35,0.9300408541422854
50,8,0.40,0.9049075086345346
50,8,0.45,0.9616543120967861
50,8,0.50,0.9425032664558726
50,8,0.55,0.9706627871253943
50,8,0.60,0.871600600231901
50,8,0.65,0.9670217278762546
50,8,0.70,0.9794361266744244
50,8,0.75,0.9456731014883611
50,8,0.80,0.9505968749739402
50,8,0.85,0.9622895104780751
50,8,0.90,0.9826639325592371
50,8,0.95,0.9612091166321789
50,9,0.05,-17.813255877677737
50,9,0.10,0.42795966262772445
50,9,0.15,0.6194468456241266
50,9,0.20,0.8985246726975842
50,9,0.25,0.9877473361608069
50,9,0.30,0.9615337782631843
50,9,0.35,0.9639380433260587
50,9,0.40,0.9791425402957176
50,9,0.45,0.9020800493261723
50,9,0.50,0.9901994901287289
50,9,0.55,0.955195931880805
50,9,0.60,0.9826447059691678
50,9,0.65,0.9626765947959665
50,9,0.70,0.9803831968385014
50,9,0.75,0.9880412283872018
50,9,0.80,0.9782071792119671
50,9,0.85,0.9913056400250313
50,9,0.90,0.9879081500999223
50,9,0.95,0.9934325183963546
51,0,0.05,0.6856399625827374
51,0,0.10,-0.4951212132769329
51,0,0.15,0.9480522092987159
51,0,0.20,0.9786532947150648
51,0,0.25,0.8131059941309574
51,0,0.30,0.7755302658201975
51,0,0.35,0.9704845547807955
51,0,0.40,0.8644193760277483
51,0,0.45,0.9402658264519669
51,0,0.50,0.9123111995665136
51,0,0.55,0.9379167420984356
51,0,0.60,0.9406911861534
51,0,0.65,0.9507184805058773
51,0,0.70,0.9636965191309058
51,0,0.75,0.9707550596336298
51,0,0.80,0.9776418122679497
51,0,0.85,0.9652128858023435
51,0,0.90,0.9690133362058833
51,0,0.95,0.9853884599176336
51,1,0.05,0.6856399625827374
51,1,0.10,0.5836566468055531
51,1,0.15,0.1666065763943526
51,1,0.20,0.27572284825137694
51,1,0.25,0.9519148541942934
51,1,0.30,0.9566637436488965
51,1,0.35,0.9012038968610808
51,1,0.40,0.914867068005015
51,1,0.45,0.9307762128182178
51,1,0.50,0.8924603974638317
51,1,0.55,0.970633938388196
51,1,0.60,0.9155286389709636
51,1,0.65,0.9467531559132087
51,1,0.70,0.9782546686212649
51,1,0.75,0.9345810302386772
51,1,0.80,0.9710227280592177
51,1,0.85,0.9831818107104878
51,1,0.90,0.9263173325157428
51,1,0.95,0.9677697607423461
51,2,0.05,-1.9544718500018883
51,2,0.10,0.9408309847672403
51,2,0.15,0.9661498126720559
51,2,0.20,0.23016845621247062
51,2,0.25,0.9848498528786566
51,2,0.30,0.9393322239005755
51,2,0.35,0.8162969173804064
51,2,0.40,0.9423810363249356
51,2,0.45,0.7815424383318302
51,2,0.50,0.9213528695397903
51,2,0.55,0.92121901412387
51,2,0.60,0.9653359498884619
51,2,0.65,0.9789573805577061
51,2,0.70,0.9846835582892672
51,2,0.75,0.9251176911520059
51,2,0.80,0.9382932930026087
51,2,0.85,0.9750446556069035
51,2,0.90,0.9036253182682542
51,2,0.95,0.9470342001804115
51,3,0.05,0.181626041590633
51,3,0.10,-6.927706882714896
51,3,0.15,0.6395427598299803
51,3,0.20,0.7914392694657187
51,3,0.25,0.7394375295835747
51,3,0.30,0.9101252044022028
51,3,0.35,0.6948987704032095
51,3,0.40,0.8064363136157143
51,3,0.45,0.9133960800632148
51,3,0.50,0.925287884208669
51,3,0.55,0.8640496083569971
51,3,0.60,0.9188243312677526
51,3,0.65,0.9674527397288537
51,3,0.70,0.7380565737317977
51,3,0.75,0.9633935988474182
51,3,0.80,0.8642595792530187
51,3,0.85,0.9707114888982336
51,3,0.90,0.9666147076964948
51,3,0.95,0.9558819718645187
51,4,0.05,0.181626041590633
51,4,0.10,0.9732443477230008
51,4,0.15,0.8716474920620645
51,4,0.20,0.9028577531557
51,4,0.25,0.9310438774102293
51,4,0.30,0.9281694612689738
51,4,0.35,0.9218612762518875
51,4,0.40,0.9521417853297715
51,4,0.45,0.8800375269181097
51,4,0.50,0.9492956136486544
51,4,0.55,0.7356887431584765
51,4,0.60,0.9448240791005594
51,4,0.65,0.9883124650858003
51,4,0.70,0.9288627040110378
51,4,0.75,0.980454160234415
51,4,0.80,0.9628830542072921
51,4,0.85,0.9895453547714474
51,4,0.90,0.9901010614336324
51,4,0.95,0.9903135059490318
51,5,0.05,0.6856399625827374
51,5,0.10,-0.66511290609454
51,5,0.15,0.5709185788092728
51,5,0.20,0.7866766915680703
51,5,0.25,0.8982749079279266
51,5,0.30,0.7425655637596797
51,5,0.35,0.950135201307369
51,5,0.40,0.9627629777393784
51,5,0.45,0.9716559858346724
51,5,0.50,0.7878134621784602
51,5,0.55,0.9181756295429525
51,5,0.60,0.9520832941468889
51,5,0.65,0.9853930880548228
51,5,0.70,0.9937784381360764
51,5,0.75,0.9792167462914763
51,5,0.80,0.9550772853138076
51,5,0.85,0.9612235548367747
51,5,0.90,0.9750040547733102
51,5,0.95,0.9869712678809869
51,6,0.05,-2.0547382449622114
51,6,0.10,0.6079437354707277
51,6,0.15,0.8087679507663579
51,6,0.20,0.6750620723714112
51,6,0.25,0.8063208033328331
51,6,0.30,0.9788124656479389
51,6,0.35,0.9273768946827555
51,6,0.40,0.9613458891014637
51,6,0.45,0.8832593490882913
51,6,0.50,0.9398057119021694
51,6,0.55,0.928136288834761
51,6,0.60,0.9330087271193733
51,6,0.65,0.9455605322765326
51,6,0.70,0.9618084950828663
51,6,0.75,0.9417420867358224
51,6,0.80,0.9535625934890166
51,6,0.85,0.9321544604746856
51,6,0.90,0.9816515007981372
51,6,0.95,0.981748487446521
51,7,0.05,0.5692076590697657
51,7,0.10,-0.5945241062678102
51,7,0.15,0.09423288442307665
51,7,0.20,0.9779756430987991
51,7,0.25,0.8866167428877647
51,7,0.30,0.9636770488977862
51,7,0.35,0.9807271574945609
51,7,0.40,0.9112871512696771
51,7,0.45,0.9230282358697142
51,7,0.50,0.9741841940235403
51,7,0.55,0.941678336883685
51,7,0.60,0.9275192004518092
51,7,0.65,0.973303691926704
51,7,0.70,0.8982364781336385
51,7,0.75,0.8622188802245174
51,7,0.80,0.9740883466213565
51,7,0.85,0.9368834890383135
51,7,0.90,0.9581596075565352
51,7,0.95,0.9785880589267687
51,8,0.05,-82.67437911111865
51,8,0.10,0.57488967954509
51,8,0.15,0.9854555238067199
51,8,0.20,0.9664701912283591
51,8,0.25,0.9673100546114266
51,8,0.30,0.9399919859839547
51,8,0.35,0.8538020320341685
51,8,0.40,0.8091632470987032
51,8,0.45,0.9213612340457948
51,8,0.50,0.9461087277533164
51,8,0.55,0.8997611599991628
51,8,0.60,0.9254283137491277
51,8,0.65,0.942879675935963
51,8,0.70,0.962040910549202
51,8,0.75,0.9204727340751397
51,8,0.80,0.9387765646204529
51,8,0.85,0.9733421157497307
51,8,0.90,0.9664675249427356
51,8,0.95,0.9867680555831859
51,9,0.05,-58.4118796822347
51,9,0.10,-0.24766677640438983
51,9,0.15,0.9802884547774796
51,9,0.20,0.8946976172916679
51,9,0.25,0.7056132839915947
51,9,0.30,0.9198095793932686
51,9,0.35,0.919343301377969
51,9,0.40,0.9199393103349282
51,9,0.45,0.8935341914004974
51,9,0.50,0.9322597720076022
51,9,0.55,0.9852113156408456
51,9,0.60,0.9669184400230258
51,9,0.65,0.92415084318335
51,9,0.70,0.9476048423345734
51,9,0.75,0.9625997087919768
51,9,0.80,0.9541127274247414
51,9,0.85,0.9808130554543215
51,9,0.90,0.9715785663102806
51,9,0.95,0.9950035099871742
52,0,0.05,0.5542486462460153
52,0,0.10,0.9842474254064404
52,0,0.15,0.9441082328462584
52,0,0.20,0.8695979694283694
52,0,0.25,0.7994658467516012
52,0,0.30,0.9487854663546126
52,0,0.35,0.9613980781459899
52,0,0.40,0.8938988453101161
52,0,0.45,0.8937749513508506
52,0,0.50,0.9168710128444507
52,0,0.55,0.7500476315603914
52,0,0.60,0.8467813411627909
52,0,0.65,0.9862544606209053
52,0,0.70,0.9282541738055299
52,0,0.75,0.9912287085470411
52,0,0.80,0.9860978106811112
52,0,0.85,0.9504782760464803
52,0,0.90,0.9870131029338495
52,0,0.95,0.9945714247398508
52,1,0.05,0.5542486462460153
52,1,0.10,0.8187457047424196
52,1,0.15,0.8645603996515571
52,1,0.20,0.9617495784584769
52,1,0.25,0.9107862811923575
52,1,0.30,0.9633249927195402
52,1,0.35,0.7536485544619871
52,1,0.40,0.808797164316756
52,1,0.45,0.8857979582136051
52,1,0.50,0.759193965484003
52,1,0.55,0.864239105277125
52,1,0.60,0.9793088494007076
52,1,0.65,0.9334261547584296
52,1,0.70,0.9314315770569495
52,1,0.75,0.965909280926428
52,1,0.80,0.9745090769523035
52,1,0.85,0.9769990717022544
52,1,0.90,0.9513107287507416
52,1,0.95,0.9654811555016203
52,2,0.05,0.18149729548478166
52,2,0.10,0.10757180182023451
52,2,0.15,0.6416272953766566
52,2,0.20,0.30414919074397617
52,2,0.25,0.9060117351236813
52,2,0.30,0.959016562542971
52,2,0.35,0.5588661279483946
52,2,0.40,0.9556872381389996
52,2,0.45,0.8435969916661619
52,2,0.50,0.9465592902423726
52,2,0.55,0.9214397052637351
52,2,0.60,0.9374820258539025
52,2,0.65,0.9766108153484151
52,2,0.70,0.9727900221299781
52,2,0.75,0.9767331610144128
52,2,0.80,0.8592149902209216
52,2,0.85,0.9720911122122751
52,2,0.90,0.9811965061577774
52,2,0.95,0.9738950636903391
52,3,0.05,0.22421210901722655
52,3,0.10,-23.211861983568316
52,3,0.15,0.9045669208411073
52,3,0.20,0.7025588725865256
52,3,0.25,0.9204653693445055
52,3,0.30,0.9708927531841451
52,3,0.35,0.8992986163059296
52,3,0.40,0.8984360323503962
52,3,0.45,0.9357634817530971
52,3,0.50,0.9246842299433891
52,3,0.55,0.960641527203899
52,3,0.60,0.901017956362441
52,3,0.65,0.9634985102933502
52,3,0.70,0.9706915379810626
52,3,0.75,0.9640974345847865
52,3,0.80,0.9486035360793175
52,3,0.85,0.9677059366928541
52,3,0.90,0.97569492876418
52,3,0.95,0.9795689534599648
52,4,0.05,0.22421210901722655
52,4,0.10,0.8210177921058367
52,4,0.15,0.8684489740667107
52,4,0.20,0.8362845322076532
52,4,0.25,0.8158849533269443
52,4,0.30,0.8589519125337871
52,4,0.35,0.8649317831235254
52,4,0.40,0.9681815551582739
52,4,0.45,0.8867478466358288
52,4,0.50,0.948144399783103
52,4,0.55,0.8884168237352675
52,4,0.60,0.9371171778833501
52,4,0.65,0.9771377982377832
52,4,0.70,0.8860589278018685
52,4,0.75,0.9650516791475604
52,4,0.80,0.9688123018675617
52,4,0.85,0.9710276145887381
52,4,0.90,0.9705512249984074
52,4,0.95,0.9777086320770493
52,5,0.05,0.5542486462460153
52,5,0.10,0.6887638161370773
52,5,0.15,0.7600050798410195
52,5,0.20,0.8970508188311683
52,5,0.25,0.9380029024395412
52,5,0.30,0.9600620254916119
52,5,0.35,0.9503912784185223
52,5,0.40,0.9599371678812665
52,5,0.45,0.8649538868764963
52,5,0.50,0.8684384375748845
52,5,0.55,0.8283658018111858
52,5,0.60,0.9718708891411924
52,5,0.65,0.9545261211585188
52,5,0.70,0.988167846182658
52,5,0.75,0.9687877023345799
52,5,0.80,0.9745058950417215
52,5,0.85,0.9670641905484826
52,5,0.90,0.9707359255589629
52,5,0.95,0.9575052615759225
52,6,0.05,-5.290165725317425
52,6,0.10,0.7132846348048796
52,6,0.15,0.8915147055541622
52,6,0.20,0.6529781355971933
52,6,0.25,0.738504977244909
52,6,0.30,0.8717350385685932
52,6,0.35,0.8030440148347273
52,6,0.40,0.9541633020790027
52,6,0.45,0.74484201090641
52,6,0.50,0.9323119493630838
52,6,0.55,0.9567249331104836
52,6,0.60,0.934207686071508
52,6,0.65,0.9683798354594768
52,6,0.70,0.951186693990717
52,6,0.75,0.9884115057123268
52,6,0.80,0.991168309589875
52,6,0.85,0.9915296551580466
52,6,0.90,0.9914847262267117
52,6,0.95,0.9921278582683095
52,7,0.05,0.08740349358547728
52,7,0.10,0.7660521042330081
52,7,0.15,0.9496813891911731
52,7,0.20,0.9872550773690735
52,7,0.25,0.9149340130122224
52,7,0.30,0.9544126307818908
52,7,0.35,0.9692304613650459
52,7,0.40,0.9127371765229402
52,7,0.45,0.9753979885931362
52,7,0.50,0.9468441623082084
52,7,0.55,0.8447107652390464
52,7,0.60,0.9549955216230035
52,7,0.65,0.9168523655044802
52,7,0.70,0.8731768048867055
52,7,0.75,0.908127140907106
52,7,0.80,0.8776043572292144
52,7,0.85,0.9401415393119151
52,7,0.90,0.980907919306174
52,7,0.95,0.9842378961895052
52,8,0.05,-0.328610092389223
52,8,0.10,0.9033462713800672
52,8,0.15,0.656460043391339
52,8,0.20,0.8542142276770599
52,8,0.25,0.8058543077619139
52,8,0.30,0.952060035330022
52,8,0.35,0.9302722959695424
52,8,0.40,0.9097173221617934
52,8,0.45,0.8358646023381112
52,8,0.50,0.981050470252313
52,8,0.55,0.8737298159091644
52,8,0.60,0.8890992780275272
52,8,0.65,0.9785870532260629
52,8,0.70,0.9527761196224447
52,8,0.75,0.9705235542744928
52,8,0.80,0.9891952892052299
52,8,0.85,0.9844215621482619
52,8,0.90,0.9644394121989435
52,8,0.95,0.970215410348056
52,9,0.05,0.3979116499179821
52,9,0.10,0.836421130189923
52,9,0.15,0.8515116032650045
52,9,0.20,0.9626245985287409
52,9,0.25,0.9174829492388552
52,9,0.30,0.8640176216244511
52,9,0.35,0.8630019190960192
52,9,0.40,0.943262124855163
52,9,0.45,0.9765027784332306
52,9,0.50,0.9463351644417872
52,9,0.55,0.9493435192566411
52,9,0.60,0.9548965284372962
52,9,0.65,0.963644221868521
52,9,0.70,0.979200399110627
52,9,0.75,0.9742994604387326
52,9,0.80,0.9617379672788976
52,9,0.85,0.9885038500269218
52,9,0.90,0.9828290021022429
52,9,0.95,0.9817482938805111
53,0,0.05,0.8703641188295238
53,0,0.10,0.9019883343825807
53,0,0.15,0.954525337867467
53,0,0.20,0.9417169310947142
53,0,0.25,0.9287237237023064
53,0,0.30,0.9717377588527408
53,0,0.35,0.9138806285907379
53,0,0.40,0.9289016201732748
53,0,0.45,0.9746190835736399
53,0,0.50,0.9818158790414446
53,0,0.55,0.9413573876907486
53,0,0.60,0.907301432615232
53,0,0.65,0.9356247296379342
53,0,0.70,0.9861692930866173
53,0,0.75,0.9819949418281851
53,0,0.80,0.9718450615453653
53,0,0.85,0.9529864435303426
53,0,0.90,0.9729364063517704
53,0,0.95,0.9678021966525148
53,1,0.05,0.8703641188295238
53,1,0.10,0.9637295876495577
53,1,0.15,0.5557043838070306
53,1,0.20,0.7305948266594302
53,1,0.25,0.9565149135659315
53,1,0.30,0.9507397060876059
53,1,0.35,0.9523406383470556
53,1,0.40,0.9634041216386997
53,1,0.45,0.9652853090803218
53,1,0.50,0.9090482272137119
53,1,0.55,0.9810327930904709
53,1,0.60,0.9259236412119994
53,1,0.65,0.9575025121969035
53,1,0.70,0.9089907745147836
53,1,0.75,0.9181127751701272
53,1,0.80,0.9231058309541145
53,1,0.85,0.9747166144733751
53,1,0.90,0.8468030509358595
53,1,0.95,0.9729722691576308
53,2,0.05,-1.5663362604045683
53,2,0.10,0.9999092598177699
53,2,0.15,-1.8803526133086375
53,2,0.20,0.7143625528850732
53,2,0.25,0.9555536349925177
53,2,0.30,0.9624242482964114
53,2,0.35,0.828626509444705
53,2,0.40,0.8540019477161156
53,2,0.45,0.9690603055720318
53,2,0.50,0.8982928642025975
53,2,0.55,0.842810557748475
53,2,0.60,0.9460227537541338
53,2,0.65,0.9724163388669116
53,2,0.70,0.9685732661487041
53,2,0.75,0.957097855607586
53,2,0.80,0.9824725518593322
53,2,0.85,0.946623515759221
53,2,0.90,0.9387284650887622
53,2,0.95,0.9395727234614696
53,3,0.05,0.15113789989766535
53,3,0.10,-0.21452770799694698
53,3,0.15,0.9539653517554165
53,3,0.20,0.8123433589617939
53,3,0.25,0.959125823172077
53,3,0.30,0.9441526004453158
53,3,0.35,0.9123401194869173
53,3,0.40,0.9528164272110679
53,3,0.45,0.9618975050178875
53,3,0.50,0.845002721732048
53,3,0.55,0.9419246988332011
53,3,0.60,0.9517926697951251
53,3,0.65,0.8334925119671953
53,3,0.70,0.40440474236223267
53,3,0.75,0.9538376567429435
53,3,0.80,0.904859263782348
53,3,0.85,0.9525970031578536
53,3,0.90,0.9874381027695683
53,3,0.95,0.9828847473077463
53,4,0.05,0.15113789989766535
53,4,0.10,0.981168831082285
53,4,0.15,0.9257656739184652
53,4,0.20,0.9096660175276877
53,4,0.25,0.8965336819590057
53,4,0.30,0.8997702769757017
53,4,0.35,0.9497956335129701
53,4,0.40,0.9300267146595764
53,4,0.45,0.9671105634670085
53,4,0.50,0.9665240696226357
53,4,0.55,0.9632889989755162
53,4,0.60,0.9664711307570337
53,4,0.65,0.9668307302648287
53,4,0.70,0.9269804675087662
53,4,0.75,0.9081156804693811
53,4,0.80,0.9323810633032035
53,4,0.85,0.8629704969024105
53,4,0.90,0.9696997967593939
53,4,0.95,0.9867917619598915
53,5,0.05,0.8703641188295238
53,5,0.10,0.9960760176801583
53,5,0.15,0.936461661545016
53,5,0.20,0.8963455032997454
53,5,0.25,0.9596703093021706
53,5,0.30,0.9599230884134092
53,5,0.35,0.960483867647377
53,5,0.40,0.9609586280558915
53,5,0.45,0.9593075629289899
53,5,0.50,0.9598581114595929
53,5,0.55,0.9194077608470946
53,5,0.60,0.9850280501375824
53,5,0.65,0.9406247267352378
53,5,0.70,0.8862015083059429
53,5,0.75,0.9464716225649736
53,5,0.80,0.9459913003151372
53,5,0.85,0.9557125714840903
53,5,0.90,0.9782404096849707
53,5,0.95,0.9671877736888418
53,6,0.05,-0.6356281435201356
53,6,0.10,0.9666681050211506
53,6,0.15,0.983810284183517
53,6,0.20,0.9777403039743537
53,6,0.25,0.9199983298595744
53,6,0.30,0.9719755967380648
53,6,0.35,0.8007579202214128
53,6,0.40,0.9862608242141467
53,6,0.45,0.9825022131816002
53,6,0.50,0.8893844980776039
53,6,0.55,0.9044302840755027
53,6,0.60,0.9383076736110428
53,6,0.65,0.9313838996439145
53,6,0.70,0.9797134221752898
53,6,0.75,0.9249640037718403
53,6,0.80,0.9795344700704876
53,6,0.85,0.9113264621990269
53,6,0.90,0.9735702778988942
53,6,0.95,0.9885988389254046
53,7,0.05,0.8514976307335036
53,7,0.10,0.9467481396328058
53,7,0.15,0.9442198831130995
53,7,0.20,0.9562839056586164
53,7,0.25,0.9316198412910761
53,7,0.30,0.9371288156617101
53,7,0.35,0.9793860672548321
53,7,0.40,0.9787320656626703
53,7,0.45,0.9586688679911338
53,7,0.50,0.8719441271560888
53,7,0.55,0.9330962173771147
53,7,0.60,0.9353712982439013
53,7,0.65,0.9146945404084849
53,7,0.70,0.8614445733334134
53,7,0.75,0.9694923834885364
53,7,0.80,0.9178242400650118
53,7,0.85,0.773499637006274
53,7,0.90,0.9748688496190503
53,7,0.95,0.9681753600038516
53,8,0.05,-48.1113766616287
53,8,0.10,0.9331732440957438
53,8,0.15,0.9714524703016902
53,8,0.20,0.9685697613999009
53,8,0.25,0.8747095222383865
53,8,0.30,0.9527308116080173
53,8,0.35,0.9751040315072174
53,8,0.40,0.9017698033243324
53,8,0.45,0.9750880038836023
53,8,0.50,0.9843702388483935
53,8,0.55,0.9604941216320587
53,8,0.60,0.9199766698877629
53,8,0.65,0.9411282084452859
53,8,0.70,0.9535820753820374
53,8,0.75,0.9709420497380203
53,8,0.80,0.9628423232732292
53,8,0.85,0.9412542690837732
53,8,0.90,0.9616799882651973
53,8,0.95,0.965306187491745
53,9,0.05,-2.6508941442364784
53,9,0.10,0.9592506841556313
53,9,0.15,0.9766437345192835
53,9,0.20,0.8020874916684944
53,9,0.25,0.9308307764222371
53,9,0.30,0.9514332702635164
53,9,0.35,0.9561589401356734
53,9,0.40,0.9535237118009074
53,9,0.45,0.9642639993443023
53,9,0.50,0.9253744959148571
53,9,0.55,0.9497273005796979
53,9,0.60,0.9279889513677194
53,9,0.65,0.8737634198103816
53,9,0.70,0.9779012273432629
53,9,0.75,0.9857843522142801
53,9,0.80,0.9423157677442685
53,9,0.85,0.971069221320718
53,9,0.90,0.9801270260739327
53,9,0.95,0.9853617734682861
54,0,0.05,0.4182941264182727
54,0,0.10,0.8307073070802733
54,0,0.15,0.9942194890168033
54,0,0.20,0.8882735570536682
54,0,0.25,0.9919394448532832
54,0,0.30,0.9742700568415735
54,0,0.35,0.9206000850389334
54,0,0.40,0.9707156646964821
54,0,0.45,0.9825481932998857
54,0,0.50,0.9643558947452211
54,0,0.55,0.9478346086324977
54,0,0.60,0.9301283131430446
54,0,0.65,0.9669547495933286
54,0,0.70,0.9917470165408976
54,0,0.75,0.989860221665347
54,0,0.80,0.9687324489257372
54,0,0.85,0.9196577202678989
54,0,0.90,0.889099711152447
54,0,0.95,0.9841675253448395
54,1,0.05,0.4182941264182727
54,1,0.10,0.9225645092913412
54,1,0.15,0.9967239625531391
54,1,0.20,0.9953042121276192
54,1,0.25,0.9263916116902919
54,1,0.30,0.9834583297150038
54,1,0.35,0.9775392467205903
54,1,0.40,0.9886342702243236
54,1,0.45,0.9323007718043475
54,1,0.50,0.9396586104969842
54,1,0.55,0.9767203195632155
54,1,0.60,0.9634185436302695
54,1,0.65,0.9049888073378055
54,1,0.70,0.9648511677777949
54,1,0.75,0.9592368776801825
54,1,0.80,0.9687516093049843
54,1,0.85,0.9650152975293811
54,1,0.90,0.9212361641451254
54,1,0.95,0.9544602849679965
54,2,0.05,0.305368918706307
54,2,0.10,0.9080309082430758
54,2,0.15,0.9940149821422521
54,2,0.20,0.7027011802609646
54,2,0.25,0.8854646706404159
54,2,0.30,0.9611126569758818
54,2,0.35,0.9517936452567615
54,2,0.40,0.9367147232798901
54,2,0.45,0.7884349873965381
54,2,0.50,0.9654392684294151
54,2,0.55,0.9133908831415218
54,2,0.60,0.9664936445872375
54,2,0.65,0.9940447304580331
54,2,0.70,0.9484221849441353
54,2,0.75,0.8854562197826176
54,2,0.80,0.9826014408965641
54,2,0.85,0.9882124435415847
54,2,0.90,0.9859861126024929
54,2,0.95,0.9886616166156663
54,3,0.05,0.35714857264735544
54,3,0.10,-23.211861983568316
54,3,0.15,0.9451191761544006
54,3,0.20,0.977405123352787
54,3,0.25,0.9105145159621958
54,3,0.30,0.9450479310104585
54,3,0.35,0.956533696499709
54,3,0.40,0.9226467504947002
54,3,0.45,0.9531515117235111
54,3,0.50,0.972798348494058
54,3,0.55,0.9320404351685248
54,3,0.60,0.9375935955482539
54,3,0.65,0.936225796525745
54,3,0.70,0.8205536634969101
54,3,0.75,0.9268636579233949
54,3,0.80,0.9814184196027138
54,3,0.85,0.9790970825542351
54,3,0.90,0.9882224488536177
54,3,0.95,0.9541235733023165
54,4,0.05,0.35714857264735544
54,4,0.10,0.8319946853032112
54,4,0.15,0.9962053948312342
54,4,0.20,0.9615351029508732
54,4,0.25,0.9264035406592168
54,4,0.30,0.9403876176934669
54,4,0.35,0.9579382840696115
54,4,0.40,0.92828203674942
54,4,0.45,0.9677741407714672
54,4,0.50,0.9713610785964364
54,4,0.55,0.9646637703714475
54,4,0.60,0.9932978725782711
54,4,0.65,0.9754388179269986
54,4,0.70,0.9464860190400709
54,4,0.75,0.9878095916802366
54,4,0.80,0.9822292734041176
54,4,0.85,0.9624812812938742
54,4,0.90,0.9882049023251951
54,4,0.95,0.9839781133933397
54,5,0.05,0.4182941264182727
54,5,0.10,0.9656117372613794
54,5,0.15,0.6051416407965453
54,5,0.20,0.9765966211561077
54,5,0.25,0.9959755588151893
54,5,0.30,0.9870010202635897
54,5,0.35,0.9955968135253663
54,5,0.40,0.8939709041207913
54,5,0.45,0.9821794567593415
54,5,0.50,0.8342173564458208
54,5,0.55,0.9296303833156953
54,5,0.60,0.9824487767203031
54,5,0.65,0.8881281038453313
54,5,0.70,0.9699880225375871
54,5,0.75,0.965510614251007
54,5,0.80,0.9674466679193656
54,5,0.85,0.9665112121611706
54,5,0.90,0.9751748038045491
54,5,0.95,0.9763980324676176
54,6,0.05,-3.567404411051002
54,6,0.10,0.7254036557380156
54,6,0.15,0.9975282468556851
54,6,0.20,0.9525672592291125
54,6,0.25,0.9930208848812284
54,6,0.30,0.9880702312385528
54,6,0.35,0.971552977556992
54,6,0.40,0.985771157995006
54,6,0.45,0.9873104097910378
54,6,0.50,0.9547729747303586
54,6,0.55,0.9407407956301852
54,6,0.60,0.9479482684268686
54,6,0.65,0.9251977382819523
54,6,0.70,0.9735589487199875
54,6,0.75,0.9783136958053433
54,6,0.80,0.969583893214566
54,6,0.85,0.9169403161187288
54,6,0.90,0.982672083338119
54,6,0.95,0.9778579744246454
54,7,0.05,-0.4207964111412916
54,7,0.10,0.7755550242346665
54,7,0.15,0.9965105802212209
54,7,0.20,0.774264317154659
54,7,0.25,0.8007873420830506
54,7,0.30,0.9759327583027995
54,7,0.35,0.9491010779626228
54,7,0.40,0.9823238497051054
54,7,0.45,0.9929116459729234
54,7,0.50,0.9941029555345673
54,7,0.55,0.9677193421911063
54,7,0.60,0.9863853107431199
54,7,0.65,0.958913353969923
54,7,0.70,0.9435681784200447
54,7,0.75,0.937241653774765
54,7,0.80,0.9691096057680996
54,7,0.85,0.9704155141712383
54,7,0.90,0.9588649720833793
54,7,0.95,0.9792577408804535
54,8,0.05,-0.07144070354138643
54,8,0.10,0.9113938232398519
54,8,0.15,0.9978990693645516
54,8,0.20,0.9400611663461101
54,8,0.25,0.9348679245004748
54,8,0.30,0.6938967911589886
54,8,0.35,0.9624932834681352
54,8,0.40,0.9123036712143829
54,8,0.45,0.9717259853092337
54,8,0.50,0.9755639265836847
54,8,0.55,0.9512092215045433
54,8,0.60,0.9593727986871374
54,8,0.65,0.9764020785419433
54,8,0.70,0.9328393489073448
54,8,0.75,0.9747736128040744
54,8,0.80,0.9649390507661574
54,8,0.85,0.9678220932885929
54,8,0.90,0.9805830889666474
54,8,0.95,0.9641176520440481
54,9,0.05,0.4886247614057859
54,9,0.10,0.9208187032626306
54,9,0.15,0.993615145722491
54,9,0.20,0.9864740591530221
54,9,0.25,0.8507968995880825
54,9,0.30,0.9417847843963176
54,9,0.35,0.8917240959824078
54,9,0.40,0.9518721111046603
54,9,0.45,0.9735061983210261
54,9,0.50,0.899503657012021
54,9,0.55,0.9903079107334183
54,9,0.60,0.9535265890441919
54,9,0.65,0.9478384885511729
54,9,0.70,0.9470406441674882
54,9,0.75,0.9856447719417862
54,9,0.80,0.893638664558714
54,9,0.85,0.9819680485403885
54,9,0.90,0.9864061210087961
54,9,0.95,0.9555372591438672
55,0,0.05,0.7724390191791454
55,0,0.10,-1.3657978932285877
55,0,0.15,0.765122634762072
55,0,0.20,0.8723642410765207
55,0,0.25,0.8889367253642856
55,0,0.30,0.8962542110114001
55,0,0.35,0.9426855012762458
55,0,0.40,0.9417015989405713
55,0,0.45,0.9626998784333531
55,0,0.50,0.9841961806950869
55,0,0.55,0.7716197927895838
55,0,0.60,0.9016338054412362
55,0,0.65,0.982156234832244
55,0,0.70,0.9891880453710843
55,0,0.75,0.9903523642934496
55,0,0.80,0.9871693691642304
55,0,0.85,0.927100735182372
55,0,0.90,0.9643699939507008
55,0,0.95,0.9728585512505515
55,1,0.05,0.7724390191791454
55,1,0.10,0.8099442017761435
55,1,0.15,0.8135810094725606
55,1,0.20,0.9185074596296392
55,1,0.25,0.8428067564109014
55,1,0.30,0.8317337815088888
55,1,0.35,0.9186031816476198
55,1,0.40,0.661907994340248
55,1,0.45,0.9700737906130689
55,1,0.50,0.9164368745204615
55,1,0.55,0.863438549098081
55,1,0.60,0.9866362786195843
55,1,0.65,0.9601844516691656
55,1,0.70,0.9576720677907531
55,1,0.75,0.9760878465328756
55,1,0.80,0.9910598366683233
55,1,0.85,0.9790336608747552
55,1,0.90,0.9733246094366013
55,1,0.95,0.9763608838213703
55,2,0.05,-1.6052026924870284
55,2,0.10,0.9371546385054241
55,2,0.15,0.8596502781311705
55,2,0.20,0.8806258913245777
55,2,0.25,0.9235823663647867
55,2,0.30,0.9175079964529814
55,2,0.35,0.8477712585353546
55,2,0.40,0.8791619038774559
55,2,0.45,0.8845474323227631
55,2,0.50,0.9043735961970135
55,2,0.55,0.8952686027143592
55,2,0.60,0.9854996768055801
55,2,0.65,0.9373700608654857
55,2,0.70,0.9791539653216932
55,2,0.75,0.9133717599044646
55,2,0.80,0.9234174435966613
55,2,0.85,0.9514920645454541
55,2,0.90,0.9388315943707574
55,2,0.95,0.9591327325122627
55,3,0.05,-0.09779335524221677
55,3,0.10,-19.94916353026731
55,3,0.15,0.8527548362740247
55,3,0.20,0.8388827331974984
55,3,0.25,0.8969429217943852
55,3,0.30,0.8799946766586174
55,3,0.35,0.9098699940794928
55,3,0.40,0.9513568870704534
55,3,0.45,0.9454843665418364
55,3,0.50,0.9079088576287525
55,3,0.55,0.9523801626507076
55,3,0.60,0.9153221866341528
55,3,0.65,0.8116612259519265
55,3,0.70,0.9633761370040966
55,3,0.75,0.9815727311468245
55,3,0.80,0.9301360757176635
55,3,0.85,0.9761962920911601
55,3,0.90,0.9785754181930703
55,3,0.95,0.9785234176527821
55,4,0.05,-0.09779335524221677
55,4,0.10,0.9724362853648014
55,4,0.15,0.823441113102219
55,4,0.20,0.868479721051671
55,4,0.25,0.9692549169124234
55,4,0.30,0.7398999379742952
55,4,0.35,0.9415912620951192
55,4,0.40,0.9318191886402695
55,4,0.45,0.9390714061075982
55,4,0.50,0.9482153487908399
55,4,0.55,0.959480723731622
55,4,0.60,0.952934267789875
55,4,0.65,0.9570756099610692
55,4,0.70,0.8318278839025188
55,4,0.75,0.9875779602724292
55,4,0.80,0.9859775955158585
55,4,0.85,0.9930285466701988
55,4,0.90,0.9840300421610874
55,4,0.95,0.9878758245352831
55,5,0.05,0.7724390191791454
55,5,0.10,0.8795356850943976
55,5,0.15,0.8181498133616084
55,5,0.20,0.8523803356238642
55,5,0.25,0.9253918621405424
55,5,0.30,0.9380005830369021
55,5,0.35,0.664250776719638
55,5,0.40,0.8418086506735507
55,5,0.45,0.9237814303685168
55,5,0.50,0.9561129787112231
55,5,0.55,0.9766643451827577
55,5,0.60,0.9841820530311302
55,5,0.65,0.9558484133031785
55,5,0.70,0.9948102267393794
55,5,0.75,0.9460833612369086
55,5,0.80,0.9657907261976795
55,5,0.85,0.9669850789395137
55,5,0.90,0.9681742236404008
55,5,0.95,0.9599253947031834
55,6,0.05,-1.5315445197384006
55,6,0.10,0.7955449549203417
55,6,0.15,0.9793869023250094
55,6,0.20,0.687378910575113
55,6,0.25,0.9197241614180369
55,6,0.30,0.9032882990650801
55,6,0.35,0.7311653093831951
55,6,0.40,0.9555405177186237
55,6,0.45,0.9440446583928759
55,6,0.50,0.9748170965445674
55,6,0.55,0.957236791734003
55,6,0.60,0.9844193362084988
55,6,0.65,0.9464291730875736
55,6,0.70,0.9674513675147198
55,6,0.75,0.9877842312336245
55,6,0.80,0.9899273015323441
55,6,0.85,0.9907164116632654
55,6,0.90,0.9841996692849762
55,6,0.95,0.9714471455207095
55,7,0.05,0.47424780759376306
55,7,0.10,0.8686450835351676
55,7,0.15,0.6091872292230924
55,7,0.20,0.869024004022243
55,7,0.25,0.8428959057664736
55,7,0.30,0.927324812108447
55,7,0.35,0.8726125212875889
55,7,0.40,0.9286598852843774
55,7,0.45,0.9728853523999823
55,7,0.50,0.9676927312873653
55,7,0.55,0.9442812809247664
55,7,0.60,0.9596693074965826
55,7,0.65,0.9702829301506788
55,7,0.70,0.9731354531453408
55,7,0.75,0.9780113986394482
55,7,0.80,0.8990025179836694
55,7,0.85,0.938703772002964
55,7,0.90,0.980558139102215
55,7,0.95,0.9816106473210373
55,8,0.05,-44.92207594517399
55,8,0.10,0.6856736979562478
55,8,0.15,0.8450162182896677
55,8,0.20,0.8660117323800794
55,8,0.25,0.8569620237962527
55,8,0.30,0.8905883086231341
55,8,0.35,0.913897213659515
55,8,0.40,0.9214039692403928
55,8,0.45,0.9566200715732984
55,8,0.50,0.961079128436864
55,8,0.55,0.954681652173164
55,8,0.60,0.886643589910564
55,8,0.65,0.9718127001776704
55,8,0.70,0.968522692795973
55,8,0.75,0.976268530835369
55,8,0.80,0.9589701416837456
55,8,0.85,0.9594065253299853
55,8,0.90,0.9823941734908384
55,8,0.95,0.9709290259879634
55,9,0.05,-23.145358432844105
55,9,0.10,0.3857100382611428
55,9,0.15,0.6621574512637494
55,9,0.20,0.8649745598336273
55,9,0.25,0.8657354626072739
55,9,0.30,0.8922402903241317
55,9,0.35,0.8749779858007096
55,9,0.40,0.9607282527750145
55,9,0.45,0.7968264700535705
55,9,0.50,0.9833548605125638
55,9,0.55,0.9680415848884028
55,9,0.60,0.9661894099144263
55,9,0.65,0.9203888457380758
55,9,0.70,0.9290822552139445
55,9,0.75,0.9445180950207789
55,9,0.80,0.8644287036801783
55,9,0.85,0.9783091489072575
55,9,0.90,0.9800770329355561
55,9,0.95,0.9825739014119619
56,0,0.05,0.6633843819241154
56,0,0.10,-0.5348070895901254
56,0,0.15,0.49472010327833815
56,0,0.20,0.9350931524570225
56,0,0.25,0.876295224546781
56,0,0.30,0.9869050424139667
56,0,0.35,0.989678149932284
56,0,0.40,0.9821093853661282
56,0,0.45,0.9703726941315824
56,0,0.50,0.9576823547521385
56,0,0.55,0.9312768046311295
56,0,0.60,0.9668237242465574
56,0,0.65,0.9813681919025259
56,0,0.70,0.9792700054437784
56,0,0.75,0.9443004285048735
56,0,0.80,0.9437218231005857
56,0,0.85,0.9635119887716986
56,0,0.90,0.9740857417938701
56,0,0.95,0.9628948484265341
56,1,0.05,0.6633843819241154
56,1,0.10,0.6942164540305225
56,1,0.15,0.7589216695304166
56,1,0.20,0.9626569597231989
56,1,0.25,0.931160884410924
56,1,0.30,0.5436032168088287
56,1,0.35,0.945442823072067
56,1,0.40,0.9376386865163173
56,1,0.45,0.9560965466530313
56,1,0.50,0.9490094019549598
56,1,0.55,0.9639488544284857
56,1,0.60,0.9517018160231931
56,1,0.65,0.9131305192723698
56,1,0.70,0.9828765960560444
56,1,0.75,0.9512959951835491
56,1,0.80,0.9237704507699311
56,1,0.85,0.9245673300090922
56,1,0.90,0.9946202348390827
56,1,0.95,0.9867761276428679
56,2,0.05,-0.005516590448890746
56,2,0.10,0.899258449597911
56,2,0.15,0.2518375754127382
56,2,0.20,0.9618485653954197
56,2,0.25,0.9006531833839175
56,2,0.30,0.951588657553484
56,2,0.35,0.8787543407068186
56,2,0.40,0.8685314688695426
56,2,0.45,0.9594698452933504
56,2,0.50,0.9656244613937786
56,2,0.55,0.9742369974298019
56,2,0.60,0.9902722509628114
56,2,0.65,0.9699030910301907
56,2,0.70,0.9911328728758959
56,2,0.75,0.9702556936512777
56,2,0.80,0.9707488437200755
56,2,0.85,0.9636253271976964
56,2,0.90,0.9872094676937987
56,2,0.95,0.9836096820090496
56,3,0.05,0.309670412110695
56,3,0.10,-0.4923279323357945
56,3,0.15,0.8530652301008488
56,3,0.20,0.6895981336235997
56,3,0.25,0.9723336177915551
56,3,0.30,0.9777993297300744
56,3,0.35,0.8350940018758229
56,3,0.40,0.9556639448118438
56,3,0.45,0.9576357101868471
56,3,0.50,0.9241872393005903
56,3,0.55,0.9581647807319973
56,3,0.60,0.9797124445175988
56,3,0.65,0.9618382276946417
56,3,0.70,0.976579676790318
56,3,0.75,0.977012278979301
56,3,0.80,0.970282571088234
56,3,0.85,0.9588381514118695
56,3,0.90,0.9594693576334296
56,3,0.95,0.9556181408904725
56,4,0.05,0.309670412110695
56,4,0.10,0.6870845164067235
56,4,0.15,0.9164768525452394
56,4,0.20,0.9324268711529075
56,4,0.25,0.791615126899306
56,4,0.30,0.9680813085605418
56,4,0.35,0.9768304919723553
56,4,0.40,0.9800661881774786
56,4,0.45,0.9757316693835523
56,4,0.50,0.9770828506915856
56,4,0.55,0.962146161642699
56,4,0.60,0.9773445423913338
56,4,0.65,0.9815013650774274
56,4,0.70,0.9354996166884917
56,4,0.75,0.9707650723881978
56,4,0.80,0.932018468069544
56,4,0.85,0.9514934892201246
56,4,0.90,0.9642827184129458
56,4,0.95,0.9758403544481671
56,5,0.05,0.6633843819241154
56,5,0.10,0.8163335275575853
56,5,0.15,0.7008791775966454
56,5,0.20,0.6936571066914679
56,5,0.25,0.9359280179722482
56,5,0.30,0.9769057519431416
56,5,0.35,0.9076593606182284
56,5,0.40,0.921598827651866
56,5,0.45,0.9395582325266274
56,5,0.50,0.8473258458889784
56,5,0.55,0.977592224017168
56,5,0.60,0.9868841368073942
56,5,0.65,0.9714925932317439
56,5,0.70,0.9921171422055961
56,5,0.75,0.9141670153797272
56,5,0.80,0.9802123253277361
56,5,0.85,0.9542240514306091
56,5,0.90,0.9872315037430645
56,5,0.95,0.9752472493873237
56,6,0.05,-1.3697276048440918
56,6,0.10,0.782255326233111
56,6,0.15,0.8960727002346164
56,6,0.20,0.9225024271152766
56,6,0.25,0.7885754229190459
56,6,0.30,0.9381757072625599
56,6,0.35,0.9229272671491321
56,6,0.40,0.9740245758171947
56,6,0.45,0.9597571459338171
56,6,0.50,0.9463504726725898
56,6,0.55,0.9728790725598394
56,6,0.60,0.9708676666306938
56,6,0.65,0.9599323227866572
56,6,0.70,0.9876979301987808
56,6,0.75,0.9638545412860914
56,6,0.80,0.9549262259784405
56,6,0.85,0.9825771980554413
56,6,0.90,0.9729180774626897
56,6,0.95,0.9762481919808358
56,7,0.05,0.08834418903928631
56,7,0.10,0.8658142032961439
56,7,0.15,0.8099384998474514
56,7,0.20,0.9755062043752032
56,7,0.25,0.9036302487412077
56,7,0.30,0.938933998912101
56,7,0.35,0.9233589682563385
56,7,0.40,0.9540748880154178
56,7,0.45,0.9396767317911487
56,7,0.50,0.975761459000518
56,7,0.55,0.9505306824933922
56,7,0.60,0.9424956669049298
56,7,0.65,0.9925338865009092
56,7,0.70,0.896995703824672
56,7,0.75,0.958152484645857
56,7,0.80,0.9709984896241195
56,7,0.85,0.9426673428704482
56,7,0.90,0.9303242336313001
56,7,0.95,0.9676222915266648
56,8,0.05,-435.83658740641175
56,8,0.10,0.9652909178285406
56,8,0.15,0.9585517378691355
56,8,0.20,0.9692885363415806
56,8,0.25,0.8072753149533337
56,8,0.30,0.9646952198751133
56,8,0.35,0.9294973802608658
56,8,0.40,0.951490319891553
56,8,0.45,0.9766145111317054
56,8,0.50,0.9525423759956685
56,8,0.55,0.9834789783729588
56,8,0.60,0.9416732142166542
56,8,0.65,0.9766964841664375
56,8,0.70,0.9662360652434608
56,8,0.75,0.9376407055366754
56,8,0.80,0.9760787074125141
56,8,0.85,0.9394028027337332
56,8,0.90,0.9898363039788326
56,8,0.95,0.989507000936394
56,9,0.05,0.041593990851715
56,9,0.10,0.16080424396628545
56,9,0.15,0.4175231719556266
56,9,0.20,0.9928548700037193
56,9,0.25,0.9774425961651731
56,9,0.30,0.9679677205352478
56,9,0.35,0.9768292465780973
56,9,0.40,0.9806843835833849
56,9,0.45,0.9532493507694038
56,9,0.50,0.8998251058418153
56,9,0.55,0.9714932951656599
56,9,0.60,0.9758689703228922
56,9,0.65,0.9800663846905775
56,9,0.70,0.9550582586662886
56,9,0.75,0.9870171497915257
56,9,0.80,0.9828207642574995
56,9,0.85,0.9903335952134189
56,9,0.90,0.9810363360946334
56,9,0.95,0.995436128010128
57,0,0.05,0.6318153895912835
57,0,0.10,0.9517810922162597
57,0,0.15,0.9692418021628735
57,0,0.20,0.9191986707160803
57,0,0.25,0.9413614050091967
57,0,0.30,0.9783902969661127
57,0,0.35,0.9384065277731916
57,0,0.40,0.984188188293604
57,0,0.45,0.9737688970446308
57,0,0.50,0.9710696980004861
57,0,0.55,0.9793914695781709
57,0,0.60,0.9797648025061978
57,0,0.65,0.9857042966771126
57,0,0.70,0.9829504221861399
57,0,0.75,0.9888069519666023
57,0,0.80,0.9865595541881303
57,0,0.85,0.9610811483692657
57,0,0.90,0.9081730180193784
57,0,0.95,0.982591882198887
57,1,0.05,0.6318153895912835
57,1,0.10,0.9531511882131807
57,1,0.15,0.9489192903893899
57,1,0.20,0.9359000339005101
57,1,0.25,0.8279254282974926
57,1,0.30,0.9833979397417449
57,1,0.35,0.9530484841473581
57,1,0.40,0.9512904443505212
57,1,0.45,0.968712298157318
57,1,0.50,0.9569031300633503
57,1,0.55,0.9514603423094322
57,1,0.60,0.9718598769793335
57,1,0.65,0.9757119762463073
57,1,0.70,0.9709610019251421
57,1,0.75,0.9651276411881917
57,1,0.80,0.9899604965612745
57,1,0.85,0.9694778094333186
57,1,0.90,0.9844905375526293
57,1,0.95,0.9724282946040138
57,2,0.05,0.35446723727911267
57,2,0.10,0.9993880315692846
57,2,0.15,0.7866292934812712
57,2,0.20,0.914848515789967
57,2,0.25,0.9316450533157628
57,2,0.30,0.9879522313102287
57,2,0.35,0.44193069962867726
57,2,0.40,0.9143205487603918
57,2,0.45,0.8398494179911133
57,2,0.50,0.8895643127455011
57,2,0.55,0.9186881297122296
57,2,0.60,0.936016133218083
57,2,0.65,0.9768503651898878
57,2,0.70,0.9883070314972929
57,2,0.75,0.9781720354960319
57,2,0.80,0.9687947537519315
57,2,0.85,0.9434392187609625
57,2,0.90,0.9889847504577594
57,2,0.95,0.9848199840906605
57,3,0.05,0.027592469448409762
57,3,0.10,-0.03048039820657711
57,3,0.15,0.9937334052466112
57,3,0.20,0.8883357204419913
57,3,0.25,0.9669489466166042
57,3,0.30,0.9456568770714942
57,3,0.35,0.704218437561214
57,3,0.40,0.9694863741653059
57,3,0.45,0.9423611837186213
57,3,0.50,0.8813112280293319
57,3,0.55,0.9423233991692423
57,3,0.60,0.9190008826767255
57,3,0.65,0.953887245420879
57,3,0.70,0.9215235551244663
57,3,0.75,0.9165630393901991
57,3,0.80,0.9672052491316986
57,3,0.85,0.9844537120724364
57,3,0.90,0.973804286286244
57,3,0.95,0.978946177441051
57,4,0.05,0.027592469448409762
57,4,0.10,0.9071272158480903
57,4,0.15,0.9924844298354857
57,4,0.20,0.9426456137673552
57,4,0.25,0.9394916894926812
57,4,0.30,0.9532513174313255
57,4,0.35,0.9200056658327231
57,4,0.40,0.9516776039972659
57,4,0.45,0.9208400575347034
57,4,0.50,0.935232995666639
57,4,0.55,0.9302193111608948
57,4,0.60,0.9591433029257274
57,4,0.65,0.967181309393569
57,4,0.70,0.9816486474047513
57,4,0.75,0.9881548328605597
57,4,0.80,0.9809027347848979
57,4,0.85,0.9729666998921356
57,4,0.90,0.9837375330968113
57,4,0.95,0.9806874484123853
57,5,0.05,0.6318153895912835
57,5,0.10,0.9987986618599888
57,5,0.15,0.9334631449991723
57,5,0.20,0.9946278632378147
57,5,0.25,0.9717808590899376
57,5,0.30,0.9849857510485587
57,5,0.35,0.9679425853592013
57,5,0.40,0.7733810817972289
57,5,0.45,0.9292635468113835
57,5,0.50,0.9273365604065767
57,5,0.55,0.9855505427246347
57,5,0.60,0.9630985251518572
57,5,0.65,0.9286569436905986
57,5,0.70,0.9757613051689163
57,5,0.75,0.9563632889677286
57,5,0.80,0.95923340769883
57,5,0.85,0.9875237019075104
57,5,0.90,0.9697724091958794
57,5,0.95,0.9785138866531731
57,6,0.05,-8.127790441472515
57,6,0.10,0.8899046169827122
57,6,0.15,0.9922555848930427
57,6,0.20,0.9867543816728479
57,6,0.25,0.7680263259514016
57,6,0.30,0.7282322646734508
57,6,0.35,0.9271978364980686
57,6,0.40,0.9166601341397591
57,6,0.45,0.8772887335321152
57,6,0.50,0.7124347863736636
57,6,0.55,0.9899295204386586
57,6,0.60,0.978903910734579
57,6,0.65,0.9080499953276289
57,6,0.70,0.9738822070872667
57,6,0.75,0.9861248938011875
57,6,0.80,0.9887519319149679
57,6,0.85,0.9817471729688987
57,6,0.90,0.9830743774730861
57,6,0.95,0.9707242431637164
57,7,0.05,0.3919024780225494
57,7,0.10,0.9889012534718333
57,7,0.15,0.9922114784518141
57,7,0.20,0.9745582950939857
57,7,0.25,0.9853750658971799
57,7,0.30,0.9085152646311967
57,7,0.35,0.9760036328449418
57,7,0.40,0.9350021584055019
57,7,0.45,0.9634773655753319
57,7,0.50,0.97242196949418
57,7,0.55,0.9731646898561175
57,7,0.60,0.9882114423355541
57,7,0.65,0.9499507166863213
57,7,0.70,0.964576559697774
57,7,0.75,0.8911554725970503
57,7,0.80,0.9842868444370962
57,7,0.85,0.9777946489435733
57,7,0.90,0.9845627542080347
57,7,0.95,0.9037043762138004
57,8,0.05,-0.15811064103637174
57,8,0.10,0.9983832419440437
57,8,0.15,0.9923604027148981
57,8,0.20,0.9905498751809114
57,8,0.25,0.864118958528342
57,8,0.30,0.886560842317477
57,8,0.35,0.9291198576686878
57,8,0.40,0.9195656171956236
57,8,0.45,0.8890340801449402
57,8,0.50,0.9249965483204383
57,8,0.55,0.9398193100807808
57,8,0.60,0.9574699079789497
57,8,0.65,0.9834412704723385
57,8,0.70,0.9612418332124066
57,8,0.75,0.9757412887423952
57,8,0.80,0.9643738577206106
57,8,0.85,0.9829193914468878
57,8,0.90,0.9556098588698934
57,8,0.95,0.9484243308843568
57,9,0.05,0.5558204562287058
57,9,0.10,0.7151982280656539
57,9,0.15,0.9335320076976625
57,9,0.20,0.9853751298781103
57,9,0.25,0.8593503766954246
57,9,0.30,0.9836252764881946
57,9,0.35,0.952390990037981
57,9,0.40,0.9879040433339839
57,9,0.45,0.8932222411061332
57,9,0.50,0.9123842643290787
57,9,0.55,0.8949439528858367
57,9,0.60,0.9693987168732299
57,9,0.65,0.9518698697057135
57,9,0.70,0.946690774776742
57,9,0.75,0.9473406301320302
57,9,0.80,0.965266003365087
57,9,0.85,0.9814079451620588
57,9,0.90,0.9587897749465757
57,9,0.95,0.9712195763450147
58,0,0.05,0.5216303894621745
58,0,0.10,0.8314528094690439
58,0,0.15,0.8382805094127429
58,0,0.20,0.776739711577686
58,0,0.25,0.9061030360939265
58,0,0.30,0.9596804806751167
58,0,0.35,0.9653590388926796
58,0,0.40,0.8702325068290777
58,0,0.45,0.9489142576524572
58,0,0.50,0.991165333587687
58,0,0.55,0.7981307819998822
58,0,0.60,0.8200302605811579
58,0,0.65,0.8828765759984911
58,0,0.70,0.8843855729079055
58,0,0.75,0.9341629443373821
58,0,0.80,0.9713970816845207
58,0,0.85,0.9165184887293911
58,0,0.90,0.9644253130387722
58,0,0.95,0.9715017670034289
58,1,0.05,0.5216303894621745
58,1,0.10,0.7098534555025153
58,1,0.15,0.8997849040860973
58,1,0.20,0.9140823945324406
58,1,0.25,0.9282769637583359
58,1,0.30,0.9617770131587543
58,1,0.35,0.9718678602819095
58,1,0.40,0.7568871537183475
58,1,0.45,0.9416190813810541
58,1,0.50,0.8825530015297157
58,1,0.55,0.8706360944893209
58,1,0.60,0.9149421876411629
58,1,0.65,0.9736271225696803
58,1,0.70,0.8959371614927669
58,1,0.75,0.9611565611214316
58,1,0.80,0.9669402317199717
58,1,0.85,0.985820123351999
58,1,0.90,0.946641767189914
58,1,0.95,0.976896876539098
58,2,0.05,0.7266362240266424
58,2,0.10,0.9878903714082167
58,2,0.15,0.6897371434307917
58,2,0.20,0.46631163974921175
58,2,0.25,0.9501716585990542
58,2,0.30,0.9882320583537973
58,2,0.35,0.6706104054983573
58,2,0.40,0.912535877246576
58,2,0.45,0.8891851411220567
58,2,0.50,0.9234452635431183
58,2,0.55,0.9168042637384982
58,2,0.60,0.8902471707872236
58,2,0.65,0.9131584865782869
58,2,0.70,0.8776939974984752
58,2,0.75,0.9474073845726149
58,2,0.80,0.9370971034945482
58,2,0.85,0.962919461346269
58,2,0.90,0.9645579846918617
58,2,0.95,0.9745361186372501
58,3,0.05,0.27623944612154927
58,3,0.10,-10.692997208084684
58,3,0.15,0.9675964347620961
58,3,0.20,0.8378426571453849
58,3,0.25,0.9370811229593333
58,3,0.30,0.9587222261836114
58,3,0.35,0.9719284531414585
58,3,0.40,0.9734385500084839
58,3,0.45,0.9787726616324482
58,3,0.50,0.9262981354581127
58,3,0.55,0.9796605252010301
58,3,0.60,0.9112812824204277
58,3,0.65,0.9440383806061347
58,3,0.70,0.906505033407486
58,3,0.75,0.9811877089980224
58,3,0.80,0.9454458795619047
58,3,0.85,0.9797008111818835
58,3,0.90,0.9843351356306773
58,3,0.95,0.9911045941986351
58,4,0.05,0.27623944612154927
58,4,0.10,0.8856131955022323
58,4,0.15,0.9605142221716829
58,4,0.20,0.915754365080217
58,4,0.25,0.8629796057361672
58,4,0.30,0.9425488982833139
58,4,0.35,0.9404143962109658
58,4,0.40,0.9611104674521292
58,4,0.45,0.9815772499135441
58,4,0.50,0.9773697365712342
58,4,0.55,0.9797054099168643
58,4,0.60,0.9626913380864687
58,4,0.65,0.9655036492127854
58,4,0.70,0.8456161165088016
58,4,0.75,0.8406909909511977
58,4,0.80,0.9174582176147008
58,4,0.85,0.9117300203041976
58,4,0.90,0.9737306161594765
58,4,0.95,0.9882841973603745
58,5,0.05,0.5216303894621745
58,5,0.10,0.991890271194137
58,5,0.15,0.8426895799029118
58,5,0.20,0.9036908833527802
58,5,0.25,0.9259320206638995
58,5,0.30,0.9571332413455506
58,5,0.35,0.9643950626432799
58,5,0.40,0.9452382670053336
58,5,0.45,0.9132881832848908
58,5,0.50,0.948138731666495
58,5,0.55,0.9118446883700428
58,5,0.60,0.9881741438522178
58,5,0.65,0.9574342560477156
58,5,0.70,0.9303910347042235
58,5,0.75,0.9681567050600148
58,5,0.80,0.9311892815395348
58,5,0.85,0.9671266080643489
58,5,0.90,0.9830348536323699
58,5,0.95,0.9816389031108007
58,6,0.05,-4.729313091627929
58,6,0.10,0.5465657008808968
58,6,0.15,0.9481228444659586
58,6,0.20,0.2988193045907632
58,6,0.25,0.43360343073302754
58,6,0.30,0.9241885040189738
58,6,0.35,0.9409915588258435
58,6,0.40,0.9809410431798979
58,6,0.45,0.7104520302229121
58,6,0.50,0.7158693793598121
58,6,0.55,0.9424496581317509
58,6,0.60,0.9589377193528636
58,6,0.65,0.9365722246409548
58,6,0.70,0.9790206177867387
58,6,0.75,0.8725584186155534
58,6,0.80,0.9268086689857726
58,6,0.85,0.9482225434525937
58,6,0.90,0.9889603049298681
58,6,0.95,0.9833276740875879
58,7,0.05,-0.052614809705614496
58,7,0.10,0.9296283381571604
58,7,0.15,0.9544370115136029
58,7,0.20,0.8983043218904426
58,7,0.25,0.9646919847460069
58,7,0.30,0.9282062237557772
58,7,0.35,0.8749237938349136
58,7,0.40,0.9496259770200094
58,7,0.45,0.9814156901132063
58,7,0.50,0.959201331254443
58,7,0.55,0.9694732139081839
58,7,0.60,0.8841964456513278
58,7,0.65,0.9557768833555661
58,7,0.70,0.9621196278839672
58,7,0.75,0.9417564365365075
58,7,0.80,0.8547574145428527
58,7,0.85,0.9401931628353644
58,7,0.90,0.9612539253544037
58,7,0.95,0.9657392216125802
58,8,0.05,-0.028935460736093432
58,8,0.10,0.972656422013462
58,8,0.15,0.9619820607866028
58,8,0.20,0.9686856036747483
58,8,0.25,0.4520240509698332
58,8,0.30,0.9597683417023077
58,8,0.35,0.6001257948070395
58,8,0.40,0.9467170651560349
58,8,0.45,0.9782324753801168
58,8,0.50,0.9726297664435613
58,8,0.55,0.9241275774279843
58,8,0.60,0.8756437733548945
58,8,0.65,0.8982223045888321
58,8,0.70,0.9301729120785994
58,8,0.75,0.9682228502156065
58,8,0.80,0.9696532024346953
58,8,0.85,0.9003729661752553
58,8,0.90,0.9697495919748047
58,8,0.95,0.9861277820888644
58,9,0.05,0.7561484683941174
58,9,0.10,0.7717653461701071
58,9,0.15,0.8990418425743631
58,9,0.20,0.9764891554676103
58,9,0.25,0.9757512939290943
58,9,0.30,0.9648015434696653
58,9,0.35,0.9357244216175898
58,9,0.40,0.9586342501335077
58,9,0.45,0.9858148348892118
58,9,0.50,0.9701240396113265
58,9,0.55,0.9450488937778013
58,9,0.60,0.9374568485400654
58,9,0.65,0.9518449887304787
58,9,0.70,0.9682417847551709
58,9,0.75,0.9718296490756084
58,9,0.80,0.9139327342815379
58,9,0.85,0.9733360578342246
58,9,0.90,0.9813732464313912
58,9,0.95,0.993250964724137
59,0,0.05,0.6633844486015651
59,0,0.10,0.8215230954797975
59,0,0.15,0.9872897750171749
59,0,0.20,0.9767531246624147
59,0,0.25,0.9364860566147777
59,0,0.30,0.8774882241979745
59,0,0.35,0.9394460272103166
59,0,0.40,0.9401074481178614
59,0,0.45,0.9498945139278641
59,0,0.50,0.9292759875354216
59,0,0.55,0.9257525807727653
59,0,0.60,0.9707881045180418
59,0,0.65,0.9752774232079436
59,0,0.70,0.9661111697600366
59,0,0.75,0.9260737582276446
59,0,0.80,0.9629953091238482
59,0,0.85,0.9606637341119524
59,0,0.90,0.9610140634326676
59,0,0.95,0.977293362231817
59,1,0.05,0.6633844486015651
59,1,0.10,0.9913795011110605
59,1,0.15,0.801726210703444
59,1,0.20,0.6888659677241471
59,1,0.25,0.946024692616168
59,1,0.30,0.9653911125525116
59,1,0.35,0.9713291593851925
59,1,0.40,0.821300841901232
59,1,0.45,0.9283651735039983
59,1,0.50,0.9145663044737038
59,1,0.55,0.9699080220756712
59,1,0.60,0.9506962459599761
59,1,0.65,0.9845625025724862
59,1,0.70,0.9807650514956007
59,1,0.75,0.9482172603516726
59,1,0.80,0.9747782155146756
59,1,0.85,0.9786471333711954
59,1,0.90,0.9770819409264332
59,1,0.95,0.9776689023805114
59,2,0.05,-0.8961758813864844
59,2,0.10,0.9940775035637438
59,2,0.15,0.4428717562222574
59,2,0.20,0.9085214674610008
59,2,0.25,0.9709099174244921
59,2,0.30,0.9854756949082433
59,2,0.35,0.8572938230998529
59,2,0.40,0.8564870510506171
59,2,0.45,0.8938808991722479
59,2,0.50,0.9024899223209852
59,2,0.55,0.8154350923666163
59,2,0.60,0.9711101705484195
59,2,0.65,0.9811286352650319
59,2,0.70,0.9739170337917537
59,2,0.75,0.9696190765138325
59,2,0.80,0.9612064981860333
59,2,0.85,0.9749732500801405
59,2,0.90,0.9825255769136501
59,2,0.95,0.9651886617777411
59,3,0.05,0.4447625034471162
59,3,0.10,-0.8246801784766982
59,3,0.15,0.9571891008915385
59,3,0.20,0.9357875200696637
59,3,0.25,0.9324336728595475
59,3,0.30,0.9015397740495623
59,3,0.35,0.8982243719700327
59,3,0.40,0.9821735319397554
59,3,0.45,0.9543372871333481
59,3,0.50,0.9081454155463069
59,3,0.55,0.7881187373214247
59,3,0.60,0.7856839826348953
59,3,0.65,0.9450472143916818
59,3,0.70,0.9625517259493823
59,3,0.75,0.961461418446834
59,3,0.80,0.9707178127565802
59,3,0.85,0.9661479436603472
59,3,0.90,0.9756622637310249
59,3,0.95,0.958651890691587
59,4,0.05,0.4447625034471162
59,4,0.10,0.998386167700998
59,4,0.15,0.961311042835852
59,4,0.20,0.9225434890623658
59,4,0.25,0.726336584163038
59,4,0.30,0.895568384215956
59,4,0.35,0.9136169034049706
59,4,0.40,0.9368737205333469
59,4,0.45,0.9477761675327872
59,4,0.50,0.9608064970276862
59,4,0.55,0.9557079987613114
59,4,0.60,0.9826798828258452
59,4,0.65,0.9726436579144159
59,4,0.70,0.9801904652055307
59,4,0.75,0.9624176057707231
59,4,0.80,0.9732592482292487
59,4,0.85,0.9672888402436348
59,4,0.90,0.9584151841276249
59,4,0.95,0.9614740028898289
59,5,0.05,0.6633844486015651
59,5,0.10,0.9830929077559047
59,5,0.15,0.9692747268000099
59,5,0.20,0.9808569940128948
59,5,0.25,0.9186072729959498
59,5,0.30,0.8781741454042132
59,5,0.35,0.9790864507822484
59,5,0.40,0.9529113302557977
59,5,0.45,0.9098966894153532
59,5,0.50,0.9525091709297494
59,5,0.55,0.9713250496744822
59,5,0.60,0.9761926287183238
59,5,0.65,0.9097407238791388
59,5,0.70,0.9809748971892607
59,5,0.75,0.9044813832544034
59,5,0.80,0.9545514156052539
59,5,0.85,0.9859028569810002
59,5,0.90,0.9861668241016541
59,5,0.95,0.9904974484582995
59,6,0.05,-0.010921212746590081
59,6,0.10,0.9372331141086884
59,6,0.15,0.9687295021658374
59,6,0.20,0.9108118974145671
59,6,0.25,0.9605810906969975
59,6,0.30,0.933193359957057
59,6,0.35,0.9335603554651952
59,6,0.40,0.9088525550928407
59,6,0.45,0.846613167789624
59,6,0.50,0.914787599906129
59,6,0.55,0.9386658514981803
59,6,0.60,0.972965522531559
59,6,0.65,0.8865846971902998
59,6,0.70,0.9820272502818003
59,6,0.75,0.9019407223543195
59,6,0.80,0.9911946755971238
59,6,0.85,0.9830420053499095
59,6,0.90,0.9925436724367458
59,6,0.95,0.9940782230964686
59,7,0.05,0.15392271984580796
59,7,0.10,0.982401573357785
59,7,0.15,0.9690670064595208
59,7,0.20,0.975199703151104
59,7,0.25,0.9818025551189099
59,7,0.30,0.9662950992636722
59,7,0.35,0.973179205000828
59,7,0.40,0.9690950941969131
59,7,0.45,0.9164496641444974
59,7,0.50,0.9498951421523192
59,7,0.55,0.9765750481721924
59,7,0.60,0.980157050344587
59,7,0.65,0.9485047107940161
59,7,0.70,0.9794047576992068
59,7,0.75,0.9767424723075551
59,7,0.80,0.9709076594912835
59,7,0.85,0.9693122994237484
59,7,0.90,0.9642815470316467
59,7,0.95,0.971073039789185
59,8,0.05,-1339028.0194073557
59,8,0.10,0.9626744895161103
59,8,0.15,0.9752631058311326
59,8,0.20,0.9696814530450663
59,8,0.25,0.7207013671514706
59,8,0.30,0.9738375064869392
59,8,0.35,0.940442664336392
59,8,0.40,0.9465110277200276
59,8,0.45,0.9415283809496368
59,8,0.50,0.9398173366191458
59,8,0.55,0.9638761800168592
59,8,0.60,0.972511396637254
59,8,0.65,0.9837604939669546
59,8,0.70,0.9943746124965819
59,8,0.75,0.9720352034239885
59,8,0.80,0.9846330644145189
59,8,0.85,0.9818960216688807
59,8,0.90,0.9943045073266401
59,8,0.95,0.9585318845342679
59,9,0.05,-2.3386920794481685
59,9,0.10,0.8897188438914403
59,9,0.15,0.9529873495306691
59,9,0.20,0.6682059275472609
59,9,0.25,0.9585948022303812
59,9,0.30,0.9523800054497638
59,9,0.35,0.9577770681388645
59,9,0.40,0.944625036566628
59,9,0.45,0.9573851396516697
59,9,0.50,0.9327402673062597
59,9,0.55,0.9440946462970249
59,9,0.60,0.9724843533222651
59,9,0.65,0.9658153403978457
59,9,0.70,0.9649261201301532
59,9,0.75,0.9667517035132243
59,9,0.80,0.9864548714093712
59,9,0.85,0.9802806803178948
59,9,0.90,0.9634172880673866
59,9,0.95,0.9801801673530942
60,0,0.05,0.5360755954518365
60,0,0.10,-2.0128368897147038
60,0,0.15,0.8209901365765135
60,0,0.20,0.6705530793774379
60,0,0.25,0.8099392963507723
60,0,0.30,0.8373400662247288
60,0,0.35,0.9552974719540136
60,0,0.40,0.8899955924278686
60,0,0.45,0.9198962348469973
60,0,0.50,0.9724825858294844
60,0,0.55,0.86139792966767
60,0,0.60,0.9779427424822641
60,0,0.65,0.9893834847032918
60,0,0.70,0.9600364142376066
60,0,0.75,0.9809193341798601
60,0,0.80,0.9577362299170212
60,0,0.85,0.9656284098367498
60,0,0.90,0.9372877940971707
60,0,0.95,0.9592424156475571
60,1,0.05,0.5360755954518365
60,1,0.10,-0.005651229352444442
60,1,0.15,0.8286378940032082
60,1,0.20,0.8227061598103151
60,1,0.25,0.6301937754282723
60,1,0.30,0.7942669164829018
60,1,0.35,0.9253339252886172
60,1,0.40,0.8408195104519931
60,1,0.45,0.9236212054094362
60,1,0.50,0.8778456639947487
60,1,0.55,0.8049929845963846
60,1,0.60,0.963970608966462
60,1,0.65,0.9482649389866441
60,1,0.70,0.9679780209368851
60,1,0.75,0.9491715287890393
60,1,0.80,0.9617460177652922
60,1,0.85,0.9634653289356843
60,1,0.90,0.9570500112691923
60,1,0.95,0.980958625091038
60,2,0.05,0.6751098328654055
60,2,0.10,0.9238905203137333
60,2,0.15,0.7970783457168165
60,2,0.20,0.6345886059125826
60,2,0.25,0.8972224212836241
60,2,0.30,0.8984807613545865
60,2,0.35,0.6007613037723742
60,2,0.40,0.7096476886107889
60,2,0.45,0.847147436608172
60,2,0.50,0.8645350300308727
60,2,0.55,0.9223453054490962
60,2,0.60,0.9791983624776185
60,2,0.65,0.9525994037975795
60,2,0.70,0.9721076434766137
60,2,0.75,0.968270767341384
60,2,0.80,0.9717057657892793
60,2,0.85,0.968281871977283
60,2,0.90,0.9848975969382978
60,2,0.95,0.9845219042008787
60,3,0.05,-1.538306214271779
60,3,0.10,-0.5961753265887986
60,3,0.15,0.9546209759961577
60,3,0.20,0.6000755833008184
60,3,0.25,0.846154118366731
60,3,0.30,0.5615794001197267
60,3,0.35,0.8701194140427839
60,3,0.40,0.9503182478801339
60,3,0.45,0.887937329240779
60,3,0.50,0.9266589014806139
60,3,0.55,0.9601407736691967
60,3,0.60,0.9549331717130318
60,3,0.65,0.9034717506383673
60,3,0.70,0.9716836703503963
60,3,0.75,0.9689841612071555
60,3,0.80,0.9795063815935018
60,3,0.85,0.9309786607814808
60,3,0.90,0.9645236635084398
60,3,0.95,0.9898155743166694
60,4,0.05,-1.538306214271779
60,4,0.10,0.5586353772090857
60,4,0.15,0.9670593133234265
60,4,0.20,0.8414871066933988
60,4,0.25,0.49254716877985694
60,4,0.30,0.7977895230698957
60,4,0.35,0.629044279535218
60,4,0.40,0.707900982968323
60,4,0.45,0.8939747230471853
60,4,0.50,0.9409069128460492
60,4,0.55,0.9348220935861475
60,4,0.60,0.9749986794201326
60,4,0.65,0.9565179332203794
60,4,0.70,0.9820925795336366
60,4,0.75,0.9763462280163775
60,4,0.80,0.9780339586519118
60,4,0.85,0.9687709044213417
60,4,0.90,0.9767033377949632
60,4,0.95,0.9782710464097056
60,5,0.05,0.5360755954518365
60,5,0.10,0.9539540924874791
60,5,0.15,0.8291886582726837
60,5,0.20,0.9345176380497356
60,5,0.25,0.8764884456951005
60,5,0.30,0.8181517657914034
60,5,0.35,0.9087465233675973
60,5,0.40,0.9031115059086374
60,5,0.45,0.9284487429728917
60,5,0.50,0.9156613977281182
60,5,0.55,0.912164512675731
60,5,0.60,0.9753717797267571
60,5,0.65,0.9722201449713374
60,5,0.70,0.932070905202035
60,5,0.75,0.9580826469253019
60,5,0.80,0.9800528408014166
60,5,0.85,0.9529061197654001
60,5,0.90,0.9692589239264191
60,5,0.95,0.9840256923214391
60,6,0.05,-17.264166146548384
60,6,0.10,0.8102987620956652
60,6,0.15,0.9489482540891047
60,6,0.20,0.4587118415599093
60,6,0.25,0.8572405836481387
60,6,0.30,0.9045934049136521
60,6,0.35,0.24682684563446577
60,6,0.40,0.9284402957616069
60,6,0.45,0.9105497072468418
60,6,0.50,0.9788764645463631
60,6,0.55,0.949902244818381
60,6,0.60,0.9736146109109236
60,6,0.65,0.9633893611828461
60,6,0.70,0.9695581104365464
60,6,0.75,0.9586757944910277
60,6,0.80,0.9810653891700887
60,6,0.85,0.9810659166837976
60,6,0.90,0.9806812288011355
60,6,0.95,0.9462435921169499
60,7,0.05,0.3430678831783097
60,7,0.10,0.7011051229414164
60,7,0.15,0.929161672420174
60,7,0.20,0.6229206935709658
60,7,0.25,0.0005139444785108305
60,7,0.30,0.9076966542807192
60,7,0.35,0.9302233823521351
60,7,0.40,0.9450059151776724
60,7,0.45,0.9663005168378692
60,7,0.50,0.9499969512341021
60,7,0.55,0.923813511187167
60,7,0.60,0.9625613312375556
60,7,0.65,0.970755722145575
60,7,0.70,0.9134875346005575
60,7,0.75,0.9056152758613588
60,7,0.80,0.947795803383228
60,7,0.85,0.9717942326367123
60,7,0.90,0.9414283014659136
60,7,0.95,0.9521711768827742
60,8,0.05,-0.014648420918618843
60,8,0.10,0.9766035678853978
60,8,0.15,0.9480173828770994
60,8,0.20,0.24609381861646729
60,8,0.25,0.701414338729082
60,8,0.30,0.8813959864542854
60,8,0.35,0.7071460845277286
60,8,0.40,0.8308971621879264
60,8,0.45,0.9404196029640227
60,8,0.50,0.8819620997301137
60,8,0.55,0.8853723747908843
60,8,0.60,0.948056899554963
60,8,0.65,0.9554385710650135
60,8,0.70,0.971361035326114
60,8,0.75,0.938467262239239
60,8,0.80,0.9854201296463947
60,8,0.85,0.9269006834339798
60,8,0.90,0.9449586992320204
60,8,0.95,0.9716837729722747
60,9,0.05,0.8568830826837467
60,9,0.10,-0.20468997929432664
60,9,0.15,0.9764847216351153
60,9,0.20,0.5567471771124847
60,9,0.25,0.877799075162907
60,9,0.30,0.9375404707072477
60,9,0.35,0.8996665656612123
60,9,0.40,0.959748478388306
60,9,0.45,0.8547173369795076
60,9,0.50,0.9557979907744245
60,9,0.55,0.9308348062718632
60,9,0.60,0.9634493424977738
60,9,0.65,0.8663306529359239
60,9,0.70,0.9701902596598572
60,9,0.75,0.965807015810679
60,9,0.80,0.9548407059432441
60,9,0.85,0.9322019526242549
60,9,0.90,0.9816802477350746
60,9,0.95,0.9747295941868764
61,0,0.05,-0.8948164980458078
61,0,0.10,0.9390126264380658
61,0,0.15,0.9723770066727689
61,0,0.20,0.8838023062137528
61,0,0.25,0.887829933837245
61,0,0.30,0.9414008506065228
61,0,0.35,0.9651365900210694
61,0,0.40,0.9162732634961679
61,0,0.45,0.9630670970794517
61,0,0.50,0.9563691518070288
61,0,0.55,0.8461466220284701
61,0,0.60,0.9786908886166159
61,0,0.65,0.9877963568806525
61,0,0.70,0.9555829984410726
61,0,0.75,0.9411639623359569
61,0,0.80,0.9076203043641748
61,0,0.85,0.9213586083268386
61,0,0.90,0.9642618511838544
61,0,0.95,0.9483060658077636
61,1,0.05,-0.8948164980458078
61,1,0.10,0.9930733556757014
61,1,0.15,0.8279259910035722
61,1,0.20,0.788614221475264
61,1,0.25,0.9013347907497928
61,1,0.30,0.9632939347553306
61,1,0.35,0.9693998061183882
61,1,0.40,0.8277567727888637
61,1,0.45,0.9555766896697525
61,1,0.50,0.9476700352614149
61,1,0.55,0.8800323238182298
61,1,0.60,0.9257916899226724
61,1,0.65,0.9696789702529147
61,1,0.70,0.935124910928934
61,1,0.75,0.9615661579379648
61,1,0.80,0.9214071470762111
61,1,0.85,0.8705953867815455
61,1,0.90,0.8358404683101606
61,1,0.95,0.96138258401045
61,2,0.05,-0.74322366735792
61,2,0.10,0.980679673852872
61,2,0.15,0.056074968112578394
61,2,0.20,0.7429827493186887
61,2,0.25,0.9606642516225345
61,2,0.30,0.968290268100532
61,2,0.35,0.7749659168924625
61,2,0.40,0.9519434587599791
61,2,0.45,0.9319134024338356
61,2,0.50,0.9523489254884093
61,2,0.55,0.9428758798940454
61,2,0.60,0.6365881591602507
61,2,0.65,0.9756026481159025
61,2,0.70,0.9678687859891928
61,2,0.75,0.9737588323585902
61,2,0.80,0.9362777848732706
61,2,0.85,0.8657628734321845
61,2,0.90,0.912795662478497
61,2,0.95,0.9420694615900972
61,3,0.05,0.2795561537481367
61,3,0.10,-0.28089699927669165
61,3,0.15,0.9735987782790358
61,3,0.20,0.8308753982163957
61,3,0.25,0.9442099672328481
61,3,0.30,0.9392103157153159
61,3,0.35,0.7513172858220147
61,3,0.40,0.9766692692231148
61,3,0.45,0.8651361066061807
61,3,0.50,0.950688791506799
61,3,0.55,0.9490113611697543
61,3,0.60,0.9510798037990073
61,3,0.65,0.8907830700676773
61,3,0.70,0.935600707825258
61,3,0.75,0.9779891460521967
61,3,0.80,0.9559616288141928
61,3,0.85,0.9223962652734101
61,3,0.90,0.9835636017882304
61,3,0.95,0.9874117288127993
61,4,0.05,0.2795561537481367
61,4,0.10,0.9990298396339283
61,4,0.15,0.9860933436911954
61,4,0.20,0.920448463181161
61,4,0.25,0.8675314992687487
61,4,0.30,0.9511828239195828
61,4,0.35,0.9743084025850751
61,4,0.40,0.94015158483888
61,4,0.45,0.9722118813918189
61,4,0.50,0.9800271873220894
61,4,0.55,0.8355781631637648
61,4,0.60,0.9565608392007557
61,4,0.65,0.9566908267897704
61,4,0.70,0.9336076256262469
61,4,0.75,0.9496702033943802
61,4,0.80,0.8766548711973109
61,4,0.85,0.9129834979723557
61,4,0.90,0.9646399007228443
61,4,0.95,0.985666458016379
61,5,0.05,-0.8948164980458078
61,5,0.10,0.9833333676072691
61,5,0.15,0.8880120427433033
61,5,0.20,0.9843967214013032
61,5,0.25,0.7917019926237767
61,5,0.30,0.9374275371093858
61,5,0.35,0.8615303204561156
61,5,0.40,0.9236209493568155
61,5,0.45,0.8910025154919688
61,5,0.50,0.8611709024208032
61,5,0.55,0.9557778411056687
61,5,0.60,0.9569511631508977
61,5,0.65,0.9553738690512235
61,5,0.70,0.980922239727265
61,5,0.75,0.9446012596483366
61,5,0.80,0.9119492740494096
61,5,0.85,0.9852369996933088
61,5,0.90,0.9910429498205962
61,5,0.95,0.9848418891933446
61,6,0.05,-0.003970898043864635
61,6,0.10,0.972524446299069
61,6,0.15,0.9949558142242511
61,6,0.20,0.9052425682984702
61,6,0.25,0.9599469487657825
61,6,0.30,0.9527084053987958
61,6,0.35,0.8723287093198169
61,6,0.40,0.8925879314675027
61,6,0.45,0.9308423502244849
61,6,0.50,0.688499925404244
61,6,0.55,0.9694663061669099
61,6,0.60,0.9460104963726783
61,6,0.65,0.9279202110858988
61,6,0.70,0.9889823063331584
61,6,0.75,0.9698447379927911
61,6,0.80,0.9834195876909101
61,6,0.85,0.9593496876907318
61,6,0.90,0.9749144521459193
61,6,0.95,0.98493927789004
61,7,0.05,-0.3753253686519351
61,7,0.10,0.992106886605598
61,7,0.15,0.9945478844154302
61,7,0.20,0.9629736593382617
61,7,0.25,0.8658120963325024
61,7,0.30,0.9696581337724259
61,7,0.35,0.9552275413744904
61,7,0.40,0.883369257854482
61,7,0.45,0.9854174584246349
61,7,0.50,0.9469925968245927
61,7,0.55,0.9727659728660434
61,7,0.60,0.9801477052566255
61,7,0.65,0.965195030041074
61,7,0.70,0.9810511476787852
61,7,0.75,0.8776511867792318
61,7,0.80,0.8809626419014074
61,7,0.85,0.9679789415799753
61,7,0.90,0.9525649171065709
61,7,0.95,0.9777383826178323
61,8,0.05,-132.93376785982434
61,8,0.10,0.9906869110964622
61,8,0.15,0.9842881868650001
61,8,0.20,0.9789024345653099
61,8,0.25,0.7644427714719887
61,8,0.30,0.9464228338651185
61,8,0.35,0.9262790576449721
61,8,0.40,0.9432495604627121
61,8,0.45,0.9617250018252131
61,8,0.50,0.9362137666858277
61,8,0.55,0.9653796667586458
61,8,0.60,0.9512414471779711
61,8,0.65,0.9809010763166314
61,8,0.70,0.9794304903710872
61,8,0.75,0.9269132030647309
61,8,0.80,0.9564979295288347
61,8,0.85,0.8245848044359841
61,8,0.90,0.9663716727847094
61,8,0.95,0.9622688945770793
61,9,0.05,-1.3549916589134954
61,9,0.10,0.9435809361197948
61,9,0.15,0.9930249899414332
61,9,0.20,0.9653905093534867
61,9,0.25,0.816052262211671
61,9,0.30,0.9554903808409176
61,9,0.35,0.9527050836293605
61,9,0.40,0.97580620402945
61,9,0.45,0.9810144754619524
61,9,0.50,0.9781888861865093
61,9,0.55,0.9890115493423578
61,9,0.60,0.9601407096381559
61,9,0.65,0.8814521615448953
61,9,0.70,0.973041918705685
61,9,0.75,0.9905920578406036
61,9,0.80,0.948357562417597
61,9,0.85,0.975272381816103
61,9,0.90,0.9817013540933497
61,9,0.95,0.9833832697122786
62,0,0.05,0.7206598181535728
62,0,0.10,0.4984600925043673
62,0,0.15,0.9844817791440129
62,0,0.20,0.9246687545122334
62,0,0.25,0.9649450884940287
62,0,0.30,0.7426984660085101
62,0,0.35,0.8077447253513528
62,0,0.40,0.9287180567868994
62,0,0.45,0.9347708476472405
62,0,0.50,0.9802929369285677
62,0,0.55,0.8829896360603169
62,0,0.60,0.9625609464118328
62,0,0.65,0.947859719289374
62,0,0.70,0.9580629826417697
62,0,0.75,0.9682656126924993
62,0,0.80,0.9681187990540531
62,0,0.85,0.9287817851061506
62,0,0.90,0.9608560995456251
62,0,0.95,0.9766971263165984
62,1,0.05,0.7206598181535728
62,1,0.10,0.8156849719818695
62,1,0.15,0.9758879584355189
62,1,0.20,0.9514119737242906
62,1,0.25,0.8687296732802778
62,1,0.30,0.9508235789477446
62,1,0.35,0.9042254043186012
62,1,0.40,0.8328068891745751
62,1,0.45,0.8860205517327326
62,1,0.50,0.8781057340819018
62,1,0.55,0.9522659788018011
62,1,0.60,0.9781965205967404
62,1,0.65,0.8826123868845093
62,1,0.70,0.9525829812866501
62,1,0.75,0.9573460376151505
62,1,0.80,0.9351441191418292
62,1,0.85,0.9486804551377731
62,1,0.90,0.9551209125942696
62,1,0.95,0.9861763245744739
62,2,0.05,0.11491923919614888
62,2,0.10,0.527285052923951
62,2,0.15,0.83002834381658
62,2,0.20,0.8685241338803253
62,2,0.25,0.9545809460829264
62,2,0.30,0.9661095727646516
62,2,0.35,0.7937410854014648
62,2,0.40,0.7084456325551831
62,2,0.45,0.8698661345945797
62,2,0.50,0.9774050335372295
62,2,0.55,0.9578148170552568
62,2,0.60,0.9586742092210497
62,2,0.65,0.9745869225310021
62,2,0.70,0.9756876211701806
62,2,0.75,0.9379638723063346
62,2,0.80,0.9713390954068878
62,2,0.85,0.9522830257682343
62,2,0.90,0.9773052214349056
62,2,0.95,0.9794958129460539
62,3,0.05,0.18782830410022
62,3,0.10,-8.5269020030051
62,3,0.15,0.8716919908344269
62,3,0.20,0.936665550466878
62,3,0.25,0.7937927904333199
62,3,0.30,0.9133832463868977
62,3,0.35,0.8820917811798716
62,3,0.40,0.670346758185315
62,3,0.45,0.9516485424867015
62,3,0.50,0.9443903464742129
62,3,0.55,0.9579399737183408
62,3,0.60,0.9629434312438881
62,3,0.65,0.8879503823256726
62,3,0.70,0.9650996017115422
62,3,0.75,0.8672999219172584
62,3,0.80,0.939733526074585
62,3,0.85,0.9091146983949353
62,3,0.90,0.9421919940169889
62,3,0.95,0.9681260806383676
62,4,0.05,0.18782830410022
62,4,0.10,0.7873882564699293
62,4,0.15,0.9658346313098812
62,4,0.20,0.838015595110364
62,4,0.25,0.8548128216895188
62,4,0.30,0.8797751385202666
62,4,0.35,0.9161105223324693
62,4,0.40,0.9060175601022825
62,4,0.45,0.9136527963661707
62,4,0.50,0.9397518267728807
62,4,0.55,0.8702501567342655
62,4,0.60,0.9836545570142718
62,4,0.65,0.9731280298657651
62,4,0.70,0.9252214557516584
62,4,0.75,0.9773877089635485
62,4,0.80,0.9917781389616488
62,4,0.85,0.9872082231954847
62,4,0.90,0.982677577621791
62,4,0.95,0.9949385456258394
62,5,0.05,0.7206598181535728
62,5,0.10,-4.44223663926085
62,5,0.15,0.7887005058880979
62,5,0.20,0.601625245482287
62,5,0.25,0.9630935259854455
62,5,0.30,0.9581342073411326
62,5,0.35,0.945971941053457
62,5,0.40,0.9400419238410398
62,5,0.45,0.9207186879563676
62,5,0.50,0.8171438018918231
62,5,0.55,0.8958704338496379
62,5,0.60,0.9618373831140946
62,5,0.65,0.9861895533298776
62,5,0.70,0.9800277006378968
62,5,0.75,0.9550884734634206
62,5,0.80,0.9411364735123928
62,5,0.85,0.9815410987993732
62,5,0.90,0.9889814082672009
62,5,0.95,0.9834796391957368
62,6,0.05,-6.291927882618738
62,6,0.10,0.7292553502955617
62,6,0.15,0.9866906950884379
62,6,0.20,0.9653443363401701
62,6,0.25,0.9652560170779262
62,6,0.30,0.8845035001346372
62,6,0.35,0.8657722569624504
62,6,0.40,0.9151491081649681
62,6,0.45,0.9185469369752733
62,6,0.50,0.940609164557069
62,6,0.55,0.964850173271647
62,6,0.60,0.9617472914633787
62,6,0.65,0.8642779868410357
62,6,0.70,0.9665879612767111
62,6,0.75,0.9743250970548416
62,6,0.80,0.9613594613967178
62,6,0.85,0.901168950601444
62,6,0.90,0.9728095385790717
62,6,0.95,0.9774081365259423
62,7,0.05,0.45786691335088137
62,7,0.10,0.6671154257386445
62,7,0.15,0.9685833102965673
62,7,0.20,0.9236381440876492
62,7,0.25,0.9698590167031179
62,7,0.30,0.9899016103353921
62,7,0.35,0.9646549241590681
62,7,0.40,0.9888118846677262
62,7,0.45,0.9675541836580068
62,7,0.50,0.9748020192178255
62,7,0.55,0.9849273023729209
62,7,0.60,0.9791311423345407
62,7,0.65,0.9772027661694186
62,7,0.70,0.9463768255033119
62,7,0.75,0.9479071106964988
62,7,0.80,0.9500672671966247
62,7,0.85,0.9695652169943291
62,7,0.90,0.9656704852635398
62,7,0.95,0.967984334374855
62,8,0.05,-0.2970109412319417
62,8,0.10,0.8414200325298125
62,8,0.15,0.9949845837742977
62,8,0.20,0.8522862446011414
62,8,0.25,0.900889781688037
62,8,0.30,0.9565894007205142
62,8,0.35,0.9565114859044584
62,8,0.40,0.8449177858663695
62,8,0.45,0.9106469070057417
62,8,0.50,0.9435275263552665
62,8,0.55,0.9639093218687173
62,8,0.60,0.9390834021611038
62,8,0.65,0.9845738846789135
62,8,0.70,0.9926884064030903
62,8,0.75,0.9147483056425773
62,8,0.80,0.9352133803656073
62,8,0.85,0.9760959754348489
62,8,0.90,0.9805434941309272
62,8,0.95,0.9854633193466192
62,9,0.05,0.39517132805231037
62,9,0.10,0.767975220658256
62,9,0.15,0.970020174067453
62,9,0.20,0.9745548256872717
62,9,0.25,0.8124710488410277
62,9,0.30,0.7826773860261651
62,9,0.35,0.9915131156613667
62,9,0.40,0.9731929796821298
62,9,0.45,0.9317318637878672
62,9,0.50,0.8842085858028028
62,9,0.55,0.9781552900975543
62,9,0.60,0.9651549521730807
62,9,0.65,0.9233547309724225
62,9,0.70,0.9699215654326147
62,9,0.75,0.9682776037903724
62,9,0.80,0.9582714808647445
62,9,0.85,0.9431697280950161
62,9,0.90,0.9687597073977481
62,9,0.95,0.9804604452432713
63,0,0.05,0.6306860059877947
63,0,0.10,0.7023062654226768
63,0,0.15,0.6329028107967282
63,0,0.20,0.9043715373458789
63,0,0.25,0.938787269808997
63,0,0.30,0.8833927370989741
63,0,0.35,0.8226713240699172
63,0,0.40,0.8899952997650151
63,0,0.45,0.9779981524167253
63,0,0.50,0.842395974782509
63,0,0.55,0.9051377797805986
63,0,0.60,0.9488108807626654
63,0,0.65,0.9750860024877198
63,0,0.70,0.991151843775085
63,0,0.75,0.967728389261446
63,0,0.80,0.9697045026216952
63,0,0.85,0.983695361623478
63,0,0.90,0.9285522692198659
63,0,0.95,0.9678489002491735
63,1,0.05,0.6306860059877947
63,1,0.10,0.6247462880081465
63,1,0.15,0.8676182019691263
63,1,0.20,0.8474453763718537
63,1,0.25,0.9053707145837678
63,1,0.30,0.7504092914715867
63,1,0.35,0.873937386660894
63,1,0.40,0.6439238645308862
63,1,0.45,0.9627621997451714
63,1,0.50,0.9510145957920135
63,1,0.55,0.8638035274687494
63,1,0.60,0.8782529551025511
63,1,0.65,0.9578319743301813
63,1,0.70,0.9558566422119359
63,1,0.75,0.9670260939153756
63,1,0.80,0.9686985918464521
63,1,0.85,0.9407018806784323
63,1,0.90,0.959805077561509
63,1,0.95,0.9668425075123981
63,2,0.05,-81.60378446129246
63,2,0.10,0.9846664775851662
63,2,0.15,0.4146307048279716
63,2,0.20,0.7268421549075903
63,2,0.25,0.9784297566611608
63,2,0.30,0.9586119218689666
63,2,0.35,0.9013682293668643
63,2,0.40,0.8551125725028683
63,2,0.45,0.9695745958539128
63,2,0.50,0.879020713244226
63,2,0.55,0.9099473104982223
63,2,0.60,0.8493877196107289
63,2,0.65,0.9346314461664227
63,2,0.70,0.9880207084341749
63,2,0.75,0.9519742995440329
63,2,0.80,0.9481014450375352
63,2,0.85,0.9639613240437821
63,2,0.90,0.939180508029771
63,2,0.95,0.9623003720362436
63,3,0.05,0.07531436858505292
63,3,0.10,-0.4711367364131944
63,3,0.15,0.8878624357014593
63,3,0.20,0.49869733063788346
63,3,0.25,0.9531080446285352
63,3,0.30,0.8956080454942481
63,3,0.35,0.901760861051884
63,3,0.40,0.8928248800928857
63,3,0.45,0.9489930140136731
63,3,0.50,0.8924624631080001
63,3,0.55,0.9234476903076362
63,3,0.60,0.899704283336679
63,3,0.65,0.9078333768998742
63,3,0.70,0.9233891529898551
63,3,0.75,0.9394447751335481
63,3,0.80,0.9483038027129943
63,3,0.85,0.9801984095451266
63,3,0.90,0.9423825664929766
63,3,0.95,0.9632007163816685
63,4,0.05,0.07531436858505292
63,4,0.10,0.8345859958334005
63,4,0.15,0.8819447141791552
63,4,0.20,0.9045131599597734
63,4,0.25,0.7757073632230733
63,4,0.30,0.9524754637187451
63,4,0.35,0.804724611717765
63,4,0.40,0.9050384047841115
63,4,0.45,0.9219008730040193
63,4,0.50,0.9192328448488973
63,4,0.55,0.8680694569826441
63,4,0.60,0.9733878503938898
63,4,0.65,0.9326099072243406
63,4,0.70,0.9152995827767227
63,4,0.75,0.9560531895276712
63,4,0.80,0.9515904590027088
63,4,0.85,0.9809622146073466
63,4,0.90,0.9690132228039705
63,4,0.95,0.9749085813197707
63,5,0.05,0.6306860059877947
63,5,0.10,0.49659803578338424
63,5,0.15,0.8448788878048634
63,5,0.20,0.8590790368819196
63,5,0.25,0.9111226549241171
63,5,0.30,0.9491249198488572
63,5,0.35,0.9615374647459676
63,5,0.40,0.8394022578610414
63,5,0.45,0.9551897624706973
63,5,0.50,0.8159712022441519
63,5,0.55,0.9629336945447429
63,5,0.60,0.9900857629679012
63,5,0.65,0.9463776519252598
63,5,0.70,0.9637519977338663
63,5,0.75,0.9690367176598919
63,5,0.80,0.9757129113279882
63,5,0.85,0.9198939104046677
63,5,0.90,0.9879582262822232
63,5,0.95,0.9860949269616859
63,6,0.05,-5.124808933173895
63,6,0.10,0.6935379335464041
63,6,0.15,0.9283483759256579
63,6,0.20,0.7144932393625745
63,6,0.25,0.9524345333220324
63,6,0.30,0.8268312930523293
63,6,0.35,0.9740306869891515
63,6,0.40,0.8216803869542895
63,6,0.45,0.7936488796796113
63,6,0.50,0.6907616242218233
63,6,0.55,0.9311790838194576
63,6,0.60,0.9491373682589976
63,6,0.65,0.9560121295899757
63,6,0.70,0.9810032137405083
63,6,0.75,0.9144660770420185
63,6,0.80,0.9645360094113612
63,6,0.85,0.978418690215425
63,6,0.90,0.9726539541508155
63,6,0.95,0.9754464930808101
63,7,0.05,0.5301939746778939
63,7,0.10,0.8406506697237963
63,7,0.15,0.7788414074474285
63,7,0.20,0.938664104653598
63,7,0.25,0.9416176542367626
63,7,0.30,0.7417482178540447
63,7,0.35,0.9086481735158356
63,7,0.40,0.9379097335423464
63,7,0.45,0.9455599225794415
63,7,0.50,0.82312635348594
63,7,0.55,0.9507439844606761
63,7,0.60,0.9622715894911871
63,7,0.65,0.9799074625348491
63,7,0.70,0.963488722327507
63,7,0.75,0.8741862407158082
63,7,0.80,0.9564573824886412
63,7,0.85,0.9431288641604004
63,7,0.90,0.9835344326556822
63,7,0.95,0.9004631774726125
63,8,0.05,-10.753900155394003
63,8,0.10,0.888707775611148
63,8,0.15,0.9546168426198349
63,8,0.20,0.9200948675890683
63,8,0.25,0.8588054804755578
63,8,0.30,0.7307526671936138
63,8,0.35,0.8219635621641562
63,8,0.40,0.8999953544939789
63,8,0.45,0.942410980741376
63,8,0.50,0.9886442715734167
63,8,0.55,0.9495169434718446
63,8,0.60,0.6806875119297553
63,8,0.65,0.9770546278398259
63,8,0.70,0.9852592243527913
63,8,0.75,0.9589261958717178
63,8,0.80,0.9815533367049692
63,8,0.85,0.9384566364570024
63,8,0.90,0.9633932792625501
63,8,0.95,0.8688401072720928
63,9,0.05,-3.3567188987451617
63,9,0.10,0.5753228237914709
63,9,0.15,0.1170953986298151
63,9,0.20,0.9626589882255007
63,9,0.25,0.9398080660058581
63,9,0.30,0.9526974664983233
63,9,0.35,0.9001029204430729
63,9,0.40,0.7264659786205363
63,9,0.45,0.967190530197232
63,9,0.50,0.9715006864336002
63,9,0.55,0.9517809152215141
63,9,0.60,0.9382974078350197
63,9,0.65,0.9642854772913986
63,9,0.70,0.9778614469105231
63,9,0.75,0.9858093824082397
63,9,0.80,0.9494515500389467
63,9,0.85,0.9630848262323574
63,9,0.90,0.931673720718262
63,9,0.95,0.9744842654491672
64,0,0.05,0.7206598181535728
64,0,0.10,0.8668406855465018
64,0,0.15,0.5455477546760563
64,0,0.20,0.9085884660243414
64,0,0.25,0.9224117720353984
64,0,0.30,0.9824227427031366
64,0,0.35,0.9836875835502418
64,0,0.40,0.9808708300298846
64,0,0.45,0.9234020911892227
64,0,0.50,0.9308898139088951
64,0,0.55,0.9525071277674284
64,0,0.60,0.9857436087437599
64,0,0.65,0.983184931408726
64,0,0.70,0.958105480483267
64,0,0.75,0.9571192756854
64,0,0.80,0.9874662033343942
64,0,0.85,0.9806482443359749
64,0,0.90,0.963032084856554
64,0,0.95,0.9726292577864838
64,1,0.05,0.7206598181535728
64,1,0.10,0.9625084472902823
64,1,0.15,0.8938525170396502
64,1,0.20,0.9292075011627715
64,1,0.25,0.581312708924651
64,1,0.30,0.9745978142240087
64,1,0.35,0.9314357058613758
64,1,0.40,0.944181471224022
64,1,0.45,0.9392663482964947
64,1,0.50,0.9581314622286923
64,1,0.55,0.9630207854742789
64,1,0.60,0.9590581499823373
64,1,0.65,0.9388035131144971
64,1,0.70,0.9642379794184402
64,1,0.75,0.9242222682101168
64,1,0.80,0.9466350071782896
64,1,0.85,0.9775788173083161
64,1,0.90,0.9509671332596623
64,1,0.95,0.9750089486976874
64,2,0.05,-0.03313383231493083
64,2,0.10,0.9946233945887195
64,2,0.15,0.583507063918565
64,2,0.20,0.8768881598833203
64,2,0.25,0.8699336053533916
64,2,0.30,0.9697942031189254
64,2,0.35,0.9661627060210904
64,2,0.40,0.930714470292564
64,2,0.45,0.964754191410394
64,2,0.50,0.9563055407826232
64,2,0.55,0.9780385134427774
64,2,0.60,0.9836867785556193
64,2,0.65,0.9794438484278276
64,2,0.70,0.9853014467557123
64,2,0.75,0.9633907010325368
64,2,0.80,0.9762437148423755
64,2,0.85,0.950168167721066
64,2,0.90,0.9586974731665381
64,2,0.95,0.9816990084087843
64,3,0.05,0.18782830410022
64,3,0.10,-1.2734325468783423
64,3,0.15,0.9777089593478262
64,3,0.20,0.8227123021505047
64,3,0.25,0.9913334812497805
64,3,0.30,0.9584315912786109
64,3,0.35,0.8916647486556002
64,3,0.40,0.9832898183795754
64,3,0.45,0.9565557964616601
64,3,0.50,0.9308776270187308
64,3,0.55,0.9767432620858978
64,3,0.60,0.9595208467849734
64,3,0.65,0.9412908182831702
64,3,0.70,0.9608941131658167
64,3,0.75,0.9534688251557151
64,3,0.80,0.8902742185221558
64,3,0.85,0.954992047925017
64,3,0.90,0.9636031143102751
64,3,0.95,0.9594915247570414
64,4,0.05,0.18782830410022
64,4,0.10,0.9578644054864581
64,4,0.15,0.9833047364346377
64,4,0.20,0.8922321646070831
64,4,0.25,0.9244180933118242
64,4,0.30,0.9941291343001455
64,4,0.35,0.9957924699259801
64,4,0.40,0.992164726957826
64,4,0.45,0.9758649449836343
64,4,0.50,0.9900608496426481
64,4,0.55,0.9594696560764994
64,4,0.60,0.9534352176907657
64,4,0.65,0.9855890058391528
64,4,0.70,0.9907220026070905
64,4,0.75,0.9724761070374058
64,4,0.80,0.9809251178741534
64,4,0.85,0.9417447678002595
64,4,0.90,0.967592074701541
64,4,0.95,0.9766986136917658
64,5,0.05,0.7206598181535728
64,5,0.10,0.9874607962399796
64,5,0.15,0.7646960220084423
64,5,0.20,0.963545360441554
64,5,0.25,0.9803149068322634
64,5,0.30,0.9896158878838511
64,5,0.35,0.9895114570330314
64,5,0.40,0.9368348337935264
64,5,0.45,0.9577199785979857
64,5,0.50,0.975306700882322
64,5,0.55,0.9708924384063369
64,5,0.60,0.9882350456098836
64,5,0.65,0.9560245181587418
64,5,0.70,0.9727214107559937
64,5,0.75,0.952194139171819
64,5,0.80,0.9529420128101204
64,5,0.85,0.9164277740271327
64,5,0.90,0.9796381997661796
64,5,0.95,0.9535655830749252
64,6,0.05,-6.291924107973662
64,6,0.10,0.6231430371756069
64,6,0.15,0.9864808834344148
64,6,0.20,0.9768614005456083
64,6,0.25,0.9448360069767726
64,6,0.30,0.9890747440855298
64,6,0.35,0.9483462868621391
64,6,0.40,0.9778098603664016
64,6,0.45,0.9933609123288345
64,6,0.50,0.9695148462687302
64,6,0.55,0.9718841644033208
64,6,0.60,0.9642493318815529
64,6,0.65,0.9336114169293055
64,6,0.70,0.972379178852523
64,6,0.75,0.9381972902265066
64,6,0.80,0.9679628892573248
64,6,0.85,0.9566335027504562
64,6,0.90,0.9679899798939209
64,6,0.95,0.984904400524694
64,7,0.05,0.45786691335088137
64,7,0.10,0.9610301256532651
64,7,0.15,0.9802247054048052
64,7,0.20,0.9397986141324037
64,7,0.25,0.8289311749636775
64,7,0.30,0.9809020232089302
64,7,0.35,0.996019827361974
64,7,0.40,0.9619326245688818
64,7,0.45,0.9580252697551852
64,7,0.50,0.8952515955538003
64,7,0.55,0.9668908877707477
64,7,0.60,0.9732910734313358
64,7,0.65,0.9699357066217256
64,7,0.70,0.982345429696634
64,7,0.75,0.9598908144263273
64,7,0.80,0.9483204116404937
64,7,0.85,0.9216911528767014
64,7,0.90,0.9594769454208978
64,7,0.95,0.9632198656808799
64,8,0.05,-0.19409055740752246
64,8,0.10,0.9827459154590157
64,8,0.15,0.9813151807925886
64,8,0.20,0.9835702198025051
64,8,0.25,0.8364385450483821
64,8,0.30,0.9793511598125593
64,8,0.35,0.9835851324829915
64,8,0.40,0.9505013300015294
64,8,0.45,0.9256742520921852
64,8,0.50,0.9727484372861596
64,8,0.55,0.9870948527991967
64,8,0.60,0.9836921526412176
64,8,0.65,0.9417912269540277
64,8,0.70,0.963233539856753
64,8,0.75,0.9270347430752576
64,8,0.80,0.960806394878241
64,8,0.85,0.8904093676233703
64,8,0.90,0.9685769359038405
64,8,0.95,0.9817640752832002
64,9,0.05,0.26011536593915274
64,9,0.10,0.885864611300057
64,9,0.15,0.7569785350184444
64,9,0.20,0.9915052403562049
64,9,0.25,0.9744250519363314
64,9,0.30,0.9772780246284581
64,9,0.35,0.9885194967415156
64,9,0.40,0.9928598780440906
64,9,0.45,0.970722304891964
64,9,0.50,0.9452450511087145
64,9,0.55,0.9761533729664044
64,9,0.60,0.9579311016120302
64,9,0.65,0.95380583022863
64,9,0.70,0.9286000413895269
64,9,0.75,0.9582851435608253
64,9,0.80,0.9689725646582836
64,9,0.85,0.9831882802164806
64,9,0.90,0.9722858993949126
64,9,0.95,0.9895739213280738
65,0,0.05,0.7581498590713667
65,0,0.10,-2.624866660644702
65,0,0.15,0.9516373254098925
65,0,0.20,0.5567389254147861
65,0,0.25,0.9154890618535021
65,0,0.30,0.9626914888425171
65,0,0.35,0.8746625271724295
65,0,0.40,0.8762490082311778
65,0,0.45,0.9372347451770392
65,0,0.50,0.941182258398409
65,0,0.55,0.8954533867027246
65,0,0.60,0.9707923155465287
65,0,0.65,0.9631202633247764
65,0,0.70,0.9640091161282754
65,0,0.75,0.9673953851934207
65,0,0.80,0.9664086293881639
65,0,0.85,0.9529608441172176
65,0,0.90,0.9512150487469979
65,0,0.95,0.9671579939781942
65,1,0.05,0.7581498590713667
65,1,0.10,-0.22626780546517988
65,1,0.15,0.9824763069207311
65,1,0.20,0.9254295345015583
65,1,0.25,0.8955507162529927
65,1,0.30,0.9649396853727111
65,1,0.35,0.9506737183309424
65,1,0.40,0.9621008546527818
65,1,0.45,0.9083118955678158
65,1,0.50,0.9233406930070497
65,1,0.55,0.9656255898727149
65,1,0.60,0.9562888942934205
65,1,0.65,0.9187403842730086
65,1,0.70,0.9847582549024281
65,1,0.75,0.9638076275555119
65,1,0.80,0.9734241195924059
65,1,0.85,0.9445793111197737
65,1,0.90,0.9537936207476164
65,1,0.95,0.9506787569050242
65,2,0.05,-97.09944849813594
65,2,0.10,0.4394743563941792
65,2,0.15,0.933475505492835
65,2,0.20,0.3349271813959882
65,2,0.25,0.8070854998808417
65,2,0.30,0.8464064395680189
65,2,0.35,0.8433550845721612
65,2,0.40,0.890353003583083
65,2,0.45,0.7275865786993869
65,2,0.50,0.9541812061434313
65,2,0.55,0.88932997379201
65,2,0.60,0.9256220446097123
65,2,0.65,0.9868390050984563
65,2,0.70,0.9899785499160387
65,2,0.75,0.929759152406425
65,2,0.80,0.9846912905264439
65,2,0.85,0.9741326237469582
65,2,0.90,0.9421215975014067
65,2,0.95,0.9769110416312466
65,3,0.05,0.10814080405780502
65,3,0.10,0.7072156690257448
65,3,0.15,-0.18590576836055117
65,3,0.20,0.8686457878458588
65,3,0.25,0.8153464263008229
65,3,0.30,0.8551387208119943
65,3,0.35,0.9135110105537321
65,3,0.40,0.896636433092977
65,3,0.45,0.9118636843700999
65,3,0.50,0.9655078653037885
65,3,0.55,0.9184478796312885
65,3,0.60,0.9602251932451049
65,3,0.65,0.9576728809860272
65,3,0.70,0.908210003921824
65,3,0.75,0.9326108272382315
65,3,0.80,0.9623580815593612
65,3,0.85,0.9694228872786574
65,3,0.90,0.9739764522846556
65,3,0.95,0.9685996816992085
65,4,0.05,0.10814080405780502
65,4,0.10,0.8717064747945131
65,4,0.15,0.9881922408360149
65,4,0.20,0.8050074676479887
65,4,0.25,0.7973461040521489
65,4,0.30,0.8604052265666405
65,4,0.35,0.946481594005197
65,4,0.40,0.9215257086230039
65,4,0.45,0.9280437352640497
65,4,0.50,0.9566947773589742
65,4,0.55,0.9540397316382422
65,4,0.60,0.968624353542325
65,4,0.65,0.9657051381871149
65,4,0.70,0.9661132355717083
65,4,0.75,0.9432335485859472
65,4,0.80,0.9843730198696132
65,4,0.85,0.9769781763704549
65,4,0.90,0.9839413403273723
65,4,0.95,0.9807948450386886
65,5,0.05,0.7581498590713667
65,5,0.10,0.5837911689953098
65,5,0.15,-1.967657330023278
65,5,0.20,0.35190919001502086
65,5,0.25,0.9630676551110189
65,5,0.30,0.965867951364947
65,5,0.35,0.9578096902462224
65,5,0.40,0.5594400160514943
65,5,0.45,0.9546029773397084
65,5,0.50,0.9229101283053748
65,5,0.55,0.94619418530523
65,5,0.60,0.9835187464219112
65,5,0.65,0.9452108149293155
65,5,0.70,0.96750664924103
65,5,0.75,0.9485334531726144
65,5,0.80,0.9119818941373049
65,5,0.85,0.975470145775995
65,5,0.90,0.9747895771675851
65,5,0.95,0.9744399887952544
65,6,0.05,-4.286066887121848
65,6,0.10,0.7570075291967168
65,6,0.15,0.9799003374330577
65,6,0.20,0.8047163175349928
65,6,0.25,0.9166428970557284
65,6,0.30,0.9708852121864858
65,6,0.35,0.9431877711105471
65,6,0.40,0.9644187933975175
65,6,0.45,0.9623045322485091
65,6,0.50,0.9529696969654317
65,6,0.55,0.9283964446811408
65,6,0.60,0.9463646997610395
65,6,0.65,0.928812880073584
65,6,0.70,0.957801462116286
65,6,0.75,0.9120098233294908
65,6,0.80,0.9528990789000451
65,6,0.85,0.9580903236639198
65,6,0.90,0.9813487653579733
65,6,0.95,0.9550497531405767
65,7,0.05,0.6271883967228264
65,7,0.10,-9.136008741436566
65,7,0.15,0.9784888656255609
65,7,0.20,0.34464679719805125
65,7,0.25,0.7206440380616187
65,7,0.30,0.9069742887371682
65,7,0.35,0.9248994184015034
65,7,0.40,0.8844602970461332
65,7,0.45,0.9819094387338415
65,7,0.50,0.9647707474842269
65,7,0.55,0.9325466470576594
65,7,0.60,0.9692288951463717
65,7,0.65,0.9798775100233917
65,7,0.70,0.9076446737126663
65,7,0.75,0.9122145912788353
65,7,0.80,0.9578467969218193
65,7,0.85,0.9457931623552172
65,7,0.90,0.9723793260939803
65,7,0.95,0.9782790882289909
65,8,0.05,-30.762053659055198
65,8,0.10,-1.747539680136764
65,8,0.15,0.9912886785993739
65,8,0.20,0.8682523680211928
65,8,0.25,0.6908351337214351
65,8,0.30,0.9155473086992358
65,8,0.35,0.9409800412360995
65,8,0.40,0.9050605189085993
65,8,0.45,0.9033898347537981
65,8,0.50,0.9651463512048108
65,8,0.55,0.9230404877944066
65,8,0.60,0.9665779461781195
65,8,0.65,0.9606003340385241
65,8,0.70,0.9793533376199707
65,8,0.75,0.9458408017018247
65,8,0.80,0.9290248603921221
65,8,0.85,0.9543110954134563
65,8,0.90,0.9812484529513446
65,8,0.95,0.9880986667854981
65,9,0.05,-2.8303856808635945
65,9,0.10,0.33356472537925985
65,9,0.15,0.984108117696391
65,9,0.20,0.96680547809416
65,9,0.25,0.9074747777140465
65,9,0.30,0.9023144408170475
65,9,0.35,0.8809323410631028
65,9,0.40,0.9527712389657979
65,9,0.45,0.9378057995589609
65,9,0.50,0.8968975247611877
65,9,0.55,0.9805775375999066
65,9,0.60,0.9676953714806852
65,9,0.65,0.943959840937918
65,9,0.70,0.9819510101593961
65,9,0.75,0.9618864967104752
65,9,0.80,0.9449017320313396
65,9,0.85,0.9794797452686729
65,9,0.90,0.9822277401200226
65,9,0.95,0.9615380772046888
66,0,0.05,0.8375037393053746
66,0,0.10,0.8635669668806831
66,0,0.15,0.9302085753493005
66,0,0.20,0.9474216200150022
66,0,0.25,0.9140139683567196
66,0,0.30,0.9822492374067459
66,0,0.35,0.9705172407730908
66,0,0.40,0.9796508055467921
66,0,0.45,0.9607646664429751
66,0,0.50,0.9265012919160447
66,0,0.55,0.9152337003535471
66,0,0.60,0.9604620830081609
66,0,0.65,0.9832099849479846
66,0,0.70,0.963562453029143
66,0,0.75,0.965266325365517
66,0,0.80,0.989807848346425
66,0,0.85,0.9563841611911228
66,0,0.90,0.9736582921609644
66,0,0.95,0.9596030604034556
66,1,0.05,0.8375037393053746
66,1,0.10,0.9260288070053855
66,1,0.15,0.8563421777896045
66,1,0.20,0.919866129304575
66,1,0.25,0.8858028580729533
66,1,0.30,0.9441904069360665
66,1,0.35,0.9091448687886405
66,1,0.40,0.9014491802599018
66,1,0.45,0.9377431566980726
66,1,0.50,0.9085424559589577
66,1,0.55,0.9555424161168012
66,1,0.60,0.9588839400148773
66,1,0.65,0.8551248517912315
66,1,0.70,0.9788796377413412
66,1,0.75,0.9030769209836045
66,1,0.80,0.963227900835689
66,1,0.85,0.9418776722297716
66,1,0.90,0.8940465014178054
66,1,0.95,0.98363851543849
66,2,0.05,-1.7234579673262864
66,2,0.10,0.8465933540145749
66,2,0.15,0.7735710641739935
66,2,0.20,0.9527886965855198
66,2,0.25,0.8952819423771109
66,2,0.30,0.9612623545718761
66,2,0.35,0.9159967666978883
66,2,0.40,0.865658292520348
66,2,0.45,0.916795784852805
66,2,0.50,0.9360530414311576
66,2,0.55,0.9526583528918573
66,2,0.60,0.959713811586839
66,2,0.65,0.9585156135466021
66,2,0.70,0.9770348932211602
66,2,0.75,0.9832224949347583
66,2,0.80,0.9702000729011095
66,2,0.85,0.9603167336535082
66,2,0.90,0.9626353547235605
66,2,0.95,0.9797359822158226
66,3,0.05,0.10131016385865477
66,3,0.10,-0.17975137658192453
66,3,0.15,0.9253054913173968
66,3,0.20,0.7580118027196038
66,3,0.25,0.9669576972975024
66,3,0.30,0.9807606972522254
66,3,0.35,0.8708263332386434
66,3,0.40,0.9382075726212743
66,3,0.45,0.953162771867103
66,3,0.50,0.930388836241771
66,3,0.55,0.94184993487969
66,3,0.60,0.9767604827506425
66,3,0.65,0.9472103362738594
66,3,0.70,0.9397866348049897
66,3,0.75,0.9701496491079796
66,3,0.80,0.9375756512510742
66,3,0.85,0.970417726329622
66,3,0.90,0.969394755728104
66,3,0.95,0.9611443502260351
66,4,0.05,0.10131016385865477
66,4,0.10,0.9825657230025473
66,4,0.15,0.9500479423974052
66,4,0.20,0.9367996953053703
66,4,0.25,0.7148874653323443
66,4,0.30,0.9563666136736709
66,4,0.35,0.9756750812617812
66,4,0.40,0.9766947750618086
66,4,0.45,0.9692395029204086
66,4,0.50,0.9781346905343785
66,4,0.55,0.9778250495148607
66,4,0.60,0.9662279307151909
66,4,0.65,0.9412842529134058
66,4,0.70,0.9659725406252986
66,4,0.75,0.9326147275458334
66,4,0.80,0.9465230677154312
66,4,0.85,0.9572647722869977
66,4,0.90,0.9763465550051313
66,4,0.95,0.9897822517296663
66,5,0.05,0.8375037393053746
66,5,0.10,0.9460986659214546
66,5,0.15,0.4184566810315635
66,5,0.20,0.9161624994034037
66,5,0.25,0.9279212110647242
66,5,0.30,0.9769110051545696
66,5,0.35,0.9497138056186623
66,5,0.40,0.9605873790900837
66,5,0.45,0.9334875842799975
66,5,0.50,0.9408372963408731
66,5,0.55,0.9540110267818611
66,5,0.60,0.9372056373303712
66,5,0.65,0.9862105651549058
66,5,0.70,0.9787065220669009
66,5,0.75,0.933536809266202
66,5,0.80,0.8919326165889719
66,5,0.85,0.9477332690002018
66,5,0.90,0.9864143896404416
66,5,0.95,0.985071236826081
66,6,0.05,-1.5755880918701535
66,6,0.10,0.955138242193643
66,6,0.15,0.9565360342337549
66,6,0.20,0.9178712357229377
66,6,0.25,0.5283271603017681
66,6,0.30,0.9483627797416887
66,6,0.35,0.9396488236926704
66,6,0.40,0.9643371204540103
66,6,0.45,0.9692913515027285
66,6,0.50,0.8530874090616766
66,6,0.55,0.9501547026956574
66,6,0.60,0.9774277708818525
66,6,0.65,0.9576037000253861
66,6,0.70,0.9802740076033728
66,6,0.75,0.9655730222749324
66,6,0.80,0.9639847783543873
66,6,0.85,0.9769635214520647
66,6,0.90,0.9635971936910659
66,6,0.95,0.9684318634983751
66,7,0.05,0.8164803133012729
66,7,0.10,0.8564235970119995
66,7,0.15,0.6869211640079396
66,7,0.20,0.986048889702194
66,7,0.25,0.9085379196952121
66,7,0.30,0.9358058312165184
66,7,0.35,0.9645944030323993
66,7,0.40,0.9693515457480455
66,7,0.45,0.9556711412916769
66,7,0.50,0.9733041948497075
66,7,0.55,0.9513859609171484
66,7,0.60,0.9332115098188823
66,7,0.65,0.9709172745466471
66,7,0.70,0.9558533080932586
66,7,0.75,0.9299011070434733
66,7,0.80,0.8892286950931534
66,7,0.85,0.9671160440507514
66,7,0.90,0.9429012313329953
66,7,0.95,0.982001576364031
66,8,0.05,-39.63885362383887
66,8,0.10,0.895386692125083
66,8,0.15,0.9428871294809249
66,8,0.20,0.9515204361890587
66,8,0.25,0.8086483627562948
66,8,0.30,0.9719578927113569
66,8,0.35,0.9439543439555618
66,8,0.40,0.9449480907097213
66,8,0.45,0.9794023319085143
66,8,0.50,0.9328081905719583
66,8,0.55,0.9674840103288469
66,8,0.60,0.9695450567345041
66,8,0.65,0.9546209415783556
66,8,0.70,0.9477785031342861
66,8,0.75,0.956574568577969
66,8,0.80,0.9364027830954192
66,8,0.85,0.8603317077021603
66,8,0.90,0.9895334218532366
66,8,0.95,0.978163943907234
66,9,0.05,-3.2763821169661664
66,9,0.10,0.9474655030974873
66,9,0.15,0.9595514977769711
66,9,0.20,0.979459287918689
66,9,0.25,0.9781311487536755
66,9,0.30,0.9667831856694171
66,9,0.35,0.9837767196120432
66,9,0.40,0.973021068424491
66,9,0.45,0.9659334822308763
66,9,0.50,0.8303818343448693
66,9,0.55,0.9679333020098573
66,9,0.60,0.9819061190570278
66,9,0.65,0.9438822205755356
66,9,0.70,0.9322943549582062
66,9,0.75,0.9569586531728603
66,9,0.80,0.9577643030094981
66,9,0.85,0.9666822842213493
66,9,0.90,0.9751030199558693
66,9,0.95,0.9844522879288057
67,0,0.05,0.7202352878229895
67,0,0.10,0.7146943465524099
67,0,0.15,0.9914303326592826
67,0,0.20,0.9022333646042386
67,0,0.25,0.9486909104037966
67,0,0.30,0.9382705185807552
67,0,0.35,0.9186881630642754
67,0,0.40,0.9647594330785272
67,0,0.45,0.9501135818833216
67,0,0.50,0.9531960519056971
67,0,0.55,0.9615858039049873
67,0,0.60,0.9601109194753799
67,0,0.65,0.9786304789130694
67,0,0.70,0.9555357135519087
67,0,0.75,0.9318311904715919
67,0,0.80,0.9436644235494545
67,0,0.85,0.8495202039072258
67,0,0.90,0.9395812855992847
67,0,0.95,0.9842582863536659
67,1,0.05,0.7202352878229895
67,1,0.10,0.9813996370927907
67,1,0.15,0.8347731575757587
67,1,0.20,0.9114776911662017
67,1,0.25,0.9673387959165811
67,1,0.30,0.9635665433859274
67,1,0.35,0.9737940682415529
67,1,0.40,0.9640264783433641
67,1,0.45,0.9667352469381418
67,1,0.50,0.9353824798722381
67,1,0.55,0.9704599055381062
67,1,0.60,0.975252437098691
67,1,0.65,0.9759219273403401
67,1,0.70,0.9645388646690022
67,1,0.75,0.950321309427927
67,1,0.80,0.9531642247405345
67,1,0.85,0.9427219934918134
67,1,0.90,0.9767105795263507
67,1,0.95,0.9758266894784196
67,2,0.05,-1.445431335434752
67,2,0.10,0.9930173775949608
67,2,0.15,0.9321827203324959
67,2,0.20,0.6793455156533248
67,2,0.25,0.9641515695106044
67,2,0.30,0.9697170032502366
67,2,0.35,0.8524214647445004
67,2,0.40,0.9496317842157759
67,2,0.45,0.9282363789463614
67,2,0.50,0.8971154786839252
67,2,0.55,0.8890344610550084
67,2,0.60,0.9237423617670872
67,2,0.65,0.9814918800645406
67,2,0.70,0.9708540064529446
67,2,0.75,0.9782534622541103
67,2,0.80,0.9808083614686942
67,2,0.85,0.9622994177949775
67,2,0.90,0.9377651348175511
67,2,0.95,0.9628938873078857
67,3,0.05,0.2439922717684616
67,3,0.10,-0.08447515290353391
67,3,0.15,0.9661095654931023
67,3,0.20,0.9497170270760059
67,3,0.25,0.9503838880613665
67,3,0.30,0.9549203377056144
67,3,0.35,0.8335255799757504
67,3,0.40,0.9838914518052607
67,3,0.45,0.9393615687794357
67,3,0.50,0.9004442574833655
67,3,0.55,0.9637370365696887
67,3,0.60,0.9268495007339907
67,3,0.65,0.9520653586805683
67,3,0.70,0.9774616522325494
67,3,0.75,0.9803277001339165
67,3,0.80,0.9597246769355249
67,3,0.85,0.9754721977648764
67,3,0.90,0.9498632579469695
67,3,0.95,0.972549280095703
67,4,0.05,0.2439922717684616
67,4,0.10,0.9860913383674218
67,4,0.15,0.9672026225703051
67,4,0.20,0.961034723863839
67,4,0.25,0.9564598800099922
67,4,0.30,0.9375502394008397
67,4,0.35,0.9594793314335543
67,4,0.40,0.9539672386027448
67,4,0.45,0.8613042057349796
67,4,0.50,0.9542540105960784
67,4,0.55,0.9071374742230344
67,4,0.60,0.9664556895710255
67,4,0.65,0.91181935929054
67,4,0.70,0.9550727383278546
67,4,0.75,0.9760955299815963
67,4,0.80,0.9619657727011623
67,4,0.85,0.9732647557810343
67,4,0.90,0.9863357832491683
67,4,0.95,0.9798316055949884
67,5,0.05,0.7202352878229895
67,5,0.10,0.978855853212516
67,5,0.15,0.9452833575271805
67,5,0.20,0.9796825884522178
67,5,0.25,0.9009775424073616
67,5,0.30,0.947486639705801
67,5,0.35,0.9753742132794254
67,5,0.40,0.9351190260144853
67,5,0.45,0.9676916384585947
67,5,0.50,0.9065538100822219
67,5,0.55,0.9760562458518656
67,5,0.60,0.9505327018935948
67,5,0.65,0.9837773279913761
67,5,0.70,0.9673654106691522
67,5,0.75,0.7943355932501763
67,5,0.80,0.9108317716899242
67,5,0.85,0.8844330786523622
67,5,0.90,0.9884550813512969
67,5,0.95,0.9929769440536198
67,6,0.05,-0.8128910944099785
67,6,0.10,0.9176530761486011
67,6,0.15,0.9741382359524892
67,6,0.20,0.9083184406117978
67,6,0.25,0.9587714740905912
67,6,0.30,0.92306208049867
67,6,0.35,0.9240605359732696
67,6,0.40,0.9572143756229159
67,6,0.45,0.973038043417714
67,6,0.50,0.8140178628602771
67,6,0.55,0.9196557749612895
67,6,0.60,0.9419695399694846
67,6,0.65,0.9629705894230206
67,6,0.70,0.9896598540954001
67,6,0.75,0.9483076248035497
67,6,0.80,0.9737042334823367
67,6,0.85,0.9653211388738713
67,6,0.90,0.9886383638608416
67,6,0.95,0.9881992822053824
67,7,0.05,0.6837470704880164
67,7,0.10,0.9839883996412744
67,7,0.15,0.8207571285618938
67,7,0.20,0.9602874029713612
67,7,0.25,0.9163636413483998
67,7,0.30,0.9790032844017209
67,7,0.35,0.9856352032084931
67,7,0.40,0.9585126631478748
67,7,0.45,0.945357807982343
67,7,0.50,0.9394379433624978
67,7,0.55,0.986198581939363
67,7,0.60,0.9797888003200007
67,7,0.65,0.9733784315702709
67,7,0.70,0.7521118723681216
67,7,0.75,0.9376477572070059
67,7,0.80,0.9785318076419299
67,7,0.85,0.9558342634001796
67,7,0.90,0.9494824155132087
67,7,0.95,0.9768852950512652
67,8,0.05,-53.788514177259536
67,8,0.10,0.9437672284022085
67,8,0.15,0.9828442557666547
67,8,0.20,0.9242086065738967
67,8,0.25,0.8702399460234683
67,8,0.30,0.8509963049399025
67,8,0.35,0.9287249662499086
67,8,0.40,0.9919794188267751
67,8,0.45,0.9109913484226366
67,8,0.50,0.9360945397504445
67,8,0.55,0.9564599675460335
67,8,0.60,0.9507503907233581
67,8,0.65,0.9447469555619485
67,8,0.70,0.972925678417482
67,8,0.75,0.9526485444718915
67,8,0.80,0.9641680928901982
67,8,0.85,0.968407171882152
67,8,0.90,0.9858840440859938
67,8,0.95,0.9829638004670784
67,9,0.05,-4.300314638149343
67,9,0.10,0.8259763673166638
67,9,0.15,0.9370172664786328
67,9,0.20,0.8590113918515531
67,9,0.25,0.9578210556924167
67,9,0.30,0.9516569653502485
67,9,0.35,0.9791772253618723
67,9,0.40,0.9709729947601612
67,9,0.45,0.9464814900973322
67,9,0.50,0.9527283404779419
67,9,0.55,0.9614109315627299
67,9,0.60,0.9309845881326404
67,9,0.65,0.9727874322984337
67,9,0.70,0.976760828156559
67,9,0.75,0.9773302468814556
67,9,0.80,0.8872536492111184
67,9,0.85,0.8961269277650905
67,9,0.90,0.9834462996394103
67,9,0.95,0.9853714468209299
68,0,0.05,0.7206595797428488
68,0,0.10,0.9762793926735855
68,0,0.15,0.9536119686318784
68,0,0.20,0.9475957544096312
68,0,0.25,0.9738672295940373
68,0,0.30,0.9846736487330865
68,0,0.35,0.9850347656057453
68,0,0.40,0.9601025393166792
68,0,0.45,0.9616047925711029
68,0,0.50,0.977251894262373
68,0,0.55,0.9283021698932333
68,0,0.60,0.9796183539031522
68,0,0.65,0.9729583566490326
68,0,0.70,0.9847919551131182
68,0,0.75,0.9250202159206917
68,0,0.80,0.9829057658065188
68,0,0.85,0.9351222771982493
68,0,0.90,0.9749226739651228
68,0,0.95,0.9698377713156736
68,1,0.05,0.7206595797428488
68,1,0.10,0.9942077827904675
68,1,0.15,0.7940591737529564
68,1,0.20,0.7968457348275686
68,1,0.25,0.9468455922394401
68,1,0.30,0.9443527526716684
68,1,0.35,0.8586043635848515
68,1,0.40,0.9305069205520502
68,1,0.45,0.9831508107184765
68,1,0.50,0.9886775064506887
68,1,0.55,0.9632316493124892
68,1,0.60,0.9871940630719602
68,1,0.65,0.9397619093206688
68,1,0.70,0.890998993723713
68,1,0.75,0.9642140354252563
68,1,0.80,0.9194523752081556
68,1,0.85,0.9236525841072697
68,1,0.90,0.9645968064552778
68,1,0.95,0.9586441513422952
68,2,0.05,-0.5870091160632878
68,2,0.10,0.91257192425715
68,2,0.15,-0.12505971041728214
68,2,0.20,0.9687758974892458
68,2,0.25,0.9725846425408461
68,2,0.30,0.9574474923528017
68,2,0.35,0.9638299853515783
68,2,0.40,0.9956247873821028
68,2,0.45,0.9814043837558081
68,2,0.50,0.9745985395279708
68,2,0.55,0.8612856848595191
68,2,0.60,0.9718910957371127
68,2,0.65,0.9688885732553195
68,2,0.70,0.9863067977371907
68,2,0.75,0.9841337784775166
68,2,0.80,0.9842078674728727
68,2,0.85,0.9615431393029219
68,2,0.90,0.9878873146647048
68,2,0.95,0.9608092978941364
68,3,0.05,0.18782792917093394
68,3,0.10,-6.2899404016644045
68,3,0.15,0.9201042989234356
68,3,0.20,0.932031749550622
68,3,0.25,0.9543785362880914
68,3,0.30,0.9412536313102962
68,3,0.35,0.962851015289897
68,3,0.40,0.9429609771822118
68,3,0.45,0.9470008671601298
68,3,0.50,0.9608959679335581
68,3,0.55,0.9730658646944293
68,3,0.60,0.9725749273596307
68,3,0.65,0.9552626376582372
68,3,0.70,0.9470015718373948
68,3,0.75,0.9406312911559958
68,3,0.80,0.9701616369059954
68,3,0.85,0.9667408378436326
68,3,0.90,0.9665391187789213
68,3,0.95,0.9705065514416675
68,4,0.05,0.18782792917093394
68,4,0.10,0.9382047947790306
68,4,0.15,0.8591912720998636
68,4,0.20,0.7766273415958395
68,4,0.25,0.9507016715654668
68,4,0.30,0.9738553037090089
68,4,0.35,0.9363336042140258
68,4,0.40,0.9605537223504885
68,4,0.45,0.9117351625151203
68,4,0.50,0.9698184583568723
68,4,0.55,0.9737908429289178
68,4,0.60,0.9905192172594278
68,4,0.65,0.9830142013062247
68,4,0.70,0.9702137671622414
68,4,0.75,0.9836356966522585
68,4,0.80,0.9525774070291938
68,4,0.85,0.9587241194727502
68,4,0.90,0.9706172346292345
68,4,0.95,0.9669118352178496
68,5,0.05,0.7206595797428488
68,5,0.10,0.9316242927473622
68,5,0.15,0.8530450997218346
68,5,0.20,0.9318300704009361
68,5,0.25,0.9636819306425493
68,5,0.30,0.9754125865613164
68,5,0.35,0.9839912574653311
68,5,0.40,0.8913465897043886
68,5,0.45,0.9664065746942575
68,5,0.50,0.9519450880306531
68,5,0.55,0.8280693467065502
68,5,0.60,0.950064758799528
68,5,0.65,0.9444697876697171
68,5,0.70,0.9674614401783599
68,5,0.75,0.9379680183604779
68,5,0.80,0.9529611087829342
68,5,0.85,0.9512999248170289
68,5,0.90,0.9632823772187479
68,5,0.95,0.9813083085185467
68,6,0.05,-6.291916558686906
68,6,0.10,0.857138295086412
68,6,0.15,0.9844964108419746
68,6,0.20,0.8708923041723224
68,6,0.25,0.9668234835391221
68,6,0.30,0.9835772410311263
68,6,0.35,0.9732113178022997
68,6,0.40,0.9926854723511712
68,6,0.45,0.9589647334314331
68,6,0.50,0.9210292816458703
68,6,0.55,0.9738647091608503
68,6,0.60,0.9631216528895974
68,6,0.65,0.9682824335616435
68,6,0.70,0.9775727453211176
68,6,0.75,0.9372322851085197
68,6,0.80,0.979984199005062
68,6,0.85,0.9591382791465837
68,6,0.90,0.96671979709594
68,6,0.95,0.9843722360449584
68,7,0.05,0.4578663462078255
68,7,0.10,0.8982131641946228
68,7,0.15,0.030376387386838122
68,7,0.20,0.9420678827026848
68,7,0.25,0.9576601312162716
68,7,0.30,0.9623350484953567
68,7,0.35,0.9814539986699325
68,7,0.40,0.967884819570707
68,7,0.45,0.9656441948293742
68,7,0.50,0.9556332396754527
68,7,0.55,0.9664303437340968
68,7,0.60,0.9656229735611955
68,7,0.65,0.9594145141355868
68,7,0.70,0.9770398340291689
68,7,0.75,0.9764566336956559
68,7,0.80,0.9668682454790377
68,7,0.85,0.9237110771419863
68,7,0.90,0.9627964055385292
68,7,0.95,0.9389834538015505
68,8,0.05,-162.5659155353521
68,8,0.10,0.9648578691141093
68,8,0.15,0.900844657855176
68,8,0.20,0.8563066600957281
68,8,0.25,0.9864360834846817
68,8,0.30,0.9721133234419241
68,8,0.35,0.9846641019652294
68,8,0.40,0.9482431704451441
68,8,0.45,0.9773644513498315
68,8,0.50,0.9633951772371405
68,8,0.55,0.9855546090464364
68,8,0.60,0.8312159255218675
68,8,0.65,0.973228316968586
68,8,0.70,0.9861801984954074
68,8,0.75,0.9739786346367865
68,8,0.80,0.9674429004663833
68,8,0.85,0.9066679221816248
68,8,0.90,0.9554691043066599
68,8,0.95,0.969271481926708
68,9,0.05,-0.3769991419579972
68,9,0.10,0.9274304324959175
68,9,0.15,0.931369528950829
68,9,0.20,0.935300927643836
68,9,0.25,0.939426015895786
68,9,0.30,0.925710574347598
68,9,0.35,0.8931902467408286
68,9,0.40,0.9809247479082294
68,9,0.45,0.9697592065502914
68,9,0.50,0.9864487351968013
68,9,0.55,0.9895771919740712
68,9,0.60,0.9832762509242317
68,9,0.65,0.9464397580002722
68,9,0.70,0.975601737604725
68,9,0.75,0.99049011864939
68,9,0.80,0.9472599114103427
68,9,0.85,0.9687497424281784
68,9,0.90,0.9689044644231795
68,9,0.95,0.9770271512135315
69,0,0.05,0.5558217461446832
69,0,0.10,-0.10316548636982636
69,0,0.15,0.8884931169581558
69,0,0.20,0.949980608826358
69,0,0.25,0.8962225949627752
69,0,0.30,0.993243062407655
69,0,0.35,0.9902383871237932
69,0,0.40,0.8848977679447518
69,0,0.45,0.8656961107103476
69,0,0.50,0.9538707358366236
69,0,0.55,0.92072761839599
69,0,0.60,0.9277888827632232
69,0,0.65,0.9725638067629037
69,0,0.70,0.9693536882028962
69,0,0.75,0.9595136054689956
69,0,0.80,0.9439776846287335
69,0,0.85,0.9294484667657701
69,0,0.90,0.9860922200578729
69,0,0.95,0.9876283492060628
69,1,0.05,0.5558217461446832
69,1,0.10,-0.0545799029696199
69,1,0.15,0.2895591409981807
69,1,0.20,0.8906287578259149
69,1,0.25,0.9668591217626574
69,1,0.30,0.9907685035409919
69,1,0.35,0.9541619224955742
69,1,0.40,0.928563541023364
69,1,0.45,0.9310073829301801
69,1,0.50,0.943657020596386
69,1,0.55,0.8632400264925828
69,1,0.60,0.925711852718098
69,1,0.65,0.8812194424280188
69,1,0.70,0.9206147378099074
69,1,0.75,0.9818493310031723
69,1,0.80,0.967188512062032
69,1,0.85,0.9693329732081892
69,1,0.90,0.9304466308972325
69,1,0.95,0.9534022570189176
69,2,0.05,-1.087188975451606
69,2,0.10,0.7402483099598874
69,2,0.15,0.8165561626530422
69,2,0.20,0.8846412939520774
69,2,0.25,0.9759910129256407
69,2,0.30,0.9769610390581642
69,2,0.35,0.9343160088643696
69,2,0.40,0.9713485458714702
69,2,0.45,0.942442246758594
69,2,0.50,0.971458390742485
69,2,0.55,0.9726263986353696
69,2,0.60,0.8644816890998397
69,2,0.65,0.9831954666692546
69,2,0.70,0.9695657149819022
69,2,0.75,0.9730098009742933
69,2,0.80,0.9303101209379158
69,2,0.85,0.9774743905680993
69,2,0.90,0.960485774448633
69,2,0.95,0.9526144254988529
69,3,0.05,0.46084862899503476
69,3,0.10,-3.9476642835732
69,3,0.15,0.6048026742787079
69,3,0.20,0.8774679105318836
69,3,0.25,0.8942989244542288
69,3,0.30,0.9964822908892089
69,3,0.35,0.9347741922290691
69,3,0.40,0.9822273273411043
69,3,0.45,0.9732206999762474
69,3,0.50,0.9666612194110087
69,3,0.55,0.9725247534302748
69,3,0.60,0.9715395594878343
69,3,0.65,0.9362130248592793
69,3,0.70,0.9241772566968248
69,3,0.75,0.9659522863983179
69,3,0.80,0.9488985592452548
69,3,0.85,0.9612167762513263
69,3,0.90,0.9690509929540458
69,3,0.95,0.9633615403504845
69,4,0.05,0.46084862899503476
69,4,0.10,0.6713753262804724
69,4,0.15,0.8341360239080418
69,4,0.20,0.9791386467175305
69,4,0.25,0.9047132918143214
69,4,0.30,0.8318845047212878
69,4,0.35,0.9273869197063745
69,4,0.40,0.9827396795028759
69,4,0.45,0.971705955769558
69,4,0.50,0.9695055407317185
69,4,0.55,0.9492013837573798
69,4,0.60,0.8755443627403608
69,4,0.65,0.9940070008442983
69,4,0.70,0.9304950279274963
69,4,0.75,0.971112409079593
69,4,0.80,0.9559699037075398
69,4,0.85,0.9622519533571973
69,4,0.90,0.9717450066527704
69,4,0.95,0.9837184698696863
69,5,0.05,0.5558217461446832
69,5,0.10,-0.15086834800494042
69,5,0.15,0.01088463041092691
69,5,0.20,0.8711545105599583
69,5,0.25,0.9649660516673009
69,5,0.30,0.9690400780879953
69,5,0.35,0.9856622413068131
69,5,0.40,0.9938007062381277
69,5,0.45,0.9159129775111119
69,5,0.50,0.8752040268277002
69,5,0.55,0.8515520669924277
69,5,0.60,0.979344709505407
69,5,0.65,0.9898108532126721
69,5,0.70,0.9835288643808213
69,5,0.75,0.9808650218617659
69,5,0.80,0.9524332736934923
69,5,0.85,0.9774351272657987
69,5,0.90,0.9805610104173798
69,5,0.95,0.9679402905034427
69,6,0.05,-2.1739465768231447
69,6,0.10,0.628077850165093
69,6,0.15,0.83695745717614
69,6,0.20,0.8138262636252869
69,6,0.25,0.9106225349989625
69,6,0.30,0.978776684593027
69,6,0.35,0.918373122020864
69,6,0.40,0.8869310601697504
69,6,0.45,0.9329732145982937
69,6,0.50,0.9629191307588181
69,6,0.55,0.9725445030206292
69,6,0.60,0.9598346749405063
69,6,0.65,0.9481165730266431
69,6,0.70,0.9668338223883435
69,6,0.75,0.9763593558094819
69,6,0.80,0.9567162722828063
69,6,0.85,0.939012107518092
69,6,0.90,0.9685724286424526
69,6,0.95,0.9948306007586484
69,7,0.05,0.25879247661123017
69,7,0.10,-2.874885286052547
69,7,0.15,0.7162021868301516
69,7,0.20,0.7757319518276715
69,7,0.25,0.9602382668927735
69,7,0.30,0.9844675231644934
69,7,0.35,0.9338088057823518
69,7,0.40,0.9749044883324479
69,7,0.45,0.9287290770541134
69,7,0.50,0.9617786824488735
69,7,0.55,0.8787102921082217
69,7,0.60,0.9612652366446204
69,7,0.65,0.9772152829593718
69,7,0.70,0.962146117672194
69,7,0.75,0.9198367337854011
69,7,0.80,0.8997994238192071
69,7,0.85,0.9352201831970675
69,7,0.90,0.9842457187985991
69,7,0.95,0.9645494012704224
69,8,0.05,-5.034802944833904
69,8,0.10,0.7016275534252363
69,8,0.15,0.9376352469998186
69,8,0.20,0.9405463194229898
69,8,0.25,0.9207728285434098
69,8,0.30,0.9813292109453557
69,8,0.35,0.9291446185572521
69,8,0.40,0.9637203111658855
69,8,0.45,0.959909856066409
69,8,0.50,0.9624635664684597
69,8,0.55,0.9834747250996403
69,8,0.60,0.9443650358118094
69,8,0.65,0.9526568304641359
69,8,0.70,0.9686635414991651
69,8,0.75,0.9793446158808593
69,8,0.80,0.9772399629645725
69,8,0.85,0.9703464758013868
69,8,0.90,0.9521929599225204
69,8,0.95,0.9860761963711837
69,9,0.05,-0.9475652128278471
69,9,0.10,0.9297852672644519
69,9,0.15,0.8656596227554243
69,9,0.20,0.9555284009051831
69,9,0.25,0.930682440484587
69,9,0.30,0.987692877999806
69,9,0.35,0.9789128828543477
69,9,0.40,0.908120874183793
69,9,0.45,0.9649003889172597
69,9,0.50,0.9730506118768456
69,9,0.55,0.9910549973657611
69,9,0.60,0.9684604570042727
69,9,0.65,0.9723062343394725
69,9,0.70,0.9645476849872964
69,9,0.75,0.9800238605038423
69,9,0.80,0.9544029787139574
69,9,0.85,0.9776534824979869
69,9,0.90,0.9863744581466906
69,9,0.95,0.9874826730941316
70,0,0.05,0.8571506340662643
70,0,0.10,0.6340884175578079
70,0,0.15,0.9343815721983717
70,0,0.20,0.9701085031065104
70,0,0.25,0.8835615112812114
70,0,0.30,0.9524962796388451
70,0,0.35,0.9819684265222336
70,0,0.40,0.9319798415608037
70,0,0.45,0.9125814720233882
70,0,0.50,0.9442062966085258
70,0,0.55,0.9403093369249812
70,0,0.60,0.9506196818411408
70,0,0.65,0.9657113011953327
70,0,0.70,0.9423434827370629
70,0,0.75,0.9735359697552487
70,0,0.80,0.9538697198791625
70,0,0.85,0.9768030518077375
70,0,0.90,0.9564128477782029
70,0,0.95,0.9863336958469182
70,1,0.05,0.8571506340662643
70,1,0.10,0.7886692615147337
70,1,0.15,0.8649936827541165
70,1,0.20,0.9248054503735815
70,1,0.25,0.9353195459611084
70,1,0.30,0.9683328373770324
70,1,0.35,0.9210148224453512
70,1,0.40,0.9138283101350998
70,1,0.45,0.9533052905705343
70,1,0.50,0.9403333106358656
70,1,0.55,0.9772646280282471
70,1,0.60,0.9762601370569639
70,1,0.65,0.9391442128783257
70,1,0.70,0.9571304239851581
70,1,0.75,0.9058016642309288
70,1,0.80,0.9510053928535454
70,1,0.85,0.9599910858699175
70,1,0.90,0.9620181681153867
70,1,0.95,0.9738814142126305
70,2,0.05,-1.8315459803926428
70,2,0.10,0.4766001377022828
70,2,0.15,0.9549886858725078
70,2,0.20,-0.20955007164961814
70,2,0.25,0.9562289787882331
70,2,0.30,0.9883515733439259
70,2,0.35,0.9448726664758679
70,2,0.40,0.9740933542491852
70,2,0.45,0.7785434000014265
70,2,0.50,0.9801625301701044
70,2,0.55,0.9342482910882476
70,2,0.60,0.9374660585849139
70,2,0.65,0.9901218748061037
70,2,0.70,0.9816300820846898
70,2,0.75,0.9872319345481081
70,2,0.80,0.9572158140609024
70,2,0.85,0.9824107532439237
70,2,0.90,0.9193547099152174
70,2,0.95,0.9453021519384369
70,3,0.05,-0.6218471826443555
70,3,0.10,-4.798588242934673
70,3,0.15,0.9125334169954707
70,3,0.20,0.9228230693186327
70,3,0.25,0.9474043957161377
70,3,0.30,0.9620148331631213
70,3,0.35,0.9505930156098148
70,3,0.40,0.9026624036836943
70,3,0.45,0.9383393292866762
70,3,0.50,0.925971829253456
70,3,0.55,0.9213068984640761
70,3,0.60,0.9518975244888983
70,3,0.65,0.9392766774540496
70,3,0.70,0.8952270930830457
70,3,0.75,0.9343864737120169
70,3,0.80,0.9487064962929483
70,3,0.85,0.9832956368178141
70,3,0.90,0.9747578773989498
70,3,0.95,0.9417777979397522
70,4,0.05,-0.6218471826443555
70,4,0.10,0.9910960930401459
70,4,0.15,0.9581866632649201
70,4,0.20,0.872440305273642
70,4,0.25,0.9467261505299581
70,4,0.30,0.9232414078475304
70,4,0.35,0.9633433839468147
70,4,0.40,0.9423588461206633
70,4,0.45,0.9215375515038529
70,4,0.50,0.9573875832713716
70,4,0.55,0.9361473615374021
70,4,0.60,0.9577816215270952
70,4,0.65,0.9599354293538513
70,4,0.70,0.9582803526604019
70,4,0.75,0.9720966794828169
70,4,0.80,0.9528047074536259
70,4,0.85,0.972087727684686
70,4,0.90,0.9790955139123366
70,4,0.95,0.9787232856000423
70,5,0.05,0.8571506340662643
70,5,0.10,0.46266972919038907
70,5,0.15,0.7186774211600377
70,5,0.20,0.9396776165047157
70,5,0.25,0.9582753926604407
70,5,0.30,0.9330684102795521
70,5,0.35,0.889140217726183
70,5,0.40,0.9121547433051023
70,5,0.45,0.9676012268458393
70,5,0.50,0.8350777003711497
70,5,0.55,0.9273230784271769
70,5,0.60,0.9857027010810703
70,5,0.65,0.9361422189785477
70,5,0.70,0.9670840767251089
70,5,0.75,0.9645353585899697
70,5,0.80,0.9589712300495835
70,5,0.85,0.979258096164096
70,5,0.90,0.9618972962033924
70,5,0.95,0.9886702229618825
70,6,0.05,-2.253882001564443
70,6,0.10,0.8481656674596665
70,6,0.15,0.924622314706073
70,6,0.20,0.8015502540564832
70,6,0.25,0.9884826379769714
70,6,0.30,0.8829196872645346
70,6,0.35,0.9733192750774622
70,6,0.40,0.9879629019441596
70,6,0.45,0.9438581756815675
70,6,0.50,0.9667570782674606
70,6,0.55,0.9256241235200146
70,6,0.60,0.9751963957382251
70,6,0.65,0.9753109084648028
70,6,0.70,0.9624512038100409
70,6,0.75,0.9698023994178964
70,6,0.80,0.9817526783063686
70,6,0.85,0.9889313480174329
70,6,0.90,0.9891365623690878
70,6,0.95,0.9852309493049868
70,7,0.05,0.7791558337794746
70,7,0.10,0.7989416718480091
70,7,0.15,0.9184921071664378
70,7,0.20,0.9758406544006186
70,7,0.25,0.7926551836724528
70,7,0.30,0.3290574808362433
70,7,0.35,0.9856067921677403
70,7,0.40,0.9443488523470468
70,7,0.45,0.8919325612405099
70,7,0.50,0.8724699662529896
70,7,0.55,0.918256862631141
70,7,0.60,0.9217406708134153
70,7,0.65,0.9844771843858375
70,7,0.70,0.9300285161427713
70,7,0.75,0.9210987745667185
70,7,0.80,0.9576619713404059
70,7,0.85,0.9723697640377211
70,7,0.90,0.968466161243499
70,7,0.95,0.9547779922514467
70,8,0.05,-783.4603167123138
70,8,0.10,0.865354916830855
70,8,0.15,0.9932963458329399
70,8,0.20,0.9937252437191862
70,8,0.25,0.9187576027880853
70,8,0.30,0.9765505023655029
70,8,0.35,0.974291174158033
70,8,0.40,0.8005675713460754
70,8,0.45,0.9501121778810848
70,8,0.50,0.9664930953255846
70,8,0.55,0.9279078214485772
70,8,0.60,0.9685475289302183
70,8,0.65,0.9510379125066672
70,8,0.70,0.8905878191927803
70,8,0.75,0.9416998167182918
70,8,0.80,0.9547490770873138
70,8,0.85,0.9673519742832133
70,8,0.90,0.9858320962721072
70,8,0.95,0.8579217038783338
70,9,0.05,-4.338988060874858
70,9,0.10,0.8951535281058368
70,9,0.15,0.9892977033295804
70,9,0.20,0.9443525638607925
70,9,0.25,0.9020083263549797
70,9,0.30,0.9321868012110028
70,9,0.35,0.8668180735780469
70,9,0.40,0.9465791008877358
70,9,0.45,0.9583855758690744
70,9,0.50,0.9906591947582394
70,9,0.55,0.9722320635697644
70,9,0.60,0.9858632018535558
70,9,0.65,0.9615485556854811
70,9,0.70,0.9549285481924878
70,9,0.75,0.9397140034842125
70,9,0.80,0.9591696423229311
70,9,0.85,0.9640818981891355
70,9,0.90,0.9718689248040807
70,9,0.95,0.9763433678642331
71,0,0.05,0.7420825228632555
71,0,0.10,0.9935175457802479
71,0,0.15,0.9345719880200309
71,0,0.20,0.904362886099932
71,0,0.25,0.9385524757760472
71,0,0.30,0.9391645066937646
71,0,0.35,0.8729778727043258
71,0,0.40,0.9615164706080193
71,0,0.45,0.9673507541333664
71,0,0.50,0.9600263589613749
71,0,0.55,0.9522151796252535
71,0,0.60,0.9442418148037283
71,0,0.65,0.9659986247789915
71,0,0.70,0.9776387524885878
71,0,0.75,0.9762347152484921
71,0,0.80,0.9754307157931117
71,0,0.85,0.9616551341508031
71,0,0.90,0.9317328433276184
71,0,0.95,0.9748187797645208
71,1,0.05,0.7420825228632555
71,1,0.10,0.9680529919781099
71,1,0.15,0.9441334045937374
71,1,0.20,0.9532887588748327
71,1,0.25,0.971196119298895
71,1,0.30,0.9573722127908767
71,1,0.35,0.8616110796369647
71,1,0.40,0.9529064859968369
71,1,0.45,0.9327428087929983
71,1,0.50,0.9197269219963959
71,1,0.55,0.9545120209572981
71,1,0.60,0.9546740715748955
71,1,0.65,0.9261365862247777
71,1,0.70,0.9782102741834611
71,1,0.75,0.906863745853316
71,1,0.80,0.9646891235387492
71,1,0.85,0.884927268970215
71,1,0.90,0.9826294277190063
71,1,0.95,0.9827159485259668
71,2,0.05,-0.25382256458701824
71,2,0.10,0.9184186056263359
71,2,0.15,0.7950885047434044
71,2,0.20,0.8770674151091071
71,2,0.25,0.9618228820833606
71,2,0.30,0.9470148231373586
71,2,0.35,0.4960891479166075
71,2,0.40,0.7622138948906351
71,2,0.45,0.7810033939803251
71,2,0.50,0.8726518485652774
71,2,0.55,0.7187871087469714
71,2,0.60,0.8889312031738986
71,2,0.65,0.952606951892817
71,2,0.70,0.9667161827891345
71,2,0.75,0.9513856440300881
71,2,0.80,0.973454161046972
71,2,0.85,0.9709038330771891
71,2,0.90,0.9734968087751154
71,2,0.95,0.979934149721744
71,3,0.05,0.3450781130449805
71,3,0.10,-3.319491521004691
71,3,0.15,0.9163334244396093
71,3,0.20,0.8987155134890569
71,3,0.25,0.8868042090132671
71,3,0.30,0.9496840200813468
71,3,0.35,0.7946981004185865
71,3,0.40,0.8883766858028875
71,3,0.45,0.7911411414568438
71,3,0.50,0.9426293594096438
71,3,0.55,0.9277211000103134
71,3,0.60,0.945337907277828
71,3,0.65,0.9244892717642154
71,3,0.70,0.9648080823725148
71,3,0.75,0.9447564042106413
71,3,0.80,0.9841868801351025
71,3,0.85,0.9621009294139932
71,3,0.90,0.9671770510823232
71,3,0.95,0.9668219573731682
71,4,0.05,0.3450781130449805
71,4,0.10,0.9003430163460852
71,4,0.15,0.9615249567157507
71,4,0.20,0.9080586673148194
71,4,0.25,0.9731344557950794
71,4,0.30,0.8421445734850639
71,4,0.35,0.8170292982459426
71,4,0.40,0.9090309552312221
71,4,0.45,0.8717238005317114
71,4,0.50,0.9517822882095638
71,4,0.55,0.8451883883682605
71,4,0.60,0.9791409594763658
71,4,0.65,0.9502549952814574
71,4,0.70,0.9682054051940416
71,4,0.75,0.9667370063861197
71,4,0.80,0.9810697016810989
71,4,0.85,0.9841928054606548
71,4,0.90,0.9783214037520683
71,4,0.95,0.9705603099773746
71,5,0.05,0.7420825228632555
71,5,0.10,0.752430170277307
71,5,0.15,0.9330334143876414
71,5,0.20,0.9192141990317353
71,5,0.25,0.9671655821783882
71,5,0.30,0.9105036943176623
71,5,0.35,0.9694609061833517
71,5,0.40,0.947677945773439
71,5,0.45,0.9226738566839157
71,5,0.50,0.8570626447382385
71,5,0.55,0.9676885979114765
71,5,0.60,0.9888981002433773
71,5,0.65,0.9587235760589718
71,5,0.70,0.9852057239745337
71,5,0.75,0.961321666739805
71,5,0.80,0.9652180401373646
71,5,0.85,0.9875405493043697
71,5,0.90,0.9847588408859892
71,5,0.95,0.9772989293358325
71,6,0.05,-5.410880181298974
71,6,0.10,0.5541162643531061
71,6,0.15,0.9923318736012717
71,6,0.20,0.7695438582861993
71,6,0.25,0.9468826045649235
71,6,0.30,0.8290755458067549
71,6,0.35,0.9470191993999283
71,6,0.40,0.8888546703603102
71,6,0.45,0.9243695326170512
71,6,0.50,0.9222605265406789
71,6,0.55,0.9120419749886527
71,6,0.60,0.9669428992689046
71,6,0.65,0.9884335591308547
71,6,0.70,0.9777087592846524
71,6,0.75,0.9391122626677322
71,6,0.80,0.962412723233857
71,6,0.85,0.9626925213731661
71,6,0.90,0.9133227750669471
71,6,0.95,0.98548560642119
71,7,0.05,0.2602720485874259
71,7,0.10,0.9094280459123454
71,7,0.15,0.8570974544845523
71,7,0.20,0.9281072737817104
71,7,0.25,0.9553704614653861
71,7,0.30,0.8464546607696357
71,7,0.35,0.9686044159626037
71,7,0.40,0.8994222533080576
71,7,0.45,0.9476324728389462
71,7,0.50,0.9499227633000756
71,7,0.55,0.9603076535257251
71,7,0.60,0.9595017239157092
71,7,0.65,0.9800311990588997
71,7,0.70,0.9631607323374068
71,7,0.75,0.9035743463518267
71,7,0.80,0.9813042461057477
71,7,0.85,0.940501356908503
71,7,0.90,0.9729895005855841
71,7,0.95,0.9146823242135337
71,8,0.05,-5.365941419901953
71,8,0.10,0.9316000795779295
71,8,0.15,0.9667450985695701
71,8,0.20,0.9494327859568235
71,8,0.25,0.9645920012774005
71,8,0.30,0.6769304848839091
71,8,0.35,0.8866868427082872
71,8,0.40,0.9171756667564575
71,8,0.45,0.4736377031261878
71,8,0.50,0.9907208621074
71,8,0.55,0.9838731015825791
71,8,0.60,0.8728894046722233
71,8,0.65,0.9738157525636179
71,8,0.70,0.9884730813004973
71,8,0.75,0.9863702094171555
71,8,0.80,0.9887548711042268
71,8,0.85,0.8375647364353838
71,8,0.90,0.9801396032690158
71,8,0.95,0.937114233904098
71,9,0.05,0.022405821807730875
71,9,0.10,0.93191245303668
71,9,0.15,0.7398947205265292
71,9,0.20,0.9844455501546379
71,9,0.25,0.9539813125859036
71,9,0.30,0.9608266353068678
71,9,0.35,0.9686012696718201
71,9,0.40,0.9623307512505979
71,9,0.45,0.9861803384738648
71,9,0.50,0.9430773227950175
71,9,0.55,0.9266942140378676
71,9,0.60,0.9248106405412714
71,9,0.65,0.941046524005199
71,9,0.70,0.9722377214334357
71,9,0.75,0.9617320830336455
71,9,0.80,0.8894294053726034
71,9,0.85,0.9855309064847904
71,9,0.90,0.8596174877157798
71,9,0.95,0.9827882054470958
72,0,0.05,0.6318148437186788
72,0,0.10,0.9544212617776588
72,0,0.15,0.9875081148205841
72,0,0.20,0.9617237638456613
72,0,0.25,0.983612188742466
72,0,0.30,0.9767273564780824
72,0,0.35,0.9262780882984248
72,0,0.40,0.9727839209063248
72,0,0.45,0.955955102155657
72,0,0.50,0.9699660118955806
72,0,0.55,0.9815138618503246
72,0,0.60,0.9078026825224413
72,0,0.65,0.9826351531193668
72,0,0.70,0.9845210370511993
72,0,0.75,0.9827939092245941
72,0,0.80,0.9848339606581168
72,0,0.85,0.9316858522425049
72,0,0.90,0.9617981947750319
72,0,0.95,0.9038809752114774
72,1,0.05,0.6318148437186788
72,1,0.10,0.9714498310726214
72,1,0.15,0.985187477225152
72,1,0.20,0.9690406863623685
72,1,0.25,0.9059878763405511
72,1,0.30,0.9628053901558127
72,1,0.35,0.9692354635620946
72,1,0.40,0.9669829968097028
72,1,0.45,0.9365776974058894
72,1,0.50,0.9430932517494883
72,1,0.55,0.9469613506816549
72,1,0.60,0.9613921795425088
72,1,0.65,0.9413647274199706
72,1,0.70,0.9065260695765438
72,1,0.75,0.9634441675160639
72,1,0.80,0.9680940766261947
72,1,0.85,0.9456849271054073
72,1,0.90,0.9777559096671765
72,1,0.95,0.949150876146609
72,2,0.05,-0.3276493994716465
72,2,0.10,0.8851277774833534
72,2,0.15,0.9926651298660912
72,2,0.20,0.9704360753112476
72,2,0.25,0.9690736813828941
72,2,0.30,0.9474656379573801
72,2,0.35,0.949047994282257
72,2,0.40,0.905606945387849
72,2,0.45,0.9832969516599401
72,2,0.50,0.9746003895302634
72,2,0.55,0.9692068858720005
72,2,0.60,0.9055029912481448
72,2,0.65,0.9724743756604264
72,2,0.70,0.9806532239338324
72,2,0.75,0.9382172719836334
72,2,0.80,0.9808189310459023
72,2,0.85,0.9836075926771145
72,2,0.90,0.9890227255260087
72,2,0.95,0.9833107463888094
72,3,0.05,0.027592469448409762
72,3,0.10,-170.6833577543651
72,3,0.15,0.9331357272143642
72,3,0.20,0.9514080536865485
72,3,0.25,0.9144404804235176
72,3,0.30,0.9329021239133793
72,3,0.35,0.9263826917283907
72,3,0.40,0.8790048513948725
72,3,0.45,0.9531414284453812
72,3,0.50,0.9740255976478227
72,3,0.55,0.95958972009361
72,3,0.60,0.9724306848755111
72,3,0.65,0.9395981667419548
72,3,0.70,0.9752654891209216
72,3,0.75,0.9013338404339521
72,3,0.80,0.9806581986239281
72,3,0.85,0.9771345193647338
72,3,0.90,0.97818826669603
72,3,0.95,0.9644955642468248
72,4,0.05,0.027592469448409762
72,4,0.10,0.9543054185645762
72,4,0.15,0.9874913044510518
72,4,0.20,0.8579053911692273
72,4,0.25,0.853938301800124
72,4,0.30,0.9682928349759287
72,4,0.35,0.9039598138637162
72,4,0.40,0.9099095261222682
72,4,0.45,0.9412068836813711
72,4,0.50,0.9803046558649542
72,4,0.55,0.8920446366620824
72,4,0.60,0.982039206089768
72,4,0.65,0.9292340121936277
72,4,0.70,0.8659803232324682
72,4,0.75,0.979497098797039
72,4,0.80,0.9865616394668163
72,4,0.85,0.9839480341447846
72,4,0.90,0.9792689838437305
72,4,0.95,0.9770124964387041
72,5,0.05,0.6318148437186788
72,5,0.10,-1.52151023919141
72,5,0.15,0.9334732405562456
72,5,0.20,0.9567354452735131
72,5,0.25,0.9936104710392192
72,5,0.30,0.9812126211632716
72,5,0.35,0.9748950542683159
72,5,0.40,0.9281818008390559
72,5,0.45,0.98598475340969
72,5,0.50,0.9416051386399378
72,5,0.55,0.9393258662219783
72,5,0.60,0.9524903017697501
72,5,0.65,0.9755465685354973
72,5,0.70,0.9608710154787701
72,5,0.75,0.943997456076797
72,5,0.80,0.953232551661411
72,5,0.85,0.977765296238377
72,5,0.90,0.9786634647611391
72,5,0.95,0.9726629821669903
72,6,0.05,-8.127790441472515
72,6,0.10,0.9027906777028805
72,6,0.15,0.991156601259711
72,6,0.20,0.8881929690748995
72,6,0.25,0.9916573860290585
72,6,0.30,0.9631694706796137
72,6,0.35,0.9598635451551233
72,6,0.40,0.958850785438889
72,6,0.45,0.9798635699941987
72,6,0.50,0.9127927236160008
72,6,0.55,0.9543748862847066
72,6,0.60,0.9578917126566836
72,6,0.65,0.9218467575715702
72,6,0.70,0.976877276625493
72,6,0.75,0.9899557457094091
72,6,0.80,0.9794301027920388
72,6,0.85,0.9795867042871351
72,6,0.90,0.9802368939376113
72,6,0.95,0.9580994258867597
72,7,0.05,0.39190151349855684
72,7,0.10,0.9408970044225328
72,7,0.15,0.9914243021142456
72,7,0.20,0.967591238431328
72,7,0.25,0.955484553070929
72,7,0.30,0.9591815605904057
72,7,0.35,0.9450242101296329
72,7,0.40,0.9857632867603688
72,7,0.45,0.9882905492756515
72,7,0.50,0.993004865877434
72,7,0.55,0.9580233960651849
72,7,0.60,0.9932453137572681
72,7,0.65,0.9595735361892319
72,7,0.70,0.924228232416808
72,7,0.75,0.9400015281876392
72,7,0.80,0.9519364342269968
72,7,0.85,0.9710896607172845
72,7,0.90,0.9700491668634895
72,7,0.95,0.8834229483177729
72,8,0.05,-13.179216506859207
72,8,0.10,0.957696885227441
72,8,0.15,0.9926864281077316
72,8,0.20,0.9564538094949034
72,8,0.25,0.9643415003247465
72,8,0.30,0.8844686017600318
72,8,0.35,0.9524270865719459
72,8,0.40,0.9367376721550003
72,8,0.45,0.9517569692417208
72,8,0.50,0.9613949812159172
72,8,0.55,0.9590814286268826
72,8,0.60,0.9361427342947375
72,8,0.65,0.9786909938257304
72,8,0.70,0.9793076849424964
72,8,0.75,0.956197340631177
72,8,0.80,0.9637743208677869
72,8,0.85,0.9460572128134931
72,8,0.90,0.9808152333653639
72,8,0.95,0.8773829020195687
72,9,0.05,-0.12323638546205062
72,9,0.10,0.9640242392604169
72,9,0.15,0.9911882621549711
72,9,0.20,0.9968339848388261
72,9,0.25,0.9385032376349274
72,9,0.30,0.9554289063533998
72,9,0.35,0.9646962226971206
72,9,0.40,0.9376187769478924
72,9,0.45,0.9651524484708627
72,9,0.50,0.9272874571944203
72,9,0.55,0.9829532555836792
72,9,0.60,0.9477951286678432
72,9,0.65,0.9042701983010151
72,9,0.70,0.9731018929158788
72,9,0.75,0.9805178856201783
72,9,0.80,0.9403997142741176
72,9,0.85,0.9848343720189895
72,9,0.90,0.9706721782848452
72,9,0.95,0.9640164684124879
73,0,0.05,0.6259772769513658
73,0,0.10,0.9789275166176248
73,0,0.15,0.9713285459421973
73,0,0.20,0.919060722563166
73,0,0.25,0.9714023976859986
73,0,0.30,0.9641869532311464
73,0,0.35,0.9487215252805038
73,0,0.40,0.9265718940950907
73,0,0.45,0.9513550091518325
73,0,0.50,0.9346528968777876
73,0,0.55,0.7702389400542102
73,0,0.60,0.926791734909014
73,0,0.65,0.8984169335585437
73,0,0.70,0.9641919816009291
73,0,0.75,0.9508365549943931
73,0,0.80,0.9698273734442817
73,0,0.85,0.9433030223715511
73,0,0.90,0.9423808475606682
73,0,0.95,0.9573010285243512
73,1,0.05,0.6259772769513658
73,1,0.10,0.9936666262414854
73,1,0.15,0.9527557596015218
73,1,0.20,0.9347554886335029
73,1,0.25,0.886438547207024
73,1,0.30,0.9072020446845355
73,1,0.35,0.9310355030287122
73,1,0.40,0.9365032328278677
73,1,0.45,0.9438949109543242
73,1,0.50,0.9557463763102895
73,1,0.55,0.8890230524705837
73,1,0.60,0.9654800970173844
73,1,0.65,0.9415747935811267
73,1,0.70,0.9810890655424719
73,1,0.75,0.9758921511063604
73,1,0.80,0.9836167955011407
73,1,0.85,0.9890419627667353
73,1,0.90,0.9282085229055197
73,1,0.95,0.9796345778654026
73,2,0.05,-0.6609183942640509
73,2,0.10,0.8006853949545037
73,2,0.15,0.8528594877840455
73,2,0.20,0.7416006296375609
73,2,0.25,0.762240452774361
73,2,0.30,0.9235638640409382
73,2,0.35,0.9588769599566641
73,2,0.40,0.9599803663984076
73,2,0.45,0.9285324792221956
73,2,0.50,0.916369773071175
73,2,0.55,0.9651513970934364
73,2,0.60,0.9328424538376284
73,2,0.65,0.9742055796931175
73,2,0.70,0.9447869183078307
73,2,0.75,0.9415501618501447
73,2,0.80,0.9420198783739588
73,2,0.85,0.9565392623629464
73,2,0.90,0.9762396058613014
73,2,0.95,0.9661809579535036
73,3,0.05,-0.11077260817148327
73,3,0.10,-6.2899404016644045
73,3,0.15,0.9078853743499581
73,3,0.20,0.882248601890352
73,3,0.25,0.9020681151748402
73,3,0.30,0.9518838106500842
73,3,0.35,0.9764397685973067
73,3,0.40,0.9296463505876262
73,3,0.45,0.9280863975753659
73,3,0.50,0.8870742152301399
73,3,0.55,0.8140809410259973
73,3,0.60,0.9541162801816236
73,3,0.65,0.8171633905134877
73,3,0.70,0.8280363806093172
73,3,0.75,0.9653071902231136
73,3,0.80,0.9379273028688354
73,3,0.85,0.9913397790577163
73,3,0.90,0.9815997069321905
73,3,0.95,0.9743793792040745
73,4,0.05,-0.11077260817148327
73,4,0.10,0.9307953432710774
73,4,0.15,0.9246576489700555
73,4,0.20,0.898247453982394
73,4,0.25,0.7727818789652392
73,4,0.30,0.9298675554034167
73,4,0.35,0.9634352636057681
73,4,0.40,0.9779476130371917
73,4,0.45,0.9705118867046068
73,4,0.50,0.962892592758315
73,4,0.55,0.9501676239209073
73,4,0.60,0.9665350552484484
73,4,0.65,0.9570708620318096
73,4,0.70,0.965497749384796
73,4,0.75,0.9460389908889877
73,4,0.80,0.9670754032792006
73,4,0.85,0.9544497855086179
73,4,0.90,0.9460583343225007
73,4,0.95,0.9518299764340143
73,5,0.05,0.6259772769513658
73,5,0.10,0.8587484137655979
73,5,0.15,0.6264298793192442
73,5,0.20,0.681358772663349
73,5,0.25,0.9535717695617406
73,5,0.30,0.962229282741255
73,5,0.35,0.9680355913339787
73,5,0.40,0.7707766696575197
73,5,0.45,0.9490430717742983
73,5,0.50,0.9187373786819233
73,5,0.55,0.9576503157859564
73,5,0.60,0.9634965583340774
73,5,0.65,0.9281831702159337
73,5,0.70,0.9811463321357672
73,5,0.75,0.9730991428113921
73,5,0.80,0.9782177332353832
73,5,0.85,0.9859317092608768
73,5,0.90,0.9714786607911101
73,5,0.95,0.9798499835405775
73,6,0.05,-10.178348265759862
73,6,0.10,0.8145708938070629
73,6,0.15,0.9952658326558943
73,6,0.20,0.7255821054871974
73,6,0.25,0.8879955974110754
73,6,0.30,0.9586707749301684
73,6,0.35,0.9595649975554182
73,6,0.40,0.9599699626764037
73,6,0.45,0.9106936503020173
73,6,0.50,0.9331381061593724
73,6,0.55,0.9586437293511075
73,6,0.60,0.9423953733387882
73,6,0.65,0.9363802538151621
73,6,0.70,0.9893192452017402
73,6,0.75,0.9317702525629947
73,6,0.80,0.9765374155490957
73,6,0.85,0.9385748772730141
73,6,0.90,0.9867472545654069
73,6,0.95,0.9806482524576067
73,7,0.05,0.4946861057644306
73,7,0.10,0.8360429026851237
73,7,0.15,0.8011628256426533
73,7,0.20,0.9087956376306376
73,7,0.25,0.8616393165265721
73,7,0.30,0.9691908886339471
73,7,0.35,0.9765336219692107
73,7,0.40,0.9518812004854718
73,7,0.45,0.9667089217077969
73,7,0.50,0.9479682416546439
73,7,0.55,0.9530239117055441
73,7,0.60,0.9640676710360337
73,7,0.65,0.9415940187378453
73,7,0.70,0.9739715068328821
73,7,0.75,0.9550167912978709
73,7,0.80,0.9756219382545861
73,7,0.85,0.9678324419233809
73,7,0.90,0.9784124850048241
73,7,0.95,0.9770356389698839
73,8,0.05,-241.82089461253486
73,8,0.10,0.928562508455859
73,8,0.15,0.9752370933436053
73,8,0.20,0.8601669577810409
73,8,0.25,0.7475596418667676
73,8,0.30,0.9512938414401292
73,8,0.35,0.9564583817446715
73,8,0.40,0.9163474223308165
73,8,0.45,0.9626543278987555
73,8,0.50,0.9557620628824768
73,8,0.55,0.950957667008802
73,8,0.60,0.8997457538573836
73,8,0.65,0.964349001369136
73,8,0.70,0.9566969912082928
73,8,0.75,0.979867058774221
73,8,0.80,0.9846914990197376
73,8,0.85,0.9711184678018867
73,8,0.90,0.9818964617860301
73,8,0.95,0.959021275799067
73,9,0.05,-0.5230394501817848
73,9,0.10,0.9103446016443812
73,9,0.15,0.8314356886506971
73,9,0.20,0.9602699597368677
73,9,0.25,0.9061647818123335
73,9,0.30,0.8924848821278507
73,9,0.35,0.8470054708082616
73,9,0.40,0.9616117226110462
73,9,0.45,0.9810636731026096
73,9,0.50,0.9349888682943068
73,9,0.55,0.9354489839139907
73,9,0.60,0.9758244887764366
73,9,0.65,0.9683087968812799
73,9,0.70,0.959503335952506
73,9,0.75,0.9596426721073571
73,9,0.80,0.9605274696948773
73,9,0.85,0.9798478871593743
73,9,0.90,0.9802543114357065
73,9,0.95,0.9790369976416662
74,0,0.05,0.6259772769513658
74,0,0.10,0.9970151088093443
74,0,0.15,0.9620858307497042
74,0,0.20,0.9573380191779794
74,0,0.25,0.9081128253065751
74,0,0.30,0.9750472557364167
74,0,0.35,0.8600454778269617
74,0,0.40,0.902066870002708
74,0,0.45,0.892826146903276
74,0,0.50,0.979527243615319
74,0,0.55,0.8048591096174202
74,0,0.60,0.9581681728001044
74,0,0.65,0.9373936573716407
74,0,0.70,0.9589044679121512
74,0,0.75,0.9835503964504502
74,0,0.80,0.9793112229043871
74,0,0.85,0.9688837621677564
74,0,0.90,0.9713950392271375
74,0,0.95,0.9559684293539946
74,1,0.05,0.6259772769513658
74,1,0.10,0.9987184295721581
74,1,0.15,0.9784203094788505
74,1,0.20,0.98027547620815
74,1,0.25,0.874364091054627
74,1,0.30,0.9460942423168908
74,1,0.35,0.8076831009989571
74,1,0.40,0.8592684216022225
74,1,0.45,0.9035075814560083
74,1,0.50,0.8941234937602685
74,1,0.55,0.9484114027231446
74,1,0.60,0.9298385742052507
74,1,0.65,0.9721221362940257
74,1,0.70,0.9661502772926404
74,1,0.75,0.9333002444509569
74,1,0.80,0.9824862745399826
74,1,0.85,0.9655577612479687
74,1,0.90,0.9604774257460559
74,1,0.95,0.9675398494132105
74,2,0.05,-0.6609183942640509
74,2,0.10,0.5870781549010217
74,2,0.15,0.9771120609786565
74,2,0.20,0.9875753026761979
74,2,0.25,0.9581056736408655
74,2,0.30,0.9259830947035302
74,2,0.35,0.8978861050060291
74,2,0.40,0.919502506358777
74,2,0.45,0.9407064547064339
74,2,0.50,0.9523098107549559
74,2,0.55,0.8860616800265086
74,2,0.60,0.9644064944698733
74,2,0.65,0.9722423154557016
74,2,0.70,0.985204251797992
74,2,0.75,0.9622892092744091
74,2,0.80,0.9728566405696243
74,2,0.85,0.9521391213237204
74,2,0.90,0.9872510929521455
74,2,0.95,0.9738449216396026
74,3,0.05,-0.11077260817148327
74,3,0.10,-1.4527891307590814
74,3,0.15,0.9530031650574314
74,3,0.20,0.961679618639773
74,3,0.25,0.9790461161441626
74,3,0.30,0.9290464205701751
74,3,0.35,0.9141899688927327
74,3,0.40,0.8944027994179975
74,3,0.45,0.9266787890137979
74,3,0.50,0.9229873487207759
74,3,0.55,0.9595090531870651
74,3,0.60,0.9763583549136683
74,3,0.65,0.947681301764217
74,3,0.70,0.9640570048084608
74,3,0.75,0.9514009999811629
74,3,0.80,0.9489282358284846
74,3,0.85,0.9682599647672281
74,3,0.90,0.9758991267113979
74,3,0.95,0.9797721628636701
74,4,0.05,-0.11077260817148327
74,4,0.10,0.9388889833306624
74,4,0.15,0.9774887713738631
74,4,0.20,0.3104147404412575
74,4,0.25,0.9533943408590104
74,4,0.30,0.987684479298239
74,4,0.35,0.9912246716473485
74,4,0.40,0.9635202114591779
74,4,0.45,0.9600479491072021
74,4,0.50,0.9544119333621194
74,4,0.55,0.9543039680726455
74,4,0.60,0.9767841695845069
74,4,0.65,0.9483919682557158
74,4,0.70,0.9702149830978192
74,4,0.75,0.9849864551968528
74,4,0.80,0.9847341186144651
74,4,0.85,0.9729669520490745
74,4,0.90,0.9598897502875906
74,4,0.95,0.9829724337274827
74,5,0.05,0.6259772769513658
74,5,0.10,-1.5906140719814448
74,5,0.15,0.886202322102757
74,5,0.20,0.9132951520121475
74,5,0.25,0.986805395724413
74,5,0.30,0.9804533503904596
74,5,0.35,0.9166441773298772
74,5,0.40,0.9007128614825788
74,5,0.45,0.9617929644145162
74,5,0.50,0.9429425062293797
74,5,0.55,0.9526859506762246
74,5,0.60,0.950768606010684
74,5,0.65,0.927595523494714
74,5,0.70,0.9698937867175479
74,5,0.75,0.9529259788997235
74,5,0.80,0.9776837404626733
74,5,0.85,0.9767036102844481
74,5,0.90,0.9643802175168323
74,5,0.95,0.9644665844886593
74,6,0.05,-10.178348265759862
74,6,0.10,0.8145708657559982
74,6,0.15,0.9879618291806717
74,6,0.20,0.9504757076056454
74,6,0.25,0.9611993911729432
74,6,0.30,0.9305535540683881
74,6,0.35,0.9867600591231825
74,6,0.40,0.9140999622721564
74,6,0.45,0.9655273179693042
74,6,0.50,0.9181368714195893
74,6,0.55,0.924387391736505
74,6,0.60,0.936171105848744
74,6,0.65,0.9511457268653277
74,6,0.70,0.9850552072622262
74,6,0.75,0.9751871218945981
74,6,0.80,0.9530620533136013
74,6,0.85,0.9358758626493264
74,6,0.90,0.9863885340034032
74,6,0.95,0.9696905579775789
74,7,0.05,0.4946861057644306
74,7,0.10,0.9096097428603472
74,7,0.15,0.9553456263730725
74,7,0.20,0.9144798250554627
74,7,0.25,0.8682645080853322
74,7,0.30,0.9867457188776285
74,7,0.35,0.9541375409479705
74,7,0.40,0.9581262467598525
74,7,0.45,0.8706891197362989
74,7,0.50,0.7863839511449283
74,7,0.55,0.8091509032959843
74,7,0.60,0.9202796449705946
74,7,0.65,0.9905663619865201
74,7,0.70,0.9661496410973892
74,7,0.75,0.956642763871833
74,7,0.80,0.9635177165158182
74,7,0.85,0.9873226149992067
74,7,0.90,0.9363494340585383
74,7,0.95,0.9668636613875891
74,8,0.05,-241.82089461253486
74,8,0.10,0.9605453462121919
74,8,0.15,0.9946724899473451
74,8,0.20,0.9398606850992258
74,8,0.25,0.9810593775701043
74,8,0.30,0.9692556455310365
74,8,0.35,0.9690549948472079
74,8,0.40,0.9825833870989307
74,8,0.45,0.9638037498187841
74,8,0.50,0.9505094841059661
74,8,0.55,0.9440513617253652
74,8,0.60,0.9307447965664143
74,8,0.65,0.9590389010650844
74,8,0.70,0.9744320864441985
74,8,0.75,0.9372197422280191
74,8,0.80,0.9395908223139107
74,8,0.85,0.9227227436896417
74,8,0.90,0.9781611150457773
74,8,0.95,0.9645858474824783
74,9,0.05,-0.5230394501817848
74,9,0.10,0.9092075756938723
74,9,0.15,0.9480433967251699
74,9,0.20,0.9785602010587587
74,9,0.25,0.8831386715802315
74,9,0.30,0.8674575516249533
74,9,0.35,0.8913355861010256
74,9,0.40,0.8897412148538005
74,9,0.45,0.884785329324393
74,9,0.50,0.77149005610548
74,9,0.55,0.9146371562192046
74,9,0.60,0.9290424452669476
74,9,0.65,0.9389449299623238
74,9,0.70,0.9197568940103673
74,9,0.75,0.9909889510444577
74,9,0.80,0.9536719316196931
74,9,0.85,0.9707928642237981
74,9,0.90,0.9855185066584656
74,9,0.95,0.9843035521891004
75,0,0.05,0.8954848109044518
75,0,0.10,0.9219009151281484
75,0,0.15,0.9775064336424728
75,0,0.20,0.9264723564127324
75,0,0.25,0.7324068050667992
75,0,0.30,0.9690628486492392
75,0,0.35,0.9625722769613732
75,0,0.40,0.9696104770955307
75,0,0.45,0.9891176825564789
75,0,0.50,0.9522058929322894
75,0,0.55,0.9619166162862426
75,0,0.60,0.9606805110229886
75,0,0.65,0.9768373433078684
75,0,0.70,0.9847001724012789
75,0,0.75,0.9549835877410954
75,0,0.80,0.9762708287541471
75,0,0.85,0.9833392586321751
75,0,0.90,0.9024307411278206
75,0,0.95,0.977851082067003
75,1,0.05,0.8954848109044518
75,1,0.10,0.9948486730803855
75,1,0.15,0.637501103889849
75,1,0.20,0.8438410204382745
75,1,0.25,0.9817143414251998
75,1,0.30,0.9643743651718669
75,1,0.35,0.9562182329982474
75,1,0.40,0.963468538739098
75,1,0.45,0.9730346880251194
75,1,0.50,0.9384772970404589
75,1,0.55,0.8716085244297095
75,1,0.60,0.9412034637781511
75,1,0.65,0.953026880081132
75,1,0.70,0.9450150680374416
75,1,0.75,0.9486723949515318
75,1,0.80,0.9514633930565843
75,1,0.85,0.9347104150591146
75,1,0.90,0.9550084302923991
75,1,0.95,0.9829727859817752
75,2,0.05,-1.4779433583588149
75,2,0.10,0.9998995107056943
75,2,0.15,0.9838810905243744
75,2,0.20,0.7272528721109058
75,2,0.25,0.9624441906793416
75,2,0.30,0.894131756455787
75,2,0.35,0.9297782102176307
75,2,0.40,0.8472447545011039
75,2,0.45,0.6655268213224423
75,2,0.50,0.9640106751653129
75,2,0.55,0.8995096696966824
75,2,0.60,0.9790806347940808
75,2,0.65,0.9816194541386316
75,2,0.70,0.9826259798165992
75,2,0.75,0.9823220147428974
75,2,0.80,0.9570842019316415
75,2,0.85,0.9531808227405718
75,2,0.90,0.9810464775051281
75,2,0.95,0.9823281760311924
75,3,0.05,0.3497302901841357
75,3,0.10,-0.004422699948230857
75,3,0.15,0.9833289032854903
75,3,0.20,0.9107289323840011
75,3,0.25,0.9773208763111936
75,3,0.30,0.9682339033440336
75,3,0.35,0.8920721070605935
75,3,0.40,0.9478576237903577
75,3,0.45,0.8964809712862156
75,3,0.50,0.7795310947701853
75,3,0.55,0.9601610836212615
75,3,0.60,0.9514863170203096
75,3,0.65,0.9733989728144691
75,3,0.70,0.9111765523948057
75,3,0.75,0.9704386224303013
75,3,0.80,0.9341273753451346
75,3,0.85,0.9718022006642131
75,3,0.90,0.938920207405637
75,3,0.95,0.9581431368579698
75,4,0.05,0.3497302901841357
75,4,0.10,0.9990722519603542
75,4,0.15,0.9843514283953093
75,4,0.20,0.9712460592568022
75,4,0.25,0.9314387533244052
75,4,0.30,0.9548441329942429
75,4,0.35,0.9435352486431529
75,4,0.40,0.9413642847610181
75,4,0.45,0.9410661822547979
75,4,0.50,0.9484987111948551
75,4,0.55,0.9411868213443055
75,4,0.60,0.9520231353006645
75,4,0.65,0.9535546365527533
75,4,0.70,0.9532102053666163
75,4,0.75,0.9618586512970189
75,4,0.80,0.9418382022397369
75,4,0.85,0.9708606839105876
75,4,0.90,0.976854048882526
75,4,0.95,0.987976921932353
75,5,0.05,0.8954848109044518
75,5,0.10,0.9994399319753932
75,5,0.15,0.9517937314080116
75,5,0.20,0.973750382139621
75,5,0.25,0.7439690093467481
75,5,0.30,0.9445644280465201
75,5,0.35,0.9518463508696139
75,5,0.40,0.8779564519489031
75,5,0.45,0.981300636569759
75,5,0.50,0.9647465618015174
75,5,0.55,0.9457849052703831
75,5,0.60,0.9891464461317635
75,5,0.65,0.9244311031829787
75,5,0.70,0.9435903122240393
75,5,0.75,0.9510560484025997
75,5,0.80,0.9639423300464685
75,5,0.85,0.9010720182620822
75,5,0.90,0.9832794477669641
75,5,0.95,0.9842772002710828
75,6,0.05,-0.16671188298779538
75,6,0.10,0.971882606748666
75,6,0.15,0.9907621549163422
75,6,0.20,0.8786799312336918
75,6,0.25,0.8832790032138323
75,6,0.30,0.8625588819497554
75,6,0.35,0.9422336581097597
75,6,0.40,0.9492634378091189
75,6,0.45,0.9649662333199054
75,6,0.50,0.958301222097145
75,6,0.55,0.9750061132618668
75,6,0.60,0.9688994104433694
75,6,0.65,0.964550129294545
75,6,0.70,0.9895743024017969
75,6,0.75,0.9158915725015307
75,6,0.80,0.9585426412915629
75,6,0.85,0.964363243358271
75,6,0.90,0.971325721557966
75,6,0.95,0.958661219247876
75,7,0.05,0.8118082447818044
75,7,0.10,0.9918609036788415
75,7,0.15,0.7309897375853757
75,7,0.20,0.918578708622674
75,7,0.25,0.8808803375419108
75,7,0.30,0.986953229868268
75,7,0.35,0.9910026681060262
75,7,0.40,0.9287525184741164
75,7,0.45,0.9447962036135159
75,7,0.50,0.9623950872514695
75,7,0.55,0.9611627943475213
75,7,0.60,0.9370420286451862
75,7,0.65,0.9849514202367318
75,7,0.70,0.973282956569662
75,7,0.75,0.9339548542023527
75,7,0.80,0.9568307196646783
75,7,0.85,0.942734737000693
75,7,0.90,0.9409836269807175
75,7,0.95,0.9602473438059331
75,8,0.05,-55.95127928045642
75,8,0.10,0.986579305605945
75,8,0.15,0.9854287659004565
75,8,0.20,0.8814538765550587
75,8,0.25,0.8800026482647547
75,8,0.30,0.9603425132791971
75,8,0.35,0.9364177835013008
75,8,0.40,0.9178667818035334
75,8,0.45,0.9384141004602884
75,8,0.50,0.9799107824332665
75,8,0.55,0.9546910176877818
75,8,0.60,0.9452402054039843
75,8,0.65,0.9824068039610443
75,8,0.70,0.987919823943596
75,8,0.75,0.9502386532430499
75,8,0.80,0.9764761193101518
75,8,0.85,0.9448292521796764
75,8,0.90,0.9824779923347797
75,8,0.95,0.9760394133515661
75,9,0.05,-2.334804588948585
75,9,0.10,0.9703469407201445
75,9,0.15,0.994297316697343
75,9,0.20,0.4978245622123709
75,9,0.25,0.8540254613624079
75,9,0.30,0.9808028994515122
75,9,0.35,0.9544201036424386
75,9,0.40,0.9676194098712553
75,9,0.45,0.9807578022481105
75,9,0.50,0.9749511768062171
75,9,0.55,0.9671681254335662
75,9,0.60,0.9688736892222592
75,9,0.65,0.960751347443478
75,9,0.70,0.9669903128002699
75,9,0.75,0.9839707632447704
75,9,0.80,0.9818199532699529
75,9,0.85,0.9770259437849897
75,9,0.90,0.9731107139029885
75,9,0.95,0.9765550723325793
76,0,0.05,0.7607707321856617
76,0,0.10,0.35719491645750956
76,0,0.15,0.9161884923854753
76,0,0.20,0.959679874999362
76,0,0.25,0.9533069607518363
76,0,0.30,0.9872063066552934
76,0,0.35,0.9403599507911008
76,0,0.40,0.9585814165355884
76,0,0.45,0.9157055885113583
76,0,0.50,0.9734057216051761
76,0,0.55,0.9505827954200251
76,0,0.60,0.9927063113668355
76,0,0.65,0.9308374034967115
76,0,0.70,0.8704987268715332
76,0,0.75,0.9550441526747574
76,0,0.80,0.9488320373080601
76,0,0.85,0.956420202523036
76,0,0.90,0.9928839855990372
76,0,0.95,0.9763300903176487
76,1,0.05,0.7607707321856617
76,1,0.10,0.7374929877357964
76,1,0.15,0.5687426527429991
76,1,0.20,0.6807508724975802
76,1,0.25,0.9892369041290372
76,1,0.30,0.972322898718711
76,1,0.35,0.938255178131589
76,1,0.40,0.9044125112735303
76,1,0.45,0.9712652561969902
76,1,0.50,0.9631299203421878
76,1,0.55,0.9053317857591265
76,1,0.60,0.9719228952611472
76,1,0.65,0.9103949403927769
76,1,0.70,0.9441204185092906
76,1,0.75,0.9666410026147643
76,1,0.80,0.9506751063740044
76,1,0.85,0.968355015409229
76,1,0.90,0.9673425476982616
76,1,0.95,0.9686498018274912
76,2,0.05,-2.1069649220609383
76,2,0.10,0.8276748472908056
76,2,0.15,0.9527331483867354
76,2,0.20,0.7527981469665537
76,2,0.25,0.9354080110122647
76,2,0.30,0.9613302568903407
76,2,0.35,0.8459156788656659
76,2,0.40,0.9490333338429717
76,2,0.45,0.9611541764530556
76,2,0.50,0.8781903333847517
76,2,0.55,0.9786870077456781
76,2,0.60,0.9529305179953899
76,2,0.65,0.9847382703729632
76,2,0.70,0.9797032940081403
76,2,0.75,0.9013760478962485
76,2,0.80,0.9572811157329888
76,2,0.85,0.9835720606920868
76,2,0.90,0.9460830053431647
76,2,0.95,0.9441179727369479
76,3,0.05,0.10814080405780502
76,3,0.10,0.4479564325022489
76,3,0.15,0.1038289878378561
76,3,0.20,0.7567516583923377
76,3,0.25,0.9770589829620293
76,3,0.30,0.9410070116819514
76,3,0.35,0.9171919732002487
76,3,0.40,0.9809582847399614
76,3,0.45,0.9479404640881424
76,3,0.50,0.963840234661951
76,3,0.55,0.9623785469822324
76,3,0.60,0.96662542767129
76,3,0.65,0.9505501950841975
76,3,0.70,0.9438984973446872
76,3,0.75,0.963968884049851
76,3,0.80,0.9718160001141299
76,3,0.85,0.9389864075819475
76,3,0.90,0.9697971230025062
76,3,0.95,0.9787840581664835
76,4,0.05,0.10814080405780502
76,4,0.10,0.9747599158315167
76,4,0.15,0.9165692371160008
76,4,0.20,0.8651946491793894
76,4,0.25,0.927981002423449
76,4,0.30,0.9858853716518038
76,4,0.35,0.981084539325121
76,4,0.40,0.9834984565442055
76,4,0.45,0.9758007076908475
76,4,0.50,0.9740867149918673
76,4,0.55,0.9434196336152582
76,4,0.60,0.9743462137605268
76,4,0.65,0.9659446777182078
76,4,0.70,0.9698382060600698
76,4,0.75,0.963607951958647
76,4,0.80,0.9923130848665536
76,4,0.85,0.9833323403508422
76,4,0.90,0.96458213870773
76,4,0.95,0.9887381038469102
76,5,0.05,0.7607707321856617
76,5,0.10,0.4387940544987743
76,5,0.15,-0.2576269672560354
76,5,0.20,0.9743056652053392
76,5,0.25,0.9840876922264444
76,5,0.30,0.9905519404998503
76,5,0.35,0.9787246020833001
76,5,0.40,0.8430440955783146
76,5,0.45,0.9634082964906562
76,5,0.50,0.9469506842644396
76,5,0.55,0.9510229437054146
76,5,0.60,0.957878614117543
76,5,0.65,0.9431429026578043
76,5,0.70,0.9751014163462391
76,5,0.75,0.9012817765844725
76,5,0.80,0.8999188250870518
76,5,0.85,0.9778359478949593
76,5,0.90,0.9690882073743172
76,5,0.95,0.9671847196119655
76,6,0.05,-2.6848313083035373
76,6,0.10,0.8143020466327343
76,6,0.15,0.8786633922441491
76,6,0.20,0.9156973268668633
76,6,0.25,0.9649510366872375
76,6,0.30,0.9942854945456966
76,6,0.35,0.9873622762572836
76,6,0.40,0.9855697678897073
76,6,0.45,0.9563817060099432
76,6,0.50,0.96434586860664
76,6,0.55,0.9705976846636656
76,6,0.60,0.9787214337047059
76,6,0.65,0.8738090896529815
76,6,0.70,0.9602282632108583
76,6,0.75,0.9693952731556351
76,6,0.80,0.9835966541748727
76,6,0.85,0.9900727146884614
76,6,0.90,0.9780227383895039
76,6,0.95,0.9573485456410868
76,7,0.05,0.681854173496498
76,7,0.10,-0.45311898243713755
76,7,0.15,0.6827652886495801
76,7,0.20,0.9540271139019112
76,7,0.25,0.5640442887471812
76,7,0.30,0.9930003335950114
76,7,0.35,0.9742357484960127
76,7,0.40,0.9633936656703105
76,7,0.45,0.9736035937870108
76,7,0.50,0.969413831432692
76,7,0.55,0.9664999743717234
76,7,0.60,0.9700377314441608
76,7,0.65,0.9622351513903882
76,7,0.70,0.9482473294133066
76,7,0.75,0.951008519696273
76,7,0.80,0.9459252477681882
76,7,0.85,0.9477325035091049
76,7,0.90,0.9755872305146271
76,7,0.95,0.9636376761852318
76,8,0.05,-93.10847367958743
76,8,0.10,0.4904043798310441
76,8,0.15,0.8612325310183175
76,8,0.20,0.9491797929020678
76,8,0.25,0.9646359815082576
76,8,0.30,0.9659842757721915
76,8,0.35,0.9839412897839973
76,8,0.40,0.9605469335232596
76,8,0.45,0.9688216111798755
76,8,0.50,0.9706692051802985
76,8,0.55,0.8757736607681372
76,8,0.60,0.9867011228927417
76,8,0.65,0.9771254940638633
76,8,0.70,0.9322771534802441
76,8,0.75,0.9624184321096695
76,8,0.80,0.963435802018558
76,8,0.85,0.9874282605964857
76,8,0.90,0.9802355248475703
76,8,0.95,0.9541459413939927
76,9,0.05,-11.742740405197146
76,9,0.10,0.6805195843202358
76,9,0.15,0.9722666237785224
76,9,0.20,0.9606956265448595
76,9,0.25,0.9522019552465552
76,9,0.30,0.9897607664181781
76,9,0.35,0.9807423528496582
76,9,0.40,0.9894701178895653
76,9,0.45,0.9600330519706575
76,9,0.50,0.9905121547405356
76,9,0.55,0.9854594849624367
76,9,0.60,0.9859093052452906
76,9,0.65,0.9363839345628825
76,9,0.70,0.9017569715093162
76,9,0.75,0.9076286334632125
76,9,0.80,0.8801998262949174
76,9,0.85,0.9227498991670356
76,9,0.90,0.9847409884331276
76,9,0.95,0.9817358007653109
77,0,0.05,0.7481894774383528
77,0,0.10,-0.08557510891771969
77,0,0.15,0.8482742030957883
77,0,0.20,0.8310411355427507
77,0,0.25,0.9559517007138831
77,0,0.30,0.8860933812689012
77,0,0.35,0.9324391515267846
77,0,0.40,0.9134459727694739
77,0,0.45,0.930693135079956
77,0,0.50,0.9615880729586515
77,0,0.55,0.9816525984757316
77,0,0.60,0.9584160693312566
77,0,0.65,0.9896269807069382
77,0,0.70,0.976356626956585
77,0,0.75,0.9685863128082057
77,0,0.80,0.9869700228791914
77,0,0.85,0.9746342053509864
77,0,0.90,0.8651194634584113
77,0,0.95,0.9745564334014566
77,1,0.05,0.7481894774383528
77,1,0.10,-0.2426919113989674
77,1,0.15,0.9283719186646799
77,1,0.20,0.7990400958445255
77,1,0.25,0.8955147210754603
77,1,0.30,0.9721189021478988
77,1,0.35,0.9499595061246503
77,1,0.40,0.9587655778440242
77,1,0.45,0.974779786516817
77,1,0.50,0.9343089678562991
77,1,0.55,0.912087159632195
77,1,0.60,0.9702918375954633
77,1,0.65,0.973590811425892
77,1,0.70,0.9732675268714017
77,1,0.75,0.9759499404404255
77,1,0.80,0.9724165874311691
77,1,0.85,0.9647045650961246
77,1,0.90,0.7879046834080408
77,1,0.95,0.9801679466985198
77,2,0.05,-65.3681171602903
77,2,0.10,0.9923352022333708
77,2,0.15,0.6300646156572216
77,2,0.20,0.6884536547298951
77,2,0.25,0.9040853638127262
77,2,0.30,0.9528250224211645
77,2,0.35,0.5173893442410638
77,2,0.40,0.9479010060750052
77,2,0.45,0.8595971717500814
77,2,0.50,0.9440035959376426
77,2,0.55,0.899051694131777
77,2,0.60,0.9550205723521104
77,2,0.65,0.9597009171658939
77,2,0.70,0.9823545473788433
77,2,0.75,0.9913853223372411
77,2,0.80,0.9862291750259939
77,2,0.85,0.9704360266339974
77,2,0.90,0.9691645364678912
77,2,0.95,0.9770406093194726
77,3,0.05,-1.5382942597225977
77,3,0.10,-40.90206572584996
77,3,0.15,0.9592335753176967
77,3,0.20,0.8345390476102751
77,3,0.25,0.887566432732776
77,3,0.30,0.9027498801590614
77,3,0.35,0.910505054915933
77,3,0.40,0.9716685166048501
77,3,0.45,0.8351415302449195
77,3,0.50,0.8334838179663527
77,3,0.55,0.9647900935334777
77,3,0.60,0.9360717566527232
77,3,0.65,0.8394565605734617
77,3,0.70,0.9370099845817194
77,3,0.75,0.9784180324972344
77,3,0.80,0.9563983401998927
77,3,0.85,0.9706134052498483
77,3,0.90,0.9811784752641584
77,3,0.95,0.9697330045408608
77,4,0.05,-1.5382942597225977
77,4,0.10,0.8413357266237815
77,4,0.15,0.9645879045330533
77,4,0.20,0.8789875608439105
77,4,0.25,0.9382904878459628
77,4,0.30,0.9497329557891969
77,4,0.35,0.9160290447180799
77,4,0.40,0.8921163475635785
77,4,0.45,0.8441385582095329
77,4,0.50,0.9195812488511813
77,4,0.55,0.9089436466130094
77,4,0.60,0.949446345629042
77,4,0.65,0.9827591144731652
77,4,0.70,0.9675707495444336
77,4,0.75,0.8967554731873894
77,4,0.80,0.9722333636862319
77,4,0.85,0.9006931728876498
77,4,0.90,0.9728292259534883
77,4,0.95,0.9706802292504598
77,5,0.05,0.7481894774383528
77,5,0.10,0.9902763091367592
77,5,0.15,0.8906310534213171
77,5,0.20,0.9405695924105294
77,5,0.25,0.8868947805636541
77,5,0.30,0.9372191496188716
77,5,0.35,0.9704946242170094
77,5,0.40,0.9516675706917184
77,5,0.45,0.9366312927136542
77,5,0.50,0.9708377182416505
77,5,0.55,0.9826814898750358
77,5,0.60,0.988666012699627
77,5,0.65,0.8888223904512289
77,5,0.70,0.9778663898275254
77,5,0.75,0.9485250551930221
77,5,0.80,0.9483906083865433
77,5,0.85,0.9657122117063126
77,5,0.90,0.9606750052051827
77,5,0.95,0.9714090019777587
77,6,0.05,-11.428488478831845
77,6,0.10,0.8117851478405052
77,6,0.15,0.9659066860086438
77,6,0.20,0.6947144851445153
77,6,0.25,0.5627011475740429
77,6,0.30,0.9562019763548792
77,6,0.35,0.4865501049791514
77,6,0.40,0.9789567649869615
77,6,0.45,0.9675150634153512
77,6,0.50,0.9571810685152069
77,6,0.55,0.9811252691834127
77,6,0.60,0.9740520629344863
77,6,0.65,0.880613986631353
77,6,0.70,0.9793519031574145
77,6,0.75,0.8994077243324032
77,6,0.80,0.9637369775987853
77,6,0.85,0.8928613831772919
77,6,0.90,0.970107756409979
77,6,0.95,0.9797009735071918
77,7,0.05,0.6764895678379234
77,7,0.10,0.9436472790839027
77,7,0.15,0.9346513532794661
77,7,0.20,0.9374123027608847
77,7,0.25,0.9615191668025376
77,7,0.30,0.8945387893705028
77,7,0.35,0.9864449966332236
77,7,0.40,0.9460073205513576
77,7,0.45,0.93152428903387
77,7,0.50,0.9488600209977369
77,7,0.55,0.9679949732244202
77,7,0.60,0.9838439956790452
77,7,0.65,0.981174047058127
77,7,0.70,0.9625574071287132
77,7,0.75,0.9444729789856577
77,7,0.80,0.9406156494143877
77,7,0.85,0.9248211903695065
77,7,0.90,0.9533015563508422
77,7,0.95,0.9815404902573194
77,8,0.05,-14.90978978963798
77,8,0.10,0.9504389786631607
77,8,0.15,0.957719241512516
77,8,0.20,0.9075445450516426
77,8,0.25,0.5694566100123356
77,8,0.30,0.9115012910452476
77,8,0.35,0.9508485374228822
77,8,0.40,0.9624336594814353
77,8,0.45,0.9023233063866863
77,8,0.50,0.9143561908068251
77,8,0.55,0.9085166656348057
77,8,0.60,0.9621684719258362
77,8,0.65,0.8768192653630995
77,8,0.70,0.948418826091124
77,8,0.75,0.9807555948048766
77,8,0.80,0.9383546332842877
77,8,0.85,0.93897032170278
77,8,0.90,0.980159740541653
77,8,0.95,0.9600427538196593
77,9,0.05,-31.916106594746374
77,9,0.10,0.21306564575616738
77,9,0.15,-0.3708677328816452
77,9,0.20,0.8622605999090662
77,9,0.25,0.9230749899750503
77,9,0.30,0.961439688709857
77,9,0.35,0.9525502938952755
77,9,0.40,0.9578512248443516
77,9,0.45,0.9784307834281712
77,9,0.50,0.9047237049363089
77,9,0.55,0.9436784360088596
77,9,0.60,0.9721444350900134
77,9,0.65,0.9641334615316012
77,9,0.70,0.9734663900906969
77,9,0.75,0.9565433695389737
77,9,0.80,0.9739558959296922
77,9,0.85,0.9657671835315015
77,9,0.90,0.9774547176924165
77,9,0.95,0.9850310867595874
78,0,0.05,0.4294822330774247
78,0,0.10,-0.8243170016507364
78,0,0.15,0.9567062586302262
78,0,0.20,0.9509283739329207
78,0,0.25,0.9676229651480317
78,0,0.30,0.971366010433837
78,0,0.35,0.9680924258948652
78,0,0.40,0.9735239296288163
78,0,0.45,0.949669157336544
78,0,0.50,0.9010605244691703
78,0,0.55,0.9378534654137385
78,0,0.60,0.9561691024168468
78,0,0.65,0.9551939506285395
78,0,0.70,0.9718480295561234
78,0,0.75,0.9663923252519281
78,0,0.80,0.9726105072629035
78,0,0.85,0.9587221034986635
78,0,0.90,0.9377156688811479
78,0,0.95,0.9703132493852656
78,1,0.05,0.4294822330774247
78,1,0.10,0.8009398105835536
78,1,0.15,0.9684249711340316
78,1,0.20,0.9360606599213281
78,1,0.25,0.9179734059192826
78,1,0.30,0.9490060288575325
78,1,0.35,0.9795431159416658
78,1,0.40,0.9602862571425599
78,1,0.45,0.8963358678779126
78,1,0.50,0.9315735947827998
78,1,0.55,0.9741445180372333
78,1,0.60,0.9339975234614342
78,1,0.65,0.9492721277717144
78,1,0.70,0.9870404185798227
78,1,0.75,0.9700716406751765
78,1,0.80,0.9654890435959447
78,1,0.85,0.9689044072177563
78,1,0.90,0.9617400359569797
78,1,0.95,0.972237265635163
78,2,0.05,-1.3519521334654048
78,2,0.10,0.9883460903541812
78,2,0.15,0.6330589571118543
78,2,0.20,0.9460107440931504
78,2,0.25,0.975455366623248
78,2,0.30,0.9658719926127294
78,2,0.35,0.918564702651329
78,2,0.40,0.9506805979517547
78,2,0.45,0.9693919289450432
78,2,0.50,0.9394593091724998
78,2,0.55,0.9760799719364718
78,2,0.60,0.8399317810135549
78,2,0.65,0.958525678881327
78,2,0.70,0.9577356879948971
78,2,0.75,0.9383864304421308
78,2,0.80,0.9741650803395471
78,2,0.85,0.9452612335567837
78,2,0.90,0.9681231318908873
78,2,0.95,0.9610863284588848
78,3,0.05,0.3816662832862757
78,3,0.10,-21.242392309693905
78,3,0.15,0.9463835345907917
78,3,0.20,0.9558065286841453
78,3,0.25,0.9602419826968164
78,3,0.30,0.9733807992286633
78,3,0.35,0.9730226113392648
78,3,0.40,0.9863802607209243
78,3,0.45,0.9370586015896206
78,3,0.50,0.784822041358121
78,3,0.55,0.973244636904773
78,3,0.60,0.9411473775462905
78,3,0.65,0.9834488778375422
78,3,0.70,0.9696200143738005
78,3,0.75,0.986599332919894
78,3,0.80,0.9462696897636952
78,3,0.85,0.9806138966545185
78,3,0.90,0.9742897707993055
78,3,0.95,0.9696391062800638
78,4,0.05,0.3816662832862757
78,4,0.10,0.9045038359478388
78,4,0.15,0.9341161214494199
78,4,0.20,0.9824849963182635
78,4,0.25,0.9407958790308389
78,4,0.30,0.9669463933764492
78,4,0.35,0.9835448149486654
78,4,0.40,0.9897542503263653
78,4,0.45,0.9662603765170441
78,4,0.50,0.9633751466522334
78,4,0.55,0.9887488274903938
78,4,0.60,0.9632253982271591
78,4,0.65,0.9410047068331178
78,4,0.70,0.9579989973906173
78,4,0.75,0.9535421332428753
78,4,0.80,0.9754503786057706
78,4,0.85,0.9440977731443737
78,4,0.90,0.9439490990004782
78,4,0.95,0.9707373707673139
78,5,0.05,0.4294822330774247
78,5,0.10,0.9919236211010518
78,5,0.15,0.9586882929120003
78,5,0.20,0.9399030246089537
78,5,0.25,0.9552917452792455
78,5,0.30,0.9726022272874065
78,5,0.35,0.9832830497761555
78,5,0.40,0.9789369539719057
78,5,0.45,0.928450127086453
78,5,0.50,0.964839209008377
78,5,0.55,0.9639182677410968
78,5,0.60,0.9725117765854546
78,5,0.65,0.9324344883318
78,5,0.70,0.9849835777160774
78,5,0.75,0.9561735915021766
78,5,0.80,0.9685000404151498
78,5,0.85,0.9614816295373304
78,5,0.90,0.9887968517084763
78,5,0.95,0.9872472300864227
78,6,0.05,-1.3386806096726707
78,6,0.10,0.7225457820367489
78,6,0.15,0.9921877104082055
78,6,0.20,0.9352112481290888
78,6,0.25,0.9531216172062463
78,6,0.30,0.9824850456003249
78,6,0.35,0.8957621250257018
78,6,0.40,0.9439055960396938
78,6,0.45,0.9742916918562854
78,6,0.50,0.9179049808212912
78,6,0.55,0.9665268457507019
78,6,0.60,0.9112684422391002
78,6,0.65,0.929448026540096
78,6,0.70,0.9900108091450628
78,6,0.75,0.944854025934516
78,6,0.80,0.978564260081369
78,6,0.85,0.9790871648722581
78,6,0.90,0.9936363117929472
78,6,0.95,0.9736170094156501
78,7,0.05,0.35689591065919857
78,7,0.10,0.9685786658951168
78,7,0.15,0.9637726042364382
78,7,0.20,0.9475759416359129
78,7,0.25,0.9518192874578153
78,7,0.30,0.9731840823404899
78,7,0.35,0.987736248807424
78,7,0.40,0.9804616537902471
78,7,0.45,0.9553221767428569
78,7,0.50,0.9522876206930829
78,7,0.55,0.9014423898595209
78,7,0.60,0.9339011168112087
78,7,0.65,0.9078684376221718
78,7,0.70,0.9511176561780902
78,7,0.75,0.8921126921597744
78,7,0.80,0.9534282546997279
78,7,0.85,0.9654348493806205
78,7,0.90,0.974154190225746
78,7,0.95,0.9791865160116637
78,8,0.05,-15.907022660306342
78,8,0.10,0.9473226479928261
78,8,0.15,0.9561634605500964
78,8,0.20,0.9505441613486779
78,8,0.25,0.9621269173942988
78,8,0.30,0.9713470110033658
78,8,0.35,0.9520580824711964
78,8,0.40,0.9592723538995777
78,8,0.45,0.9257655486000083
78,8,0.50,0.9459817919535516
78,8,0.55,0.9617799013300274
78,8,0.60,0.8511949370883167
78,8,0.65,0.9284780601539457
78,8,0.70,0.9769131690315935
78,8,0.75,0.9810996863681729
78,8,0.80,0.97725288209019
78,8,0.85,0.991613636968642
78,8,0.90,0.9868184718087479
78,8,0.95,0.9722065231558576
78,9,0.05,-3748.271419424301
78,9,0.10,0.38330407995404103
78,9,0.15,0.9940917790370206
78,9,0.20,0.9658373970471296
78,9,0.25,0.9635247993603803
78,9,0.30,0.9651232149247719
78,9,0.35,0.9849591088319724
78,9,0.40,0.9687210457393868
78,9,0.45,0.9635435785584341
78,9,0.50,0.882077701246675
78,9,0.55,0.9707684644565662
78,9,0.60,0.9189104488833546
78,9,0.65,0.9133506016760728
78,9,0.70,0.9162719610885038
78,9,0.75,0.9640137669779635
78,9,0.80,0.9469230026743646
78,9,0.85,0.9770875030185284
78,9,0.90,0.9767112806025874
78,9,0.95,0.9750103439397863
79,0,0.05,0.6538566478591437
79,0,0.10,-0.0020800620608620868
79,0,0.15,0.9234776378442202
79,0,0.20,0.9502406934222286
79,0,0.25,0.9511826137970752
79,0,0.30,0.9085423319665734
79,0,0.35,0.9718158614285481
79,0,0.40,0.912735774223835
79,0,0.45,0.910570241185654
79,0,0.50,0.9377533874136731
79,0,0.55,0.8128392155647903
79,0,0.60,0.9243759955298317
79,0,0.65,0.9699835620539549
79,0,0.70,0.9334847687490059
79,0,0.75,0.9644783688122744
79,0,0.80,0.9691085387641902
79,0,0.85,0.9378496580707808
79,0,0.90,0.9625919427348062
79,0,0.95,0.972735841805859
79,1,0.05,0.6538566478591437
79,1,0.10,0.7515004939827112
79,1,0.15,0.8939663948330545
79,1,0.20,0.9542568244759654
79,1,0.25,0.9130261192592558
79,1,0.30,0.9263157674148144
79,1,0.35,0.9397383968738244
79,1,0.40,0.912779390314033
79,1,0.45,0.9467225234015738
79,1,0.50,0.9460240529370458
79,1,0.55,0.9432967575924882
79,1,0.60,0.9596576286083732
79,1,0.65,0.9293172698927499
79,1,0.70,0.9859519217385536
79,1,0.75,0.9012767265401931
79,1,0.80,0.9587434180294786
79,1,0.85,0.9684310919646857
79,1,0.90,0.929402027880315
79,1,0.95,0.9545665851911049
79,2,0.05,-2.781730633957957
79,2,0.10,0.7028899277945957
79,2,0.15,0.9656860426752184
79,2,0.20,0.9029803568975383
79,2,0.25,0.9490018914568951
79,2,0.30,0.9015641710424505
79,2,0.35,0.5950041354966858
79,2,0.40,0.580403632742448
79,2,0.45,0.7175635737023256
79,2,0.50,0.8305284706296157
79,2,0.55,0.9155416470063757
79,2,0.60,0.9527166814651672
79,2,0.65,0.9533622908866205
79,2,0.70,0.9686312312613867
79,2,0.75,0.8812444096282743
79,2,0.80,0.9343173527570512
79,2,0.85,0.974104353463979
79,2,0.90,0.9475382243448611
79,2,0.95,0.9679827685223412
79,3,0.05,0.2439922717684616
79,3,0.10,-0.39875390283588774
79,3,0.15,0.8646344952400358
79,3,0.20,0.8877398901654086
79,3,0.25,0.886363480904258
79,3,0.30,0.8847947605968347
79,3,0.35,0.9686060038548125
79,3,0.40,0.8676093697117797
79,3,0.45,0.9012206625307371
79,3,0.50,0.7937517954932983
79,3,0.55,0.9278755796792435
79,3,0.60,0.9454432921519365
79,3,0.65,0.7475226480452778
79,3,0.70,0.8455858940194299
79,3,0.75,0.9520232505282519
79,3,0.80,0.9429346411656847
79,3,0.85,0.9397129914368044
79,3,0.90,0.9269671714387482
79,3,0.95,0.9752981066313029
79,4,0.05,0.2439922717684616
79,4,0.10,0.9685136743076577
79,4,0.15,0.9604343549850297
79,4,0.20,0.7744217692120766
79,4,0.25,0.8614414997399553
79,4,0.30,0.8126432749155247
79,4,0.35,0.9235744992132138
79,4,0.40,0.9352304362241085
79,4,0.45,0.9429353698522064
79,4,0.50,0.9028062766313425
79,4,0.55,0.8169388492394325
79,4,0.60,0.8854157558114959
79,4,0.65,0.8902450222727637
79,4,0.70,0.8044887694561628
79,4,0.75,0.9618079132475102
79,4,0.80,0.9683684759271942
79,4,0.85,0.9719162371425315
79,4,0.90,0.9624072124119342
79,4,0.95,0.9747180602609753
79,5,0.05,0.6538566478591437
79,5,0.10,-0.07448917837420566
79,5,0.15,0.4901459706584905
79,5,0.20,0.8169132462115828
79,5,0.25,0.962284000391374
79,5,0.30,0.9543608462951003
79,5,0.35,0.963296387831893
79,5,0.40,0.8103018188872806
79,5,0.45,0.9728268827222716
79,5,0.50,0.7435385024644404
79,5,0.55,0.9132517258460259
79,5,0.60,0.958276660668929
79,5,0.65,0.9660002084066687
79,5,0.70,0.9683480956549069
79,5,0.75,0.959189152324122
79,5,0.80,0.9701102114626854
79,5,0.85,0.9672888722918241
79,5,0.90,0.9555495674952867
79,5,0.95,0.9862410738341799
79,6,0.05,-2.9611976529634862
79,6,0.10,0.8478360789596515
79,6,0.15,0.9408529556919747
79,6,0.20,0.9236552957848121
79,6,0.25,0.8860606114766909
79,6,0.30,0.967921863474997
79,6,0.35,0.863300336185621
79,6,0.40,0.8819722082772907
79,6,0.45,0.9161897320824377
79,6,0.50,0.965197040716901
79,6,0.55,0.9267138024885138
79,6,0.60,0.9356043816117389
79,6,0.65,0.9444547508198312
79,6,0.70,0.9470144991704961
79,6,0.75,0.9673278566554653
79,6,0.80,0.9444096108096853
79,6,0.85,0.9815649877886815
79,6,0.90,0.9859816046785759
79,6,0.95,0.9631763841056197
79,7,0.05,0.5620875231084526
79,7,0.10,-0.1315698115915478
79,7,0.15,0.9581234457178963
79,7,0.20,0.9469379121449799
79,7,0.25,0.9235435363835911
79,7,0.30,0.9289892440532821
79,7,0.35,0.9763919634273757
79,7,0.40,0.9630813090390395
79,7,0.45,0.9868109576429471
79,7,0.50,0.9050797119116109
79,7,0.55,0.934023886211369
79,7,0.60,0.9497905127637468
79,7,0.65,0.9607755773727135
79,7,0.70,0.9590425598815865
79,7,0.75,0.9097507145674848
79,7,0.80,0.9361175545317019
79,7,0.85,0.9573401007672666
79,7,0.90,0.9628853343344381
79,7,0.95,0.9815560152408715
79,8,0.05,-28.154497734969787
79,8,0.10,0.10991819271209224
79,8,0.15,0.8931372666898216
79,8,0.20,0.9081785994221568
79,8,0.25,0.9531513966721447
79,8,0.30,0.8768176870999509
79,8,0.35,0.9222465218043437
79,8,0.40,0.8389915336976199
79,8,0.45,0.9527018198661983
79,8,0.50,0.8841806258155379
79,8,0.55,0.8175326065551841
79,8,0.60,0.9015521126523617
79,8,0.65,0.9030374639401839
79,8,0.70,0.8217212341735863
79,8,0.75,0.9155842156609924
79,8,0.80,0.9121553592709954
79,8,0.85,0.9161575283253371
79,8,0.90,0.9723281892920964
79,8,0.95,0.9760731509716482
79,9,0.05,-418.8979930799648
79,9,0.10,0.7270708836803328
79,9,0.15,0.9233067069176122
79,9,0.20,0.9233570578422883
79,9,0.25,0.8766097158095891
79,9,0.30,0.9013731895367582
79,9,0.35,0.8826914124644354
79,9,0.40,0.7906319368614971
79,9,0.45,0.8810995934211517
79,9,0.50,0.9513326399572254
79,9,0.55,0.9561915933316765
79,9,0.60,0.9708495956973723
79,9,0.65,0.8455863879168009
79,9,0.70,0.9323510191428148
79,9,0.75,0.9693961212287884
79,9,0.80,0.9181842079688305
79,9,0.85,0.9668116832437716
79,9,0.90,0.9850376948141091
79,9,0.95,0.9741653045635724
80,0,0.05,0.1011896539443996
80,0,0.10,0.9731247111396976
80,0,0.15,0.9520231454355488
80,0,0.20,0.9579528340212973
80,0,0.25,0.9559735880488287
80,0,0.30,0.9453403671177151
80,0,0.35,0.9714023507809423
80,0,0.40,0.9789554185626967
80,0,0.45,0.9756906331535521
80,0,0.50,0.9663764305733605
80,0,0.55,0.9372124596937049
80,0,0.60,0.9153089187434225
80,0,0.65,0.9548090384786969
80,0,0.70,0.889519686816951
80,0,0.75,0.9561289040237015
80,0,0.80,0.9869614826397821
80,0,0.85,0.8688012718845183
80,0,0.90,0.9834247119466036
80,0,0.95,0.9708038949613997
80,1,0.05,0.1011896539443996
80,1,0.10,0.9992327028695766
80,1,0.15,0.9314839342728258
80,1,0.20,0.9902714511864069
80,1,0.25,0.9398240625531838
80,1,0.30,0.9744761514118577
80,1,0.35,0.9509534489630528
80,1,0.40,0.9398964457718216
80,1,0.45,0.9611945126480439
80,1,0.50,0.8944278208734682
80,1,0.55,0.9564033401869341
80,1,0.60,0.9599027801170461
80,1,0.65,0.9642418322013557
80,1,0.70,0.949703205410841
80,1,0.75,0.9368585319253181
80,1,0.80,0.9587966534179211
80,1,0.85,0.9446843551094553
80,1,0.90,0.9787124262418228
80,1,0.95,0.976199341802037
80,2,0.05,-0.6975416374303782
80,2,0.10,0.959605488190247
80,2,0.15,0.6339933424836632
80,2,0.20,0.9881289779658343
80,2,0.25,0.8132914725752879
80,2,0.30,0.9541443651843382
80,2,0.35,0.7999181967723066
80,2,0.40,0.984866228103082
80,2,0.45,0.9061176551646211
80,2,0.50,0.9482593455537546
80,2,0.55,0.8742397290451029
80,2,0.60,0.992760857723228
80,2,0.65,0.9259062177952585
80,2,0.70,0.9058372667767871
80,2,0.75,0.9601486248428885
80,2,0.80,0.9861342070607263
80,2,0.85,0.9818188973170718
80,2,0.90,0.9894054667693041
80,2,0.95,0.9778036697902011
80,3,0.05,-8448.504431178566
80,3,0.10,-4.185654957446762
80,3,0.15,0.9186574387467935
80,3,0.20,0.9287243128671582
80,3,0.25,0.9587047386256495
80,3,0.30,0.9589496432201414
80,3,0.35,0.632489186505625
80,3,0.40,0.9730899801168325
80,3,0.45,0.9633959803774578
80,3,0.50,0.9055724132191425
80,3,0.55,0.9740369379765672
80,3,0.60,0.9593115311736357
80,3,0.65,0.9542386174935067
80,3,0.70,0.9814111129018356
80,3,0.75,0.9716242374355996
80,3,0.80,0.9877251840164073
80,3,0.85,0.9752814444687082
80,3,0.90,0.9848615438411608
80,3,0.95,0.9742312858865896
80,4,0.05,-8448.504431178566
80,4,0.10,0.9577718703115351
80,4,0.15,0.9842769962952337
80,4,0.20,0.9465025913253009
80,4,0.25,0.9319647620799577
80,4,0.30,0.962652040498011
80,4,0.35,0.985759569078592
80,4,0.40,0.9658677062870044
80,4,0.45,0.9698736610288172
80,4,0.50,0.9297053853191608
80,4,0.55,0.9360203471407875
80,4,0.60,0.9391077518092003
80,4,0.65,0.9781364275795964
80,4,0.70,0.93577931575272
80,4,0.75,0.9617412190515682
80,4,0.80,0.9398128712588577
80,4,0.85,0.9794446898043098
80,4,0.90,0.9666269718043072
80,4,0.95,0.9907553744601924
80,5,0.05,0.1011896539443996
80,5,0.10,0.9471908704562707
80,5,0.15,0.8890384342473363
80,5,0.20,0.9524098407435885
80,5,0.25,0.9389522569349316
80,5,0.30,0.9382700544244085
80,5,0.35,0.9671333462184257
80,5,0.40,0.9560946415800662
80,5,0.45,0.9424972872920908
80,5,0.50,0.9371150720325223
80,5,0.55,0.9736146922187713
80,5,0.60,0.9857691484548762
80,5,0.65,0.9756884690389741
80,5,0.70,0.9871046732406007
80,5,0.75,0.9370723248334537
80,5,0.80,0.9133656514993539
80,5,0.85,0.9622191408746379
80,5,0.90,0.9775925732604878
80,5,0.95,0.9767334679591883
80,6,0.05,-10.735903972065676
80,6,0.10,0.9595727559749145
80,6,0.15,0.972916340765471
80,6,0.20,0.8890425153204434
80,6,0.25,0.680454056579326
80,6,0.30,0.9089972609855566
80,6,0.35,0.9494750241119957
80,6,0.40,0.971480386784228
80,6,0.45,0.9723979506359584
80,6,0.50,0.8791502137665101
80,6,0.55,0.9395515734229888
80,6,0.60,0.9771652124961261
80,6,0.65,0.970425346684734
80,6,0.70,0.9659737902796814
80,6,0.75,0.9731599991765681
80,6,0.80,0.9452271785904811
80,6,0.85,0.9698798722522637
80,6,0.90,0.9851622428752587
80,6,0.95,0.9634490880964369
80,7,0.05,0.40130578253351046
80,7,0.10,0.9671894443679918
80,7,0.15,0.9135439325582245
80,7,0.20,0.9826894958401093
80,7,0.25,0.9464228475802894
80,7,0.30,0.9447505649393836
80,7,0.35,0.9923037883380231
80,7,0.40,0.9797300543584871
80,7,0.45,0.9696752073750508
80,7,0.50,0.8648962160854735
80,7,0.55,0.9230217798011622
80,7,0.60,0.9902767033061004
80,7,0.65,0.9926014916399316
80,7,0.70,0.950717707814392
80,7,0.75,0.9541820038287773
80,7,0.80,0.9669534716084041
80,7,0.85,0.9741129616271431
80,7,0.90,0.9756105777593432
80,7,0.95,0.9698281388882509
80,8,0.05,-287.21017858190675
80,8,0.10,0.9765221852907867
80,8,0.15,0.9587175889388856
80,8,0.20,0.9601770767977136
80,8,0.25,0.8844894454459409
80,8,0.30,0.9224091176638205
80,8,0.35,0.9493331363213531
80,8,0.40,0.9674630041023533
80,8,0.45,0.9728283079514808
80,8,0.50,0.9613094872134286
80,8,0.55,0.950480351491577
80,8,0.60,0.940879400971102
80,8,0.65,0.9807219836728194
80,8,0.70,0.9780949002019854
80,8,0.75,0.9566257586620723
80,8,0.80,0.9715274751478373
80,8,0.85,0.9732598234562866
80,8,0.90,0.9847606660031157
80,8,0.95,0.9680968597653682
80,9,0.05,-0.5866454781834598
80,9,0.10,0.9487597218738548
80,9,0.15,0.9345728854824695
80,9,0.20,0.9668696571992066
80,9,0.25,0.9497960070246415
80,9,0.30,0.9456878897731057
80,9,0.35,0.9479621341854791
80,9,0.40,0.9510140577895272
80,9,0.45,0.9879973238647516
80,9,0.50,0.8457420938746227
80,9,0.55,0.9561238645422256
80,9,0.60,0.9903154818572575
80,9,0.65,0.9710824305357478
80,9,0.70,0.9744685728531848
80,9,0.75,0.963334962333473
80,9,0.80,0.9757450086588183
80,9,0.85,0.9673655751077613
80,9,0.90,0.9808093279390829
80,9,0.95,0.9818662705861683
81,0,0.05,0.1762843199659494
81,0,0.10,0.6684300519920827
81,0,0.15,0.9830734462382933
81,0,0.20,0.9938924532607046
81,0,0.25,0.902481307043696
81,0,0.30,0.7153266890034081
81,0,0.35,0.9055631291948009
81,0,0.40,0.8420453915964802
81,0,0.45,0.8973018267679722
81,0,0.50,0.927234821565922
81,0,0.55,0.8548034189308054
81,0,0.60,0.8645534224392052
81,0,0.65,0.9368227358006742
81,0,0.70,0.9195843566782517
81,0,0.75,0.9725241543528322
81,0,0.80,0.9807596503873959
81,0,0.85,0.9609295718493648
81,0,0.90,0.96800422670942
81,0,0.95,0.9710726561026264
81,1,0.05,0.1762843199659494
81,1,0.10,-0.07641490277506446
81,1,0.15,0.7952596935486446
81,1,0.20,0.7280369865340698
81,1,0.25,0.8638145629522667
81,1,0.30,0.9657171261597459
81,1,0.35,0.9161537197002021
81,1,0.40,0.8202431336884912
81,1,0.45,0.8960576916772506
81,1,0.50,0.8607862166514433
81,1,0.55,0.9409252976986573
81,1,0.60,0.9021677294398553
81,1,0.65,0.8728132987848508
81,1,0.70,0.9341034902411595
81,1,0.75,0.9454209381097117
81,1,0.80,0.9581542466021226
81,1,0.85,0.9600450293282106
81,1,0.90,0.9200664876283337
81,1,0.95,0.950501789609391
81,2,0.05,0.690088751479307
81,2,0.10,0.9848929824357325
81,2,0.15,0.9753088954884287
81,2,0.20,0.48111005302690735
81,2,0.25,0.9205182342234587
81,2,0.30,0.9561302647755898
81,2,0.35,0.7985401797660596
81,2,0.40,0.9146402553029677
81,2,0.45,0.8782229037848448
81,2,0.50,0.8766654120695764
81,2,0.55,0.8820762175651055
81,2,0.60,0.941460195314112
81,2,0.65,0.9626624475405237
81,2,0.70,0.9460051400138701
81,2,0.75,0.933893421918212
81,2,0.80,0.917628383814643
81,2,0.85,0.9616474297621251
81,2,0.90,0.955224101429964
81,2,0.95,0.9522588244655493
81,3,0.05,-19.522532618748254
81,3,0.10,-4.832835016417686
81,3,0.15,0.8827237197902451
81,3,0.20,0.9195074997890312
81,3,0.25,0.8715242589747003
81,3,0.30,0.7028075474298214
81,3,0.35,0.9487997360950761
81,3,0.40,0.9328188618688322
81,3,0.45,0.944225149164004
81,3,0.50,0.8275072955772584
81,3,0.55,0.9366287733203258
81,3,0.60,0.7439798284958802
81,3,0.65,0.9671333742215089
81,3,0.70,0.8976389123537072
81,3,0.75,0.9107169153919594
81,3,0.80,0.8544604021649849
81,3,0.85,0.9316769203016253
81,3,0.90,0.9865846357735514
81,3,0.95,0.9771394479402994
81,4,0.05,-19.522532618748254
81,4,0.10,0.9359172712700483
81,4,0.15,0.9159545377860511
81,4,0.20,0.8276525646316696
81,4,0.25,0.9435410610891838
81,4,0.30,0.7792969523171441
81,4,0.35,0.7088401883737105
81,4,0.40,0.8319770618832334
81,4,0.45,0.829407340468539
81,4,0.50,0.8784441590922762
81,4,0.55,0.7273464586585838
81,4,0.60,0.802558462096038
81,4,0.65,0.9498090434762719
81,4,0.70,0.9881173014579637
81,4,0.75,0.9145831281810544
81,4,0.80,0.9547616844898067
81,4,0.85,0.9787497895171371
81,4,0.90,0.969608081794308
81,4,0.95,0.9843385104187183
81,5,0.05,0.1762843199659494
81,5,0.10,0.9959424103160535
81,5,0.15,0.8374111906161068
81,5,0.20,0.8369614923083776
81,5,0.25,0.8634913816827743
81,5,0.30,0.13286173159339998
81,5,0.35,0.8603984920973577
81,5,0.40,0.8574823151372059
81,5,0.45,0.9102620086095197
81,5,0.50,0.8467173776820476
81,5,0.55,0.9049843973365225
81,5,0.60,0.971728835514872
81,5,0.65,0.9577924907582746
81,5,0.70,0.9846223380851488
81,5,0.75,0.9446507723736723
81,5,0.80,0.9436744329370659
81,5,0.85,0.9512886934770751
81,5,0.90,0.951348167320325
81,5,0.95,0.9844067015619524
81,6,0.05,-52.36812168616188
81,6,0.10,0.5985519196185629
81,6,0.15,0.8832652891883792
81,6,0.20,0.22579892347516484
81,6,0.25,0.5695605765869951
81,6,0.30,0.9514702067820586
81,6,0.35,0.9115775060115735
81,6,0.40,0.9457560146418938
81,6,0.45,0.7967095134784805
81,6,0.50,0.9068580569476699
81,6,0.55,0.9345255244439308
81,6,0.60,0.9354761633813861
81,6,0.65,0.961431806529071
81,6,0.70,0.9326535489578074
81,6,0.75,0.9275205242578468
81,6,0.80,0.9726837615831243
81,6,0.85,0.9640466968778505
81,6,0.90,0.9721059267764912
81,6,0.95,0.9720971665545546
81,7,0.05,0.17102261490583825
81,7,0.10,0.5308943692562489
81,7,0.15,0.8480956101104371
81,7,0.20,0.8678509308164715
81,7,0.25,0.9300613324242802
81,7,0.30,0.9762415532433715
81,7,0.35,0.9806198569893935
81,7,0.40,0.9567934490168319
81,7,0.45,0.802746395809441
81,7,0.50,0.9689639604914698
81,7,0.55,0.9697356625972848
81,7,0.60,0.9344358961296584
81,7,0.65,0.9825541761404423
81,7,0.70,0.9190044134987836
81,7,0.75,0.7641868816747054
81,7,0.80,0.9504558048664474
81,7,0.85,0.9660145218079349
81,7,0.90,0.9810210417018052
81,7,0.95,0.9224598465630915
81,8,0.05,-0.0020588006964281647
81,8,0.10,0.9914291524909324
81,8,0.15,0.9656224125725634
81,8,0.20,0.9271606215172145
81,8,0.25,0.737207353973611
81,8,0.30,0.8383752057269396
81,8,0.35,0.9103363099451828
81,8,0.40,0.7406861075286533
81,8,0.45,0.8997574201181567
81,8,0.50,0.9888313168793227
81,8,0.55,0.9226406238435725
81,8,0.60,0.9033874192483937
81,8,0.65,0.9536576409992159
81,8,0.70,0.9506616152105524
81,8,0.75,0.8695791576147596
81,8,0.80,0.9355751287415716
81,8,0.85,0.9501428603835197
81,8,0.90,0.9526254053785081
81,8,0.95,0.9408511874896432
81,9,0.05,0.9724728994617902
81,9,0.10,0.24389297520189523
81,9,0.15,0.9780947552068906
81,9,0.20,0.8519485412761185
81,9,0.25,0.7003555396503018
81,9,0.30,0.8385253810014617
81,9,0.35,0.8901629032325298
81,9,0.40,0.9794024588032397
81,9,0.45,0.9135723095732103
81,9,0.50,0.9387565325845497
81,9,0.55,0.9485333458820996
81,9,0.60,0.9689395243276511
81,9,0.65,0.9765296338029698
81,9,0.70,0.9777778429232601
81,9,0.75,0.9344152567252997
81,9,0.80,0.941818744630605
81,9,0.85,0.9835924106464635
81,9,0.90,0.9735307343316062
81,9,0.95,0.9786241159773261
82,0,0.05,0.6633843792489555
82,0,0.10,0.5825275621516341
82,0,0.15,0.9314940840088597
82,0,0.20,0.9137016888247215
82,0,0.25,0.9020729327456711
82,0,0.30,0.9132224877997113
82,0,0.35,0.8943386415779285
82,0,0.40,0.9396216492997419
82,0,0.45,0.9312229123348262
82,0,0.50,0.9357004903060362
82,0,0.55,0.8567162812818397
82,0,0.60,0.9570173555652239
82,0,0.65,0.9477048752490311
82,0,0.70,0.9461909387317129
82,0,0.75,0.9513524617250486
82,0,0.80,0.9441694413395888
82,0,0.85,0.9504751045649512
82,0,0.90,0.9647626958806678
82,0,0.95,0.9434239537436637
82,1,0.05,0.6633843792489555
82,1,0.10,0.5547243576436087
82,1,0.15,0.7726525410577001
82,1,0.20,0.8688185201326644
82,1,0.25,0.9046544898105929
82,1,0.30,0.6731132269340422
82,1,0.35,0.818177858935123
82,1,0.40,0.4846285577091872
82,1,0.45,0.82880646707912
82,1,0.50,0.8743904975499852
82,1,0.55,0.9078112300511946
82,1,0.60,0.9336304148534204
82,1,0.65,0.9483595677623097
82,1,0.70,0.9717908188135661
82,1,0.75,0.953738253698005
82,1,0.80,0.9139464592772497
82,1,0.85,0.9592961125570522
82,1,0.90,0.9638867510254948
82,1,0.95,0.9580254969788742
82,2,0.05,-0.1734578807986542
82,2,0.10,0.31237559707463414
82,2,0.15,0.6667571704328065
82,2,0.20,-0.4544047273403127
82,2,0.25,0.796094398100099
82,2,0.30,0.9180963428423292
82,2,0.35,0.8398873793542063
82,2,0.40,0.9052787115170707
82,2,0.45,0.9389348256715352
82,2,0.50,0.9034067440604975
82,2,0.55,0.970249923937278
82,2,0.60,0.8974989928215842
82,2,0.65,0.9786310258044452
82,2,0.70,0.9627141234666804
82,2,0.75,0.9513697037817542
82,2,0.80,0.9677237535181317
82,2,0.85,0.904923107132729
82,2,0.90,0.9596445785734509
82,2,0.95,0.9721499157417038
82,3,0.05,0.30966981133029237
82,3,0.10,-4.160441329150956
82,3,0.15,0.4190383158650621
82,3,0.20,0.9072934316021095
82,3,0.25,0.9475725503853947
82,3,0.30,0.8292464066349038
82,3,0.35,0.8530995981969209
82,3,0.40,0.9281773854353788
82,3,0.45,0.9744723897045017
82,3,0.50,0.9071925606987928
82,3,0.55,0.9392370148903586
82,3,0.60,0.8938087325326263
82,3,0.65,0.9479085179182127
82,3,0.70,0.9624610558176272
82,3,0.75,0.9561968272427265
82,3,0.80,0.9241102252169252
82,3,0.85,0.9507037256107269
82,3,0.90,0.972238298455348
82,3,0.95,0.99040415134599
82,4,0.05,0.30966981133029237
82,4,0.10,0.6459792105184705
82,4,0.15,0.9376686541345394
82,4,0.20,0.9134228590532066
82,4,0.25,0.9101527210934944
82,4,0.30,0.942119695884284
82,4,0.35,0.8541575520845222
82,4,0.40,0.9361835312893395
82,4,0.45,0.9678420932979123
82,4,0.50,0.9309214676769435
82,4,0.55,0.9088640334947896
82,4,0.60,0.9266508648476095
82,4,0.65,0.961800793101318
82,4,0.70,0.9698837252960212
82,4,0.75,0.9690081203746281
82,4,0.80,0.9676446701358166
82,4,0.85,0.946798102041752
82,4,0.90,0.9481068977495476
82,4,0.95,0.9881763629254374
82,5,0.05,0.6633843792489555
82,5,0.10,-0.11506018174082033
82,5,0.15,0.2872956725109169
82,5,0.20,0.5307866488636281
82,5,0.25,0.8931924960667871
82,5,0.30,0.8154161195271936
82,5,0.35,0.9510470994094375
82,5,0.40,0.5803287486032385
82,5,0.45,0.8785819981523219
82,5,0.50,0.8707432402008922
82,5,0.55,0.9536428721480774
82,5,0.60,0.9531202013369774
82,5,0.65,0.9702416481566573
82,5,0.70,0.9791281297030657
82,5,0.75,0.961885953678197
82,5,0.80,0.9758057361789946
82,5,0.85,0.9825647941215632
82,5,0.90,0.9839339056755574
82,5,0.95,0.9901793753024567
82,6,0.05,-2.3220537021186556
82,6,0.10,0.7361581051976156
82,6,0.15,0.9736170483943144
82,6,0.20,0.9850739258475224
82,6,0.25,0.5199699248104432
82,6,0.30,0.8713832164240624
82,6,0.35,0.9313841567232601
82,6,0.40,0.9587076771142089
82,6,0.45,0.8928639451433174
82,6,0.50,0.9415494236979619
82,6,0.55,0.935882992077383
82,6,0.60,0.974208125052902
82,6,0.65,0.9165358699878333
82,6,0.70,0.987981230237868
82,6,0.75,0.9722007041650728
82,6,0.80,0.9731612924966714
82,6,0.85,0.9738484749193846
82,6,0.90,0.990971002100175
82,6,0.95,0.9775074813815994
82,7,0.05,-0.004693379733005321
82,7,0.10,0.5566015836134177
82,7,0.15,0.9034171847740146
82,7,0.20,0.9643370045905431
82,7,0.25,0.003408300878826598
82,7,0.30,0.9128327616031026
82,7,0.35,0.9416399460547665
82,7,0.40,0.9309245709969018
82,7,0.45,0.7888857736595992
82,7,0.50,0.9515190867645528
82,7,0.55,0.9164351968625346
82,7,0.60,0.9828030256750625
82,7,0.65,0.9885638848221517
82,7,0.70,0.9448760112738356
82,7,0.75,0.9348235633089605
82,7,0.80,0.9550977604568535
82,7,0.85,0.9631283409269087
82,7,0.90,0.9763007340450247
82,7,0.95,0.9490609309993937
82,8,0.05,-263.96207691651944
82,8,0.10,0.41551937405653194
82,8,0.15,0.9003239233964715
82,8,0.20,0.9014319217196362
82,8,0.25,0.2889692066258325
82,8,0.30,0.7279009268714685
82,8,0.35,0.949202398015396
82,8,0.40,0.7591127043884424
82,8,0.45,0.9767773520639129
82,8,0.50,0.9252736572697637
82,8,0.55,0.926383079430495
82,8,0.60,0.8985359583567379
82,8,0.65,0.9669517754213827
82,8,0.70,0.9570667025694761
82,8,0.75,0.9619199656422723
82,8,0.80,0.9691722339981932
82,8,0.85,0.9670955407853293
82,8,0.90,0.9467337765000285
82,8,0.95,0.9539041164031236
82,9,0.05,0.33329740477878456
82,9,0.10,0.7376877650924754
82,9,0.15,0.9797423117466888
82,9,0.20,0.9356094021211565
82,9,0.25,0.8213411234805045
82,9,0.30,0.9387694725610295
82,9,0.35,0.9296678614470937
82,9,0.40,0.8998552078123777
82,9,0.45,0.9342335472226289
82,9,0.50,0.9063338810457595
82,9,0.55,0.9056072550138402
82,9,0.60,0.9703066089323178
82,9,0.65,0.9168260505363404
82,9,0.70,0.9575868518425026
82,9,0.75,0.961238914677166
82,9,0.80,0.971557253671434
82,9,0.85,0.8561600363005919
82,9,0.90,0.980981337196892
82,9,0.95,0.9785508040041467
83,0,0.05,0.6608841563275807
83,0,0.10,-0.24144381137907844
83,0,0.15,0.67650606321684
83,0,0.20,0.7494994575476406
83,0,0.25,0.9251895508787722
83,0,0.30,0.9765648819500398
83,0,0.35,0.9530937414125664
83,0,0.40,0.9641113911194881
83,0,0.45,0.9678598588888033
83,0,0.50,0.9425254302053053
83,0,0.55,0.9470755761802233
83,0,0.60,0.9493812521538234
83,0,0.65,0.9715590125726763
83,0,0.70,0.9770262647126825
83,0,0.75,0.9624870952846837
83,0,0.80,0.961468394858816
83,0,0.85,0.9651603157517534
83,0,0.90,0.9649183429474542
83,0,0.95,0.9725440811750868
83,1,0.05,0.6608841563275807
83,1,0.10,-0.23570619358848433
83,1,0.15,0.8277036515526595
83,1,0.20,0.7820101963736368
83,1,0.25,0.9302225930221787
83,1,0.30,0.957932076786489
83,1,0.35,0.953056745719334
83,1,0.40,0.9622157298008523
83,1,0.45,0.9542334324667723
83,1,0.50,0.9451298204577763
83,1,0.55,0.9655920322890745
83,1,0.60,0.9726110115817911
83,1,0.65,0.9402201061266715
83,1,0.70,0.9893408607687345
83,1,0.75,0.9830961809534866
83,1,0.80,0.9777137951071443
83,1,0.85,0.9608735930124931
83,1,0.90,0.9771956228534517
83,1,0.95,0.9709558981771791
83,2,0.05,-4.518602170525373
83,2,0.10,0.989075516898239
83,2,0.15,0.7352567659419518
83,2,0.20,-1.9306423065454204
83,2,0.25,0.7903857921443775
83,2,0.30,0.839657842784753
83,2,0.35,0.9026515837071446
83,2,0.40,0.9589672499400508
83,2,0.45,0.847391714897229
83,2,0.50,0.9287359189289979
83,2,0.55,0.8586517937411544
83,2,0.60,0.9465911800506902
83,2,0.65,0.9462879913300428
83,2,0.70,0.9725592558291423
83,2,0.75,0.9685810347267958
83,2,0.80,0.9271621896852544
83,2,0.85,0.955554732334027
83,2,0.90,0.8812546520345002
83,2,0.95,0.9581390553915454
83,3,0.05,0.07531436858505292
83,3,0.10,-92.0343502683258
83,3,0.15,0.786625618227088
83,3,0.20,0.9658789854772917
83,3,0.25,0.9710404843033057
83,3,0.30,0.9817075334838862
83,3,0.35,0.9339208838020152
83,3,0.40,0.9468203386826101
83,3,0.45,0.9390984528944227
83,3,0.50,0.9180646874207203
83,3,0.55,0.9153410566096243
83,3,0.60,0.9373345928082895
83,3,0.65,0.9729113752160805
83,3,0.70,0.9105430323629918
83,3,0.75,0.9671703210678345
83,3,0.80,0.970178612767768
83,3,0.85,0.9908266549745822
83,3,0.90,0.9809533386418471
83,3,0.95,0.9773791713481127
83,4,0.05,0.07531436858505292
83,4,0.10,0.9086386226576744
83,4,0.15,0.92342428918536
83,4,0.20,0.8867323956941462
83,4,0.25,0.9390790504222186
83,4,0.30,0.9604548316966544
83,4,0.35,0.9841368431163974
83,4,0.40,0.9789802355046456
83,4,0.45,0.9582370031248696
83,4,0.50,0.9583669681220504
83,4,0.55,0.9573804393223362
83,4,0.60,0.9636522962828323
83,4,0.65,0.9503564742938585
83,4,0.70,0.9519307118067656
83,4,0.75,0.9652176978151903
83,4,0.80,0.9430913576295703
83,4,0.85,0.9692866551168555
83,4,0.90,0.9879649616244593
83,4,0.95,0.9652350769541361
83,5,0.05,0.6608841563275807
83,5,0.10,-0.2646387471560854
83,5,0.15,0.8382873579555157
83,5,0.20,0.962628700488008
83,5,0.25,0.9125710657333811
83,5,0.30,0.9657661682100129
83,5,0.35,0.9630551768691616
83,5,0.40,0.839455281294812
83,5,0.45,0.9372351127691095
83,5,0.50,0.9182425086285553
83,5,0.55,0.9635904200462538
83,5,0.60,0.9645754528772528
83,5,0.65,0.9157631931434388
83,5,0.70,0.9836511500328929
83,5,0.75,0.9927389039792661
83,5,0.80,0.984595288816432
83,5,0.85,0.9727172855187298
83,5,0.90,0.9824497483109267
83,5,0.95,0.9878473084422305
83,6,0.05,-5.002811751232958
83,6,0.10,0.6580694418725648
83,6,0.15,0.9427665729461184
83,6,0.20,0.7738034205846096
83,6,0.25,0.5086321590452382
83,6,0.30,0.9452436074973112
83,6,0.35,0.9469172462850384
83,6,0.40,0.9583127131490785
83,6,0.45,0.9606634760816031
83,6,0.50,0.9556631577315543
83,6,0.55,0.8765376708885153
83,6,0.60,0.914965443681537
83,6,0.65,0.9084549042422643
83,6,0.70,0.976811631312828
83,6,0.75,0.9636986287664732
83,6,0.80,0.9804610753665097
83,6,0.85,0.9586420600418804
83,6,0.90,0.9722274987787998
83,6,0.95,0.9895070210950401
83,7,0.05,0.618401365254489
83,7,0.10,0.9272129637680444
83,7,0.15,0.5722985150084596
83,7,0.20,0.6786945388443186
83,7,0.25,0.8831692366037129
83,7,0.30,0.8321796613975454
83,7,0.35,0.9252830100749536
83,7,0.40,0.903482560887497
83,7,0.45,0.9725296989894651
83,7,0.50,0.9413235646518334
83,7,0.55,0.9394593376586481
83,7,0.60,0.8335063527014184
83,7,0.65,0.9256562391116782
83,7,0.70,0.9326532275896747
83,7,0.75,0.9297714251961785
83,7,0.80,0.9427206474334083
83,7,0.85,0.977386436774466
83,7,0.90,0.9706431497305251
83,7,0.95,0.9803903896769345
83,8,0.05,-22.54597830873988
83,8,0.10,0.9053064966140969
83,8,0.15,0.9725203297833482
83,8,0.20,0.9468200648166171
83,8,0.25,0.19357447949545992
83,8,0.30,0.9235266198731267
83,8,0.35,0.9591014689464737
83,8,0.40,0.8268960693241694
83,8,0.45,0.9416851810278429
83,8,0.50,0.9381397878418686
83,8,0.55,0.9199276506482824
83,8,0.60,0.9513174567787406
83,8,0.65,0.8431302549959725
83,8,0.70,0.981994159293996
83,8,0.75,0.9784061059493696
83,8,0.80,0.9852976819434391
83,8,0.85,0.9794162723936598
83,8,0.90,0.9925184518809377
83,8,0.95,0.9764636523124689
83,9,0.05,-1358.436039688492
83,9,0.10,0.9729762047812813
83,9,0.15,0.9464908813336763
83,9,0.20,0.9022821462277792
83,9,0.25,0.8714690532299464
83,9,0.30,0.9501430570865027
83,9,0.35,0.9678652930380645
83,9,0.40,0.9708739700167315
83,9,0.45,0.9770737565987357
83,9,0.50,0.9455302658675602
83,9,0.55,0.9247889488346264
83,9,0.60,0.9620845417676712
83,9,0.65,0.9743029336820357
83,9,0.70,0.9228661561745719
83,9,0.75,0.9418027176999009
83,9,0.80,0.9670765351240562
83,9,0.85,0.9764637083784403
83,9,0.90,0.9757016578111244
83,9,0.95,0.9846730474366264
84,0,0.05,0.8575614005740388
84,0,0.10,0.755990294494327
84,0,0.15,0.92899086038743
84,0,0.20,0.9746840145553622
84,0,0.25,0.9358277616126894
84,0,0.30,0.9638281759766633
84,0,0.35,0.9832774867506244
84,0,0.40,0.9503123749638905
84,0,0.45,0.9594162131330031
84,0,0.50,0.9516831345768229
84,0,0.55,0.9523090912289967
84,0,0.60,0.9599004412284485
84,0,0.65,0.9566669540309457
84,0,0.70,0.9588203554800623
84,0,0.75,0.9521456269269837
84,0,0.80,0.9130668518781321
84,0,0.85,0.9362190830240719
84,0,0.90,0.956702494675703
84,0,0.95,0.9691812351870741
84,1,0.05,0.8575614005740388
84,1,0.10,0.6446228315359548
84,1,0.15,0.7644212076917163
84,1,0.20,0.7094027686197477
84,1,0.25,0.9443832640428594
84,1,0.30,0.9669135357876342
84,1,0.35,0.9518424411028997
84,1,0.40,0.9240713618082498
84,1,0.45,0.9589525724277749
84,1,0.50,0.945703982806004
84,1,0.55,0.9391372951828247
84,1,0.60,0.9716247726321351
84,1,0.65,0.9432837293575367
84,1,0.70,0.9648752189992349
84,1,0.75,0.9401533552181897
84,1,0.80,0.899975909819695
84,1,0.85,0.9707713823184023
84,1,0.90,0.9780152901099786
84,1,0.95,0.9869219187049945
84,2,0.05,-1.7077717607556284
84,2,0.10,0.9289305260409733
84,2,0.15,0.6882875231729458
84,2,0.20,0.4911579656670523
84,2,0.25,0.9684647164140017
84,2,0.30,0.9753938756934007
84,2,0.35,0.8539369244077615
84,2,0.40,0.9864746128539059
84,2,0.45,0.8342491920877599
84,2,0.50,0.9606487925573862
84,2,0.55,0.9215892652274563
84,2,0.60,0.9582246974234818
84,2,0.65,0.9591252354536706
84,2,0.70,0.9764451478444822
84,2,0.75,0.9750791195422708
84,2,0.80,0.9642009153543848
84,2,0.85,0.9581544635709285
84,2,0.90,0.9129179507690225
84,2,0.95,0.9503740555866509
84,3,0.05,-0.5204181760199669
84,3,0.10,-0.0717209811485533
84,3,0.15,0.9073461017462353
84,3,0.20,0.8709007247140076
84,3,0.25,0.9700749644809463
84,3,0.30,0.9548127382459534
84,3,0.35,0.8611051304866857
84,3,0.40,0.9842767830314535
84,3,0.45,0.963484826804456
84,3,0.50,0.9278240316084756
84,3,0.55,0.9642051111745302
84,3,0.60,0.9281525663661659
84,3,0.65,0.8970405176458187
84,3,0.70,0.9524246275012618
84,3,0.75,0.9712978011143656
84,3,0.80,0.9762411920756463
84,3,0.85,0.9864180117721824
84,3,0.90,0.9614133069078298
84,3,0.95,0.9704441128066711
84,4,0.05,-0.5204181760199669
84,4,0.10,0.9846153025549544
84,4,0.15,0.9580557851295005
84,4,0.20,0.9217557841328916
84,4,0.25,0.9600621026475318
84,4,0.30,0.8140876865331547
84,4,0.35,0.9820095314094375
84,4,0.40,0.9787535980503541
84,4,0.45,0.9467708251917787
84,4,0.50,0.9644505020637375
84,4,0.55,0.9618101550706903
84,4,0.60,0.9395252844047899
84,4,0.65,0.9405323589596912
84,4,0.70,0.9479498827183507
84,4,0.75,0.9634738693063947
84,4,0.80,0.9696460089985804
84,4,0.85,0.9670865054125334
84,4,0.90,0.970948041103097
84,4,0.95,0.9804689439512089
84,5,0.05,0.8575614005740388
84,5,0.10,0.942552577924566
84,5,0.15,0.9234374011437222
84,5,0.20,0.9589179687025398
84,5,0.25,0.9851470212033275
84,5,0.30,0.9248997249908626
84,5,0.35,0.9563649664796311
84,5,0.40,0.8735995309781313
84,5,0.45,0.9358733394276547
84,5,0.50,0.9219103001276806
84,5,0.55,0.9711081802568596
84,5,0.60,0.9658261650008969
84,5,0.65,0.9682443890538333
84,5,0.70,0.974691232228952
84,5,0.75,0.9656134219712843
84,5,0.80,0.9546919933276803
84,5,0.85,0.9781254180432306
84,5,0.90,0.9624406288499945
84,5,0.95,0.984828232714601
84,6,0.05,-1.6739852597335294
84,6,0.10,0.9189508825251412
84,6,0.15,0.901789201361406
84,6,0.20,0.8985744092409803
84,6,0.25,0.8004989401146309
84,6,0.30,0.8573251573610517
84,6,0.35,0.9543399875927899
84,6,0.40,0.9910775899839604
84,6,0.45,0.9786688315303684
84,6,0.50,0.9753651873052885
84,6,0.55,0.8771942966890174
84,6,0.60,0.9683989759038576
84,6,0.65,0.9004718447778921
84,6,0.70,0.9805681902227782
84,6,0.75,0.9818945921432676
84,6,0.80,0.987268133836608
84,6,0.85,0.9862224454809082
84,6,0.90,0.9909600925684086
84,6,0.95,0.9796537541122144
84,7,0.05,0.7629985750419594
84,7,0.10,0.96401032768125
84,7,0.15,0.831199011498976
84,7,0.20,0.9736789532535478
84,7,0.25,0.9586690677295442
84,7,0.30,0.93382850941276
84,7,0.35,0.9758922569976795
84,7,0.40,0.8704152802084706
84,7,0.45,0.9749151674796558
84,7,0.50,0.947729006239152
84,7,0.55,0.9619533582102101
84,7,0.60,0.9400795713468841
84,7,0.65,0.9858106748466263
84,7,0.70,0.9639593811819428
84,7,0.75,0.9743443450685949
84,7,0.80,0.9473399135613004
84,7,0.85,0.9884431872307619
84,7,0.90,0.9690704897709482
84,7,0.95,0.973829995760744
84,8,0.05,-878.8739763661803
84,8,0.10,0.9014657740845106
84,8,0.15,0.9837277318067503
84,8,0.20,0.9830367071003576
84,8,0.25,0.9587668682861653
84,8,0.30,0.9580962880331501
84,8,0.35,0.983072165356675
84,8,0.40,0.9402969290662758
84,8,0.45,0.9568194514131954
84,8,0.50,0.964555389189207
84,8,0.55,0.9390715972938306
84,8,0.60,0.926624762580051
84,8,0.65,0.9575856032965366
84,8,0.70,0.9698247562105526
84,8,0.75,0.9674887824197168
84,8,0.80,0.9774889886914663
84,8,0.85,0.9876941843041003
84,8,0.90,0.9827458554907063
84,8,0.95,0.929461047398974
84,9,0.05,-3.64472582645861
84,9,0.10,0.9355475679423432
84,9,0.15,0.952466606056683
84,9,0.20,0.9348081956426089
84,9,0.25,0.9746953521293213
84,9,0.30,0.9779424857183645
84,9,0.35,0.9469235606906131
84,9,0.40,0.9180524019120102
84,9,0.45,0.9661055440715465
84,9,0.50,0.9742860502828145
84,9,0.55,0.9428918965215126
84,9,0.60,0.985042057250029
84,9,0.65,0.9379616550532414
84,9,0.70,0.9658537995729503
84,9,0.75,0.941106352624477
84,9,0.80,0.9822509920435882
84,9,0.85,0.9810468953500415
84,9,0.90,0.9788092993133185
84,9,0.95,0.9806497046400495
85,0,0.05,0.9979592733139334
85,0,0.10,0.904126684834209
85,0,0.15,0.9547615332921059
85,0,0.20,0.9882788529569901
85,0,0.25,0.9921212186170157
85,0,0.30,0.9865825622221054
85,0,0.35,0.9917468795012874
85,0,0.40,0.9599915094467394
85,0,0.45,0.9861590706041196
85,0,0.50,0.9877342238003267
85,0,0.55,0.9811901290483077
85,0,0.60,0.9295763699695716
85,0,0.65,0.9830790035869924
85,0,0.70,0.9807866471402054
85,0,0.75,0.954791757984791
85,0,0.80,0.9803611874181108
85,0,0.85,0.9530704006931738
85,0,0.90,0.9534205900950801
85,0,0.95,0.9815733663218389
85,1,0.05,0.9979592733139334
85,1,0.10,0.9022317449723545
85,1,0.15,0.9925654069165086
85,1,0.20,0.9902425051947253
85,1,0.25,0.8888258809921968
85,1,0.30,0.9837058727038863
85,1,0.35,0.9604100830273308
85,1,0.40,0.9712623769375407
85,1,0.45,0.9858363178610938
85,1,0.50,0.9717554433467268
85,1,0.55,0.9869449310542039
85,1,0.60,0.9813484928242058
85,1,0.65,0.7721540058214821
85,1,0.70,0.9717047085523476
85,1,0.75,0.8899589801372337
85,1,0.80,0.9387255112595946
85,1,0.85,0.8668286480335979
85,1,0.90,0.9074129711399895
85,1,0.95,0.981657640209558
85,2,0.05,-2.0940332678751394
85,2,0.10,0.9568739589659931
85,2,0.15,0.9471706548102272
85,2,0.20,0.9588863710117723
85,2,0.25,0.9683192515766891
85,2,0.30,0.9634739212368882
85,2,0.35,0.9318090846658513
85,2,0.40,0.9594860291156766
85,2,0.45,0.9776567190549843
85,2,0.50,0.9619065039569715
85,2,0.55,0.9304453340429238
85,2,0.60,0.9572135665161184
85,2,0.65,0.9742094595710704
85,2,0.70,0.9715680395370485
85,2,0.75,0.9691388298636864
85,2,0.80,0.9830482795746381
85,2,0.85,0.9829363970152154
85,2,0.90,0.9748683035771758
85,2,0.95,0.9530419047861742
85,3,0.05,-2.028997575466973
85,3,0.10,-6.636415879787323
85,3,0.15,0.9746063068890706
85,3,0.20,0.9895492149053917
85,3,0.25,0.9671725273157168
85,3,0.30,0.9741470136743259
85,3,0.35,0.9089068681423044
85,3,0.40,0.8984107907026099
85,3,0.45,0.9929818396397831
85,3,0.50,0.9748955173784802
85,3,0.55,0.9823912053410592
85,3,0.60,0.9545440602137147
85,3,0.65,0.9279495673302393
85,3,0.70,0.9466201524964205
85,3,0.75,0.9676440329658251
85,3,0.80,0.9864466354260126
85,3,0.85,0.9676747822903882
85,3,0.90,0.961427684068733
85,3,0.95,0.9815798060877621
85,4,0.05,-2.028997575466973
85,4,0.10,0.9906310311635332
85,4,0.15,0.9597111964018865
85,4,0.20,0.61949576934393
85,4,0.25,0.9501304684620158
85,4,0.30,0.9500252452434571
85,4,0.35,0.8211031553161355
85,4,0.40,0.9575671060096076
85,4,0.45,0.9738873385359638
85,4,0.50,0.9919353528324037
85,4,0.55,0.9649987869696169
85,4,0.60,0.9908443711451533
85,4,0.65,0.9575374738799178
85,4,0.70,0.8997109130241912
85,4,0.75,0.9405813685105234
85,4,0.80,0.970577043161435
85,4,0.85,0.9733390359833299
85,4,0.90,0.9855060690408781
85,4,0.95,0.9841268666519928
85,5,0.05,0.9979592733139334
85,5,0.10,-1.0373647094227318
85,5,0.15,0.9825050354968984
85,5,0.20,0.9524677013639195
85,5,0.25,0.955899627986105
85,5,0.30,0.9841185049534922
85,5,0.35,0.9606510656017656
85,5,0.40,0.9776756263651092
85,5,0.45,0.9852232753718613
85,5,0.50,0.9718065659880281
85,5,0.55,0.9596070631925298
85,5,0.60,0.9871004070745781
85,5,0.65,0.9708093704464679
85,5,0.70,0.9775149685915494
85,5,0.75,0.9744703420333723
85,5,0.80,0.9415806052086788
85,5,0.85,0.9759684822399382
85,5,0.90,0.984616173075876
85,5,0.95,0.9859063417809377
85,6,0.05,-8.766270543309444
85,6,0.10,0.9585892496211023
85,6,0.15,0.9623482686285609
85,6,0.20,0.9536950565148461
85,6,0.25,0.9632621306268362
85,6,0.30,0.9346298437508309
85,6,0.35,0.8236661810758485
85,6,0.40,0.9636651614207872
85,6,0.45,0.9611129967081
85,6,0.50,0.961909964850808
85,6,0.55,0.933564026254511
85,6,0.60,0.9693884141983159
85,6,0.65,0.975183822107308
85,6,0.70,0.9549322792714439
85,6,0.75,0.9086637926308222
85,6,0.80,0.9563184840059216
85,6,0.85,0.9514287650012289
85,6,0.90,0.909407593935153
85,6,0.95,0.9809420155990647
85,7,0.05,0.9544079423808929
85,7,0.10,0.9974567248779886
85,7,0.15,0.9857601066771978
85,7,0.20,0.9950292202894008
85,7,0.25,0.8330504332610837
85,7,0.30,0.9438739806376009
85,7,0.35,0.9899834128030524
85,7,0.40,0.9729077319855626
85,7,0.45,0.9774983058773947
85,7,0.50,0.9795407627546814
85,7,0.55,0.9946255164157639
85,7,0.60,0.9708189104152437
85,7,0.65,0.974242951901779
85,7,0.70,0.9784289620190711
85,7,0.75,0.9773858927750548
85,7,0.80,0.9632660707715416
85,7,0.85,0.9492657757043085
85,7,0.90,0.9635413310527146
85,7,0.95,0.946153596507666
85,8,0.05,-28.29262199271679
85,8,0.10,0.9965909629543508
85,8,0.15,0.993323483485641
85,8,0.20,0.9667280071924791
85,8,0.25,0.9497159365909036
85,8,0.30,0.962829931991798
85,8,0.35,0.8761986467388183
85,8,0.40,0.9784871347434124
85,8,0.45,0.981778162822152
85,8,0.50,0.990209057334497
85,8,0.55,0.9890592003815304
85,8,0.60,0.9343836918211004
85,8,0.65,0.9235777388285902
85,8,0.70,0.9886183298749677
85,8,0.75,0.981275883534583
85,8,0.80,0.9581881547442508
85,8,0.85,0.9160858256082268
85,8,0.90,0.9795403427421296
85,8,0.95,0.980220307175909
85,9,0.05,-2.6666253082376556
85,9,0.10,0.9765207398039895
85,9,0.15,0.9730482349428516
85,9,0.20,0.9886555835227367
85,9,0.25,0.9789283838440523
85,9,0.30,0.9159641046658744
85,9,0.35,0.9408070703491973
85,9,0.40,0.9895714312844361
85,9,0.45,0.9879626056555209
85,9,0.50,0.9572984515814064
85,9,0.55,0.9842237232158269
85,9,0.60,0.939935461115306
85,9,0.65,0.9736884196677834
85,9,0.70,0.9728928412042407
85,9,0.75,0.958693614172127
85,9,0.80,0.9584688673592674
85,9,0.85,0.9854297086628838
85,9,0.90,0.9580643773540235
85,9,0.95,0.9721000006589964
86,0,0.05,0.7693120824387456
86,0,0.10,0.705342879371519
86,0,0.15,0.8631322448281799
86,0,0.20,0.9164087350598904
86,0,0.25,0.8794172262718638
86,0,0.30,0.9147790957284009
86,0,0.35,0.9383078717832047
86,0,0.40,0.9510473679394249
86,0,0.45,0.9775161135796143
86,0,0.50,0.965826715673026
86,0,0.55,0.9356082778372771
86,0,0.60,0.8406630880688277
86,0,0.65,0.8959350506580684
86,0,0.70,0.8333127007925765
86,0,0.75,0.957117501919167
86,0,0.80,0.9449904011563798
86,0,0.85,0.9753096275691762
86,0,0.90,0.9670578191123845
86,0,0.95,0.9687093009552242
86,1,0.05,0.7693120824387456
86,1,0.10,0.8691554648035787
86,1,0.15,0.2940691687071101
86,1,0.20,0.9448687849784235
86,1,0.25,0.9359757704110613
86,1,0.30,0.9269071209750922
86,1,0.35,0.9354954734674432
86,1,0.40,0.9103414027202377
86,1,0.45,0.9655074546326997
86,1,0.50,0.9524207548123255
86,1,0.55,0.9614426000155734
86,1,0.60,0.862942580494475
86,1,0.65,0.9464835769076891
86,1,0.70,0.9551966498356904
86,1,0.75,0.9432218618575569
86,1,0.80,0.9781762351925269
86,1,0.85,0.87364113616412
86,1,0.90,0.9685935986824741
86,1,0.95,0.9828944431029806
86,2,0.05,-1.7243212953953466
86,2,0.10,0.9671360828091816
86,2,0.15,0.6051838007167021
86,2,0.20,0.946413348693435
86,2,0.25,0.9737014732568888
86,2,0.30,0.9812306204473011
86,2,0.35,0.9309796690784342
86,2,0.40,0.9693079770139768
86,2,0.45,0.9665895102273568
86,2,0.50,0.9756828742824898
86,2,0.55,0.9594102302233455
86,2,0.60,0.9705313708929245
86,2,0.65,0.9819477334394637
86,2,0.70,0.9790110486294482
86,2,0.75,0.9816349026029471
86,2,0.80,0.9246071822367902
86,2,0.85,0.9655930803440033
86,2,0.90,0.9423814928810799
86,2,0.95,0.9670367845559501
86,3,0.05,0.10814080405780502
86,3,0.10,-0.00969511563889891
86,3,0.15,0.777940985936819
86,3,0.20,0.8217245186185109
86,3,0.25,0.9430101280089318
86,3,0.30,0.9511055259362305
86,3,0.35,0.9194080075956351
86,3,0.40,0.9295608133901296
86,3,0.45,0.9451511186392356
86,3,0.50,0.8830277848814362
86,3,0.55,0.9286097223545998
86,3,0.60,0.9267386461227218
86,3,0.65,0.9485669852410653
86,3,0.70,0.9104161620482881
86,3,0.75,0.941712646896623
86,3,0.80,0.9420458402466617
86,3,0.85,0.9625314626244006
86,3,0.90,0.9769432550305525
86,3,0.95,0.9620680457992745
86,4,0.05,0.10814080405780502
86,4,0.10,0.9970420940461752
86,4,0.15,0.8717980424004919
86,4,0.20,0.8782229255687519
86,4,0.25,0.9200729715014732
86,4,0.30,0.9079657666465046
86,4,0.35,0.910897695015519
86,4,0.40,0.95513202471485
86,4,0.45,0.961645070733516
86,4,0.50,0.9566387227370754
86,4,0.55,0.8409915344659049
86,4,0.60,0.9793824698370184
86,4,0.65,0.9788506185990694
86,4,0.70,0.9369003188559649
86,4,0.75,0.9194555884835918
86,4,0.80,0.9890279237332396
86,4,0.85,0.9863525430690859
86,4,0.90,0.9817815549633406
86,4,0.95,0.9807698269842375
86,5,0.05,0.7693120824387456
86,5,0.10,0.8429875733752934
86,5,0.15,0.5621691456070852
86,5,0.20,0.9617745577527358
86,5,0.25,0.884491692970061
86,5,0.30,0.9460249862918334
86,5,0.35,0.94339342660366
86,5,0.40,0.9274991798719533
86,5,0.45,0.9690842648892928
86,5,0.50,0.7998775145502847
86,5,0.55,0.9295059320336279
86,5,0.60,0.9453534961890511
86,5,0.65,0.9459799617257427
86,5,0.70,0.9645317192329467
86,5,0.75,0.826911376335361
86,5,0.80,0.7819931255667659
86,5,0.85,0.9851785495836523
86,5,0.90,0.9823806388027432
86,5,0.95,0.9738372715339156
86,6,0.05,-1.7436940766517406
86,6,0.10,0.900561433381492
86,6,0.15,0.9868608106551692
86,6,0.20,0.924492237111251
86,6,0.25,0.954106836102993
86,6,0.30,0.9497737604511917
86,6,0.35,0.8955160131751652
86,6,0.40,0.8573065972889335
86,6,0.45,0.8690522727561021
86,6,0.50,0.9075938266017756
86,6,0.55,0.8887741023358593
86,6,0.60,0.9116982485779482
86,6,0.65,0.9585026153612327
86,6,0.70,0.9803604478963208
86,6,0.75,0.924084574241621
86,6,0.80,0.9844150303626276
86,6,0.85,0.9734821330219182
86,6,0.90,0.9796822451317753
86,6,0.95,0.977142741860573
86,7,0.05,0.7046888338995043
86,7,0.10,0.9155457776009813
86,7,0.15,0.8022056084924847
86,7,0.20,0.9073831916621514
86,7,0.25,0.9045127078541398
86,7,0.30,0.9672418955466353
86,7,0.35,0.9417581341275557
86,7,0.40,0.9815107019006323
86,7,0.45,0.9752543700893516
86,7,0.50,0.881927182092636
86,7,0.55,0.9579096994621393
86,7,0.60,0.9585730265863741
86,7,0.65,0.9593796972198521
86,7,0.70,0.9294484267347709
86,7,0.75,0.892537263531315
86,7,0.80,0.9894469828952855
86,7,0.85,0.9884496390487179
86,7,0.90,0.9681390937712347
86,7,0.95,0.9186814399401123
86,8,0.05,-115.7969574734216
86,8,0.10,0.8353891656807366
86,8,0.15,0.9512551813401102
86,8,0.20,0.9174274291614946
86,8,0.25,0.9576568794321653
86,8,0.30,0.9736636815159463
86,8,0.35,0.9390610944497911
86,8,0.40,0.9562180772340565
86,8,0.45,0.9421385809164238
86,8,0.50,0.9871163921626869
86,8,0.55,0.9474160181474246
86,8,0.60,0.9616911506543298
86,8,0.65,0.926777055101988
86,8,0.70,0.9793947256113106
86,8,0.75,0.9771646891700831
86,8,0.80,0.935346118676864
86,8,0.85,0.9819161800001353
86,8,0.90,0.976130270354485
86,8,0.95,0.9771548353954496
86,9,0.05,-5.678730962858908
86,9,0.10,0.8419553091904746
86,9,0.15,0.9428201334207557
86,9,0.20,0.92629817818626
86,9,0.25,0.9526489540129697
86,9,0.30,0.917337041279874
86,9,0.35,0.9616476432037999
86,9,0.40,0.8531956950123072
86,9,0.45,0.943945991947133
86,9,0.50,0.9555001863750813
86,9,0.55,0.9761992575870844
86,9,0.60,0.9420840825581214
86,9,0.65,0.9709398653352351
86,9,0.70,0.9583977424091541
86,9,0.75,0.9253035321073466
86,9,0.80,0.969373506193265
86,9,0.85,0.9709761170449288
86,9,0.90,0.9681679123394363
86,9,0.95,0.9704081887900317
87,0,0.05,0.685640137628525
87,0,0.10,0.277184431962916
87,0,0.15,0.8255157907246251
87,0,0.20,0.9769350283783763
87,0,0.25,0.5866635985013124
87,0,0.30,0.8725813486345835
87,0,0.35,0.9388415332275533
87,0,0.40,0.9217522390468879
87,0,0.45,0.9860474091667751
87,0,0.50,0.974406599907988
87,0,0.55,0.9337664146916697
87,0,0.60,0.960982977107394
87,0,0.65,0.9578680457927636
87,0,0.70,0.9789729033897228
87,0,0.75,0.9704663520732555
87,0,0.80,0.9812608068775974
87,0,0.85,0.9753977870730692
87,0,0.90,0.9697807941597096
87,0,0.95,0.9696056827480117
87,1,0.05,0.685640137628525
87,1,0.10,0.7573069034176675
87,1,0.15,0.287132049498397
87,1,0.20,0.8216453269467567
87,1,0.25,0.8692231979515421
87,1,0.30,0.8937136110741379
87,1,0.35,0.947053576631
87,1,0.40,0.9013345668067146
87,1,0.45,0.9617312188001809
87,1,0.50,0.9244941725435446
87,1,0.55,0.9602706222908255
87,1,0.60,0.97450393461085
87,1,0.65,0.9814578070500065
87,1,0.70,0.9594209335353394
87,1,0.75,0.9762998534989182
87,1,0.80,0.9713825674643504
87,1,0.85,0.9443896107969157
87,1,0.90,0.9652301081034633
87,1,0.95,0.9711350425431305
87,2,0.05,-1.6723461985265087
87,2,0.10,0.9538981203025875
87,2,0.15,0.6074569716785485
87,2,0.20,0.9227966244017168
87,2,0.25,0.9856661050540787
87,2,0.30,0.9292541217007774
87,2,0.35,0.8450455448198341
87,2,0.40,0.9047278552155475
87,2,0.45,0.869354886464836
87,2,0.50,0.8756635870985103
87,2,0.55,0.9606520985030287
87,2,0.60,0.9833589734642489
87,2,0.65,0.9781840508275557
87,2,0.70,0.9860192551081702
87,2,0.75,0.9665463223137144
87,2,0.80,0.9329230686281522
87,2,0.85,0.9703185005538468
87,2,0.90,0.9435032872353073
87,2,0.95,0.9419512678472046
87,3,0.05,0.181626041590633
87,3,0.10,-7.4337867188025175
87,3,0.15,0.7472956745770756
87,3,0.20,0.9561616163120366
87,3,0.25,0.8788282671043053
87,3,0.30,0.8982824362483166
87,3,0.35,0.5884889442037899
87,3,0.40,0.9485388130557516
87,3,0.45,0.8760436659799256
87,3,0.50,0.9344995581499493
87,3,0.55,0.9710898120455234
87,3,0.60,0.9678173645334367
87,3,0.65,0.9442736110489119
87,3,0.70,0.9666126923992525
87,3,0.75,0.976760002172769
87,3,0.80,0.8397225504491139
87,3,0.85,0.9725586392387109
87,3,0.90,0.9269317218227116
87,3,0.95,0.9324513906651456
87,4,0.05,0.181626041590633
87,4,0.10,0.9555104330849058
87,4,0.15,0.8258710198927686
87,4,0.20,0.9107129704900278
87,4,0.25,0.6489061294305025
87,4,0.30,0.992159428579698
87,4,0.35,0.9792854701808249
87,4,0.40,0.9540490385639111
87,4,0.45,0.9461565949879231
87,4,0.50,0.9522122244559528
87,4,0.55,0.9500113914476556
87,4,0.60,0.953827146933771
87,4,0.65,0.9479304409285345
87,4,0.70,0.9764693899814924
87,4,0.75,0.9577211597749088
87,4,0.80,0.9383499382501937
87,4,0.85,0.9860268312640446
87,4,0.90,0.9749887850925077
87,4,0.95,0.9783092015439163
87,5,0.05,0.685640137628525
87,5,0.10,0.9664325928434062
87,5,0.15,0.8235731444315697
87,5,0.20,0.8946710647754694
87,5,0.25,0.9224537007679804
87,5,0.30,0.8306633181250811
87,5,0.35,0.7974105570429149
87,5,0.40,0.8583795693967529
87,5,0.45,0.9713359176973367
87,5,0.50,0.9208708949671728
87,5,0.55,0.9670178888308611
87,5,0.60,0.9860864042197104
87,5,0.65,0.9701662961261737
87,5,0.70,0.9794627856697502
87,5,0.75,0.9815150245341969
87,5,0.80,0.9787263059416648
87,5,0.85,0.9175673242778302
87,5,0.90,0.9755736013599314
87,5,0.95,0.9814512827459917
87,6,0.05,-1.6332927783930145
87,6,0.10,0.8037599512794779
87,6,0.15,0.77600326785266
87,6,0.20,0.9023173583516622
87,6,0.25,0.8728566079418356
87,6,0.30,0.8627226529881223
87,6,0.35,0.9495395304371191
87,6,0.40,0.9478539397539965
87,6,0.45,0.9842697886669616
87,6,0.50,0.9264373747414297
87,6,0.55,0.9585797659642652
87,6,0.60,0.950616948734111
87,6,0.65,0.964795238835307
87,6,0.70,0.9830460348892062
87,6,0.75,0.9319202129782405
87,6,0.80,0.9664745545648883
87,6,0.85,0.9750556109226032
87,6,0.90,0.9752455365051486
87,6,0.95,0.9356661058417431
87,7,0.05,0.6119610140534262
87,7,0.10,0.9227071219137254
87,7,0.15,0.6757083397934247
87,7,0.20,0.9475522570482104
87,7,0.25,0.7309849047584605
87,7,0.30,0.956099760132793
87,7,0.35,0.9641023309262405
87,7,0.40,0.975711983761244
87,7,0.45,0.9903165730640324
87,7,0.50,0.9181154683391347
87,7,0.55,0.9613915661571963
87,7,0.60,0.9897850623028531
87,7,0.65,0.9889441231415426
87,7,0.70,0.9745498218603215
87,7,0.75,0.8807955369776972
87,7,0.80,0.9428152289790996
87,7,0.85,0.9642285683266457
87,7,0.90,0.9767848517353527
87,7,0.95,0.9600828687084583
87,8,0.05,-95.18767614624198
87,8,0.10,0.7429697582035424
87,8,0.15,0.9360924402679187
87,8,0.20,0.9448682808758462
87,8,0.25,0.9544927002639093
87,8,0.30,0.9428653692458955
87,8,0.35,0.970621431837475
87,8,0.40,0.9048173293020126
87,8,0.45,0.9359085472192571
87,8,0.50,0.9704845521979569
87,8,0.55,0.9229098989901072
87,8,0.60,0.9017201573961753
87,8,0.65,0.9689255220469776
87,8,0.70,0.9730895816705252
87,8,0.75,0.9670328796750389
87,8,0.80,0.9634435180544809
87,8,0.85,0.9621352410925678
87,8,0.90,0.9819542631863962
87,8,0.95,0.9625253504159306
87,9,0.05,-15.899339367108972
87,9,0.10,0.543001813126599
87,9,0.15,0.8024559555833792
87,9,0.20,0.7012641624813609
87,9,0.25,0.6813853946078285
87,9,0.30,0.9506289944969313
87,9,0.35,0.9265098715987734
87,9,0.40,0.8888057845797517
87,9,0.45,0.9464708081401761
87,9,0.50,0.953194906485627
87,9,0.55,0.9563780212525855
87,9,0.60,0.9850658871532917
87,9,0.65,0.965280610621154
87,9,0.70,0.9803541197286484
87,9,0.75,0.9797260607240893
87,9,0.80,0.9230109696194154
87,9,0.85,0.9535031826673573
87,9,0.90,0.9533378856583062
87,9,0.95,0.9298036266301032
88,0,0.05,0.625977739491283
88,0,0.10,0.9777794712519651
88,0,0.15,0.9973027651003371
88,0,0.20,0.9565004603569224
88,0,0.25,0.965810510977866
88,0,0.30,0.9771337596686033
88,0,0.35,0.9889551279188011
88,0,0.40,0.9856320556976013
88,0,0.45,0.9530388060966438
88,0,0.50,0.9064542694060774
88,0,0.55,0.9058174547904496
88,0,0.60,0.9764747753292912
88,0,0.65,0.9830571246171165
88,0,0.70,0.9260662532379605
88,0,0.75,0.9558245816115096
88,0,0.80,0.962208207162197
88,0,0.85,0.9013903551815543
88,0,0.90,0.9829679075210842
88,0,0.95,0.9829707907824901
88,1,0.05,0.625977739491283
88,1,0.10,0.9871578175211686
88,1,0.15,0.9736044555152882
88,1,0.20,0.9595380808649953
88,1,0.25,0.911656894160727
88,1,0.30,0.9614901429893066
88,1,0.35,0.9401504067965802
88,1,0.40,0.8335716944649083
88,1,0.45,0.9653451582595273
88,1,0.50,0.9264135541961586
88,1,0.55,0.8619625970187745
88,1,0.60,0.9549592737070359
88,1,0.65,0.8941872801484012
88,1,0.70,0.9561527872544763
88,1,0.75,0.957394450551884
88,1,0.80,0.9298648545886641
88,1,0.85,0.8768038729090021
88,1,0.90,0.9894042804780154
88,1,0.95,0.9922286139937685
88,2,0.05,-0.09828853985729546
88,2,0.10,0.9650816864670055
88,2,0.15,0.9745938688118626
88,2,0.20,0.9915563456046623
88,2,0.25,0.9113364378934143
88,2,0.30,0.9442432637288214
88,2,0.35,0.8981926015918541
88,2,0.40,0.7721967174300136
88,2,0.45,0.9326054349141009
88,2,0.50,0.9243019492799148
88,2,0.55,0.9649410243505356
88,2,0.60,0.9747289394817358
88,2,0.65,0.9687512544216679
88,2,0.70,0.9869265064940884
88,2,0.75,0.9343966578472589
88,2,0.80,0.9587251045928926
88,2,0.85,0.9623720458201088
88,2,0.90,0.9873361245072607
88,2,0.95,0.9934720355815547
88,3,0.05,-0.1107737640248847
88,3,0.10,-10.736145960247999
88,3,0.15,0.953609809737807
88,3,0.20,0.9472526291374112
88,3,0.25,0.9619712757070207
88,3,0.30,0.9841754369164307
88,3,0.35,0.9287856245981225
88,3,0.40,0.9481298865919245
88,3,0.45,0.9471910230767572
88,3,0.50,0.9073021361775955
88,3,0.55,0.9680781149153819
88,3,0.60,0.9733514487736332
88,3,0.65,0.9724715239174436
88,3,0.70,0.9384170535997274
88,3,0.75,0.9821564795161547
88,3,0.80,0.9799270298397259
88,3,0.85,0.9538475525316096
88,3,0.90,0.9803325183320113
88,3,0.95,0.9615213935413264
88,4,0.05,-0.1107737640248847
88,4,0.10,0.9821497169756973
88,4,0.15,0.9844662273500896
88,4,0.20,0.9784292852439591
88,4,0.25,0.8263128991978781
88,4,0.30,0.9841734887595057
88,4,0.35,0.9854720254924624
88,4,0.40,0.9777617379283047
88,4,0.45,0.9704374200366386
88,4,0.50,0.9787055201193667
88,4,0.55,0.987262773066453
88,4,0.60,0.9842639102967361
88,4,0.65,0.9249595670685298
88,4,0.70,0.9135530696162852
88,4,0.75,0.9511085136378541
88,4,0.80,0.9417867506057639
88,4,0.85,0.9793664441779393
88,4,0.90,0.9632414034561789
88,4,0.95,0.9766206827283243
88,5,0.05,0.625977739491283
88,5,0.10,-0.42061414380155315
88,5,0.15,0.9612114054136831
88,5,0.20,0.9254829225601342
88,5,0.25,0.964025701353396
88,5,0.30,0.9860314339572217
88,5,0.35,0.9812512309112132
88,5,0.40,0.9548021048869236
88,5,0.45,0.9224761485561872
88,5,0.50,0.7958117794316503
88,5,0.55,0.9645891503866261
88,5,0.60,0.9696371101750306
88,5,0.65,0.9895929347859367
88,5,0.70,0.9902601138352628
88,5,0.75,0.9391286255915754
88,5,0.80,0.9275676286940879
88,5,0.85,0.9384171788194324
88,5,0.90,0.9889141373884662
88,5,0.95,0.9802207726428069
88,6,0.05,-10.178348265759862
88,6,0.10,0.8861650377416457
88,6,0.15,0.9812369469429034
88,6,0.20,0.961197738063448
88,6,0.25,0.8255374858601456
88,6,0.30,0.9558823158461991
88,6,0.35,0.9174453401923284
88,6,0.40,0.8798881291266796
88,6,0.45,0.9610127129259368
88,6,0.50,0.9246749462194318
88,6,0.55,0.9698977081500153
88,6,0.60,0.9645424273013915
88,6,0.65,0.9484420619360461
88,6,0.70,0.9865077726098772
88,6,0.75,0.9421811670700158
88,6,0.80,0.9663295730289951
88,6,0.85,0.9784195173421895
88,6,0.90,0.9431446046475098
88,6,0.95,0.9342331794420298
88,7,0.05,0.4946880278217519
88,7,0.10,0.9555124602466143
88,7,0.15,0.973011765331703
88,7,0.20,0.9970207912046025
88,7,0.25,0.8902631329564308
88,7,0.30,0.9536363117559196
88,7,0.35,0.9863684672695194
88,7,0.40,0.9822365230958752
88,7,0.45,0.9809391124346961
88,7,0.50,0.8919281266713525
88,7,0.55,0.9777793136965874
88,7,0.60,0.9704298684299681
88,7,0.65,0.9655032223349831
88,7,0.70,0.9787717017726033
88,7,0.75,0.9664995723510295
88,7,0.80,0.9550332800629355
88,7,0.85,0.9583305429002957
88,7,0.90,0.9600770501660475
88,7,0.95,0.9798077371638695
88,8,0.05,-0.5891521764305021
88,8,0.10,0.9465033547095948
88,8,0.15,0.9943402752422775
88,8,0.20,0.9675959256648583
88,8,0.25,0.8692918008855637
88,8,0.30,0.9784393427171416
88,8,0.35,0.959276963334216
88,8,0.40,0.9412460577193997
88,8,0.45,0.9740530650615762
88,8,0.50,0.9443746227051256
88,8,0.55,0.983370886152964
88,8,0.60,0.9827193688627743
88,8,0.65,0.9783114728901725
88,8,0.70,0.9764788674835093
88,8,0.75,0.9600049834837133
88,8,0.80,0.9436905745759502
88,8,0.85,0.9840577568280213
88,8,0.90,0.986891515628211
88,8,0.95,0.9789484999344865
88,9,0.05,0.15137554498673222
88,9,0.10,0.9668499929605245
88,9,0.15,0.9658474656502546
88,9,0.20,0.9934171022257964
88,9,0.25,0.9845249558838354
88,9,0.30,0.9697813669742754
88,9,0.35,0.9811255301639451
88,9,0.40,0.9479330157735181
88,9,0.45,0.966412241869102
88,9,0.50,0.8125754202202684
88,9,0.55,0.9776549300578381
88,9,0.60,0.9847466420131539
88,9,0.65,0.930565846358681
88,9,0.70,0.9262323343942325
88,9,0.75,0.9705232316960245
88,9,0.80,0.9591929893698363
88,9,0.85,0.9746499455547358
88,9,0.90,0.9846116650385247
88,9,0.95,0.9926848715021264
89,0,0.05,0.7206594141513485
89,0,0.10,0.9873055133514052
89,0,0.15,0.9959302317042025
89,0,0.20,0.9590686032490011
89,0,0.25,0.9846709437845382
89,0,0.30,0.9725330625928204
89,0,0.35,0.9443123844043283
89,0,0.40,0.9720990391511993
89,0,0.45,0.9698853356683065
89,0,0.50,0.9762065330148755
89,0,0.55,0.9402930524442026
89,0,0.60,0.9794043427109843
89,0,0.65,0.9657696632750905
89,0,0.70,0.9872588615860124
89,0,0.75,0.9821472049381903
89,0,0.80,0.9765114956697032
89,0,0.85,0.9072838693411825
89,0,0.90,0.9584847589963026
89,0,0.95,0.8887960302516489
89,1,0.05,0.7206594141513485
89,1,0.10,0.9857308625475004
89,1,0.15,0.9850719513092584
89,1,0.20,0.9805125524706392
89,1,0.25,0.901446529449951
89,1,0.30,0.9696661692684275
89,1,0.35,0.9668928832931833
89,1,0.40,0.8620773216049824
89,1,0.45,0.9713152216867118
89,1,0.50,0.936170997341803
89,1,0.55,0.945945982569993
89,1,0.60,0.9706291170717861
89,1,0.65,0.9004395390982187
89,1,0.70,0.9604332267207558
89,1,0.75,0.9685182172214479
89,1,0.80,0.9426861019019996
89,1,0.85,0.9593574224089413
89,1,0.90,0.9612369045590087
89,1,0.95,0.9609447824702891
89,2,0.05,-0.19879175973086638
89,2,0.10,0.9991622633183771
89,2,0.15,0.9371685525771611
89,2,0.20,0.7651517589672888
89,2,0.25,0.9755259224037319
89,2,0.30,0.9528010311727031
89,2,0.35,0.9742954459189919
89,2,0.40,0.935930775772287
89,2,0.45,0.9585292891675368
89,2,0.50,0.9588589360117136
89,2,0.55,0.9799106540221096
89,2,0.60,0.9756506976572016
89,2,0.65,0.9851625217236929
89,2,0.70,0.9827842000529217
89,2,0.75,0.9483919011321121
89,2,0.80,0.9775388243753741
89,2,0.85,0.975616189408422
89,2,0.90,0.9809241523996607
89,2,0.95,0.9708911181472857
89,3,0.05,0.18782792917093394
89,3,0.10,-23.471192582942955
89,3,0.15,0.9607093410566528
89,3,0.20,0.973539029836122
89,3,0.25,0.9474007725553637
89,3,0.30,0.9395977751267263
89,3,0.35,0.9416202569876426
89,3,0.40,0.9351837566457479
89,3,0.45,0.9729892768444173
89,3,0.50,0.976050740944315
89,3,0.55,0.9823367278381622
89,3,0.60,0.9589959089096787
89,3,0.65,0.9565776094480681
89,3,0.70,0.8665088649045268
89,3,0.75,0.9445760312083142
89,3,0.80,0.9550952030248365
89,3,0.85,0.9887147270666716
89,3,0.90,0.983659381713259
89,3,0.95,0.9740154353666001
89,4,0.05,0.18782792917093394
89,4,0.10,0.9980490755479251
89,4,0.15,0.9956508738854738
89,4,0.20,0.9584808273216179
89,4,0.25,0.9285754075624542
89,4,0.30,0.9572587782535965
89,4,0.35,0.9620753900188631
89,4,0.40,0.9076016490232273
89,4,0.45,0.9476945635465779
89,4,0.50,0.973825050420386
89,4,0.55,0.9508783493718427
89,4,0.60,0.9863727344122897
89,4,0.65,0.9555446370535301
89,4,0.70,0.968224570405764
89,4,0.75,0.9684342661482273
89,4,0.80,0.9657262581890254
89,4,0.85,0.9862742733618567
89,4,0.90,0.9762763994335532
89,4,0.95,0.9680377641992126
89,5,0.05,0.7206594141513485
89,5,0.10,0.31202362115782656
89,5,0.15,0.9649966359678211
89,5,0.20,0.9660462123290133
89,5,0.25,0.9905892122039544
89,5,0.30,0.9898421518679988
89,5,0.35,0.9839409704682374
89,5,0.40,0.9651058962573006
89,5,0.45,0.9683934579346405
89,5,0.50,0.8871879221642407
89,5,0.55,0.9429947676276774
89,5,0.60,0.9837883454545439
89,5,0.65,0.9673393924591966
89,5,0.70,0.9647513346911184
89,5,0.75,0.96647089703758
89,5,0.80,0.9402971732570237
89,5,0.85,0.9609797120239101
89,5,0.90,0.9908862916361499
89,5,0.95,0.9820932157438506
89,6,0.05,-6.291924107973662
89,6,0.10,0.9469427495724144
89,6,0.15,0.9930079819416454
89,6,0.20,0.9880908922026573
89,6,0.25,0.9801117867864205
89,6,0.30,0.9851520292004862
89,6,0.35,0.9220674736865383
89,6,0.40,0.9795648749917558
89,6,0.45,0.9820355958241126
89,6,0.50,0.9569408601466538
89,6,0.55,0.9385293007653445
89,6,0.60,0.9617037671100928
89,6,0.65,0.9245779853477741
89,6,0.70,0.9916214659148934
89,6,0.75,0.9724487435880342
89,6,0.80,0.9842728261358827
89,6,0.85,0.984433750773525
89,6,0.90,0.9499242045214809
89,6,0.95,0.9669750746228718
89,7,0.05,0.45786691335088137
89,7,0.10,0.9566729065231818
89,7,0.15,0.9769346344199683
89,7,0.20,0.9244450159858169
89,7,0.25,0.8658957035219073
89,7,0.30,0.9519260926163556
89,7,0.35,0.9415230381609279
89,7,0.40,0.9562350060720153
89,7,0.45,0.9889182021377243
89,7,0.50,0.988505264761045
89,7,0.55,0.984216583468989
89,7,0.60,0.9849284536724415
89,7,0.65,0.9775398689287841
89,7,0.70,0.9274117291994975
89,7,0.75,0.9462039602868474
89,7,0.80,0.9318566390135936
89,7,0.85,0.9687643336340057
89,7,0.90,0.9756813634260767
89,7,0.95,0.9813481132765863
89,8,0.05,-2.6941139669753476
89,8,0.10,0.9543279136860903
89,8,0.15,0.9781279598921895
89,8,0.20,0.9387287356437062
89,8,0.25,0.9097443140283126
89,8,0.30,0.9075744671733655
89,8,0.35,0.9628314668998977
89,8,0.40,0.9339102834643838
89,8,0.45,0.971916018722837
89,8,0.50,0.9764702320775902
89,8,0.55,0.9431920918619154
89,8,0.60,0.916119853524038
89,8,0.65,0.9804509252677792
89,8,0.70,0.9779001589219058
89,8,0.75,0.9293162483540445
89,8,0.80,0.9673237424958413
89,8,0.85,0.970015459014906
89,8,0.90,0.971792573674506
89,8,0.95,0.9469474225381993
89,9,0.05,0.09173743264935663
89,9,0.10,0.9417267113492491
89,9,0.15,0.9942647108299072
89,9,0.20,0.9757071042243766
89,9,0.25,0.960979650783512
89,9,0.30,0.9219260469442863
89,9,0.35,0.9571976294292883
89,9,0.40,0.9518200009938512
89,9,0.45,0.9770651011669551
89,9,0.50,0.9246864315762109
89,9,0.55,0.9803404525636502
89,9,0.60,0.9604790570468831
89,9,0.65,0.9362686687327019
89,9,0.70,0.9800641850217487
89,9,0.75,0.9796978306985307
89,9,0.80,0.927482789727033
89,9,0.85,0.9818231476342507
89,9,0.90,0.9775660161223358
89,9,0.95,0.9758331822802043
90,0,0.05,0.8954848109044518
90,0,0.10,0.921378570386419
90,0,0.15,0.9764228091998352
90,0,0.20,0.9880508113924359
90,0,0.25,0.9826410918791878
90,0,0.30,0.8908287053856553
90,0,0.35,0.9582510233430522
90,0,0.40,0.9679023924528039
90,0,0.45,0.9016897106164237
90,0,0.50,0.9735354262431166
90,0,0.55,0.9686671445124565
90,0,0.60,0.9717798202448609
90,0,0.65,0.9793989158906473
90,0,0.70,0.9702761896760826
90,0,0.75,0.9759619584828377
90,0,0.80,0.9769966129207993
90,0,0.85,0.8998690625892851
90,0,0.90,0.9861240978573557
90,0,0.95,0.9745714439844084
90,1,0.05,0.8954848109044518
90,1,0.10,0.948841059999349
90,1,0.15,0.9432727466877932
90,1,0.20,0.871845461447085
90,1,0.25,0.8784592401109063
90,1,0.30,0.9416368554670133
90,1,0.35,0.8933766541388566
90,1,0.40,0.9042505397053222
90,1,0.45,0.967309644602223
90,1,0.50,0.9851191356950689
90,1,0.55,0.9688476394799064
90,1,0.60,0.9657867446224718
90,1,0.65,0.9038404160040393
90,1,0.70,0.9749674795712756
90,1,0.75,0.9620821488002745
90,1,0.80,0.9830355409747696
90,1,0.85,0.9833843590906428
90,1,0.90,0.9676631038309003
90,1,0.95,0.9641430862345401
90,2,0.05,-1.4779433583588149
90,2,0.10,0.701838736819103
90,2,0.15,0.9653751701464268
90,2,0.20,0.269510051158123
90,2,0.25,0.9766181876056885
90,2,0.30,0.9594080996371377
90,2,0.35,0.9162537739391537
90,2,0.40,0.8693801663648147
90,2,0.45,0.9626609129558467
90,2,0.50,0.9794023721250891
90,2,0.55,0.9245739392842343
90,2,0.60,0.9483180115941421
90,2,0.65,0.9774770909996948
90,2,0.70,0.9782818603972684
90,2,0.75,0.9576147757167849
90,2,0.80,0.9415436959566534
90,2,0.85,0.9795585277800214
90,2,0.90,0.9648064511428204
90,2,0.95,0.9607186115756566
90,3,0.05,0.3497302901841357
90,3,0.10,0.7422799996439526
90,3,0.15,0.9876072568945601
90,3,0.20,0.963821067197266
90,3,0.25,0.965367145636365
90,3,0.30,0.9486334744076709
90,3,0.35,0.8763210317631303
90,3,0.40,0.8796055675473649
90,3,0.45,0.9648813116763435
90,3,0.50,0.9662014920165709
90,3,0.55,0.9520229400805496
90,3,0.60,0.9560270779399886
90,3,0.65,0.9723573030154068
90,3,0.70,0.9562806970061135
90,3,0.75,0.9510073464961785
90,3,0.80,0.9635082534973352
90,3,0.85,0.9743096402172509
90,3,0.90,0.9830538580607971
90,3,0.95,0.9821749968812894
90,4,0.05,0.3497302901841357
90,4,0.10,0.9873910918521159
90,4,0.15,0.9594698478168252
90,4,0.20,0.9254809499453714
90,4,0.25,0.7673478934757783
90,4,0.30,0.8855402685667005
90,4,0.35,0.9151766741689062
90,4,0.40,0.900205021374398
90,4,0.45,0.9666674486532767
90,4,0.50,0.9767288476040449
90,4,0.55,0.9715551157157771
90,4,0.60,0.9788290251995293
90,4,0.65,0.9557303623568579
90,4,0.70,0.5977668106645291
90,4,0.75,0.9713250042980698
90,4,0.80,0.919039512633629
90,4,0.85,0.9411858770424267
90,4,0.90,0.9518352456973991
90,4,0.95,0.9677346865899988
90,5,0.05,0.8954848109044518
90,5,0.10,-0.38018507404843693
90,5,0.15,0.9155670087914225
90,5,0.20,0.9597976385562699
90,5,0.25,0.9428578008209425
90,5,0.30,0.8856448143604547
90,5,0.35,0.9876483231598362
90,5,0.40,0.9767647545412461
90,5,0.45,0.9656836192052124
90,5,0.50,0.9610166195186782
90,5,0.55,0.9499725515536208
90,5,0.60,0.9689445575045725
90,5,0.65,0.9633560880448273
90,5,0.70,0.9775641703313243
90,5,0.75,0.9621174443785233
90,5,0.80,0.9632979549568494
90,5,0.85,0.9808248254394307
90,5,0.90,0.9845897119837681
90,5,0.95,0.9907757218859539
90,6,0.05,-0.16671188298779538
90,6,0.10,0.9718825486126166
90,6,0.15,0.9399470372906807
90,6,0.20,0.9631301333570229
90,6,0.25,0.9016694283449221
90,6,0.30,0.9489340372110936
90,6,0.35,0.9257735487118425
90,6,0.40,0.9199703902896718
90,6,0.45,0.8857359199905175
90,6,0.50,0.9683481050002752
90,6,0.55,0.9711395116567015
90,6,0.60,0.9797305439883107
90,6,0.65,0.9363538693506861
90,6,0.70,0.9835509572084863
90,6,0.75,0.9574367670696265
90,6,0.80,0.9761347640709005
90,6,0.85,0.9706215955139689
90,6,0.90,0.9889816665892046
90,6,0.95,0.9855402605461813
90,7,0.05,0.8118082447818044
90,7,0.10,0.9805856200559225
90,7,0.15,0.996484551772811
90,7,0.20,0.9850084182524376
90,7,0.25,0.9823023925015825
90,7,0.30,0.9610091165240869
90,7,0.35,0.976504106089043
90,7,0.40,0.980309646209307
90,7,0.45,0.9631393956702292
90,7,0.50,0.9684310117248268
90,7,0.55,0.9366341923615318
90,7,0.60,0.9583092549255428
90,7,0.65,0.9526717740611017
90,7,0.70,0.9331559600166326
90,7,0.75,0.9213948472744733
90,7,0.80,0.8911583577219352
90,7,0.85,0.8930504165706202
90,7,0.90,0.9914098700459153
90,7,0.95,0.961718181157424
90,8,0.05,-55.95127928045642
90,8,0.10,0.9765409386610996
90,8,0.15,0.9304663199196148
90,8,0.20,0.9623275689120679
90,8,0.25,0.9513705439906847
90,8,0.30,0.9624670253488024
90,8,0.35,0.9546750012397011
90,8,0.40,0.9555575716029628
90,8,0.45,0.9669878937918169
90,8,0.50,0.9657198347757424
90,8,0.55,0.9446326454014327
90,8,0.60,0.9494170154979353
90,8,0.65,0.9659539352898369
90,8,0.70,0.9468823143866673
90,8,0.75,0.954874602091347
90,8,0.80,0.9544951228203202
90,8,0.85,0.9426922743268424
90,8,0.90,0.9754886317171064
90,8,0.95,0.9794533086681925
90,9,0.05,-2.334804588948585
90,9,0.10,0.9703469307141019
90,9,0.15,0.9839859062234011
90,9,0.20,0.9456792511203683
90,9,0.25,0.9907850957941423
90,9,0.30,0.9742880015295537
90,9,0.35,0.9795291278478
90,9,0.40,0.9448762710116161
90,9,0.45,0.9755052765448231
90,9,0.50,0.930545803707645
90,9,0.55,0.9833215259398114
90,9,0.60,0.9420542093415148
90,9,0.65,0.8818344966238514
90,9,0.70,0.96918787242728
90,9,0.75,0.9565509169215808
90,9,0.80,0.9362475496478463
90,9,0.85,0.9614516037414021
90,9,0.90,0.9762674315881167
90,9,0.95,0.9835832530124426
91,0,0.05,0.7724399326087489
91,0,0.10,0.8932155617127528
91,0,0.15,0.9577633028773018
91,0,0.20,0.9513109622110912
91,0,0.25,0.963461697386743
91,0,0.30,0.9489555983205071
91,0,0.35,0.9761208281018232
91,0,0.40,0.9444396584166816
91,0,0.45,0.9767206789667557
91,0,0.50,0.949475323571551
91,0,0.55,0.9584155292417301
91,0,0.60,0.9307862069674089
91,0,0.65,0.9443964496222275
91,0,0.70,0.9699908928214144
91,0,0.75,0.9860046276903862
91,0,0.80,0.9662014983323101
91,0,0.85,0.9500454666262432
91,0,0.90,0.9671368904691311
91,0,0.95,0.9741428954688328
91,1,0.05,0.7724399326087489
91,1,0.10,0.93778596620264
91,1,0.15,0.9196864400285656
91,1,0.20,0.9640852924367559
91,1,0.25,0.8735509057718382
91,1,0.30,0.9302051936516184
91,1,0.35,0.9017960572129642
91,1,0.40,0.9787436259657165
91,1,0.45,0.9648889293796472
91,1,0.50,0.9516663732263118
91,1,0.55,0.886896567226169
91,1,0.60,0.9462077006711614
91,1,0.65,0.9363030932708891
91,1,0.70,0.9767819608157023
91,1,0.75,0.9575768037588611
91,1,0.80,0.9315219698636049
91,1,0.85,0.8580571731802817
91,1,0.90,0.9534023939191687
91,1,0.95,0.9766207143530133
91,2,0.05,-0.7553121936859408
91,2,0.10,0.968375346324807
91,2,0.15,0.9909625775331482
91,2,0.20,0.997043458440757
91,2,0.25,0.9467793316919949
91,2,0.30,0.8771607979072609
91,2,0.35,0.593489235611695
91,2,0.40,0.7828227160081634
91,2,0.45,0.985158528474685
91,2,0.50,0.9330915473241682
91,2,0.55,0.9258721581284609
91,2,0.60,0.9217498400459968
91,2,0.65,0.9625076015857134
91,2,0.70,0.9867904343322064
91,2,0.75,0.9805207909180054
91,2,0.80,0.9812654513894465
91,2,0.85,0.9838964754544495
91,2,0.90,0.9706017394046487
91,2,0.95,0.9794512184177651
91,3,0.05,-0.09779685327050824
91,3,0.10,-55.07749515715356
91,3,0.15,0.949239001540531
91,3,0.20,0.9240937557319288
91,3,0.25,0.9237825649398794
91,3,0.30,0.9491148314845101
91,3,0.35,0.9206394862909149
91,3,0.40,0.9213626590869923
91,3,0.45,0.9222738780370394
91,3,0.50,0.7740034730208302
91,3,0.55,0.9188320634997194
91,3,0.60,0.9550127493615502
91,3,0.65,0.8118351122239849
91,3,0.70,0.8933770000436837
91,3,0.75,0.9459561470864086
91,3,0.80,0.9509259741250198
91,3,0.85,0.9444776076005827
91,3,0.90,0.9715971197979799
91,3,0.95,0.9629086858179992
91,4,0.05,-0.09779685327050824
91,4,0.10,0.9108266169248059
91,4,0.15,0.9262183636920565
91,4,0.20,0.8994735654542763
91,4,0.25,0.6289625494206272
91,4,0.30,0.962186322601558
91,4,0.35,0.9422270741768668
91,4,0.40,0.9831915214228597
91,4,0.45,0.9586365813827906
91,4,0.50,0.970965266887146
91,4,0.55,0.9460003833401724
91,4,0.60,0.9787378661868353
91,4,0.65,0.9212186992930143
91,4,0.70,0.9388715838334755
91,4,0.75,0.9674986527337743
91,4,0.80,0.9451484695650427
91,4,0.85,0.985806266131692
91,4,0.90,0.9912131413270686
91,4,0.95,0.9903966125381094
91,5,0.05,0.7724399326087489
91,5,0.10,0.9483306530653094
91,5,0.15,0.9141539849192645
91,5,0.20,0.7823555789566031
91,5,0.25,0.9712607415477744
91,5,0.30,0.9581194341191954
91,5,0.35,0.9842416419290245
91,5,0.40,0.8386670969508565
91,5,0.45,0.9778613904179764
91,5,0.50,0.8817682695261186
91,5,0.55,0.9197910150731069
91,5,0.60,0.9812079795148653
91,5,0.65,0.9479612701184434
91,5,0.70,0.9573438662920822
91,5,0.75,0.9392343932314227
91,5,0.80,0.9683534728633739
91,5,0.85,0.9546204749152614
91,5,0.90,0.9253237685660536
91,5,0.95,0.9875942408562592
91,6,0.05,-10.008665958060176
91,6,0.10,0.6467781796119582
91,6,0.15,0.9707759497343118
91,6,0.20,0.7043421387872519
91,6,0.25,0.915948301577401
91,6,0.30,0.9853067470973397
91,6,0.35,0.8701308834918369
91,6,0.40,0.9541910010801571
91,6,0.45,0.9780111000388696
91,6,0.50,0.8813120642604102
91,6,0.55,0.8469854182990606
91,6,0.60,0.9208953755226451
91,6,0.65,0.8987146307162638
91,6,0.70,0.9843304553997544
91,6,0.75,0.9730417426559681
91,6,0.80,0.9491738681011157
91,6,0.85,0.9509330235033391
91,6,0.90,0.9606903921172175
91,6,0.95,0.9642967616642347
91,7,0.05,0.4653994320048461
91,7,0.10,0.9137591275075865
91,7,0.15,0.6267646028906009
91,7,0.20,0.9822233942640353
91,7,0.25,0.8785452209365766
91,7,0.30,0.9719982327894545
91,7,0.35,0.9213639995678355
91,7,0.40,0.9863827688215414
91,7,0.45,0.9662199015907954
91,7,0.50,0.9239596063135815
91,7,0.55,0.9687610250380819
91,7,0.60,0.9811938416380479
91,7,0.65,0.9748182157666446
91,7,0.70,0.9769954015455193
91,7,0.75,0.9208958109888282
91,7,0.80,0.9667555807206849
91,7,0.85,0.975373245336809
91,7,0.90,0.9654665857950706
91,7,0.95,0.9609354981736286
91,8,0.05,-44.85213525046135
91,8,0.10,0.9239955078057134
91,8,0.15,0.8981581736151204
91,8,0.20,0.8489431921784799
91,8,0.25,0.9785691444818537
91,8,0.30,0.8868840426021211
91,8,0.35,0.9081180603428619
91,8,0.40,0.9251038464152052
91,8,0.45,0.93688207077922
91,8,0.50,0.9778406824643582
91,8,0.55,0.9741094993899511
91,8,0.60,0.9334767665262973
91,8,0.65,0.9700574923916637
91,8,0.70,0.9811609473140678
91,8,0.75,0.9675334713497618
91,8,0.80,0.9590564630183499
91,8,0.85,0.9521649606126953
91,8,0.90,0.9733861693231999
91,8,0.95,0.9557752324049518
91,9,0.05,-0.4301612633739289
91,9,0.10,0.8145682447654493
91,9,0.15,0.6423278555744536
91,9,0.20,0.9636845605829485
91,9,0.25,0.9141869295591523
91,9,0.30,0.8238272724075104
91,9,0.35,0.9038692515802169
91,9,0.40,0.9484446920137755
91,9,0.45,0.9480989798017744
91,9,0.50,0.9490482126801281
91,9,0.55,0.9613018427374478
91,9,0.60,0.9682144181532746
91,9,0.65,0.9768966638972006
91,9,0.70,0.9922367381057005
91,9,0.75,0.9764685670442808
91,9,0.80,0.9751977213639669
91,9,0.85,0.9206850718003032
91,9,0.90,0.9562310790071493
91,9,0.95,0.9766336145149566
92,0,0.05,0.5596545028088211
92,0,0.10,-0.4584044338167703
92,0,0.15,0.874612794511256
92,0,0.20,0.8664855745117556
92,0,0.25,0.3411869549539035
92,0,0.30,0.8615005022729185
92,0,0.35,0.9006363558615994
92,0,0.40,0.9330514535797128
92,0,0.45,0.9807769351166673
92,0,0.50,0.8009222394600524
92,0,0.55,0.9316932144376261
92,0,0.60,0.8949027183341306
92,0,0.65,0.9858773366439395
92,0,0.70,0.9137441363979028
92,0,0.75,0.8883440185293934
92,0,0.80,0.9306221595647363
92,0,0.85,0.9155575266702227
92,0,0.90,0.9894785764871173
92,0,0.95,0.9771801144714597
92,1,0.05,0.5596545028088211
92,1,0.10,0.3054370697019613
92,1,0.15,-2.172856655574886
92,1,0.20,-1.269662081926926
92,1,0.25,0.8892023198569367
92,1,0.30,0.9135758313639555
92,1,0.35,0.8030871762141306
92,1,0.40,0.9086388490593973
92,1,0.45,0.9746387684180647
92,1,0.50,0.9891634938311049
92,1,0.55,0.9192407769903747
92,1,0.60,0.9821822424853556
92,1,0.65,0.9542936828742461
92,1,0.70,0.9762184717570541
92,1,0.75,0.913430664795833
92,1,0.80,0.9494520565779636
92,1,0.85,0.975468246659806
92,1,0.90,0.9583903345034698
92,1,0.95,0.982386179914312
92,2,0.05,-5.229664772066767
92,2,0.10,0.7895716817214575
92,2,0.15,0.8717754843292513
92,2,0.20,0.8075863481293519
92,2,0.25,0.9433978448027369
92,2,0.30,0.9132031002281836
92,2,0.35,0.650452442487315
92,2,0.40,0.9119827107607581
92,2,0.45,0.9005092633947476
92,2,0.50,0.9581059186703114
92,2,0.55,0.9358855176577434
92,2,0.60,0.9176177871236566
92,2,0.65,0.9706245909270385
92,2,0.70,0.949047214890307
92,2,0.75,0.9670579956980168
92,2,0.80,0.976501654758368
92,2,0.85,0.9657915610297402
92,2,0.90,0.9653546627829267
92,2,0.95,0.9758795682582881
92,3,0.05,0.46084862899503476
92,3,0.10,-4.9159075449275464
92,3,0.15,0.48971544380621834
92,3,0.20,0.6145921284366354
92,3,0.25,0.6581429631277993
92,3,0.30,0.9405068801468063
92,3,0.35,0.7364686502880741
92,3,0.40,0.9861961819081969
92,3,0.45,0.8947896989393384
92,3,0.50,0.8791426672020235
92,3,0.55,0.9670090676247141
92,3,0.60,0.9279607544823834
92,3,0.65,0.957279034209144
92,3,0.70,0.8827801273128296
92,3,0.75,0.914274988422509
92,3,0.80,0.9704089715043972
92,3,0.85,0.9281309032327922
92,3,0.90,0.8435681324526068
92,3,0.95,0.9321864158600495
92,4,0.05,0.46084862899503476
92,4,0.10,0.7878773511886679
92,4,0.15,0.8680596147159312
92,4,0.20,0.8344319409960098
92,4,0.25,0.6443706476282872
92,4,0.30,0.7233329954735924
92,4,0.35,0.8412621204467983
92,4,0.40,0.9617861374398707
92,4,0.45,0.9719452341931005
92,4,0.50,0.9917807047723946
92,4,0.55,0.9227733254308571
92,4,0.60,0.9547620781878009
92,4,0.65,0.9114639566982307
92,4,0.70,0.919022970431778
92,4,0.75,0.8973448009390009
92,4,0.80,0.9574178285453137
92,4,0.85,0.9523941905894527
92,4,0.90,0.9783985485175642
92,4,0.95,0.9570447241634312
92,5,0.05,0.5596545028088211
92,5,0.10,-0.34772814290003495
92,5,0.15,-1.3833039087746997
92,5,0.20,0.7346451015005867
92,5,0.25,0.8614709723353304
92,5,0.30,0.7972106228065816
92,5,0.35,0.6870187478445176
92,5,0.40,0.9500503620010705
92,5,0.45,0.9319256628214162
92,5,0.50,0.9520130474960965
92,5,0.55,0.9850016525908242
92,5,0.60,0.8913566265984127
92,5,0.65,0.9864934102980343
92,5,0.70,0.9861020326109565
92,5,0.75,0.9338189660240775
92,5,0.80,0.9053758215975984
92,5,0.85,0.9673920685876584
92,5,0.90,0.9827339751265294
92,5,0.95,0.9855384522458324
92,6,0.05,-1.7505313953126374
92,6,0.10,0.6840667203666504
92,6,0.15,0.8708997470484592
92,6,0.20,0.5347780481139339
92,6,0.25,0.8188715799032513
92,6,0.30,0.948309991089216
92,6,0.35,0.7935506630837668
92,6,0.40,0.9497136056858807
92,6,0.45,0.9604584972265784
92,6,0.50,0.8656128476222157
92,6,0.55,0.9632049265811207
92,6,0.60,0.939437316136042
92,6,0.65,0.9396598023685012
92,6,0.70,0.977065552182061
92,6,0.75,0.9561922930749363
92,6,0.80,0.9795891560249429
92,6,0.85,0.9681211949769941
92,6,0.90,0.9680480258439944
92,6,0.95,0.8874385050067584
92,7,0.05,0.3273090576649178
92,7,0.10,-7.314800175951882
92,7,0.15,0.36338454264186437
92,7,0.20,0.8180653133606405
92,7,0.25,0.7962513641742565
92,7,0.30,0.9508189746632044
92,7,0.35,0.8214144596949198
92,7,0.40,0.940880977791306
92,7,0.45,0.9617257000439376
92,7,0.50,0.8645610987883061
92,7,0.55,0.9567231780796159
92,7,0.60,0.9591115820797029
92,7,0.65,0.9242842533702366
92,7,0.70,0.9424519090418018
92,7,0.75,0.9449961399666745
92,7,0.80,0.9662077309289433
92,7,0.85,0.9131357607478912
92,7,0.90,0.9673970941158792
92,7,0.95,0.9334972100898546
92,8,0.05,-10.852004536938484
92,8,0.10,-2.3384166229626757
92,8,0.15,0.8254575030731703
92,8,0.20,0.8904565453524942
92,8,0.25,0.8909505844093947
92,8,0.30,0.9414555135320607
92,8,0.35,0.8054572834609078
92,8,0.40,0.9152925051105717
92,8,0.45,0.9527972968671045
92,8,0.50,0.9665240405014356
92,8,0.55,0.9684459613501192
92,8,0.60,0.9750018369462536
92,8,0.65,0.8982835407842323
92,8,0.70,0.9611423960840916
92,8,0.75,0.9384367942562251
92,8,0.80,0.9350288805356207
92,8,0.85,0.9264330679351204
92,8,0.90,0.9677678125960223
92,8,0.95,0.9755706075595119
92,9,0.05,-5.439653519036188
92,9,0.10,0.6761141116086936
92,9,0.15,0.8140249272720324
92,9,0.20,0.6839324482077294
92,9,0.25,0.5025974484550548
92,9,0.30,0.9314262567782081
92,9,0.35,0.9263175334242563
92,9,0.40,0.9764322863828636
92,9,0.45,0.9022444204285075
92,9,0.50,0.887411177631159
92,9,0.55,0.981639752621613
92,9,0.60,0.9841090378592832
92,9,0.65,0.9595938622196217
92,9,0.70,0.9386023406633852
92,9,0.75,0.9628245765479673
92,9,0.80,0.9758305237594619
92,9,0.85,0.9857596664523118
92,9,0.90,0.9879748695925408
92,9,0.95,0.9755295301225981
93,0,0.05,0.742083114719817
93,0,0.10,0.8834822739005481
93,0,0.15,0.9195192271768994
93,0,0.20,0.8976738597371
93,0,0.25,0.9590222882295913
93,0,0.30,0.975487155157956
93,0,0.35,0.9604835298066083
93,0,0.40,0.971580066928714
93,0,0.45,0.9777373876514075
93,0,0.50,0.9385511486723319
93,0,0.55,0.9198760682342034
93,0,0.60,0.9516637496247866
93,0,0.65,0.9675373144801676
93,0,0.70,0.9671548238154398
93,0,0.75,0.9707507088518844
93,0,0.80,0.959985224954159
93,0,0.85,0.9251811269159791
93,0,0.90,0.9817852028696307
93,0,0.95,0.9753533301462987
93,1,0.05,0.742083114719817
93,1,0.10,0.6285832710173709
93,1,0.15,0.9398182019817902
93,1,0.20,0.9483973220546494
93,1,0.25,0.900735765930598
93,1,0.30,0.9066571264260163
93,1,0.35,0.9520706584896967
93,1,0.40,0.9059724566398243
93,1,0.45,0.9585719188802436
93,1,0.50,0.9553094600234839
93,1,0.55,0.9545700472781634
93,1,0.60,0.9427229896178763
93,1,0.65,0.9357276445998151
93,1,0.70,0.9845203918377182
93,1,0.75,0.923688587788785
93,1,0.80,0.9554343389793346
93,1,0.85,0.9095926674470345
93,1,0.90,0.9142651457153038
93,1,0.95,0.9747213825738666
93,2,0.05,-0.11373630522241962
93,2,0.10,0.7891090007287919
93,2,0.15,0.8234777578081187
93,2,0.20,0.9627688364579233
93,2,0.25,0.9565288690398888
93,2,0.30,0.9632584628624431
93,2,0.35,0.9731488433945307
93,2,0.40,0.8782400167221631
93,2,0.45,0.9412927725960183
93,2,0.50,0.9759383700801703
93,2,0.55,0.9603885920420085
93,2,0.60,0.9752025981474499
93,2,0.65,0.964557311113228
93,2,0.70,0.947354820882034
93,2,0.75,0.9524429813329259
93,2,0.80,0.9663112129007948
93,2,0.85,0.9706412524410557
93,2,0.90,0.9814271924564317
93,2,0.95,0.9694234806677359
93,3,0.05,0.3450781130449805
93,3,0.10,-3.7392298374181525
93,3,0.15,0.8614351191819879
93,3,0.20,0.9265204477563681
93,3,0.25,0.9236692508020053
93,3,0.30,0.9897671359781013
93,3,0.35,0.9749306465343415
93,3,0.40,0.9628673730433998
93,3,0.45,0.9712998648058142
93,3,0.50,0.942984582768974
93,3,0.55,0.986446749934192
93,3,0.60,0.9572411237924585
93,3,0.65,0.9820494360926816
93,3,0.70,0.9312423144655224
93,3,0.75,0.9805269521876285
93,3,0.80,0.9517934425617884
93,3,0.85,0.9708827528916228
93,3,0.90,0.9874237541170412
93,3,0.95,0.9794171116759365
93,4,0.05,0.3450781130449805
93,4,0.10,0.9717221237612438
93,4,0.15,0.9244432991096285
93,4,0.20,0.96066676667763
93,4,0.25,0.910841196248246
93,4,0.30,0.9809888367064644
93,4,0.35,0.9743656192809351
93,4,0.40,0.9706137547999739
93,4,0.45,0.983521875217096
93,4,0.50,0.990453031587356
93,4,0.55,0.9619616031436513
93,4,0.60,0.9216419085901434
93,4,0.65,0.9851845565346573
93,4,0.70,0.9320950078621419
93,4,0.75,0.9664431187822298
93,4,0.80,0.9263423550218136
93,4,0.85,0.959764871231096
93,4,0.90,0.9685305969477004
93,4,0.95,0.9904462243912571
93,5,0.05,0.742083114719817
93,5,0.10,0.816429477637848
93,5,0.15,0.8222762959661477
93,5,0.20,0.899898906245699
93,5,0.25,0.9155357339259189
93,5,0.30,0.9687547209896186
93,5,0.35,0.9678464157682114
93,5,0.40,0.9689615283192384
93,5,0.45,0.9649287864649296
93,5,0.50,0.6983871231660027
93,5,0.55,0.9815755419535753
93,5,0.60,0.9903387124970074
93,5,0.65,0.9817006271424229
93,5,0.70,0.9898474796457171
93,5,0.75,0.9825813138488224
93,5,0.80,0.9759752686162738
93,5,0.85,0.991404304056695
93,5,0.90,0.9791277695906991
93,5,0.95,0.9611411693956755
93,6,0.05,-5.410896714302866
93,6,0.10,0.0326627881030227
93,6,0.15,0.9954904820305482
93,6,0.20,0.8041807900326509
93,6,0.25,0.9559827354821868
93,6,0.30,0.9718464659050596
93,6,0.35,0.961610536684317
93,6,0.40,0.9863278741192201
93,6,0.45,0.9700707236073469
93,6,0.50,0.9139534227270383
93,6,0.55,0.9699399546832531
93,6,0.60,0.9857012108067131
93,6,0.65,0.9565346103255303
93,6,0.70,0.9831193943702874
93,6,0.75,0.9427977679917622
93,6,0.80,0.9680408532779824
93,6,0.85,0.9729451698452829
93,6,0.90,0.9819429063409012
93,6,0.95,0.9547698103957689
93,7,0.05,0.26027147357497715
93,7,0.10,0.9971277785685845
93,7,0.15,0.9419248723836926
93,7,0.20,0.8800235645062696
93,7,0.25,0.857849557365707
93,7,0.30,0.9604353506363071
93,7,0.35,0.9385100154318717
93,7,0.40,0.9302284511551734
93,7,0.45,0.992144077454371
93,7,0.50,0.9404301040668999
93,7,0.55,0.9461481548996559
93,7,0.60,0.9573037719728479
93,7,0.65,0.9509024778539911
93,7,0.70,0.975902740789174
93,7,0.75,0.9467230472795478
93,7,0.80,0.9652314379489224
93,7,0.85,0.94840697690123
93,7,0.90,0.9731575283108824
93,7,0.95,0.9819488416571902
93,8,0.05,-0.8090005416002084
93,8,0.10,0.9863924604240643
93,8,0.15,0.9751378769641805
93,8,0.20,0.8935565616662022
93,8,0.25,0.9552141446258473
93,8,0.30,0.9780266448542343
93,8,0.35,0.9654130601375388
93,8,0.40,0.9256933976383599
93,8,0.45,0.9474819520338223
93,8,0.50,0.9680572081351667
93,8,0.55,0.9206196069238194
93,8,0.60,0.9487310041574674
93,8,0.65,0.957570202013474
93,8,0.70,0.9229661526404452
93,8,0.75,0.9514897332784797
93,8,0.80,0.9753630824836569
93,8,0.85,0.8883099224979042
93,8,0.90,0.980503820205522
93,8,0.95,0.9724161821019897
93,9,0.05,0.16898067604187028
93,9,0.10,0.8187849991498404
93,9,0.15,0.925599497030907
93,9,0.20,0.8835136626229148
93,9,0.25,0.8776331436787059
93,9,0.30,0.9800985552960113
93,9,0.35,0.967198737149243
93,9,0.40,0.9540055832552244
93,9,0.45,0.9660138481317198
93,9,0.50,0.9872015235891947
93,9,0.55,0.9339800311133177
93,9,0.60,0.9679467148374021
93,9,0.65,0.9685386720608842
93,9,0.70,0.9762316714275412
93,9,0.75,0.9750135791435779
93,9,0.80,0.9442793074692378
93,9,0.85,0.9473883521863635
93,9,0.90,0.9770951114430144
93,9,0.95,0.9840082531903858
94,0,0.05,0.7420825228632555
94,0,0.10,0.9574853231856543
94,0,0.15,0.9473928836691268
94,0,0.20,0.9856132663946675
94,0,0.25,0.9909188512393671
94,0,0.30,0.8584697368504982
94,0,0.35,0.9629952773163247
94,0,0.40,0.7882894303786604
94,0,0.45,0.8774867543484843
94,0,0.50,0.9742376511896603
94,0,0.55,0.8341089953308022
94,0,0.60,0.9703465578848767
94,0,0.65,0.9786008113551097
94,0,0.70,0.9597192281408246
94,0,0.75,0.9665897106882974
94,0,0.80,0.9801058316640506
94,0,0.85,0.963491720972037
94,0,0.90,0.9754110859679356
94,0,0.95,0.9843314578543418
94,1,0.05,0.7420825228632555
94,1,0.10,0.9739470918638876
94,1,0.15,0.9522989160915404
94,1,0.20,0.8843954356611206
94,1,0.25,0.8666152637863825
94,1,0.30,0.8785947255906443
94,1,0.35,0.8488247804236876
94,1,0.40,0.8655226857805235
94,1,0.45,0.975338312967874
94,1,0.50,0.896640631283184
94,1,0.55,0.9670010497359918
94,1,0.60,0.9704559862287775
94,1,0.65,0.9708419843617798
94,1,0.70,0.9778346689090378
94,1,0.75,0.9636177474638711
94,1,0.80,0.9766986154048914
94,1,0.85,0.9454710133269756
94,1,0.90,0.8697853263864518
94,1,0.95,0.991970950769318
94,2,0.05,-0.5706792565616505
94,2,0.10,0.946410626861478
94,2,0.15,0.9425818702237706
94,2,0.20,0.7191919846775234
94,2,0.25,0.8723483442175748
94,2,0.30,0.9742707336821012
94,2,0.35,0.501366911438093
94,2,0.40,0.8067059605585216
94,2,0.45,0.8622841529114258
94,2,0.50,0.9465240906720435
94,2,0.55,0.8667232823698687
94,2,0.60,0.9276623233247466
94,2,0.65,0.9615018065993027
94,2,0.70,0.9854584642847222
94,2,0.75,0.9485096369883887
94,2,0.80,0.9666754615714328
94,2,0.85,0.9580515608782122
94,2,0.90,0.9712635362162286
94,2,0.95,0.9678460333438894
94,3,0.05,0.3450781130449805
94,3,0.10,-9.444883200131853
94,3,0.15,0.9351671633621254
94,3,0.20,0.8899386831827532
94,3,0.25,0.9238790752099282
94,3,0.30,0.8947164525934402
94,3,0.35,0.7668590526645835
94,3,0.40,0.9081812545264634
94,3,0.45,0.9414895677854357
94,3,0.50,0.9463440924944302
94,3,0.55,0.9215233730628439
94,3,0.60,0.9707626777343333
94,3,0.65,0.9169131472181056
94,3,0.70,0.9284264115115822
94,3,0.75,0.9496023445176509
94,3,0.80,0.9590354656423344
94,3,0.85,0.959533798124709
94,3,0.90,0.9863839308059856
94,3,0.95,0.98689050120087
94,4,0.05,0.3450781130449805
94,4,0.10,0.9220576682262566
94,4,0.15,0.9084304960830908
94,4,0.20,0.9015391720244916
94,4,0.25,0.601187605866643
94,4,0.30,0.9550466683988792
94,4,0.35,0.9589698491715242
94,4,0.40,0.9667706782910575
94,4,0.45,0.9556437109004823
94,4,0.50,0.9414929216265165
94,4,0.55,0.9553904318194035
94,4,0.60,0.970859376848027
94,4,0.65,0.9591500612000328
94,4,0.70,0.9214628349990147
94,4,0.75,0.9220250793066342
94,4,0.80,0.9860017680011393
94,4,0.85,0.974040945259171
94,4,0.90,0.9857911894359409
94,4,0.95,0.9868874816055043
94,5,0.05,0.7420825228632555
94,5,0.10,0.9683440732033546
94,5,0.15,0.8568387151173448
94,5,0.20,0.8543880945976495
94,5,0.25,0.9613728413905975
94,5,0.30,0.9240392122497618
94,5,0.35,0.845984879730153
94,5,0.40,0.8040130956004452
94,5,0.45,0.9437509105288953
94,5,0.50,0.859575053757213
94,5,0.55,0.8603190544520503
94,5,0.60,0.9343611220211963
94,5,0.65,0.9702336739278584
94,5,0.70,0.9785598377145734
94,5,0.75,0.9270367850698379
94,5,0.80,0.8133655654195702
94,5,0.85,0.9794268346667284
94,5,0.90,0.9842266312770479
94,5,0.95,0.9867314253563528
94,6,0.05,-5.410896714302866
94,6,0.10,0.8325576483752585
94,6,0.15,0.9858792911283308
94,6,0.20,0.43372221853150605
94,6,0.25,0.7454493571570394
94,6,0.30,0.9540935161886298
94,6,0.35,0.6547836295300788
94,6,0.40,0.9354263532207718
94,6,0.45,0.9006750359315898
94,6,0.50,0.9370466765478755
94,6,0.55,0.9538951395177573
94,6,0.60,0.9640559005306337
94,6,0.65,0.9684365226282907
94,6,0.70,0.9911235786619791
94,6,0.75,0.9156303378107372
94,6,0.80,0.9633136881699371
94,6,0.85,0.9521844529155183
94,6,0.90,0.9813845080578574
94,6,0.95,0.9654348183350168
94,7,0.05,0.260269748532431
94,7,0.10,0.9095616757973395
94,7,0.15,0.5556819246201502
94,7,0.20,0.9453288077882456
94,7,0.25,0.8358079615712888
94,7,0.30,0.9735668136181573
94,7,0.35,0.9708736044171793
94,7,0.40,0.9305210843246253
94,7,0.45,0.9920527456302598
94,7,0.50,0.9453256911404404
94,7,0.55,0.9502023868637972
94,7,0.60,0.9668033082006191
94,7,0.65,0.9642674072360253
94,7,0.70,0.9505824192620996
94,7,0.75,0.93079871425785
94,7,0.80,0.9588769365870627
94,7,0.85,0.9808021697455758
94,7,0.90,0.9526071101664018
94,7,0.95,0.9915199158758843
94,8,0.05,-77.83604140098474
94,8,0.10,0.9608814745451232
94,8,0.15,0.9359303064802613
94,8,0.20,0.7423904271226593
94,8,0.25,0.8879011115632506
94,8,0.30,0.9038821795246852
94,8,0.35,0.9641572498996487
94,8,0.40,0.8862601947704861
94,8,0.45,0.9669023386682488
94,8,0.50,0.9655262614984227
94,8,0.55,0.9509517358200303
94,8,0.60,0.9116733010919849
94,8,0.65,0.889319389000499
94,8,0.70,0.9517800136702115
94,8,0.75,0.9638357723548745
94,8,0.80,0.9303685973699353
94,8,0.85,0.8283980071175623
94,8,0.90,0.9557120109335944
94,8,0.95,0.9745483815924378
94,9,0.05,-0.3599826263819834
94,9,0.10,0.9146476691870093
94,9,0.15,0.7732682493615959
94,9,0.20,0.9600332247390526
94,9,0.25,0.985494995173356
94,9,0.30,0.9676243427846482
94,9,0.35,0.6789590194065372
94,9,0.40,0.9493978415159868
94,9,0.45,0.9717304900399023
94,9,0.50,0.7988411963427966
94,9,0.55,0.9425774266579255
94,9,0.60,0.9624763158829193
94,9,0.65,0.9513342881475966
94,9,0.70,0.9838342651468243
94,9,0.75,0.9304058223792345
94,9,0.80,0.9641739610383759
94,9,0.85,0.9517781114861252
94,9,0.90,0.9782561714176887
94,9,0.95,0.9800740870465117
95,0,0.05,0.7420825228632555
95,0,0.10,0.9566325495426042
95,0,0.15,0.9266810013190547
95,0,0.20,0.8610339892154313
95,0,0.25,0.9077991024960853
95,0,0.30,0.9445307243270726
95,0,0.35,0.9653181874169412
95,0,0.40,0.8225135951692936
95,0,0.45,0.9406570243384612
95,0,0.50,0.9539824125404167
95,0,0.55,0.9434450435396537
95,0,0.60,0.9343105888497453
95,0,0.65,0.9692566421667933
95,0,0.70,0.9727451777627202
95,0,0.75,0.9564517621034552
95,0,0.80,0.9701117369893381
95,0,0.85,0.9775213669766285
95,0,0.90,0.9816191702939029
95,0,0.95,0.9742445422831278
95,1,0.05,0.7420825228632555
95,1,0.10,0.9957815417212428
95,1,0.15,0.8963658627496605
95,1,0.20,0.89818144208925
95,1,0.25,0.8349695706155162
95,1,0.30,0.8992813573392947
95,1,0.35,0.9427858181326553
95,1,0.40,0.9456241247727444
95,1,0.45,0.8938273426166365
95,1,0.50,0.9153210337696838
95,1,0.55,0.950417911788563
95,1,0.60,0.9237292028049244
95,1,0.65,0.947005368852356
95,1,0.70,0.974532064367391
95,1,0.75,0.9607015499009537
95,1,0.80,0.9752178515812621
95,1,0.85,0.9825977852127346
95,1,0.90,0.9384308542193989
95,1,0.95,0.9647540004559547
95,2,0.05,-0.2968985228590393
95,2,0.10,0.8218731919841448
95,2,0.15,-0.035790917542265266
95,2,0.20,0.8921880038000923
95,2,0.25,0.983941283971022
95,2,0.30,0.9437879006366098
95,2,0.35,0.8529435369682492
95,2,0.40,0.9428925370176373
95,2,0.45,0.9571064287265739
95,2,0.50,0.9523381022946606
95,2,0.55,0.9854972486058107
95,2,0.60,0.9786510982321516
95,2,0.65,0.9707843124503136
95,2,0.70,0.9655804085562143
95,2,0.75,0.9606410358884909
95,2,0.80,0.9763821618251278
95,2,0.85,0.9376132592292167
95,2,0.90,0.9671602311843963
95,2,0.95,0.9837417280209825
95,3,0.05,0.3450781130449805
95,3,0.10,-95.60295347113397
95,3,0.15,0.925387663278241
95,3,0.20,0.7734017390485073
95,3,0.25,0.83188992499334
95,3,0.30,0.8899622584121212
95,3,0.35,0.9240130231399393
95,3,0.40,0.9424606542891815
95,3,0.45,0.9186849504454743
95,3,0.50,0.876625042128417
95,3,0.55,0.9841204507958106
95,3,0.60,0.9666456196954718
95,3,0.65,0.9582481566533814
95,3,0.70,0.9695716609134726
95,3,0.75,0.9751093834902991
95,3,0.80,0.9168185541843574
95,3,0.85,0.9795059366538161
95,3,0.90,0.9932796146179521
95,3,0.95,0.9754591121507182
95,4,0.05,0.3450781130449805
95,4,0.10,0.9910625063654175
95,4,0.15,0.8800470098830152
95,4,0.20,0.9053352858970671
95,4,0.25,0.8570040046954756
95,4,0.30,0.9696643706495071
95,4,0.35,0.9733864463610922
95,4,0.40,0.8818915746914816
95,4,0.45,0.9905482339292027
95,4,0.50,0.9636232316739596
95,4,0.55,0.9372864693490718
95,4,0.60,0.9230899901443507
95,4,0.65,0.9789984629354331
95,4,0.70,0.9315333962044918
95,4,0.75,0.9751412974496103
95,4,0.80,0.9772001481652207
95,4,0.85,0.9676026334286959
95,4,0.90,0.9582656891602351
95,4,0.95,0.9638717176046172
95,5,0.05,0.7420825228632555
95,5,0.10,-0.6714099099470567
95,5,0.15,0.7221720492512929
95,5,0.20,0.8592069210590485
95,5,0.25,0.947725001528402
95,5,0.30,0.9683350803765619
95,5,0.35,0.9146175440311481
95,5,0.40,0.9635347312727117
95,5,0.45,0.9574498774823031
95,5,0.50,0.8959601275450523
95,5,0.55,0.9693221017626564
95,5,0.60,0.9560606458517356
95,5,0.65,0.9621775474742223
95,5,0.70,0.9780731327848408
95,5,0.75,0.9654320156220203
95,5,0.80,0.9315747364653094
95,5,0.85,0.980294047106149
95,5,0.90,0.9682692678512538
95,5,0.95,0.9555630202370938
95,6,0.05,-5.410880181298974
95,6,0.10,0.9640277497688485
95,6,0.15,0.9904500613982566
95,6,0.20,0.8336424109186424
95,6,0.25,0.922652086750915
95,6,0.30,0.9625935230567337
95,6,0.35,0.9597624990737108
95,6,0.40,0.979217887458517
95,6,0.45,0.9455354629474209
95,6,0.50,0.9064687489196515
95,6,0.55,0.9857597131668346
95,6,0.60,0.9756485387273246
95,6,0.65,0.9370117232218919
95,6,0.70,0.9725248141389939
95,6,0.75,0.9500711633457607
95,6,0.80,0.9672524000545207
95,6,0.85,0.9875242176704969
95,6,0.90,0.9890743886540265
95,6,0.95,0.976629869034615
95,7,0.05,0.260269748532431
95,7,0.10,0.8745905530249913
95,7,0.15,0.9569103348711598
95,7,0.20,0.859627254079399
95,7,0.25,0.6741255356952085
95,7,0.30,0.9800041050851611
95,7,0.35,0.9732346629645079
95,7,0.40,0.9757431498940807
95,7,0.45,0.945313157271947
95,7,0.50,0.903778784220544
95,7,0.55,0.9668719098438963
95,7,0.60,0.9651885599082214
95,7,0.65,0.9773585388136252
95,7,0.70,0.9628238332104408
95,7,0.75,0.950457470035597
95,7,0.80,0.9390175261881287
95,7,0.85,0.9517920084443917
95,7,0.90,0.9896914733256759
95,7,0.95,0.9709763153864983
95,8,0.05,-8.188125737260828
95,8,0.10,0.8896484681172326
95,8,0.15,0.5758696609465279
95,8,0.20,0.9401178649614832
95,8,0.25,0.9149768599789332
95,8,0.30,0.9679402383027612
95,8,0.35,0.9582927983276767
95,8,0.40,0.7914919618552178
95,8,0.45,0.9514584991370769
95,8,0.50,0.9327425197530583
95,8,0.55,0.9787340855811995
95,8,0.60,0.9387301333525843
95,8,0.65,0.9551627994273184
95,8,0.70,0.9409862904187293
95,8,0.75,0.9854028070723511
95,8,0.80,0.9873571590747295
95,8,0.85,0.9008502690402276
95,8,0.90,0.9706491815172469
95,8,0.95,0.9147463846744694
95,9,0.05,-0.025381725051839554
95,9,0.10,0.9815060835779202
95,9,0.15,0.857437900364106
95,9,0.20,0.872305308167714
95,9,0.25,0.9598045070951885
95,9,0.30,0.9603018050464278
95,9,0.35,0.9747903504574731
95,9,0.40,0.9599826806879485
95,9,0.45,0.9402123978306819
95,9,0.50,0.9560928437927187
95,9,0.55,0.9776014307066747
95,9,0.60,0.9347649899125454
95,9,0.65,0.9614597323744789
95,9,0.70,0.9636546872421693
95,9,0.75,0.9636541221145284
95,9,0.80,0.9441062577611747
95,9,0.85,0.9680772508952541
95,9,0.90,0.9909894731901254
95,9,0.95,0.9798267129986001
96,0,0.05,0.6856402622299389
96,0,0.10,0.33134183311467247
96,0,0.15,0.9207980659528473
96,0,0.20,0.9585237318535824
96,0,0.25,0.739893415023715
96,0,0.30,0.9427021001865217
96,0,0.35,0.920287646639575
96,0,0.40,0.9629978783564338
96,0,0.45,0.966171037357205
96,0,0.50,0.9203886441413369
96,0,0.55,0.9537347886326263
96,0,0.60,0.915483833272535
96,0,0.65,0.9789884758842083
96,0,0.70,0.9658495888550019
96,0,0.75,0.9510319216864791
96,0,0.80,0.9476900695091371
96,0,0.85,0.9626535570528849
96,0,0.90,0.9795524461609219
96,0,0.95,0.985596458806588
96,1,0.05,0.6856402622299389
96,1,0.10,0.5663756472214876
96,1,0.15,0.4785524958134708
96,1,0.20,0.6782010819239215
96,1,0.25,0.9416256215753157
96,1,0.30,0.8910754641546447
96,1,0.35,0.9638448786258785
96,1,0.40,0.9881703168624977
96,1,0.45,0.9500008641175998
96,1,0.50,0.9041674322328089
96,1,0.55,0.9143106301357468
96,1,0.60,0.8770595898976646
96,1,0.65,0.9677666675418787
96,1,0.70,0.9650383692412917
96,1,0.75,0.96056977344013
96,1,0.80,0.9544204572543106
96,1,0.85,0.9512992818697077
96,1,0.90,0.9410505521995579
96,1,0.95,0.9519775727132396
96,2,0.05,-1.4836762025673607
96,2,0.10,0.9147270427378998
96,2,0.15,0.9420669228347376
96,2,0.20,0.9620494163877618
96,2,0.25,0.9786617553857625
96,2,0.30,0.963044589955063
96,2,0.35,0.9548470700881789
96,2,0.40,0.880240788996986
96,2,0.45,0.9662635839442802
96,2,0.50,0.9497737813990064
96,2,0.55,0.9796331255953585
96,2,0.60,0.7674716649100691
96,2,0.65,0.9800243561331033
96,2,0.70,0.9863126342062718
96,2,0.75,0.9622203604966553
96,2,0.80,0.9909089755936348
96,2,0.85,0.9738696588835968
96,2,0.90,0.9033871075327714
96,2,0.95,0.9625268603821752
96,3,0.05,0.181626041590633
96,3,0.10,-6655.049464594715
96,3,0.15,0.681635744646574
96,3,0.20,0.7226128759579171
96,3,0.25,0.7614546426256167
96,3,0.30,0.9483470680618749
96,3,0.35,0.922433231344009
96,3,0.40,0.9069351953465862
96,3,0.45,0.8996807282657373
96,3,0.50,0.9893063111922494
96,3,0.55,0.9539553668076062
96,3,0.60,0.969043400128892
96,3,0.65,0.9456016710929035
96,3,0.70,0.9513566004437933
96,3,0.75,0.9111229925887534
96,3,0.80,0.8589492694956022
96,3,0.85,0.960623235862163
96,3,0.90,0.9623412631037518
96,3,0.95,0.9525949922386526
96,4,0.05,0.181626041590633
96,4,0.10,0.9542619473666997
96,4,0.15,0.8679305382725884
96,4,0.20,0.9514240125773111
96,4,0.25,0.6746881448385514
96,4,0.30,0.8438062550846771
96,4,0.35,0.9733020642077493
96,4,0.40,0.9578998570812836
96,4,0.45,0.9799416962553157
96,4,0.50,0.9487446142349513
96,4,0.55,0.8375824053644709
96,4,0.60,0.9560357852278958
96,4,0.65,0.9877034225958169
96,4,0.70,0.9812290063991229
96,4,0.75,0.9769949809308962
96,4,0.80,0.9908108911025952
96,4,0.85,0.9701451057490489
96,4,0.90,0.9851518371423494
96,4,0.95,0.957554150001999
96,5,0.05,0.6856402622299389
96,5,0.10,0.9507088616258085
96,5,0.15,0.4996459442561598
96,5,0.20,0.9389968738517546
96,5,0.25,0.8667570902330424
96,5,0.30,0.8746425028531618
96,5,0.35,0.9360254563633473
96,5,0.40,0.9664869847751358
96,5,0.45,0.9905158835310233
96,5,0.50,0.9372621509967773
96,5,0.55,0.9483952836084171
96,5,0.60,0.9737277939641414
96,5,0.65,0.9095690017620823
96,5,0.70,0.9568268681646157
96,5,0.75,0.9493944743028534
96,5,0.80,0.9690820289303608
96,5,0.85,0.9590794732663328
96,5,0.90,0.9599546855545577
96,5,0.95,0.9713785276203379
96,6,0.05,-1.1549394313792831
96,6,0.10,0.75042249352177
96,6,0.15,0.8109620848299284
96,6,0.20,0.9557050646849887
96,6,0.25,0.9244634173540569
96,6,0.30,0.9313217077181961
96,6,0.35,0.9792738737726694
96,6,0.40,0.9736974940187656
96,6,0.45,0.9374766232196291
96,6,0.50,0.9479200665653337
96,6,0.55,0.9778586031085673
96,6,0.60,0.9540594602468832
96,6,0.65,0.943077204824034
96,6,0.70,0.9614061751115395
96,6,0.75,0.9610692259736753
96,6,0.80,0.9778558734739975
96,6,0.85,0.9674632682169184
96,6,0.90,0.9848410636372463
96,6,0.95,0.9773692172987234
96,7,0.05,0.6382788325284148
96,7,0.10,0.7129211932855761
96,7,0.15,0.6161766548587826
96,7,0.20,0.979268221745623
96,7,0.25,0.9476739725047988
96,7,0.30,0.9881585101536476
96,7,0.35,0.953305237979834
96,7,0.40,0.9383493110032287
96,7,0.45,0.948995975798088
96,7,0.50,0.9514115534768954
96,7,0.55,0.956025537886683
96,7,0.60,0.9329458485780364
96,7,0.65,0.9811439220109961
96,7,0.70,0.7639000170017634
96,7,0.75,0.8339254154486109
96,7,0.80,0.9568951301508553
96,7,0.85,0.896437637362748
96,7,0.90,0.9788704730754633
96,7,0.95,0.9769429644743611
96,8,0.05,-112.88725129837478
96,8,0.10,0.5970578634779571
96,8,0.15,0.9693273220742963
96,8,0.20,0.9718638582297371
96,8,0.25,0.9505077111298488
96,8,0.30,0.9799393619405303
96,8,0.35,0.9577808196110841
96,8,0.40,0.9534530433938937
96,8,0.45,0.9664625396863894
96,8,0.50,0.9717592748716727
96,8,0.55,0.9767199377486749
96,8,0.60,0.9479500828125443
96,8,0.65,0.9304621196989579
96,8,0.70,0.9377503828297911
96,8,0.75,0.9595049630840327
96,8,0.80,0.9681140528428043
96,8,0.85,0.9351283857564194
96,8,0.90,0.9802144576820471
96,8,0.95,0.9656260144022423
96,9,0.05,-7.5494117988091585
96,9,0.10,0.5072596071068542
96,9,0.15,0.9850341175234149
96,9,0.20,0.9520883244091078
96,9,0.25,0.889451790640027
96,9,0.30,0.9531411490795599
96,9,0.35,0.9725788195665884
96,9,0.40,0.9812274966822494
96,9,0.45,0.9218081858701193
96,9,0.50,0.9739272907791454
96,9,0.55,0.9922740778067063
96,9,0.60,0.9671000905259586
96,9,0.65,0.9829442605705275
96,9,0.70,0.9666869616237312
96,9,0.75,0.9631593480083108
96,9,0.80,0.9473295619537581
96,9,0.85,0.9515792325311512
96,9,0.90,0.9642340970063188
96,9,0.95,0.9761274581624001
97,0,0.05,0.6247514831558625
97,0,0.10,0.9568369608772773
97,0,0.15,0.9488290759691486
97,0,0.20,0.9332818443224739
97,0,0.25,0.9712398169018237
97,0,0.30,0.978628089708955
97,0,0.35,0.9402715509033988
97,0,0.40,0.9478911242600259
97,0,0.45,0.8965595429161471
97,0,0.50,0.9755062758494109
97,0,0.55,0.9055398021168604
97,0,0.60,0.9521921178230432
97,0,0.65,0.9758746807131135
97,0,0.70,0.9597518784138729
97,0,0.75,0.9688470408163272
97,0,0.80,0.9774565864593252
97,0,0.85,0.9851504917094613
97,0,0.90,0.9221567920952518
97,0,0.95,0.9841120665339788
97,1,0.05,0.6247514831558625
97,1,0.10,0.9918619151008252
97,1,0.15,0.9469348957672549
97,1,0.20,0.9544199479000828
97,1,0.25,0.9619984574529286
97,1,0.30,0.9466030544521217
97,1,0.35,0.9110059139831368
97,1,0.40,0.9610678112397778
97,1,0.45,0.9695558604814735
97,1,0.50,0.9489140148511764
97,1,0.55,0.9698573599955527
97,1,0.60,0.9308878631036916
97,1,0.65,0.9430400947400619
97,1,0.70,0.8828627572911824
97,1,0.75,0.9326354705817781
97,1,0.80,0.9711985886268117
97,1,0.85,0.8837429798304056
97,1,0.90,0.9497759282751084
97,1,0.95,0.9562883071067642
97,2,0.05,-0.6290278036751384
97,2,0.10,0.9854666021315224
97,2,0.15,0.9135081550945676
97,2,0.20,0.9587579024406501
97,2,0.25,0.9818740158684109
97,2,0.30,0.9311401128458436
97,2,0.35,0.8774105304976001
97,2,0.40,0.9255085793666733
97,2,0.45,0.9421167123118355
97,2,0.50,0.9514537470759921
97,2,0.55,0.8503762148044025
97,2,0.60,0.8682866689061642
97,2,0.65,0.9569759121349141
97,2,0.70,0.9802607862969277
97,2,0.75,0.9727230915431381
97,2,0.80,0.9561887932491862
97,2,0.85,0.9266038534511982
97,2,0.90,0.9565164495910329
97,2,0.95,0.9769478647735192
97,3,0.05,-3.2230206360120004
97,3,0.10,-6.0018874141119465
97,3,0.15,0.9212414599894153
97,3,0.20,0.9583923897255318
97,3,0.25,0.9722816131596231
97,3,0.30,0.9822825058969895
97,3,0.35,0.9163266224318738
97,3,0.40,0.95168789026062
97,3,0.45,0.95116052786774
97,3,0.50,0.9742197960794028
97,3,0.55,0.9886575268661635
97,3,0.60,0.9604747756250063
97,3,0.65,0.9612694188573648
97,3,0.70,0.9676071467478071
97,3,0.75,0.8643339049302297
97,3,0.80,0.9206072552608613
97,3,0.85,0.914502545098411
97,3,0.90,0.9746008519176808
97,3,0.95,0.9883597655669167
97,4,0.05,-3.2230206360120004
97,4,0.10,0.9885315500101575
97,4,0.15,0.9851774544974311
97,4,0.20,0.9419081523704662
97,4,0.25,0.9729929965232486
97,4,0.30,0.902105515444388
97,4,0.35,0.9609226823541874
97,4,0.40,0.9784459468580223
97,4,0.45,0.968113951007645
97,4,0.50,0.9731077537314304
97,4,0.55,0.915000999298503
97,4,0.60,0.9531987981651533
97,4,0.65,0.9495224140244215
97,4,0.70,0.9361621434377642
97,4,0.75,0.9122282964628833
97,4,0.80,0.9415030308476169
97,4,0.85,0.9583543394902245
97,4,0.90,0.9700961993215736
97,4,0.95,0.975737284341996
97,5,0.05,0.6247514831558625
97,5,0.10,0.8829630416427867
97,5,0.15,0.9331839878518975
97,5,0.20,0.9163984391739807
97,5,0.25,0.9805694381993998
97,5,0.30,0.9880629080673634
97,5,0.35,0.948190731123271
97,5,0.40,0.9657847251093521
97,5,0.45,0.9711377084977655
97,5,0.50,0.741167637194724
97,5,0.55,0.8307562384444889
97,5,0.60,0.9801677644900456
97,5,0.65,0.9317933904167588
97,5,0.70,0.9787856760326312
97,5,0.75,0.940914900096766
97,5,0.80,0.934195999596912
97,5,0.85,0.9614077537126584
97,5,0.90,0.9846910155727691
97,5,0.95,0.9871909328074356
97,6,0.05,-6.593079062449401
97,6,0.10,0.9782969370631057
97,6,0.15,0.984151469455746
97,6,0.20,0.9933437153983998
97,6,0.25,0.989086856355409
97,6,0.30,0.9578793601190481
97,6,0.35,0.9842490414263491
97,6,0.40,0.9607433287850432
97,6,0.45,0.9147586436983793
97,6,0.50,0.9364811305815347
97,6,0.55,0.9682733084177735
97,6,0.60,0.9581124688344067
97,6,0.65,0.9221472757344864
97,6,0.70,0.9821895358835157
97,6,0.75,0.8891437852255001
97,6,0.80,0.9757924398480144
97,6,0.85,0.9734768111839986
97,6,0.90,0.986505526421644
97,6,0.95,0.9924413068167729
97,7,0.05,0.21541307102620755
97,7,0.10,0.9992428898131221
97,7,0.15,0.9311045109252432
97,7,0.20,0.9435193288202368
97,7,0.25,0.9413242287868598
97,7,0.30,0.9577879121233739
97,7,0.35,0.9478713877011353
97,7,0.40,0.984692632559281
97,7,0.45,0.9595733145326417
97,7,0.50,0.9453686750984169
97,7,0.55,0.9537301572719705
97,7,0.60,0.9847148793192301
97,7,0.65,0.9633659476826612
97,7,0.70,0.9176821893239099
97,7,0.75,0.9200619804410121
97,7,0.80,0.9530013105795065
97,7,0.85,0.9208330216642945
97,7,0.90,0.9596842169670843
97,7,0.95,0.9542173459814788
97,8,0.05,-128.8184201521222
97,8,0.10,0.9081676592664831
97,8,0.15,0.9898544002351112
97,8,0.20,0.9752536230231805
97,8,0.25,0.9545154388369734
97,8,0.30,0.9732267915238342
97,8,0.35,0.932393405693492
97,8,0.40,0.9076992971679276
97,8,0.45,0.96054572306176
97,8,0.50,0.9571452289327361
97,8,0.55,0.9564166166028755
97,8,0.60,0.9415926334913753
97,8,0.65,0.9375374147642808
97,8,0.70,0.9545060129259664
97,8,0.75,0.9718253306096835
97,8,0.80,0.9787883893239849
97,8,0.85,0.9680292933654838
97,8,0.90,0.9334451240796051
97,8,0.95,0.958521688126928
97,9,0.05,-0.4366061884043473
97,9,0.10,0.8241982347599979
97,9,0.15,0.8844032688145941
97,9,0.20,0.9517720613937595
97,9,0.25,0.9584256504577465
97,9,0.30,0.9737563792723539
97,9,0.35,0.9662291924245726
97,9,0.40,0.9829973290722044
97,9,0.45,0.967653912652389
97,9,0.50,0.9776809642893156
97,9,0.55,0.9728678438577864
97,9,0.60,0.9804836379735048
97,9,0.65,0.984017022302701
97,9,0.70,0.9850007017029456
97,9,0.75,0.9573419653309176
97,9,0.80,0.9538436346080097
97,9,0.85,0.9722004796629429
97,9,0.90,0.9854551073579123
97,9,0.95,0.9571774241862939
98,0,0.05,0.5216297159802634
98,0,0.10,0.9609376463585865
98,0,0.15,0.9344673986871719
98,0,0.20,0.938893095002181
98,0,0.25,0.9393761611789152
98,0,0.30,0.9482614998951636
98,0,0.35,0.9818791801900612
98,0,0.40,0.9458282166972314
98,0,0.45,0.8918910135836304
98,0,0.50,0.956899849397153
98,0,0.55,0.8076697002436659
98,0,0.60,0.9213718133001604
98,0,0.65,0.9737986791957478
98,0,0.70,0.9803583600356613
98,0,0.75,0.9526163633731244
98,0,0.80,0.9495699810586312
98,0,0.85,0.9707638890191485
98,0,0.90,0.9825071159613156
98,0,0.95,0.956944884361169
98,1,0.05,0.5216297159802634
98,1,0.10,0.9942464524531041
98,1,0.15,-0.5915159383963433
98,1,0.20,0.9701272493708424
98,1,0.25,0.9730862189116257
98,1,0.30,0.9621418355759586
98,1,0.35,0.964602672729743
98,1,0.40,0.9658697452576082
98,1,0.45,0.920788833305703
98,1,0.50,0.9333300417441369
98,1,0.55,0.9613301066250646
98,1,0.60,0.9291064652864033
98,1,0.65,0.901973318894785
98,1,0.70,0.9236570502213328
98,1,0.75,0.9369230832142076
98,1,0.80,0.949696061613504
98,1,0.85,0.9826090052327645
98,1,0.90,0.9562777347071333
98,1,0.95,0.9706834397579439
98,2,0.05,-0.39650197750713256
98,2,0.10,0.8637540745961833
98,2,0.15,-0.9711614740804522
98,2,0.20,0.9539588822137629
98,2,0.25,0.9008675943892184
98,2,0.30,0.8739682094930501
98,2,0.35,0.9309212415733028
98,2,0.40,0.966515225610738
98,2,0.45,0.9274975354874077
98,2,0.50,0.9524967041646635
98,2,0.55,0.9775611931685354
98,2,0.60,0.952870606073199
98,2,0.65,0.9607401479881504
98,2,0.70,0.9821974602411093
98,2,0.75,0.9732207940134215
98,2,0.80,0.9861981412802954
98,2,0.85,0.9662619306151894
98,2,0.90,0.9551050711893736
98,2,0.95,0.9787456333904195
98,3,0.05,0.27623944612154927
98,3,0.10,-6.2899404016644045
98,3,0.15,0.847671985605706
98,3,0.20,0.9076500671042005
98,3,0.25,0.9682486085995516
98,3,0.30,0.9047287785531248
98,3,0.35,0.8942277618779993
98,3,0.40,0.9090406758914226
98,3,0.45,0.9446978092816222
98,3,0.50,0.9617341532412176
98,3,0.55,0.9821802896581249
98,3,0.60,0.9218817728682052
98,3,0.65,0.7777410614714594
98,3,0.70,0.9353549837732906
98,3,0.75,0.9721389479062681
98,3,0.80,0.9655842624095856
98,3,0.85,0.9764740421262424
98,3,0.90,0.9837164708082375
98,3,0.95,0.9879119813665147
98,4,0.05,0.27623944612154927
98,4,0.10,0.878137425894129
98,4,0.15,0.6794675836570332
98,4,0.20,0.8561697676858512
98,4,0.25,0.9638768389336784
98,4,0.30,0.9751486111267917
98,4,0.35,0.9876346171725657
98,4,0.40,0.9790917443681744
98,4,0.45,0.9845503569427633
98,4,0.50,0.9631704071340932
98,4,0.55,0.9629855131821533
98,4,0.60,0.9419924972503666
98,4,0.65,0.9592956997279799
98,4,0.70,0.8822248294295567
98,4,0.75,0.9838440430615087
98,4,0.80,0.9729724862097805
98,4,0.85,0.9727762465786487
98,4,0.90,0.9740805247492789
98,4,0.95,0.969319458911879
98,5,0.05,0.5216297159802634
98,5,0.10,0.902674693463959
98,5,0.15,0.6060853843889095
98,5,0.20,0.9342787569692385
98,5,0.25,0.9391856834964291
98,5,0.30,0.8399811872659725
98,5,0.35,0.9122104128797363
98,5,0.40,0.9470994378133927
98,5,0.45,0.93563507737298
98,5,0.50,0.7877927365318074
98,5,0.55,0.9230654301132151
98,5,0.60,0.9368080501733359
98,5,0.65,0.9147322655643286
98,5,0.70,0.9738430498461708
98,5,0.75,0.9576097752764807
98,5,0.80,0.9489852120400557
98,5,0.85,0.9763083451957937
98,5,0.90,0.9794503033468515
98,5,0.95,0.9592982126768771
98,6,0.05,-4.729284147872906
98,6,0.10,0.6012760147195078
98,6,0.15,0.9826161235885466
98,6,0.20,0.7137535142710032
98,6,0.25,0.8334168768923029
98,6,0.30,0.8641291657121717
98,6,0.35,0.9587955251808313
98,6,0.40,0.9691271008432846
98,6,0.45,0.9451129092273294
98,6,0.50,0.9563278029287082
98,6,0.55,0.9712629960077483
98,6,0.60,0.9587172835715008
98,6,0.65,0.9479377169308811
98,6,0.70,0.9620558999982427
98,6,0.75,0.9761937236221495
98,6,0.80,0.9754299163773235
98,6,0.85,0.9459014924825078
98,6,0.90,0.9766619331706321
98,6,0.95,0.9806427541876307
98,7,0.05,-0.052616557768452976
98,7,0.10,0.755262508026324
98,7,0.15,0.9495135783322811
98,7,0.20,0.9633517995151593
98,7,0.25,0.22312048067444434
98,7,0.30,0.9009026630285294
98,7,0.35,0.989160573911828
98,7,0.40,0.9627551735995862
98,7,0.45,0.9506762688269109
98,7,0.50,0.9713509471295073
98,7,0.55,0.9181393858624091
98,7,0.60,0.9480712046884884
98,7,0.65,0.9868528747938475
98,7,0.70,0.9601412333926513
98,7,0.75,0.962403907517831
98,7,0.80,0.9617303250569076
98,7,0.85,0.9285563778193818
98,7,0.90,0.9887218501510843
98,7,0.95,0.9757604528664996
98,8,0.05,-13.57549524747721
98,8,0.10,0.9302421721872839
98,8,0.15,0.9086291079985441
98,8,0.20,0.9694514100759883
98,8,0.25,0.9168724927517532
98,8,0.30,0.8714726794882924
98,8,0.35,0.9336041360401118
98,8,0.40,0.9691721989168196
98,8,0.45,0.9379039655397342
98,8,0.50,0.9344439670112274
98,8,0.55,0.9881187215811398
98,8,0.60,0.9263438469462449
98,8,0.65,0.9642293637652692
98,8,0.70,0.9031387160230107
98,8,0.75,0.9871850552449334
98,8,0.80,0.9820936203326228
98,8,0.85,0.9434926796316458
98,8,0.90,0.98176635820255
98,8,0.95,0.9719375190964327
98,9,0.05,-0.18337886928363867
98,9,0.10,0.8598879101786183
98,9,0.15,0.8375538574531691
98,9,0.20,0.9668828277774167
98,9,0.25,0.5380222040084351
98,9,0.30,0.9007228286282468
98,9,0.35,0.8091203634578982
98,9,0.40,0.9522850736963117
98,9,0.45,0.9533534031253394
98,9,0.50,0.9319730066978422
98,9,0.55,0.9889487807320165
98,9,0.60,0.9633058256551885
98,9,0.65,0.9846740170315991
98,9,0.70,0.9433339556098678
98,9,0.75,0.9780322839830269
98,9,0.80,0.9762337556234474
98,9,0.85,0.9857043203633623
98,9,0.90,0.9898357497539757
98,9,0.95,0.9908835964508158
99,0,0.05,0.7206595797428488
99,0,0.10,0.961889065949018
99,0,0.15,0.9251631435560093
99,0,0.20,0.9539299708363098
99,0,0.25,0.9731992750180487
99,0,0.30,0.9467979628853496
99,0,0.35,0.9592714530073595
99,0,0.40,0.9728076915043944
99,0,0.45,0.9438874384530866
99,0,0.50,0.9331671893568981
99,0,0.55,0.8807074326632116
99,0,0.60,0.9102180048796307
99,0,0.65,0.9190063974777049
99,0,0.70,0.9470662481334815
99,0,0.75,0.934537668131826
99,0,0.80,0.9452373413157731
99,0,0.85,0.877948443992222
99,0,0.90,0.9641972117192076
99,0,0.95,0.9659339532752169
99,1,0.05,0.7206595797428488
99,1,0.10,0.9712248831248271
99,1,0.15,0.9640398321776502
99,1,0.20,0.9529343175452126
99,1,0.25,0.904990434972913
99,1,0.30,0.9469246705157658
99,1,0.35,0.8750530066799411
99,1,0.40,0.9242305343504577
99,1,0.45,0.9367070666249246
99,1,0.50,0.9538819324090053
99,1,0.55,0.9600454248521538
99,1,0.60,0.9556459623583933
99,1,0.65,0.9473294062528331
99,1,0.70,0.9746201451561044
99,1,0.75,0.9617409797760489
99,1,0.80,0.9435760051060125
99,1,0.85,0.9637063813701252
99,1,0.90,0.984815577680699
99,1,0.95,0.97057280285298
99,2,0.05,-0.3219403826081879
99,2,0.10,0.9681550446947532
99,2,0.15,0.8626913061488004
99,2,0.20,0.8182273594628922
99,2,0.25,0.9831706741275715
99,2,0.30,0.955120011329126
99,2,0.35,0.8898184147038025
99,2,0.40,0.9077176444838183
99,2,0.45,0.9683255187231629
99,2,0.50,0.9307776131681792
99,2,0.55,0.9585672059194988
99,2,0.60,0.9756759354059867
99,2,0.65,0.9390602302307212
99,2,0.70,0.9460681373960592
99,2,0.75,0.953815974709924
99,2,0.80,0.9283284857931724
99,2,0.85,0.9218856035715975
99,2,0.90,0.9763789108029851
99,2,0.95,0.9824953944201367
99,3,0.05,0.18782792917093394
99,3,0.10,-3.6084208840195107
99,3,0.15,0.932672714866158
99,3,0.20,0.9144628951700196
99,3,0.25,0.948223583160449
99,3,0.30,0.9800435660379401
99,3,0.35,0.8740845432049663
99,3,0.40,0.9314062999438053
99,3,0.45,0.9031724818532041
99,3,0.50,0.7747173777332996
99,3,0.55,0.9682886772129058
99,3,0.60,0.9570340899231823
99,3,0.65,0.9448376377858937
99,3,0.70,0.9714373225384582
99,3,0.75,0.8775910765987665
99,3,0.80,0.9198452839659539
99,3,0.85,0.9674653980194063
99,3,0.90,0.988547553749374
99,3,0.95,0.9824852640902739
99,4,0.05,0.18782792917093394
99,4,0.10,0.9360638523443007
99,4,0.15,0.9396358290749689
99,4,0.20,0.8925481310474612
99,4,0.25,0.8667051538087471
99,4,0.30,0.9667957226460643
99,4,0.35,0.9679110410227098
99,4,0.40,0.9271881618876145
99,4,0.45,0.9412760340909928
99,4,0.50,0.8870551652196929
99,4,0.55,0.7961983976469277
99,4,0.60,0.9133488319666591
99,4,0.65,0.9773740168236167
99,4,0.70,0.8345140498547724
99,4,0.75,0.9625170576792237
99,4,0.80,0.9436414459521324
99,4,0.85,0.9778040366957683
99,4,0.90,0.9603263357020608
99,4,0.95,0.9791686564616323
99,5,0.05,0.7206595797428488
99,5,0.10,0.8965565864821818
99,5,0.15,0.957656783902318
99,5,0.20,0.9393354004852724
99,5,0.25,0.9481544576532858
99,5,0.30,0.9227295298724411
99,5,0.35,0.9433993800657692
99,5,0.40,0.9115511510718568
99,5,0.45,0.9448246602062865
99,5,0.50,0.9809965982976416
99,5,0.55,0.9611741087772572
99,5,0.60,0.9613068499622881
99,5,0.65,0.9775000026625333
99,5,0.70,0.9694560014755311
99,5,0.75,0.9365078665097946
99,5,0.80,0.9823277627604706
99,5,0.85,0.9503921774884524
99,5,0.90,0.9725499622601596
99,5,0.95,0.9672342701227971
99,6,0.05,-6.291924107973662
99,6,0.10,0.32598447063405345
99,6,0.15,0.988975311203003
99,6,0.20,0.8205418276629612
99,6,0.25,0.9245164299413791
99,6,0.30,0.9675620928447118
99,6,0.35,0.7970586612174119
99,6,0.40,0.9460556475402809
99,6,0.45,0.9622995765157719
99,6,0.50,0.9020586645339778
99,6,0.55,0.9398087151537867
99,6,0.60,0.964605097375174
99,6,0.65,0.9732724829934906
99,6,0.70,0.9804040929181889
99,6,0.75,0.9370109861529101
99,6,0.80,0.9683873447921072
99,6,0.85,0.9677283522873632
99,6,0.90,0.9889101843707151
99,6,0.95,0.9887660381630797
99,7,0.05,0.4578663462078255
99,7,0.10,0.9355169618729358
99,7,0.15,0.9366157119095936
99,7,0.20,0.9192901007734386
99,7,0.25,0.9300388248115362
99,7,0.30,0.937954827775677
99,7,0.35,0.987598776620545
99,7,0.40,0.915684681812861
99,7,0.45,0.8139360627124959
99,7,0.50,0.9355835388840339
99,7,0.55,0.9527538687970994
99,7,0.60,0.9397980526861316
99,7,0.65,0.9840146434853835
99,7,0.70,0.940746999686414
99,7,0.75,0.8906052085480497
99,7,0.80,0.9525014905584037
99,7,0.85,0.8753182515342793
99,7,0.90,0.9597151470310665
99,7,0.95,0.9728868746266487
99,8,0.05,-14.53069310422313
99,8,0.10,0.9568209035999617
99,8,0.15,0.9473082307918854
99,8,0.20,0.9871072114837884
99,8,0.25,0.7753642485348029
99,8,0.30,0.9480954523039185
99,8,0.35,0.983069004506497
99,8,0.40,0.966003721084417
99,8,0.45,0.9235346032923504
99,8,0.50,0.962857805467799
99,8,0.55,0.9737396730836467
99,8,0.60,0.9538972925769053
99,8,0.65,0.9643324262654503
99,8,0.70,0.9640669039707983
99,8,0.75,0.9375072478708611
99,8,0.80,0.9562336414996375
99,8,0.85,0.9360829546026964
99,8,0.90,0.9577984049620047
99,8,0.95,0.9607754675422848
99,9,0.05,-0.0454634023311733
99,9,0.10,0.9506298821310538
99,9,0.15,0.9750539250251246
99,9,0.20,0.9727556519808198
99,9,0.25,0.9082594169113003
99,9,0.30,0.9442081511628739
99,9,0.35,0.8955708764446861
99,9,0.40,0.9545940346398218
99,9,0.45,0.9430975185188141
99,9,0.50,0.9416554387682952
99,9,0.55,0.956650266938526
99,9,0.60,0.9334738031271266
99,9,0.65,0.9777794996166425
99,9,0.70,0.9733257994797406
99,9,0.75,0.9723411116832487
99,9,0.80,0.9776602484382432
99,9,0.85,0.9806848238714185
99,9,0.90,0.9689390036008129
99,9,0.95,0.9899115107176996
